t2m,tcc,lcc,mcc,hcc,valid_time,ptype,tp,sf,cp,lsp
251.56671,0.9747121,0.0010573287,0.11102015,0.96922994,2014-01-01 00:00:00,0.0,0.0,0.0,0.0,0.0
251.10812,0.39448488,0.0,0.0,0.39448488,2014-01-01 01:00:00,0.0,0.0,0.0,0.0,0.0
250.3037,0.0,0.0,0.0,0.0,2014-01-01 02:00:00,0.0,0.0,0.0,0.0,0.0
249.30789,0.7522263,0.0,0.212969,0.7307953,2014-01-01 03:00:00,0.0,0.0,0.0,0.0,0.0
249.22859,0.9978792,0.0,0.7385759,0.9944509,2014-01-01 04:00:00,5.0,0.0,0.0,0.0,0.0
249.89293,0.99604,0.0,0.9717807,0.93662417,2014-01-01 05:00:00,5.0,3.0135625e-06,3.3285723e-06,0.0,3.0135625e-06
250.51135,0.9978961,0.0,0.99130046,0.9860471,2014-01-01 06:00:00,5.0,1.1177481e-05,1.0852696e-05,0.0,1.1177481e-05
250.86574,0.9810683,0.0,0.9805366,0.77979386,2014-01-01 07:00:00,5.0,5.4176244e-06,5.269895e-06,0.0,5.4176244e-06
251.21696,1.0,0.0,1.0,0.4212153,2014-01-01 08:00:00,5.0,2.5883812e-05,2.5817004e-05,0.0,2.5883812e-05
251.14917,0.9970973,0.0,0.9641862,0.87999046,2014-01-01 09:00:00,5.0,4.0111365e-05,4.0130442e-05,0.0,4.0015875e-05
251.55511,0.9989426,0.0,0.9289455,0.9872876,2014-01-01 10:00:00,5.0,2.7292495e-05,2.7139802e-05,0.0,2.7197006e-05
251.46162,1.0,0.0,0.9192339,1.0,2014-01-01 11:00:00,5.0,4.1575777e-06,4.2721413e-06,0.0,4.1575777e-06
251.79164,0.8566909,0.0,0.7567008,0.56625587,2014-01-01 12:00:00,5.0,4.7683716e-07,5.6752646e-07,0.0,4.7683716e-07
252.13196,0.6712577,0.00053172023,0.6191934,0.15719634,2014-01-01 13:00:00,5.0,8.3959446e-07,7.940883e-07,0.0,8.3959446e-07
252.16045,0.8907144,0.0010573287,0.7580572,0.52892447,2014-01-01 14:00:00,5.0,7.6332435e-07,8.155579e-07,0.0,7.8190845e-07
252.76727,0.80419624,0.0,0.75891566,0.1778844,2014-01-01 15:00:00,5.0,5.7233285e-07,5.293914e-07,0.0,5.7233285e-07
253.31036,0.58701706,0.0010573287,0.4867999,0.12155926,2014-01-01 16:00:00,5.0,9.549569e-08,2.8616643e-07,0.0,9.549569e-08
253.9862,0.9115062,0.00053172023,0.63396496,0.5619675,2014-01-01 17:00:00,5.0,7.440987e-07,8.250126e-07,0.0,7.440987e-07
254.74634,0.9020642,0.00053172023,0.7955075,0.26766855,2014-01-01 18:00:00,5.0,1.983618e-06,1.8429382e-06,0.0,1.983618e-06
255.53575,0.8627044,0.0,0.84522486,0.038118068,2014-01-01 19:00:00,5.0,6.4860296e-07,8.606631e-07,0.0,8.5817857e-07
256.16675,0.90202135,0.0,0.90202135,0.0021207693,2014-01-01 20:00:00,5.0,9.536743e-07,9.012804e-07,0.0,9.536743e-07
256.43994,0.94327277,0.0,0.94327277,0.0,2014-01-01 21:00:00,5.0,2.765527e-06,2.6584157e-06,0.0,2.765527e-06
256.32007,0.9406813,0.00053172023,0.9406813,0.0,2014-01-01 22:00:00,5.0,4.4633e-06,4.5345996e-06,0.0,4.4633e-06
256.35864,0.95120937,0.00053172023,0.95120937,0.0,2014-01-01 23:00:00,5.0,4.595964e-06,4.572573e-06,0.0,4.4818835e-06
256.136,0.9346063,0.0,0.9346063,0.0,2014-01-02 00:00:00,5.0,3.4141294e-06,3.3258439e-06,0.0,3.4141294e-06
255.85034,0.93948835,0.0,0.93948835,0.0,2014-01-02 01:00:00,5.0,3.6051215e-06,3.4810246e-06,0.0,3.6051215e-06
255.93835,0.7929056,0.0,0.7929056,0.0,2014-01-02 02:00:00,5.0,3.8146973e-06,3.969798e-06,0.0,3.8146973e-06
255.7903,0.85700446,0.0,0.85700446,0.0,2014-01-02 03:00:00,5.0,4.0819587e-06,4.039017e-06,0.0,4.0819587e-06
255.74423,0.9263656,0.0,0.9263656,0.0,2014-01-02 04:00:00,5.0,3.6243473e-06,3.6100064e-06,0.0,3.6243473e-06
255.55153,0.95079726,0.0,0.95079726,0.0,2014-01-02 05:00:00,5.0,3.2430053e-06,3.466922e-06,0.0,3.2430053e-06
255.31065,0.96526265,0.0,0.96526265,0.0,2014-01-02 06:00:00,5.0,4.0826e-06,4.001041e-06,0.0,4.0826e-06
254.98251,0.85010374,0.0,0.85010374,0.0,2014-01-02 07:00:00,5.0,1.3164308e-06,1.3448698e-06,0.0,1.1446655e-06
254.01341,0.72109896,0.0,0.72109896,0.0,2014-01-02 08:00:00,5.0,6.678286e-07,6.700714e-07,0.0,6.678286e-07
253.02072,0.6345895,0.0,0.6345895,0.0,2014-01-02 09:00:00,0.0,9.549569e-08,2.0276804e-07,0.0,9.549569e-08
251.89774,0.34995502,0.0,0.34995502,0.0,2014-01-02 10:00:00,0.0,9.549569e-08,7.394476e-08,0.0,9.549569e-08
251.02612,0.2158283,0.0,0.2158283,0.0,2014-01-02 11:00:00,0.0,9.549569e-08,2.3873934e-08,0.0,0.0
250.23155,0.21156001,0.0,0.21156001,0.0,2014-01-02 12:00:00,0.0,0.0,1.1936965e-08,0.0,0.0
249.44556,0.10063422,0.0,0.10063422,0.0,2014-01-02 13:00:00,0.0,0.0,0.0,0.0,0.0
248.94159,0.13122386,0.0,0.13122386,0.0,2014-01-02 14:00:00,0.0,0.0,0.0,0.0,0.0
249.42403,0.0039600097,0.0,0.0039600097,0.0,2014-01-02 15:00:00,0.0,0.0,0.0,0.0,0.0
251.33707,0.0,0.0,0.0,0.0,2014-01-02 16:00:00,0.0,0.0,0.0,0.0,0.0
253.00598,0.0,0.0,0.0,0.0,2014-01-02 17:00:00,0.0,0.0,0.0,0.0,0.0
254.41412,0.0,0.0,0.0,0.0,2014-01-02 18:00:00,0.0,0.0,0.0,0.0,0.0
255.60846,0.0,0.0,0.0,0.0,2014-01-02 19:00:00,0.0,0.0,0.0,0.0,0.0
256.38135,0.0,0.0,0.0,0.0,2014-01-02 20:00:00,0.0,0.0,0.0,0.0,0.0
256.70898,0.0,0.0,0.0,0.0,2014-01-02 21:00:00,0.0,0.0,0.0,0.0,0.0
255.57191,0.0,0.0,0.0,0.0,2014-01-02 22:00:00,0.0,0.0,0.0,0.0,0.0
254.00607,0.0,0.0,0.0,0.0,2014-01-02 23:00:00,0.0,0.0,0.0,0.0,0.0
251.64552,0.0,0.0,0.0,0.0,2014-01-03 00:00:00,0.0,0.0,0.0,0.0,0.0
250.574,0.0,0.0,0.0,0.0,2014-01-03 01:00:00,0.0,0.0,0.0,0.0,0.0
249.98201,0.0,0.0,0.0,0.0,2014-01-03 02:00:00,0.0,0.0,0.0,0.0,0.0
249.01872,0.0,0.0,0.0,0.0,2014-01-03 03:00:00,0.0,0.0,0.0,0.0,0.0
247.46994,0.0,0.0,0.0,0.0,2014-01-03 04:00:00,0.0,0.0,0.0,0.0,0.0
246.41165,0.14294428,0.0,0.0,0.14294428,2014-01-03 05:00:00,0.0,0.0,0.0,0.0,0.0
247.23535,0.32180017,0.0,0.0,0.32180017,2014-01-03 06:00:00,0.0,0.0,0.0,0.0,0.0
247.49883,0.0,0.0,0.0,0.0,2014-01-03 07:00:00,0.0,0.0,0.0,0.0,0.0
247.64493,0.26623142,0.0,0.013839174,0.26250255,2014-01-03 08:00:00,0.0,0.0,0.0,0.0,0.0
248.25838,0.71308386,0.0,0.16809261,0.67848945,2014-01-03 09:00:00,0.0,0.0,0.0,0.0,0.0
249.92966,0.8953362,0.0,0.86043483,0.52717876,2014-01-03 10:00:00,0.0,0.0,0.0,0.0,0.0
251.67114,0.9897114,0.0,0.9668231,0.7914437,2014-01-03 11:00:00,5.0,0.0,0.0,0.0,0.0
253.60529,0.99946827,0.0,0.98347515,0.96808773,2014-01-03 12:00:00,5.0,2.6726156e-07,2.9578155e-07,0.0,2.6726156e-07
255.19875,1.0,0.0,0.97521865,0.993669,2014-01-03 13:00:00,5.0,3.0135625e-06,3.156646e-06,0.0,3.0135625e-06
256.67236,1.0,0.0,0.97947925,0.97900367,2014-01-03 14:00:00,5.0,1.0450032e-05,1.0674352e-05,6.7776676e-07,9.8200135e-06
258.48242,0.98363185,0.028907012,0.9535769,0.8568025,2014-01-03 15:00:00,5.0,1.6033591e-05,1.6057471e-05,5.2333316e-06,1.0790979e-05
259.49048,0.96688086,0.17691153,0.9377201,0.51286703,2014-01-03 16:00:00,5.0,5.4900183e-06,5.504763e-06,1.0478777e-07,5.452209e-06
260.80835,0.99946827,0.49106324,0.72295934,0.97447264,2014-01-03 17:00:00,5.0,3.793537e-06,3.6648753e-06,0.0,3.793537e-06
262.2744,0.99627113,0.7090433,0.5337618,0.97625434,2014-01-03 18:00:00,5.0,7.626828e-07,7.815075e-07,0.0,6.0950106e-07
263.4348,0.99627113,0.87638193,0.55238545,0.9639732,2014-01-03 19:00:00,5.0,2.0957555e-07,2.9081247e-07,0.0,2.0957555e-07
264.07788,0.9862307,0.681249,0.44026083,0.9293835,2014-01-03 20:00:00,5.0,2.0957555e-07,2.0733387e-07,0.0,2.0957555e-07
264.6184,0.967533,0.5660389,0.114597976,0.9194817,2014-01-03 21:00:00,5.0,2.0957555e-07,2.9313543e-07,0.0,2.0957555e-07
265.26904,1.0,0.7524433,0.67049474,1.0,2014-01-03 22:00:00,5.0,1.1632492e-06,1.1177435e-06,0.0,1.1632492e-06
265.76245,0.98578244,0.6024222,0.8950384,0.9600753,2014-01-03 23:00:00,5.0,1.8682458e-06,1.6966433e-06,0.0,1.8682458e-06
266.7798,0.99657166,0.44531173,0.988866,0.8433626,2014-01-04 00:00:00,5.0,7.0499675e-07,8.4343395e-07,0.0,7.0499675e-07
267.562,0.9989426,0.27128595,0.9587249,0.8837342,2014-01-04 01:00:00,5.0,3.813414e-07,3.4785234e-07,0.0,2.0957555e-07
268.07788,1.0,0.10658693,0.99946827,0.9910334,2014-01-04 02:00:00,5.0,0.0,1.4772922e-07,0.0,0.0
269.34253,1.0,0.09360552,0.9989426,0.99841094,2014-01-04 03:00:00,5.0,4.158879e-06,3.9895176e-06,0.0,4.158879e-06
269.85254,0.99946827,0.2532807,0.9973536,0.99287266,2014-01-04 04:00:00,5.0,8.991925e-05,8.973089e-05,0.0,8.991925e-05
270.6548,1.0,0.7548922,0.99946827,0.9989426,2014-01-04 05:00:00,5.0,0.00058863824,0.0005888408,0.0,0.00058863824
270.865,1.0,0.9108179,1.0,0.84777254,2014-01-04 06:00:00,5.0,0.0015202088,0.001518121,0.0,0.0015205715
271.27905,0.99946827,0.8219355,0.9989426,0.48195523,2014-01-04 07:00:00,5.0,0.0013239065,0.0013211917,2.5389845e-06,0.0013215011
271.85718,0.99946827,0.4817717,0.99946827,0.1312967,2014-01-04 08:00:00,5.0,0.00041236193,0.00041219965,0.0,0.00041236193
272.46313,0.9957394,0.9957394,0.8367376,0.047007713,2014-01-04 09:00:00,6.0,6.172467e-05,6.185108e-05,0.0,6.172467e-05
273.40308,0.9471059,0.93815,0.20583135,0.009842146,2014-01-04 10:00:00,6.0,3.7198988e-05,3.268903e-05,0.0,3.7198988e-05
272.70825,0.9287343,0.9154951,0.31288803,0.02008253,2014-01-04 11:00:00,5.0,2.011814e-05,1.6594102e-05,0.0,2.011814e-05
270.21045,0.9662534,0.95835024,0.5403626,0.025057852,2014-01-04 12:00:00,5.0,3.057267e-05,3.0632204e-05,0.0,3.057267e-05
267.51025,0.96211076,0.9578861,0.29703158,0.040431283,2014-01-04 13:00:00,5.0,2.342397e-05,2.3337765e-05,0.0,2.32522e-05
266.05054,0.9884817,0.98054725,0.054119237,0.25419754,2014-01-04 14:00:00,5.0,8.470262e-06,8.40361e-06,0.0,8.470262e-06
264.54443,0.99946827,0.99841094,0.34551352,0.42076927,2014-01-04 15:00:00,5.0,2.6713142e-06,3.7012587e-06,0.0,3.6249885e-06
264.19458,0.99946827,0.9989426,0.82778615,0.09399533,2014-01-04 16:00:00,5.0,1.9073486e-06,2.5988902e-06,0.0,2.0983398e-06
264.31763,0.98558235,0.98558235,0.3734895,0.0,2014-01-04 17:00:00,5.0,1.9073486e-06,1.8405326e-06,0.0,1.9073486e-06
264.42163,0.9642388,0.9637071,0.0010573287,0.0,2014-01-04 18:00:00,5.0,9.536743e-07,8.822129e-07,0.0,9.536743e-07
264.40234,0.95347476,0.94946176,0.033245668,0.0,2014-01-04 19:00:00,5.0,3.813414e-07,2.8136003e-07,0.0,3.813414e-07
264.2119,0.9539718,0.95061797,0.09751052,0.0,2014-01-04 20:00:00,5.0,3.813414e-07,2.1454463e-07,0.0,3.813414e-07
263.68237,0.8308068,0.74272573,0.24350214,0.0,2014-01-04 21:00:00,0.0,9.549569e-08,1.4308318e-07,0.0,0.0
262.6172,0.7528008,0.10074073,0.6970937,0.00053172023,2014-01-04 22:00:00,0.0,0.0,2.3873934e-08,0.0,0.0
261.38623,0.78139746,0.02163811,0.76450133,0.0015890491,2014-01-04 23:00:00,0.0,9.549569e-08,7.16218e-08,0.0,9.549569e-08
260.35962,0.83590883,0.008451741,0.8086387,0.023310125,2014-01-05 00:00:00,0.0,0.0,4.7747868e-08,0.0,0.0
259.19067,0.69278526,0.008170214,0.67398596,0.01695393,2014-01-05 01:00:00,0.0,0.0,2.3873934e-08,0.0,0.0
258.22827,0.4164726,0.00053172023,0.27537638,0.18745649,2014-01-05 02:00:00,0.0,0.0,0.0,0.0,0.0
256.8838,0.3264714,0.005273644,0.15561926,0.24367183,2014-01-05 03:00:00,0.0,0.0,0.0,0.0,0.0
255.9944,0.34130788,0.0,0.22239959,0.19694299,2014-01-05 04:00:00,0.0,0.0,0.0,0.0,0.0
255.26242,0.38453865,0.0,0.15572989,0.3176207,2014-01-05 05:00:00,0.0,0.0,0.0,0.0,0.0
254.50616,0.43289936,0.037417002,0.2681942,0.2501027,2014-01-05 06:00:00,5.0,0.0,2.8519953e-08,0.0,0.0
253.85995,0.20464909,0.037290107,0.022989236,0.17433715,2014-01-05 07:00:00,0.0,0.0,0.0,0.0,0.0
252.98193,0.23958153,0.034882225,0.0010573287,0.23060417,2014-01-05 08:00:00,0.0,0.0,0.0,0.0,0.0
251.97386,0.25482172,0.049983215,0.00053172023,0.22837359,2014-01-05 09:00:00,0.0,0.0,2.3873934e-08,0.0,0.0
250.8473,0.2249586,0.02333735,0.017003752,0.21115553,2014-01-05 10:00:00,0.0,0.0,0.0,0.0,0.0
250.07744,0.18690705,0.009534292,0.08403134,0.13257354,2014-01-05 11:00:00,0.0,0.0,0.0,0.0,0.0
249.44525,0.2776518,0.0021207693,0.25660402,0.11859113,2014-01-05 12:00:00,0.0,0.0,0.0,0.0,0.0
249.00157,0.027545553,0.0,0.027545553,0.0,2014-01-05 13:00:00,0.0,0.0,0.0,0.0,0.0
248.28763,0.0,0.0,0.0,0.0,2014-01-05 14:00:00,0.0,0.0,0.0,0.0,0.0
249.04207,0.067044616,0.0,0.0,0.067044616,2014-01-05 15:00:00,0.0,0.0,0.0,0.0,0.0
250.75546,0.0,0.0,0.0,0.0,2014-01-05 16:00:00,5.0,0.0,0.0,0.0,0.0
251.89105,0.2207228,0.2207228,0.0,0.0,2014-01-05 17:00:00,5.0,0.0,2.3873934e-08,0.0,0.0
252.64293,0.5384881,0.5384881,0.0,0.0,2014-01-05 18:00:00,5.0,0.0,1.6695714e-07,0.0,0.0
253.02907,0.90151143,0.90151143,0.0,0.0,2014-01-05 19:00:00,5.0,0.0,1.4308318e-07,0.0,0.0
253.22623,0.9968219,0.9968219,0.0,0.0,2014-01-05 20:00:00,5.0,8.3959446e-07,7.774251e-07,0.0,8.3959446e-07
252.93922,0.8107693,0.8107693,0.0,0.0,2014-01-05 21:00:00,5.0,5.1888146e-06,5.0266635e-06,0.0,5.1888146e-06
252.01877,0.41265506,0.3557818,0.12355757,0.0,2014-01-05 22:00:00,5.0,1.0699992e-05,1.07523865e-05,0.0,1.0699992e-05
250.90096,0.6292227,0.41802716,0.49818242,0.0,2014-01-05 23:00:00,5.0,1.0376337e-05,1.02951e-05,0.0,1.0376337e-05
250.1051,0.85940695,0.56960815,0.80984676,0.0,2014-01-06 00:00:00,5.0,1.6593796e-05,1.666526e-05,0.0,1.6593796e-05
249.36194,0.91750956,0.52336407,0.8869495,0.0,2014-01-06 01:00:00,5.0,1.5372207e-05,1.5357873e-05,0.0,1.5372207e-05
248.55632,0.9017641,0.68616235,0.81743383,0.0,2014-01-06 02:00:00,5.0,1.1042874e-05,1.1271758e-05,0.0,1.1042874e-05
247.1686,0.9022697,0.8170002,0.7206455,0.0,2014-01-06 03:00:00,5.0,7.6095175e-06,7.6120823e-06,0.0,7.600226e-06
246.37807,0.97961575,0.9785584,0.4693973,0.0,2014-01-06 04:00:00,5.0,5.015756e-06,4.9965283e-06,0.0,5.015756e-06
245.47395,0.9744727,0.9681918,0.23657554,0.0,2014-01-06 05:00:00,5.0,3.4897494e-06,3.508978e-06,0.0,3.4897494e-06
245.02141,0.9970973,0.9970973,0.21479315,0.0,2014-01-06 06:00:00,5.0,2.8033364e-06,2.891623e-06,0.0,2.8033364e-06
244.47894,1.0,1.0,0.6071313,0.0,2014-01-06 07:00:00,5.0,3.6237052e-06,3.5833282e-06,0.0,3.6237052e-06
244.21815,1.0,1.0,0.8468243,0.0,2014-01-06 08:00:00,5.0,6.1796572e-06,6.194078e-06,0.0,6.1796572e-06
243.95375,1.0,1.0,0.89504284,0.0,2014-01-06 09:00:00,5.0,8.849688e-06,8.763805e-06,0.0,8.849688e-06
243.67776,1.0,1.0,0.90368956,0.0,2014-01-06 10:00:00,5.0,1.1557529e-05,1.1462194e-05,0.0,1.1557529e-05
243.7044,1.0,1.0,0.94515806,0.0,2014-01-06 11:00:00,5.0,1.144345e-05,1.1452902e-05,0.0,1.144345e-05
243.7227,1.0,1.0,0.9684447,0.0,2014-01-06 12:00:00,5.0,1.1882477e-05,1.177272e-05,0.0,1.1882477e-05
243.9376,1.0,1.0,0.9749155,0.0,2014-01-06 13:00:00,5.0,1.1615216e-05,1.1805886e-05,0.0,1.1615216e-05
244.00835,1.0,1.0,0.9042012,0.0,2014-01-06 14:00:00,5.0,1.08711165e-05,1.0830821e-05,0.0,1.08711165e-05
244.73706,0.99348307,0.957361,0.9014856,0.0,2014-01-06 15:00:00,5.0,1.0222514e-05,1.0241662e-05,0.0,1.0222514e-05
245.48409,0.97696155,0.91020834,0.86983925,0.0,2014-01-06 16:00:00,5.0,8.715732e-06,8.708683e-06,0.0,8.715732e-06
246.30972,0.776332,0.54914844,0.69582427,0.0,2014-01-06 17:00:00,5.0,8.543966e-06,8.451034e-06,0.0,8.543966e-06
247.21947,0.7109785,0.6604212,0.44883353,0.0,2014-01-06 18:00:00,5.0,6.2366926e-06,6.1174014e-06,0.0,6.2366926e-06
247.80316,0.91355294,0.9072964,0.14034647,0.0,2014-01-06 19:00:00,5.0,4.329344e-06,4.245865e-06,0.0,4.329344e-06
248.3582,1.0,1.0,0.071764946,0.0,2014-01-06 20:00:00,5.0,2.6892567e-06,2.7607985e-06,0.0,2.6892567e-06
248.68817,1.0,1.0,0.14401,0.0,2014-01-06 21:00:00,5.0,2.479681e-06,2.4437086e-06,0.0,2.479681e-06
248.28322,1.0,1.0,0.40753126,0.0,2014-01-06 22:00:00,5.0,2.4982655e-06,2.3075945e-06,0.0,2.4982655e-06
247.79782,1.0,1.0,0.45999992,0.0,2014-01-06 23:00:00,5.0,2.1169235e-06,2.2504746e-06,0.0,2.1169235e-06
247.42685,1.0,1.0,0.04029313,0.0,2014-01-07 00:00:00,5.0,2.9751027e-06,2.9799103e-06,0.0,2.9751027e-06
247.06058,0.68104786,0.68104786,0.0,0.0,2014-01-07 01:00:00,5.0,2.4982655e-06,2.259847e-06,0.0,2.4982655e-06
246.74562,0.5905822,0.5905822,0.0,0.0,2014-01-07 02:00:00,5.0,1.6400863e-06,1.6876738e-06,0.0,1.6400863e-06
246.47432,0.34685105,0.34685105,0.0,0.0,2014-01-07 03:00:00,5.0,1.4305115e-06,1.4207353e-06,0.0,1.4305115e-06
246.40465,0.11541784,0.0974921,0.0,0.017908663,2014-01-07 04:00:00,5.0,5.9091695e-07,7.532281e-07,0.0,5.9091695e-07
246.50223,0.94815624,0.0034282913,0.102264345,0.94815624,2014-01-07 05:00:00,5.0,1.9099144e-07,2.7639095e-07,0.0,2.0957555e-07
246.44844,1.0,0.0,0.6234715,1.0,2014-01-07 06:00:00,5.0,0.0,1.4772922e-07,0.0,0.0
246.73732,1.0,0.0,0.94037366,1.0,2014-01-07 07:00:00,5.0,0.0,0.0,0.0,0.0
246.71498,0.97216976,0.0,0.97216976,0.02066375,2014-01-07 08:00:00,5.0,0.0,0.0,0.0,0.0
246.34572,0.4855957,0.0,0.4855957,0.0,2014-01-07 09:00:00,0.0,0.0,0.0,0.0,0.0
246.77719,0.29184324,0.0,0.29184324,0.0,2014-01-07 10:00:00,0.0,0.0,0.0,0.0,0.0
247.52214,0.07706511,0.0,0.07706511,0.018661272,2014-01-07 11:00:00,0.0,0.0,0.0,0.0,0.0
247.90073,0.789576,0.0,0.7801114,0.3213569,2014-01-07 12:00:00,5.0,0.0,0.0,0.0,0.0
248.18575,0.94578755,0.0,0.93835723,0.42742646,2014-01-07 13:00:00,5.0,1.2209357e-06,1.4260277e-06,0.0,1.2209357e-06
248.52785,0.97541136,0.0,0.97541136,0.13516867,2014-01-07 14:00:00,5.0,5.3028944e-06,5.3982294e-06,0.0,5.3028944e-06
250.10413,0.72064,0.0,0.72064,0.0,2014-01-07 15:00:00,5.0,4.8638667e-06,4.7828717e-06,0.0,4.8638667e-06
251.87654,0.084062874,0.0,0.084062874,0.0,2014-01-07 16:00:00,5.0,9.536743e-07,8.1539747e-07,0.0,9.536743e-07
253.76718,0.0026463778,0.0,0.0026463778,0.0,2014-01-07 17:00:00,0.0,0.0,0.0,0.0,0.0
255.1312,0.0,0.0,0.0,0.0,2014-01-07 18:00:00,0.0,0.0,0.0,0.0,0.0
256.14966,0.0,0.0,0.0,0.0,2014-01-07 19:00:00,0.0,0.0,0.0,0.0,0.0
256.85767,0.0,0.0,0.0,0.0,2014-01-07 20:00:00,0.0,0.0,0.0,0.0,0.0
257.41333,0.0,0.0,0.0,0.0,2014-01-07 21:00:00,0.0,0.0,0.0,0.0,0.0
257.52612,0.024974484,0.0,0.024974484,0.0,2014-01-07 22:00:00,5.0,0.0,0.0,0.0,0.0
256.05762,0.2135191,0.0,0.2135191,0.0,2014-01-07 23:00:00,0.0,0.0,0.0,0.0,0.0
255.56499,0.35097116,0.0,0.35097116,0.0,2014-01-08 00:00:00,0.0,0.0,0.0,0.0,0.0
254.78404,0.005003199,0.0,0.005003199,0.0,2014-01-08 01:00:00,0.0,0.0,0.0,0.0,0.0
253.76483,0.0,0.0,0.0,0.0,2014-01-08 02:00:00,0.0,0.0,0.0,0.0,0.0
253.15733,0.0,0.0,0.0,0.0,2014-01-08 03:00:00,0.0,0.0,0.0,0.0,0.0
252.5379,0.0,0.0,0.0,0.0,2014-01-08 04:00:00,0.0,0.0,0.0,0.0,0.0
252.34108,0.0,0.0,0.0,0.0,2014-01-08 05:00:00,0.0,0.0,0.0,0.0,0.0
252.00354,0.0,0.0,0.0,0.0,2014-01-08 06:00:00,0.0,0.0,0.0,0.0,0.0
251.39555,0.28420347,0.0,0.28420347,0.0,2014-01-08 07:00:00,0.0,0.0,0.0,0.0,0.0
251.05617,0.2210663,0.0,0.2210663,0.0,2014-01-08 08:00:00,0.0,0.0,0.0,0.0,0.0
250.34445,0.066554606,0.0,0.066554606,0.0,2014-01-08 09:00:00,0.0,0.0,0.0,0.0,0.0
250.25557,0.005273644,0.0,0.005273644,0.0,2014-01-08 10:00:00,0.0,0.0,0.0,0.0,0.0
249.68388,0.0021207693,0.0,0.0021207693,0.0,2014-01-08 11:00:00,0.0,0.0,0.0,0.0,0.0
248.99768,0.0,0.0,0.0,0.0,2014-01-08 12:00:00,0.0,0.0,0.0,0.0,0.0
248.31764,0.0,0.0,0.0,0.0,2014-01-08 13:00:00,0.0,0.0,0.0,0.0,0.0
247.82426,0.0,0.0,0.0,0.0,2014-01-08 14:00:00,0.0,0.0,0.0,0.0,0.0
248.90666,0.0,0.0,0.0,0.0,2014-01-08 15:00:00,0.0,0.0,0.0,0.0,0.0
251.03224,0.0,0.0,0.0,0.0,2014-01-08 16:00:00,0.0,0.0,0.0,0.0,0.0
252.40541,0.0,0.0,0.0,0.0,2014-01-08 17:00:00,0.0,0.0,0.0,0.0,0.0
253.69429,0.0,0.0,0.0,0.0,2014-01-08 18:00:00,0.0,0.0,0.0,0.0,0.0
255.05132,0.0,0.0,0.0,0.0,2014-01-08 19:00:00,0.0,0.0,0.0,0.0,0.0
255.90318,0.0,0.0,0.0,0.0,2014-01-08 20:00:00,0.0,0.0,0.0,0.0,0.0
256.53296,0.0,0.0,0.0,0.0,2014-01-08 21:00:00,0.0,0.0,0.0,0.0,0.0
255.94391,0.0,0.0,0.0,0.0,2014-01-08 22:00:00,0.0,0.0,0.0,0.0,0.0
256.2627,0.0,0.0,0.0,0.0,2014-01-08 23:00:00,0.0,0.0,0.0,0.0,0.0
254.77945,0.0,0.0,0.0,0.0,2014-01-09 00:00:00,0.0,0.0,0.0,0.0,0.0
252.88342,0.0,0.0,0.0,0.0,2014-01-09 01:00:00,0.0,0.0,0.0,0.0,0.0
250.4062,0.0,0.0,0.0,0.0,2014-01-09 02:00:00,0.0,0.0,0.0,0.0,0.0
249.02115,0.0,0.0,0.0,0.0,2014-01-09 03:00:00,0.0,0.0,0.0,0.0,0.0
248.3047,0.016498897,0.0,0.0,0.016498897,2014-01-09 04:00:00,0.0,0.0,0.0,0.0,0.0
246.61104,0.10761505,0.0,0.0,0.10761505,2014-01-09 05:00:00,0.0,0.0,9.06893e-08,0.0,0.0
247.88907,0.11229241,0.0,0.0,0.11229241,2014-01-09 06:00:00,0.0,9.549569e-08,2.8616643e-07,0.0,9.549569e-08
248.52647,0.02292179,0.0,0.0,0.02292179,2014-01-09 07:00:00,5.0,0.0,0.0,0.0,0.0
249.45755,0.090414464,0.0,0.026136044,0.07173604,2014-01-09 08:00:00,0.0,0.0,0.0,0.0,0.0
250.5845,0.46354342,0.021928277,0.1845901,0.36504477,2014-01-09 09:00:00,0.0,0.0,0.0,0.0,0.0
252.03513,0.8069505,0.06276029,0.66299,0.4315915,2014-01-09 10:00:00,5.0,0.0,0.0,0.0,0.0
252.96832,0.926264,0.24787897,0.90978974,0.06023999,2014-01-09 11:00:00,5.0,0.0,6.6815346e-08,0.0,0.0
254.24933,0.985523,0.22950864,0.98499125,0.014451146,2014-01-09 12:00:00,5.0,0.0,9.533534e-08,0.0,0.0
255.21033,0.7658689,0.19314867,0.7421945,0.0,2014-01-09 13:00:00,5.0,0.0,2.8519953e-08,0.0,0.0
255.97563,0.071649075,0.06635022,0.005298864,0.0,2014-01-09 14:00:00,5.0,0.0,0.0,0.0,0.0
257.45483,0.02574066,0.021948047,0.00053172023,0.0032499009,2014-01-09 15:00:00,5.0,0.0,0.0,0.0,0.0
259.30518,0.12623817,0.0,0.0010573287,0.12518084,2014-01-09 16:00:00,0.0,0.0,0.0,0.0,0.0
261.38208,0.4865139,0.0073382594,0.012049079,0.48045003,2014-01-09 17:00:00,0.0,0.0,0.0,0.0,0.0
263.00586,0.6689186,0.025975205,0.004527632,0.6486755,2014-01-09 18:00:00,0.0,0.0,0.0,0.0,0.0
264.55444,0.9483256,0.0023709626,0.032605093,0.9483256,2014-01-09 19:00:00,0.0,0.0,0.0,0.0,0.0
265.66187,0.82263595,0.0,0.031713877,0.817744,2014-01-09 20:00:00,0.0,0.0,0.0,0.0,0.0
266.39062,0.7978152,0.0,0.0,0.7978152,2014-01-09 21:00:00,0.0,0.0,0.0,0.0,0.0
266.1333,0.7380985,0.024442714,0.0,0.71992946,2014-01-09 22:00:00,5.0,0.0,0.0,0.0,0.0
265.3733,0.7718101,0.17262578,0.0,0.7083896,2014-01-09 23:00:00,5.0,0.0,7.626778e-08,0.0,9.549569e-08
264.7771,0.68871397,0.4583407,0.0,0.33697772,2014-01-10 00:00:00,5.0,4.191511e-07,5.148095e-07,0.0,6.864127e-07
264.52417,0.7356132,0.691637,0.0,0.07818574,2014-01-10 01:00:00,5.0,1.1632492e-06,1.3539202e-06,0.0,1.1632492e-06
264.41504,0.8472189,0.8472189,0.0,0.0,2014-01-10 02:00:00,5.0,2.135508e-06,2.2215509e-06,0.0,2.135508e-06
264.3247,0.9496436,0.9496436,0.0,0.0,2014-01-10 03:00:00,5.0,3.6800993e-06,3.6754527e-06,0.0,3.6800993e-06
264.49487,0.995108,0.995108,0.0,0.0,2014-01-10 04:00:00,5.0,5.1291945e-06,4.9623977e-06,0.0,5.1291945e-06
264.6941,1.0,1.0,0.0,0.0,2014-01-10 05:00:00,5.0,6.2924446e-06,6.4592414e-06,0.0,6.2924446e-06
264.8601,1.0,1.0,0.0,0.0,2014-01-10 06:00:00,5.0,7.74154e-06,7.817808e-06,0.0,7.74154e-06
265.6936,1.0,1.0,0.0,0.0,2014-01-10 07:00:00,5.0,5.6060317e-06,5.463109e-06,0.0,5.3201866e-06
266.11304,1.0,1.0,0.0,0.0,2014-01-10 08:00:00,5.0,5.7015277e-06,5.506051e-06,0.0,5.7015277e-06
266.72412,1.0,1.0,0.0,0.0,2014-01-10 09:00:00,5.0,5.186881e-06,5.187041e-06,0.0,5.282376e-06
267.18506,1.0,1.0,0.0,0.15835136,2014-01-10 10:00:00,5.0,5.186881e-06,5.1107736e-06,0.0,5.282376e-06
267.46118,1.0,1.0,0.0,0.8239431,2014-01-10 11:00:00,5.0,8.315165e-06,8.031724e-06,0.0,7.933824e-06
267.57397,1.0,1.0,0.0,0.9638999,2014-01-10 12:00:00,5.0,1.1023648e-05,1.0995208e-05,0.0,1.1023648e-05
267.9668,1.0,1.0,0.0042246506,0.990808,2014-01-10 13:00:00,5.0,1.3521913e-05,1.3467277e-05,0.0,1.3521913e-05
268.37207,1.0,1.0,0.005813699,0.9560483,2014-01-10 14:00:00,5.0,1.2339438e-05,1.215101e-05,0.0,1.2339438e-05
269.16382,1.0,1.0,0.005423676,0.9839011,2014-01-10 15:00:00,5.0,1.1824791e-05,1.1791141e-05,0.0,1.1824791e-05
269.4978,1.0,0.9800109,0.102336645,0.9850642,2014-01-10 16:00:00,5.0,1.4765292e-05,1.4955963e-05,0.0,1.4765292e-05
270.16748,0.9978961,0.9641685,0.72402614,0.98326087,2014-01-10 17:00:00,5.0,2.1383312e-05,2.1273387e-05,0.0,2.1383312e-05
270.85352,1.0,1.0,0.98050046,1.0,2014-01-10 18:00:00,5.0,1.9076702e-05,1.9172032e-05,0.0,1.9076702e-05
271.41455,1.0,1.0,0.8189941,0.99736434,2014-01-10 19:00:00,5.0,4.1281048e-05,4.156232e-05,0.0,4.1281048e-05
271.79077,0.99627113,0.9676001,0.95984674,0.9641992,2014-01-10 20:00:00,5.0,3.553588e-05,3.5507357e-05,0.0,3.553588e-05
272.0227,1.0,0.9764822,0.9653093,0.976051,2014-01-10 21:00:00,5.0,5.2661635e-05,5.270938e-05,0.0,5.2661635e-05
272.2876,1.0,0.99736434,0.9754532,0.9785391,2014-01-10 22:00:00,5.0,6.643031e-05,6.654952e-05,0.0,6.643031e-05
272.281,1.0,0.974626,0.99289286,0.98749095,2014-01-10 23:00:00,5.0,6.768842e-05,6.780763e-05,0.0,6.768842e-05
272.11328,0.99946827,0.7831032,0.9978433,0.98136264,2014-01-11 00:00:00,5.0,5.8490667e-05,5.8648162e-05,0.0,5.8757927e-05
272.22656,1.0,0.7612851,1.0,0.97440034,2014-01-11 01:00:00,5.0,3.8080863e-05,3.8343147e-05,0.0,3.8080863e-05
272.1421,1.0,0.85787946,0.9946291,0.97103083,2014-01-11 02:00:00,5.0,1.6361097e-05,1.6356455e-05,0.0,1.6247024e-05
272.21777,1.0,0.90303195,0.9534559,0.978261,2014-01-11 03:00:00,5.0,8.52344e-06,8.299442e-06,0.0,8.40936e-06
272.34375,0.9909002,0.87706125,0.864648,0.96880734,2014-01-11 04:00:00,5.0,4.99588e-06,4.991074e-06,0.0,4.99588e-06
272.1704,0.95802146,0.81245476,0.770364,0.78885543,2014-01-11 05:00:00,5.0,4.044149e-06,3.977333e-06,0.0,4.044149e-06
272.13574,0.88151157,0.8096759,0.48666823,0.16130197,2014-01-11 06:00:00,5.0,9.536743e-07,1.0490094e-06,0.0,9.536743e-07
271.53784,0.6164695,0.6164695,0.0,0.0,2014-01-11 07:00:00,5.0,3.3557926e-06,3.6610272e-06,0.0,3.83263e-06
271.2942,0.45410055,0.45410055,0.0,0.0,2014-01-11 08:00:00,5.0,7.626828e-07,7.3432324e-07,0.0,7.440987e-07
270.94604,0.17401338,0.17401338,0.0,0.0,2014-01-11 09:00:00,5.0,1.4881971e-06,1.5599817e-06,0.0,1.4881971e-06
270.312,0.15054178,0.15054178,0.0,0.0,2014-01-11 10:00:00,5.0,9.536743e-07,1.0536551e-06,0.0,8.5817857e-07
269.61206,0.2084977,0.2084977,0.0,0.0,2014-01-11 11:00:00,5.0,9.536743e-07,8.774065e-07,0.0,9.536743e-07
269.1328,0.2101863,0.2101863,0.0032499009,0.0,2014-01-11 12:00:00,5.0,9.536743e-07,1.0012609e-06,0.0,8.5817857e-07
268.73877,0.53160334,0.53160334,0.0067320913,0.0,2014-01-11 13:00:00,5.0,1.7163566e-06,1.7833327e-06,0.0,1.6977729e-06
268.85596,0.9023281,0.9023281,0.0,0.0,2014-01-11 14:00:00,5.0,5.377231e-06,5.554447e-06,0.0,5.6259078e-06
269.54712,0.9952497,0.9952497,0.0,0.0,2014-01-11 15:00:00,5.0,1.0030872e-05,9.79726e-06,0.0,1.0030872e-05
270.44214,0.99167883,0.99167883,0.0,0.0,2014-01-11 16:00:00,5.0,5.9501963e-06,5.9119e-06,0.0,5.9501963e-06
271.19263,0.9690912,0.9690912,0.0,0.0,2014-01-11 17:00:00,5.0,3.1090494e-06,3.130278e-06,0.0,3.1090494e-06
271.62402,0.9592636,0.9592636,0.0,0.0,2014-01-11 18:00:00,5.0,2.059879e-06,2.0908838e-06,0.0,2.2316453e-06
271.9336,0.4250509,0.4250509,0.0,0.0,2014-01-11 19:00:00,5.0,6.678286e-07,7.486623e-07,0.0,6.678286e-07
272.27075,0.25869977,0.25869977,0.0,0.0,2014-01-11 20:00:00,0.0,4.7683716e-07,4.4831717e-07,0.0,4.7683716e-07
272.54346,0.12675583,0.12675583,0.0,0.0,2014-01-11 21:00:00,0.0,0.0,0.0,0.0,0.0
272.0708,0.18678015,0.18678015,0.0,0.0,2014-01-11 22:00:00,0.0,0.0,0.0,0.0,0.0
271.17285,0.07676929,0.07676929,0.0,0.0,2014-01-11 23:00:00,0.0,0.0,1.1936965e-08,0.0,0.0
270.42407,0.08343315,0.08343315,0.0,0.0,2014-01-12 00:00:00,0.0,0.0,0.0,0.0,0.0
269.87378,0.10957503,0.10957503,0.0,0.0,2014-01-12 01:00:00,0.0,0.0,0.0,0.0,0.0
269.20093,0.058027606,0.058027606,0.0,0.0,2014-01-12 02:00:00,0.0,0.0,0.0,0.0,0.0
268.20703,0.065782666,0.065782666,0.0,0.0,2014-01-12 03:00:00,0.0,0.0,0.0,0.0,0.0
267.62915,0.060344994,0.05287022,0.02068165,0.0,2014-01-12 04:00:00,0.0,0.0,0.0,0.0,0.0
267.37988,0.71281356,0.0168278,0.16500086,0.621503,2014-01-12 05:00:00,0.0,0.0,0.0,0.0,0.0
267.46143,0.45914727,0.0,0.14977264,0.3871367,2014-01-12 06:00:00,0.0,0.0,0.0,0.0,0.0
267.8457,0.31736284,0.0,0.0,0.31736284,2014-01-12 07:00:00,0.0,0.0,0.0,0.0,0.0
268.1682,0.5285297,0.0,0.045698877,0.5161801,2014-01-12 08:00:00,0.0,0.0,0.0,0.0,0.0
268.78857,0.6252686,0.0,0.18417305,0.5093338,2014-01-12 09:00:00,0.0,0.0,0.0,0.0,0.0
270.26074,0.39733428,0.0,0.35315973,0.22775817,2014-01-12 10:00:00,0.0,0.0,0.0,0.0,0.0
271.21655,0.91511023,0.0,0.76985997,0.8042999,2014-01-12 11:00:00,0.0,0.0,0.0,0.0,0.0
272.47925,0.9660394,0.0,0.82880753,0.8564408,2014-01-12 12:00:00,8.0,9.512773e-05,0.0,9.547094e-05,0.0
273.23657,0.7947295,0.0,0.43755364,0.65910673,2014-01-12 13:00:00,0.0,5.5584736e-05,0.0,5.5527693e-05,0.0
273.38184,0.76253176,0.0,0.076711535,0.7510016,2014-01-12 14:00:00,0.0,0.0,0.0,0.0,0.0
274.5791,0.89788663,0.0,0.0,0.89788663,2014-01-12 15:00:00,0.0,0.0,0.0,0.0,0.0
275.54736,0.9804728,0.0,0.03259446,0.9804728,2014-01-12 16:00:00,0.0,0.0,0.0,0.0,0.0
276.23975,0.9882613,0.0016249504,0.024730314,0.9882613,2014-01-12 17:00:00,0.0,0.0,0.0,0.0,0.0
276.7544,0.9587418,0.0,0.0,0.9587418,2014-01-12 18:00:00,0.0,0.0,0.0,0.0,0.0
277.0244,0.9915651,0.0,0.0037288337,0.9915651,2014-01-12 19:00:00,0.0,0.0,0.0,0.0,0.0
277.23096,0.9771083,0.0,0.0026463778,0.9771083,2014-01-12 20:00:00,0.0,0.0,0.0,0.0,0.0
276.9519,0.9764294,0.0,0.3314194,0.9764294,2014-01-12 21:00:00,0.0,0.0,0.0,0.0,0.0
276.458,0.9949968,0.0055490583,0.7064886,0.9949968,2014-01-12 22:00:00,0.0,0.0,0.0,0.0,0.0
275.76636,0.9841575,0.0,0.6028877,0.9841575,2014-01-12 23:00:00,0.0,0.0,0.0,0.0,0.0
275.5244,0.99946827,0.0,0.8245652,0.99609,2014-01-13 00:00:00,0.0,0.0,0.0,0.0,0.0
275.2671,1.0,0.0,0.9360398,1.0,2014-01-13 01:00:00,0.0,0.0,0.0,0.0,0.0
275.17554,1.0,0.0,0.80992246,1.0,2014-01-13 02:00:00,0.0,0.0,0.0,0.0,0.0
275.02393,1.0,0.0,0.78977257,1.0,2014-01-13 03:00:00,0.0,0.0,0.0,0.0,0.0
274.7776,1.0,0.0,0.85515827,1.0,2014-01-13 04:00:00,0.0,0.0,0.0,0.0,0.0
274.64355,1.0,0.0,0.92194885,1.0,2014-01-13 05:00:00,0.0,0.0,0.0,0.0,0.0
274.20776,0.9879141,0.0,0.87793076,0.980807,2014-01-13 06:00:00,0.0,0.0,0.0,0.0,0.0
273.8999,1.0,0.0,0.90634626,1.0,2014-01-13 07:00:00,0.0,0.0,0.0,0.0,0.0
273.4414,1.0,0.0,0.8595424,1.0,2014-01-13 08:00:00,0.0,0.0,0.0,0.0,0.0
273.11792,1.0,0.028848521,0.80649334,1.0,2014-01-13 09:00:00,5.0,0.0,0.0,0.0,0.0
273.13916,0.998375,0.32676572,0.47831768,0.998375,2014-01-13 10:00:00,5.0,0.0,0.0,0.0,0.0
273.19897,1.0,0.804648,0.5757382,0.9651092,2014-01-13 11:00:00,5.0,2.6726156e-07,2.1454463e-07,0.0,2.6726156e-07
272.63013,1.0,0.97302866,0.3750102,0.97149414,2014-01-13 12:00:00,5.0,9.536743e-07,9.392528e-07,0.0,9.536743e-07
271.98828,0.99446505,0.99446505,0.10085821,0.4405604,2014-01-13 13:00:00,5.0,1.6400863e-06,1.6878348e-06,0.0,1.6400863e-06
271.05933,0.9884012,0.98550457,0.0034282913,0.0,2014-01-13 14:00:00,5.0,2.3264993e-06,2.7607184e-06,0.0,2.3264993e-06
270.7898,1.0,1.0,0.0,0.0,2014-01-13 15:00:00,5.0,3.96852e-06,4.0589675e-06,0.0,3.96852e-06
271.04834,0.9978792,0.9978792,0.0,0.0,2014-01-13 16:00:00,5.0,4.34922e-06,4.473157e-06,0.0,4.34922e-06
271.35498,0.9966217,0.9966217,0.0,0.0,2014-01-13 17:00:00,5.0,4.3863884e-06,4.0955747e-06,0.0,4.3863884e-06
271.5735,0.99243104,0.99243104,0.0,0.0,2014-01-13 18:00:00,5.0,2.6700309e-06,2.407899e-06,0.0,2.6700309e-06
271.66602,0.99100083,0.99100083,0.0,0.0,2014-01-13 19:00:00,5.0,0.0,2.669385e-07,0.0,0.0
271.8147,0.9672786,0.9672786,0.0037288337,0.0,2014-01-13 20:00:00,5.0,0.0,1.0006153e-07,0.0,0.0
271.68506,0.9067039,0.8784811,0.13761652,0.0,2014-01-13 21:00:00,5.0,0.0,0.0,0.0,0.0
271.55933,0.9272292,0.46356714,0.8542631,0.4077559,2014-01-13 22:00:00,5.0,0.0,9.301232e-08,0.0,0.0
271.1985,0.85458577,0.1840843,0.78448385,0.57331234,2014-01-13 23:00:00,5.0,0.0,1.3346926e-07,0.0,0.0
268.83472,0.620924,0.020828541,0.39214647,0.46013755,2014-01-14 00:00:00,5.0,0.0,2.9081247e-07,0.0,2.0957555e-07
268.7898,0.6043676,0.0033782488,0.6043676,0.0015890491,2014-01-14 01:00:00,5.0,1.106856e-06,1.0829817e-06,0.0,1.106856e-06
268.03198,0.94364303,0.0016249504,0.9294307,0.39369172,2014-01-14 02:00:00,5.0,7.726832e-06,7.812876e-06,0.0,7.726832e-06
269.2671,0.98948056,0.002103883,0.9871096,0.42514616,2014-01-14 03:00:00,5.0,3.403367e-05,3.4525263e-05,0.0,3.4568206e-05
269.9104,1.0,0.26615572,1.0,0.73037714,2014-01-14 04:00:00,5.0,6.950289e-05,6.925037e-05,0.0,6.929331e-05
270.13818,1.0,0.7629501,0.9678268,1.0,2014-01-14 05:00:00,5.0,7.6340715e-05,7.61023e-05,0.0,7.6340715e-05
270.4021,1.0,0.7060356,0.95923066,1.0,2014-01-14 06:00:00,5.0,0.000109389846,0.00010929452,0.0,0.000109389846
270.7246,1.0,0.4331351,0.9452703,0.99946827,2014-01-14 07:00:00,5.0,0.00019469012,0.00019458533,6.459633e-05,0.00013009377
270.64917,0.998375,0.19967794,0.98447734,0.97997034,2014-01-14 08:00:00,5.0,0.00025251554,0.0002525635,5.126685e-05,0.00020110597
270.53076,1.0,0.85090834,1.0,0.7556727,2014-01-14 09:00:00,5.0,0.00045512733,0.00045512267,0.0,0.00045512733
270.1543,1.0,0.8423609,0.98432153,0.43752462,2014-01-14 10:00:00,5.0,0.0012287318,0.0012288273,0.0,0.0012287318
269.73657,0.98206204,0.93059576,0.8652275,0.08893776,2014-01-14 11:00:00,5.0,0.001300391,0.0013006581,0.0,0.001300391
269.08545,1.0,1.0,0.9269062,0.0057492107,2014-01-14 12:00:00,5.0,0.00088170613,0.00088174455,0.0,0.00088170613
268.47363,1.0,1.0,1.0,0.0,2014-01-14 13:00:00,5.0,0.0007176283,0.0007177049,0.0,0.000717686
267.886,1.0,0.978915,1.0,0.0,2014-01-14 14:00:00,5.0,0.0006508203,0.00065099215,0.0,0.0006508203
266.9519,1.0,0.97294813,1.0,0.026925862,2014-01-14 15:00:00,5.0,0.00043908553,0.0004389619,0.0,0.00043908553
266.60327,1.0,0.9768964,1.0,0.2953002,2014-01-14 16:00:00,5.0,0.00031131902,0.00031067058,0.0,0.00031084218
266.3374,1.0,0.9658974,1.0,0.53244936,2014-01-14 17:00:00,5.0,0.00024407436,0.00024397438,0.0,0.0002439026
266.30908,1.0,0.9782324,1.0,0.7019535,2014-01-14 18:00:00,5.0,0.0001644548,0.00016455495,0.0,0.00016466438
266.24023,1.0,0.9989426,1.0,0.8238997,2014-01-14 19:00:00,5.0,6.484396e-05,6.485838e-05,0.0,6.484396e-05
266.27222,0.9978961,0.9600613,0.97644675,0.7956034,2014-01-14 20:00:00,5.0,4.056956e-05,4.0412066e-05,0.0,4.056956e-05
266.1057,0.99289286,0.96367604,0.88358015,0.6898246,2014-01-14 21:00:00,5.0,1.9683604e-05,1.9778934e-05,0.0,1.9683604e-05
265.59766,0.9957922,0.9073924,0.9203897,0.58353716,2014-01-14 22:00:00,5.0,7.0570522e-06,7.166969e-06,0.0,7.0570522e-06
264.9392,0.9913792,0.9632257,0.8506456,0.0,2014-01-14 23:00:00,5.0,6.657777e-06,6.548021e-06,0.0,6.657777e-06
264.14136,0.9925782,0.97054356,0.7935318,0.0,2014-01-15 00:00:00,5.0,8.927883e-06,8.9326895e-06,0.0,9.023379e-06
263.58716,1.0,0.9978792,0.84218746,0.0,2014-01-15 01:00:00,5.0,8.947109e-06,9.094838e-06,0.0,8.947109e-06
262.90088,0.9664484,0.93401676,0.7736199,0.0,2014-01-15 02:00:00,5.0,8.775994e-06,8.928852e-06,0.0,8.775994e-06
261.94116,0.9891966,0.9804694,0.37191707,0.0,2014-01-15 03:00:00,5.0,1.0473766e-05,1.0469121e-05,0.0,1.0473766e-05
261.36255,0.9267884,0.9178218,0.20013458,0.0,2014-01-15 04:00:00,5.0,9.48099e-06,9.54316e-06,0.0,9.48099e-06
260.94556,0.9087657,0.9066618,0.021990992,0.0,2014-01-15 05:00:00,5.0,1.1540229e-05,1.1511709e-05,0.0,1.1540229e-05
260.3711,0.93394583,0.93394583,0.009759266,0.0,2014-01-15 06:00:00,5.0,1.1349237e-05,1.1320797e-05,0.0,1.1349237e-05
260.14355,0.9372655,0.9372655,0.0,0.0,2014-01-15 07:00:00,5.0,1.4781951e-05,1.4984801e-05,0.0,1.4781951e-05
259.57568,0.9856713,0.9856713,0.0,0.0,2014-01-15 08:00:00,5.0,1.3541139e-05,1.3540977e-05,0.0,1.3541139e-05
259.0337,0.9978792,0.9978792,0.0,0.0,2014-01-15 09:00:00,5.0,9.231021e-06,9.22381e-06,0.0,9.231021e-06
257.85962,0.98948056,0.98948056,0.0,0.0,2014-01-15 10:00:00,5.0,6.388582e-06,6.484159e-06,0.0,6.388582e-06
257.58936,0.99569273,0.99569273,0.0,0.0,2014-01-15 11:00:00,5.0,6.312963e-06,6.3297057e-06,0.0,6.312963e-06
257.3252,0.9813435,0.9813435,0.0,0.0,2014-01-15 12:00:00,5.0,9.193211e-06,9.023849e-06,0.0,9.193211e-06
257.0005,0.9903661,0.9903661,0.0,0.0,2014-01-15 13:00:00,5.0,6.7891488e-06,6.774889e-06,0.0,6.7891488e-06
257.01245,0.9973536,0.9973536,0.0,0.0,2014-01-15 14:00:00,5.0,3.9089e-06,3.8014668e-06,0.0,3.9089e-06
257.60645,0.9760802,0.9760802,0.0,0.0033782488,2014-01-15 15:00:00,5.0,1.6778959e-06,1.7968641e-06,0.0,1.6778959e-06
258.91162,0.82261527,0.82261527,0.0,0.0,2014-01-15 16:00:00,5.0,6.864127e-07,7.7926353e-07,0.0,6.864127e-07
259.78906,0.9968219,0.9968219,0.0,0.0,2014-01-15 17:00:00,5.0,4.3466353e-06,4.3993523e-06,0.0,4.6138975e-06
260.8037,1.0,1.0,0.24423486,0.035046037,2014-01-15 18:00:00,5.0,1.1446655e-06,1.4160887e-06,0.0,1.2587452e-06
261.11035,1.0,1.0,0.6493079,0.660492,2014-01-15 19:00:00,5.0,0.0,1.7649091e-07,0.0,0.0
261.55737,1.0,0.6871409,0.9952328,1.0,2014-01-15 20:00:00,5.0,0.0,1.8602464e-07,0.0,0.0
262.1211,1.0,0.0,0.99946827,0.998375,2014-01-15 21:00:00,5.0,2.2185777e-05,2.2142674e-05,0.0,2.2185777e-05
262.61816,1.0,0.15028387,1.0,0.7712688,2014-01-15 22:00:00,5.0,9.148101e-05,9.155247e-05,0.0,9.148101e-05
263.02246,0.99627113,0.7022654,0.9925423,0.30757326,2014-01-15 23:00:00,5.0,0.00020886444,0.00020867378,0.0,0.00020886444
263.9143,0.9414331,0.7979165,0.9314404,0.054954637,2014-01-16 00:00:00,5.0,0.0004303127,0.00043030805,2.939877e-06,0.000427373
264.9131,0.9153094,0.9047572,0.5432373,0.0057492107,2014-01-16 01:00:00,5.0,0.0005606725,0.000561011,0.00016313246,0.00039768312
265.94482,1.0,0.8942967,0.71463305,0.9968219,2014-01-16 02:00:00,5.0,0.00010242875,0.00010237172,0.0,0.00010237172
267.3662,0.38431656,0.17228055,0.197783,0.23368782,2014-01-16 03:00:00,5.0,4.214613e-06,4.32453e-06,0.0,4.214613e-06
268.09497,0.3388512,0.10197586,0.29304463,0.0,2014-01-16 04:00:00,5.0,7.546041e-05,7.544382e-05,6.493185e-05,1.03949305e-05
268.51025,0.30955935,0.075508356,0.21172035,0.09345925,2014-01-16 05:00:00,5.0,0.00020186033,0.00020195567,0.00017838187,2.3592525e-05
269.59668,0.75271595,0.21710688,0.52022153,0.58267933,2014-01-16 06:00:00,5.0,1.6171398e-05,1.6016216e-05,2.44057e-06,1.3521263e-05
271.10693,0.918708,0.16737592,0.9010731,0.74729896,2014-01-16 07:00:00,5.0,4.8474045e-05,2.2920882e-05,4.486926e-05,3.738427e-06
272.47217,0.93576396,0.12517732,0.9139158,0.7324218,2014-01-16 08:00:00,8.0,3.941488e-05,8.255405e-06,3.189924e-05,7.4390446e-06
273.42578,0.97598106,0.4381615,0.9190646,0.8607531,2014-01-16 09:00:00,7.0,9.222122e-05,3.3862554e-05,7.528164e-05,1.6748905e-05
273.96216,0.9660132,0.2744853,0.9295568,0.8596233,2014-01-16 10:00:00,5.0,0.00010182007,7.4511496e-05,5.497753e-05,4.6890287e-05
274.07764,0.9369119,0.67046845,0.8811035,0.43457717,2014-01-16 11:00:00,5.0,0.0002463183,0.00023297002,0.00013743954,0.000109012384
273.85522,0.95326376,0.90561277,0.57675225,0.06609714,2014-01-16 12:00:00,5.0,0.00023188394,0.00022176215,0.00011446024,0.00011742368
273.7622,0.9973536,0.99258035,0.94231474,0.16422093,2014-01-16 13:00:00,6.0,0.0002550173,0.00024523423,0.00010109348,0.00015384724
272.979,1.0,0.99675006,0.9970973,0.62745917,2014-01-16 14:00:00,5.0,0.00014910176,0.00014513244,1.8303093e-05,0.00013079865
269.90308,1.0,0.8072956,0.9946291,0.9014624,2014-01-16 15:00:00,5.0,2.6934824e-05,2.7120856e-05,0.0,2.6934824e-05
268.0769,0.9970973,0.4299236,0.9870951,0.9600326,2014-01-16 16:00:00,5.0,1.3548824e-06,1.3880481e-06,0.0,1.3548824e-06
266.38208,0.9872434,0.867472,0.8467004,0.83651626,2014-01-16 17:00:00,5.0,5.9303375e-06,5.839649e-06,0.0,5.9303375e-06
264.8098,0.9966217,0.8625725,0.46528232,0.8740268,2014-01-16 18:00:00,5.0,2.2274166e-05,2.2603272e-05,0.0,2.2274166e-05
263.3877,0.9649422,0.6783127,0.13657397,0.90126723,2014-01-16 19:00:00,5.0,2.7234157e-05,2.7100526e-05,0.0,2.7234157e-05
262.55176,0.9669789,0.565428,0.05059604,0.93025625,2014-01-16 20:00:00,5.0,2.4336608e-05,2.4203298e-05,0.0,2.4222536e-05
261.72583,0.97382724,0.51515836,0.035070054,0.9583131,2014-01-16 21:00:00,5.0,1.8653023e-05,1.8493272e-05,0.0,1.8481267e-05
260.92578,0.9128953,0.5807859,0.08935225,0.8186582,2014-01-16 22:00:00,5.0,1.546771e-05,1.5360187e-05,0.0,1.546771e-05
260.28003,0.95765156,0.81885284,0.18607444,0.8005846,2014-01-16 23:00:00,5.0,1.8557534e-05,1.8447696e-05,0.0,1.8557534e-05
260.06104,0.9978433,0.9896979,0.23806816,0.68204737,2014-01-17 00:00:00,5.0,1.211192e-05,1.1959383e-05,0.0,1.211192e-05
259.72852,0.9398804,0.9398804,0.02357202,0.08808297,2014-01-17 01:00:00,5.0,6.198883e-06,6.0127777e-06,0.0,6.103387e-06
259.60156,0.98892707,0.98892707,0.08927131,0.0,2014-01-17 02:00:00,5.0,5.722046e-06,5.939075e-06,0.0,6.103387e-06
259.64624,0.9845659,0.9845659,0.3455612,0.0,2014-01-17 03:00:00,5.0,1.1349888e-05,1.11947875e-05,0.0,1.1254392e-05
259.9038,0.9947263,0.99182975,0.46377003,0.0,2014-01-17 04:00:00,5.0,2.336502e-05,2.3221946e-05,0.0,2.336502e-05
260.10986,1.0,1.0,0.55807954,0.0,2014-01-17 05:00:00,5.0,3.526607e-05,3.5309014e-05,0.0,3.526607e-05
260.15332,1.0,1.0,0.6851611,0.0,2014-01-17 06:00:00,5.0,3.339653e-05,3.3324817e-05,0.0,3.339653e-05
260.12744,0.997629,0.997629,0.7354322,0.0,2014-01-17 07:00:00,5.0,3.2745316e-05,3.260697e-05,0.0,3.2745316e-05
260.07202,0.9546554,0.9441478,0.6944969,0.0,2014-01-17 08:00:00,5.0,1.6784106e-05,1.6543287e-05,0.0,1.6784106e-05
259.62573,0.9370135,0.93365234,0.34983313,0.0,2014-01-17 09:00:00,5.0,6.7910732e-06,6.753101e-06,0.0,6.695578e-06
258.93433,0.8930789,0.8839258,0.11124736,0.0,2014-01-17 10:00:00,5.0,4.483809e-06,4.564964e-06,0.0,4.579304e-06
258.38574,0.9875358,0.9875358,0.010066014,0.0,2014-01-17 11:00:00,5.0,6.829543e-06,7.0033075e-06,0.0,6.943623e-06
257.79272,1.0,1.0,0.0026463778,0.0,2014-01-17 12:00:00,5.0,8.506799e-06,8.566403e-06,0.0,8.506799e-06
257.25195,1.0,1.0,0.0,0.0,2014-01-17 13:00:00,5.0,8.77406e-06,8.566403e-06,0.0,8.7163735e-06
256.82153,1.0,1.0,0.0,0.0,2014-01-17 14:00:00,5.0,8.0299615e-06,8.2898505e-06,0.0,8.506799e-06
256.95532,0.99371904,0.99371904,0.0,0.0,2014-01-17 15:00:00,5.0,5.4362e-06,5.312345e-06,0.0,5.4362e-06
257.72998,1.0,1.0,0.0,0.0,2014-01-17 16:00:00,5.0,3.9101924e-06,3.8246326e-06,0.0,3.7961127e-06
258.69385,1.0,1.0,0.0,0.0,2014-01-17 17:00:00,5.0,1.372825e-06,1.6639606e-06,0.0,1.7355824e-06
259.82886,0.9899067,0.9899067,0.0,0.0,2014-01-17 18:00:00,5.0,1.9099144e-07,3.8630816e-07,0.0,4.7683716e-07
261.062,0.41198075,0.41198075,0.0,0.0,2014-01-17 19:00:00,5.0,0.0,2.3873934e-08,0.0,0.0
262.0027,0.18771356,0.18771356,0.0,0.0,2014-01-17 20:00:00,0.0,0.0,0.0,0.0,0.0
262.7256,0.045484606,0.045484606,0.0,0.0,2014-01-17 21:00:00,0.0,0.0,0.0,0.0,0.0
262.4319,0.022778407,0.022778407,0.0,0.0,2014-01-17 22:00:00,0.0,0.0,0.0,0.0,0.0
260.81494,0.017966714,0.01586283,0.0,0.002103883,2014-01-17 23:00:00,0.0,0.0,2.3873934e-08,0.0,0.0
259.14697,0.3323673,0.0042246506,0.0,0.33077824,2014-01-18 00:00:00,0.0,0.0,0.0,0.0,0.0
258.28174,0.9847417,0.0,0.0,0.9847417,2014-01-18 01:00:00,0.0,0.0,0.0,0.0,0.0
258.31177,0.99627113,0.0,0.2529142,0.99627113,2014-01-18 02:00:00,0.0,0.0,0.0,0.0,0.0
257.9104,1.0,0.0,0.9218541,1.0,2014-01-18 03:00:00,0.0,0.0,0.0,0.0,0.0
257.95728,1.0,0.0,1.0,1.0,2014-01-18 04:00:00,5.0,0.0,6.6815346e-08,0.0,0.0
258.45264,1.0,0.0,1.0,0.97287035,2014-01-18 05:00:00,5.0,2.5758272e-06,2.6520956e-06,0.0,2.6713233e-06
258.83984,1.0,0.007457666,1.0,0.72862816,2014-01-18 06:00:00,5.0,2.2989494e-05,2.294175e-05,0.0,2.2989494e-05
259.56104,1.0,0.2394312,1.0,0.51436114,2014-01-18 07:00:00,5.0,0.00013801006,0.00013829126,0.0,0.0001382959
260.33862,1.0,0.7902044,1.0,0.45453113,2014-01-18 08:00:00,5.0,0.0003673588,0.00036726333,0.0,0.00036726333
261.11743,1.0,0.96938246,1.0,0.61726886,2014-01-18 09:00:00,5.0,0.0007351835,0.0007354554,0.0,0.00073545077
262.03735,0.997629,0.9803775,0.997629,0.79445225,2014-01-18 10:00:00,5.0,0.0012421622,0.0012422246,0.0,0.0012422577
262.14844,1.0,1.0,1.0,0.87814015,2014-01-18 11:00:00,5.0,0.0013768685,0.0013768543,0.0,0.0013766589
262.35156,1.0,0.99841094,1.0,0.90790796,2014-01-18 12:00:00,5.0,0.00089280354,0.0008932133,0.0,0.00089308945
262.2517,1.0,0.9989426,0.9957922,0.88565326,2014-01-18 13:00:00,5.0,0.00045842095,0.00045838696,0.0,0.00045815366
262.21704,1.0,0.99319345,0.48669308,0.91762197,2014-01-18 14:00:00,5.0,0.000270196,0.0002701052,0.0,0.0002703101
262.41675,0.9672819,0.95147437,0.25193608,0.07003641,2014-01-18 15:00:00,5.0,0.00012329179,0.00012327528,0.0,0.00012291044
263.1958,0.856718,0.852758,0.02242836,0.0063561946,2014-01-18 16:00:00,5.0,3.4066907e-05,3.42196e-05,0.0,3.4238663e-05
264.17358,0.63091093,0.63091093,0.00053172023,0.0,2014-01-18 17:00:00,5.0,7.630677e-06,7.2273815e-06,0.0,7.3634155e-06
265.2788,0.297368,0.297368,0.0,0.0,2014-01-18 18:00:00,5.0,1.1446655e-06,1.1803149e-06,0.0,1.086979e-06
266.20288,0.19551706,0.19551706,0.0,0.0,2014-01-18 19:00:00,5.0,1.14079796e-07,2.4306456e-07,0.0,1.14079796e-07
266.85938,0.0,0.0,0.0,0.0,2014-01-18 20:00:00,0.0,0.0,2.6196943e-08,0.0,0.0
267.26807,0.46934688,0.0,0.0,0.46934688,2014-01-18 21:00:00,0.0,0.0,0.0,0.0,0.0
266.7151,0.9520045,0.0,0.0,0.9520045,2014-01-18 22:00:00,0.0,0.0,0.0,0.0,0.0
265.6311,0.9775366,0.0,0.0,0.9775366,2014-01-18 23:00:00,0.0,0.0,0.0,0.0,0.0
264.56177,0.55640036,0.0,0.0,0.55640036,2014-01-19 00:00:00,0.0,0.0,0.0,0.0,0.0
263.71704,0.8071327,0.004207764,0.0100932345,0.802925,2014-01-19 01:00:00,5.0,0.0,0.0,0.0,0.0
263.7168,0.96042275,0.060592424,0.0,0.95619786,2014-01-19 02:00:00,5.0,0.0,3.3407698e-08,0.0,0.0
263.6836,0.73454213,0.29611248,0.0,0.62077886,2014-01-19 03:00:00,5.0,2.6726156e-07,3.435294e-07,0.0,2.6726156e-07
263.8203,0.996307,0.7454044,0.9292719,0.95110786,2014-01-19 04:00:00,5.0,1.6977729e-06,1.7262928e-06,0.0,1.6977729e-06
264.60962,0.98498976,0.78379095,0.93453276,0.9381816,2014-01-19 05:00:00,5.0,4.8241236e-06,4.7002677e-06,0.0,4.8241236e-06
265.47192,0.9803974,0.47737187,0.93640995,0.6702623,2014-01-19 06:00:00,5.0,3.317342e-06,3.522594e-06,0.0,3.317342e-06
266.2173,0.95179296,0.3579827,0.945676,0.086829126,2014-01-19 07:00:00,5.0,7.0499675e-07,1.0341046e-06,0.0,9.72258e-07
267.03882,0.9800109,0.3580352,0.95336604,0.016741857,2014-01-19 08:00:00,5.0,2.0957555e-07,2.669385e-07,0.0,2.0957555e-07
268.1848,0.7191997,0.3040498,0.63862544,0.0,2014-01-19 09:00:00,5.0,0.0,5.239389e-08,0.0,0.0
269.17212,0.2223053,0.21337795,0.011829991,0.0033782488,2014-01-19 10:00:00,5.0,0.0,0.0,0.0,0.0
269.3933,0.11462456,0.11462456,0.0,0.0,2014-01-19 11:00:00,5.0,0.0,0.0,0.0,0.0
269.55054,0.049902778,0.049902778,0.0,0.0,2014-01-19 12:00:00,5.0,0.0,0.0,0.0,0.0
269.58496,0.047473133,0.047473133,0.0,0.0,2014-01-19 13:00:00,5.0,0.0,0.0,0.0,0.0
269.12646,0.465819,0.014515638,0.09924483,0.43677676,2014-01-19 14:00:00,5.0,0.0,2.8519953e-08,0.0,0.0
270.2356,0.76138806,0.008184664,0.2698726,0.7086073,2014-01-19 15:00:00,0.0,0.0,2.3873934e-08,0.0,0.0
272.09424,0.24539983,0.013193667,0.14204246,0.13495815,2014-01-19 16:00:00,0.0,0.0,0.0,0.0,0.0
273.9397,0.0100932345,0.0,0.0100932345,0.0,2014-01-19 17:00:00,0.0,0.0,0.0,0.0,0.0
275.01318,0.03045179,0.0,0.0,0.03045179,2014-01-19 18:00:00,0.0,0.0,0.0,0.0,0.0
275.6626,0.43885845,0.0,0.0,0.43885845,2014-01-19 19:00:00,0.0,0.0,0.0,0.0,0.0
275.9646,0.9160534,0.003909968,0.0,0.9160534,2014-01-19 20:00:00,0.0,0.0,0.0,0.0,0.0
276.0703,0.9417914,0.02473851,0.0,0.93843025,2014-01-19 21:00:00,1.0,0.0,0.0,0.0,0.0
275.3994,0.9189497,0.30953604,0.0,0.89722514,2014-01-19 22:00:00,1.0,1.1254397e-06,0.0,0.0,1.1254397e-06
274.8872,0.95832354,0.8354199,0.036709774,0.80926585,2014-01-19 23:00:00,1.0,4.9773053e-06,0.0,0.0,4.9773053e-06
274.69458,0.9770857,0.9644871,0.048389174,0.274849,2014-01-20 00:00:00,7.0,9.266906e-06,1.3577619e-06,0.0,9.266906e-06
274.46973,0.8180468,0.8120034,0.07985884,0.018968102,2014-01-20 01:00:00,6.0,6.4436927e-06,4.7271797e-06,0.0,6.4436927e-06
273.9248,0.8139864,0.8073908,0.0100932345,0.024280224,2014-01-20 02:00:00,5.0,3.5269177e-06,3.54863e-06,0.0,3.5269177e-06
273.2068,0.9037207,0.9037207,0.0,0.0016249504,2014-01-20 03:00:00,5.0,3.33786e-06,3.0705978e-06,0.0,3.0705978e-06
273.0376,0.9695196,0.9695196,0.0,0.0,2014-01-20 04:00:00,5.0,3.853799e-06,3.982622e-06,1.8137865e-07,3.853799e-06
272.8274,0.95542717,0.95168126,0.09929341,0.0,2014-01-20 05:00:00,5.0,1.0836533e-05,1.0920012e-05,9.450284e-07,9.939253e-06
272.51855,0.9347027,0.9155898,0.7513222,0.11432004,2014-01-20 06:00:00,5.0,3.7308026e-05,3.6928614e-05,2.7963033e-06,3.427331e-05
272.27734,0.9812048,0.95280826,0.855671,0.7772112,2014-01-20 07:00:00,5.0,6.64777e-05,6.642315e-05,0.0,6.645912e-05
272.02173,0.998375,0.9660193,0.5115418,0.8341971,2014-01-20 08:00:00,5.0,6.696473e-05,6.699341e-05,0.0,6.696473e-05
272.0813,0.75167596,0.6954055,0.07472271,0.16599351,2014-01-20 09:00:00,5.0,5.1317504e-05,5.117002e-05,0.0,5.1107927e-05
271.65918,0.5517646,0.55123895,0.0033782488,0.00053172023,2014-01-20 10:00:00,5.0,4.1438543e-05,4.102844e-05,6.955448e-06,3.404438e-05
271.25488,0.6906559,0.6906559,0.0,0.0,2014-01-20 11:00:00,5.0,4.2735104e-05,4.253001e-05,7.69858e-06,3.486476e-05
270.2749,0.6055455,0.6055455,0.0,0.0,2014-01-20 12:00:00,5.0,2.9241419e-05,2.9227405e-05,9.815503e-07,2.8250579e-05
268.84033,0.84529865,0.84293497,0.48772186,0.0,2014-01-20 13:00:00,5.0,9.381618e-06,9.336355e-06,0.0,9.286122e-06
267.59106,0.9438838,0.91378725,0.87153715,0.0,2014-01-20 14:00:00,5.0,5.705395e-06,5.9724152e-06,0.0,6.086737e-06
265.99463,0.9955644,0.99503267,0.89974886,0.0,2014-01-20 15:00:00,5.0,1.7496233e-05,1.7403232e-05,0.0,1.7496233e-05
264.92627,0.98264045,0.98264045,0.86158854,0.04007092,2014-01-20 16:00:00,5.0,2.7530972e-05,2.7478585e-05,0.0,2.7530972e-05
264.00146,1.0,0.97000086,0.98786384,0.14288074,2014-01-20 17:00:00,5.0,3.779387e-05,3.791308e-05,0.0,3.779387e-05
263.35156,1.0,0.96916056,0.9966217,0.24417472,2014-01-20 18:00:00,5.0,2.6862486e-05,2.6733673e-05,0.0,2.6862486e-05
262.86694,0.9792827,0.902906,0.97090125,0.35842466,2014-01-20 19:00:00,5.0,3.180132e-05,3.1772885e-05,0.0,3.180132e-05
262.40674,1.0,0.9787362,0.96032906,0.53801703,2014-01-20 20:00:00,5.0,4.032864e-05,4.0161845e-05,0.0,3.9947307e-05
261.71265,1.0,0.9323099,0.9913481,0.91133195,2014-01-20 21:00:00,5.0,5.074279e-05,5.0420887e-05,0.0,5.074279e-05
260.50464,0.99627113,0.57004064,0.99627113,0.85404766,2014-01-20 22:00:00,5.0,6.524082e-05,6.526966e-05,0.0,6.524082e-05
259.6587,0.9946291,0.8663174,0.9800082,0.85189885,2014-01-20 23:00:00,5.0,5.3586497e-05,5.3474345e-05,0.0,5.3586497e-05
258.8672,0.945525,0.42607224,0.93360883,0.8767119,2014-01-21 00:00:00,5.0,3.28319e-05,3.297483e-05,0.0,3.28319e-05
257.92578,0.987575,0.06575167,0.8879111,0.97304034,2014-01-21 01:00:00,5.0,1.5605518e-05,1.570789e-05,0.0,1.5605518e-05
256.969,0.9398126,0.03417432,0.8894244,0.91578525,2014-01-21 02:00:00,5.0,2.9001149e-06,3.047926e-06,0.0,2.9001149e-06
255.65279,0.98882985,0.009492185,0.9721051,0.9422894,2014-01-21 03:00:00,0.0,1.9099144e-07,2.9097282e-07,0.0,1.9099144e-07
254.62373,0.8830615,0.010021467,0.8071826,0.8715604,2014-01-21 04:00:00,0.0,0.0,2.3873934e-08,0.0,0.0
253.72728,0.23838007,0.0015890491,0.10644293,0.2378484,2014-01-21 05:00:00,0.0,0.0,1.1936965e-08,0.0,0.0
252.85367,0.0,0.0,0.0,0.0,2014-01-21 06:00:00,0.0,0.0,1.1936965e-08,0.0,0.0
251.95622,0.0037098185,0.0037098185,0.0,0.0,2014-01-21 07:00:00,0.0,0.0,0.0,0.0,0.0
251.08336,0.038777117,0.038777117,0.0,0.0,2014-01-21 08:00:00,0.0,0.0,0.0,0.0,0.0
249.91963,0.13950294,0.13950294,0.0,0.0,2014-01-21 09:00:00,0.0,0.0,1.1936965e-08,0.0,0.0
249.14633,0.02590606,0.02590606,0.0,0.0,2014-01-21 10:00:00,0.0,0.0,1.1936965e-08,0.0,0.0
248.51144,0.013775833,0.013775833,0.0,0.0,2014-01-21 11:00:00,0.0,0.0,1.1936965e-08,0.0,0.0
247.54561,0.042994697,0.042994697,0.0,0.0,2014-01-21 12:00:00,0.0,0.0,0.0,0.0,0.0
246.5398,0.1727494,0.07469499,0.0,0.0980373,2014-01-21 13:00:00,0.0,0.0,0.0,0.0,0.0
246.62802,0.9920941,0.08676785,0.042693432,0.9915685,2014-01-21 14:00:00,0.0,0.0,0.0,0.0,0.0
248.04599,0.99946827,0.3449102,0.28710032,0.99946827,2014-01-21 15:00:00,0.0,0.0,2.3873934e-08,0.0,0.0
249.88496,0.9966217,0.20500457,0.70199335,0.9966217,2014-01-21 16:00:00,0.0,0.0,0.0,0.0,0.0
251.15593,1.0,0.26321495,0.9899067,1.0,2014-01-21 17:00:00,5.0,0.0,0.0,0.0,0.0
252.28516,1.0,0.14066553,0.998375,0.98999023,2014-01-21 18:00:00,5.0,2.6726156e-07,4.818062e-07,0.0,2.6726156e-07
253.41519,1.0,0.004767146,0.99946827,1.0,2014-01-21 19:00:00,5.0,1.2458687e-05,1.2570767e-05,0.0,1.2630453e-05
254.18382,1.0,0.0031780982,0.9923612,1.0,2014-01-21 20:00:00,5.0,3.7467675e-05,3.7484264e-05,0.0,3.7467675e-05
254.70201,1.0,0.0,0.98999023,0.9886323,2014-01-21 21:00:00,5.0,6.840764e-05,6.8684196e-05,0.0,6.840764e-05
255.03012,1.0,0.012186784,1.0,0.94540334,2014-01-21 22:00:00,5.0,8.460086e-05,8.4496074e-05,0.0,8.4391286e-05
254.97737,0.9942508,0.30134928,0.99319345,0.0,2014-01-21 23:00:00,5.0,5.417489e-05,5.442284e-05,0.0,5.417489e-05
254.92328,1.0,0.01851124,1.0,0.01173529,2014-01-22 00:00:00,5.0,3.5766658e-05,3.5709454e-05,0.0,3.5766658e-05
255.23703,0.998375,0.22364742,0.9946291,0.5387854,2014-01-22 01:00:00,5.0,5.92797e-05,5.945163e-05,0.0,5.92797e-05
255.61594,0.98563516,0.6119774,0.8752015,0.93198425,2014-01-22 02:00:00,5.0,7.079619e-05,7.081525e-05,0.0,7.079619e-05
256.34448,0.9063176,0.38489878,0.8936722,0.30986553,2014-01-22 03:00:00,5.0,5.8911784e-05,5.8768943e-05,0.0,5.8911784e-05
256.88354,0.9603915,0.47280252,0.9577031,0.0,2014-01-22 04:00:00,5.0,9.121945e-05,9.1405236e-05,0.0,9.121945e-05
257.8982,0.97335166,0.77937895,0.9685655,0.0,2014-01-22 05:00:00,5.0,0.00014185322,0.00014177935,0.0,0.00014185322
258.4939,0.98211485,0.9397881,0.97349405,0.0,2014-01-22 06:00:00,5.0,0.00012861451,0.00012881728,0.0,0.00012871002
258.8291,0.94305235,0.9375202,0.6604553,0.0,2014-01-22 07:00:00,5.0,0.00010263969,0.000102692415,0.0,0.00010263969
258.80933,0.87562513,0.87562513,0.18238938,0.0,2014-01-22 08:00:00,5.0,4.8420654e-05,4.8363378e-05,0.0,4.8420654e-05
258.74805,0.65255743,0.65255743,0.0063309744,0.0,2014-01-22 09:00:00,5.0,1.4092927e-05,1.4143321e-05,0.0,1.3978847e-05
257.90137,0.26868498,0.26706004,0.0032499009,0.0,2014-01-22 10:00:00,5.0,1.9457993e-06,1.6384829e-06,0.0,1.6599533e-06
257.47656,0.56554097,0.27744734,0.4646026,0.0,2014-01-22 11:00:00,5.0,4.9606274e-07,5.583135e-07,0.0,6.4924456e-07
257.5542,0.9793362,0.8005016,0.96662384,0.0,2014-01-22 12:00:00,5.0,7.2871635e-06,7.141757e-06,0.0,7.2871635e-06
258.05957,1.0,0.9588982,0.98927194,0.0,2014-01-22 13:00:00,5.0,4.999037e-05,4.9942624e-05,0.0,4.999037e-05
258.34497,0.94124424,0.9056771,0.8861332,0.0,2014-01-22 14:00:00,5.0,6.0594175e-05,6.0494043e-05,0.0,6.0594175e-05
258.39038,0.9339795,0.9282547,0.7339714,0.0,2014-01-22 15:00:00,5.0,3.1660922e-05,3.180353e-05,0.0,3.177501e-05
258.07715,0.9635857,0.9635857,0.13867694,0.0,2014-01-22 16:00:00,5.0,3.2387732e-05,3.2558775e-05,0.0,3.2387732e-05
257.5437,0.9647412,0.9647412,0.00053172023,0.0,2014-01-22 17:00:00,5.0,2.5673566e-05,2.6007474e-05,0.0,2.5673566e-05
257.10547,1.0,1.0,0.0,0.0,2014-01-22 18:00:00,5.0,1.724303e-05,1.7624378e-05,0.0,1.724303e-05
256.7456,0.99525803,0.99525803,0.0,0.0,2014-01-22 19:00:00,5.0,1.2531713e-05,1.2698347e-05,0.0,1.2531713e-05
256.51392,0.9944678,0.9944678,0.0,0.0,2014-01-22 20:00:00,5.0,1.0052672e-05,1.00619645e-05,0.0,1.0071257e-05
256.406,0.99286187,0.99286187,0.0,0.0,2014-01-22 21:00:00,5.0,8.354899e-06,8.464333e-06,0.0,8.354899e-06
255.8058,0.98675096,0.98675096,0.0,0.0,2014-01-22 22:00:00,5.0,5.4746506e-06,5.4461307e-06,0.0,5.4746506e-06
255.19174,0.9452617,0.9452617,0.0,0.0,2014-01-22 23:00:00,5.0,1.6593121e-06,1.7214816e-06,0.0,1.6593121e-06
254.58267,0.67530656,0.67530656,0.0,0.0,2014-01-23 00:00:00,5.0,8.774042e-07,1.0323438e-06,0.0,8.774042e-07
253.995,0.09256387,0.09256387,0.0,0.0,2014-01-23 01:00:00,5.0,5.7233285e-07,4.8636974e-07,0.0,5.7233285e-07
253.53322,0.073957205,0.073957205,0.0,0.0,2014-01-23 02:00:00,5.0,2.0957555e-07,2.6701872e-07,0.0,2.0957555e-07
252.99292,0.41293043,0.41293043,0.0,0.0,2014-01-23 03:00:00,5.0,2.0957555e-07,4.290079e-07,0.0,3.909542e-07
252.35446,0.4734658,0.4734658,0.0,0.0,2014-01-23 04:00:00,5.0,1.372825e-06,1.4015068e-06,0.0,1.372825e-06
251.84737,0.390696,0.390696,0.0,0.0,2014-01-23 05:00:00,5.0,1.8496621e-06,1.9094286e-06,0.0,1.8496621e-06
251.24779,0.42585254,0.42585254,0.0,0.0,2014-01-23 06:00:00,5.0,1.5445912e-06,1.3921344e-06,0.0,1.5445912e-06
250.73285,0.93806034,0.93806034,0.0,0.0,2014-01-23 07:00:00,5.0,1.1632492e-06,1.096596e-06,0.0,1.1632492e-06
250.18959,0.67607033,0.67607033,0.0,0.0,2014-01-23 08:00:00,5.0,4.7683716e-07,4.3389565e-07,0.0,4.7683716e-07
249.51903,0.30329067,0.30329067,0.0,0.0,2014-01-23 09:00:00,5.0,0.0,4.7747868e-08,0.0,0.0
248.70683,0.1539728,0.1539728,0.0,0.0,2014-01-23 10:00:00,0.0,9.549569e-08,7.16218e-08,0.0,9.549569e-08
248.13116,0.49780464,0.49780464,0.0,0.0,2014-01-23 11:00:00,0.0,9.549569e-08,1.0014173e-07,0.0,0.0
247.51535,0.70113033,0.70113033,0.0,0.0,2014-01-23 12:00:00,0.0,0.0,4.7747868e-08,0.0,0.0
246.9931,0.69446075,0.69446075,0.0,0.0,2014-01-23 13:00:00,0.0,0.0,0.0,0.0,0.0
246.65976,0.61472934,0.61472934,0.0,0.0,2014-01-23 14:00:00,0.0,0.0,0.0,0.0,0.0
247.39062,0.5026617,0.5026617,0.0,0.0,2014-01-23 15:00:00,5.0,0.0,0.0,0.0,0.0
248.82884,0.9162116,0.9162116,0.0,0.0,2014-01-23 16:00:00,5.0,0.0,2.0012311e-07,0.0,0.0
249.82657,1.0,1.0,0.0,0.0,2014-01-23 17:00:00,5.0,4.191511e-07,4.95742e-07,0.0,4.191511e-07
251.01044,0.8295255,0.8295255,0.0,0.0,2014-01-23 18:00:00,5.0,0.0,2.1935102e-07,0.0,0.0
251.82959,0.61827034,0.61827034,0.0,0.0,2014-01-23 19:00:00,5.0,0.0,0.0,0.0,0.0
252.44014,0.7118921,0.7118921,0.0,0.0,2014-01-23 20:00:00,5.0,0.0,0.0,0.0,0.0
253.0487,0.9918581,0.9918581,0.0,0.0,2014-01-23 21:00:00,5.0,0.0,0.0,0.0,0.0
252.74832,0.58163905,0.58163905,0.0,0.0,2014-01-23 22:00:00,5.0,0.0,9.06893e-08,0.0,0.0
252.51515,0.05108784,0.05108784,0.0,0.0,2014-01-23 23:00:00,5.0,9.549569e-08,3.5298183e-07,0.0,4.7683716e-07
251.4425,0.0057492107,0.0057492107,0.0,0.0,2014-01-24 00:00:00,5.0,8.5817857e-07,8.915049e-07,0.0,8.5817857e-07
250.68764,0.88743395,0.080801964,0.0,0.88743395,2014-01-24 01:00:00,0.0,0.0,1.7624916e-07,0.0,1.14079796e-07
250.37732,0.8840395,0.013471484,0.016283713,0.88077253,2014-01-24 02:00:00,0.0,0.0,2.8519953e-08,0.0,0.0
250.94559,0.2938035,0.030304112,0.23000675,0.18540376,2014-01-24 03:00:00,0.0,0.0,0.0,0.0,0.0
251.91345,0.8457734,0.013471484,0.07841796,0.84340245,2014-01-24 04:00:00,0.0,0.0,0.0,0.0,0.0
253.53317,0.9850114,0.013471484,0.12034178,0.9850114,2014-01-24 05:00:00,0.0,0.0,0.0,0.0,0.0
255.15364,0.99946827,0.0,0.8193677,0.99946827,2014-01-24 06:00:00,0.0,0.0,0.0,0.0,0.0
257.31323,1.0,0.0,1.0,1.0,2014-01-24 07:00:00,0.0,0.0,0.0,0.0,0.0
259.19995,0.9878863,0.0,0.9878863,0.9787866,2014-01-24 08:00:00,5.0,0.0,0.0,0.0,0.0
261.25732,0.99946827,0.0,0.9978792,0.94301695,2014-01-24 09:00:00,5.0,1.9067065e-06,1.887639e-06,0.0,2.0022026e-06
262.75977,1.0,0.08674127,1.0,0.7694848,2014-01-24 10:00:00,5.0,3.530005e-05,3.541926e-05,0.0,3.530005e-05
263.66455,0.998375,0.65507007,0.998375,0.016121574,2014-01-24 11:00:00,5.0,0.00017981125,0.00017993992,0.0,0.00017981125
264.54468,0.9850642,0.8060837,0.98343927,0.0,2014-01-24 12:00:00,5.0,0.00028854655,0.00028847996,0.0,0.00028854655
265.50122,0.9870397,0.8342298,0.97007895,0.19504136,2014-01-24 13:00:00,5.0,0.00026579644,0.0002657869,0.0,0.00026600598
266.2473,0.9880506,0.8393956,0.90549,0.88825816,2014-01-24 14:00:00,5.0,9.615558e-05,9.608395e-05,0.0,9.615558e-05
267.49927,0.97478735,0.82109296,0.79910475,0.78621876,2014-01-24 15:00:00,5.0,2.6165755e-05,2.622792e-05,0.0,2.6433016e-05
267.84766,0.99371904,0.8224468,0.15122932,0.9834007,2014-01-24 16:00:00,5.0,1.159533e-05,1.156665e-05,0.0,1.1499835e-05
270.64746,1.0,0.98182,0.68271834,0.99336845,2014-01-24 17:00:00,5.0,3.4711647e-06,3.5950206e-06,0.0,3.5852445e-06
271.3213,1.0,0.99609,0.94708174,0.99841094,2014-01-24 18:00:00,5.0,3.2801736e-06,2.9702933e-06,0.0,2.8988325e-06
272.3672,1.0,1.0,0.9915651,1.0,2014-01-24 19:00:00,5.0,5.5466982e-05,5.610133e-05,0.0,5.621108e-05
272.94946,1.0,0.987647,0.98663634,1.0,2014-01-24 20:00:00,5.0,0.00017597916,0.00017578849,0.0,0.00017597916
273.2954,1.0,0.99627113,1.0,0.97369415,2014-01-24 21:00:00,6.0,0.00025023613,0.0002502934,0.0,0.00025023613
273.40308,1.0,1.0,1.0,0.99946827,2014-01-24 22:00:00,6.0,0.000530364,0.00052864314,1.0385902e-06,0.00052927784
273.3877,1.0,1.0,1.0,0.69130933,2014-01-24 23:00:00,6.0,0.00074613467,0.00074357144,1.1815127e-06,0.00074514374
273.61475,0.998375,0.998375,0.9645416,0.0,2014-01-25 00:00:00,6.0,0.0004828819,0.0004796707,8.767626e-07,0.00048238644
273.92065,0.9871681,0.9793321,0.65422314,0.0,2014-01-25 01:00:00,6.0,0.00017814596,0.00017246444,2.5828604e-06,0.00017570602
274.073,0.99450094,0.99397534,0.46793282,0.0,2014-01-25 02:00:00,6.0,4.997682e-05,4.268471e-05,5.8739215e-06,4.415994e-05
273.80273,0.9966217,0.9966217,0.3442176,0.0,2014-01-25 03:00:00,5.0,1.1061439e-05,1.0529164e-05,5.3451856e-07,1.0583961e-05
273.20264,0.9966217,0.9966217,0.138619,0.0,2014-01-25 04:00:00,5.0,9.189985e-06,9.018221e-06,2.0028352e-07,8.9989935e-06
272.0005,0.995161,0.995161,0.0036929322,0.0,2014-01-25 05:00:00,5.0,7.3999327e-06,7.5785865e-06,7.639659e-07,6.826638e-06
269.69678,0.7527957,0.7527957,0.0,0.0,2014-01-25 06:00:00,5.0,1.277971e-06,1.4351535e-06,0.0,1.4208936e-06
267.18604,0.3162217,0.3162217,0.0,0.0,2014-01-25 07:00:00,5.0,2.1553751e-06,2.2342892e-06,0.0,2.1553751e-06
264.93262,0.28574932,0.28574932,0.0,0.0,2014-01-25 08:00:00,5.0,4.0056705e-07,4.5063905e-07,0.0,4.0056705e-07
262.6172,0.10268909,0.10268909,0.0,0.0,2014-01-25 09:00:00,5.0,2.0957555e-07,2.4787096e-07,0.0,2.0957555e-07
260.66846,0.26746494,0.26746494,0.0,0.0,2014-01-25 10:00:00,5.0,4.191511e-07,4.2412017e-07,0.0,4.191511e-07
259.36865,0.6391657,0.6391657,0.0,0.0,2014-01-25 11:00:00,5.0,4.191511e-07,7.5306656e-07,0.0,4.191511e-07
258.44824,1.0,1.0,0.0,0.0,2014-01-25 12:00:00,5.0,4.191511e-07,8.388682e-07,0.0,4.191511e-07
257.62744,0.9920357,0.9920357,0.0,0.0,2014-01-25 13:00:00,5.0,4.191511e-07,7.411296e-07,0.0,4.191511e-07
257.10498,0.9479846,0.9479846,0.0,0.0,2014-01-25 14:00:00,5.0,1.1818338e-06,1.0103904e-06,0.0,1.1818338e-06
257.07886,0.6140648,0.6140648,0.0,0.0,2014-01-25 15:00:00,5.0,1.1818338e-06,1.0342646e-06,0.0,1.1818338e-06
257.53052,0.835076,0.835076,0.0,0.0,2014-01-25 16:00:00,5.0,3.317342e-06,3.250364e-06,0.0,3.317342e-06
258.08423,0.9957922,0.9873767,0.0,0.14446735,2014-01-25 17:00:00,5.0,6.253984e-06,6.521246e-06,0.0,6.253984e-06
258.6621,0.99946827,0.9920993,0.0,0.8575217,2014-01-25 18:00:00,5.0,2.7456508e-06,2.6789976e-06,0.0,2.7456508e-06
259.30518,1.0,0.83510226,0.0,0.9966217,2014-01-25 19:00:00,5.0,0.0,0.0,0.0,0.0
259.71802,0.9031428,0.47505993,0.0,0.8586433,2014-01-25 20:00:00,0.0,0.0,0.0,0.0,0.0
260.12207,0.4758134,0.05297645,0.0,0.42283696,2014-01-25 21:00:00,0.0,0.0,0.0,0.0,0.0
259.62793,0.9820809,0.0047394857,0.9154968,0.96762735,2014-01-25 22:00:00,0.0,0.0,0.0,0.0,0.0
258.96118,0.99273616,0.0,0.99273616,0.8944581,2014-01-25 23:00:00,0.0,0.0,0.0,0.0,0.0
258.35254,1.0,0.0,1.0,0.987563,2014-01-26 00:00:00,5.0,0.0,0.0,0.0,0.0
258.27856,1.0,0.0,1.0,1.0,2014-01-26 01:00:00,5.0,5.3452317e-07,8.612279e-07,0.0,8.017848e-07
258.88916,1.0,0.0,1.0,1.0,2014-01-26 02:00:00,5.0,2.1998654e-05,2.2082138e-05,0.0,2.1998654e-05
259.11523,1.0,0.0,1.0,1.0,2014-01-26 03:00:00,5.0,0.00020068593,0.00020084568,0.0,0.00020078143
258.84448,1.0,0.045514025,1.0,1.0,2014-01-26 04:00:00,5.0,0.00049827783,0.00049810344,0.0,0.00049827783
258.6587,1.0,0.44460118,1.0,0.70067376,2014-01-26 05:00:00,5.0,0.0006768848,0.0006773332,0.0,0.0006773616
258.76196,1.0,0.9397703,1.0,0.0,2014-01-26 06:00:00,5.0,0.000749476,0.000749493,0.0,0.000749476
258.97192,0.985362,0.97190034,0.97079724,0.0,2014-01-26 07:00:00,5.0,0.0008262752,0.00082652806,0.0,0.0008262752
258.96313,0.9966217,0.9899067,0.97917145,0.0,2014-01-26 08:00:00,5.0,0.0005236163,0.0005236517,0.0,0.0005236163
259.10474,1.0,1.0,0.977829,0.028938081,2014-01-26 09:00:00,5.0,0.00036960887,0.00036936114,0.0,0.0003692275
259.09668,0.98253775,0.982006,0.50512296,0.0,2014-01-26 10:00:00,5.0,0.00022909825,0.000228922,0.0,0.00022909825
259.05542,0.94962907,0.94962907,0.0,0.0,2014-01-26 11:00:00,5.0,0.000115548944,0.000115587245,0.0,0.000115548944
259.12573,0.97023153,0.96421766,0.01336024,0.4633428,2014-01-26 12:00:00,5.0,7.113327e-05,7.112381e-05,0.0,7.1305025e-05
259.07397,0.989993,0.9749867,0.07159686,0.5093962,2014-01-26 13:00:00,5.0,2.7728296e-05,2.7766597e-05,0.0,2.7728296e-05
259.542,0.98999023,0.9314645,0.38703412,0.8737769,2014-01-26 14:00:00,5.0,3.3945136e-05,3.3807344e-05,0.0,3.3945136e-05
260.7146,0.99368834,0.93898576,0.17919594,0.8049248,2014-01-26 15:00:00,5.0,9.799486e-06,9.265932e-06,0.0,9.799486e-06
262.55054,0.5456813,0.20028448,0.012419514,0.43669897,2014-01-26 16:00:00,5.0,0.0,1.7624916e-07,0.0,0.0
263.93628,0.91484314,0.54219097,0.8677754,0.0015890491,2014-01-26 17:00:00,5.0,1.1408225e-05,1.1388674e-05,0.0,1.1255042e-05
264.45776,1.0,0.85590005,0.9949968,0.0,2014-01-26 18:00:00,5.0,6.777179e-05,6.780063e-05,0.0,6.777179e-05
264.30396,0.9828581,0.8966587,0.85697937,0.0,2014-01-26 19:00:00,5.0,3.7045887e-05,3.7198435e-05,0.0,3.7045887e-05
263.61084,0.90698266,0.8956343,0.06739223,0.0,2014-01-26 20:00:00,5.0,3.977037e-05,3.93315e-05,0.0,3.9389022e-05
262.29175,0.88044024,0.88044024,0.03519607,0.0,2014-01-26 21:00:00,5.0,2.643367e-05,2.6352427e-05,0.0,2.643367e-05
259.71948,0.7696226,0.7612656,0.19546723,0.0,2014-01-26 22:00:00,5.0,2.008419e-05,1.9969622e-05,0.0,2.008419e-05
258.21558,0.80386037,0.67161953,0.6682494,0.0,2014-01-26 23:00:00,5.0,1.9624e-05,1.953845e-05,0.0,1.9624e-05
257.3733,0.9670844,0.93726635,0.9194287,0.0,2014-01-27 00:00:00,5.0,2.7784045e-05,2.784132e-05,0.0,2.7784045e-05
256.60352,1.0,1.0,0.86716354,0.0,2014-01-27 01:00:00,5.0,2.3226545e-05,2.3364977e-05,0.0,2.3226545e-05
256.06396,0.995108,0.995108,0.53126717,0.0,2014-01-27 02:00:00,5.0,1.8783758e-05,1.8841121e-05,0.0,1.8783758e-05
255.18893,0.97755116,0.9718263,0.26929617,0.0,2014-01-27 03:00:00,5.0,1.2663084e-05,1.27224475e-05,0.0,1.2663084e-05
254.27565,0.98633075,0.98633075,0.021948047,0.0,2014-01-27 04:00:00,5.0,9.401494e-06,9.37049e-06,0.0,9.401494e-06
253.34277,0.99159825,0.99159825,0.0,0.0,2014-01-27 05:00:00,5.0,7.665912e-06,7.761247e-06,0.0,7.665912e-06
252.25003,0.997629,0.997629,0.0,0.0,2014-01-27 06:00:00,5.0,7.1890745e-06,7.069865e-06,0.0,7.1890745e-06
251.2455,1.0,1.0,0.0,0.0,2014-01-27 07:00:00,5.0,3.8903163e-06,3.961778e-06,0.0,3.8903163e-06
250.21867,0.99604,0.99604,0.0,0.0,2014-01-27 08:00:00,5.0,3.2039034e-06,3.2324233e-06,0.0,3.2039034e-06
249.45697,0.9942007,0.9942007,0.0,0.0,2014-01-27 09:00:00,5.0,2.7270662e-06,2.7104034e-06,0.0,2.7270662e-06
248.63669,1.0,1.0,0.0,0.0,2014-01-27 10:00:00,5.0,2.250229e-06,2.3241755e-06,0.0,2.250229e-06
248.07535,0.9978792,0.9978792,0.0,0.0,2014-01-27 11:00:00,5.0,1.9451581e-06,1.9117506e-06,0.0,1.9451581e-06
247.68265,0.9942007,0.9942007,0.0,0.0,2014-01-27 12:00:00,5.0,1.468321e-06,1.5613332e-06,0.0,1.468321e-06
247.16356,1.0,1.0,0.0,0.0,2014-01-27 13:00:00,5.0,1.2587452e-06,1.2181263e-06,0.0,1.2587452e-06
246.81453,1.0,1.0,0.0,0.0,2014-01-27 14:00:00,5.0,7.8190845e-07,9.034407e-07,0.0,7.8190845e-07
247.47914,0.46642363,0.46642363,0.0,0.0,2014-01-27 15:00:00,5.0,4.191511e-07,5.864313e-07,0.0,7.8190845e-07
248.29822,0.8641914,0.8641914,0.0,0.0,2014-01-27 16:00:00,5.0,0.0,1.812171e-07,0.0,9.549569e-08
249.30827,1.0,1.0,0.0,0.0,2014-01-27 17:00:00,5.0,3.050713e-07,3.7901725e-07,0.0,3.050713e-07
250.31409,1.0,1.0,0.0,0.0,2014-01-27 18:00:00,5.0,9.549569e-08,2.5508172e-07,0.0,9.549569e-08
251.15762,0.9932679,0.9932679,0.0,0.0,2014-01-27 19:00:00,5.0,0.0,1.1936965e-08,0.0,0.0
251.84929,0.99262583,0.99262583,0.0,0.0,2014-01-27 20:00:00,5.0,0.0,1.1936965e-08,0.0,0.0
252.27101,0.78887695,0.78887695,0.0,0.0,2014-01-27 21:00:00,5.0,0.0,0.0,0.0,0.0
252.13708,0.0,0.0,0.0,0.0,2014-01-27 22:00:00,5.0,0.0,0.0,0.0,0.0
251.42606,0.0,0.0,0.0,0.0,2014-01-27 23:00:00,5.0,0.0,0.0,0.0,0.0
250.48775,0.0,0.0,0.0,0.0,2014-01-28 00:00:00,0.0,0.0,0.0,0.0,0.0
249.89143,0.0,0.0,0.0,0.0,2014-01-28 01:00:00,0.0,0.0,0.0,0.0,0.0
249.4977,0.0,0.0,0.0,0.0,2014-01-28 02:00:00,0.0,0.0,0.0,0.0,0.0
248.72975,0.0,0.0,0.0,0.0,2014-01-28 03:00:00,0.0,0.0,0.0,0.0,0.0
248.18207,0.0,0.0,0.0,0.0,2014-01-28 04:00:00,0.0,0.0,0.0,0.0,0.0
247.74742,0.0,0.0,0.0,0.0,2014-01-28 05:00:00,0.0,0.0,0.0,0.0,0.0
247.2495,0.0,0.0,0.0,0.0,2014-01-28 06:00:00,0.0,0.0,0.0,0.0,0.0
246.93163,0.0,0.0,0.0,0.0,2014-01-28 07:00:00,0.0,0.0,0.0,0.0,0.0
246.69806,0.0,0.0,0.0,0.0,2014-01-28 08:00:00,0.0,0.0,0.0,0.0,0.0
246.43427,0.0,0.0,0.0,0.0,2014-01-28 09:00:00,0.0,0.0,0.0,0.0,0.0
245.98116,0.0,0.0,0.0,0.0,2014-01-28 10:00:00,0.0,0.0,0.0,0.0,0.0
245.97234,0.0,0.0,0.0,0.0,2014-01-28 11:00:00,0.0,0.0,0.0,0.0,0.0
245.85732,0.0,0.0,0.0,0.0,2014-01-28 12:00:00,0.0,0.0,0.0,0.0,0.0
245.91765,0.0,0.0,0.0,0.0,2014-01-28 13:00:00,0.0,0.0,0.0,0.0,0.0
245.94553,0.0,0.0,0.0,0.0,2014-01-28 14:00:00,0.0,0.0,0.0,0.0,0.0
247.84569,0.0,0.0,0.0,0.0,2014-01-28 15:00:00,0.0,0.0,0.0,0.0,0.0
249.64165,0.0,0.0,0.0,0.0,2014-01-28 16:00:00,0.0,0.0,0.0,0.0,0.0
251.32771,0.0,0.0,0.0,0.0,2014-01-28 17:00:00,5.0,0.0,0.0,0.0,0.0
252.62401,0.0,0.0,0.0,0.0,2014-01-28 18:00:00,0.0,0.0,0.0,0.0,0.0
253.67578,0.0,0.0,0.0,0.0,2014-01-28 19:00:00,0.0,0.0,0.0,0.0,0.0
254.37308,0.0,0.0,0.0,0.0,2014-01-28 20:00:00,0.0,0.0,0.0,0.0,0.0
254.8263,0.004767146,0.004767146,0.0,0.0,2014-01-28 21:00:00,0.0,0.0,0.0,0.0,0.0
255.03316,0.11060089,0.0,0.0,0.11060089,2014-01-28 22:00:00,0.0,0.0,0.0,0.0,0.0
254.81409,0.43764126,0.0,0.16209829,0.37879807,2014-01-28 23:00:00,0.0,0.0,0.0,0.0,0.0
254.35663,0.63589454,0.0,0.028463978,0.63589454,2014-01-29 00:00:00,0.0,0.0,0.0,0.0,0.0
253.865,0.18043554,0.0,0.049548965,0.17596072,2014-01-29 01:00:00,0.0,0.0,0.0,0.0,0.0
253.55095,0.16630709,0.0,0.055763338,0.14784223,2014-01-29 02:00:00,0.0,0.0,0.0,0.0,0.0
253.2963,0.34801435,0.0,0.23457009,0.27761304,2014-01-29 03:00:00,0.0,0.0,0.0,0.0,0.0
252.99318,0.011348315,0.0,0.010822706,0.010822706,2014-01-29 04:00:00,0.0,0.0,0.0,0.0,0.0
252.7695,0.0,0.0,0.0,0.0,2014-01-29 05:00:00,0.0,0.0,0.0,0.0,0.0
252.43907,0.0,0.0,0.0,0.0,2014-01-29 06:00:00,0.0,0.0,0.0,0.0,0.0
252.24669,0.0,0.0,0.0,0.0,2014-01-29 07:00:00,0.0,0.0,0.0,0.0,0.0
252.09286,0.0,0.0,0.0,0.0,2014-01-29 08:00:00,0.0,0.0,0.0,0.0,0.0
251.81128,0.0,0.0,0.0,0.0,2014-01-29 09:00:00,0.0,0.0,0.0,0.0,0.0
252.0661,0.0,0.0,0.0,0.0,2014-01-29 10:00:00,0.0,0.0,0.0,0.0,0.0
251.58066,0.0,0.0,0.0,0.0,2014-01-29 11:00:00,0.0,0.0,0.0,0.0,0.0
251.42578,0.0,0.0,0.0,0.0,2014-01-29 12:00:00,0.0,0.0,0.0,0.0,0.0
251.05882,0.0,0.0,0.0,0.0,2014-01-29 13:00:00,0.0,0.0,0.0,0.0,0.0
251.36958,0.1653248,0.0,0.0,0.1653248,2014-01-29 14:00:00,0.0,0.0,0.0,0.0,0.0
254.05116,0.87482715,0.0,0.0,0.87482715,2014-01-29 15:00:00,0.0,0.0,0.0,0.0,0.0
257.81226,0.9621321,0.0,0.0,0.9621321,2014-01-29 16:00:00,0.0,0.0,0.0,0.0,0.0
261.3086,0.95667976,0.0,0.0,0.95667976,2014-01-29 17:00:00,0.0,0.0,0.0,0.0,0.0
264.10132,0.8850061,0.0,0.0,0.8850061,2014-01-29 18:00:00,0.0,0.0,0.0,0.0,0.0
266.42114,0.83688056,0.0,0.0,0.83688056,2014-01-29 19:00:00,0.0,0.0,0.0,0.0,0.0
268.02075,0.77936494,0.0,0.014456838,0.77936494,2014-01-29 20:00:00,0.0,0.0,0.0,0.0,0.0
269.4021,0.8536906,0.0,0.00053172023,0.8536906,2014-01-29 21:00:00,0.0,0.0,0.0,0.0,0.0
269.99658,0.7346586,0.0,0.0,0.7346586,2014-01-29 22:00:00,0.0,0.0,0.0,0.0,0.0
270.458,0.74103445,0.0,0.0,0.74103445,2014-01-29 23:00:00,0.0,0.0,0.0,0.0,0.0
270.84082,0.86620116,0.0,0.0016249504,0.86620116,2014-01-30 00:00:00,0.0,0.0,0.0,0.0,0.0
271.55176,0.56268114,0.0,0.2385742,0.440439,2014-01-30 01:00:00,0.0,0.0,0.0,0.0,0.0
272.16382,0.67038375,0.0,0.04952582,0.64566606,2014-01-30 02:00:00,0.0,0.0,0.0,0.0,0.0
271.8274,1.0,0.0,0.0,1.0,2014-01-30 03:00:00,0.0,0.0,0.0,0.0,0.0
270.98926,1.0,0.0,0.0,1.0,2014-01-30 04:00:00,0.0,0.0,0.0,0.0,0.0
269.79492,1.0,0.0,0.0,1.0,2014-01-30 05:00:00,0.0,0.0,0.0,0.0,0.0
268.84424,1.0,0.0,0.6683331,1.0,2014-01-30 06:00:00,0.0,0.0,0.0,0.0,0.0
269.31226,1.0,0.0,0.9970973,1.0,2014-01-30 07:00:00,5.0,0.0,0.0,0.0,0.0
268.42456,1.0,0.0,1.0,1.0,2014-01-30 08:00:00,5.0,7.626828e-07,1.2495375e-06,0.0,1.2972059e-06
268.93286,1.0,0.0,1.0,1.0,2014-01-30 09:00:00,5.0,9.804664e-06,9.868913e-06,0.0,1.001424e-05
268.39917,1.0,0.0016249504,1.0,1.0,2014-01-30 10:00:00,5.0,4.1199033e-05,4.129902e-05,0.0,4.131312e-05
268.1057,1.0,0.023400724,1.0,1.0,2014-01-30 11:00:00,5.0,0.000104826075,0.00010509101,0.0,0.000105093335
267.42334,1.0,0.121653795,1.0,1.0,2014-01-30 12:00:00,5.0,0.0002672763,0.000267162,0.0,0.00026716222
267.07544,1.0,0.73335946,1.0,1.0,2014-01-30 13:00:00,5.0,0.0008596906,0.0008595593,0.0,0.0008596906
266.4917,1.0,0.9918581,1.0,1.0,2014-01-30 14:00:00,5.0,0.0016014539,0.0016014013,0.0,0.0016014539
265.34668,1.0,0.9750255,1.0,1.0,2014-01-30 15:00:00,5.0,0.0016425883,0.001642378,0.0,0.0016424351
264.87207,1.0,0.98999023,1.0,0.99736434,2014-01-30 16:00:00,5.0,0.0012464633,0.0012460866,0.0,0.001246196
264.5957,1.0,0.8568982,0.98811215,0.9863557,2014-01-30 17:00:00,5.0,0.0006933769,0.00069334824,0.0,0.0006932814
264.7102,0.96572864,0.93763185,0.38893312,0.6537631,2014-01-30 18:00:00,5.0,0.0002102297,0.00021027696,0.0,0.00021034379
265.33643,0.27658367,0.27421266,0.0031780982,0.00897735,2014-01-30 19:00:00,0.0,1.1329343e-05,1.1620155e-05,0.0,1.1329343e-05
265.5359,0.04199511,0.04199511,0.0,0.0,2014-01-30 20:00:00,0.0,1.9099144e-07,2.5996832e-07,0.0,1.9099144e-07
265.31323,0.042822506,0.03861474,0.0,0.004207764,2014-01-30 21:00:00,0.0,0.0,0.0,0.0,0.0
264.33447,0.13183361,0.13023841,0.0,0.0015890491,2014-01-30 22:00:00,0.0,0.0,0.0,0.0,0.0
262.8921,0.15993929,0.15993929,0.0,0.0,2014-01-30 23:00:00,0.0,0.0,0.0,0.0,0.0
261.3335,0.5897893,0.5897893,0.0,0.0,2014-01-31 00:00:00,0.0,0.0,4.7747868e-08,0.0,0.0
259.771,0.94374204,0.94374204,0.0,0.0,2014-01-31 01:00:00,0.0,0.0,1.0014173e-07,0.0,9.549569e-08
258.38037,0.97886103,0.97886103,0.01000702,0.0,2014-01-31 02:00:00,0.0,0.0,1.2866167e-07,0.0,9.549569e-08
256.52783,0.9870951,0.9870951,0.0015890491,0.0,2014-01-31 03:00:00,0.0,2.0957555e-07,2.2399706e-07,0.0,2.0957555e-07
255.55661,0.9823532,0.9823532,0.0,0.042981144,2014-01-31 04:00:00,0.0,2.0957555e-07,1.9547707e-07,0.0,2.0957555e-07
254.58968,0.99525803,0.99525803,0.0,0.0,2014-01-31 05:00:00,0.0,9.549569e-08,1.9547707e-07,0.0,9.549569e-08
253.67308,1.0,1.0,0.0,0.051387403,2014-01-31 06:00:00,0.0,9.549569e-08,1.7160318e-07,0.0,9.549569e-08
252.99675,1.0,0.9957922,0.0,0.47118026,2014-01-31 07:00:00,5.0,1.372825e-06,1.4059906e-06,0.0,1.2773289e-06
252.41948,0.7650892,0.40676594,0.0,0.71283704,2014-01-31 08:00:00,0.0,1.9099144e-07,2.7639095e-07,0.0,2.0957555e-07
251.71222,0.40206945,0.19303417,0.0,0.31710654,2014-01-31 09:00:00,0.0,0.0,3.8133912e-08,0.0,0.0
250.62898,0.3141892,0.02332883,0.0,0.29796714,2014-01-31 10:00:00,0.0,0.0,2.6196943e-08,0.0,0.0
250.3505,0.7990983,0.0,0.0,0.7990983,2014-01-31 11:00:00,0.0,0.0,0.0,0.0,0.0
249.80049,0.9584153,0.0,0.0,0.9584153,2014-01-31 12:00:00,0.0,0.0,0.0,0.0,0.0
249.28831,0.9795911,0.0,0.0,0.9795911,2014-01-31 13:00:00,0.0,0.0,0.0,0.0,0.0
249.04326,0.96323204,0.0,0.0,0.96323204,2014-01-31 14:00:00,0.0,0.0,0.0,0.0,0.0
250.58218,0.76121604,0.0,0.0,0.76121604,2014-01-31 15:00:00,0.0,0.0,0.0,0.0,0.0
253.65674,0.50218153,0.0,0.0,0.50218153,2014-01-31 16:00:00,0.0,0.0,0.0,0.0,0.0
255.74727,0.016922597,0.0,0.0,0.016922597,2014-01-31 17:00:00,0.0,0.0,0.0,0.0,0.0
257.24463,0.019558199,0.0,0.0,0.019558199,2014-01-31 18:00:00,0.0,0.0,0.0,0.0,0.0
258.2461,0.0015890491,0.0,0.0,0.0015890491,2014-01-31 19:00:00,0.0,0.0,0.0,0.0,0.0
259.2124,0.0,0.0,0.0,0.0,2014-01-31 20:00:00,0.0,0.0,0.0,0.0,0.0
259.71338,0.0,0.0,0.0,0.0,2014-01-31 21:00:00,0.0,0.0,0.0,0.0,0.0
259.89136,0.0,0.0,0.0,0.0,2014-01-31 22:00:00,0.0,0.0,0.0,0.0,0.0
259.11084,0.0,0.0,0.0,0.0,2014-01-31 23:00:00,0.0,0.0,0.0,0.0,0.0
257.0044,0.0,0.0,0.0,0.0,2014-02-01 00:00:00,0.0,0.0,0.0,0.0,0.0
256.08203,0.0,0.0,0.0,0.0,2014-02-01 01:00:00,0.0,0.0,0.0,0.0,0.0
255.6303,0.015879717,0.0,0.0,0.015879717,2014-02-01 02:00:00,0.0,0.0,0.0,0.0,0.0
254.81229,0.08669227,0.0,0.0,0.08669227,2014-02-01 03:00:00,0.0,0.0,0.0,0.0,0.0
254.45793,0.026977837,0.0,0.005298864,0.024325348,2014-02-01 04:00:00,0.0,0.0,0.0,0.0,0.0
254.84776,0.5625029,0.0,0.40604806,0.30358857,2014-02-01 05:00:00,0.0,0.0,0.0,0.0,0.0
255.24362,0.9580687,0.0,0.819767,0.8791573,2014-02-01 06:00:00,0.0,0.0,0.0,0.0,0.0
255.85893,0.9847443,0.0,0.9704389,0.78909564,2014-02-01 07:00:00,5.0,0.0,1.4068002e-07,0.0,0.0
256.17603,0.99348307,0.0,0.9918581,0.5510642,2014-02-01 08:00:00,5.0,1.4119269e-06,1.4116849e-06,0.0,1.4119269e-06
256.80518,0.9753592,0.0,0.96993554,0.47040868,2014-02-01 09:00:00,5.0,5.150354e-06,4.9260343e-06,0.0,5.150354e-06
257.396,0.9430139,0.0,0.9397469,0.23807764,2014-02-01 10:00:00,5.0,3.833922e-06,3.8863163e-06,0.0,3.833922e-06
258.03442,0.75136,0.0065169036,0.7139957,0.32619447,2014-02-01 11:00:00,5.0,2.4989067e-06,2.5179743e-06,0.0,2.4989067e-06
258.08032,0.6673612,0.14445847,0.57331115,0.29952896,2014-02-01 12:00:00,5.0,2.0605303e-06,2.1558653e-06,0.0,2.17461e-06
258.60425,0.8068798,0.5924516,0.33227295,0.4544251,2014-02-01 13:00:00,5.0,4.3114105e-06,4.2304964e-06,0.0,4.3114105e-06
259.011,0.9845943,0.89621294,0.38858718,0.81038696,2014-02-01 14:00:00,5.0,5.8752275e-06,5.9990825e-06,0.0,5.8752275e-06
260.25098,0.9743907,0.8120521,0.6038441,0.8478284,2014-02-01 15:00:00,5.0,1.1425516e-05,1.1406772e-05,0.0,1.13114365e-05
262.07324,0.6961935,0.39220822,0.29957187,0.5572916,2014-02-01 16:00:00,5.0,1.8917082e-05,1.8788589e-05,0.0,1.8688923e-05
264.12256,0.37251496,0.17826235,0.14877093,0.19965965,2014-02-01 17:00:00,5.0,1.281305e-05,1.2784608e-05,0.0,1.281305e-05
265.90723,0.42374438,0.09911275,0.10312331,0.33014995,2014-02-01 18:00:00,5.0,4.309467e-06,4.4138515e-06,0.0,4.2517813e-06
266.62158,0.5896446,0.40222198,0.114670455,0.36046922,2014-02-01 19:00:00,5.0,2.0957555e-07,2.8600488e-07,0.0,2.0957555e-07
267.10693,0.7541958,0.72832227,0.0058244728,0.044560112,2014-02-01 20:00:00,5.0,0.0,4.7667676e-08,0.0,0.0
267.09937,0.66381866,0.66381866,0.0,0.0,2014-02-01 21:00:00,5.0,6.4860296e-07,6.7031544e-07,0.0,6.4860296e-07
266.58813,0.7897286,0.7897286,0.0,0.0,2014-02-01 22:00:00,5.0,4.158229e-06,4.112884e-06,0.0,4.158229e-06
265.34912,0.7193791,0.7193791,0.0,0.0,2014-02-01 23:00:00,5.0,7.437752e-06,7.3924075e-06,0.0,7.437752e-06
263.75732,0.7547384,0.7547384,0.0,0.0,2014-02-02 00:00:00,5.0,7.417234e-06,7.3982465e-06,0.0,7.51273e-06
262.40308,0.79037815,0.79037815,0.0,0.0,2014-02-02 01:00:00,5.0,3.7179088e-06,3.5318844e-06,0.0,3.7179088e-06
261.71802,0.7174794,0.7174794,0.0,0.0,2014-02-02 02:00:00,5.0,1.7541661e-06,1.6444092e-06,0.0,1.7541661e-06
258.6233,0.46064317,0.46064317,0.0,0.0,2014-02-02 03:00:00,5.0,8.9598825e-07,9.793866e-07,0.0,8.9598825e-07
257.8152,0.44066852,0.44066852,0.0,0.0,2014-02-02 04:00:00,5.0,9.1457235e-07,9.650457e-07,0.0,9.1457235e-07
256.99927,0.58305556,0.58305556,0.0,0.0,2014-02-02 05:00:00,5.0,1.1818338e-06,1.1292777e-06,0.0,1.1818338e-06
255.81563,0.51009506,0.51009506,0.0,0.0,2014-02-02 06:00:00,5.0,7.0499675e-07,7.956861e-07,0.0,7.0499675e-07
254.74095,0.5927811,0.5927811,0.0,0.0,2014-02-02 07:00:00,0.0,1.1818338e-06,8.7195394e-07,0.0,1.1818338e-06
253.60135,0.15313303,0.15313303,0.0,0.0,2014-02-02 08:00:00,0.0,0.0,2.0012311e-07,0.0,0.0
252.62764,0.043339558,0.043339558,0.0,0.0,2014-02-02 09:00:00,0.0,0.0,0.0,0.0,0.0
251.3559,0.0,0.0,0.0,0.0,2014-02-02 10:00:00,0.0,0.0,0.0,0.0,0.0
250.70526,0.0031780982,0.0031780982,0.0,0.0,2014-02-02 11:00:00,0.0,0.0,0.0,0.0,0.0
250.1837,0.0,0.0,0.0,0.0,2014-02-02 12:00:00,0.0,0.0,0.0,0.0,0.0
249.92143,0.0,0.0,0.0,0.0,2014-02-02 13:00:00,0.0,0.0,0.0,0.0,0.0
249.38434,0.22988111,0.22988111,0.0,0.0,2014-02-02 14:00:00,5.0,0.0,0.0,0.0,0.0
251.48988,0.8417904,0.8417904,0.0,0.0,2014-02-02 15:00:00,0.0,0.0,0.0,0.0,0.0
254.78157,0.036483992,0.036483992,0.0,0.0,2014-02-02 16:00:00,0.0,0.0,0.0,0.0,0.0
257.23535,0.0,0.0,0.0,0.0,2014-02-02 17:00:00,0.0,0.0,0.0,0.0,0.0
259.57642,0.0,0.0,0.0,0.0,2014-02-02 18:00:00,0.0,0.0,0.0,0.0,0.0
261.03638,0.0,0.0,0.0,0.0,2014-02-02 19:00:00,0.0,0.0,0.0,0.0,0.0
261.98193,0.0,0.0,0.0,0.0,2014-02-02 20:00:00,0.0,0.0,0.0,0.0,0.0
262.62573,0.0,0.0,0.0,0.0,2014-02-02 21:00:00,0.0,0.0,0.0,0.0,0.0
262.4436,0.0,0.0,0.0,0.0,2014-02-02 22:00:00,0.0,0.0,0.0,0.0,0.0
261.8413,0.0,0.0,0.0,0.0,2014-02-02 23:00:00,0.0,0.0,0.0,0.0,0.0
259.9402,0.0,0.0,0.0,0.0,2014-02-03 00:00:00,0.0,0.0,0.0,0.0,0.0
258.0652,0.0,0.0,0.0,0.0,2014-02-03 01:00:00,0.0,0.0,0.0,0.0,0.0
256.8694,0.0,0.0,0.0,0.0,2014-02-03 02:00:00,0.0,0.0,0.0,0.0,0.0
255.95276,0.0,0.0,0.0,0.0,2014-02-03 03:00:00,0.0,0.0,0.0,0.0,0.0
255.67192,0.0,0.0,0.0,0.0,2014-02-03 04:00:00,0.0,0.0,0.0,0.0,0.0
255.25645,0.0,0.0,0.0,0.0,2014-02-03 05:00:00,0.0,0.0,0.0,0.0,0.0
255.29637,0.0,0.0,0.0,0.0,2014-02-03 06:00:00,0.0,0.0,0.0,0.0,0.0
255.28242,0.004207764,0.0,0.0,0.004207764,2014-02-03 07:00:00,0.0,0.0,0.0,0.0,0.0
255.0897,0.3881845,0.0,0.0,0.3881845,2014-02-03 08:00:00,0.0,0.0,0.0,0.0,0.0
254.67607,0.19669873,0.0,0.0,0.19669873,2014-02-03 09:00:00,0.0,0.0,0.0,0.0,0.0
254.39235,0.086220086,0.0,0.0,0.086220086,2014-02-03 10:00:00,0.0,0.0,0.0,0.0,0.0
253.98296,0.023015805,0.0,0.0,0.023015805,2014-02-03 11:00:00,0.0,0.0,0.0,0.0,0.0
253.88817,0.08413851,0.0,0.0,0.08413851,2014-02-03 12:00:00,0.0,0.0,0.0,0.0,0.0
253.2776,0.0801391,0.0,0.0,0.0801391,2014-02-03 13:00:00,0.0,0.0,0.0,0.0,0.0
252.82481,0.025085729,0.0,0.0,0.025085729,2014-02-03 14:00:00,0.0,0.0,0.0,0.0,0.0
255.22795,0.0032499009,0.0,0.0,0.0032499009,2014-02-03 15:00:00,0.0,0.0,0.0,0.0,0.0
258.85498,0.6726172,0.0,0.0,0.6726172,2014-02-03 16:00:00,0.0,0.0,0.0,0.0,0.0
261.39795,0.987647,0.0,0.0,0.987647,2014-02-03 17:00:00,0.0,0.0,0.0,0.0,0.0
263.03955,0.990739,0.0,0.0,0.990739,2014-02-03 18:00:00,0.0,0.0,0.0,0.0,0.0
264.08008,0.9966217,0.0,0.0,0.9966217,2014-02-03 19:00:00,0.0,0.0,0.0,0.0,0.0
264.83105,1.0,0.0,0.21560001,1.0,2014-02-03 20:00:00,0.0,0.0,0.0,0.0,0.0
265.1443,1.0,0.0,0.7322971,1.0,2014-02-03 21:00:00,0.0,0.0,0.0,0.0,0.0
264.76416,0.98999023,0.0,0.835552,0.97947925,2014-02-03 22:00:00,0.0,0.0,0.0,0.0,0.0
264.25488,0.9949968,0.0,0.9184015,0.9949968,2014-02-03 23:00:00,0.0,0.0,0.0,0.0,0.0
262.61792,0.9912679,0.0,0.92176825,0.9763288,2014-02-04 00:00:00,0.0,0.0,0.0,0.0,0.0
260.9734,0.9474242,0.0,0.87420416,0.9074303,2014-02-04 01:00:00,0.0,0.0,0.0,0.0,0.0
259.31982,0.94866246,0.0,0.8629191,0.91856515,2014-02-04 02:00:00,0.0,0.0,0.0,0.0,0.0
257.61206,0.64601225,0.0,0.6444232,0.010316208,2014-02-04 03:00:00,0.0,0.0,0.0,0.0,0.0
257.0625,0.73282975,0.0,0.73282975,0.0,2014-02-04 04:00:00,0.0,0.0,0.0,0.0,0.0
256.79248,0.07024658,0.0,0.07024658,0.0,2014-02-04 05:00:00,0.0,0.0,0.0,0.0,0.0
256.67847,0.32982504,0.0,0.32982504,0.0,2014-02-04 06:00:00,5.0,0.0,0.0,0.0,0.0
256.45435,0.45772308,0.0,0.45772308,0.0,2014-02-04 07:00:00,0.0,0.0,0.0,0.0,0.0
255.52829,0.48313046,0.0,0.48313046,0.0,2014-02-04 08:00:00,0.0,0.0,0.0,0.0,0.0
254.84476,0.43256986,0.0,0.43256986,0.0,2014-02-04 09:00:00,0.0,0.0,1.1936965e-08,0.0,0.0
254.82477,0.6911064,0.0033782488,0.68820983,0.018500872,2014-02-04 10:00:00,5.0,0.0,1.6223089e-07,0.0,0.0
254.53464,0.7964197,0.0016249504,0.7063024,0.37303346,2014-02-04 11:00:00,5.0,0.0,5.9604645e-08,0.0,0.0
254.1862,0.53153807,0.03348403,0.04040465,0.51990676,2014-02-04 12:00:00,5.0,0.0,0.0,0.0,0.0
254.24959,0.3891651,0.07930589,0.00053172023,0.34940207,2014-02-04 13:00:00,5.0,0.0,0.0,0.0,0.0
254.14557,0.7125359,0.18620181,0.055739116,0.6216366,2014-02-04 14:00:00,5.0,0.0,2.8519953e-08,0.0,0.0
256.07104,0.95108575,0.3197217,0.0,0.89156806,2014-02-04 15:00:00,5.0,0.0,4.7667676e-08,0.0,0.0
257.47266,0.9549736,0.7595728,0.0026463778,0.6995572,2014-02-04 16:00:00,5.0,0.0,1.6687693e-07,0.0,0.0
258.81396,0.78330815,0.24951077,0.06555414,0.6865488,2014-02-04 17:00:00,0.0,0.0,1.1936965e-08,0.0,0.0
259.92578,1.0,0.0037098185,0.06905848,1.0,2014-02-04 18:00:00,0.0,0.0,1.1936965e-08,0.0,0.0
260.47925,1.0,0.0,0.0,1.0,2014-02-04 19:00:00,0.0,0.0,0.0,0.0,0.0
260.94043,1.0,0.09670627,0.02815679,1.0,2014-02-04 20:00:00,0.0,0.0,0.0,0.0,0.0
261.13623,1.0,0.12781882,0.077712834,1.0,2014-02-04 21:00:00,0.0,0.0,0.0,0.0,0.0
260.66602,1.0,0.6305414,0.12598032,1.0,2014-02-04 22:00:00,0.0,0.0,0.0,0.0,0.0
260.0891,1.0,0.1654501,0.01465876,1.0,2014-02-04 23:00:00,0.0,0.0,0.0,0.0,0.0
259.1914,1.0,0.0037098185,0.026461668,1.0,2014-02-05 00:00:00,0.0,0.0,0.0,0.0,0.0
258.61572,1.0,0.01790528,0.24612069,1.0,2014-02-05 01:00:00,0.0,0.0,0.0,0.0,0.0
258.03394,1.0,0.0031780982,0.086717606,1.0,2014-02-05 02:00:00,0.0,0.0,2.3873934e-08,0.0,9.549569e-08
257.51904,1.0,0.011593629,0.35345197,1.0,2014-02-05 03:00:00,5.0,1.9099144e-07,4.4863793e-07,0.0,2.864872e-07
256.99756,1.0,0.0015890491,0.78606987,1.0,2014-02-05 04:00:00,5.0,1.1453067e-06,1.3742729e-06,0.0,1.1453067e-06
256.7583,1.0,0.0010573287,0.9511566,1.0,2014-02-05 05:00:00,5.0,1.6606045e-06,1.4792258e-06,0.0,1.6606045e-06
256.3899,1.0,0.0010573287,0.9125253,1.0,2014-02-05 06:00:00,5.0,7.2551467e-07,7.348067e-07,0.0,7.2551467e-07
256.1067,1.0,0.004767146,0.90968376,1.0,2014-02-05 07:00:00,5.0,1.3356566e-06,1.3739518e-06,0.0,1.3356566e-06
255.99437,1.0,0.0037098185,0.96100205,1.0,2014-02-05 08:00:00,5.0,5.571439e-06,5.7667557e-06,0.0,5.571439e-06
255.82599,1.0,0.004235424,0.998375,1.0,2014-02-05 09:00:00,5.0,2.1481406e-05,2.1423883e-05,0.0,2.1481406e-05
255.37885,1.0,0.01589049,0.9726368,1.0,2014-02-05 10:00:00,5.0,3.7543912e-05,3.7581718e-05,0.0,3.7562495e-05
255.29558,0.99946827,0.023841847,0.9825292,0.99841094,2014-02-05 11:00:00,5.0,3.462263e-05,3.4498764e-05,0.0,3.462263e-05
255.09041,0.99946827,0.02066375,0.9750078,0.9907663,2014-02-05 12:00:00,5.0,2.7564267e-05,2.7788265e-05,0.0,2.7773844e-05
255.08076,0.99055785,0.013775833,0.9811042,0.9708491,2014-02-05 13:00:00,5.0,2.9356888e-05,2.9599629e-05,0.0,2.9566465e-05
255.06139,0.9916152,0.0074196346,0.9747373,0.97066605,2014-02-05 14:00:00,5.0,3.2826763e-05,3.2907672e-05,0.0,3.2826763e-05
255.5204,1.0,0.6333098,0.9947349,0.9989426,2014-02-05 15:00:00,5.0,2.9908697e-05,2.9961098e-05,0.0,2.9908697e-05
256.02222,1.0,1.0,0.98475856,1.0,2014-02-05 16:00:00,5.0,3.4869372e-05,3.506003e-05,0.0,3.4869372e-05
256.54272,1.0,1.0,0.96776676,1.0,2014-02-05 17:00:00,5.0,4.7703594e-05,4.7746536e-05,0.0,4.7703594e-05
257.00977,1.0,1.0,1.0,1.0,2014-02-05 18:00:00,5.0,4.9742972e-05,5.0072078e-05,0.0,5.0105722e-05
257.50342,1.0,1.0,0.99627113,1.0,2014-02-05 19:00:00,5.0,2.6627255e-05,2.684172e-05,0.0,2.6836831e-05
257.93262,1.0,1.0,1.0,1.0,2014-02-05 20:00:00,5.0,1.945482e-05,1.9292755e-05,0.0,1.9187559e-05
258.15723,1.0,1.0,0.9978961,0.9699503,2014-02-05 21:00:00,5.0,1.3923773e-05,1.389493e-05,0.0,1.3752007e-05
257.96753,1.0,1.0,0.9826957,0.6792109,2014-02-05 22:00:00,5.0,8.049838e-06,8.0093005e-06,0.0,7.9543415e-06
257.65454,0.9706492,0.88272834,0.9157131,0.11102021,2014-02-05 23:00:00,5.0,6.9628577e-06,6.9224006e-06,0.0,6.9628577e-06
256.79883,0.9504345,0.8602463,0.90455323,0.0,2014-02-06 00:00:00,5.0,9.670699e-06,9.7041875e-06,0.0,9.670699e-06
256.22534,0.9388805,0.7522226,0.860187,0.0,2014-02-06 01:00:00,5.0,1.4380743e-05,1.4347577e-05,0.0,1.4380743e-05
255.91132,0.93202454,0.76077586,0.84738827,0.0,2014-02-06 02:00:00,5.0,1.9604791e-05,1.959037e-05,0.0,1.9604791e-05
255.18922,0.94286376,0.8753339,0.7085523,0.0,2014-02-06 03:00:00,5.0,1.9679763e-05,1.9875079e-05,0.0,1.9679763e-05
254.47972,0.820034,0.7528956,0.5225653,0.0,2014-02-06 04:00:00,5.0,1.6856546e-05,1.6561098e-05,0.0,1.6856546e-05
253.70093,0.7720577,0.76000416,0.37498736,0.0,2014-02-06 05:00:00,5.0,1.0125084e-05,1.0318078e-05,0.0,1.0125084e-05
253.04367,0.9456065,0.9456065,0.22942483,0.0,2014-02-06 06:00:00,5.0,5.1099687e-06,5.081368e-06,0.0,4.9382033e-06
252.39426,0.95295286,0.94959176,0.0607714,0.0,2014-02-06 07:00:00,5.0,2.1540918e-06,2.1209262e-06,0.0,2.1540918e-06
251.82715,0.8785999,0.87535,0.06725788,0.0,2014-02-06 08:00:00,5.0,2.040012e-06,2.0255902e-06,0.0,2.040012e-06
251.49391,0.7421195,0.74049455,0.056071676,0.0,2014-02-06 09:00:00,5.0,1.4676789e-06,1.3725039e-06,0.0,1.5631749e-06
250.68083,0.6332192,0.6332192,0.019988392,0.0,2014-02-06 10:00:00,5.0,3.813414e-07,5.3852307e-07,0.0,5.9091695e-07
250.3272,0.58271027,0.5759709,0.048768993,0.0,2014-02-06 11:00:00,5.0,0.0,2.1454463e-07,0.0,0.0
249.91504,0.63931924,0.63931924,0.0,0.0,2014-02-06 12:00:00,5.0,0.0,2.3841858e-07,0.0,0.0
249.65863,0.7363285,0.7363285,0.0,0.0,2014-02-06 13:00:00,5.0,3.813414e-07,5.529446e-07,0.0,5.9091695e-07
249.75401,0.45810264,0.45810264,0.0,0.0,2014-02-06 14:00:00,5.0,3.813414e-07,2.7158455e-07,0.0,2.0957555e-07
251.23235,0.33414835,0.33414835,0.0,0.0,2014-02-06 15:00:00,5.0,3.813414e-07,3.9079384e-07,0.0,3.813414e-07
252.83101,0.74948573,0.74948573,0.0,0.0,2014-02-06 16:00:00,5.0,3.813414e-07,4.4318773e-07,0.0,3.813414e-07
254.48051,0.78778493,0.78778493,0.0,0.0,2014-02-06 17:00:00,5.0,3.813414e-07,5.1000313e-07,0.0,5.9091695e-07
255.67622,0.6979448,0.6979448,0.0,0.0,2014-02-06 18:00:00,5.0,4.7683716e-07,4.6706162e-07,0.0,4.7683716e-07
256.396,0.8537119,0.8537119,0.0,0.0,2014-02-06 19:00:00,5.0,9.536743e-07,8.7964816e-07,0.0,9.536743e-07
256.85693,1.0,1.0,0.0,0.0,2014-02-06 20:00:00,5.0,1.9073486e-06,1.4353172e-06,0.0,1.5260066e-06
256.97705,0.99576455,0.99576455,0.0,0.0,2014-02-06 21:00:00,5.0,2.0983398e-06,2.2888498e-06,0.0,2.2701051e-06
257.04614,1.0,1.0,0.0,0.0,2014-02-06 22:00:00,5.0,2.3841849e-06,2.1265387e-06,0.0,2.2886898e-06
256.67676,0.8126337,0.8126337,0.0,0.0,2014-02-06 23:00:00,5.0,2.479681e-06,2.5082009e-06,0.0,2.479681e-06
256.37476,0.9299472,0.9299472,0.0,0.0,2014-02-07 00:00:00,5.0,4.1005424e-06,4.1768108e-06,0.0,4.1005424e-06
255.99747,0.93462485,0.93462485,0.0,0.0,2014-02-07 01:00:00,5.0,3.3750275e-06,3.260625e-06,0.0,3.3750275e-06
255.71716,0.9947011,0.9947011,0.0,0.0,2014-02-07 02:00:00,5.0,2.135508e-06,2.097212e-06,0.0,2.135508e-06
255.4361,0.96678025,0.96678025,0.0,0.0,2014-02-07 03:00:00,5.0,1.1818338e-06,1.2295013e-06,0.0,1.1818338e-06
255.4014,0.832024,0.832024,0.0,0.0,2014-02-07 04:00:00,0.0,7.0499675e-07,7.432922e-07,0.0,7.0499675e-07
254.93552,0.37882125,0.37882125,0.0,0.0,2014-02-07 05:00:00,0.0,1.14079796e-07,1.4772922e-07,0.0,1.14079796e-07
254.53725,0.027896225,0.027896225,0.0,0.0,2014-02-07 06:00:00,0.0,0.0,0.0,0.0,0.0
254.23604,0.009103052,0.009103052,0.0,0.0,2014-02-07 07:00:00,0.0,0.0,0.0,0.0,0.0
253.84352,0.0,0.0,0.0,0.0,2014-02-07 08:00:00,0.0,0.0,0.0,0.0,0.0
253.22913,0.0,0.0,0.0,0.0,2014-02-07 09:00:00,0.0,0.0,0.0,0.0,0.0
253.26994,0.0,0.0,0.0,0.0,2014-02-07 10:00:00,0.0,0.0,0.0,0.0,0.0
252.88884,0.0,0.0,0.0,0.0,2014-02-07 11:00:00,0.0,0.0,0.0,0.0,0.0
252.6522,0.0,0.0,0.0,0.0,2014-02-07 12:00:00,0.0,0.0,0.0,0.0,0.0
252.22568,0.0,0.0,0.0,0.0,2014-02-07 13:00:00,0.0,0.0,0.0,0.0,0.0
252.17555,0.0,0.0,0.0,0.0,2014-02-07 14:00:00,0.0,0.0,0.0,0.0,0.0
254.07678,0.0,0.0,0.0,0.0,2014-02-07 15:00:00,0.0,0.0,0.0,0.0,0.0
255.91327,0.0,0.0,0.0,0.0,2014-02-07 16:00:00,0.0,0.0,0.0,0.0,0.0
257.5332,0.0,0.0,0.0,0.0,2014-02-07 17:00:00,0.0,0.0,0.0,0.0,0.0
259.18018,0.0,0.0,0.0,0.0,2014-02-07 18:00:00,0.0,0.0,0.0,0.0,0.0
260.29004,0.0,0.0,0.0,0.0,2014-02-07 19:00:00,0.0,0.0,0.0,0.0,0.0
261.24536,0.0,0.0,0.0,0.0,2014-02-07 20:00:00,0.0,0.0,0.0,0.0,0.0
262.15527,0.0,0.0,0.0,0.0,2014-02-07 21:00:00,0.0,0.0,0.0,0.0,0.0
262.14966,0.0,0.0,0.0,0.0,2014-02-07 22:00:00,0.0,0.0,0.0,0.0,0.0
261.97632,0.0,0.0,0.0,0.0,2014-02-07 23:00:00,0.0,0.0,0.0,0.0,0.0
259.95874,0.0,0.0,0.0,0.0,2014-02-08 00:00:00,0.0,0.0,0.0,0.0,0.0
258.27197,0.0,0.0,0.0,0.0,2014-02-08 01:00:00,0.0,0.0,0.0,0.0,0.0
257.2876,0.0,0.0,0.0,0.0,2014-02-08 02:00:00,0.0,0.0,0.0,0.0,0.0
256.16162,0.0,0.0,0.0,0.0,2014-02-08 03:00:00,0.0,0.0,0.0,0.0,0.0
255.637,0.0,0.0,0.0,0.0,2014-02-08 04:00:00,0.0,0.0,0.0,0.0,0.0
255.25116,0.0,0.0,0.0,0.0,2014-02-08 05:00:00,0.0,0.0,0.0,0.0,0.0
255.25146,0.0,0.0,0.0,0.0,2014-02-08 06:00:00,0.0,0.0,0.0,0.0,0.0
254.74695,0.0,0.0,0.0,0.0,2014-02-08 07:00:00,0.0,0.0,0.0,0.0,0.0
254.02629,0.0,0.0,0.0,0.0,2014-02-08 08:00:00,0.0,0.0,0.0,0.0,0.0
252.96819,0.0,0.0,0.0,0.0,2014-02-08 09:00:00,0.0,0.0,0.0,0.0,0.0
252.04205,0.011682536,0.0,0.0,0.011682536,2014-02-08 10:00:00,0.0,0.0,0.0,0.0,0.0
251.37263,0.33964634,0.0,0.0,0.33964634,2014-02-08 11:00:00,0.0,0.0,0.0,0.0,0.0
250.42268,0.77360666,0.0,0.006854143,0.77360666,2014-02-08 12:00:00,0.0,0.0,0.0,0.0,0.0
250.83588,0.97516024,0.041690573,0.21749908,0.97516024,2014-02-08 13:00:00,0.0,0.0,0.0,0.0,0.0
251.37096,0.9770004,0.11843425,0.614994,0.9743648,2014-02-08 14:00:00,5.0,1.9099144e-07,1.384372e-07,0.0,0.0
254.02023,0.99289286,0.25005096,0.91405797,0.9857656,2014-02-08 15:00:00,5.0,2.2521626e-06,1.7847779e-06,0.0,1.8708215e-06
256.43408,0.9871574,0.37266946,0.94310516,0.9794937,2014-02-08 16:00:00,5.0,7.958191e-06,7.743646e-06,0.0,7.958191e-06
258.7246,0.9869043,0.50590503,0.9607015,0.93664527,2014-02-08 17:00:00,5.0,9.922575e-06,9.645861e-06,0.0,9.922575e-06
260.6609,0.8778143,0.5569253,0.74519664,0.5426211,2014-02-08 18:00:00,5.0,4.6177556e-06,4.6892173e-06,0.0,4.6177556e-06
261.91968,0.48796362,0.3318814,0.24890274,0.09917271,2014-02-08 19:00:00,5.0,6.314878e-06,6.2577574e-06,0.0,6.314878e-06
263.0354,0.29578334,0.072276235,0.2504366,0.0,2014-02-08 20:00:00,5.0,1.9836089e-06,2.0791058e-06,0.0,1.9836089e-06
263.60596,0.54629266,0.3852445,0.25061983,0.0,2014-02-08 21:00:00,5.0,1.1260809e-06,1.1615703e-06,0.0,1.1260809e-06
263.4839,0.8429636,0.64973724,0.4541282,0.060877778,2014-02-08 22:00:00,0.0,1.2401615e-06,1.3424642e-06,0.0,1.4497364e-06
262.86548,0.6681605,0.4382516,0.301273,0.0033782488,2014-02-08 23:00:00,5.0,8.3959446e-07,5.271497e-07,0.0,5.7233285e-07
261.48096,0.4950353,0.3535112,0.15757936,0.0,2014-02-09 00:00:00,5.0,1.7939101e-06,1.6818303e-06,0.0,1.7939101e-06
260.1289,0.41914272,0.33378136,0.0848186,0.0021207693,2014-02-09 01:00:00,5.0,1.7176399e-06,1.6577924e-06,0.0,1.6599533e-06
259.19165,0.39198488,0.2447958,0.16287637,0.091111004,2014-02-09 02:00:00,0.0,3.8198294e-07,5.0351525e-07,0.0,3.8198294e-07
258.56567,0.26881593,0.0068879165,0.18945968,0.12715262,2014-02-09 03:00:00,0.0,0.0,2.3873934e-08,0.0,9.549569e-08
258.1101,0.25000536,0.0058244728,0.21247679,0.055790056,2014-02-09 04:00:00,0.0,0.0,0.0,0.0,0.0
257.48853,0.34322047,0.0026463778,0.34110576,0.0,2014-02-09 05:00:00,0.0,0.0,0.0,0.0,0.0
257.3313,0.5546637,0.00053172023,0.5541381,0.0,2014-02-09 06:00:00,0.0,0.0,0.0,0.0,0.0
257.05493,0.7454591,0.110688984,0.7276182,0.016832627,2014-02-09 07:00:00,0.0,0.0,0.0,0.0,0.0
256.78223,0.28534347,0.19210947,0.17546064,0.0,2014-02-09 08:00:00,0.0,0.0,2.6196943e-08,0.0,0.0
256.2539,0.06250483,0.06250483,0.0,0.0,2014-02-09 09:00:00,0.0,9.549569e-08,7.394476e-08,0.0,9.549569e-08
255.89899,0.24950957,0.24950957,0.0,0.0,2014-02-09 10:00:00,0.0,0.0,5.239389e-08,0.0,0.0
255.18877,0.5267419,0.5267419,0.0,0.0,2014-02-09 11:00:00,0.0,0.0,1.4772922e-07,0.0,1.14079796e-07
254.58946,0.622386,0.622386,0.0,0.0,2014-02-09 12:00:00,5.0,4.191511e-07,3.4785234e-07,0.0,5.9091695e-07
253.84813,0.5960061,0.5960061,0.0,0.0,2014-02-09 13:00:00,5.0,2.2815959e-07,3.717263e-07,0.0,5.9091695e-07
253.54207,0.6091742,0.6091742,0.0,0.0,2014-02-09 14:00:00,0.0,2.0957555e-07,2.3593401e-07,0.0,2.0957555e-07
254.72668,0.8260842,0.8260842,0.0,0.0,2014-02-09 15:00:00,5.0,2.0957555e-07,3.359956e-07,0.0,2.0957555e-07
255.92828,1.0,1.0,0.0,0.0,2014-02-09 16:00:00,5.0,1.9451581e-06,1.9427534e-06,0.0,2.0406533e-06
256.83643,0.9027424,0.9027424,0.0,0.0,2014-02-09 17:00:00,5.0,4.191511e-07,5.434899e-07,0.0,7.8190845e-07
257.80127,0.8346981,0.8346981,0.0,0.0,2014-02-09 18:00:00,0.0,0.0,7.626778e-08,0.0,0.0
258.60815,0.80909234,0.7990519,0.050325606,0.0,2014-02-09 19:00:00,5.0,0.0,0.0,0.0,0.0
259.10034,0.99841094,0.99841094,0.061979204,0.0,2014-02-09 20:00:00,5.0,0.0,3.3407698e-08,0.0,0.0
259.614,0.9789611,0.9789611,0.0,0.0,2014-02-09 21:00:00,5.0,5.3452317e-07,7.9913866e-07,0.0,8.017848e-07
259.29053,0.9957922,0.9957922,0.0,0.0,2014-02-09 22:00:00,5.0,3.5109178e-06,3.360784e-06,0.0,3.5109178e-06
258.7295,0.8047229,0.8047229,0.0,0.0,2014-02-09 23:00:00,5.0,4.6555833e-06,4.7504354e-06,0.0,4.674168e-06
257.34888,0.7363203,0.7363203,0.0,0.0,2014-02-10 00:00:00,5.0,1.9073486e-06,2.134233e-06,0.0,1.9073486e-06
256.30566,0.46355677,0.46355677,0.0,0.0,2014-02-10 01:00:00,5.0,9.536743e-07,7.892005e-07,0.0,9.536743e-07
255.46487,0.032701276,0.032701276,0.0,0.0,2014-02-10 02:00:00,5.0,5.9091695e-07,3.90874e-07,0.0,5.9091695e-07
254.33203,0.022955336,0.022955336,0.0,0.0,2014-02-10 03:00:00,0.0,0.0,1.4772922e-07,0.0,0.0
253.33902,0.0,0.0,0.0,0.0,2014-02-10 04:00:00,0.0,0.0,0.0,0.0,0.0
252.53801,0.043782897,0.043782897,0.0,0.0,2014-02-10 05:00:00,0.0,0.0,0.0,0.0,0.0
252.0326,0.18133575,0.18133575,0.0,0.0,2014-02-10 06:00:00,0.0,0.0,0.0,0.0,0.0
251.43375,0.31185365,0.31185365,0.0,0.0,2014-02-10 07:00:00,5.0,1.14079796e-07,1.4772922e-07,0.0,1.14079796e-07
251.08974,0.41940296,0.41940296,0.0,0.0,2014-02-10 08:00:00,0.0,1.14079796e-07,1.7624916e-07,0.0,1.14079796e-07
250.42581,0.48470777,0.48470777,0.0,0.0,2014-02-10 09:00:00,0.0,0.0,1.4772922e-07,0.0,0.0
249.95493,0.0021207693,0.0021207693,0.0,0.0,2014-02-10 10:00:00,0.0,0.0,0.0,0.0,0.0
249.27838,0.0,0.0,0.0,0.0,2014-02-10 11:00:00,0.0,0.0,0.0,0.0,0.0
248.80673,0.0,0.0,0.0,0.0,2014-02-10 12:00:00,0.0,0.0,0.0,0.0,0.0
248.54631,0.0,0.0,0.0,0.0,2014-02-10 13:00:00,0.0,0.0,0.0,0.0,0.0
248.51064,0.0,0.0,0.0,0.0,2014-02-10 14:00:00,0.0,0.0,0.0,0.0,0.0
250.80487,0.0,0.0,0.0,0.0,2014-02-10 15:00:00,0.0,0.0,0.0,0.0,0.0
252.77626,0.0,0.0,0.0,0.0,2014-02-10 16:00:00,5.0,0.0,2.6196943e-08,0.0,0.0
254.45636,0.0,0.0,0.0,0.0,2014-02-10 17:00:00,0.0,0.0,1.1936965e-08,0.0,0.0
255.99663,0.0,0.0,0.0,0.0,2014-02-10 18:00:00,0.0,0.0,0.0,0.0,0.0
257.2998,0.016832627,0.016832627,0.0,0.0,2014-02-10 19:00:00,0.0,0.0,0.0,0.0,0.0
258.1267,0.0,0.0,0.0,0.0,2014-02-10 20:00:00,0.0,0.0,0.0,0.0,0.0
258.99536,0.080801964,0.080801964,0.0,0.0,2014-02-10 21:00:00,0.0,0.0,0.0,0.0,0.0
258.89697,0.0,0.0,0.0,0.0,2014-02-10 22:00:00,0.0,0.0,0.0,0.0,0.0
258.54395,0.0,0.0,0.0,0.0,2014-02-10 23:00:00,0.0,0.0,0.0,0.0,0.0
256.90186,0.0,0.0,0.0,0.0,2014-02-11 00:00:00,0.0,0.0,0.0,0.0,0.0
255.34229,0.0,0.0,0.0,0.0,2014-02-11 01:00:00,0.0,0.0,0.0,0.0,0.0
254.1762,0.0,0.0,0.0,0.0,2014-02-11 02:00:00,0.0,0.0,0.0,0.0,0.0
252.71173,0.0,0.0,0.0,0.0,2014-02-11 03:00:00,0.0,0.0,0.0,0.0,0.0
251.67278,0.0,0.0,0.0,0.0,2014-02-11 04:00:00,0.0,0.0,0.0,0.0,0.0
250.38718,0.0,0.0,0.0,0.0,2014-02-11 05:00:00,0.0,0.0,0.0,0.0,0.0
249.36676,0.0,0.0,0.0,0.0,2014-02-11 06:00:00,0.0,0.0,0.0,0.0,0.0
248.75264,0.0,0.0,0.0,0.0,2014-02-11 07:00:00,0.0,0.0,0.0,0.0,0.0
247.91968,0.0,0.0,0.0,0.0,2014-02-11 08:00:00,0.0,0.0,0.0,0.0,0.0
246.75883,0.0,0.0,0.0,0.0,2014-02-11 09:00:00,0.0,0.0,0.0,0.0,0.0
246.57878,0.026925862,0.026925862,0.0,0.0,2014-02-11 10:00:00,0.0,0.0,0.0,0.0,0.0
246.23793,0.0,0.0,0.0,0.0,2014-02-11 11:00:00,0.0,0.0,0.0,0.0,0.0
246.39539,0.0010573287,0.0010573287,0.0,0.0,2014-02-11 12:00:00,0.0,0.0,0.0,0.0,0.0
246.24715,0.33725017,0.33725017,0.0,0.0,2014-02-11 13:00:00,0.0,0.0,0.0,0.0,0.0
247.1664,0.7243478,0.7243478,0.0,0.0,2014-02-11 14:00:00,5.0,0.0,2.645353e-07,0.0,0.0
250.17891,0.52618796,0.52618796,0.0,0.0,2014-02-11 15:00:00,5.0,0.0,5.5310494e-07,0.0,4.191511e-07
254.17645,0.0,0.0,0.0,0.0,2014-02-11 16:00:00,0.0,0.0,0.0,0.0,0.0
256.885,0.0,0.0,0.0,0.0,2014-02-11 17:00:00,0.0,0.0,0.0,0.0,0.0
259.14673,0.0,0.0,0.0,0.0,2014-02-11 18:00:00,0.0,0.0,0.0,0.0,0.0
260.62598,0.05172474,0.0,0.0,0.05172474,2014-02-11 19:00:00,0.0,0.0,0.0,0.0,0.0
261.23853,0.0016249504,0.0016249504,0.0,0.0,2014-02-11 20:00:00,0.0,0.0,0.0,0.0,0.0
261.57202,0.046130862,0.046130862,0.0,0.0,2014-02-11 21:00:00,0.0,0.0,0.0,0.0,0.0
261.32178,0.515176,0.2558512,0.11385399,0.3227632,2014-02-11 22:00:00,0.0,0.0,0.0,0.0,0.0
260.9475,1.0,0.2808872,0.3059801,0.9870936,2014-02-11 23:00:00,0.0,0.0,0.0,0.0,0.0
260.73242,0.99946827,0.061424837,0.5185652,0.99946827,2014-02-12 00:00:00,0.0,0.0,0.0,0.0,0.0
260.84033,1.0,0.006280929,0.745482,1.0,2014-02-12 01:00:00,0.0,0.0,0.0,0.0,0.0
261.20752,1.0,0.03139019,0.90822333,1.0,2014-02-12 02:00:00,5.0,0.0,6.6815346e-08,0.0,0.0
261.56494,1.0,0.085900426,0.9904909,0.99336845,2014-02-12 03:00:00,5.0,4.4825347e-06,4.2820884e-06,0.0,4.4825347e-06
261.8462,1.0,0.09542787,0.9934043,0.9978961,2014-02-12 04:00:00,5.0,2.6339505e-05,2.6344147e-05,0.0,2.6339505e-05
262.06104,1.0,0.08377993,0.9652488,1.0,2014-02-12 05:00:00,5.0,6.639061e-05,6.639527e-05,0.0,6.639061e-05
262.4004,0.99284285,0.06156972,0.8921398,0.9894646,2014-02-12 06:00:00,5.0,8.185573e-05,8.188425e-05,0.0,8.185573e-05
262.70312,0.99604,0.085751474,0.6600655,0.9886658,2014-02-12 07:00:00,5.0,5.603087e-05,5.5916462e-05,1.1382598e-05,4.4619417e-05
263.00537,0.9949934,0.14416116,0.86934406,0.9759038,2014-02-12 08:00:00,5.0,6.31303e-05,6.344498e-05,1.0282762e-05,5.300007e-05
263.2107,1.0,0.25399554,0.9856985,1.0,2014-02-12 09:00:00,5.0,0.00019892461,0.00019858645,8.5946164e-07,0.0001977415
263.33447,0.9949934,0.10336381,0.9789259,0.98663634,2014-02-12 10:00:00,5.0,0.00044457917,0.0004444935,6.6847014e-07,0.00044379663
263.44775,1.0,0.112321556,0.98674303,0.9810683,2014-02-12 11:00:00,5.0,0.000527608,0.00052760285,1.5892569e-05,0.0005118295
263.65967,1.0,0.50377023,0.99946827,0.97790706,2014-02-12 12:00:00,5.0,0.00038872263,0.00038886815,0.0,0.00038883672
263.58765,0.99289286,0.24046057,0.97128135,0.98916405,2014-02-12 13:00:00,5.0,0.00018107991,0.00018102993,0.0,0.00018081265
263.23315,0.998375,0.09895074,0.9890082,0.8963631,2014-02-12 14:00:00,5.0,3.0904615e-05,3.0644398e-05,0.0,3.0904615e-05
264.31055,0.9618317,0.17661703,0.8222028,0.93114257,2014-02-12 15:00:00,5.0,1.9272156e-06,2.0823154e-06,0.0,1.9272156e-06
265.54346,0.8290577,0.60888773,0.39125198,0.5156925,2014-02-12 16:00:00,5.0,2.2886898e-06,2.1335882e-06,0.0,2.0214284e-06
266.49585,0.9525774,0.9459649,0.08785015,0.065216124,2014-02-12 17:00:00,5.0,1.5452324e-06,1.6094828e-06,0.0,1.5452324e-06
267.02734,0.9902332,0.9902332,0.0026463778,0.0,2014-02-12 18:00:00,5.0,4.9606274e-07,6.558905e-07,0.0,4.9606274e-07
267.63208,0.9788243,0.9788243,0.0,0.0,2014-02-12 19:00:00,5.0,0.0,0.0,0.0,0.0
268.1433,0.9755744,0.9755744,0.0,0.0,2014-02-12 20:00:00,5.0,0.0,0.0,0.0,0.0
268.63452,0.97002226,0.97002226,0.0,0.0,2014-02-12 21:00:00,5.0,0.0,0.0,0.0,0.0
268.19507,1.0,1.0,0.0,0.06299168,2014-02-12 22:00:00,5.0,0.0,0.0,0.0,0.0
267.93115,1.0,0.9955251,0.061126065,0.9791281,2014-02-12 23:00:00,5.0,0.0,0.0,0.0,0.0
267.43726,0.9934043,0.9565942,0.29366547,0.7866837,2014-02-13 00:00:00,5.0,7.2551467e-07,7.250312e-07,0.0,7.440987e-07
266.92554,0.9850171,0.916847,0.054885894,0.86513644,2014-02-13 01:00:00,5.0,2.3277917e-06,2.3992534e-06,0.0,2.3277917e-06
266.25513,1.0,0.9104332,0.2629162,1.0,2014-02-13 02:00:00,5.0,3.5487274e-06,3.4912036e-06,0.0,3.5487274e-06
265.6604,1.0,0.8426216,0.4526804,1.0,2014-02-13 03:00:00,5.0,4.3306363e-06,4.2731126e-06,0.0,4.3306363e-06
265.2246,1.0,0.92099684,0.5902865,1.0,2014-02-13 04:00:00,5.0,5.8188334e-06,5.756664e-06,0.0,5.8188334e-06
264.91333,1.0,0.94503057,0.88845086,1.0,2014-02-13 05:00:00,5.0,8.661273e-06,8.527481e-06,0.0,8.565777e-06
264.59985,1.0,0.9862589,0.9869369,1.0,2014-02-13 06:00:00,5.0,1.1559463e-05,1.1683802e-05,0.0,1.1445383e-05
264.43286,1.0,1.0,1.0,1.0,2014-02-13 07:00:00,5.0,1.4343565e-05,1.4591518e-05,0.0,1.4343565e-05
264.50293,1.0,0.9939002,1.0,1.0,2014-02-13 08:00:00,5.0,4.2894986e-05,4.281134e-05,0.0,4.2894986e-05
264.9287,1.0,1.0,0.996307,0.98738235,2014-02-13 09:00:00,5.0,0.00023151765,0.00023142464,0.0,0.00023151765
265.3584,1.0,0.99284285,0.86805296,0.8019961,2014-02-13 10:00:00,5.0,0.00077642873,0.0007765242,0.0003593685,0.00041719363
266.17456,0.8949411,0.81189966,0.42343706,0.19994396,2014-02-13 11:00:00,5.0,0.00041412027,0.00041451585,0.00021764124,0.00019686985
266.5923,0.77584714,0.3096546,0.45905763,0.44720376,2014-02-13 12:00:00,5.0,0.00019784701,0.00019778019,0.00011833006,7.927853e-05
267.33447,0.8669466,0.78526276,0.6379871,0.20333636,2014-02-13 13:00:00,5.0,6.852859e-05,6.886698e-05,0.0,6.873817e-05
268.26392,0.9516299,0.93178815,0.53101766,0.32704633,2014-02-13 14:00:00,5.0,7.638743e-05,7.631596e-05,0.0,7.638743e-05
270.06836,0.8640019,0.8590158,0.19019473,0.19963741,2014-02-13 15:00:00,5.0,7.9378515e-05,7.930705e-05,1.3363075e-07,7.911124e-05
270.9707,0.8989512,0.89559,0.053660948,0.024095546,2014-02-13 16:00:00,5.0,3.5297417e-05,3.5349804e-05,2.3873935e-07,3.5106423e-05
268.76025,0.99600405,0.99600405,0.024974484,0.010728002,2014-02-13 17:00:00,5.0,1.41858745e-05,1.4233622e-05,0.0,1.41858745e-05
267.74805,0.9947263,0.9947263,0.13109457,0.0,2014-02-13 18:00:00,5.0,7.5896505e-06,7.704214e-06,0.0,7.5896505e-06
267.41455,0.9931566,0.9931566,0.07145572,0.0,2014-02-13 19:00:00,5.0,1.3594958e-05,1.3533595e-05,0.0,1.3748139e-05
267.01025,0.9688712,0.9688712,0.0,0.0,2014-02-13 20:00:00,5.0,1.4835119e-05,1.5064085e-05,0.0,1.51023805e-05
266.67163,0.9435345,0.9435345,0.0,0.0,2014-02-13 21:00:00,5.0,1.418845e-05,1.3983681e-05,0.0,1.3807108e-05
266.42578,0.9520314,0.9520314,0.0,0.0,2014-02-13 22:00:00,5.0,1.1785039e-05,1.1785199e-05,0.0,1.1880535e-05
265.6494,0.83549774,0.83549774,0.0,0.0,2014-02-13 23:00:00,5.0,7.3601987e-06,7.38375e-06,0.0,7.5697744e-06
264.55444,0.60745144,0.60745144,0.0,0.0,2014-02-14 00:00:00,5.0,4.4991757e-06,4.6422592e-06,0.0,4.7087515e-06
263.66943,0.09003401,0.09003401,0.0,0.0,2014-02-14 01:00:00,5.0,3.1263507e-06,3.1215413e-06,0.0,2.9545845e-06
262.80933,0.012870435,0.012870435,0.0,0.0,2014-02-14 02:00:00,5.0,7.0499675e-07,1.0055846e-06,0.0,1.067754e-06
261.62915,0.14931816,0.046164103,0.0,0.1094718,2014-02-14 03:00:00,5.0,8.004925e-07,7.863941e-07,0.0,8.004925e-07
260.7495,0.20993042,0.17389971,0.03526662,0.018960398,2014-02-14 04:00:00,5.0,2.8590885e-06,2.9114826e-06,0.0,2.8590885e-06
260.22314,0.8200475,0.5419252,0.0054821298,0.43984997,2014-02-14 05:00:00,5.0,9.72258e-07,9.863561e-07,0.0,7.908797e-07
259.87744,0.9978961,0.74470073,0.057501066,0.98527277,2014-02-14 06:00:00,5.0,2.0957555e-07,2.0012311e-07,0.0,2.9545845e-07
259.54248,0.9936714,0.9472969,0.37736613,0.87289196,2014-02-14 07:00:00,5.0,2.535433e-06,2.6453508e-06,0.0,2.535433e-06
259.22974,1.0,0.9789166,0.7724963,0.9621122,2014-02-14 08:00:00,5.0,2.7841106e-06,2.655126e-06,0.0,2.7841106e-06
258.86548,1.0,0.928007,0.7439476,0.97764,2014-02-14 09:00:00,5.0,2.440579e-06,2.4167048e-06,0.0,2.440579e-06
258.1521,0.98305845,0.86184335,0.3179335,0.95081204,2014-02-14 10:00:00,5.0,1.1818338e-06,1.1342463e-06,0.0,1.1818338e-06
257.70532,0.9978961,0.84161705,0.20787525,0.9419859,2014-02-14 11:00:00,5.0,8.004925e-07,9.148954e-07,0.0,7.0499675e-07
257.13672,0.9778835,0.9205274,0.12052715,0.71762675,2014-02-14 12:00:00,5.0,1.372825e-06,1.3012032e-06,0.0,1.1055636e-06
256.41357,1.0,0.98675585,0.0015890491,0.15643686,2014-02-14 13:00:00,5.0,2.289331e-06,2.098017e-06,0.0,2.3079156e-06
256.3108,0.97663486,0.97663486,0.0,0.0,2014-02-14 14:00:00,5.0,3.052014e-06,2.751426e-06,0.0,2.6892567e-06
257.46265,1.0,1.0,0.0,0.0,2014-02-14 15:00:00,5.0,4.540211e-06,4.2205556e-06,0.0,4.540211e-06
259.05078,1.0,1.0,0.0,0.0,2014-02-14 16:00:00,5.0,1.1446655e-06,1.2829423e-06,0.0,1.1446655e-06
260.34253,1.0,1.0,0.0,0.0,2014-02-14 17:00:00,5.0,0.0,1.4308318e-07,0.0,0.0
261.62305,0.9259301,0.9259301,0.0,0.0,2014-02-14 18:00:00,5.0,0.0,9.06893e-08,0.0,0.0
262.78198,0.5747689,0.5747689,0.0,0.0,2014-02-14 19:00:00,5.0,0.0,0.0,0.0,0.0
263.8662,0.2340293,0.2340293,0.0,0.0,2014-02-14 20:00:00,0.0,0.0,0.0,0.0,0.0
264.5891,0.064995825,0.064995825,0.0,0.0,2014-02-14 21:00:00,0.0,0.0,0.0,0.0,0.0
264.89624,0.05208022,0.05208022,0.0,0.0,2014-02-14 22:00:00,0.0,0.0,0.0,0.0,0.0
264.50122,0.01695393,0.01695393,0.0,0.0,2014-02-14 23:00:00,0.0,0.0,0.0,0.0,0.0
262.91772,0.004767146,0.004767146,0.0,0.0,2014-02-15 00:00:00,0.0,0.0,0.0,0.0,0.0
261.25488,0.0,0.0,0.0,0.0,2014-02-15 01:00:00,0.0,0.0,0.0,0.0,0.0
259.27075,0.0,0.0,0.0,0.0,2014-02-15 02:00:00,0.0,0.0,0.0,0.0,0.0
258.4143,0.0,0.0,0.0,0.0,2014-02-15 03:00:00,0.0,0.0,0.0,0.0,0.0
257.65942,0.0,0.0,0.0,0.0,2014-02-15 04:00:00,0.0,0.0,0.0,0.0,0.0
257.43262,0.0,0.0,0.0,0.0,2014-02-15 05:00:00,0.0,0.0,0.0,0.0,0.0
255.55426,0.0,0.0,0.0,0.0,2014-02-15 06:00:00,0.0,0.0,0.0,0.0,0.0
255.25003,0.0,0.0,0.0,0.0,2014-02-15 07:00:00,0.0,0.0,0.0,0.0,0.0
254.67023,0.72044456,0.0,0.0,0.72044456,2014-02-15 08:00:00,0.0,0.0,0.0,0.0,0.0
254.27103,1.0,0.0067320913,0.0,1.0,2014-02-15 09:00:00,0.0,0.0,2.8519953e-08,0.0,0.0
254.43652,0.9970973,0.0,0.0,0.9970973,2014-02-15 10:00:00,0.0,0.0,0.0,0.0,0.0
254.63687,1.0,0.0503262,0.0,1.0,2014-02-15 11:00:00,0.0,0.0,0.0,0.0,0.0
255.13075,1.0,0.09803122,0.081849694,1.0,2014-02-15 12:00:00,5.0,0.0,0.0,0.0,0.0
255.36728,1.0,0.18907958,0.3255238,1.0,2014-02-15 13:00:00,5.0,0.0,5.239389e-08,0.0,0.0
256.5337,1.0,0.3505093,0.8660415,1.0,2014-02-15 14:00:00,5.0,2.0957555e-07,2.2399706e-07,0.0,2.0957555e-07
259.1272,1.0,0.036826596,0.98652846,0.99946827,2014-02-15 15:00:00,5.0,5.3452317e-07,7.0612634e-07,0.0,5.3452317e-07
261.34644,1.0,0.11418569,1.0,1.0,2014-02-15 16:00:00,5.0,1.3550185e-05,1.3554831e-05,0.0,1.3550185e-05
262.98682,1.0,0.77815753,1.0,1.0,2014-02-15 17:00:00,5.0,0.00018342792,0.00018309386,0.0,0.0001836375
263.85986,1.0,0.93437004,1.0,0.96565694,2014-02-15 18:00:00,5.0,0.00080342195,0.0008037267,0.0,0.00080353604
264.32202,1.0,1.0,1.0,0.44680572,2014-02-15 19:00:00,5.0,0.0008126062,0.0008125105,0.0,0.00081254845
264.88403,1.0,1.0,0.9425766,0.0426098,2014-02-15 20:00:00,5.0,0.0003826241,0.00038307672,0.0,0.00038294774
265.39014,0.99243104,0.99243104,0.7861528,0.0,2014-02-15 21:00:00,5.0,0.0001681529,0.00016803369,0.0,0.0001681529
265.58643,1.0,0.997629,0.8980338,0.0,2014-02-15 22:00:00,5.0,0.00011542463,0.000115295814,0.0,0.00011515737
265.74756,0.995108,0.995108,0.8050411,0.0,2014-02-15 23:00:00,5.0,6.608544e-05,6.60425e-05,0.0,6.608544e-05
265.62036,0.8919866,0.88572276,0.3248477,0.0,2014-02-16 00:00:00,5.0,7.433331e-05,7.4276264e-05,2.0028352e-07,7.412373e-05
265.6714,0.85057545,0.85057545,0.03972822,0.0,2014-02-16 01:00:00,5.0,7.100757e-05,7.112678e-05,0.0,7.100757e-05
265.67627,0.8967491,0.8967491,0.0,0.0,2014-02-16 02:00:00,5.0,1.6454665e-05,1.644058e-05,0.0,1.6454665e-05
265.5525,0.7584596,0.7584596,0.0,0.0,2014-02-16 03:00:00,0.0,7.8190845e-07,8.1507443e-07,0.0,7.8190845e-07
265.5791,0.6234752,0.6234752,0.0,0.0,2014-02-16 04:00:00,5.0,0.0,2.3873934e-08,0.0,0.0
265.37158,0.54105365,0.54105365,0.0,0.0,2014-02-16 05:00:00,5.0,3.627573e-07,5.390065e-07,0.0,4.7683716e-07
265.20605,0.5143497,0.5143497,0.0,0.0,2014-02-16 06:00:00,5.0,1.0491694e-06,1.1254378e-06,0.0,1.1446655e-06
264.54297,0.30256933,0.30256933,0.0,0.0,2014-02-16 07:00:00,5.0,1.2587452e-06,1.4162497e-06,0.0,1.2587452e-06
263.62158,0.088461936,0.088461936,0.0,0.0,2014-02-16 08:00:00,5.0,2.0957555e-07,3.6708025e-07,0.0,2.0957555e-07
262.8286,0.31037033,0.31037033,0.0,0.0,2014-02-16 09:00:00,5.0,3.813414e-07,4.576092e-07,0.0,3.813414e-07
261.4558,0.7807228,0.7807228,0.0,0.0,2014-02-16 10:00:00,5.0,1.2395194e-06,1.2633936e-06,0.0,1.2395194e-06
260.27075,0.9427907,0.9427907,0.0,0.0,2014-02-16 11:00:00,5.0,1.9259323e-06,1.9403542e-06,0.0,1.9259323e-06
259.64404,0.9872876,0.9872876,0.0,0.0,2014-02-16 12:00:00,5.0,2.0214284e-06,2.1023416e-06,0.0,2.0214284e-06
258.5669,0.98524207,0.97201484,0.0,0.29488796,2014-02-16 13:00:00,5.0,2.135508e-06,1.9211238e-06,0.0,2.135508e-06
258.05493,0.99841094,0.9978792,0.0,0.37248445,2014-02-16 14:00:00,5.0,2.0983398e-06,2.1597025e-06,0.0,2.0983398e-06
259.42358,1.0,1.0,0.0,0.3557638,2014-02-16 15:00:00,5.0,1.6400863e-06,1.9023792e-06,0.0,2.1169235e-06
261.15308,1.0,1.0,0.0,0.83644736,2014-02-16 16:00:00,5.0,1.0491694e-06,8.29819e-07,0.0,1.0491694e-06
262.49023,1.0,0.9966217,0.0,0.85906523,2014-02-16 17:00:00,5.0,9.549569e-08,3.2910788e-07,0.0,9.549569e-08
263.7932,0.8738526,0.5909872,0.021617226,0.6043995,2014-02-16 18:00:00,5.0,0.0,1.1920929e-07,0.0,0.0
264.8894,0.09560907,0.0,0.06034767,0.08399856,2014-02-16 19:00:00,0.0,0.0,0.0,0.0,0.0
265.5735,0.37391818,0.0,0.22140598,0.27143937,2014-02-16 20:00:00,0.0,0.0,0.0,0.0,0.0
266.2771,0.8718693,0.0,0.6042482,0.8113182,2014-02-16 21:00:00,0.0,0.0,0.0,0.0,0.0
266.5066,1.0,0.0,0.10544741,1.0,2014-02-16 22:00:00,0.0,0.0,0.0,0.0,0.0
266.3838,0.99946827,0.0,0.06747174,0.99946827,2014-02-16 23:00:00,0.0,0.0,0.0,0.0,0.0
266.0144,0.98927194,0.002103883,0.7744228,0.97000116,2014-02-17 00:00:00,0.0,0.0,0.0,0.0,0.0
266.38892,1.0,0.002103883,0.97851616,1.0,2014-02-17 01:00:00,5.0,0.0,0.0,0.0,0.0
266.8291,1.0,0.0026356035,1.0,0.996786,2014-02-17 02:00:00,5.0,0.0,6.6815346e-08,0.0,0.0
267.42456,0.99683875,0.0,0.9857358,0.9811468,2014-02-17 03:00:00,5.0,3.0699566e-06,3.079409e-06,0.0,3.0699566e-06
267.75317,0.9684597,0.014234416,0.9199462,0.8568333,2014-02-17 04:00:00,5.0,0.00016410433,0.00016409505,0.00015685886,7.340973e-06
267.92822,0.99289286,0.036461286,0.96021944,0.85836184,2014-02-17 05:00:00,5.0,0.00020526841,0.00020535398,0.00018952414,1.5849058e-05
268.09326,1.0,0.048403926,0.88051116,0.9810683,2014-02-17 06:00:00,5.0,0.00014373269,0.00014355611,9.242055e-05,5.112146e-05
268.14038,0.98999023,0.009099722,0.9176925,0.9800109,2014-02-17 07:00:00,5.0,0.00026579038,0.00026581925,2.8657552e-05,0.0002369233
268.01538,1.0,0.063530624,0.97594017,0.9916152,2014-02-17 08:00:00,5.0,0.00025518448,0.00025489833,3.8198294e-07,0.00025480264
267.74023,0.99946827,0.09649652,0.89090884,0.9705329,2014-02-17 09:00:00,5.0,0.00035957922,0.00035971263,6.4560576e-05,0.0002949806
267.4944,1.0,0.5284228,0.96949214,0.98262125,2014-02-17 10:00:00,5.0,0.0007889287,0.00078912405,0.0001436741,0.00064524496
267.33667,1.0,0.79770136,0.9687973,0.9797939,2014-02-17 11:00:00,5.0,0.0013909631,0.0013910348,9.416639e-05,0.0012968921
267.12866,1.0,0.95207083,0.97745883,0.98999023,2014-02-17 12:00:00,5.0,0.0018763926,0.0018763021,1.835305e-05,0.0018578011
267.1914,1.0,0.923511,0.99604,0.98999023,2014-02-17 13:00:00,5.0,0.0020123804,0.002012371,4.692709e-05,0.0019656254
267.03174,1.0,0.9455885,0.97694737,0.98130757,2014-02-17 14:00:00,5.0,0.0019305886,0.0019307032,1.8757739e-05,0.0019118786
267.39038,1.0,0.94158626,0.9949968,0.97964054,2014-02-17 15:00:00,5.0,0.0016424437,0.0016423867,0.0,0.0016424437
267.63013,1.0,0.9978433,1.0,1.0,2014-02-17 16:00:00,5.0,0.0011942321,0.001194485,0.0,0.0011942321
268.16357,1.0,0.9923612,1.0,1.0,2014-02-17 17:00:00,5.0,0.00072666886,0.00072667096,0.0,0.00072678295
269.07617,1.0,0.99841094,0.98831743,0.96860874,2014-02-17 18:00:00,5.0,0.0003937122,0.0003938002,0.0,0.0003937122
270.1709,0.99627113,0.97626173,0.96857864,0.9252735,2014-02-17 19:00:00,5.0,0.00022800417,0.00022790137,0.0,0.00022800417
270.95435,0.99627113,0.9610354,0.9647361,0.9186796,2014-02-17 20:00:00,5.0,0.00010928088,0.00010920486,0.0,0.00010916681
271.7705,1.0,0.9244619,0.6745227,0.93552166,2014-02-17 21:00:00,5.0,5.5989833e-05,5.5882643e-05,0.0,5.5989833e-05
271.66626,1.0,1.0,0.2560413,0.8375172,2014-02-17 22:00:00,5.0,1.5214518e-05,1.5374171e-05,0.0,1.5214518e-05
271.7085,0.997629,0.99525803,0.06294912,0.3820749,2014-02-17 23:00:00,5.0,1.4869047e-06,1.2938308e-06,0.0,1.4869047e-06
270.8423,0.95744824,0.95744824,0.0,0.0,2014-02-18 00:00:00,5.0,0.0,1.2393548e-07,0.0,0.0
269.2893,0.8220949,0.8220949,0.0,0.0,2014-02-18 01:00:00,5.0,0.0,8.580156e-08,0.0,0.0
268.26196,0.503394,0.503394,0.0,0.0,2014-02-18 02:00:00,0.0,0.0,2.3873934e-08,0.0,0.0
267.04053,0.105680704,0.105680704,0.0,0.0,2014-02-18 03:00:00,0.0,0.0,0.0,0.0,0.0
266.73608,0.050017968,0.050017968,0.0,0.0,2014-02-18 04:00:00,0.0,0.0,0.0,0.0,0.0
266.48877,0.023606017,0.0,0.023074295,0.00053172023,2014-02-18 05:00:00,0.0,0.0,0.0,0.0,0.0
266.32837,0.40699583,0.0,0.40699583,0.0,2014-02-18 06:00:00,0.0,0.0,0.0,0.0,0.0
267.03296,0.81844735,0.0,0.81471854,0.33015573,2014-02-18 07:00:00,0.0,0.0,0.0,0.0,0.0
267.75293,0.4177767,0.0,0.21257156,0.2922725,2014-02-18 08:00:00,0.0,0.0,0.0,0.0,0.0
268.136,0.27125746,0.0,0.098098695,0.23327023,2014-02-18 09:00:00,0.0,0.0,0.0,0.0,0.0
267.76465,0.42016846,0.0,0.42016846,0.015731204,2014-02-18 10:00:00,0.0,0.0,0.0,0.0,0.0
268.114,0.28195137,0.0,0.28195137,0.0,2014-02-18 11:00:00,0.0,0.0,0.0,0.0,0.0
268.0713,0.0,0.0,0.0,0.0,2014-02-18 12:00:00,0.0,0.0,0.0,0.0,0.0
267.67212,0.7717961,0.0,0.0,0.7717961,2014-02-18 13:00:00,0.0,0.0,0.0,0.0,0.0
268.11475,0.92375636,0.0,0.0,0.92375636,2014-02-18 14:00:00,0.0,0.0,0.0,0.0,0.0
270.02026,0.9667513,0.0,0.038230784,0.9667513,2014-02-18 15:00:00,0.0,0.0,0.0,0.0,0.0
272.07886,0.96736556,0.0,0.34502202,0.96736556,2014-02-18 16:00:00,0.0,0.0,0.0,0.0,0.0
274.07007,0.9570746,0.0,0.5053367,0.9325761,2014-02-18 17:00:00,0.0,0.0,0.0,0.0,0.0
275.75806,0.9452498,0.0,0.5821216,0.9176403,2014-02-18 18:00:00,0.0,0.0,0.0,0.0,0.0
276.7837,0.9663878,0.0,0.741986,0.9663878,2014-02-18 19:00:00,0.0,0.0,0.0,0.0,0.0
277.6089,0.8952976,0.0,0.55799216,0.8952976,2014-02-18 20:00:00,0.0,0.0,0.0,0.0,0.0
278.00928,0.99371904,0.0,0.8360018,0.989759,2014-02-18 21:00:00,0.0,0.0,0.0,0.0,0.0
278.04224,0.99451786,0.0,0.9138789,0.99116397,2014-02-18 22:00:00,0.0,0.0,0.0,0.0,0.0
277.4292,0.9880009,0.0,0.6367801,0.9815011,2014-02-18 23:00:00,0.0,1.2202845e-06,0.0,1.3250728e-06,0.0
276.5105,0.9541087,0.0,0.8664259,0.90783644,2014-02-19 00:00:00,0.0,1.2202845e-06,0.0,1.2202845e-06,0.0
275.56006,0.99072206,0.004235424,0.9839155,0.8272256,2014-02-19 01:00:00,0.0,0.0,0.0,0.0,0.0
274.78906,0.90089613,0.0,0.90089613,0.3733127,2014-02-19 02:00:00,0.0,0.0,0.0,0.0,0.0
273.93848,0.5894889,0.0,0.5894889,0.0034282913,2014-02-19 03:00:00,0.0,0.0,0.0,0.0,0.0
273.0027,0.5466059,0.0,0.5466059,0.0,2014-02-19 04:00:00,0.0,0.0,0.0,0.0,0.0
272.21387,0.0016249504,0.0,0.0016249504,0.0,2014-02-19 05:00:00,0.0,0.0,0.0,0.0,0.0
271.28857,0.0,0.0,0.0,0.0,2014-02-19 06:00:00,0.0,0.0,0.0,0.0,0.0
270.6477,0.0,0.0,0.0,0.0,2014-02-19 07:00:00,0.0,0.0,0.0,0.0,0.0
269.57446,0.0,0.0,0.0,0.0,2014-02-19 08:00:00,0.0,0.0,0.0,0.0,0.0
269.1184,0.0,0.0,0.0,0.0,2014-02-19 09:00:00,0.0,0.0,0.0,0.0,0.0
268.32104,0.0,0.0,0.0,0.0,2014-02-19 10:00:00,0.0,0.0,0.0,0.0,0.0
267.6692,0.0,0.0,0.0,0.0,2014-02-19 11:00:00,0.0,0.0,0.0,0.0,0.0
266.66187,0.0,0.0,0.0,0.0,2014-02-19 12:00:00,0.0,0.0,0.0,0.0,0.0
265.8479,0.0,0.0,0.0,0.0,2014-02-19 13:00:00,0.0,0.0,0.0,0.0,0.0
266.26367,0.0,0.0,0.0,0.0,2014-02-19 14:00:00,0.0,0.0,0.0,0.0,0.0
269.0039,0.0,0.0,0.0,0.0,2014-02-19 15:00:00,0.0,0.0,0.0,0.0,0.0
271.4663,0.0,0.0,0.0,0.0,2014-02-19 16:00:00,0.0,0.0,0.0,0.0,0.0
273.85278,0.0,0.0,0.0,0.0,2014-02-19 17:00:00,0.0,0.0,0.0,0.0,0.0
275.9192,0.027651332,0.0,0.0,0.027651332,2014-02-19 18:00:00,0.0,0.0,0.0,0.0,0.0
276.8584,0.68225545,0.0,0.0,0.68225545,2014-02-19 19:00:00,0.0,0.0,0.0,0.0,0.0
277.61963,0.9756446,0.0,0.0,0.9756446,2014-02-19 20:00:00,0.0,0.0,0.0,0.0,0.0
278.14795,0.9798912,0.0,0.0,0.9798912,2014-02-19 21:00:00,0.0,0.0,0.0,0.0,0.0
277.6228,0.9773226,0.0,0.19729441,0.96784455,2014-02-19 22:00:00,0.0,0.0,0.0,0.0,0.0
276.80396,0.97177005,0.0,0.7399631,0.9599381,2014-02-19 23:00:00,0.0,0.0,0.0,0.0,0.0
276.00586,0.86549413,0.0,0.711659,0.84940505,2014-02-20 00:00:00,0.0,0.0,0.0,0.0,0.0
275.41797,0.8382319,0.0,0.6837801,0.7255539,2014-02-20 01:00:00,0.0,0.0,0.0,0.0,0.0
275.09375,0.8345198,0.0,0.73676246,0.6530741,2014-02-20 02:00:00,0.0,0.0,0.0,0.0,0.0
274.98926,0.97127956,0.0,0.85743064,0.88442963,2014-02-20 03:00:00,0.0,0.0,0.0,0.0,0.0
275.29224,0.96633416,0.0,0.80160826,0.9295213,2014-02-20 04:00:00,0.0,0.0,0.0,0.0,0.0
275.56494,0.93166405,0.0,0.8234159,0.79547596,2014-02-20 05:00:00,0.0,0.0,0.0,0.0,0.0
275.5769,0.99657166,0.0,0.98475593,0.9036326,2014-02-20 06:00:00,0.0,0.0,0.0,0.0,0.0
275.3755,1.0,0.0,0.9883449,0.90516233,2014-02-20 07:00:00,0.0,0.0,0.0,0.0,0.0
274.9419,0.92089725,0.0,0.8394371,0.5724038,2014-02-20 08:00:00,0.0,0.0,0.0,0.0,0.0
274.50244,0.7081781,0.0,0.004235424,0.70764637,2014-02-20 09:00:00,0.0,0.0,0.0,0.0,0.0
274.08252,0.93239856,0.0,0.3411792,0.89787555,2014-02-20 10:00:00,0.0,0.0,0.0,0.0,0.0
274.031,0.97577757,0.0,0.34068376,0.9585272,2014-02-20 11:00:00,0.0,0.0,0.0,0.0,0.0
273.7163,0.8949395,0.00053172023,0.18055195,0.8786795,2014-02-20 12:00:00,0.0,0.0,0.0,0.0,0.0
273.375,0.8299817,0.028720066,0.1395812,0.7789169,2014-02-20 13:00:00,0.0,9.549569e-08,3.5810903e-08,0.0,9.549569e-08
273.70483,0.9080925,0.075616896,0.72065324,0.79071224,2014-02-20 14:00:00,5.0,7.6332435e-07,7.584366e-07,0.0,7.6332435e-07
274.44287,1.0,0.4167719,0.98674303,0.97338283,2014-02-20 15:00:00,6.0,1.1124267e-05,1.1016833e-05,0.0,1.1124267e-05
274.7002,1.0,0.87847626,1.0,0.9583976,2014-02-20 16:00:00,6.0,0.00015690956,0.00015615064,0.0,0.00015690956
274.53613,1.0,0.99289286,1.0,0.99089694,2014-02-20 17:00:00,6.0,0.0006265326,0.0006223661,0.0,0.0006265326
274.45605,1.0,0.9909913,0.9968219,0.99657166,2014-02-20 18:00:00,6.0,0.0009699466,0.00096034305,0.0,0.0009699466
274.45435,1.0,0.93277735,0.9383512,1.0,2014-02-20 19:00:00,6.0,0.0010204767,0.00091803796,0.00013132728,0.00088886335
274.1709,1.0,0.9833853,1.0,0.9781656,2014-02-20 20:00:00,6.0,0.0017478163,0.0016882461,2.9806077e-05,0.0017182198
274.31543,1.0,0.99364376,0.99235535,0.98999023,2014-02-20 21:00:00,6.0,0.002262865,0.0022160583,3.4726967e-05,0.0022281378
273.89673,1.0,0.9939861,1.0,1.0,2014-02-20 22:00:00,6.0,0.002378005,0.0023143436,8.454689e-05,0.0022933723
273.78442,1.0,0.99525803,1.0,1.0,2014-02-20 23:00:00,6.0,0.002546757,0.002513046,1.8007893e-05,0.002528997
273.70972,1.0,0.9928871,1.0,1.0,2014-02-21 00:00:00,6.0,0.0026383973,0.0026121016,0.0,0.0026383973
273.58447,1.0,1.0,1.0,1.0,2014-02-21 01:00:00,6.0,0.0024426715,0.0024186699,0.0,0.0024426715
273.19897,1.0,0.9966217,1.0,1.0,2014-02-21 02:00:00,6.0,0.0021250104,0.0021057564,0.0,0.0021250104
273.01953,1.0,0.99627113,1.0,1.0,2014-02-21 03:00:00,5.0,0.0020831625,0.0020750873,0.0,0.0020831625
270.39673,1.0,1.0,1.0,1.0,2014-02-21 04:00:00,5.0,0.0018128876,0.0018129402,0.0,0.0018128876
268.2417,1.0,0.97516567,1.0,1.0,2014-02-21 05:00:00,5.0,0.0009771588,0.0009770826,0.0,0.0009771588
266.63037,1.0,0.9889295,1.0,1.0,2014-02-21 06:00:00,5.0,0.00053826114,0.0005382658,0.0,0.00053826114
265.56885,1.0,0.9978961,1.0,1.0,2014-02-21 07:00:00,5.0,0.00041278754,0.00041264435,0.0,0.00041278754
264.7827,1.0,0.98868513,1.0,1.0,2014-02-21 08:00:00,5.0,0.00036567985,0.00036545843,0.0,0.0003654703
263.5652,1.0,1.0,1.0,1.0,2014-02-21 09:00:00,5.0,0.00033431966,0.00033435575,0.0,0.00033431966
261.77734,1.0,1.0,1.0,1.0,2014-02-21 10:00:00,5.0,0.00033584423,0.0003358347,0.0,0.00033584423
261.28394,1.0,1.0,1.0,1.0,2014-02-21 11:00:00,5.0,0.00024426146,0.00024414458,0.0,0.00024426146
260.7578,1.0,0.9957922,1.0,0.99841094,2014-02-21 12:00:00,5.0,0.00014183448,0.00014181573,0.0,0.00014183448
260.36597,1.0,1.0,0.9989426,0.9978792,2014-02-21 13:00:00,5.0,9.716948e-05,9.7341166e-05,0.0,9.734125e-05
260.34546,1.0,0.9966217,0.9773552,0.99683875,2014-02-21 14:00:00,5.0,6.143302e-05,6.1201805e-05,0.0,6.143302e-05
260.70532,0.99627113,0.9925423,0.8647486,0.6169428,2014-02-21 15:00:00,5.0,2.8406983e-05,2.8311319e-05,0.0,2.8406983e-05
261.21436,1.0,1.0,0.40029198,0.36024076,2014-02-21 16:00:00,5.0,1.1399188e-05,1.1349197e-05,0.0,1.1399188e-05
261.89355,1.0,1.0,0.24594665,0.37877184,2014-02-21 17:00:00,5.0,2.7635933e-06,3.0687452e-06,0.0,2.9731682e-06
262.71436,1.0,1.0,0.072766125,0.0187165,2014-02-21 18:00:00,5.0,2.2815959e-07,5.147293e-07,0.0,5.9091695e-07
263.40088,1.0,1.0,0.029192884,0.0,2014-02-21 19:00:00,5.0,6.678286e-07,6.4627767e-07,0.0,5.7233285e-07
263.81982,1.0,1.0,0.031713877,0.0033782488,2014-02-21 20:00:00,5.0,5.7233285e-07,6.6053764e-07,0.0,6.678286e-07
264.25586,0.998375,0.998375,0.03019287,0.011520103,2014-02-21 21:00:00,5.0,1.9099144e-07,4.4118661e-07,0.0,5.7233285e-07
264.21802,0.89858603,0.89858603,0.013471484,0.0,2014-02-21 22:00:00,5.0,0.0,2.957002e-07,0.0,9.549569e-08
264.1289,0.6352721,0.6352721,0.0,0.0,2014-02-21 23:00:00,5.0,9.549569e-08,2.8848945e-07,0.0,4.7683716e-07
263.7129,0.45668018,0.45668018,0.0,0.0,2014-02-22 00:00:00,5.0,3.4705236e-06,3.4539407e-06,0.0,3.4705236e-06
263.48706,0.48842996,0.48842996,0.0,0.0,2014-02-22 01:00:00,5.0,5.9873737e-06,6.0849507e-06,0.0,5.9873737e-06
263.24658,0.6445706,0.6445706,0.0,0.0,2014-02-22 02:00:00,5.0,7.0551278e-06,7.31029e-06,0.0,7.0551278e-06
263.05664,0.89069664,0.89069664,0.0,0.0,2014-02-22 03:00:00,5.0,6.6737857e-06,6.397234e-06,0.0,6.6737857e-06
262.65942,0.9883449,0.9883449,0.0,0.0,2014-02-22 04:00:00,5.0,5.491952e-06,5.4538987e-06,0.0,5.491952e-06
262.2473,0.99319345,0.99319345,0.0,0.0,2014-02-22 05:00:00,5.0,4.5382776e-06,4.5575052e-06,0.0,4.5382776e-06
261.86108,0.9875358,0.9875358,0.0,0.0,2014-02-22 06:00:00,5.0,4.6337736e-06,4.586106e-06,0.0,4.6337736e-06
261.58838,0.997629,0.997629,0.0,0.0,2014-02-22 07:00:00,5.0,3.794179e-06,3.4461655e-06,0.0,3.5269177e-06
261.23975,0.99131733,0.99131733,0.0,0.0,2014-02-22 08:00:00,5.0,2.5732434e-06,2.63317e-06,0.0,2.6687385e-06
260.77002,0.80277354,0.80277354,0.0016249504,0.0,2014-02-22 09:00:00,5.0,1.3914087e-06,1.6511367e-06,0.0,1.6009844e-06
259.91455,0.2903955,0.28829163,0.002103883,0.0,2014-02-22 10:00:00,5.0,1.1818338e-06,1.1578786e-06,0.0,1.1818338e-06
259.41772,0.18398935,0.17490673,0.004207764,0.0048919544,2014-02-22 11:00:00,0.0,5.9091695e-07,7.075615e-07,0.0,5.9091695e-07
258.7107,0.07736313,0.07736313,0.0,0.0,2014-02-22 12:00:00,5.0,5.9091695e-07,7.432922e-07,0.0,5.9091695e-07
258.375,0.0912931,0.0912931,0.0,0.0,2014-02-22 13:00:00,5.0,5.9091695e-07,6.2408293e-07,0.0,5.9091695e-07
258.4751,0.039298985,0.039298985,0.0,0.0,2014-02-22 14:00:00,5.0,5.9091695e-07,5.431691e-07,0.0,5.9091695e-07
259.7412,0.16336554,0.16336554,0.0,0.0,2014-02-22 15:00:00,5.0,1.14079796e-07,8.812458e-08,0.0,1.14079796e-07
261.00317,0.23755598,0.23755598,0.0,0.0,2014-02-22 16:00:00,5.0,0.0,7.386461e-08,0.0,0.0
262.15918,0.0,0.0,0.0,0.0,2014-02-22 17:00:00,5.0,0.0,0.0,0.0,0.0
263.08105,0.032431882,0.032431882,0.0,0.0,2014-02-22 18:00:00,0.0,0.0,0.0,0.0,0.0
263.99756,0.077225626,0.077225626,0.0,0.0,2014-02-22 19:00:00,0.0,0.0,1.42599745e-08,0.0,0.0
264.25342,0.10437399,0.10437399,0.0,0.0,2014-02-22 20:00:00,0.0,0.0,0.0,0.0,0.0
264.5454,0.19468641,0.19468641,0.0,0.0,2014-02-22 21:00:00,0.0,0.0,0.0,0.0,0.0
264.10645,0.34986097,0.34986097,0.0,0.0,2014-02-22 22:00:00,0.0,0.0,0.0,0.0,0.0
263.51904,0.0048919544,0.0048919544,0.0,0.0,2014-02-22 23:00:00,5.0,0.0,0.0,0.0,0.0
262.39917,0.0032499009,0.0032499009,0.0,0.0,2014-02-23 00:00:00,5.0,0.0,0.0,0.0,0.0
261.35986,0.0,0.0,0.0,0.0,2014-02-23 01:00:00,5.0,0.0,4.7667676e-08,0.0,0.0
260.84595,0.0,0.0,0.0,0.0,2014-02-23 02:00:00,5.0,0.0,0.0,0.0,0.0
260.2788,0.06735492,0.06735492,0.0,0.0,2014-02-23 03:00:00,5.0,0.0,4.7667676e-08,0.0,0.0
259.96436,0.12022376,0.12022376,0.0,0.0,2014-02-23 04:00:00,5.0,1.14079796e-07,1.2385527e-07,0.0,1.14079796e-07
259.74756,0.09765899,0.09765899,0.0,0.0,2014-02-23 05:00:00,0.0,0.0,7.618763e-08,0.0,0.0
259.4458,0.04040465,0.04040465,0.0,0.0,2014-02-23 06:00:00,0.0,0.0,4.7667676e-08,0.0,0.0
258.94092,0.04040465,0.04040465,0.0,0.0,2014-02-23 07:00:00,0.0,0.0,6.192761e-08,0.0,0.0
258.5437,0.0,0.0,0.0,0.0,2014-02-23 08:00:00,0.0,0.0,4.7667676e-08,0.0,0.0
257.9431,0.0067320913,0.0067320913,0.0,0.0,2014-02-23 09:00:00,0.0,0.0,0.0,0.0,0.0
257.31055,0.0,0.0,0.0,0.0,2014-02-23 10:00:00,0.0,0.0,0.0,0.0,0.0
256.87427,0.0,0.0,0.0,0.0,2014-02-23 11:00:00,0.0,0.0,0.0,0.0,0.0
256.4978,0.0,0.0,0.0,0.0,2014-02-23 12:00:00,0.0,0.0,0.0,0.0,0.0
256.2046,0.0,0.0,0.0,0.0,2014-02-23 13:00:00,0.0,0.0,0.0,0.0,0.0
256.67725,0.0,0.0,0.0,0.0,2014-02-23 14:00:00,0.0,0.0,0.0,0.0,0.0
258.82275,0.0,0.0,0.0,0.0,2014-02-23 15:00:00,0.0,0.0,0.0,0.0,0.0
260.60718,0.0,0.0,0.0,0.0,2014-02-23 16:00:00,0.0,0.0,0.0,0.0,0.0
262.1101,0.0067320913,0.0067320913,0.0,0.0,2014-02-23 17:00:00,0.0,0.0,0.0,0.0,0.0
263.18213,0.0033782488,0.0033782488,0.0,0.0,2014-02-23 18:00:00,0.0,0.0,0.0,0.0,0.0
264.13794,0.0,0.0,0.0,0.0,2014-02-23 19:00:00,0.0,0.0,0.0,0.0,0.0
264.85864,0.0,0.0,0.0,0.0,2014-02-23 20:00:00,0.0,0.0,0.0,0.0,0.0
265.32837,0.0,0.0,0.0,0.0,2014-02-23 21:00:00,0.0,0.0,0.0,0.0,0.0
265.1245,0.047144044,0.047144044,0.0,0.0,2014-02-23 22:00:00,0.0,0.0,0.0,0.0,0.0
264.66895,0.0,0.0,0.0,0.0,2014-02-23 23:00:00,0.0,0.0,0.0,0.0,0.0
263.54028,0.0,0.0,0.0,0.0,2014-02-24 00:00:00,0.0,0.0,0.0,0.0,0.0
262.6494,0.0,0.0,0.0,0.0,2014-02-24 01:00:00,0.0,0.0,0.0,0.0,0.0
262.07397,0.01772051,0.01772051,0.0,0.0,2014-02-24 02:00:00,0.0,0.0,0.0,0.0,0.0
261.39478,0.099548995,0.099548995,0.0,0.0,2014-02-24 03:00:00,0.0,0.0,0.0,0.0,0.0
260.7234,0.31163794,0.31163794,0.0,0.0,2014-02-24 04:00:00,0.0,0.0,4.7667676e-08,0.0,0.0
260.21118,0.40159357,0.40159357,0.0,0.0,2014-02-24 05:00:00,5.0,0.0,1.3579228e-07,0.0,1.14079796e-07
259.54248,0.33064055,0.33064055,0.0,0.0,2014-02-24 06:00:00,5.0,2.2815959e-07,3.4544917e-07,0.0,3.813414e-07
258.97266,0.31288362,0.31288362,0.0,0.0,2014-02-24 07:00:00,5.0,5.9091695e-07,6.313739e-07,0.0,5.9091695e-07
258.18628,0.31648672,0.31648672,0.0,0.0,2014-02-24 08:00:00,0.0,7.0499675e-07,6.718308e-07,0.0,7.0499675e-07
257.43823,0.28716666,0.28716666,0.0,0.0,2014-02-24 09:00:00,0.0,7.0499675e-07,7.194985e-07,0.0,7.0499675e-07
256.56274,0.14448303,0.14448303,0.0,0.0,2014-02-24 10:00:00,0.0,5.9091695e-07,6.8136455e-07,0.0,5.9091695e-07
255.84894,0.22468847,0.22468847,0.0,0.0,2014-02-24 11:00:00,0.0,5.9091695e-07,5.3363533e-07,0.0,5.9091695e-07
255.26466,0.33530235,0.33530235,0.0,0.0,2014-02-24 12:00:00,5.0,5.9091695e-07,4.955014e-07,0.0,5.9091695e-07
254.7179,0.3277384,0.3277384,0.0,0.0,2014-02-24 13:00:00,5.0,5.9091695e-07,4.955014e-07,0.0,5.9091695e-07
254.94957,0.2623883,0.2623883,0.0,0.0,2014-02-24 14:00:00,5.0,3.813414e-07,5.097614e-07,0.0,5.9091695e-07
256.65112,0.5454434,0.5454434,0.0,0.0,2014-02-24 15:00:00,5.0,1.14079796e-07,2.2391686e-07,0.0,1.14079796e-07
257.9375,0.39846462,0.39846462,0.0,0.0,2014-02-24 16:00:00,5.0,0.0,1.2385527e-07,0.0,1.14079796e-07
259.52856,0.0037098185,0.0037098185,0.0,0.0,2014-02-24 17:00:00,0.0,0.0,0.0,0.0,0.0
260.8457,0.27025938,0.02357202,0.16624093,0.14148337,2014-02-24 18:00:00,0.0,0.0,0.0,0.0,0.0
261.99927,0.9875358,0.0,0.9875358,0.87833244,2014-02-24 19:00:00,0.0,0.0,0.0,0.0,0.0
262.54248,1.0,0.0,1.0,0.9851648,2014-02-24 20:00:00,5.0,0.0,0.0,0.0,0.0
262.87305,1.0,0.0,1.0,0.99273705,2014-02-24 21:00:00,5.0,2.6726156e-07,3.8182486e-07,0.0,2.6726156e-07
262.77368,1.0,0.0,1.0,0.9441565,2014-02-24 22:00:00,5.0,2.4232877e-06,2.309047e-06,0.0,2.213712e-06
262.47144,1.0,0.0,1.0,0.59097946,2014-02-24 23:00:00,5.0,7.669788e-06,7.502991e-06,0.0,7.555708e-06
262.11865,1.0,0.0,1.0,0.19535899,2014-02-25 00:00:00,5.0,1.882932e-05,1.8796156e-05,0.0,1.882932e-05
261.72998,1.0,0.0,1.0,0.13451469,2014-02-25 01:00:00,5.0,3.4757235e-05,3.490015e-05,0.0,3.4757235e-05
261.4807,1.0,0.0,1.0,0.13232064,2014-02-25 02:00:00,5.0,5.1331153e-05,5.1517185e-05,0.0,5.1331153e-05
260.81543,1.0,0.0,1.0,0.04220108,2014-02-25 03:00:00,5.0,5.613669e-05,5.613205e-05,0.0,5.613669e-05
260.32275,1.0,0.0048919544,1.0,0.0,2014-02-25 04:00:00,5.0,5.2685384e-05,5.266632e-05,0.0,5.2780888e-05
259.5293,1.0,0.27996773,1.0,0.0,2014-02-25 05:00:00,5.0,4.040041e-05,4.0617524e-05,0.0,4.040041e-05
258.40894,0.984761,0.9441471,0.93686616,0.0,2014-02-25 06:00:00,5.0,1.909335e-05,1.9031184e-05,0.0,1.909335e-05
257.35522,0.9942007,0.991298,0.731183,0.0,2014-02-25 07:00:00,5.0,9.821938e-06,9.98441e-06,0.0,9.803353e-06
256.24023,1.0,1.0,0.17663395,0.0,2014-02-25 08:00:00,5.0,3.5852445e-06,3.2443604e-06,0.0,3.2039034e-06
255.26622,0.99182975,0.99182975,0.009483848,0.0,2014-02-25 09:00:00,5.0,1.1055636e-06,1.1462616e-06,0.0,1.1055636e-06
254.029,0.8897799,0.8897799,0.0,0.0,2014-02-25 10:00:00,5.0,1.372825e-06,1.3034451e-06,0.0,1.1055636e-06
253.2322,0.9849166,0.9849166,0.0,0.0,2014-02-25 11:00:00,5.0,1.372825e-06,1.2843784e-06,0.0,1.2773289e-06
252.51396,0.9947263,0.9947263,0.0,0.0,2014-02-25 12:00:00,5.0,1.658671e-06,1.5536398e-06,0.0,1.658671e-06
251.88893,0.7992667,0.7992667,0.0,0.0,2014-02-25 13:00:00,5.0,1.3914087e-06,1.3009612e-06,0.0,1.3914087e-06
252.4144,0.47386616,0.47386616,0.0,0.0,2014-02-25 14:00:00,5.0,9.1457235e-07,1.084094e-06,0.0,9.1457235e-07
254.09305,0.88740873,0.88740873,0.0,0.0,2014-02-25 15:00:00,5.0,1.6964805e-06,1.7966231e-06,0.0,1.6009844e-06
255.40242,0.9074089,0.9074089,0.0,0.0,2014-02-25 16:00:00,5.0,1.0100675e-06,9.912428e-07,0.0,1.1818338e-06
256.52393,0.96473193,0.96473193,0.0,0.0,2014-02-25 17:00:00,5.0,3.813414e-07,3.0739545e-07,0.0,2.0957555e-07
257.67432,0.9284065,0.9284065,0.0,0.0,2014-02-25 18:00:00,5.0,0.0,2.6196943e-08,0.0,0.0
258.35327,0.9989426,0.9989426,0.0,0.0,2014-02-25 19:00:00,5.0,0.0,2.4074154e-07,0.0,1.14079796e-07
258.917,1.0,1.0,0.0,0.0,2014-02-25 20:00:00,5.0,1.5445912e-06,1.5780788e-06,0.0,1.5445912e-06
259.2771,0.9797891,0.9797891,0.0,0.0,2014-02-25 21:00:00,5.0,4.5780216e-06,4.232089e-06,0.0,4.5780216e-06
258.92017,0.9968219,0.9968219,0.0,0.0,2014-02-25 22:00:00,5.0,6.3321877e-06,6.587109e-06,0.0,6.7135297e-06
258.52856,0.9736971,0.9736971,0.0,0.0,2014-02-25 23:00:00,5.0,7.0371852e-06,7.0921433e-06,0.0,7.0371852e-06
257.2793,0.9386174,0.9386174,0.0,0.0,2014-02-26 00:00:00,5.0,2.861023e-06,2.9634075e-06,0.0,2.861023e-06
256.48413,0.5612465,0.5612465,0.0,0.0,2014-02-26 01:00:00,5.0,6.864127e-07,7.056406e-07,0.0,6.864127e-07
255.69641,0.06839532,0.06839532,0.0,0.0,2014-02-26 02:00:00,5.0,9.549569e-08,1.8826631e-07,0.0,9.549569e-08
254.3876,0.0141203925,0.0141203925,0.0,0.0,2014-02-26 03:00:00,5.0,0.0,8.580156e-08,0.0,0.0
253.64018,0.035236485,0.035236485,0.0,0.0,2014-02-26 04:00:00,0.0,0.0,7.386461e-08,0.0,0.0
252.79686,0.021391507,0.021391507,0.0,0.0,2014-02-26 05:00:00,0.0,0.0,1.42599745e-08,0.0,0.0
252.22603,0.013521526,0.013521526,0.0,0.0,2014-02-26 06:00:00,0.0,0.0,1.42599745e-08,0.0,0.0
251.59103,0.0,0.0,0.0,0.0,2014-02-26 07:00:00,0.0,0.0,1.42599745e-08,0.0,0.0
251.05545,0.0067320913,0.0067320913,0.0,0.0,2014-02-26 08:00:00,0.0,0.0,0.0,0.0,0.0
250.73724,0.0067320913,0.0067320913,0.0,0.0,2014-02-26 09:00:00,0.0,0.0,0.0,0.0,0.0
250.08778,0.0032499009,0.0,0.0032499009,0.0,2014-02-26 10:00:00,0.0,0.0,0.0,0.0,0.0
250.06113,0.11406368,0.0,0.11406368,0.0,2014-02-26 11:00:00,0.0,0.0,0.0,0.0,0.0
250.14671,0.15587229,0.0,0.15587229,0.0,2014-02-26 12:00:00,0.0,0.0,0.0,0.0,0.0
250.2951,0.39438093,0.0,0.39438093,0.0,2014-02-26 13:00:00,0.0,0.0,0.0,0.0,0.0
251.3302,0.7070784,0.0,0.7070784,0.0,2014-02-26 14:00:00,0.0,0.0,4.7667676e-08,0.0,0.0
253.8356,0.62881887,0.0,0.62881887,0.0,2014-02-26 15:00:00,0.0,0.0,2.8519953e-08,0.0,0.0
256.25146,0.78297246,0.0,0.78297246,0.0,2014-02-26 16:00:00,5.0,0.0,9.533534e-08,0.0,0.0
258.50317,0.62919146,0.0,0.62919146,0.0,2014-02-26 17:00:00,5.0,2.2815959e-07,3.669199e-07,0.0,2.2815959e-07
260.72607,0.4506142,0.0,0.4506142,0.0,2014-02-26 18:00:00,5.0,3.813414e-07,2.7158455e-07,0.0,3.813414e-07
262.52393,0.6693232,0.0,0.6693232,0.0,2014-02-26 19:00:00,5.0,0.0,7.618763e-08,0.0,1.14079796e-07
264.07666,0.13760465,0.024880346,0.11947352,0.0,2014-02-26 20:00:00,5.0,0.0,1.2385527e-07,0.0,1.14079796e-07
265.22754,0.4560405,0.4560405,0.0,0.0,2014-02-26 21:00:00,5.0,1.2972059e-06,1.0798531e-06,0.0,1.1254397e-06
265.85474,0.81374943,0.8121073,0.118340135,0.0,2014-02-26 22:00:00,5.0,1.4721699e-05,1.4894108e-05,0.0,1.4721699e-05
265.39502,0.8814671,0.8780889,0.042731516,0.0,2014-02-26 23:00:00,5.0,1.5902231e-05,1.6076068e-05,0.0,1.5902231e-05
264.0105,0.85494095,0.85157984,0.07507813,0.0,2014-02-27 00:00:00,5.0,2.9545845e-06,2.8762352e-06,0.0,2.9545845e-06
262.48608,0.805471,0.805471,0.020584371,0.0,2014-02-27 01:00:00,5.0,2.9360008e-06,2.9239018e-06,0.0,2.9360008e-06
261.38916,0.84859496,0.84859496,0.0,0.0,2014-02-27 02:00:00,5.0,3.7364925e-06,3.727121e-06,0.0,3.7364925e-06
259.2373,0.89510363,0.89510363,0.0,0.0,2014-02-27 03:00:00,5.0,2.9738103e-06,3.0836472e-06,0.0,2.9738103e-06
257.4829,0.91112334,0.91112334,0.0,0.0,2014-02-27 04:00:00,5.0,1.6964805e-06,1.6943186e-06,0.0,1.6964805e-06
255.88411,0.9947011,0.9947011,0.0,0.0,2014-02-27 05:00:00,5.0,1.0100675e-06,1.0889817e-06,0.0,1.0100675e-06
254.46075,0.976428,0.976428,0.0,0.0,2014-02-27 06:00:00,5.0,1.9637419e-06,1.7538432e-06,0.0,1.9637419e-06
253.2584,0.99116397,0.99116397,0.0,0.0,2014-02-27 07:00:00,5.0,2.4969731e-06,2.6306034e-06,0.0,2.5828558e-06
252.22046,0.83373326,0.83373326,0.0,0.0,2014-02-27 08:00:00,5.0,2.1733176e-06,2.21129e-06,0.0,2.0967263e-06
251.14972,0.644283,0.644283,0.0,0.0,2014-02-27 09:00:00,0.0,9.914838e-07,1.0200038e-06,0.0,9.914838e-07
250.1503,0.53068197,0.53068197,0.0,0.0,2014-02-27 10:00:00,0.0,4.0056705e-07,4.2428059e-07,0.0,4.0056705e-07
249.3318,0.8966161,0.8966161,0.0,0.0,2014-02-27 11:00:00,0.0,1.9099144e-07,2.0028352e-07,0.0,1.9099144e-07
248.72517,0.7979669,0.7979669,0.0,0.0,2014-02-27 12:00:00,0.0,9.549569e-08,1.7176353e-07,0.0,9.549569e-08
248.01213,0.35225743,0.35225743,0.0,0.0,2014-02-27 13:00:00,0.0,9.549569e-08,8.5881766e-08,0.0,9.549569e-08
248.3906,0.8703874,0.8703874,0.0,0.0,2014-02-27 14:00:00,5.0,0.0,3.8133912e-08,0.0,0.0
249.5756,1.0,1.0,0.0,0.027472012,2014-02-27 15:00:00,5.0,5.9091695e-07,5.505402e-07,0.0,5.9091695e-07
250.5831,1.0,1.0,0.0,0.3966421,2014-02-27 16:00:00,5.0,5.7233285e-07,6.293728e-07,0.0,5.7233285e-07
251.56146,0.9550199,0.93124413,0.0,0.5103165,2014-02-27 17:00:00,5.0,0.0,7.154159e-08,0.0,0.0
252.71483,0.7405747,0.35302883,0.00737416,0.6091394,2014-02-27 18:00:00,0.0,0.0,0.0,0.0,0.0
253.68227,0.3597008,0.009766806,0.008357041,0.3548088,2014-02-27 19:00:00,0.0,0.0,0.0,0.0,0.0
254.60501,0.16268092,0.0,0.005003199,0.15769488,2014-02-27 20:00:00,0.0,0.0,0.0,0.0,0.0
255.29987,0.22629744,0.0,0.0,0.22629744,2014-02-27 21:00:00,0.0,0.0,0.0,0.0,0.0
255.33517,0.051570322,0.0,0.0,0.051570322,2014-02-27 22:00:00,0.0,0.0,0.0,0.0,0.0
254.62201,0.0,0.0,0.0,0.0,2014-02-27 23:00:00,0.0,0.0,0.0,0.0,0.0
254.38974,0.0,0.0,0.0,0.0,2014-02-28 00:00:00,0.0,0.0,0.0,0.0,0.0
251.96095,0.0,0.0,0.0,0.0,2014-02-28 01:00:00,0.0,0.0,0.0,0.0,0.0
250.38608,0.0,0.0,0.0,0.0,2014-02-28 02:00:00,0.0,0.0,0.0,0.0,0.0
249.3383,0.0,0.0,0.0,0.0,2014-02-28 03:00:00,0.0,0.0,0.0,0.0,0.0
249.16093,0.0,0.0,0.0,0.0,2014-02-28 04:00:00,0.0,0.0,0.0,0.0,0.0
249.07913,0.16679102,0.0,0.0,0.16679102,2014-02-28 05:00:00,0.0,0.0,0.0,0.0,0.0
249.30153,0.8386131,0.0,0.0,0.8386131,2014-02-28 06:00:00,0.0,0.0,0.0,0.0,0.0
249.50807,0.8919671,0.0,0.0,0.8919671,2014-02-28 07:00:00,0.0,0.0,0.0,0.0,0.0
250.07664,0.89801836,0.0,0.0,0.89801836,2014-02-28 08:00:00,0.0,0.0,0.0,0.0,0.0
250.38614,0.86044836,0.0,0.018895783,0.86044836,2014-02-28 09:00:00,0.0,0.0,0.0,0.0,0.0
251.08658,0.36045265,0.0,0.0136999525,0.35992092,2014-02-28 10:00:00,0.0,0.0,0.0,0.0,0.0
251.57555,0.3795789,0.0,0.0010573287,0.3795789,2014-02-28 11:00:00,0.0,0.0,0.0,0.0,0.0
252.09692,0.3068365,0.0,0.27381575,0.123749435,2014-02-28 12:00:00,0.0,0.0,0.0,0.0,0.0
252.79453,0.8304916,0.0,0.55519044,0.77761316,2014-02-28 13:00:00,0.0,0.0,0.0,0.0,0.0
254.10962,0.96176654,0.0,0.8927204,0.92826134,2014-02-28 14:00:00,5.0,0.0,0.0,0.0,0.0
256.13428,0.9989426,0.0,0.9889606,0.99258035,2014-02-28 15:00:00,5.0,1.9073486e-06,2.1218948e-06,0.0,2.2508802e-06
257.9807,1.0,0.0,1.0,0.991523,2014-02-28 16:00:00,5.0,1.8578707e-05,1.8315928e-05,0.0,1.8387713e-05
259.2024,1.0,0.0,1.0,0.989114,2014-02-28 17:00:00,5.0,4.2075728e-05,4.1961495e-05,0.0,4.2133426e-05
260.22974,0.99337184,0.0,0.99337184,0.978386,2014-02-28 18:00:00,5.0,4.8977658e-05,4.9068345e-05,0.0,4.8977658e-05
261.1526,1.0,0.0,0.9949968,1.0,2014-02-28 19:00:00,5.0,0.00013646758,0.00013672524,0.0,0.00013683035
261.87695,0.97391176,0.0,0.7562186,0.97391176,2014-02-28 20:00:00,5.0,8.065332e-05,8.053427e-05,0.0,8.0443744e-05
262.62964,0.9871681,0.0,0.3995629,0.9871681,2014-02-28 21:00:00,5.0,2.6747046e-05,2.6696987e-05,0.0,2.6747046e-05
262.83545,1.0,0.25546193,0.1655066,1.0,2014-02-28 22:00:00,0.0,3.6839483e-06,3.8337594e-06,0.0,3.798028e-06
262.9414,1.0,0.47448415,0.2906295,0.9905219,2014-02-28 23:00:00,5.0,2.864872e-07,3.4849506e-07,0.0,2.864872e-07
262.5752,0.96662295,0.0,0.4042986,0.964998,2014-03-01 00:00:00,5.0,9.549569e-08,7.16218e-08,0.0,9.549569e-08
261.62354,0.98675096,0.007457666,0.37097955,0.9717551,2014-03-01 01:00:00,5.0,0.0,2.3873934e-08,0.0,0.0
261.1836,0.9805366,0.042830274,0.40610623,0.97053015,2014-03-01 02:00:00,5.0,0.0,0.0,0.0,0.0
260.90332,0.97164387,0.06796718,0.6441802,0.95711654,2014-03-01 03:00:00,5.0,0.0,8.107537e-08,0.0,0.0
260.87256,0.9949968,0.17480105,0.7563069,0.980757,2014-03-01 04:00:00,5.0,0.0,1.1920929e-07,0.0,0.0
260.44043,0.9966217,0.07663077,0.9169013,0.96582687,2014-03-01 05:00:00,5.0,8.3959446e-07,9.0160233e-07,0.0,9.350902e-07
259.375,0.9489162,0.05235209,0.8211346,0.92587924,2014-03-01 06:00:00,5.0,3.1103418e-06,3.2796215e-06,0.0,3.1103418e-06
258.70728,0.9694336,0.39319015,0.9013714,0.8826435,2014-03-01 07:00:00,5.0,1.3362987e-06,1.3840463e-06,0.0,1.3362987e-06
257.9143,0.9911121,0.9276434,0.77136886,0.8419347,2014-03-01 08:00:00,5.0,1.8701803e-06,1.7102711e-06,0.0,1.698414e-06
256.94556,0.997629,0.96445715,0.5502361,0.9226137,2014-03-01 09:00:00,5.0,4.2915344e-06,4.2605307e-06,0.0,4.2915344e-06
255.98985,0.99609,0.86823404,0.74491996,0.9605198,2014-03-01 10:00:00,5.0,5.9316208e-06,5.6192566e-06,0.0,5.5502796e-06
255.38403,0.9978792,0.83317465,0.90852,0.9646875,2014-03-01 11:00:00,5.0,6.122613e-06,6.2251584e-06,0.0,6.027117e-06
254.90157,0.9970973,0.861543,0.9715402,0.93029344,2014-03-01 12:00:00,5.0,6.8667114e-06,7.062592e-06,0.0,7.229469e-06
254.49338,1.0,0.8900794,0.8931818,1.0,2014-03-01 13:00:00,5.0,9.727734e-06,9.971121e-06,0.0,1.0090492e-05
254.23439,1.0,0.969891,0.99164295,1.0,2014-03-01 14:00:00,5.0,1.7700659e-05,1.7574232e-05,0.0,1.7586572e-05
254.33473,1.0,0.97579867,1.0,1.0,2014-03-01 15:00:00,5.0,2.1096203e-05,2.081701e-05,0.0,2.1000698e-05
254.58432,1.0,0.9978792,1.0,1.0,2014-03-01 16:00:00,5.0,3.0216353e-05,3.0165727e-05,0.0,3.006318e-05
254.74716,1.0,1.0,0.5544061,0.96532357,2014-03-01 17:00:00,5.0,3.0867523e-05,3.124654e-05,0.0,3.1248856e-05
255.26778,1.0,0.9824847,0.33453047,0.99262583,2014-03-01 18:00:00,5.0,2.2779219e-05,2.2371678e-05,0.0,2.2397871e-05
255.74483,1.0,0.8640327,0.12095767,1.0,2014-03-01 19:00:00,5.0,2.404694e-06,2.2925342e-06,0.0,2.404694e-06
255.82115,1.0,0.79117197,0.8388663,1.0,2014-03-01 20:00:00,5.0,2.9199919e-06,2.8696786e-06,0.0,2.9385756e-06
255.88164,1.0,0.74864346,0.92074513,1.0,2014-03-01 21:00:00,5.0,1.9041443e-05,1.9007959e-05,0.0,1.8945953e-05
255.38004,1.0,0.49829507,1.0,0.9806201,2014-03-01 22:00:00,5.0,1.7475046e-05,1.7389015e-05,0.0,1.7379556e-05
255.14502,1.0,0.961954,0.9556773,0.9945763,2014-03-01 23:00:00,5.0,6.0098155e-06,5.9809727e-06,0.0,6.2193913e-06
254.72263,0.983605,0.74424046,0.80232024,0.6239057,2014-03-02 00:00:00,5.0,1.3356566e-06,1.4571888e-06,0.0,1.3356566e-06
254.46223,0.9742741,0.85047,0.74254495,0.050472528,2014-03-02 01:00:00,5.0,1.6215026e-06,1.4139268e-06,0.0,1.6215026e-06
254.04555,0.9189809,0.871481,0.37895888,0.10701531,2014-03-02 02:00:00,5.0,8.5817857e-07,7.1517553e-07,0.0,8.5817857e-07
253.31754,0.8169028,0.71685183,0.30315232,0.2705323,2014-03-02 03:00:00,5.0,3.813414e-07,2.6942303e-07,0.0,3.813414e-07
252.63068,0.9746454,0.8311912,0.3741144,0.62995833,2014-03-02 04:00:00,5.0,2.6726156e-07,2.0749542e-07,0.0,2.6726156e-07
252.26056,0.96847,0.8115393,0.46871823,0.6947076,2014-03-02 05:00:00,5.0,8.5817857e-07,9.0128157e-07,0.0,8.5817857e-07
251.7516,0.9714278,0.8376051,0.4889868,0.56636244,2014-03-02 06:00:00,5.0,1.983618e-06,1.7357461e-06,0.0,1.983618e-06
251.45387,0.8854588,0.8439355,0.23250872,0.29673117,2014-03-02 07:00:00,5.0,1.7355824e-06,1.5782389e-06,0.0,1.7355824e-06
250.84517,0.97162247,0.9515795,0.14904463,0.30702597,2014-03-02 08:00:00,5.0,1.8496621e-06,2.0309608e-06,0.0,1.8496621e-06
250.28908,0.99235535,0.9736513,0.08636093,0.3437295,2014-03-02 09:00:00,5.0,1.7355824e-06,1.6282302e-06,0.0,1.7355824e-06
249.4698,0.6683714,0.6683714,0.0,0.0,2014-03-02 10:00:00,5.0,9.914838e-07,1.2277405e-06,0.0,9.914838e-07
248.65543,0.74709135,0.74709135,0.0067320913,0.0,2014-03-02 11:00:00,0.0,6.678286e-07,5.2218064e-07,0.0,6.678286e-07
248.05162,0.34595048,0.34595048,0.0,0.0,2014-03-02 12:00:00,0.0,9.549569e-08,1.4548641e-07,0.0,9.549569e-08
247.36922,0.05083046,0.05083046,0.0,0.0,2014-03-02 13:00:00,0.0,0.0,1.1936965e-08,0.0,0.0
248.1378,0.6154228,0.6154228,0.0,0.0,2014-03-02 14:00:00,5.0,0.0,1.454062e-07,0.0,0.0
250.08067,0.77884793,0.77884793,0.0,0.0,2014-03-02 15:00:00,5.0,9.549569e-08,2.6701872e-07,0.0,9.549569e-08
251.43309,0.1208089,0.1208089,0.0,0.0,2014-03-02 16:00:00,0.0,0.0,1.1936965e-08,0.0,0.0
252.95392,0.004767146,0.004767146,0.0,0.0,2014-03-02 17:00:00,0.0,0.0,0.0,0.0,0.0
254.47966,0.013424534,0.0,0.0,0.013424534,2014-03-02 18:00:00,0.0,0.0,0.0,0.0,0.0
255.65512,0.0,0.0,0.0,0.0,2014-03-02 19:00:00,0.0,0.0,0.0,0.0,0.0
256.57153,0.0,0.0,0.0,0.0,2014-03-02 20:00:00,0.0,0.0,0.0,0.0,0.0
257.32617,0.0,0.0,0.0,0.0,2014-03-02 21:00:00,0.0,0.0,0.0,0.0,0.0
257.64526,0.0,0.0,0.0,0.0,2014-03-02 22:00:00,0.0,0.0,0.0,0.0,0.0
257.6162,0.0021207693,0.0,0.0,0.0021207693,2014-03-02 23:00:00,0.0,0.0,0.0,0.0,0.0
256.73828,0.0,0.0,0.0,0.0,2014-03-03 00:00:00,0.0,0.0,0.0,0.0,0.0
255.30617,0.0,0.0,0.0,0.0,2014-03-03 01:00:00,0.0,0.0,0.0,0.0,0.0
254.52196,0.0,0.0,0.0,0.0,2014-03-03 02:00:00,0.0,0.0,0.0,0.0,0.0
253.38455,0.0,0.0,0.0,0.0,2014-03-03 03:00:00,0.0,0.0,0.0,0.0,0.0
252.91388,0.0,0.0,0.0,0.0,2014-03-03 04:00:00,0.0,0.0,0.0,0.0,0.0
251.926,0.0,0.0,0.0,0.0,2014-03-03 05:00:00,0.0,0.0,0.0,0.0,0.0
251.34167,0.0,0.0,0.0,0.0,2014-03-03 06:00:00,0.0,0.0,0.0,0.0,0.0
250.36287,0.0,0.0,0.0,0.0,2014-03-03 07:00:00,0.0,0.0,0.0,0.0,0.0
249.8788,0.0,0.0,0.0,0.0,2014-03-03 08:00:00,0.0,0.0,0.0,0.0,0.0
248.91252,0.0,0.0,0.0,0.0,2014-03-03 09:00:00,0.0,0.0,0.0,0.0,0.0
248.47649,0.0,0.0,0.0,0.0,2014-03-03 10:00:00,0.0,0.0,0.0,0.0,0.0
248.28976,0.0,0.0,0.0,0.0,2014-03-03 11:00:00,0.0,0.0,0.0,0.0,0.0
248.5338,0.0,0.0,0.0,0.0,2014-03-03 12:00:00,0.0,0.0,0.0,0.0,0.0
249.63776,0.17369694,0.0,0.0,0.17369694,2014-03-03 13:00:00,0.0,0.0,0.0,0.0,0.0
250.85838,0.9291533,0.33716124,0.0015890491,0.9078075,2014-03-03 14:00:00,0.0,0.0,0.0,0.0,0.0
253.16129,0.97666526,0.0,0.5956991,0.93183464,2014-03-03 15:00:00,0.0,0.0,0.0,0.0,0.0
255.29382,0.98601604,0.0,0.9718,0.7982001,2014-03-03 16:00:00,5.0,0.0,0.0,0.0,0.0
256.68408,0.98236835,0.0,0.98236835,0.0067320913,2014-03-03 17:00:00,5.0,1.7163566e-06,1.6472195e-06,0.0,1.7163566e-06
258.31665,0.9537157,0.0,0.95209074,0.080669284,2014-03-03 18:00:00,5.0,7.130756e-06,7.2338653e-06,0.0,7.130756e-06
259.64917,0.9952497,0.0,0.98210853,0.92851424,2014-03-03 19:00:00,5.0,2.5931195e-06,2.6718717e-06,0.0,2.5931195e-06
260.594,0.9989426,0.0,0.9923111,0.97705793,2014-03-03 20:00:00,5.0,7.705673e-06,7.712722e-06,0.0,7.705673e-06
261.00122,0.9949934,0.0,0.98972833,0.9794241,2014-03-03 21:00:00,5.0,2.9276795e-05,2.9250674e-05,0.0,2.9276795e-05
261.0188,0.9970973,0.0,0.9854653,0.99182975,2014-03-03 22:00:00,5.0,5.876251e-05,5.87767e-05,0.0,5.876251e-05
260.86475,1.0,0.0,1.0,0.9957922,2014-03-03 23:00:00,5.0,8.408805e-05,8.3947365e-05,0.0,8.408805e-05
260.53857,1.0,0.0,0.99657166,0.998375,2014-03-04 00:00:00,5.0,8.675484e-05,8.65975e-05,0.0,8.675484e-05
260.2749,1.0,0.0,1.0,0.998375,2014-03-04 01:00:00,5.0,9.104122e-05,9.083196e-05,0.0,9.092715e-05
259.90625,1.0,0.0,1.0,1.0,2014-03-04 02:00:00,5.0,0.00012994446,0.00012973456,0.0,0.00012946762
259.63403,1.0,0.040931974,0.98852926,0.998375,2014-03-04 03:00:00,5.0,0.00018458713,0.0001844918,0.0,0.00018458713
259.5796,1.0,0.07780385,0.95404327,0.99100083,2014-03-04 04:00:00,5.0,0.00023397502,0.00023400386,7.750586e-06,0.0002264917
259.6687,0.9978433,0.4359604,0.969144,0.84487617,2014-03-04 05:00:00,5.0,0.00020977418,0.00020950002,3.599006e-05,0.00017325953
259.73975,0.89513636,0.7228534,0.8406355,0.253282,2014-03-04 06:00:00,5.0,7.2525916e-05,7.2464e-05,0.0,7.2525916e-05
259.6941,0.8812621,0.8295931,0.76512223,0.023288898,2014-03-04 07:00:00,5.0,9.42072e-06,9.236938e-06,0.0,9.42072e-06
259.7661,0.9023521,0.8376052,0.7658901,0.27471203,2014-03-04 08:00:00,5.0,5.873293e-06,6.0737393e-06,0.0,6.1405553e-06
260.14307,0.92501146,0.8880169,0.7349311,0.07610947,2014-03-04 09:00:00,5.0,1.3921848e-05,1.4012215e-05,0.0,1.3654587e-05
260.4795,0.8983899,0.8157744,0.69636583,0.06686628,2014-03-04 10:00:00,5.0,1.7123806e-05,1.7138227e-05,4.7747868e-08,1.7028317e-05
260.29297,0.7547024,0.6863903,0.45407546,0.013471484,2014-03-04 11:00:00,5.0,1.6016318e-05,1.5935235e-05,0.0,1.5920814e-05
260.5183,0.8023954,0.6616813,0.6413795,0.16932786,2014-03-04 12:00:00,5.0,1.6931532e-05,1.6722202e-05,0.0,1.708472e-05
260.8877,0.84998584,0.7162471,0.77947307,0.012828555,2014-03-04 13:00:00,5.0,2.141342e-05,2.1346772e-05,2.6726156e-07,2.105067e-05
261.271,0.85566354,0.7122604,0.7555695,0.26733488,2014-03-04 14:00:00,5.0,1.4681947e-05,1.4219449e-05,4.7747868e-08,1.3937848e-05
262.31445,0.9697869,0.6510541,0.73768526,0.8996909,2014-03-04 15:00:00,5.0,3.0891824e-06,2.9366456e-06,0.0,3.1846776e-06
263.13477,0.99841094,0.6957179,0.24701422,0.9978792,2014-03-04 16:00:00,5.0,2.135508e-06,1.7161137e-06,0.0,1.658671e-06
264.0874,0.98259264,0.8730639,0.14277202,0.9451316,2014-03-04 17:00:00,5.0,6.864127e-07,6.5548954e-07,0.0,6.864127e-07
265.0088,0.93593395,0.92098993,0.3229829,0.31426227,2014-03-04 18:00:00,5.0,5.7233285e-07,6.0782185e-07,0.0,5.7233285e-07
265.57056,0.9776424,0.899917,0.51525694,0.5335974,2014-03-04 19:00:00,5.0,9.549569e-08,1.8354012e-07,0.0,9.549569e-08
266.07104,0.8618317,0.53221893,0.66182584,0.42007565,2014-03-04 20:00:00,5.0,0.0,1.1936965e-08,0.0,0.0
266.31714,0.9944678,0.34728795,0.99209684,0.79651,2014-03-04 21:00:00,5.0,0.0,1.00223076e-07,0.0,0.0
266.0708,1.0,0.7764475,1.0,0.99415034,2014-03-04 22:00:00,5.0,4.4473e-06,4.432799e-06,0.0,4.4473e-06
265.9265,1.0,0.9762138,1.0,1.0,2014-03-04 23:00:00,5.0,3.726712e-05,3.7171543e-05,0.0,3.726712e-05
265.5669,1.0,0.66256034,1.0,1.0,2014-03-05 00:00:00,5.0,0.00014053518,0.00014034931,0.0,0.00014053518
264.75952,1.0,0.0,1.0,1.0,2014-03-05 01:00:00,5.0,0.00025422103,0.00025438308,3.1513591e-06,0.00025106966
264.0525,1.0,0.0,1.0,0.99946827,2014-03-05 02:00:00,5.0,0.00037465268,0.00037492183,0.0,0.00037503405
263.39648,1.0,0.0,1.0,1.0,2014-03-05 03:00:00,5.0,0.0004904,0.00049044075,0.0,0.00049019046
263.23755,1.0,0.0,1.0,1.0,2014-03-05 04:00:00,5.0,0.00052898703,0.00052900217,0.0,0.0005290641
263.52124,1.0,0.0,1.0,1.0,2014-03-05 05:00:00,5.0,0.00042410707,0.00042422884,0.0,0.00042446982
263.35474,1.0,0.0010573287,1.0,1.0,2014-03-05 06:00:00,5.0,0.0003006081,0.0003006796,0.0,0.0003006081
263.39307,1.0,0.0021207693,1.0,0.9978961,2014-03-05 07:00:00,5.0,0.00012077717,0.00012088228,0.0,0.00012077717
263.48413,1.0,0.0021207693,1.0,0.9251775,2014-03-05 08:00:00,5.0,0.000121605815,0.00012162479,0.0,0.000121605815
263.16968,1.0,0.0,0.99337184,0.96450305,2014-03-05 09:00:00,5.0,0.00011028153,0.00011031245,0.0,0.00011028153
262.90137,0.9745879,0.0,0.9482036,0.62363213,2014-03-05 10:00:00,5.0,0.000101333135,0.00010139514,0.0,0.000101333135
262.167,0.68791175,0.0,0.424864,0.39859402,2014-03-05 11:00:00,5.0,5.8138292e-05,5.8047444e-05,0.0,5.8138292e-05
261.18945,0.23921388,0.0,0.23432195,0.0065169036,2014-03-05 12:00:00,5.0,1.3662936e-05,1.3586265e-05,0.0,1.3662936e-05
260.76855,0.06868756,0.0,0.063388646,0.0058244728,2014-03-05 13:00:00,0.0,1.3170729e-06,1.2810206e-06,0.0,1.3170729e-06
261.4431,0.01483316,0.0,0.0,0.01483316,2014-03-05 14:00:00,0.0,0.0,6.921857e-08,0.0,9.549569e-08
263.4734,0.026164688,0.011905257,0.011606943,0.004235424,2014-03-05 15:00:00,0.0,0.0,1.1936965e-08,0.0,0.0
265.23413,0.17656964,0.17656964,0.0,0.0,2014-03-05 16:00:00,0.0,0.0,1.1936965e-08,0.0,0.0
266.63867,0.41806716,0.41806716,0.0,0.0,2014-03-05 17:00:00,5.0,0.0,4.5344667e-08,0.0,0.0
267.5996,0.51193374,0.51193374,0.0,0.0,2014-03-05 18:00:00,5.0,0.0,1.1216002e-07,0.0,0.0
268.27368,0.64553386,0.64553386,0.0,0.0,2014-03-05 19:00:00,5.0,0.0,0.0,0.0,0.0
268.74243,0.5535885,0.5535885,0.0,0.0,2014-03-05 20:00:00,5.0,0.0,0.0,0.0,0.0
269.13257,0.37974024,0.37974024,0.0,0.0,2014-03-05 21:00:00,5.0,0.0,0.0,0.0,0.0
268.68726,0.48887342,0.48887342,0.0,0.0,2014-03-05 22:00:00,5.0,0.0,0.0,0.0,0.0
268.26147,0.31840473,0.31840473,0.0,0.0,2014-03-05 23:00:00,5.0,0.0,0.0,0.0,0.0
266.95142,0.15115458,0.15115458,0.0,0.0,2014-03-06 00:00:00,5.0,0.0,0.0,0.0,0.0
265.74194,0.06272304,0.06272304,0.0,0.0,2014-03-06 01:00:00,5.0,0.0,0.0,0.0,0.0
264.7456,0.01234962,0.01234962,0.0,0.0,2014-03-06 02:00:00,5.0,0.0,0.0,0.0,0.0
263.6172,0.0016249504,0.0016249504,0.0,0.0,2014-03-06 03:00:00,0.0,0.0,0.0,0.0,0.0
263.30566,0.0010573287,0.0010573287,0.0,0.0,2014-03-06 04:00:00,0.0,0.0,0.0,0.0,0.0
263.0852,0.003781621,0.003781621,0.0,0.0,2014-03-06 05:00:00,0.0,0.0,0.0,0.0,0.0
262.86084,0.0065169036,0.0065169036,0.0,0.0,2014-03-06 06:00:00,5.0,0.0,0.0,0.0,0.0
262.47827,0.49374014,0.007457666,0.0,0.49374014,2014-03-06 07:00:00,5.0,0.0,0.0,0.0,0.0
262.49976,0.57672083,0.05397704,0.0,0.5459785,2014-03-06 08:00:00,5.0,0.0,0.0,0.0,0.0
262.5913,0.6832373,0.08133227,0.0,0.66772884,2014-03-06 09:00:00,5.0,0.0,0.0,0.0,0.0
262.7522,0.99946827,0.16980124,0.013471484,0.99946827,2014-03-06 10:00:00,5.0,0.0,9.533534e-08,0.0,0.0
262.99878,1.0,0.1977799,0.07566619,1.0,2014-03-06 11:00:00,5.0,0.0,1.6215074e-07,0.0,0.0
263.36694,1.0,0.17776811,0.6963596,1.0,2014-03-06 12:00:00,5.0,0.0,2.2896614e-07,0.0,2.6726156e-07
263.70947,1.0,0.17721069,0.9586637,1.0,2014-03-06 13:00:00,5.0,5.3452317e-07,4.4367232e-07,0.0,6.4860296e-07
264.29443,1.0,0.3126229,0.99736434,0.98831743,2014-03-06 14:00:00,5.0,0.0,4.102646e-07,0.0,2.6726156e-07
265.65332,1.0,0.53739774,0.96496946,0.8676299,2014-03-06 15:00:00,5.0,5.3452317e-07,2.2896614e-07,0.0,2.6726156e-07
266.9043,0.97914016,0.7883683,0.85455394,0.4963401,2014-03-06 16:00:00,5.0,5.3452317e-07,5.867555e-07,0.0,2.6726156e-07
268.33545,0.9729312,0.6305985,0.70673454,0.6816064,2014-03-06 17:00:00,5.0,0.0,1.7176467e-07,0.0,0.0
269.38208,0.54538256,0.4852394,0.10318446,0.03050537,2014-03-06 18:00:00,5.0,0.0,1.7408769e-07,0.0,0.0
270.27148,0.3820119,0.3820119,0.0010573287,0.0,2014-03-06 19:00:00,5.0,0.0,1.5982772e-07,0.0,0.0
270.63013,0.36264724,0.35842234,0.0,0.004207764,2014-03-06 20:00:00,5.0,0.0,9.773851e-08,0.0,0.0
270.77563,0.40135854,0.2571655,0.0,0.21750575,2014-03-06 21:00:00,5.0,2.6726156e-07,2.3136931e-07,0.0,2.6726156e-07
270.198,0.8879384,0.56605625,0.0,0.8643759,2014-03-06 22:00:00,5.0,0.0,0.0,0.0,0.0
269.64038,0.9669033,0.70762205,0.0,0.88215464,2014-03-06 23:00:00,5.0,0.0,6.6815346e-08,0.0,0.0
269.00977,0.9966217,0.87401575,0.0,0.9643469,2014-03-07 00:00:00,5.0,5.7233285e-07,5.888357e-07,0.0,5.7233285e-07
268.71802,0.9913481,0.95260495,0.0135127455,0.966537,2014-03-07 01:00:00,5.0,1.8118526e-06,1.6544282e-06,0.0,1.8118526e-06
268.75342,1.0,0.7808764,0.23238945,1.0,2014-03-07 02:00:00,5.0,9.72258e-07,9.914856e-07,0.0,9.72258e-07
268.4773,0.9952605,0.43564242,0.17249948,0.9878863,2014-03-07 03:00:00,5.0,4.7683716e-07,4.337353e-07,0.0,4.7683716e-07
268.51025,0.99262244,0.10384464,0.03649459,0.98935544,2014-03-07 04:00:00,8.0,0.0,1.1920929e-07,0.0,0.0
268.79395,1.0,0.050134312,0.21306533,1.0,2014-03-07 05:00:00,5.0,6.3816085e-05,0.0,6.367317e-05,0.0
269.55542,0.9060648,0.049969442,0.26480556,0.878353,2014-03-07 06:00:00,0.0,3.670556e-05,0.0,3.6657817e-05,0.0
270.37305,0.58120275,0.019988392,0.0031780982,0.57513607,2014-03-07 07:00:00,5.0,0.0,0.0,0.0,0.0
271.28906,0.9625402,0.029995412,0.09103525,0.9620085,2014-03-07 08:00:00,5.0,0.0,0.0,0.0,0.0
271.14185,0.9466508,0.03718388,0.45149016,0.9260881,2014-03-07 09:00:00,5.0,0.0,0.0,0.0,0.0
270.9392,0.99604,0.033709884,0.7364875,0.99393606,2014-03-07 10:00:00,5.0,0.0,0.0,0.0,0.0
271.03564,0.9966217,0.019192956,0.94900155,0.99164295,2014-03-07 11:00:00,5.0,0.0,0.0,0.0,0.0
271.22607,0.9989426,0.02704605,0.91222906,0.9989426,2014-03-07 12:00:00,3.0,2.3333647e-05,2.6117032e-06,1.943337e-05,3.948011e-06
271.23877,1.0,0.07242912,0.9842045,0.99336845,2014-03-07 13:00:00,3.0,2.0902007e-05,5.103868e-06,1.9067068e-07,2.0520674e-05
271.76733,0.9949934,0.31935722,0.9801149,0.9800109,2014-03-07 14:00:00,3.0,1.7756392e-05,8.6330346e-07,0.0,1.7756392e-05
272.9004,0.9856796,0.67352015,0.9434359,0.9453041,2014-03-07 15:00:00,5.0,3.7762456e-06,2.9578155e-07,0.0,3.9858214e-06
273.60083,0.8715334,0.838773,0.77237743,0.059981737,2014-03-07 16:00:00,6.0,1.7535249e-06,1.0389131e-06,0.0,2.0207863e-06
274.19653,0.9978792,0.99629015,0.28251433,0.82621866,2014-03-07 17:00:00,6.0,7.626828e-07,9.0063656e-07,0.0,8.767626e-07
274.28857,1.0,1.0,0.35536158,0.9830965,2014-03-07 18:00:00,6.0,8.767626e-07,8.7211663e-07,0.0,9.72258e-07
274.0879,0.9949968,0.97055066,0.7633281,0.9670567,2014-03-07 19:00:00,6.0,0.0,2.2399706e-07,0.0,9.549569e-08
273.4851,0.9970973,0.96869606,0.21369278,0.9126588,2014-03-07 20:00:00,5.0,0.0,0.0,0.0,0.0
273.02222,1.0,0.97421473,0.35984653,0.947155,2014-03-07 21:00:00,5.0,0.0,1.42599745e-08,0.0,0.0
272.56885,1.0,0.9966217,0.24588126,0.9955251,2014-03-07 22:00:00,5.0,0.0,0.0,0.0,0.0
272.16528,1.0,0.99273616,0.31182605,1.0,2014-03-07 23:00:00,5.0,0.0,2.3873934e-08,0.0,0.0
271.70093,1.0,0.9384289,0.15872622,1.0,2014-03-08 00:00:00,5.0,0.0,2.3377254e-07,0.0,0.0
271.44067,1.0,0.9215271,0.06182629,1.0,2014-03-08 01:00:00,5.0,3.627573e-07,5.1513257e-07,0.0,4.7683716e-07
271.00635,1.0,0.93778104,0.013775833,1.0,2014-03-08 02:00:00,5.0,9.549569e-08,2.76714e-07,0.0,3.627573e-07
270.41406,1.0,0.9642369,0.0031780982,0.99946827,2014-03-08 03:00:00,5.0,9.549569e-08,2.0989859e-07,0.0,3.627573e-07
269.91797,1.0,1.0,0.0,0.4034264,2014-03-08 04:00:00,5.0,3.627573e-07,1.8137865e-07,0.0,3.627573e-07
269.77637,0.98900276,0.97149324,0.0,0.3430068,2014-03-08 05:00:00,5.0,9.549569e-08,1.384372e-07,0.0,9.549569e-08
269.33105,0.9759151,0.9405061,0.0,0.80085015,2014-03-08 06:00:00,5.0,4.5825306e-07,4.5312356e-07,0.0,4.5825306e-07
268.5581,0.9441849,0.94365925,0.0,0.022204578,2014-03-08 07:00:00,5.0,1.7939101e-06,1.6934455e-06,0.0,1.7939101e-06
267.6106,0.9332526,0.9332526,0.0,0.0,2014-03-08 08:00:00,5.0,2.1752512e-06,1.946285e-06,0.0,2.1752512e-06
266.635,0.870352,0.870352,0.0,0.0,2014-03-08 09:00:00,5.0,2.0797552e-06,2.027362e-06,0.0,2.0797552e-06
266.00586,0.6184919,0.6184919,0.0,0.0,2014-03-08 10:00:00,5.0,1.888764e-06,1.7434377e-06,0.0,1.888764e-06
265.063,0.42878032,0.42878032,0.0,0.0,2014-03-08 11:00:00,5.0,2.0034859e-06,2.0058087e-06,0.0,2.0034859e-06
263.7163,0.13076788,0.13076788,0.0,0.0,2014-03-08 12:00:00,5.0,6.678286e-07,4.986298e-07,0.0,4.5825306e-07
262.98315,0.097026825,0.097026825,0.0,0.0,2014-03-08 13:00:00,5.0,0.0,1.1688627e-07,0.0,0.0
263.66235,0.103048384,0.103048384,0.0,0.0,2014-03-08 14:00:00,5.0,0.0,2.0268783e-07,0.0,0.0
265.7964,0.16621584,0.16621584,0.0,0.0,2014-03-08 15:00:00,5.0,3.050713e-07,2.4322497e-07,0.0,3.050713e-07
267.47388,0.22737586,0.22737586,0.0,0.0,2014-03-08 16:00:00,0.0,1.9099144e-07,2.1214026e-07,0.0,3.050713e-07
268.83936,0.65781343,0.65781343,0.0,0.0,2014-03-08 17:00:00,5.0,9.549569e-08,2.1462483e-07,0.0,9.549569e-08
269.83838,0.56830084,0.49526364,0.0,0.11513662,2014-03-08 18:00:00,0.0,0.0,1.1936965e-08,0.0,0.0
270.72314,0.15344298,0.11447096,0.0,0.050869957,2014-03-08 19:00:00,0.0,0.0,0.0,0.0,0.0
271.4004,0.03277709,0.03277709,0.0,0.0,2014-03-08 20:00:00,0.0,0.0,0.0,0.0,0.0
271.97925,0.0063561946,0.0063561946,0.0,0.0,2014-03-08 21:00:00,0.0,0.0,0.0,0.0,0.0
271.8181,0.0,0.0,0.0,0.0,2014-03-08 22:00:00,0.0,0.0,0.0,0.0,0.0
271.39673,0.0,0.0,0.0,0.0,2014-03-08 23:00:00,0.0,0.0,0.0,0.0,0.0
270.17505,0.0,0.0,0.0,0.0,2014-03-09 00:00:00,0.0,0.0,0.0,0.0,0.0
268.68042,0.014479425,0.014479425,0.0,0.0,2014-03-09 01:00:00,5.0,0.0,0.0,0.0,0.0
267.2124,0.02733821,0.02733821,0.0,0.0,2014-03-09 02:00:00,5.0,0.0,0.0,0.0,0.0
265.64038,0.086984456,0.086984456,0.0,0.0,2014-03-09 03:00:00,0.0,0.0,0.0,0.0,0.0
264.81836,0.11849004,0.11849004,0.0,0.0,2014-03-09 04:00:00,0.0,0.0,0.0,0.0,0.0
264.35913,0.14327389,0.14327389,0.0,0.0,2014-03-09 05:00:00,0.0,0.0,0.0,0.0,0.0
264.31738,0.5662841,0.1565209,0.0,0.46069443,2014-03-09 06:00:00,0.0,0.0,0.0,0.0,0.0
264.4563,0.9671556,0.09606248,0.0,0.9655665,2014-03-09 07:00:00,5.0,0.0,2.6196943e-08,0.0,0.0
264.77124,0.22602546,0.03504121,0.0,0.19433808,2014-03-09 08:00:00,5.0,0.0,1.42599745e-08,0.0,0.0
265.02222,0.80977607,0.005003199,0.0,0.80977607,2014-03-09 09:00:00,5.0,0.0,0.0,0.0,0.0
265.7417,1.0,0.020467322,0.0,1.0,2014-03-09 10:00:00,5.0,0.0,0.0,0.0,0.0
266.71094,0.9503074,0.0,0.531899,0.9393659,2014-03-09 11:00:00,5.0,0.0,0.0,0.0,0.0
267.57764,0.9968219,0.0,0.27962476,0.9939192,2014-03-09 12:00:00,5.0,0.0,0.0,0.0,0.0
268.45703,1.0,0.011520103,0.5947014,1.0,2014-03-09 13:00:00,5.0,0.0,0.0,0.0,0.0
269.86743,1.0,0.011102993,0.8764991,0.9978961,2014-03-09 14:00:00,5.0,0.0,0.0,0.0,0.0
272.06567,1.0,0.014723916,0.4265173,1.0,2014-03-09 15:00:00,0.0,0.0,0.0,0.0,0.0
274.229,0.998375,0.0,0.47779018,0.99001795,2014-03-09 16:00:00,0.0,0.0,0.0,0.0,0.0
275.72656,1.0,0.0,0.7442466,0.98170304,2014-03-09 17:00:00,0.0,0.0,0.0,0.0,0.0
276.88623,1.0,0.0,0.46332657,0.9989426,2014-03-09 18:00:00,0.0,0.0,0.0,0.0,0.0
278.4065,1.0,0.0,0.47592026,1.0,2014-03-09 19:00:00,0.0,0.0,0.0,0.0,0.0
279.4536,0.97553337,0.0,0.15927368,0.97553337,2014-03-09 20:00:00,0.0,0.0,0.0,0.0,0.0
279.70142,0.9978961,0.0,0.048985895,0.9955251,2014-03-09 21:00:00,0.0,0.0,0.0,0.0,0.0
279.35034,1.0,0.0,0.0,1.0,2014-03-09 22:00:00,0.0,0.0,0.0,0.0,0.0
278.69214,1.0,0.0,0.041944455,1.0,2014-03-09 23:00:00,0.0,0.0,0.0,0.0,0.0
277.812,0.998375,0.0,0.1730364,0.998375,2014-03-10 00:00:00,0.0,0.0,0.0,0.0,0.0
277.07837,0.99946827,0.0,0.3551646,0.99841094,2014-03-10 01:00:00,0.0,0.0,0.0,0.0,0.0
276.844,0.99289286,0.0,0.51757604,0.9818143,2014-03-10 02:00:00,0.0,0.0,0.0,0.0,0.0
276.55786,1.0,0.0,0.99221057,0.9690611,2014-03-10 03:00:00,0.0,0.0,0.0,0.0,0.0
276.21582,0.8364718,0.0,0.4611234,0.7597441,2014-03-10 04:00:00,0.0,0.0,0.0,0.0,0.0
275.94238,0.41239238,0.0,0.1842534,0.28711945,2014-03-10 05:00:00,0.0,0.0,0.0,0.0,0.0
275.38037,0.25562853,0.0,0.22841829,0.03521042,2014-03-10 06:00:00,0.0,0.0,0.0,0.0,0.0
274.9165,0.27720207,0.0,0.17308402,0.13172781,2014-03-10 07:00:00,0.0,0.0,0.0,0.0,0.0
274.4851,0.20371002,0.0,0.01879517,0.18597221,2014-03-10 08:00:00,0.0,0.0,0.0,0.0,0.0
274.43677,0.055614308,0.0,0.0,0.055614308,2014-03-10 09:00:00,0.0,0.0,0.0,0.0,0.0
274.75317,0.02458999,0.0,0.0,0.02458999,2014-03-10 10:00:00,0.0,0.0,0.0,0.0,0.0
274.937,0.00053172023,0.0,0.0,0.00053172023,2014-03-10 11:00:00,0.0,0.0,0.0,0.0,0.0
275.11182,0.00053172023,0.0,0.0,0.00053172023,2014-03-10 12:00:00,0.0,0.0,0.0,0.0,0.0
275.0,0.0,0.0,0.0,0.0,2014-03-10 13:00:00,0.0,0.0,0.0,0.0,0.0
276.69995,0.014754843,0.0,0.0,0.014754843,2014-03-10 14:00:00,0.0,0.0,0.0,0.0,0.0
279.56226,0.0010573287,0.0,0.0,0.0010573287,2014-03-10 15:00:00,0.0,0.0,0.0,0.0,0.0
281.6753,0.08662933,0.0,0.0,0.08662933,2014-03-10 16:00:00,0.0,0.0,0.0,0.0,0.0
282.68384,0.35978836,0.0,0.0,0.35978836,2014-03-10 17:00:00,0.0,0.0,0.0,0.0,0.0
283.26807,0.75848055,0.0,0.0,0.75848055,2014-03-10 18:00:00,0.0,0.0,0.0,0.0,0.0
283.61597,0.7221183,0.0,0.042174805,0.7087679,2014-03-10 19:00:00,0.0,0.0,0.0,0.0,0.0
283.56006,0.9711149,0.0,0.16126937,0.9711149,2014-03-10 20:00:00,0.0,0.0,0.0,0.0,0.0
282.7622,0.9800082,0.0,0.114602685,0.9800082,2014-03-10 21:00:00,0.0,0.0,0.0,0.0,0.0
282.69165,1.0,0.0,0.1090793,1.0,2014-03-10 22:00:00,0.0,0.0,0.0,0.0,0.0
281.70996,0.9734295,0.0,0.041674934,0.9734295,2014-03-10 23:00:00,0.0,0.0,0.0,0.0,0.0
280.64795,0.9715902,0.0,0.10546368,0.96568763,2014-03-11 00:00:00,0.0,0.0,0.0,0.0,0.0
279.73193,0.99946827,0.0,0.92826176,0.97146696,2014-03-11 01:00:00,0.0,0.0,0.0,0.0,0.0
279.0193,1.0,0.0,0.9920941,0.98663974,2014-03-11 02:00:00,0.0,0.0,0.0,0.0,0.0
278.37036,1.0,0.0,0.99946827,0.98498636,2014-03-11 03:00:00,0.0,0.0,0.0,0.0,0.0
277.88647,1.0,0.0,1.0,0.9966217,2014-03-11 04:00:00,0.0,0.0,0.0,0.0,0.0
277.5088,1.0,0.0,1.0,0.97332096,2014-03-11 05:00:00,1.0,6.487963e-06,0.0,0.0,6.487963e-06
277.0952,1.0,0.0,1.0,0.9740272,2014-03-11 06:00:00,1.0,6.915562e-05,0.0,0.0,6.915562e-05
277.3037,1.0,0.0,1.0,0.99841094,2014-03-11 07:00:00,1.0,3.1122705e-05,0.0,0.0,3.1122705e-05
277.21436,1.0,0.0,1.0,1.0,2014-03-11 08:00:00,1.0,0.00016046301,0.0,0.0,0.00016046301
277.0581,1.0,0.0,1.0,1.0,2014-03-11 09:00:00,1.0,0.00033188076,0.0,0.0,0.00033188076
276.75415,1.0,0.0,1.0,1.0,2014-03-11 10:00:00,7.0,0.00050383713,6.150825e-05,0.0,0.00050383713
276.3147,1.0,0.0,1.0,1.0,2014-03-11 11:00:00,7.0,0.0005588725,0.00031522173,0.0,0.0005588725
276.20752,1.0,0.00998199,1.0,1.0,2014-03-11 12:00:00,7.0,0.00041464134,0.00029853964,0.0,0.00041464134
276.17285,1.0,0.019571278,1.0,1.0,2014-03-11 13:00:00,6.0,0.00029735616,0.00024689012,0.0,0.00029735616
276.00854,1.0,0.00998199,1.0,1.0,2014-03-11 14:00:00,7.0,0.00017849293,0.00015201149,0.0,0.00017849293
276.4292,1.0,0.029469803,0.99683875,1.0,2014-03-11 15:00:00,1.0,7.645933e-05,4.2890213e-05,0.0,7.645933e-05
276.91284,1.0,0.04555159,1.0,1.0,2014-03-11 16:00:00,0.0,2.5572328e-05,5.013526e-06,0.0,2.5572328e-05
277.31763,1.0,0.039135296,0.9865754,1.0,2014-03-11 17:00:00,0.0,6.8904274e-06,0.0,0.0,6.8904274e-06
277.82568,1.0,0.015467491,0.97295386,1.0,2014-03-11 18:00:00,0.0,1.0504527e-06,0.0,0.0,1.0504527e-06
278.1809,1.0,0.011634715,0.42422712,1.0,2014-03-11 19:00:00,0.0,0.0,0.0,0.0,0.0
278.47998,1.0,0.0,0.20619231,1.0,2014-03-11 20:00:00,0.0,0.0,0.0,0.0,0.0
278.5088,1.0,0.0,0.049174484,1.0,2014-03-11 21:00:00,0.0,0.0,0.0,0.0,0.0
278.35815,1.0,0.010009766,0.049637068,1.0,2014-03-11 22:00:00,0.0,0.0,0.0,0.0,0.0
277.8047,1.0,0.0,0.021164134,1.0,2014-03-11 23:00:00,0.0,0.0,0.0,0.0,0.0
276.99097,1.0,0.0016249504,0.009534292,1.0,2014-03-12 00:00:00,0.0,0.0,0.0,0.0,0.0
276.02417,0.995108,0.00737416,0.008201547,0.995108,2014-03-12 01:00:00,0.0,0.0,0.0,0.0,0.0
275.0537,0.887088,0.013471484,0.0,0.887088,2014-03-12 02:00:00,5.0,0.0,0.0,0.0,0.0
274.12158,0.29899997,0.06987774,0.0,0.23538965,2014-03-12 03:00:00,5.0,0.0,6.6815346e-08,0.0,0.0
273.4729,0.35930282,0.34315598,0.0,0.016146794,2014-03-12 04:00:00,5.0,9.158646e-07,8.061077e-07,0.0,9.158646e-07
272.90942,0.78724897,0.78724897,0.0,0.0,2014-03-12 05:00:00,5.0,3.471816e-06,3.333539e-06,0.0,3.471816e-06
272.27832,0.935142,0.935142,0.0,0.0,2014-03-12 06:00:00,5.0,6.2001745e-06,6.138166e-06,0.0,6.2001745e-06
271.34204,0.75122315,0.75122315,0.0,0.0,2014-03-12 07:00:00,5.0,1.067754e-06,1.000938e-06,0.0,1.1247939e-06
270.54224,0.7790868,0.7790868,0.0,0.0,2014-03-12 08:00:00,5.0,3.2410717e-06,3.1503823e-06,0.0,3.2410717e-06
269.61963,0.7147271,0.7147271,0.0,0.0,2014-03-12 09:00:00,5.0,4.0422055e-06,4.0992454e-06,0.0,4.0422055e-06
269.01196,0.5099245,0.5099245,0.026570488,0.0,2014-03-12 10:00:00,5.0,1.1638913e-06,1.3162662e-06,0.0,1.1638913e-06
267.98022,0.32837147,0.32547492,0.0063309744,0.0,2014-03-12 11:00:00,5.0,4.7683716e-07,5.62397e-07,0.0,5.9091695e-07
267.1433,0.5111236,0.5111236,0.0,0.0,2014-03-12 12:00:00,5.0,3.945427e-06,3.9024853e-06,0.0,3.6781657e-06
266.60742,0.7564764,0.7564764,0.0,0.0,2014-03-12 13:00:00,5.0,5.6419076e-06,5.680203e-06,0.0,5.527828e-06
266.94482,0.8378407,0.8378407,0.0,0.0,2014-03-12 14:00:00,5.0,7.472345e-06,7.5486123e-06,0.0,7.472345e-06
267.6787,0.997629,0.997629,0.0,0.0033782488,2014-03-12 15:00:00,5.0,1.814794e-05,1.8071674e-05,0.0,1.8052437e-05
268.16602,1.0,1.0,0.20412481,0.48780262,2014-03-12 16:00:00,5.0,1.5064562e-05,1.5183771e-05,0.0,1.5064562e-05
268.7505,1.0,0.9730741,0.95071024,1.0,2014-03-12 17:00:00,5.0,3.317983e-06,3.5040084e-06,0.0,3.5852445e-06
269.19043,1.0,0.9633842,1.0,1.0,2014-03-12 18:00:00,5.0,6.864127e-07,6.2448504e-07,0.0,6.864127e-07
269.88354,1.0,1.0,0.997629,0.9668218,2014-03-12 19:00:00,5.0,8.017848e-07,7.2527405e-07,0.0,5.3452317e-07
270.1128,0.99116397,0.94544023,0.9495102,0.15071982,2014-03-12 20:00:00,5.0,1.4881971e-06,1.393023e-06,0.0,1.3741173e-06
270.40308,0.8051874,0.8046557,0.009008683,0.0,2014-03-12 21:00:00,0.0,2.6726156e-07,2.6477704e-07,0.0,2.6726156e-07
270.61084,0.57904774,0.57904774,0.0,0.0,2014-03-12 22:00:00,0.0,0.0,0.0,0.0,0.0
270.52026,0.043641116,0.0015890491,0.0,0.042052068,2014-03-12 23:00:00,0.0,0.0,0.0,0.0,0.0
270.6167,0.78947216,0.0,0.0,0.78947216,2014-03-13 00:00:00,0.0,0.0,0.0,0.0,0.0
269.91553,0.95330656,0.0,0.0,0.95330656,2014-03-13 01:00:00,0.0,0.0,0.0,0.0,0.0
268.28174,0.9658643,0.0,0.0,0.9658643,2014-03-13 02:00:00,0.0,0.0,0.0,0.0,0.0
266.7837,0.44950485,0.0,0.0,0.44950485,2014-03-13 03:00:00,0.0,0.0,0.0,0.0,0.0
266.38525,0.044368777,0.0,0.01024574,0.039476823,2014-03-13 04:00:00,0.0,0.0,0.0,0.0,0.0
266.72314,0.2417289,0.0,0.14744455,0.18788302,2014-03-13 05:00:00,5.0,0.0,0.0,0.0,0.0
266.7942,0.67385584,0.0,0.67095315,0.050982744,2014-03-13 06:00:00,5.0,2.6726156e-07,1.6703848e-07,0.0,2.6726156e-07
266.81396,0.9139966,0.0,0.9139966,0.0,2014-03-13 07:00:00,0.0,0.0,0.0,0.0,0.0
267.53687,0.795753,0.03369748,0.795753,0.0,2014-03-13 08:00:00,0.0,0.0,0.0,0.0,0.0
268.25928,0.5909119,0.005003199,0.5909119,0.0,2014-03-13 09:00:00,0.0,0.0,0.0,0.0,0.0
268.50586,0.39342505,0.018498838,0.39342505,0.0,2014-03-13 10:00:00,0.0,0.0,1.42599745e-08,0.0,0.0
268.6941,0.33838344,0.08338237,0.33838344,0.0,2014-03-13 11:00:00,0.0,0.0,0.0,0.0,0.0
268.9348,0.13830298,0.07698846,0.12759203,0.0,2014-03-13 12:00:00,0.0,0.0,0.0,0.0,0.0
269.06836,0.015366878,0.0100932345,0.015366878,0.0,2014-03-13 13:00:00,0.0,0.0,0.0,0.0,0.0
270.3213,0.0,0.0,0.0,0.0,2014-03-13 14:00:00,0.0,0.0,0.0,0.0,0.0
273.09058,0.0,0.0,0.0,0.0,2014-03-13 15:00:00,0.0,0.0,0.0,0.0,0.0
275.47144,0.0,0.0,0.0,0.0,2014-03-13 16:00:00,0.0,0.0,0.0,0.0,0.0
277.3296,0.0,0.0,0.0,0.0,2014-03-13 17:00:00,0.0,0.0,0.0,0.0,0.0
278.70044,0.0,0.0,0.0,0.0,2014-03-13 18:00:00,0.0,0.0,0.0,0.0,0.0
279.59326,0.0,0.0,0.0,0.0,2014-03-13 19:00:00,0.0,0.0,0.0,0.0,0.0
280.39722,0.021502096,0.0,0.021502096,0.0,2014-03-13 20:00:00,0.0,0.0,0.0,0.0,0.0
281.2693,0.19146663,0.0,0.19146663,0.0,2014-03-13 21:00:00,0.0,0.0,0.0,0.0,0.0
281.4956,0.1846599,0.0,0.1846599,0.0,2014-03-13 22:00:00,0.0,0.0,0.0,0.0,0.0
281.29224,0.16339523,0.0,0.16339523,0.0,2014-03-13 23:00:00,0.0,0.0,0.0,0.0,0.0
280.45117,0.05980213,0.0,0.05980213,0.0,2014-03-14 00:00:00,0.0,0.0,0.0,0.0,0.0
279.59546,0.033749014,0.0,0.033749014,0.0,2014-03-14 01:00:00,0.0,0.0,0.0,0.0,0.0
279.40894,0.07685715,0.0,0.020684894,0.05779724,2014-03-14 02:00:00,0.0,0.0,0.0,0.0,0.0
279.22266,0.61411273,0.0,0.09228462,0.6021968,2014-03-14 03:00:00,0.0,0.0,0.0,0.0,0.0
279.08716,0.8579075,0.0,0.20277065,0.85454637,2014-03-14 04:00:00,0.0,0.0,0.0,0.0,0.0
278.58765,0.97180337,0.0,0.39134222,0.96681726,2014-03-14 05:00:00,0.0,0.0,0.0,0.0,0.0
278.38672,0.99946827,0.0,0.56535536,0.99336845,2014-03-14 06:00:00,0.0,0.0,0.0,0.0,0.0
277.77832,0.98999023,0.0,0.090070665,0.98999023,2014-03-14 07:00:00,0.0,0.0,0.0,0.0,0.0
276.9558,0.93785924,0.0,0.057926707,0.93785924,2014-03-14 08:00:00,0.0,0.0,0.0,0.0,0.0
276.54102,0.96784455,0.0,0.5618877,0.96784455,2014-03-14 09:00:00,0.0,0.0,0.0,0.0,0.0
276.5703,0.6318501,0.0,0.3732118,0.5823801,2014-03-14 10:00:00,0.0,0.0,0.0,0.0,0.0
275.9961,0.56395787,0.0032499009,0.5539481,0.22611547,2014-03-14 11:00:00,1.0,0.0,0.0,0.0,0.0
275.54907,0.33192998,0.21248132,0.16538697,0.06460965,2014-03-14 12:00:00,1.0,0.0,0.0,0.0,0.0
275.48608,0.9119711,0.84410703,0.6287297,0.0,2014-03-14 13:00:00,1.0,3.813414e-07,0.0,0.0,5.9091695e-07
275.9519,1.0,1.0,0.85753644,0.0,2014-03-14 14:00:00,1.0,1.8304363e-06,0.0,0.0,1.8304363e-06
276.3828,0.9877857,0.9877857,0.7185658,0.0,2014-03-14 15:00:00,1.0,3.1077661e-06,0.0,0.0,3.1077661e-06
277.06934,0.7630122,0.6351749,0.69448733,0.0,2014-03-14 16:00:00,1.0,1.4099933e-06,0.0,0.0,1.6009844e-06
277.45288,0.8588211,0.64293075,0.5483961,0.0,2014-03-14 17:00:00,1.0,1.2400368e-05,0.0,1.1189692e-05,1.1818338e-06
277.896,0.3103909,0.27147013,0.07308984,0.0,2014-03-14 18:00:00,0.0,5.1010094e-05,0.0,4.5697903e-05,5.4746506e-06
278.32275,0.20325685,0.20325685,0.0,0.0,2014-03-14 19:00:00,0.0,0.0,0.0,0.0,0.0
278.50635,0.13725966,0.13725966,0.0,0.0,2014-03-14 20:00:00,0.0,0.0,0.0,0.0,0.0
278.14014,0.31244493,0.31244493,0.0,0.0,2014-03-14 21:00:00,0.0,0.0,0.0,0.0,0.0
276.94824,0.74103016,0.74103016,0.0,0.0,2014-03-14 22:00:00,6.0,0.0,0.0,0.0,0.0
275.8557,0.52473503,0.52473503,0.0,0.0,2014-03-14 23:00:00,0.0,0.0,0.0,0.0,0.0
274.7107,0.20331842,0.20331842,0.0,0.0,2014-03-15 00:00:00,0.0,0.0,0.0,0.0,0.0
273.6255,0.17261928,0.17261928,0.0,0.0,2014-03-15 01:00:00,5.0,0.0,7.386461e-08,0.0,0.0
272.98267,0.20840555,0.20840555,0.0,0.0,2014-03-15 02:00:00,5.0,0.0,2.169478e-07,0.0,9.549569e-08
271.88745,0.25585735,0.25585735,0.0,0.0,2014-03-15 03:00:00,5.0,2.0957555e-07,4.1947413e-07,0.0,4.7683716e-07
270.83813,0.31662965,0.31662965,0.0,0.0,2014-03-15 04:00:00,0.0,2.0957555e-07,2.0012311e-07,0.0,2.0957555e-07
270.07227,0.30412084,0.30412084,0.0,0.0,2014-03-15 05:00:00,0.0,0.0,7.386461e-08,0.0,0.0
269.1333,0.39435107,0.21162629,0.0,0.18837005,2014-03-15 06:00:00,0.0,0.0,0.0,0.0,0.0
268.4839,0.9636871,0.14142478,0.00053172023,0.95021564,2014-03-15 07:00:00,0.0,0.0,0.0,0.0,0.0
267.9497,0.9775701,0.0067320913,0.0057968125,0.9775701,2014-03-15 08:00:00,0.0,0.0,0.0,0.0,0.0
267.65112,0.96927565,0.0016249504,0.10235286,0.96927565,2014-03-15 09:00:00,0.0,0.0,0.0,0.0,0.0
267.73462,0.9805399,0.014189757,0.6076553,0.96867406,2014-03-15 10:00:00,0.0,0.0,0.0,0.0,0.0
267.39673,0.8685736,0.0048919544,0.8325756,0.67658377,2014-03-15 11:00:00,5.0,0.0,4.5344667e-08,0.0,0.0
267.02246,0.9032961,0.0,0.83421576,0.5679611,2014-03-15 12:00:00,5.0,3.627573e-07,3.7220974e-07,0.0,4.5825306e-07
267.07202,0.96554744,0.0,0.8941702,0.87175804,2014-03-15 13:00:00,0.0,4.5825306e-07,4.700285e-07,0.0,4.5825306e-07
267.7578,0.9901048,0.0,0.8753756,0.98244375,2014-03-15 14:00:00,0.0,1.9099144e-07,3.2694527e-07,0.0,1.9099144e-07
268.9375,0.98592716,0.0,0.8975111,0.8827322,2014-03-15 15:00:00,0.0,9.549569e-08,9.549569e-08,0.0,9.549569e-08
269.90503,0.9517667,0.03576431,0.83745754,0.8131088,2014-03-15 16:00:00,5.0,1.9099144e-07,9.549569e-08,0.0,9.549569e-08
270.67383,0.9949968,0.097275496,0.80552983,0.9805366,2014-03-15 17:00:00,5.0,1.9099144e-07,1.432436e-07,0.0,1.9099144e-07
271.52734,0.99262583,0.10049403,0.8897932,0.99262583,2014-03-15 18:00:00,0.0,9.549569e-08,1.1936964e-07,0.0,9.549569e-08
271.94263,0.9949968,0.039222736,0.95545423,0.9750078,2014-03-15 19:00:00,5.0,1.7176399e-06,1.6750209e-06,0.0,1.6035601e-06
272.22046,0.988793,0.0010573287,0.8549288,0.9765215,2014-03-15 20:00:00,5.0,2.4431547e-06,2.6813314e-06,0.0,2.6527305e-06
272.41626,0.9771617,0.011408862,0.7337156,0.97000456,2014-03-15 21:00:00,5.0,3.5878202e-06,3.3489187e-06,0.0,3.3391425e-06
272.44287,0.978386,0.0,0.64041245,0.96890795,2014-03-15 22:00:00,5.0,1.8131359e-06,2.0752677e-06,0.0,2.098981e-06
272.26025,0.98421025,0.0,0.32637328,0.9821064,2014-03-15 23:00:00,0.0,4.9606274e-07,3.8182253e-07,0.0,2.864872e-07
271.6294,0.9579187,0.0,0.09675747,0.9579187,2014-03-16 00:00:00,0.0,0.0,2.3873934e-08,0.0,0.0
270.65698,0.9810683,0.0,0.013775833,0.9810683,2014-03-16 01:00:00,0.0,0.0,0.0,0.0,0.0
269.98926,0.961331,0.0,0.0,0.961331,2014-03-16 02:00:00,0.0,0.0,0.0,0.0,0.0
268.79077,0.6480487,0.0,0.0,0.6480487,2014-03-16 03:00:00,0.0,0.0,0.0,0.0,0.0
267.81567,0.19389021,0.0,0.0,0.19389021,2014-03-16 04:00:00,0.0,0.0,0.0,0.0,0.0
266.60547,0.0021207693,0.0,0.0,0.0021207693,2014-03-16 05:00:00,5.0,0.0,0.0,0.0,0.0
265.7683,0.0032499009,0.0032499009,0.0,0.0,2014-03-16 06:00:00,5.0,0.0,0.0,0.0,0.0
264.77856,0.0,0.0,0.0,0.0,2014-03-16 07:00:00,5.0,0.0,0.0,0.0,0.0
263.81982,0.019560646,0.019560646,0.0,0.0,2014-03-16 08:00:00,5.0,0.0,0.0,0.0,0.0
262.66626,0.0037288337,0.0037288337,0.0,0.0,2014-03-16 09:00:00,5.0,0.0,0.0,0.0,0.0
261.9734,0.010635763,0.010635763,0.0,0.0,2014-03-16 10:00:00,5.0,0.0,0.0,0.0,0.0
261.23926,0.010104045,0.010104045,0.0,0.0,2014-03-16 11:00:00,5.0,0.0,0.0,0.0,0.0
260.22803,0.0063920952,0.0063920952,0.0,0.0,2014-03-16 12:00:00,5.0,0.0,0.0,0.0,0.0
260.2456,0.0010573287,0.0010573287,0.0,0.0,2014-03-16 13:00:00,0.0,0.0,0.0,0.0,0.0
261.85132,0.0,0.0,0.0,0.0,2014-03-16 14:00:00,0.0,0.0,0.0,0.0,0.0
263.48584,0.004741922,0.004741922,0.0,0.0,2014-03-16 15:00:00,0.0,0.0,0.0,0.0,0.0
264.54272,0.0,0.0,0.0,0.0,2014-03-16 16:00:00,0.0,0.0,0.0,0.0,0.0
265.65405,0.0,0.0,0.0,0.0,2014-03-16 17:00:00,0.0,0.0,0.0,0.0,0.0
266.62012,0.0,0.0,0.0,0.0,2014-03-16 18:00:00,0.0,0.0,0.0,0.0,0.0
267.6338,0.0,0.0,0.0,0.0,2014-03-16 19:00:00,0.0,0.0,0.0,0.0,0.0
268.52075,0.6237453,0.0,0.0,0.6237453,2014-03-16 20:00:00,0.0,0.0,0.0,0.0,0.0
268.97363,0.91773915,0.0,0.0,0.91773915,2014-03-16 21:00:00,0.0,0.0,0.0,0.0,0.0
269.1565,0.9689046,0.0032499009,0.050888043,0.9689046,2014-03-16 22:00:00,0.0,0.0,0.0,0.0,0.0
269.1333,0.99841094,0.0,0.8129622,0.99841094,2014-03-16 23:00:00,0.0,0.0,0.0,0.0,0.0
269.22632,0.9970973,0.0,0.9571725,0.98663634,2014-03-17 00:00:00,0.0,0.0,0.0,0.0,0.0
268.72998,0.9836786,0.0,0.9507832,0.9255478,2014-03-17 01:00:00,0.0,0.0,0.0,0.0,0.0
268.3977,0.9841575,0.0,0.98042864,0.787702,2014-03-17 02:00:00,0.0,0.0,0.0,0.0,0.0
268.13818,0.89882195,0.0,0.81461054,0.53176636,2014-03-17 03:00:00,5.0,0.0,0.0,0.0,0.0
268.1726,0.9923111,0.0,0.98409057,0.84701234,2014-03-17 04:00:00,5.0,0.0,1.6215074e-07,0.0,0.0
268.3335,0.99946827,0.0,0.97424483,0.79150164,2014-03-17 05:00:00,5.0,0.0,3.2430148e-07,0.0,3.813414e-07
268.25342,0.99946827,0.0,0.9712309,0.9286348,2014-03-17 06:00:00,5.0,1.4112857e-06,1.4636789e-06,0.0,1.4112857e-06
268.3894,1.0,0.0,0.98498636,0.97000116,2014-03-17 07:00:00,5.0,3.7557274e-06,3.665199e-06,0.0,3.7557274e-06
268.45532,0.9949934,0.0,0.978131,0.97473973,2014-03-17 08:00:00,5.0,4.9952478e-06,4.9191403e-06,0.0,4.9952478e-06
268.6001,0.9962183,0.0,0.9845524,0.96174806,2014-03-17 09:00:00,5.0,1.860944e-05,1.8380466e-05,2.3873935e-07,1.8418446e-05
268.62964,0.99289286,0.0,0.98290753,0.9344727,2014-03-17 10:00:00,5.0,7.5873366e-05,7.554442e-05,1.9099144e-07,7.5301024e-05
268.7893,0.9923612,0.0,0.99073625,0.9615387,2014-03-17 11:00:00,5.0,9.90525e-05,9.895717e-05,5.3452317e-07,9.851798e-05
268.80566,0.9949934,0.0,0.9533685,0.9726727,2014-03-17 12:00:00,5.0,7.905299e-05,7.91629e-05,1.2693238e-05,6.648409e-05
268.91968,0.99371904,0.0,0.9721017,0.97521865,2014-03-17 13:00:00,5.0,7.158195e-05,7.1722636e-05,1.8983765e-06,6.986495e-05
269.2107,0.99319345,0.08681482,0.99319345,0.904668,2014-03-17 14:00:00,5.0,0.00016517352,0.00016516879,0.0,0.00016517352
269.6001,0.9853629,0.055193633,0.94878143,0.72307557,2014-03-17 15:00:00,5.0,0.00037555932,0.00037562614,0.0,0.00037555932
269.85767,1.0,0.0033782488,0.973195,0.96656954,2014-03-17 16:00:00,5.0,0.000534527,0.00053422176,0.0,0.0005344313
270.20532,0.98442733,0.00998199,0.7726616,0.9574698,2014-03-17 17:00:00,5.0,0.00030913693,0.0003092941,0.0,0.00030925102
270.8037,0.9429256,0.0082530975,0.5457515,0.8952963,2014-03-17 18:00:00,5.0,6.000561e-05,6.0053368e-05,0.0,6.000561e-05
271.9204,0.94855267,0.050539147,0.5793852,0.9306278,2014-03-17 19:00:00,5.0,9.820136e-05,9.012254e-05,9.763961e-05,9.908417e-07
272.76904,0.96902156,0.022838287,0.9177738,0.9025304,2014-03-17 20:00:00,6.0,1.2413163e-05,1.0060676e-06,1.1411741e-05,8.5817857e-07
273.49585,0.9949968,0.0033782488,0.9949968,0.38938087,2014-03-17 21:00:00,6.0,0.00011460668,7.502464e-05,0.00011253782,2.040012e-06
274.2881,0.89514446,0.016832627,0.8666886,0.7241966,2014-03-17 22:00:00,6.0,0.00025865622,0.00018221063,0.0002574455,1.4490952e-06
274.208,0.16645956,0.0,0.14473492,0.046921555,2014-03-17 23:00:00,6.0,5.9091695e-07,5.957245e-07,0.0,5.9091695e-07
274.09155,0.3529042,0.0,0.23084855,0.17729902,2014-03-18 00:00:00,0.0,0.0,1.42599745e-08,0.0,0.0
273.4895,0.9852734,0.0,0.96791637,0.9239416,2014-03-18 01:00:00,0.0,0.0,0.0,0.0,0.0
273.47363,0.9905219,0.0,0.9428078,0.9905219,2014-03-18 02:00:00,0.0,0.0,0.0,0.0,0.0
273.31006,0.9905219,0.0,0.58792704,0.9905219,2014-03-18 03:00:00,0.0,0.0,0.0,0.0,0.0
273.15845,0.9966217,0.0016249504,0.8470288,0.9949968,2014-03-18 04:00:00,0.0,0.0,0.0,0.0,0.0
273.09424,0.9989426,0.019988392,0.91919684,0.9894646,2014-03-18 05:00:00,0.0,0.0,0.0,0.0,0.0
272.8369,0.9905078,0.028352734,0.9213965,0.96669114,2014-03-18 06:00:00,0.0,0.0,0.0,0.0,0.0
272.61963,0.99946827,0.013471484,0.90663654,0.99609,2014-03-18 07:00:00,0.0,0.0,0.0,0.0,0.0
272.20825,0.99841094,0.0067320913,0.8883658,0.996307,2014-03-18 08:00:00,0.0,0.0,0.0,0.0,0.0
271.97827,1.0,0.0,0.90171623,1.0,2014-03-18 09:00:00,5.0,0.0,6.6815346e-08,0.0,0.0
271.84375,0.9949968,0.0,0.74193114,0.9850148,2014-03-18 10:00:00,5.0,0.00025879336,0.00025870278,0.0002567512,1.9849103e-06
271.7766,0.997629,0.0,0.82275534,0.9942508,2014-03-18 11:00:00,5.0,0.0007426075,0.0007425172,0.00073150336,1.0856419e-05
271.7964,1.0,0.0,0.9386917,1.0,2014-03-18 12:00:00,5.0,0.00021673016,0.00021680658,0.00018540559,3.1324555e-05
271.47705,1.0,0.0,1.0,0.99946827,2014-03-18 13:00:00,5.0,0.00015642648,0.00015649073,9.5371026e-05,6.130316e-05
271.55615,0.9947263,0.0063116476,0.9266992,0.985251,2014-03-18 14:00:00,5.0,7.777904e-05,7.765992e-05,3.1061581e-06,7.4425174e-05
272.40796,1.0,0.0063116476,0.7366634,1.0,2014-03-18 15:00:00,5.0,3.196737e-05,3.2279815e-05,0.0,3.196737e-05
273.4143,1.0,0.033261545,0.54519665,1.0,2014-03-18 16:00:00,5.0,2.5944119e-06,2.7805982e-06,0.0,2.5944119e-06
274.27246,0.9923612,0.021286912,0.8424936,0.99025726,2014-03-18 17:00:00,6.0,2.6726156e-07,6.6815346e-08,0.0,2.6726156e-07
275.03564,0.9944678,0.0,0.92856425,0.98946124,2014-03-18 18:00:00,6.0,0.0,3.3407698e-08,0.0,0.0
275.4807,1.0,0.0032499009,0.9570967,0.9902548,2014-03-18 19:00:00,6.0,1.4503876e-06,1.3835715e-06,0.0,1.4503876e-06
275.7185,1.0,0.0,0.99946827,1.0,2014-03-18 20:00:00,6.0,3.4154218e-06,3.1057061e-06,0.0,3.4154218e-06
275.79785,1.0,0.0016249504,0.9856985,0.9978961,2014-03-18 21:00:00,6.0,3.519561e-05,2.2465581e-05,0.0,3.519561e-05
275.30884,1.0,0.099188566,1.0,0.9978961,2014-03-18 22:00:00,6.0,0.00011076535,7.231474e-05,0.0,0.00011076535
274.88232,1.0,0.09144956,1.0,1.0,2014-03-18 23:00:00,6.0,0.00022467559,0.00018891382,0.0,0.00022467559
274.13184,1.0,0.2421872,1.0,1.0,2014-03-19 00:00:00,6.0,0.00041068625,0.00039675692,0.0,0.00041068625
273.62158,1.0,0.731585,1.0,1.0,2014-03-19 01:00:00,5.0,0.00061561144,0.0006122058,0.0,0.00061561144
273.40894,1.0,1.0,1.0,0.9970973,2014-03-19 02:00:00,5.0,0.00081591564,0.00081501366,0.0,0.00081591564
273.0559,1.0,0.9906332,1.0,1.0,2014-03-19 03:00:00,5.0,0.0008059058,0.00080578146,0.0,0.0008059058
272.74,1.0,0.9954723,1.0,1.0,2014-03-19 04:00:00,5.0,0.0006182946,0.0006182608,0.0,0.0006182946
272.56836,1.0,0.99946827,1.0,1.0,2014-03-19 05:00:00,5.0,0.00038956548,0.00038963696,0.0,0.00038956548
272.30566,1.0,0.998375,1.0,1.0,2014-03-19 06:00:00,5.0,0.00026615895,0.00026626163,0.0,0.00026615895
271.95947,1.0,0.998375,0.99675006,0.998375,2014-03-19 07:00:00,5.0,0.00037906412,0.0003791405,0.0,0.00037906412
271.68628,1.0,0.9827273,0.99348307,0.99627113,2014-03-19 08:00:00,5.0,0.00037933048,0.00037935236,0.0,0.00037931185
271.52368,1.0,0.9853412,0.9673608,1.0,2014-03-19 09:00:00,5.0,0.0002681939,0.0002683585,0.0,0.0002681939
270.83472,1.0,0.995108,0.91040325,1.0,2014-03-19 10:00:00,5.0,0.00010600747,0.00010606226,0.0,0.00010591197
270.78198,1.0,0.9792348,0.79798466,1.0,2014-03-19 11:00:00,5.0,2.7788483e-05,2.7702685e-05,0.0,2.7788483e-05
270.8667,1.0,0.9430491,0.4249816,1.0,2014-03-19 12:00:00,5.0,6.2373247e-06,6.2134504e-06,0.0,6.2373247e-06
270.91504,0.998375,0.9746232,0.054613423,0.9043674,2014-03-19 13:00:00,5.0,5.1881634e-06,5.097151e-06,0.0,4.920902e-06
271.1797,0.9172266,0.89915013,0.0100932345,0.49428648,2014-03-19 14:00:00,5.0,6.0649263e-06,5.864803e-06,0.0,6.0649263e-06
272.2019,0.81621206,0.7912825,0.0029026829,0.10918647,2014-03-19 15:00:00,5.0,4.5575034e-06,4.466814e-06,0.0,4.5575034e-06
272.95435,0.9386155,0.9386155,0.0,0.0,2014-03-19 16:00:00,5.0,3.2987573e-06,3.084213e-06,0.0,3.2987573e-06
273.5813,1.0,1.0,0.0,0.0,2014-03-19 17:00:00,6.0,3.872383e-06,3.8340877e-06,0.0,3.872383e-06
274.19287,1.0,1.0,0.0,0.0,2014-03-19 18:00:00,6.0,8.032545e-06,7.846521e-06,0.0,8.032545e-06
274.65747,0.9966217,0.9966217,0.0,0.0,2014-03-19 19:00:00,6.0,3.3782535e-06,3.4164686e-06,0.0,3.3782535e-06
274.95923,1.0,1.0,0.0,0.0,2014-03-19 20:00:00,6.0,1.527299e-06,1.6320064e-06,0.0,1.527299e-06
275.29175,1.0,1.0,0.0,0.0,2014-03-19 21:00:00,6.0,8.972805e-07,1.0237e-06,0.0,8.972805e-07
275.51587,0.9968219,0.9968219,0.0,0.0,2014-03-19 22:00:00,6.0,5.0958943e-06,4.9791697e-06,0.0,4.8863185e-06
275.36133,0.9005309,0.9005309,0.024974484,0.0,2014-03-19 23:00:00,6.0,1.571767e-05,1.5650861e-05,0.0,1.571767e-05
275.104,0.69733864,0.69733864,0.016721383,0.0,2014-03-20 00:00:00,6.0,7.016667e-06,7.0502365e-06,0.0,6.9025873e-06
274.7434,0.4826812,0.4826812,0.0054821298,0.0,2014-03-20 01:00:00,5.0,6.0226075e-06,6.094552e-06,0.0,5.908528e-06
274.5354,0.3829754,0.36476713,0.040574554,0.0,2014-03-20 02:00:00,0.0,1.5817586e-06,1.6295071e-06,0.0,1.6772547e-06
273.39404,0.20991588,0.18117708,0.07869029,0.0,2014-03-20 03:00:00,0.0,0.0,7.154159e-08,0.0,0.0
272.48486,0.055061672,0.055061672,0.0,0.0,2014-03-20 04:00:00,0.0,9.549569e-08,3.5810903e-08,0.0,0.0
271.27002,0.01879517,0.01879517,0.0,0.0,2014-03-20 05:00:00,0.0,0.0,1.1936965e-08,0.0,0.0
270.00757,0.0033782488,0.0033782488,0.0,0.0,2014-03-20 06:00:00,0.0,0.0,0.0,0.0,0.0
269.21338,0.04851752,0.04851752,0.0,0.0,2014-03-20 07:00:00,0.0,0.0,0.0,0.0,0.0
268.5371,0.025942981,0.025942981,0.0,0.0,2014-03-20 08:00:00,0.0,0.0,0.0,0.0,0.0
268.20435,0.07130855,0.07130855,0.0,0.0,2014-03-20 09:00:00,0.0,0.0,0.0,0.0,0.0
268.31226,0.09077257,0.09077257,0.0,0.0,2014-03-20 10:00:00,0.0,0.0,0.0,0.0,0.0
268.3457,0.20970678,0.20970678,0.0,0.0,2014-03-20 11:00:00,5.0,0.0,0.0,0.0,0.0
267.98926,0.26726323,0.2656212,0.047652107,0.0,2014-03-20 12:00:00,5.0,0.0,1.6455391e-07,0.0,0.0
268.15527,0.24370229,0.24034846,0.15076411,0.0,2014-03-20 13:00:00,5.0,5.9091695e-07,5.219401e-07,0.0,5.9091695e-07
269.54297,0.32669258,0.32669258,0.11154437,0.0,2014-03-20 14:00:00,5.0,3.813414e-07,3.669199e-07,0.0,3.813414e-07
271.46655,0.31801254,0.31274748,0.0,0.0052650943,2014-03-20 15:00:00,0.0,0.0,2.8519953e-08,0.0,0.0
273.51392,0.3320526,0.2879883,0.0,0.072767615,2014-03-20 16:00:00,0.0,0.0,0.0,0.0,0.0
275.43384,0.3316921,0.12186211,0.036857113,0.23932874,2014-03-20 17:00:00,0.0,0.0,0.0,0.0,0.0
276.8086,0.525627,0.04518536,0.17488623,0.46074516,2014-03-20 18:00:00,0.0,0.0,0.0,0.0,0.0
277.8208,0.8355326,0.07233369,0.48810697,0.76782817,2014-03-20 19:00:00,0.0,0.0,0.0,0.0,0.0
278.386,0.9306934,0.26878923,0.8373106,0.8516925,2014-03-20 20:00:00,0.0,0.0,0.0,0.0,0.0
278.5293,0.85287976,0.16974956,0.81256,0.6838837,2014-03-20 21:00:00,0.0,0.0,0.0,0.0,0.0
278.8103,0.6870841,0.41796446,0.54627305,0.30677485,2014-03-20 22:00:00,0.0,0.0,0.0,0.0,0.0
278.4922,0.19634414,0.0,0.19634414,0.030304112,2014-03-20 23:00:00,0.0,0.0,0.0,0.0,0.0
277.74243,0.033665255,0.0,0.033665255,0.0,2014-03-21 00:00:00,0.0,0.0,0.0,0.0,0.0
276.0315,0.07768613,0.0,0.07768613,0.0,2014-03-21 01:00:00,0.0,0.0,0.0,0.0,0.0
274.95068,0.07415724,0.0,0.07415724,0.0,2014-03-21 02:00:00,0.0,0.0,0.0,0.0,0.0
273.80737,0.0,0.0,0.0,0.0,2014-03-21 03:00:00,0.0,0.0,0.0,0.0,0.0
273.5581,0.0,0.0,0.0,0.0,2014-03-21 04:00:00,0.0,0.0,0.0,0.0,0.0
273.32446,0.0,0.0,0.0,0.0,2014-03-21 05:00:00,0.0,0.0,0.0,0.0,0.0
272.83594,0.044455223,0.0,0.0,0.044455223,2014-03-21 06:00:00,0.0,0.0,0.0,0.0,0.0
272.71826,0.4895017,0.0,0.10100818,0.48612344,2014-03-21 07:00:00,0.0,0.0,0.0,0.0,0.0
272.99268,0.9835778,0.0,0.83928376,0.9819887,2014-03-21 08:00:00,0.0,0.0,0.0,0.0,0.0
272.87866,1.0,0.0,0.9899844,1.0,2014-03-21 09:00:00,8.0,2.4942914e-05,0.0,2.506726e-05,0.0
273.20654,1.0,0.014453504,1.0,1.0,2014-03-21 10:00:00,8.0,2.7896866e-05,1.1114225e-06,2.6847367e-05,1.1831262e-06
273.43555,1.0,0.03811954,1.0,0.98008,2014-03-21 11:00:00,8.0,8.004115e-05,2.4895824e-05,5.535256e-05,2.4802648e-05
273.77368,1.0,0.06466925,1.0,0.49530935,2014-03-21 12:00:00,8.0,0.00016361686,8.6731714e-05,7.6758646e-05,8.668646e-05
274.01343,0.9852559,0.0067320913,0.9852559,0.38849717,2014-03-21 13:00:00,8.0,0.0003816737,3.631234e-05,0.00034762337,3.428865e-05
274.48633,1.0,0.07521266,1.0,0.03181782,2014-03-21 14:00:00,5.0,6.247469e-05,6.39058e-06,6.0243678e-05,2.3835437e-06
275.4646,0.9552542,0.6541628,0.9472538,0.0,2014-03-21 15:00:00,6.0,7.506703e-05,7.354969e-05,4.5747307e-05,2.9234478e-05
276.44116,0.67844415,0.65643805,0.5728278,0.0,2014-03-21 16:00:00,1.0,6.4124164e-05,6.117068e-05,0.0,6.4295935e-05
277.54468,0.3546101,0.33062577,0.16596341,0.0,2014-03-21 17:00:00,0.0,1.6049613e-05,7.436609e-06,0.0,1.6049613e-05
278.55933,0.72391087,0.7205326,0.022581838,0.0,2014-03-21 18:00:00,0.0,4.191511e-07,0.0,0.0,5.9091695e-07
278.83423,0.8813535,0.876614,0.03884556,0.0,2014-03-21 19:00:00,1.0,1.4298662e-05,0.0,1.1332201e-05,3.1289346e-06
277.37183,0.8771615,0.8747966,0.22030085,0.0,2014-03-21 20:00:00,1.0,2.1165397e-05,0.0,5.121199e-06,1.5615107e-05
276.1499,0.90178144,0.90178144,0.3033616,0.0,2014-03-21 21:00:00,1.0,2.6272115e-05,0.0,8.608039e-06,1.725454e-05
276.06445,0.93259144,0.8517845,0.19345623,0.4720835,2014-03-21 22:00:00,1.0,1.2428482e-05,0.0,4.0056705e-07,1.1818339e-05
275.39648,0.8210624,0.81943744,0.014085814,0.008141857,2014-03-21 23:00:00,6.0,5.4900183e-06,1.6703848e-07,0.0,5.4900183e-06
274.61426,0.8271597,0.8271597,0.0,0.0,2014-03-22 00:00:00,5.0,2.5546587e-06,1.6681233e-06,0.0,2.5546587e-06
273.73926,0.7418221,0.7418221,0.0,0.0,2014-03-22 01:00:00,0.0,4.191511e-07,4.099404e-07,0.0,4.191511e-07
272.68555,0.73715717,0.73715717,0.0,0.0,2014-03-22 02:00:00,5.0,0.0,1.0006153e-07,0.0,0.0
271.09766,0.918607,0.918607,0.0,0.0,2014-03-22 03:00:00,5.0,2.2815959e-07,4.5512468e-07,0.0,5.9091695e-07
269.86694,0.9691738,0.9691738,0.0,0.04083763,2014-03-22 04:00:00,5.0,8.9598825e-07,8.031374e-07,0.0,8.9598825e-07
268.58667,0.9873607,0.979532,0.0,0.26851243,2014-03-22 05:00:00,5.0,4.0056705e-07,5.912377e-07,0.0,4.0056705e-07
267.34497,0.952394,0.94193304,0.09912038,0.19189662,2014-03-22 06:00:00,5.0,1.9829677e-06,1.882986e-06,0.0,1.9829677e-06
266.18115,0.9509698,0.93749833,0.22523445,0.020210877,2014-03-22 07:00:00,5.0,2.8789555e-06,2.8051718e-06,0.0,2.8789555e-06
265.04297,0.9295306,0.9145454,0.19104183,0.0,2014-03-22 08:00:00,5.0,3.3743772e-06,3.4625018e-06,0.0,3.488457e-06
263.72168,0.88779634,0.8725303,0.10976654,0.0,2014-03-22 09:00:00,5.0,3.183386e-06,3.3718134e-06,0.0,3.183386e-06
262.39014,0.9586904,0.9519583,0.09969723,0.00053172023,2014-03-22 10:00:00,5.0,2.992394e-06,2.9450484e-06,0.0,2.992394e-06
261.55566,0.9555176,0.95003545,0.06959915,0.00053172023,2014-03-22 11:00:00,5.0,2.0970474e-06,2.0948055e-06,0.0,1.8874716e-06
260.74805,0.9468516,0.94476485,0.027296025,0.0,2014-03-22 12:00:00,5.0,1.8688879e-06,1.9663848e-06,0.0,1.8688879e-06
260.386,0.9395498,0.9395498,0.0,0.005298864,2014-03-22 13:00:00,5.0,1.086979e-06,1.2488881e-06,0.0,1.086979e-06
260.656,0.9915844,0.9915844,0.0,0.0021207693,2014-03-22 14:00:00,5.0,2.3828934e-06,2.3567763e-06,0.0,2.2688137e-06
261.59595,1.0,1.0,0.0,0.0015890491,2014-03-22 15:00:00,5.0,5.127902e-06,5.0779117e-06,0.0,5.223398e-06
262.79297,0.9053081,0.9053081,0.0,0.008476965,2014-03-22 16:00:00,5.0,1.658671e-06,1.4893094e-06,0.0,1.3914087e-06
263.844,0.80891085,0.79206294,0.0,0.040908657,2014-03-22 17:00:00,5.0,0.0,1.9771988e-07,0.0,1.14079796e-07
264.84424,0.73361975,0.61292654,0.00053172023,0.2116456,2014-03-22 18:00:00,0.0,0.0,0.0,0.0,0.0
265.58594,0.67442626,0.47557634,0.0,0.34065986,2014-03-22 19:00:00,5.0,0.0,0.0,0.0,0.0
266.00098,0.8714693,0.6581169,0.0,0.434528,2014-03-22 20:00:00,0.0,0.0,0.0,0.0,0.0
266.07837,0.9119318,0.80802023,0.0015890491,0.34914273,2014-03-22 21:00:00,0.0,0.0,0.0,0.0,0.0
266.58643,0.96363,0.9052042,0.005298864,0.17050028,2014-03-22 22:00:00,0.0,0.0,0.0,0.0,0.0
266.39795,0.90037376,0.8924285,0.0,0.012186784,2014-03-22 23:00:00,5.0,0.0,0.0,0.0,0.0
265.6914,0.722135,0.722135,0.0,0.00053172023,2014-03-23 00:00:00,0.0,0.0,0.0,0.0,0.0
264.68896,0.6262769,0.6262769,0.0,0.0,2014-03-23 01:00:00,5.0,0.0,0.0,0.0,0.0
264.2317,0.59374577,0.59374577,0.0,0.0,2014-03-23 02:00:00,0.0,0.0,0.0,0.0,0.0
263.27344,0.017649189,0.017649189,0.0,0.0,2014-03-23 03:00:00,0.0,0.0,0.0,0.0,0.0
262.6355,0.0,0.0,0.0,0.0,2014-03-23 04:00:00,0.0,0.0,0.0,0.0,0.0
261.9231,0.0,0.0,0.0,0.0,2014-03-23 05:00:00,0.0,0.0,0.0,0.0,0.0
260.8457,0.0,0.0,0.0,0.0,2014-03-23 06:00:00,0.0,0.0,0.0,0.0,0.0
259.55127,0.0,0.0,0.0,0.0,2014-03-23 07:00:00,0.0,0.0,0.0,0.0,0.0
259.2119,0.0,0.0,0.0,0.0,2014-03-23 08:00:00,0.0,0.0,0.0,0.0,0.0
259.2749,0.0,0.0,0.0,0.0,2014-03-23 09:00:00,0.0,0.0,0.0,0.0,0.0
257.6294,0.0,0.0,0.0,0.0,2014-03-23 10:00:00,0.0,0.0,0.0,0.0,0.0
257.2119,0.0037288337,0.0037288337,0.0,0.0,2014-03-23 11:00:00,0.0,0.0,0.0,0.0,0.0
257.37695,0.068145275,0.068145275,0.0,0.0,2014-03-23 12:00:00,0.0,0.0,0.0,0.0,0.0
258.23047,0.19922847,0.19922847,0.0,0.0,2014-03-23 13:00:00,0.0,0.0,0.0,0.0,0.0
260.9541,0.26681596,0.26681596,0.0,0.0,2014-03-23 14:00:00,0.0,0.0,0.0,0.0,0.0
263.25146,0.5398869,0.5398869,0.0,0.0,2014-03-23 15:00:00,5.0,0.0,6.6815346e-08,0.0,0.0
264.6499,0.68494886,0.68494886,0.0,0.0,2014-03-23 16:00:00,5.0,7.626828e-07,7.296772e-07,0.0,7.626828e-07
265.65088,0.99629015,0.99629015,0.0,0.0,2014-03-23 17:00:00,5.0,2.5546587e-06,2.5117179e-06,0.0,2.5546587e-06
266.78638,1.0,1.0,0.0,0.0,2014-03-23 18:00:00,5.0,1.6009844e-06,1.6823014e-06,0.0,1.6009844e-06
267.47998,1.0,1.0,0.035766013,0.0,2014-03-23 19:00:00,5.0,4.6529995e-06,4.8197962e-06,0.0,5.0343406e-06
268.2815,1.0,1.0,0.35686553,0.0,2014-03-23 20:00:00,5.0,2.3264993e-06,2.5384788e-06,0.0,2.3264993e-06
268.8081,1.0,0.8659618,0.80167156,0.0048919544,2014-03-23 21:00:00,5.0,2.135508e-06,1.8401297e-06,0.0,1.7541661e-06
269.17334,0.8585079,0.7522654,0.20945495,0.22871977,2014-03-23 22:00:00,5.0,1.5445912e-06,1.6378453e-06,0.0,1.4305115e-06
269.1084,0.9352229,0.59440166,0.103930056,0.54311365,2014-03-23 23:00:00,5.0,5.9091695e-07,6.3410016e-07,0.0,5.9091695e-07
268.3872,0.6626084,0.14096314,0.3158911,0.57612836,2014-03-24 00:00:00,0.0,1.14079796e-07,1.5005224e-07,0.0,1.14079796e-07
267.43652,0.49344724,0.0033782488,0.23311996,0.46843117,2014-03-24 01:00:00,0.0,0.0,0.0,0.0,0.0
266.43262,0.8490209,0.0033782488,0.5706253,0.8213078,2014-03-24 02:00:00,0.0,0.0,0.0,0.0,0.0
265.28784,0.80641544,0.0,0.45612997,0.78131133,2014-03-24 03:00:00,0.0,0.0,0.0,0.0,0.0
264.89526,0.5044331,0.0,0.03817919,0.5007233,2014-03-24 04:00:00,0.0,0.0,0.0,0.0,0.0
264.0254,0.5383477,0.0,0.22069436,0.52727723,2014-03-24 05:00:00,0.0,0.0,0.0,0.0,0.0
263.7644,0.97938573,0.0,0.6528804,0.97158897,2014-03-24 06:00:00,0.0,0.0,0.0,0.0,0.0
263.2893,0.95583254,0.0,0.59428054,0.9542076,2014-03-24 07:00:00,0.0,0.0,0.0,0.0,0.0
262.1765,0.6113992,0.0,0.4912882,0.4729936,2014-03-24 08:00:00,0.0,0.0,0.0,0.0,0.0
260.9629,0.66343534,0.0,0.65790313,0.060554765,2014-03-24 09:00:00,0.0,0.0,0.0,0.0,0.0
263.98413,0.88052046,0.0,0.70114946,0.6041736,2014-03-24 10:00:00,0.0,0.0,0.0,0.0,0.0
263.53564,0.6832528,0.0,0.6438077,0.18301833,2014-03-24 11:00:00,0.0,0.0,0.0,0.0,0.0
263.25537,0.6051774,0.0033782488,0.6051774,0.0,2014-03-24 12:00:00,0.0,0.0,0.0,0.0,0.0
263.97314,0.6310095,0.0066281483,0.6310095,0.0,2014-03-24 13:00:00,0.0,0.0,0.0,0.0,0.0
266.21973,0.61605567,0.01173529,0.61605567,0.0,2014-03-24 14:00:00,0.0,0.0,0.0,0.0,0.0
269.20288,0.8409464,0.15141982,0.83594316,0.0,2014-03-24 15:00:00,0.0,0.0,0.0,0.0,0.0
270.60693,0.96232474,0.5927371,0.93778664,0.0,2014-03-24 16:00:00,5.0,7.483324e-06,7.3735673e-06,7.216063e-06,0.0
271.10864,0.91836596,0.812775,0.84108824,0.0,2014-03-24 17:00:00,5.0,7.186929e-05,7.2155046e-05,6.208065e-05,1.0189204e-05
271.94824,0.9552867,0.93415856,0.9143927,0.0,2014-03-24 18:00:00,5.0,9.794679e-05,9.7121374e-05,6.8689595e-05,2.8913986e-05
272.44336,0.92912525,0.7598999,0.92859966,0.0,2014-03-24 19:00:00,5.0,6.187723e-05,6.195807e-05,2.2231514e-05,3.9654988e-05
272.25732,0.98356706,0.056591295,0.98304147,0.0,2014-03-24 20:00:00,5.0,4.11566e-05,4.1509353e-05,9.252785e-06,3.247615e-05
272.1963,0.969673,0.3614989,0.96466976,0.06534308,2014-03-24 21:00:00,5.0,1.5386264e-05,1.462791e-05,6.7314404e-06,8.235028e-06
271.6306,0.8676055,0.47450787,0.6564767,0.61711556,2014-03-24 22:00:00,5.0,1.7524944e-05,1.7107159e-05,1.6219099e-05,1.3535991e-06
271.00586,0.8046429,0.051187295,0.004767146,0.79143816,2014-03-24 23:00:00,5.0,1.1385067e-05,1.1370888e-05,1.07941505e-05,3.813414e-07
270.3047,0.9223532,0.0,0.011606943,0.9223532,2014-03-25 00:00:00,0.0,3.813414e-07,2.86006e-07,0.0,3.813414e-07
269.18506,0.69005805,0.0,0.13454813,0.68679106,2014-03-25 01:00:00,0.0,0.0,0.0,0.0,0.0
267.9265,0.34504157,0.0,0.24149126,0.30520046,2014-03-25 02:00:00,0.0,0.0,0.0,0.0,0.0
267.19604,0.06721938,0.0066281483,0.06511545,0.0052650943,2014-03-25 03:00:00,0.0,0.0,0.0,0.0,0.0
267.27515,0.34980142,0.16703588,0.33332753,0.0,2014-03-25 04:00:00,0.0,0.0,0.0,0.0,0.0
267.40308,0.5750103,0.45803958,0.4454733,0.0,2014-03-25 05:00:00,5.0,0.0,4.7667676e-08,0.0,0.0
266.77246,0.89518,0.89305925,0.19122583,0.0,2014-03-25 06:00:00,5.0,4.7683716e-07,4.338155e-07,0.0,4.7683716e-07
265.37378,0.9786776,0.978152,0.036924675,0.0,2014-03-25 07:00:00,5.0,4.274233e-06,4.4436747e-06,0.0,4.274233e-06
263.99023,0.7208335,0.7045327,0.043565772,0.0,2014-03-25 08:00:00,5.0,3.3590195e-06,3.423028e-06,0.0,3.4730992e-06
262.6245,0.45136708,0.28781092,0.2609427,0.0,2014-03-25 09:00:00,0.0,8.588201e-07,9.470249e-07,0.0,8.588201e-07
261.3733,0.41581732,0.37081182,0.10196203,0.0,2014-03-25 10:00:00,0.0,2.0957555e-07,2.2399706e-07,0.0,2.0957555e-07
260.61084,0.6077845,0.6077845,0.0,0.0,2014-03-25 11:00:00,0.0,0.0,1.454062e-07,0.0,0.0
260.2224,0.14817595,0.14817595,0.0,0.0,2014-03-25 12:00:00,0.0,0.0,7.154159e-08,0.0,0.0
260.31055,0.06371206,0.06371206,0.0,0.0,2014-03-25 13:00:00,0.0,0.0,1.1936965e-08,0.0,0.0
261.36108,0.18359911,0.18359911,0.0,0.0,2014-03-25 14:00:00,5.0,0.0,1.6695714e-07,0.0,0.0
262.80103,0.6743851,0.6743851,0.0,0.0,2014-03-25 15:00:00,5.0,1.372825e-06,1.3181898e-06,0.0,1.6400863e-06
263.83032,0.8964777,0.8964777,0.0,0.0,2014-03-25 16:00:00,5.0,2.4213532e-06,2.3643934e-06,0.0,2.4213532e-06
264.96094,1.0,1.0,0.0,0.0,2014-03-25 17:00:00,5.0,4.023631e-06,3.87374e-06,0.0,4.023631e-06
265.87524,1.0,1.0,0.0,0.0,2014-03-25 18:00:00,5.0,6.2168256e-06,6.1476867e-06,0.0,6.2168256e-06
266.63135,1.0,1.0,0.11495322,0.0,2014-03-25 19:00:00,5.0,9.191928e-06,9.217882e-06,0.0,9.020162e-06
267.25244,1.0,1.0,0.39255488,0.0,2014-03-25 20:00:00,5.0,7.1692075e-06,7.269914e-06,0.0,7.150623e-06
267.8811,1.0,1.0,0.40085638,0.0,2014-03-25 21:00:00,5.0,4.080025e-06,3.655823e-06,0.0,3.4891073e-06
267.99976,0.9835778,0.9835778,0.0,0.0,2014-03-25 22:00:00,5.0,1.4676789e-06,1.2127575e-06,0.0,1.0863378e-06
267.97363,1.0,1.0,0.0,0.0,2014-03-25 23:00:00,0.0,2.2815959e-07,4.1923357e-07,0.0,3.813414e-07
267.5813,0.77998155,0.77662045,0.0,0.26531577,2014-03-26 00:00:00,0.0,0.0,6.192761e-08,0.0,0.0
266.64062,0.88247645,0.0033782488,0.0,0.88247645,2014-03-26 01:00:00,0.0,0.0,0.0,0.0,0.0
266.65747,0.42567277,0.0,0.0,0.42567277,2014-03-26 02:00:00,0.0,0.0,0.0,0.0,0.0
265.42163,0.1744299,0.0,0.03682102,0.1744299,2014-03-26 03:00:00,0.0,0.0,0.0,0.0,0.0
264.5891,0.018310688,0.0,0.0033782488,0.014932439,2014-03-26 04:00:00,0.0,0.0,0.0,0.0,0.0
262.4082,0.019482628,0.0,0.0,0.019482628,2014-03-26 05:00:00,0.0,0.0,0.0,0.0,0.0
260.6306,0.27454,0.0,0.0,0.27454,2014-03-26 06:00:00,0.0,0.0,0.0,0.0,0.0
260.1006,0.07138276,0.0,0.0,0.07138276,2014-03-26 07:00:00,0.0,0.0,0.0,0.0,0.0
260.3042,0.05213525,0.0,0.0,0.05213525,2014-03-26 08:00:00,0.0,0.0,0.0,0.0,0.0
260.18872,0.007457666,0.0,0.007457666,0.0,2014-03-26 09:00:00,0.0,0.0,0.0,0.0,0.0
261.21362,0.19385082,0.0,0.1366474,0.10877401,2014-03-26 10:00:00,0.0,0.0,0.0,0.0,0.0
261.8899,0.9099354,0.0,0.73280114,0.8974041,2014-03-26 11:00:00,0.0,0.0,0.0,0.0,0.0
262.7544,0.96585315,0.0,0.93599087,0.92825663,2014-03-26 12:00:00,0.0,0.0,0.0,0.0,0.0
263.8213,0.6448893,0.0,0.6448893,0.0,2014-03-26 13:00:00,0.0,0.0,0.0,0.0,0.0
265.719,0.8970389,0.0,0.877742,0.18027717,2014-03-26 14:00:00,0.0,0.0,0.0,0.0,0.0
268.30347,1.0,0.006631516,0.9553108,0.9269658,2014-03-26 15:00:00,0.0,0.0,0.0,0.0,0.0
270.30347,0.9520849,0.05636844,0.7002797,0.8845909,2014-03-26 16:00:00,0.0,0.0,0.0,0.0,0.0
272.1399,0.8845279,0.010728002,0.21289277,0.8654151,2014-03-26 17:00:00,0.0,0.0,0.0,0.0,0.0
273.55298,0.9628631,0.0,0.059210606,0.96233135,2014-03-26 18:00:00,0.0,0.0,0.0,0.0,0.0
274.74463,0.9720825,0.0,0.0,0.9720825,2014-03-26 19:00:00,0.0,0.0,0.0,0.0,0.0
275.71753,0.9389299,0.0,0.0,0.9389299,2014-03-26 20:00:00,0.0,0.0,0.0,0.0,0.0
276.60815,0.9593091,0.0,0.0,0.9593091,2014-03-26 21:00:00,0.0,0.0,0.0,0.0,0.0
277.2058,0.9716466,0.0,0.0,0.9716466,2014-03-26 22:00:00,0.0,0.0,0.0,0.0,0.0
277.25293,0.96871513,0.0,0.0,0.96871513,2014-03-26 23:00:00,0.0,0.0,0.0,0.0,0.0
276.89014,0.9471573,0.0010573287,0.0010573287,0.9471573,2014-03-27 00:00:00,0.0,0.0,0.0,0.0,0.0
276.5122,0.9529974,0.009509072,0.08136231,0.94557565,2014-03-27 01:00:00,0.0,0.0,0.0,0.0,0.0
276.4485,0.48249733,0.10100573,0.2544192,0.33737558,2014-03-27 02:00:00,0.0,0.0,0.0,0.0,0.0
276.65088,0.8189457,0.38143963,0.50361186,0.6172335,2014-03-27 03:00:00,0.0,0.0,0.0,0.0,0.0
277.17236,0.9949968,0.9283264,0.7413179,0.9115547,2014-03-27 04:00:00,0.0,0.0,0.0,0.0,0.0
278.0188,1.0,1.0,0.7497324,0.9307966,2014-03-27 05:00:00,0.0,0.0,0.0,0.0,0.0
278.80127,1.0,1.0,0.5507653,0.8182799,2014-03-27 06:00:00,0.0,5.3452317e-07,0.0,0.0,5.3452317e-07
278.78564,1.0,1.0,0.32493484,0.77933025,2014-03-27 07:00:00,1.0,6.798326e-05,0.0,0.0,6.786917e-05
278.38672,1.0,1.0,0.26043886,0.9068511,2014-03-27 08:00:00,1.0,8.913502e-05,0.0,0.0,8.94401e-05
277.77124,1.0,1.0,0.25774914,0.96422094,2014-03-27 09:00:00,1.0,4.7322712e-05,0.0,0.0,4.7322712e-05
277.21118,1.0,1.0,0.3170418,0.99604,2014-03-27 10:00:00,1.0,2.2710548e-05,0.0,0.0,2.2806053e-05
277.01978,1.0,1.0,0.18988001,0.9939861,2014-03-27 11:00:00,1.0,9.70849e-06,0.0,0.0,1.0071248e-05
276.83008,1.0,1.0,0.32833296,0.99371904,2014-03-27 12:00:00,1.0,1.5230676e-05,0.0,1.0824094e-05,4.27295e-06
276.7732,1.0,1.0,0.5310586,1.0,2014-03-27 13:00:00,1.0,3.7835634e-05,0.0,3.5814854e-05,1.6964805e-06
276.66138,1.0,1.0,0.9626475,1.0,2014-03-27 14:00:00,1.0,2.484175e-05,0.0,0.0,2.510901e-05
276.57227,1.0,1.0,0.9989426,0.99946827,2014-03-27 15:00:00,1.0,0.00012483668,0.0,0.0,0.00012483668
276.4536,1.0,1.0,0.9989426,1.0,2014-03-27 16:00:00,1.0,0.00031916122,0.0,0.0,0.00031916122
276.44678,1.0,1.0,0.99657166,1.0,2014-03-27 17:00:00,1.0,0.0004924473,0.0,0.0,0.00049218
276.39795,1.0,1.0,0.996307,1.0,2014-03-27 18:00:00,1.0,0.00067181746,0.0,2.659556e-05,0.0006450785
276.81152,1.0,1.0,0.97735244,0.99841094,2014-03-27 19:00:00,1.0,0.0015290286,0.0,0.00015817492,0.0013702433
276.5725,1.0,1.0,0.9915844,0.97783136,2014-03-27 20:00:00,7.0,0.0019591327,0.00044896733,0.000110796114,0.0018483365
275.89917,1.0,1.0,0.96656597,0.9526764,2014-03-27 21:00:00,6.0,0.001654058,0.00069717714,0.00015006863,0.0015039893
273.99023,1.0,1.0,0.99946827,0.9664641,2014-03-27 22:00:00,6.0,0.001458338,0.0008532817,0.00016584797,0.0012920992
274.0652,1.0,1.0,0.6390978,0.9295776,2014-03-27 23:00:00,6.0,0.0011305679,0.0008846214,3.5042467e-05,0.001095487
274.0503,1.0,0.9955251,0.60149634,0.92630386,2014-03-28 00:00:00,6.0,0.0007742846,0.0006206408,8.566979e-05,0.0006885864
273.84937,1.0,1.0,0.9302229,0.97114384,2014-03-28 01:00:00,5.0,0.00039706938,0.00036220695,0.0,0.00039754622
273.50146,1.0,0.9942508,0.94581664,0.9815961,2014-03-28 02:00:00,5.0,0.0002455518,0.00024240767,0.0,0.00024564727
273.12866,1.0,0.98999023,0.93743384,0.9989426,2014-03-28 03:00:00,5.0,8.9667126e-05,8.997004e-05,0.0,9.002988e-05
272.9021,1.0,0.74409074,0.8889605,0.9978792,2014-03-28 04:00:00,5.0,1.4402516e-05,1.4383449e-05,0.0,1.4402516e-05
272.79443,1.0,0.14499748,0.5863924,1.0,2014-03-28 05:00:00,0.0,7.8255e-07,9.828345e-07,0.0,7.8255e-07
272.64258,0.96097136,0.36659694,0.0,0.9502467,2014-03-28 06:00:00,5.0,0.0,9.5415544e-08,0.0,0.0
272.65308,0.99657166,0.83203495,0.0,0.9742056,2014-03-28 07:00:00,5.0,0.0,1.1936965e-08,0.0,0.0
272.62012,1.0,0.8373456,0.0,0.9562626,2014-03-28 08:00:00,5.0,0.0,2.3873934e-08,0.0,0.0
272.36084,0.9775985,0.5382498,0.0,0.9207064,2014-03-28 09:00:00,5.0,0.0,3.5810903e-08,0.0,0.0
271.78564,0.88851875,0.60877764,0.0,0.75573623,2014-03-28 10:00:00,5.0,0.0,4.7747868e-08,0.0,0.0
270.78442,0.76915175,0.36436814,0.0,0.6351017,2014-03-28 11:00:00,5.0,0.0,2.3873934e-08,0.0,0.0
269.91235,0.8506124,0.20880073,0.0,0.8115456,2014-03-28 12:00:00,0.0,0.0,1.1920929e-07,0.0,0.0
269.63574,0.49768275,0.07436353,0.00053172023,0.4676242,2014-03-28 13:00:00,0.0,0.0,1.1920929e-07,0.0,0.0
270.40576,0.03742422,0.027434926,0.0,0.00998199,2014-03-28 14:00:00,0.0,0.0,2.3873934e-08,0.0,0.0
271.43994,0.09006119,0.03173665,0.0,0.060701653,2014-03-28 15:00:00,0.0,9.549569e-08,7.626778e-08,0.0,9.549569e-08
272.54102,0.45438153,0.16316348,0.07552856,0.32145828,2014-03-28 16:00:00,0.0,0.0,2.3873934e-08,0.0,0.0
273.48975,0.99946827,0.22494632,0.2022776,0.99841094,2014-03-28 17:00:00,0.0,0.0,0.0,0.0,0.0
274.23096,0.9842663,0.092707515,0.20312184,0.97862834,2014-03-28 18:00:00,0.0,0.0,0.0,0.0,0.0
274.74878,1.0,0.0,0.23819107,1.0,2014-03-28 19:00:00,0.0,0.0,0.0,0.0,0.0
274.81934,1.0,0.0,0.69127554,1.0,2014-03-28 20:00:00,0.0,0.0,0.0,0.0,0.0
274.79102,1.0,0.0,0.9448079,1.0,2014-03-28 21:00:00,0.0,0.0,0.0,0.0,0.0
274.78174,1.0,0.0,1.0,1.0,2014-03-28 22:00:00,6.0,2.6726156e-07,1.6703848e-07,0.0,0.0
274.55737,1.0,0.0,0.9957922,0.99206334,2014-03-28 23:00:00,6.0,2.118216e-06,2.1372025e-06,0.0,2.118216e-06
274.12573,0.9299295,0.0,0.8735402,0.58795935,2014-03-29 00:00:00,5.0,3.1096997e-06,2.8333088e-06,0.0,2.9001249e-06
273.71436,0.8206026,0.0,0.81519604,0.09604788,2014-03-29 01:00:00,0.0,9.549569e-08,2.8616643e-07,0.0,4.7683716e-07
272.7859,0.69589543,0.0,0.69589543,0.0,2014-03-29 02:00:00,0.0,5.7201205e-06,5.5722303e-06,5.5864903e-06,0.0
271.30054,0.33939832,0.0,0.3158263,0.043782897,2014-03-29 03:00:00,0.0,1.5253563e-06,1.5515534e-06,1.5253563e-06,0.0
270.68335,0.067157865,0.0,0.067157865,0.0023709626,2014-03-29 04:00:00,0.0,0.0,0.0,0.0,0.0
269.85352,0.011606943,0.0,0.011606943,0.0,2014-03-29 05:00:00,0.0,0.0,0.0,0.0,0.0
268.74683,0.0,0.0,0.0,0.0,2014-03-29 06:00:00,0.0,0.0,0.0,0.0,0.0
267.92407,0.0,0.0,0.0,0.0,2014-03-29 07:00:00,0.0,0.0,0.0,0.0,0.0
267.55078,0.0,0.0,0.0,0.0,2014-03-29 08:00:00,0.0,0.0,0.0,0.0,0.0
266.67847,0.0,0.0,0.0,0.0,2014-03-29 09:00:00,0.0,0.0,0.0,0.0,0.0
266.33057,0.0,0.0,0.0,0.0,2014-03-29 10:00:00,0.0,0.0,0.0,0.0,0.0
267.03174,0.015814707,0.0,0.015814707,0.0,2014-03-29 11:00:00,0.0,0.0,0.0,0.0,0.0
267.4812,0.0,0.0,0.0,0.0,2014-03-29 12:00:00,0.0,0.0,0.0,0.0,0.0
268.06885,0.0,0.0,0.0,0.0,2014-03-29 13:00:00,0.0,0.0,0.0,0.0,0.0
269.5044,0.0,0.0,0.0,0.0,2014-03-29 14:00:00,0.0,0.0,0.0,0.0,0.0
272.50122,0.0,0.0,0.0,0.0,2014-03-29 15:00:00,0.0,0.0,0.0,0.0,0.0
274.53516,0.0,0.0,0.0,0.0,2014-03-29 16:00:00,0.0,0.0,0.0,0.0,0.0
275.6023,0.0,0.0,0.0,0.0,2014-03-29 17:00:00,0.0,0.0,0.0,0.0,0.0
276.32642,0.041643117,0.0,0.0,0.041643117,2014-03-29 18:00:00,0.0,0.0,0.0,0.0,0.0
277.15967,0.0420296,0.0,0.0,0.0420296,2014-03-29 19:00:00,0.0,0.0,0.0,0.0,0.0
277.86328,0.0,0.0,0.0,0.0,2014-03-29 20:00:00,0.0,0.0,0.0,0.0,0.0
278.563,0.0,0.0,0.0,0.0,2014-03-29 21:00:00,0.0,0.0,0.0,0.0,0.0
278.82153,0.0,0.0,0.0,0.0,2014-03-29 22:00:00,0.0,0.0,0.0,0.0,0.0
278.73486,0.0,0.0,0.0,0.0,2014-03-29 23:00:00,0.0,0.0,0.0,0.0,0.0
277.9807,0.0,0.0,0.0,0.0,2014-03-30 00:00:00,0.0,0.0,0.0,0.0,0.0
276.41846,0.2178492,0.0,0.0,0.2178492,2014-03-30 01:00:00,0.0,0.0,0.0,0.0,0.0
275.708,0.3780427,0.0,0.0,0.3780427,2014-03-30 02:00:00,0.0,0.0,0.0,0.0,0.0
275.29272,0.98073125,0.0,0.0,0.98073125,2014-03-30 03:00:00,0.0,0.0,0.0,0.0,0.0
275.16626,0.9521182,0.0,0.0,0.9521182,2014-03-30 04:00:00,0.0,0.0,0.0,0.0,0.0
275.2483,0.93925494,0.0,0.0,0.93925494,2014-03-30 05:00:00,0.0,0.0,0.0,0.0,0.0
275.636,0.1821441,0.0,0.0,0.1821441,2014-03-30 06:00:00,0.0,0.0,0.0,0.0,0.0
275.8474,0.09903151,0.0,0.09567034,0.0033782488,2014-03-30 07:00:00,0.0,0.0,0.0,0.0,0.0
276.2107,0.40491664,0.0,0.4015457,0.005003199,2014-03-30 08:00:00,0.0,0.0,0.0,0.0,0.0
276.57568,0.83104616,0.0,0.5803395,0.5598983,2014-03-30 09:00:00,0.0,0.0,0.0,0.0,0.0
276.8933,0.6656265,0.0,0.38834554,0.48898786,2014-03-30 10:00:00,0.0,0.0,0.0,0.0,0.0
276.72485,0.1972698,0.0,0.0,0.1972698,2014-03-30 11:00:00,0.0,0.0,0.0,0.0,0.0
276.33496,0.22379827,0.0,0.098572016,0.14257759,2014-03-30 12:00:00,0.0,0.0,0.0,0.0,0.0
276.78125,0.4455827,0.0,0.24252307,0.2817676,2014-03-30 13:00:00,0.0,0.0,0.0,0.0,0.0
278.1399,0.6859756,0.0,0.19628751,0.6076096,2014-03-30 14:00:00,0.0,0.0,0.0,0.0,0.0
280.11572,0.5389573,0.0,0.19461751,0.45489538,2014-03-30 15:00:00,0.0,0.0,0.0,0.0,0.0
281.8977,0.7447985,0.0,0.46130472,0.5266053,2014-03-30 16:00:00,0.0,0.0,0.0,0.0,0.0
283.61646,0.81745607,0.0,0.4806465,0.6773058,2014-03-30 17:00:00,0.0,0.0,0.0,0.0,0.0
284.24683,0.95466113,0.0,0.4655258,0.916861,2014-03-30 18:00:00,0.0,0.0,0.0,0.0,0.0
285.2876,0.8485314,0.0,0.45917434,0.76754904,2014-03-30 19:00:00,0.0,0.00023743855,0.0,0.00023762921,0.0
285.90918,0.89816594,0.0,0.4171139,0.82090986,2014-03-30 20:00:00,1.0,0.00011250225,0.0,0.00011265479,0.0
286.43994,0.8150246,0.0,0.11868495,0.8040261,2014-03-30 21:00:00,0.0,0.00027034245,0.0,0.0002701329,0.0
288.0879,0.99098915,0.0,0.34287268,0.99098915,2014-03-30 22:00:00,0.0,6.738011e-05,0.0,6.724648e-05,0.0
287.50977,0.99946827,0.0,0.22369081,0.99946827,2014-03-30 23:00:00,0.0,1.0423201e-05,0.0,1.0423201e-05,0.0
285.5464,0.99363554,0.0,0.19223565,0.99363554,2014-03-31 00:00:00,0.0,0.0,0.0,0.0,0.0
283.3247,0.88268787,0.0,0.1922378,0.87222236,2014-03-31 01:00:00,0.0,0.0,0.0,0.0,0.0
282.50732,1.0,0.0,0.113890946,1.0,2014-03-31 02:00:00,0.0,0.0,0.0,0.0,0.0
281.70288,1.0,0.0,0.039565478,1.0,2014-03-31 03:00:00,0.0,0.0,0.0,0.0,0.0
281.2495,1.0,0.0,0.0016249504,1.0,2014-03-31 04:00:00,0.0,0.0,0.0,0.0,0.0
281.03638,1.0,0.0,0.0,1.0,2014-03-31 05:00:00,0.0,0.0,0.0,0.0,0.0
280.72192,1.0,0.0,0.0118877925,1.0,2014-03-31 06:00:00,0.0,0.0,0.0,0.0,0.0
280.5288,1.0,0.0,0.14545017,1.0,2014-03-31 07:00:00,0.0,0.0,0.0,0.0,0.0
280.35742,1.0,0.0,0.24492341,1.0,2014-03-31 08:00:00,0.0,0.0,0.0,0.0,0.0
280.24072,0.998375,0.0,0.46516418,0.998375,2014-03-31 09:00:00,0.0,0.0,0.0,0.0,0.0
280.24048,0.9949968,0.0,0.72028434,0.9949968,2014-03-31 10:00:00,0.0,0.0,0.0,0.0,0.0
280.15405,1.0,0.0,0.7832905,1.0,2014-03-31 11:00:00,0.0,0.0,0.0,0.0,0.0
280.1416,1.0,0.0,0.6025916,1.0,2014-03-31 12:00:00,0.0,0.0,0.0,0.0,0.0
280.37256,1.0,0.0,0.7502923,1.0,2014-03-31 13:00:00,0.0,2.1964015e-06,0.0,2.148654e-06,0.0
280.6184,1.0,0.0,0.96240216,1.0,2014-03-31 14:00:00,1.0,0.00037960615,0.0,0.0003548055,2.458092e-05
281.1538,1.0,0.010290984,0.94578004,1.0,2014-03-31 15:00:00,1.0,0.00088797626,0.0,0.0007985099,8.9447436e-05
281.2915,1.0,0.035143316,0.89280933,1.0,2014-03-31 16:00:00,1.0,0.0006603766,0.0,0.00047563273,0.00018430535
281.3943,0.9395634,0.0630846,0.56246287,0.9173205,2014-03-31 17:00:00,1.0,0.0010954484,0.0,0.000915512,0.00017956435
282.5923,0.65661293,0.19148254,0.6234957,0.1356765,2014-03-31 18:00:00,1.0,0.0003856595,0.0,0.00033602142,4.9304464e-05
284.26196,0.58782786,0.08728999,0.38156277,0.3390807,2014-03-31 19:00:00,1.0,0.0010207251,0.0,0.0010173421,3.4493642e-06
285.15503,0.8773693,0.010009766,0.10161537,0.8481059,2014-03-31 20:00:00,1.0,0.002258803,0.0,0.0022588319,0.0
285.5952,0.976428,0.80134517,0.48325044,0.7672062,2014-03-31 21:00:00,1.0,0.0010369709,0.0,0.0010210681,1.5817044e-05
285.4817,0.868188,0.5496945,0.71320283,0.657057,2014-03-31 22:00:00,1.0,2.661049e-05,0.0,2.99562e-06,2.34053e-05
285.79102,0.70654976,0.0,0.32997113,0.5958876,2014-03-31 23:00:00,1.0,0.00010761252,0.0,0.00010624736,1.6035692e-06
285.12573,0.5809431,0.0,0.3198244,0.427056,2014-04-01 00:00:00,1.0,0.0009245293,0.0,0.0009244629,0.0
283.99365,0.32407284,0.0,0.31172597,0.08708298,2014-04-01 01:00:00,1.0,0.0010311848,0.0,0.001023717,7.5537655e-06
282.69287,0.07834375,0.019217987,0.028567918,0.032661766,2014-04-01 02:00:00,0.0,4.440207e-05,0.0,3.7749764e-05,6.4045907e-06
277.7002,0.52392054,0.2177071,0.0052650943,0.3940944,2014-04-01 03:00:00,0.0,8.767626e-07,0.0,0.0,8.767626e-07
274.81396,0.899656,0.7774204,0.074567616,0.49943846,2014-04-01 04:00:00,0.0,0.0,0.0,0.0,0.0
273.44238,0.9766092,0.9638357,0.101848006,0.39968967,2014-04-01 05:00:00,1.0,0.0,0.0,0.0,0.0
273.05005,0.998375,0.998375,0.21359116,0.08869004,2014-04-01 06:00:00,1.0,1.431803e-06,2.3873934e-08,0.0,1.431803e-06
272.78467,0.95317155,0.94345087,0.36952585,0.0067320913,2014-04-01 07:00:00,5.0,0.00012418295,0.00012399949,0.0,0.00012418295
272.90942,0.95162475,0.94337165,0.38607103,0.0,2014-04-01 08:00:00,5.0,0.00012217229,0.000122060126,0.0,0.00012217229
272.90356,1.0,1.0,0.5804096,0.0,2014-04-01 09:00:00,5.0,0.000103304,0.00010319441,0.0,0.000103304
270.87988,0.99657166,0.9942007,0.98363185,0.008432418,2014-04-01 10:00:00,5.0,8.670104e-05,8.6915665e-05,0.0,8.670104e-05
269.23853,1.0,0.9681282,0.9388034,0.08703476,2014-04-01 11:00:00,5.0,4.4198372e-05,4.4210465e-05,0.0,4.4198372e-05
268.19458,1.0,0.9949968,0.98316735,0.57642823,2014-04-01 12:00:00,5.0,1.9852814e-05,1.994567e-05,0.0,1.9852814e-05
267.7339,0.9989426,0.9989426,0.97352153,0.8383451,2014-04-01 13:00:00,5.0,3.5244913e-05,3.494689e-05,0.0,3.5244913e-05
267.44336,0.997629,0.9928871,0.9894646,0.9305632,2014-04-01 14:00:00,5.0,6.5591885e-05,6.546355e-05,0.0,6.5591885e-05
268.07495,1.0,0.998375,0.9350381,0.95400053,2014-04-01 15:00:00,5.0,3.870447e-05,3.859728e-05,0.0,3.870447e-05
269.01294,1.0,0.998375,0.5789826,0.7289235,2014-04-01 16:00:00,5.0,1.17055515e-05,1.1517042e-05,0.0,1.17055515e-05
270.146,1.0,1.0,0.0,0.013844978,2014-04-01 17:00:00,0.0,1.1818338e-06,1.262667e-06,0.0,1.2004175e-06
271.22485,0.64757985,0.64757985,0.0,0.0,2014-04-01 18:00:00,0.0,0.0,0.0,0.0,0.0
272.38525,0.0,0.0,0.0,0.0,2014-04-01 19:00:00,0.0,0.0,0.0,0.0,0.0
273.2683,0.0023709626,0.0023709626,0.0,0.0,2014-04-01 20:00:00,0.0,0.0,0.0,0.0,0.0
274.16772,0.0,0.0,0.0,0.0,2014-04-01 21:00:00,0.0,0.0,0.0,0.0,0.0
274.55518,0.49920833,0.0,0.0,0.49920833,2014-04-01 22:00:00,0.0,0.0,0.0,0.0,0.0
274.50854,0.91138256,0.0,0.11329031,0.91138256,2014-04-01 23:00:00,0.0,0.0,0.0,0.0,0.0
273.9834,1.0,0.0,0.3838389,1.0,2014-04-02 00:00:00,0.0,0.0,0.0,0.0,0.0
273.0581,1.0,0.0,0.20189452,1.0,2014-04-02 01:00:00,0.0,0.0,0.0,0.0,0.0
272.37646,1.0,0.0,0.29634553,1.0,2014-04-02 02:00:00,0.0,0.0,0.0,0.0,0.0
271.68066,0.60772955,0.0,0.0,0.60772955,2014-04-02 03:00:00,0.0,0.0,0.0,0.0,0.0
271.33154,0.0,0.0,0.0,0.0,2014-04-02 04:00:00,0.0,0.0,0.0,0.0,0.0
270.70312,0.33557433,0.0,0.0,0.33557433,2014-04-02 05:00:00,0.0,0.0,0.0,0.0,0.0
270.27612,0.8363766,0.0,0.022634007,0.8363766,2014-04-02 06:00:00,0.0,0.0,0.0,0.0,0.0
270.17065,0.013471484,0.0,0.0,0.013471484,2014-04-02 07:00:00,0.0,0.0,0.0,0.0,0.0
269.48975,0.0,0.0,0.0,0.0,2014-04-02 08:00:00,0.0,0.0,0.0,0.0,0.0
268.97607,0.0,0.0,0.0,0.0,2014-04-02 09:00:00,0.0,0.0,0.0,0.0,0.0
268.63574,0.0,0.0,0.0,0.0,2014-04-02 10:00:00,0.0,0.0,0.0,0.0,0.0
268.23755,0.0,0.0,0.0,0.0,2014-04-02 11:00:00,0.0,0.0,0.0,0.0,0.0
267.91284,0.0842461,0.0,0.0,0.0842461,2014-04-02 12:00:00,0.0,0.0,0.0,0.0,0.0
268.91968,0.8576118,0.0,0.0,0.8576118,2014-04-02 13:00:00,0.0,0.0,0.0,0.0,0.0
270.09814,0.9479414,0.0,0.0,0.9479414,2014-04-02 14:00:00,0.0,0.0,0.0,0.0,0.0
272.36963,0.84339195,0.0,0.0,0.84339195,2014-04-02 15:00:00,0.0,0.0,0.0,0.0,0.0
273.93652,0.96536237,0.0,0.15710878,0.96299136,2014-04-02 16:00:00,0.0,0.0,0.0,0.0,0.0
275.20996,0.99946827,0.0,0.6965743,0.9989426,2014-04-02 17:00:00,0.0,0.0,0.0,0.0,0.0
276.4768,0.99946827,0.0,0.90793926,0.99736434,2014-04-02 18:00:00,0.0,0.0,0.0,0.0,0.0
277.46606,1.0,0.0,1.0,0.99550825,2014-04-02 19:00:00,0.0,0.0,0.0,0.0,0.0
278.16992,0.99841094,0.0,0.9973536,0.95976025,2014-04-02 20:00:00,0.0,0.0,0.0,0.0,0.0
278.6819,0.98812234,0.0,0.9788804,0.92934686,2014-04-02 21:00:00,0.0,0.0,0.0,0.0,0.0
278.6648,0.99051857,0.0,0.98762196,0.77245504,2014-04-02 22:00:00,0.0,0.0,0.0,0.0,0.0
278.56445,0.9989426,0.0,0.95376,0.9543455,2014-04-02 23:00:00,0.0,0.0,0.0,0.0,0.0
278.04028,0.9905219,0.0,0.9359975,0.9818502,2014-04-03 00:00:00,0.0,0.0,0.0,0.0,0.0
277.59692,0.99946827,0.0,0.87743527,0.95570105,2014-04-03 01:00:00,1.0,0.0,0.0,0.0,0.0
277.32544,0.97892463,0.0,0.92288613,0.8894431,2014-04-03 02:00:00,1.0,4.3870386e-06,0.0,4.3870386e-06,0.0
277.13208,0.94259137,0.0,0.87282234,0.5440174,2014-04-03 03:00:00,0.0,5.2246996e-06,0.0,5.0340286e-06,0.0
277.25732,0.99946827,0.0,0.9989426,0.25563008,2014-04-03 04:00:00,0.0,5.07797e-06,0.0,5.07797e-06,0.0
276.99878,0.979919,0.0,0.9793873,0.31614786,2014-04-03 05:00:00,0.0,2.719705e-05,0.0,2.7149305e-05,0.0
276.80176,0.9591595,0.0,0.9445242,0.2591449,2014-04-03 06:00:00,6.0,0.0,2.3873934e-08,0.0,0.0
276.59106,0.8638128,0.0,0.85779893,0.010009766,2014-04-03 07:00:00,6.0,0.00068549626,0.0003205405,0.0006808818,4.900394e-06
276.4519,0.824317,0.0010573287,0.824317,0.05905745,2014-04-03 08:00:00,0.0,9.549569e-08,1.5734315e-07,0.0,2.0957555e-07
276.27808,0.94406307,0.012186784,0.9122305,0.5290131,2014-04-03 09:00:00,0.0,5.7297444e-07,5.7297444e-07,0.0,5.7297444e-07
275.41235,1.0,0.18344349,1.0,0.80999523,2014-04-03 10:00:00,6.0,5.7297444e-07,6.3978985e-07,0.0,5.7297444e-07
275.1416,0.9829109,0.5165157,0.980807,0.3905735,2014-04-03 11:00:00,6.0,2.4196968e-05,2.3791028e-05,4.1979723e-07,2.3834204e-05
274.93433,1.0,0.6871033,0.98338985,0.94400823,2014-04-03 12:00:00,6.0,9.512261e-05,9.3804585e-05,1.2395149e-06,9.382605e-05
274.92798,1.0,0.8424006,1.0,0.86902916,2014-04-03 13:00:00,6.0,9.66979e-05,9.6602715e-05,2.477106e-07,9.631655e-05
274.95068,1.0,0.97058296,0.998375,0.5824453,2014-04-03 14:00:00,6.0,6.432572e-05,6.2987965e-05,0.0,6.4172535e-05
274.85303,0.9900601,0.98583525,0.9747072,0.29990292,2014-04-03 15:00:00,6.0,0.0002091445,0.00013793245,0.0,0.0002091445
274.99976,1.0,1.0,0.99675006,0.7234411,2014-04-03 16:00:00,6.0,0.0004138765,0.00016952006,5.085148e-05,0.00036288192
275.11206,1.0,1.0,1.0,0.29656923,2014-04-03 17:00:00,6.0,0.0010121784,0.00035673822,0.0004986995,0.000513345
274.6482,1.0,1.0,1.0,0.266356,2014-04-03 18:00:00,6.0,0.0018240712,0.00068003987,0.0008862063,0.0009374833
274.44263,1.0,1.0,1.0,0.16953415,2014-04-03 19:00:00,6.0,0.00017092701,0.00012746963,0.0,0.00017092701
274.12744,1.0,1.0,1.0,0.6296047,2014-04-03 20:00:00,7.0,0.00055524544,0.00030704215,0.00021969657,0.0003356347
274.21265,1.0,0.998375,1.0,0.6177532,2014-04-03 21:00:00,6.0,0.0010133886,0.0007838763,0.00049239374,0.00052136695
273.68677,1.0,0.92583764,1.0,0.3633349,2014-04-03 22:00:00,6.0,0.00083613046,0.00074262195,0.00032101385,0.0005150875
273.4607,1.0,0.9603833,1.0,0.6734718,2014-04-03 23:00:00,6.0,0.0005780505,0.0005328937,0.00015514287,0.00042286003
273.39648,1.0,0.93574816,1.0,0.67412096,2014-04-04 00:00:00,6.0,0.00039854506,0.00034994073,0.0,0.00039854506
273.25708,1.0,0.9165324,0.9646958,0.99213,2014-04-04 01:00:00,6.0,0.0006419206,0.0006149665,0.00012436266,0.00051763444
272.95215,1.0,0.96582013,0.9978961,0.9941755,2014-04-04 02:00:00,5.0,0.0014643711,0.0014562805,0.0006617827,0.0008024266
272.7434,0.97236276,0.893568,0.95688796,0.4275999,2014-04-04 03:00:00,5.0,0.0014799775,0.001478046,0.00037703454,0.0011027046
272.5459,0.98877615,0.6242277,0.9535568,0.21067989,2014-04-04 04:00:00,5.0,0.002133166,0.0021323788,0.00041086785,0.0017221642
272.427,0.943219,0.7160226,0.8993635,0.02425221,2014-04-04 05:00:00,5.0,0.0016530757,0.0016529327,0.00018506736,0.0014680272
272.22437,0.98642206,0.98642206,0.82292306,0.0682264,2014-04-04 06:00:00,5.0,0.0008373358,0.00083752186,6.7801975e-06,0.0008305558
272.04883,1.0,1.0,0.9861608,0.42770004,2014-04-04 07:00:00,5.0,0.00023617643,0.00023617643,0.0,0.00023617643
271.90698,1.0,1.0,0.9955251,0.41734552,2014-04-04 08:00:00,5.0,0.000224661,0.00022486111,0.0,0.000224661
271.7224,1.0,0.9978792,0.98887664,0.72075087,2014-04-04 09:00:00,5.0,0.0003375609,0.0003374801,1.04567835e-05,0.00032715197
271.15063,1.0,0.9908367,1.0,0.7749175,2014-04-04 10:00:00,5.0,0.00038762065,0.00038742996,2.4160414e-05,0.00036346028
270.87256,1.0,0.94288373,0.9978961,0.8816951,2014-04-04 11:00:00,5.0,0.00037046615,0.0003704806,1.1125254e-05,0.00035938877
270.90576,1.0,0.98882985,0.9973536,0.983044,2014-04-04 12:00:00,5.0,0.00036041997,0.0003604677,9.056643e-06,0.00035145902
270.9497,1.0,0.93143106,0.9966217,0.9578088,2014-04-04 13:00:00,5.0,0.0004490479,0.00044921483,0.0,0.00044921972
271.64185,1.0,0.9287667,0.98999023,0.9503294,2014-04-04 14:00:00,5.0,0.0004794167,0.0004791536,0.0,0.00047922553
272.4873,1.0,0.9970973,0.9622811,0.9597069,2014-04-04 15:00:00,5.0,0.00034346618,0.00034314604,0.0,0.00034331298
273.75586,1.0,1.0,0.7733853,0.93799824,2014-04-04 16:00:00,5.0,0.00017697942,0.00017710793,0.0,0.00017678842
274.55542,1.0,1.0,0.49366838,0.9227491,2014-04-04 17:00:00,6.0,7.6656535e-05,7.686195e-05,0.0,7.6656535e-05
275.24,1.0,1.0,0.054077297,0.6467353,2014-04-04 18:00:00,6.0,3.094625e-05,3.0779294e-05,0.0,3.094625e-05
276.04224,1.0,1.0,0.00053172023,0.33639067,2014-04-04 19:00:00,6.0,2.3180328e-05,2.3261658e-05,0.0,2.3275832e-05
276.64062,1.0,1.0,0.0,0.087298155,2014-04-04 20:00:00,0.0,2.305981e-06,2.5590634e-06,0.0,2.5732434e-06
277.312,0.9304416,0.9304416,0.0,0.0,2014-04-04 21:00:00,1.0,5.3452317e-07,0.0,0.0,6.4860296e-07
277.85962,0.7271945,0.7271945,0.019550718,0.0,2014-04-04 22:00:00,0.0,5.0535755e-06,2.1919061e-07,0.0,5.2631513e-06
278.0088,0.055113934,0.055113934,0.0,0.0,2014-04-04 23:00:00,0.0,9.549569e-08,0.0,0.0,0.0
277.7102,0.0,0.0,0.0,0.0,2014-04-05 00:00:00,0.0,0.0,0.0,0.0,0.0
276.28442,0.0,0.0,0.0,0.0,2014-04-05 01:00:00,0.0,0.0,0.0,0.0,0.0
275.07397,0.0,0.0,0.0,0.0,2014-04-05 02:00:00,0.0,0.0,0.0,0.0,0.0
273.95752,0.0,0.0,0.0,0.0,2014-04-05 03:00:00,0.0,0.0,0.0,0.0,0.0
273.1233,0.0,0.0,0.0,0.0,2014-04-05 04:00:00,0.0,0.0,0.0,0.0,0.0
272.4004,0.0,0.0,0.0,0.0,2014-04-05 05:00:00,0.0,0.0,0.0,0.0,0.0
271.7146,0.0,0.0,0.0,0.0,2014-04-05 06:00:00,0.0,0.0,0.0,0.0,0.0
271.04028,0.0,0.0,0.0,0.0,2014-04-05 07:00:00,0.0,0.0,0.0,0.0,0.0
270.36646,0.0,0.0,0.0,0.0,2014-04-05 08:00:00,0.0,0.0,0.0,0.0,0.0
269.36157,0.0,0.0,0.0,0.0,2014-04-05 09:00:00,0.0,0.0,0.0,0.0,0.0
267.8203,0.0,0.0,0.0,0.0,2014-04-05 10:00:00,0.0,0.0,0.0,0.0,0.0
266.42236,0.21690476,0.0,0.0,0.21690476,2014-04-05 11:00:00,0.0,0.0,0.0,0.0,0.0
265.77563,0.44281554,0.0,0.0,0.44281554,2014-04-05 12:00:00,0.0,0.0,0.0,0.0,0.0
267.65454,0.62874395,0.0,0.0,0.62874395,2014-04-05 13:00:00,5.0,0.0,0.0,0.0,0.0
270.4807,0.6024175,0.0,0.0,0.6024175,2014-04-05 14:00:00,0.0,0.0,0.0,0.0,0.0
274.09692,0.323875,0.0,0.0,0.323875,2014-04-05 15:00:00,0.0,0.0,0.0,0.0,0.0
276.07642,0.020358551,0.0,0.0,0.020358551,2014-04-05 16:00:00,0.0,0.0,0.0,0.0,0.0
277.21753,0.016832627,0.0,0.0,0.016832627,2014-04-05 17:00:00,0.0,0.0,0.0,0.0,0.0
278.3706,0.0,0.0,0.0,0.0,2014-04-05 18:00:00,0.0,0.0,0.0,0.0,0.0
279.06396,0.0,0.0,0.0,0.0,2014-04-05 19:00:00,0.0,0.0,0.0,0.0,0.0
279.89722,0.0065169036,0.0,0.0,0.0065169036,2014-04-05 20:00:00,0.0,0.0,0.0,0.0,0.0
280.52588,0.16120118,0.0,0.0,0.16120118,2014-04-05 21:00:00,0.0,0.0,0.0,0.0,0.0
281.02637,0.17081785,0.0,0.03593537,0.1381324,2014-04-05 22:00:00,0.0,0.0,0.0,0.0,0.0
280.99512,0.46920127,0.0,0.4560188,0.15464646,2014-04-05 23:00:00,0.0,0.0,0.0,0.0,0.0
280.8186,0.65187365,0.0,0.64350927,0.16160661,2014-04-06 00:00:00,1.0,0.0,0.0,0.0,0.0
279.95923,0.51536554,0.0,0.51536554,0.005003199,2014-04-06 01:00:00,1.0,0.00011478491,0.0,0.00011459424,0.0
278.9973,0.31805623,0.0,0.2827326,0.053766515,2014-04-06 02:00:00,1.0,6.177509e-05,0.0,6.177509e-05,0.0
278.17383,0.26121593,0.0,0.2147581,0.07386708,2014-04-06 03:00:00,0.0,7.460057e-05,0.0,7.452397e-05,0.0
277.53638,0.094625115,0.0,0.08936006,0.0063285343,2014-04-06 04:00:00,0.0,3.1513591e-06,0.0,3.1991067e-06,0.0
277.4817,0.061967973,0.0,0.004741922,0.05723335,2014-04-06 05:00:00,0.0,0.0,0.0,0.0,0.0
277.7578,0.09657031,0.0,0.0,0.09657031,2014-04-06 06:00:00,0.0,0.0,0.0,0.0,0.0
277.86035,0.17114949,0.0,0.020962872,0.15841818,2014-04-06 07:00:00,1.0,2.2322956e-06,0.0,2.308887e-06,0.0
277.9319,0.6057687,0.0,0.5532844,0.23882836,2014-04-06 08:00:00,1.0,0.00015827251,0.0,0.00015845388,0.0
278.06763,0.4707138,0.0,0.37027723,0.20737112,2014-04-06 09:00:00,0.0,2.1967775e-05,0.0,2.2081862e-05,0.0
278.1267,0.31519622,0.0,0.2771973,0.11935866,2014-04-06 10:00:00,0.0,5.6517776e-05,0.0,5.6470017e-05,0.0
277.78418,0.09881002,0.0,0.09563196,0.02317566,2014-04-06 11:00:00,0.0,2.2224107e-05,0.0,2.2090477e-05,0.0
277.68384,0.037276108,0.0,0.037276108,0.0,2014-04-06 12:00:00,1.0,9.346347e-05,0.0,9.365415e-05,0.0
278.1045,0.07598108,0.0,0.07598108,0.0,2014-04-06 13:00:00,1.0,0.00018497271,0.0,0.0001850775,0.0
279.5603,0.078520656,0.0,0.07746333,0.0010573287,2014-04-06 14:00:00,0.0,0.00011093929,0.0,0.000111129964,0.0
281.448,0.004235424,0.0,0.0,0.004235424,2014-04-06 15:00:00,0.0,2.2815959e-07,0.0,3.0475053e-07,0.0
282.1438,0.032543786,0.0,0.00053172023,0.032012064,2014-04-06 16:00:00,0.0,0.0,0.0,0.0,0.0
283.5166,0.09150624,0.0,0.0010573287,0.09150624,2014-04-06 17:00:00,0.0,0.0,0.0,0.0,0.0
284.67822,0.13624382,0.0,0.00053172023,0.13624382,2014-04-06 18:00:00,0.0,0.0,0.0,0.0,0.0
285.51196,0.03555817,0.0,0.0,0.03555817,2014-04-06 19:00:00,0.0,0.0,0.0,0.0,0.0
286.21265,0.0026463778,0.0,0.0,0.0026463778,2014-04-06 20:00:00,0.0,0.0,0.0,0.0,0.0
286.52002,0.0,0.0,0.0,0.0,2014-04-06 21:00:00,0.0,0.0,0.0,0.0,0.0
286.79175,0.011048079,0.0068065375,0.004235424,0.0,2014-04-06 22:00:00,0.0,0.0,0.0,0.0,0.0
286.80273,0.0,0.0,0.0,0.0,2014-04-06 23:00:00,0.0,0.0,0.0,0.0,0.0
287.97656,0.009233657,0.0,0.008170214,0.0010573287,2014-04-07 00:00:00,0.0,0.0,0.0,0.0,0.0
286.63232,0.015305888,0.00053172023,0.0015890491,0.014248557,2014-04-07 01:00:00,0.0,0.0,0.0,0.0,0.0
283.52686,0.037779886,0.0015890491,0.00053172023,0.036190838,2014-04-07 02:00:00,0.0,0.0,0.0,0.0,0.0
282.0432,0.045912318,0.0058244728,0.019326445,0.025581546,2014-04-07 03:00:00,0.0,0.0,0.0,0.0,0.0
280.41382,0.30760038,0.004474845,0.27516532,0.036026806,2014-04-07 04:00:00,0.0,0.0,0.0,0.0,0.0
279.5581,0.5279875,0.012310833,0.33002234,0.27728528,2014-04-07 05:00:00,0.0,0.0,0.0,0.0,0.0
279.2854,0.44362146,0.0193916,0.08353454,0.42204,2014-04-07 06:00:00,0.0,0.0,0.0,0.0,0.0
278.8152,0.58912116,0.017952263,0.102639794,0.57302505,2014-04-07 07:00:00,0.0,0.0,0.0,0.0,0.0
278.53735,0.5557811,0.03165833,0.24650472,0.5137523,2014-04-07 08:00:00,0.0,0.0,0.0,0.0,0.0
277.6057,0.6000498,0.038496837,0.2755924,0.52701485,2014-04-07 09:00:00,0.0,0.0,0.0,0.0,0.0
276.9297,0.71902055,0.031126611,0.34120739,0.67980367,2014-04-07 10:00:00,0.0,1.9099144e-07,0.0,1.9099144e-07,0.0
276.62573,0.77327615,0.020579532,0.57152414,0.6856212,2014-04-07 11:00:00,1.0,1.8144183e-06,0.0,1.8144183e-06,0.0
276.9048,0.8654277,0.0037098185,0.8398367,0.73568994,2014-04-07 12:00:00,1.0,1.8636463e-05,0.0,1.7300146e-05,1.3363078e-06
278.1128,0.9592196,0.0015890491,0.9592196,0.0,2014-04-07 13:00:00,1.0,0.0002347994,0.0,0.00021067414,2.4125256e-05
279.50293,0.8141689,0.0,0.8141689,0.0016249504,2014-04-07 14:00:00,1.0,0.0005142449,0.0,0.0003345823,0.00017990149
280.87915,0.52424747,0.0,0.49847853,0.04895549,2014-04-07 15:00:00,1.0,0.0011149817,0.0,0.0005102812,0.00060448144
281.98804,0.29991174,0.03916986,0.2581569,0.041280165,2014-04-07 16:00:00,1.0,0.0014697567,0.0,0.0006024265,0.00086722546
282.9817,0.24671513,0.18176281,0.19879377,0.00053172023,2014-04-07 17:00:00,1.0,0.0012500989,0.0,0.00061915745,0.0006309701
284.26074,0.4878345,0.4487769,0.28843588,0.0068626925,2014-04-07 18:00:00,1.0,0.00050321757,0.0,0.0002559051,0.00024754158
285.41772,0.71396327,0.66399527,0.17091793,0.028712362,2014-04-07 19:00:00,1.0,0.00016958726,0.0,0.00016966321,0.0
286.15967,0.81708354,0.7837463,0.11693722,0.031890463,2014-04-07 20:00:00,1.0,7.929736e-05,0.0,7.949732e-05,0.0
286.91382,0.26598293,0.093097985,0.24780297,0.0010573287,2014-04-07 21:00:00,1.0,5.39467e-05,0.0,5.408033e-05,0.0
287.10522,0.31816357,0.040859465,0.31763798,0.0,2014-04-07 22:00:00,0.0,4.714336e-05,0.0,4.7134075e-05,0.0
286.9768,0.0026463778,0.0021207693,0.0026463778,0.0,2014-04-07 23:00:00,0.0,1.8330029e-06,0.0,1.928498e-06,0.0
286.06372,0.0,0.0,0.0,0.0,2014-04-08 00:00:00,0.0,0.0,0.0,0.0,0.0
283.70728,0.04215601,0.0,0.0,0.04215601,2014-04-08 01:00:00,0.0,0.0,0.0,0.0,0.0
282.1587,0.2589056,0.025718935,0.0037288337,0.24301529,2014-04-08 02:00:00,0.0,0.0,0.0,0.0,0.0
280.45044,0.045856547,0.04032893,0.022092894,0.0,2014-04-08 03:00:00,0.0,0.0,0.0,0.0,0.0
279.35303,0.06311673,0.021884616,0.0,0.041757744,2014-04-08 04:00:00,0.0,0.0,0.0,0.0,0.0
278.49243,0.19714415,0.0010573287,0.0,0.19608682,2014-04-08 05:00:00,0.0,0.0,0.0,0.0,0.0
277.8745,0.03677181,0.0,0.03359371,0.0031780982,2014-04-08 06:00:00,0.0,0.0,0.0,0.0,0.0
277.063,0.005370889,0.0,0.005370889,0.0,2014-04-08 07:00:00,0.0,0.0,0.0,0.0,0.0
276.51733,0.0033782488,0.0,0.0033782488,0.0,2014-04-08 08:00:00,0.0,0.0,0.0,0.0,0.0
275.69482,0.01173529,0.0,0.01173529,0.008357041,2014-04-08 09:00:00,0.0,0.0,0.0,0.0,0.0
275.16602,0.0067320913,0.0,0.0067320913,0.0067320913,2014-04-08 10:00:00,0.0,0.0,0.0,0.0,0.0
274.76538,0.013471484,0.0100932345,0.0033782488,0.0033782488,2014-04-08 11:00:00,0.0,0.0,0.0,0.0,0.0
274.38477,0.0,0.0,0.0,0.0,2014-04-08 12:00:00,0.0,0.0,0.0,0.0,0.0
275.156,0.038385056,0.038385056,0.0,0.0,2014-04-08 13:00:00,6.0,0.0,0.0,0.0,0.0
276.2334,0.007457666,0.007457666,0.0,0.0,2014-04-08 14:00:00,0.0,0.0,0.0,0.0,0.0
278.5791,0.0,0.0,0.0,0.0,2014-04-08 15:00:00,0.0,0.0,0.0,0.0,0.0
279.469,0.0033782488,0.0033782488,0.0,0.0,2014-04-08 16:00:00,0.0,0.0,0.0,0.0,0.0
280.87524,0.10102856,0.10102856,0.023938213,0.0,2014-04-08 17:00:00,0.0,0.0,0.0,0.0,0.0
281.92773,0.08950734,0.08325082,0.029737469,0.0,2014-04-08 18:00:00,0.0,0.0,0.0,0.0,0.0
283.37646,0.5995625,0.45159376,0.5863509,0.0,2014-04-08 19:00:00,0.0,4.233848e-06,0.0,3.9377437e-06,0.0
283.7273,0.5731417,0.16528893,0.509165,0.0,2014-04-08 20:00:00,0.0,0.0,0.0,0.0,0.0
284.08545,0.4030655,0.32195324,0.24468505,0.0033782488,2014-04-08 21:00:00,0.0,0.0,0.0,0.0,0.0
283.8103,0.16108191,0.056331478,0.08376628,0.06902778,2014-04-08 22:00:00,0.0,0.0,0.0,0.0,0.0
283.63623,0.004307229,0.0,0.0016249504,0.004307229,2014-04-08 23:00:00,0.0,0.0,0.0,0.0,0.0
282.8025,0.0,0.0,0.0,0.0,2014-04-09 00:00:00,0.0,0.0,0.0,0.0,0.0
280.43994,0.25165343,0.0,0.0482953,0.25001138,2014-04-09 01:00:00,0.0,0.0,0.0,0.0,0.0
278.875,0.9535663,0.0,0.8543499,0.9470665,2014-04-09 02:00:00,0.0,0.0,0.0,0.0,0.0
277.0603,0.6450058,0.0,0.48103344,0.6303708,2014-04-09 03:00:00,0.0,0.0,0.0,0.0,0.0
276.4314,0.0010573287,0.0,0.0,0.0010573287,2014-04-09 04:00:00,0.0,0.0,0.0,0.0,0.0
275.1184,0.0,0.0,0.0,0.0,2014-04-09 05:00:00,0.0,0.0,0.0,0.0,0.0
273.73926,0.0,0.0,0.0,0.0,2014-04-09 06:00:00,0.0,0.0,0.0,0.0,0.0
273.59888,0.0,0.0,0.0,0.0,2014-04-09 07:00:00,0.0,0.0,0.0,0.0,0.0
273.92627,0.016477216,0.0,0.0,0.016477216,2014-04-09 08:00:00,0.0,0.0,0.0,0.0,0.0
274.20654,0.004527632,0.0,0.0016249504,0.0029026829,2014-04-09 09:00:00,0.0,0.0,0.0,0.0,0.0
274.3452,0.19059432,0.0,0.021410558,0.170816,2014-04-09 10:00:00,0.0,0.0,0.0,0.0,0.0
274.688,0.2078287,0.0,0.030713685,0.18084383,2014-04-09 11:00:00,0.0,0.0,0.0,0.0,0.0
275.12817,0.21958554,0.0,0.21958554,0.0,2014-04-09 12:00:00,0.0,0.0,0.0,0.0,0.0
276.7068,0.36212945,0.0,0.36107212,0.0010573287,2014-04-09 13:00:00,0.0,0.0,0.0,5.703991e-08,0.0
278.7495,0.27715707,0.0,0.27715707,0.0,2014-04-09 14:00:00,0.0,0.0,0.0,0.0,0.0
282.4414,0.56794363,0.0,0.39606905,0.30858928,2014-04-09 15:00:00,0.0,0.0,0.0,0.0,0.0
285.16675,0.7204539,0.0,0.14390433,0.661715,2014-04-09 16:00:00,0.0,0.0,0.0,0.0,0.0
286.86108,0.5177119,0.0,0.04684611,0.49716014,2014-04-09 17:00:00,0.0,0.0,0.0,0.0,0.0
288.36914,0.20790511,0.0,0.0,0.20790511,2014-04-09 18:00:00,0.0,0.0,0.0,0.0,0.0
289.9314,0.47582865,0.0,0.0,0.47582865,2014-04-09 19:00:00,0.0,0.0,0.0,0.0,0.0
291.3694,0.69223076,0.0,0.0,0.69223076,2014-04-09 20:00:00,0.0,0.0,0.0,0.0,0.0
293.0327,0.544984,0.0,0.00053172023,0.5444583,2014-04-09 21:00:00,0.0,0.0,0.0,0.0,0.0
293.75928,0.38798565,0.0,0.0,0.38798565,2014-04-09 22:00:00,0.0,0.0,0.0,0.0,0.0
294.05835,0.45809668,0.0,0.0,0.45809668,2014-04-09 23:00:00,0.0,0.0,0.0,0.0,0.0
293.11084,0.27138418,0.0,0.0,0.27138418,2014-04-10 00:00:00,0.0,0.0,0.0,0.0,0.0
290.65918,0.050696976,0.0,0.0,0.050696976,2014-04-10 01:00:00,0.0,0.0,0.0,0.0,0.0
289.88232,0.20104134,0.0,0.007107079,0.20104134,2014-04-10 02:00:00,0.0,0.0,0.0,0.0,0.0
289.261,0.73691344,0.0,0.049826507,0.72846144,2014-04-10 03:00:00,0.0,0.0,0.0,0.0,0.0
288.9165,0.87903774,0.0,0.3683964,0.8658357,2014-04-10 04:00:00,1.0,0.0,0.0,0.0,0.0
288.68604,0.9284735,0.0,0.5557283,0.91291964,2014-04-10 05:00:00,1.0,5.1462455e-05,0.0,5.1557945e-05,0.0
288.05908,0.98914135,0.0,0.3576002,0.97104776,2014-04-10 06:00:00,0.0,4.5684617e-05,0.0,4.5684617e-05,0.0
286.86133,0.9827325,0.0057492107,0.56031305,0.9783079,2014-04-10 07:00:00,1.0,0.00013470277,0.0,0.00013487454,0.0
285.44287,0.98151326,0.0,0.8413881,0.9694132,2014-04-10 08:00:00,1.0,9.727855e-05,0.0,9.6286094e-05,8.017848e-07
283.51587,0.996786,0.0,0.9887159,0.9723445,2014-04-10 09:00:00,1.0,0.00018238784,0.0,0.00013236764,4.947702e-05
282.03613,1.0,0.0,1.0,0.9376143,2014-04-10 10:00:00,0.0,0.00010429,0.0,5.1721945e-05,5.2148243e-05
281.67432,0.995108,0.0,0.96852577,0.91534275,2014-04-10 11:00:00,0.0,1.7595521e-05,0.0,9.619428e-06,8.090186e-06
280.65552,0.8722279,0.0,0.24888039,0.8406165,2014-04-10 12:00:00,0.0,1.2414439e-06,0.0,1.0982003e-06,1.9099144e-07
281.0276,0.8267774,0.0,0.03644826,0.81935775,2014-04-10 13:00:00,0.0,0.0,0.0,0.0,0.0
282.45605,0.965007,0.0,0.004741922,0.965007,2014-04-10 14:00:00,0.0,0.0,0.0,0.0,0.0
284.55664,0.389345,0.0,0.0015890491,0.389345,2014-04-10 15:00:00,0.0,0.0,0.0,0.0,0.0
285.85156,0.40291703,0.0,0.0,0.40291703,2014-04-10 16:00:00,0.0,0.0,0.0,0.0,0.0
286.9397,0.036804434,0.0,0.0,0.036804434,2014-04-10 17:00:00,0.0,0.0,0.0,0.0,0.0
287.71045,0.0,0.0,0.0,0.0,2014-04-10 18:00:00,0.0,0.0,0.0,0.0,0.0
288.18896,0.0,0.0,0.0,0.0,2014-04-10 19:00:00,0.0,0.0,0.0,0.0,0.0
288.51636,0.0,0.0,0.0,0.0,2014-04-10 20:00:00,0.0,0.0,0.0,0.0,0.0
288.5735,0.2767161,0.0,0.2767161,0.0,2014-04-10 21:00:00,0.0,0.0,0.0,0.0,0.0
288.40576,0.031027999,0.0,0.0,0.031027999,2014-04-10 22:00:00,0.0,0.0,0.0,0.0,0.0
287.88745,0.8401276,0.0,0.0,0.8401276,2014-04-10 23:00:00,0.0,0.0,0.0,0.0,0.0
287.0066,0.85240024,0.0,0.0,0.85240024,2014-04-11 00:00:00,0.0,0.0,0.0,0.0,0.0
285.42554,0.87328863,0.0,0.0,0.87328863,2014-04-11 01:00:00,0.0,0.0,0.0,0.0,0.0
283.23804,0.93309003,0.0,0.0,0.93309003,2014-04-11 02:00:00,0.0,0.0,0.0,0.0,0.0
280.76514,0.68317926,0.0,0.0,0.68317926,2014-04-11 03:00:00,0.0,0.0,0.0,0.0,0.0
279.14062,0.19636464,0.0,0.0,0.19636464,2014-04-11 04:00:00,0.0,0.0,0.0,0.0,0.0
277.87085,0.20790887,0.0,0.0,0.20790887,2014-04-11 05:00:00,0.0,0.0,0.0,0.0,0.0
277.0713,0.3494237,0.0,0.10025245,0.2905991,2014-04-11 06:00:00,0.0,0.0,0.0,0.0,0.0
277.4724,0.93285125,0.0,0.8946621,0.6211263,2014-04-11 07:00:00,0.0,0.0,0.0,0.0,0.0
277.62207,1.0,0.0,1.0,0.5669577,2014-04-11 08:00:00,0.0,0.0,0.0,0.0,0.0
278.0952,0.99946827,0.0,0.99946827,0.50334644,2014-04-11 09:00:00,0.0,0.0,0.0,0.0,0.0
278.95703,0.99657166,0.0,0.993669,0.6030234,2014-04-11 10:00:00,1.0,5.6124927e-06,0.0,5.4788625e-06,0.0
278.72583,0.9910503,0.0,0.9865754,0.55958444,2014-04-11 11:00:00,0.0,2.9444709e-05,0.0,2.8473427e-05,1.3721838e-06
278.80835,1.0,0.0,1.0,0.5031302,2014-04-11 12:00:00,1.0,7.8210855e-05,0.0,7.8287456e-05,0.0
279.5432,0.59684813,0.0,0.57369506,0.29325128,2014-04-11 13:00:00,0.0,0.0005750209,0.0,0.000574935,0.0
280.51416,0.42478943,0.0026463778,0.42426383,0.00053172023,2014-04-11 14:00:00,0.0,0.00015906172,0.0,0.00015910946,0.0
282.64062,0.08941674,0.0010573287,0.08941674,0.0,2014-04-11 15:00:00,0.0,0.0,0.0,0.0,0.0
284.6062,0.0,0.0,0.0,0.0,2014-04-11 16:00:00,0.0,0.0,0.0,0.0,0.0
286.27637,0.00998199,0.0,0.00998199,0.0,2014-04-11 17:00:00,0.0,0.0,0.0,0.0,0.0
287.58154,0.028959766,0.021502096,0.01234962,0.0,2014-04-11 18:00:00,0.0,0.0,0.0,0.0,0.0
288.48828,0.24195689,0.023667801,0.24195689,0.0,2014-04-11 19:00:00,0.0,4.6906847e-05,0.0,4.693569e-05,0.0
289.32227,0.029524673,0.026889067,0.008357041,0.003161212,2014-04-11 20:00:00,0.0,7.4704203e-06,0.0,7.260199e-06,0.0
290.03223,0.3542819,0.0033782488,0.05213994,0.30213463,2014-04-11 21:00:00,0.0,0.0,0.0,0.0,0.0
290.1372,1.0,0.0071128868,0.124317765,1.0,2014-04-11 22:00:00,0.0,0.0,0.0,0.0,0.0
289.95483,1.0,0.0,0.068796694,1.0,2014-04-11 23:00:00,0.0,0.0,0.0,0.0,0.0
288.99634,1.0,0.0,0.14237666,1.0,2014-04-12 00:00:00,0.0,0.0,0.0,0.0,0.0
287.82544,1.0,0.0,0.65027374,1.0,2014-04-12 01:00:00,0.0,0.0,0.0,0.0,0.0
284.88306,1.0,0.0,0.8985127,1.0,2014-04-12 02:00:00,0.0,0.0,0.0,0.0,0.0
284.32153,1.0,0.0,0.93556684,1.0,2014-04-12 03:00:00,0.0,0.0,0.0,0.0,0.0
283.97192,1.0,0.0,0.9677189,1.0,2014-04-12 04:00:00,0.0,0.0,0.0,0.0,0.0
284.04663,1.0,0.0,1.0,1.0,2014-04-12 05:00:00,0.0,1.5233911e-05,0.0,1.541528e-05,0.0
283.88525,0.99946827,0.0,0.98734903,0.9944678,2014-04-12 06:00:00,0.0,0.00022726129,0.0,0.00022726129,0.0
284.09448,0.98426086,0.0,0.8243658,0.9542115,2014-04-12 07:00:00,1.0,0.000110338835,0.0,0.000110472465,0.0
283.64185,0.9854687,0.0,0.8277707,0.9645191,2014-04-12 08:00:00,0.0,0.00010231187,0.0,0.00010236891,0.0
282.7859,0.99174684,0.0,0.91881955,0.8937714,2014-04-12 09:00:00,1.0,0.00023762828,0.0,0.00023727515,6.4860296e-07
282.32397,0.9707448,0.0,0.7578899,0.9283878,2014-04-12 10:00:00,1.0,0.00023479667,0.0,0.00020555742,2.93825e-05
281.50415,1.0,0.0,0.93260294,0.99262583,2014-04-12 11:00:00,1.0,0.0008908252,0.0,0.00086092437,3.0243886e-05
280.84692,0.9966217,0.041881766,0.9427229,0.9442063,2014-04-12 12:00:00,1.0,0.0008600694,0.0,0.00078077405,7.965819e-05
280.35303,1.0,0.9219022,1.0,0.9318246,2014-04-12 13:00:00,1.0,0.0013361541,0.0,0.00087220804,0.0004643749
280.0703,1.0,0.9797891,1.0,0.8967109,2014-04-12 14:00:00,1.0,0.0012959694,0.0,0.0004695491,0.0008267157
280.72876,1.0,0.9205142,0.8431569,0.98161626,2014-04-12 15:00:00,1.0,0.000147398,0.0,0.0,0.000147398
281.3806,0.9910527,0.7948308,0.6276314,0.93004066,2014-04-12 16:00:00,1.0,1.4571725e-05,0.0,0.0,1.4553141e-05
282.8872,0.97620654,0.6474598,0.42479903,0.9228741,2014-04-12 17:00:00,0.0,4.69145e-06,0.0,0.0,4.69145e-06
283.917,0.9827273,0.6636717,0.29671866,0.92828757,2014-04-12 18:00:00,0.0,7.626828e-07,0.0,0.0,4.954212e-07
285.167,0.97445494,0.6161165,0.04923415,0.9344669,2014-04-12 19:00:00,0.0,0.0,0.0,0.0,0.0
285.5869,0.99273616,0.918842,0.025581237,0.87961996,2014-04-12 20:00:00,0.0,0.0,0.0,0.0,0.0
285.8474,0.9835951,0.8787949,0.12175655,0.7884164,2014-04-12 21:00:00,0.0,0.0,0.0,0.0,0.0
284.73413,0.73104364,0.63050663,0.0,0.4498136,2014-04-12 22:00:00,0.0,0.0,0.0,0.0,0.0
284.4436,0.5414841,0.50209635,0.0,0.30862093,2014-04-12 23:00:00,0.0,0.0,0.0,0.0,0.0
283.54028,0.5604667,0.4966032,0.0,0.16066402,2014-04-13 00:00:00,0.0,0.0,0.0,0.0,0.0
282.31152,0.73010564,0.71344054,0.0,0.043342303,2014-04-13 01:00:00,0.0,0.0,0.0,0.0,0.0
281.65552,0.8655497,0.7275319,0.0,0.41189563,2014-04-13 02:00:00,0.0,0.0,0.0,0.0,0.0
280.46606,0.97491425,0.5008673,0.0,0.93841964,2014-04-13 03:00:00,0.0,0.0,0.0,0.0,0.0
279.91846,1.0,0.28097135,0.0,1.0,2014-04-13 04:00:00,0.0,0.0,0.0,0.0,0.0
279.50098,1.0,0.1548701,0.0,1.0,2014-04-13 05:00:00,0.0,0.0,0.0,0.0,0.0
279.29785,1.0,0.16074985,0.12742299,1.0,2014-04-13 06:00:00,0.0,0.0,0.0,0.0,0.0
278.88037,1.0,0.24572384,0.82044595,0.99627113,2014-04-13 07:00:00,1.0,0.0,0.0,0.0,0.0
278.83643,1.0,0.077417254,0.9968219,0.9151441,2014-04-13 08:00:00,1.0,0.0,0.0,0.0,0.0
278.69165,0.994718,0.09876317,0.94417983,0.7520547,2014-04-13 09:00:00,0.0,0.0,0.0,0.0,0.0
278.42847,0.97312903,0.06791997,0.91670483,0.6357354,2014-04-13 10:00:00,0.0,0.0,0.0,0.0,0.0
277.80542,0.6574607,0.21796763,0.06179423,0.49837136,2014-04-13 11:00:00,1.0,0.0,0.0,0.0,0.0
277.43896,0.82986194,0.12583447,0.046587273,0.8051066,2014-04-13 12:00:00,0.0,0.0,0.0,0.0,0.0
277.9431,0.9510502,0.08811253,0.046320193,0.9510502,2014-04-13 13:00:00,1.0,0.0,0.0,0.0,0.0
278.49805,0.8573138,0.13533127,0.04421631,0.8109378,2014-04-13 14:00:00,0.0,0.0,0.0,0.0,0.0
278.6548,1.0,0.4381836,0.9902332,0.7423184,2014-04-13 15:00:00,0.0,0.0,0.0,0.0,0.0
278.14282,1.0,0.61139077,1.0,0.9333319,2014-04-13 16:00:00,1.0,1.4510288e-06,0.0,0.0,1.4696134e-06
277.79858,1.0,0.78693634,1.0,1.0,2014-04-13 17:00:00,1.0,7.2587995e-05,0.0,4.4920234e-05,2.762e-05
277.68945,1.0,0.9319546,1.0,1.0,2014-04-13 18:00:00,1.0,8.323803e-05,0.0,1.3842288e-05,6.950981e-05
277.7317,1.0,0.8566659,1.0,1.0,2014-04-13 19:00:00,1.0,5.9859725e-05,0.0,0.0,6.0069302e-05
277.65405,1.0,0.35208285,1.0,1.0,2014-04-13 20:00:00,1.0,0.00010630839,0.0,9.549569e-08,0.0001061174
277.6355,1.0,0.00053172023,0.9968219,1.0,2014-04-13 21:00:00,1.0,0.0001920406,0.0,6.4609514e-05,0.0001272308
277.70703,1.0,0.0,0.9743075,1.0,2014-04-13 22:00:00,1.0,0.00024062367,0.0,0.00014731685,9.3516384e-05
277.29736,1.0,0.0,1.0,1.0,2014-04-13 23:00:00,1.0,0.00012744217,0.0,4.609437e-05,8.101421e-05
276.90796,1.0,0.0,0.9970973,1.0,2014-04-14 00:00:00,1.0,0.000115841176,0.0,0.0,0.000115841176
276.44775,1.0,0.0,1.0,1.0,2014-04-14 01:00:00,1.0,0.00012821451,7.007e-06,0.0,0.00012800493
276.35742,1.0,0.0032499009,1.0,1.0,2014-04-14 02:00:00,6.0,0.000101223864,2.55692e-05,0.0,0.00010084253
275.98486,1.0,0.023956567,1.0,1.0,2014-04-14 03:00:00,6.0,6.0230697e-05,4.159166e-05,0.0,6.0230697e-05
275.5232,1.0,0.109112024,1.0,1.0,2014-04-14 04:00:00,6.0,3.0164374e-05,2.9053044e-05,0.0,3.0164374e-05
274.73193,1.0,0.00053172023,1.0,1.0,2014-04-14 05:00:00,6.0,1.8411389e-05,1.828745e-05,0.0,1.8411389e-05
274.01758,1.0,0.020267174,1.0,1.0,2014-04-14 06:00:00,6.0,1.82941e-05,1.838959e-05,0.0,1.82941e-05
273.3479,1.0,0.032932486,1.0,1.0,2014-04-14 07:00:00,5.0,3.860773e-05,3.8633923e-05,0.0,3.860773e-05
272.85742,1.0,0.027703501,1.0,1.0,2014-04-14 08:00:00,5.0,2.365146e-05,2.3696892e-05,0.0,2.365146e-05
272.43164,1.0,0.00608078,0.998375,1.0,2014-04-14 09:00:00,0.0,6.9237376e-06,7.247796e-06,0.0,6.9237376e-06
272.15234,0.998375,0.542515,0.7170004,0.99675006,2014-04-14 10:00:00,0.0,6.8705424e-07,7.7509867e-07,0.0,6.8705424e-07
271.68115,0.96423906,0.7393796,0.14507395,0.9020183,2014-04-14 11:00:00,0.0,0.0,1.1936965e-08,0.0,0.0
271.35498,0.9978961,0.9190875,0.5398815,0.8797108,2014-04-14 12:00:00,0.0,0.0,0.0,0.0,0.0
271.3567,1.0,0.9106383,0.96712965,0.9597745,2014-04-14 13:00:00,0.0,0.0,0.0,0.0,0.0
271.62378,1.0,0.8407414,1.0,1.0,2014-04-14 14:00:00,0.0,0.0,0.0,0.0,0.0
272.62964,1.0,0.73130697,1.0,1.0,2014-04-14 15:00:00,0.0,0.0,0.0,0.0,0.0
273.67578,1.0,0.5394194,0.9719492,1.0,2014-04-14 16:00:00,6.0,0.0,0.0,0.0,0.0
274.53198,1.0,0.036472864,0.9949934,0.99675006,2014-04-14 17:00:00,6.0,0.0,1.00223076e-07,0.0,0.0
275.05054,1.0,0.030775506,1.0,0.9124163,2014-04-14 18:00:00,6.0,6.4860296e-07,4.6754622e-07,0.0,6.4860296e-07
275.20728,1.0,0.0016249504,1.0,0.7159086,2014-04-14 19:00:00,6.0,4.34922e-06,4.4613816e-06,0.0,4.5209863e-06
275.2998,1.0,0.033779472,1.0,0.13928801,2014-04-14 20:00:00,6.0,7.4384025e-06,7.3792817e-06,0.0,7.591584e-06
275.07715,0.8994231,0.005370889,0.89652777,0.013919428,2014-04-14 21:00:00,6.0,1.0262257e-05,1.0405341e-05,0.0,1.0357753e-05
274.95776,0.9973536,0.0,0.9973536,0.0,2014-04-14 22:00:00,6.0,1.0968546e-05,1.0920799e-05,0.0,1.0968546e-05
274.44922,1.0,0.0068626925,1.0,0.0,2014-04-14 23:00:00,6.0,7.5723583e-06,7.467409e-06,0.0,7.5723583e-06
273.8069,0.93880934,0.012119453,0.93880934,0.0,2014-04-15 00:00:00,5.0,1.7740431e-06,2.1698843e-06,0.0,2.2508802e-06
272.7124,0.77620953,0.0015890491,0.77620953,0.0,2014-04-15 01:00:00,0.0,0.0,3.3407698e-08,0.0,0.0
272.1167,0.6247376,0.010939855,0.6247376,0.0,2014-04-15 02:00:00,0.0,0.0,0.0,0.0,0.0
271.33374,0.606294,0.014873948,0.606294,0.0,2014-04-15 03:00:00,0.0,0.0,0.0,0.0,0.0
271.0564,0.62237024,0.13382757,0.61411715,0.0,2014-04-15 04:00:00,0.0,0.0,0.0,0.0,0.0
270.37793,0.66001564,0.45698726,0.59979653,0.0,2014-04-15 05:00:00,0.0,0.0,0.0,0.0,0.0
270.04443,0.7801306,0.74053633,0.6491841,0.0,2014-04-15 06:00:00,0.0,0.0,0.0,0.0,0.0
269.53906,0.6260085,0.58814704,0.4256181,0.0,2014-04-15 07:00:00,0.0,9.549569e-08,1.7168333e-07,0.0,9.549569e-08
268.87622,0.2952572,0.2899909,0.12467152,0.0,2014-04-15 08:00:00,0.0,0.0,6.2007814e-08,0.0,0.0
268.18823,0.046208695,0.045676976,0.004235424,0.0,2014-04-15 09:00:00,0.0,0.0,1.1936965e-08,0.0,0.0
267.09302,0.0,0.0,0.0,0.0,2014-04-15 10:00:00,0.0,0.0,0.0,0.0,0.0
266.82837,0.0,0.0,0.0,0.0,2014-04-15 11:00:00,0.0,0.0,0.0,0.0,0.0
266.58838,0.0,0.0,0.0,0.0,2014-04-15 12:00:00,0.0,0.0,0.0,0.0,0.0
267.5349,0.0,0.0,0.0,0.0,2014-04-15 13:00:00,0.0,0.0,0.0,0.0,0.0
268.32056,0.004235424,0.004235424,0.0,0.0,2014-04-15 14:00:00,0.0,0.0,0.0,0.0,0.0
269.89844,0.04346042,0.04346042,0.0,0.0,2014-04-15 15:00:00,0.0,0.0,0.0,0.0,0.0
270.81494,0.097613335,0.097613335,0.0,0.0,2014-04-15 16:00:00,0.0,0.0,0.0,0.0,0.0
271.74097,0.10369855,0.10369855,0.0,0.0,2014-04-15 17:00:00,0.0,0.0,0.0,0.0,0.0
272.6211,0.011123341,0.011123341,0.0,0.0,2014-04-15 18:00:00,0.0,0.0,0.0,0.0,0.0
273.38623,0.0,0.0,0.0,0.0,2014-04-15 19:00:00,0.0,0.0,0.0,0.0,0.0
274.1731,0.4287926,0.0,0.4287926,0.0,2014-04-15 20:00:00,0.0,0.0,0.0,0.0,0.0
274.9431,0.95642877,0.0,0.95642877,0.0,2014-04-15 21:00:00,0.0,0.0,0.0,0.0,0.0
275.38037,0.97650605,0.0,0.97650605,0.020210877,2014-04-15 22:00:00,0.0,0.0,0.0,0.0,0.0
275.38818,0.9932679,0.0,0.9932679,0.0,2014-04-15 23:00:00,0.0,0.0,0.0,0.0,0.0
275.31616,0.9989426,0.0,0.9989426,0.0,2014-04-16 00:00:00,6.0,0.0,0.0,0.0,0.0
274.5039,0.99841094,0.0,0.99841094,0.011203606,2014-04-16 01:00:00,5.0,7.440987e-07,7.630047e-07,0.0,7.440987e-07
274.05273,1.0,0.0,1.0,0.73971283,2014-04-16 02:00:00,5.0,3.337218e-06,3.3466704e-06,0.0,3.337218e-06
273.91382,0.9942508,0.0,0.9942508,0.9315676,2014-04-16 03:00:00,5.0,4.3280606e-06,4.430848e-06,0.0,4.595322e-06
273.99487,1.0,0.0,0.99675006,0.9695448,2014-04-16 04:00:00,5.0,4.634424e-06,4.96329e-06,0.0,5.015766e-06
273.864,1.0,0.0,0.9949968,1.0,2014-04-16 05:00:00,5.0,1.00533325e-05,1.0048445e-05,0.0,1.00533325e-05
273.92236,1.0,0.0,1.0,0.9829434,2014-04-16 06:00:00,5.0,4.104839e-05,4.114845e-05,0.0,4.116248e-05
273.7976,0.9978961,0.01107046,0.9978961,0.7386794,2014-04-16 07:00:00,5.0,7.987536e-05,7.8856625e-05,5.9182057e-06,7.3594405e-05
273.60986,0.97689396,0.044913042,0.95999324,0.3547451,2014-04-16 08:00:00,5.0,9.312037e-05,9.304659e-05,1.2819575e-05,8.0386686e-05
273.50146,0.9923612,0.06135937,0.92150265,0.9747431,2014-04-16 09:00:00,5.0,6.2092615e-05,6.20612e-05,3.229709e-05,2.9871459e-05
273.49658,0.99371904,0.09004426,0.90239036,0.99371904,2014-04-16 10:00:00,5.0,2.3846922e-05,2.3548899e-05,1.6718099e-05,7.1288223e-06
273.4685,1.0,0.0,0.9966217,1.0,2014-04-16 11:00:00,5.0,4.651716e-06,4.6564437e-06,1.5824053e-06,2.821279e-06
273.62646,1.0,0.0,0.9910503,1.0,2014-04-16 12:00:00,5.0,1.0642957e-05,1.0499552e-05,8.963136e-07,9.517517e-06
273.8723,1.0,0.014985189,1.0,1.0,2014-04-16 13:00:00,5.0,6.0654464e-05,6.050906e-05,0.0,6.0654464e-05
273.78784,1.0,0.0048919544,1.0,1.0,2014-04-16 14:00:00,5.0,0.00022579583,0.00022582963,0.0,0.000225949
273.71167,1.0,0.0082530975,1.0,1.0,2014-04-16 15:00:00,5.0,0.00043329597,0.00043327478,0.0,0.00043329597
274.0276,1.0,0.013623986,0.99841094,1.0,2014-04-16 16:00:00,5.0,0.0004692229,0.0004688988,0.0,0.00046905107
274.4729,1.0,0.027702503,0.98601604,1.0,2014-04-16 17:00:00,5.0,0.00042680884,0.00042710942,0.0,0.00042680884
275.27393,1.0,0.063367665,1.0,1.0,2014-04-16 18:00:00,6.0,0.00046089082,0.00046027987,0.0,0.00046089082
275.4104,1.0,0.10592604,1.0,1.0,2014-04-16 19:00:00,6.0,0.00034261798,0.0002848485,0.0,0.0003423507
275.49487,1.0,0.24284679,1.0,1.0,2014-04-16 20:00:00,6.0,0.00033508358,0.0002544527,1.7371995e-06,0.00033348007
275.71753,1.0,0.59716535,1.0,1.0,2014-04-16 21:00:00,6.0,0.0005400318,0.0003843375,6.269356e-06,0.00053381943
275.05762,1.0,0.43226874,1.0,1.0,2014-04-16 22:00:00,6.0,0.0011036845,0.0008698143,0.0,0.0011036845
275.0232,1.0,0.5948221,1.0,1.0,2014-04-16 23:00:00,6.0,0.0017622118,0.001095674,3.3423504e-07,0.0017618111
274.98804,1.0,0.8592004,1.0,0.9973536,2014-04-17 00:00:00,5.0,0.0020674388,0.0012576256,4.7747868e-08,0.002067706
274.62964,1.0,0.85599345,1.0,1.0,2014-04-17 01:00:00,5.0,0.0018681078,0.0012896515,3.8198294e-07,0.0018681071
274.47388,1.0,0.9687439,1.0,1.0,2014-04-17 02:00:00,5.0,0.0014922349,0.0009979804,4.297308e-07,0.0014915478
274.0249,1.0,0.89776903,1.0,1.0,2014-04-17 03:00:00,5.0,0.001453439,0.0008413582,3.3423504e-07,0.0014531524
273.84326,1.0,0.938798,1.0,0.99657166,2014-04-17 04:00:00,5.0,0.0014987197,0.0008669109,4.7747868e-08,0.0014987197
273.50464,1.0,0.9464752,1.0,0.99841094,2014-04-17 05:00:00,5.0,0.0012288161,0.0010395581,0.0,0.0012288161
273.18896,1.0,0.9658377,0.99600405,0.9943791,2014-04-17 06:00:00,5.0,0.00069765793,0.00068510044,0.0,0.00069765793
272.90015,1.0,0.9957394,0.5569612,0.99736434,2014-04-17 07:00:00,5.0,0.0003752159,0.00037111389,0.0,0.00037500635
272.76538,1.0,1.0,0.20875531,0.78703856,2014-04-17 08:00:00,5.0,0.00011545321,0.000115169445,0.0,0.00011535772
272.45044,0.9856291,0.9856291,0.0,0.21542609,2014-04-17 09:00:00,5.0,2.8292256e-05,2.812779e-05,0.0,2.8292256e-05
272.41724,0.989417,0.989417,0.0,0.0067320913,2014-04-17 10:00:00,5.0,1.1212064e-05,1.1011941e-05,0.0,1.1212064e-05
272.3645,0.99683875,0.99683875,0.0,0.0,2014-04-17 11:00:00,5.0,8.0857135e-06,8.0470945e-06,0.0,8.0857135e-06
272.19336,0.963642,0.963642,0.0,0.0,2014-04-17 12:00:00,5.0,5.1093184e-06,5.319459e-06,0.0,5.1093184e-06
272.17554,0.9894588,0.9894588,0.0,0.0,2014-04-17 13:00:00,5.0,2.135508e-06,1.892282e-06,0.0,2.135508e-06
272.45703,0.96254057,0.96254057,0.0,0.0,2014-04-17 14:00:00,5.0,1.9099144e-07,4.0521417e-07,0.0,1.9099144e-07
272.99268,0.98859113,0.98859113,0.0,0.0,2014-04-17 15:00:00,5.0,0.0,3.8133912e-08,0.0,0.0
273.62817,0.8291599,0.8291599,0.0,0.0,2014-04-17 16:00:00,6.0,0.0,0.0,0.0,0.0
274.25122,0.9226422,0.9226422,0.0,0.0,2014-04-17 17:00:00,0.0,0.0,0.0,0.0,0.0
275.06348,0.9525415,0.9525415,0.0,0.0,2014-04-17 18:00:00,0.0,0.0,0.0,0.0,0.0
275.8225,0.784212,0.784212,0.0,0.0,2014-04-17 19:00:00,0.0,0.0,0.0,0.0,0.0
276.39185,0.71084523,0.71084523,0.015261341,0.015793059,2014-04-17 20:00:00,0.0,0.0,0.0,0.0,0.0
277.16992,0.6828943,0.6565803,0.05179958,0.05459803,2014-04-17 21:00:00,0.0,0.0,0.0,0.0,0.0
277.25098,0.79689145,0.74092454,0.1839596,0.029022727,2014-04-17 22:00:00,0.0,0.0,0.0,0.0,0.0
277.20898,0.33310878,0.31151646,0.038763918,0.010066014,2014-04-17 23:00:00,0.0,0.0,0.0,0.0,0.0
277.40723,0.0031780982,0.0,0.0031780982,0.0,2014-04-18 00:00:00,0.0,0.0,0.0,0.0,0.0
277.48804,0.0,0.0,0.0,0.0,2014-04-18 01:00:00,0.0,0.0,0.0,0.0,0.0
276.3191,0.0,0.0,0.0,0.0,2014-04-18 02:00:00,0.0,0.0,0.0,0.0,0.0
274.3601,0.0,0.0,0.0,0.0,2014-04-18 03:00:00,0.0,0.0,0.0,0.0,0.0
272.84766,0.0,0.0,0.0,0.0,2014-04-18 04:00:00,0.0,0.0,0.0,0.0,0.0
270.88794,0.0,0.0,0.0,0.0,2014-04-18 05:00:00,0.0,0.0,0.0,0.0,0.0
271.0254,0.016610142,0.0,0.0,0.016610142,2014-04-18 06:00:00,0.0,0.0,0.0,0.0,0.0
271.85474,0.028765142,0.0,0.005003199,0.028765142,2014-04-18 07:00:00,0.0,0.0,0.0,0.0,0.0
271.2942,0.28998977,0.0,0.013471484,0.27988923,2014-04-18 08:00:00,0.0,0.0,0.0,0.0,0.0
271.2107,0.708383,0.0,0.02166453,0.7046542,2014-04-18 09:00:00,0.0,0.0,0.0,0.0,0.0
269.98853,0.59643275,0.0,0.25624996,0.42026567,2014-04-18 10:00:00,0.0,0.0,0.0,0.0,0.0
269.84692,0.78478533,0.0,0.78478533,0.0,2014-04-18 11:00:00,0.0,0.0,0.0,0.0,0.0
271.1267,0.6337444,0.0,0.6337444,0.0,2014-04-18 12:00:00,0.0,0.0,0.0,0.0,0.0
272.97754,0.5507051,0.0,0.5507051,0.0,2014-04-18 13:00:00,0.0,0.0,0.0,0.0,0.0
273.8457,0.75034386,0.0,0.7487548,0.0031780982,2014-04-18 14:00:00,0.0,0.0,0.0,0.0,0.0
276.48145,0.9681018,0.0,0.9649237,0.08305675,2014-04-18 15:00:00,0.0,0.0,0.0,0.0,0.0
278.4331,0.9740435,0.016607817,0.97139096,0.23250222,2014-04-18 16:00:00,0.0,0.0,0.0,0.0,0.0
279.56104,0.98995084,0.020100255,0.9703782,0.6172482,2014-04-18 17:00:00,0.0,0.0,0.0,0.0,0.0
280.4585,0.86543405,0.028163124,0.8627816,0.00053172023,2014-04-18 18:00:00,0.0,0.0,0.0,0.0,0.0
281.19507,0.7165297,0.0026463778,0.715998,0.0,2014-04-18 19:00:00,0.0,0.0,0.0,0.0,0.0
281.9895,0.8011789,0.0,0.8011789,0.00053172023,2014-04-18 20:00:00,0.0,0.0,0.0,0.0,0.0
282.77295,0.5969247,0.0,0.5969247,0.0,2014-04-18 21:00:00,0.0,0.0,0.0,0.0,0.0
282.73462,0.8799276,0.0,0.8100688,0.41309857,2014-04-18 22:00:00,0.0,0.0,0.0,0.0,0.0
282.71118,0.4673794,0.0,0.4673794,0.0,2014-04-18 23:00:00,0.0,0.0,0.0,0.0,0.0
282.66138,0.4304486,0.0,0.28961706,0.2211703,2014-04-19 00:00:00,0.0,0.0,0.0,0.0,0.0
281.61694,0.52343065,0.0,0.26280075,0.39782578,2014-04-19 01:00:00,0.0,0.0,0.0,0.0,0.0
280.86377,0.9633264,0.0,0.10338074,0.9633264,2014-04-19 02:00:00,0.0,0.0,0.0,0.0,0.0
280.03784,0.9233166,0.0,0.020606056,0.9233166,2014-04-19 03:00:00,0.0,0.0,0.0,0.0,0.0
279.83716,0.9627795,0.0,0.008141857,0.9627795,2014-04-19 04:00:00,0.0,0.0,0.0,0.0,0.0
279.68896,0.7167201,0.0,0.015883707,0.7113663,2014-04-19 05:00:00,0.0,0.0,0.0,0.0,0.0
279.48413,0.917823,0.0,0.06622571,0.90945864,2014-04-19 06:00:00,0.0,0.0,0.0,0.0,0.0
279.33325,0.80510235,0.0016249504,0.015096433,0.8034774,2014-04-19 07:00:00,0.0,0.0,0.0,0.0,0.0
279.52197,0.9501939,0.0066281483,0.0067320913,0.9501939,2014-04-19 08:00:00,0.0,0.0,0.0,0.0,0.0
279.44116,0.9777978,0.018235091,0.029755197,0.9777978,2014-04-19 09:00:00,0.0,0.0,0.0,0.0,0.0
279.15625,0.87664706,0.0,0.016283713,0.87664706,2014-04-19 10:00:00,0.0,0.0,0.0,0.0,0.0
278.66016,0.09705031,0.006280929,0.0082530975,0.08416563,2014-04-19 11:00:00,0.0,0.0,0.0,0.0,0.0
278.19946,0.48254895,0.02469778,0.034548312,0.45585126,2014-04-19 12:00:00,0.0,0.0,0.0,0.0,0.0
278.687,0.5276674,0.10612333,0.22237569,0.39001685,2014-04-19 13:00:00,0.0,0.0,0.0,0.0,0.0
279.51636,0.8519325,0.09804201,0.31540763,0.79976696,2014-04-19 14:00:00,0.0,0.0,0.0,0.0,0.0
281.31006,0.95189697,0.020210877,0.3170396,0.937148,2014-04-19 15:00:00,0.0,0.0,0.0,0.0,0.0
283.57593,0.9602402,0.024084914,0.7778815,0.8856016,2014-04-19 16:00:00,0.0,0.0,0.0,0.0,0.0
286.47363,0.85733783,0.079458416,0.76805246,0.55670863,2014-04-19 17:00:00,0.0,0.0,0.0,0.0,0.0
288.65625,0.33676535,0.13152826,0.33066553,0.0,2014-04-19 18:00:00,0.0,0.0,0.0,0.0,0.0
290.19556,0.60449755,0.32906818,0.32059556,0.38414872,2014-04-19 19:00:00,0.0,5.8797537e-05,0.0,5.9064798e-05,0.0
291.52466,0.9978792,0.9909913,0.9554109,0.8875926,2014-04-19 20:00:00,0.0,0.00033068494,0.0,0.00033095223,0.0
290.5481,1.0,1.0,0.9978961,0.9715999,2014-04-19 21:00:00,1.0,3.100233e-05,0.0,3.113596e-05,0.0
290.74463,0.995108,0.023743145,0.9380008,0.9861141,2014-04-19 22:00:00,1.0,0.00014861935,0.0,0.000118991215,2.9637755e-05
289.80298,0.9703404,0.013393819,0.77766395,0.8552371,2014-04-19 23:00:00,1.0,0.00040397607,0.0,0.00036586542,3.772005e-05
288.89478,0.89091736,0.022025384,0.5350866,0.74570936,2014-04-20 00:00:00,1.0,0.0005281714,0.0,0.00048103346,4.685168e-05
288.0962,0.740049,0.010009766,0.5256205,0.49628162,2014-04-20 01:00:00,1.0,0.000314984,0.0,0.0003089609,5.9463373e-06
286.69434,0.41992217,0.05163804,0.2910838,0.17095596,2014-04-20 02:00:00,1.0,0.00033973786,0.0,0.0003386899,9.908417e-07
285.3911,0.7368643,0.015592251,0.36065358,0.4620986,2014-04-20 03:00:00,0.0,0.00016070911,0.0,0.0001603566,3.813414e-07
284.54175,0.41003978,0.04478598,0.41003978,0.0021207693,2014-04-20 04:00:00,0.0,0.00013115746,0.0,0.00013106197,0.0
284.26074,0.6067528,0.051223367,0.6002359,0.02130796,2014-04-20 05:00:00,0.0,7.257958e-05,0.0,7.216011e-05,6.101426e-07
283.57104,0.68177557,0.029016789,0.67678946,0.032139894,2014-04-20 06:00:00,0.0,8.811412e-05,0.0,8.8038185e-05,2.0957555e-07
282.6958,0.78471947,0.005832717,0.7610966,0.15617567,2014-04-20 07:00:00,0.0,3.5482008e-05,0.0,3.560634e-05,0.0
282.61548,0.9060576,0.17126626,0.85413283,0.21461898,2014-04-20 08:00:00,0.0,3.8694867e-05,0.0,3.8570535e-05,0.0
282.36475,0.9915844,0.75343204,0.8144872,0.3564583,2014-04-20 09:00:00,0.0,1.1173001e-05,0.0,9.597322e-06,1.5279311e-06
281.10547,0.906345,0.3969785,0.8821036,0.26884264,2014-04-20 10:00:00,1.0,1.4324361e-05,0.0,7.4009195e-06,6.8756926e-06
280.0962,0.9764974,0.5040818,0.7179258,0.23200363,2014-04-20 11:00:00,1.0,1.6365651e-05,0.0,9.931557e-06,6.4340993e-06
280.50708,0.9137068,0.7597437,0.43783844,0.18857282,2014-04-20 12:00:00,1.0,1.1930542e-05,0.0,7.83065e-06,4.099892e-06
282.03223,0.75365674,0.6667858,0.15990496,0.10396832,2014-04-20 13:00:00,1.0,8.004925e-07,0.0,0.0,8.004925e-07
284.37646,0.806033,0.7294881,0.03036527,0.162983,2014-04-20 14:00:00,0.0,9.549569e-08,0.0,4.7747868e-08,0.0
286.89307,0.7212198,0.6667689,0.030623797,0.14301842,2014-04-20 15:00:00,1.0,1.9099144e-07,0.0,0.0,9.549569e-08
289.25537,0.1410011,0.09268707,0.04777504,0.0092588775,2014-04-20 16:00:00,0.0,4.774787e-07,0.0,0.0,4.774787e-07
290.71216,0.06904799,0.014532525,0.043160006,0.027228031,2014-04-20 17:00:00,0.0,1.9099144e-07,0.0,4.7747868e-08,1.9099144e-07
292.27393,0.17420405,0.02325968,0.02209679,0.1357274,2014-04-20 18:00:00,0.0,2.864872e-07,0.0,2.3873935e-07,0.0
293.5,0.2868207,0.03067321,0.013402153,0.24486732,2014-04-20 19:00:00,0.0,0.0,0.0,0.0,0.0
294.20142,0.13886946,0.026488226,0.0026463778,0.11079222,2014-04-20 20:00:00,0.0,0.0,0.0,0.0,0.0
294.865,0.043254558,0.01695393,0.013716839,0.016832627,2014-04-20 21:00:00,0.0,0.0,0.0,0.0,0.0
296.1848,0.054081827,0.009534292,0.05037201,0.0010573287,2014-04-20 22:00:00,0.0,0.0,0.0,0.0,0.0
295.77563,0.06386566,0.028077275,0.03188739,0.020854946,2014-04-20 23:00:00,0.0,0.0,0.0,0.0,0.0
294.91187,0.1510058,0.029621776,0.033564903,0.12538612,2014-04-21 00:00:00,0.0,0.0,0.0,0.0,0.0
292.1521,0.364523,0.014515329,0.015081041,0.35867316,2014-04-21 01:00:00,0.0,0.0,0.0,0.0,0.0
290.03735,0.81310207,0.0023709626,0.0,0.81310207,2014-04-21 02:00:00,0.0,0.0,0.0,0.0,0.0
288.24878,0.9767617,0.0031780982,0.0,0.9767617,2014-04-21 03:00:00,0.0,0.0,0.0,0.0,0.0
287.27808,0.97665524,0.02775975,0.107767284,0.97112036,2014-04-21 04:00:00,0.0,1.5279311e-06,0.0,1.6234271e-06,0.0
287.04077,0.9818143,0.056049015,0.2428968,0.9718079,2014-04-21 05:00:00,1.0,3.8198294e-07,0.0,4.297308e-07,0.0
287.27246,0.99337184,0.008620787,0.20554477,0.9901048,2014-04-21 06:00:00,0.0,0.00011361754,0.0,0.000113674585,0.0
286.96582,0.97674394,0.008141857,0.15077847,0.9717578,2014-04-21 07:00:00,0.0,0.0,0.0,0.0,0.0
286.75073,0.9667724,0.0063561946,0.15889734,0.96188045,2014-04-21 08:00:00,0.0,0.0,0.0,0.0,0.0
286.63037,0.9949968,0.13594538,0.10984194,0.9949968,2014-04-21 09:00:00,0.0,0.00015422764,0.0,0.00015409401,0.0
286.2959,0.99675006,0.03681619,0.3020718,0.9918581,2014-04-21 10:00:00,1.0,0.0004497408,0.0,0.00044960715,2.6726156e-07
286.45972,0.97695637,0.024817154,0.6588486,0.9575557,2014-04-21 11:00:00,1.0,0.00020937363,0.0,0.00019727708,1.2001048e-05
285.62427,0.6331568,0.08030504,0.3738839,0.4918453,2014-04-21 12:00:00,1.0,0.00016976228,0.0,0.00015536074,1.4573622e-05
286.8142,0.6556613,0.34896034,0.38514918,0.2983129,2014-04-21 13:00:00,0.0,3.897051e-05,0.0,3.5805366e-05,2.9744606e-06
287.72192,0.32883328,0.15647167,0.13306928,0.19457644,2014-04-21 14:00:00,0.0,9.549569e-08,0.0,0.0,9.549569e-08
289.6582,0.18852317,0.040976964,0.05943574,0.13617712,2014-04-21 15:00:00,0.0,7.639659e-07,0.0,2.0028352e-07,5.7297444e-07
291.2798,0.31814396,0.0026463778,0.029665701,0.29613125,2014-04-21 16:00:00,0.0,0.0,0.0,0.0,0.0
292.38892,0.40524244,0.00053172023,0.0010573287,0.40524244,2014-04-21 17:00:00,0.0,0.0,0.0,0.0,0.0
292.68896,0.099433005,0.0,0.0,0.099433005,2014-04-21 18:00:00,0.0,0.0,0.0,0.0,0.0
292.5183,0.042631667,0.0,0.0,0.042631667,2014-04-21 19:00:00,0.0,0.0,0.0,0.0,0.0
292.11353,0.38208687,0.018977772,0.0,0.3746292,2014-04-21 20:00:00,0.0,0.0,0.0,0.0,0.0
291.16626,0.1702156,0.07226843,0.0,0.10630751,2014-04-21 21:00:00,0.0,0.0,0.0,0.0,0.0
289.94434,0.0,0.0,0.0,0.0,2014-04-21 22:00:00,0.0,0.0,0.0,0.0,0.0
288.90283,0.0,0.0,0.0,0.0,2014-04-21 23:00:00,0.0,0.0,0.0,0.0,0.0
287.7417,0.005370889,0.005370889,0.0,0.0,2014-04-22 00:00:00,0.0,0.0,0.0,0.0,0.0
285.93262,0.014217529,0.014217529,0.0,0.0,2014-04-22 01:00:00,0.0,0.0,0.0,0.0,0.0
284.28784,0.01568178,0.01568178,0.0,0.0,2014-04-22 02:00:00,0.0,0.0,0.0,0.0,0.0
282.1245,0.008910421,0.008910421,0.0,0.0,2014-04-22 03:00:00,0.0,0.0,0.0,0.0,0.0
280.8308,0.0,0.0,0.0,0.0,2014-04-22 04:00:00,0.0,0.0,0.0,0.0,0.0
279.79492,0.0,0.0,0.0,0.0,2014-04-22 05:00:00,0.0,0.0,0.0,0.0,0.0
278.96387,0.0,0.0,0.0,0.0,2014-04-22 06:00:00,0.0,0.0,0.0,0.0,0.0
278.04468,0.0,0.0,0.0,0.0,2014-04-22 07:00:00,0.0,0.0,0.0,0.0,0.0
277.49585,0.0033782488,0.0033782488,0.0,0.0,2014-04-22 08:00:00,0.0,0.0,0.0,0.0,0.0
276.9016,0.0,0.0,0.0,0.0,2014-04-22 09:00:00,0.0,0.0,0.0,0.0,0.0
276.39893,0.0,0.0,0.0,0.0,2014-04-22 10:00:00,0.0,0.0,0.0,0.0,0.0
275.5586,0.52624136,0.0,0.0,0.52624136,2014-04-22 11:00:00,0.0,0.0,0.0,0.0,0.0
275.9331,0.99104196,0.0,0.0,0.99104196,2014-04-22 12:00:00,0.0,0.0,0.0,0.0,0.0
277.56616,0.91861665,0.0,0.0,0.91861665,2014-04-22 13:00:00,0.0,0.0,0.0,0.0,0.0
279.0713,0.28284436,0.0,0.0,0.28284436,2014-04-22 14:00:00,0.0,0.0,0.0,0.0,0.0
281.32617,0.097748935,0.0,0.0,0.097748935,2014-04-22 15:00:00,0.0,0.0,0.0,0.0,0.0
282.76074,0.742674,0.0,0.0,0.742674,2014-04-22 16:00:00,0.0,0.0,0.0,0.0,0.0
284.25024,0.8233197,0.0,0.0,0.8233197,2014-04-22 17:00:00,0.0,0.0,0.0,0.0,0.0
285.28418,0.8820021,0.0,0.0,0.8820021,2014-04-22 18:00:00,0.0,0.0,0.0,0.0,0.0
286.28638,0.7865489,0.0,0.012108464,0.7865489,2014-04-22 19:00:00,0.0,0.0,0.0,0.0,0.0
286.92993,0.3087834,0.0,0.023704533,0.3043086,2014-04-22 20:00:00,0.0,0.0,0.0,0.0,0.0
287.4026,0.0,0.0,0.0,0.0,2014-04-22 21:00:00,0.0,0.0,0.0,0.0,0.0
287.6494,0.15409416,0.0,0.0,0.15409416,2014-04-22 22:00:00,0.0,0.0,0.0,0.0,0.0
287.25977,0.8683422,0.0,0.0,0.8683422,2014-04-22 23:00:00,0.0,0.0,0.0,0.0,0.0
286.53833,0.994415,0.0,0.0,0.994415,2014-04-23 00:00:00,0.0,0.0,0.0,0.0,0.0
284.64575,0.9454265,0.0,0.0,0.9454265,2014-04-23 01:00:00,0.0,0.0,0.0,0.0,0.0
282.04883,0.96887094,0.0,0.010057587,0.96887094,2014-04-23 02:00:00,0.0,0.0,0.0,0.0,0.0
280.05078,0.8594036,0.0,0.030511692,0.8572997,2014-04-23 03:00:00,0.0,0.0,0.0,0.0,0.0
279.59155,0.9717904,0.0,0.0,0.9717904,2014-04-23 04:00:00,0.0,0.0,0.0,0.0,0.0
279.12378,0.93193394,0.0,0.0,0.93193394,2014-04-23 05:00:00,0.0,0.0,0.0,0.0,0.0
278.86523,0.87618005,0.0,0.037925433,0.8709064,2014-04-23 06:00:00,0.0,0.0,0.0,0.0,0.0
278.5459,0.9753721,0.0,0.06198117,0.9732511,2014-04-23 07:00:00,0.0,0.0,0.0,0.0,0.0
278.3894,0.98999023,0.0,0.0645532,0.98999023,2014-04-23 08:00:00,0.0,0.0,0.0,0.0,0.0
278.20142,0.9989426,0.0,0.12267965,0.9989426,2014-04-23 09:00:00,0.0,0.0,0.0,0.0,0.0
278.16333,0.9978433,0.0,0.35750556,0.9978433,2014-04-23 10:00:00,0.0,0.0,0.0,0.0,0.0
278.14404,1.0,0.0,0.7977895,1.0,2014-04-23 11:00:00,0.0,0.0,0.0,0.0,0.0
278.41846,1.0,0.0,0.98316735,1.0,2014-04-23 12:00:00,0.0,0.0,0.0,0.0,0.0
279.22046,1.0,0.0,1.0,1.0,2014-04-23 13:00:00,0.0,0.0,0.0,0.0,0.0
279.96948,1.0,0.0,1.0,1.0,2014-04-23 14:00:00,0.0,0.0,0.0,0.0,0.0
280.71362,1.0,0.0,1.0,1.0,2014-04-23 15:00:00,0.0,1.0690455e-06,0.0,0.0,1.0690455e-06
281.03882,1.0,0.0,1.0,1.0,2014-04-23 16:00:00,1.0,1.8441671e-05,0.0,0.0,1.8555758e-05
280.83154,1.0,0.0,1.0,1.0,2014-04-23 17:00:00,1.0,5.893322e-05,0.0,5.07797e-06,5.4218006e-05
280.6631,1.0,0.0,0.998375,1.0,2014-04-23 18:00:00,1.0,0.00043417094,0.0,0.00036398857,7.005803e-05
279.8955,1.0,0.0,1.0,1.0,2014-04-23 19:00:00,1.0,0.000539809,0.0,0.0,0.00053990446
280.21118,0.9978433,0.0,0.9919827,0.9833648,2014-04-23 20:00:00,1.0,0.0008958299,0.0,0.00044646044,0.0004489685
279.54736,1.0,0.002103883,0.9599586,0.99262583,2014-04-23 21:00:00,1.0,0.0012836908,0.0,0.0009333056,0.0003506816
279.17188,1.0,0.019886218,0.91054887,1.0,2014-04-23 22:00:00,1.0,0.00087042525,0.0,0.0005375983,0.00033274107
278.7881,1.0,0.02263724,1.0,0.9492101,2014-04-23 23:00:00,1.0,0.00041887094,0.0,2.5783847e-06,0.00041629258
278.49072,0.99289286,0.007638801,0.98868513,0.9271455,2014-04-24 00:00:00,1.0,0.0005015442,0.0,0.00016662038,0.00033510523
278.4839,0.9879976,0.041913114,0.9729481,0.86580133,2014-04-24 01:00:00,1.0,0.0005838566,0.0,0.00034950068,0.00023450803
278.77295,0.99600405,0.07636565,0.9906691,0.89971864,2014-04-24 02:00:00,1.0,0.00026024762,0.0,0.00011284834,0.00014745633
278.92847,0.998375,0.091444135,0.97270393,0.9277215,2014-04-24 03:00:00,1.0,6.4766966e-05,0.0,0.0,6.4766966e-05
279.08276,1.0,0.03802553,0.9693224,1.0,2014-04-24 04:00:00,0.0,8.080563e-06,0.0,0.0,8.080563e-06
279.45825,1.0,0.038296368,0.9966217,1.0,2014-04-24 05:00:00,1.0,1.927866e-06,0.0,0.0,1.927866e-06
279.82788,1.0,0.20578438,1.0,1.0,2014-04-24 06:00:00,1.0,4.980962e-05,0.0,0.0,4.980962e-05
279.82837,1.0,0.7000079,1.0,1.0,2014-04-24 07:00:00,1.0,3.823798e-05,0.0,0.0,3.8333485e-05
279.71582,1.0,0.9592103,1.0,1.0,2014-04-24 08:00:00,1.0,0.00014051185,0.0,0.0,0.00014068361
279.41846,1.0,0.9141372,1.0,1.0,2014-04-24 09:00:00,1.0,0.00041971635,0.0,0.0,0.00041944906
278.98975,1.0,0.9592103,1.0,1.0,2014-04-24 10:00:00,1.0,0.00056656613,0.0,8.833355e-06,0.0005577805
278.55298,1.0,0.9627722,1.0,1.0,2014-04-24 11:00:00,1.0,0.00058958307,0.0,0.00011627689,0.00047343038
278.2046,1.0,0.9989426,1.0,1.0,2014-04-24 12:00:00,1.0,0.00076614646,0.0,0.00010788845,0.0006582674
278.02246,1.0,1.0,1.0,1.0,2014-04-24 13:00:00,1.0,0.00069837435,0.0,0.000101549245,0.0005964725
277.9519,1.0,1.0,1.0,1.0,2014-04-24 14:00:00,1.0,0.0014054156,0.0,0.0009061191,0.0004996776
277.80713,1.0,1.0,1.0,1.0,2014-04-24 15:00:00,1.0,0.0014925385,0.0,0.0008160784,0.0006764026
277.91504,1.0,1.0,0.99214685,0.99657166,2014-04-24 16:00:00,1.0,0.0017359138,0.0,0.00036561047,0.0013703124
278.04834,1.0,1.0,1.0,0.94151413,2014-04-24 17:00:00,1.0,0.00195727,0.0,0.0003523077,0.0016053435
278.3943,1.0,1.0,1.0,0.8178928,2014-04-24 18:00:00,1.0,0.0015480244,0.0,0.000347937,0.0012001155
278.82007,1.0,1.0,1.0,0.774514,2014-04-24 19:00:00,1.0,0.0009119136,0.0,0.0,0.0009123904
279.29932,1.0,1.0,0.97550267,0.85510385,2014-04-24 20:00:00,1.0,0.00038913055,0.0,0.0,0.0003890351
279.84497,1.0,1.0,0.91394764,0.15826452,2014-04-24 21:00:00,1.0,5.5031065e-05,0.0,0.0,5.5393815e-05
280.26953,1.0,1.0,0.5523744,0.002103883,2014-04-24 22:00:00,1.0,1.1978633e-05,0.0,0.0,1.2054903e-05
280.18164,1.0,1.0,0.17988402,0.0,2014-04-24 23:00:00,1.0,2.325858e-06,0.0,0.0,2.2117783e-06
279.95264,1.0,1.0,0.0,0.43051708,2014-04-25 00:00:00,1.0,3.813414e-07,0.0,0.0,3.813414e-07
280.0188,0.9942508,0.99371904,0.0,0.06077655,2014-04-25 01:00:00,1.0,0.0,0.0,0.0,0.0
279.7693,0.9762869,0.9762869,0.0,0.009027701,2014-04-25 02:00:00,0.0,7.2551467e-07,0.0,0.0,6.300189e-07
279.12402,0.87912905,0.87912905,0.0,0.00053172023,2014-04-25 03:00:00,1.0,7.2551467e-07,0.0,0.0,9.927762e-07
278.54053,0.5549927,0.55446094,0.0,0.00053172023,2014-04-25 04:00:00,1.0,4.191511e-07,0.0,0.0,3.050713e-07
278.5681,0.18227583,0.18227583,0.0,0.0,2014-04-25 05:00:00,0.0,0.0,0.0,0.0,0.0
277.01758,0.032951467,0.032951467,0.0,0.0,2014-04-25 06:00:00,0.0,0.0,0.0,0.0,0.0
275.34033,0.0033782488,0.0033782488,0.0,0.0,2014-04-25 07:00:00,0.0,0.0,0.0,0.0,0.0
275.0083,0.005003199,0.005003199,0.0,0.0,2014-04-25 08:00:00,0.0,0.0,0.0,0.0,0.0
274.8994,0.015096433,0.015096433,0.0,0.0,2014-04-25 09:00:00,0.0,0.0,0.0,0.0,0.0
274.8015,0.03829594,0.03829594,0.0,0.0,2014-04-25 10:00:00,0.0,0.0,0.0,0.0,0.0
275.16235,0.0065169036,0.0065169036,0.0,0.0,2014-04-25 11:00:00,0.0,0.0,0.0,0.0,0.0
275.92993,0.0032499009,0.0032499009,0.0,0.0,2014-04-25 12:00:00,0.0,0.0,0.0,0.0,0.0
277.91675,0.061126065,0.061126065,0.0,0.0,2014-04-25 13:00:00,1.0,0.0,0.0,0.0,0.0
280.521,0.20243311,0.20243311,0.0,0.0,2014-04-25 14:00:00,1.0,0.0,0.0,0.0,0.0
282.64844,0.57084435,0.57084435,0.0,0.0,2014-04-25 15:00:00,0.0,0.0,0.0,0.0,0.0
284.1228,0.5149587,0.5149587,0.0,0.0,2014-04-25 16:00:00,1.0,9.908417e-07,0.0,1.1244729e-06,0.0
284.9297,0.2305044,0.13106138,0.12928772,0.0,2014-04-25 17:00:00,1.0,9.540176e-05,0.0,9.505855e-05,0.0
286.1787,0.60196924,0.078124166,0.58349454,0.0,2014-04-25 18:00:00,1.0,0.0001306827,0.0,0.00013071156,0.0
287.31616,0.3946296,0.13341206,0.36326295,0.0,2014-04-25 19:00:00,1.0,8.135021e-05,0.0,8.139797e-05,0.0
287.92114,0.31238204,0.070271075,0.29728562,0.0,2014-04-25 20:00:00,1.0,0.00014105876,0.0,0.00014103056,0.0
288.7981,0.4951033,0.24267137,0.33622307,0.0,2014-04-25 21:00:00,0.0,4.3612672e-05,0.0,4.3612672e-05,0.0
289.19067,0.4235472,0.05527377,0.4151829,0.0,2014-04-25 22:00:00,0.0,0.0,0.0,0.0,0.0
289.09717,0.12381387,0.058023058,0.09982139,0.00053172023,2014-04-25 23:00:00,0.0,0.0,0.0,0.0,0.0
288.52222,0.0873301,0.07100642,0.07291621,0.0010573287,2014-04-26 00:00:00,0.0,0.0,0.0,0.0,0.0
286.5066,0.089669645,0.05191993,0.08756578,0.0,2014-04-26 01:00:00,0.0,0.0,0.0,0.0,0.0
284.49756,0.0510503,0.03802403,0.04431821,0.0,2014-04-26 02:00:00,0.0,0.0,0.0,0.0,0.0
282.58228,0.010009766,0.009478044,0.005006563,0.0,2014-04-26 03:00:00,0.0,0.0,0.0,0.0,0.0
281.29688,0.011022855,0.010491136,0.005273644,0.0,2014-04-26 04:00:00,0.0,0.0,0.0,0.0,0.0
279.89478,0.037479036,0.0033782488,0.0,0.03411789,2014-04-26 05:00:00,0.0,0.0,0.0,0.0,0.0
278.73096,0.026123732,0.0,0.0,0.026123732,2014-04-26 06:00:00,0.0,0.0,0.0,0.0,0.0
277.78076,0.0,0.0,0.0,0.0,2014-04-26 07:00:00,0.0,0.0,0.0,0.0,0.0
276.96802,0.025393363,0.0,0.0,0.025393363,2014-04-26 08:00:00,0.0,0.0,0.0,0.0,0.0
276.3606,0.48736548,0.0,0.0,0.48736548,2014-04-26 09:00:00,0.0,0.0,0.0,0.0,0.0
275.67773,0.05277777,0.0,0.0,0.05277777,2014-04-26 10:00:00,0.0,0.0,0.0,0.0,0.0
275.27124,0.005006563,0.005006563,0.0,0.0,2014-04-26 11:00:00,0.0,0.0,0.0,0.0,0.0
275.57837,0.24116355,0.0033782488,0.0,0.23778528,2014-04-26 12:00:00,0.0,0.0,0.0,0.0,0.0
276.52295,0.6684286,0.0,0.0,0.6684286,2014-04-26 13:00:00,0.0,0.0,0.0,0.0,0.0
277.7998,0.9825204,0.0,0.004207764,0.9825204,2014-04-26 14:00:00,0.0,0.0,0.0,0.0,0.0
279.70654,0.9687446,0.0,0.066815555,0.9687446,2014-04-26 15:00:00,0.0,0.0,0.0,0.0,0.0
280.77393,0.99336845,0.0,0.3899277,0.99336845,2014-04-26 16:00:00,0.0,0.0,0.0,0.0,0.0
282.2871,0.98200905,0.0,0.24597502,0.98200905,2014-04-26 17:00:00,0.0,0.0,0.0,0.0,0.0
283.98584,0.989539,0.0,0.3785072,0.9850642,2014-04-26 18:00:00,0.0,0.0,0.0,0.0,0.0
285.19775,0.9246917,0.0,0.27514702,0.9180708,2014-04-26 19:00:00,1.0,4.781918e-05,0.0,4.7742593e-05,0.0
285.6084,0.9438847,0.0,0.21012658,0.9346453,2014-04-26 20:00:00,0.0,1.2561294e-05,0.0,1.2561294e-05,0.0
286.22266,0.98326087,0.0,0.6255545,0.9732511,2014-04-26 21:00:00,0.0,0.0,0.0,0.0,0.0
286.0027,1.0,0.0,0.9630189,1.0,2014-04-26 22:00:00,0.0,0.0,0.0,0.0,0.0
285.68677,1.0,0.0,0.6929065,0.98963964,2014-04-26 23:00:00,0.0,1.9099144e-07,0.0,2.0028352e-07,0.0
285.03174,0.9957922,0.0,0.78780234,0.9957922,2014-04-27 00:00:00,0.0,0.0,0.0,0.0,0.0
284.3684,1.0,0.0,0.9460719,1.0,2014-04-27 01:00:00,1.0,6.471522e-05,0.0,6.481039e-05,0.0
283.3225,1.0,0.0,0.96633786,0.99736434,2014-04-27 02:00:00,1.0,0.00024717534,0.0,0.00024687988,0.0
281.9265,1.0,0.0,0.96028763,0.99420315,2014-04-27 03:00:00,1.0,0.00039519137,0.0,0.0003952484,0.0
281.20068,0.99946827,0.0,0.961095,0.99736434,2014-04-27 04:00:00,0.0,0.00013186308,0.0,0.00010590728,2.614646e-05
280.88257,1.0,0.0,0.93857193,1.0,2014-04-27 05:00:00,0.0,3.5618577e-05,0.0,2.659556e-05,8.689422e-06
280.2898,0.99336845,0.0,0.8132826,0.98935544,2014-04-27 06:00:00,0.0,0.00011022328,0.0,0.00010901099,1.2029932e-06
279.7295,1.0,0.0,0.925761,0.9876192,2014-04-27 07:00:00,1.0,3.7808408e-05,0.0,3.422638e-05,3.4679479e-06
278.8706,1.0,0.0,0.976428,0.9860471,2014-04-27 08:00:00,1.0,0.00033270754,0.0,0.00031542312,1.7790502e-05
278.0857,1.0,0.004207764,1.0,0.9978961,2014-04-27 09:00:00,1.0,0.00015916674,0.0,7.424511e-05,8.515043e-05
277.67822,1.0,0.027881376,1.0,1.0,2014-04-27 10:00:00,1.0,8.110188e-05,0.0,2.806879e-06,7.842864e-05
277.469,1.0,0.028830204,1.0,1.0,2014-04-27 11:00:00,1.0,0.00014903574,0.0,1.5612604e-05,0.00013360451
277.4607,1.0,0.07752681,1.0,1.0,2014-04-27 12:00:00,1.0,0.00017873895,0.0,5.0928385e-05,0.00012777242
277.47925,1.0,0.17577338,1.0,1.0,2014-04-27 13:00:00,1.0,0.00012667086,0.0,5.9091355e-05,6.73507e-05
277.292,1.0,0.7163755,0.99946827,1.0,2014-04-27 14:00:00,1.0,0.00015949889,0.0,4.8463466e-05,0.000111169036
277.18677,1.0,1.0,0.9878553,1.0,2014-04-27 15:00:00,1.0,0.00011944643,0.0,2.076241e-05,9.823537e-05
277.70752,1.0,1.0,0.9989426,0.9878915,2014-04-27 16:00:00,1.0,5.4649267e-05,0.0,2.6403111e-05,2.824614e-05
277.61255,1.0,1.0,1.0,0.98498976,2014-04-27 17:00:00,1.0,0.00027619768,0.0,7.323691e-05,0.00020296086
277.2317,1.0,1.0,0.98286563,1.0,2014-04-27 18:00:00,1.0,0.00028478587,0.0,3.220502e-05,0.0002527146
277.15747,1.0,1.0,0.996786,1.0,2014-04-27 19:00:00,1.0,0.001900546,0.0,0.0014489456,0.00045141904
277.59302,1.0,1.0,0.99206334,1.0,2014-04-27 20:00:00,1.0,0.000820993,0.0,0.0003912279,0.00042966986
278.40918,1.0,1.0,0.9941755,1.0,2014-04-27 21:00:00,1.0,0.0007400352,0.0,0.0005367957,0.00020310571
278.30347,1.0,1.0,0.9906215,1.0,2014-04-27 22:00:00,1.0,0.00011897797,0.0,0.0,0.00011909206
278.39185,1.0,0.99604,0.9711829,1.0,2014-04-27 23:00:00,1.0,7.136179e-05,0.0,0.0,7.1380375e-05
278.66455,1.0,0.69241863,0.86648035,1.0,2014-04-28 00:00:00,1.0,8.383831e-05,0.0,9.220525e-06,7.457966e-05
278.84644,1.0,0.10946262,0.99946827,1.0,2014-04-28 01:00:00,1.0,8.742123e-05,0.0,4.3724474e-05,4.3839667e-05
279.08008,0.99946827,0.024249565,0.029147536,0.99946827,2014-04-28 02:00:00,0.0,1.1638923e-05,0.0,4.0089236e-07,1.13716615e-05
279.4121,1.0,0.13870442,0.203623,1.0,2014-04-28 03:00:00,1.0,0.0001271156,0.0,0.00010397297,2.3142624e-05
279.1482,0.995108,0.7262877,0.55950546,0.9798862,2014-04-28 04:00:00,1.0,0.0017988016,0.0,0.0017344761,6.418252e-05
279.0232,1.0,0.9902407,0.6646674,0.97402304,2014-04-28 05:00:00,1.0,0.002434846,0.0,0.0023462852,8.847575e-05
279.3806,1.0,0.95514584,0.6482206,0.9920941,2014-04-28 06:00:00,1.0,0.0017068016,0.0,0.0016760617,3.0663185e-05
279.54053,1.0,0.6606616,0.870589,0.777946,2014-04-28 07:00:00,1.0,0.0004499182,0.0,0.00043267687,1.7289232e-05
279.54053,1.0,1.0,0.6393353,0.9732722,2014-04-28 08:00:00,1.0,0.0008728318,0.0,0.00080212625,7.071521e-05
279.37158,1.0,1.0,0.60970515,1.0,2014-04-28 09:00:00,1.0,0.0005172021,0.0,0.00043224148,8.467541e-05
279.28027,1.0,1.0,0.9460461,1.0,2014-04-28 10:00:00,1.0,0.00013565751,0.0,4.1425546e-06,0.00013164859
279.12427,1.0,1.0,0.86311877,1.0,2014-04-28 11:00:00,1.0,0.000345974,0.0,0.00020217561,0.00014321698
278.96606,1.0,1.0,0.9471108,1.0,2014-04-28 12:00:00,1.0,0.0011137673,0.0,0.0009872625,0.0001264859
278.8291,1.0,1.0,0.9641013,0.9704768,2014-04-28 13:00:00,1.0,0.0012159036,0.0,0.0010731462,0.0001429768
278.73608,1.0,1.0,1.0,0.95732605,2014-04-28 14:00:00,1.0,0.0012897637,0.0,0.0011218409,0.00016751209
278.58618,1.0,1.0,1.0,0.986526,2014-04-28 15:00:00,1.0,0.0011286885,0.0,0.000757148,0.00037163543
278.4961,1.0,1.0,1.0,1.0,2014-04-28 16:00:00,1.0,0.001666418,0.0,0.00077183964,0.000894655
278.74976,1.0,1.0,1.0,1.0,2014-04-28 17:00:00,1.0,0.0023168311,0.0,0.0007169263,0.0015996185
278.85303,1.0,1.0,1.0,1.0,2014-04-28 18:00:00,1.0,0.003757862,0.0,0.00065794797,0.0031000949
279.02588,1.0,0.9832421,1.0,1.0,2014-04-28 19:00:00,1.0,0.002812403,0.0,0.0,0.002812403
279.1714,1.0,1.0,1.0,1.0,2014-04-28 20:00:00,1.0,0.0018020063,0.0,0.0,0.0018021017
279.56152,1.0,0.97997034,0.9978792,0.9968219,2014-04-28 21:00:00,1.0,0.0011989514,0.0,0.0,0.0011986461
279.73804,1.0,0.9932679,0.9064375,0.97463053,2014-04-28 22:00:00,1.0,0.00040720566,0.0,0.0,0.00040705246
279.86548,1.0,0.9797891,0.8115744,0.9357523,2014-04-28 23:00:00,1.0,0.0001873122,0.0,8.499017e-05,0.000102055405
279.85156,1.0,1.0,0.5939076,0.46384633,2014-04-29 00:00:00,1.0,0.0002991641,0.0,0.00022343535,7.5671895e-05
279.78857,1.0,0.997629,0.67688423,0.42177474,2014-04-29 01:00:00,1.0,0.0002821465,0.0,0.0001997274,8.203789e-05
279.8474,1.0,1.0,0.5973024,0.46336228,2014-04-29 02:00:00,1.0,0.00013049324,0.0,8.862687e-05,4.2152198e-05
279.84668,1.0,1.0,0.7637423,0.56071764,2014-04-29 03:00:00,1.0,0.00019980632,0.0,0.00018212061,1.7580911e-05
279.65796,0.9989426,0.9989426,0.9650348,0.5829745,2014-04-29 04:00:00,1.0,0.0001415791,0.0,8.672637e-05,5.4623582e-05
279.4204,1.0,1.0,0.96618116,0.6382693,2014-04-29 05:00:00,1.0,0.00021078683,0.0,9.1572554e-05,0.000118851516
279.06177,1.0,1.0,0.97390145,0.6348679,2014-04-29 06:00:00,1.0,0.0003433316,0.0,6.945271e-05,0.00027387892
278.7898,1.0,1.0,0.96261334,0.8353707,2014-04-29 07:00:00,1.0,2.3102897e-05,0.0,0.0,2.2835637e-05
278.31494,1.0,1.0,0.997629,0.85515344,2014-04-29 08:00:00,1.0,0.0002499791,0.0,0.0,0.0002499791
278.09082,1.0,1.0,1.0,0.8619511,2014-04-29 09:00:00,1.0,0.0005645673,0.0,0.0,0.0005644532
277.5481,1.0,1.0,1.0,0.9332712,2014-04-29 10:00:00,1.0,0.00065193884,0.0,0.0,0.00065195747
277.0066,1.0,1.0,1.0,0.991298,2014-04-29 11:00:00,1.0,0.00087534054,0.0,0.0,0.0008752451
276.7483,1.0,0.9932679,1.0,0.8557692,2014-04-29 12:00:00,1.0,0.0009135362,0.0,0.0,0.000914013
276.25293,1.0,1.0,1.0,0.7966108,2014-04-29 13:00:00,7.0,0.000995974,1.6288177e-05,0.0,0.000995974
275.90186,1.0,1.0,1.0,0.9511317,2014-04-29 14:00:00,7.0,0.0012842105,0.00029143714,0.0,0.0012842105
275.85132,1.0,1.0,1.0,0.998375,2014-04-29 15:00:00,7.0,0.0015584955,0.00065083685,0.0,0.0015584955
276.08398,1.0,1.0,0.998375,1.0,2014-04-29 16:00:00,1.0,0.0013150265,0.00039927312,0.0,0.001315122
276.64575,1.0,1.0,1.0,1.0,2014-04-29 17:00:00,1.0,0.0009494426,2.9566392e-05,0.0,0.00094917533
276.66895,1.0,1.0,1.0,1.0,2014-04-29 18:00:00,1.0,0.00064622075,1.5637424e-06,0.0,0.0006463162
276.73242,1.0,1.0,1.0,1.0,2014-04-29 19:00:00,1.0,0.00061669387,0.0,0.0,0.00061652204
276.48682,1.0,1.0,1.0,0.9882647,2014-04-29 20:00:00,1.0,0.0006844299,0.0,0.0,0.00068463944
276.21753,1.0,1.0,0.9905219,0.97752875,2014-04-29 21:00:00,7.0,0.00075168815,1.7739483e-05,1.3363078e-06,0.0007505615
275.95532,1.0,0.95716566,1.0,0.9858937,2014-04-29 22:00:00,7.0,0.0007419721,3.4961573e-05,0.0,0.0007419721
275.81006,1.0,0.9705938,0.99627113,0.897311,2014-04-29 23:00:00,1.0,0.00072463625,3.3772754e-05,0.0,0.00072452216
275.34766,1.0,1.0,1.0,0.7851961,2014-04-30 00:00:00,1.0,0.00070102606,4.571023e-05,0.0,0.00070102606
275.323,1.0,1.0,1.0,0.8518163,2014-04-30 01:00:00,1.0,0.0006296942,8.071195e-05,0.0,0.0006296942
275.1775,1.0,1.0,1.0,0.80834085,2014-04-30 02:00:00,1.0,0.000555821,0.00010395437,0.0,0.00055580237
275.18066,1.0,1.0,0.99371904,0.73728013,2014-04-30 03:00:00,1.0,0.0004421845,5.8259408e-05,0.0,0.0004421845
275.16406,1.0,1.0,0.99393606,0.650434,2014-04-30 04:00:00,1.0,0.00032572332,1.7506449e-05,0.0,0.00032572332
275.18213,1.0,1.0,0.91716206,0.345092,2014-04-30 05:00:00,1.0,0.00027635973,1.2251974e-05,0.0,0.000276302
275.25854,1.0,1.0,0.76285964,0.28062934,2014-04-30 06:00:00,1.0,0.00023971905,1.0719396e-05,0.0,0.00023971905
275.3457,1.0,1.0,0.7741813,0.3746978,2014-04-30 07:00:00,1.0,5.192723e-05,2.1009055e-06,0.0,5.192723e-05
275.39185,0.99675006,0.995108,0.82448846,0.40871555,2014-04-30 08:00:00,1.0,0.00024758535,8.697677e-05,0.000117381394,0.00013008992
275.52173,0.9785506,0.9011548,0.9088094,0.53497154,2014-04-30 09:00:00,1.0,0.00065732794,0.00035919412,0.00047405367,0.0001829312
275.58447,1.0,1.0,0.96527195,0.48808402,2014-04-30 10:00:00,1.0,0.0005160386,0.00017056876,0.00025060517,0.00026575755
275.63647,1.0,1.0,0.9383651,0.37855148,2014-04-30 11:00:00,1.0,0.0004230102,9.1396854e-05,9.9554934e-05,0.00032358896
275.76172,1.0,1.0,0.9773753,0.039855734,2014-04-30 12:00:00,1.0,0.0003072652,4.750913e-06,0.0,0.0003072652
276.0669,1.0,1.0,0.9904719,0.033665255,2014-04-30 13:00:00,1.0,0.00021451841,5.013526e-07,0.0,0.00021451841
276.67505,1.0,1.0,0.97868043,0.0010573287,2014-04-30 14:00:00,1.0,0.00017407181,0.0,0.0,0.00017407181
277.0874,1.0,1.0,0.9386469,0.0068879165,2014-04-30 15:00:00,1.0,0.00012127435,0.0,7.431318e-07,0.000120569355
277.74072,1.0,1.0,0.88057154,0.005298864,2014-04-30 16:00:00,1.0,0.000106619336,0.0,2.4053543e-06,0.00010427166
278.56714,1.0,1.0,0.9442175,0.010066014,2014-04-30 17:00:00,1.0,0.0001145525,0.0,0.0,0.000114610186
278.64624,1.0,1.0,0.9171367,0.0,2014-04-30 18:00:00,1.0,0.00014744085,0.0,8.285109e-06,0.00013915575
279.14722,1.0,1.0,0.98592716,0.015865266,2014-04-30 19:00:00,1.0,0.00012215249,0.0,6.68154e-07,0.00012106486
279.114,1.0,1.0,0.9827996,0.026437782,2014-04-30 20:00:00,1.0,0.00016923118,0.0,0.0,0.00016913567
279.125,0.998375,0.998375,0.96459687,0.038842235,2014-04-30 21:00:00,1.0,0.00015564637,0.0,6.68154e-07,0.00015526502
278.938,0.99683875,0.99310994,0.96990395,0.1175707,2014-04-30 22:00:00,1.0,0.00011441921,0.0,2.138092e-06,0.00011233881
279.00513,0.9872021,0.9827273,0.9269052,0.106209636,2014-04-30 23:00:00,1.0,0.000104991384,0.0,8.017848e-07,0.00010445686
278.8999,1.0,0.99736434,0.92060757,0.080102205,2014-05-01 00:00:00,1.0,0.000110569934,0.0,0.0,0.0001101886
278.9734,0.9915844,0.9889488,0.85294247,0.008476965,2014-05-01 01:00:00,1.0,0.000118013486,0.0,1.3363075e-07,0.00011763214
278.9712,0.9978961,0.9957922,0.7997909,0.018492535,2014-05-01 02:00:00,1.0,0.00015497344,0.0,1.5365913e-06,0.00015317887
278.76904,1.0,1.0,0.8929809,0.02057467,2014-05-01 03:00:00,1.0,0.0001736995,0.0,3.149773e-06,0.00017037765
278.51562,1.0,1.0,0.9286273,0.027772523,2014-05-01 04:00:00,1.0,0.0001455789,0.0,2.2621061e-06,0.00014323059
278.25977,1.0,1.0,0.9737072,0.047381163,2014-05-01 05:00:00,1.0,0.00016893927,0.0,1.7942357e-06,0.00016727866
278.01123,1.0,1.0,0.97020113,0.08905113,2014-05-01 06:00:00,1.0,0.00025421544,0.0,8.780503e-07,0.00025328016
277.66895,1.0,1.0,0.97900367,0.06655967,2014-05-01 07:00:00,1.0,0.00023932567,0.0,6.1264327e-06,0.00023313194
277.448,1.0,1.0,0.9701351,0.027624447,2014-05-01 08:00:00,1.0,0.00031809858,0.0,0.00011532518,0.00020336437
277.1289,1.0,1.0,0.9820058,0.09938562,2014-05-01 09:00:00,1.0,0.0003205638,0.0,5.1135372e-05,0.00026960997
276.83716,1.0,1.0,0.9698671,0.050751567,2014-05-01 10:00:00,1.0,0.00045827357,0.0,8.310133e-05,0.00037519122
276.47827,1.0,1.0,0.9875391,0.033231348,2014-05-01 11:00:00,1.0,0.0004049274,0.0,9.0783054e-05,0.00031432556
276.46338,1.0,1.0,1.0,0.011203606,2014-05-01 12:00:00,1.0,0.00029148674,0.0,9.086893e-06,0.00028213253
276.7256,1.0,1.0,1.0,0.0,2014-05-01 13:00:00,1.0,0.0002688237,0.0,0.0,0.0002688237
277.08472,1.0,1.0,0.9859943,0.0,2014-05-01 14:00:00,1.0,0.00025636563,0.0,0.0,0.00025663292
277.8164,1.0,1.0,0.987647,0.0,2014-05-01 15:00:00,1.0,0.00021210576,0.0,0.0,0.00021221983
278.531,1.0,1.0,0.84087414,0.0,2014-05-01 16:00:00,1.0,0.00012804053,0.0,0.0,0.00012804053
279.35864,1.0,1.0,0.90146685,0.02049148,2014-05-01 17:00:00,1.0,0.000113858405,0.0,0.0,0.000113858405
280.1272,1.0,1.0,0.9342101,0.051050477,2014-05-01 18:00:00,1.0,0.00020895532,0.0,0.0,0.00020859255
280.6621,1.0,1.0,0.8968405,0.07132137,2014-05-01 19:00:00,1.0,8.6248125e-05,0.0,0.0,8.6248125e-05
281.32593,1.0,1.0,0.6550813,0.31234872,2014-05-01 20:00:00,1.0,7.746427e-05,0.0,7.1621804e-07,7.690987e-05
281.97925,1.0,1.0,0.67451817,0.59932095,2014-05-01 21:00:00,0.0,2.0496955e-05,0.0,1.3363075e-07,2.0592444e-05
282.23462,1.0,1.0,0.50802034,0.70315725,2014-05-01 22:00:00,0.0,7.837668e-06,0.0,2.6726156e-07,7.665903e-06
282.4414,1.0,1.0,0.217861,0.6592819,2014-05-01 23:00:00,0.0,1.5824007e-06,0.0,0.0,1.5824007e-06
282.28687,1.0,1.0,0.1649788,0.42231327,2014-05-02 00:00:00,0.0,0.0,0.0,0.0,0.0
282.01367,0.98879635,0.98879635,0.28574568,0.10933763,2014-05-02 01:00:00,0.0,0.0,0.0,0.0,0.0
281.61157,0.98554647,0.98554647,0.046061806,0.005298864,2014-05-02 02:00:00,0.0,2.6726156e-07,0.0,2.6726156e-07,0.0
281.05493,0.8071091,0.8071091,0.0,0.0,2014-05-02 03:00:00,0.0,3.627573e-07,0.0,3.1500946e-07,0.0
280.78027,0.63376683,0.63376683,0.020286221,0.0,2014-05-02 04:00:00,0.0,0.0,0.0,4.7747868e-08,0.0
280.2932,0.5666576,0.5666576,0.037803043,0.0,2014-05-02 05:00:00,0.0,0.0,0.0,0.0,0.0
280.03906,0.5617923,0.5568062,0.07458532,0.0,2014-05-02 06:00:00,0.0,0.0,0.0,0.0,0.0
279.76978,0.64475405,0.46322364,0.1344651,0.28188556,2014-05-02 07:00:00,0.0,0.0,0.0,0.0,0.0
279.61133,0.92637503,0.25693876,0.17549586,0.90159935,2014-05-02 08:00:00,0.0,0.0,0.0,0.0,0.0
279.06226,0.9942007,0.1585021,0.2028693,0.9891773,2014-05-02 09:00:00,0.0,0.0,0.0,0.0,0.0
278.64722,0.9762821,0.16165584,0.3595811,0.96306175,2014-05-02 10:00:00,0.0,0.0,0.0,0.0,0.0
278.67163,0.98730457,0.059583157,0.8309634,0.94663393,2014-05-02 11:00:00,0.0,0.0,0.0,0.0,0.0
278.78418,0.9366128,0.0057492107,0.85951316,0.7026512,2014-05-02 12:00:00,0.0,0.0,0.0,0.0,0.0
279.65723,0.9830965,0.01821341,0.9796755,0.024857067,2014-05-02 13:00:00,0.0,0.0,0.0,0.0,0.0
281.0232,0.9909002,0.011474017,0.9909002,0.0,2014-05-02 14:00:00,1.0,9.9955825e-05,0.0,9.9688565e-05,0.0
282.56348,0.78187954,0.0,0.78187954,0.31409,2014-05-02 15:00:00,1.0,0.0005293209,0.0,0.0005275863,2.2880477e-06
284.11328,0.6989973,0.0,0.6955629,0.07885516,2014-05-02 16:00:00,1.0,0.00037638634,0.0,0.00037232717,3.7730197e-06
285.77588,0.6932203,0.0,0.6932203,0.0,2014-05-02 17:00:00,0.0,0.0003055504,0.0,0.00030506426,3.813414e-07
286.94824,0.85848206,0.5895178,0.64690375,0.0,2014-05-02 18:00:00,0.0,2.6726157e-06,0.0,2.5389845e-06,0.0
287.3777,0.8898373,0.68621093,0.8646827,0.0,2014-05-02 19:00:00,1.0,0.00016965698,0.0,0.00014400037,2.5676141e-05
286.62207,0.76286906,0.18904251,0.7422459,0.0,2014-05-02 20:00:00,1.0,0.00021695331,0.0,0.0001676479,4.9114722e-05
286.52075,0.53002214,0.29929537,0.48805016,0.0,2014-05-02 21:00:00,1.0,6.344775e-05,0.0,5.5539276e-05,7.985067e-06
286.78906,0.4765905,0.24140012,0.428365,0.0,2014-05-02 22:00:00,1.0,9.695707e-06,0.0,9.991166e-06,0.0
286.53638,0.386831,0.23312241,0.32107878,0.0,2014-05-02 23:00:00,1.0,0.0004205876,0.0,0.0004192153,1.258104e-06
285.66553,0.37773293,0.1686846,0.31550336,0.0,2014-05-03 00:00:00,1.0,0.00048738625,0.0,0.00046598306,2.0897467e-05
285.0061,0.35892463,0.2831986,0.25309068,0.0,2014-05-03 01:00:00,0.0,2.3830231e-05,0.0,0.0,2.3830231e-05
284.02222,0.29765105,0.21784526,0.25732785,0.0,2014-05-03 02:00:00,0.0,5.183655e-06,0.0,0.0,5.3554204e-06
282.5044,0.044038817,0.031932686,0.040153254,0.0,2014-05-03 03:00:00,0.0,0.0,0.0,0.0,0.0
281.2439,0.0,0.0,0.0,0.0,2014-05-03 04:00:00,0.0,0.0,0.0,0.0,0.0
280.4226,0.08052528,0.0023709626,0.0,0.078154325,2014-05-03 05:00:00,0.0,0.0,0.0,0.0,0.0
280.53442,0.7331578,0.0,0.0,0.7331578,2014-05-03 06:00:00,0.0,0.0,0.0,0.0,0.0
280.35864,0.8188934,0.0,0.0,0.8188934,2014-05-03 07:00:00,0.0,0.0,0.0,0.0,0.0
279.9441,0.9202016,0.0,0.0,0.9202016,2014-05-03 08:00:00,0.0,0.0,0.0,0.0,0.0
278.6936,0.98652846,0.0,0.028229948,0.98652846,2014-05-03 09:00:00,0.0,0.0,0.0,0.0,0.0
278.8069,0.982006,0.030092295,0.1470663,0.9766351,2014-05-03 10:00:00,0.0,0.0,0.0,0.0,0.0
278.3186,0.59176654,0.039674282,0.54240024,0.12385172,2014-05-03 11:00:00,0.0,0.0,0.0,0.0,0.0
279.20972,0.9260604,0.013363607,0.7684479,0.7072001,2014-05-03 12:00:00,0.0,0.0,0.0,0.0,0.0
280.3557,0.88525367,0.059228957,0.30842853,0.84669214,2014-05-03 13:00:00,0.0,0.0,0.0,0.0,0.0
282.01245,0.59644866,0.10918379,0.12884414,0.5460942,2014-05-03 14:00:00,0.0,0.0,0.0,5.703991e-08,0.0
284.20166,0.70586413,0.0945043,0.04944919,0.6736389,2014-05-03 15:00:00,0.0,0.0,0.0,0.0,0.0
285.38257,0.7273702,0.6055432,0.048946954,0.22061473,2014-05-03 16:00:00,1.0,0.0,0.0,3.2430148e-07,0.0
286.11914,0.9787641,0.8500782,0.9787641,0.0,2014-05-03 17:00:00,0.0,7.376111e-05,0.0,7.399953e-05,0.0
286.44775,0.8053214,0.1714164,0.7952588,0.0,2014-05-03 18:00:00,0.0,8.6603075e-05,0.0,8.684149e-05,0.0
287.08545,0.70467836,0.090450704,0.70131725,0.0033782488,2014-05-03 19:00:00,1.0,5.863431e-05,0.0,5.855772e-05,0.0
287.75244,0.67658424,0.0100932345,0.671324,0.0063309744,2014-05-03 20:00:00,0.0,6.1861865e-05,0.0,6.1871484e-05,0.0
287.67822,0.7655111,0.004741922,0.66048455,0.22862303,2014-05-03 21:00:00,0.0,1.6035692e-06,0.0,1.6035692e-06,0.0
287.5327,0.5893127,0.0,0.57247275,0.08323282,2014-05-03 22:00:00,0.0,7.626828e-07,0.0,6.8609194e-07,0.0
287.11523,0.6501592,0.0,0.6501592,0.0,2014-05-03 23:00:00,0.0,0.0,0.0,0.0,0.0
286.21338,0.57635736,0.0067320913,0.57635736,0.0,2014-05-04 00:00:00,0.0,0.0,0.0,0.0,0.0
285.10327,0.54709053,0.0,0.54709053,0.0,2014-05-04 01:00:00,0.0,0.0,0.0,0.0,0.0
284.18555,0.18367535,0.016721383,0.1753354,0.0,2014-05-04 02:00:00,0.0,0.0,0.0,0.0,0.0
282.82056,0.41740185,0.047997896,0.41740185,0.0,2014-05-04 03:00:00,0.0,0.0,0.0,0.0,0.0
282.39404,0.38606143,0.050500855,0.38269043,0.0,2014-05-04 04:00:00,0.0,5.537488e-07,0.0,5.537488e-07,0.0
281.5874,0.81484175,0.080685854,0.16272187,0.76188374,2014-05-04 05:00:00,0.0,0.0,0.0,0.0,0.0
280.33643,0.8733986,0.023193385,0.015364882,0.8712778,2014-05-04 06:00:00,0.0,0.0,0.0,0.0,0.0
278.96167,0.68838406,0.0015890491,0.0,0.68679506,2014-05-04 07:00:00,0.0,0.0,0.0,0.0,0.0
278.21533,0.3731866,0.0,0.0,0.3731866,2014-05-04 08:00:00,0.0,0.0,0.0,0.0,0.0
277.06445,0.28010756,0.0,0.0,0.28010756,2014-05-04 09:00:00,0.0,0.0,0.0,0.0,0.0
276.3911,0.33788908,0.0,0.0,0.33788908,2014-05-04 10:00:00,0.0,0.0,0.0,0.0,0.0
275.73853,0.0,0.0,0.0,0.0,2014-05-04 11:00:00,0.0,0.0,0.0,0.0,0.0
276.281,0.059324127,0.0,0.0,0.059324127,2014-05-04 12:00:00,0.0,0.0,0.0,0.0,0.0
277.50928,0.4525807,0.0,0.01687561,0.44731557,2014-05-04 13:00:00,0.0,0.0,0.0,0.0,0.0
278.5598,0.7431707,0.0,0.23235816,0.7262316,2014-05-04 14:00:00,0.0,0.0,0.0,0.0,0.0
280.40796,0.898988,0.0,0.70583457,0.84765625,2014-05-04 15:00:00,0.0,0.0,0.0,0.0,0.0
281.57446,0.7388846,0.0,0.7050598,0.5248516,2014-05-04 16:00:00,0.0,0.0,0.0,0.0,0.0
282.8557,0.13966268,0.0,0.13284999,0.013063066,2014-05-04 17:00:00,0.0,0.0,0.0,0.0,0.0
284.01025,0.06874758,0.0,0.06556946,0.004235424,2014-05-04 18:00:00,0.0,0.0,0.0,0.0,0.0
284.9431,0.005006563,0.0,0.005006563,0.0,2014-05-04 19:00:00,0.0,0.0,0.0,0.0,0.0
285.66138,0.011408862,0.0,0.0,0.011408862,2014-05-04 20:00:00,0.0,0.0,0.0,0.0,0.0
286.4712,0.10347819,0.0,0.004207764,0.10135716,2014-05-04 21:00:00,0.0,0.0,0.0,0.0,0.0
287.34375,0.857863,0.0,0.04930834,0.85733736,2014-05-04 22:00:00,0.0,0.0,0.0,0.0,0.0
287.02588,1.0,0.0,0.42183506,1.0,2014-05-04 23:00:00,0.0,0.0,0.0,0.0,0.0
286.59985,0.99946827,0.0,0.8380412,0.99946827,2014-05-05 00:00:00,0.0,0.0,0.0,0.0,0.0
285.83008,0.97790706,0.0,0.6746089,0.9758032,2014-05-05 01:00:00,0.0,0.0,0.0,0.0,0.0
285.06934,0.9966217,0.0,0.8236826,0.98663634,2014-05-05 02:00:00,0.0,0.0,0.0,0.0,0.0
284.65234,0.9918993,0.0,0.9052235,0.9841575,2014-05-05 03:00:00,0.0,0.0,0.0,0.0,0.0
284.42407,0.9858159,0.0,0.8552885,0.9858159,2014-05-05 04:00:00,1.0,7.750586e-06,0.0,7.750586e-06,0.0
284.12793,1.0,0.0,0.99221057,0.9896924,2014-05-05 05:00:00,0.0,0.00057623745,0.0,0.00057624653,0.0
283.875,1.0,0.0,0.9947011,1.0,2014-05-05 06:00:00,0.0,8.30808e-06,0.0,8.30808e-06,0.0
283.5349,0.98656434,0.0,0.7422206,0.9304021,2014-05-05 07:00:00,0.0,5.3452317e-07,0.0,4.0089236e-07,0.0
283.21924,0.8482019,0.0,0.77944475,0.39687008,2014-05-05 08:00:00,0.0,7.6332435e-07,0.0,7.822292e-07,0.0
283.17847,0.47056407,0.0,0.41235274,0.09130412,2014-05-05 09:00:00,0.0,0.0,0.0,0.0,0.0
282.8733,0.76287025,0.0,0.75181043,0.07518041,2014-05-05 10:00:00,0.0,0.0,0.0,0.0,0.0
282.65356,0.8656477,0.0,0.8590161,0.013363607,2014-05-05 11:00:00,0.0,0.0,0.0,0.0,0.0
282.55054,0.6309662,0.0016249504,0.6309662,0.0,2014-05-05 12:00:00,0.0,0.0,0.0,0.0,0.0
283.54956,0.44394773,0.0016249504,0.44394773,0.0,2014-05-05 13:00:00,0.0,0.0,0.0,0.0,0.0
284.65918,0.23000705,0.0,0.23000705,0.0,2014-05-05 14:00:00,0.0,0.0,0.0,0.0,0.0
285.70068,0.47452235,0.003161212,0.14902669,0.37848657,2014-05-05 15:00:00,0.0,0.0,0.0,0.0,0.0
286.71924,0.4097337,0.0,0.22858024,0.25054556,2014-05-05 16:00:00,0.0,0.0,0.0,0.0,0.0
287.7434,0.30557662,0.0016249504,0.26575643,0.04250858,2014-05-05 17:00:00,0.0,0.0,0.0,0.0,0.0
288.71777,0.2302618,0.012792654,0.17713678,0.05682409,2014-05-05 18:00:00,0.0,0.0,0.0,0.0,0.0
289.51562,0.1479823,0.0010573287,0.098626554,0.04880692,2014-05-05 19:00:00,0.0,0.0,0.0,0.0,0.0
290.14526,0.12971562,0.005273644,0.07166278,0.058567435,2014-05-05 20:00:00,0.0,0.0,0.0,0.0,0.0
290.63135,0.069184005,0.0,0.0048919544,0.06429201,2014-05-05 21:00:00,0.0,0.0,0.0,0.0,0.0
291.18066,0.19758713,0.0,0.061940346,0.14338869,2014-05-05 22:00:00,0.0,0.0,0.0,0.0,0.0
290.9934,0.15610439,0.0,0.005003199,0.15110117,2014-05-05 23:00:00,0.0,0.0,0.0,0.0,0.0
290.62476,0.28887308,0.0,0.0057992525,0.2836067,2014-05-06 00:00:00,0.0,0.0,0.0,0.0,0.0
288.94507,0.687157,0.0,0.0,0.687157,2014-05-06 01:00:00,0.0,0.0,0.0,0.0,0.0
287.06372,0.90110546,0.0,0.0,0.90110546,2014-05-06 02:00:00,0.0,0.0,0.0,0.0,0.0
285.83447,0.9499423,0.0,0.031885624,0.9499423,2014-05-06 03:00:00,0.0,0.0,0.0,0.0,0.0
285.04004,0.9009596,0.0,0.0,0.9009596,2014-05-06 04:00:00,0.0,0.0,0.0,0.0,0.0
284.26245,0.88359624,0.0,0.0,0.88359624,2014-05-06 05:00:00,0.0,0.0,0.0,0.0,0.0
283.4109,0.9027393,0.0,0.0,0.9027393,2014-05-06 06:00:00,0.0,0.0,0.0,0.0,0.0
282.73022,0.89249146,0.0,0.011932511,0.89249146,2014-05-06 07:00:00,0.0,0.0,0.0,0.0,0.0
281.97192,0.57044715,0.0,0.019727115,0.5573348,2014-05-06 08:00:00,0.0,0.0,0.0,0.0,0.0
281.60815,0.71988636,0.0,0.10761219,0.68589574,2014-05-06 09:00:00,0.0,0.0,0.0,0.0,0.0
281.42334,0.8727893,0.0,0.386755,0.8229261,2014-05-06 10:00:00,0.0,0.0,0.0,0.0,0.0
280.969,0.77516794,0.0,0.00053172023,0.77516794,2014-05-06 11:00:00,0.0,0.0,0.0,0.0,0.0
281.3916,0.9473883,0.0,0.0,0.9473883,2014-05-06 12:00:00,0.0,0.0,0.0,0.0,0.0
282.92505,0.95873666,0.0,0.009766806,0.95873666,2014-05-06 13:00:00,0.0,0.0,0.0,0.0,0.0
284.57178,0.90714794,0.0,0.21965814,0.8876879,2014-05-06 14:00:00,0.0,0.0,0.0,0.0,0.0
286.39868,0.94998443,0.0,0.117652,0.94998443,2014-05-06 15:00:00,0.0,0.0,0.0,0.0,0.0
287.6775,0.97079664,0.0,0.25610518,0.97079664,2014-05-06 16:00:00,0.0,0.0,0.0,0.0,0.0
289.00757,0.97019047,0.0,0.17002201,0.9652117,2014-05-06 17:00:00,0.0,0.0,0.0,0.0,0.0
289.9624,0.95847225,0.0,0.03619532,0.95847225,2014-05-06 18:00:00,0.0,0.0,0.0,0.0,0.0
290.65063,0.98871857,0.0,0.0026356035,0.98871857,2014-05-06 19:00:00,0.0,0.0,0.0,0.0,0.0
291.19434,0.998375,0.0,0.004260551,0.998375,2014-05-06 20:00:00,0.0,0.0,0.0,0.0,0.0
291.2461,0.9932679,0.0,0.29643995,0.9932679,2014-05-06 21:00:00,0.0,0.0,0.0,0.0,0.0
291.08423,1.0,0.0,0.7667866,1.0,2014-05-06 22:00:00,0.0,0.0,0.0,0.0,0.0
290.79126,1.0,0.0,0.6715896,1.0,2014-05-06 23:00:00,0.0,0.0,0.0,0.0,0.0
290.50757,1.0,0.0,0.70397174,1.0,2014-05-07 00:00:00,0.0,0.0,0.0,0.0,0.0
289.81128,1.0,0.0,0.83778054,1.0,2014-05-07 01:00:00,0.0,0.0,0.0,0.0,0.0
289.12866,0.9949934,0.0048919544,0.7557985,0.9949934,2014-05-07 02:00:00,0.0,0.0,0.0,0.0,0.0
288.14136,0.9910895,0.0048919544,0.1850313,0.9910895,2014-05-07 03:00:00,0.0,0.0,0.0,0.0,0.0
287.26318,0.9915651,0.057356216,0.20682889,0.9915651,2014-05-07 04:00:00,0.0,0.0,0.0,0.0,0.0
286.54248,0.996786,0.042129144,0.15599805,0.996786,2014-05-07 05:00:00,0.0,1.3751386e-05,0.0,1.3799134e-05,0.0
286.20947,0.98124045,0.06017062,0.123806,0.96913683,2014-05-07 06:00:00,0.0,0.0,0.0,0.0,0.0
285.78345,0.96894383,0.09974289,0.15283006,0.9639373,2014-05-07 07:00:00,1.0,0.0001252173,0.0,0.00012527432,0.0
285.60034,0.9833504,0.24955481,0.9082158,0.7844223,2014-05-07 08:00:00,0.0,0.00016850937,0.0,0.00016855712,0.0
284.58862,0.99946827,0.63830507,0.9978792,0.76509553,2014-05-07 09:00:00,0.0,0.0004103803,0.0,0.000360362,4.9808717e-05
283.87012,0.9560237,0.35314727,0.81113374,0.8795739,2014-05-07 10:00:00,1.0,0.0020194754,0.0,0.0019592694,6.0606835e-05
283.59204,0.9603668,0.6737922,0.70258206,0.68557906,2014-05-07 11:00:00,1.0,0.001307107,0.0,0.0013003557,6.7513392e-06
283.2566,0.87416244,0.5122224,0.60942906,0.73380315,2014-05-07 12:00:00,1.0,7.815235e-06,0.0,0.0,7.433893e-06
283.66235,0.931772,0.07076132,0.0,0.92396915,2014-05-07 13:00:00,1.0,7.626828e-07,0.0,0.0,8.767626e-07
284.50977,0.9285263,0.024463236,0.0,0.9285263,2014-05-07 14:00:00,0.0,0.0,0.0,0.0,0.0
286.0276,0.7393265,0.052441392,0.0,0.7250997,2014-05-07 15:00:00,0.0,0.0,0.0,0.0,0.0
286.78564,0.5051497,0.17358726,0.0,0.3947811,2014-05-07 16:00:00,0.0,0.0,0.0,0.0,0.0
288.65015,0.5562675,0.41273856,0.0,0.22210371,2014-05-07 17:00:00,0.0,6.81517e-05,0.0,6.828533e-05,0.0
289.91553,0.8151073,0.5676031,0.0,0.5224732,2014-05-07 18:00:00,0.0,0.0,0.0,0.0,0.0
290.65234,0.9137145,0.6780247,0.0,0.6580989,2014-05-07 19:00:00,0.0,0.0,0.0,0.0,0.0
291.32153,0.9966217,0.8418657,0.0,0.9756726,2014-05-07 20:00:00,0.0,0.0,0.0,0.0,0.0
291.2063,1.0,1.0,0.0016249504,0.99025726,2014-05-07 21:00:00,0.0,0.0,0.0,0.0,0.0
290.74414,0.9942508,0.9487378,0.01336024,0.9657014,2014-05-07 22:00:00,1.0,1.766345e-05,0.0,0.0,1.766345e-05
290.2766,0.98678106,0.84760785,0.06567681,0.9585728,2014-05-07 23:00:00,1.0,0.00010079867,0.0,0.0,0.00010079867
289.81226,0.911843,0.40102506,0.06593603,0.8696601,2014-05-08 00:00:00,1.0,0.00013812249,0.0,2.1948026e-06,0.00013579406
288.86694,0.78626007,0.0884974,0.044872727,0.77337813,2014-05-08 01:00:00,1.0,3.6867743e-05,0.0,1.2380162e-05,2.4773748e-05
287.75464,0.77971303,0.13771886,0.042125292,0.75441295,2014-05-08 02:00:00,1.0,8.431839e-06,0.0,5.8960795e-06,2.4021283e-06
285.93262,0.87221116,0.3449018,0.16617495,0.8312141,2014-05-08 03:00:00,1.0,0.0,0.0,0.0,0.0
285.45947,0.9252688,0.631157,0.19140136,0.89025927,2014-05-08 04:00:00,1.0,2.6726156e-07,0.0,0.0,2.6726156e-07
285.03662,0.9466952,0.42396373,0.0721578,0.9276795,2014-05-08 05:00:00,1.0,5.3452317e-07,0.0,0.0,5.3452317e-07
284.8269,0.90308344,0.50857496,0.12296605,0.7903638,2014-05-08 06:00:00,1.0,0.0,0.0,0.0,0.0
285.0437,0.82302666,0.5699851,0.10205263,0.60606575,2014-05-08 07:00:00,1.0,3.9257502e-05,0.0,2.9746428e-05,9.835371e-06
284.9126,0.8819686,0.6210367,0.01609889,0.6558169,2014-05-08 08:00:00,0.0,3.050713e-07,0.0,0.0,3.050713e-07
285.29395,0.988368,0.56385154,0.069756985,0.9694192,2014-05-08 09:00:00,1.0,3.052005e-06,0.0,0.0,3.052005e-06
283.87646,1.0,1.0,0.6839736,1.0,2014-05-08 10:00:00,1.0,5.0003982e-06,0.0,0.0,5.0003982e-06
283.86865,1.0,1.0,0.8018089,0.99946827,2014-05-08 11:00:00,1.0,8.927874e-06,0.0,5.3452317e-07,8.393351e-06
284.09302,1.0,1.0,0.84098125,0.950915,2014-05-08 12:00:00,1.0,0.00011205711,0.0,0.00010602966,5.9508557e-06
284.14233,0.99841094,0.993112,0.42637825,0.86521214,2014-05-08 13:00:00,1.0,0.00015549573,0.0,0.0001533102,2.118216e-06
285.50293,0.9878132,0.9724544,0.22579175,0.6803959,2014-05-08 14:00:00,1.0,2.7807822e-05,0.0,2.5813628e-05,2.0419457e-06
288.3728,0.96957695,0.9331612,0.014264207,0.678762,2014-05-08 15:00:00,1.0,1.7535249e-06,0.0,0.0,1.7535249e-06
290.73535,0.91217744,0.7792899,0.03314403,0.6383441,2014-05-08 16:00:00,1.0,0.0,0.0,0.0,0.0
292.65845,0.898266,0.097406626,0.39394325,0.83759236,2014-05-08 17:00:00,1.0,5.384929e-06,0.0,5.5659875e-06,0.0
294.13013,0.8367163,0.30714828,0.32769424,0.6874202,2014-05-08 18:00:00,1.0,0.0008697619,0.0,0.0008646168,5.059349e-06
293.06787,0.8831489,0.54125816,0.42342788,0.55333847,2014-05-08 19:00:00,1.0,0.00059555424,0.0,0.00057764235,1.8159568e-05
290.98315,0.9346176,0.6310678,0.41900605,0.7249695,2014-05-08 20:00:00,1.0,0.0011741593,0.0,0.001101352,7.292199e-05
290.59448,0.98599917,0.759217,0.34508336,0.97703594,2014-05-08 21:00:00,1.0,0.0049348436,0.0,0.0046924353,0.000242446
289.80347,0.9720647,0.83361167,0.55081254,0.8830291,2014-05-08 22:00:00,1.0,0.0074765235,0.0,0.0070109777,0.00046570878
289.9663,0.91439563,0.687989,0.43863088,0.7268137,2014-05-08 23:00:00,1.0,0.0038268901,0.0,0.0034699303,0.0003570835
289.81152,0.86230755,0.4806714,0.38392854,0.66172606,2014-05-09 00:00:00,1.0,0.0034255243,0.0,0.0032523791,0.00017293509
289.84937,0.96551937,0.7618355,0.24950182,0.86182487,2014-05-09 01:00:00,1.0,0.0022135025,0.0,0.0021533878,6.010443e-05
289.51367,1.0,1.0,0.22474194,0.509812,2014-05-09 02:00:00,1.0,0.0008760947,0.0,0.0008240186,5.2305273e-05
289.59863,0.8055258,0.7744016,0.29698676,0.07355112,2014-05-09 03:00:00,1.0,0.00020276857,0.0,0.00019781146,5.0907347e-06
289.53198,0.75449294,0.6881143,0.07529986,0.20731926,2014-05-09 04:00:00,1.0,0.00012035569,0.0,0.00012018393,0.0
289.28003,0.52693385,0.3688088,0.009530831,0.2199142,2014-05-09 05:00:00,1.0,2.6726156e-07,0.0,0.0,2.6726156e-07
288.74463,0.37763703,0.22972059,0.0016249504,0.175883,2014-05-09 06:00:00,1.0,7.8190845e-07,0.0,0.0,1.0491694e-06
287.80103,0.75458455,0.7044279,0.0,0.13076907,2014-05-09 07:00:00,1.0,2.6961265e-05,0.0,0.0,2.7228525e-05
286.70825,1.0,1.0,0.0,0.03374561,2014-05-09 08:00:00,1.0,7.053219e-05,0.0,1.8137865e-07,7.0418115e-05
285.7505,1.0,1.0,0.0,0.035694983,2014-05-09 09:00:00,1.0,0.00013375831,0.0,2.4299998e-06,0.00013137606
284.6438,1.0,1.0,0.0,0.016491357,2014-05-09 10:00:00,1.0,0.00018091757,0.0,7.967757e-06,0.00017333115
283.75366,1.0,1.0,0.0,0.009634774,2014-05-09 11:00:00,1.0,1.4526831e-05,0.0,5.5175688e-06,9.1336005e-06
282.82495,1.0,1.0,0.056282002,0.0,2014-05-09 12:00:00,1.0,3.1318617e-05,0.0,4.4799413e-07,3.1013536e-05
282.35864,1.0,1.0,0.27165902,0.0,2014-05-09 13:00:00,1.0,1.589964e-05,0.0,0.0,1.589964e-05
282.2495,1.0,1.0,0.68503875,0.0,2014-05-09 14:00:00,1.0,9.005793e-05,0.0,0.0,8.963878e-05
282.42383,1.0,1.0,0.9692763,0.0,2014-05-09 15:00:00,1.0,0.00012778184,0.0,0.0,0.0001273627
282.62524,1.0,1.0,0.9756325,0.0,2014-05-09 16:00:00,1.0,0.000116513474,0.0,4.7747868e-08,0.000116513474
282.93457,1.0,1.0,0.98467964,0.027008384,2014-05-09 17:00:00,1.0,9.632055e-05,0.0,3.1212558e-06,9.311341e-05
283.61108,1.0,1.0,0.94348246,0.37023854,2014-05-09 18:00:00,1.0,6.115121e-05,0.0,2.7555681e-05,3.333755e-05
283.84326,1.0,1.0,0.94214684,0.9028941,2014-05-09 19:00:00,1.0,0.00015998629,0.0,4.600486e-05,0.00011393367
284.07983,1.0,1.0,0.83069,0.8238273,2014-05-09 20:00:00,1.0,7.978489e-05,0.0,2.8905488e-05,5.0774615e-05
284.62134,1.0,1.0,0.25427932,0.3141991,2014-05-09 21:00:00,1.0,4.4376662e-05,0.0,3.882128e-05,5.3355534e-06
286.11377,1.0,1.0,0.021799926,0.02219624,2014-05-09 22:00:00,1.0,3.3658158e-05,0.0,3.354343e-05,0.0
286.37402,0.814959,0.814959,0.115628004,0.0,2014-05-09 23:00:00,1.0,1.8992723e-05,0.0,1.9250045e-05,0.0
286.34106,0.46616453,0.45942515,0.08543998,0.0,2014-05-10 00:00:00,0.0,0.0,0.0,0.0,0.0
285.95654,0.16227376,0.16227376,0.020828541,0.0,2014-05-10 01:00:00,0.0,0.0,0.0,0.0,0.0
284.9702,0.04742527,0.04167606,0.019203588,0.0,2014-05-10 02:00:00,0.0,0.0,0.0,0.0,0.0
281.98218,0.0,0.0,0.0,0.0,2014-05-10 03:00:00,0.0,0.0,0.0,0.0,0.0
280.7251,0.0,0.0,0.0,0.0,2014-05-10 04:00:00,0.0,0.0,0.0,0.0,0.0
280.2544,0.0,0.0,0.0,0.0,2014-05-10 05:00:00,0.0,0.0,0.0,0.0,0.0
280.17896,0.0,0.0,0.0,0.0,2014-05-10 06:00:00,0.0,0.0,0.0,0.0,0.0
279.73022,0.0,0.0,0.0,0.0,2014-05-10 07:00:00,0.0,0.0,0.0,0.0,0.0
279.54346,0.0,0.0,0.0,0.0,2014-05-10 08:00:00,0.0,0.0,0.0,0.0,0.0
278.49072,0.0,0.0,0.0,0.0,2014-05-10 09:00:00,0.0,0.0,0.0,0.0,0.0
277.98218,0.0,0.0,0.0,0.0,2014-05-10 10:00:00,0.0,0.0,0.0,0.0,0.0
277.23633,0.0,0.0,0.0,0.0,2014-05-10 11:00:00,0.0,0.0,0.0,0.0,0.0
278.49878,0.019015614,0.0,0.0,0.019015614,2014-05-10 12:00:00,0.0,0.0,0.0,0.0,0.0
281.82056,0.37893134,0.0,0.0,0.37893134,2014-05-10 13:00:00,0.0,0.0,0.0,0.0,0.0
285.20288,0.55950695,0.0,0.0,0.55950695,2014-05-10 14:00:00,0.0,0.0,0.0,0.0,0.0
288.31982,0.7766819,0.0,0.0,0.7766819,2014-05-10 15:00:00,0.0,0.0,0.0,0.0,0.0
289.78125,0.81079686,0.0,0.0,0.81079686,2014-05-10 16:00:00,0.0,0.0,0.0,0.0,0.0
290.87305,0.923117,0.0,0.020604756,0.923117,2014-05-10 17:00:00,0.0,0.0,0.0,0.0,0.0
291.92847,0.8670538,0.0,0.08654708,0.8638757,2014-05-10 18:00:00,0.0,3.4365812e-06,0.0,3.3888336e-06,0.0
292.93042,0.83799124,0.0,0.14896297,0.8249843,2014-05-10 19:00:00,0.0,8.011341e-07,0.0,9.152139e-07,0.0
292.9336,0.76429904,0.0021207693,0.18535352,0.7473106,2014-05-10 20:00:00,0.0,0.0,0.0,0.0,0.0
291.60327,0.910932,0.07610136,0.18537706,0.901454,2014-05-10 21:00:00,0.0,1.8635197e-05,0.0,1.529284e-05,3.3423503e-06
291.6582,0.9697927,0.009766806,0.6490281,0.93913263,2014-05-10 22:00:00,1.0,0.00017887543,0.0,0.00015170402,2.7581584e-05
290.25806,0.7829388,0.0,0.239061,0.76316947,2014-05-10 23:00:00,1.0,0.0003992056,0.0,0.0003375716,6.1529194e-05
289.83618,0.5822153,0.0,0.27135533,0.4661256,2014-05-11 00:00:00,0.0,5.0767558e-05,0.0,4.435367e-05,6.5186705e-06
289.27856,0.9690611,0.0,0.5752236,0.9489581,2014-05-11 01:00:00,0.0,6.128423e-05,0.0,6.0510967e-05,5.537488e-07
288.32495,1.0,0.0,0.6434612,0.9962183,2014-05-11 02:00:00,1.0,0.00011887928,0.0,0.0001045065,1.4182119e-05
287.44604,0.9869043,0.004741922,0.71676254,0.9695976,2014-05-11 03:00:00,1.0,0.00042670756,0.0,0.00037184567,5.4814547e-05
286.85645,0.9586994,0.0010573287,0.74360526,0.8771228,2014-05-11 04:00:00,1.0,0.00044878945,0.0,0.00041983486,2.8792201e-05
286.1455,0.6312935,0.017206121,0.21846688,0.5229861,2014-05-11 05:00:00,1.0,0.00047661294,0.0,0.00047233282,4.155653e-06
285.26,0.7825778,0.01821341,0.02238562,0.77727896,2014-05-11 06:00:00,1.0,0.0003086452,0.0,0.00030659628,1.8676046e-06
284.9314,0.8887919,0.0,0.0,0.8887919,2014-05-11 07:00:00,0.0,0.0,0.0,0.0,0.0
284.51978,0.8865696,0.0,0.016832627,0.8865696,2014-05-11 08:00:00,0.0,0.0,0.0,0.0,0.0
282.91357,0.3293888,0.0,0.0,0.3293888,2014-05-11 09:00:00,0.0,0.0,0.0,0.0,0.0
283.22192,0.054460015,0.005003199,0.012197118,0.042724725,2014-05-11 10:00:00,0.0,0.0,0.0,0.0,0.0
282.5786,0.4815542,0.0100932345,0.41301244,0.2758913,2014-05-11 11:00:00,0.0,0.0,0.0,0.0,0.0
283.55298,0.5806999,0.0033782488,0.53596574,0.10715377,2014-05-11 12:00:00,0.0,0.0,0.0,0.0,0.0
285.61865,0.56353146,0.0,0.2806939,0.47215903,2014-05-11 13:00:00,0.0,0.0,0.0,0.0,0.0
287.48145,1.0,0.0,0.0,1.0,2014-05-11 14:00:00,0.0,0.0,0.0,0.0,0.0
289.43604,1.0,0.0,0.19529063,1.0,2014-05-11 15:00:00,0.0,0.0,0.0,0.0,0.0
290.43115,1.0,0.0,0.17755544,1.0,2014-05-11 16:00:00,0.0,0.0,0.0,0.0,0.0
291.43286,1.0,0.0,0.65120226,1.0,2014-05-11 17:00:00,0.0,0.0,0.0,0.0,0.0
291.94336,1.0,0.00053172023,0.98831767,1.0,2014-05-11 18:00:00,0.0,6.9692824e-06,0.0,0.0,6.9692824e-06
292.21997,1.0,0.0,0.9850506,1.0,2014-05-11 19:00:00,0.0,2.9476767e-05,0.0,0.0,2.9476767e-05
292.23926,0.97913015,0.0,0.84454083,0.8909624,2014-05-11 20:00:00,0.0,6.105166e-05,0.0,0.0,6.105166e-05
292.45557,0.95793796,0.00053172023,0.87809974,0.6056915,2014-05-11 21:00:00,0.0,8.011341e-07,0.0,0.0,8.011341e-07
294.10352,0.9497518,0.0026463778,0.8183946,0.71015805,2014-05-11 22:00:00,0.0,0.0,0.0,0.0,0.0
294.29517,0.99629015,0.009231217,0.97722155,0.90670514,2014-05-11 23:00:00,0.0,9.549569e-08,0.0,4.7747868e-08,0.0
293.7063,0.99287266,0.008184664,0.97728056,0.9239177,2014-05-12 00:00:00,1.0,2.8864248e-05,0.0,2.8864248e-05,0.0
292.92358,0.9410188,0.036100652,0.8133376,0.791394,2014-05-12 01:00:00,0.0,1.5272992e-05,0.0,1.5272992e-05,0.0
291.73633,0.99164295,0.028458484,0.6699615,0.98554313,2014-05-12 02:00:00,1.0,0.00023997806,0.0,0.00023986334,0.0
290.45825,1.0,0.08133274,0.9715617,1.0,2014-05-12 03:00:00,1.0,0.0010659185,0.0,0.0010650875,8.40236e-07
289.26904,1.0,0.9604552,0.6410723,1.0,2014-05-12 04:00:00,1.0,0.0016735904,0.0,0.0015349705,0.00013821918
288.78003,1.0,1.0,0.82173663,1.0,2014-05-12 05:00:00,1.0,0.0022977274,0.0,0.0015424278,0.0007550891
288.7727,1.0,0.81806546,0.8528229,1.0,2014-05-12 06:00:00,1.0,0.0049224384,0.0,0.0036174236,0.0013049967
288.62817,1.0,0.8991835,0.95670325,1.0,2014-05-12 07:00:00,1.0,0.0058643483,0.0,0.0033054268,0.0025589725
288.53955,1.0,1.0,0.90945756,1.0,2014-05-12 08:00:00,1.0,0.0048374087,0.0,0.0015065647,0.0033307965
288.32935,1.0,1.0,0.9135455,1.0,2014-05-12 09:00:00,1.0,0.0028694787,0.0,0.0011891043,0.0016801646
287.98267,1.0,0.9793362,0.6154805,1.0,2014-05-12 10:00:00,1.0,0.0015575998,0.0,0.00077294605,0.00078428234
288.07812,1.0,1.0,0.2619862,1.0,2014-05-12 11:00:00,1.0,0.00047934428,0.0,0.00017769639,0.00030189566
288.40747,1.0,1.0,0.17604923,1.0,2014-05-12 12:00:00,1.0,5.1957395e-05,0.0,0.0,5.1957395e-05
288.6516,1.0,1.0,0.21193534,0.99627113,2014-05-12 13:00:00,1.0,1.2144552e-05,0.0,0.0,1.2030472e-05
288.78345,1.0,1.0,0.539352,1.0,2014-05-12 14:00:00,1.0,9.2495775e-06,0.0,0.0,9.2495775e-06
288.9685,1.0,1.0,0.7257747,1.0,2014-05-12 15:00:00,1.0,0.0001010721,0.0,1.775888e-05,8.3056206e-05
289.10132,1.0,1.0,0.46992415,1.0,2014-05-12 16:00:00,1.0,0.00028092787,0.0,2.0327338e-05,0.00026079128
288.64575,1.0,1.0,0.13911486,0.9776099,2014-05-12 17:00:00,1.0,0.0004051223,0.0,9.811321e-06,0.00039547286
288.99512,1.0,1.0,0.012352955,0.58770996,2014-05-12 18:00:00,1.0,0.00045432383,0.0,2.9887102e-05,0.00042462721
289.1333,1.0,1.0,0.00053172023,0.6582898,2014-05-12 19:00:00,1.0,1.7285318e-05,0.0,4.6988134e-06,1.2843831e-05
289.46582,1.0,1.0,0.1320008,0.69633704,2014-05-12 20:00:00,1.0,0.0003754194,0.0,9.625677e-05,0.00027963961
288.63428,1.0,1.0,0.3487423,0.94573367,2014-05-12 21:00:00,1.0,0.00040005893,0.0,0.00036779162,3.236279e-05
286.60913,1.0,0.97986794,0.857988,0.9840569,2014-05-12 22:00:00,1.0,0.00069132005,0.0,0.00058499305,0.00010611744
285.823,1.0,1.0,0.624878,0.7262177,2014-05-12 23:00:00,1.0,0.00059860316,0.0,3.8919403e-05,0.00055968366
284.91187,1.0,1.0,0.56975204,0.86043346,2014-05-13 00:00:00,1.0,0.00072166906,0.0,0.0,0.00072166906
284.06445,1.0,1.0,0.83081377,0.8030604,2014-05-13 01:00:00,1.0,0.0003313825,0.0,5.3452317e-07,0.0003314966
283.6245,1.0,1.0,0.7486563,0.95060927,2014-05-13 02:00:00,1.0,0.00012453002,0.0,1.7359034e-06,0.00012277522
283.34644,1.0,1.0,0.69357455,0.99029076,2014-05-13 03:00:00,1.0,4.937449e-05,0.0,4.0527857e-06,4.5102177e-05
282.79614,1.0,1.0,0.8277268,1.0,2014-05-13 04:00:00,1.0,4.8363057e-05,0.0,5.883864e-06,4.252694e-05
282.62524,1.0,1.0,0.9288232,0.9239245,2014-05-13 05:00:00,1.0,3.4614102e-05,0.0,3.736488e-06,3.070649e-05
282.49023,1.0,1.0,0.99576455,0.9626095,2014-05-13 06:00:00,1.0,2.8319118e-05,0.0,2.2809894e-05,5.3951553e-06
282.1665,1.0,1.0,0.9909913,1.0,2014-05-13 07:00:00,1.0,7.5629665e-05,0.0,4.8430185e-05,2.7352013e-05
282.06494,1.0,1.0,0.97591656,0.9845886,2014-05-13 08:00:00,1.0,1.4754982e-05,0.0,1.3782723e-05,1.1818338e-06
281.70093,0.99627113,0.98841804,0.7846296,0.9389874,2014-05-13 09:00:00,1.0,6.0271077e-06,0.0,5.311852e-06,0.0
281.5171,1.0,0.9404949,0.0,0.9839215,2014-05-13 10:00:00,1.0,3.7364925e-06,0.0,3.7175878e-06,0.0
281.34814,0.94239736,0.9076184,0.0,0.4468512,2014-05-13 11:00:00,1.0,1.4112766e-06,0.0,1.3157805e-06,9.549569e-08
281.33105,0.97236884,0.9718371,0.0,0.012661949,2014-05-13 12:00:00,0.0,4.536344e-06,0.0,3.5829953e-06,6.101426e-07
281.28394,0.98700404,0.98700404,0.0,0.017960817,2014-05-13 13:00:00,0.0,0.0,0.0,0.0,0.0
281.3684,1.0,1.0,0.0,0.075359225,2014-05-13 14:00:00,0.0,0.0,0.0,0.0,0.0
281.88794,1.0,1.0,0.0,0.60527974,2014-05-13 15:00:00,0.0,0.0,0.0,0.0,0.0
282.27734,1.0,1.0,0.0,0.9519099,2014-05-13 16:00:00,0.0,0.0,0.0,0.0,0.0
282.6538,1.0,1.0,0.0,0.79890543,2014-05-13 17:00:00,0.0,0.0,0.0,0.0,0.0
283.29712,1.0,1.0,0.0016249504,0.9434245,2014-05-13 18:00:00,0.0,0.0,0.0,0.0,0.0
283.67358,1.0,0.995108,0.06411713,0.9789183,2014-05-13 19:00:00,0.0,0.0,0.0,0.0,0.0
284.1377,0.99206334,0.92684156,0.59083545,0.9077397,2014-05-13 20:00:00,1.0,5.3452317e-07,0.0,4.0089236e-07,0.0
284.60938,0.8997933,0.49188143,0.8423642,0.31403553,2014-05-13 21:00:00,0.0,0.0,0.0,0.0,0.0
284.87988,0.7675832,0.04011252,0.75132865,0.059172302,2014-05-13 22:00:00,0.0,0.0,0.0,0.0,0.0
284.96997,0.47208834,0.4341972,0.26906204,0.00053172023,2014-05-13 23:00:00,0.0,0.0,0.0,0.0,0.0
284.65015,0.8087345,0.7552491,0.73807734,0.008701935,2014-05-14 00:00:00,0.0,0.0,0.0,0.0,0.0
284.09888,0.6907138,0.6907138,0.43981814,0.0,2014-05-14 01:00:00,0.0,0.0,0.0,0.0,0.0
283.2456,0.47388119,0.46240717,0.14875525,0.0,2014-05-14 02:00:00,0.0,0.0,0.0,0.0,0.0
282.03687,0.1206426,0.11437881,0.059605543,0.0,2014-05-14 03:00:00,0.0,0.0,0.0,0.0,0.0
281.08643,0.013594784,0.013594784,0.012531344,0.0,2014-05-14 04:00:00,0.0,0.0,0.0,0.0,0.0
279.83984,0.0,0.0,0.0,0.0,2014-05-14 05:00:00,0.0,0.0,0.0,0.0,0.0
279.20142,0.0,0.0,0.0,0.0,2014-05-14 06:00:00,0.0,0.0,0.0,0.0,0.0
278.8247,0.0,0.0,0.0,0.0,2014-05-14 07:00:00,0.0,0.0,0.0,0.0,0.0
278.489,0.0,0.0,0.0,0.0,2014-05-14 08:00:00,0.0,0.0,0.0,0.0,0.0
277.729,0.0,0.0,0.0,0.0,2014-05-14 09:00:00,0.0,0.0,0.0,0.0,0.0
277.31006,0.0,0.0,0.0,0.0,2014-05-14 10:00:00,0.0,0.0,0.0,0.0,0.0
276.97168,0.0,0.0,0.0,0.0,2014-05-14 11:00:00,0.0,0.0,0.0,0.0,0.0
277.85278,0.0,0.0,0.0,0.0,2014-05-14 12:00:00,0.0,0.0,0.0,0.0,0.0
280.312,0.0,0.0,0.0,0.0,2014-05-14 13:00:00,0.0,0.0,0.0,0.0,0.0
282.37817,0.0,0.0,0.0,0.0,2014-05-14 14:00:00,0.0,0.0,0.0,0.0,0.0
284.72656,0.17941666,0.0,0.016394954,0.16302168,2014-05-14 15:00:00,1.0,2.208694e-05,0.0,2.2277614e-05,0.0
285.90283,0.40401053,0.0,0.030942477,0.37305093,2014-05-14 16:00:00,0.0,6.8575915e-05,0.0,6.862366e-05,0.0
286.3296,0.5957525,0.028676808,0.5957525,0.0,2014-05-14 17:00:00,1.0,0.000103163446,0.0,0.00010335412,0.0
286.68555,0.8237325,0.0,0.76210934,0.28997046,2014-05-14 18:00:00,1.0,6.806475e-05,0.0,6.7921836e-05,0.0
286.9768,0.786349,0.0,0.7326693,0.31583285,2014-05-14 19:00:00,1.0,5.535464e-05,0.0,5.548827e-05,0.0
287.4768,0.90715545,0.0,0.7587868,0.83373326,2014-05-14 20:00:00,1.0,9.5255135e-05,0.0,9.506446e-05,0.0
287.61157,0.90246874,0.0,0.7727197,0.79712063,2014-05-14 21:00:00,0.0,3.004205e-05,0.0,2.9803632e-05,0.0
287.44507,0.63958406,0.0,0.49563706,0.25651616,2014-05-14 22:00:00,0.0,1.3334148e-05,0.0,1.309573e-05,0.0
287.0564,0.5632412,0.0,0.5415779,0.053143676,2014-05-14 23:00:00,0.0,2.0957555e-07,0.0,3.050713e-07,0.0
286.1797,0.53227705,0.07284421,0.32087207,0.25951266,2014-05-15 00:00:00,0.0,2.8225531e-06,0.0,2.8318454e-06,0.0
285.05322,0.5690629,0.06322378,0.5330573,0.05476281,2014-05-15 01:00:00,1.0,0.0,0.0,9.533534e-08,0.0
283.9348,0.6028139,0.06936431,0.5052818,0.19984347,2014-05-15 02:00:00,1.0,8.5817857e-07,0.0,8.0113864e-07,0.0
282.53613,0.52584827,0.031593632,0.48457515,0.08176547,2014-05-15 03:00:00,1.0,9.549569e-08,0.0,1.0478777e-07,0.0
281.5774,0.8261137,0.086367846,0.82294637,0.010009766,2014-05-15 04:00:00,1.0,2.6726156e-07,0.0,4.0089236e-07,0.0
280.93115,0.92130274,0.03643856,0.92130274,0.0,2014-05-15 05:00:00,0.0,1.0690455e-06,0.0,1.0690455e-06,0.0
280.115,0.9850171,0.017599035,0.9850171,0.0,2014-05-15 06:00:00,1.0,8.285109e-06,0.0,8.285109e-06,0.0
279.63574,0.97809845,0.021055717,0.97809845,0.0,2014-05-15 07:00:00,1.0,5.7297444e-07,0.0,4.774787e-07,2.6726156e-07
279.09717,0.9928871,0.021800801,0.95505786,0.157255,2014-05-15 08:00:00,1.0,3.7589534e-06,0.0,1.1645416e-06,2.5944119e-06
278.92554,0.9955251,0.035253618,0.955818,0.2710101,2014-05-15 09:00:00,1.0,1.3470707e-05,0.0,5.3452313e-06,7.744134e-06
278.52686,0.91699725,0.0010573287,0.83126414,0.34197295,2014-05-15 10:00:00,1.0,2.9390852e-05,0.0,1.02891345e-05,1.9283092e-05
278.2517,0.98480946,0.0042713284,0.9562066,0.5758855,2014-05-15 11:00:00,1.0,4.4320215e-05,0.0,2.7946771e-06,4.1534833e-05
278.12012,0.9788602,0.02606969,0.9555142,0.6635149,2014-05-15 12:00:00,1.0,8.124947e-05,0.0,3.8198295e-06,7.731556e-05
278.30737,0.97182846,0.028229304,0.8975909,0.7109502,2014-05-15 13:00:00,1.0,0.000100901045,0.0,3.4378463e-06,9.757727e-05
278.72217,0.8250403,0.045835067,0.5320313,0.6338591,2014-05-15 14:00:00,1.0,8.861601e-05,0.0,0.0,8.882559e-05
280.18433,0.7696898,0.21853572,0.43202752,0.6004169,2014-05-15 15:00:00,1.0,5.502085e-05,0.0,8.017847e-06,4.7003006e-05
281.01245,0.93638235,0.16182089,0.8922258,0.45362878,2014-05-15 16:00:00,1.0,9.415469e-05,0.0,7.8644356e-05,1.5529222e-05
281.43213,0.88452107,0.29047203,0.82023084,0.285451,2014-05-15 17:00:00,1.0,8.866748e-05,0.0,8.746513e-05,1.984251e-06
281.99243,0.7521877,0.48578155,0.70082843,0.1538707,2014-05-15 18:00:00,1.0,0.00016664503,0.0,0.00016656844,0.0
282.16772,0.584166,0.2147497,0.5339626,0.061894238,2014-05-15 19:00:00,0.0,0.00011539065,0.0,0.00011498046,6.4860296e-07
282.3098,0.6203383,0.20592642,0.5824398,0.021567252,2014-05-15 20:00:00,1.0,0.00017184917,0.0,0.00017122942,3.813414e-07
282.4851,0.5847915,0.1725316,0.5586893,0.011474017,2014-05-15 21:00:00,0.0,0.00016271709,0.0,0.00016244983,0.0
281.8296,0.6463372,0.16393512,0.60798955,0.0067320913,2014-05-15 22:00:00,1.0,5.0300223e-05,0.0,5.0204733e-05,0.0
281.57812,0.5988835,0.2860998,0.56131804,0.009103052,2014-05-15 23:00:00,1.0,6.9122005e-05,0.0,6.8883586e-05,0.0
281.16406,0.5933525,0.2661643,0.5465268,0.0033782488,2014-05-16 00:00:00,0.0,8.936494e-05,0.0,8.93172e-05,0.0
280.58862,0.48496848,0.11125624,0.48206586,0.0,2014-05-16 01:00:00,0.0,4.371672e-06,0.0,4.424066e-06,0.0
280.08618,0.5113545,0.13481277,0.5089775,0.0,2014-05-16 02:00:00,0.0,0.0,0.0,2.3873934e-08,0.0
279.56543,0.37993205,0.0161237,0.37594342,0.0,2014-05-16 03:00:00,0.0,9.549569e-08,0.0,4.7747868e-08,0.0
278.99194,0.3573714,0.042589113,0.35574645,0.0,2014-05-16 04:00:00,0.0,1.9099144e-07,0.0,1.432436e-07,0.0
279.3186,0.37176108,0.06851131,0.361387,0.0,2014-05-16 05:00:00,0.0,9.549569e-08,0.0,4.7747868e-08,0.0
278.98364,0.483859,0.1883387,0.44120198,0.0,2014-05-16 06:00:00,0.0,5.915585e-07,0.0,4.9606274e-07,0.0
278.51416,0.47003192,0.2224279,0.4366039,0.0,2014-05-16 07:00:00,0.0,0.0,0.0,0.0,0.0
278.28516,0.1836062,0.010519415,0.18150228,0.0,2014-05-16 08:00:00,0.0,0.0,0.0,0.0,0.0
278.18774,0.0,0.0,0.0,0.0,2014-05-16 09:00:00,0.0,0.0,0.0,0.0,0.0
277.46167,0.8580556,0.0,0.8580556,0.0,2014-05-16 10:00:00,0.0,0.0,0.0,0.0,0.0
277.4746,0.897014,0.0021566707,0.897014,0.046153862,2014-05-16 11:00:00,0.0,0.0,0.0,0.0,0.0
278.24316,0.7206577,0.005832717,0.7115645,0.053259447,2014-05-16 12:00:00,1.0,0.0,0.0,0.0,0.0
279.38843,0.6244172,0.013623986,0.5630159,0.17786974,2014-05-16 13:00:00,1.0,2.6726156e-07,0.0,1.3363075e-07,0.0
280.8999,0.5814422,0.032901462,0.49005783,0.1772865,2014-05-16 14:00:00,1.0,7.8862286e-05,0.0,7.9043675e-05,0.0
282.24146,0.7915829,0.09750545,0.7860507,0.00053172023,2014-05-16 15:00:00,0.0,9.4660456e-05,0.0,9.4030765e-05,5.915585e-07
282.06445,0.98993397,0.028729692,0.98993397,0.0,2014-05-16 16:00:00,1.0,8.888768e-05,0.0,8.822947e-05,7.8255e-07
283.06323,0.9841371,0.026864119,0.9841371,0.0,2014-05-16 17:00:00,0.0,0.000105870815,0.0,0.00010592786,0.0
283.5017,0.9476169,0.0033782488,0.9476169,0.0,2014-05-16 18:00:00,1.0,0.0001311344,0.0,0.00013108665,0.0
283.74414,0.9792155,0.0061525814,0.9792155,0.0,2014-05-16 19:00:00,0.0,5.0843548e-05,0.0,5.0719857e-05,0.0
284.24512,0.9331508,0.01449389,0.9331508,0.0,2014-05-16 20:00:00,0.0,7.6583456e-05,0.0,7.673567e-05,0.0
284.67065,0.9820778,0.0,0.9820778,0.0,2014-05-16 21:00:00,0.0,1.6786638e-05,0.0,1.6891427e-05,0.0
284.74976,0.9338288,0.0015890491,0.9338288,0.030304112,2014-05-16 22:00:00,0.0,0.0,0.0,0.0,0.0
285.0371,0.9480183,0.0,0.93653697,0.16263759,2014-05-16 23:00:00,0.0,2.3873927e-06,0.0,2.4351411e-06,0.0
284.68848,0.865853,0.0,0.8355416,0.12458587,2014-05-17 00:00:00,0.0,0.0,0.0,0.0,0.0
284.11816,0.20112532,0.0,0.19201499,0.0124641955,2014-05-17 01:00:00,0.0,0.0,0.0,0.0,0.0
282.77905,0.15500313,0.0,0.15500313,0.0,2014-05-17 02:00:00,0.0,0.0,0.0,0.0,0.0
280.89502,0.31304228,0.0,0.309664,0.0033782488,2014-05-17 03:00:00,0.0,0.0,0.0,0.0,0.0
279.80347,0.09493458,0.0,0.09493458,0.0,2014-05-17 04:00:00,0.0,0.0,0.0,0.0,0.0
278.854,0.033665255,0.0,0.033665255,0.0,2014-05-17 05:00:00,0.0,0.0,0.0,0.0,0.0
278.37036,0.16933352,0.0,0.16933352,0.0,2014-05-17 06:00:00,0.0,0.0,0.0,0.0,0.0
278.281,0.2971595,0.0,0.2971595,0.0,2014-05-17 07:00:00,0.0,0.0,0.0,0.0,0.0
278.07153,0.32426178,0.0,0.32426178,0.0,2014-05-17 08:00:00,0.0,0.0,0.0,0.0,0.0
278.04272,0.27739716,0.0,0.27739716,0.0,2014-05-17 09:00:00,0.0,0.0,0.0,0.0,0.0
278.16895,0.6340534,0.0,0.6340534,0.0,2014-05-17 10:00:00,0.0,0.0,0.0,0.0,0.0
278.07153,0.0,0.0,0.0,0.0,2014-05-17 11:00:00,0.0,0.0,0.0,0.0,0.0
278.9812,0.01173529,0.0,0.01173529,0.0,2014-05-17 12:00:00,0.0,0.0,0.0,0.0,0.0
281.69263,0.046805486,0.0,0.016210135,0.030612454,2014-05-17 13:00:00,0.0,0.0,0.0,0.0,0.0
284.3042,0.49368203,0.0,0.0,0.49368203,2014-05-17 14:00:00,0.0,0.0,0.0,0.0,0.0
286.86548,0.95298815,0.0,0.0509484,0.95298815,2014-05-17 15:00:00,0.0,0.0,0.0,0.0,0.0
288.28857,0.97734755,0.0,0.05754038,0.97734755,2014-05-17 16:00:00,0.0,2.864872e-06,0.0,2.9126195e-06,0.0
289.6714,0.99078566,0.0,0.37482828,0.98657787,2014-05-17 17:00:00,0.0,3.750864e-05,0.0,3.763297e-05,0.0
290.35864,0.9590146,0.0016249504,0.25487387,0.93263674,2014-05-17 18:00:00,0.0,2.5051908e-05,0.0,2.5137793e-05,0.0
291.04004,0.9675189,0.0,0.27592283,0.95410866,2014-05-17 19:00:00,0.0,3.8643586e-05,0.0,3.850067e-05,0.0
291.5681,0.9949934,0.0,0.66656977,0.9949934,2014-05-17 20:00:00,0.0,3.634146e-05,0.0,3.624597e-05,0.0
291.85156,1.0,0.0,0.8057377,1.0,2014-05-17 21:00:00,0.0,1.4324361e-05,0.0,1.4228865e-05,0.0
292.44775,0.9989426,0.0,0.7663393,0.9989426,2014-05-17 22:00:00,0.0,1.9099144e-07,0.0,9.549569e-08,0.0
292.52515,0.9811058,0.0,0.42663574,0.9739459,2014-05-17 23:00:00,0.0,0.0,0.0,0.0,0.0
292.052,0.5384747,0.0,0.076696575,0.5260211,2014-05-18 00:00:00,0.0,2.0957555e-07,0.0,3.050713e-07,0.0
290.8501,0.13847524,0.0,0.12371737,0.029178526,2014-05-18 01:00:00,0.0,0.0,0.0,0.0,0.0
287.91504,0.16051948,0.0,0.16051948,0.0,2014-05-18 02:00:00,0.0,0.0,0.0,0.0,0.0
285.52124,0.08371234,0.0,0.08371234,0.0,2014-05-18 03:00:00,0.0,0.0,0.0,0.0,0.0
284.34424,0.11821902,0.0,0.11821902,0.0,2014-05-18 04:00:00,0.0,0.0,0.0,0.0,0.0
284.0432,0.008120172,0.0,0.008120172,0.0,2014-05-18 05:00:00,0.0,0.0,0.0,0.0,0.0
283.85205,0.0,0.0,0.0,0.0,2014-05-18 06:00:00,0.0,0.0,0.0,0.0,0.0
283.61548,0.0,0.0,0.0,0.0,2014-05-18 07:00:00,0.0,0.0,0.0,0.0,0.0
283.2649,0.0,0.0,0.0,0.0,2014-05-18 08:00:00,0.0,0.0,0.0,0.0,0.0
282.7876,0.0,0.0,0.0,0.0,2014-05-18 09:00:00,0.0,0.0,0.0,0.0,0.0
282.3982,0.0,0.0,0.0,0.0,2014-05-18 10:00:00,0.0,0.0,0.0,0.0,0.0
282.06763,0.0,0.0,0.0,0.0,2014-05-18 11:00:00,0.0,0.0,0.0,0.0,0.0
283.36035,0.0,0.0,0.0,0.0,2014-05-18 12:00:00,0.0,0.0,0.0,0.0,0.0
285.91162,0.016832627,0.0,0.0,0.016832627,2014-05-18 13:00:00,0.0,0.0,0.0,0.0,0.0
288.55444,0.025296085,0.0,0.0,0.025296085,2014-05-18 14:00:00,0.0,0.0,0.0,0.0,0.0
291.54785,0.12505776,0.0,0.0,0.12505776,2014-05-18 15:00:00,0.0,0.0,0.0,0.0,0.0
293.32788,0.5451178,0.0,0.016858723,0.53615975,2014-05-18 16:00:00,0.0,0.0,0.0,0.0,0.0
294.29175,0.463484,0.0,0.1919086,0.3186705,2014-05-18 17:00:00,0.0,9.549569e-08,0.0,9.549569e-08,0.0
294.72437,0.1538158,0.0,0.14587057,0.012386933,2014-05-18 18:00:00,0.0,0.0,0.0,0.0,0.0
294.94995,0.14584303,0.0,0.13237154,0.013471484,2014-05-18 19:00:00,0.0,0.0,0.0,0.0,0.0
295.38184,0.5744384,0.0,0.55269694,0.030011643,2014-05-18 20:00:00,0.0,0.0,0.0,0.0,0.0
295.40332,0.89598185,0.0,0.88774586,0.15390092,2014-05-18 21:00:00,0.0,0.0,0.0,0.0,0.0
295.16382,0.6224206,0.0,0.5088092,0.31842548,2014-05-18 22:00:00,0.0,0.0,0.0,0.0,0.0
295.09497,0.89546335,0.0,0.6743355,0.66587824,2014-05-18 23:00:00,0.0,0.0,0.0,0.0,0.0
294.65942,0.97589004,0.0,0.1286363,0.96627235,2014-05-19 00:00:00,0.0,0.0,0.0,0.0,0.0
293.45483,0.9878863,0.0,0.031246413,0.9878863,2014-05-19 01:00:00,0.0,0.0,0.0,0.0,0.0
291.6848,0.9694695,0.0,0.0,0.9694695,2014-05-19 02:00:00,0.0,0.0,0.0,0.0,0.0
290.3606,0.9876192,0.0,0.0,0.9876192,2014-05-19 03:00:00,0.0,0.0,0.0,0.0,0.0
289.70093,1.0,0.0,0.025894668,1.0,2014-05-19 04:00:00,0.0,0.0,0.0,0.0,0.0
289.25098,0.99946827,0.0,0.1519903,0.9989426,2014-05-19 05:00:00,0.0,0.0,0.0,0.0,0.0
288.81934,0.9850114,0.0,0.37434024,0.98290753,2014-05-19 06:00:00,0.0,0.0,0.0,0.0,0.0
288.29736,0.9955251,0.0,0.34023547,0.9955251,2014-05-19 07:00:00,0.0,2.2441498e-05,0.0,2.2489243e-05,0.0
287.89575,1.0,0.0,0.500486,1.0,2014-05-19 08:00:00,0.0,0.0,0.0,0.0,0.0
287.60498,1.0,0.0,0.4833632,1.0,2014-05-19 09:00:00,0.0,0.0,0.0,0.0,0.0
287.58765,1.0,0.0,0.7663909,1.0,2014-05-19 10:00:00,0.0,0.0,0.0,0.0,0.0
287.25513,1.0,0.0,0.88016397,1.0,2014-05-19 11:00:00,0.0,0.0,0.0,0.0,0.0
287.26538,1.0,0.0,0.9263683,1.0,2014-05-19 12:00:00,0.0,0.0,0.0,0.0,0.0
287.38623,0.99683875,0.0,0.61430824,0.9896755,2014-05-19 13:00:00,0.0,0.0,0.0,0.0,0.0
287.39233,1.0,0.009049155,0.80956113,1.0,2014-05-19 14:00:00,1.0,4.1216583e-05,0.0,4.1216583e-05,0.0
286.3379,1.0,0.0726459,0.9912646,1.0,2014-05-19 15:00:00,1.0,0.00023792042,0.0,0.00022421067,1.39097165e-05
285.35083,1.0,0.057558484,0.98577076,1.0,2014-05-19 16:00:00,1.0,0.00066072773,0.0,0.0006269349,3.394528e-05
284.4607,1.0,0.2717681,0.99657166,1.0,2014-05-19 17:00:00,1.0,0.0015700296,0.0,0.001167533,0.00040261121
284.13916,1.0,0.4603995,1.0,1.0,2014-05-19 18:00:00,1.0,0.0018987902,0.0,0.0014993385,0.00039924192
284.41333,1.0,0.28943104,0.96990347,0.98011947,2014-05-19 19:00:00,1.0,0.0026965146,0.0,0.0012463182,0.0014497766
284.7151,0.99683875,0.21278095,0.9118043,0.9571931,2014-05-19 20:00:00,1.0,0.0018706825,0.0,0.0013891333,0.0004814153
285.49512,1.0,0.9891773,0.90247804,0.7980223,2014-05-19 21:00:00,1.0,0.001594003,0.0,0.0014598675,0.00013400195
284.97144,1.0,1.0,1.0,0.72079223,2014-05-19 22:00:00,1.0,0.00052224007,0.0,0.0003743847,0.00014771214
285.03076,1.0,0.9910895,1.0,0.08893269,2014-05-19 23:00:00,1.0,0.00023248448,0.0,0.0,0.00023248448
284.94873,1.0,1.0,1.0,0.033388454,2014-05-20 00:00:00,1.0,0.0003074829,0.0,0.0,0.00030769245
284.7915,1.0,1.0,1.0,0.49853975,2014-05-20 01:00:00,1.0,0.0004889532,0.0,0.0,0.0004889532
285.0398,0.99675006,0.99675006,0.94015586,0.30003333,2014-05-20 02:00:00,1.0,0.00018923428,0.0,5.4910042e-06,0.00018369553
285.3711,1.0,1.0,0.9628246,0.30142862,2014-05-20 03:00:00,1.0,8.2085884e-05,0.0,4.7095833e-05,3.5094825e-05
285.51392,0.91482496,0.8212173,0.5822861,0.4152934,2014-05-20 04:00:00,1.0,9.1036156e-05,0.0,8.780406e-05,3.1077661e-06
285.86963,0.5404151,0.11463541,0.021898147,0.48366833,2014-05-20 05:00:00,0.0,1.8365885e-05,0.0,1.67931e-05,1.7541661e-06
285.73462,0.24203146,0.13670766,0.029886913,0.12019497,2014-05-20 06:00:00,0.0,0.0,0.0,0.0,1.14079796e-07
285.14404,0.19781792,0.17161852,0.039542567,0.029560573,2014-05-20 07:00:00,1.0,0.0,0.0,0.0,0.0
284.6211,0.510536,0.19016421,0.026925862,0.37331098,2014-05-20 08:00:00,1.0,0.0,0.0,0.0,0.0
284.71313,0.909273,0.12630296,0.0,0.8937148,2014-05-20 09:00:00,1.0,0.0,0.0,0.0,0.0
283.39795,0.93063134,0.9062639,0.0,0.04034154,2014-05-20 10:00:00,0.0,0.0,0.0,0.0,0.0
284.16602,0.9883701,0.9883701,0.0,0.024515357,2014-05-20 11:00:00,0.0,0.0,0.0,0.0,0.0
285.0791,1.0,1.0,0.0,0.0,2014-05-20 12:00:00,0.0,0.0,0.0,0.0,0.0
286.50342,1.0,1.0,0.0,0.0,2014-05-20 13:00:00,0.0,0.0,0.0,0.0,0.0
287.5857,0.99946827,0.99946827,0.0,0.11239523,2014-05-20 14:00:00,1.0,0.0,0.0,0.0,0.0
289.5066,1.0,1.0,0.0,0.8905215,2014-05-20 15:00:00,1.0,0.0,0.0,0.0,0.0
291.08667,0.98900735,0.83147216,0.005813699,0.9726341,2014-05-20 16:00:00,1.0,0.0,0.0,0.0,0.0
292.58936,1.0,0.3434707,0.0037098185,1.0,2014-05-20 17:00:00,0.0,0.0,0.0,0.0,0.0
294.06592,0.9516347,0.019988392,0.003781621,0.9466315,2014-05-20 18:00:00,1.0,2.0022026e-06,0.0,2.0592424e-06,0.0
295.07007,0.9750132,0.0,0.030560594,0.9679232,2014-05-20 19:00:00,0.0,0.0,0.0,0.0,0.0
295.94287,0.8557813,0.0016249504,0.017648488,0.85251427,2014-05-20 20:00:00,0.0,0.0,0.0,0.0,0.0
297.052,0.4476682,0.026038766,0.14708692,0.3399415,2014-05-20 21:00:00,0.0,0.0,0.0,0.0,0.0
297.55762,0.53300226,0.028742358,0.3242802,0.30703187,2014-05-20 22:00:00,1.0,1.3363078e-06,0.0,1.4699381e-06,0.0
297.4541,0.39861286,0.045126975,0.23165494,0.21321344,2014-05-20 23:00:00,1.0,1.3897602e-05,0.0,1.3630341e-05,0.0
296.89575,0.5197863,0.008415531,0.15058047,0.43627495,2014-05-21 00:00:00,0.0,6.4860296e-07,0.0,6.4860296e-07,0.0
295.74,0.7923536,0.0,0.08865166,0.7750395,2014-05-21 01:00:00,0.0,0.0,0.0,0.0,0.0
293.46875,0.89920235,0.0,0.095576525,0.8868817,2014-05-21 02:00:00,0.0,0.0,0.0,0.0,0.0
291.7505,0.80291367,0.0,0.07107943,0.7962855,2014-05-21 03:00:00,0.0,0.0,0.0,0.0,0.0
290.73706,0.3046018,0.0,0.054013178,0.2573036,2014-05-21 04:00:00,0.0,0.0,0.0,0.0,0.0
289.75195,0.081976116,0.0,0.058488023,0.023488112,2014-05-21 05:00:00,0.0,0.0,0.0,0.0,0.0
288.91895,0.06363475,0.0,0.024631474,0.04347818,2014-05-21 06:00:00,0.0,0.0,0.0,0.0,0.0
288.46313,0.061948754,0.0,0.014748946,0.04773883,2014-05-21 07:00:00,0.0,0.0,0.0,0.0,0.0
287.96045,0.011596069,0.0,0.00053172023,0.01107046,2014-05-21 08:00:00,0.0,0.0,0.0,0.0,0.0
286.78857,0.0,0.0,0.0,0.0,2014-05-21 09:00:00,0.0,0.0,0.0,0.0,0.0
286.1338,0.011123341,0.0,0.0,0.011123341,2014-05-21 10:00:00,0.0,0.0,0.0,0.0,0.0
285.4546,0.017424218,0.0,0.0,0.017424218,2014-05-21 11:00:00,0.0,0.0,0.0,0.0,0.0
286.09253,0.1263929,0.0,0.0,0.1263929,2014-05-21 12:00:00,0.0,0.0,0.0,0.0,0.0
286.81006,0.21457386,0.06158032,0.0,0.17634308,2014-05-21 13:00:00,0.0,0.0,0.0,0.0,0.0
287.5039,0.7589229,0.749714,0.0,0.041225836,2014-05-21 14:00:00,0.0,0.0,0.0,0.0,0.0
288.48535,0.96079934,0.96079934,0.0,0.0,2014-05-21 15:00:00,0.0,0.0,0.0,0.0,0.0
289.0542,0.99364376,0.993112,0.0010573287,0.21504551,2014-05-21 16:00:00,0.0,0.0,0.0,0.0,0.0
289.70117,1.0,0.99525803,0.0010573287,0.69629204,2014-05-21 17:00:00,0.0,0.0,0.0,0.0,0.0
289.9536,0.9989426,0.9989426,0.0,0.8320152,2014-05-21 18:00:00,0.0,0.0,0.0,0.0,0.0
290.36475,1.0,0.99946827,0.0037098185,0.818551,2014-05-21 19:00:00,0.0,0.0,0.0,0.0,0.0
290.6538,0.9989426,0.9952328,0.00053172023,0.2046634,2014-05-21 20:00:00,0.0,0.0,0.0,0.0,0.0
291.26562,0.99576455,0.99576455,0.0,0.004207764,2014-05-21 21:00:00,0.0,0.0,0.0,0.0,0.0
291.65332,0.6763424,0.6763424,0.0,0.0023709626,2014-05-21 22:00:00,0.0,0.0,0.0,0.0,0.0
291.56055,0.13966113,0.13012683,0.0,0.010597732,2014-05-21 23:00:00,0.0,0.0,0.0,0.0,0.0
291.062,0.007457666,0.007457666,0.0,0.0,2014-05-22 00:00:00,0.0,0.0,0.0,0.0,0.0
290.32886,0.013471484,0.013471484,0.0,0.0,2014-05-22 01:00:00,0.0,0.0,0.0,0.0,0.0
288.6975,0.013471484,0.013471484,0.0,0.0,2014-05-22 02:00:00,0.0,0.0,0.0,0.0,0.0
286.5984,0.009634774,0.009634774,0.0,0.0,2014-05-22 03:00:00,0.0,0.0,0.0,0.0,0.0
285.5913,0.020370081,0.020370081,0.0,0.0,2014-05-22 04:00:00,0.0,0.0,0.0,0.0,0.0
284.86377,0.019092347,0.019092347,0.0,0.0,2014-05-22 05:00:00,0.0,1.14079796e-07,0.0,0.0,1.14079796e-07
284.43872,0.015514165,0.015514165,0.0,0.0,2014-05-22 06:00:00,0.0,0.0,0.0,0.0,0.0
283.90308,0.010624062,0.010624062,0.0,0.0,2014-05-22 07:00:00,0.0,0.0,0.0,0.0,0.0
283.4519,0.38963938,0.019192956,0.0,0.3820607,2014-05-22 08:00:00,0.0,0.0,0.0,0.0,0.0
282.54224,0.03961219,0.03961219,0.0,0.0,2014-05-22 09:00:00,0.0,0.0,0.0,0.0,0.0
280.81714,0.057280805,0.056755196,0.0,0.00053172023,2014-05-22 10:00:00,0.0,0.0,0.0,0.0,0.0
280.79053,0.0748778,0.04507141,0.0,0.031431336,2014-05-22 11:00:00,0.0,0.0,0.0,0.0,0.0
282.57446,0.067751944,0.06722629,0.0,0.00053172023,2014-05-22 12:00:00,0.0,0.0,0.0,0.0,0.0
284.87134,0.7961551,0.10380626,0.0,0.7787989,2014-05-22 13:00:00,0.0,0.0,0.0,0.0,0.0
286.3413,0.7087915,0.3924206,0.0,0.45649981,2014-05-22 14:00:00,0.0,0.0,0.0,0.0,0.0
288.0161,0.871041,0.5885943,0.0,0.4813872,2014-05-22 15:00:00,0.0,0.0,0.0,0.0,0.0
289.14697,0.83941656,0.5534058,0.0,0.42330003,2014-05-22 16:00:00,0.0,0.0,0.0,0.0,0.0
290.2527,0.58837575,0.58042437,0.0,0.0328192,2014-05-22 17:00:00,0.0,0.0,0.0,0.0,0.0
291.44873,0.38048226,0.37836152,0.0,0.0026463778,2014-05-22 18:00:00,0.0,0.0,0.0,0.0,0.0
292.74365,0.28930902,0.28930902,0.0,0.0,2014-05-22 19:00:00,0.0,0.0,0.0,0.0,0.0
293.88672,0.16161597,0.16161597,0.0,0.0,2014-05-22 20:00:00,0.0,0.0,0.0,0.0,0.0
294.6272,0.17684382,0.17684382,0.0,0.0,2014-05-22 21:00:00,0.0,0.0,0.0,0.0,0.0
294.95044,0.04474769,0.04474769,0.0,0.0,2014-05-22 22:00:00,0.0,0.0,0.0,0.0,0.0
295.02295,0.0032499009,0.0032499009,0.0,0.0,2014-05-22 23:00:00,0.0,0.0,0.0,0.0,0.0
294.56152,0.0,0.0,0.0,0.0,2014-05-23 00:00:00,0.0,0.0,0.0,0.0,0.0
293.40576,0.0,0.0,0.0,0.0,2014-05-23 01:00:00,0.0,0.0,0.0,0.0,0.0
291.10327,0.0,0.0,0.0,0.0,2014-05-23 02:00:00,0.0,0.0,0.0,0.0,0.0
288.1538,0.0032499009,0.0032499009,0.0,0.0,2014-05-23 03:00:00,0.0,0.0,0.0,0.0,0.0
286.59814,0.0072638094,0.0067320913,0.0,0.00053172023,2014-05-23 04:00:00,0.0,0.0,0.0,0.0,0.0
285.5542,0.018745128,0.018745128,0.0,0.0,2014-05-23 05:00:00,0.0,0.0,0.0,0.0,0.0
284.66504,0.0057492107,0.0057492107,0.0,0.0,2014-05-23 06:00:00,0.0,0.0,0.0,0.0,0.0
283.28467,0.006280929,0.006280929,0.0,0.0,2014-05-23 07:00:00,0.0,0.0,0.0,0.0,0.0
282.91113,0.034179814,0.008651894,0.0,0.025545023,2014-05-23 08:00:00,0.0,0.0,0.0,0.0,0.0
282.80664,0.08863896,0.0033782488,0.0,0.08526069,2014-05-23 09:00:00,0.0,0.0,0.0,0.0,0.0
281.63867,0.06545645,0.006280929,0.0,0.059206054,2014-05-23 10:00:00,0.0,0.0,0.0,0.0,0.0
281.333,0.011281386,0.008120172,0.0,0.003161212,2014-05-23 11:00:00,0.0,0.0,0.0,0.0,0.0
284.23608,0.0,0.0,0.0,0.0,2014-05-23 12:00:00,0.0,0.0,0.0,0.0,0.0
287.4668,0.0,0.0,0.0,0.0,2014-05-23 13:00:00,0.0,0.0,0.0,0.0,0.0
290.48315,0.0,0.0,0.0,0.0,2014-05-23 14:00:00,0.0,0.0,0.0,0.0,0.0
292.71216,0.0,0.0,0.0,0.0,2014-05-23 15:00:00,0.0,0.0,0.0,0.0,0.0
294.04492,0.011408862,0.0,0.0,0.011408862,2014-05-23 16:00:00,0.0,0.0,0.0,0.0,0.0
294.92725,0.057614893,0.0,0.0,0.057614893,2014-05-23 17:00:00,0.0,0.0,0.0,0.0,0.0
295.83105,0.2387762,0.0,0.0,0.2387762,2014-05-23 18:00:00,0.0,0.0,0.0,0.0,0.0
296.4856,0.32162195,0.0,0.0,0.32162195,2014-05-23 19:00:00,0.0,0.0,0.0,0.0,0.0
297.16016,0.16746813,0.0,0.0,0.16746813,2014-05-23 20:00:00,0.0,0.0,0.0,0.0,0.0
297.71265,0.11639273,0.0,0.0,0.11639273,2014-05-23 21:00:00,0.0,0.0,0.0,0.0,0.0
297.98877,0.0015890491,0.0015890491,0.0,0.0,2014-05-23 22:00:00,0.0,0.0,0.0,0.0,0.0
298.10986,0.045600243,0.0,0.0,0.045600243,2014-05-23 23:00:00,0.0,0.0,0.0,0.0,0.0
297.57056,0.101531744,0.0,0.0,0.101531744,2014-05-24 00:00:00,0.0,0.0,0.0,0.0,0.0
296.40894,0.15217447,0.0,0.0016249504,0.15054947,2014-05-24 01:00:00,0.0,0.0,0.0,0.0,0.0
293.458,0.09072542,0.0,0.00956155,0.08326775,2014-05-24 02:00:00,0.0,0.0,0.0,0.0,0.0
291.20752,0.07476097,0.0,0.0,0.07476097,2014-05-24 03:00:00,0.0,0.0,0.0,0.0,0.0
290.19165,0.4083026,0.0,0.0,0.4083026,2014-05-24 04:00:00,0.0,0.0,0.0,0.0,0.0
289.62134,0.58651114,0.0,0.009099722,0.58278227,2014-05-24 05:00:00,0.0,0.0,0.0,0.0,0.0
288.95825,0.52981114,0.0,0.09310681,0.48189068,2014-05-24 06:00:00,0.0,0.0,0.0,0.0,0.0
288.44336,0.1854307,0.0,0.13130593,0.062017236,2014-05-24 07:00:00,0.0,0.0,0.0,0.0,0.0
287.89233,0.02215413,0.0,0.021622412,0.003909968,2014-05-24 08:00:00,0.0,0.0,0.0,0.0,0.0
287.3755,0.05772895,0.0,0.002103883,0.055625066,2014-05-24 09:00:00,0.0,0.0,0.0,0.0,0.0
286.8567,0.6982268,0.0,0.61403745,0.109054685,2014-05-24 10:00:00,0.0,0.0,0.0,0.0,0.0
286.86597,0.7713519,0.0,0.646373,0.3638053,2014-05-24 11:00:00,0.0,0.0,0.0,0.0,0.0
288.4099,0.937375,0.0,0.79517627,0.61303365,2014-05-24 12:00:00,0.0,0.0,0.0,0.0,0.0
290.55176,0.8755195,0.0,0.5322402,0.70489466,2014-05-24 13:00:00,0.0,0.0,0.0,0.0,0.0
292.6057,0.9132951,0.0,0.31955594,0.87499917,2014-05-24 14:00:00,0.0,0.0,0.0,0.0,0.0
295.38452,0.93759656,0.0,0.088085055,0.91503185,2014-05-24 15:00:00,0.0,0.0,0.0,0.0,0.0
296.77075,0.98663974,0.0,0.014453504,0.98663974,2014-05-24 16:00:00,0.0,0.0,0.0,0.0,0.0
297.85962,1.0,0.0,0.0,1.0,2014-05-24 17:00:00,0.0,0.0,0.0,0.0,0.0
298.72363,1.0,0.0,0.0033782488,1.0,2014-05-24 18:00:00,0.0,0.0,0.0,0.0,0.0
299.04102,1.0,0.0,0.0,1.0,2014-05-24 19:00:00,0.0,0.0,0.0,0.0,0.0
299.47266,0.9913737,0.0,0.0,0.9913737,2014-05-24 20:00:00,0.0,0.0,0.0,0.0,0.0
299.9546,0.985034,0.0,0.0,0.985034,2014-05-24 21:00:00,0.0,0.0,0.0,0.0,0.0
299.60693,0.99604,0.0,0.0,0.99604,2014-05-24 22:00:00,0.0,0.0,0.0,0.0,0.0
299.51245,0.99095327,0.0,0.0,0.99095327,2014-05-24 23:00:00,0.0,0.0,0.0,0.0,0.0
298.75366,0.7655888,0.0,0.0,0.7655888,2014-05-25 00:00:00,0.0,0.0,0.0,0.0,0.0
297.61792,0.3672908,0.0,0.0,0.3672908,2014-05-25 01:00:00,0.0,0.0,0.0,0.0,0.0
294.84497,0.13027191,0.0,0.0,0.13027191,2014-05-25 02:00:00,0.0,0.0,0.0,0.0,0.0
292.80298,0.037547432,0.0,0.0,0.037547432,2014-05-25 03:00:00,0.0,0.0,0.0,0.0,0.0
291.68042,0.08151245,0.0,0.0,0.08151245,2014-05-25 04:00:00,0.0,0.0,0.0,0.0,0.0
290.70093,0.850732,0.0,0.0,0.850732,2014-05-25 05:00:00,0.0,0.0,0.0,0.0,0.0
289.6499,0.9727841,0.0,0.0,0.9727841,2014-05-25 06:00:00,0.0,0.0,0.0,0.0,0.0
288.80176,0.9673249,0.0,0.0,0.9673249,2014-05-25 07:00:00,0.0,0.0,0.0,0.0,0.0
287.98535,0.9966217,0.0,0.0,0.9966217,2014-05-25 08:00:00,0.0,0.0,0.0,0.0,0.0
287.2837,0.8881208,0.0,0.0,0.8881208,2014-05-25 09:00:00,0.0,0.0,0.0,0.0,0.0
286.71216,0.22117245,0.0,0.0,0.22117245,2014-05-25 10:00:00,0.0,0.0,0.0,0.0,0.0
286.32788,0.06810683,0.0,0.0,0.06810683,2014-05-25 11:00:00,0.0,0.0,0.0,0.0,0.0
288.06445,0.0,0.0,0.0,0.0,2014-05-25 12:00:00,0.0,0.0,0.0,0.0,0.0
290.73853,0.009895153,0.0,0.0,0.009895153,2014-05-25 13:00:00,0.0,0.0,0.0,0.0,0.0
293.21777,0.3215199,0.0,0.0,0.3215199,2014-05-25 14:00:00,0.0,0.0,0.0,0.0,0.0
296.32324,0.6185021,0.0,0.0,0.6185021,2014-05-25 15:00:00,0.0,0.0,0.0,0.0,0.0
297.90454,0.8469065,0.0,0.0,0.8469065,2014-05-25 16:00:00,0.0,0.0,0.0,0.0,0.0
299.239,0.9886299,0.0016249504,0.0,0.9886299,2014-05-25 17:00:00,0.0,0.0,0.0,0.0,0.0
299.74365,1.0,0.51588047,0.56182736,1.0,2014-05-25 18:00:00,0.0,1.5452324e-06,0.0,1.4593497e-06,0.0
299.4961,1.0,0.6638868,0.94891846,1.0,2014-05-25 19:00:00,0.0,1.1831162e-06,0.0,1.2494484e-06,0.0
299.53076,0.99736434,0.8914983,0.80919456,0.96336967,2014-05-25 20:00:00,0.0,6.101426e-07,0.0,8.0081327e-07,0.0
299.79688,0.99946827,0.9096631,0.8549791,0.99371904,2014-05-25 21:00:00,0.0,2.6738799e-06,0.0,2.5783847e-06,0.0
299.12793,1.0,0.114854336,0.9017483,1.0,2014-05-25 22:00:00,0.0,2.3104903e-06,0.0,2.3104903e-06,0.0
298.40088,1.0,0.10749191,0.9334887,1.0,2014-05-25 23:00:00,0.0,8.058954e-05,0.0,7.782978e-05,2.6738799e-06
297.69775,1.0,0.16327333,0.585178,1.0,2014-05-26 00:00:00,0.0,1.9099144e-07,0.0,0.0,9.549569e-08
297.35034,1.0,0.2440139,0.46465576,0.9978961,2014-05-26 01:00:00,0.0,0.0,0.0,0.0,0.0
296.50024,0.9688326,0.21221453,0.44890594,0.92052126,2014-05-26 02:00:00,0.0,0.0,0.0,0.0,0.0
294.9038,0.9816332,0.210953,0.5169182,0.96827567,2014-05-26 03:00:00,1.0,0.00012212103,0.0,0.00011093494,1.1052449e-05
294.6333,0.9888936,0.12744159,0.45230478,0.9817399,2014-05-26 04:00:00,1.0,9.252022e-05,0.0,8.174335e-05,1.0652523e-05
294.3672,0.9949968,0.011598814,0.11896646,0.99001795,2014-05-26 05:00:00,1.0,2.2906142e-06,0.0,1.0504527e-06,1.5074229e-06
293.8982,0.9683461,0.060091075,0.1021986,0.9683461,2014-05-26 06:00:00,1.0,5.4911914e-05,0.0,5.2230665e-05,2.8815311e-06
293.25708,0.9684263,0.08169538,0.095353425,0.9684263,2014-05-26 07:00:00,0.0,0.0,0.0,0.0,0.0
292.52832,0.9700189,0.03460175,0.06912202,0.9700189,2014-05-26 08:00:00,0.0,0.0,0.0,0.0,0.0
291.82373,0.9939861,0.04831502,0.045540716,0.9939861,2014-05-26 09:00:00,0.0,0.0,0.0,0.0,0.0
291.88208,0.65394205,0.012130532,0.1351223,0.58981985,2014-05-26 10:00:00,0.0,1.6807244e-05,0.0,1.6091028e-05,5.7297444e-07
291.69385,0.41452843,0.007638801,0.19417799,0.296602,2014-05-26 11:00:00,0.0,7.207025e-05,0.0,6.7941524e-05,3.8518465e-06
292.43872,0.7777782,0.03241756,0.19814634,0.7365464,2014-05-26 12:00:00,0.0,5.839816e-05,0.0,4.4941044e-05,1.340008e-05
294.35913,0.98108125,0.020250287,0.12373006,0.98108125,2014-05-26 13:00:00,0.0,1.9816844e-06,0.0,0.0,1.9816844e-06
295.95117,0.9917963,0.0,0.04028214,0.9896924,2014-05-26 14:00:00,0.0,0.0,0.0,0.0,0.0
298.09863,0.99289286,0.004260551,0.08423227,0.98841804,2014-05-26 15:00:00,0.0,1.9099144e-07,0.0,2.291265e-07,0.0
299.22656,0.9905219,0.0015890491,0.031160392,0.98999023,2014-05-26 16:00:00,0.0,1.5279311e-06,0.0,1.432436e-06,0.0
300.0166,0.997629,0.11873233,0.12484163,0.98999023,2014-05-26 17:00:00,1.0,2.9452349e-05,0.0,2.9719624e-05,0.0
300.5537,1.0,0.10801369,0.17552567,0.99657166,2014-05-26 18:00:00,1.0,4.109257e-05,0.0,4.132137e-05,0.0
301.1902,0.9463666,0.18839502,0.3116759,0.9289602,2014-05-26 19:00:00,1.0,1.0377611e-05,0.0,9.510145e-06,7.0563834e-07
301.20557,0.89187765,0.16317582,0.16780174,0.8487045,2014-05-26 20:00:00,1.0,2.0569394e-05,0.0,2.0503066e-05,0.0
300.88135,0.9852399,0.24199265,0.5812247,0.93636197,2014-05-26 21:00:00,1.0,3.124564e-05,0.0,3.1455857e-05,0.0
300.82056,0.99609,0.07106811,0.36297,0.9955644,2014-05-26 22:00:00,1.0,9.612819e-05,0.0,9.040162e-05,5.6124927e-06
298.65112,0.9909975,0.14995378,0.5726201,0.9728477,2014-05-26 23:00:00,1.0,0.0031026963,0.0,0.00303829,6.41293e-05
297.04663,0.9464868,0.053187937,0.6129868,0.9258295,2014-05-27 00:00:00,1.0,0.002939761,0.0,0.002853805,8.584092e-05
295.9724,0.97553337,0.017907716,0.0461138,0.97553337,2014-05-27 01:00:00,1.0,0.0012632625,0.0,0.0012072825,5.6342367e-05
295.20312,0.9966217,0.042698476,0.2192058,0.98999023,2014-05-27 02:00:00,1.0,7.581596e-05,0.0,3.8962695e-05,3.6691432e-05
293.7107,1.0,0.024233814,0.24360383,1.0,2014-05-27 03:00:00,1.0,1.489023e-05,0.0,0.0,1.489023e-05
293.25757,1.0,0.044638213,0.27260184,1.0,2014-05-27 04:00:00,0.0,1.8160848e-05,0.0,1.5995523e-05,2.1175656e-06
293.33447,0.9978961,0.13073748,0.52673054,0.9878863,2014-05-27 05:00:00,1.0,7.6945216e-05,0.0,6.789746e-05,9.047746e-06
292.86035,0.9916152,0.1626041,0.46291798,0.98551536,2014-05-27 06:00:00,1.0,5.526704e-05,0.0,2.6452311e-05,2.8814713e-05
292.77466,0.98948056,0.124106646,0.5772626,0.9841099,2014-05-27 07:00:00,1.0,0.0025659616,0.0,0.0023821297,0.00018372653
292.8025,0.99315417,0.18639702,0.4498545,0.97358286,2014-05-27 08:00:00,1.0,0.0023786803,0.0,0.00223956,0.00013945428
292.43408,0.99225813,0.4166922,0.27661985,0.9521661,2014-05-27 09:00:00,1.0,0.0015993137,0.0,0.0014534441,0.00014572669
292.12354,0.9723915,0.41325808,0.676825,0.87163955,2014-05-27 10:00:00,1.0,0.0025906248,0.0,0.0024752172,0.00011524501
292.20435,0.9440575,0.12677062,0.6509645,0.8627467,2014-05-27 11:00:00,1.0,0.0022683414,0.0,0.0022017683,6.6458466e-05
292.31104,0.94159216,0.056810986,0.5033737,0.86379266,2014-05-27 12:00:00,1.0,0.001154795,0.0,0.0010648791,8.986826e-05
292.27295,0.8654179,0.19454521,0.34591573,0.7399342,2014-05-27 13:00:00,1.0,0.00085550663,0.0,0.000651459,0.00020380934
292.9502,0.8489094,0.40746254,0.737797,0.4316864,2014-05-27 14:00:00,1.0,0.00071262685,0.0,0.0005974304,0.00011511064
293.4585,0.9080254,0.6874705,0.72340477,0.35996193,2014-05-27 15:00:00,1.0,0.00036759838,0.0,0.00015313133,0.00021427656
293.61304,0.9021857,0.68346494,0.58539724,0.3147474,2014-05-27 16:00:00,1.0,0.00057917275,0.0,0.0004229576,0.00015583384
294.0708,0.9027942,0.6229789,0.43345356,0.5644108,2014-05-27 17:00:00,1.0,0.00049876794,0.0,0.00028004334,0.00021829536
294.50122,0.94804,0.49019927,0.57827246,0.79887974,2014-05-27 18:00:00,1.0,0.0005976227,0.0,0.00044401176,0.00015336329
294.4309,0.98341423,0.089781046,0.3663141,0.9452784,2014-05-27 19:00:00,1.0,0.002403709,0.0,0.0022386583,0.00016493678
293.91675,0.9946821,0.35298467,0.53480005,0.9866756,2014-05-27 20:00:00,1.0,0.0013975159,0.0,0.0011306573,0.00026680157
294.52808,0.9957394,0.36111945,0.37588167,0.9912008,2014-05-27 21:00:00,1.0,0.000323307,0.0,0.00019895351,0.0001242582
294.0918,0.98879635,0.7621988,0.32630962,0.9673967,2014-05-27 22:00:00,1.0,0.00029940833,0.0,0.00024374525,5.565396e-05
293.99072,0.97070646,0.6106084,0.089519024,0.93208575,2014-05-27 23:00:00,0.0,3.63023e-05,0.0,1.0614067e-05,2.563119e-05
293.98315,0.93897116,0.42200226,0.009233657,0.8822024,2014-05-28 00:00:00,0.0,5.4156635e-06,0.0,0.0,5.682925e-06
293.2661,0.8577947,0.14084792,0.037166532,0.84565854,2014-05-28 01:00:00,0.0,3.050713e-07,0.0,0.0,5.1464684e-07
292.50244,0.8377094,0.12787914,0.057002146,0.8244758,2014-05-28 02:00:00,1.0,0.0,0.0,0.0,0.0
291.16968,0.66373616,0.1697765,0.05514052,0.60915554,2014-05-28 03:00:00,0.0,9.549569e-08,0.0,0.0,9.549569e-08
290.66162,0.5502538,0.10484707,0.076648116,0.51339215,2014-05-28 04:00:00,1.0,9.549569e-08,0.0,0.0,9.549569e-08
290.20215,0.3911838,0.020632416,0.015247088,0.37293434,2014-05-28 05:00:00,0.0,2.0957555e-07,0.0,0.0,2.0957555e-07
289.77222,0.20810026,0.0037098185,0.0032499009,0.20218688,2014-05-28 06:00:00,0.0,0.0,0.0,0.0,0.0
289.17285,0.096811295,0.05691063,0.0010573287,0.046485618,2014-05-28 07:00:00,0.0,1.9099144e-07,0.0,0.0,3.050713e-07
288.8833,0.10544723,0.10332644,0.00053172023,0.0021207693,2014-05-28 08:00:00,0.0,0.0,0.0,0.0,0.0
288.44653,0.2815529,0.28102732,0.013968281,0.0,2014-05-28 09:00:00,0.0,0.0,0.0,0.0,0.0
287.54248,0.45735627,0.41779602,0.0794366,0.0,2014-05-28 10:00:00,0.0,0.0,0.0,0.0,0.0
287.27783,0.5428005,0.5256458,0.074079454,0.0,2014-05-28 11:00:00,0.0,0.0,0.0,0.0,0.0
288.3982,0.5665831,0.5574373,0.06999737,0.0,2014-05-28 12:00:00,0.0,0.0,0.0,0.0,0.0
290.33472,0.5151215,0.50588787,0.049081195,0.0,2014-05-28 13:00:00,0.0,0.0,0.0,0.0,0.0
291.98633,0.29632396,0.28973448,0.07402676,0.0,2014-05-28 14:00:00,0.0,0.0,0.0,0.0,0.0
294.45825,0.07782787,0.063568234,0.022888329,0.0,2014-05-28 15:00:00,0.0,0.0,0.0,0.0,0.0
295.896,0.14049554,0.115296125,0.05287101,0.0,2014-05-28 16:00:00,0.0,0.0,0.0,0.0,0.0
297.3479,0.07872158,0.061748557,0.030054897,0.0,2014-05-28 17:00:00,1.0,1.678547e-06,0.0,1.678547e-06,0.0
298.24536,0.23796111,0.19984192,0.1357584,0.0,2014-05-28 18:00:00,0.0,4.233857e-06,0.0,4.233857e-06,0.0
299.06128,0.21177328,0.12767446,0.1785813,0.0,2014-05-28 19:00:00,0.0,1.8421691e-05,0.0,1.7678554e-05,8.767626e-07
299.84253,0.2545812,0.15318638,0.22292739,0.0,2014-05-28 20:00:00,0.0,0.0,0.0,0.0,0.0
300.5503,0.20129806,0.13151139,0.14102095,0.0,2014-05-28 21:00:00,0.0,0.0,0.0,0.0,0.0
300.49292,0.112561345,0.08361846,0.045021366,0.0,2014-05-28 22:00:00,0.0,0.0,0.0,0.0,0.0
300.47314,0.0142199695,0.0071128868,0.007107079,0.0,2014-05-28 23:00:00,0.0,0.0,0.0,0.0,0.0
300.0371,0.0037288337,0.0,0.0037288337,0.0,2014-05-29 00:00:00,0.0,0.0,0.0,0.0,0.0
299.05054,0.0,0.0,0.0,0.0,2014-05-29 01:00:00,0.0,0.0,0.0,0.0,0.0
296.40796,0.0,0.0,0.0,0.0,2014-05-29 02:00:00,0.0,0.0,0.0,0.0,0.0
293.396,0.0,0.0,0.0,0.0,2014-05-29 03:00:00,0.0,0.0,0.0,0.0,0.0
291.9143,0.0,0.0,0.0,0.0,2014-05-29 04:00:00,0.0,0.0,0.0,0.0,0.0
290.4646,0.0,0.0,0.0,0.0,2014-05-29 05:00:00,0.0,0.0,0.0,0.0,0.0
289.26636,0.0,0.0,0.0,0.0,2014-05-29 06:00:00,0.0,0.0,0.0,0.0,0.0
288.17188,0.0,0.0,0.0,0.0,2014-05-29 07:00:00,0.0,0.0,0.0,0.0,0.0
287.63428,0.0,0.0,0.0,0.0,2014-05-29 08:00:00,0.0,0.0,0.0,0.0,0.0
286.61743,0.0,0.0,0.0,0.0,2014-05-29 09:00:00,0.0,0.0,0.0,0.0,0.0
285.83594,0.0,0.0,0.0,0.0,2014-05-29 10:00:00,0.0,0.0,0.0,0.0,0.0
285.78613,0.0,0.0,0.0,0.0,2014-05-29 11:00:00,0.0,0.0,0.0,0.0,0.0
288.21216,0.0,0.0,0.0,0.0,2014-05-29 12:00:00,0.0,0.0,0.0,0.0,0.0
290.9143,0.0,0.0,0.0,0.0,2014-05-29 13:00:00,0.0,0.0,0.0,0.0,0.0
293.042,0.0,0.0,0.0,0.0,2014-05-29 14:00:00,0.0,0.0,0.0,0.0,0.0
295.8037,0.0,0.0,0.0,0.0,2014-05-29 15:00:00,0.0,0.0,0.0,0.0,0.0
297.4817,0.0,0.0,0.0,0.0,2014-05-29 16:00:00,0.0,0.0,0.0,0.0,0.0
299.09302,0.0,0.0,0.0,0.0,2014-05-29 17:00:00,0.0,0.0,0.0,0.0,0.0
300.16333,0.0,0.0,0.0,0.0,2014-05-29 18:00:00,0.0,0.0,0.0,0.0,0.0
301.03735,0.0,0.0,0.0,0.0,2014-05-29 19:00:00,0.0,0.0,0.0,0.0,0.0
301.58276,0.0,0.0,0.0,0.0,2014-05-29 20:00:00,0.0,0.0,0.0,0.0,0.0
302.05835,0.0,0.0,0.0,0.0,2014-05-29 21:00:00,0.0,0.0,0.0,0.0,0.0
302.16968,0.0,0.0,0.0,0.0,2014-05-29 22:00:00,0.0,0.0,0.0,0.0,0.0
302.05957,0.009766806,0.0,0.0,0.009766806,2014-05-29 23:00:00,0.0,0.0,0.0,0.0,0.0
301.6018,0.019550718,0.0,0.0,0.019550718,2014-05-30 00:00:00,0.0,0.0,0.0,0.0,0.0
300.26123,0.0,0.0,0.0,0.0,2014-05-30 01:00:00,0.0,0.0,0.0,0.0,0.0
297.1875,0.0,0.0,0.0,0.0,2014-05-30 02:00:00,0.0,0.0,0.0,0.0,0.0
294.4934,0.0,0.0,0.0,0.0,2014-05-30 03:00:00,0.0,0.0,0.0,0.0,0.0
293.07153,0.0,0.0,0.0,0.0,2014-05-30 04:00:00,0.0,0.0,0.0,0.0,0.0
292.28223,0.0,0.0,0.0,0.0,2014-05-30 05:00:00,0.0,0.0,0.0,0.0,0.0
291.71924,0.09680349,0.0,0.0,0.09680349,2014-05-30 06:00:00,0.0,0.0,0.0,0.0,0.0
291.17383,0.17093337,0.0,0.0,0.17093337,2014-05-30 07:00:00,0.0,0.0,0.0,0.0,0.0
290.3308,0.15561318,0.0,0.0,0.15561318,2014-05-30 08:00:00,0.0,0.0,0.0,0.0,0.0
289.89673,0.005003199,0.0,0.0,0.005003199,2014-05-30 09:00:00,0.0,0.0,0.0,0.0,0.0
289.67017,0.0,0.0,0.0,0.0,2014-05-30 10:00:00,0.0,0.0,0.0,0.0,0.0
289.58643,0.012909703,0.012909703,0.0,0.0,2014-05-30 11:00:00,0.0,0.0,0.0,0.0,0.0
291.56836,0.010538738,0.010538738,0.0,0.0,2014-05-30 12:00:00,0.0,0.0,0.0,0.0,0.0
294.1985,0.020326607,0.020326607,0.0,0.0,2014-05-30 13:00:00,0.0,0.0,0.0,0.0,0.0
296.08667,0.046434943,0.046434943,0.008415531,0.0,2014-05-30 14:00:00,0.0,0.0,0.0,0.0,0.0
298.87207,0.048931807,0.012640186,0.04681715,0.0,2014-05-30 15:00:00,0.0,0.0,0.0,0.0,0.0
300.35425,0.13283598,0.028528158,0.11906636,0.0,2014-05-30 16:00:00,1.0,6.9488005e-06,0.0,7.216063e-06,0.0
301.47168,0.3736766,0.14654577,0.35764372,0.0,2014-05-30 17:00:00,1.0,3.061825e-05,0.0,1.873383e-05,1.1598565e-05
302.03516,0.3052724,0.15382516,0.24543887,0.0,2014-05-30 18:00:00,1.0,1.945936e-05,0.0,1.5509417e-05,4.0454406e-06
302.87988,0.26573443,0.14118195,0.218831,0.0,2014-05-30 19:00:00,1.0,1.2307439e-05,0.0,1.2211943e-05,0.0
303.49146,0.25153303,0.05267192,0.24937636,0.0,2014-05-30 20:00:00,0.0,4.615198e-06,0.0,4.615198e-06,0.0
303.917,0.18009323,0.044021174,0.18009323,0.0,2014-05-30 21:00:00,0.0,0.0,0.0,0.0,0.0
303.7832,0.28375483,0.0,0.28375483,0.0,2014-05-30 22:00:00,0.0,0.0,0.0,0.0,0.0
303.42676,0.26159722,0.0,0.12287104,0.17301273,2014-05-30 23:00:00,0.0,0.0,0.0,0.0,0.0
302.71655,0.6384552,0.0,0.09342837,0.6149068,2014-05-31 00:00:00,0.0,0.0,0.0,0.0,0.0
301.3374,0.69933057,0.00053172023,0.15252608,0.65907377,2014-05-31 01:00:00,0.0,0.0,0.0,0.0,0.0
299.51343,0.58370364,0.002103883,0.16141337,0.49418104,2014-05-31 02:00:00,0.0,0.0,0.0,0.0,0.0
297.40625,0.55265915,0.0,0.12853795,0.48220158,2014-05-31 03:00:00,0.0,0.0,0.0,0.0,0.0
296.64136,0.59635204,0.0,0.116327584,0.5379947,2014-05-31 04:00:00,0.0,0.0,0.0,0.0,0.0
296.10645,0.43798685,0.0,0.067427814,0.4076143,2014-05-31 05:00:00,0.0,0.0,0.0,0.0,0.0
295.5818,0.37675762,0.0,0.08217096,0.32060015,2014-05-31 06:00:00,0.0,0.0,0.0,0.0,0.0
295.0398,0.25989872,0.0,0.053051136,0.21979296,2014-05-31 07:00:00,0.0,0.0,0.0,0.0,0.0
294.45312,0.08224833,0.0,0.01916286,0.06598812,2014-05-31 08:00:00,0.0,0.0,0.0,0.0,0.0
294.10986,0.04392991,0.0,0.026269943,0.020037036,2014-05-31 09:00:00,0.0,0.0,0.0,0.0,0.0
293.90137,0.4338755,0.0,0.31195253,0.33599752,2014-05-31 10:00:00,0.0,0.0,0.0,0.0,0.0
293.4912,0.54577273,0.0,0.5219443,0.11523241,2014-05-31 11:00:00,0.0,0.0,0.0,0.0,0.0
294.1836,0.50505006,0.0016249504,0.5018002,0.04895546,2014-05-31 12:00:00,0.0,0.0,0.0,0.0,0.0
295.1577,0.29451257,0.0,0.28157276,0.027924988,2014-05-31 13:00:00,0.0,0.0,0.0,0.0,0.0
296.42993,0.04339784,0.0016249504,0.027566027,0.024914432,2014-05-31 14:00:00,0.0,0.0,0.0,0.0,0.0
298.3191,0.055590738,0.01772051,0.01490172,0.02833939,2014-05-31 15:00:00,0.0,0.0,0.0,0.0,0.0
299.1599,0.117568016,0.088933825,0.0,0.028609801,2014-05-31 16:00:00,1.0,5.3452317e-07,0.0,6.68154e-07,0.0
299.84058,0.32992333,0.24668902,0.1266166,0.06782287,2014-05-31 17:00:00,1.0,1.2896404e-05,0.0,1.2504804e-05,0.0
300.32422,0.4866745,0.15204972,0.19843352,0.33864033,2014-05-31 18:00:00,1.0,6.401057e-05,0.0,4.1130872e-05,2.2984488e-05
299.7898,0.6594771,0.1786356,0.16767925,0.5587928,2014-05-31 19:00:00,1.0,0.00035094912,0.0,0.00034560496,5.2676414e-06
298.92432,0.72548515,0.14710563,0.17131633,0.65628546,2014-05-31 20:00:00,1.0,0.0019372967,0.0,0.0019345102,2.7866954e-06
297.16455,0.77674407,0.13550389,0.081177175,0.7398657,2014-05-31 21:00:00,1.0,0.0043068416,0.0,0.0042691864,3.7770194e-05
297.14307,0.97666025,0.10099709,0.15515697,0.96603525,2014-05-31 22:00:00,1.0,0.00014656207,0.0,0.000109639266,3.6922793e-05
297.07007,0.9564125,0.009103052,0.13011497,0.9505629,2014-05-31 23:00:00,1.0,0.000697582,0.0,0.0006904013,7.743483e-06
296.79102,0.99346054,0.102689385,0.32530516,0.9913737,2014-06-01 00:00:00,0.0,9.158646e-07,0.0,0.0,9.158646e-07
295.67432,1.0,0.064739466,0.17593819,0.9947263,2014-06-01 01:00:00,1.0,0.0,0.0,0.0,0.0
295.02832,0.99841094,0.13108873,0.1527409,0.99841094,2014-06-01 02:00:00,1.0,0.0,0.0,0.0,0.0
294.1919,0.9989426,0.043944404,0.28643698,0.9989426,2014-06-01 03:00:00,0.0,0.0,0.0,0.0,0.0
293.59155,1.0,0.08357334,0.29376775,0.9989426,2014-06-01 04:00:00,1.0,0.0,0.0,0.0,0.0
293.52856,0.9970973,0.237432,0.17884862,0.9970973,2014-06-01 05:00:00,1.0,0.0,0.0,0.0,0.0
293.26465,0.9970973,0.059304018,0.22966456,0.9970973,2014-06-01 06:00:00,1.0,2.6726156e-07,0.0,0.0,2.6726156e-07
293.5232,0.9949934,0.08460516,0.18975556,0.9949934,2014-06-01 07:00:00,1.0,4.789268e-05,0.0,0.0,4.789268e-05
293.75537,0.9702716,0.17393148,0.26757377,0.9531648,2014-06-01 08:00:00,1.0,0.00062166667,0.0,0.0006053818,1.6341917e-05
293.56543,0.8220666,0.20198882,0.2649234,0.746997,2014-06-01 09:00:00,1.0,0.0022701789,0.0,0.0022600887,9.746978e-06
293.2202,0.99258035,0.9751008,0.9074926,0.5079942,2014-06-01 10:00:00,1.0,0.0033591331,0.0,0.003290518,6.854799e-05
293.20215,1.0,1.0,1.0,0.6785391,2014-06-01 11:00:00,1.0,0.0043457784,0.0,0.00425224,9.362225e-05
292.70337,1.0,1.0,0.97130513,0.5605968,2014-06-01 12:00:00,1.0,0.004454937,0.0,0.004337337,0.00011760945
292.26318,1.0,1.0,0.9973536,0.8410321,2014-06-01 13:00:00,1.0,0.0041117743,0.0,0.0039870217,0.00012475235
292.41357,1.0,1.0,0.998375,0.9850114,2014-06-01 14:00:00,1.0,0.0025593152,0.0,0.0024509274,0.000108864915
293.22144,1.0,0.98147386,1.0,0.9966217,2014-06-01 15:00:00,1.0,0.0006263477,0.0,0.0005024711,0.00012388648
294.73413,1.0,0.62604,0.9283295,1.0,2014-06-01 16:00:00,1.0,0.00012782797,0.0,4.4891873e-05,8.3298844e-05
295.05957,1.0,0.40821052,0.45185947,1.0,2014-06-01 17:00:00,1.0,0.0001795933,0.0,0.00013489302,4.446185e-05
295.1687,1.0,0.5262354,0.064528406,1.0,2014-06-01 18:00:00,1.0,8.8723114e-05,0.0,8.1179314e-05,7.5915477e-06
296.05396,1.0,0.64381933,0.051551826,1.0,2014-06-01 19:00:00,0.0,5.0092043e-05,0.0,1.6648512e-05,3.3663033e-05
296.56738,1.0,1.0,0.010112595,0.9842892,2014-06-01 20:00:00,1.0,2.8464652e-05,0.0,1.7987084e-05,1.0448731e-05
294.45605,0.9978961,0.94950676,0.01709244,0.96944755,2014-06-01 21:00:00,1.0,5.2487972e-05,0.0,4.8912014e-05,3.4134791e-06
295.40625,0.9511808,0.9025027,0.0016249504,0.44854838,2014-06-01 22:00:00,1.0,7.989531e-05,0.0,4.104321e-05,3.8947575e-05
295.7578,1.0,0.6638179,0.07782084,0.9966217,2014-06-01 23:00:00,1.0,0.00018170939,0.0,0.00011871192,6.3207044e-05
295.38208,1.0,0.5844498,0.075038075,1.0,2014-06-02 00:00:00,1.0,0.00011164762,0.0,8.28239e-05,2.8766022e-05
294.3501,1.0,0.26325458,0.055609185,1.0,2014-06-02 01:00:00,1.0,0.0020300723,0.0,0.0019313963,9.902837e-05
293.2788,1.0,0.21628422,0.11605942,1.0,2014-06-02 02:00:00,1.0,0.0032195444,0.0,0.0026928035,0.0005270839
292.84058,1.0,0.22996521,0.7827508,1.0,2014-06-02 03:00:00,1.0,0.00064933277,0.0,0.0,0.00064933277
292.31372,1.0,0.23310089,0.9682267,1.0,2014-06-02 04:00:00,1.0,0.000128012,0.0,3.2659533e-05,9.535246e-05
292.16382,1.0,0.2355141,1.0,1.0,2014-06-02 05:00:00,1.0,0.0010028472,0.0,0.0008816365,0.000121210556
292.10254,1.0,0.5797424,0.998375,1.0,2014-06-02 06:00:00,1.0,0.0012594631,0.0,0.00069473335,0.00056467275
291.8518,1.0,0.98229307,0.9940507,1.0,2014-06-02 07:00:00,1.0,0.0027866042,0.0,0.00033035222,0.0024562518
291.6538,1.0,0.97328675,0.91694367,1.0,2014-06-02 08:00:00,1.0,0.0013786443,0.0,0.00017707888,0.0012018327
291.86206,1.0,0.9310909,0.7751057,1.0,2014-06-02 09:00:00,1.0,0.00058869366,0.0,0.0002159213,0.0003727153
291.41113,1.0,0.17222565,0.9936607,1.0,2014-06-02 10:00:00,1.0,0.00016211536,0.0,4.610262e-05,0.00011587911
291.3706,1.0,0.5876834,0.8173931,0.9718106,2014-06-02 11:00:00,1.0,1.421158e-05,0.0,6.8151703e-06,7.5300395e-06
291.38794,0.97552913,0.9318309,0.68586355,0.6629576,2014-06-02 12:00:00,1.0,2.2495879e-06,0.0,1.401022e-06,6.4860296e-07
291.75708,0.88563496,0.7609262,0.72541815,0.12167138,2014-06-02 13:00:00,1.0,8.4023035e-05,0.0,8.367053e-05,3.813414e-07
293.04248,0.98410946,0.52827215,0.97986794,0.0,2014-06-02 14:00:00,1.0,4.119947e-05,0.0,3.9426086e-05,2.1931846e-06
294.62915,0.94334406,0.42460752,0.88628525,0.0,2014-06-02 15:00:00,1.0,7.313612e-05,0.0,5.6682387e-05,1.6644393e-05
295.95898,0.7324407,0.58517975,0.46488208,0.0,2014-06-02 16:00:00,1.0,0.0001780133,0.0,0.00013067666,4.758434e-05
297.18335,0.26891,0.15536523,0.18779153,0.0,2014-06-02 17:00:00,1.0,0.00010845653,0.0,9.9143814e-05,9.264972e-06
298.19287,0.339939,0.17528588,0.29854155,0.0,2014-06-02 18:00:00,1.0,3.0920055e-05,0.0,2.9385716e-05,1.2959135e-06
298.90283,0.23838747,0.11057907,0.20979935,0.0,2014-06-02 19:00:00,0.0,3.142118e-05,0.0,3.141156e-05,0.0
299.28662,0.3787734,0.075237095,0.36644542,0.012119453,2014-06-02 20:00:00,1.0,6.371941e-06,0.0,6.381233e-06,0.0
298.26685,0.32028258,0.068078995,0.32028258,0.0,2014-06-02 21:00:00,0.0,2.7277174e-06,0.0,2.7847573e-06,0.0
297.9458,0.24172968,0.04721696,0.22698528,0.0,2014-06-02 22:00:00,1.0,0.0,0.0,0.0,0.0
297.13745,0.44844508,0.13099098,0.43086976,0.0,2014-06-02 23:00:00,0.0,3.724573e-05,0.0,3.6940968e-05,0.0
295.44214,0.44550407,0.14142323,0.4150825,0.0,2014-06-03 00:00:00,0.0,3.6237052e-06,0.0,3.0039455e-06,0.0
294.07202,0.3719592,0.12102413,0.35750234,0.0,2014-06-03 01:00:00,0.0,9.908417e-07,0.0,9.908417e-07,0.0
292.70166,0.25528687,0.11659175,0.2112962,0.0,2014-06-03 02:00:00,0.0,1.9816844e-06,0.0,2.2293952e-06,0.0
291.02026,0.10975677,0.07568425,0.052401915,0.0,2014-06-03 03:00:00,0.0,0.0,0.0,0.0,0.0
290.2334,0.08390695,0.083375275,0.0010573287,0.0,2014-06-03 04:00:00,0.0,0.0,0.0,0.0,0.0
289.58008,0.0,0.0,0.0,0.0,2014-06-03 05:00:00,0.0,0.0,0.0,0.0,0.0
289.05054,0.020210877,0.020210877,0.0,0.0,2014-06-03 06:00:00,0.0,0.0,0.0,0.0,0.0
288.62476,0.0057492107,0.0057492107,0.0,0.0,2014-06-03 07:00:00,0.0,0.0,0.0,0.0,0.0
288.24097,0.0,0.0,0.0,0.0,2014-06-03 08:00:00,0.0,0.0,0.0,0.0,0.0
287.7776,0.0,0.0,0.0,0.0,2014-06-03 09:00:00,0.0,0.0,0.0,0.0,0.0
287.0852,0.0,0.0,0.0,0.0,2014-06-03 10:00:00,0.0,0.0,0.0,0.0,0.0
286.9248,0.0067320913,0.0067320913,0.0,0.0,2014-06-03 11:00:00,0.0,0.0,0.0,0.0,0.0
287.8789,0.015096433,0.015096433,0.0,0.0,2014-06-03 12:00:00,1.0,0.0,0.0,0.0,0.0
289.51978,0.03146241,0.03146241,0.0,0.0,2014-06-03 13:00:00,0.0,0.0,0.0,0.0,0.0
290.83203,0.012727946,0.012727946,0.0,0.0,2014-06-03 14:00:00,0.0,0.0,0.0,0.0,0.0
292.82764,0.15516466,0.14004868,0.07060808,0.0,2014-06-03 15:00:00,0.0,0.0,0.0,0.0,0.0
294.04883,0.2427057,0.15841722,0.20725465,0.0,2014-06-03 16:00:00,0.0,0.0,0.0,0.0,0.0
295.1621,0.2732436,0.13371032,0.16925335,0.045034837,2014-06-03 17:00:00,0.0,0.0,0.0,0.0,0.0
295.94922,0.6295587,0.41984642,0.25878477,0.36146176,2014-06-03 18:00:00,0.0,0.0,0.0,0.0,0.0
296.5835,1.0,0.59545255,0.96662384,0.6107231,2014-06-03 19:00:00,0.0,0.0,0.0,0.0,0.0
296.96265,1.0,0.42936403,0.9878553,0.9683973,2014-06-03 20:00:00,0.0,0.0,0.0,0.0,0.0
296.80615,0.9966217,0.025430895,0.66206545,0.9899067,2014-06-03 21:00:00,0.0,0.0,0.0,0.0,0.0
296.34058,1.0,0.07837355,0.33417988,1.0,2014-06-03 22:00:00,0.0,0.0,0.0,0.0,0.0
296.32104,1.0,0.030147914,0.13511026,1.0,2014-06-03 23:00:00,0.0,0.0,0.0,0.0,0.0
296.10938,0.72703487,0.0,0.04669907,0.70868856,2014-06-04 00:00:00,0.0,0.0,0.0,0.0,0.0
295.1858,0.59998393,0.013363607,0.047037505,0.58489233,2014-06-04 01:00:00,0.0,0.0,0.0,0.0,0.0
293.69922,1.0,0.01000458,0.032845307,1.0,2014-06-04 02:00:00,0.0,0.0,0.0,0.0,0.0
291.93408,1.0,0.0,0.0,1.0,2014-06-04 03:00:00,0.0,0.0,0.0,0.0,0.0
290.74048,1.0,0.0,0.02424075,1.0,2014-06-04 04:00:00,0.0,0.0,0.0,0.0,0.0
289.82983,0.99289286,0.0,0.0,0.99289286,2014-06-04 05:00:00,0.0,0.0,0.0,0.0,0.0
289.55298,0.91098,0.0,0.0,0.91098,2014-06-04 06:00:00,0.0,0.0,0.0,0.0,0.0
289.30615,0.5654861,0.0,0.0,0.5654861,2014-06-04 07:00:00,0.0,0.0,0.0,0.0,0.0
288.81177,0.50051135,0.0,0.0,0.50051135,2014-06-04 08:00:00,0.0,0.0,0.0,0.0,0.0
288.49023,0.26450372,0.0,0.0,0.26450372,2014-06-04 09:00:00,0.0,0.0,0.0,0.0,0.0
288.77368,0.68580234,0.025315654,0.0,0.68362856,2014-06-04 10:00:00,0.0,0.0,0.0,0.0,0.0
288.70605,0.5426598,0.0031780982,0.0,0.5394817,2014-06-04 11:00:00,0.0,0.0,0.0,0.0,0.0
290.00195,0.050060123,0.0033782488,0.021835826,0.028224297,2014-06-04 12:00:00,0.0,0.0,0.0,0.0,0.0
291.8098,0.13216001,0.0,0.0,0.13216001,2014-06-04 13:00:00,0.0,0.0,0.0,0.0,0.0
293.9358,0.70094734,0.0,0.0,0.70094734,2014-06-04 14:00:00,0.0,0.0,0.0,0.0,0.0
295.77222,0.8467766,0.0,0.0,0.8467766,2014-06-04 15:00:00,0.0,0.0,0.0,0.0,0.0
296.90918,0.6149943,0.0026463778,0.032173794,0.5924125,2014-06-04 16:00:00,0.0,0.0,0.0,0.0,0.0
297.78467,0.5179368,0.01796569,0.5039508,0.020210877,2014-06-04 17:00:00,1.0,5.7297444e-07,0.0,6.207223e-07,0.0
297.99023,0.5446489,0.0,0.5446489,0.0,2014-06-04 18:00:00,0.0,4.269733e-06,0.0,4.460404e-06,0.0
298.41626,0.2843933,0.0,0.2843933,0.0,2014-06-04 19:00:00,0.0,0.0,0.0,0.0,0.0
299.0044,0.47860414,0.0,0.47860414,0.0,2014-06-04 20:00:00,0.0,0.0,0.0,0.0,0.0
299.7002,0.6975548,0.0,0.6975548,0.0,2014-06-04 21:00:00,0.0,0.0,0.0,0.0,0.0
299.71802,0.501358,0.0,0.501358,0.0,2014-06-04 22:00:00,0.0,0.0,0.0,0.0,0.0
299.39795,0.39168662,0.0,0.39168662,0.0,2014-06-04 23:00:00,0.0,0.0,0.0,0.0,0.0
299.05176,0.33721393,0.011320654,0.33721393,0.002103883,2014-06-05 00:00:00,0.0,0.0,0.0,0.0,0.0
298.01855,0.3886519,0.016557388,0.38119423,0.0,2014-06-05 01:00:00,0.0,0.0,0.0,0.0,0.0
295.92236,0.3476163,0.009766806,0.32076794,0.034218602,2014-06-05 02:00:00,0.0,0.0,0.0,0.0,0.0
293.76904,0.25277853,0.008637674,0.25065774,0.0037098185,2014-06-05 03:00:00,0.0,0.0,0.0,0.0,0.0
292.75928,0.27185273,0.024515945,0.27185273,0.0,2014-06-05 04:00:00,0.0,0.0,0.0,0.0,0.0
291.89966,0.20670927,0.012661949,0.20670927,0.0,2014-06-05 05:00:00,0.0,0.0,0.0,0.0,0.0
291.85522,0.16745627,0.011078794,0.15845627,0.010057587,2014-06-05 06:00:00,0.0,0.0,0.0,0.0,0.0
291.31738,0.16073906,0.011596069,0.10547817,0.07156885,2014-06-05 07:00:00,0.0,0.0,0.0,0.0,0.0
290.7942,0.369905,0.0,0.091450036,0.30137193,2014-06-05 08:00:00,0.0,0.0,0.0,0.0,0.0
290.33594,0.17087162,0.0,0.05897484,0.11762887,2014-06-05 09:00:00,0.0,0.0,0.0,0.0,0.0
289.94946,0.33439958,0.0,0.048173577,0.30783182,2014-06-05 10:00:00,0.0,0.0,0.0,0.0,0.0
289.81763,0.23442012,0.0,0.07262325,0.18116724,2014-06-05 11:00:00,0.0,0.0,0.0,0.0,0.0
290.65503,0.02323829,0.0,0.0,0.02323829,2014-06-05 12:00:00,0.0,0.0,0.0,0.0,0.0
292.09204,0.74465394,0.02475372,0.20391852,0.6681469,2014-06-05 13:00:00,0.0,0.0,0.0,0.0,0.0
293.57837,0.89928687,0.0,0.24967551,0.84639263,2014-06-05 14:00:00,0.0,0.0,0.0,0.0,0.0
295.36963,0.84339,0.0,0.06688923,0.8295377,2014-06-05 15:00:00,0.0,0.0,0.0,0.0,0.0
296.7058,0.989759,0.0,0.029184021,0.989759,2014-06-05 16:00:00,0.0,0.0,0.0,0.0,0.0
297.11597,0.99946827,0.09565729,0.22638917,0.9970973,2014-06-05 17:00:00,0.0,0.0,0.0,0.0,0.0
297.302,1.0,0.041825198,0.4006793,1.0,2014-06-05 18:00:00,0.0,1.7238039e-05,0.0,1.7113707e-05,0.0
296.40576,0.98551536,0.0066281483,0.5164631,0.9760617,2014-06-05 19:00:00,0.0,1.50051e-05,0.0,1.4880761e-05,0.0
295.55225,0.98884934,0.03969684,0.6726608,0.9723721,2014-06-05 20:00:00,1.0,0.00018550204,0.0,0.00017324582,1.2408755e-05
294.08618,0.9878363,0.17962897,0.93430287,0.9642044,2014-06-05 21:00:00,1.0,0.00080915913,0.0,0.00066544395,0.00014349562
292.5581,0.99627113,0.0,0.93731564,0.9882646,2014-06-05 22:00:00,1.0,0.00026736036,0.0,9.119843e-06,0.0002580972
293.13306,0.8952072,0.0,0.2939496,0.88093966,2014-06-05 23:00:00,0.0,8.291422e-05,0.0,0.0,8.291422e-05
293.5647,0.7388665,0.0,0.51690674,0.52742755,2014-06-06 00:00:00,0.0,2.7482165e-06,0.0,0.0,2.7482165e-06
293.65894,0.51231074,0.0016249504,0.375826,0.22300625,2014-06-06 01:00:00,0.0,0.0,0.0,0.0,0.0
292.62646,0.6042225,0.005003199,0.3861022,0.31375974,2014-06-06 02:00:00,0.0,1.5279311e-06,0.0,1.5756796e-06,0.0
291.92798,0.6752728,0.11894989,0.537258,0.38867563,2014-06-06 03:00:00,1.0,5.1567695e-06,0.0,5.1567695e-06,0.0
291.20142,0.57045853,0.06597483,0.4197213,0.3624754,2014-06-06 04:00:00,1.0,0.0,0.0,0.0,0.0
290.5891,0.4955814,0.07911652,0.4275223,0.12863082,2014-06-06 05:00:00,0.0,0.0,0.0,0.0,0.0
290.14258,0.27647978,0.03499954,0.26474112,0.009634774,2014-06-06 06:00:00,1.0,1.4699387e-05,0.0,1.4432126e-05,0.0
289.54077,0.17922395,0.050751563,0.15736699,0.0,2014-06-06 07:00:00,0.0,3.8650323e-05,0.0,3.407584e-05,4.440848e-06
289.43237,0.07768786,0.01292659,0.07425958,0.0,2014-06-06 08:00:00,0.0,0.0,0.0,0.0,0.0
288.7151,0.017588258,0.0060138516,0.014234416,0.0,2014-06-06 09:00:00,0.0,0.0,0.0,0.0,0.0
288.10254,0.0307713,0.012085874,0.020303074,0.0,2014-06-06 10:00:00,0.0,0.0,0.0,0.0,0.0
288.11694,0.038555752,0.005003199,0.038555752,0.0,2014-06-06 11:00:00,0.0,0.0,0.0,0.0,0.0
289.7234,0.06014169,0.0,0.06014169,0.0,2014-06-06 12:00:00,0.0,0.0,0.0,0.0,0.0
291.31592,0.052769918,0.0,0.052769918,0.0,2014-06-06 13:00:00,0.0,0.0,0.0,0.0,0.0
293.2002,0.0323197,0.0,0.0323197,0.0,2014-06-06 14:00:00,0.0,0.0,0.0,0.0,0.0
295.79224,0.012531344,0.0,0.012531344,0.0,2014-06-06 15:00:00,0.0,0.0,0.0,0.0,0.0
297.48315,0.0,0.0,0.0,0.0,2014-06-06 16:00:00,1.0,6.99838e-05,0.0,7.048948e-05,0.0
298.94287,0.2881754,0.1529749,0.26931554,0.0,2014-06-06 17:00:00,1.0,0.00010329181,0.0,0.00010303383,0.0
299.85547,0.28792608,0.037144646,0.28739434,0.0,2014-06-06 18:00:00,1.0,6.614697e-05,0.0,6.623285e-05,0.0
300.58838,0.28760624,0.09155798,0.24611574,0.0,2014-06-06 19:00:00,0.0,0.0,0.0,0.0,0.0
300.8213,0.29592925,0.0,0.29592925,0.0,2014-06-06 20:00:00,0.0,0.0,0.0,0.0,0.0
301.31274,0.29546195,0.0,0.2883346,0.008184664,2014-06-06 21:00:00,0.0,0.0,0.0,0.0,0.0
301.62305,0.6242867,0.0,0.5001639,0.36833107,2014-06-06 22:00:00,0.0,2.6726156e-07,0.0,1.3363075e-07,0.0
301.00537,0.6079663,0.0,0.38121116,0.41331148,2014-06-06 23:00:00,0.0,1.4503876e-06,0.0,1.3933477e-06,0.0
299.6953,0.37577063,0.0,0.22928679,0.22678721,2014-06-07 00:00:00,0.0,0.0,0.0,0.0,0.0
297.60205,0.6247354,0.01685071,0.52621484,0.1993835,2014-06-07 01:00:00,0.0,0.0,0.0,0.0,0.0
295.9436,0.25584114,0.013844978,0.15964675,0.10229415,2014-06-07 02:00:00,0.0,0.0,0.0,0.0,0.0
295.16113,0.9586786,0.0067320913,0.1583631,0.9576213,2014-06-07 03:00:00,0.0,0.0,0.0,0.0,0.0
294.0005,0.7537422,0.0,0.23840684,0.7100295,2014-06-07 04:00:00,0.0,0.0,0.0,0.0,0.0
293.13428,0.35936844,0.0,0.20828229,0.17763269,2014-06-07 05:00:00,0.0,0.0,0.0,0.0,0.0
292.31177,0.3095563,0.0,0.270472,0.057010103,2014-06-07 06:00:00,0.0,0.0,0.0,0.0,0.0
291.88184,0.9947263,0.0,0.41450906,0.98762685,2014-06-07 07:00:00,1.0,6.497721e-05,0.0,6.478654e-05,0.0
290.8816,0.9947011,0.0,0.43520778,0.9909913,2014-06-07 08:00:00,1.0,0.00026643812,0.0,0.00026632403,0.0
290.56396,1.0,0.0,0.5340646,1.0,2014-06-07 09:00:00,1.0,0.0012480745,0.0,0.0012460412,1.8708306e-06
289.88867,1.0,0.22404057,0.522077,1.0,2014-06-07 10:00:00,1.0,0.005564466,0.0,0.005538121,2.6354784e-05
288.79858,1.0,0.0705418,0.4930759,1.0,2014-06-07 11:00:00,1.0,0.0008869355,0.0,0.00076783006,0.00011915322
287.98584,1.0,0.06033373,0.48961854,1.0,2014-06-07 12:00:00,1.0,0.00012377807,0.0,2.7407266e-05,9.6370786e-05
287.4375,1.0,0.029862266,0.9023221,1.0,2014-06-07 13:00:00,1.0,0.0033876747,0.0,0.0033166232,7.128072e-05
286.3518,1.0,0.0026822793,0.988387,1.0,2014-06-07 14:00:00,1.0,0.0035103506,0.0,0.003173582,0.0003368347
285.82568,1.0,0.0,1.0,1.0,2014-06-07 15:00:00,1.0,0.0022638033,0.0,0.0015107398,0.0007531014
285.77563,1.0,0.05655046,0.9904909,1.0,2014-06-07 16:00:00,1.0,0.0014738112,0.0,0.0006719595,0.00080185174
286.10742,1.0,0.57213265,0.9844101,1.0,2014-06-07 17:00:00,1.0,0.0006686589,0.0,5.446127e-05,0.00061414065
286.76733,1.0,0.97618943,0.9978433,1.0,2014-06-07 18:00:00,1.0,0.00040680007,0.0,0.0,0.00040680007
287.41748,1.0,0.98410946,0.9168897,1.0,2014-06-07 19:00:00,1.0,0.0004037884,0.0,3.3727076e-05,0.00037029968
288.46533,1.0,0.98887664,0.55064523,1.0,2014-06-07 20:00:00,0.0,0.00020711042,0.0,5.408333e-06,0.0002015973
289.4214,1.0,1.0,0.0753513,1.0,2014-06-07 21:00:00,1.0,4.5327615e-05,0.0,1.1481915e-05,3.401682e-05
289.15112,1.0,1.0,0.08199364,0.9946291,2014-06-07 22:00:00,0.0,1.7488506e-05,0.0,1.6562393e-05,1.1645325e-06
289.23218,1.0,1.0,0.16591686,0.87188303,2014-06-07 23:00:00,0.0,2.0976977e-06,0.0,1.9358704e-06,0.0
289.2202,0.87040854,0.8070619,0.29040974,0.2819869,2014-06-08 00:00:00,0.0,0.0,0.0,0.0,0.0
289.21362,0.57347435,0.54232264,0.3689205,0.00053172023,2014-06-08 01:00:00,0.0,0.0,0.0,0.0,0.0
288.32007,0.4779141,0.3892278,0.42698628,0.0,2014-06-08 02:00:00,0.0,0.0,0.0,0.0,0.0
287.1936,0.44672376,0.27774572,0.42904937,0.0,2014-06-08 03:00:00,0.0,0.0,0.0,0.0,0.0
286.04102,0.266766,0.17321968,0.24695879,0.0,2014-06-08 04:00:00,0.0,0.0,0.0,0.0,0.0
285.29688,0.13686776,0.06837124,0.1252656,0.0,2014-06-08 05:00:00,0.0,0.0,0.0,0.0,0.0
285.0005,0.11097509,0.018542979,0.11044335,0.0,2014-06-08 06:00:00,0.0,0.0,0.0,0.0,0.0
284.49414,0.0582383,0.007945243,0.057706583,0.0,2014-06-08 07:00:00,0.0,0.0,0.0,0.0,0.0
283.8015,0.02242836,0.00053172023,0.02242836,0.0,2014-06-08 08:00:00,0.0,0.0,0.0,0.0,0.0
282.7312,0.009492185,0.0010573287,0.009492185,0.0,2014-06-08 09:00:00,0.0,0.0,0.0,0.0,0.0
282.07324,0.030938916,0.00921433,0.030938916,0.0,2014-06-08 10:00:00,0.0,0.0,0.0,0.0,0.0
282.5349,0.024889164,0.0010573287,0.008167777,0.016721383,2014-06-08 11:00:00,0.0,0.0,0.0,0.0,0.0
284.84717,0.00053172023,0.00053172023,0.0,0.0,2014-06-08 12:00:00,0.0,0.0,0.0,0.0,0.0
286.95532,0.0,0.0,0.0,0.0,2014-06-08 13:00:00,0.0,0.0,0.0,0.0,0.0
289.34058,0.0,0.0,0.0,0.0,2014-06-08 14:00:00,0.0,0.0,0.0,0.0,0.0
292.25415,0.0,0.0,0.0,0.0,2014-06-08 15:00:00,0.0,0.0,0.0,0.0,0.0
292.7356,0.0,0.0,0.0,0.0,2014-06-08 16:00:00,0.0,0.0,0.0,0.0,0.0
294.47876,0.0037098185,0.0037098185,0.00053172023,0.0,2014-06-08 17:00:00,0.0,0.0,0.0,0.0,0.0
294.67944,0.07311702,0.0,0.011894479,0.061222557,2014-06-08 18:00:00,0.0,0.0,0.0,0.0,0.0
295.0161,0.24949348,0.0,0.038332105,0.21605337,2014-06-08 19:00:00,0.0,0.0,0.0,0.0,0.0
295.31396,0.9966217,0.0,0.13580596,0.9966217,2014-06-08 20:00:00,0.0,0.0,0.0,0.0,0.0
295.4348,1.0,0.0,0.46616888,1.0,2014-06-08 21:00:00,0.0,0.0,0.0,0.0,0.0
295.07642,0.9699653,0.0,0.11971462,0.9699653,2014-06-08 22:00:00,0.0,0.0,0.0,0.0,0.0
295.00073,0.9782184,0.0,0.037503645,0.9761145,2014-06-08 23:00:00,0.0,0.0,0.0,0.0,0.0
294.76978,0.9358837,0.0,0.0,0.9358837,2014-06-09 00:00:00,0.0,0.0,0.0,0.0,0.0
293.469,1.0,0.0,0.043207414,1.0,2014-06-09 01:00:00,0.0,0.0,0.0,0.0,0.0
292.4563,1.0,0.0,0.38081324,1.0,2014-06-09 02:00:00,0.0,1.2605437e-05,0.0,1.2653185e-05,0.0
290.87183,0.99001795,0.0,0.722413,0.98101884,2014-06-09 03:00:00,0.0,0.0,0.0,0.0,0.0
289.8562,1.0,0.00053172023,0.90590274,0.98563,2014-06-09 04:00:00,0.0,0.0,0.0,0.0,0.0
289.86548,0.9910503,0.00053172023,0.5636739,0.9778928,2014-06-09 05:00:00,0.0,0.0,0.0,0.0,0.0
289.47705,1.0,0.0,0.86332434,0.9968219,2014-06-09 06:00:00,0.0,0.0,0.0,0.0,0.0
289.2583,1.0,0.0,1.0,1.0,2014-06-09 07:00:00,0.0,0.0,0.0,0.0,0.0
289.01294,1.0,0.0,0.97813016,1.0,2014-06-09 08:00:00,0.0,0.0,0.0,0.0,0.0
288.46948,1.0,0.0023709626,0.97991747,1.0,2014-06-09 09:00:00,0.0,0.0,0.0,0.0,0.0
287.82153,1.0,0.0,0.9732722,1.0,2014-06-09 10:00:00,0.0,0.0,0.0,0.0,0.0
287.7588,1.0,0.0067320913,0.9772647,1.0,2014-06-09 11:00:00,0.0,1.9099144e-07,0.0,0.0,1.9099144e-07
288.34082,1.0,0.02925273,0.99371904,1.0,2014-06-09 12:00:00,1.0,8.513883e-06,0.0,0.0,8.609379e-06
288.74414,1.0,0.05013396,0.9989426,1.0,2014-06-09 13:00:00,1.0,5.3380223e-05,0.0,0.0,5.3380223e-05
289.2566,0.9841986,0.069134414,0.8182111,0.9365067,2014-06-09 14:00:00,1.0,8.898476e-05,0.0,0.0,8.898476e-05
290.27075,0.65642846,0.15826797,0.4078009,0.41542667,2014-06-09 15:00:00,1.0,7.853343e-05,0.0,0.0,7.853343e-05
291.31836,0.9768557,0.19887084,0.9734774,0.46398914,2014-06-09 16:00:00,1.0,2.8361581e-05,0.0,0.0,2.809432e-05
291.66675,0.99000925,0.020632416,0.9679815,0.89707196,2014-06-09 17:00:00,0.0,4.5759647e-05,0.0,0.0,4.5759647e-05
292.33862,0.9833479,0.04753562,0.7887055,0.9509313,2014-06-09 18:00:00,0.0,3.2338998e-05,0.0,0.0,3.2338998e-05
293.11206,0.969333,0.07804793,0.78735197,0.85969424,2014-06-09 19:00:00,0.0,3.8198294e-07,0.0,2.864872e-07,0.0
293.74487,0.90991104,0.10410315,0.5610225,0.5508305,2014-06-09 20:00:00,0.0,0.0,0.0,0.0,0.0
294.65796,0.9399382,0.07189345,0.16172993,0.9332061,2014-06-09 21:00:00,0.0,7.639659e-07,0.0,6.6847014e-07,0.0
294.53174,0.9970973,0.05006281,0.12490064,0.99657166,2014-06-09 22:00:00,0.0,1.3369399e-06,0.0,1.432436e-06,0.0
294.6792,0.99262583,0.09032869,0.09452844,0.9920941,2014-06-09 23:00:00,0.0,0.0,0.0,0.0,0.0
294.6709,1.0,0.034005105,0.035067618,1.0,2014-06-10 00:00:00,0.0,0.0,0.0,0.0,0.0
293.67114,1.0,0.07328868,0.042448513,1.0,2014-06-10 01:00:00,0.0,0.0,0.0,0.0,0.0
291.37256,1.0,0.04113488,0.005298864,1.0,2014-06-10 02:00:00,0.0,0.0,0.0,0.0,0.0
289.42407,1.0,0.01900737,0.013733722,1.0,2014-06-10 03:00:00,0.0,0.0,0.0,0.0,0.0
288.64014,1.0,0.0055490583,0.0065956153,1.0,2014-06-10 04:00:00,0.0,0.0,0.0,0.0,0.0
287.51514,0.998375,0.0,0.0,0.998375,2014-06-10 05:00:00,0.0,0.0,0.0,0.0,0.0
286.74683,0.99627113,0.0,0.0,0.99627113,2014-06-10 06:00:00,0.0,0.0,0.0,0.0,0.0
286.0962,0.96400666,0.0,0.0,0.96400666,2014-06-10 07:00:00,0.0,0.0,0.0,0.0,0.0
285.52197,0.9543387,0.0,0.0,0.9543387,2014-06-10 08:00:00,0.0,0.0,0.0,0.0,0.0
285.02856,0.942619,0.0,0.0,0.942619,2014-06-10 09:00:00,0.0,0.0,0.0,0.0,0.0
285.1819,0.9812859,0.0,0.05456221,0.9812859,2014-06-10 10:00:00,0.0,0.0,0.0,0.0,0.0
285.15088,0.98486227,0.0,0.07880056,0.9827584,2014-06-10 11:00:00,0.0,0.0,0.0,0.0,0.0
286.79053,0.9309158,0.020286221,0.13532966,0.92382574,2014-06-10 12:00:00,0.0,0.0,0.0,0.0,0.0
289.39282,0.8488714,0.0,0.08269662,0.8385144,2014-06-10 13:00:00,0.0,0.0,0.0,0.0,0.0
291.82056,0.84978914,0.0,0.15827811,0.8253536,2014-06-10 14:00:00,0.0,0.0,0.0,0.0,0.0
294.44702,0.9400634,0.0,0.090722084,0.93518853,2014-06-10 15:00:00,0.0,0.0,0.0,0.0,0.0
295.7793,0.98475105,0.005003199,0.13973248,0.9727764,2014-06-10 16:00:00,0.0,1.6035692e-06,0.0,1.3363078e-06,0.0
296.67334,0.9393108,0.0032499009,0.13426465,0.929544,2014-06-10 17:00:00,0.0,0.0,0.0,0.0,0.0
297.3357,0.9469974,0.020970412,0.21180952,0.91834694,2014-06-10 18:00:00,0.0,0.0,0.0,0.0,0.0
297.98877,0.9434245,0.013033811,0.1642927,0.9336577,2014-06-10 19:00:00,0.0,0.0,0.0,0.0,0.0
298.32715,0.9178799,0.0,0.16894048,0.89192337,2014-06-10 20:00:00,0.0,0.0,0.0,0.0,0.0
298.552,0.84642816,0.0,0.17408901,0.8014939,2014-06-10 21:00:00,0.0,0.0,0.0,0.0,0.0
298.42163,0.4731456,0.0031780982,0.11150795,0.39048958,2014-06-10 22:00:00,0.0,0.0,0.0,0.0,0.0
298.12476,0.15768945,0.005813699,0.1328407,0.029084157,2014-06-10 23:00:00,0.0,0.0,0.0,0.0,0.0
297.45654,0.19220024,0.0029026829,0.19114292,0.0010573287,2014-06-11 00:00:00,0.0,0.0,0.0,0.0,0.0
296.65625,0.24051523,0.00478616,0.24051523,0.0,2014-06-11 01:00:00,0.0,0.0,0.0,0.0,0.0
294.84595,0.1912716,0.008432418,0.1912716,0.0,2014-06-11 02:00:00,0.0,0.0,0.0,0.0,0.0
292.27832,0.03334116,0.022435352,0.016420878,0.0,2014-06-11 03:00:00,0.0,0.0,0.0,0.0,0.0
291.30127,0.015781246,0.004527632,0.011259723,0.0,2014-06-11 04:00:00,0.0,0.0,0.0,0.0,0.0
290.08008,0.002103883,0.0,0.002103883,0.0,2014-06-11 05:00:00,0.0,0.0,0.0,0.0,0.0
288.8977,0.021152135,0.007991824,0.021152135,0.0,2014-06-11 06:00:00,0.0,0.0,0.0,0.0,0.0
287.94116,0.008999109,0.0032499009,0.00737416,0.0,2014-06-11 07:00:00,0.0,0.0,0.0,0.0,0.0
287.7434,0.010724671,0.0,0.007457666,0.0032499009,2014-06-11 08:00:00,0.0,0.0,0.0,0.0,0.0
287.54736,0.10830718,0.015873197,0.09095436,0.018498838,2014-06-11 09:00:00,0.0,0.0,0.0,0.0,0.0
287.5171,0.18959284,0.010009766,0.118820965,0.10568136,2014-06-11 10:00:00,0.0,0.0,0.0,0.0,0.0
287.59277,0.49295652,0.025301825,0.13320547,0.41697913,2014-06-11 11:00:00,0.0,0.0,0.0,0.0,0.0
289.28198,0.71872634,0.0129398,0.098611,0.69841236,2014-06-11 12:00:00,0.0,0.0,0.0,0.0,0.0
291.0752,0.773033,0.026514366,0.14987737,0.72945404,2014-06-11 13:00:00,0.0,0.0,0.0,0.0,0.0
292.91895,0.6054361,0.101154685,0.2398203,0.4518425,2014-06-11 14:00:00,0.0,0.0,0.0,0.0,0.0
295.0432,0.6286257,0.14170903,0.26564223,0.45071864,2014-06-11 15:00:00,0.0,0.0,0.0,0.0,0.0
296.50024,0.27066976,0.0806061,0.13625813,0.14151746,2014-06-11 16:00:00,0.0,0.0,0.0,0.0,0.0
297.1411,0.11058527,0.0450454,0.06718898,0.023821201,2014-06-11 17:00:00,0.0,2.6726156e-07,0.0,2.6726156e-07,2.6726156e-07
297.98828,0.25233865,0.15308249,0.19385219,0.024413817,2014-06-11 18:00:00,1.0,2.752793e-05,0.0,1.8708306e-05,9.086893e-06
298.7295,0.64038056,0.5776823,0.3403477,0.0071104467,2014-06-11 19:00:00,0.0,2.8329727e-05,0.0,2.7795191e-05,5.3452317e-07
299.42773,0.8362616,0.62028825,0.8267777,0.0100932345,2014-06-11 20:00:00,0.0,6.414278e-06,0.0,6.681539e-06,0.0
300.00024,0.6997215,0.30920947,0.6947183,0.0,2014-06-11 21:00:00,1.0,2.6726157e-06,0.0,2.6726157e-06,0.0
299.83618,0.495871,0.04235134,0.40392137,0.14133358,2014-06-11 22:00:00,1.0,9.086893e-06,0.0,9.220525e-06,0.0
300.08594,0.48114806,0.00956155,0.4401564,0.08599925,2014-06-11 23:00:00,0.0,1.9242827e-05,0.0,1.9376457e-05,0.0
299.36206,0.7513171,0.0023709626,0.4778034,0.56417036,2014-06-12 00:00:00,0.0,0.0,0.0,0.0,0.0
298.4939,0.9559814,0.0,0.29833436,0.9438729,2014-06-12 01:00:00,0.0,0.0,0.0,0.0,0.0
297.1106,0.8143014,0.0,0.2844295,0.752681,2014-06-12 02:00:00,1.0,0.0,0.0,0.0,0.0
295.76538,0.57355857,0.0,0.41982877,0.3281293,2014-06-12 03:00:00,0.0,1.3630341e-05,0.0,1.3630341e-05,0.0
295.0874,0.8926734,0.0,0.6707828,0.6871391,2014-06-12 04:00:00,0.0,2.5122587e-05,0.0,2.4988956e-05,0.0
293.6316,0.96932685,0.012992587,0.91295624,0.7186386,2014-06-12 05:00:00,1.0,0.00022695237,0.0,0.00022702896,0.0
292.4685,0.7428231,0.02604457,0.6421594,0.38254178,2014-06-12 06:00:00,1.0,0.0007506155,0.0,0.0006987131,5.2102434e-05
291.91504,0.7462677,0.6691919,0.28956294,0.072368324,2014-06-12 07:00:00,1.0,0.0007690941,0.0,0.0007297932,3.9434497e-05
291.10815,0.99156755,0.99104196,0.2135235,0.008451741,2014-06-12 08:00:00,1.0,1.3351421e-05,0.0,4.9116243e-06,8.3920495e-06
290.48804,0.91500676,0.91500676,0.018524759,0.0,2014-06-12 09:00:00,1.0,1.2796408e-05,0.0,1.27682115e-05,0.0
288.33008,0.9942007,0.9942007,0.0666917,0.0,2014-06-12 10:00:00,1.0,1.2640633e-05,0.0,1.2259291e-05,1.14079796e-07
287.59595,0.9565493,0.9565493,0.014109619,0.0,2014-06-12 11:00:00,0.0,3.5647272e-06,0.0,3.3833485e-06,0.0
287.53516,0.6021087,0.6021087,0.0048919544,0.00053172023,2014-06-12 12:00:00,0.0,3.050713e-07,0.0,1.5253562e-07,0.0
287.81177,0.24908614,0.24671519,0.0,0.0023709626,2014-06-12 13:00:00,0.0,0.0,0.0,0.0,0.0
288.4475,0.36892587,0.36892587,0.0100932345,0.00053172023,2014-06-12 14:00:00,0.0,0.0,0.0,0.0,0.0
288.68164,0.6028321,0.6028321,0.0,0.0,2014-06-12 15:00:00,1.0,5.3452317e-07,0.0,4.1979723e-07,2.6726156e-07
289.30713,0.8159189,0.8159189,0.0,0.0,2014-06-12 16:00:00,1.0,1.0144319e-05,0.0,8.101722e-06,2.138092e-06
289.58765,0.99576455,0.99576455,0.0,0.0,2014-06-12 17:00:00,0.0,4.769124e-05,0.0,4.7700523e-05,0.0
289.55884,1.0,1.0,0.020210877,0.0,2014-06-12 18:00:00,1.0,6.707737e-06,0.0,6.707737e-06,0.0
289.8357,1.0,1.0,0.21682209,0.0,2014-06-12 19:00:00,1.0,1.2165757e-05,0.0,1.1860686e-05,3.050713e-07
289.95142,1.0,1.0,0.39743358,0.0,2014-06-12 20:00:00,1.0,3.436883e-05,0.0,3.4416575e-05,0.0
290.13843,1.0,1.0,0.53497654,0.0,2014-06-12 21:00:00,1.0,2.5968344e-05,0.0,2.605423e-05,0.0
290.31274,0.97706753,0.97706753,0.37822986,0.0,2014-06-12 22:00:00,0.0,4.530848e-05,0.0,4.526072e-05,0.0
290.22803,0.9910527,0.9910527,0.23029333,0.0,2014-06-12 23:00:00,0.0,1.7750732e-05,0.0,1.7617102e-05,0.0
290.30737,0.69404584,0.69404584,0.045910846,0.0,2014-06-13 00:00:00,0.0,0.0,0.0,0.0,0.0
290.16846,0.13826716,0.10828948,0.0,0.029977683,2014-06-13 01:00:00,0.0,0.0,0.0,0.0,0.0
288.8811,0.17211884,0.01879517,0.0,0.15668482,2014-06-13 02:00:00,0.0,0.0,0.0,0.0,0.0
286.9673,0.012531344,0.009177502,0.0,0.0033782488,2014-06-13 03:00:00,0.0,0.0,0.0,0.0,0.0
285.8562,0.002103883,0.002103883,0.0,0.0,2014-06-13 04:00:00,0.0,0.0,0.0,0.0,0.0
285.30225,0.0029026829,0.0029026829,0.0,0.0,2014-06-13 05:00:00,0.0,0.0,0.0,0.0,0.0
284.8916,0.006280929,0.006280929,0.0,0.0,2014-06-13 06:00:00,0.0,0.0,0.0,0.0,0.0
284.38745,0.0029026829,0.0029026829,0.0,0.0,2014-06-13 07:00:00,0.0,0.0,0.0,0.0,0.0
283.55957,0.0,0.0,0.0,0.0,2014-06-13 08:00:00,0.0,0.0,0.0,0.0,0.0
283.18848,0.0,0.0,0.0,0.0,2014-06-13 09:00:00,0.0,0.0,0.0,0.0,0.0
282.81958,0.0,0.0,0.0,0.0,2014-06-13 10:00:00,0.0,0.0,0.0,0.0,0.0
282.70093,0.0,0.0,0.0,0.0,2014-06-13 11:00:00,0.0,0.0,0.0,0.0,0.0
285.09302,0.0,0.0,0.0,0.0,2014-06-13 12:00:00,0.0,0.0,0.0,0.0,0.0
287.45752,0.0,0.0,0.0,0.0,2014-06-13 13:00:00,0.0,0.0,0.0,0.0,0.0
289.5371,0.0,0.0,0.0,0.0,2014-06-13 14:00:00,0.0,0.0,0.0,0.0,0.0
291.98975,0.0,0.0,0.0,0.0,2014-06-13 15:00:00,0.0,0.0,0.0,0.0,0.0
293.48486,0.017515253,0.0,0.0,0.017515253,2014-06-13 16:00:00,0.0,0.0,0.0,0.0,0.0
294.67163,0.09039426,0.0065169036,0.0,0.08712727,2014-06-13 17:00:00,0.0,0.0,0.0,0.0,0.0
295.489,0.5591125,0.16227591,0.0,0.48850542,2014-06-13 18:00:00,0.0,0.0,0.0,0.0,0.0
296.18384,0.8689964,0.082230866,0.0,0.85875005,2014-06-13 19:00:00,0.0,0.0,0.0,0.0,0.0
296.7556,0.970299,0.023818623,0.18703699,0.9660912,2014-06-13 20:00:00,0.0,0.0,0.0,0.0,0.0
297.0923,0.9942508,0.015400782,0.09220052,0.99262583,2014-06-13 21:00:00,0.0,0.0,0.0,0.0,0.0
297.07275,1.0,0.041805513,0.067964554,1.0,2014-06-13 22:00:00,0.0,0.0,0.0,0.0,0.0
296.81104,1.0,0.01897148,0.018346336,1.0,2014-06-13 23:00:00,0.0,0.0,0.0,0.0,0.0
296.05396,0.9867931,0.0,0.07129872,0.9867931,2014-06-14 00:00:00,0.0,0.0,0.0,0.0,0.0
295.18018,1.0,0.0,0.115995646,1.0,2014-06-14 01:00:00,1.0,0.0,0.0,0.0,0.0
293.31738,1.0,0.0,0.07034516,1.0,2014-06-14 02:00:00,0.0,5.3442636e-05,0.0,5.3251963e-05,0.0
292.12378,0.9920106,0.0,0.03138881,0.9920106,2014-06-14 03:00:00,1.0,0.0,0.0,0.0,0.0
291.75195,0.9524464,0.0,0.11431098,0.9492852,2014-06-14 04:00:00,1.0,4.657527e-06,0.0,4.905237e-06,0.0
291.44434,0.9858461,0.0,0.27131593,0.97161686,2014-06-14 05:00:00,1.0,2.101541e-05,0.0,2.0547872e-05,0.0
291.23364,1.0,0.0,0.6236699,1.0,2014-06-14 06:00:00,0.0,1.2661792e-05,0.0,1.2385239e-05,0.0
290.6577,0.90497893,0.0,0.79370856,0.7879698,2014-06-14 07:00:00,1.0,1.2194019e-05,0.0,1.1965213e-05,0.0
290.2898,1.0,0.0,0.52079153,1.0,2014-06-14 08:00:00,1.0,2.8866547e-05,0.0,2.8685172e-05,0.0
289.8828,1.0,0.0,0.2739216,1.0,2014-06-14 09:00:00,0.0,1.3129629e-05,0.0,1.3043747e-05,0.0
289.95093,0.9978961,0.0,0.5363635,0.9957922,2014-06-14 10:00:00,0.0,0.0,0.0,0.0,0.0
289.6714,1.0,0.0,0.4108454,1.0,2014-06-14 11:00:00,0.0,4.329637e-05,0.0,4.3563632e-05,0.0
289.43164,0.99946827,0.0,0.2326498,0.99946827,2014-06-14 12:00:00,0.0,6.410213e-05,0.0,6.4063686e-05,0.0
289.5581,1.0,0.0,0.44356608,1.0,2014-06-14 13:00:00,0.0,0.0,0.0,0.0,0.0
289.38574,1.0,0.0,0.6675767,1.0,2014-06-14 14:00:00,0.0,0.0,0.0,0.0,0.0
289.8689,0.8773044,0.0,0.65089995,0.8181135,2014-06-14 15:00:00,0.0,0.0,0.0,0.0,0.0
290.0547,0.9548978,0.0,0.80661124,0.939798,2014-06-14 16:00:00,0.0,0.0,0.0,0.0,0.0
291.0371,1.0,0.0,0.74680173,1.0,2014-06-14 17:00:00,0.0,0.0,0.0,0.0,0.0
292.2307,1.0,0.0,0.24980289,1.0,2014-06-14 18:00:00,0.0,0.0,0.0,0.0,0.0
292.46948,0.9946291,0.0,0.45809036,0.9946291,2014-06-14 19:00:00,1.0,0.00062861433,0.0,0.000623232,5.268311e-06
292.18262,1.0,0.0,0.7146768,0.988393,2014-06-14 20:00:00,1.0,0.0008659286,0.0,0.0007778066,8.822634e-05
292.21118,1.0,0.0032499009,0.7687277,1.0,2014-06-14 21:00:00,1.0,0.0006155274,0.0,0.000481077,0.00013496522
291.0647,0.86867994,0.0,0.23020464,0.85731995,2014-06-14 22:00:00,1.0,0.000991211,0.0,0.0009476165,4.3451204e-05
290.6001,0.77880603,0.0,0.35064977,0.7155727,2014-06-14 23:00:00,1.0,0.0026332156,0.0,0.0026320426,1.2972059e-06
289.77954,0.93176913,0.0,0.27062047,0.9084196,2014-06-15 00:00:00,1.0,0.0034863665,0.0,0.0034863946,0.0
289.25415,1.0,0.4613709,0.983603,1.0,2014-06-15 01:00:00,1.0,0.0026228188,0.0,0.0026177408,5.07797e-06
288.844,1.0,1.0,0.98279387,1.0,2014-06-15 02:00:00,1.0,0.0023045868,0.0,0.0023037388,8.767626e-07
288.61816,1.0,0.9883449,0.9867645,1.0,2014-06-15 03:00:00,1.0,0.0032639003,0.0,0.003264005,0.0
288.43042,1.0,1.0,0.991523,1.0,2014-06-15 04:00:00,1.0,0.0053336956,0.0,0.0053335913,2.6726156e-07
288.1394,1.0,0.9865057,0.9289557,1.0,2014-06-15 05:00:00,1.0,0.005328387,0.0,0.005316198,1.2208726e-05
288.27173,1.0,1.0,0.9946293,1.0,2014-06-15 06:00:00,1.0,0.0041730665,0.0,0.0041140243,5.899339e-05
288.26392,1.0,0.95163196,0.9614862,1.0,2014-06-15 07:00:00,1.0,0.0039729327,0.0,0.0038316431,0.00014118761
287.98267,1.0,0.9973536,0.9167023,0.9674662,2014-06-15 08:00:00,1.0,0.003362467,0.0,0.003179483,0.00018283144
287.79175,1.0,0.9978792,0.86573166,1.0,2014-06-15 09:00:00,1.0,0.0026256952,0.0,0.002533015,9.229893e-05
288.06494,1.0,1.0,0.48617363,1.0,2014-06-15 10:00:00,1.0,0.0008125454,0.0,0.0007637362,4.880922e-05
288.00366,1.0,1.0,0.6945575,1.0,2014-06-15 11:00:00,1.0,0.00050579687,0.0,0.00045507052,5.0630813e-05
287.96753,1.0,0.9968219,0.9931458,0.9939002,2014-06-15 12:00:00,1.0,0.0028248064,0.0,0.002742013,8.263075e-05
288.1599,1.0,0.8565394,0.9915651,0.98084044,2014-06-15 13:00:00,1.0,0.0010230059,0.0,0.0008686257,0.00015437094
289.2478,1.0,0.6842412,0.9294675,1.0,2014-06-15 14:00:00,1.0,0.00031740265,0.0,0.0,0.0003178795
291.3247,0.9431184,0.7578645,0.6892593,0.70688224,2014-06-15 15:00:00,1.0,0.00068655214,0.0,9.411493e-06,0.00067695
292.68384,0.93228203,0.85640204,0.7953723,0.13707536,2014-06-15 16:00:00,1.0,0.00033266237,0.0,6.767351e-05,0.00026472216
293.58447,0.6665705,0.26170313,0.63713205,0.0,2014-06-15 17:00:00,1.0,1.37974575e-05,0.0,3.6586189e-06,1.0215429e-05
295.23828,0.2764501,0.26918513,0.032456476,0.0,2014-06-15 18:00:00,0.0,9.429134e-06,0.0,9.372094e-06,2.6726156e-07
295.67065,0.35072958,0.30500478,0.16053188,0.0,2014-06-15 19:00:00,1.0,3.0928495e-05,0.0,3.0241441e-05,6.4860296e-07
296.3164,0.16816187,0.117040694,0.124436736,0.0,2014-06-15 20:00:00,1.0,2.1204512e-05,0.0,2.1051965e-05,0.0
296.9995,0.041788403,0.014902309,0.029232651,0.0,2014-06-15 21:00:00,0.0,0.0,0.0,1.3363075e-07,0.0
297.37427,0.23764116,0.0749529,0.22145689,0.0,2014-06-15 22:00:00,0.0,0.0,0.0,0.0,0.0
297.3667,0.12493849,0.0039600097,0.12493849,0.0,2014-06-15 23:00:00,0.0,0.0,0.0,0.0,0.0
297.08496,0.051868565,0.038834754,0.045556918,0.0,2014-06-16 00:00:00,0.0,0.0,0.0,0.0,0.0
296.26196,0.07332313,0.052700024,0.06075257,0.0,2014-06-16 01:00:00,0.0,0.0,0.0,0.0,0.0
294.87378,0.05959814,0.013471484,0.05959814,0.0,2014-06-16 02:00:00,0.0,0.0,0.0,0.0,0.0
293.2854,0.08015984,0.0,0.08015984,0.0,2014-06-16 03:00:00,0.0,0.0,0.0,0.0,0.0
292.90063,0.124498546,0.0,0.124498546,0.0,2014-06-16 04:00:00,0.0,0.0,0.0,0.0,0.0
292.24634,0.038557213,0.0,0.038557213,0.0,2014-06-16 05:00:00,0.0,0.0,0.0,0.0,0.0
291.802,0.0,0.0,0.0,0.0,2014-06-16 06:00:00,0.0,0.0,0.0,0.0,0.0
290.86987,0.0,0.0,0.0,0.0,2014-06-16 07:00:00,0.0,0.0,0.0,0.0,0.0
290.17603,0.0,0.0,0.0,0.0,2014-06-16 08:00:00,0.0,0.0,0.0,0.0,0.0
289.5056,0.0,0.0,0.0,0.0,2014-06-16 09:00:00,0.0,0.0,0.0,0.0,0.0
289.1001,0.0,0.0,0.0,0.0,2014-06-16 10:00:00,0.0,0.0,0.0,0.0,0.0
289.00806,0.0,0.0,0.0,0.0,2014-06-16 11:00:00,0.0,0.0,0.0,0.0,0.0
291.02368,0.18885785,0.0,0.0,0.18885785,2014-06-16 12:00:00,0.0,0.0,0.0,0.0,0.0
293.2583,0.18742287,0.0,0.0,0.18742287,2014-06-16 13:00:00,0.0,0.0,0.0,0.0,0.0
295.3589,0.0,0.0,0.0,0.0,2014-06-16 14:00:00,0.0,0.0,0.0,0.0,0.0
297.92554,0.03203089,0.0,0.0,0.03203089,2014-06-16 15:00:00,0.0,0.0,0.0,0.0,0.0
299.52954,0.3796605,0.0,0.008357041,0.371279,2014-06-16 16:00:00,0.0,0.0,0.0,0.0,0.0
300.58984,0.84416956,0.0,0.049021024,0.8349552,2014-06-16 17:00:00,0.0,0.0,0.0,0.0,0.0
301.16284,1.0,0.0,0.23441523,1.0,2014-06-16 18:00:00,0.0,0.0,0.0,0.0,0.0
301.04883,1.0,0.0,0.3606369,1.0,2014-06-16 19:00:00,0.0,1.5397149e-05,0.0,1.5397149e-05,0.0
300.11206,1.0,0.0,0.7350103,1.0,2014-06-16 20:00:00,0.0,0.0,0.0,0.0,0.0
298.74243,1.0,0.0,0.41807663,1.0,2014-06-16 21:00:00,0.0,4.576069e-06,0.0,4.633109e-06,0.0
296.6482,1.0,0.0,0.92924947,1.0,2014-06-16 22:00:00,0.0,0.0,0.0,0.0,0.0
294.96484,1.0,0.0,0.914077,1.0,2014-06-16 23:00:00,1.0,0.00040157815,0.0,0.00029400783,0.000107360785
292.813,1.0,0.0,0.44205296,1.0,2014-06-17 00:00:00,1.0,0.0020213872,0.0,0.0010107262,0.0010107751
292.2666,1.0,0.0,0.6965708,1.0,2014-06-17 01:00:00,1.0,0.0024696358,0.0,0.0010394978,0.0014301192
292.0703,1.0,0.0,0.74234295,1.0,2014-06-17 02:00:00,1.0,0.004371848,0.0,0.0028583796,0.0015133747
291.66895,1.0,0.0,0.94812924,1.0,2014-06-17 03:00:00,1.0,0.009251583,0.0,0.003478702,0.005772881
291.6079,1.0,0.0,0.9483767,1.0,2014-06-17 04:00:00,1.0,0.01740218,0.0,0.0009963005,0.016405888
291.2976,1.0,0.0,0.84915036,1.0,2014-06-17 05:00:00,1.0,0.014951941,0.0,0.0005386984,0.014413297
291.05054,1.0,0.0,0.583862,1.0,2014-06-17 06:00:00,1.0,0.0044711754,0.0,0.00014446849,0.00432666
290.9729,1.0,0.0,0.2497468,1.0,2014-06-17 07:00:00,1.0,0.00096850586,0.0,0.0,0.0009689641
290.62183,1.0,0.00998199,0.0015890491,1.0,2014-06-17 08:00:00,0.0,8.742006e-06,0.0,0.0,9.027852e-06
290.16528,1.0,0.00737416,0.0,1.0,2014-06-17 09:00:00,0.0,0.0,0.0,0.0,0.0
289.12085,1.0,0.018931683,0.014248248,1.0,2014-06-17 10:00:00,0.0,0.0,0.0,0.0,0.0
288.47095,1.0,0.0,0.07410461,1.0,2014-06-17 11:00:00,0.0,0.0,0.0,0.0,0.0
289.79883,1.0,0.0,0.0739916,1.0,2014-06-17 12:00:00,1.0,0.0,0.0,0.0,0.0
291.2151,0.9915651,0.009472862,0.115270376,0.9915651,2014-06-17 13:00:00,0.0,0.0,0.0,0.0,0.0
293.43115,0.8287979,0.005006563,0.07752335,0.8287979,2014-06-17 14:00:00,0.0,0.0,0.0,0.0,0.0
295.64233,0.7708598,0.0122609325,0.039650477,0.76249546,2014-06-17 15:00:00,0.0,0.0,0.0,0.0,0.0
297.0122,0.7919608,0.02066375,0.012085874,0.7877254,2014-06-17 16:00:00,0.0,0.0,0.0,0.0,0.0
298.3418,0.19391501,0.04342527,0.00998199,0.15328467,2014-06-17 17:00:00,0.0,0.0,0.0,0.0,0.0
299.24756,0.22683877,0.06895822,0.005003199,0.16183531,2014-06-17 18:00:00,0.0,0.0,0.0,0.0,0.0
299.8169,0.7366144,0.11768222,0.025850523,0.69803697,2014-06-17 19:00:00,0.0,5.7297444e-07,0.0,5.2522654e-07,0.0
300.35205,0.8784097,0.13238746,0.114147365,0.8295738,2014-06-17 20:00:00,0.0,1.9099144e-07,0.0,0.0,2.864872e-07
300.40063,0.62675095,0.015405349,0.2006846,0.48426133,2014-06-17 21:00:00,0.0,1.5279311e-06,0.0,1.5279311e-06,0.0
300.489,0.8076526,0.16499662,0.2860508,0.7261013,2014-06-17 22:00:00,0.0,3.6288375e-06,0.0,1.3369399e-06,2.2918975e-06
300.41455,0.9802728,0.21973205,0.41701198,0.968187,2014-06-17 23:00:00,0.0,1.852616e-05,0.0,1.7762199e-05,7.639659e-07
299.90234,1.0,0.29753727,0.4126281,1.0,2014-06-18 00:00:00,0.0,1.5426165e-05,0.0,1.3602451e-05,1.7759676e-06
299.34204,0.9404887,0.0042246506,0.36814862,0.89207286,2014-06-18 01:00:00,0.0,6.9488005e-06,0.0,6.8151703e-06,0.0
297.92285,0.6179817,0.018710203,0.2740242,0.4549083,2014-06-18 02:00:00,0.0,2.6738799e-06,0.0,2.6738799e-06,0.0
296.98633,0.9547394,0.15547556,0.16625679,0.93311536,2014-06-18 03:00:00,0.0,1.1363993e-05,0.0,1.0934262e-05,3.8198294e-07
296.85522,0.9932679,0.473458,0.16969371,0.9903652,2014-06-18 04:00:00,0.0,2.864872e-07,0.0,4.7747868e-08,2.864872e-07
297.1355,1.0,1.0,0.16139871,1.0,2014-06-18 05:00:00,1.0,9.98632e-05,0.0,9.8116405e-05,1.6035601e-06
296.56274,1.0,0.9749818,0.1306991,1.0,2014-06-18 06:00:00,1.0,0.0021786853,0.0,0.0018523678,0.0003261268
295.68774,1.0,0.35988814,0.0056208633,1.0,2014-06-18 07:00:00,1.0,6.4860296e-07,0.0,0.0,6.4860296e-07
294.84766,0.995108,0.96254057,0.0,0.92511195,2014-06-18 08:00:00,1.0,8.2648956e-05,0.0,1.0690464e-05,7.2072566e-05
293.7798,1.0,1.0,0.020717297,0.85863256,2014-06-18 09:00:00,1.0,0.001249051,0.0,0.00067992276,0.00056898524
292.83496,1.0,0.18871146,0.59684455,0.9978961,2014-06-18 10:00:00,1.0,0.00256221,0.0,0.0017734896,0.0007886251
292.6057,0.9957286,0.09425068,0.21595418,0.99256134,2014-06-18 11:00:00,1.0,0.0005278478,0.0,0.00043331552,9.44661e-05
292.3977,0.9954723,0.03029678,0.1007666,0.9954723,2014-06-18 12:00:00,1.0,2.9750936e-06,0.0,1.3363075e-07,2.5937516e-06
293.14038,1.0,0.03533018,0.0065169036,1.0,2014-06-18 13:00:00,0.0,6.300189e-07,0.0,4.0089236e-07,9.549569e-08
294.2439,1.0,0.23078191,0.017456762,0.9932679,2014-06-18 14:00:00,1.0,2.8394279e-05,0.0,1.7926268e-06,2.6601643e-05
295.604,1.0,0.6126749,0.0,1.0,2014-06-18 15:00:00,1.0,5.0838265e-05,0.0,4.442466e-06,4.6243586e-05
296.85547,1.0,0.98519444,0.0,0.998375,2014-06-18 16:00:00,1.0,7.522179e-05,0.0,8.811237e-06,6.6563734e-05
297.84766,1.0,0.9609499,0.0,0.9841853,2014-06-18 17:00:00,1.0,0.00011626123,0.0,1.5993908e-05,0.0001004487
298.5393,0.9947349,0.8653471,0.0033782488,0.95885605,2014-06-18 18:00:00,1.0,4.92682e-05,0.0,1.7012295e-05,3.225589e-05
299.01587,0.99946827,0.9978792,0.0033782488,0.7593414,2014-06-18 19:00:00,0.0,1.0409647e-05,0.0,1.02667245e-05,0.0
299.61206,0.9978792,0.99364376,0.0067320913,0.54372925,2014-06-18 20:00:00,0.0,2.2877895e-05,0.0,2.3030429e-05,0.0
299.71045,0.95213944,0.9156912,0.006631516,0.38366395,2014-06-18 21:00:00,0.0,0.0,0.0,0.0,0.0
299.72632,0.4395815,0.09861183,0.33141512,0.16192532,2014-06-18 22:00:00,0.0,9.908417e-07,0.0,9.908417e-07,0.0
299.52808,0.42922008,0.253668,0.17407751,0.08512485,2014-06-18 23:00:00,1.0,0.0,0.0,0.0,0.0
299.09473,0.6715564,0.6531025,0.002103883,0.048453916,2014-06-19 00:00:00,0.0,0.0,0.0,0.0,0.0
297.99658,0.67496055,0.6633801,0.007900696,0.029527105,2014-06-19 01:00:00,0.0,1.9099144e-07,0.0,0.0,9.549569e-08
296.91968,0.89437693,0.8632456,0.03700356,0.16409421,2014-06-19 02:00:00,1.0,5.0734334e-06,0.0,0.0,5.0734334e-06
296.33496,0.91637677,0.868671,0.25231487,0.5665339,2014-06-19 03:00:00,0.0,2.861023e-06,0.0,0.0,2.9751027e-06
296.31348,1.0,0.982859,0.5275862,0.9899067,2014-06-19 04:00:00,0.0,0.0002078306,0.0,0.00020738196,9.549569e-08
295.45874,1.0,0.9511317,0.8407054,1.0,2014-06-19 05:00:00,1.0,0.0019641144,0.0,0.0019608869,3.3417182e-06
294.6399,1.0,0.9089003,0.17443514,1.0,2014-06-19 06:00:00,1.0,0.0026972287,0.0,0.0025972754,9.9886616e-05
293.9685,1.0,0.94525963,0.0,1.0,2014-06-19 07:00:00,1.0,0.00047818688,0.0,0.0,0.00047818688
293.45093,1.0,0.7621915,0.0,1.0,2014-06-19 08:00:00,1.0,0.00010025423,0.0,0.0,0.00010025423
292.47656,1.0,0.7288194,0.0,1.0,2014-06-19 09:00:00,1.0,0.00016417351,0.0,0.0,0.00016417351
292.00146,1.0,0.981279,0.71001184,1.0,2014-06-19 10:00:00,1.0,3.1405987e-05,0.0,0.0,3.123423e-05
291.7959,1.0,0.43555623,0.8680772,1.0,2014-06-19 11:00:00,1.0,0.0001548572,0.0,0.0,0.00015497129
291.56006,1.0,0.30048484,0.8880426,1.0,2014-06-19 12:00:00,1.0,0.00031440007,0.0,0.0,0.0003143046
291.38184,1.0,0.44174057,0.7525383,1.0,2014-06-19 13:00:00,1.0,0.0003729302,0.0,0.0,0.0003729302
291.2544,1.0,0.42161316,0.790165,1.0,2014-06-19 14:00:00,1.0,0.00031710975,0.0,1.9777348e-05,0.00029754196
291.72388,1.0,0.8337596,0.8965957,1.0,2014-06-19 15:00:00,1.0,5.816249e-05,0.0,0.0,5.822019e-05
291.83838,1.0,0.98106503,0.5052136,1.0,2014-06-19 16:00:00,1.0,4.970911e-05,0.0,0.0,4.9918686e-05
291.84595,1.0,0.9545921,0.2854705,1.0,2014-06-19 17:00:00,1.0,2.3130546e-05,0.0,0.0,2.2977358e-05
293.5818,1.0,1.0,0.002103883,1.0,2014-06-19 18:00:00,1.0,7.2551467e-07,0.0,4.7747868e-08,9.927762e-07
294.63428,1.0,0.9942508,0.00053172023,1.0,2014-06-19 19:00:00,1.0,2.3841849e-06,0.0,1.3363075e-07,2.3841849e-06
296.05103,1.0,1.0,0.04948402,0.98578244,2014-06-19 20:00:00,1.0,0.000115773364,0.0,8.130951e-06,0.000107394706
295.78418,1.0,1.0,0.19264036,0.94944453,2014-06-19 21:00:00,1.0,0.0003414133,0.0,1.442566e-05,0.00032677734
295.23413,1.0,0.53585684,0.72172755,1.0,2014-06-19 22:00:00,1.0,0.00045042043,0.0,0.00030573178,0.00014471692
294.49072,1.0,0.0,0.7518193,1.0,2014-06-19 23:00:00,1.0,0.0007871927,0.0,0.0006755532,0.000111725385
294.386,1.0,0.0,0.9148417,1.0,2014-06-20 00:00:00,1.0,0.00021980997,0.0,0.0,0.00021982855
294.14868,1.0,0.0,0.9395687,1.0,2014-06-20 01:00:00,1.0,0.0010788778,0.0,0.0005050886,0.00057391357
294.03882,0.9754801,0.0032499009,0.57872784,0.9754801,2014-06-20 02:00:00,1.0,0.0007017809,0.0,0.00032080757,0.00038079172
293.656,0.7321023,0.06238132,0.22578537,0.64009374,2014-06-20 03:00:00,1.0,0.00024123877,0.0,0.000102965045,0.00013833077
293.49854,0.57873905,0.0749861,0.5167741,0.14237326,2014-06-20 04:00:00,1.0,0.00015335936,0.0,4.7747868e-08,0.00015353112
293.36426,0.41258806,0.10665691,0.38104695,0.024277303,2014-06-20 05:00:00,1.0,0.00020015294,0.0,0.0,0.00020024843
293.2771,0.4337511,0.31755978,0.252609,0.005273644,2014-06-20 06:00:00,1.0,7.044546e-05,0.0,8.767626e-07,6.945462e-05
293.229,0.31177247,0.22154063,0.13749987,0.0,2014-06-20 07:00:00,1.0,0.00011660524,0.0,7.476412e-05,4.1993655e-05
293.187,0.32320338,0.2403099,0.15517825,0.0,2014-06-20 08:00:00,1.0,7.664303e-05,0.0,6.132749e-05,1.5143444e-05
292.86597,0.21700138,0.19016963,0.09048194,0.0,2014-06-20 09:00:00,1.0,5.9634476e-05,0.0,2.5056885e-05,3.445326e-05
292.19092,0.9552131,0.9518593,0.01821341,0.0,2014-06-20 10:00:00,0.0,9.908417e-07,0.0,0.0,9.908417e-07
292.02197,1.0,1.0,0.0,0.0,2014-06-20 11:00:00,1.0,0.0,0.0,0.0,0.0
292.76904,1.0,1.0,0.0,0.0,2014-06-20 12:00:00,1.0,0.0,0.0,0.0,0.0
293.32593,0.9857815,0.9857815,0.0,0.0,2014-06-20 13:00:00,1.0,2.6726156e-07,0.0,0.0,0.0
294.135,0.9889913,0.9889913,0.0,0.0,2014-06-20 14:00:00,1.0,0.0,0.0,0.0,0.0
295.6023,0.7863389,0.7863389,0.0,0.0,2014-06-20 15:00:00,1.0,0.0,0.0,0.0,0.0
297.05396,0.3921318,0.3921318,0.0,0.0,2014-06-20 16:00:00,0.0,0.0,0.0,0.0,0.0
298.52612,0.1360628,0.08506477,0.104178905,0.0,2014-06-20 17:00:00,0.0,3.8198294e-07,0.0,3.3423504e-07,0.0
299.59155,0.12583876,0.12583876,0.030379537,0.0,2014-06-20 18:00:00,0.0,0.0,0.0,0.0,0.0
300.48047,0.076455235,0.076455235,0.0,0.0,2014-06-20 19:00:00,0.0,0.0,0.0,0.0,0.0
301.28394,0.0,0.0,0.0,0.0,2014-06-20 20:00:00,0.0,0.0,0.0,0.0,0.0
301.9558,0.0037288337,0.0,0.0037288337,0.0,2014-06-20 21:00:00,0.0,0.0,0.0,0.0,0.0
301.98145,0.011281386,0.0,0.011281386,0.0,2014-06-20 22:00:00,0.0,0.0,0.0,0.0,0.0
301.74,0.15264803,0.0,0.15000165,0.0031780982,2014-06-20 23:00:00,0.0,0.0,0.0,0.0,0.0
301.24097,0.42424494,0.0,0.37464738,0.08464068,2014-06-21 00:00:00,0.0,0.0,0.0,0.0,0.0
299.93066,0.85180026,0.0,0.22132891,0.82171863,2014-06-21 01:00:00,0.0,8.017848e-07,0.0,9.354155e-07,0.0
298.45776,0.96032906,0.0,0.13290417,0.9569679,2014-06-21 02:00:00,0.0,1.9627783e-05,0.0,1.943711e-05,0.0
296.8567,0.99164295,0.0,0.09638339,0.99001795,2014-06-21 03:00:00,0.0,1.0299436e-06,0.0,8.963136e-07,0.0
295.83008,1.0,0.0,0.15904588,1.0,2014-06-21 04:00:00,0.0,0.0,0.0,0.0,0.0
295.2185,1.0,0.0,0.01341904,1.0,2014-06-21 05:00:00,0.0,0.0,0.0,0.0,0.0
294.6084,1.0,0.0,0.012005735,1.0,2014-06-21 06:00:00,0.0,0.0,0.0,0.0,0.0
293.9995,1.0,0.0,0.0,1.0,2014-06-21 07:00:00,0.0,0.0,0.0,0.0,0.0
293.55005,1.0,0.0,0.0,1.0,2014-06-21 08:00:00,0.0,0.0,0.0,0.0,0.0
292.583,1.0,0.0,0.0,1.0,2014-06-21 09:00:00,0.0,0.0,0.0,0.0,0.0
292.15967,1.0,0.0,0.0,1.0,2014-06-21 10:00:00,0.0,0.0,0.0,0.0,0.0
291.5581,1.0,0.0033782488,0.0,1.0,2014-06-21 11:00:00,0.0,0.0,0.0,0.0,0.0
291.9851,1.0,0.0033782488,0.0,1.0,2014-06-21 12:00:00,0.0,0.0,0.0,0.0,0.0
292.69897,0.9670238,0.014637973,0.0,0.96539885,2014-06-21 13:00:00,0.0,0.0,0.0,0.0,0.0
293.80835,0.5321357,0.0029026829,0.0,0.5321357,2014-06-21 14:00:00,0.0,0.0,0.0,0.0,0.0
295.9458,0.61792237,0.0,0.0,0.61792237,2014-06-21 15:00:00,0.0,0.0,0.0,0.0,0.0
297.37476,0.703148,0.0,0.0,0.703148,2014-06-21 16:00:00,0.0,0.0,0.0,0.0,0.0
298.69385,0.3832919,0.0,0.0,0.3832919,2014-06-21 17:00:00,0.0,0.0,0.0,0.0,0.0
299.80078,0.013471484,0.0,0.0,0.013471484,2014-06-21 18:00:00,0.0,0.0,0.0,0.0,0.0
300.62866,0.0,0.0,0.0,0.0,2014-06-21 19:00:00,0.0,0.0,0.0,0.0,0.0
301.26318,0.0032499009,0.0,0.0,0.0032499009,2014-06-21 20:00:00,0.0,0.0,0.0,0.0,0.0
301.86523,0.014456838,0.0,0.0,0.014456838,2014-06-21 21:00:00,0.0,0.0,0.0,0.0,0.0
301.57544,0.049911827,0.0,0.0,0.049911827,2014-06-21 22:00:00,0.0,0.0,0.0,0.0,0.0
301.30005,0.031330727,0.0,0.0,0.031330727,2014-06-21 23:00:00,0.0,0.0,0.0,0.0,0.0
300.9519,0.03219281,0.0,0.0,0.03219281,2014-06-22 00:00:00,0.0,0.0,0.0,0.0,0.0
299.8794,0.6062793,0.0,0.008732032,0.6029011,2014-06-22 01:00:00,0.0,0.0,0.0,0.0,0.0
296.76123,0.7947445,0.0,0.01871739,0.7947445,2014-06-22 02:00:00,0.0,0.0,0.0,0.0,0.0
294.49023,0.96762687,0.0,0.010009766,0.96762687,2014-06-22 03:00:00,0.0,0.0,0.0,0.0,0.0
294.54907,0.9757969,0.0,0.018366806,0.9757969,2014-06-22 04:00:00,0.0,0.0,0.0,0.0,0.0
293.7505,0.34798658,0.0,0.0010573287,0.34692925,2014-06-22 05:00:00,0.0,0.0,0.0,0.0,0.0
292.54175,0.98179626,0.0,0.0033782488,0.98179626,2014-06-22 06:00:00,0.0,0.0,0.0,0.0,0.0
292.34863,1.0,0.0,0.0,1.0,2014-06-22 07:00:00,0.0,0.0,0.0,0.0,0.0
292.28955,1.0,0.0,0.0,1.0,2014-06-22 08:00:00,0.0,0.0,0.0,0.0,0.0
291.40332,0.41822958,0.0,0.0,0.41822958,2014-06-22 09:00:00,0.0,0.0,0.0,0.0,0.0
290.49854,0.89805174,0.0,0.06722003,0.8903209,2014-06-22 10:00:00,0.0,0.0,0.0,0.0,0.0
290.8955,0.951231,0.0,0.0,0.951231,2014-06-22 11:00:00,0.0,0.0,0.0,0.0,0.0
291.84668,0.9949968,0.01998901,0.014506292,0.9949968,2014-06-22 12:00:00,0.0,0.0,0.0,0.0,0.0
293.2119,0.9666901,0.0,0.41296428,0.94020194,2014-06-22 13:00:00,0.0,0.0,0.0,0.0,0.0
294.63867,0.9966217,0.0,0.56709754,0.9849035,2014-06-22 14:00:00,0.0,0.0,0.0,0.0,0.0
296.0525,1.0,0.0,0.1770587,1.0,2014-06-22 15:00:00,0.0,0.0,0.0,0.0,0.0
296.8103,0.9903101,0.0,0.41110814,0.97833544,2014-06-22 16:00:00,0.0,0.0,0.0,0.0,0.0
297.31714,0.9759538,0.12468493,0.77607775,0.8655752,2014-06-22 17:00:00,0.0,0.0,0.0,0.0,0.0
297.71143,1.0,0.4877184,0.7494791,1.0,2014-06-22 18:00:00,0.0,3.4743998e-06,0.0,3.3407696e-06,0.0
297.44458,0.99946827,0.57617474,0.6336091,0.9989426,2014-06-22 19:00:00,1.0,0.0012803858,0.0,0.0005111871,0.00076927524
296.40625,0.99946827,0.46293104,0.9261995,0.99841094,2014-06-22 20:00:00,1.0,0.0019209671,0.0,0.0004994322,0.0014212388
296.96655,1.0,0.70403826,0.8432115,1.0,2014-06-22 21:00:00,1.0,0.002119545,0.0,0.0007547911,0.0013645152
295.56934,1.0,0.113114,0.9445241,0.99946827,2014-06-22 22:00:00,1.0,0.0017401497,0.0,0.0001940565,0.0015461026
295.5464,0.9431374,0.055448715,0.19126368,0.9373235,2014-06-22 23:00:00,1.0,0.0014628458,0.0,0.00010036203,0.0013625314
295.6809,0.89509135,0.042412303,0.3860039,0.8861417,2014-06-23 00:00:00,1.0,0.00050513097,0.0,3.850313e-05,0.0004666089
295.37988,0.524661,0.0071571246,0.12040514,0.5062738,2014-06-23 01:00:00,1.0,0.0004824628,0.0,0.0003490483,0.00013326196
294.4829,0.34929127,0.0023709626,0.06682539,0.32132214,2014-06-23 02:00:00,1.0,0.00013400216,0.0,9.260337e-05,4.1980093e-05
293.3601,0.24974346,0.04655958,0.009027701,0.20202732,2014-06-23 03:00:00,1.0,1.1446655e-06,0.0,2.6726156e-07,6.101426e-07
292.53638,0.5499027,0.08572483,0.0,0.4929886,2014-06-23 04:00:00,1.0,7.626828e-07,0.0,3.813414e-07,0.0
292.03564,0.5296329,0.10508758,0.0,0.47891313,2014-06-23 05:00:00,1.0,7.5114194e-06,0.0,6.38663e-06,1.0292933e-06
291.9109,0.7120153,0.10795206,0.01695393,0.65806085,2014-06-23 06:00:00,1.0,6.831683e-05,0.0,1.9224637e-05,4.8796734e-05
291.69775,0.9347813,0.7926648,0.009570193,0.74536484,2014-06-23 07:00:00,0.0,1.0504527e-06,0.0,0.0,1.0504527e-06
291.52515,0.9623884,0.9586786,0.005860377,0.052813966,2014-06-23 08:00:00,0.0,0.0,0.0,0.0,0.0
290.89844,1.0,1.0,0.008584887,0.14458853,2014-06-23 09:00:00,0.0,9.549569e-08,0.0,0.0,9.549569e-08
290.74756,0.7913041,0.72260964,0.0,0.2604668,2014-06-23 10:00:00,0.0,0.0,0.0,0.0,0.0
291.3203,0.9782789,0.94808084,0.0,0.6412673,2014-06-23 11:00:00,0.0,0.0,0.0,0.0,1.14079796e-07
292.1206,0.87240225,0.85445243,0.0,0.20439142,2014-06-23 12:00:00,1.0,0.0,0.0,0.0,0.0
292.77588,0.6288937,0.5401569,0.0,0.16469127,2014-06-23 13:00:00,1.0,2.2815959e-07,0.0,0.0,2.2815959e-07
294.1621,0.5026868,0.123577595,0.0032499009,0.39604574,2014-06-23 14:00:00,1.0,0.0,0.0,2.0028352e-07,0.0
296.15356,0.9882647,0.023898982,0.01926253,0.9882647,2014-06-23 15:00:00,1.0,1.1632492e-06,0.0,2.3841858e-07,8.004925e-07
297.36597,0.9966217,0.027463783,0.24148923,0.9932679,2014-06-23 16:00:00,1.0,9.506085e-05,0.0,9.407001e-05,9.908417e-07
298.49707,0.998375,0.1080333,0.2877639,0.998375,2014-06-23 17:00:00,1.0,0.00019738109,0.0,0.00019560575,2.2521717e-06
299.021,0.9747072,0.08205879,0.40170962,0.971329,2014-06-23 18:00:00,1.0,0.00021958919,0.0,0.00021966577,0.0
299.51733,0.9878863,0.12167835,0.4399603,0.9692217,2014-06-23 19:00:00,1.0,3.4698824e-06,0.0,3.3465103e-06,0.0
299.80737,0.9436776,0.059367936,0.4049731,0.9136788,2014-06-23 20:00:00,0.0,9.722584e-06,0.0,9.322337e-06,0.0
299.6416,0.9189141,0.053635914,0.29775923,0.8915338,2014-06-23 21:00:00,0.0,1.29040845e-05,0.0,1.2761161e-05,0.0
299.66138,0.96225846,0.042635906,0.49605244,0.9471595,2014-06-23 22:00:00,0.0,7.639659e-07,0.0,8.210058e-07,0.0
299.0249,0.9839011,0.071629345,0.41300255,0.97281516,2014-06-23 23:00:00,0.0,6.573823e-05,0.0,6.3646614e-05,2.1964015e-06
298.9441,0.99289286,0.054891273,0.34248203,0.99289286,2014-06-24 00:00:00,0.0,8.011341e-07,0.0,4.0056705e-07,2.864872e-07
297.72754,0.9923612,0.0200671,0.17386806,0.9923612,2014-06-24 01:00:00,0.0,0.0,0.0,0.0,0.0
296.83057,0.95026904,0.0,0.09556711,0.9486441,2014-06-24 02:00:00,0.0,0.0,0.0,0.0,0.0
294.8274,0.6442964,0.0037288337,0.078767955,0.6008009,2014-06-24 03:00:00,0.0,0.0,0.0,0.0,0.0
293.75464,0.11550981,0.032675076,0.07314259,0.025527265,2014-06-24 04:00:00,0.0,0.0,0.0,0.0,0.0
292.89233,0.07514703,0.012831885,0.06939781,0.0,2014-06-24 05:00:00,0.0,0.0,0.0,0.0,0.0
292.16382,0.13722926,0.022660516,0.13722926,0.0,2014-06-24 06:00:00,0.0,0.0,0.0,0.0,0.0
291.54883,0.09430987,0.019463405,0.09430987,0.0,2014-06-24 07:00:00,0.0,0.0,0.0,0.0,0.0
291.22656,0.10993862,0.005534917,0.10993862,0.0,2014-06-24 08:00:00,0.0,0.0,0.0,0.0,0.0
290.59692,0.09946418,0.008384813,0.09946418,0.0,2014-06-24 09:00:00,0.0,0.0,0.0,0.0,0.0
290.40405,0.6870382,0.0010573287,0.6870382,0.0,2014-06-24 10:00:00,0.0,0.0,0.0,0.0,0.0
290.43628,0.07670599,0.0010573287,0.07617432,0.0,2014-06-24 11:00:00,0.0,0.0,0.0,0.0,0.0
292.09424,0.12126738,0.0,0.12126738,0.0,2014-06-24 12:00:00,0.0,0.0,0.0,0.0,0.0
294.18774,0.06552857,0.0,0.06552857,0.0,2014-06-24 13:00:00,0.0,0.0,0.0,0.0,0.0
295.83618,0.053039882,0.0,0.053039882,0.0,2014-06-24 14:00:00,0.0,0.0,0.0,0.0,0.0
298.05566,0.012138661,0.0,0.012138661,0.0,2014-06-24 15:00:00,1.0,0.0,0.0,0.0,0.0
299.43018,0.26505607,0.0,0.26505607,0.0,2014-06-24 16:00:00,1.0,2.8796067e-06,0.0,2.698228e-06,0.0
299.62817,0.34658617,0.08953762,0.33695227,0.00774185,2014-06-24 17:00:00,1.0,0.00013616659,0.0,0.00013614769,0.0
299.87012,0.43074155,0.0,0.43074155,0.0,2014-06-24 18:00:00,0.0,4.9798124e-05,0.0,5.0084287e-05,0.0
300.34717,0.3317873,0.0048919544,0.33016235,0.0,2014-06-24 19:00:00,1.0,7.2551467e-07,0.0,7.2551467e-07,0.0
300.50244,0.39991653,0.002103883,0.3822763,0.043294977,2014-06-24 20:00:00,1.0,1.4044956e-05,0.0,1.4168973e-05,0.0
299.66968,0.438963,0.0016249504,0.34113413,0.14922696,2014-06-24 21:00:00,1.0,3.2676326e-05,0.0,3.305766e-05,0.0
300.167,0.76927,0.0,0.5470912,0.4687627,2014-06-24 22:00:00,0.0,7.787104e-06,0.0,7.8153e-06,0.0
298.66187,0.76648134,0.005534917,0.5376255,0.5435284,2014-06-24 23:00:00,1.0,0.00037594908,0.0,0.00036840863,7.483324e-06
297.18384,0.6149524,0.056467023,0.3610177,0.41486531,2014-06-25 00:00:00,0.0,0.0002976267,0.0,0.00029490632,2.6726157e-06
296.53345,0.40881228,0.06453091,0.26464128,0.19617486,2014-06-25 01:00:00,0.0,8.5946164e-07,0.0,8.117138e-07,0.0
295.3645,0.19451243,0.037759736,0.15972865,0.031172406,2014-06-25 02:00:00,1.0,2.6726156e-07,0.0,0.0,2.6726156e-07
293.60547,0.5237081,0.04111866,0.13223988,0.44302315,2014-06-25 03:00:00,0.0,2.6726156e-07,0.0,0.0,2.6726156e-07
292.79175,0.46991038,0.02090194,0.15950024,0.38335574,2014-06-25 04:00:00,0.0,2.6726156e-07,0.0,0.0,2.6726156e-07
291.82812,0.12304163,0.012616701,0.07227999,0.04998057,2014-06-25 05:00:00,1.0,0.0,0.0,0.0,0.0
290.7234,0.08949715,0.020408869,0.07781571,0.0039600097,2014-06-25 06:00:00,1.0,0.0005781739,0.0,0.000577105,1.0690455e-06
289.45508,0.11645836,0.051430363,0.05207479,0.020289555,2014-06-25 07:00:00,1.0,1.4676789e-06,0.0,0.0,1.4676789e-06
288.43286,0.14510739,0.10168654,0.051983178,0.027263712,2014-06-25 08:00:00,1.0,0.0,0.0,0.0,0.0
287.6897,0.25396186,0.13329673,0.06793076,0.07882458,2014-06-25 09:00:00,1.0,0.0,0.0,0.0,0.0
287.5105,0.6247209,0.08383083,0.17080659,0.5301852,2014-06-25 10:00:00,1.0,0.0,0.0,0.0,0.0
287.25024,0.7307658,0.46096605,0.23369658,0.33730006,2014-06-25 11:00:00,1.0,0.0,0.0,0.0,0.0
286.9536,0.9819887,0.9682129,0.26854372,0.41978508,2014-06-25 12:00:00,1.0,0.00045885867,0.0,0.00045877276,0.0
287.06592,1.0,1.0,0.1541202,0.30890173,2014-06-25 13:00:00,1.0,0.0005064318,0.0,0.0005061934,0.0
288.02417,1.0,1.0,0.30893296,0.06059142,2014-06-25 14:00:00,0.0,3.754234e-05,0.0,3.7437567e-05,0.0
289.27783,0.9859968,0.9826356,0.0913527,0.0,2014-06-25 15:00:00,0.0,0.0,0.0,0.0,0.0
290.54834,1.0,1.0,0.0015890491,0.0,2014-06-25 16:00:00,0.0,1.2196433e-06,0.0,1.210351e-06,0.0
291.62598,1.0,1.0,0.0015890491,0.0,2014-06-25 17:00:00,0.0,1.3870559e-05,0.0,1.2247132e-05,1.7189232e-06
292.63794,0.99946827,0.99946827,0.0021207693,0.0,2014-06-25 18:00:00,1.0,2.4901907e-05,0.0,2.3698274e-05,1.5279311e-06
293.40625,0.96768725,0.9671556,0.004235424,0.0,2014-06-25 19:00:00,1.0,5.7067824e-05,0.0,5.4815013e-05,2.1957603e-06
293.82642,0.97298,0.97139096,0.016146794,0.0,2014-06-25 20:00:00,1.0,5.0180068e-05,0.0,4.456601e-05,5.3663452e-06
294.60547,0.94847053,0.94688153,0.07129049,0.0,2014-06-25 21:00:00,1.0,9.763734e-05,0.0,7.896451e-05,1.8882405e-05
294.56616,0.9395909,0.91314125,0.17763883,0.0,2014-06-25 22:00:00,1.0,3.0906012e-05,0.0,2.8149123e-05,3.0148458e-06
294.53442,0.8090595,0.7908257,0.18540663,0.0,2014-06-25 23:00:00,1.0,2.63338e-05,0.0,2.6009497e-05,0.0
294.1985,0.8599909,0.85681283,0.15853721,0.0,2014-06-26 00:00:00,1.0,1.3185503e-05,0.0,1.3319133e-05,0.0
293.6245,0.783181,0.7821237,0.09503114,0.0,2014-06-26 01:00:00,1.0,2.1698128e-05,0.0,1.4968843e-05,6.9488005e-06
292.7893,0.5272793,0.5267537,0.0010573287,0.0,2014-06-26 02:00:00,1.0,1.8317287e-06,0.0,5.720121e-07,1.0690455e-06
291.46924,0.4068702,0.4068702,0.00053172023,0.0,2014-06-26 03:00:00,1.0,8.5817857e-07,0.0,4.861292e-07,2.6726156e-07
290.84937,0.30052727,0.27904958,0.0,0.021477703,2014-06-26 04:00:00,1.0,2.3636676e-06,0.0,1.4391571e-06,8.767626e-07
290.11548,0.41099232,0.22229707,0.0,0.21664315,2014-06-26 05:00:00,1.0,2.2880477e-06,0.0,1.4199313e-06,1.0299436e-06
289.56445,0.65696776,0.14830309,0.0,0.5615348,2014-06-26 06:00:00,1.0,1.6394451e-06,0.0,1.0103931e-06,7.626828e-07
289.04028,0.37998074,0.08754867,0.0,0.31263316,2014-06-26 07:00:00,1.0,0.0,0.0,0.0,0.0
288.4104,0.39679104,0.07135081,0.0016249504,0.34627604,2014-06-26 08:00:00,1.0,0.0,0.0,0.0,0.0
287.95703,0.4513173,0.03256383,0.013259664,0.43448472,2014-06-26 09:00:00,0.0,0.0,0.0,0.0,0.0
288.42358,0.610913,0.05897613,0.043041624,0.59049165,2014-06-26 10:00:00,0.0,0.0,0.0,0.0,0.0
288.55542,0.19232517,0.17414284,0.084701955,0.002103883,2014-06-26 11:00:00,0.0,0.0,0.0,0.0,0.0
289.4983,0.7680444,0.6679093,0.041320022,0.22133273,2014-06-26 12:00:00,0.0,0.0,0.0,0.0,0.0
291.14648,0.8245496,0.45473695,0.0048919544,0.65590644,2014-06-26 13:00:00,0.0,0.0,0.0,0.0,0.0
292.90088,0.99346054,0.56829256,0.0065169036,0.9877357,2014-06-26 14:00:00,1.0,0.0,0.0,0.0,0.0
295.13794,0.9989426,0.4082737,0.005003199,0.9989426,2014-06-26 15:00:00,0.0,0.0,0.0,0.0,0.0
296.7063,1.0,0.39849782,0.0,1.0,2014-06-26 16:00:00,0.0,0.0,0.0,0.0,0.0
298.1294,0.998375,0.23233038,0.06035137,0.998375,2014-06-26 17:00:00,1.0,0.00012953562,0.0,0.0001293161,0.0
299.15674,0.9549801,0.090749264,0.14958417,0.9544484,2014-06-26 18:00:00,1.0,0.0001110985,0.0,0.00011120329,0.0
299.7964,0.9375112,0.1791321,0.24539399,0.89930934,2014-06-26 19:00:00,0.0,5.38343e-05,0.0,5.4005417e-05,0.0
299.83203,0.9377135,0.13181967,0.16395336,0.91783303,2014-06-26 20:00:00,0.0,3.2550408e-05,0.0,3.2626675e-05,0.0
300.3147,0.78802943,0.10098809,0.17846847,0.7576206,2014-06-26 21:00:00,1.0,0.000255279,0.0,0.00024534203,9.832239e-06
298.37183,0.90961087,0.06406021,0.6613398,0.7460701,2014-06-26 22:00:00,1.0,0.00028863666,0.0,0.00024726056,4.1157196e-05
298.07104,0.78479815,0.16209644,0.55444777,0.44273436,2014-06-26 23:00:00,0.0,3.091116e-06,0.0,0.0,3.186612e-06
297.37256,0.8726556,0.20994842,0.39095598,0.7328682,2014-06-27 00:00:00,0.0,3.9474835e-05,0.0,3.826416e-05,9.152139e-07
296.8286,0.9771583,0.21650714,0.5472797,0.9301283,2014-06-27 01:00:00,1.0,0.000104586594,0.0,9.798138e-05,6.2809268e-06
296.10352,0.99089694,0.13660425,0.31387573,0.97416824,2014-06-27 02:00:00,1.0,0.00018234753,0.0,0.00017269736,9.650163e-06
295.0044,0.9817399,0.035484277,0.123208344,0.9817399,2014-06-27 03:00:00,1.0,0.0001542439,0.0,0.00014837125,5.6624167e-06
294.65552,1.0,0.16737449,0.01983836,1.0,2014-06-27 04:00:00,1.0,9.2616305e-05,0.0,8.0675236e-05,1.2160579e-05
294.6958,1.0,0.29494894,0.14901221,1.0,2014-06-27 05:00:00,1.0,9.539987e-06,0.0,6.414278e-06,3.1257086e-06
294.51562,1.0,0.71524906,0.29030633,0.997629,2014-06-27 06:00:00,1.0,0.0,0.0,0.0,0.0
294.25854,0.99946827,0.38922626,0.17874658,0.9800109,2014-06-27 07:00:00,1.0,2.9902178e-05,0.0,2.753915e-05,2.3630255e-06
293.93774,0.9942508,0.96396375,0.1257186,0.8538251,2014-06-27 08:00:00,0.0,7.626828e-07,0.0,0.0,6.0950106e-07
293.64258,1.0,1.0,0.090494394,0.70847553,2014-06-27 09:00:00,1.0,6.6424373e-06,0.0,6.2806466e-06,6.0950106e-07
294.44946,1.0,0.9970973,0.14959824,0.5820624,2014-06-27 10:00:00,1.0,9.722749e-05,0.0,9.685544e-05,2.6726156e-07
294.14282,1.0,1.0,0.38284904,0.79711527,2014-06-27 11:00:00,1.0,5.4146585e-05,0.0,5.4012955e-05,0.0
294.47803,1.0,1.0,0.7602544,0.8695466,2014-06-27 12:00:00,1.0,9.549569e-08,0.0,0.0,9.549569e-08
294.79126,1.0,0.99576455,0.6190598,0.95913357,2014-06-27 13:00:00,1.0,6.678286e-07,0.0,0.0,6.678286e-07
295.625,1.0,1.0,0.5308198,0.9593158,2014-06-27 14:00:00,1.0,3.848567e-05,0.0,3.835204e-05,2.6726156e-07
296.88257,1.0,1.0,0.8879168,0.98578,2014-06-27 15:00:00,1.0,0.00016401395,0.0,0.00014946776,1.4660285e-05
297.4402,0.9978792,0.9767236,0.78894866,0.950018,2014-06-27 16:00:00,1.0,0.00015314575,0.0,0.000105324,4.7707028e-05
298.0923,0.9863142,0.74249214,0.36353838,0.910363,2014-06-27 17:00:00,1.0,8.050358e-05,0.0,6.560107e-05,1.4844824e-05
299.0327,0.77449834,0.6174795,0.20622891,0.400104,2014-06-27 18:00:00,1.0,3.0313808e-05,0.0,3.0323106e-05,0.0
299.41553,0.56517905,0.44086605,0.348697,0.08012408,2014-06-27 19:00:00,1.0,0.00060271774,0.0,0.00031458796,0.0002883398
299.5088,0.23683685,0.066729605,0.17241621,0.036402706,2014-06-27 20:00:00,1.0,0.0017006383,0.0,0.0016548778,4.565576e-05
299.26392,0.2973885,0.10934752,0.19823277,0.07752806,2014-06-27 21:00:00,1.0,0.0015567371,0.0,0.00145708,9.970479e-05
299.53027,0.7083294,0.2509389,0.28814626,0.5552584,2014-06-27 22:00:00,1.0,3.928585e-05,0.0,1.1803335e-05,2.7548842e-05
299.69946,0.9189984,0.35142195,0.43259794,0.83756745,2014-06-27 23:00:00,1.0,0.0014650319,0.0,0.0014323748,3.269552e-05
298.41504,0.96743613,0.2036205,0.18129528,0.96407497,2014-06-28 00:00:00,1.0,0.0022931914,0.0,0.0021997914,9.3457085e-05
297.6621,0.9931458,0.10558933,0.11448437,0.9926141,2014-06-28 01:00:00,1.0,0.0009911559,0.0,0.0008705377,0.00012048469
296.9309,0.78616947,0.14242345,0.084291756,0.7299568,2014-06-28 02:00:00,1.0,0.00018111333,0.0,6.956865e-05,0.000111592424
296.51392,0.93521494,0.26310617,0.10382974,0.9052834,2014-06-28 03:00:00,1.0,0.0015451831,0.0,0.0015121461,3.3132383e-05
296.05225,0.9853313,0.06355184,0.19862461,0.98370636,2014-06-28 04:00:00,1.0,0.0032621233,0.0,0.0032374118,2.4339228e-05
296.12573,1.0,0.8819585,0.37405342,0.9932679,2014-06-28 05:00:00,1.0,0.00083865784,0.0,0.0007920442,4.6718313e-05
296.5952,1.0,0.9862307,0.31308228,1.0,2014-06-28 06:00:00,1.0,0.00010267773,0.0,9.253438e-05,9.895642e-06
296.7517,1.0,0.9947011,0.1431846,0.99683875,2014-06-28 07:00:00,1.0,0.00082989736,0.0,0.0008287248,1.1818338e-06
296.7495,1.0,1.0,0.2205376,0.99946827,2014-06-28 08:00:00,1.0,0.00082606287,0.0,0.0007506283,7.5825505e-05
296.51636,1.0,1.0,0.47249264,0.9949765,2014-06-28 09:00:00,1.0,0.00030579045,0.0,0.00028684246,1.9281797e-05
296.72876,1.0,0.8815818,0.19327492,0.9978961,2014-06-28 10:00:00,1.0,1.8509545e-06,0.0,9.549569e-08,1.6599633e-06
296.55225,1.0,0.5626157,0.15865147,0.9957394,2014-06-28 11:00:00,1.0,3.627573e-07,0.0,0.0,3.627573e-07
296.5752,0.9714718,0.31935668,0.056010958,0.95577645,2014-06-28 12:00:00,1.0,8.185736e-06,0.0,0.0,8.185736e-06
297.05542,0.9027172,0.27419984,0.15721011,0.86091256,2014-06-28 13:00:00,1.0,8.3359395e-05,0.0,5.7616082e-05,2.6115347e-05
297.8423,0.71522826,0.18047172,0.057835184,0.6562678,2014-06-28 14:00:00,1.0,0.00010068173,0.0,6.618057e-05,3.4873214e-05
299.03833,0.19211626,0.11654323,0.01173529,0.08809614,2014-06-28 15:00:00,1.0,0.00019797326,0.0,0.00013519451,6.2217005e-05
299.53882,0.68274134,0.68274134,0.0,0.03319589,2014-06-28 16:00:00,1.0,0.00021305348,0.0,0.000110216104,0.00010312353
300.1941,0.96857536,0.96857536,0.0032499009,0.013977904,2014-06-28 17:00:00,1.0,2.1164713e-05,0.0,1.6848528e-05,4.535702e-06
301.07812,0.8942756,0.89265066,0.029864877,0.002103883,2014-06-28 18:00:00,1.0,3.89137e-05,0.0,3.0943585e-05,8.017847e-06
301.41162,0.38575238,0.2689067,0.31949145,0.007457666,2014-06-28 19:00:00,1.0,0.00019557768,0.0,0.0001251324,7.063594e-05
300.5105,0.3732761,0.30825055,0.25007206,0.040540885,2014-06-28 20:00:00,1.0,0.0011996445,0.0,0.0011781899,2.1645392e-05
299.13574,0.6854629,0.27851862,0.24105906,0.5565022,2014-06-28 21:00:00,1.0,0.0019146188,0.0,0.0018854772,2.9408766e-05
297.2124,0.997629,0.7183654,0.045170553,0.9875358,2014-06-28 22:00:00,1.0,0.0028567258,0.0,0.0027904573,6.639281e-05
295.7876,1.0,0.9294087,0.30976063,1.0,2014-06-28 23:00:00,1.0,0.0030739028,0.0,0.00286271,0.00021143121
295.29932,1.0,0.6378467,0.7902777,1.0,2014-06-29 00:00:00,1.0,0.00021473039,0.0,0.0,0.00021446313
295.18384,0.99946827,0.16077662,0.24318546,0.99736434,2014-06-29 01:00:00,0.0,2.6861759e-05,0.0,0.0,2.6861759e-05
294.562,0.9952138,0.10731971,0.10671848,0.99310994,2014-06-29 02:00:00,1.0,0.0,0.0,0.0,0.0
294.43262,1.0,0.1967045,0.18341064,1.0,2014-06-29 03:00:00,1.0,2.1027678e-05,0.0,7.349693e-06,1.3544365e-05
294.19995,1.0,0.7542957,0.89849186,1.0,2014-06-29 04:00:00,1.0,0.00034829462,0.0,0.00030320813,4.5219975e-05
293.9668,1.0,0.10439336,0.9245052,1.0,2014-06-29 05:00:00,1.0,1.4953076e-05,0.0,4.0089235e-06,1.0944152e-05
293.75635,1.0,0.1999535,0.3377834,1.0,2014-06-29 06:00:00,1.0,0.0,0.0,0.0,0.0
293.38428,0.96730363,0.11422557,0.016832627,0.9662463,2014-06-29 07:00:00,1.0,8.003652e-05,0.0,6.917314e-05,1.0863382e-05
292.6726,0.22507805,0.025942981,0.00053172023,0.21261382,2014-06-29 08:00:00,0.0,9.549569e-08,0.0,0.0,9.549569e-08
292.0813,0.02519697,0.0,0.0,0.02519697,2014-06-29 09:00:00,0.0,3.813414e-07,0.0,0.0,3.813414e-07
291.30078,0.021268204,0.020210877,0.0010573287,0.0,2014-06-29 10:00:00,0.0,0.0,0.0,0.0,0.0
291.09595,0.027280595,0.0,0.027280595,0.0,2014-06-29 11:00:00,0.0,0.0,0.0,0.0,0.0
291.88403,0.063232064,0.0,0.063232064,0.0,2014-06-29 12:00:00,0.0,0.0,0.0,0.0,0.0
293.09863,0.088709116,0.0,0.088709116,0.0,2014-06-29 13:00:00,0.0,0.0,0.0,0.0,0.0
294.36572,0.14064664,0.0,0.14064664,0.0,2014-06-29 14:00:00,1.0,2.6726157e-06,0.0,2.4053543e-06,0.0
295.37842,0.19679046,0.14684689,0.06551558,0.011022855,2014-06-29 15:00:00,1.0,0.00048060296,0.0,0.00048055523,0.0
296.46094,0.1848194,0.13761544,0.050639343,0.017467394,2014-06-29 16:00:00,1.0,0.00027249148,0.0,0.00023648777,3.6060752e-05
298.11523,0.2741598,0.06830424,0.25305462,0.020579543,2014-06-29 17:00:00,1.0,0.00018251996,0.0,0.00016568875,1.6640523e-05
300.2683,0.052927837,0.0010573287,0.042301692,0.017200317,2014-06-29 18:00:00,0.0,8.588735e-05,0.0,8.3522726e-05,2.44057e-06
301.63672,0.014259651,0.0,0.00926375,0.005003199,2014-06-29 19:00:00,0.0,0.0,0.0,0.0,0.0
301.85864,0.014985189,0.0,0.014985189,0.0,2014-06-29 20:00:00,0.0,0.0,0.0,0.0,0.0
301.63452,0.0010573287,0.0,0.0,0.0010573287,2014-06-29 21:00:00,0.0,0.0,0.0,0.0,0.0
301.76196,0.0048919544,0.0,0.0048919544,0.0,2014-06-29 22:00:00,0.0,0.0,0.0,0.0,0.0
302.0581,0.080394804,0.00053172023,0.075867176,0.0039959103,2014-06-29 23:00:00,0.0,0.0,0.0,0.0,0.0
301.64282,0.0021207693,0.0,0.0021207693,0.0010573287,2014-06-30 00:00:00,0.0,0.0,0.0,0.0,0.0
300.51562,0.0021207693,0.00053172023,0.0010573287,0.00053172023,2014-06-30 01:00:00,0.0,0.0,0.0,0.0,0.0
299.15576,0.0010573287,0.0010573287,0.0,0.0,2014-06-30 02:00:00,0.0,0.0,0.0,0.0,0.0
297.50732,0.009756826,0.009231217,0.0,0.00053172023,2014-06-30 03:00:00,0.0,0.0001255913,0.0,0.00012553426,0.0
296.84546,0.018397525,0.0,0.018397525,0.0,2014-06-30 04:00:00,0.0,0.0,0.0,0.0,0.0
296.15454,0.014317889,0.010956742,0.0067320913,0.0,2014-06-30 05:00:00,1.0,0.000104050574,0.0,0.00010443192,0.0
295.2434,0.14573324,0.06405324,0.08167994,0.0,2014-06-30 06:00:00,0.0,7.1398725e-05,0.0,7.1589384e-05,0.0
294.63184,0.15396845,0.11204445,0.049641415,0.0,2014-06-30 07:00:00,1.0,4.7683716e-07,0.0,0.0,4.7683716e-07
294.3899,0.2439493,0.16638392,0.11681801,0.0,2014-06-30 08:00:00,1.0,7.440987e-07,0.0,0.0,7.440987e-07
293.8435,0.17020041,0.1370871,0.05360055,0.0,2014-06-30 09:00:00,1.0,1.4881971e-06,0.0,0.0,1.392701e-06
293.6494,0.13086563,0.06573099,0.074112,0.0,2014-06-30 10:00:00,1.0,7.626828e-07,0.0,0.0,8.5817857e-07
293.48633,0.041263368,0.02791293,0.01336024,0.0,2014-06-30 11:00:00,1.0,1.1818338e-06,0.0,0.0,1.067754e-06
294.45874,0.092365324,0.047576167,0.0033782488,0.047957674,2014-06-30 12:00:00,1.0,1.7535249e-06,0.0,0.0,1.6394451e-06
296.00586,0.75794786,0.02709946,0.049425527,0.750952,2014-06-30 13:00:00,1.0,1.7163566e-06,0.0,0.0,1.8881228e-06
297.38013,0.9763412,0.011598814,0.0,0.97471625,2014-06-30 14:00:00,1.0,7.626828e-07,0.0,0.0,3.813414e-07
298.57715,0.84090847,0.014259331,0.0,0.84090847,2014-06-30 15:00:00,0.0,6.678286e-07,0.0,4.387021e-07,0.0
299.07202,0.988393,0.023408957,0.00926375,0.988393,2014-06-30 16:00:00,0.0,1.6420108e-06,0.0,1.7186021e-06,0.0
298.83887,1.0,0.012937363,0.31503266,1.0,2014-06-30 17:00:00,0.0,1.9099143e-06,0.0,1.9099143e-06,0.0
297.7461,1.0,0.0023709626,0.27083445,1.0,2014-06-30 18:00:00,0.0,4.089481e-05,0.0,4.079932e-05,9.549569e-08
296.95923,1.0,0.00053172023,0.23626101,1.0,2014-06-30 19:00:00,0.0,1.6657184e-05,0.0,1.6419086e-05,0.0
296.6067,1.0,0.005003199,0.37702745,1.0,2014-06-30 20:00:00,0.0,0.0,0.0,0.0,0.0
296.2246,0.99675006,0.0,0.4488333,0.98859113,2014-06-30 21:00:00,0.0,4.944729e-05,0.0,4.956138e-05,0.0
296.95898,1.0,0.0,0.3107828,1.0,2014-06-30 22:00:00,0.0,1.3369399e-06,0.0,1.3369399e-06,0.0
297.24463,0.9729916,0.0,0.2960384,0.96647465,2014-06-30 23:00:00,0.0,2.864872e-06,0.0,2.864872e-06,0.0
297.66382,0.9978433,0.0016249504,0.13424945,0.99409735,2014-07-01 00:00:00,0.0,0.0,0.0,0.0,0.0
297.3921,0.9305217,0.05041292,0.043516796,0.9305217,2014-07-01 01:00:00,0.0,0.0,0.0,0.0,0.0
296.39966,0.7183227,0.0,0.002103883,0.7183227,2014-07-01 02:00:00,0.0,0.0,0.0,0.0,0.0
295.3977,0.7655358,0.0,0.0,0.7655358,2014-07-01 03:00:00,0.0,0.0,0.0,0.0,0.0
294.39575,0.10931355,0.0,0.0,0.10931355,2014-07-01 04:00:00,0.0,0.0,0.0,0.0,0.0
293.5835,0.08568835,0.005003199,0.0048919544,0.08068514,2014-07-01 05:00:00,0.0,0.0,0.0,0.0,0.0
293.17212,0.15300566,0.06119717,0.13997185,0.0,2014-07-01 06:00:00,0.0,0.0,0.0,0.0,0.0
292.71826,0.6101683,0.55421025,0.26654732,0.0,2014-07-01 07:00:00,0.0,0.0,0.0,0.0,0.0
292.51685,0.90420085,0.89603066,0.22912753,0.0,2014-07-01 08:00:00,0.0,0.0,0.0,0.0,0.0
292.2622,0.8613531,0.8302788,0.14078712,0.0,2014-07-01 09:00:00,0.0,0.0,0.0,0.0,0.0
292.146,0.6531523,0.6387445,0.14869267,0.0,2014-07-01 10:00:00,1.0,1.547535e-05,0.0,1.5284691e-05,0.0
292.0747,0.61405337,0.56256026,0.24629176,0.0,2014-07-01 11:00:00,1.0,4.3380118e-05,0.0,4.3513748e-05,0.0
292.14453,0.5102524,0.44769317,0.25440526,0.0015890491,2014-07-01 12:00:00,1.0,0.00013044987,0.0,0.00011941239,1.1256344e-05
292.47778,0.43432647,0.42423326,0.087299645,0.0,2014-07-01 13:00:00,1.0,0.0003575508,0.0,0.00029024482,6.750587e-05
293.09497,0.46249187,0.41725564,0.2130915,0.0015890491,2014-07-01 14:00:00,1.0,0.00026764907,0.0,0.00013968037,0.0001276257
293.7473,0.6856585,0.5444005,0.6369887,0.0010573287,2014-07-01 15:00:00,1.0,7.517169e-05,0.0,2.095582e-05,5.3949232e-05
294.12158,0.60253745,0.44055766,0.54677904,0.023460776,2014-07-01 16:00:00,1.0,3.2074968e-05,0.0,1.7382117e-05,1.4187176e-05
294.58984,0.45431274,0.3069756,0.40043026,0.06061553,2014-07-01 17:00:00,1.0,0.00035090628,0.0,0.00022846076,0.0001225596
295.2898,0.5580077,0.31783587,0.38617766,0.09895754,2014-07-01 18:00:00,1.0,0.0005150784,0.0,0.00040822942,0.000106581734
294.49243,0.68158424,0.3369143,0.5974517,0.13011986,2014-07-01 19:00:00,1.0,0.00050064526,0.0,0.0003398424,0.00016064025
293.20435,0.98063916,0.86996853,0.9679185,0.036800314,2014-07-01 20:00:00,1.0,0.00093017146,0.0,0.00048158853,0.00044867815
291.06396,0.995108,0.95275664,0.9817921,0.031695087,2014-07-01 21:00:00,1.0,0.00027248915,0.0,1.9146886e-05,0.0002528273
291.01636,1.0,0.99629015,1.0,0.09321374,2014-07-01 22:00:00,1.0,0.00012619933,0.0,1.898731e-05,0.00010749817
290.99316,1.0,1.0,0.99946827,0.020523995,2014-07-01 23:00:00,1.0,7.256701e-05,0.0,2.8667942e-05,4.3717693e-05
290.698,1.0,1.0,0.98811215,0.016422208,2014-07-02 00:00:00,0.0,1.2661755e-05,0.0,2.4322544e-06,1.0563415e-05
290.0464,1.0,1.0,0.9932679,0.0,2014-07-02 01:00:00,0.0,1.5067717e-06,0.0,1.5067717e-06,0.0
289.11987,1.0,1.0,1.0,0.0,2014-07-02 02:00:00,0.0,2.0957555e-07,0.0,2.0028352e-07,0.0
288.29492,1.0,1.0,0.9966217,0.0,2014-07-02 03:00:00,0.0,0.0,0.0,0.0,0.0
287.8855,1.0,1.0,1.0,0.0,2014-07-02 04:00:00,0.0,0.0,0.0,0.0,0.0
287.62305,1.0,1.0,1.0,0.0,2014-07-02 05:00:00,0.0,0.0,0.0,0.0,0.0
287.31982,1.0,1.0,1.0,0.0,2014-07-02 06:00:00,0.0,0.0,0.0,0.0,0.0
287.2151,1.0,1.0,1.0,0.0,2014-07-02 07:00:00,0.0,0.0,0.0,0.0,0.0
287.02856,1.0,1.0,0.998375,0.0,2014-07-02 08:00:00,0.0,2.0138817e-05,0.0,0.0,2.0138817e-05
286.89795,1.0,1.0,0.9946291,0.0154113695,2014-07-02 09:00:00,0.0,3.353694e-05,0.0,0.0,3.353694e-05
286.61377,1.0,1.0,0.95915467,0.16629624,2014-07-02 10:00:00,0.0,5.8815538e-05,0.0,0.0,5.8815538e-05
286.4663,1.0,1.0,0.946063,0.052641626,2014-07-02 11:00:00,0.0,8.828483e-06,0.0,0.0,8.962114e-06
286.52612,0.9939002,0.9939002,0.9646441,0.025246598,2014-07-02 12:00:00,0.0,2.6738799e-06,0.0,0.0,2.6738799e-06
286.94458,0.9452703,0.91816413,0.8765935,0.07369149,2014-07-02 13:00:00,1.0,9.549567e-07,0.0,0.0,9.549567e-07
287.85278,0.83102405,0.38973683,0.7553041,0.18603241,2014-07-02 14:00:00,0.0,1.1254397e-06,0.0,1.0299436e-06,9.549569e-08
289.40063,0.6989355,0.5235053,0.29335672,0.24862504,2014-07-02 15:00:00,0.0,1.9099144e-07,0.0,1.9099144e-07,0.0
291.08545,0.80084777,0.36660016,0.077754796,0.6077846,2014-07-02 16:00:00,0.0,0.0,0.0,0.0,0.0
292.40527,0.42084223,0.14147913,0.026133433,0.29445863,2014-07-02 17:00:00,0.0,0.0,0.0,0.0,0.0
293.94043,0.12398672,0.08553344,0.0,0.046810314,2014-07-02 18:00:00,0.0,0.0,0.0,0.0,0.0
294.89844,0.11077112,0.10587919,0.0,0.0048919544,2014-07-02 19:00:00,0.0,0.0,0.0,0.0,0.0
295.68262,0.12765992,0.10323435,0.0,0.029317524,2014-07-02 20:00:00,0.0,0.0,0.0,0.0,0.0
296.24268,0.18835974,0.088779986,0.0,0.11147481,2014-07-02 21:00:00,0.0,0.0,0.0,0.0,0.0
296.43213,0.22943246,0.02881664,0.0,0.20325142,2014-07-02 22:00:00,0.0,0.0,0.0,0.0,0.0
296.26147,0.057632364,0.0,0.0,0.057632364,2014-07-02 23:00:00,0.0,0.0,0.0,0.0,0.0
295.57227,0.0068626925,0.0,0.0,0.0068626925,2014-07-03 00:00:00,0.0,0.0,0.0,0.0,0.0
294.61304,0.0016249504,0.0,0.0016249504,0.0,2014-07-03 01:00:00,0.0,0.0,0.0,0.0,0.0
292.04663,0.005003199,0.0,0.005003199,0.0,2014-07-03 02:00:00,0.0,0.0,0.0,0.0,0.0
289.44043,0.026837565,0.00053172023,0.026305847,0.0,2014-07-03 03:00:00,0.0,0.0,0.0,0.0,0.0
287.82935,0.035620753,0.0,0.035620753,0.0,2014-07-03 04:00:00,0.0,0.0,0.0,0.0,0.0
287.28003,0.012831885,0.0,0.012831885,0.0,2014-07-03 05:00:00,0.0,0.0,0.0,0.0,0.0
286.83105,0.033429813,0.0068626925,0.027098838,0.0,2014-07-03 06:00:00,0.0,0.0,0.0,0.0,0.0
286.53687,0.02210978,0.0044917315,0.021052454,0.0,2014-07-03 07:00:00,0.0,0.0,0.0,0.0,0.0
285.4734,0.020517364,0.00053172023,0.020517364,0.0,2014-07-03 08:00:00,0.0,0.0,0.0,0.0,0.0
285.0791,0.025520563,0.0,0.025520563,0.0,2014-07-03 09:00:00,0.0,0.0,0.0,0.0,0.0
285.34058,0.28051937,0.00608078,0.28051937,0.0,2014-07-03 10:00:00,0.0,0.0,0.0,0.0,0.0
285.5,0.32956505,0.0049672946,0.32903332,0.0,2014-07-03 11:00:00,0.0,0.0,0.0,0.0,0.0
286.96216,0.42132163,0.011067092,0.42079604,0.0,2014-07-03 12:00:00,0.0,0.0,0.0,0.0,0.0
288.98242,0.44737488,0.0063309744,0.44737488,0.0,2014-07-03 13:00:00,0.0,0.0,0.0,0.0,0.0
291.18506,0.3945064,0.010290984,0.3945064,0.0,2014-07-03 14:00:00,0.0,0.0,0.0,0.0,0.0
293.85327,0.48470712,0.002103883,0.48470712,0.0,2014-07-03 15:00:00,0.0,4.690818e-06,0.0,4.5478955e-06,0.0
295.3479,0.437142,0.0021566707,0.437142,0.0,2014-07-03 16:00:00,0.0,2.4777473e-06,0.0,2.2963686e-06,0.0
296.02954,0.55138993,0.0032499009,0.55138993,0.0,2014-07-03 17:00:00,0.0,0.0,0.0,0.0,0.0
296.5415,0.68467075,0.016832627,0.67457026,0.0,2014-07-03 18:00:00,0.0,1.9663266e-06,0.0,1.975618e-06,0.0
296.9358,0.70929295,0.07744813,0.69581413,0.0,2014-07-03 19:00:00,0.0,0.0,0.0,0.0,0.0
297.1521,0.7618758,0.0,0.7618758,0.0,2014-07-03 20:00:00,0.0,0.0,0.0,0.0,0.0
297.5515,0.96962804,0.0,0.96962804,0.0,2014-07-03 21:00:00,0.0,0.0,0.0,0.0,0.0
297.65698,0.86461467,0.0,0.86461467,0.0,2014-07-03 22:00:00,0.0,0.0,0.0,0.0,0.0
297.44507,0.33373135,0.0,0.33373135,0.0,2014-07-03 23:00:00,0.0,0.0,0.0,0.0,0.0
297.25342,0.0,0.0,0.0,0.0,2014-07-04 00:00:00,0.0,0.0,0.0,0.0,0.0
296.4961,0.0033782488,0.0,0.0033782488,0.0,2014-07-04 01:00:00,0.0,0.0,0.0,0.0,0.0
294.57886,0.016156238,0.0048919544,0.012906335,0.0,2014-07-04 02:00:00,0.0,0.0,0.0,0.0,0.0
291.96167,0.01115578,0.0082530975,0.007905882,0.0,2014-07-04 03:00:00,0.0,0.0,0.0,0.0,0.0
290.8606,0.038196754,0.033705022,0.014854521,0.0,2014-07-04 04:00:00,0.0,0.0,0.0,0.0,0.0
289.39844,0.02323829,0.02323829,0.0032499009,0.0,2014-07-04 05:00:00,0.0,0.0,0.0,0.0,0.0
288.45508,0.043506164,0.043506164,0.0033782488,0.0,2014-07-04 06:00:00,0.0,0.0,0.0,0.0,0.0
287.50195,0.012427401,0.012427401,0.0,0.0,2014-07-04 07:00:00,0.0,0.0,0.0,0.0,0.0
287.10376,0.0,0.0,0.0,0.0,2014-07-04 08:00:00,0.0,0.0,0.0,0.0,0.0
285.9956,0.0033782488,0.0,0.0,0.0033782488,2014-07-04 09:00:00,0.0,0.0,0.0,0.0,0.0
285.4248,0.013950452,0.00053172023,0.008947253,0.005003199,2014-07-04 10:00:00,0.0,0.0,0.0,0.0,0.0
285.54126,0.09326792,0.0,0.0,0.09326792,2014-07-04 11:00:00,0.0,0.0,0.0,0.0,0.0
287.82495,0.2724278,0.0,0.0,0.2724278,2014-07-04 12:00:00,0.0,0.0,0.0,0.0,0.0
290.83374,0.2532978,0.0,0.0,0.2532978,2014-07-04 13:00:00,0.0,0.0,0.0,0.0,0.0
293.85254,0.25389814,0.0,0.012623299,0.24758649,2014-07-04 14:00:00,0.0,0.0,0.0,0.0,0.0
296.20386,0.1963588,0.0,0.07252091,0.13339943,2014-07-04 15:00:00,0.0,0.0,0.0,0.0,0.0
297.17358,0.41417354,0.0,0.3099419,0.15060455,2014-07-04 16:00:00,0.0,0.0,0.0,0.0,0.0
297.85913,0.64453083,0.0,0.5838518,0.21064389,2014-07-04 17:00:00,0.0,0.0,0.0,0.0,0.0
297.82544,0.755817,0.0,0.6926188,0.22697932,2014-07-04 18:00:00,0.0,0.0,0.0,0.0,0.0
298.1277,0.7749651,0.0,0.71886206,0.18298668,2014-07-04 19:00:00,0.0,9.086894e-05,0.0,9.073531e-05,0.0
298.48584,0.8223167,0.0032499009,0.75447834,0.42343342,2014-07-04 20:00:00,0.0,0.0,0.0,0.0,0.0
298.82495,0.72049636,0.0,0.6322985,0.37621665,2014-07-04 21:00:00,0.0,0.0,0.0,0.0,0.0
298.69238,0.97921216,0.0,0.38015163,0.96502465,2014-07-04 22:00:00,0.0,0.0,0.0,0.0,0.0
298.4414,0.9989426,0.0,0.22070354,0.9989426,2014-07-04 23:00:00,0.0,0.0,0.0,0.0,0.0
297.9607,0.991485,0.0,0.091858506,0.991485,2014-07-05 00:00:00,0.0,0.0,0.0,0.0,0.0
296.9851,0.99627113,0.0,0.028467342,0.99627113,2014-07-05 01:00:00,0.0,0.0,0.0,0.0,0.0
296.0796,0.96662295,0.0,0.061282728,0.96662295,2014-07-05 02:00:00,0.0,0.0,0.0,0.0,0.0
294.83667,0.9905219,0.0,0.09765428,0.9905219,2014-07-05 03:00:00,0.0,0.0,0.0,0.0,0.0
294.30078,0.9740676,0.0,0.23366034,0.96919274,2014-07-05 04:00:00,0.0,0.00012614747,0.0,0.00012614747,0.0
293.5835,0.81714195,0.0,0.3536895,0.7895703,2014-07-05 05:00:00,0.0,0.0,0.0,0.0,0.0
293.79346,0.88033956,0.0,0.6328227,0.73085403,2014-07-05 06:00:00,0.0,1.2026771e-05,0.0,1.2026771e-05,0.0
292.67212,0.7891541,0.0,0.55661136,0.5907087,2014-07-05 07:00:00,1.0,0.00022396521,0.0,0.00022396521,0.0
293.14624,0.6815895,0.002103883,0.5663685,0.2451495,2014-07-05 08:00:00,0.0,0.00043038442,0.0,0.00043047988,0.0
292.71265,0.814492,0.009828627,0.7950619,0.11266148,2014-07-05 09:00:00,1.0,3.8198294e-07,0.0,4.297308e-07,0.0
292.06372,1.0,0.04153386,1.0,0.24563938,2014-07-05 10:00:00,1.0,0.0006059611,0.0,0.00060591334,0.0
292.1057,0.9920106,0.057438493,0.9724715,0.6092145,2014-07-05 11:00:00,1.0,0.0014061695,0.0,0.0014062265,0.0
292.32764,0.6095649,0.0,0.29597193,0.52263814,2014-07-05 12:00:00,1.0,0.0005063501,0.0,0.0005064837,0.0
293.4668,0.40893656,0.0033782488,0.12207687,0.34681237,2014-07-05 13:00:00,0.0,0.0,0.0,0.0,0.0
294.885,0.5338475,0.023053505,0.1605081,0.44629288,2014-07-05 14:00:00,0.0,0.0,0.0,0.0,0.0
296.7622,0.6098114,0.0,0.0071128868,0.6098114,2014-07-05 15:00:00,0.0,0.0,0.0,0.0,0.0
297.95215,0.3838529,0.0,0.0,0.3838529,2014-07-05 16:00:00,0.0,0.0,0.0,0.0,0.0
299.28345,0.26828122,0.12531102,0.0,0.14718527,2014-07-05 17:00:00,0.0,0.0,0.0,0.0,0.0
300.0703,0.658934,0.6425539,0.0,0.031995177,2014-07-05 18:00:00,0.0,5.3452317e-07,0.0,2.6726156e-07,9.549569e-08
300.13892,0.94922256,0.94922256,0.0,0.0058244728,2014-07-05 19:00:00,0.0,0.0,0.0,0.0,0.0
300.67212,0.98675585,0.98675585,0.0,0.0,2014-07-05 20:00:00,0.0,0.0,0.0,0.0,0.0
300.96826,0.9756325,0.9756325,0.0,0.0,2014-07-05 21:00:00,0.0,0.0,0.0,0.0,0.0
300.95654,0.37505472,0.37169355,0.0,0.0033782488,2014-07-05 22:00:00,0.0,0.0,0.0,0.0,0.0
300.95605,0.09673756,0.09673756,0.0,0.0,2014-07-05 23:00:00,0.0,0.0,0.0,0.0,0.0
300.3064,0.015096433,0.015096433,0.0,0.0,2014-07-06 00:00:00,0.0,0.0,0.0,0.0,0.0
299.13818,0.0,0.0,0.0,0.0,2014-07-06 01:00:00,0.0,0.0,0.0,0.0,0.0
297.42725,0.0,0.0,0.0,0.0,2014-07-06 02:00:00,1.0,0.0,0.0,0.0,0.0
295.85767,0.010137815,0.0068879165,0.0,0.0032499009,2014-07-06 03:00:00,1.0,0.0,0.0,0.0,0.0
295.0066,0.08375609,0.051725443,0.0,0.03205509,2014-07-06 04:00:00,0.0,0.0,0.0,0.0,0.0
294.36133,0.102362454,0.03944692,0.0,0.06681818,2014-07-06 05:00:00,0.0,0.0,0.0,0.0,0.0
293.94043,0.55186385,0.06808156,0.0,0.5147175,2014-07-06 06:00:00,0.0,0.0,0.0,0.0,0.0
293.85376,0.75285673,0.055605236,0.0,0.740225,2014-07-06 07:00:00,0.0,0.0,0.0,0.0,0.0
294.02344,0.92313,0.17524928,0.12959576,0.870073,2014-07-06 08:00:00,0.0,0.0,0.0,0.0,0.0
294.07495,0.8565383,0.21442294,0.26790082,0.74115175,2014-07-06 09:00:00,0.0,0.0,0.0,0.0,0.0
293.95825,0.99208,0.29041767,0.7407447,0.97268593,2014-07-06 10:00:00,0.0,0.0,0.0,0.0,0.0
294.05103,1.0,0.11732131,0.9949968,1.0,2014-07-06 11:00:00,0.0,0.0,0.0,0.0,0.0
294.24072,1.0,0.16361767,0.9569966,1.0,2014-07-06 12:00:00,1.0,3.813414e-07,0.0,0.0,3.813414e-07
294.3745,0.98017555,0.08897221,0.10293853,0.9667041,2014-07-06 13:00:00,1.0,7.626828e-07,0.0,0.0,3.813414e-07
295.45044,0.84042513,0.0010573287,0.044797316,0.83621734,2014-07-06 14:00:00,0.0,0.0,0.0,0.0,0.0
297.00195,0.6677921,0.02130552,0.0,0.66457814,2014-07-06 15:00:00,0.0,0.0,0.0,0.0,0.0
298.42236,0.35443527,0.19115925,0.011606943,0.18302196,2014-07-06 16:00:00,0.0,0.0,0.0,0.0,0.0
300.1521,0.42132187,0.40952235,0.042112425,0.018645588,2014-07-06 17:00:00,0.0,0.0,0.0,0.0,0.0
301.16528,0.55182153,0.5117713,0.07511747,0.040522814,2014-07-06 18:00:00,1.0,0.00033666566,0.0,0.00033682748,0.0
302.2246,0.3588295,0.27102172,0.21321648,0.00608078,2014-07-06 19:00:00,0.0,0.00010873409,0.0,0.00010163954,6.9224634e-06
304.23535,0.16744101,0.10420704,0.126652,0.0015890491,2014-07-06 20:00:00,0.0,7.297375e-05,0.0,6.730233e-05,5.671416e-06
305.58398,0.10691792,0.03433596,0.097941756,0.0,2014-07-06 21:00:00,0.0,1.7271843e-05,0.0,1.72148e-05,9.549569e-08
304.74512,0.19317263,0.07679188,0.15076673,0.0,2014-07-06 22:00:00,0.0,0.0,0.0,0.0,0.0
304.0774,0.1972543,0.052123368,0.1801185,0.0,2014-07-06 23:00:00,0.0,0.0,0.0,0.0,0.0
302.82568,0.1668542,0.07875252,0.14419979,0.0,2014-07-07 00:00:00,0.0,2.6726156e-07,0.0,0.0,2.6726156e-07
301.5747,0.03505535,0.029330544,0.032951467,0.0,2014-07-07 01:00:00,0.0,0.0,0.0,0.0,0.0
299.66992,0.0,0.0,0.0,0.0,2014-07-07 02:00:00,0.0,0.0,0.0,0.0,0.0
297.32495,0.006280929,0.006280929,0.0,0.0,2014-07-07 03:00:00,0.0,0.0,0.0,0.0,0.0
295.9209,0.022296723,0.022296723,0.0,0.0,2014-07-07 04:00:00,0.0,0.0,0.0,0.0,0.0
294.44067,0.0010573287,0.0010573287,0.0,0.0,2014-07-07 05:00:00,0.0,0.0,0.0,0.0,0.0
293.3452,0.005003199,0.0,0.0,0.005003199,2014-07-07 06:00:00,0.0,0.0,0.0,0.0,0.0
292.688,0.028970398,0.0,0.0,0.028970398,2014-07-07 07:00:00,0.0,0.0,0.0,0.0,0.0
292.37817,0.008357041,0.0,0.0,0.008357041,2014-07-07 08:00:00,0.0,0.0,0.0,0.0,0.0
291.7395,0.0,0.0,0.0,0.0,2014-07-07 09:00:00,0.0,0.0,0.0,0.0,0.0
291.04175,0.0,0.0,0.0,0.0,2014-07-07 10:00:00,0.0,0.0,0.0,0.0,0.0
290.67944,0.019550718,0.0,0.0,0.019550718,2014-07-07 11:00:00,0.0,0.0,0.0,0.0,0.0
292.5244,0.03533147,0.0,0.0,0.03533147,2014-07-07 12:00:00,0.0,0.0,0.0,0.0,0.0
294.81372,0.0,0.0,0.0,0.0,2014-07-07 13:00:00,0.0,0.0,0.0,0.0,0.0
296.73218,0.0149885565,0.0033782488,0.011634715,0.0,2014-07-07 14:00:00,0.0,0.0,0.0,0.0,0.0
299.39062,0.06859571,0.016832627,0.056988813,0.0048919544,2014-07-07 15:00:00,0.0,0.0,0.0,0.0,0.0
300.7207,0.33304,0.19020617,0.24365622,0.06554055,2014-07-07 16:00:00,1.0,1.1259552e-05,0.0,1.1393183e-05,0.0
301.05908,0.352148,0.080678284,0.11217743,0.22886562,2014-07-07 17:00:00,0.0,1.4346123e-05,0.0,1.42983745e-05,0.0
301.5437,0.56602937,0.12518138,0.34303558,0.3862167,2014-07-07 18:00:00,1.0,7.739615e-06,0.0,7.663025e-06,0.0
300.86353,0.70119584,0.19166595,0.38238323,0.45813996,2014-07-07 19:00:00,0.0,0.00030315877,0.0,0.00029925234,3.84929e-06
300.52588,0.5552634,0.11248672,0.34075564,0.33800292,2014-07-07 20:00:00,1.0,6.1001512e-05,0.0,5.932362e-05,1.7349321e-06
301.1018,0.99841094,0.19709563,0.35278016,0.9978792,2014-07-07 21:00:00,1.0,5.5489276e-05,0.0,5.3341573e-05,1.9663266e-06
298.88477,0.99946827,0.041869823,0.6776432,0.9978792,2014-07-07 22:00:00,1.0,0.0024472368,0.0,0.0024458813,1.0312269e-06
295.6787,1.0,0.04346954,0.69927436,1.0,2014-07-07 23:00:00,1.0,0.006582137,0.0,0.0065056346,7.6683136e-05
293.90674,0.9952605,0.77080095,0.84814334,0.91557956,2014-07-08 00:00:00,1.0,0.0035232047,0.0,0.0033386974,0.00018449801
293.5918,0.7593256,0.626001,0.6507855,0.2408427,2014-07-08 01:00:00,1.0,0.0027332604,0.0,0.0026173918,0.0001153059
293.14185,0.9643844,0.75954556,0.8984864,0.13284731,2014-07-08 02:00:00,1.0,0.0009108868,0.0,0.00085009704,6.0770893e-05
292.71704,0.8458933,0.29489475,0.84430426,0.0,2014-07-08 03:00:00,0.0,1.086979e-06,0.0,0.0,1.086979e-06
292.47827,0.12626737,0.00478616,0.12573564,0.0,2014-07-08 04:00:00,0.0,0.0,0.0,0.0,0.0
292.031,0.0073775277,0.0023709626,0.0073775277,0.0,2014-07-08 05:00:00,0.0,0.0,0.0,0.0,0.0
291.64233,0.016739111,0.00053172023,0.016739111,0.0,2014-07-08 06:00:00,0.0,0.0,0.0,0.0,0.0
291.31323,0.0016249504,0.0,0.0016249504,0.0,2014-07-08 07:00:00,0.0,0.0,0.0,0.0,0.0
290.7832,0.08284879,0.0,0.08284879,0.0,2014-07-08 08:00:00,1.0,0.0,0.0,0.0,0.0
290.3225,0.17269504,0.15875185,0.03500198,0.0,2014-07-08 09:00:00,1.0,1.3356566e-06,0.0,0.0,1.2401615e-06
290.18604,0.33578748,0.30737776,0.052758977,0.0,2014-07-08 10:00:00,1.0,1.1446655e-06,0.0,0.0,1.3164308e-06
289.87988,0.2577824,0.23404473,0.06948036,0.0,2014-07-08 11:00:00,0.0,9.165061e-07,0.0,0.0,9.350902e-07
290.46338,0.21503228,0.16137886,0.07805991,0.0,2014-07-08 12:00:00,1.0,1.2718837e-05,0.0,1.2585206e-05,0.0
291.29053,0.16583729,0.14895946,0.03316854,0.0,2014-07-08 13:00:00,1.0,3.2231328e-05,0.0,2.9180606e-05,2.6693806e-06
292.28833,0.23103607,0.22813338,0.016374167,0.0,2014-07-08 14:00:00,1.0,3.385931e-05,0.0,2.9291215e-05,4.6728755e-06
294.10913,0.2490521,0.2335602,0.114979625,0.0,2014-07-08 15:00:00,1.0,4.718185e-05,0.0,4.6322704e-05,7.2551467e-07
295.31177,0.2316156,0.15422839,0.18915147,0.0,2014-07-08 16:00:00,1.0,8.7995635e-05,0.0,8.360506e-05,4.2184993e-06
295.56006,0.36259794,0.27251422,0.3100093,0.0,2014-07-08 17:00:00,1.0,6.8719004e-05,0.0,6.8079375e-05,4.5825306e-07
296.12866,0.48952597,0.21712983,0.48790103,0.0,2014-07-08 18:00:00,1.0,6.601952e-05,0.0,6.591473e-05,9.549569e-08
296.31543,0.5322923,0.34533346,0.49387813,0.0,2014-07-08 19:00:00,1.0,3.7966194e-05,0.0,3.0933516e-05,6.651334e-06
296.9641,0.85876036,0.55343,0.84203166,0.0,2014-07-08 20:00:00,1.0,1.9941232e-05,0.0,1.9578802e-05,6.0950106e-07
297.10962,0.8737017,0.6152397,0.8544346,0.0,2014-07-08 21:00:00,0.0,2.640672e-05,0.0,2.640672e-05,0.0
297.18774,0.49721754,0.36829513,0.46567124,0.0,2014-07-08 22:00:00,1.0,8.899639e-06,0.0,8.985522e-06,0.0
296.94165,0.55352557,0.36314005,0.5290089,0.0,2014-07-08 23:00:00,1.0,7.0499675e-07,0.0,7.338398e-07,0.0
296.43652,0.5667115,0.21915853,0.56508654,0.0,2014-07-09 00:00:00,0.0,1.0692266e-05,0.0,1.0549344e-05,0.0
295.60376,0.533469,0.19341326,0.5029913,0.0,2014-07-09 01:00:00,0.0,1.7398706e-05,0.0,1.7398706e-05,0.0
293.8943,0.4071685,0.20538002,0.3905692,0.0,2014-07-09 02:00:00,0.0,0.0,0.0,0.0,0.0
292.1443,0.3676781,0.23116088,0.3560534,0.0,2014-07-09 03:00:00,0.0,0.0,0.0,0.0,0.0
290.9756,0.31281102,0.10070586,0.31281102,0.0,2014-07-09 04:00:00,0.0,0.0,0.0,0.0,0.0
290.23828,0.21648198,0.065205455,0.20858341,0.0,2014-07-09 05:00:00,0.0,0.0,0.0,0.0,0.0
289.59595,0.18791908,0.016741857,0.17956477,0.0,2014-07-09 06:00:00,0.0,0.0,0.0,0.0,0.0
288.99463,0.23715335,0.028727122,0.22543514,0.0,2014-07-09 07:00:00,0.0,0.0,0.0,0.0,0.0
288.6106,0.18067086,0.021263376,0.18067086,0.0,2014-07-09 08:00:00,0.0,0.0,0.0,0.0,0.0
288.05225,0.19102514,0.03236974,0.19102514,0.0,2014-07-09 09:00:00,0.0,0.0,0.0,0.0,0.0
287.3147,0.1547659,0.031170715,0.1547659,0.0,2014-07-09 10:00:00,0.0,0.0,0.0,0.0,0.0
287.13354,0.1877119,0.0026356035,0.1877119,0.0,2014-07-09 11:00:00,0.0,0.0,0.0,0.0,0.0
288.20288,0.2252382,0.018525906,0.22103041,0.0,2014-07-09 12:00:00,0.0,0.0,0.0,0.0,0.0
290.19897,0.16836071,0.04086541,0.16836071,0.0,2014-07-09 13:00:00,0.0,0.0,0.0,0.0,0.0
291.6665,0.24126798,0.08820486,0.23364627,0.0,2014-07-09 14:00:00,1.0,0.0,0.0,0.0,0.0
293.75977,0.1544069,0.054684676,0.14688545,0.0,2014-07-09 15:00:00,1.0,3.479376e-05,0.0,3.440345e-05,7.626828e-07
294.76294,0.3995096,0.05971842,0.3827678,0.0,2014-07-09 16:00:00,1.0,9.114128e-05,0.0,9.09224e-05,0.0
295.70142,0.5297626,0.17375755,0.51267016,0.0,2014-07-09 17:00:00,1.0,0.00012307578,0.0,0.00012120817,1.4862635e-06
296.31567,0.5295627,0.24335533,0.47938973,0.0,2014-07-09 18:00:00,0.0,1.183831e-05,0.0,1.197194e-05,0.0
296.95044,0.52121466,0.20966542,0.48726422,0.0,2014-07-09 19:00:00,1.0,0.00013046539,0.0,0.0001304561,0.0
297.6548,0.8313998,0.6678375,0.76140976,0.0,2014-07-09 20:00:00,0.0,1.886388e-05,0.0,1.8759092e-05,0.0
298.5254,0.8019859,0.14738685,0.8019859,0.0,2014-07-09 21:00:00,1.0,3.813414e-07,0.0,4.3838128e-07,0.0
298.83472,0.695155,0.020300847,0.69356596,0.0032499009,2014-07-09 22:00:00,1.0,1.7926177e-06,0.0,1.7448701e-06,0.0
298.7439,0.5855584,0.0,0.56894827,0.023984302,2014-07-09 23:00:00,1.0,2.6726156e-07,0.0,2.6726156e-07,0.0
298.46973,0.5153098,0.0,0.37239403,0.23464674,2014-07-10 00:00:00,0.0,1.0690455e-06,0.0,1.0690455e-06,0.0
297.22583,0.41221416,0.038059488,0.09885836,0.34236676,2014-07-10 01:00:00,0.0,0.0,0.0,0.0,0.0
294.71875,0.26051092,0.1075483,0.10440898,0.14709616,2014-07-10 02:00:00,0.0,0.0,0.0,0.0,0.0
292.26855,0.12964272,0.1046167,0.066136956,0.0105663985,2014-07-10 03:00:00,0.0,0.0,0.0,0.0,0.0
291.29077,0.14743686,0.14091998,0.06782198,0.0,2014-07-10 04:00:00,0.0,0.0,0.0,0.0,0.0
290.1714,0.066583514,0.06495851,0.016283713,0.0,2014-07-10 05:00:00,0.0,0.0,0.0,0.0,0.0
289.55298,0.07830167,0.07830167,0.0,0.0,2014-07-10 06:00:00,0.0,0.0,0.0,0.0,0.0
289.12524,0.103619695,0.103619695,0.0,0.0,2014-07-10 07:00:00,0.0,0.0,0.0,0.0,0.0
289.1748,0.11100215,0.11100215,0.0,0.0,2014-07-10 08:00:00,0.0,0.0,0.0,0.0,0.0
288.61548,0.047144044,0.047144044,0.0,0.0,2014-07-10 09:00:00,0.0,0.0,0.0,0.0,0.0
287.87817,0.049099285,0.049099285,0.012995917,0.0,2014-07-10 10:00:00,0.0,0.0,0.0,0.0,0.0
287.58545,0.03457047,0.03457047,0.003909968,0.0,2014-07-10 11:00:00,0.0,0.0,0.0,0.0,0.0
288.9099,0.0100932345,0.0100932345,0.0,0.0,2014-07-10 12:00:00,0.0,0.0,0.0,0.0,0.0
290.9065,0.0086262375,0.0086262375,0.0052650943,0.0,2014-07-10 13:00:00,0.0,0.0,0.0,0.0,0.0
293.4121,0.0,0.0,0.0,0.0,2014-07-10 14:00:00,0.0,0.0,0.0,0.0,0.0
296.4016,0.0073775277,0.006845806,0.0026356035,0.0,2014-07-10 15:00:00,0.0,0.0,0.0,0.0,0.0
298.47876,0.024876207,0.022755437,0.012127787,0.0,2014-07-10 16:00:00,1.0,2.5122587e-05,0.0,2.4988956e-05,0.0
299.48877,0.5627762,0.028403923,0.5627762,0.0,2014-07-10 17:00:00,1.0,0.00023633118,0.0,0.00023633118,0.0
300.51733,0.48692036,0.08459222,0.4759338,0.0063116476,2014-07-10 18:00:00,1.0,5.75928e-05,0.0,5.7516198e-05,0.0
301.17065,0.86177737,0.022885889,0.30619252,0.7851763,2014-07-10 19:00:00,0.0,4.954212e-07,0.0,4.954212e-07,0.0
301.43677,1.0,0.033385396,0.29593235,0.98747194,2014-07-10 20:00:00,0.0,0.0,0.0,0.0,0.0
301.39795,0.9978961,0.0685125,0.34714943,0.9957394,2014-07-10 21:00:00,0.0,9.549569e-08,0.0,9.549569e-08,0.0
301.43237,1.0,0.014108725,0.20422447,1.0,2014-07-10 22:00:00,0.0,0.0,0.0,0.0,0.0
300.91577,1.0,0.0084314905,0.19764787,1.0,2014-07-10 23:00:00,0.0,0.0,0.0,0.0,0.0
300.0171,1.0,0.1116575,0.27789396,1.0,2014-07-11 00:00:00,0.0,0.0,0.0,0.0,0.0
299.31616,0.9589347,0.041361585,0.104898036,0.9573098,2014-07-11 01:00:00,0.0,0.0,0.0,0.0,0.0
298.47217,0.75485843,0.010835916,0.11060983,0.7187093,2014-07-11 02:00:00,0.0,0.0,0.0,0.0,0.0
297.56738,0.6089312,0.0,0.14863044,0.5489595,2014-07-11 03:00:00,0.0,0.0,0.0,0.0,0.0
297.12085,0.753242,0.0,0.34127182,0.6395931,2014-07-11 04:00:00,1.0,0.0,0.0,0.0,0.0
296.61353,0.657941,0.0,0.44115865,0.4367432,2014-07-11 05:00:00,1.0,4.233857e-06,0.0,4.290897e-06,0.0
296.12305,0.7706655,0.0,0.57809037,0.5478558,2014-07-11 06:00:00,1.0,0.00034149038,0.0,0.0003415381,0.0
295.09668,0.861419,0.0,0.68265676,0.6521319,2014-07-11 07:00:00,1.0,0.00025204406,0.0,0.00025232066,0.0
294.31982,0.835814,0.0,0.39558482,0.72918415,2014-07-11 08:00:00,0.0,0.00016092093,0.0,0.00016106384,9.549569e-08
294.2754,0.802522,0.0,0.2947657,0.7512084,2014-07-11 09:00:00,0.0,2.73693e-05,0.0,2.7292714e-05,0.0
294.1902,0.85787433,0.0,0.3109457,0.79876685,2014-07-11 10:00:00,0.0,0.0,0.0,0.0,0.0
293.90015,0.6864153,0.0,0.50006527,0.47631115,2014-07-11 11:00:00,1.0,0.00012995325,0.0,0.00012941872,5.3452317e-07
293.0735,0.7967244,0.013033811,0.6162857,0.5284771,2014-07-11 12:00:00,1.0,0.0009364791,0.0,0.0009113767,2.5273694e-05
292.79248,0.9715737,0.026505295,0.8766576,0.80895525,2014-07-11 13:00:00,1.0,0.00044925069,0.0,0.0003441011,0.000105150306
292.8147,0.9646451,0.005003199,0.80103475,0.8914488,2014-07-11 14:00:00,1.0,0.0005124002,0.0,0.0003689956,0.00014369079
293.1714,0.89283615,0.08073044,0.65861934,0.7017752,2014-07-11 15:00:00,1.0,0.0004079244,0.0,0.00029493961,0.00011247907
294.03687,0.65671206,0.13619941,0.32566756,0.46745354,2014-07-11 16:00:00,1.0,3.5528254e-05,0.0,4.5360475e-06,3.0677198e-05
295.48804,0.6577686,0.32266307,0.39094955,0.28859848,2014-07-11 17:00:00,0.0,2.3854773e-06,0.0,0.0,2.3854773e-06
297.17163,0.32188207,0.22139025,0.22625291,0.04657172,2014-07-11 18:00:00,0.0,0.0,0.0,0.0,0.0
297.3601,0.5640208,0.47554147,0.28648984,0.017384548,2014-07-11 19:00:00,0.0,0.00022833864,0.0,0.0002282816,0.0
297.76685,0.8001224,0.69473785,0.67167705,0.0,2014-07-11 20:00:00,1.0,0.00023532275,0.0,0.00023345192,1.6035692e-06
298.2168,1.0,1.0,0.7904155,0.0,2014-07-11 21:00:00,1.0,0.00017612368,0.0,0.0001693435,6.961547e-06
298.9629,1.0,1.0,0.5282483,0.0,2014-07-11 22:00:00,1.0,3.736571e-05,0.0,2.5882255e-05,1.14645545e-05
299.0669,1.0,1.0,0.51336765,0.0063285343,2014-07-11 23:00:00,1.0,0.00016157099,0.0,0.00016125599,9.549569e-08
298.9309,0.96965617,0.9621985,0.5042829,0.0,2014-07-12 00:00:00,1.0,1.9071056e-05,0.0,1.9023311e-05,0.0
298.59253,0.7426446,0.714349,0.3929096,0.0,2014-07-12 01:00:00,1.0,1.4961471e-05,0.0,2.806246e-06,1.1907513e-05
297.49634,0.53023905,0.47514617,0.25871783,0.0,2014-07-12 02:00:00,0.0,4.1379724e-05,0.0,3.871099e-05,2.5546587e-06
296.19995,0.24987066,0.1898337,0.049274996,0.062946916,2014-07-12 03:00:00,0.0,0.0,0.0,0.0,0.0
295.58984,0.87147105,0.16734767,0.011031192,0.8564479,2014-07-12 04:00:00,0.0,0.0,0.0,0.0,0.0
295.08862,0.9831002,0.11649656,0.00053172023,0.98256844,2014-07-12 05:00:00,0.0,0.0,0.0,0.0,0.0
294.81714,0.9949968,0.099832594,0.0,0.9949968,2014-07-12 06:00:00,0.0,0.0,0.0,0.0,0.0
294.40527,0.99736434,0.08896917,0.0,0.99736434,2014-07-12 07:00:00,0.0,0.0,0.0,0.0,0.0
294.09375,0.9970973,0.12798196,0.0,0.9970973,2014-07-12 08:00:00,0.0,0.0,0.0,0.0,0.0
293.99854,1.0,0.24813306,0.0026463778,1.0,2014-07-12 09:00:00,0.0,1.9099143e-06,0.0,1.9099143e-06,0.0
293.7854,1.0,0.049038373,0.2764632,1.0,2014-07-12 10:00:00,1.0,2.5783847e-06,0.0,2.5783847e-06,9.549569e-08
293.93628,1.0,0.06997651,0.40699285,1.0,2014-07-12 11:00:00,0.0,5.7297444e-07,0.0,3.8198294e-07,1.9099144e-07
294.36182,1.0,0.13851178,0.19459456,1.0,2014-07-12 12:00:00,1.0,1.9099144e-07,0.0,4.7747868e-08,1.9099144e-07
294.97754,1.0,0.15186512,0.009695005,1.0,2014-07-12 13:00:00,0.0,1.365589e-05,0.0,1.3130664e-05,5.7297444e-07
295.5857,1.0,0.50764066,0.051751938,1.0,2014-07-12 14:00:00,0.0,1.6876424e-05,0.0,9.475516e-06,7.639659e-06
296.16675,1.0,0.675709,0.22847867,1.0,2014-07-12 15:00:00,1.0,6.0491613e-05,0.0,1.896928e-05,4.1665568e-05
296.56885,1.0,0.92569155,0.37955517,0.9957922,2014-07-12 16:00:00,1.0,7.0486625e-05,0.0,0.0,7.0486625e-05
297.16406,1.0,0.89005804,0.65961355,0.92845,2014-07-12 17:00:00,1.0,6.961699e-05,0.0,3.4157474e-06,6.597211e-05
297.36523,0.99675006,0.9634235,0.82069,0.96588534,2014-07-12 18:00:00,1.0,6.1331986e-05,0.0,8.686001e-06,5.2416857e-05
296.86792,0.99629015,0.9268978,0.8608915,0.9775451,2014-07-12 19:00:00,1.0,0.0004947097,0.0,0.00016451356,0.0003302719
295.82935,0.99946827,0.9559024,0.8153015,0.92948157,2014-07-12 20:00:00,1.0,0.0008685475,0.0,0.0004373244,0.00043125194
294.84497,0.9902332,0.6583825,0.80601823,0.9672051,2014-07-12 21:00:00,1.0,0.00049210247,0.0,0.0002504876,0.00024098491
295.69727,0.8896291,0.10012025,0.8380714,0.52522963,2014-07-12 22:00:00,1.0,0.00043568294,0.0,0.0002653543,0.0001701858
296.15747,0.5203385,0.08093512,0.3628124,0.2798726,2014-07-12 23:00:00,1.0,0.00019667271,0.0,0.00017739325,1.9298997e-05
296.8689,0.17212051,0.039989527,0.1526761,0.0,2014-07-13 00:00:00,1.0,3.8962113e-05,0.0,3.9172344e-05,0.0
296.67554,0.37760854,0.033217292,0.36495388,0.0,2014-07-13 01:00:00,0.0,4.6238958e-05,0.0,4.621077e-05,2.2815959e-07
295.42114,0.5599645,0.06719661,0.54914904,0.0021207693,2014-07-13 02:00:00,0.0,2.0448919e-05,0.0,2.0181658e-05,0.0
293.67773,0.4109491,0.030877095,0.40597034,0.0,2014-07-13 03:00:00,0.0,1.0872418e-05,0.0,1.0977206e-05,9.549569e-08
292.9602,0.22578204,0.026217155,0.20785499,0.017418321,2014-07-13 04:00:00,0.0,4.8811407e-06,0.0,4.9381806e-06,0.0
292.15625,0.14056796,0.018433735,0.13950455,0.0010573287,2014-07-13 05:00:00,0.0,0.0,0.0,0.0,0.0
291.58594,0.10194266,0.01173529,0.09467888,0.00053172023,2014-07-13 06:00:00,0.0,0.0,0.0,0.0,0.0
291.32886,0.24465841,0.08125979,0.2336585,0.00053172023,2014-07-13 07:00:00,0.0,9.156541e-05,0.0,9.156541e-05,0.0
291.07715,0.0032139996,0.0,0.0032139996,0.0,2014-07-13 08:00:00,0.0,3.1462087e-06,0.0,3.0507126e-06,0.0
290.8213,0.016739111,0.0,0.016739111,0.0,2014-07-13 09:00:00,0.0,0.0,0.0,0.0,0.0
290.45312,0.0033782488,0.0033782488,0.0,0.0,2014-07-13 10:00:00,0.0,0.0,0.0,0.0,0.0
289.95532,0.0,0.0,0.0,0.0,2014-07-13 11:00:00,0.0,0.0,0.0,0.0,0.0
290.30933,0.0,0.0,0.0,0.0,2014-07-13 12:00:00,0.0,0.0,0.0,0.0,0.0
291.41992,0.047809575,0.047809575,0.0,0.0,2014-07-13 13:00:00,0.0,0.0,0.0,0.0,0.0
292.09912,0.041641377,0.041641377,0.0,0.0,2014-07-13 14:00:00,0.0,0.0,0.0,0.0,0.0
293.9143,0.024255577,0.024255577,0.0,0.0,2014-07-13 15:00:00,0.0,2.1752421e-06,0.0,2.204085e-06,0.0
295.0244,0.042425502,0.031363588,0.023204148,0.0,2014-07-13 16:00:00,0.0,1.0690364e-06,0.0,1.0212889e-06,0.0
296.0796,0.152013,0.116297066,0.07198173,0.0,2014-07-13 17:00:00,0.0,0.0,0.0,0.0,0.0
296.56885,0.80349267,0.03803731,0.7992572,0.0,2014-07-13 18:00:00,0.0,0.0,0.0,0.0,0.0
297.1045,0.89997035,0.030863218,0.89997035,0.0,2014-07-13 19:00:00,0.0,0.0,0.0,0.0,0.0
297.7661,0.85325223,0.012784194,0.8527205,0.0,2014-07-13 20:00:00,0.0,0.0,0.0,0.0,0.0
297.9431,0.63679,0.009489745,0.6357266,0.0,2014-07-13 21:00:00,0.0,0.0,0.0,0.0,0.0
297.73633,0.65807265,0.0,0.65807265,0.0,2014-07-13 22:00:00,0.0,0.0,0.0,0.0,0.0
297.5349,0.5153045,0.0,0.5153045,0.0,2014-07-13 23:00:00,0.0,0.0,0.0,0.0,0.0
297.11914,0.21951246,0.0,0.21951246,0.0,2014-07-14 00:00:00,0.0,0.0,0.0,0.0,0.0
296.0005,0.19201434,0.0,0.19201434,0.0,2014-07-14 01:00:00,0.0,0.0,0.0,0.0,0.0
294.22363,0.2342,0.0,0.2342,0.0,2014-07-14 02:00:00,0.0,0.0,0.0,0.0,0.0
291.77393,0.5566959,0.0,0.5566959,0.0,2014-07-14 03:00:00,0.0,0.0,0.0,0.0,0.0
290.3025,0.5794011,0.0,0.5794011,0.0,2014-07-14 04:00:00,0.0,0.0,0.0,0.0,0.0
289.66675,0.45916212,0.0,0.45916212,0.0,2014-07-14 05:00:00,0.0,0.0,0.0,0.0,0.0
289.42114,0.38547593,0.0,0.38547593,0.0,2014-07-14 06:00:00,0.0,0.0,0.0,0.0,0.0
289.1006,0.20883095,0.0016249504,0.20883095,0.0,2014-07-14 07:00:00,0.0,0.0,0.0,0.0,0.0
288.8352,0.19423074,0.0,0.19423074,0.0,2014-07-14 08:00:00,0.0,0.0,0.0,0.0,0.0
288.3982,0.11420596,0.0,0.11420596,0.0,2014-07-14 09:00:00,0.0,0.0,0.0,0.0,0.0
288.2378,0.238294,0.0713895,0.23666906,0.0,2014-07-14 10:00:00,0.0,0.0,0.0,0.0,0.0
288.38403,0.41018218,0.13669413,0.41018218,0.0,2014-07-14 11:00:00,0.0,0.0,0.0,0.0,0.0
288.8479,0.4269482,0.14900464,0.4032166,0.0,2014-07-14 12:00:00,1.0,8.271482e-05,0.0,8.2925035e-05,0.0
288.4734,0.45922446,0.31016523,0.31268734,0.0,2014-07-14 13:00:00,1.0,0.00039773108,0.0,0.00039191707,5.1464867e-06
288.97192,0.45600533,0.29550976,0.37251723,0.0,2014-07-14 14:00:00,1.0,0.00013336532,0.0,0.00012458682,9.457238e-06
289.3308,0.37106037,0.28031528,0.30723238,0.0,2014-07-14 15:00:00,1.0,5.758174e-05,0.0,5.2270538e-05,4.6529804e-06
290.22876,0.3852411,0.16151154,0.37049454,0.0,2014-07-14 16:00:00,1.0,2.9602365e-05,0.0,2.8867886e-05,5.3452317e-07
290.18848,0.52835464,0.31024897,0.46451426,0.01336024,2014-07-14 17:00:00,1.0,3.16238e-05,0.0,2.295355e-05,8.317759e-06
290.46924,0.6444026,0.44517863,0.5005642,0.05810793,2014-07-14 18:00:00,1.0,2.1208994e-05,0.0,1.5942613e-05,5.5336386e-06
290.3794,0.63815767,0.42749983,0.48583668,0.10549539,2014-07-14 19:00:00,1.0,0.00011876867,0.0,0.000113771486,4.7683807e-06
290.5818,0.71689606,0.3487091,0.6217208,0.24169022,2014-07-14 20:00:00,1.0,0.00011077935,0.0,0.00010611511,5.0362833e-06
290.01855,0.8141029,0.33032775,0.6880938,0.3468244,2014-07-14 21:00:00,1.0,4.2707892e-05,0.0,2.6498237e-05,1.6142018e-05
290.04614,0.74105513,0.40073663,0.48882908,0.46863997,2014-07-14 22:00:00,1.0,5.1029245e-05,0.0,5.0466522e-05,9.536743e-07
290.3606,0.5747122,0.16040993,0.31859952,0.33108765,2014-07-14 23:00:00,1.0,9.3026756e-05,0.0,8.733355e-05,5.6643594e-06
289.6543,0.8482636,0.24204105,0.6410284,0.6150745,2014-07-15 00:00:00,0.0,4.088483e-05,0.0,3.0113399e-05,1.06377975e-05
288.88257,0.31751978,0.17811996,0.19283688,0.08844763,2014-07-15 01:00:00,0.0,2.6099733e-05,0.0,2.3327171e-05,2.8584473e-06
287.98047,0.07673091,0.0730021,0.042582843,0.0,2014-07-15 02:00:00,0.0,0.0,0.0,0.0,0.0
287.41528,0.13334686,0.07294065,0.09508711,0.0,2014-07-15 03:00:00,0.0,0.0,0.0,0.0,0.0
287.07422,0.23622733,0.17702019,0.11046839,0.0,2014-07-15 04:00:00,0.0,1.5061305e-06,0.0,1.2677119e-06,0.0
286.80225,0.24174303,0.24174303,0.0015890491,0.0,2014-07-15 05:00:00,0.0,0.0,0.0,0.0,0.0
286.54395,0.29579574,0.29579574,0.019245744,0.0,2014-07-15 06:00:00,0.0,0.0,0.0,0.0,0.0
286.53247,0.23904657,0.23566103,0.08255625,0.0,2014-07-15 07:00:00,0.0,0.0,0.0,0.0,0.0
286.38696,0.5325896,0.46573043,0.40651804,0.0,2014-07-15 08:00:00,0.0,0.0,0.0,0.0,0.0
286.14404,0.8395455,0.82282555,0.7434937,0.0,2014-07-15 09:00:00,1.0,0.0,0.0,0.0,0.0
286.48877,0.998375,0.998375,0.92062217,0.026309177,2014-07-15 10:00:00,1.0,5.3452317e-07,0.0,5.3452317e-07,0.0
286.67627,0.88215184,0.8730488,0.7452439,0.00053172023,2014-07-15 11:00:00,0.0,1.0690455e-06,0.0,9.354155e-07,0.0
287.00488,0.616081,0.55258197,0.44411778,0.0,2014-07-15 12:00:00,1.0,3.1295576e-06,0.0,3.0340625e-06,0.0
287.63086,0.38813728,0.33753848,0.29483515,0.0,2014-07-15 13:00:00,1.0,4.191511e-07,0.0,1.432436e-07,4.7683716e-07
288.81055,0.5160976,0.37360233,0.4039328,0.0,2014-07-15 14:00:00,1.0,4.388699e-05,0.0,4.3667475e-05,0.0
290.49585,0.44054276,0.3383001,0.35361338,0.0,2014-07-15 15:00:00,1.0,0.00011793547,0.0,0.00011499082,3.107125e-06
291.48218,0.7405052,0.73127156,0.34582663,0.0,2014-07-15 16:00:00,1.0,3.0379088e-05,0.0,2.8339724e-05,2.0207772e-06
291.91382,0.91325027,0.8916122,0.7839857,0.0,2014-07-15 17:00:00,0.0,8.6135784e-05,0.0,8.618353e-05,0.0
292.43408,0.9854711,0.9709386,0.9527466,0.0,2014-07-15 18:00:00,1.0,2.4835434e-05,0.0,2.4844732e-05,0.0
292.94727,0.9435576,0.8488967,0.90334237,0.0,2014-07-15 19:00:00,1.0,4.9858892e-05,0.0,4.9954397e-05,0.0
293.70557,0.9399077,0.83495194,0.9191022,0.0,2014-07-15 20:00:00,0.0,3.2295502e-05,0.0,3.2199998e-05,0.0
294.24927,0.9097048,0.75666094,0.9073338,0.0,2014-07-15 21:00:00,1.0,1.0881455e-05,0.0,1.0700076e-05,0.0
294.46997,0.5892682,0.2170856,0.55454683,0.0044917315,2014-07-15 22:00:00,0.0,2.8809634e-05,0.0,2.8637864e-05,0.0
294.33667,0.63811564,0.04300839,0.63595897,0.0,2014-07-15 23:00:00,0.0,1.6035692e-06,0.0,1.6035692e-06,0.0
294.0498,0.48069918,0.011303067,0.48069918,0.0,2014-07-16 00:00:00,0.0,0.0,0.0,0.0,0.0
293.37427,0.23391336,0.008415531,0.23391336,0.0,2014-07-16 01:00:00,0.0,0.0,0.0,0.0,0.0
291.08057,0.15869993,0.0,0.15869993,0.0,2014-07-16 02:00:00,0.0,0.0,0.0,0.0,0.0
288.5,0.2666549,0.0,0.2666549,0.0,2014-07-16 03:00:00,0.0,0.0,0.0,0.0,0.0
287.78662,0.38004136,0.0,0.38004136,0.0,2014-07-16 04:00:00,0.0,0.0,0.0,0.0,0.0
287.12354,0.43526763,0.0016249504,0.43526763,0.0,2014-07-16 05:00:00,0.0,0.0,0.0,0.0,0.0
286.8777,0.5046722,0.00956155,0.5046722,0.0,2014-07-16 06:00:00,0.0,0.0,0.0,0.0,0.0
286.45044,0.5305788,0.002103883,0.52847487,0.0,2014-07-16 07:00:00,0.0,0.0,0.0,0.0,0.0
286.16943,0.56921405,0.016632695,0.56921405,0.0,2014-07-16 08:00:00,0.0,0.0,0.0,0.0,0.0
285.6526,0.4585213,0.0067320913,0.4585213,0.0,2014-07-16 09:00:00,0.0,0.0,0.0,0.0,0.0
284.76538,0.45089304,0.010535371,0.45089304,0.0,2014-07-16 10:00:00,0.0,0.0,0.0,0.0,0.0
284.34082,0.4548251,0.0,0.4548251,0.0,2014-07-16 11:00:00,0.0,0.0,0.0,0.0,0.0
285.84985,0.4028964,0.0,0.4028964,0.0,2014-07-16 12:00:00,0.0,0.0,0.0,0.0,0.0
288.08447,0.39976865,0.00053172023,0.39976865,0.0,2014-07-16 13:00:00,0.0,0.0,0.0,0.0,0.0
290.29614,0.34865284,0.0,0.34865284,0.0,2014-07-16 14:00:00,0.0,0.0,0.0,0.0,0.0
293.13916,0.34661978,0.00053172023,0.34661978,0.0,2014-07-16 15:00:00,0.0,0.0,0.0,0.0,0.0
294.7705,0.22304267,0.0,0.22304267,0.0,2014-07-16 16:00:00,0.0,1.9099144e-07,0.0,1.9099144e-07,0.0
295.50146,0.1432063,0.07203311,0.14267457,0.0,2014-07-16 17:00:00,0.0,0.0,0.0,0.0,0.0
296.17944,0.26939875,0.14513493,0.23691082,0.0,2014-07-16 18:00:00,0.0,0.0,0.0,0.0,0.0
296.55347,0.50567955,0.0010573287,0.50567955,0.0016249504,2014-07-16 19:00:00,0.0,0.0,0.0,0.0,0.0
296.69653,0.9848524,0.0,0.97938734,0.3122638,2014-07-16 20:00:00,0.0,0.0,0.0,0.0,0.0
297.011,1.0,0.0037288337,0.99946827,0.69080997,2014-07-16 21:00:00,0.0,0.0,0.0,0.0,0.0
297.4441,0.9978961,0.0,0.9570741,0.89554226,2014-07-16 22:00:00,0.0,0.0,0.0,0.0,0.0
297.31958,0.9758529,0.0021566707,0.9758529,0.3683644,2014-07-16 23:00:00,0.0,0.0,0.0,0.0,0.0
297.11035,0.8906305,0.00053172023,0.73070323,0.5119065,2014-07-17 00:00:00,0.0,0.0,0.0,0.0,0.0
295.6648,0.9677916,0.0010573287,0.7700651,0.87042665,2014-07-17 01:00:00,0.0,0.0,0.0,0.0,0.0
293.0066,0.9771475,0.0,0.5767536,0.9322044,2014-07-17 02:00:00,0.0,0.0,0.0,0.0,0.0
290.5498,0.92665213,0.0,0.35897243,0.8920996,2014-07-17 03:00:00,0.0,0.0,0.0,0.0,0.0
289.48706,0.8685394,0.0065956153,0.11871958,0.8406356,2014-07-17 04:00:00,0.0,0.0,0.0,0.0,0.0
288.6582,0.73729676,0.0,0.015025608,0.7328051,2014-07-17 05:00:00,0.0,0.0,0.0,0.0,0.0
288.10986,0.80257285,0.0,0.056359764,0.79531515,2014-07-17 06:00:00,0.0,0.0,0.0,0.0,0.0
287.6455,0.7586818,0.012464233,0.106662035,0.73996043,2014-07-17 07:00:00,0.0,0.0,0.0,0.0,0.0
287.02393,0.509649,0.037932046,0.1587429,0.40995747,2014-07-17 08:00:00,0.0,0.0,0.0,0.0,0.0
286.59473,0.36320585,0.024884231,0.15830195,0.2524051,2014-07-17 09:00:00,0.0,0.0,0.0,0.0,0.0
286.46655,0.4649279,0.11203402,0.36580855,0.1437586,2014-07-17 10:00:00,0.0,0.0,0.0,0.0,0.0
286.06274,0.60558295,0.1466254,0.5960404,0.014250997,2014-07-17 11:00:00,0.0,0.0,0.0,0.0,0.0
286.67798,0.7270622,0.07410109,0.7244327,0.0,2014-07-17 12:00:00,0.0,0.0,0.0,0.0,0.0
288.67236,0.82084435,0.16417462,0.82084435,0.0,2014-07-17 13:00:00,0.0,0.0,0.0,0.0,0.0
291.02124,0.7247201,0.17184252,0.7181414,0.0,2014-07-17 14:00:00,0.0,0.0,0.0,0.0,0.0
294.30273,0.65135497,0.11769229,0.65135497,0.0,2014-07-17 15:00:00,0.0,0.0,0.0,0.0,0.0
296.03076,0.53446656,0.007457666,0.53446656,0.0,2014-07-17 16:00:00,1.0,1.2514421e-05,0.0,1.26285e-05,0.0
296.99463,0.42862928,0.0,0.42862928,0.0,2014-07-17 17:00:00,0.0,3.2612064e-05,0.0,3.2993397e-05,0.0
297.63696,0.6106938,0.048643973,0.61016816,0.0,2014-07-17 18:00:00,0.0,1.9816844e-06,0.0,1.4862635e-06,6.0950106e-07
298.29688,0.74667996,0.0,0.74667996,0.0,2014-07-17 19:00:00,0.0,1.9816844e-06,0.0,1.8676046e-06,0.0
298.90112,0.72802895,0.0037288337,0.72802895,0.0,2014-07-17 20:00:00,0.0,2.4053543e-06,0.0,2.5389845e-06,0.0
299.073,0.78333664,0.0065169036,0.78333664,0.0,2014-07-17 21:00:00,1.0,2.2880477e-06,0.0,2.116928e-06,0.0
299.13477,0.6245095,0.0,0.6245095,0.0,2014-07-17 22:00:00,0.0,3.9698216e-06,0.0,4.1034527e-06,0.0
298.8977,0.45752954,0.0,0.45752954,0.0,2014-07-17 23:00:00,0.0,0.0,0.0,4.7747868e-08,0.0
298.38647,0.45141292,0.0,0.45141292,0.0,2014-07-18 00:00:00,0.0,0.0,0.0,0.0,0.0
296.87573,0.29649955,0.0032499009,0.29649955,0.0,2014-07-18 01:00:00,0.0,0.0,0.0,0.0,0.0
294.53516,0.2603594,0.011203606,0.2603594,0.0,2014-07-18 02:00:00,0.0,0.0,0.0,0.0,0.0
292.72314,0.20459133,0.0037288337,0.20459133,0.0,2014-07-18 03:00:00,0.0,0.0,0.0,0.0,0.0
291.6023,0.054238997,0.0,0.054238997,0.0,2014-07-18 04:00:00,0.0,0.0,0.0,0.0,0.0
291.28516,0.07781845,0.0,0.07781845,0.0,2014-07-18 05:00:00,0.0,0.0,0.0,0.0,0.0
290.6289,0.027296025,0.0,0.027296025,0.0,2014-07-18 06:00:00,0.0,0.0,0.0,0.0,0.0
290.073,0.034887847,0.0,0.034887847,0.0,2014-07-18 07:00:00,0.0,0.0,0.0,0.0,0.0
289.688,0.032633454,0.0,0.032633454,0.0,2014-07-18 08:00:00,0.0,0.0,0.0,0.0,0.0
289.09375,0.013363607,0.0,0.013363607,0.0,2014-07-18 09:00:00,0.0,0.0,0.0,0.0,0.0
288.65747,0.011067092,0.0,0.011067092,0.0,2014-07-18 10:00:00,0.0,0.0,0.0,0.0,0.0
288.28076,0.019755706,0.0,0.019755706,0.0,2014-07-18 11:00:00,0.0,0.0,0.0,0.0,0.0
289.1294,0.06779277,0.0,0.06779277,0.0,2014-07-18 12:00:00,0.0,0.0,0.0,0.0,0.0
290.88965,0.12200135,0.0,0.12200135,0.0,2014-07-18 13:00:00,0.0,0.0,0.0,0.0,0.0
292.7705,0.19548464,0.0,0.19548464,0.0,2014-07-18 14:00:00,0.0,0.0,0.0,0.0,0.0
295.41943,0.34288,0.0052650943,0.34288,0.0,2014-07-18 15:00:00,0.0,0.0,0.0,0.0,0.0
296.87256,0.3746699,0.015734568,0.3746699,0.0,2014-07-18 16:00:00,0.0,3.4698642e-06,0.0,3.3557835e-06,0.0
297.95874,0.45456105,0.010009766,0.45456105,0.0,2014-07-18 17:00:00,1.0,4.1063167e-06,0.0,4.1540643e-06,0.0
298.25,0.645894,0.20802027,0.6336896,0.0,2014-07-18 18:00:00,0.0,1.3363078e-06,0.0,1.6035692e-06,0.0
298.3125,0.5863413,0.14090705,0.58186644,0.0,2014-07-18 19:00:00,0.0,1.9099144e-07,0.0,2.3873935e-07,0.0
298.74,0.69458675,0.1870609,0.69222194,0.0,2014-07-18 20:00:00,0.0,3.2250537e-06,0.0,3.1295576e-06,0.0
299.1853,0.65833145,0.060345214,0.65674245,0.0,2014-07-18 21:00:00,0.0,5.984147e-06,0.0,6.270314e-06,0.0
298.95728,0.45808047,0.21662194,0.43494433,0.020765156,2014-07-18 22:00:00,0.0,6.235382e-06,0.0,6.330877e-06,0.0
298.8037,0.3631003,0.099259555,0.25762588,0.17551321,2014-07-18 23:00:00,0.0,3.1693198e-06,0.0,3.2170674e-06,0.0
298.09082,0.8409605,0.0023709626,0.35196078,0.72794616,2014-07-19 00:00:00,0.0,3.318616e-06,0.0,3.318616e-06,0.0
296.96753,0.96445215,0.0026356035,0.3744672,0.9317867,2014-07-19 01:00:00,0.0,0.0,0.0,0.0,0.0
295.88354,0.9446878,0.01998901,0.29379463,0.912742,2014-07-19 02:00:00,0.0,0.0,0.0,0.0,0.0
294.99976,0.9685066,0.031840764,0.22390676,0.9619002,2014-07-19 03:00:00,0.0,5.3452317e-07,0.0,0.0,5.3452317e-07
294.41284,0.9639618,0.010009766,0.22354525,0.94944394,2014-07-19 04:00:00,0.0,0.0,0.0,0.0,0.0
293.95874,0.79849,0.059231326,0.21359307,0.73038226,2014-07-19 05:00:00,0.0,0.0,0.0,0.0,0.0
293.38525,0.7628697,0.089751184,0.18669862,0.70446396,2014-07-19 06:00:00,1.0,0.0,0.0,0.0,0.0
293.18213,0.7180121,0.18343693,0.3622793,0.50748605,2014-07-19 07:00:00,0.0,0.0,0.0,0.0,0.0
292.81934,0.68782514,0.20820397,0.54991794,0.23646933,2014-07-19 08:00:00,0.0,0.0,0.0,0.0,0.0
292.5525,0.8241774,0.30170888,0.80566233,0.037257753,2014-07-19 09:00:00,0.0,0.0,0.0,0.0,0.0
292.62085,0.6304275,0.090253055,0.5401705,0.18224245,2014-07-19 10:00:00,0.0,0.0,0.0,0.0,0.0
292.54272,0.65964043,0.106166065,0.48244852,0.2892176,2014-07-19 11:00:00,0.0,0.0,0.0,0.0,0.0
292.88892,0.56837314,0.1234169,0.4114778,0.2552697,2014-07-19 12:00:00,0.0,0.0,0.0,0.0,0.0
293.386,0.8710313,0.13071972,0.5403384,0.76393455,2014-07-19 13:00:00,0.0,0.0,0.0,0.0,0.0
294.62524,0.99629015,0.26789474,0.7547163,0.9852456,2014-07-19 14:00:00,0.0,0.0,0.0,0.0,0.0
295.8672,0.99675006,0.7145252,0.94908273,0.9513649,2014-07-19 15:00:00,0.0,0.0,0.0,0.0,0.0
296.59668,1.0,0.7716526,0.96254057,0.9685375,2014-07-19 16:00:00,0.0,0.0,0.0,0.0,0.0
297.22095,1.0,0.77323675,1.0,0.9424376,2014-07-19 17:00:00,0.0,9.878937e-06,0.0,9.888228e-06,0.0
298.031,0.9966217,0.76777154,0.9804477,0.4461398,2014-07-19 18:00:00,0.0,4.876146e-05,0.0,4.8742557e-05,9.549569e-08
298.40112,0.82913196,0.41220188,0.80578244,0.079197586,2014-07-19 19:00:00,0.0,2.6325579e-05,0.0,2.6277834e-05,0.0
298.94238,0.86389065,0.2619468,0.8565336,0.0021207693,2014-07-19 20:00:00,1.0,6.300189e-07,0.0,6.300189e-07,0.0
299.573,0.6239902,0.22502983,0.55379915,0.031532653,2014-07-19 21:00:00,1.0,5.4521355e-05,0.0,5.4521355e-05,0.0
298.95825,0.8384928,0.6474667,0.6976849,0.11699939,2014-07-19 22:00:00,0.0,0.00021601586,0.0,0.00021620654,0.0
299.0913,0.8452544,0.7396606,0.6685326,0.16406149,2014-07-19 23:00:00,0.0,2.6191628e-05,0.0,2.6191628e-05,0.0
298.77148,0.9191323,0.7218322,0.6715869,0.6333689,2014-07-20 00:00:00,1.0,0.0,0.0,0.0,0.0
297.86572,0.88935035,0.8104361,0.7384704,0.19321513,2014-07-20 01:00:00,0.0,1.015594e-05,0.0,1.0289571e-05,0.0
296.8213,0.8182181,0.3888144,0.75286865,0.32308644,2014-07-20 02:00:00,0.0,2.1648186e-05,0.0,2.1781816e-05,0.0
295.83472,0.76757216,0.40584308,0.5932878,0.34906793,2014-07-20 03:00:00,0.0,3.848567e-05,0.0,3.86193e-05,0.0
295.49,0.6474345,0.40661478,0.57943237,0.0,2014-07-20 04:00:00,0.0,7.750586e-06,0.0,7.884217e-06,0.0
295.18726,0.5142691,0.406258,0.42946655,0.0032499009,2014-07-20 05:00:00,1.0,2.6726156e-07,0.0,2.6726156e-07,0.0
294.86377,0.5691837,0.44276923,0.36506927,0.1568349,2014-07-20 06:00:00,1.0,3.741662e-06,0.0,3.741662e-06,0.0
294.48608,0.77715486,0.4204818,0.37769872,0.53905797,2014-07-20 07:00:00,0.0,7.032676e-06,0.0,6.899045e-06,0.0
294.36206,0.9891773,0.2755478,0.28339452,0.9746892,2014-07-20 08:00:00,1.0,2.9768213e-05,0.0,2.9691626e-05,0.0
293.82812,0.9774555,0.35181296,0.16066217,0.97047675,2014-07-20 09:00:00,1.0,9.0746125e-06,0.0,8.807351e-06,0.0
294.33203,0.95279074,0.6010128,0.04468054,0.90210515,2014-07-20 10:00:00,1.0,9.418795e-06,0.0,9.523583e-06,0.0
294.20044,0.41333246,0.40891516,0.021233283,0.010692101,2014-07-20 11:00:00,1.0,1.1651724e-05,0.0,1.1546937e-05,0.0
294.30933,0.3146593,0.18584728,0.0029026829,0.16203958,2014-07-20 12:00:00,1.0,8.639453e-06,0.0,8.076733e-06,3.813414e-07
295.2163,0.7454163,0.09715617,0.0023709626,0.7137281,2014-07-20 13:00:00,0.0,1.658671e-06,0.0,1.6298272e-06,0.0
296.47656,0.39646262,0.09648585,0.0,0.33684158,2014-07-20 14:00:00,0.0,7.626828e-07,0.0,5.9091695e-07,0.0
298.33447,0.27413297,0.076613426,0.027363174,0.17015636,2014-07-20 15:00:00,0.0,0.0,0.0,1.0478777e-07,0.0
299.8291,0.12245405,0.04017254,0.0033782488,0.08227426,2014-07-20 16:00:00,0.0,0.0,0.0,0.0,0.0
301.17847,0.08957952,0.003909968,0.007905882,0.07778078,2014-07-20 17:00:00,0.0,0.0,0.0,0.0,0.0
302.14233,0.17622662,0.042006955,0.0033782488,0.15306783,2014-07-20 18:00:00,0.0,0.0,0.0,0.0,0.0
302.5984,0.14991176,0.045897074,0.0,0.10688686,2014-07-20 19:00:00,0.0,0.0,0.0,0.0,0.0
303.1399,0.20763385,0.04591928,0.0,0.16171455,2014-07-20 20:00:00,0.0,0.0,0.0,0.0,0.0
303.15234,0.40522677,0.40522677,0.0032499009,0.0,2014-07-20 21:00:00,0.0,0.0,0.0,0.0,0.0
302.6643,0.51090926,0.51090926,0.0026356035,0.0,2014-07-20 22:00:00,0.0,0.0,0.0,0.0,0.0
302.21094,0.8557156,0.85519,0.0015890491,0.0,2014-07-20 23:00:00,0.0,0.0,0.0,0.0,0.0
301.51392,0.77874666,0.77874666,0.028941449,0.0,2014-07-21 00:00:00,0.0,0.0,0.0,0.0,0.0
300.92456,0.6773783,0.6773783,0.0057992525,0.0,2014-07-21 01:00:00,0.0,0.0,0.0,0.0,0.0
300.13623,0.6409764,0.6409764,0.0034282913,0.0,2014-07-21 02:00:00,0.0,0.0,0.0,0.0,0.0
299.30835,0.6564816,0.6564816,0.0,0.0,2014-07-21 03:00:00,0.0,0.0,0.0,0.0,0.0
298.72534,0.54419863,0.54419863,0.0,0.0,2014-07-21 04:00:00,0.0,0.0,0.0,0.0,0.0
298.54272,0.47039092,0.47039092,0.0,0.0,2014-07-21 05:00:00,0.0,8.017848e-07,0.0,0.0,8.017848e-07
298.16382,0.30812192,0.30812192,0.0,0.0,2014-07-21 06:00:00,0.0,0.0,0.0,0.0,0.0
297.83154,0.2666325,0.2666325,0.0,0.0,2014-07-21 07:00:00,0.0,0.0,0.0,0.0,0.0
297.4021,0.2103197,0.2103197,0.0,0.0,2014-07-21 08:00:00,0.0,0.0,0.0,0.0,0.0
297.08228,0.15566963,0.15566963,0.0,0.0,2014-07-21 09:00:00,1.0,0.0,0.0,0.0,0.0
296.8662,0.17723113,0.17723113,0.0,0.0,2014-07-21 10:00:00,1.0,0.0,0.0,0.0,0.0
296.4231,0.08179265,0.0785256,0.0,0.0032499009,2014-07-21 11:00:00,1.0,0.0,0.0,0.0,1.14079796e-07
296.30908,0.10056758,0.09894264,0.0,0.0016249504,2014-07-21 12:00:00,1.0,0.0,0.0,0.0,0.0
297.04907,0.10094923,0.07873994,0.0,0.02220932,2014-07-21 13:00:00,1.0,0.0,0.0,0.0,0.0
298.09375,0.07554281,0.07554281,0.0,0.0,2014-07-21 14:00:00,0.0,0.0,0.0,0.0,0.0
300.09888,0.11347824,0.11347824,0.0,0.0,2014-07-21 15:00:00,0.0,0.0,0.0,0.0,0.0
301.21875,0.052616175,0.052616175,0.0,0.0,2014-07-21 16:00:00,0.0,0.0,0.0,0.0,0.0
302.4922,0.0021207693,0.0021207693,0.0,0.0,2014-07-21 17:00:00,0.0,0.0,0.0,0.0,0.0
303.65625,0.0029026829,0.0029026829,0.0,0.0,2014-07-21 18:00:00,0.0,0.0,0.0,0.0,0.0
304.3557,0.5173379,0.5173379,0.0,0.0,2014-07-21 19:00:00,1.0,0.0,0.0,0.0,0.0
305.13672,0.9802324,0.9802324,0.0,0.0,2014-07-21 20:00:00,1.0,3.813414e-07,0.0,3.813414e-07,0.0
305.4148,1.0,1.0,0.0,0.0,2014-07-21 21:00:00,0.0,9.158646e-07,0.0,7.7294175e-07,0.0
304.55835,0.91235435,0.91235435,0.0,0.054331176,2014-07-21 22:00:00,0.0,3.741662e-06,0.0,3.8752924e-06,0.0
303.9668,0.9214155,0.86273074,0.0142199695,0.3226201,2014-07-21 23:00:00,0.0,1.3741173e-06,0.0,3.050713e-07,1.0690455e-06
303.25513,0.97169083,0.827569,0.014156293,0.81820565,2014-07-22 00:00:00,0.0,9.152139e-07,0.0,1.9099144e-07,6.101426e-07
302.61133,0.99609,0.74797183,0.14637434,0.9631744,2014-07-22 01:00:00,1.0,0.0,0.0,0.0,0.0
301.81006,0.97580653,0.46552527,0.12402117,0.95885056,2014-07-22 02:00:00,0.0,1.3363079e-05,0.0,1.3630341e-05,0.0
300.85938,0.81979114,0.008651894,0.008732032,0.81979114,2014-07-22 03:00:00,0.0,9.92125e-07,0.0,1.3548824e-06,0.0
300.667,0.8699806,0.00053172023,0.15388167,0.86835563,2014-07-22 04:00:00,1.0,0.0,0.0,0.0,0.0
300.14185,0.80011046,0.0,0.033422064,0.7977395,2014-07-22 05:00:00,0.0,0.0,0.0,0.0,0.0
299.7981,0.726969,0.013471484,0.0,0.72359073,2014-07-22 06:00:00,0.0,0.0,0.0,0.0,0.0
298.94897,0.7311161,0.0,0.0,0.7311161,2014-07-22 07:00:00,0.0,0.0,0.0,0.0,0.0
298.43115,0.37618947,0.0,0.0,0.37618947,2014-07-22 08:00:00,0.0,0.0,0.0,0.0,0.0
298.18848,0.028970163,0.007107079,0.0,0.02186308,2014-07-22 09:00:00,1.0,0.0,0.0,0.0,0.0
297.9624,0.013363607,0.013363607,0.0,0.0,2014-07-22 10:00:00,0.0,0.0,0.0,0.0,0.0
297.2976,0.016260177,0.016260177,0.0,0.0,2014-07-22 11:00:00,0.0,0.0,0.0,0.0,0.0
297.0354,0.051562145,0.023677502,0.02788464,0.004207764,2014-07-22 12:00:00,0.0,0.0,0.0,0.0,0.0
296.96484,0.015035234,0.01266427,0.0,0.0023709626,2014-07-22 13:00:00,0.0,0.0,0.0,0.0,0.0
297.14746,0.2944798,0.17466235,0.0,0.12400198,2014-07-22 14:00:00,0.0,0.0,0.0,0.0,0.0
297.95776,0.55589676,0.41538036,0.0,0.25672692,2014-07-22 15:00:00,0.0,0.0,0.0,0.0,0.0
298.7439,0.750771,0.65391773,0.0,0.25902355,2014-07-22 16:00:00,0.0,0.0,0.0,0.0,0.0
299.6228,0.6548648,0.6548648,0.0,0.0,2014-07-22 17:00:00,0.0,0.0,0.0,0.0,0.0
300.33325,0.39103574,0.39103574,0.0,0.0,2014-07-22 18:00:00,0.0,0.0,0.0,0.0,0.0
300.96558,0.3221482,0.3221482,0.0,0.0,2014-07-22 19:00:00,0.0,0.0,0.0,0.0,0.0
301.46338,0.4121241,0.4121241,0.0,0.0,2014-07-22 20:00:00,0.0,0.0,0.0,0.0,0.0
301.50732,0.31020278,0.30695283,0.0032499009,0.0032499009,2014-07-22 21:00:00,0.0,0.0,0.0,0.0,0.0
301.55908,0.3223691,0.31027985,0.009478044,0.02510349,2014-07-22 22:00:00,0.0,0.0,0.0,0.0,0.0
301.1184,0.16392374,0.16392374,0.006099794,0.0,2014-07-22 23:00:00,0.0,0.0,0.0,0.0,0.0
300.19385,0.12498236,0.12498236,0.004474845,0.0,2014-07-23 00:00:00,0.0,0.0,0.0,0.0,0.0
298.89185,0.08452296,0.045067232,0.0,0.03945573,2014-07-23 01:00:00,0.0,0.0,0.0,0.0,0.0
296.6233,0.0573092,0.0,0.0,0.0573092,2014-07-23 02:00:00,0.0,0.0,0.0,0.0,0.0
294.34766,0.05208286,0.0033782488,0.0,0.04871191,2014-07-23 03:00:00,0.0,0.0,0.0,0.0,0.0
293.2129,0.042775612,0.042775612,0.0,0.0,2014-07-23 04:00:00,0.0,0.0,0.0,0.0,0.0
292.4585,0.05861806,0.05861806,0.0,0.0,2014-07-23 05:00:00,0.0,0.0,0.0,0.0,0.0
291.68115,0.14818227,0.14818227,0.0,0.0,2014-07-23 06:00:00,0.0,0.0,0.0,0.0,0.0
291.011,0.17675447,0.17675447,0.0,0.0,2014-07-23 07:00:00,0.0,0.0,0.0,0.0,0.0
290.17578,0.11177653,0.11177653,0.0,0.0,2014-07-23 08:00:00,0.0,0.0,0.0,0.0,0.0
288.96875,0.61273515,0.08229393,0.0,0.55221695,2014-07-23 09:00:00,0.0,0.0,0.0,0.0,0.0
288.95654,0.043911837,0.043911837,0.0,0.0,2014-07-23 10:00:00,0.0,0.0,0.0,0.0,0.0
288.24023,0.011048079,0.007669829,0.0,0.0033782488,2014-07-23 11:00:00,0.0,0.0,0.0,0.0,0.0
289.3733,0.056254506,0.013716839,0.0,0.042537667,2014-07-23 12:00:00,0.0,0.0,0.0,0.0,0.0
291.9099,0.22597414,0.0015890491,0.0,0.22438508,2014-07-23 13:00:00,0.0,0.0,0.0,0.0,0.0
293.99365,0.10929936,0.0,0.0,0.10929936,2014-07-23 14:00:00,0.0,0.0,0.0,0.0,0.0
296.46436,0.00832114,0.0015890491,0.0,0.0067320913,2014-07-23 15:00:00,0.0,0.0,0.0,0.0,0.0
297.72168,0.28908736,0.27424365,0.0,0.01821097,2014-07-23 16:00:00,0.0,0.0,0.0,0.0,0.0
298.562,0.65478563,0.40163088,0.59864134,0.034577463,2014-07-23 17:00:00,0.0,0.0,0.0,0.0,0.0
299.22485,0.7446243,0.032681055,0.7307312,0.0768944,2014-07-23 18:00:00,0.0,0.0,0.0,0.0,0.0
299.69897,0.7914088,0.003909968,0.74520695,0.20446378,2014-07-23 19:00:00,0.0,0.0,0.0,0.0,0.0
300.3689,0.6489092,0.005298864,0.6489092,0.0023709626,2014-07-23 20:00:00,0.0,0.0,0.0,0.0,0.0
300.25708,0.5600928,0.0010573287,0.5600928,0.0,2014-07-23 21:00:00,0.0,0.0,0.0,0.0,0.0
300.37378,0.21300274,0.0,0.21300274,0.0,2014-07-23 22:00:00,0.0,0.0,0.0,0.0,0.0
299.96265,0.17463338,0.009939872,0.17463338,0.0,2014-07-23 23:00:00,0.0,0.0,0.0,0.0,0.0
299.146,0.06633371,0.009367693,0.06633371,0.0,2014-07-24 00:00:00,0.0,0.0,0.0,0.0,0.0
297.8081,0.10502809,0.011259723,0.10502809,0.0,2014-07-24 01:00:00,0.0,0.0,0.0,0.0,0.0
295.55225,0.07814962,0.029136162,0.07478845,0.0,2014-07-24 02:00:00,0.0,0.0,0.0,0.0,0.0
292.5608,0.02209808,0.0100932345,0.02209808,0.0,2014-07-24 03:00:00,0.0,0.0,0.0,0.0,0.0
290.86646,0.0033782488,0.0,0.0033782488,0.0,2014-07-24 04:00:00,0.0,0.0,0.0,0.0,0.0
289.6814,0.0,0.0,0.0,0.0,2014-07-24 05:00:00,0.0,0.0,0.0,0.0,0.0
288.87402,0.0,0.0,0.0,0.0,2014-07-24 06:00:00,0.0,0.0,0.0,0.0,0.0
288.25415,0.08707446,0.07893264,0.0,0.008141857,2014-07-24 07:00:00,0.0,0.0,0.0,0.0,0.0
287.8789,0.055039924,0.053414974,0.0,0.0016249504,2014-07-24 08:00:00,0.0,0.0,0.0,0.0,0.0
287.25952,0.1270023,0.12327343,0.0,0.007107079,2014-07-24 09:00:00,0.0,0.0,0.0,0.0,0.0
287.48096,0.20756924,0.15017945,0.0,0.091047704,2014-07-24 10:00:00,0.0,0.0,0.0,0.0,0.0
287.15894,0.24061698,0.22741008,0.0,0.018931683,2014-07-24 11:00:00,0.0,0.0,0.0,0.0,0.0
288.32593,0.018294785,0.018294785,0.0,0.0,2014-07-24 12:00:00,0.0,0.0,0.0,0.0,0.0
290.99707,0.64901495,0.058823626,0.0033782488,0.62288153,2014-07-24 13:00:00,0.0,0.0,0.0,0.0,0.0
293.48608,0.6735116,0.06452012,0.0,0.65419084,2014-07-24 14:00:00,0.0,0.0,0.0,0.0,0.0
296.55005,0.79463196,0.025601711,0.0,0.7821006,2014-07-24 15:00:00,0.0,0.0,0.0,0.0,0.0
298.3208,0.9136079,0.3240431,0.0,0.86284715,2014-07-24 16:00:00,0.0,0.0,0.0,0.0,0.0
299.07568,0.7313316,0.31171906,0.0,0.574315,2014-07-24 17:00:00,0.0,0.0,0.0,0.0,0.0
299.5923,0.9978792,0.17449492,0.00053172023,0.9978792,2014-07-24 18:00:00,0.0,0.0,0.0,0.0,0.0
299.9065,1.0,0.08443099,0.04696962,1.0,2014-07-24 19:00:00,0.0,0.0,0.0,0.0,0.0
299.29004,1.0,0.018083282,0.5300772,1.0,2014-07-24 20:00:00,0.0,0.0,0.0,0.0,0.0
298.375,1.0,0.0,0.7399274,1.0,2014-07-24 21:00:00,0.0,0.0,0.0,0.0,0.0
298.18652,1.0,0.0,0.53173083,1.0,2014-07-24 22:00:00,1.0,8.017848e-07,0.0,0.0,8.017848e-07
297.76733,0.995108,0.0067320913,0.13170546,0.995108,2014-07-24 23:00:00,0.0,0.00021762885,0.0,0.000103563856,0.0001143127
297.59058,0.31683517,0.0,0.0,0.31683517,2014-07-25 00:00:00,0.0,1.2005557e-05,0.0,0.0,1.2005557e-05
296.85693,0.08500731,0.0800007,0.0,0.005006563,2014-07-25 01:00:00,0.0,6.7724986e-06,0.0,6.7154588e-06,0.0
295.3098,0.06394732,0.04733384,0.011606943,0.005006563,2014-07-25 02:00:00,0.0,1.3650087e-05,0.0,1.3783718e-05,0.0
293.60034,0.023460776,0.016721383,0.015096433,0.0,2014-07-25 03:00:00,0.0,0.00059456634,0.0,0.00059464294,0.0
292.97827,0.12661678,0.0033782488,0.01998901,0.113253176,2014-07-25 04:00:00,0.0,0.0,0.0,0.0,0.0
292.896,0.4052791,0.0,0.005006563,0.40027255,2014-07-25 05:00:00,0.0,0.0,0.0,0.0,0.0
292.96875,0.95918953,0.0,0.0044355765,0.95918953,2014-07-25 06:00:00,0.0,0.0,0.0,0.0,0.0
293.08667,0.810526,0.0,0.11762911,0.7828587,2014-07-25 07:00:00,0.0,0.0,0.0,0.0,0.0
293.43677,0.66455716,0.005902607,0.20887804,0.5850049,2014-07-25 08:00:00,0.0,0.0,0.0,0.0,0.0
293.5083,1.0,0.040008545,0.9663347,0.9739971,2014-07-25 09:00:00,0.0,0.0,0.0,0.0,0.0
292.7102,1.0,0.40099168,0.58972144,1.0,2014-07-25 10:00:00,1.0,0.0009903149,0.0,0.0009824785,7.5691414e-06
291.65308,1.0,0.06049215,0.3746506,1.0,2014-07-25 11:00:00,1.0,0.001101617,0.0,0.0010703104,3.1420685e-05
291.2588,0.9952605,0.26083106,0.10327381,0.9952605,2014-07-25 12:00:00,1.0,0.00021013849,0.0,3.5142424e-05,0.00017490056
291.67578,1.0,0.7540815,0.8252691,1.0,2014-07-25 13:00:00,1.0,4.3993277e-05,0.0,0.0,4.3993277e-05
292.23706,1.0,0.9496699,0.9156004,0.9925423,2014-07-25 14:00:00,1.0,0.00024206133,0.0,0.00017203226,7.000021e-05
293.45264,0.51560867,0.46262002,0.07406986,0.12602872,2014-07-25 15:00:00,0.0,6.785941e-06,0.0,0.0,6.4046e-06
295.55542,0.009893302,0.0067320913,0.0,0.003161212,2014-07-25 16:00:00,0.0,0.0,0.0,0.0,0.0
296.6482,0.0096896775,0.003909968,0.0,0.0057968125,2014-07-25 17:00:00,0.0,0.0,0.0,0.0,0.0
297.73267,0.07592851,0.07324618,0.033068895,0.00053172023,2014-07-25 18:00:00,0.0,0.0,0.0,0.0,0.0
298.86816,0.16960114,0.09455985,0.12090361,0.0,2014-07-25 19:00:00,0.0,0.0,0.0,0.0,0.0
299.18823,0.5913195,0.39793366,0.24607337,0.0,2014-07-25 20:00:00,0.0,0.0,0.0,4.7747868e-08,0.0
299.27637,0.9471347,0.91697764,0.21679944,0.014631897,2014-07-25 21:00:00,0.0,0.0,0.0,4.7747868e-08,0.0
299.08472,0.9583564,0.95466346,0.15042526,0.020364895,2014-07-25 22:00:00,0.0,9.086893e-06,0.0,9.086893e-06,0.0
298.83154,1.0,0.9966217,0.28836483,0.005273644,2014-07-25 23:00:00,0.0,9.549569e-08,0.0,1.0478777e-07,0.0
298.5879,0.99026,0.99026,0.510239,0.0,2014-07-26 00:00:00,0.0,2.726067e-05,0.0,2.726067e-05,0.0
297.98706,0.9586257,0.9586257,0.40535504,0.0,2014-07-26 01:00:00,0.0,0.0,0.0,0.0,0.0
297.3723,0.99364376,0.99364376,0.47994083,0.0,2014-07-26 02:00:00,0.0,0.0,0.0,0.0,0.0
297.08716,1.0,1.0,0.8668808,0.0065169036,2014-07-26 03:00:00,1.0,4.7683716e-07,0.0,6.2008075e-07,0.0
296.66504,1.0,1.0,0.9425109,0.02315297,2014-07-26 04:00:00,1.0,1.2397747e-05,0.0,1.2264117e-05,0.0
296.44116,1.0,1.0,0.67315304,0.0,2014-07-26 05:00:00,0.0,1.5563186e-05,0.0,1.6040023e-05,0.0
296.04688,0.99675006,0.99675006,0.27090454,0.0,2014-07-26 06:00:00,0.0,4.5389097e-06,0.0,4.6340847e-06,0.0
295.68945,0.9593676,0.9593676,0.060914785,0.0,2014-07-26 07:00:00,1.0,4.3306936e-05,0.0,1.1070829e-05,3.19884e-05
295.34424,0.6530821,0.6530821,0.007789418,0.0,2014-07-26 08:00:00,1.0,5.8912174e-06,0.0,2.7363494e-06,2.8783143e-06
294.99023,0.3028205,0.3004495,0.0023709626,0.0,2014-07-26 09:00:00,0.0,1.5638161e-06,0.0,2.864872e-07,1.2773289e-06
294.35522,0.17166084,0.08354187,0.0,0.099454045,2014-07-26 10:00:00,0.0,2.864872e-07,0.0,9.549569e-08,1.9099144e-07
293.86328,0.42326498,0.00970922,0.0,0.41751575,2014-07-26 11:00:00,0.0,1.9099144e-07,0.0,0.0,1.9099144e-07
294.24414,0.3767836,0.0010573287,0.0,0.3767836,2014-07-26 12:00:00,0.0,0.0,0.0,0.0,0.0
295.12695,0.09482348,0.0,0.03761157,0.08634651,2014-07-26 13:00:00,0.0,0.0,0.0,0.0,0.0
296.4619,0.04213034,0.02359347,0.0,0.018542979,2014-07-26 14:00:00,0.0,0.0,0.0,0.0,0.0
298.04346,0.12815523,0.036285516,0.0,0.094003916,2014-07-26 15:00:00,0.0,0.0,0.0,0.0,0.0
298.99268,0.2532953,0.018973596,0.012144364,0.232449,2014-07-26 16:00:00,0.0,0.0,0.0,0.0,0.0
299.66797,0.30397773,0.0034282913,0.0037098185,0.3000177,2014-07-26 17:00:00,0.0,0.0,0.0,0.0,0.0
300.45166,0.17990106,0.0,0.06929535,0.1379649,2014-07-26 18:00:00,0.0,0.0,0.0,0.0,0.0
301.2771,0.14850122,0.061796106,0.0065394603,0.08844042,2014-07-26 19:00:00,0.0,2.6726157e-06,0.0,2.806246e-06,0.0
302.20972,0.4760257,0.14399207,0.01709488,0.38822812,2014-07-26 20:00:00,0.0,5.718178e-06,0.0,5.2987016e-06,0.0
302.92603,0.8024357,0.058776163,0.18651265,0.7868308,2014-07-26 21:00:00,0.0,6.414278e-06,0.0,6.2806466e-06,0.0
303.18018,0.7144645,0.08319932,0.269724,0.64971757,2014-07-26 22:00:00,0.0,9.591166e-06,0.0,9.457535e-06,0.0
302.44092,0.20145184,0.09483802,0.15351021,0.046430256,2014-07-26 23:00:00,0.0,0.00015149449,0.0,0.00015168516,0.0
301.78857,0.19869298,0.12465596,0.12164712,0.059235193,2014-07-27 00:00:00,0.0,0.0,0.0,0.0,0.0
300.4458,0.12025607,0.045859896,0.11788511,0.0057492107,2014-07-27 01:00:00,1.0,0.0,0.0,0.0,0.0
298.82495,0.18037176,0.0,0.18037176,0.0,2014-07-27 02:00:00,0.0,0.0,0.0,0.0,0.0
296.8423,0.29527605,0.002103883,0.29527605,0.0,2014-07-27 03:00:00,1.0,0.0,0.0,0.0,0.0
296.07446,0.21144807,0.006280929,0.20518422,0.0,2014-07-27 04:00:00,0.0,0.0,0.0,0.0,0.0
295.59985,0.018452957,0.0010573287,0.018452957,0.0,2014-07-27 05:00:00,0.0,0.0,0.0,0.0,0.0
294.88867,0.0016249504,0.0,0.0016249504,0.0,2014-07-27 06:00:00,0.0,0.0,0.0,0.0,0.0
294.2932,0.008732032,0.008732032,0.005003199,0.0,2014-07-27 07:00:00,0.0,0.0,0.0,0.0,0.0
293.48877,0.0,0.0,0.0,0.0,2014-07-27 08:00:00,0.0,0.0,0.0,0.0,0.0
292.71313,0.030338109,0.030338109,0.0,0.0,2014-07-27 09:00:00,0.0,0.0,0.0,0.0,0.0
292.08105,0.061009638,0.056134786,0.018498838,0.0,2014-07-27 10:00:00,0.0,0.0,0.0,0.0,0.0
291.63013,0.2002762,0.10895139,0.17458814,0.0,2014-07-27 11:00:00,0.0,0.0,0.0,0.0,0.0
291.83154,0.35568684,0.19076163,0.3152027,0.0,2014-07-27 12:00:00,1.0,2.2074179e-05,0.0,2.2189226e-05,0.0
292.1057,0.37765437,0.21475625,0.32776934,0.0,2014-07-27 13:00:00,1.0,6.0250735e-05,0.0,6.012639e-05,0.0
292.34937,0.5481744,0.42257392,0.44338226,0.0,2014-07-27 14:00:00,1.0,3.6513477e-05,0.0,3.346881e-05,2.939877e-06
293.14014,0.48031747,0.3343076,0.40042198,0.0,2014-07-27 15:00:00,1.0,0.00013838425,0.0,0.00013269104,5.3785134e-06
294.20044,0.38407093,0.2589602,0.30066234,0.0,2014-07-27 16:00:00,1.0,0.00010551739,0.0,0.00010220548,3.4737495e-06
295.0244,0.4832728,0.37606174,0.38643402,0.0,2014-07-27 17:00:00,1.0,0.00015972376,0.0,0.0001536345,6.3847237e-06
295.86035,0.43000883,0.18483531,0.39990944,0.0,2014-07-27 18:00:00,1.0,0.0002486976,0.0,0.00023169247,1.6909733e-05
297.08423,0.47378802,0.2503158,0.456963,0.0,2014-07-27 19:00:00,0.0,6.388471e-05,0.0,6.374178e-05,0.0
297.28564,0.5505377,0.100223064,0.53976506,0.0,2014-07-27 20:00:00,1.0,4.420083e-05,0.0,4.4286717e-05,0.0
296.91528,0.60662246,0.30210382,0.5730272,0.0,2014-07-27 21:00:00,1.0,5.365834e-05,0.0,5.355355e-05,0.0
295.8213,0.9397386,0.16314548,0.9392129,0.0,2014-07-27 22:00:00,0.0,2.3708068e-05,0.0,2.3889443e-05,0.0
295.04248,0.9368842,0.14187372,0.9368842,0.0,2014-07-27 23:00:00,0.0,8.5946164e-07,0.0,8.5946164e-07,0.0
294.24585,0.7438909,0.1475023,0.7304438,0.0,2014-07-28 00:00:00,0.0,0.0,0.0,0.0,0.0
293.33154,0.47567958,0.07667166,0.4682219,0.0,2014-07-28 01:00:00,0.0,0.0,0.0,0.0,0.0
291.9619,0.28285474,0.115958035,0.2812298,0.0,2014-07-28 02:00:00,0.0,0.0,0.0,0.0,0.0
291.17773,0.3578214,0.28441888,0.34024614,0.0,2014-07-28 03:00:00,0.0,0.0,0.0,0.0,0.0
290.67505,0.80876523,0.70885414,0.78772223,0.0,2014-07-28 04:00:00,0.0,0.0,0.0,0.0,0.0
290.34692,0.973964,0.9454693,0.9696863,0.0,2014-07-28 05:00:00,0.0,3.741662e-06,0.0,3.608031e-06,0.0
290.1797,0.91866714,0.86490226,0.9133935,0.0,2014-07-28 06:00:00,0.0,3.627573e-07,0.0,3.7204933e-07,0.0
290.2273,0.7580408,0.5447993,0.7559369,0.0,2014-07-28 07:00:00,1.0,1.9086401e-06,0.0,1.71797e-06,3.813414e-07
289.9712,0.49568444,0.24796009,0.48184073,0.0,2014-07-28 08:00:00,1.0,1.258104e-06,0.0,0.0,1.258104e-06
289.78198,0.36831266,0.19230455,0.3210879,0.0,2014-07-28 09:00:00,1.0,4.7325047e-06,0.0,0.0,4.7325047e-06
289.6731,0.29542494,0.2105428,0.24555075,0.0,2014-07-28 10:00:00,0.0,3.3359256e-06,0.0,0.0,3.3359256e-06
289.68726,0.33006138,0.22126287,0.2983036,0.0,2014-07-28 11:00:00,1.0,1.6208514e-06,0.0,9.549569e-08,1.5253563e-06
289.94482,0.42903614,0.27019435,0.39194614,0.0,2014-07-28 12:00:00,0.0,1.5651085e-06,0.0,0.0,1.5651085e-06
290.62183,0.41142404,0.1647805,0.3671574,0.0,2014-07-28 13:00:00,0.0,3.8198294e-07,0.0,0.0,2.864872e-07
291.75586,0.43428296,0.23171234,0.40465367,0.0,2014-07-28 14:00:00,0.0,9.549567e-07,0.0,9.0720954e-07,1.9099144e-07
293.37085,0.53458786,0.30788612,0.5035333,0.0,2014-07-28 15:00:00,0.0,2.2918975e-06,0.0,2.244149e-06,0.0
294.70874,0.29776108,0.052850056,0.29229605,0.0,2014-07-28 16:00:00,0.0,5.3452317e-07,0.0,4.0089236e-07,0.0
296.0327,0.39433044,0.18192083,0.34613174,0.0,2014-07-28 17:00:00,0.0,0.0,0.0,0.0,0.0
296.76978,0.3071946,0.14172691,0.28712833,0.0,2014-07-28 18:00:00,1.0,0.0,0.0,1.3363075e-07,0.0
297.1001,0.63597727,0.11553991,0.6214785,0.0,2014-07-28 19:00:00,0.0,0.0,0.0,0.0,0.0
297.20532,0.88376963,0.08714336,0.88376963,0.0,2014-07-28 20:00:00,0.0,0.0,0.0,5.703991e-08,0.0
297.23804,0.99364376,0.29817855,0.99364376,0.0,2014-07-28 21:00:00,1.0,3.852516e-06,0.0,3.9768547e-06,0.0
297.47046,0.9182393,0.0271893,0.9182393,0.0,2014-07-28 22:00:00,0.0,1.3542412e-06,0.0,1.3542412e-06,0.0
297.18066,0.9476082,0.07577878,0.9476082,0.0,2014-07-28 23:00:00,0.0,9.152139e-07,0.0,1.0488438e-06,0.0
296.8086,0.8531997,0.10980165,0.8515748,0.0,2014-07-29 00:00:00,0.0,0.0,0.0,0.0,0.0
295.64893,0.64536273,0.11452681,0.64536273,0.0,2014-07-29 01:00:00,0.0,0.0,0.0,0.0,0.0
293.40283,0.4088431,0.071511626,0.39226466,0.0,2014-07-29 02:00:00,0.0,0.0,0.0,0.0,0.0
291.3789,0.33818883,0.029242821,0.3337311,0.0,2014-07-29 03:00:00,0.0,0.0,0.0,0.0,0.0
290.33228,0.29959404,0.021820124,0.29959404,0.0,2014-07-29 04:00:00,0.0,0.0,0.0,0.0,0.0
289.87256,0.21683878,0.0125289075,0.21683878,0.0,2014-07-29 05:00:00,0.0,0.0,0.0,0.0,0.0
289.438,0.17298424,0.037105825,0.16334945,0.0,2014-07-29 06:00:00,0.0,0.0,0.0,0.0,0.0
288.5725,0.16307986,0.0032499009,0.16307986,0.0,2014-07-29 07:00:00,0.0,0.0,0.0,0.0,0.0
288.28223,0.08792502,0.0048919544,0.08792502,0.0,2014-07-29 08:00:00,0.0,0.0,0.0,0.0,0.0
287.7588,0.10290778,0.034665003,0.097442746,0.0,2014-07-29 09:00:00,0.0,0.0,0.0,0.0,0.0
287.68286,0.058638677,0.0,0.058638677,0.0,2014-07-29 10:00:00,0.0,0.0,0.0,0.0,0.0
287.4265,0.06977612,0.022309933,0.0602981,0.0,2014-07-29 11:00:00,0.0,0.0,0.0,0.0,0.0
288.05957,0.10280955,0.028573759,0.09444183,0.0,2014-07-29 12:00:00,0.0,0.0,0.0,0.0,0.0
290.0752,0.087293565,0.02589162,0.087293565,0.0,2014-07-29 13:00:00,0.0,0.0,0.0,0.0,0.0
292.22046,0.06289685,0.023192238,0.06289685,0.0,2014-07-29 14:00:00,0.0,0.0,0.0,0.0,0.0
295.20068,0.012797836,0.009895153,0.0094195865,0.0,2014-07-29 15:00:00,1.0,0.0,0.0,3.5249838e-07,0.0
296.68628,0.22158939,0.028371423,0.21948552,0.0,2014-07-29 16:00:00,1.0,6.9713584e-05,0.0,6.972384e-05,0.0
297.73364,0.31518066,0.07230997,0.30669302,0.0,2014-07-29 17:00:00,1.0,8.3696505e-05,0.0,8.3744264e-05,0.0
298.53516,0.49254805,0.06776053,0.49254805,0.0,2014-07-29 18:00:00,1.0,5.276264e-05,0.0,5.289627e-05,0.0
298.74072,0.59016293,0.039131343,0.58226436,0.0,2014-07-29 19:00:00,1.0,2.5149391e-05,0.0,2.5197136e-05,0.0
299.11377,0.48181856,0.004235424,0.48181856,0.0,2014-07-29 20:00:00,1.0,2.006175e-05,0.0,2.006175e-05,0.0
298.67188,0.4661777,0.0033782488,0.4661777,0.0,2014-07-29 21:00:00,1.0,4.272959e-06,0.0,4.215919e-06,0.0
298.73608,0.43722963,0.0,0.43722963,0.0,2014-07-29 22:00:00,0.0,1.6035692e-06,0.0,1.6035692e-06,0.0
298.1892,0.3754109,0.0067320913,0.3754109,0.0,2014-07-29 23:00:00,1.0,3.813414e-07,0.0,4.579323e-07,0.0
297.53882,0.43451798,0.032564454,0.4198693,0.0,2014-07-30 00:00:00,0.0,1.182475e-06,0.0,1.182475e-06,0.0
296.25806,0.47852224,0.0479436,0.47852224,0.0,2014-07-30 01:00:00,0.0,0.0,0.0,0.0,0.0
294.46582,0.35593188,0.021868978,0.35593188,0.0,2014-07-30 02:00:00,0.0,0.0,0.0,0.0,0.0
292.41943,0.39246637,0.04890639,0.38799155,0.0,2014-07-30 03:00:00,0.0,0.0,0.0,0.0,0.0
291.66406,0.27681333,0.0026463778,0.2762816,0.0,2014-07-30 04:00:00,0.0,0.0,0.0,0.0,0.0
290.8335,0.22792006,0.020520732,0.21793467,0.0,2014-07-30 05:00:00,0.0,0.0,0.0,0.0,0.0
289.7129,0.2944128,0.014420934,0.29388112,0.0,2014-07-30 06:00:00,0.0,0.0,0.0,0.0,0.0
289.15576,0.25413477,0.013363607,0.24413842,0.0,2014-07-30 07:00:00,0.0,0.0,0.0,0.0,0.0
288.6936,0.28350216,0.016635168,0.28350216,0.0,2014-07-30 08:00:00,0.0,0.0,0.0,0.0,0.0
287.88647,0.17573822,0.013363607,0.17573822,0.0,2014-07-30 09:00:00,0.0,0.0,0.0,0.0,0.0
287.8296,0.1103363,0.004260551,0.1103363,0.0,2014-07-30 10:00:00,0.0,0.0,0.0,0.0,0.0
287.5442,0.11200571,0.0,0.11200571,0.0,2014-07-30 11:00:00,0.0,0.0,0.0,0.0,0.0
288.09277,0.11690587,0.0,0.11690587,0.0,2014-07-30 12:00:00,0.0,0.0,0.0,0.0,0.0
289.99097,0.098735034,0.0,0.098735034,0.0,2014-07-30 13:00:00,0.0,0.0,0.0,0.0,0.0
291.8169,0.09916276,0.0,0.09916276,0.0,2014-07-30 14:00:00,0.0,0.0,0.0,0.0,0.0
294.4851,0.011576742,0.0,0.011576742,0.0,2014-07-30 15:00:00,1.0,0.0,0.0,0.0,0.0
296.38525,0.05397293,0.011474017,0.044880867,0.0,2014-07-30 16:00:00,1.0,6.369356e-06,0.0,6.7702485e-06,0.0
297.8152,0.17968553,0.03998077,0.16104823,0.0,2014-07-30 17:00:00,1.0,4.8162125e-05,0.0,4.8124e-05,0.0
298.62866,0.43287826,0.06813145,0.40995646,0.0,2014-07-30 18:00:00,1.0,7.067624e-05,0.0,7.043782e-05,0.0
299.30566,0.41283494,0.17779821,0.38514256,0.0,2014-07-30 19:00:00,1.0,1.9997577e-05,0.0,2.0006875e-05,0.0
299.52246,0.40220833,0.06546706,0.3938406,0.0,2014-07-30 20:00:00,0.0,4.392516e-05,0.0,4.3915876e-05,0.0
299.91357,0.3209017,0.045015696,0.30624932,0.0,2014-07-30 21:00:00,0.0,7.5114194e-06,0.0,7.2544162e-06,0.0
300.11597,0.36453372,0.049987204,0.36453372,0.0,2014-07-30 22:00:00,0.0,0.0,0.0,0.0,0.0
299.67505,0.33646983,0.085520744,0.33646983,0.0,2014-07-30 23:00:00,0.0,1.9099144e-07,0.0,1.9099144e-07,0.0
299.01758,0.2998131,0.01343656,0.2998131,0.0,2014-07-31 00:00:00,0.0,0.0,0.0,0.0,0.0
297.40234,0.2061013,0.0010573287,0.2061013,0.0,2014-07-31 01:00:00,0.0,0.0,0.0,0.0,0.0
295.61597,0.1576491,0.0,0.1576491,0.0,2014-07-31 02:00:00,0.0,0.0,0.0,0.0,0.0
293.43872,0.101861954,0.0,0.101861954,0.0,2014-07-31 03:00:00,0.0,0.0,0.0,0.0,0.0
292.5232,0.11422819,0.0,0.11422819,0.0,2014-07-31 04:00:00,0.0,0.0,0.0,0.0,0.0
291.3628,0.041233234,0.0,0.041233234,0.0,2014-07-31 05:00:00,0.0,0.0,0.0,0.0,0.0
290.74,0.071211755,0.0,0.071211755,0.0,2014-07-31 06:00:00,0.0,0.0,0.0,0.0,0.0
290.03418,0.03718933,0.0,0.03718933,0.0,2014-07-31 07:00:00,0.0,0.0,0.0,0.0,0.0
289.32227,0.011997186,0.0,0.011997186,0.0,2014-07-31 08:00:00,0.0,0.0,0.0,0.0,0.0
288.65625,0.0033782488,0.0033782488,0.0,0.0,2014-07-31 09:00:00,0.0,0.0,0.0,0.0,0.0
288.48047,0.052858748,0.020170148,0.019571278,0.029327456,2014-07-31 10:00:00,0.0,0.0,0.0,0.0,0.0
288.0725,0.18868428,0.030677605,0.026821923,0.14801735,2014-07-31 11:00:00,0.0,0.0,0.0,0.0,0.0
288.5874,0.3510716,0.022473961,0.024098914,0.33605862,2014-07-31 12:00:00,0.0,0.0,0.0,0.0,0.0
290.65625,0.39513177,0.030569732,0.038839936,0.38501412,2014-07-31 13:00:00,0.0,0.0,0.0,0.0,0.0
292.92236,0.26822883,0.016741857,0.02574097,0.25488114,2014-07-31 14:00:00,0.0,0.0,0.0,0.0,0.0
296.2373,0.2918837,0.006631516,0.010009766,0.2852522,2014-07-31 15:00:00,0.0,0.0,0.0,0.0,0.0
298.05615,0.21696699,0.017802551,0.026133433,0.1837402,2014-07-31 16:00:00,0.0,5.5271867e-06,0.0,5.4608545e-06,0.0
299.48193,0.3109246,0.012995917,0.1761406,0.17251134,2014-07-31 17:00:00,0.0,3.813414e-07,0.0,2.477106e-07,0.0
300.24316,0.4302637,0.011682283,0.31908482,0.12818778,2014-07-31 18:00:00,0.0,9.908417e-07,0.0,9.908417e-07,0.0
300.70166,0.37686747,0.0,0.36260325,0.022891697,2014-07-31 19:00:00,1.0,1.3769317e-05,0.0,1.3978893e-05,0.0
301.1704,0.4302876,0.0048919544,0.41578758,0.02719174,2014-07-31 20:00:00,0.0,2.4431638e-06,0.0,2.5290465e-06,0.0
301.69287,0.34005284,0.0,0.29209197,0.06481993,2014-07-31 21:00:00,0.0,2.480323e-06,0.0,2.1082733e-06,0.0
301.15552,0.3795005,0.0,0.30997938,0.0845142,2014-07-31 22:00:00,0.0,0.0,0.0,0.0,0.0
300.7683,0.32232028,0.0,0.2789281,0.064210474,2014-07-31 23:00:00,0.0,0.0,0.0,0.0,0.0
300.00464,0.2966408,0.0,0.267892,0.050015565,2014-08-01 00:00:00,0.0,0.0,0.0,0.0,0.0
298.23926,0.23396736,0.015096433,0.20117229,0.049422916,2014-08-01 01:00:00,0.0,0.0,0.0,0.0,0.0
295.4143,0.32075036,0.06938249,0.24999607,0.08723146,2014-08-01 02:00:00,0.0,0.0,0.0,0.0,0.0
292.9043,0.2574535,0.053664815,0.20947397,0.0505663,2014-08-01 03:00:00,0.0,0.0,0.0,0.0,0.0
291.80127,0.29054713,0.06495851,0.22282815,0.10929507,2014-08-01 04:00:00,0.0,0.0,0.0,0.0,0.0
291.33618,0.19165903,0.0,0.08048236,0.14452595,2014-08-01 05:00:00,0.0,0.0,0.0,0.0,0.0
290.99292,0.218835,0.0,0.026319988,0.20140833,2014-08-01 06:00:00,0.0,0.0,0.0,0.0,0.0
291.06323,0.087013245,0.0,0.023949023,0.0693146,2014-08-01 07:00:00,0.0,0.0,0.0,0.0,0.0
290.44287,0.06835699,0.0,0.042379506,0.035987295,2014-08-01 08:00:00,0.0,0.0,0.0,0.0,0.0
289.72144,0.048682086,0.0,0.01894857,0.029709108,2014-08-01 09:00:00,0.0,0.0,0.0,0.0,0.0
289.33008,0.08947313,0.0,0.068888724,0.026309177,2014-08-01 10:00:00,0.0,0.0,0.0,0.0,0.0
288.9541,0.033349253,0.0,0.02336726,0.00998199,2014-08-01 11:00:00,0.0,0.0,0.0,0.0,0.0
289.33887,0.0044355765,0.0,0.0044355765,0.0,2014-08-01 12:00:00,0.0,0.0,0.0,0.0,0.0
291.0957,0.047702152,0.0,0.047702152,0.0,2014-08-01 13:00:00,0.0,0.0,0.0,0.0,0.0
293.3899,0.035569597,0.0,0.035569597,0.0,2014-08-01 14:00:00,0.0,0.0,0.0,0.0,0.0
296.67578,0.04744512,0.0,0.024994954,0.022442859,2014-08-01 15:00:00,0.0,0.0,0.0,0.0,0.0
298.98682,0.2786761,0.1508478,0.16670889,0.1044662,2014-08-01 16:00:00,1.0,5.8309743e-06,0.0,5.9646054e-06,0.0
300.281,0.3310942,0.17768294,0.20490229,0.18637395,2014-08-01 17:00:00,1.0,2.0279607e-05,0.0,2.0279607e-05,0.0
300.9126,0.47470713,0.19170594,0.17939258,0.23998207,2014-08-01 18:00:00,1.0,4.15393e-05,0.0,4.167293e-05,0.0
301.54736,0.4780355,0.30485868,0.14103669,0.19698548,2014-08-01 19:00:00,1.0,2.5312023e-05,0.0,2.5254994e-05,0.0
302.05957,0.45173007,0.27694476,0.106849134,0.1585176,2014-08-01 20:00:00,1.0,2.882682e-05,0.0,2.8912706e-05,0.0
301.85596,0.39639091,0.3248806,0.06322926,0.113527596,2014-08-01 21:00:00,1.0,2.3016357e-05,0.0,2.2978216e-05,0.0
301.84106,0.25919002,0.034429353,0.1717481,0.11171466,2014-08-01 22:00:00,1.0,4.4622095e-05,0.0,4.0785904e-05,3.81664e-06
301.3943,0.21200907,0.0,0.13204241,0.084973216,2014-08-01 23:00:00,1.0,9.7100696e-05,0.0,9.073489e-05,6.079652e-06
299.52002,0.23256683,0.0067320913,0.2283063,0.00963144,2014-08-02 00:00:00,1.0,0.0009512133,0.0,0.00095149945,0.0
297.52148,0.3226732,0.0031780982,0.32214147,0.0,2014-08-02 01:00:00,0.0,0.00016888017,0.0,0.00016906155,0.0
294.66235,0.31675732,0.0,0.31675732,0.0,2014-08-02 02:00:00,1.0,4.9669892e-05,0.0,4.963175e-05,0.0
292.24048,0.2366249,0.0026463778,0.2366249,0.0,2014-08-02 03:00:00,0.0,5.5904005e-05,0.0,5.628534e-05,0.0
292.10718,0.32930446,0.0026463778,0.32930446,0.0,2014-08-02 04:00:00,0.0,2.8738272e-05,0.0,2.8776412e-05,0.0
291.65674,0.23611933,0.00053172023,0.23611933,0.0,2014-08-02 05:00:00,0.0,1.0504527e-06,0.0,1.0504527e-06,0.0
291.1084,0.22320765,0.00998199,0.22320765,0.0,2014-08-02 06:00:00,0.0,0.0,0.0,0.0,0.0
290.4458,0.17966777,0.01173529,0.17966777,0.0,2014-08-02 07:00:00,0.0,0.0,0.0,0.0,0.0
289.99463,0.15421104,0.010356981,0.1525861,0.0,2014-08-02 08:00:00,0.0,0.0,0.0,0.0,0.0
289.38623,0.080097795,0.010724671,0.080097795,0.0,2014-08-02 09:00:00,0.0,0.0,0.0,0.0,0.0
290.0315,0.36225104,0.003781621,0.24777645,0.16498953,2014-08-02 10:00:00,0.0,0.0,0.0,0.0,0.0
289.61523,0.14758414,0.008100629,0.14758414,0.0,2014-08-02 11:00:00,0.0,0.0,0.0,0.0,0.0
290.16284,0.08921647,0.0071104467,0.08921647,0.0,2014-08-02 12:00:00,0.0,0.0,0.0,0.0,0.0
292.64282,0.049470283,0.0,0.049470283,0.0,2014-08-02 13:00:00,0.0,0.0,0.0,0.0,0.0
294.9734,0.0071128868,0.0,0.0071128868,0.0,2014-08-02 14:00:00,0.0,0.0,0.0,0.0,0.0
298.30835,0.012623299,0.0,0.0,0.012623299,2014-08-02 15:00:00,0.0,0.0,0.0,0.0,0.0
300.34058,0.14479744,0.054565992,0.12717116,0.022833139,2014-08-02 16:00:00,1.0,5.3452313e-06,0.0,5.6695326e-06,0.0
301.25684,0.19769001,0.014528811,0.19432884,0.0,2014-08-02 17:00:00,0.0,3.4932702e-05,0.0,3.4799712e-05,0.0
301.80444,0.32782292,0.0067320913,0.32782292,0.0,2014-08-02 18:00:00,0.0,1.7981321e-05,0.0,1.8057908e-05,0.0
301.9004,0.38821322,0.0100932345,0.38484228,0.0,2014-08-02 19:00:00,0.0,0.0,0.0,0.0,0.0
302.36572,0.39524442,0.0010573287,0.39206636,0.004767146,2014-08-02 20:00:00,0.0,9.549569e-08,0.0,9.549569e-08,0.0
301.77222,0.4172778,0.00053172023,0.41190714,0.0075383335,2014-08-02 21:00:00,0.0,1.0504531e-05,0.0,1.0504531e-05,0.0
301.52197,0.501128,0.018057749,0.4654556,0.059506778,2014-08-02 22:00:00,0.0,3.8198294e-07,0.0,3.3423504e-07,0.0
300.0725,0.6785889,0.061353378,0.54266775,0.2650267,2014-08-02 23:00:00,0.0,0.0,0.0,0.0,0.0
299.1421,0.6349928,0.08871859,0.45737237,0.3174178,2014-08-03 00:00:00,0.0,0.0,0.0,0.0,0.0
297.87524,0.56024706,0.032713626,0.43926138,0.21821654,2014-08-03 01:00:00,0.0,0.0,0.0,0.0,0.0
296.0879,0.48215485,0.013256919,0.36434102,0.19474036,2014-08-03 02:00:00,0.0,0.0,0.0,0.0,0.0
294.79468,0.52717686,0.004207764,0.39669025,0.22817361,2014-08-03 03:00:00,0.0,0.0,0.0,0.0,0.0
293.8872,0.5006088,0.0,0.41085732,0.18825877,2014-08-03 04:00:00,0.0,0.0,0.0,0.0,0.0
293.15894,0.35688853,0.0100932345,0.29443276,0.0886572,2014-08-03 05:00:00,0.0,0.0,0.0,0.0,0.0
292.35327,0.2700497,0.010728002,0.26608968,0.009759266,2014-08-03 06:00:00,0.0,0.0,0.0,0.0,0.0
291.76855,0.21644646,0.026202798,0.20696843,0.0,2014-08-03 07:00:00,0.0,0.0,0.0,0.0,0.0
291.55396,0.30943888,0.06850171,0.2784832,0.0,2014-08-03 08:00:00,0.0,0.0,0.0,0.0,0.0
290.79126,0.28177196,0.022009391,0.26028818,0.0,2014-08-03 09:00:00,0.0,0.0,0.0,0.0,0.0
291.1543,0.3146525,0.1671831,0.29490036,0.0,2014-08-03 10:00:00,0.0,0.0,0.0,0.0,0.0
290.92773,0.31166637,0.18111491,0.2875151,0.0,2014-08-03 11:00:00,0.0,0.0,0.0,0.0,0.0
290.95508,0.22340512,0.15887266,0.2134158,0.0,2014-08-03 12:00:00,0.0,0.0,0.0,0.0,0.0
293.3496,0.13950485,0.09762603,0.12788081,0.0,2014-08-03 13:00:00,0.0,0.0,0.0,0.0,0.0
295.7649,0.12215388,0.056054395,0.11477971,0.0,2014-08-03 14:00:00,0.0,0.0,0.0,0.0,0.0
298.5952,0.134399,0.019992907,0.12813514,0.0,2014-08-03 15:00:00,0.0,0.0,0.0,0.0,0.0
300.16406,0.15259331,0.0,0.13874686,0.036287837,2014-08-03 16:00:00,0.0,1.1459488e-06,0.0,1.1552402e-06,0.0
301.28296,0.09425348,0.021160364,0.057147663,0.03919052,2014-08-03 17:00:00,0.0,0.0,0.0,0.0,0.0
301.9104,0.29161334,0.17332214,0.21139967,0.040565845,2014-08-03 18:00:00,0.0,7.626828e-07,0.0,8.767626e-07,0.0
302.3169,0.4125715,0.22211546,0.24417365,0.112288535,2014-08-03 19:00:00,0.0,1.6243182e-05,0.0,8.369616e-06,7.969067e-06
302.07544,0.58649296,0.20125538,0.46410352,0.15115696,2014-08-03 20:00:00,1.0,1.62855e-05,0.0,8.6314485e-06,7.701806e-06
302.63477,0.60587204,0.13885134,0.39166623,0.30962467,2014-08-03 21:00:00,0.0,0.00019303449,0.0,0.00018813022,5.2670275e-06
301.52612,0.9079835,0.01449389,0.480469,0.82954127,2014-08-03 22:00:00,1.0,0.000537636,0.0,0.0005375312,0.0
300.21338,0.9630608,0.0015890491,0.39967912,0.94430983,2014-08-03 23:00:00,1.0,0.00056765205,0.0,0.00056723296,2.0957555e-07
299.5874,0.8398402,0.004741922,0.14210403,0.8245428,2014-08-04 00:00:00,0.0,5.4397984e-05,0.0,5.4531614e-05,0.0
298.43774,0.50049275,0.0,0.09367508,0.44315463,2014-08-04 01:00:00,0.0,0.0,0.0,0.0,0.0
296.97754,0.87104267,0.0016249504,0.09612954,0.8511338,2014-08-04 02:00:00,0.0,0.0,0.0,0.0,0.0
294.85693,0.9989426,0.0,0.053669948,0.99841094,2014-08-04 03:00:00,0.0,0.0,0.0,0.0,0.0
294.46582,0.9720183,0.019877147,0.100770354,0.9720183,2014-08-04 04:00:00,0.0,0.0,0.0,0.0,0.0
293.7256,0.9452606,0.05869789,0.20400864,0.9303879,2014-08-04 05:00:00,1.0,0.0,0.0,0.0,0.0
293.25293,0.92847127,0.014155708,0.19995701,0.9129327,2014-08-04 06:00:00,1.0,9.7821656e-05,0.0,9.7745055e-05,0.0
293.1411,0.7827529,0.073369265,0.20875084,0.7556467,2014-08-04 07:00:00,0.0,1.154787e-05,0.0,1.154787e-05,0.0
292.73804,0.46198756,0.03333883,0.21056926,0.38140935,2014-08-04 08:00:00,0.0,0.0,0.0,0.0,0.0
292.62476,0.6573042,0.036973525,0.6292343,0.2814011,2014-08-04 09:00:00,1.0,2.075851e-05,0.0,2.0892141e-05,0.0
291.92285,0.27556145,0.026727784,0.2659328,0.006280929,2014-08-04 10:00:00,1.0,0.000121214165,0.0,0.00012113758,2.6726156e-07
291.74414,0.07705557,0.017456762,0.064594686,0.0026463778,2014-08-04 11:00:00,1.0,9.05569e-05,0.0,8.121242e-05,8.695874e-06
291.8064,0.2650931,0.054276925,0.22290933,0.002103883,2014-08-04 12:00:00,1.0,0.0006818564,0.0,0.0006548669,2.6465728e-05
292.45557,0.28353012,0.041754235,0.26440167,0.0026356035,2014-08-04 13:00:00,1.0,0.00027835672,0.0,0.00024766894,3.0878306e-05
293.06836,0.40425354,0.13372809,0.31000048,0.052633405,2014-08-04 14:00:00,1.0,0.00025038444,0.0,0.00024542795,5.0900835e-06
294.62988,0.5354432,0.1709193,0.4380818,0.058229726,2014-08-04 15:00:00,1.0,2.4233304e-05,0.0,2.2183987e-05,2.1540918e-06
295.96045,0.4695896,0.25031883,0.24943495,0.07097489,2014-08-04 16:00:00,1.0,0.00028102193,0.0,0.00027560676,5.3957874e-06
297.31348,0.76361024,0.59995764,0.21499145,0.26698214,2014-08-04 17:00:00,1.0,0.00028469996,0.0,0.00027516484,9.401458e-06
297.99976,0.91181004,0.74584526,0.1241824,0.57878655,2014-08-04 18:00:00,1.0,0.00013233766,0.0,0.0001297125,2.9020403e-06
298.62134,0.8288944,0.123420775,0.07809228,0.8001652,2014-08-04 19:00:00,0.0,0.000241099,0.0,0.00023186738,9.231626e-06
299.2505,0.84277356,0.2599213,0.2770648,0.7612073,2014-08-04 20:00:00,1.0,6.232728e-05,0.0,6.18498e-05,5.7297444e-07
299.70312,0.6286155,0.20242894,0.2110259,0.47650826,2014-08-04 21:00:00,1.0,3.4090626e-05,0.0,2.7093542e-05,7.187764e-06
299.66455,0.43512195,0.081950784,0.06005517,0.37339365,2014-08-04 22:00:00,0.0,1.7630126e-05,0.0,1.7811515e-05,0.0
299.2378,0.24451113,0.1268804,0.16693324,0.06439054,2014-08-04 23:00:00,0.0,3.0729032e-05,0.0,2.894603e-05,1.8304272e-06
298.66235,0.13433069,0.08241725,0.08875167,0.0026356035,2014-08-05 00:00:00,0.0,4.994427e-05,0.0,4.9371287e-05,6.6847014e-07
297.25146,0.15855598,0.15328234,0.051252455,0.0,2014-08-05 01:00:00,0.0,1.9099144e-07,0.0,1.432436e-07,0.0
295.7556,0.2791927,0.27654022,0.013494305,0.0,2014-08-05 02:00:00,0.0,2.864872e-07,0.0,2.864872e-07,0.0
294.00244,0.2143578,0.2143578,0.005860377,0.0,2014-08-05 03:00:00,0.0,0.0,0.0,0.0,0.0
293.13428,0.18202949,0.18150383,0.0072638094,0.0,2014-08-05 04:00:00,0.0,0.0,0.0,0.0,0.0
291.96777,0.24533123,0.24533123,0.0,0.0,2014-08-05 05:00:00,0.0,0.0,0.0,0.0,0.0
291.18164,0.22037351,0.22037351,0.0,0.0,2014-08-05 06:00:00,0.0,0.0,0.0,0.0,0.0
290.2932,0.1753298,0.1753298,0.0,0.0,2014-08-05 07:00:00,0.0,0.0,0.0,0.0,0.0
289.76123,0.15163922,0.15163922,0.0,0.0,2014-08-05 08:00:00,0.0,0.0,0.0,0.0,0.0
289.06396,0.12809503,0.104634225,0.0,0.023460776,2014-08-05 09:00:00,0.0,0.0,0.0,0.0,1.14079796e-07
289.2107,0.14391845,0.14391845,0.0,0.0,2014-08-05 10:00:00,0.0,4.191511e-07,0.0,0.0,3.050713e-07
288.7163,0.12599242,0.118623435,0.0,0.012640186,2014-08-05 11:00:00,0.0,4.9606274e-07,0.0,0.0,4.9606274e-07
288.8396,0.24944645,0.11768937,0.0,0.15813458,2014-08-05 12:00:00,0.0,0.0,0.0,0.0,0.0
290.05957,0.6768687,0.108716905,0.0,0.6428897,2014-08-05 13:00:00,0.0,0.0,0.0,0.0,0.0
291.76,1.0,0.10065615,0.0,1.0,2014-08-05 14:00:00,0.0,3.8198294e-07,0.0,0.0,7.4474025e-07
293.9607,0.997629,0.05785076,0.0,0.997629,2014-08-05 15:00:00,0.0,0.0,0.0,0.0,0.0
295.56714,1.0,0.08788508,0.0,1.0,2014-08-05 16:00:00,0.0,1.9099144e-07,0.0,4.7747868e-08,0.0
297.02197,0.9858937,0.07960802,0.00053172023,0.9858937,2014-08-05 17:00:00,0.0,0.0,0.0,0.0,0.0
297.9585,0.98338985,0.11368263,0.0,0.97611874,2014-08-05 18:00:00,0.0,0.0,0.0,0.0,0.0
298.8545,0.9867931,0.15427732,0.0015890491,0.9867931,2014-08-05 19:00:00,0.0,0.0,0.0,0.0,0.0
299.2937,0.9914151,0.1789788,0.0,0.9914151,2014-08-05 20:00:00,0.0,0.0,0.0,0.0,0.0
299.68823,0.9905219,0.130009,0.0,0.9905219,2014-08-05 21:00:00,0.0,0.0,0.0,0.0,0.0
299.62134,0.99683875,0.15464067,0.0,0.99420315,2014-08-05 22:00:00,0.0,0.0,0.0,0.0,0.0
299.25952,0.9966217,0.1287899,0.0,0.9966217,2014-08-05 23:00:00,0.0,0.0,0.0,0.0,0.0
298.42358,0.9834667,0.0998885,0.0,0.9767517,2014-08-06 00:00:00,0.0,0.0,0.0,0.0,0.0
296.6643,0.9760102,0.0,0.0033782488,0.9760102,2014-08-06 01:00:00,0.0,0.0,0.0,0.0,0.0
294.3579,0.95528066,0.0,0.0,0.95528066,2014-08-06 02:00:00,0.0,0.0,0.0,0.0,0.0
292.2224,0.8327927,0.0,0.0,0.8327927,2014-08-06 03:00:00,0.0,0.0,0.0,0.0,0.0
291.26855,0.94263464,0.0,0.0,0.94263464,2014-08-06 04:00:00,0.0,0.0,0.0,0.0,0.0
290.4536,0.9578851,0.0,0.0,0.9578851,2014-08-06 05:00:00,0.0,0.0,0.0,0.0,0.0
289.70947,0.98999023,0.0,0.0,0.98999023,2014-08-06 06:00:00,0.0,0.0,0.0,0.0,0.0
289.20435,0.998375,0.0,0.0,0.998375,2014-08-06 07:00:00,0.0,0.0,0.0,0.0,0.0
288.65332,0.99736434,0.0,0.0,0.99736434,2014-08-06 08:00:00,0.0,0.0,0.0,0.0,0.0
288.35425,1.0,0.0,0.0,1.0,2014-08-06 09:00:00,0.0,0.0,0.0,0.0,0.0
287.8938,0.99627113,0.0,0.0,0.99627113,2014-08-06 10:00:00,0.0,0.0,0.0,0.0,0.0
287.6162,1.0,0.0,0.0,1.0,2014-08-06 11:00:00,0.0,0.0,0.0,0.0,0.0
288.54468,0.9822655,0.0,0.0,0.9822655,2014-08-06 12:00:00,0.0,0.0,0.0,0.0,0.0
290.6328,0.795376,0.0,0.0,0.795376,2014-08-06 13:00:00,0.0,0.0,0.0,0.0,0.0
293.38354,0.8755511,0.0,0.0,0.8755511,2014-08-06 14:00:00,0.0,0.0,0.0,0.0,0.0
296.4353,0.95798975,0.0,0.0,0.95798975,2014-08-06 15:00:00,0.0,0.0,0.0,0.0,0.0
298.19702,0.91371137,0.0,0.005003199,0.91371137,2014-08-06 16:00:00,0.0,0.0,0.0,0.0,0.0
299.39575,0.9803582,0.14064872,0.11966753,0.9803582,2014-08-06 17:00:00,0.0,0.0,0.0,0.0,0.0
300.12134,0.9765358,0.13561898,0.2041418,0.9665294,2014-08-06 18:00:00,0.0,0.0,0.0,0.0,0.0
300.71777,0.94459206,0.13897419,0.2033099,0.9181039,2014-08-06 19:00:00,0.0,0.0,0.0,0.0,0.0
301.21045,0.87263876,0.12311119,0.4995904,0.7660156,2014-08-06 20:00:00,0.0,0.0,0.0,0.0,0.0
301.5381,0.8150732,0.11445403,0.56664836,0.60169864,2014-08-06 21:00:00,0.0,0.0,0.0,0.0,0.0
301.03247,0.7460446,0.0,0.43409598,0.53760517,2014-08-06 22:00:00,0.0,9.152139e-07,0.0,9.152139e-07,0.0
300.729,0.5800819,0.03263438,0.23146057,0.42113745,2014-08-06 23:00:00,0.0,4.0646664e-06,0.0,3.9787838e-06,0.0
299.6765,0.15887386,0.0065956153,0.11472809,0.050474286,2014-08-07 00:00:00,0.0,0.0,0.0,0.0,0.0
298.41333,0.1049875,0.0044355765,0.020806126,0.084682584,2014-08-07 01:00:00,0.0,0.0,0.0,0.0,0.0
296.5122,0.017223138,0.005006563,0.006631516,0.011123341,2014-08-07 02:00:00,0.0,0.0,0.0,0.0,0.0
294.83374,0.011852372,0.005006563,0.006845806,0.0,2014-08-07 03:00:00,0.0,0.0,0.0,0.0,0.0
293.69678,0.024912108,0.024912108,0.0,0.0,2014-08-07 04:00:00,0.0,0.0,0.0,0.0,0.0
292.7964,0.055615813,0.055615813,0.005006563,0.0,2014-08-07 05:00:00,0.0,0.0,0.0,0.0,0.0
291.94556,0.115336895,0.115336895,0.00894969,0.0,2014-08-07 06:00:00,0.0,0.0,0.0,0.0,0.0
291.04443,0.08666003,0.08666003,0.00894969,0.0,2014-08-07 07:00:00,0.0,0.0,0.0,0.0,0.0
290.53052,0.04401741,0.04401741,0.00894969,0.0,2014-08-07 08:00:00,0.0,0.0,0.0,0.0,0.0
289.71875,0.0,0.0,0.0,0.0,2014-08-07 09:00:00,0.0,0.0,0.0,0.0,0.0
289.5039,0.4135511,0.0033782488,0.0,0.4135511,2014-08-07 10:00:00,0.0,0.0,0.0,0.0,0.0
288.9922,0.95215315,0.00053172023,0.0,0.95215315,2014-08-07 11:00:00,0.0,0.0,0.0,0.0,0.0
289.4226,0.9210382,0.0,0.0,0.9210382,2014-08-07 12:00:00,0.0,0.0,0.0,0.0,0.0
291.32373,0.89821005,0.0,0.0,0.89821005,2014-08-07 13:00:00,0.0,0.0,0.0,0.0,0.0
293.8606,0.66624403,0.0,0.0,0.66624403,2014-08-07 14:00:00,0.0,0.0,0.0,0.0,0.0
297.01416,0.7375969,0.02669587,0.022366926,0.7137474,2014-08-07 15:00:00,0.0,3.852516e-06,0.0,3.795476e-06,0.0
298.7019,0.90284085,0.055257373,0.6453873,0.7723965,2014-08-07 16:00:00,0.0,1.7535249e-06,0.0,1.6769336e-06,0.0
299.70776,0.94518286,0.20867658,0.47223306,0.8929015,2014-08-07 17:00:00,0.0,0.0,0.0,0.0,0.0
300.46533,0.9597823,0.4598384,0.46579176,0.9088761,2014-08-07 18:00:00,0.0,0.0,0.0,0.0,0.0
300.58984,0.9383021,0.2598719,0.6208019,0.8368105,2014-08-07 19:00:00,0.0,1.9099144e-07,0.0,1.432436e-07,0.0
301.0105,0.89509344,0.02357202,0.6213717,0.75963455,2014-08-07 20:00:00,0.0,0.0,0.0,0.0,0.0
301.23145,0.8668687,0.0,0.74066156,0.45745927,2014-08-07 21:00:00,0.0,0.0,0.0,0.0,0.0
300.71313,0.77276385,0.2476924,0.64910215,0.36425626,2014-08-07 22:00:00,1.0,0.0,0.0,0.0,0.0
300.48926,0.65510213,0.0,0.47662836,0.37882686,2014-08-07 23:00:00,0.0,0.0,0.0,1.3363075e-07,0.0
299.55396,0.29844975,0.0,0.2027337,0.12466812,2014-08-08 00:00:00,0.0,0.0,0.0,0.0,0.0
298.35913,0.108026385,0.0,0.09793311,0.010624956,2014-08-08 01:00:00,0.0,0.0,0.0,0.0,0.0
296.81104,0.13622165,0.0,0.11221045,0.024011202,2014-08-08 02:00:00,0.0,0.0,0.0,0.0,0.0
295.33374,0.21379489,0.013187863,0.09707087,0.14545846,2014-08-08 03:00:00,0.0,0.0,0.0,0.0,0.0
294.5547,0.30912876,0.12645203,0.1890499,0.107275784,2014-08-08 04:00:00,0.0,0.0,0.0,0.0,0.0
294.14136,0.2231443,0.1553036,0.15686011,0.03019287,2014-08-08 05:00:00,0.0,0.0,0.0,0.0,0.0
293.5437,0.24133992,0.15555382,0.09467143,0.057609674,2014-08-08 06:00:00,0.0,0.0,0.0,0.0,0.0
293.00195,0.20783234,0.13610464,0.13191187,0.028031405,2014-08-08 07:00:00,0.0,0.0,0.0,0.0,0.0
292.38403,0.14473063,0.03353522,0.13878137,0.0044355765,2014-08-08 08:00:00,0.0,0.0,0.0,0.0,0.0
291.9038,0.10193366,0.0032499009,0.10193366,0.0,2014-08-08 09:00:00,0.0,0.0,0.0,0.0,0.0
291.34204,0.2036385,0.0,0.2036385,0.0,2014-08-08 10:00:00,0.0,0.0,0.0,0.0,0.0
290.9392,0.30692887,0.0,0.30692887,0.0,2014-08-08 11:00:00,0.0,0.0,0.0,0.0,0.0
291.49243,0.23319983,0.0,0.23319983,0.0,2014-08-08 12:00:00,0.0,0.0,0.0,0.0,0.0
293.02734,0.074742794,0.0,0.074742794,0.0,2014-08-08 13:00:00,0.0,0.0,0.0,0.0,0.0
294.7107,0.013143204,0.0,0.013143204,0.0,2014-08-08 14:00:00,0.0,0.0,0.0,0.0,0.0
296.80298,0.076153934,0.03712939,0.0556802,0.0,2014-08-08 15:00:00,0.0,0.0,0.0,0.0,0.0
298.51196,0.22415632,0.053622346,0.19495392,0.0,2014-08-08 16:00:00,0.0,0.0,0.0,0.0,0.0
299.59497,0.1005522,0.093049765,0.017872762,0.0026463778,2014-08-08 17:00:00,0.0,0.0,0.0,0.0,0.0
300.46362,0.4373479,0.1449126,0.13413358,0.30224395,2014-08-08 18:00:00,0.0,0.0,0.0,0.0,0.0
300.97217,0.82171804,0.19240636,0.28187865,0.7173993,2014-08-08 19:00:00,0.0,0.0,0.0,0.0,0.0
301.17773,0.7362732,0.07491493,0.18272954,0.65563655,2014-08-08 20:00:00,0.0,0.0,0.0,0.0,0.0
301.49756,0.4736234,0.016832627,0.20691723,0.34636784,2014-08-08 21:00:00,0.0,0.0,0.0,0.0,0.0
300.7898,0.82329446,0.0047394857,0.2116949,0.7762448,2014-08-08 22:00:00,0.0,0.0,0.0,0.0,0.0
300.32104,0.9037736,0.023749396,0.19545728,0.8816707,2014-08-08 23:00:00,0.0,0.0,0.0,0.0,0.0
299.6631,0.9155358,0.010597732,0.12607312,0.9150102,2014-08-09 00:00:00,0.0,0.0,0.0,0.0,0.0
298.14355,0.9426847,0.021414328,0.07976985,0.9426847,2014-08-09 01:00:00,0.0,0.0,0.0,0.0,0.0
295.8474,0.9750044,0.0071273334,0.038624674,0.97337943,2014-08-09 02:00:00,0.0,0.0,0.0,0.0,0.0
294.27148,0.96754676,0.013402153,0.03304816,0.9632163,2014-08-09 03:00:00,0.0,0.0,0.0,0.0,0.0
293.82764,0.99371904,0.02768512,0.018110536,0.99371904,2014-08-09 04:00:00,0.0,0.0,0.0,0.0,0.0
293.34277,0.997629,0.07993811,0.028652024,0.997629,2014-08-09 05:00:00,0.0,0.0,0.0,0.0,0.0
292.71655,0.9947011,0.045242358,0.021528017,0.9947011,2014-08-09 06:00:00,0.0,0.0,0.0,0.0,0.0
292.36182,0.9978961,0.035282046,0.0023709626,0.9978961,2014-08-09 07:00:00,0.0,0.0,0.0,0.0,0.0
291.8479,0.9946291,0.093147576,0.059819132,0.9946291,2014-08-09 08:00:00,0.0,0.0,0.0,0.0,0.0
291.18408,0.8521739,0.12522799,0.10930568,0.84448504,2014-08-09 09:00:00,0.0,0.0,0.0,0.0,0.0
291.3269,0.5641844,0.059686795,0.24820793,0.39078766,2014-08-09 10:00:00,0.0,0.0,0.0,0.0,0.0
291.3567,0.709985,0.028306644,0.39727736,0.5321061,2014-08-09 11:00:00,0.0,0.0,0.0,0.0,0.0
291.6255,0.9207926,0.0057492107,0.34393454,0.8775167,2014-08-09 12:00:00,0.0,0.0,0.0,0.0,0.0
293.2256,0.69015574,0.027316462,0.4411347,0.45468336,2014-08-09 13:00:00,0.0,0.0,0.0,0.0,0.0
294.8181,0.74357384,0.04905022,0.5222495,0.4876184,2014-08-09 14:00:00,0.0,0.0,0.0,0.0,0.0
296.64185,0.5317875,0.0,0.3539707,0.28875816,2014-08-09 15:00:00,0.0,0.0,0.0,0.0,0.0
298.03223,0.49746507,0.02518151,0.30289477,0.2761712,2014-08-09 16:00:00,0.0,0.0,0.0,0.0,0.0
298.91772,0.8657436,0.08641547,0.5249299,0.7100069,2014-08-09 17:00:00,0.0,0.0,0.0,0.0,0.0
299.60205,0.9698071,0.035972834,0.48697412,0.94591147,2014-08-09 18:00:00,0.0,0.0,0.0,0.0,0.0
300.17017,0.98889697,0.013471484,0.60076004,0.98227614,2014-08-09 19:00:00,1.0,0.00026618503,0.0,0.00026604207,0.0
300.27686,0.99348307,0.037459385,0.67308897,0.96081614,2014-08-09 20:00:00,0.0,0.00014550373,0.0,0.00014547489,0.0
300.23608,0.998375,0.1256442,0.7994817,0.9786091,2014-08-09 21:00:00,1.0,7.700267e-05,0.0,7.66399e-05,2.6726156e-07
298.5525,0.8837349,0.0,0.73683256,0.5269058,2014-08-09 22:00:00,1.0,0.0005252657,0.0,0.00051881303,6.414278e-06
298.35938,0.69856894,0.0,0.6553032,0.15096813,2014-08-09 23:00:00,1.0,0.00022691228,0.0,0.00018281734,4.4094922e-05
297.75952,0.5511366,0.00053172023,0.52878726,0.082494915,2014-08-10 00:00:00,0.0,3.6250392e-05,0.0,3.2223543e-05,3.9698216e-06
296.65674,0.40381598,0.0,0.3068847,0.16090739,2014-08-10 01:00:00,0.0,0.0,0.0,0.0,0.0
295.03027,0.61876136,0.0,0.35100245,0.49370855,2014-08-10 02:00:00,0.0,0.0,0.0,0.0,0.0
293.99683,0.90137804,0.0,0.035856586,0.8990071,2014-08-10 03:00:00,0.0,0.0,0.0,0.0,0.0
293.29346,0.91359013,0.0,0.018508185,0.91306454,2014-08-10 04:00:00,0.0,0.0,0.0,0.0,0.0
293.0774,0.29523486,0.0,0.053263027,0.25660372,2014-08-10 05:00:00,0.0,0.0,0.0,0.0,0.0
292.63623,0.40154636,0.0023709626,0.2467503,0.20694244,2014-08-10 06:00:00,0.0,0.0,0.0,0.0,0.0
292.25708,0.5048362,0.0,0.32135236,0.32121414,2014-08-10 07:00:00,0.0,0.0,0.0,0.0,0.0
292.0703,0.36434567,0.0,0.36434567,0.0,2014-08-10 08:00:00,0.0,0.0,0.0,0.0,0.0
291.77686,0.32345396,0.0,0.27282357,0.07029045,2014-08-10 09:00:00,0.0,0.0,0.0,0.0,0.0
292.28442,0.49266875,0.0,0.3325615,0.26028597,2014-08-10 10:00:00,0.0,0.0,0.0,0.0,0.0
292.23096,0.9203099,0.027777847,0.33185947,0.8778945,2014-08-10 11:00:00,0.0,0.0,0.0,0.0,0.0
292.27393,0.91709507,0.03505202,0.22406584,0.8895103,2014-08-10 12:00:00,0.0,0.0,0.0,0.0,0.0
293.1853,0.97838664,0.13390797,0.25813764,0.9635054,2014-08-10 13:00:00,0.0,0.0,0.0,0.0,0.0
294.5481,0.97340053,0.06917369,0.21077275,0.97002226,2014-08-10 14:00:00,0.0,0.0,0.0,0.0,0.0
296.89136,0.9804287,0.063498855,0.3250128,0.9654362,2014-08-10 15:00:00,0.0,0.0,0.0,0.0,0.0
298.02783,0.97598976,0.051482562,0.3353848,0.9726359,2014-08-10 16:00:00,0.0,0.0,0.0,0.0,0.0
299.44995,0.9748284,0.16098261,0.3877778,0.93443227,2014-08-10 17:00:00,0.0,0.0,0.0,0.0,0.0
300.25464,0.89083654,0.11539513,0.4112016,0.8397817,2014-08-10 18:00:00,0.0,0.0,0.0,0.0,0.0
300.58716,0.8842177,0.27751058,0.48374385,0.7134342,2014-08-10 19:00:00,0.0,0.0,0.0,0.0,0.0
300.85718,0.7439775,0.07586306,0.5175563,0.5380109,2014-08-10 20:00:00,0.0,2.9385756e-06,0.0,2.9478679e-06,0.0
300.62256,0.80170757,0.09228271,0.5666995,0.5458364,2014-08-10 21:00:00,0.0,1.0046862e-05,0.0,8.749981e-06,1.1632492e-06
299.94678,0.9833973,0.64079213,0.9296188,0.68313074,2014-08-10 22:00:00,1.0,3.1269828e-06,0.0,3.0792353e-06,9.549569e-08
299.4873,0.9936714,0.06120963,0.9278024,0.9526751,2014-08-10 23:00:00,1.0,4.3807377e-05,0.0,4.35978e-05,1.9099144e-07
298.57007,1.0,0.11471629,0.9059363,0.978915,2014-08-11 00:00:00,0.0,1.28285565e-05,0.0,1.28285565e-05,0.0
297.40405,0.9946291,0.21553445,0.8311043,0.9731935,2014-08-11 01:00:00,1.0,5.7187528e-05,0.0,5.291133e-05,4.276185e-06
296.40308,0.9939002,0.06996888,0.7944841,0.91191494,2014-08-11 02:00:00,1.0,1.3974505e-05,0.0,1.2456819e-05,1.6035692e-06
295.28125,0.9734021,0.10657859,0.9281442,0.7485724,2014-08-11 03:00:00,1.0,0.00018677545,0.0,0.0001504849,3.608031e-05
294.80347,0.93858165,0.5056293,0.71995777,0.5232252,2014-08-11 04:00:00,1.0,5.8889433e-05,0.0,3.266192e-05,2.5846166e-05
294.40723,0.9478548,0.65812397,0.66035664,0.26827264,2014-08-11 05:00:00,1.0,1.5458827e-06,0.0,0.0,1.7554585e-06
293.78735,0.86002725,0.6486858,0.5311199,0.21189994,2014-08-11 06:00:00,1.0,5.1721736e-06,0.0,3.608031e-06,1.6977729e-06
293.6819,0.86626834,0.7819877,0.45459694,0.09098196,2014-08-11 07:00:00,1.0,0.00030493946,0.0,0.00019117304,0.0001137666
293.38623,0.9565049,0.9272608,0.4367776,0.17835921,2014-08-11 08:00:00,1.0,0.0006928409,0.0,0.00062420196,6.8905574e-05
292.78394,0.9734084,0.96154743,0.36450362,0.262047,2014-08-11 09:00:00,1.0,0.00049229385,0.0,0.00048108306,1.130625e-05
292.50977,0.9739263,0.5683204,0.34899628,0.88992476,2014-08-11 10:00:00,1.0,0.00015691211,0.0,0.00015651186,4.191511e-07
292.30078,0.9949765,0.9117287,0.37539846,0.91959673,2014-08-11 11:00:00,1.0,2.1596134e-05,0.0,2.1567292e-05,1.14079796e-07
291.96362,0.9978961,0.9957922,0.50220174,0.31273788,2014-08-11 12:00:00,1.0,0.00016987785,0.0,0.00016881873,9.158646e-07
291.64233,1.0,1.0,0.5414269,0.07735139,2014-08-11 13:00:00,1.0,0.00010142583,0.0,0.00010001357,1.5458827e-06
291.78223,0.96850824,0.94792384,0.6074644,0.0033782488,2014-08-11 14:00:00,1.0,7.56379e-05,0.0,7.5237665e-05,4.191511e-07
292.6897,1.0,1.0,0.63281083,0.0,2014-08-11 15:00:00,1.0,5.0393486e-05,0.0,4.9077702e-05,1.9099144e-07
293.30664,1.0,1.0,0.83149964,0.0,2014-08-11 16:00:00,1.0,0.00036385353,0.0,0.00033012242,3.338742e-05
293.79688,1.0,1.0,0.9952328,0.0,2014-08-11 17:00:00,1.0,0.00052660215,0.0,0.00051790965,8.959901e-06
295.0769,1.0,0.9966217,0.9946291,0.011053573,2014-08-11 18:00:00,1.0,4.582171e-05,0.0,4.4849454e-05,9.72258e-07
295.7495,0.998375,0.89453185,0.998375,0.009103052,2014-08-11 19:00:00,1.0,0.00015448722,0.0,4.1532898e-05,0.000112944705
296.6609,0.82614934,0.59885824,0.8162713,0.0,2014-08-11 20:00:00,1.0,4.673128e-05,0.0,3.3989272e-05,1.2713156e-05
297.72998,0.38736284,0.15789706,0.3383522,0.0,2014-08-11 21:00:00,1.0,2.9855539e-05,0.0,2.8148803e-05,1.5253563e-06
297.7068,0.4212197,0.08777726,0.38938785,0.0,2014-08-11 22:00:00,1.0,0.00011508723,0.0,0.000114829905,2.0957555e-07
297.5498,0.3403111,0.057622388,0.33706123,0.0,2014-08-11 23:00:00,0.0,3.214345e-05,0.0,3.214345e-05,0.0
295.88306,0.32416546,0.09784651,0.31742603,0.0,2014-08-12 00:00:00,0.0,0.0002400897,0.0,0.00023751678,2.0771804e-06
294.59253,0.23863399,0.06982684,0.23068535,0.0,2014-08-12 01:00:00,0.0,1.205999e-05,0.0,1.2107737e-05,0.0
292.9475,0.18712759,0.055055734,0.18286705,0.0,2014-08-12 02:00:00,0.0,1.6035692e-06,0.0,1.3363078e-06,0.0
291.3628,0.12083852,0.028145913,0.11327696,0.0,2014-08-12 03:00:00,0.0,1.3721838e-06,0.0,7.431318e-07,7.626828e-07
290.83716,0.060962964,0.032344714,0.038600244,0.0,2014-08-12 04:00:00,0.0,3.3166998e-06,0.0,2.9158082e-06,5.3452317e-07
290.16016,0.0575091,0.043923896,0.040409353,0.0,2014-08-12 05:00:00,0.0,0.0,0.0,0.0,0.0
289.18408,0.06272507,0.05435737,0.02252515,0.0,2014-08-12 06:00:00,0.0,0.0,0.0,0.0,0.0
288.53027,0.0559403,0.052579157,0.006280929,0.0,2014-08-12 07:00:00,0.0,0.0,0.0,0.0,0.0
287.969,0.049549587,0.005370889,0.044195805,0.0,2014-08-12 08:00:00,0.0,0.0,0.0,0.0,0.0
287.3911,0.079618216,0.02998105,0.05299835,0.0,2014-08-12 09:00:00,0.0,0.0,0.0,0.0,0.0
286.91675,0.024728462,0.011738658,0.024728462,0.0,2014-08-12 10:00:00,0.0,0.0,0.0,0.0,0.0
286.48804,0.049703993,0.014751688,0.04597516,0.0,2014-08-12 11:00:00,0.0,0.0,0.0,0.0,0.0
287.09692,0.013063066,0.0010573287,0.013063066,0.0,2014-08-12 12:00:00,0.0,0.0,0.0,0.0,0.0
289.052,0.027702004,0.027702004,0.0029026829,0.0,2014-08-12 13:00:00,0.0,0.0,0.0,0.0,0.0
291.03906,0.013137512,0.013137512,0.0,0.0,2014-08-12 14:00:00,0.0,0.0,0.0,0.0,0.0
294.04883,0.08209652,0.06392741,0.045201927,0.0,2014-08-12 15:00:00,0.0,3.4382116e-05,0.0,3.44007e-05,0.0
295.6565,0.27817786,0.2758069,0.012127787,0.0,2014-08-12 16:00:00,0.0,0.0,0.0,0.0,0.0
296.48535,0.256186,0.256186,0.004207764,0.0,2014-08-12 17:00:00,0.0,0.0,0.0,0.0,0.0
297.51904,0.24436224,0.24436224,0.0,0.0,2014-08-12 18:00:00,0.0,0.0,0.0,0.0,0.0
298.29492,0.2656625,0.2656625,0.0,0.0,2014-08-12 19:00:00,0.0,0.0,0.0,0.0,0.0
298.72485,0.08639562,0.08477068,0.00998199,0.0,2014-08-12 20:00:00,0.0,0.0,0.0,0.0,0.0
299.042,0.34412754,0.0,0.34412754,0.0,2014-08-12 21:00:00,0.0,0.0,0.0,0.0,0.0
299.63672,0.36955774,0.0,0.36955774,0.0,2014-08-12 22:00:00,0.0,0.0,0.0,0.0,0.0
299.16382,0.12411034,0.0,0.12411034,0.0,2014-08-12 23:00:00,0.0,0.0,0.0,0.0,0.0
298.81836,0.107174635,0.0,0.107174635,0.0,2014-08-13 00:00:00,0.0,0.0,0.0,0.0,0.0
297.08398,0.037665036,0.0,0.037665036,0.0,2014-08-13 01:00:00,0.0,0.0,0.0,0.0,0.0
294.208,0.094400585,0.0,0.094400585,0.0,2014-08-13 02:00:00,0.0,0.0,0.0,0.0,0.0
292.4148,0.20916831,0.0,0.20916831,0.0,2014-08-13 03:00:00,0.0,0.0,0.0,0.0,0.0
292.1858,0.1420275,0.0,0.1420275,0.0,2014-08-13 04:00:00,0.0,0.0,0.0,0.0,0.0
291.85156,0.2710781,0.0,0.2710781,0.0,2014-08-13 05:00:00,0.0,0.0,0.0,0.0,0.0
291.156,0.27719295,0.0,0.27719295,0.0,2014-08-13 06:00:00,0.0,0.0,0.0,0.0,0.0
290.89038,0.2626511,0.018457577,0.2626511,0.0,2014-08-13 07:00:00,0.0,0.0,0.0,0.0,0.0
290.30884,0.18838078,0.043933906,0.18103105,0.0,2014-08-13 08:00:00,0.0,0.0,0.0,0.0,0.0
289.89404,0.09981948,0.06001087,0.08757776,0.0048919544,2014-08-13 09:00:00,0.0,0.0,0.0,0.0,0.0
289.83423,0.11595303,0.04945789,0.044901088,0.0389646,2014-08-13 10:00:00,0.0,0.0,0.0,0.0,0.0
289.51,0.08226323,0.06541008,0.016635168,0.0063116476,2014-08-13 11:00:00,0.0,0.0,0.0,0.0,0.0
289.8003,0.036017735,0.030151248,0.0065169036,0.004235424,2014-08-13 12:00:00,0.0,0.0,0.0,0.0,0.0
291.93213,0.035895057,0.034837727,0.017206121,0.0015890491,2014-08-13 13:00:00,0.0,0.0,0.0,0.0,0.0
294.01367,0.0,0.0,0.0,0.0,2014-08-13 14:00:00,0.0,0.0,0.0,0.0,0.0
296.20435,0.043623388,0.043623388,0.006280929,0.0,2014-08-13 15:00:00,0.0,0.0,0.0,0.0,0.0
297.72046,0.06734753,0.05733779,0.03605749,0.0,2014-08-13 16:00:00,0.0,0.0,0.0,0.0,0.0
298.83545,0.3064553,0.09850645,0.28783,0.0,2014-08-13 17:00:00,1.0,0.00022041416,0.0,0.0002193852,9.908417e-07
299.56055,0.26761472,0.08728975,0.23121351,0.0,2014-08-13 18:00:00,1.0,8.385861e-05,0.0,8.356315e-05,0.0
300.03076,0.19799209,0.0847218,0.1494245,0.0,2014-08-13 19:00:00,0.0,2.3098492e-06,0.0,2.3005568e-06,0.0
300.61768,0.076075494,0.064659774,0.05435253,0.0,2014-08-13 20:00:00,0.0,0.0,0.0,0.0,0.0
300.83667,0.18238944,0.061129592,0.060861584,0.11093634,2014-08-13 21:00:00,0.0,0.0,0.0,0.0,0.0
300.76953,0.20898461,0.053169154,0.076119065,0.12496483,2014-08-13 22:00:00,0.0,0.0,0.0,0.0,0.0
300.18945,0.3001848,0.038010754,0.055485245,0.25049663,2014-08-13 23:00:00,0.0,0.0,0.0,0.0,0.0
299.13306,0.7529426,0.033481,0.021586508,0.75083876,2014-08-14 00:00:00,0.0,0.0,0.0,0.0,0.0
297.28516,0.8070966,0.056048356,0.037476916,0.80078495,2014-08-14 01:00:00,0.0,0.0,0.0,0.0,0.0
295.2898,0.934255,0.089056194,0.055841014,0.9316194,2014-08-14 02:00:00,0.0,0.0,0.0,0.0,0.0
293.48364,0.5711611,0.03906322,0.02674891,0.5541248,2014-08-14 03:00:00,0.0,0.0,0.0,0.0,0.0
291.53833,0.012642622,0.01000702,0.012642622,0.0,2014-08-14 04:00:00,0.0,0.0,0.0,0.0,0.0
290.4922,0.15075749,0.007989384,0.0026356035,0.14650303,2014-08-14 05:00:00,0.0,0.0,0.0,0.0,0.0
289.7395,0.6273111,0.010057587,0.0,0.6214613,2014-08-14 06:00:00,0.0,0.0,0.0,0.0,0.0
289.36768,0.8474957,0.065555036,0.00053172023,0.8403886,2014-08-14 07:00:00,0.0,0.0,0.0,0.0,0.0
288.77173,0.9687513,0.027522273,0.0,0.9661157,2014-08-14 08:00:00,0.0,0.0,0.0,0.0,0.0
288.36914,0.9694228,0.05257898,0.0,0.9694228,2014-08-14 09:00:00,0.0,0.0,0.0,0.0,0.0
287.60693,0.99073625,0.33888143,0.0,0.982274,2014-08-14 10:00:00,0.0,0.0,0.0,0.0,0.0
287.14453,0.99342126,0.442896,0.012428548,0.98500574,2014-08-14 11:00:00,0.0,0.0,0.0,0.0,0.0
287.26392,0.9812048,0.5651447,0.036981925,0.9377897,2014-08-14 12:00:00,0.0,0.0,0.0,0.0,0.0
288.76953,0.9698848,0.5976424,0.1052897,0.8254017,2014-08-14 13:00:00,0.0,0.0,0.0,0.0,0.0
290.62158,0.89727527,0.5981103,0.0684585,0.6881203,2014-08-14 14:00:00,0.0,0.0,0.0,0.0,0.0
293.0088,0.82614815,0.58961105,0.037348468,0.5039656,2014-08-14 15:00:00,0.0,0.0,0.0,0.0,0.0
294.5957,0.59871835,0.5104952,0.01956857,0.13976496,2014-08-14 16:00:00,0.0,0.0,0.0,0.0,0.0
296.13086,0.4760487,0.12211931,0.0063116476,0.3920806,2014-08-14 17:00:00,0.0,0.0,0.0,0.0,0.0
297.06348,0.98611075,0.016560722,0.0037288337,0.98611075,2014-08-14 18:00:00,0.0,0.0,0.0,0.0,0.0
297.98706,0.94697636,0.0037288337,0.0037288337,0.94697636,2014-08-14 19:00:00,0.0,0.0,0.0,0.0,0.0
298.58325,0.89363796,0.0,0.0,0.89363796,2014-08-14 20:00:00,0.0,0.0,0.0,0.0,0.0
299.04517,0.89483666,0.012144364,0.02204289,0.89110786,2014-08-14 21:00:00,0.0,0.0,0.0,0.0,0.0
299.2373,0.63572454,0.16441667,0.13229364,0.55461776,2014-08-14 22:00:00,0.0,0.0,0.0,0.0,0.0
298.86475,0.29607397,0.13899034,0.17073208,0.098340034,2014-08-14 23:00:00,0.0,0.0,0.0,0.0,0.0
298.04346,0.3338042,0.10649061,0.1539523,0.14442807,2014-08-15 00:00:00,0.0,0.0,0.0,0.0,0.0
296.41626,0.23940957,0.02437795,0.2056191,0.04370835,2014-08-15 01:00:00,0.0,0.0,0.0,0.0,0.0
294.57446,0.41982156,0.025467813,0.25305182,0.18571407,2014-08-15 02:00:00,0.0,0.0,0.0,0.0,0.0
293.2942,0.17160702,0.053998407,0.066147745,0.071350515,2014-08-15 03:00:00,0.0,0.0,0.0,0.0,0.0
292.76074,0.1908642,0.107690156,0.058211874,0.0689221,2014-08-15 04:00:00,0.0,0.0,0.0,0.0,0.0
292.48218,0.17464697,0.02662053,0.09329069,0.076931655,2014-08-15 05:00:00,0.0,0.0,0.0,0.0,0.0
292.32983,0.35376364,0.08109403,0.27130562,0.06766373,2014-08-15 06:00:00,0.0,8.33856e-05,0.0,8.325197e-05,0.0
292.19922,0.43970436,0.12125838,0.23345166,0.1917215,2014-08-15 07:00:00,0.0,1.3721838e-06,0.0,1.2385526e-06,0.0
291.4629,0.6543587,0.24087793,0.2236582,0.5371142,2014-08-15 08:00:00,1.0,8.215029e-05,0.0,8.1968916e-05,0.0
291.02783,0.84096104,0.29187518,0.14585567,0.7606174,2014-08-15 09:00:00,0.0,2.5431844e-05,0.0,2.5431844e-05,0.0
290.7644,0.7657617,0.025621656,0.23764837,0.69714934,2014-08-15 10:00:00,0.0,0.0,0.0,0.0,0.0
290.49634,0.65993994,0.0,0.2886191,0.56217295,2014-08-15 11:00:00,0.0,0.0,0.0,0.0,0.0
290.698,0.5212737,0.059888575,0.26279843,0.313752,2014-08-15 12:00:00,0.0,0.0,0.0,0.0,0.0
292.45093,0.5656983,0.10494286,0.35911655,0.26263124,2014-08-15 13:00:00,0.0,0.0,0.0,0.0,0.0
294.5078,0.61945385,0.12096012,0.21344233,0.4550205,2014-08-15 14:00:00,0.0,0.0,0.0,0.0,0.0
297.17627,0.83570015,0.103845894,0.12176108,0.7797632,2014-08-15 15:00:00,0.0,0.0,0.0,0.0,0.0
298.97803,0.49872136,0.10234815,0.024819832,0.4404567,2014-08-15 16:00:00,0.0,0.0,0.0,0.0,0.0
300.48975,0.26288223,0.2278195,0.0067320913,0.033291835,2014-08-15 17:00:00,0.0,6.0950106e-07,0.0,6.8609194e-07,0.0
301.22046,0.77026206,0.71555537,0.015010219,0.08861029,2014-08-15 18:00:00,0.0,1.9823265e-06,0.0,1.8964429e-06,0.0
301.31006,0.95145655,0.9308352,0.0,0.0920369,2014-08-15 19:00:00,0.0,7.8190845e-07,0.0,8.866962e-07,0.0
301.573,0.92496175,0.91639584,0.09143472,0.1399051,2014-08-15 20:00:00,0.0,3.1462087e-06,0.0,3.1077525e-06,0.0
301.6692,0.9773947,0.9731869,0.44399738,0.2368772,2014-08-15 21:00:00,1.0,1.9066974e-06,0.0,1.982642e-06,0.0
301.31396,0.90008307,0.49367428,0.31246465,0.8287643,2014-08-15 22:00:00,0.0,6.184826e-06,0.0,3.894197e-06,2.138092e-06
301.19873,0.6625427,0.43589455,0.11917806,0.3607899,2014-08-15 23:00:00,0.0,0.0,0.0,2.9545845e-07,0.0
300.60596,0.7344903,0.6066847,0.12427461,0.28648204,2014-08-16 00:00:00,0.0,0.0,0.0,0.0,0.0
299.27466,0.88474166,0.36121833,0.12378031,0.75715077,2014-08-16 01:00:00,0.0,0.0,0.0,0.0,0.0
297.56592,0.92700505,0.26660883,0.11873782,0.89868176,2014-08-16 02:00:00,0.0,0.0,0.0,0.0,0.0
296.03516,0.92228603,0.07928777,0.098056436,0.89916295,2014-08-16 03:00:00,0.0,0.0,0.0,0.0,0.0
295.36523,0.7985947,0.041701265,0.049004912,0.7935915,2014-08-16 04:00:00,0.0,0.0,0.0,0.0,0.0
294.91968,0.7430789,0.05171773,0.04800037,0.7231905,2014-08-16 05:00:00,0.0,0.0,0.0,0.0,0.0
294.083,0.6376254,0.0015890491,0.023192238,0.6199939,2014-08-16 06:00:00,0.0,0.0,0.0,0.0,0.0
293.58423,0.58960575,0.0015890491,0.023717847,0.58282363,2014-08-16 07:00:00,0.0,0.0,0.0,0.0,0.0
292.95215,0.5689388,0.0,0.0,0.5689388,2014-08-16 08:00:00,0.0,0.0,0.0,0.0,0.0
292.3894,0.8607351,0.02327839,0.022092894,0.8607351,2014-08-16 09:00:00,0.0,0.0,0.0,0.0,0.0
292.34302,0.70715,0.037562203,0.021147568,0.69130754,2014-08-16 10:00:00,0.0,0.0,0.0,0.0,0.0
292.01343,0.8150104,0.3698663,0.14883381,0.6563945,2014-08-16 11:00:00,1.0,0.0,0.0,0.0,0.0
292.59424,0.9361444,0.86261386,0.3725127,0.34486747,2014-08-16 12:00:00,1.0,0.0,0.0,0.0,0.0
293.06543,0.9474962,0.88621724,0.42955768,0.11694646,2014-08-16 13:00:00,0.0,0.0,0.0,0.0,0.0
293.90552,0.87402576,0.7941184,0.5281558,0.032659873,2014-08-16 14:00:00,0.0,0.0,0.0,0.0,0.0
295.33398,0.7424788,0.5933977,0.51137686,0.020742595,2014-08-16 15:00:00,0.0,0.0,0.0,0.0,0.0
296.77197,0.7338403,0.47594386,0.5915616,0.0,2014-08-16 16:00:00,1.0,0.0,0.0,0.0,0.0
298.51318,0.73517525,0.42189378,0.48472863,0.0100932345,2014-08-16 17:00:00,0.0,1.1440234e-06,0.0,1.2010642e-06,0.0
299.94775,0.91945904,0.8657709,0.5668436,0.014985189,2014-08-16 18:00:00,1.0,0.0,0.0,4.7747868e-08,0.0
300.60498,1.0,1.0,0.4801299,0.0100932345,2014-08-16 19:00:00,1.0,2.2633205e-05,0.0,1.8891544e-05,3.741662e-06
301.06494,1.0,1.0,0.32434875,0.0033782488,2014-08-16 20:00:00,1.0,3.020867e-05,0.0,2.9884366e-05,2.6726156e-07
302.21997,1.0,1.0,0.3022583,0.0049672946,2014-08-16 21:00:00,1.0,4.083368e-05,0.0,3.8363607e-05,2.7084916e-06
301.56104,0.5275839,0.4647467,0.18253809,0.026368301,2014-08-16 22:00:00,1.0,2.4649446e-05,0.0,2.1652522e-05,2.6726157e-06
301.4961,0.44131547,0.21740937,0.3045169,0.045049027,2014-08-16 23:00:00,1.0,2.2752327e-05,0.0,1.9558662e-05,3.1648106e-06
301.01514,0.4912247,0.21451277,0.35400218,0.11658841,2014-08-17 00:00:00,0.0,1.7691651e-05,0.0,1.5353595e-05,2.4053543e-06
299.4038,0.5123769,0.22373194,0.28518593,0.25651836,2014-08-17 01:00:00,0.0,0.0,0.0,0.0,0.0
298.1748,0.6975299,0.44495094,0.43865752,0.2786367,2014-08-17 02:00:00,1.0,3.7993386e-06,0.0,3.4170353e-06,5.7297444e-07
296.63965,0.7556896,0.33489496,0.511924,0.42762136,2014-08-17 03:00:00,1.0,4.5765657e-05,0.0,3.0272597e-05,1.572218e-05
296.05176,0.7460516,0.33085072,0.4269827,0.42683238,2014-08-17 04:00:00,1.0,4.6752582e-05,0.0,3.126332e-05,1.5746584e-05
295.5935,0.80723965,0.48636603,0.43332052,0.43640977,2014-08-17 05:00:00,1.0,3.9035935e-05,0.0,3.3910866e-05,4.9343917e-06
295.30103,0.7406984,0.50732464,0.47093558,0.3087536,2014-08-17 06:00:00,1.0,3.0493844e-05,0.0,2.5702684e-05,4.5809356e-06
294.63696,0.8982283,0.73943865,0.6008154,0.3224964,2014-08-17 07:00:00,1.0,0.00010942404,0.0,5.4864577e-05,5.429219e-05
294.31372,0.8267267,0.6002403,0.60725904,0.2813779,2014-08-17 08:00:00,1.0,5.6547302e-05,0.0,4.6375106e-05,9.686066e-06
293.8379,0.8167209,0.50035965,0.6333673,0.19070035,2014-08-17 09:00:00,1.0,0.000282323,0.0,0.00026787305,1.4449928e-05
293.60547,0.74452364,0.4954862,0.41397297,0.22644067,2014-08-17 10:00:00,1.0,0.0007033122,0.0,0.000682364,2.0862237e-05
293.22412,0.7313728,0.51767135,0.31701148,0.25652516,2014-08-17 11:00:00,1.0,0.00078646955,0.0,0.00077207177,1.4740906e-05
293.15845,0.84504795,0.7489027,0.2958287,0.16753244,2014-08-17 12:00:00,1.0,7.662695e-06,0.0,1.9246445e-06,5.6810095e-06
293.5193,0.93199325,0.9024943,0.24131256,0.22351515,2014-08-17 13:00:00,1.0,4.299001e-05,0.0,4.249459e-05,1.14079796e-07
293.85864,1.0,1.0,0.15232229,0.34946233,2014-08-17 14:00:00,1.0,0.0002505316,0.0,0.00024657976,3.9326533e-06
294.30518,0.95206404,0.8888666,0.26900983,0.5240188,2014-08-17 15:00:00,1.0,0.00026447605,0.0,0.00025693607,7.749935e-06
294.9912,0.96245265,0.93776745,0.31033164,0.41929275,2014-08-17 16:00:00,1.0,5.749645e-05,0.0,5.3182463e-05,4.1044195e-06
296.16504,1.0,1.0,0.2557937,0.3060969,2014-08-17 17:00:00,1.0,0.0004209862,0.0,0.000417321,3.4743998e-06
296.89014,0.99026906,0.9881124,0.29073226,0.21733356,2014-08-17 18:00:00,1.0,0.00043067778,0.0,0.0004304871,2.6726156e-07
297.55518,0.991523,0.9909913,0.26932013,0.088287294,2014-08-17 19:00:00,1.0,3.206807e-05,0.0,2.795471e-05,3.932635e-06
297.87646,0.9705712,0.9640543,0.34517467,0.07943827,2014-08-17 20:00:00,1.0,8.748009e-05,0.0,6.8531896e-05,1.8900435e-05
297.27686,0.9210899,0.79604226,0.61751676,0.2253182,2014-08-17 21:00:00,1.0,9.066076e-05,0.0,7.971049e-05,1.1179396e-05
297.61914,0.9891773,0.5583932,0.19673061,0.94434434,2014-08-17 22:00:00,1.0,0.0010060677,0.0,0.0009730619,3.296738e-05
296.3999,1.0,1.0,0.07694852,1.0,2014-08-17 23:00:00,1.0,0.0027383144,0.0,0.0023353328,0.00040293392
295.35596,1.0,0.8647338,0.083719075,1.0,2014-08-18 00:00:00,1.0,0.0018342761,0.0,0.0014260388,0.00040844665
295.19556,0.9970973,0.79005015,0.13149315,0.9916152,2014-08-18 01:00:00,1.0,0.00023973524,0.0,0.00016714745,7.23971e-05
294.80737,0.99946827,0.9531873,0.37571442,0.98999023,2014-08-18 02:00:00,1.0,0.00012995893,0.0,7.451343e-05,5.5311873e-05
294.37256,0.9978961,0.97481185,0.3266576,0.962291,2014-08-18 03:00:00,1.0,2.4423876e-05,0.0,1.6769336e-06,2.2728025e-05
294.06055,1.0,1.0,0.19288194,0.7079559,2014-08-18 04:00:00,1.0,0.00019556917,0.0,0.00019363168,2.1759024e-06
293.98926,1.0,1.0,0.2856304,0.17884284,2014-08-18 05:00:00,1.0,0.00015630217,0.0,0.000105198196,5.1123512e-05
293.84766,1.0,1.0,0.2107538,0.14472061,2014-08-18 06:00:00,1.0,0.00027753832,0.0,0.00019940392,7.781014e-05
293.80786,1.0,1.0,0.09892535,0.48921078,2014-08-18 07:00:00,1.0,0.00041293656,0.0,0.00024734833,0.00016558805
293.76123,1.0,0.9853412,0.053436723,0.9443274,2014-08-18 08:00:00,1.0,0.00053451466,0.0,0.00032301224,0.00021138838
293.96533,0.9946291,0.9571013,0.0,0.9198995,2014-08-18 09:00:00,1.0,0.0004236307,0.0,0.00019515787,0.00022854947
293.96875,0.8334024,0.4744208,0.30104667,0.6165135,2014-08-18 10:00:00,1.0,0.0001885594,0.0,0.00011122014,7.762542e-05
294.19775,0.772769,0.2856583,0.32324988,0.53734994,2014-08-18 11:00:00,1.0,2.5236455e-05,0.0,2.2717231e-06,2.3098371e-05
294.19873,0.7479353,0.2520795,0.13941312,0.61643744,2014-08-18 12:00:00,1.0,9.574562e-06,0.0,1.0690455e-06,8.333749e-06
294.7085,0.7618634,0.25144923,0.013685811,0.7171118,2014-08-18 13:00:00,1.0,0.00012628327,0.0,8.765764e-05,3.814879e-05
295.26562,0.6447604,0.39181495,0.0048919544,0.45484275,2014-08-18 14:00:00,1.0,0.00013719918,0.0,5.639228e-05,8.075946e-05
296.6355,0.60776687,0.56355774,0.0,0.15449381,2014-08-18 15:00:00,1.0,0.00012686271,0.0,6.622827e-05,6.0328734e-05
298.18872,0.72810024,0.7091054,0.0100932345,0.06937915,2014-08-18 16:00:00,1.0,0.00014040494,0.0,9.482844e-05,4.58242e-05
299.61206,0.7969997,0.7621658,0.013098966,0.16373879,2014-08-18 17:00:00,1.0,0.00019375597,0.0,0.00015349661,4.0288185e-05
300.43164,0.71246123,0.61462647,0.016369019,0.29924792,2014-08-18 18:00:00,1.0,0.0003002023,0.0,0.00029575103,4.269733e-06
300.9856,0.54713607,0.3195706,0.07718724,0.2424357,2014-08-18 19:00:00,1.0,0.0001736249,0.0,0.00017381557,0.0
301.28418,0.5394385,0.17604077,0.17165333,0.40666175,2014-08-18 20:00:00,1.0,0.00019592544,0.0,0.0001955534,0.0
301.73877,0.46671158,0.06335807,0.08611143,0.40381378,2014-08-18 21:00:00,1.0,0.00015660482,0.0,0.00015691982,0.0
302.73193,0.9314175,0.042170804,0.13532776,0.9139501,2014-08-18 22:00:00,0.0,0.00023120562,0.0,0.00023131039,0.0
301.16968,0.9125605,0.025961064,0.051044855,0.9125605,2014-08-18 23:00:00,0.0,0.00033168308,0.0,0.00033187377,0.0
299.97998,0.8371453,0.021835826,0.08856273,0.8228811,2014-08-19 00:00:00,1.0,0.00014822978,0.0,0.00014822978,0.0
297.07202,0.68402714,0.07120025,0.07884377,0.6507306,2014-08-19 01:00:00,1.0,0.003138784,0.0,0.0031307312,7.890863e-06
295.10986,0.784495,0.24189174,0.19628787,0.66452295,2014-08-19 02:00:00,1.0,0.0032669543,0.0,0.0032285159,3.8467362e-05
293.5193,0.5229033,0.17733777,0.11591387,0.4020849,2014-08-19 03:00:00,1.0,0.0012884988,0.0,0.0012305155,5.784021e-05
292.7964,0.14796925,0.11231041,0.026864871,0.023495734,2014-08-19 04:00:00,1.0,0.00019667213,0.0,0.00017763159,1.8906896e-05
292.188,0.13810235,0.1151945,0.033248644,0.0068879165,2014-08-19 05:00:00,1.0,4.7359383e-05,0.0,3.320424e-05,1.4155131e-05
291.81592,0.22466755,0.18055111,0.06768036,0.014933642,2014-08-19 06:00:00,0.0,9.549569e-08,0.0,0.0,9.549569e-08
291.90234,0.051758025,0.050700698,0.0,0.0010573287,2014-08-19 07:00:00,0.0,0.0,0.0,0.0,0.0
291.6709,0.03450001,0.03450001,0.0,0.0,2014-08-19 08:00:00,0.0,0.0,0.0,0.0,0.0
291.27954,0.34161043,0.34161043,0.0,0.0,2014-08-19 09:00:00,0.0,0.0,0.0,0.0,0.0
291.13354,0.7982684,0.79138047,0.083669245,0.0,2014-08-19 10:00:00,0.0,0.0,0.0,0.0,0.0
291.1372,0.8526564,0.8521247,0.012005735,0.0,2014-08-19 11:00:00,1.0,0.0,0.0,0.0,0.0
291.31348,0.96517473,0.96517473,0.0,0.0,2014-08-19 12:00:00,1.0,0.0,0.0,0.0,0.0
291.71753,0.8154882,0.8154882,0.0033782488,0.0,2014-08-19 13:00:00,1.0,1.1779228e-05,0.0,1.1226767e-05,4.954212e-07
292.34448,0.58918035,0.58918035,0.0,0.0,2014-08-19 14:00:00,1.0,7.153051e-05,0.0,4.7420224e-05,2.4740308e-05
293.83374,0.60871065,0.60372454,0.01336024,0.0,2014-08-19 15:00:00,1.0,5.4370845e-05,0.0,3.7210222e-05,1.6769976e-05
295.22705,0.8122435,0.80423456,0.0281954,0.0,2014-08-19 16:00:00,1.0,3.7576596e-05,0.0,3.402625e-05,3.5884805e-06
296.53467,0.89588547,0.8903505,0.014451146,0.018123847,2014-08-19 17:00:00,1.0,6.389737e-05,0.0,6.2619714e-05,1.258104e-06
297.38892,0.69528246,0.65961874,0.17841107,0.03486964,2014-08-19 18:00:00,1.0,0.000101197686,0.0,8.6311964e-05,1.4942756e-05
298.21484,0.62071055,0.5426899,0.24946368,0.08533615,2014-08-19 19:00:00,0.0,0.00011327359,0.0,8.3808176e-05,2.957019e-05
298.7688,0.65051305,0.5892589,0.2064048,0.069675446,2014-08-19 20:00:00,1.0,1.887411e-05,0.0,1.7605751e-05,1.392701e-06
299.54053,0.7563596,0.712705,0.35505015,0.05103616,2014-08-19 21:00:00,1.0,2.3734101e-05,0.0,2.1619111e-05,2.1726764e-06
299.32227,0.34343266,0.16991538,0.3024695,0.016864851,2014-08-19 22:00:00,0.0,1.5650949e-05,0.0,1.5183741e-05,6.101426e-07
299.0974,0.39325547,0.2337699,0.35295248,0.0,2014-08-19 23:00:00,1.0,1.9816844e-06,0.0,1.4769712e-06,6.0950106e-07
298.11865,0.25307167,0.1384756,0.22159153,0.0,2014-08-20 00:00:00,0.0,0.0,0.0,0.0,0.0
296.41382,0.31725466,0.15725434,0.2932526,0.0,2014-08-20 01:00:00,0.0,0.0,0.0,0.0,0.0
294.6411,0.24971032,0.11567271,0.224451,0.0,2014-08-20 02:00:00,0.0,0.0,0.0,0.0,0.0
293.5349,0.27708256,0.15222251,0.20220202,0.06942749,2014-08-20 03:00:00,0.0,0.0,0.0,0.0,0.0
292.6936,0.28552943,0.16122866,0.03813727,0.13520831,2014-08-20 04:00:00,0.0,0.0,0.0,0.0,0.0
292.25732,0.1843344,0.0026356035,0.0,0.1816988,2014-08-20 05:00:00,0.0,0.0,0.0,0.0,0.0
291.98633,0.13958395,0.0060638934,0.0,0.13563126,2014-08-20 06:00:00,0.0,0.0,0.0,0.0,0.0
291.5166,0.11259425,0.020787813,0.0,0.09443587,2014-08-20 07:00:00,0.0,0.0,0.0,0.0,0.0
290.95947,0.04252059,0.04252059,0.0,0.002103883,2014-08-20 08:00:00,0.0,0.0,0.0,0.0,0.0
290.302,0.06564212,0.02446904,0.0,0.041173115,2014-08-20 09:00:00,0.0,0.0,0.0,0.0,0.0
290.16016,0.049228616,0.012831885,0.0,0.036413833,2014-08-20 10:00:00,0.0,0.0,0.0,0.0,0.0
290.10425,0.0124641955,0.0100932345,0.0,0.0023709626,2014-08-20 11:00:00,0.0,0.0,0.0,0.0,0.0
290.25415,0.0100932345,0.0100932345,0.0,0.0,2014-08-20 12:00:00,0.0,0.0,0.0,0.0,0.0
291.45435,0.04365455,0.04365455,0.0,0.0,2014-08-20 13:00:00,0.0,0.0,0.0,0.0,0.0
292.98682,0.017827772,0.0067320913,0.0,0.01109568,2014-08-20 14:00:00,0.0,0.0,0.0,0.0,0.0
294.83374,0.22815615,0.026925862,0.0,0.20122302,2014-08-20 15:00:00,0.0,0.0,0.0,0.0,0.0
296.76343,0.72420925,0.020210877,0.0,0.7174699,2014-08-20 16:00:00,0.0,0.0,0.0,0.0,0.0
298.18848,0.8037909,0.06844568,0.0,0.7948805,2014-08-20 17:00:00,0.0,0.0,0.0,0.0,0.0
299.24585,0.5748484,0.11208373,0.0,0.5302627,2014-08-20 18:00:00,0.0,0.0,0.0,0.0,0.0
300.16528,0.3778553,0.14455032,0.0,0.2825266,2014-08-20 19:00:00,0.0,0.0,0.0,0.0,0.0
300.51807,0.98178655,0.26094633,0.0,0.96106106,2014-08-20 20:00:00,0.0,0.0,0.0,0.0,0.0
300.5786,0.9808609,0.047871508,0.0,0.9808609,2014-08-20 21:00:00,0.0,0.0,0.0,0.0,0.0
300.7522,0.6813831,0.0,0.0,0.6813831,2014-08-20 22:00:00,0.0,0.0,0.0,0.0,0.0
300.6045,0.7749169,0.0,0.0,0.7749169,2014-08-20 23:00:00,0.0,0.0,0.0,0.0,0.0
299.55518,0.7824855,0.022674866,0.0068433695,0.7737933,2014-08-21 00:00:00,0.0,0.0,0.0,0.0,0.0
297.86914,0.568175,0.090213776,0.021157619,0.5209717,2014-08-21 01:00:00,0.0,0.0,0.0,0.0,0.0
296.79175,0.5755602,0.16534698,0.02717147,0.46764868,2014-08-21 02:00:00,0.0,0.0,0.0,0.0,0.0
295.8921,0.84478855,0.13052982,0.054870628,0.8317755,2014-08-21 03:00:00,0.0,0.0,0.0,0.0,0.0
295.11646,0.98316735,0.4783733,0.3957095,0.973178,2014-08-21 04:00:00,0.0,0.00021007578,0.0,0.00021013283,0.0
294.39014,1.0,0.9915399,0.44775307,1.0,2014-08-21 05:00:00,1.0,0.00010416166,0.0,0.000103923245,0.0
293.99292,0.99337184,0.023187261,0.63874036,0.98889697,2014-08-21 06:00:00,1.0,0.00089411414,0.0,0.00089393277,0.0
293.9773,1.0,0.46135455,0.049501233,0.997629,2014-08-21 07:00:00,1.0,6.776913e-05,0.0,4.7747868e-08,6.767362e-05
293.9961,1.0,0.98993397,0.044011194,0.98921347,2014-08-21 08:00:00,1.0,0.0008340364,0.0,0.00082079787,1.3371976e-05
294.03833,1.0,1.0,0.26706046,0.99393606,2014-08-21 09:00:00,1.0,0.0036981935,0.0,0.003610607,8.785381e-05
293.57227,1.0,0.2849118,0.8586133,1.0,2014-08-21 10:00:00,1.0,0.005438175,0.0,0.005312294,0.00012583424
293.52466,1.0,0.038658973,0.88929224,1.0,2014-08-21 11:00:00,1.0,0.0054302886,0.0,0.00497948,0.0004505762
293.511,1.0,0.22873747,0.98316735,1.0,2014-08-21 12:00:00,1.0,0.002739643,0.0,0.0022140653,0.0005255302
293.78467,0.998375,0.31663245,0.9831845,0.9362426,2014-08-21 13:00:00,1.0,0.0011159987,0.0,0.000881833,0.0002341944
294.60107,0.9066514,0.6194387,0.7053469,0.45148736,2014-08-21 14:00:00,1.0,2.8501163e-05,0.0,1.3363075e-07,2.8501163e-05
296.25952,0.79953897,0.7589629,0.44173586,0.080115676,2014-08-21 15:00:00,1.0,8.756759e-06,0.0,8.499435e-06,5.7233285e-07
297.89453,0.993112,0.9920547,0.20136392,0.008432418,2014-08-21 16:00:00,1.0,6.2219464e-05,0.0,6.181921e-05,9.549569e-08
298.86792,1.0,1.0,0.019112512,0.006631516,2014-08-21 17:00:00,1.0,3.6508936e-05,0.0,3.6375306e-05,0.0
299.6289,1.0,1.0,0.0029026829,0.018391833,2014-08-21 18:00:00,0.0,1.949149e-05,0.0,1.9281273e-05,2.6726156e-07
300.31323,1.0,1.0,0.0,0.0031780982,2014-08-21 19:00:00,1.0,1.9507992e-05,0.0,2.1573042e-06,1.7407729e-05
301.0464,0.9966217,0.9966217,0.0010573287,0.016377661,2014-08-21 20:00:00,1.0,5.49854e-05,0.0,2.6331836e-06,5.2428804e-05
301.52808,0.93891984,0.8835475,0.07596612,0.24609262,2014-08-21 21:00:00,1.0,6.0284045e-05,0.0,2.301803e-05,3.713237e-05
299.96802,0.5575743,0.27914333,0.24784458,0.3077355,2014-08-21 22:00:00,1.0,0.00020622312,0.0,0.00017239909,3.397657e-05
300.10522,0.44552976,0.10617179,0.21945882,0.26447076,2014-08-21 23:00:00,1.0,0.00012418201,0.0,9.633521e-05,2.773272e-05
299.92627,0.5493853,0.105363786,0.3902927,0.286905,2014-08-22 00:00:00,0.0,3.0656214e-05,0.0,2.8196097e-05,2.7078404e-06
299.07373,0.44363326,0.10025555,0.32210207,0.12831223,2014-08-22 01:00:00,1.0,0.0,0.0,0.0,0.0
297.8672,0.26695752,0.13611817,0.21374202,0.0,2014-08-22 02:00:00,0.0,0.0,0.0,0.0,0.0
297.36255,0.15906239,0.088207126,0.1257832,0.0,2014-08-22 03:00:00,0.0,1.5756785e-05,0.0,1.570904e-05,0.0
296.6411,0.11590195,0.09228194,0.058992982,0.0,2014-08-22 04:00:00,1.0,2.4840992e-05,0.0,2.4764406e-05,0.0
296.07446,0.09710622,0.087005675,0.030304112,0.0,2014-08-22 05:00:00,1.0,8.456197e-06,0.0,8.3703135e-06,0.0
295.3694,0.115254164,0.11260778,0.005003199,0.0026463778,2014-08-22 06:00:00,0.0,3.0176496e-05,0.0,3.0176496e-05,0.0
295.36084,0.14541078,0.14541078,0.0,0.0,2014-08-22 07:00:00,1.0,1.14079796e-07,0.0,0.0,1.14079796e-07
294.864,0.1847052,0.18260127,0.0,0.002103883,2014-08-22 08:00:00,1.0,0.0,0.0,0.0,0.0
294.6875,0.95496875,0.952848,0.0,0.02002015,2014-08-22 09:00:00,1.0,0.0,0.0,0.0,0.0
294.6631,0.9782789,0.97722155,0.0,0.026831489,2014-08-22 10:00:00,1.0,8.774042e-07,0.0,0.0,8.774042e-07
294.6167,1.0,1.0,0.0,0.025247227,2014-08-22 11:00:00,1.0,2.0957555e-07,0.0,0.0,2.0957555e-07
294.5879,1.0,1.0,0.0,0.004207764,2014-08-22 12:00:00,1.0,9.158646e-07,0.0,0.0,1.1831262e-06
294.48413,1.0,1.0,0.0,0.0,2014-08-22 13:00:00,1.0,1.1440234e-06,0.0,0.0,1.1440234e-06
294.90698,1.0,0.9978961,0.0,0.27344018,2014-08-22 14:00:00,1.0,3.5070498e-06,0.0,0.0,3.39297e-06
295.7727,0.998375,0.998375,0.0,0.017122652,2014-08-22 15:00:00,1.0,6.0349426e-05,0.0,5.5897995e-05,4.1370695e-06
296.99463,1.0,1.0,0.0,0.0016249504,2014-08-22 16:00:00,1.0,3.4791155e-05,0.0,3.3885226e-05,8.5817857e-07
297.71484,1.0,1.0,0.0,0.051425535,2014-08-22 17:00:00,1.0,2.8092996e-05,0.0,2.7978924e-05,0.0
298.16235,1.0,1.0,0.0,0.31993753,2014-08-22 18:00:00,1.0,1.1761955e-05,0.0,1.172382e-05,0.0
299.0349,1.0,1.0,0.0,0.84382755,2014-08-22 19:00:00,1.0,3.1549454e-05,0.0,3.095821e-05,6.101426e-07
299.52466,0.99357176,0.9812052,0.0,0.5330964,2014-08-22 20:00:00,1.0,4.7982336e-05,0.0,4.6267916e-05,2.3630255e-06
299.7539,0.91905844,0.841522,0.0,0.39410383,2014-08-22 21:00:00,0.0,2.7383503e-05,0.0,2.7116883e-05,0.0
299.16016,0.987811,0.9835695,0.0,0.42812514,2014-08-22 22:00:00,1.0,9.266264e-06,0.0,9.485778e-06,0.0
299.2871,0.9833648,0.96577984,0.0,0.55302006,2014-08-22 23:00:00,0.0,1.2972059e-06,0.0,1.2113223e-06,0.0
298.66357,0.9566953,0.9393635,0.0,0.3695889,2014-08-23 00:00:00,0.0,0.0,0.0,0.0,0.0
297.56226,0.9973536,0.9947011,0.0,0.19902045,2014-08-23 01:00:00,0.0,0.0,0.0,0.0,0.0
296.3252,0.9952328,0.98993397,0.0,0.44559574,2014-08-23 02:00:00,0.0,0.0,0.0,0.0,0.0
295.58057,0.98674554,0.9798576,0.0016249504,0.46467423,2014-08-23 03:00:00,1.0,0.0,0.0,0.0,0.0
294.96216,0.9596825,0.943008,0.005003199,0.39278305,2014-08-23 04:00:00,1.0,5.9091695e-07,0.0,0.0,5.9091695e-07
294.5432,0.94884163,0.79304653,0.0,0.6879484,2014-08-23 05:00:00,0.0,2.0957555e-07,0.0,0.0,2.0957555e-07
294.0005,0.97372377,0.64670944,0.008415531,0.9029698,2014-08-23 06:00:00,0.0,3.813414e-07,0.0,0.0,3.813414e-07
293.74707,0.99946827,0.7315661,0.002103883,0.98768294,2014-08-23 07:00:00,1.0,7.8190845e-07,0.0,0.0,6.678286e-07
293.33105,1.0,0.82375646,0.0,0.98216486,2014-08-23 08:00:00,1.0,5.108035e-06,0.0,0.0,4.726694e-06
293.2041,0.99089694,0.81242126,0.040408768,0.9542259,2014-08-23 09:00:00,1.0,3.9274846e-06,0.0,0.0,4.1184758e-06
293.469,1.0,0.9870951,0.11024976,1.0,2014-08-23 10:00:00,1.0,2.5738846e-06,0.0,0.0,2.7456508e-06
293.3064,0.9932679,0.9899067,0.020823918,0.5337776,2014-08-23 11:00:00,1.0,7.440987e-07,0.0,0.0,7.440987e-07
293.37427,1.0,1.0,0.3601693,0.98652846,2014-08-23 12:00:00,1.0,3.8909666e-06,0.0,1.0478777e-07,3.8909666e-06
293.49146,1.0,0.9868425,0.44865853,1.0,2014-08-23 13:00:00,1.0,8.256196e-06,0.0,0.0,7.988934e-06
293.77124,1.0,1.0,0.29889035,1.0,2014-08-23 14:00:00,1.0,3.2045546e-06,0.0,0.0,2.9949788e-06
293.9956,1.0,1.0,0.3683061,1.0,2014-08-23 15:00:00,1.0,3.8544495e-06,0.0,0.0,3.7012678e-06
294.36035,1.0,1.0,0.80268717,1.0,2014-08-23 16:00:00,1.0,5.2644427e-06,0.0,0.0,6.027126e-06
295.42285,1.0,0.9968219,0.95610774,1.0,2014-08-23 17:00:00,1.0,1.3828919e-05,0.0,1.02635495e-05,3.7371346e-06
296.74805,1.0,0.99351895,0.71503997,0.9797379,2014-08-23 18:00:00,1.0,9.415542e-05,0.0,8.750439e-05,6.660325e-06
297.24146,1.0,1.0,0.08206582,0.9277267,2014-08-23 19:00:00,1.0,4.7727503e-05,0.0,3.1453703e-05,1.6474063e-05
298.0454,1.0,1.0,0.03403918,0.9768111,2014-08-23 20:00:00,1.0,0.000256052,0.0,9.388503e-05,0.00016216713
298.5979,0.9722609,0.49373507,0.20376748,0.95185477,2014-08-23 21:00:00,1.0,2.1960193e-05,0.0,4.2931424e-06,1.7628918e-05
298.84912,1.0,0.93247235,0.065125406,0.9946652,2014-08-23 22:00:00,1.0,8.0184345e-06,0.0,5.900227e-06,2.289973e-06
299.37988,1.0,0.9858937,0.045902636,0.9725231,2014-08-23 23:00:00,1.0,1.23144955e-05,0.0,9.249661e-06,3.341709e-06
298.77002,1.0,1.0,0.20326865,1.0,2014-08-24 00:00:00,1.0,1.2965547e-06,0.0,1.0482026e-06,2.864872e-07
298.13306,1.0,0.9947263,0.20822245,0.9858937,2014-08-24 01:00:00,1.0,1.1248581e-05,0.0,1.100055e-05,1.9099144e-07
297.38086,0.99078566,0.9310017,0.08690107,0.7274353,2014-08-24 02:00:00,1.0,9.390673e-06,0.0,9.1234115e-06,3.627573e-07
296.91284,0.9150975,0.9022128,0.03880883,0.066513,2014-08-24 03:00:00,1.0,1.1108964e-05,0.0,8.713227e-06,2.1573178e-06
296.68945,1.0,1.0,0.095788956,0.0,2014-08-24 04:00:00,1.0,1.7418031e-05,0.0,3.3776123e-06,1.4040428e-05
296.78442,0.9978961,0.9978961,0.08500391,0.0,2014-08-24 05:00:00,1.0,1.083009e-05,0.0,3.2430148e-07,9.971912e-06
296.82642,0.9789611,0.9789611,0.03423341,0.0,2014-08-24 06:00:00,1.0,2.5931195e-06,0.0,4.3838128e-07,2.2117783e-06
296.68872,0.80647326,0.8032233,0.011737764,0.0,2014-08-24 07:00:00,1.0,1.9835512e-05,0.0,0.0,1.9835512e-05
296.3838,0.74795187,0.7463269,0.015363548,0.0,2014-08-24 08:00:00,1.0,1.7541661e-06,0.0,0.0,1.7541661e-06
296.1123,0.7127141,0.6935739,0.034072645,0.0,2014-08-24 09:00:00,1.0,3.471816e-06,0.0,0.0,3.3577362e-06
296.16064,0.56653386,0.28232825,0.39348727,0.0,2014-08-24 10:00:00,1.0,4.253724e-06,0.0,6.68154e-07,3.7192012e-06
296.03223,0.8215794,0.7546073,0.34233224,0.0,2014-08-24 11:00:00,1.0,1.8682458e-06,0.0,0.0,1.8682458e-06
295.77222,0.9968219,0.99629015,0.13928795,0.15814471,2014-08-24 12:00:00,1.0,0.0,0.0,0.0,0.0
296.08105,0.96199876,0.8951089,0.046199076,0.45844626,2014-08-24 13:00:00,1.0,2.0803973e-06,0.0,0.0,2.289973e-06
296.54395,0.96534204,0.77451825,0.030474342,0.7489907,2014-08-24 14:00:00,1.0,6.7910823e-06,0.0,1.5253562e-07,6.5815075e-06
297.73315,0.9829971,0.6469484,0.038219344,0.94327825,2014-08-24 15:00:00,0.0,2.6117032e-06,0.0,2.1919059e-06,4.7683716e-07
298.96143,0.9699015,0.55180913,0.0047394857,0.94660133,2014-08-24 16:00:00,0.0,0.0,0.0,0.0,0.0
300.2456,0.9845886,0.6486324,0.060108837,0.92976874,2014-08-24 17:00:00,0.0,0.0,0.0,0.0,0.0
301.58936,0.9598634,0.5489202,0.062030926,0.90030074,2014-08-24 18:00:00,0.0,0.0,0.0,0.0,0.0
302.8357,0.62859714,0.054009594,0.032998703,0.6002016,2014-08-24 19:00:00,0.0,2.699341e-05,0.0,2.685978e-05,0.0
303.4751,0.7391069,0.6765039,0.11381835,0.133116,2014-08-24 20:00:00,0.0,1.2950809e-05,0.0,1.3007849e-05,0.0
303.65454,0.690796,0.54512703,0.32301432,0.065496564,2014-08-24 21:00:00,0.0,5.3240265e-06,0.0,4.656844e-06,6.101426e-07
302.86255,0.85887235,0.7224169,0.4999171,0.021706536,2014-08-24 22:00:00,1.0,8.017847e-06,0.0,8.017847e-06,0.0
302.25635,0.66277313,0.17186958,0.5886919,0.13540792,2014-08-24 23:00:00,0.0,4.4033048e-05,0.0,3.065217e-05,1.3266143e-05
301.58228,0.72254896,0.0100932345,0.37105447,0.6165352,2014-08-25 00:00:00,0.0,0.0,0.0,0.0,0.0
300.57764,0.82640666,0.0016249504,0.23485857,0.7638845,2014-08-25 01:00:00,0.0,0.0,0.0,0.0,0.0
299.64575,0.3972957,0.003781621,0.2686295,0.17726499,2014-08-25 02:00:00,0.0,0.0,0.0,0.0,0.0
298.80176,0.07437301,0.066997945,0.018067192,0.0,2014-08-25 03:00:00,0.0,6.0950106e-07,0.0,7.431318e-07,0.0
298.1421,0.14580524,0.13999152,0.013471484,0.005813699,2014-08-25 04:00:00,0.0,7.4339e-05,0.0,7.415762e-05,0.0
297.08667,0.5922973,0.1586988,0.07229537,0.5192952,2014-08-25 05:00:00,0.0,0.00012496067,0.0,0.0001250943,0.0
296.448,0.9269768,0.062134728,0.049657423,0.9186125,2014-08-25 06:00:00,0.0,2.6449605e-05,0.0,0.0,2.6449605e-05
295.64502,0.97813016,0.0026463778,0.051869046,0.97813016,2014-08-25 07:00:00,0.0,4.537618e-06,0.0,0.0,4.537618e-06
294.30078,0.99675006,0.0,0.029253911,0.9946291,2014-08-25 08:00:00,0.0,0.0,0.0,0.0,0.0
294.41626,0.6448145,0.0,0.09107417,0.5931238,2014-08-25 09:00:00,0.0,0.0,0.0,0.0,0.0
293.6084,0.2817362,0.020210877,0.03229794,0.25056273,2014-08-25 10:00:00,0.0,0.0,0.0,0.0,0.0
291.56982,0.017396573,0.0,0.008701935,0.009233657,2014-08-25 11:00:00,0.0,0.0,0.0,0.0,0.0
291.99072,0.3651554,0.3651554,0.0,0.0,2014-08-25 12:00:00,0.0,0.0,0.0,0.0,0.0
293.6001,0.33671844,0.33671844,0.0,0.0,2014-08-25 13:00:00,0.0,0.0,0.0,0.0,0.0
295.36206,0.0,0.0,0.0,0.0,2014-08-25 14:00:00,0.0,0.0,0.0,0.0,0.0
297.0652,0.0,0.0,0.0,0.0,2014-08-25 15:00:00,0.0,0.0,0.0,4.7747868e-08,0.0
297.77002,0.23601156,0.0,0.0,0.23601156,2014-08-25 16:00:00,0.0,0.0,0.0,0.0,0.0
298.45483,0.09993321,0.0,0.0,0.09993321,2014-08-25 17:00:00,0.0,0.0,0.0,0.0,0.0
298.6255,0.0,0.0,0.0,0.0,2014-08-25 18:00:00,0.0,0.0,0.0,0.0,0.0
298.66406,0.0,0.0,0.0,0.0,2014-08-25 19:00:00,0.0,0.0,0.0,0.0,0.0
298.6355,0.0,0.0,0.0,0.0,2014-08-25 20:00:00,0.0,0.0,0.0,0.0,0.0
298.27026,0.017515253,0.0,0.0,0.017515253,2014-08-25 21:00:00,0.0,0.0,0.0,0.0,0.0
297.4231,0.19408351,0.0,0.0060638934,0.19408351,2014-08-25 22:00:00,0.0,0.0,0.0,0.0,0.0
296.5127,0.565585,0.0,0.20864928,0.4585287,2014-08-25 23:00:00,0.0,0.0,0.0,0.0,0.0
295.75903,0.4270662,0.0,0.16653126,0.3042156,2014-08-26 00:00:00,0.0,0.0,0.0,0.0,0.0
294.6228,0.015734568,0.0,0.015734568,0.0,2014-08-26 01:00:00,0.0,0.0,0.0,0.0,0.0
293.6792,0.0,0.0,0.0,0.0,2014-08-26 02:00:00,0.0,0.0,0.0,0.0,0.0
292.41626,0.021088354,0.0032499009,0.018931683,0.00053172023,2014-08-26 03:00:00,0.0,0.0,0.0,0.0,0.0
291.83105,0.2889431,0.0,0.0,0.2889431,2014-08-26 04:00:00,0.0,0.0,0.0,0.0,0.0
291.13477,0.39925766,0.0,0.0,0.39925766,2014-08-26 05:00:00,0.0,0.0,0.0,0.0,0.0
290.26294,0.14037752,0.0,0.0,0.14037752,2014-08-26 06:00:00,0.0,0.0,0.0,0.0,0.0
289.41846,0.42092443,0.0,0.0,0.42092443,2014-08-26 07:00:00,0.0,0.0,0.0,0.0,0.0
288.62988,0.14713049,0.0,0.0,0.14713049,2014-08-26 08:00:00,0.0,0.0,0.0,0.0,0.0
287.89795,0.03309399,0.0,0.0,0.03309399,2014-08-26 09:00:00,0.0,0.0,0.0,0.0,0.0
287.2937,0.1981281,0.0,0.0,0.1981281,2014-08-26 10:00:00,0.0,0.0,0.0,0.0,0.0
286.80908,0.9136676,0.0,0.0,0.9136676,2014-08-26 11:00:00,0.0,0.0,0.0,0.0,0.0
286.5027,1.0,0.0034282913,0.0,1.0,2014-08-26 12:00:00,0.0,0.0,0.0,0.0,0.0
286.86768,1.0,0.00053172023,0.0,1.0,2014-08-26 13:00:00,0.0,0.0,0.0,0.0,0.0
287.89502,1.0,0.13306552,0.0,1.0,2014-08-26 14:00:00,0.0,0.0,0.0,0.0,0.0
289.40527,0.9826589,0.10888833,0.0,0.9826589,2014-08-26 15:00:00,0.0,0.0,0.0,0.0,0.0
290.62793,0.74920994,0.11281091,0.0,0.72326696,2014-08-26 16:00:00,0.0,0.0,0.0,0.0,0.0
291.9536,0.15339535,0.0,0.0,0.15339535,2014-08-26 17:00:00,0.0,0.0,0.0,0.0,0.0
293.40552,0.06225661,0.0,0.0,0.06225661,2014-08-26 18:00:00,0.0,0.0,0.0,0.0,0.0
294.45898,0.08220774,0.0,0.0,0.08220774,2014-08-26 19:00:00,0.0,0.0,0.0,0.0,0.0
295.40015,0.08748889,0.0,0.0,0.08748889,2014-08-26 20:00:00,0.0,0.0,0.0,0.0,0.0
295.84888,0.12236267,0.0,0.0,0.12236267,2014-08-26 21:00:00,0.0,0.0,0.0,0.0,0.0
295.75928,0.57500374,0.0,0.0,0.57500374,2014-08-26 22:00:00,0.0,0.0,0.0,0.0,0.0
295.3662,0.6931413,0.0,0.0016249504,0.69149923,2014-08-26 23:00:00,0.0,0.0,0.0,0.0,0.0
294.42896,0.73458683,0.0,0.035205416,0.7324829,2014-08-27 00:00:00,0.0,0.0,0.0,0.0,0.0
292.96094,0.41141284,0.0,0.37309247,0.106910706,2014-08-27 01:00:00,0.0,0.0,0.0,0.0,0.0
292.2495,0.47390723,0.0,0.46054697,0.02320239,2014-08-27 02:00:00,0.0,0.0,0.0,0.0,0.0
290.64282,0.5120634,0.0,0.511,0.025848769,2014-08-27 03:00:00,0.0,0.0,0.0,0.0,0.0
290.8601,0.6276787,0.0,0.43227166,0.31875688,2014-08-27 04:00:00,0.0,0.0,0.0,0.0,0.0
290.60376,0.3700739,0.0,0.15337145,0.27999872,2014-08-27 05:00:00,0.0,1.1459488e-06,0.0,1.0982003e-06,0.0
289.73804,0.2721492,0.0,0.25395757,0.023215137,2014-08-27 06:00:00,0.0,0.0,0.0,0.0,0.0
289.29395,0.27379966,0.0,0.27379966,0.0,2014-08-27 07:00:00,0.0,0.0,0.0,0.0,0.0
289.17236,0.20005804,0.0,0.19505483,0.013248995,2014-08-27 08:00:00,0.0,0.0,0.0,0.0,0.0
288.96362,0.26897234,0.0,0.26897234,0.0,2014-08-27 09:00:00,0.0,0.0,0.0,0.0,0.0
289.05762,0.6196295,0.0,0.6196295,0.0,2014-08-27 10:00:00,0.0,0.0,0.0,0.0,0.0
288.63037,0.47660965,0.0,0.47660965,0.0,2014-08-27 11:00:00,0.0,0.0,0.0,0.0,0.0
288.1797,0.14615262,0.0,0.14615262,0.00053172023,2014-08-27 12:00:00,0.0,0.0,0.0,0.0,0.0
289.34424,0.05789957,0.0,0.05288953,0.00608078,2014-08-27 13:00:00,0.0,0.0,0.0,0.0,0.0
290.9475,0.13444841,0.0,0.1278562,0.007123966,2014-08-27 14:00:00,0.0,0.0,0.0,0.0,0.0
292.7915,0.27107644,0.0,0.03293944,0.2658162,2014-08-27 15:00:00,0.0,0.0,0.0,0.0,0.0
293.83374,0.41406232,0.0,0.0029026829,0.41406232,2014-08-27 16:00:00,0.0,0.0,0.0,0.0,0.0
294.79956,0.13102746,0.0,0.0,0.13102746,2014-08-27 17:00:00,0.0,0.0,0.0,0.0,0.0
295.3589,0.069590926,0.0023709626,0.0,0.06721991,2014-08-27 18:00:00,0.0,0.0,0.0,0.0,0.0
296.44922,0.07586658,0.0,0.0,0.07586658,2014-08-27 19:00:00,0.0,2.972527e-06,0.0,0.0,2.972527e-06
296.67456,0.35904598,0.3458019,0.0,0.013244111,2014-08-27 20:00:00,0.0,0.0,0.0,0.0,0.0
297.3015,0.54083353,0.49421322,0.0,0.047677584,2014-08-27 21:00:00,0.0,0.0,0.0,0.0,0.0
297.50293,0.90000653,0.20640284,0.0,0.8732807,2014-08-27 22:00:00,0.0,0.0,0.0,0.0,0.0
297.31763,0.7575309,0.19391614,0.0,0.7077739,2014-08-27 23:00:00,0.0,0.0,0.0,0.0,0.0
296.43384,0.6399317,0.093405664,0.0,0.5933425,2014-08-28 00:00:00,0.0,0.0,0.0,0.0,0.0
293.87524,0.13069177,0.083480716,0.0,0.04718665,2014-08-28 01:00:00,0.0,0.0,0.0,0.0,0.0
292.16968,0.049600154,0.049600154,0.0,0.0,2014-08-28 02:00:00,0.0,0.0,0.0,0.0,0.0
290.85352,0.04204865,0.02886575,0.0,0.015269674,2014-08-28 03:00:00,0.0,0.0,0.0,0.0,0.0
290.15527,0.098495305,0.0054821298,0.0,0.09301317,2014-08-28 04:00:00,0.0,0.0,0.0,0.0,0.0
289.99878,0.60377926,0.009478044,0.0016249504,0.60041815,2014-08-28 05:00:00,0.0,0.0,0.0,0.0,0.0
289.5498,0.8994947,0.013574567,0.011203606,0.8994947,2014-08-28 06:00:00,0.0,0.0,0.0,0.0,0.0
289.35278,0.9455346,0.040016674,0.048186302,0.9455346,2014-08-28 07:00:00,0.0,0.0,0.0,0.0,0.0
289.08325,0.9909913,0.0033782488,0.02394322,0.9909913,2014-08-28 08:00:00,0.0,0.0,0.0,0.0,0.0
289.03613,0.9751008,0.013043739,0.07255322,0.97086537,2014-08-28 09:00:00,0.0,0.0,0.0,0.0,0.0
288.92456,0.99946827,0.0016249504,0.12103301,0.99946827,2014-08-28 10:00:00,0.0,0.0,0.0,0.0,0.0
288.687,1.0,0.0,0.11514783,1.0,2014-08-28 11:00:00,0.0,0.0,0.0,0.0,0.0
288.7998,0.8049728,0.0054821298,0.11452913,0.7983447,2014-08-28 12:00:00,0.0,0.0,0.0,0.0,0.0
289.8828,0.998375,0.043606773,0.15441853,0.998375,2014-08-28 13:00:00,0.0,0.0,0.0,0.0,0.0
291.38452,1.0,0.13716263,0.18918508,1.0,2014-08-28 14:00:00,0.0,0.0,0.0,0.0,0.0
293.24414,1.0,0.09049946,0.5188996,1.0,2014-08-28 15:00:00,0.0,1.9099144e-07,0.0,0.0,9.549569e-08
294.17432,1.0,0.0,0.33801228,1.0,2014-08-28 16:00:00,0.0,1.3595051e-05,0.0,0.0,1.3499556e-05
295.05444,1.0,0.0,0.34464502,1.0,2014-08-28 17:00:00,1.0,5.2233052e-05,0.0,0.0,5.2233052e-05
294.927,1.0,0.0,0.6252461,1.0,2014-08-28 18:00:00,1.0,0.00023566182,0.0,0.00010717189,0.00012896677
294.51074,1.0,0.0,0.821227,0.99946827,2014-08-28 19:00:00,1.0,0.00020789246,0.0,3.987746e-06,0.00020400021
293.9646,0.9978961,0.012136124,0.9587658,0.9601812,2014-08-28 20:00:00,1.0,0.00034737424,0.0,4.1101557e-06,0.0003430827
293.4934,0.998375,0.102048516,0.9949968,0.82020766,2014-08-28 21:00:00,1.0,0.0003928761,0.0,3.4894329e-06,0.00038972986
293.66504,0.96455216,0.31929088,0.8398141,0.87392956,2014-08-28 22:00:00,1.0,0.00033873436,0.0,3.0475053e-07,0.00033844844
293.22192,1.0,0.4736017,1.0,0.98523414,2014-08-28 23:00:00,1.0,0.00042075408,0.0,2.6726156e-07,0.00042048702
292.66406,1.0,0.599677,0.9873573,0.9289353,2014-08-29 00:00:00,1.0,0.0004117824,0.0,0.0,0.0004117824
292.49487,1.0,0.7335864,0.92941415,0.98516816,2014-08-29 01:00:00,1.0,0.00026890053,0.0,0.0,0.00026890053
292.44458,1.0,0.8882384,0.87212855,0.99446505,2014-08-29 02:00:00,1.0,0.0011196556,0.0,0.000861567,0.00025819335
292.2981,0.9966217,0.96969587,0.8388081,0.6721815,2014-08-29 03:00:00,1.0,0.00146243,0.0,0.00093871425,0.0005237155
292.20923,0.99946827,0.9973536,0.76584816,0.95263106,2014-08-29 04:00:00,1.0,0.0024422277,0.0,0.0017828669,0.0006593503
292.13672,1.0,1.0,0.8465208,0.9689798,2014-08-29 05:00:00,1.0,0.0028688018,0.0,0.0017815488,0.0010874155
292.0437,1.0,1.0,0.6111075,0.96632147,2014-08-29 06:00:00,1.0,0.0013218431,0.0,0.0005825006,0.000739638
292.21924,1.0,1.0,0.5525178,0.9916152,2014-08-29 07:00:00,1.0,0.00048397947,0.0,0.00047557452,8.376077e-06
292.76,1.0,1.0,0.4435079,1.0,2014-08-29 08:00:00,1.0,0.0015175284,0.0,0.0015100096,7.595425e-06
293.18457,1.0,1.0,0.830574,1.0,2014-08-29 09:00:00,1.0,0.0019305204,0.0,0.0017115101,0.00021933459
292.7893,1.0,0.99946827,0.8598991,0.98063195,2014-08-29 10:00:00,1.0,0.0013294863,0.0,0.0010947988,0.00023463056
293.0415,1.0,0.9793362,0.9633544,0.9498729,2014-08-29 11:00:00,1.0,0.0025110538,0.0,0.002235609,0.00027564447
293.1433,1.0,0.9504856,0.572645,0.94486266,2014-08-29 12:00:00,1.0,0.0022005427,0.0,0.0020663685,0.00013426952
293.32446,1.0,0.9479726,0.23301727,0.99348307,2014-08-29 13:00:00,1.0,0.0010344686,0.0,0.0010310453,3.4711647e-06
293.7102,0.9955251,0.6136934,0.22024822,0.99214685,2014-08-29 14:00:00,1.0,0.0013266932,0.0,0.0013228701,3.6416477e-06
294.54712,0.95289725,0.47437495,0.3448009,0.8742056,2014-08-29 15:00:00,1.0,0.0016366288,0.0,0.0016059186,3.084373e-05
294.9148,0.89779115,0.46511793,0.454082,0.7303923,2014-08-29 16:00:00,1.0,0.0017069364,0.0,0.0016945475,1.2484253e-05
295.70972,0.8825696,0.45530313,0.6233274,0.7202716,2014-08-29 17:00:00,1.0,0.0031603645,0.0,0.0031332185,2.7518065e-05
296.51953,0.9222576,0.29727554,0.7834982,0.82394654,2014-08-29 18:00:00,1.0,0.0033088364,0.0,0.003076637,0.00023222847
296.96753,0.94607013,0.20399106,0.7240748,0.9071949,2014-08-29 19:00:00,1.0,0.00084564486,0.0,0.0007056568,0.00013979735
296.95752,0.9522049,0.09336275,0.31333733,0.93335336,2014-08-29 20:00:00,1.0,0.0005721187,0.0,0.0004085761,0.0001635995
296.31104,1.0,0.26280951,0.43092024,1.0,2014-08-29 21:00:00,1.0,0.0044170506,0.0,0.0043424517,7.4552096e-05
295.62915,0.9934043,0.15003836,0.93071085,0.9830501,2014-08-29 22:00:00,1.0,0.0019231287,0.0,0.0016968118,0.00022609811
295.30786,1.0,0.06584793,0.9592826,1.0,2014-08-29 23:00:00,1.0,0.0001830282,0.0,0.0,0.0001830282
295.1294,1.0,0.14483923,0.9810396,1.0,2014-08-30 00:00:00,1.0,0.0002962174,0.0,0.00012614747,0.00016970737
294.70947,1.0,0.3455202,0.84822613,1.0,2014-08-30 01:00:00,1.0,0.00037817936,0.0,7.902155e-06,0.00037046778
294.3501,1.0,0.571837,0.7786806,1.0,2014-08-30 02:00:00,1.0,0.0010473675,0.0,0.00058910623,0.00045817508
293.64404,1.0,0.6359059,0.8744939,1.0,2014-08-30 03:00:00,1.0,0.00092985504,0.0,0.00019515882,0.0007347441
293.417,0.998375,0.44194084,0.8195834,0.9809736,2014-08-30 04:00:00,1.0,0.0008992809,0.0,4.6888395e-05,0.00085229706
293.07764,0.9932679,0.66056406,0.77430815,0.99273616,2014-08-30 05:00:00,1.0,0.0005985042,0.0,6.036926e-05,0.00053847814
292.9817,1.0,0.8535321,0.8231404,0.99946827,2014-08-30 06:00:00,1.0,0.0009829085,0.0,0.0005256897,0.00045759953
292.9265,0.998375,0.85014534,0.6781775,0.99627113,2014-08-30 07:00:00,1.0,0.0010210515,0.0,0.00047667068,0.0005445145
292.6306,0.995108,0.9136723,0.50207746,0.98306423,2014-08-30 08:00:00,1.0,0.00081446953,0.0,0.00038924953,0.00042502908
292.47852,0.998375,0.8674382,0.22202265,0.9849035,2014-08-30 09:00:00,1.0,0.00048179994,0.0,0.00013248516,0.0003489044
292.4624,1.0,0.585247,0.3493876,1.0,2014-08-30 10:00:00,1.0,0.00021417733,0.0,2.2082153e-05,0.00019178016
292.22534,1.0,0.58388925,0.07467717,0.99627113,2014-08-30 11:00:00,0.0,8.598871e-05,0.0,7.1028526e-06,7.8895144e-05
291.89038,0.9381135,0.4650976,0.0,0.8873579,2014-08-30 12:00:00,1.0,2.0780804e-05,0.0,3.9867655e-06,1.6603371e-05
291.9502,0.62151366,0.29985362,0.0,0.4689334,2014-08-30 13:00:00,1.0,3.4730901e-06,0.0,3.2343505e-06,2.864872e-07
292.53027,0.4252742,0.33092493,0.0032499009,0.13703102,2014-08-30 14:00:00,1.0,9.389371e-06,0.0,7.9575675e-06,1.0690455e-06
293.42603,0.64507556,0.63086873,0.015814707,0.013471484,2014-08-30 15:00:00,1.0,1.4569141e-05,0.0,1.319599e-05,1.4881971e-06
294.3059,0.6955508,0.68846816,0.03197369,0.0,2014-08-30 16:00:00,1.0,1.9757921e-05,0.0,1.641942e-05,3.0142046e-06
295.37988,0.9444346,0.94390285,0.03119262,0.0,2014-08-30 17:00:00,0.0,1.5049167e-05,0.0,1.4867789e-05,0.0
295.5105,0.67282003,0.6632585,0.097446024,0.0048919544,2014-08-30 18:00:00,1.0,5.873284e-06,0.0,5.9210324e-06,0.0
296.31445,0.66515326,0.62764883,0.1892578,0.016977832,2014-08-30 19:00:00,1.0,2.4125242e-05,0.0,1.0344975e-05,1.3455972e-05
296.7517,0.5489781,0.36062956,0.36239523,0.04965875,2014-08-30 20:00:00,1.0,4.9193157e-05,0.0,4.0558807e-05,8.758692e-06
296.67456,0.6866794,0.43395674,0.59408647,0.019463405,2014-08-30 21:00:00,0.0,0.00011667126,0.0,9.104049e-05,2.5744841e-05
296.4912,0.58588356,0.25493783,0.5238365,0.0,2014-08-30 22:00:00,0.0,6.040238e-05,0.0,5.772976e-05,2.6726157e-06
296.36328,0.5233755,0.104403555,0.497854,0.0,2014-08-30 23:00:00,0.0,1.8906885e-06,0.0,1.7951934e-06,9.549569e-08
295.60352,0.49724668,0.081380725,0.48392844,0.0,2014-08-31 00:00:00,0.0,0.0,0.0,0.0,0.0
294.09668,0.511038,0.2084266,0.45836157,0.0,2014-08-31 01:00:00,0.0,0.0,0.0,0.0,0.0
293.28247,0.5205139,0.39472598,0.3489306,0.0,2014-08-31 02:00:00,0.0,0.0,0.0,0.0,0.0
292.58545,0.5780869,0.5214299,0.30747914,0.0,2014-08-31 03:00:00,0.0,0.0,0.0,0.0,0.0
291.9192,0.56709707,0.55499655,0.15111,0.0,2014-08-31 04:00:00,0.0,0.0,0.0,0.0,0.0
291.87158,0.6526442,0.64428717,0.22366107,0.0,2014-08-31 05:00:00,0.0,0.0,0.0,0.0,0.0
291.31836,0.67213786,0.63381946,0.24511856,0.0,2014-08-31 06:00:00,0.0,0.0,0.0,0.0,0.0
291.01196,0.658459,0.6312118,0.1708892,0.0,2014-08-31 07:00:00,1.0,1.7945604e-06,0.0,9.354155e-07,7.2551467e-07
290.66113,0.45080215,0.44507003,0.10029286,0.0,2014-08-31 08:00:00,1.0,4.5043444e-06,0.0,1.2972059e-06,3.0539568e-06
290.53613,0.23400795,0.23400795,0.011474017,0.0,2014-08-31 09:00:00,1.0,2.6726156e-07,0.0,0.0,2.6726156e-07
290.44873,0.37884927,0.3707074,0.0,0.011408862,2014-08-31 10:00:00,0.0,0.0,0.0,0.0,0.0
290.42358,0.6266296,0.3905865,0.002103883,0.336276,2014-08-31 11:00:00,0.0,0.0,0.0,0.0,0.0
290.25024,0.83524907,0.68858147,0.12103832,0.3900767,2014-08-31 12:00:00,0.0,0.0,0.0,0.0,0.0
290.96606,0.7696814,0.6837109,0.097803,0.35987014,2014-08-31 13:00:00,1.0,7.804038e-05,0.0,7.790675e-05,0.0
292.10303,0.41885185,0.25568008,0.07910156,0.19311506,2014-08-31 14:00:00,1.0,0.00070554786,0.0,0.00069504627,1.07493115e-05
294.56396,0.14641428,0.019092347,0.11806154,0.011606943,2014-08-31 15:00:00,0.0,7.156946e-05,0.0,6.635727e-05,5.107394e-06
296.70874,0.26966077,0.0033782488,0.2664109,0.0032499009,2014-08-31 16:00:00,0.0,0.0,0.0,0.0,0.0
298.75854,0.22028762,0.06701708,0.036670987,0.14025128,2014-08-31 17:00:00,0.0,3.554579e-05,0.0,3.554579e-05,0.0
300.3794,0.53948134,0.38239884,0.0,0.23637438,2014-08-31 18:00:00,0.0,4.276185e-06,0.0,4.276185e-06,0.0
301.43018,0.9978961,0.80732226,0.0,0.97395635,2014-08-31 19:00:00,1.0,0.00014060331,0.0,0.00014054628,0.0
301.50317,0.9771083,0.5242498,0.23544556,0.9236623,2014-08-31 20:00:00,1.0,0.00010810033,0.0,8.924535e-05,1.903635e-05
300.63184,0.9619564,0.42007416,0.25989234,0.9331433,2014-08-31 21:00:00,1.0,0.000787111,0.0,0.0007760697,1.1117824e-05
300.39868,0.99300414,0.058639687,0.7503901,0.97617304,2014-08-31 22:00:00,0.0,0.0006480487,0.0,0.0006415737,6.2366653e-06
300.94946,0.9133685,0.0,0.4079119,0.84927267,2014-08-31 23:00:00,0.0,5.781638e-06,0.0,0.0,5.781638e-06
299.3545,0.9524118,0.008357041,0.09733069,0.9524118,2014-09-01 00:00:00,1.0,0.0023158607,0.0,0.0022788316,3.7029167e-05
296.84277,1.0,0.0,0.026420895,1.0,2014-09-01 01:00:00,1.0,0.003628625,0.0,0.003476053,0.00015290601
295.4712,1.0,0.038950827,0.3829738,1.0,2014-09-01 02:00:00,1.0,0.0014751323,0.0,0.001353866,0.00012118109
293.3916,1.0,0.039573196,0.4715137,1.0,2014-09-01 03:00:00,1.0,0.002305312,0.0,0.00212887,0.00017647089
292.29468,1.0,0.11389077,0.4254855,1.0,2014-09-01 04:00:00,1.0,0.0048741363,0.0,0.0045490377,0.0003255268
291.80005,1.0,0.71562636,0.67558825,1.0,2014-09-01 05:00:00,1.0,0.005305972,0.0,0.0048088543,0.00049688644
291.59106,1.0,0.75699115,0.92840165,1.0,2014-09-01 06:00:00,1.0,0.004890099,0.0,0.004011493,0.0008780542
291.5857,1.0,1.0,1.0,1.0,2014-09-01 07:00:00,1.0,0.0054252893,0.0,0.002125919,0.0032993704
292.03613,1.0,0.8872235,0.981457,1.0,2014-09-01 08:00:00,1.0,0.004396666,0.0,0.00091510266,0.0034816994
292.0515,1.0,0.2398982,0.8538973,1.0,2014-09-01 09:00:00,1.0,0.0008986981,0.0,5.8823396e-05,0.00083992234
291.99048,0.86574686,0.06274676,0.28118527,0.83339816,2014-09-01 10:00:00,0.0,2.5484405e-05,0.0,0.0,2.5484405e-05
292.07495,0.52666897,0.06382519,0.2055313,0.43873578,2014-09-01 11:00:00,0.0,1.14079796e-07,0.0,0.0,1.14079796e-07
291.80322,0.59126866,0.0100932345,0.39853084,0.34086597,2014-09-01 12:00:00,0.0,0.0,0.0,0.0,0.0
292.21387,0.66569406,0.0124641955,0.15964681,0.6024984,2014-09-01 13:00:00,1.0,2.6563677e-05,0.0,2.6640279e-05,0.0
292.74658,0.78460765,0.06236941,0.21127337,0.7308886,2014-09-01 14:00:00,1.0,9.268813e-05,0.0,8.760061e-05,5.2406995e-06
293.80518,0.87904894,0.25807488,0.13888758,0.8184395,2014-09-01 15:00:00,0.0,3.471419e-05,0.0,3.1165153e-05,3.3583774e-06
294.82666,0.7530852,0.3014369,0.48540288,0.5272195,2014-09-01 16:00:00,0.0,7.976143e-06,0.0,8.223853e-06,0.0
295.8181,0.7807868,0.27907467,0.67518413,0.50621444,2014-09-01 17:00:00,0.0,2.3264902e-06,0.0,2.4219862e-06,0.0
296.45776,0.33021092,0.2373547,0.18381459,0.09631801,2014-09-01 18:00:00,0.0,0.0,0.0,0.0,0.0
297.23584,0.23205304,0.2021426,0.12962061,0.0,2014-09-01 19:00:00,1.0,2.1938258e-06,0.0,2.4322444e-06,0.0
297.53638,0.18860078,0.046083797,0.1742754,0.0,2014-09-01 20:00:00,0.0,2.7078313e-06,0.0,2.7078313e-06,0.0
297.80664,0.24761575,0.0021207693,0.24655843,0.0,2014-09-01 21:00:00,0.0,2.0957555e-07,0.0,1.0478777e-07,0.0
297.44702,0.22184777,0.045144632,0.2017926,0.009528086,2014-09-01 22:00:00,0.0,2.0957555e-07,0.0,2.0028352e-07,0.0
297.06445,0.35098147,0.03553095,0.26743048,0.12929398,2014-09-01 23:00:00,0.0,0.0,0.0,0.0,0.0
296.01,0.2828551,0.002103883,0.035827447,0.25335616,2014-09-02 00:00:00,0.0,0.0,0.0,0.0,0.0
293.83545,0.58848506,0.0,0.004260551,0.58848506,2014-09-02 01:00:00,0.0,0.0,0.0,0.0,0.0
292.12573,0.6288829,0.0,0.048891228,0.6163549,2014-09-02 02:00:00,0.0,0.0,0.0,0.0,0.0
290.52808,0.60176027,0.0,0.14434212,0.5457942,2014-09-02 03:00:00,0.0,0.0,0.0,0.0,0.0
289.7876,0.25378537,0.0065169036,0.15280688,0.13942337,2014-09-02 04:00:00,0.0,0.0,0.0,0.0,0.0
289.5337,0.8303061,0.008357041,0.17693871,0.80199337,2014-09-02 05:00:00,0.0,0.0,0.0,0.0,0.0
289.76025,0.9968219,0.0033782488,0.10405022,0.9968219,2014-09-02 06:00:00,1.0,6.5851054e-05,0.0,6.5879896e-05,0.0
289.35547,1.0,0.0,0.09406823,1.0,2014-09-02 07:00:00,0.0,0.0,0.0,0.0,0.0
288.98926,1.0,0.0,0.057100058,1.0,2014-09-02 08:00:00,0.0,0.0,0.0,0.0,0.0
288.7959,0.99657166,0.0,0.36589456,0.99657166,2014-09-02 09:00:00,0.0,0.0,0.0,0.0,0.0
289.16797,0.99946827,0.0,0.9163422,0.9989426,2014-09-02 10:00:00,0.0,0.0,0.0,0.0,0.0
288.77832,1.0,0.0,0.98859113,0.9978792,2014-09-02 11:00:00,0.0,0.0,0.0,0.0,0.0
288.56567,0.9439801,0.0,0.31608778,0.9331322,2014-09-02 12:00:00,0.0,0.0,0.0,0.0,0.0
289.24707,0.0032499009,0.0,0.0,0.0032499009,2014-09-02 13:00:00,0.0,0.0,0.0,0.0,0.0
291.15918,0.0,0.0,0.0,0.0,2014-09-02 14:00:00,0.0,0.0,0.0,0.0,0.0
293.4077,0.00053172023,0.00053172023,0.0,0.0,2014-09-02 15:00:00,0.0,0.0,0.0,0.0,0.0
295.09546,0.04213352,0.010276843,0.037130322,0.0,2014-09-02 16:00:00,1.0,4.6587025e-05,0.0,4.652998e-05,0.0
296.21167,0.066176,0.030233324,0.048535068,0.0,2014-09-02 17:00:00,0.0,1.04685705e-05,0.0,1.0497413e-05,0.0
297.15796,0.046146873,0.04289697,0.02102653,0.0,2014-09-02 18:00:00,0.0,6.0950106e-07,0.0,7.431318e-07,0.0
298.1084,0.19200814,0.044808716,0.14957768,0.0,2014-09-02 19:00:00,1.0,5.3452317e-07,0.0,9.924552e-07,0.0
298.33594,0.28905958,0.0068879165,0.28534973,0.0,2014-09-02 20:00:00,0.0,5.3452317e-07,0.0,5.3452317e-07,0.0
298.6272,0.390087,0.0,0.390087,0.0,2014-09-02 21:00:00,0.0,9.549569e-08,0.0,9.549569e-08,0.0
298.073,0.48671567,0.0,0.48671567,0.0,2014-09-02 22:00:00,0.0,6.101426e-07,0.0,6.101426e-07,0.0
297.7671,0.40300262,0.004260551,0.40300262,0.0,2014-09-02 23:00:00,0.0,0.0,0.0,0.0,0.0
296.7173,0.33991343,0.00053172023,0.33991343,0.0032499009,2014-09-03 00:00:00,0.0,0.0,0.0,0.0,0.0
294.18506,0.19834453,0.0,0.19834453,0.0,2014-09-03 01:00:00,0.0,0.0,0.0,0.0,0.0
292.59717,0.0,0.0,0.0,0.0,2014-09-03 02:00:00,0.0,0.0,0.0,0.0,0.0
291.26465,0.041647274,0.0,0.0,0.041647274,2014-09-03 03:00:00,0.0,0.0,0.0,0.0,0.0
290.97314,0.042147662,0.0,0.0,0.042147662,2014-09-03 04:00:00,0.0,0.0,0.0,0.0,0.0
290.37793,0.052934173,0.0,0.0,0.052934173,2014-09-03 05:00:00,0.0,0.0,0.0,0.0,0.0
289.95044,0.45836222,0.0,0.0,0.45836222,2014-09-03 06:00:00,0.0,0.0,0.0,0.0,0.0
289.58203,0.7470559,0.0,0.0,0.7470559,2014-09-03 07:00:00,0.0,0.0,0.0,0.0,0.0
289.08667,0.35962337,0.0,0.00998199,0.34962428,2014-09-03 08:00:00,0.0,0.0,0.0,0.0,0.0
288.58813,0.23550469,0.0,0.0,0.23550469,2014-09-03 09:00:00,0.0,0.0,0.0,0.0,0.0
288.63037,0.33321756,0.0,0.12055081,0.24229056,2014-09-03 10:00:00,0.0,0.0,0.0,0.0,0.0
288.82642,0.6834938,0.0,0.1733545,0.6506186,2014-09-03 11:00:00,0.0,0.0,0.0,0.0,0.0
289.24707,0.8370232,0.0,0.13867104,0.8009423,2014-09-03 12:00:00,0.0,0.0,0.0,0.0,0.0
290.32153,0.73175997,0.0016249504,0.2692836,0.6418741,2014-09-03 13:00:00,0.0,0.0,0.0,0.0,0.0
291.1792,0.6567784,0.06817776,0.21238917,0.5671639,2014-09-03 14:00:00,0.0,0.0,0.0,0.0,0.0
292.69458,0.94472796,0.3897332,0.70475864,0.85534143,2014-09-03 15:00:00,1.0,0.0,0.0,0.0,0.0
293.7019,0.98780286,0.6087818,0.7645763,0.92113924,2014-09-03 16:00:00,1.0,0.00030742842,0.0,0.00030127005,6.1014252e-06
294.56128,0.9108329,0.52011275,0.5708528,0.7824698,2014-09-03 17:00:00,0.0,0.00014469856,0.0,0.00014456492,0.0
295.3789,0.9011449,0.028721046,0.3009799,0.8801821,2014-09-03 18:00:00,0.0,0.0,0.0,0.0,0.0
296.21167,0.86271954,0.0,0.22346878,0.818207,2014-09-03 19:00:00,1.0,0.00050416705,0.0,0.0005043007,0.0
297.30103,0.7668429,0.30578452,0.34819102,0.56330353,2014-09-03 20:00:00,1.0,0.00012680846,0.0,0.00012689435,0.0
297.8081,0.9740439,0.93376243,0.4675733,0.49889183,2014-09-03 21:00:00,1.0,0.00013280574,0.0,9.3264665e-05,3.951222e-05
298.10132,0.55941635,0.36943173,0.40320116,0.083245635,2014-09-03 22:00:00,1.0,0.0001337959,0.0,5.8861668e-05,7.488647e-05
297.89502,0.67593855,0.030761804,0.6638576,0.09558934,2014-09-03 23:00:00,1.0,0.0014282318,0.0,0.0012625474,0.00016577038
296.13428,0.7882683,0.20871568,0.7532485,0.09710276,2014-09-04 00:00:00,1.0,0.0076038316,0.0,0.006823059,0.000780619
294.76538,0.70955354,0.29590374,0.5880842,0.30450708,2014-09-04 01:00:00,1.0,0.010434553,0.0,0.009602498,0.0008320075
293.84546,0.5389478,0.2818396,0.31272793,0.23005217,2014-09-04 02:00:00,1.0,0.0023399086,0.0,0.0020129678,0.0003268642
293.37085,0.41858828,0.29571283,0.30932218,0.0,2014-09-04 03:00:00,1.0,0.00018064494,0.0,9.621195e-05,8.448074e-05
292.98364,0.4563362,0.3006183,0.3808567,0.0,2014-09-04 04:00:00,1.0,1.6159873e-05,0.0,0.0,1.6159873e-05
292.83618,0.30273688,0.20284903,0.21645957,0.0,2014-09-04 05:00:00,1.0,4.8465563e-06,0.0,0.0,4.8465563e-06
292.83813,0.27799207,0.26552057,0.11999136,0.0,2014-09-04 06:00:00,1.0,1.2215769e-06,0.0,0.0,1.2215769e-06
292.7832,0.19278538,0.1775139,0.024474937,0.0010573287,2014-09-04 07:00:00,1.0,9.536743e-07,0.0,0.0,9.536743e-07
292.7339,0.20318049,0.16909808,0.05352731,0.017479539,2014-09-04 08:00:00,1.0,3.5333424e-06,0.0,3.3423503e-06,2.864872e-07
292.8296,0.4576813,0.3547635,0.22835672,0.08393407,2014-09-04 09:00:00,1.0,0.0002599361,0.0,0.000248814,1.1169785e-05
294.01636,0.99736434,0.99736434,0.3861323,0.15415186,2014-09-04 10:00:00,1.0,0.00017597301,0.0,0.00016201718,1.3955821e-05
293.9751,0.79184616,0.7808544,0.291515,0.015248939,2014-09-04 11:00:00,1.0,2.9469607e-05,0.0,0.0,2.9469607e-05
294.1245,0.8040004,0.8006392,0.047144044,0.0032499009,2014-09-04 12:00:00,1.0,0.00020397283,0.0,1.1725369e-06,0.00020248529
294.8518,0.24776387,0.24613893,0.0016249504,0.0,2014-09-04 13:00:00,1.0,2.8588955e-05,0.0,0.0,2.8588955e-05
295.75024,0.12768185,0.10076743,0.015352879,0.019824393,2014-09-04 14:00:00,1.0,1.7535249e-06,0.0,0.0,1.7535249e-06
297.34644,0.30215156,0.18448132,0.047950912,0.13241392,2014-09-04 15:00:00,0.0,0.0,0.0,0.0,0.0
298.41528,0.52208614,0.28819048,0.18530029,0.18937159,2014-09-04 16:00:00,0.0,0.0,0.0,0.0,0.0
299.41748,0.59090763,0.29742026,0.1684053,0.3866884,2014-09-04 17:00:00,0.0,0.0,0.0,0.0,0.0
300.62305,0.5926425,0.07733691,0.04830265,0.54237676,2014-09-04 18:00:00,0.0,1.0504527e-06,0.0,1.0982003e-06,0.0
301.08936,0.686416,0.0109926425,0.35986888,0.54245055,2014-09-04 19:00:00,0.0,5.007301e-05,0.0,4.9558046e-05,0.0
300.864,0.8118417,0.0010573287,0.31232113,0.73282653,2014-09-04 20:00:00,0.0,1.6035692e-06,0.0,1.7371995e-06,0.0
300.81055,0.86702085,0.005949285,0.0942207,0.8648642,2014-09-04 21:00:00,0.0,0.0,0.0,2.6726156e-07,0.0
300.48657,0.91802394,0.0032499009,0.47077227,0.85892886,2014-09-04 22:00:00,0.0,2.378627e-05,0.0,2.378627e-05,0.0
300.3728,0.9554021,0.12602198,0.6203252,0.8999543,2014-09-04 23:00:00,1.0,1.3363078e-06,0.0,6.68154e-07,8.017848e-07
299.42725,0.9816718,0.37446815,0.56102353,0.93993884,2014-09-05 00:00:00,1.0,1.3363078e-06,0.0,5.3452317e-07,8.017848e-07
298.34277,0.89243853,0.58097804,0.19412172,0.66551656,2014-09-05 01:00:00,1.0,1.9840052e-05,0.0,1.8255712e-05,1.7368748e-06
297.63232,0.8857859,0.8554458,0.06649846,0.15785545,2014-09-05 02:00:00,1.0,8.659471e-05,0.0,5.2138945e-05,3.4322118e-05
296.01318,0.7147736,0.7098816,0.0282542,0.0065169036,2014-09-05 03:00:00,1.0,0.00012831004,0.0,5.3260766e-05,7.531654e-05
294.67017,0.37559992,0.37322897,0.006280929,0.0,2014-09-05 04:00:00,1.0,8.644817e-05,0.0,5.0042043e-05,3.6263198e-05
293.39404,0.35173976,0.35173976,0.0,0.0,2014-09-05 05:00:00,0.0,3.643563e-06,0.0,1.1924085e-06,2.3463663e-06
292.3286,0.22250062,0.22250062,0.0,0.00053172023,2014-09-05 06:00:00,0.0,4.1011745e-06,0.0,0.0,4.1011745e-06
291.28638,0.057064645,0.057064645,0.0,0.0,2014-09-05 07:00:00,0.0,0.0,0.0,0.0,0.0
290.13477,0.07845962,0.031241551,0.0,0.04826813,2014-09-05 08:00:00,0.0,0.0,0.0,0.0,0.0
289.14404,0.20767409,0.012727946,0.0,0.19494003,2014-09-05 09:00:00,0.0,0.0,0.0,0.0,0.0
288.3374,0.8211821,0.054947343,0.0,0.8128177,2014-09-05 10:00:00,0.0,0.0,0.0,0.0,0.0
287.58716,0.9661987,0.13207978,0.0,0.9661987,2014-09-05 11:00:00,0.0,0.0,0.0,0.0,0.0
287.30005,0.9760123,0.05725873,0.0,0.9760123,2014-09-05 12:00:00,0.0,0.0,0.0,0.0,0.0
287.28442,1.0,0.09371412,0.011793781,1.0,2014-09-05 13:00:00,0.0,0.0,0.0,0.0,0.0
287.4707,1.0,0.73059016,0.4495796,1.0,2014-09-05 14:00:00,0.0,0.0,0.0,0.0,0.0
287.96143,1.0,0.9756325,0.070322335,0.9722868,2014-09-05 15:00:00,0.0,0.0,0.0,0.0,0.0
288.7954,1.0,0.9952328,0.061330553,0.48444897,2014-09-05 16:00:00,0.0,2.2918975e-06,0.0,0.0,2.2918975e-06
289.6665,1.0,1.0,0.18532395,1.0,2014-09-05 17:00:00,1.0,5.45285e-06,0.0,4.0595114e-06,9.549567e-07
289.87158,1.0,1.0,0.09000933,1.0,2014-09-05 18:00:00,1.0,4.651074e-06,0.0,4.784705e-06,0.0
290.3225,1.0,1.0,0.054940812,1.0,2014-09-05 19:00:00,0.0,0.0,0.0,0.0,0.0
290.7517,1.0,1.0,0.023284905,1.0,2014-09-05 20:00:00,0.0,0.0,0.0,0.0,0.0
290.95068,1.0,0.96535283,0.0068879165,1.0,2014-09-05 21:00:00,0.0,1.6035692e-06,0.0,1.6035692e-06,0.0
291.12305,1.0,0.9708789,0.0037098185,1.0,2014-09-05 22:00:00,0.0,1.3157805e-06,0.0,1.3157805e-06,0.0
290.96533,1.0,0.80559987,0.0,1.0,2014-09-05 23:00:00,0.0,0.0,0.0,0.0,0.0
290.53174,0.9946291,0.503645,0.0,0.9919468,2014-09-06 00:00:00,0.0,0.0,0.0,0.0,0.0
288.28882,0.5687466,0.21941161,0.0,0.4726348,2014-09-06 01:00:00,0.0,0.0,0.0,0.0,0.0
286.52612,0.09884894,0.085418224,0.0,0.013969775,2014-09-06 02:00:00,0.0,0.0,0.0,0.0,0.0
285.30054,0.016619522,0.00053172023,0.0,0.0160878,2014-09-06 03:00:00,0.0,0.0,0.0,0.0,0.0
284.94336,0.026253987,0.00053172023,0.0,0.025722265,2014-09-06 04:00:00,0.0,0.0,0.0,0.0,0.0
284.8225,0.008451741,0.0,0.0,0.008451741,2014-09-06 05:00:00,0.0,0.0,0.0,0.0,0.0
284.48877,0.0,0.0,0.0,0.0,2014-09-06 06:00:00,0.0,0.0,0.0,0.0,0.0
284.31665,0.0,0.0,0.0,0.0,2014-09-06 07:00:00,0.0,0.0,0.0,0.0,0.0
284.2483,0.0,0.0,0.0,0.0,2014-09-06 08:00:00,0.0,0.0,0.0,0.0,0.0
283.96606,0.0,0.0,0.0,0.0,2014-09-06 09:00:00,0.0,0.0,0.0,0.0,0.0
284.02783,0.0,0.0,0.0,0.0,2014-09-06 10:00:00,0.0,0.0,0.0,0.0,0.0
283.92847,0.0,0.0,0.0,0.0,2014-09-06 11:00:00,0.0,0.0,0.0,0.0,0.0
283.94873,0.0,0.0,0.0,0.0,2014-09-06 12:00:00,0.0,0.0,0.0,0.0,0.0
285.27246,0.0,0.0,0.0,0.0,2014-09-06 13:00:00,0.0,0.0,0.0,0.0,0.0
287.43042,0.0,0.0,0.0,0.0,2014-09-06 14:00:00,0.0,0.0,0.0,0.0,0.0
290.4314,0.0,0.0,0.0,0.0,2014-09-06 15:00:00,0.0,0.0,0.0,0.0,0.0
292.50635,0.0,0.0,0.0,0.0,2014-09-06 16:00:00,0.0,0.0,0.0,0.0,0.0
294.09106,0.0,0.0,0.0,0.0,2014-09-06 17:00:00,0.0,0.0,0.0,0.0,0.0
295.40625,0.0,0.0,0.0,0.0,2014-09-06 18:00:00,1.0,0.0,0.0,0.0,0.0
296.32715,0.41019815,0.029417016,0.3952685,0.0,2014-09-06 19:00:00,0.0,6.1053297e-06,0.0,5.5903574e-06,0.0
296.94067,0.4373454,0.022359975,0.4373454,0.0,2014-09-06 20:00:00,1.0,3.1660848e-06,0.0,3.0231622e-06,0.0
297.47485,0.58639324,0.0016249504,0.58639324,0.0,2014-09-06 21:00:00,0.0,5.3452317e-07,0.0,2.6726156e-07,0.0
297.0166,0.5140298,0.010009766,0.5140298,0.0,2014-09-06 22:00:00,0.0,0.0,0.0,0.0,0.0
296.76147,0.47635168,0.0068065375,0.47008413,0.0,2014-09-06 23:00:00,0.0,0.0,0.0,0.0,0.0
295.7329,0.40001833,0.0,0.40001833,0.0,2014-09-07 00:00:00,0.0,0.0,0.0,0.0,0.0
292.5359,0.21507096,0.0,0.21507096,0.0,2014-09-07 01:00:00,0.0,0.0,0.0,0.0,0.0
290.61694,0.11235905,0.0,0.11235905,0.0,2014-09-07 02:00:00,0.0,0.0,0.0,0.0,0.0
289.5791,0.034890734,0.0,0.034890734,0.0,2014-09-07 03:00:00,0.0,0.0,0.0,0.0,0.0
288.99414,0.060494628,0.0,0.060494628,0.0,2014-09-07 04:00:00,0.0,0.0,0.0,0.0,0.0
288.76636,0.014528811,0.0,0.014528811,0.0,2014-09-07 05:00:00,0.0,0.0,0.0,0.0,0.0
288.27344,0.012792654,0.0,0.012792654,0.0,2014-09-07 06:00:00,0.0,0.0,0.0,0.0,0.0
287.7544,0.01998901,0.0,0.01998901,0.0,2014-09-07 07:00:00,0.0,0.0,0.0,0.0,0.0
287.14966,0.009478044,0.0,0.009478044,0.0,2014-09-07 08:00:00,0.0,0.0,0.0,0.0,0.0
286.48242,0.0,0.0,0.0,0.0,2014-09-07 09:00:00,0.0,0.0,0.0,0.0,0.0
286.0581,0.0,0.0,0.0,0.0,2014-09-07 10:00:00,0.0,0.0,0.0,0.0,0.0
285.56543,0.0,0.0,0.0,0.0,2014-09-07 11:00:00,0.0,0.0,0.0,0.0,0.0
285.25415,0.0,0.0,0.0,0.0,2014-09-07 12:00:00,0.0,0.0,0.0,0.0,0.0
286.86963,0.0,0.0,0.0,0.0,2014-09-07 13:00:00,0.0,0.0,0.0,0.0,0.0
289.6001,0.0,0.0,0.0,0.0,2014-09-07 14:00:00,0.0,0.0,0.0,0.0,0.0
292.55737,0.0,0.0,0.0,0.0,2014-09-07 15:00:00,0.0,0.0,0.0,0.0,0.0
294.6245,0.0065169036,0.0,0.0065169036,0.0,2014-09-07 16:00:00,0.0,0.0,0.0,0.0,0.0
295.78442,0.00998199,0.0,0.00998199,0.0,2014-09-07 17:00:00,0.0,0.0,0.0,0.0,0.0
296.53662,0.007789418,0.0010573287,0.0067320913,0.0,2014-09-07 18:00:00,0.0,0.0,0.0,0.0,0.0
297.2256,0.0,0.0,0.0,0.0,2014-09-07 19:00:00,0.0,0.0,0.0,0.0,0.0
297.54175,0.0,0.0,0.0,0.0,2014-09-07 20:00:00,0.0,0.0,0.0,0.0,0.0
297.6372,0.0,0.0,0.0,0.0,2014-09-07 21:00:00,0.0,0.0,0.0,0.0,0.0
297.08716,0.0,0.0,0.0,0.0,2014-09-07 22:00:00,0.0,0.0,0.0,0.0,0.0
296.1609,0.0,0.0,0.0,0.0,2014-09-07 23:00:00,0.0,0.0,0.0,0.0,0.0
294.8064,0.0,0.0,0.0,0.0,2014-09-08 00:00:00,0.0,0.0,0.0,0.0,0.0
292.0432,0.14269692,0.0,0.0,0.14269692,2014-09-08 01:00:00,0.0,0.0,0.0,0.0,0.0
290.50806,0.52234393,0.0,0.0,0.52234393,2014-09-08 02:00:00,0.0,0.0,0.0,0.0,0.0
289.37524,0.7962713,0.0,0.0,0.7962713,2014-09-08 03:00:00,0.0,0.0,0.0,0.0,0.0
288.95264,0.8185981,0.0,0.0,0.8185981,2014-09-08 04:00:00,0.0,0.0,0.0,0.0,0.0
288.71045,0.83541787,0.0,0.0,0.83541787,2014-09-08 05:00:00,0.0,0.0,0.0,0.0,0.0
288.18213,0.80420697,0.0,0.0032499009,0.80420697,2014-09-08 06:00:00,0.0,0.0,0.0,0.0,0.0
287.84033,0.4061848,0.0,0.033665255,0.40282363,2014-09-08 07:00:00,0.0,0.0,0.0,0.0,0.0
287.63403,0.06255859,0.0,0.0,0.06255859,2014-09-08 08:00:00,0.0,0.0,0.0,0.0,0.0
287.37256,0.48202336,0.0,0.0,0.48202336,2014-09-08 09:00:00,0.0,0.0,0.0,0.0,0.0
287.56177,0.8941991,0.0,0.0,0.8941991,2014-09-08 10:00:00,0.0,0.0,0.0,0.0,0.0
287.77808,0.90600747,0.0,0.0,0.90600747,2014-09-08 11:00:00,0.0,0.0,0.0,0.0,0.0
287.9878,0.52729934,0.0,0.0,0.52729934,2014-09-08 12:00:00,0.0,0.0,0.0,0.0,0.0
288.8457,0.46622652,0.0,0.16768551,0.4495408,2014-09-08 13:00:00,0.0,2.6726157e-06,0.0,2.806246e-06,0.0
289.98535,0.95386094,0.0,0.8581555,0.92402947,2014-09-08 14:00:00,0.0,3.4250086e-05,0.0,3.3878037e-05,0.0
291.71265,0.77086467,0.0,0.61629343,0.5417614,2014-09-08 15:00:00,0.0,5.374646e-06,0.0,5.0698955e-06,0.0
292.77612,0.82445616,0.0,0.8220852,0.15637815,2014-09-08 16:00:00,0.0,0.0,0.0,0.0,0.0
293.969,0.4905945,0.0,0.4905945,0.00053172023,2014-09-08 17:00:00,0.0,0.0,0.0,0.0,0.0
295.25537,0.07551539,0.0037288337,0.071769476,0.0,2014-09-08 18:00:00,0.0,0.0,0.0,0.0,0.0
295.84253,0.112054884,0.0920552,0.089848876,0.0,2014-09-08 19:00:00,0.0,0.0,0.0,0.0,0.0
295.9724,0.25630748,0.13865644,0.24967933,0.0,2014-09-08 20:00:00,0.0,8.819632e-06,0.0,8.953263e-06,0.0
295.99658,0.37744617,0.29718566,0.21284306,0.0,2014-09-08 21:00:00,0.0,0.0,0.0,0.0,0.0
295.96582,0.7393047,0.68271196,0.20010662,0.016832627,2014-09-08 22:00:00,0.0,4.0056705e-07,0.0,4.5760692e-07,0.0
295.2849,0.8810444,0.87128514,0.07839179,0.0033782488,2014-09-08 23:00:00,0.0,3.965926e-06,0.0,3.9181787e-06,0.0
294.50244,0.9341419,0.9341419,0.074742556,0.0,2014-09-09 00:00:00,0.0,3.6608553e-06,0.0,3.6131078e-06,0.0
293.5266,0.9627361,0.9627361,0.038336612,0.0,2014-09-09 01:00:00,0.0,0.0,0.0,0.0,0.0
292.7605,0.90489477,0.90489477,0.0023709626,0.0,2014-09-09 02:00:00,0.0,0.0,0.0,0.0,0.0
292.1631,0.8197264,0.8197264,0.0,0.0,2014-09-09 03:00:00,0.0,0.0,0.0,0.0,0.0
291.8728,0.79011405,0.79011405,0.011362761,0.0,2014-09-09 04:00:00,0.0,0.0,0.0,4.7747868e-08,0.0
291.45898,0.7267506,0.7206698,0.122765124,0.0,2014-09-09 05:00:00,0.0,3.050713e-07,0.0,3.5281914e-07,0.0
291.2173,0.7436405,0.69842464,0.22925174,0.0,2014-09-09 06:00:00,1.0,8.017848e-07,0.0,0.0,8.017848e-07
291.021,0.59305274,0.5365878,0.28435135,0.0,2014-09-09 07:00:00,1.0,1.0124424e-05,0.0,4.136102e-06,6.2360323e-06
290.59058,0.47493076,0.472844,0.12712437,0.0,2014-09-09 08:00:00,1.0,1.4676789e-06,0.0,8.767626e-07,4.7683716e-07
290.0515,0.3229434,0.3229434,0.0100932345,0.0,2014-09-09 09:00:00,1.0,0.0,0.0,0.0,0.0
290.0686,0.014935769,0.014935769,0.0,0.0,2014-09-09 10:00:00,1.0,1.14079796e-07,0.0,0.0,1.14079796e-07
290.0276,0.021196231,0.021196231,0.0,0.0,2014-09-09 11:00:00,1.0,0.0,0.0,0.0,0.0
290.04175,0.07790589,0.07790589,0.0,0.0,2014-09-09 12:00:00,1.0,0.0,0.0,0.0,0.0
290.6438,0.34597325,0.34597325,0.0,0.0,2014-09-09 13:00:00,0.0,0.0,0.0,0.0,0.0
291.69238,0.96079934,0.96079934,0.0,0.002103883,2014-09-09 14:00:00,1.0,0.0,0.0,0.0,0.0
292.93823,0.9812548,0.9754556,0.0,0.22576046,2014-09-09 15:00:00,1.0,0.0,0.0,0.0,0.0
294.03687,1.0,0.9932679,0.0,0.94096965,2014-09-09 16:00:00,0.0,1.9656754e-06,0.0,1.698414e-06,0.0
294.68555,1.0,1.0,0.0,0.9966217,2014-09-09 17:00:00,1.0,1.4860147e-05,0.0,1.49171865e-05,0.0
295.52466,1.0,1.0,0.0,0.997629,2014-09-09 18:00:00,1.0,3.950573e-05,0.0,3.975343e-05,0.0
295.91504,1.0,0.99841094,0.035711218,0.989993,2014-09-09 19:00:00,1.0,1.6035692e-06,0.0,1.6035692e-06,0.0
296.26807,0.9949968,0.878993,0.08096367,0.952589,2014-09-09 20:00:00,1.0,4.1793974e-06,0.0,4.1223575e-06,0.0
295.9619,1.0,0.9932679,0.18124723,0.9625613,2014-09-09 21:00:00,1.0,7.919722e-06,0.0,7.957857e-06,9.549569e-08
295.8506,1.0,0.9909913,0.018633887,0.98652846,2014-09-09 22:00:00,1.0,9.387857e-05,0.0,4.746724e-05,4.6449786e-05
295.54712,1.0,0.99576455,0.18405426,0.998375,2014-09-09 23:00:00,1.0,0.00032455102,0.0,1.8433188e-05,0.0003058794
295.2102,0.99657166,0.7917707,0.43452656,0.98214006,2014-09-10 00:00:00,1.0,0.00022553136,0.0,8.648615e-05,0.00013906411
295.16187,0.9836592,0.47308826,0.48471165,0.9618635,2014-09-10 01:00:00,1.0,0.00025909417,0.0,0.00016645157,9.260433e-05
294.46436,0.997629,0.62879103,0.59149367,0.9865309,2014-09-10 02:00:00,1.0,0.00092325313,0.0,0.00038483622,0.0005385503
293.5083,1.0,0.9809314,0.99675006,0.9978792,2014-09-10 03:00:00,1.0,0.0019190153,0.0,0.00028383173,0.0016353838
292.56323,0.9989426,0.59785384,0.9640835,0.9973536,2014-09-10 04:00:00,1.0,0.0037870302,0.0,0.00080186804,0.0029850192
292.04517,1.0,0.61968184,0.8999722,1.0,2014-09-10 05:00:00,1.0,0.005268894,0.0,0.00081581133,0.0044533014
291.72363,0.9989426,0.90395,0.8475704,0.992347,2014-09-10 06:00:00,1.0,0.0047947504,0.0,0.00037489086,0.0044199154
291.32568,1.0,1.0,0.87410635,0.9970973,2014-09-10 07:00:00,1.0,0.0013275831,0.0,0.00035469048,0.0009730456
290.43774,1.0,0.9941755,0.99525803,0.99946827,2014-09-10 08:00:00,1.0,0.001605622,0.0,0.0006517875,0.00095387246
288.708,1.0,0.9946652,1.0,0.82325566,2014-09-10 09:00:00,1.0,0.0015619369,0.0,0.0006088845,0.00095274765
286.72168,1.0,1.0,1.0,0.2248891,2014-09-10 10:00:00,1.0,0.0011023346,0.0,0.0004271532,0.0006752291
285.594,1.0,0.97827536,1.0,0.25188023,2014-09-10 11:00:00,1.0,0.0010517621,0.0,0.00050487183,0.0005470044
284.83472,1.0,0.98799425,0.9918581,0.3353598,2014-09-10 12:00:00,1.0,0.0010600872,0.0,0.0007043695,0.00035579363
284.5918,1.0,0.997629,0.9204211,0.53272253,2014-09-10 13:00:00,1.0,0.0006764522,0.0,0.00059773726,7.860099e-05
284.32202,1.0,1.0,0.85925096,0.76299596,2014-09-10 14:00:00,1.0,0.00055999146,0.0,0.0005202126,4.0017185e-05
283.79395,1.0,1.0,0.92852557,0.94357854,2014-09-10 15:00:00,1.0,0.0006533633,0.0,0.000452606,0.00020136774
283.72778,1.0,1.0,0.97034746,0.9417889,2014-09-10 16:00:00,1.0,0.00043066335,0.0,0.00018194597,0.00024876534
283.6814,1.0,1.0,0.8932032,0.9347557,2014-09-10 17:00:00,1.0,0.00010510915,0.0,1.3363075e-07,0.00010474639
284.0105,1.0,1.0,0.5965591,0.86988676,2014-09-10 18:00:00,0.0,1.4680636e-05,0.0,0.0,1.4680636e-05
284.25195,1.0,1.0,0.29422593,0.54018897,2014-09-10 19:00:00,0.0,0.0,0.0,0.0,0.0
284.12598,1.0,1.0,0.0906837,0.029931594,2014-09-10 20:00:00,0.0,0.0,0.0,0.0,0.0
284.1289,1.0,1.0,0.0032499009,0.0,2014-09-10 21:00:00,0.0,0.0,0.0,0.0,0.0
283.8828,1.0,1.0,0.042912655,0.049571835,2014-09-10 22:00:00,0.0,0.0,0.0,0.0,0.0
283.5188,1.0,1.0,0.076310694,0.42532724,2014-09-10 23:00:00,0.0,0.0,0.0,0.0,0.0
283.1604,1.0,1.0,0.040601745,0.7341279,2014-09-11 00:00:00,0.0,0.0,0.0,0.0,0.0
282.55908,1.0,1.0,0.0016249504,0.6335308,2014-09-11 01:00:00,0.0,0.0,0.0,0.0,0.0
282.1023,1.0,1.0,0.023074295,0.0,2014-09-11 02:00:00,0.0,0.0,0.0,0.0,0.0
281.69116,1.0,1.0,0.027760994,0.0,2014-09-11 03:00:00,0.0,0.0,0.0,0.0,0.0
281.46802,1.0,1.0,0.019463405,0.0,2014-09-11 04:00:00,0.0,0.0,0.0,0.0,0.0
281.39282,0.9854912,0.9854912,0.05796503,0.0,2014-09-11 05:00:00,0.0,0.0,0.0,0.0,0.0
281.14526,0.99348307,0.9918581,0.08576673,0.0,2014-09-11 06:00:00,0.0,0.0,0.0,0.0,0.0
280.8357,0.95410794,0.95410794,0.1076777,0.0,2014-09-11 07:00:00,0.0,0.0,0.0,0.0,0.0
280.69287,0.8818303,0.8736884,0.149544,0.0,2014-09-11 08:00:00,0.0,0.0,0.0,0.0,0.0
280.35693,0.67629385,0.66631186,0.11672443,0.0,2014-09-11 09:00:00,0.0,0.0,0.0,0.0,0.0
280.22705,0.7636044,0.41163594,0.6611585,0.0,2014-09-11 10:00:00,0.0,0.0,0.0,0.0,0.0
280.57104,0.9354652,0.38836038,0.900761,0.055954944,2014-09-11 11:00:00,0.0,0.0,0.0,0.0,0.0
280.59692,0.89152634,0.032668248,0.890469,0.0,2014-09-11 12:00:00,0.0,0.0,0.0,0.0,0.0
280.9441,0.86076814,0.015400782,0.85657746,0.15570444,2014-09-11 13:00:00,0.0,0.0,0.0,0.0,0.0
281.97095,0.99946827,0.028828159,0.9721722,0.9989426,2014-09-11 14:00:00,0.0,0.0,0.0,0.0,0.0
283.9348,0.99104196,0.038462937,0.9825543,0.9415277,2014-09-11 15:00:00,0.0,0.0,0.0,0.0,0.0
285.04395,0.6562154,0.35659617,0.45848542,0.244228,2014-09-11 16:00:00,0.0,0.0,0.0,0.0,0.0
285.6858,0.95694554,0.6706582,0.9364209,0.0,2014-09-11 17:00:00,0.0,0.0,0.0,0.0,0.0
285.70312,1.0,0.8853719,0.99946827,0.0,2014-09-11 18:00:00,0.0,0.0,0.0,0.0,0.0
285.5984,0.97698647,0.95501184,0.49850565,0.0,2014-09-11 19:00:00,0.0,0.0,0.0,0.0,0.0
285.97363,0.9778845,0.94808805,0.3895839,0.0,2014-09-11 20:00:00,0.0,0.0,0.0,0.0,0.0
286.3955,0.87759805,0.5636143,0.71147346,0.0,2014-09-11 21:00:00,0.0,0.0,0.0,0.0,0.0
286.35132,0.8016252,0.66954714,0.7463872,0.0,2014-09-11 22:00:00,0.0,2.6726156e-07,0.0,1.3363075e-07,0.0
285.92456,0.21353132,0.07744813,0.21353132,0.0,2014-09-11 23:00:00,0.0,0.0,0.0,0.0,0.0
284.95703,0.0021566707,0.0016249504,0.00053172023,0.0,2014-09-12 00:00:00,0.0,0.0,0.0,0.0,0.0
283.21655,0.0,0.0,0.0,0.0,2014-09-12 01:00:00,0.0,0.0,0.0,0.0,0.0
281.60327,0.019935638,0.019935638,0.0,0.0,2014-09-12 02:00:00,0.0,0.0,0.0,0.0,0.0
280.84375,0.050755117,0.050755117,0.014873948,0.0,2014-09-12 03:00:00,0.0,0.0,0.0,0.0,0.0
280.542,0.03126894,0.026394088,0.0,0.0048919544,2014-09-12 04:00:00,0.0,0.0,0.0,0.0,0.0
280.62305,0.5956785,0.05492413,0.19706202,0.5695976,2014-09-12 05:00:00,0.0,0.0,0.0,0.0,0.0
280.07495,0.66074175,0.0,0.22501051,0.6065267,2014-09-12 06:00:00,0.0,0.0,0.0,0.0,0.0
280.26782,1.0,0.0066281483,0.77608156,1.0,2014-09-12 07:00:00,0.0,0.0,0.0,0.0,0.0
280.28467,1.0,0.04942771,0.97454655,1.0,2014-09-12 08:00:00,0.0,0.0,0.0,0.0,0.0
280.17554,0.995108,0.10603911,0.9021303,0.995108,2014-09-12 09:00:00,0.0,5.154854e-06,0.0,0.0,5.1071065e-06
280.30054,0.98227614,0.10445005,0.9631253,0.93863356,2014-09-12 10:00:00,0.0,1.8756866e-05,0.0,0.0,1.8756866e-05
280.11572,1.0,0.077516675,0.9866756,0.9957922,2014-09-12 11:00:00,0.0,2.106995e-05,0.0,2.2717231e-06,1.8931853e-05
280.23413,1.0,0.08320451,1.0,0.9800191,2014-09-12 12:00:00,1.0,3.1352698e-05,0.0,5.9226404e-06,2.5344183e-05
280.53052,1.0,0.08105332,1.0,0.9436289,2014-09-12 13:00:00,1.0,3.6179437e-05,0.0,2.1557007e-06,3.415736e-05
281.17847,1.0,0.03792057,1.0,0.6126273,2014-09-12 14:00:00,1.0,4.6552523e-05,0.0,0.0,4.6724293e-05
282.22925,1.0,0.012659509,1.0,0.115653515,2014-09-12 15:00:00,1.0,7.310987e-05,0.0,8.157837e-06,6.4694716e-05
283.23022,1.0,0.005298864,1.0,0.039959677,2014-09-12 16:00:00,1.0,9.79554e-05,0.0,2.2116234e-05,7.5972785e-05
283.85986,0.99577534,0.081454396,0.99577534,0.01266427,2014-09-12 17:00:00,1.0,0.00011695259,0.0,5.1019044e-05,6.593355e-05
284.20825,0.99736434,0.22673303,0.99736434,0.0066281483,2014-09-12 18:00:00,1.0,9.523734e-05,0.0,3.156939e-05,6.381086e-05
284.49512,0.97575855,0.25498635,0.9717626,0.0066281483,2014-09-12 19:00:00,1.0,7.917614e-05,0.0,7.907135e-05,0.0
284.16895,0.98361164,0.35435718,0.98361164,0.028019004,2014-09-12 20:00:00,1.0,5.1519717e-05,0.0,5.1424548e-05,0.0
284.0088,0.97394705,0.2341451,0.96894383,0.11937171,2014-09-12 21:00:00,1.0,0.00013474734,0.0,0.00013419392,1.0113599e-06
283.79907,0.9509846,0.057987258,0.9509846,0.31048453,2014-09-12 22:00:00,1.0,8.435706e-06,0.0,8.197288e-06,0.0
283.583,0.84771335,0.12339091,0.83382016,0.28707105,2014-09-12 23:00:00,1.0,2.055976e-05,0.0,2.0378386e-05,0.0
282.8982,0.34701836,0.18866551,0.33977252,0.0,2014-09-13 00:00:00,0.0,1.067754e-06,0.0,1.1725415e-06,0.0
281.5027,0.009483848,0.009483848,0.0,0.0,2014-09-13 01:00:00,0.0,0.0,0.0,0.0,0.0
280.77344,0.0,0.0,0.0,0.0,2014-09-13 02:00:00,0.0,0.0,0.0,0.0,0.0
279.73193,0.0,0.0,0.0,0.0,2014-09-13 03:00:00,0.0,0.0,0.0,0.0,0.0
278.45312,0.0,0.0,0.0,0.0,2014-09-13 04:00:00,0.0,0.0,0.0,0.0,0.0
277.5537,0.0,0.0,0.0,0.0,2014-09-13 05:00:00,0.0,0.0,0.0,0.0,0.0
277.14722,0.0,0.0,0.0,0.0,2014-09-13 06:00:00,0.0,0.0,0.0,0.0,0.0
276.75757,0.0,0.0,0.0,0.0,2014-09-13 07:00:00,0.0,0.0,0.0,0.0,0.0
276.43604,0.0,0.0,0.0,0.0,2014-09-13 08:00:00,0.0,0.0,0.0,0.0,0.0
275.97974,0.0,0.0,0.0,0.0,2014-09-13 09:00:00,0.0,0.0,0.0,0.0,0.0
275.6665,0.0,0.0,0.0,0.0,2014-09-13 10:00:00,0.0,0.0,0.0,0.0,0.0
275.33447,0.0,0.0,0.0,0.0,2014-09-13 11:00:00,0.0,0.0,0.0,0.0,0.0
275.20142,0.0,0.0,0.0,0.0,2014-09-13 12:00:00,0.0,0.0,0.0,0.0,0.0
276.82764,0.0,0.0,0.0,0.0,2014-09-13 13:00:00,0.0,0.0,0.0,0.0,0.0
279.7959,0.0,0.0,0.0,0.0,2014-09-13 14:00:00,0.0,0.0,0.0,0.0,0.0
283.53613,0.23081863,0.0032499009,0.0,0.22755158,2014-09-13 15:00:00,0.0,0.0,0.0,0.0,0.0
285.41333,0.66795456,0.021449346,0.0,0.6642257,2014-09-13 16:00:00,0.0,0.0,0.0,0.0,0.0
286.35986,0.9291893,0.6068951,0.0,0.77581006,2014-09-13 17:00:00,0.0,0.0,0.0,0.0,0.0
286.93774,0.9034413,0.73360586,0.0,0.5370958,2014-09-13 18:00:00,0.0,0.0,0.0,0.0,0.0
287.57397,0.97805154,0.96406543,0.0,0.3978684,2014-09-13 19:00:00,0.0,0.0,0.0,0.0,0.0
288.20166,0.9989426,0.9989426,0.0016249504,0.3953386,2014-09-13 20:00:00,0.0,0.0,0.0,0.0,0.0
288.5962,0.9779038,0.9752682,0.012419514,0.20253628,2014-09-13 21:00:00,0.0,0.0,0.0,0.0,0.0
288.4878,0.70968497,0.70968497,0.020105474,0.011474017,2014-09-13 22:00:00,0.0,0.0,0.0,0.0,0.0
288.16748,0.5050167,0.49336487,0.061511263,0.0,2014-09-13 23:00:00,0.0,0.0,0.0,0.0,0.0
286.57764,0.48726207,0.44118822,0.27365,0.088272154,2014-09-14 00:00:00,0.0,0.0,0.0,0.0,0.0
285.2151,0.7793534,0.32052755,0.26892477,0.67276466,2014-09-14 01:00:00,0.0,0.0,0.0,0.0,0.0
284.63574,0.7687416,0.16461241,0.12069327,0.73631936,2014-09-14 02:00:00,0.0,0.0,0.0,0.0,0.0
284.29663,0.7796618,0.2071479,0.1662457,0.73370934,2014-09-14 03:00:00,0.0,0.0,0.0,0.0,0.0
284.1875,0.59887725,0.2785914,0.17257363,0.4245627,2014-09-14 04:00:00,0.0,0.0,0.0,0.0,0.0
284.0415,0.7512912,0.45976174,0.26006693,0.52197623,2014-09-14 05:00:00,0.0,0.0,0.0,0.0,0.0
283.9746,0.54558605,0.40431547,0.19604492,0.21627933,2014-09-14 06:00:00,0.0,0.0,0.0,0.0,0.0
283.74048,0.47740257,0.29589874,0.28358865,0.19796908,2014-09-14 07:00:00,0.0,0.0,0.0,0.0,0.0
283.74072,0.41644937,0.15955299,0.3077082,0.13667554,2014-09-14 08:00:00,0.0,0.0,0.0,0.0,0.0
283.5703,0.90703565,0.1195364,0.8911484,0.02428449,2014-09-14 09:00:00,1.0,0.0,0.0,0.0,0.0
283.5298,0.86204433,0.09371936,0.86204433,0.0,2014-09-14 10:00:00,0.0,1.9816844e-06,0.0,2.0582756e-06,0.0
283.41284,0.79184544,0.29043263,0.7902205,0.0,2014-09-14 11:00:00,0.0,1.3914087e-06,0.0,1.4484485e-06,0.0
283.23535,0.42883658,0.086604595,0.42546564,0.0,2014-09-14 12:00:00,0.0,0.0,0.0,0.0,0.0
283.45288,0.15051931,0.052583367,0.14315516,0.0,2014-09-14 13:00:00,0.0,0.0,0.0,0.0,0.0
284.95898,0.06438887,0.025126144,0.028028827,0.03583443,2014-09-14 14:00:00,0.0,0.0,0.0,0.0,0.0
287.09668,0.04235134,0.0,0.0,0.04235134,2014-09-14 15:00:00,0.0,0.0,0.0,0.0,0.0
288.4502,0.012377981,0.0,0.0,0.012377981,2014-09-14 16:00:00,0.0,0.0,0.0,0.0,0.0
289.74487,0.4341585,0.03770243,0.0921489,0.40648997,2014-09-14 17:00:00,0.0,0.0,0.0,0.0,0.0
290.4519,0.97073495,0.11965752,0.5044341,0.9675569,2014-09-14 18:00:00,0.0,0.0,0.0,0.0,0.0
290.75928,0.98843706,0.15222251,0.7580496,0.97735846,2014-09-14 19:00:00,0.0,0.0,0.0,0.0,0.0
290.802,0.9874076,0.20023447,0.73189414,0.984511,2014-09-14 20:00:00,0.0,0.0,0.0,0.0,0.0
290.9812,0.98498636,0.10005826,0.83024555,0.9844547,2014-09-14 21:00:00,0.0,0.0,0.0,0.0,0.0
289.89185,0.99284285,0.0231922,0.866999,0.9828331,2014-09-14 22:00:00,0.0,0.0,0.0,0.0,0.0
289.08936,0.99519694,0.0033782488,0.90022004,0.9887518,2014-09-14 23:00:00,0.0,0.0,0.0,0.0,0.0
287.8579,0.99001795,0.0,0.97947985,0.9634367,2014-09-15 00:00:00,0.0,0.0,0.0,0.0,0.0
286.48682,1.0,0.0,0.98696613,0.9932679,2014-09-15 01:00:00,0.0,0.0,0.0,0.0,0.0
285.6338,0.9932679,0.0,0.8696041,0.9850642,2014-09-15 02:00:00,0.0,7.429442e-06,0.0,0.0,7.429442e-06
284.938,0.9918581,0.0,0.8935607,0.9834733,2014-09-15 03:00:00,0.0,1.25259685e-05,0.0,0.0,1.2735544e-05
284.5122,0.9606504,0.0,0.8549332,0.9528144,2014-09-15 04:00:00,0.0,1.6003542e-05,0.0,0.0,1.5908052e-05
284.3828,0.9600613,0.0,0.88945717,0.9540081,2014-09-15 05:00:00,0.0,1.0695522e-05,0.0,0.0,1.0695522e-05
283.72632,0.976768,0.0,0.9511413,0.93888205,2014-09-15 06:00:00,0.0,7.639659e-06,0.0,0.0,7.639659e-06
283.62793,1.0,0.0015890491,0.98292655,0.99319345,2014-09-15 07:00:00,0.0,0.0,0.0,0.0,0.0
283.51733,0.99946827,0.009277891,0.99946827,0.9970973,2014-09-15 08:00:00,0.0,0.0,0.0,4.7747868e-08,0.0
283.1914,0.9860254,0.004741922,0.96782595,0.9512034,2014-09-15 09:00:00,0.0,0.0,0.0,0.0,0.0
282.95728,0.78090036,0.0068879165,0.67650187,0.565757,2014-09-15 10:00:00,0.0,1.5279311e-06,0.0,1.432436e-06,9.549569e-08
282.719,0.9743072,0.005003199,0.9581893,0.59046054,2014-09-15 11:00:00,0.0,3.103155e-05,0.0,3.0239069e-05,5.7297444e-07
282.49878,1.0,0.028720424,1.0,0.8287162,2014-09-15 12:00:00,0.0,4.6408395e-06,0.0,3.3423503e-06,1.2984883e-06
282.94556,1.0,0.08339733,1.0,0.16319841,2014-09-15 13:00:00,0.0,4.92411e-06,0.0,0.0,4.92411e-06
283.8286,0.72117984,0.27568126,0.6248152,0.0,2014-09-15 14:00:00,0.0,9.735413e-07,0.0,0.0,9.735413e-07
285.7229,0.64321846,0.6075218,0.16597581,0.0,2014-09-15 15:00:00,1.0,1.5283076e-05,0.0,1.514945e-05,1.14079796e-07
286.98877,0.69561493,0.16490638,0.67768663,0.0,2014-09-15 16:00:00,1.0,1.780063e-05,0.0,1.7409999e-05,3.813414e-07
287.58057,0.7432493,0.50753206,0.712154,0.0,2014-09-15 17:00:00,1.0,3.225448e-05,0.0,3.2245196e-05,0.0
288.05713,0.68162996,0.5452705,0.57847625,0.0,2014-09-15 18:00:00,1.0,4.2319312e-05,0.0,4.2328596e-05,0.0
288.51123,0.68045276,0.24817908,0.6483001,0.0,2014-09-15 19:00:00,0.0,1.1941419e-05,0.0,1.1941419e-05,0.0
288.94434,0.763504,0.38972765,0.7522504,0.0,2014-09-15 20:00:00,0.0,3.2814478e-06,0.0,3.2814478e-06,0.0
289.51685,0.46349877,0.32426476,0.37067586,0.0,2014-09-15 21:00:00,0.0,0.0,0.0,0.0,0.0
289.08447,0.30506325,0.30170935,0.07922912,0.0,2014-09-15 22:00:00,0.0,0.0,0.0,0.0,0.0
288.60205,0.011362761,0.0068879165,0.004474845,0.0,2014-09-15 23:00:00,0.0,0.0,0.0,0.0,0.0
286.6582,0.0010573287,0.0010573287,0.0,0.0,2014-09-16 00:00:00,0.0,0.0,0.0,0.0,0.0
283.5581,0.0,0.0,0.0,0.0,2014-09-16 01:00:00,0.0,0.0,0.0,0.0,0.0
281.56226,0.01956857,0.01956857,0.0,0.0,2014-09-16 02:00:00,0.0,0.0,0.0,0.0,0.0
281.1211,0.072208166,0.072208166,0.0,0.0,2014-09-16 03:00:00,0.0,0.0,0.0,0.0,0.0
281.06055,0.12485689,0.12485689,0.0,0.0,2014-09-16 04:00:00,0.0,0.0,0.0,0.0,0.0
279.6128,0.053676803,0.053676803,0.0,0.0,2014-09-16 05:00:00,0.0,0.0,0.0,0.0,0.0
278.83618,0.0042246506,0.0042246506,0.0,0.0,2014-09-16 06:00:00,0.0,0.0,0.0,0.0,0.0
278.83398,0.00053172023,0.00053172023,0.0,0.0,2014-09-16 07:00:00,0.0,0.0,0.0,0.0,0.0
278.83325,0.0,0.0,0.0,0.0,2014-09-16 08:00:00,0.0,0.0,0.0,0.0,0.0
278.542,0.0,0.0,0.0,0.0,2014-09-16 09:00:00,0.0,0.0,0.0,0.0,0.0
278.50635,0.0,0.0,0.0,0.0,2014-09-16 10:00:00,0.0,0.0,0.0,0.0,0.0
278.1001,0.0,0.0,0.0,0.0,2014-09-16 11:00:00,0.0,0.0,0.0,0.0,0.0
277.5918,0.0,0.0,0.0,0.0,2014-09-16 12:00:00,0.0,0.0,0.0,0.0,0.0
280.18262,0.0,0.0,0.0,0.0,2014-09-16 13:00:00,0.0,0.0,0.0,0.0,0.0
282.41382,0.0,0.0,0.0,0.0,2014-09-16 14:00:00,0.0,0.0,0.0,0.0,0.0
286.48975,0.0,0.0,0.0,0.0,2014-09-16 15:00:00,0.0,0.0,0.0,0.0,0.0
289.05884,0.0,0.0,0.0,0.0,2014-09-16 16:00:00,0.0,0.0,0.0,0.0,0.0
290.68213,0.0010573287,0.0010573287,0.0,0.0,2014-09-16 17:00:00,0.0,0.0,0.0,0.0,0.0
291.39307,0.010538738,0.010538738,0.0,0.0,2014-09-16 18:00:00,0.0,0.0,0.0,0.0,0.0
291.94678,0.025316596,0.025316596,0.0,0.0,2014-09-16 19:00:00,0.0,0.0,0.0,0.0,0.0
292.3567,0.00608078,0.00608078,0.0,0.0,2014-09-16 20:00:00,0.0,0.0,0.0,0.0,0.0
292.7422,0.0,0.0,0.0,0.0,2014-09-16 21:00:00,0.0,0.0,0.0,0.0,0.0
292.55444,0.0100932345,0.0100932345,0.0,0.0,2014-09-16 22:00:00,0.0,0.0,0.0,0.0,0.0
292.07593,0.0,0.0,0.0,0.0,2014-09-16 23:00:00,0.0,0.0,0.0,0.0,0.0
290.27954,0.005832717,0.0,0.005832717,0.0,2014-09-17 00:00:00,0.0,0.0,0.0,0.0,0.0
286.78687,0.07300931,0.0,0.07300931,0.0,2014-09-17 01:00:00,0.0,0.0,0.0,0.0,0.0
285.5232,0.37623292,0.0,0.37623292,0.0,2014-09-17 02:00:00,0.0,0.0,0.0,0.0,0.0
284.35156,0.7591632,0.0,0.7591632,0.002103883,2014-09-17 03:00:00,0.0,0.0,0.0,0.0,0.0
284.42114,0.92508346,0.0,0.92508346,0.0,2014-09-17 04:00:00,0.0,0.0,0.0,0.0,0.0
284.16724,0.9989426,0.0,0.9989426,0.0,2014-09-17 05:00:00,0.0,0.0,0.0,0.0,0.0
284.6172,1.0,0.013565533,1.0,0.0,2014-09-17 06:00:00,0.0,0.0,0.0,0.0,0.0
284.93896,0.9989426,0.08850145,0.9989426,0.0,2014-09-17 07:00:00,0.0,0.0,0.0,0.0,0.0
284.77466,0.98786974,0.13032568,0.98786974,0.0,2014-09-17 08:00:00,0.0,0.0,0.0,0.0,0.0
284.69336,0.995161,0.11220181,0.995161,0.0,2014-09-17 09:00:00,0.0,0.0,0.0,0.0,0.0
284.90234,0.99525803,0.22187221,0.99525803,0.0,2014-09-17 10:00:00,0.0,0.0,0.0,0.0,0.0
284.64087,1.0,0.4228093,1.0,0.0,2014-09-17 11:00:00,0.0,0.0,0.0,0.0,0.0
284.57764,0.91241264,0.6388349,0.82830864,0.0,2014-09-17 12:00:00,1.0,0.0,0.0,0.0,0.0
284.83228,0.92514724,0.888368,0.55382615,0.00998199,2014-09-17 13:00:00,1.0,0.0,0.0,1.3363075e-07,0.0
286.8811,0.9224006,0.9122987,0.30247927,0.01173529,2014-09-17 14:00:00,0.0,0.0,0.0,1.3363075e-07,0.0
289.2827,0.8482578,0.8365084,0.21533012,0.0,2014-09-17 15:00:00,0.0,0.0,0.0,0.0,0.0
291.21094,0.64676726,0.64123845,0.14321941,0.0033782488,2014-09-17 16:00:00,0.0,0.0,0.0,0.0,0.0
292.85498,0.55716497,0.5469409,0.10971391,0.0,2014-09-17 17:00:00,0.0,0.0,0.0,0.0,0.0
294.14868,0.4314062,0.4224286,0.055314086,0.0,2014-09-17 18:00:00,0.0,0.0,0.0,0.0,0.0
295.0061,0.34591419,0.34485072,0.035960913,0.0,2014-09-17 19:00:00,0.0,0.0,0.0,0.0,0.0
295.51978,0.5065087,0.48478425,0.106952906,0.0,2014-09-17 20:00:00,0.0,0.0,0.0,0.0,0.0
295.82446,0.5422842,0.3623752,0.47468734,0.0,2014-09-17 21:00:00,0.0,2.864872e-07,0.0,2.864872e-07,0.0
296.0,0.52593637,0.43764025,0.31636655,0.0,2014-09-17 22:00:00,0.0,9.549569e-08,0.0,1.432436e-07,0.0
295.49268,0.18736649,0.024567608,0.17041254,0.0,2014-09-17 23:00:00,0.0,0.0,0.0,0.0,0.0
293.33545,0.12597603,0.04779287,0.11537826,0.0,2014-09-18 00:00:00,0.0,0.0,0.0,0.0,0.0
289.7881,0.22993481,0.102205634,0.19568026,0.0,2014-09-18 01:00:00,0.0,0.0,0.0,0.0,0.0
287.9651,0.031732984,0.020637289,0.021088354,0.0,2014-09-18 02:00:00,0.0,0.0,0.0,0.0,0.0
286.97363,0.07725948,0.042891435,0.044630677,0.0,2014-09-18 03:00:00,0.0,0.0,0.0,0.0,0.0
287.05713,0.04442805,0.026492354,0.040192623,0.0,2014-09-18 04:00:00,0.0,0.0,0.0,0.0,0.0
286.1819,0.04557056,0.007123966,0.04344979,0.0,2014-09-18 05:00:00,0.0,0.0,0.0,0.0,0.0
285.13623,0.055133928,0.01441757,0.054602206,0.0,2014-09-18 06:00:00,0.0,0.0,0.0,0.0,0.0
284.708,0.03833535,0.010513712,0.03833535,0.0,2014-09-18 07:00:00,0.0,0.0,0.0,0.0,0.0
283.98022,0.015731204,0.008357041,0.015731204,0.0,2014-09-18 08:00:00,0.0,0.0,0.0,0.0,0.0
283.26587,0.037194513,0.014985189,0.037194513,0.0,2014-09-18 09:00:00,0.0,0.0,0.0,0.0,0.0
282.73755,0.07009077,0.05389776,0.054868937,0.0,2014-09-18 10:00:00,0.0,0.0,0.0,0.0,0.0
282.37842,0.024994954,0.011634715,0.022838287,0.0,2014-09-18 11:00:00,0.0,0.0,0.0,0.0,0.0
282.29224,0.044997487,0.01478504,0.03681619,0.0,2014-09-18 12:00:00,0.0,0.0,0.0,0.0,0.0
282.77173,0.043297198,0.03114143,0.033759303,0.0,2014-09-18 13:00:00,1.0,0.0,0.0,0.0,0.0
283.74414,0.10701281,0.0901801,0.083373785,0.0,2014-09-18 14:00:00,1.0,2.6726156e-07,0.0,0.0,2.6726156e-07
286.0454,0.1513753,0.14799702,0.07479048,0.0,2014-09-18 15:00:00,1.0,6.4860296e-07,0.0,0.0,6.4860296e-07
288.1167,0.115544796,0.112166524,0.038334727,0.0,2014-09-18 16:00:00,1.0,7.626828e-07,0.0,0.0,7.626828e-07
290.05542,0.14261007,0.11797798,0.07068682,0.0,2014-09-18 17:00:00,0.0,0.0,0.0,0.0,0.0
291.9319,0.2145294,0.14866477,0.120956,0.0,2014-09-18 18:00:00,0.0,0.0,0.0,0.0,0.0
293.6338,0.58949745,0.5687226,0.17514354,0.0,2014-09-18 19:00:00,1.0,5.7997226e-05,0.0,5.684358e-05,9.152139e-07
294.41992,0.5379318,0.48510706,0.32968456,0.0,2014-09-18 20:00:00,1.0,5.406642e-05,0.0,5.406642e-05,0.0
295.02954,0.411869,0.3449725,0.21660411,0.0,2014-09-18 21:00:00,1.0,5.4208513e-06,0.0,5.5733863e-06,0.0
295.24805,0.3809542,0.35977858,0.14861977,0.0,2014-09-18 22:00:00,0.0,0.0,0.0,1.3363075e-07,0.0
294.68872,0.21936738,0.21437144,0.088564515,0.0,2014-09-18 23:00:00,0.0,0.0,0.0,0.0,0.0
292.76318,0.11758888,0.11758888,0.039977405,0.0,2014-09-19 00:00:00,0.0,0.0,0.0,0.0,0.0
290.58154,0.07005906,0.07005906,0.005003199,0.0,2014-09-19 01:00:00,0.0,0.0,0.0,0.0,0.0
289.73096,0.35016727,0.075781524,0.0,0.29747713,2014-09-19 02:00:00,0.0,0.0,0.0,0.0,0.0
289.10596,0.5892475,0.030580506,0.0,0.5808759,2014-09-19 03:00:00,0.0,0.0,0.0,0.0,0.0
288.7705,0.6653724,0.006280929,0.0,0.6624697,2014-09-19 04:00:00,0.0,0.0,0.0,0.0,0.0
288.31372,0.5364152,0.0,0.0,0.5364152,2014-09-19 05:00:00,0.0,0.0,0.0,0.0,0.0
287.93652,0.9873128,0.0,0.0,0.9873128,2014-09-19 06:00:00,0.0,0.0,0.0,0.0,0.0
287.97925,1.0,0.0,0.0,1.0,2014-09-19 07:00:00,0.0,0.0,0.0,0.0,0.0
287.89746,1.0,0.0,0.0,1.0,2014-09-19 08:00:00,0.0,0.0,0.0,0.0,0.0
287.6975,0.993669,0.0,0.0,0.993669,2014-09-19 09:00:00,0.0,0.0,0.0,0.0,0.0
287.6958,0.027008384,0.0,0.02049148,0.02280062,2014-09-19 10:00:00,0.0,0.0,0.0,0.0,0.0
287.82837,0.8962318,0.0,0.44557106,0.8912142,2014-09-19 11:00:00,0.0,0.0,0.0,0.0,0.0
287.72144,0.9663577,0.06085224,0.5360046,0.94744265,2014-09-19 12:00:00,1.0,0.0,0.0,0.0,0.0
288.0188,0.9317307,0.287718,0.2208873,0.88206494,2014-09-19 13:00:00,0.0,1.8868304e-06,0.0,0.0,1.8868304e-06
289.08398,0.9315403,0.35644227,0.18125314,0.90147704,2014-09-19 14:00:00,1.0,8.004925e-07,0.0,0.0,8.004925e-07
290.45898,0.93313754,0.26622653,0.50310093,0.89320874,2014-09-19 15:00:00,1.0,1.1831262e-06,0.0,1.4215448e-06,0.0
291.55713,0.8835545,0.106484175,0.33940667,0.86770624,2014-09-19 16:00:00,1.0,1.1818338e-06,0.0,1.1247939e-06,0.0
293.1985,0.7901637,0.0,0.0,0.7901637,2014-09-19 17:00:00,0.0,3.3212182e-06,0.0,1.9067068e-07,3.2071384e-06
294.59204,0.79913825,0.09107649,0.0,0.78325456,2014-09-19 18:00:00,0.0,2.0957555e-07,0.0,0.0,2.0957555e-07
295.55908,0.30879492,0.20147294,0.06322771,0.092608094,2014-09-19 19:00:00,0.0,0.0,0.0,0.0,0.0
296.56714,0.8765385,0.77691895,0.6399821,0.013263125,2014-09-19 20:00:00,1.0,1.3777043e-05,0.0,0.0,1.3872539e-05
296.85645,0.98887664,0.9751008,0.52050483,0.10079807,2014-09-19 21:00:00,1.0,6.302452e-05,0.0,6.68986e-06,5.6057776e-05
296.9829,0.9307998,0.8878305,0.60321385,0.115356445,2014-09-19 22:00:00,1.0,7.5225966e-05,0.0,2.8748662e-05,4.6829795e-05
296.78638,0.7509365,0.37754124,0.58902794,0.30884576,2014-09-19 23:00:00,1.0,8.1462174e-05,0.0,7.910619e-05,2.0605303e-06
296.2517,0.74061066,0.09519905,0.2067461,0.6733476,2014-09-20 00:00:00,1.0,0.00034330576,0.0,0.0003343455,8.940675e-06
295.13403,0.9646173,0.1546337,0.3133343,0.93841785,2014-09-20 01:00:00,0.0,0.00036700396,0.0,0.00036495272,1.9272247e-06
294.10107,0.9661075,0.06992495,0.21242416,0.9584687,2014-09-20 02:00:00,0.0,0.0011995225,0.0,0.0011975181,2.023994e-06
293.44263,0.9451338,0.032915566,0.21841419,0.9240502,2014-09-20 03:00:00,0.0,0.0001589049,0.0,0.00015837968,5.915585e-07
293.2732,0.5615208,0.004767146,0.20345527,0.443291,2014-09-20 04:00:00,1.0,1.9099144e-07,0.0,0.0,1.9099144e-07
293.0078,0.72414434,0.00053172023,0.122861624,0.69180113,2014-09-20 05:00:00,0.0,0.0,0.0,0.0,0.0
293.0559,0.19866484,0.0,0.04695271,0.17335987,2014-09-20 06:00:00,0.0,0.0,0.0,0.0,0.0
292.7793,0.5763794,0.009233657,0.03183589,0.5634838,2014-09-20 07:00:00,0.0,0.0,0.0,0.0,0.0
292.5901,0.73933595,0.0,0.016630612,0.7360861,2014-09-20 08:00:00,0.0,0.0,0.0,0.0,0.0
292.3501,0.29697675,0.0,0.00053172023,0.296445,2014-09-20 09:00:00,0.0,0.0,0.0,0.0,0.0
292.03955,0.78216,0.0,0.29993743,0.6701514,2014-09-20 10:00:00,0.0,0.0,0.0,0.0,0.0
291.22998,0.66073084,0.0,0.29336256,0.5480585,2014-09-20 11:00:00,0.0,0.0,0.0,0.0,0.0
290.4021,0.18356884,0.03945573,0.1382196,0.03525931,2014-09-20 12:00:00,0.0,0.0,0.0,0.0,0.0
290.37622,0.22422647,0.21221346,0.022098973,0.0,2014-09-20 13:00:00,1.0,0.0,0.0,0.0,0.0
290.88013,0.46622938,0.46622938,0.0,0.0,2014-09-20 14:00:00,1.0,1.086979e-06,0.0,0.0,7.0563834e-07
292.05005,0.38613844,0.38613844,0.0,0.0,2014-09-20 15:00:00,0.0,9.72258e-07,0.0,5.9091695e-07,4.7683716e-07
293.39502,0.32672793,0.32172477,0.0,0.005003199,2014-09-20 16:00:00,0.0,0.0,0.0,0.0,0.0
294.58276,0.23961604,0.23961604,0.0,0.0,2014-09-20 17:00:00,0.0,0.0,0.0,0.0,0.0
295.86768,0.11848265,0.11848265,0.0,0.0,2014-09-20 18:00:00,0.0,0.0,0.0,0.0,0.0
296.8269,0.05333847,0.035072237,0.0,0.018260118,2014-09-20 19:00:00,0.0,0.0,0.0,0.0,0.0
297.38232,0.38565856,0.014751688,0.0,0.3709374,2014-09-20 20:00:00,0.0,0.0,0.0,0.0,0.0
297.52808,0.6812297,0.015628155,0.019109488,0.6739415,2014-09-20 21:00:00,0.0,0.0,0.0,0.0,0.0
295.85962,0.9854591,0.02280062,0.76945376,0.9833552,2014-09-20 22:00:00,1.0,0.0,0.0,0.0,0.0
292.60864,0.9978961,0.057577137,0.9978961,0.9873239,2014-09-20 23:00:00,1.0,0.0007804476,0.0,0.0007348119,4.571231e-05
289.37915,0.866116,0.123328626,0.85166246,0.27683985,2014-09-21 00:00:00,1.0,0.0036120468,0.0,0.003428716,0.00018337865
288.1858,0.17778426,0.14818883,0.07912934,0.0,2014-09-21 01:00:00,1.0,0.0003643192,0.0,0.00026060175,0.00010368865
287.60767,0.03790799,0.019326892,0.03215878,0.0,2014-09-21 02:00:00,0.0,2.9744515e-06,0.0,0.0,3.0699475e-06
287.01587,0.011259723,0.011259723,0.0,0.0,2014-09-21 03:00:00,0.0,0.0,0.0,0.0,0.0
287.01953,0.015842482,0.015842482,0.004207764,0.0,2014-09-21 04:00:00,0.0,0.0,0.0,0.0,0.0
286.93604,0.028268032,0.028268032,0.010538738,0.0,2014-09-21 05:00:00,0.0,0.0,0.0,0.0,0.0
286.67944,0.064083576,0.064083576,0.010624956,0.0,2014-09-21 06:00:00,0.0,0.0,0.0,0.0,0.0
286.42188,0.087283075,0.07756233,0.0424202,0.0,2014-09-21 07:00:00,0.0,0.0,0.0,0.0,0.0
285.87012,0.13346171,0.13346171,0.013471484,0.0,2014-09-21 08:00:00,0.0,0.0,0.0,0.0,0.0
285.29517,0.14575642,0.14237815,0.013471484,0.0,2014-09-21 09:00:00,0.0,0.0,0.0,0.0,0.0
284.84717,0.22517008,0.17803335,0.13532019,0.0067320913,2014-09-21 10:00:00,0.0,0.0,0.0,0.0,0.0
284.69482,0.49418032,0.389933,0.10621899,0.24291027,2014-09-21 11:00:00,1.0,7.626828e-07,0.0,0.0,7.626828e-07
284.56885,0.56872565,0.08082008,0.32776695,0.554532,2014-09-21 12:00:00,1.0,4.7670883e-06,0.0,0.0,4.7670883e-06
284.74854,0.11859226,0.116950214,0.01024574,0.0,2014-09-21 13:00:00,1.0,4.767079e-06,0.0,0.0,4.920261e-06
285.76855,0.642702,0.55477315,0.55124295,0.0,2014-09-21 14:00:00,0.0,1.1446655e-06,0.0,0.0,1.1446655e-06
287.16455,0.6473132,0.6473132,0.0,0.0,2014-09-21 15:00:00,0.0,0.0,0.0,0.0,0.0
288.2505,0.587879,0.587879,0.0,0.0,2014-09-21 16:00:00,0.0,0.0,0.0,0.0,0.0
289.40796,0.47028238,0.47028238,0.0,0.0,2014-09-21 17:00:00,0.0,0.0,0.0,0.0,0.0
290.7473,0.7186369,0.7186369,0.0,0.0,2014-09-21 18:00:00,0.0,0.0,0.0,0.0,0.0
291.1106,0.8422002,0.8422002,0.0,0.0,2014-09-21 19:00:00,0.0,0.0,0.0,0.0,0.0
291.76465,0.9482362,0.9482362,0.0,0.0,2014-09-21 20:00:00,0.0,0.0,0.0,0.0,0.0
292.01343,0.9342194,0.9342194,0.0,0.0,2014-09-21 21:00:00,0.0,0.0,0.0,0.0,0.0
292.1902,0.5868253,0.5868253,0.07345319,0.0,2014-09-21 22:00:00,0.0,0.0,0.0,0.0,0.0
291.59375,0.085298,0.07950604,0.012531344,0.0,2014-09-21 23:00:00,0.0,0.0,0.0,0.0,0.0
289.93115,0.004307229,0.004307229,0.0,0.0,2014-09-22 00:00:00,0.0,0.0,0.0,0.0,0.0
287.6001,0.008732032,0.008732032,0.0,0.0,2014-09-22 01:00:00,0.0,0.0,0.0,0.0,0.0
285.46362,0.028084159,0.028084159,0.0,0.0,2014-09-22 02:00:00,0.0,0.0,0.0,0.0,0.0
283.77368,0.021463308,0.021463308,0.0,0.0,2014-09-22 03:00:00,0.0,0.0,0.0,0.0,0.0
282.95972,0.043814503,0.043814503,0.0,0.0,2014-09-22 04:00:00,0.0,0.0,0.0,0.0,0.0
282.6145,0.039876208,0.039876208,0.0,0.0,2014-09-22 05:00:00,0.0,0.0,0.0,0.0,0.0
282.4309,0.07465094,0.07465094,0.0,0.0,2014-09-22 06:00:00,0.0,0.0,0.0,0.0,0.0
282.29004,0.038416713,0.038416713,0.0,0.0,2014-09-22 07:00:00,0.0,0.0,0.0,0.0,0.0
282.27148,0.0033782488,0.0033782488,0.0,0.0,2014-09-22 08:00:00,0.0,0.0,0.0,0.0,0.0
281.6875,0.0033782488,0.0033782488,0.0,0.0,2014-09-22 09:00:00,0.0,0.0,0.0,0.0,0.0
280.4182,0.0,0.0,0.0,0.0,2014-09-22 10:00:00,0.0,0.0,0.0,0.0,0.0
280.26172,0.0,0.0,0.0,0.0,2014-09-22 11:00:00,0.0,0.0,0.0,0.0,0.0
280.41992,0.0,0.0,0.0,0.0,2014-09-22 12:00:00,0.0,0.0,0.0,0.0,0.0
281.62573,0.0010573287,0.0010573287,0.0,0.0,2014-09-22 13:00:00,0.0,0.0,0.0,0.0,0.0
284.14233,0.0,0.0,0.0,0.0,2014-09-22 14:00:00,0.0,0.0,0.0,0.0,0.0
287.53174,0.0,0.0,0.0,0.0,2014-09-22 15:00:00,0.0,0.0,0.0,0.0,0.0
290.04224,0.0,0.0,0.0,0.0,2014-09-22 16:00:00,0.0,0.0,0.0,0.0,0.0
291.77808,0.0,0.0,0.0,0.0,2014-09-22 17:00:00,0.0,0.0,0.0,0.0,0.0
293.13354,0.04266162,0.04266162,0.0,0.0,2014-09-22 18:00:00,0.0,0.0,0.0,0.0,0.0
294.09668,0.043701753,0.043701753,0.0,0.0,2014-09-22 19:00:00,0.0,0.0,0.0,0.0,0.0
294.80322,0.018960398,0.018960398,0.0,0.0,2014-09-22 20:00:00,0.0,0.0,0.0,0.0,0.0
295.32446,0.0,0.0,0.0,0.0,2014-09-22 21:00:00,0.0,0.0,0.0,0.0,0.0
295.1394,0.0,0.0,0.0,0.0,2014-09-22 22:00:00,0.0,0.0,0.0,0.0,0.0
294.59595,0.0,0.0,0.0,0.0,2014-09-22 23:00:00,0.0,0.0,0.0,0.0,0.0
292.25488,0.0,0.0,0.0,0.0,2014-09-23 00:00:00,0.0,0.0,0.0,0.0,0.0
289.0254,0.0,0.0,0.0,0.0,2014-09-23 01:00:00,0.0,0.0,0.0,0.0,0.0
287.34375,0.0,0.0,0.0,0.0,2014-09-23 02:00:00,0.0,0.0,0.0,0.0,0.0
285.9209,0.0,0.0,0.0,0.0,2014-09-23 03:00:00,0.0,0.0,0.0,0.0,0.0
285.02295,0.0,0.0,0.0,0.0,2014-09-23 04:00:00,0.0,0.0,0.0,0.0,0.0
284.56958,0.0,0.0,0.0,0.0,2014-09-23 05:00:00,0.0,0.0,0.0,0.0,0.0
284.13574,0.0,0.0,0.0,0.0,2014-09-23 06:00:00,0.0,0.0,0.0,0.0,0.0
283.66797,0.0,0.0,0.0,0.0,2014-09-23 07:00:00,0.0,0.0,0.0,0.0,0.0
283.02808,0.0,0.0,0.0,0.0,2014-09-23 08:00:00,0.0,0.0,0.0,0.0,0.0
282.5984,0.0,0.0,0.0,0.0,2014-09-23 09:00:00,0.0,0.0,0.0,0.0,0.0
282.58643,0.0,0.0,0.0,0.0,2014-09-23 10:00:00,0.0,0.0,0.0,0.0,0.0
282.39038,0.2367838,0.0,0.0,0.2367838,2014-09-23 11:00:00,0.0,0.0,0.0,0.0,0.0
282.34277,0.7785074,0.0,0.0,0.7785074,2014-09-23 12:00:00,0.0,0.0,0.0,0.0,0.0
283.61084,0.97031105,0.0,0.0,0.97031105,2014-09-23 13:00:00,0.0,0.0,0.0,0.0,0.0
286.3977,0.9894646,0.0,0.0,0.9894646,2014-09-23 14:00:00,0.0,0.0,0.0,0.0,0.0
291.1162,0.9788924,0.0,0.0,0.9788924,2014-09-23 15:00:00,0.0,0.0,0.0,0.0,0.0
292.85034,0.9966217,0.0,0.0,0.9966217,2014-09-23 16:00:00,0.0,0.0,0.0,0.0,0.0
294.82568,0.98887664,0.0,0.0,0.98887664,2014-09-23 17:00:00,0.0,0.0,0.0,0.0,0.0
295.68896,0.8741692,0.08379173,0.0,0.8570252,2014-09-23 18:00:00,0.0,0.0,0.0,0.0,0.0
296.32202,0.44009173,0.16761494,0.0,0.32992828,2014-09-23 19:00:00,0.0,0.0,0.0,0.0,0.0
296.44214,0.30581987,0.1983,0.0,0.13259828,2014-09-23 20:00:00,0.0,0.0,0.0,0.0,0.0
296.5857,0.48042667,0.15182894,0.0,0.41812587,2014-09-23 21:00:00,0.0,0.0,0.0,0.0,0.0
295.67017,0.376724,0.09219551,0.0,0.3014353,2014-09-23 22:00:00,0.0,0.0,0.0,0.0,0.0
294.52246,0.4410991,0.049544726,0.0047394857,0.41136563,2014-09-23 23:00:00,0.0,0.0,0.0,0.0,0.0
293.0188,0.6932967,0.010728002,0.23221678,0.6784489,2014-09-24 00:00:00,0.0,0.0,0.0,0.0,0.0
291.57642,0.9598178,0.005003199,0.5385509,0.9510824,2014-09-24 01:00:00,0.0,0.0,0.0,0.0,0.0
290.93994,0.9593067,0.018346336,0.81075853,0.94788295,2014-09-24 02:00:00,0.0,0.0,0.0,0.0,0.0
290.27637,0.9729011,0.0,0.89700246,0.9261032,2014-09-24 03:00:00,0.0,0.0,0.0,0.0,0.0
290.01392,1.0,0.0,0.9856821,0.9468175,2014-09-24 04:00:00,0.0,0.0,0.0,0.0,0.0
289.85596,0.997629,0.0,0.9816356,0.8911845,2014-09-24 05:00:00,0.0,0.0,0.0,0.0,0.0
289.32373,0.9742192,0.004207764,0.93867886,0.67736727,2014-09-24 06:00:00,0.0,0.0,0.0,0.0,0.0
289.21875,0.8669208,0.0,0.7736603,0.39155686,2014-09-24 07:00:00,1.0,0.00024825544,0.0,0.00024824613,0.0
289.11816,0.81758666,0.022390105,0.76553077,0.32332826,2014-09-24 08:00:00,1.0,9.755048e-05,0.0,9.768411e-05,0.0
288.83447,0.762305,0.028907012,0.60370356,0.49135685,2014-09-24 09:00:00,1.0,0.00040332833,0.0,0.0004032806,0.0
288.31006,0.986901,0.19796115,0.91155213,0.91214925,2014-09-24 10:00:00,1.0,0.00024660584,0.0,0.00024642446,0.0
288.03662,1.0,0.6750318,0.96330374,1.0,2014-09-24 11:00:00,1.0,0.00040039956,0.0,0.00040050433,2.6726156e-07
287.8567,1.0,0.72115254,0.8193829,0.998375,2014-09-24 12:00:00,1.0,0.00044828607,0.0,0.00044522504,3.2038943e-06
287.71436,1.0,1.0,0.99946827,0.99336845,2014-09-24 13:00:00,0.0,0.0003407204,0.0,0.000335573,4.8997335e-06
288.02686,1.0,1.0,0.98892707,0.93454593,2014-09-24 14:00:00,1.0,5.6208344e-05,0.0,5.6580393e-05,0.0
288.79102,0.9455727,0.93972284,0.89743996,0.5002295,2014-09-24 15:00:00,0.0,0.00014299856,0.0,0.0001430463,0.0
289.437,0.9906332,0.9834592,0.8555918,0.13816833,2014-09-24 16:00:00,0.0,0.0,0.0,0.0,0.0
290.0066,0.9957922,0.90486574,0.9957922,0.032675076,2014-09-24 17:00:00,0.0,0.0,0.0,0.0,0.0
290.5083,0.98297423,0.6959603,0.98032767,0.0067320913,2014-09-24 18:00:00,0.0,4.0056705e-07,0.0,5.053548e-07,0.0
290.53223,0.81955403,0.61483186,0.7928742,0.0,2014-09-24 19:00:00,0.0,0.0,0.0,0.0,0.0
290.47705,0.8015624,0.66440564,0.7674492,0.0,2014-09-24 20:00:00,0.0,0.0,0.0,0.0,0.0
290.4961,1.0,0.99841094,0.9700172,0.0,2014-09-24 21:00:00,0.0,0.0,0.0,0.0,0.0
291.56445,0.9418253,0.36060476,0.8770383,0.37271518,2014-09-24 22:00:00,1.0,2.9493487e-05,0.0,1.599839e-05,1.3705318e-05
291.18896,0.94177204,0.20685655,0.9012658,0.32646054,2014-09-24 23:00:00,1.0,3.580982e-05,0.0,2.752793e-05,8.549145e-06
290.74707,0.8303892,0.47959614,0.7069439,0.09469205,2014-09-25 00:00:00,0.0,8.044574e-05,0.0,8.017848e-05,2.6726156e-07
290.4253,0.76335186,0.53937614,0.55928665,0.0,2014-09-25 01:00:00,1.0,0.000393647,0.0,0.000392084,1.4862635e-06
290.23633,0.9224139,0.7542429,0.7624711,0.0,2014-09-25 02:00:00,1.0,3.738991e-05,0.0,2.9403542e-05,7.986359e-06
289.93164,0.8722022,0.81753296,0.6158084,0.0,2014-09-25 03:00:00,1.0,2.6926442e-05,0.0,4.7747868e-08,2.6716865e-05
289.80322,0.8185575,0.75783646,0.53777736,0.0,2014-09-25 04:00:00,0.0,2.9003626e-05,0.0,1.9099144e-07,2.8526789e-05
289.57422,0.7930061,0.7391528,0.45161152,0.0,2014-09-25 05:00:00,0.0,1.667974e-05,0.0,1.0982003e-06,1.526653e-05
289.42847,0.77791995,0.73173505,0.35996962,0.0,2014-09-25 06:00:00,0.0,9.549569e-08,0.0,4.7747868e-08,0.0
289.3694,0.7264154,0.72432864,0.21332711,0.0,2014-09-25 07:00:00,1.0,2.6726157e-06,0.0,0.0,2.6726157e-06
289.27295,0.73569226,0.7249536,0.28985196,0.0,2014-09-25 08:00:00,1.0,3.6256388e-06,0.0,8.017848e-07,2.8238546e-06
289.19214,0.8503237,0.8426791,0.2875749,0.0,2014-09-25 09:00:00,1.0,5.9713648e-06,0.0,2.6335138e-06,3.33785e-06
288.98828,0.9529875,0.8937427,0.7298119,0.0,2014-09-25 10:00:00,1.0,4.293477e-06,0.0,2.519434e-06,1.5067808e-06
288.7566,0.88651955,0.8741403,0.5291353,0.0,2014-09-25 11:00:00,1.0,6.9622165e-06,0.0,3.968208e-06,3.0705978e-06
288.4939,0.88647175,0.87936616,0.48376364,0.0,2014-09-25 12:00:00,1.0,5.226633e-06,0.0,1.8708306e-06,3.3558026e-06
288.59668,0.7666592,0.7642882,0.21121019,0.0,2014-09-25 13:00:00,1.0,2.3271496e-06,0.0,8.5882465e-07,1.5253654e-06
289.61328,0.65841925,0.6560483,0.13367832,0.0,2014-09-25 14:00:00,1.0,2.5944119e-06,0.0,5.915631e-07,1.9458084e-06
290.68262,0.4003635,0.39983177,0.064318955,0.0,2014-09-25 15:00:00,1.0,1.1831262e-06,0.0,5.915631e-07,9.158646e-07
292.1604,0.2723406,0.2723406,0.05516441,0.0,2014-09-25 16:00:00,0.0,0.0,0.0,1.9067068e-07,0.0
294.33276,0.2653839,0.26301295,0.040044446,0.0,2014-09-25 17:00:00,0.0,0.0,0.0,0.0,0.0
295.81763,0.32834965,0.32834965,0.05404154,0.0,2014-09-25 18:00:00,0.0,0.0,0.0,0.0,0.0
297.0393,0.37088966,0.36752856,0.031198695,0.0,2014-09-25 19:00:00,1.0,0.0,0.0,1.3363075e-07,0.0
297.72046,0.5830423,0.5782943,0.05799473,0.0,2014-09-25 20:00:00,1.0,3.4743998e-06,0.0,3.4743998e-06,0.0
298.16797,0.59860516,0.59860516,0.025323857,0.0,2014-09-25 21:00:00,0.0,1.7711005e-05,0.0,1.7577375e-05,0.0
297.45288,0.9932679,0.9932679,0.008384813,0.0,2014-09-25 22:00:00,0.0,1.6035692e-06,0.0,1.4699381e-06,0.0
296.7273,0.98453337,0.98453337,0.026279334,0.0,2014-09-25 23:00:00,0.0,0.0,0.0,0.0,0.0
294.9065,0.87336534,0.87336534,0.017963216,0.0,2014-09-26 00:00:00,0.0,0.0,0.0,0.0,0.0
293.1726,0.6993057,0.6993057,0.0071128868,0.0,2014-09-26 01:00:00,0.0,0.0,0.0,0.0,0.0
292.02393,0.6168318,0.6168318,0.0,0.0,2014-09-26 02:00:00,0.0,0.0,0.0,0.0,0.0
291.17163,0.5227641,0.5227641,0.0,0.0,2014-09-26 03:00:00,0.0,0.0,0.0,0.0,0.0
290.15796,0.582896,0.582896,0.0,0.0,2014-09-26 04:00:00,0.0,0.0,0.0,0.0,0.0
289.76953,0.5253197,0.5253197,0.0,0.0,2014-09-26 05:00:00,0.0,0.0,0.0,0.0,0.0
289.31592,0.5432053,0.5432053,0.0,0.0,2014-09-26 06:00:00,0.0,0.0,0.0,0.0,0.0
288.47974,0.54399824,0.54399824,0.0029026829,0.0,2014-09-26 07:00:00,0.0,0.0,0.0,0.0,0.0
287.9851,0.49813652,0.4960326,0.008384813,0.0,2014-09-26 08:00:00,0.0,0.0,0.0,0.0,0.0
287.54785,0.3601938,0.3601938,0.0,0.0,2014-09-26 09:00:00,0.0,0.0,0.0,0.0,0.0
287.2954,0.25521147,0.25521147,0.0029026829,0.0,2014-09-26 10:00:00,0.0,0.0,0.0,0.0,0.0
286.93604,0.4008878,0.4008878,0.0102240555,0.0,2014-09-26 11:00:00,0.0,0.0,0.0,0.0,0.0
286.906,0.40856433,0.40856433,0.0052650943,0.0,2014-09-26 12:00:00,0.0,0.0,0.0,0.0,0.0
287.4265,0.4759372,0.4759372,0.01004079,0.0,2014-09-26 13:00:00,0.0,0.0,0.0,0.0,0.0
289.98022,0.3983181,0.3983181,0.017928291,0.0,2014-09-26 14:00:00,0.0,0.0,0.0,0.0,0.0
293.2859,0.3637759,0.35014796,0.04381703,0.0,2014-09-26 15:00:00,0.0,0.0,0.0,0.0,0.0
295.7881,0.18869466,0.18295884,0.034476954,0.0,2014-09-26 16:00:00,0.0,0.0,0.0,0.0,0.0
297.53418,0.061749984,0.061749984,0.016739111,0.0,2014-09-26 17:00:00,0.0,0.0,0.0,0.0,0.0
298.81055,0.03952961,0.03952961,0.010009766,0.0,2014-09-26 18:00:00,0.0,0.0,0.0,0.0,0.0
299.3274,0.057752907,0.057752907,0.01879517,0.0,2014-09-26 19:00:00,0.0,0.0,0.0,0.0,0.0
299.8042,0.12523997,0.12523997,0.0,0.0,2014-09-26 20:00:00,0.0,0.0,0.0,0.0,0.0
299.89038,0.13577873,0.13577873,0.0,0.0,2014-09-26 21:00:00,0.0,0.0,0.0,0.0,0.0
299.28247,0.23765612,0.04265637,0.23712444,0.0,2014-09-26 22:00:00,0.0,0.0,0.0,0.0,0.0
298.2793,0.14995646,0.029238764,0.14833152,0.0,2014-09-26 23:00:00,0.0,0.0,0.0,0.0,0.0
296.23218,0.13538778,0.03361157,0.13538778,0.0,2014-09-27 00:00:00,0.0,0.0,0.0,0.0,0.0
294.59985,0.13057262,0.037123367,0.13057262,0.0,2014-09-27 01:00:00,0.0,0.0,0.0,0.0,0.0
294.03247,0.122864425,0.0400058,0.122864425,0.0,2014-09-27 02:00:00,0.0,0.0,0.0,0.0,0.0
293.20386,0.11622012,0.066825986,0.11037028,0.0,2014-09-27 03:00:00,0.0,0.0,0.0,0.0,0.0
292.8418,0.06866616,0.049462184,0.059195425,0.0,2014-09-27 04:00:00,0.0,0.0,0.0,0.0,0.0
292.19287,0.07986963,0.04108245,0.07276255,0.0,2014-09-27 05:00:00,0.0,0.0,0.0,0.0,0.0
291.94775,0.034150425,0.004207764,0.034150425,0.0,2014-09-27 06:00:00,0.0,0.0,0.0,0.0,0.0
291.24536,0.060687233,0.007638801,0.060687233,0.0,2014-09-27 07:00:00,0.0,0.0,0.0,0.0,0.0
290.76636,0.032740798,0.004741922,0.032740798,0.0,2014-09-27 08:00:00,0.0,0.0,0.0,0.0,0.0
290.448,0.037855238,0.0,0.037855238,0.0,2014-09-27 09:00:00,0.0,0.0,0.0,0.0,0.0
290.25732,0.10440034,0.0677762,0.091042876,0.0,2014-09-27 10:00:00,0.0,0.0,0.0,0.0,0.0
290.08057,0.23022711,0.13876289,0.226866,0.0,2014-09-27 11:00:00,0.0,0.0,0.0,0.0,0.0
289.67554,0.20342952,0.10847682,0.18764824,0.0,2014-09-27 12:00:00,0.0,0.0,0.0,0.0,0.0
290.1704,0.24715394,0.013112519,0.21865922,0.033768337,2014-09-27 13:00:00,0.0,0.0,0.0,0.0,0.0
291.87573,0.70983267,0.03651905,0.20387024,0.65093654,2014-09-27 14:00:00,0.0,0.0,0.0,0.0,0.0
294.78906,0.28722256,0.010624062,0.07871866,0.23655069,2014-09-27 15:00:00,0.0,0.0,0.0,0.0,0.0
296.60034,0.103342235,0.032080073,0.056570727,0.043782897,2014-09-27 16:00:00,0.0,0.0,0.0,0.0,0.0
298.81616,0.049779646,0.0,0.0026356035,0.047144044,2014-09-27 17:00:00,0.0,0.0,0.0,0.0,0.0
299.55396,0.023637708,0.0071104467,0.018631142,0.0,2014-09-27 18:00:00,0.0,1.9099144e-07,0.0,1.432436e-07,0.0
300.22437,0.28190643,0.14821345,0.22633094,0.0,2014-09-27 19:00:00,1.0,6.979634e-05,0.0,6.943455e-05,0.0
300.646,0.2555532,0.0881992,0.24945343,0.0,2014-09-27 20:00:00,0.0,4.116632e-05,0.0,4.1146763e-05,0.0
300.39526,0.28392363,0.12231153,0.24825019,0.0,2014-09-27 21:00:00,0.0,6.4641918e-06,0.0,6.654863e-06,0.0
300.26318,0.7409634,0.05659759,0.70797676,0.11523092,2014-09-27 22:00:00,1.0,6.5456406e-06,0.0,6.459757e-06,0.0
299.12915,0.54280084,0.04555305,0.5231868,0.04943465,2014-09-27 23:00:00,0.0,1.7187296e-05,0.0,1.7025464e-05,0.0
296.77856,0.24277669,0.0063116476,0.24277669,0.0,2014-09-28 00:00:00,0.0,9.549569e-08,0.0,0.0,9.549569e-08
294.78003,0.23394394,0.013574567,0.23394394,0.0,2014-09-28 01:00:00,0.0,0.0,0.0,0.0,0.0
293.35352,0.14691383,0.0,0.14691383,0.0,2014-09-28 02:00:00,0.0,0.0,0.0,0.0,0.0
291.98486,0.0947696,0.0,0.0947696,0.0,2014-09-28 03:00:00,0.0,0.0,0.0,0.0,0.0
291.36475,0.08058196,0.0,0.08058196,0.0,2014-09-28 04:00:00,0.0,0.0,0.0,0.0,0.0
290.80298,0.05714677,0.0,0.05714677,0.0,2014-09-28 05:00:00,0.0,0.0,0.0,0.0,0.0
290.4707,0.10493207,0.00053172023,0.10493207,0.0,2014-09-28 06:00:00,0.0,0.0,0.0,0.0,0.0
290.02246,0.034553763,0.0,0.034553763,0.0,2014-09-28 07:00:00,0.0,0.0,0.0,0.0,0.0
289.55713,0.019463405,0.009478044,0.019463405,0.0,2014-09-28 08:00:00,0.0,0.0,0.0,0.0,0.0
288.64478,0.05336604,0.020520732,0.05336604,0.0,2014-09-28 09:00:00,0.0,0.0,0.0,0.0,0.0
288.14062,0.03305938,0.015010219,0.03305938,0.0,2014-09-28 10:00:00,0.0,0.0,0.0,0.0,0.0
287.29297,0.014743138,0.010471594,0.012639254,0.0,2014-09-28 11:00:00,0.0,0.0,0.0,0.0,0.0
287.02295,0.009472862,0.007368978,0.004207764,0.0,2014-09-28 12:00:00,0.0,0.0,0.0,0.0,0.0
287.87305,0.04875312,0.04875312,0.019374713,0.0,2014-09-28 13:00:00,0.0,0.0,0.0,0.0,0.0
290.68823,0.065720975,0.060987633,0.020014346,0.0,2014-09-28 14:00:00,0.0,0.0,0.0,0.0,0.0
293.96582,0.16640443,0.14767271,0.079633534,0.0,2014-09-28 15:00:00,0.0,0.0,0.0,0.0,0.0
296.57153,0.2767796,0.27005732,0.16251433,0.0,2014-09-28 16:00:00,0.0,0.0,0.0,0.0,0.0
298.34448,0.24277079,0.23648983,0.09724647,0.0,2014-09-28 17:00:00,0.0,0.0,0.0,0.0,0.0
300.0298,0.1683889,0.06803942,0.14310485,0.0,2014-09-28 18:00:00,0.0,1.9099144e-07,0.0,2.4803137e-07,0.0
300.386,0.22324866,0.05578881,0.21773082,0.0,2014-09-28 19:00:00,0.0,0.0,0.0,0.0,0.0
300.7395,0.2274977,0.11453569,0.19478285,0.0065169036,2014-09-28 20:00:00,0.0,0.0,0.0,0.0,0.0
300.73438,0.35363954,0.07493907,0.17273754,0.19668752,2014-09-28 21:00:00,0.0,0.0,0.0,0.0,0.0
300.19995,0.5328913,0.073168576,0.3858109,0.1711142,2014-09-28 22:00:00,0.0,0.0,0.0,0.0,0.0
299.25537,0.5806078,0.025376786,0.39530867,0.32094526,2014-09-28 23:00:00,0.0,0.0,0.0,0.0,0.0
296.19702,0.7186403,0.014456838,0.24453229,0.60170954,2014-09-29 00:00:00,0.0,0.0,0.0,0.0,0.0
293.68237,0.56276774,0.015734568,0.23591018,0.4307242,2014-09-29 01:00:00,0.0,0.0,0.0,0.0,0.0
292.7141,0.19260776,0.0033782488,0.13749343,0.06258297,2014-09-29 02:00:00,0.0,0.0,0.0,0.0,0.0
291.95752,0.19724602,0.0,0.13209808,0.078347445,2014-09-29 03:00:00,0.0,0.0,0.0,0.0,0.0
291.42456,0.43952727,0.0016249504,0.18802112,0.34519708,2014-09-29 04:00:00,0.0,0.0,0.0,0.0,0.0
291.05054,0.8743506,0.02481382,0.41938853,0.8444788,2014-09-29 05:00:00,0.0,0.0,0.0,0.0,0.0
290.8125,0.9989426,0.09796095,0.481647,0.99841094,2014-09-29 06:00:00,0.0,8.017848e-07,0.0,8.017848e-07,0.0
290.01538,0.99121517,0.03325553,0.6227679,0.97838324,2014-09-29 07:00:00,1.0,1.9650994e-05,0.0,1.9650994e-05,0.0
289.76294,0.9531149,0.019463405,0.46380746,0.9348594,2014-09-29 08:00:00,1.0,2.0311869e-05,0.0,2.0311869e-05,0.0
289.5017,0.8154163,0.029758565,0.4311471,0.68744844,2014-09-29 09:00:00,1.0,9.777013e-05,0.0,9.750287e-05,0.0
288.3235,0.9220126,0.75669336,0.647821,0.3536625,2014-09-29 10:00:00,1.0,0.00021159208,0.0,0.00020608219,5.548355e-06
287.76294,0.9947011,0.9698019,0.26254725,0.43404222,2014-09-29 11:00:00,1.0,0.00019165827,0.0,0.00018237374,9.036821e-06
286.84912,1.0,1.0,0.31927818,0.39065164,2014-09-29 12:00:00,1.0,0.0003090992,0.0,0.00030400883,5.2810938e-06
285.94287,1.0,1.0,0.5363993,0.16329831,2014-09-29 13:00:00,1.0,0.000258344,0.0,0.00025298633,5.3195445e-06
284.96973,1.0,1.0,0.6677708,0.19780248,2014-09-29 14:00:00,1.0,0.00010687222,0.0,0.00010118159,5.83355e-06
284.61743,1.0,1.0,0.74903953,0.58116037,2014-09-29 15:00:00,1.0,1.6263628e-05,0.0,1.4604966e-05,1.8112014e-06
284.68408,1.0,0.99164295,0.7644437,0.77633554,2014-09-29 16:00:00,0.0,0.0,0.0,0.0,0.0
285.30884,1.0,0.99525803,0.6523159,0.79195416,2014-09-29 17:00:00,0.0,0.0,0.0,0.0,0.0
285.76758,0.9644874,0.837193,0.24854213,0.6642544,2014-09-29 18:00:00,0.0,0.0,0.0,0.0,0.0
286.92725,0.62059575,0.5971264,0.035819124,0.06527048,2014-09-29 19:00:00,0.0,0.0,0.0,0.0,0.0
287.6267,0.5273403,0.51153034,0.025285248,0.00053172023,2014-09-29 20:00:00,0.0,0.0,0.0,0.0,0.0
288.09546,0.60115665,0.6006249,0.0055321716,0.0,2014-09-29 21:00:00,0.0,0.0,0.0,0.0,0.0
287.52783,0.48952365,0.48899198,0.0015890491,0.0,2014-09-29 22:00:00,0.0,0.0,0.0,0.0,0.0
286.42847,0.33317232,0.33317232,0.0,0.0,2014-09-29 23:00:00,0.0,0.0,0.0,0.0,0.0
285.17163,0.30452698,0.30452698,0.0,0.0,2014-09-30 00:00:00,0.0,0.0,0.0,0.0,0.0
283.7058,0.22434533,0.22434533,0.0,0.0,2014-09-30 01:00:00,0.0,0.0,0.0,0.0,0.0
282.4944,0.08275801,0.08275801,0.0,0.0,2014-09-30 02:00:00,0.0,0.0,0.0,0.0,0.0
281.46948,0.06628811,0.06628811,0.0,0.0,2014-09-30 03:00:00,0.0,0.0,0.0,0.0,0.0
280.75952,0.10168862,0.10168862,0.0,0.0,2014-09-30 04:00:00,0.0,0.0,0.0,0.0,0.0
280.19336,0.12208849,0.12208849,0.0,0.0,2014-09-30 05:00:00,0.0,0.0,0.0,0.0,0.0
279.6443,0.126719,0.12251121,0.0,0.0063116476,2014-09-30 06:00:00,0.0,0.0,0.0,0.0,0.0
279.43457,0.28179735,0.25132817,0.0,0.035208683,2014-09-30 07:00:00,0.0,0.0,0.0,0.0,0.0
279.46826,0.3567477,0.35411817,0.0,0.0026356035,2014-09-30 08:00:00,0.0,0.0,0.0,0.0,0.0
279.26758,0.37108546,0.37108546,0.0,0.0,2014-09-30 09:00:00,0.0,0.0,0.0,0.0,0.0
279.38696,0.41216093,0.41216093,0.0,0.0,2014-09-30 10:00:00,0.0,0.0,0.0,0.0,0.0
279.2334,0.3397342,0.3397342,0.0,0.0,2014-09-30 11:00:00,0.0,0.0,0.0,0.0,0.0
279.06396,0.33043605,0.33043605,0.0,0.0,2014-09-30 12:00:00,0.0,0.0,0.0,0.0,1.14079796e-07
279.0735,0.29290456,0.29290456,0.0,0.0,2014-09-30 13:00:00,0.0,0.0,0.0,0.0,0.0
279.32812,0.27356958,0.262419,0.0,0.0111505985,2014-09-30 14:00:00,0.0,0.0,0.0,0.0,0.0
280.29272,0.3151406,0.20996642,0.0,0.1417402,2014-09-30 15:00:00,0.0,0.0,0.0,0.0,0.0
281.15918,0.6046434,0.04771929,0.0,0.58626926,2014-09-30 16:00:00,0.0,0.0,0.0,0.0,0.0
282.7058,0.90274787,0.02105479,0.0,0.8911659,2014-09-30 17:00:00,0.0,0.0,0.0,0.0,0.0
284.1875,0.9583258,0.030171398,0.019051515,0.9567008,2014-09-30 18:00:00,0.0,0.0,0.0,0.0,0.0
285.32568,0.9882613,0.03201401,0.022089563,0.9882613,2014-09-30 19:00:00,0.0,0.0,0.0,0.0,0.0
286.07056,0.9923639,0.025387455,0.0,0.9923639,2014-09-30 20:00:00,0.0,0.0,0.0,0.0,0.0
286.83813,1.0,0.023070086,0.0,1.0,2014-09-30 21:00:00,0.0,0.0,0.0,0.0,0.0
286.96826,0.96846735,0.08931488,0.048989583,0.96557075,2014-09-30 22:00:00,0.0,0.0,0.0,0.0,0.0
286.78027,0.9640127,0.06505883,0.14759243,0.95826346,2014-09-30 23:00:00,0.0,0.0,0.0,0.0,0.0
286.02075,1.0,0.070465565,0.12047142,1.0,2014-10-01 00:00:00,0.0,0.0,0.0,0.0,0.0
285.58447,1.0,0.011203606,0.042440355,1.0,2014-10-01 01:00:00,0.0,0.0,0.0,0.0,0.0
285.30347,1.0,0.029205162,0.059648436,1.0,2014-10-01 02:00:00,0.0,0.00024069793,0.0,0.00024083156,0.0
285.02148,0.98924416,0.0,0.34115177,0.98871857,2014-10-01 03:00:00,0.0,0.00039574387,0.0,0.00039587752,0.0
284.84058,0.88711816,0.0,0.5757507,0.8666081,2014-10-01 04:00:00,1.0,0.00010848683,0.0,0.00010608147,2.4053543e-06
284.3921,0.7610655,0.0,0.42168504,0.49954033,2014-10-01 05:00:00,0.0,0.00014390878,0.0,0.00013627227,7.3692354e-06
284.22656,0.97505444,0.00956155,0.8687076,0.92147946,2014-10-01 06:00:00,0.0,0.0,0.0,0.0,0.0
284.20898,0.99627113,0.061317787,0.730996,0.99627113,2014-10-01 07:00:00,1.0,5.6124927e-06,0.0,0.0,5.6124927e-06
284.10034,1.0,0.17070884,0.6285144,1.0,2014-10-01 08:00:00,1.0,0.00059742504,0.0,0.00058877724,8.647867e-06
283.87695,1.0,0.29716843,0.6716763,1.0,2014-10-01 09:00:00,1.0,0.00043990277,0.0,0.00038787257,5.1658193e-05
283.46094,1.0,0.19762337,0.6224243,1.0,2014-10-01 10:00:00,1.0,0.00058753975,0.0,0.00040782848,0.00017945323
283.39697,1.0,0.23189235,0.69621557,1.0,2014-10-01 11:00:00,1.0,0.0009297482,0.0,0.00025634444,0.0006734326
283.2881,1.0,0.76251656,0.8342844,1.0,2014-10-01 12:00:00,1.0,0.001511429,0.0,0.0002897163,0.0012220559
283.23364,1.0,0.6037968,0.99675006,1.0,2014-10-01 13:00:00,1.0,0.0026540242,0.0,0.00045733945,0.0021966274
283.30322,1.0,0.5446714,1.0,1.0,2014-10-01 14:00:00,1.0,0.0038209048,0.0,0.0006140622,0.0032063173
283.38452,1.0,0.7847481,1.0,1.0,2014-10-01 15:00:00,1.0,0.0035081469,0.0,0.0004977521,0.0030099468
283.5005,1.0,1.0,1.0,0.997629,2014-10-01 16:00:00,1.0,0.0038467038,0.0,0.0006018074,0.003245038
283.6355,1.0,1.0,0.9978792,1.0,2014-10-01 17:00:00,1.0,0.0037104485,0.0,0.0008194316,0.0028910548
284.18237,1.0,1.0,0.97380406,0.6046075,2014-10-01 18:00:00,1.0,0.0023582496,0.0,0.0007759747,0.0015827424
284.7727,1.0,0.9966217,0.64461035,0.20841163,2014-10-01 19:00:00,1.0,0.00055586896,0.0,0.00033674762,0.00021889214
285.43506,1.0,1.0,0.37526876,0.1390484,2014-10-01 20:00:00,1.0,0.00011834716,0.0,9.7378914e-05,2.062504e-05
286.22388,1.0,1.0,0.18843597,0.04890937,2014-10-01 21:00:00,0.0,2.2815959e-07,0.0,0.0,3.813414e-07
287.49,1.0,1.0,0.119665205,0.03213523,2014-10-01 22:00:00,1.0,2.6726156e-07,0.0,2.6726156e-07,0.0
287.72266,1.0,1.0,0.06905687,0.32068676,2014-10-01 23:00:00,1.0,5.3452317e-07,0.0,0.0,5.3452317e-07
287.34814,1.0,0.98879635,0.20062405,0.7981247,2014-10-02 00:00:00,1.0,1.9849103e-06,0.0,0.0,1.9849103e-06
287.24585,0.99736434,0.9180442,0.10465789,0.9761504,2014-10-02 01:00:00,1.0,2.0406533e-06,0.0,1.0478777e-07,1.8310784e-06
287.20654,0.9778793,0.63350135,0.08546865,0.9415773,2014-10-02 02:00:00,1.0,9.914838e-07,0.0,0.0,9.914838e-07
287.14185,0.94932973,0.36289823,0.04950642,0.91701514,2014-10-02 03:00:00,0.0,5.9091695e-07,0.0,0.0,5.9091695e-07
286.86523,0.8514456,0.09020972,0.06008044,0.8380712,2014-10-02 04:00:00,0.0,1.14079796e-07,0.0,0.0,1.14079796e-07
286.54736,0.91598165,0.078811705,0.04559768,0.9048238,2014-10-02 05:00:00,1.0,0.0,0.0,0.0,0.0
286.40234,0.8584438,0.09898335,0.07146883,0.83834416,2014-10-02 06:00:00,1.0,4.999766e-06,0.0,5.1904362e-06,0.0
286.688,0.623522,0.17923158,0.07445043,0.5372767,2014-10-02 07:00:00,0.0,9.549569e-08,0.0,0.0,9.549569e-08
287.10156,0.48369813,0.45998812,0.046773203,0.030198265,2014-10-02 08:00:00,0.0,2.6726156e-07,0.0,1.3363075e-07,0.0
287.24658,0.931581,0.8859798,0.0637095,0.31882167,2014-10-02 09:00:00,1.0,3.050713e-07,0.0,3.3391427e-07,0.0
286.38354,0.8750074,0.8750074,0.05821615,0.0,2014-10-02 10:00:00,1.0,9.549569e-08,0.0,4.7747868e-08,0.0
286.65234,0.71173054,0.67407614,0.09637928,0.06446916,2014-10-02 11:00:00,1.0,0.0,0.0,0.0,0.0
286.1975,0.635089,0.635089,0.0021207693,0.0,2014-10-02 12:00:00,1.0,0.0,0.0,0.0,0.0
286.5083,0.51769364,0.5095307,0.0,0.011863146,2014-10-02 13:00:00,0.0,0.0,0.0,0.0,0.0
287.21606,0.6518063,0.6518063,0.06250584,0.00053172023,2014-10-02 14:00:00,1.0,7.2551467e-07,0.0,4.7747868e-08,1.9099144e-07
288.30225,0.88508487,0.8408962,0.47478265,0.18933439,2014-10-02 15:00:00,1.0,2.1765436e-06,0.0,4.7747868e-08,2.4623896e-06
288.5442,0.96352065,0.8710078,0.76823163,0.54717886,2014-10-02 16:00:00,1.0,6.777035e-06,0.0,5.3452313e-06,1.431803e-06
288.95142,1.0,0.94623977,0.65241057,0.9041576,2014-10-02 17:00:00,1.0,8.590553e-05,0.0,6.708961e-05,1.8730017e-05
288.52466,1.0,0.8041839,0.9480329,0.9755153,2014-10-02 18:00:00,1.0,0.00018077472,0.0,0.00010022157,8.0553145e-05
287.9851,1.0,0.998375,0.9352545,0.7761516,2014-10-02 19:00:00,1.0,0.00051308377,0.0,0.00032297336,0.00019022457
287.37476,1.0,1.0,0.94248515,1.0,2014-10-02 20:00:00,1.0,0.0007105239,0.0,0.00029752706,0.00041332096
286.53296,1.0,0.9768557,0.93128246,0.9938833,2014-10-02 21:00:00,1.0,0.00063623046,0.0,0.0002383898,0.0003980596
286.05542,1.0,0.88991386,0.9694545,0.34654164,2014-10-02 22:00:00,1.0,0.0007777945,0.0,0.00029416964,0.0004834435
285.77417,1.0,0.6934955,1.0,0.91880774,2014-10-02 23:00:00,1.0,0.0014478473,0.0,0.00029942184,0.0011480823
285.86353,0.99627113,0.17276186,0.8475682,0.97158444,2014-10-03 00:00:00,1.0,0.002270488,0.0,0.00052497094,0.0017455937
285.2351,0.921496,0.0,0.71907556,0.85288185,2014-10-03 01:00:00,1.0,0.0012392274,0.0,0.0004842945,0.00075503765
284.906,0.97244424,0.0,0.96823645,0.48613614,2014-10-03 02:00:00,0.0,0.00026365975,0.0,0.00019123217,7.237062e-05
284.12402,0.9495153,0.033295877,0.45016986,0.9256699,2014-10-03 03:00:00,0.0,9.549567e-07,0.0,9.0720954e-07,0.0
283.89502,0.6949711,0.03612867,0.047168966,0.67341053,2014-10-03 04:00:00,1.0,0.0,0.0,0.0,0.0
283.583,0.8549053,0.12625915,0.1231671,0.8227313,2014-10-03 05:00:00,0.0,0.0,0.0,0.0,0.0
283.26294,0.5895769,0.09594029,0.14499652,0.5129321,2014-10-03 06:00:00,0.0,0.0,0.0,0.0,0.0
283.23096,0.29740644,0.10242659,0.1168527,0.19425714,2014-10-03 07:00:00,1.0,0.0,0.0,0.0,0.0
283.04468,0.28069872,0.079744875,0.006280929,0.2419151,2014-10-03 08:00:00,1.0,0.0,0.0,0.0,0.0
282.80957,0.5447336,0.33714122,0.06560439,0.2696551,2014-10-03 09:00:00,1.0,9.158646e-07,0.0,0.0,9.158646e-07
281.99683,0.97685724,0.91793144,0.7325236,0.19274497,2014-10-03 10:00:00,1.0,0.0,0.0,0.0,0.0
281.73975,0.9678388,0.95913935,0.55824983,0.16155046,2014-10-03 11:00:00,0.0,0.0,0.0,0.0,0.0
281.3081,0.99342126,0.99342126,0.798295,0.049670532,2014-10-03 12:00:00,0.0,1.14079796e-07,0.0,5.703991e-08,1.14079796e-07
280.78784,0.9884817,0.9852147,0.9391929,0.013471484,2014-10-03 13:00:00,1.0,1.4503876e-06,0.0,0.0,1.5644673e-06
280.5127,0.9873573,0.9585296,0.96496004,0.0,2014-10-03 14:00:00,1.0,3.8271406e-05,0.0,0.0,3.8538667e-05
279.85205,0.9978792,0.9215235,0.9968219,0.012661949,2014-10-03 15:00:00,1.0,0.00020117803,0.0,7.1041677e-06,0.00019423569
279.26172,0.99946827,0.8398434,0.9989426,0.0,2014-10-03 16:00:00,1.0,0.00041658757,0.0,2.9375427e-05,0.00038712635
279.1167,0.9700036,0.58082736,0.9365682,0.0,2014-10-03 17:00:00,1.0,0.0005271195,0.0,3.206602e-05,0.0004949388
279.21387,0.731129,0.32568258,0.64565736,0.0,2014-10-03 18:00:00,1.0,0.0004814281,0.0,5.747452e-05,0.0004239441
279.78467,0.35824734,0.30013365,0.16910648,0.0,2014-10-03 19:00:00,1.0,5.156886e-05,0.0,3.2074036e-05,1.9199666e-05
280.5398,0.40282923,0.30053997,0.2915352,0.0,2014-10-03 20:00:00,0.0,2.6243972e-05,0.0,2.3642206e-05,2.8783143e-06
280.8152,0.32465357,0.11667532,0.30918217,0.0,2014-10-03 21:00:00,0.0,1.315528e-05,0.0,1.323187e-05,0.0
280.45703,0.6038852,0.30365068,0.57896143,0.0033782488,2014-10-03 22:00:00,0.0,4.099883e-06,0.0,4.0521345e-06,0.0
280.1167,0.8780681,0.5754247,0.8662013,0.08363861,2014-10-03 23:00:00,0.0,0.0,0.0,0.0,0.0
279.53027,0.9875799,0.58432734,0.98595494,0.34581327,2014-10-04 00:00:00,1.0,4.4978924e-06,0.0,0.0,4.4978924e-06
278.99927,1.0,0.7500096,1.0,0.74036306,2014-10-04 01:00:00,1.0,1.8184495e-05,0.0,0.0,1.8070408e-05
278.57056,1.0,0.9071333,0.998375,0.9709351,2014-10-04 02:00:00,1.0,3.273248e-05,0.0,0.0,3.273248e-05
277.9436,1.0,0.98394835,1.0,0.98700404,2014-10-04 03:00:00,1.0,5.1454714e-05,0.0,0.0,5.1245137e-05
277.70337,1.0,0.96188045,1.0,0.98509765,2014-10-04 04:00:00,1.0,0.00018591977,0.0,7.264108e-05,0.000113374175
276.52295,0.9966217,0.951446,0.9932679,0.9735408,2014-10-04 05:00:00,1.0,0.0004727433,2.0923384e-05,5.4137767e-05,0.00041835778
275.66943,0.99289286,0.6947753,0.8870405,0.97000116,2014-10-04 06:00:00,1.0,0.00087551936,0.00013502591,0.00017183713,0.0007037299
275.59277,0.99627113,0.8486169,0.7743978,0.9545337,2014-10-04 07:00:00,1.0,0.00062898546,5.1679293e-05,0.00016004794,0.00046893745
276.6538,0.99841094,0.95746934,0.51772535,0.99550825,2014-10-04 08:00:00,1.0,7.866518e-05,0.0,1.1545705e-05,6.72531e-05
277.10474,0.94739294,0.88093734,0.3613842,0.74544084,2014-10-04 09:00:00,0.0,4.920893e-06,0.0,0.0,4.920893e-06
277.39502,0.8019528,0.77801913,0.5493702,0.0,2014-10-04 10:00:00,0.0,9.908417e-07,0.0,0.0,8.767626e-07
277.40186,0.841295,0.82414645,0.4973238,0.019203588,2014-10-04 11:00:00,0.0,7.626828e-07,0.0,0.0,7.626828e-07
277.6836,0.95895004,0.9550633,0.37115395,0.014218472,2014-10-04 12:00:00,0.0,0.0,0.0,0.0,0.0
277.57642,0.9134102,0.9134102,0.09043282,0.0,2014-10-04 13:00:00,0.0,0.0,0.0,0.0,0.0
278.3501,0.90105903,0.90053344,0.08485091,0.0,2014-10-04 14:00:00,0.0,0.0,0.0,0.0,0.0
279.32715,0.7924965,0.7924965,0.0032139996,0.0,2014-10-04 15:00:00,0.0,5.8322485e-06,0.0,5.8040514e-06,0.0
280.57056,0.976652,0.976652,0.00053172023,0.0,2014-10-04 16:00:00,0.0,1.3683369e-05,0.0,1.3330549e-05,2.864872e-07
281.3435,0.9459109,0.9459109,0.0,0.0,2014-10-04 17:00:00,0.0,2.972527e-06,0.0,3.163198e-06,0.0
281.90234,0.94695646,0.94695646,0.0,0.0,2014-10-04 18:00:00,0.0,0.0,0.0,0.0,0.0
282.46338,0.8589046,0.8589046,0.027842108,0.0,2014-10-04 19:00:00,0.0,0.0,0.0,0.0,0.0
282.86182,0.8915473,0.8915473,0.13882798,0.0,2014-10-04 20:00:00,0.0,0.0,0.0,0.0,0.0
283.09912,0.8047573,0.701667,0.32717943,0.0,2014-10-04 21:00:00,0.0,0.0,0.0,0.0,0.0
282.22827,0.43500453,0.36275166,0.2809267,0.0,2014-10-04 22:00:00,0.0,0.0,0.0,0.0,0.0
281.17285,0.24084342,0.18357658,0.1845963,0.0063116476,2014-10-04 23:00:00,0.0,0.0,0.0,0.0,0.0
279.81494,0.41305614,0.3906232,0.06671518,0.01790528,2014-10-05 00:00:00,0.0,0.0,0.0,0.0,0.0
278.6101,0.5583496,0.5546567,0.009002477,0.0074217655,2014-10-05 01:00:00,0.0,0.0,0.0,0.0,0.0
277.34082,0.66094905,0.5984575,0.019006133,0.097019434,2014-10-05 02:00:00,0.0,0.0,0.0,0.0,0.0
276.08936,0.7938325,0.59699583,0.004474845,0.4027754,2014-10-05 03:00:00,0.0,0.0,0.0,0.0,0.0
275.8086,0.89465916,0.5892197,0.00956155,0.68195367,2014-10-05 04:00:00,0.0,0.0,0.0,0.0,0.0
275.38232,0.9617448,0.48738486,0.09410143,0.9064384,2014-10-05 05:00:00,0.0,0.0,0.0,0.0,0.0
275.00977,0.9622259,0.40755808,0.2188909,0.9296548,2014-10-05 06:00:00,0.0,0.0,0.0,0.0,0.0
274.88184,0.8672127,0.2911092,0.39362705,0.7721877,2014-10-05 07:00:00,0.0,0.0,0.0,0.0,0.0
274.6084,0.8130288,0.3697647,0.3612724,0.5842245,2014-10-05 08:00:00,0.0,0.0,0.0,0.0,0.0
274.51733,0.7958717,0.51548064,0.22553909,0.48226494,2014-10-05 09:00:00,0.0,0.0,0.0,0.0,0.0
275.01367,0.5011439,0.32677191,0.04493118,0.1907934,2014-10-05 10:00:00,0.0,0.0,0.0,0.0,0.0
275.11353,0.4548654,0.3144502,0.16900355,0.03270002,2014-10-05 11:00:00,0.0,0.0,0.0,0.0,0.0
275.35645,0.49158853,0.3004493,0.38719112,0.0,2014-10-05 12:00:00,0.0,0.0,0.0,0.0,0.0
275.87695,0.39239395,0.1268782,0.34501368,0.005003199,2014-10-05 13:00:00,0.0,0.0,0.0,0.0,0.0
276.96582,0.37898248,0.0655756,0.2287386,0.19798338,2014-10-05 14:00:00,1.0,0.0,0.0,0.0,0.0
278.85474,0.84504414,0.022985213,0.78737104,0.31435835,2014-10-05 15:00:00,1.0,1.1818338e-06,0.0,1.3061726e-06,0.0
280.28052,0.9483149,0.039539233,0.9324896,0.10036856,2014-10-05 16:00:00,0.0,2.7828182e-06,0.0,2.4207075e-06,0.0
281.56348,0.990739,0.6868995,0.9678302,0.0,2014-10-05 17:00:00,0.0,0.0,0.0,0.0,0.0
282.2727,1.0,0.9730741,0.96530163,0.0,2014-10-05 18:00:00,1.0,1.1145472e-05,0.0,2.7777241e-06,8.5491265e-06
282.49097,1.0,1.0,0.8767767,0.0,2014-10-05 19:00:00,1.0,6.130697e-05,0.0,1.384237e-05,4.784594e-05
282.5442,1.0,1.0,0.8591332,0.0,2014-10-05 20:00:00,1.0,5.699553e-05,0.0,5.694178e-06,5.1882977e-05
282.43848,0.9970973,0.99604,0.81035197,0.0,2014-10-05 21:00:00,1.0,3.0011215e-05,0.0,9.103799e-06,2.0439868e-05
282.44482,0.85486,0.79327625,0.7641262,0.0,2014-10-05 22:00:00,0.0,6.234117e-06,0.0,2.477106e-07,6.0623515e-06
282.19824,0.9447159,0.87035763,0.92282045,0.0,2014-10-05 23:00:00,0.0,2.7104252e-06,0.0,2.5960244e-06,1.9099144e-07
281.29517,0.74822897,0.7286911,0.630879,0.0,2014-10-06 00:00:00,0.0,5.4746415e-06,0.0,5.388759e-06,0.0
280.0962,0.31581062,0.22736472,0.28233832,0.0,2014-10-06 01:00:00,0.0,0.0,0.0,0.0,0.0
278.5664,0.78631425,0.7594516,0.2650299,0.0,2014-10-06 02:00:00,0.0,0.0,0.0,0.0,0.0
278.0603,0.9602845,0.9602845,0.18121672,0.0,2014-10-06 03:00:00,0.0,0.0,0.0,0.0,0.0
277.75513,0.767991,0.7629878,0.19456446,0.0,2014-10-06 04:00:00,0.0,0.0,0.0,0.0,0.0
277.55933,0.56633854,0.4325456,0.42372245,0.0,2014-10-06 05:00:00,0.0,0.0,0.0,0.0,0.0
277.4043,0.44710702,0.23359865,0.42462093,0.0,2014-10-06 06:00:00,0.0,0.0,0.0,0.0,0.0
277.34644,0.46642834,0.19987696,0.446917,0.0,2014-10-06 07:00:00,0.0,0.0,0.0,0.0,0.0
276.6665,0.34731483,0.12573946,0.34242284,0.0,2014-10-06 08:00:00,0.0,0.0,0.0,0.0,0.0
276.33618,0.1883049,0.11791146,0.16656345,0.0,2014-10-06 09:00:00,0.0,0.0,0.0,0.0,0.0
275.75464,0.048138924,0.04287258,0.024259266,0.0,2014-10-06 10:00:00,0.0,0.0,0.0,0.0,0.0
275.1421,0.014957212,0.014957212,0.0029026829,0.0,2014-10-06 11:00:00,0.0,0.0,0.0,0.0,0.0
274.89258,0.0021207693,0.0021207693,0.0,0.0,2014-10-06 12:00:00,0.0,0.0,0.0,0.0,0.0
275.0786,0.0010573287,0.0010573287,0.0,0.0,2014-10-06 13:00:00,0.0,0.0,0.0,0.0,0.0
276.7776,0.0,0.0,0.0,0.0,2014-10-06 14:00:00,0.0,0.0,0.0,0.0,0.0
279.58765,0.0,0.0,0.0,0.0,2014-10-06 15:00:00,0.0,0.0,0.0,0.0,0.0
281.66113,0.0,0.0,0.0,0.0,2014-10-06 16:00:00,0.0,0.0,0.0,0.0,0.0
283.7495,0.1494838,0.1494838,0.0,0.0,2014-10-06 17:00:00,0.0,0.0,0.0,0.0,0.0
285.25098,0.9230288,0.9230288,0.0,0.0,2014-10-06 18:00:00,0.0,0.0,0.0,0.0,0.0
286.23364,1.0,1.0,0.7913229,0.004207764,2014-10-06 19:00:00,0.0,7.383952e-06,0.0,7.383952e-06,0.0
286.9944,0.85796195,0.8263944,0.61423874,0.11886573,2014-10-06 20:00:00,0.0,3.2706885e-05,0.0,3.2706885e-05,0.0
288.36914,0.68360496,0.38403386,0.55070984,0.24509275,2014-10-06 21:00:00,1.0,8.017847e-06,0.0,8.017847e-06,0.0
289.1306,0.6145967,0.0072638094,0.55463666,0.16101754,2014-10-06 22:00:00,0.0,3.1173855e-05,0.0,3.12309e-05,0.0
288.63574,0.70927733,0.0021566707,0.6386916,0.24953514,2014-10-06 23:00:00,0.0,0.0,0.0,0.0,0.0
287.03345,0.6558412,0.0,0.42143738,0.37512434,2014-10-07 00:00:00,0.0,4.7113397e-05,0.0,4.7113397e-05,0.0
285.90234,0.7581506,0.0033782488,0.6895148,0.2726013,2014-10-07 01:00:00,0.0,2.0136853e-05,0.0,1.9993939e-05,0.0
285.87183,0.73087925,0.045131113,0.46381247,0.51340574,2014-10-07 02:00:00,0.0,3.7608597e-06,0.0,3.7608597e-06,0.0
284.48535,0.7495396,0.1566037,0.49040878,0.5284485,2014-10-07 03:00:00,0.0,6.0950106e-07,0.0,7.338398e-07,0.0
284.0249,0.4297347,0.042905115,0.24355781,0.3159324,2014-10-07 04:00:00,0.0,2.9552166e-06,0.0,3.0318079e-06,0.0
282.64062,0.34916168,0.12053347,0.21628928,0.13802272,2014-10-07 05:00:00,0.0,0.0,0.0,0.0,0.0
281.67212,0.21747309,0.1904335,0.10727185,0.028306644,2014-10-07 06:00:00,0.0,0.0,0.0,0.0,0.0
281.03906,0.05220903,0.032129247,0.021600973,0.0100932345,2014-10-07 07:00:00,0.0,0.0,0.0,0.0,0.0
280.67212,0.13378483,0.0,0.13378483,0.0,2014-10-07 08:00:00,0.0,0.0,0.0,0.0,0.0
280.39624,0.7346796,0.02442557,0.73303753,0.0,2014-10-07 09:00:00,0.0,0.0,0.0,0.0,0.0
279.92798,0.7804591,0.24653059,0.7581492,0.11784953,2014-10-07 10:00:00,0.0,0.0,0.0,0.0,0.0
280.1897,0.72539264,0.24860597,0.7113964,0.07132542,2014-10-07 11:00:00,1.0,8.017848e-07,0.0,2.6726156e-07,5.3452317e-07
280.52637,0.81294507,0.20580518,0.8028518,0.0,2014-10-07 12:00:00,1.0,2.0702078e-05,0.0,6.875366e-06,1.3893047e-05
280.4995,0.41424763,0.21310568,0.3976869,0.0,2014-10-07 13:00:00,0.0,1.9205458e-05,0.0,9.904274e-06,9.405985e-06
282.73242,0.2957486,0.1611104,0.28627783,0.0,2014-10-07 14:00:00,0.0,2.8795976e-06,0.0,2.4312822e-06,5.915585e-07
284.83032,0.19718337,0.1730811,0.13544309,0.0,2014-10-07 15:00:00,0.0,1.9099144e-07,0.0,1.432436e-07,0.0
286.02905,0.14547688,0.14547688,0.031490803,0.0,2014-10-07 16:00:00,0.0,0.0,0.0,0.0,0.0
286.885,0.56167316,0.5405848,0.23484355,0.0,2014-10-07 17:00:00,0.0,3.5686035e-06,0.0,3.7592745e-06,0.0
287.18042,0.5842397,0.49052215,0.48357785,0.0,2014-10-07 18:00:00,0.0,2.7268237e-05,0.0,2.7029819e-05,0.0
287.77734,0.53598243,0.3642075,0.3549484,0.0,2014-10-07 19:00:00,1.0,8.767626e-07,0.0,6.29052e-07,0.0
288.23413,0.62536705,0.43140215,0.5836728,0.0,2014-10-07 20:00:00,0.0,5.107394e-06,0.0,5.0308026e-06,0.0
288.39014,0.6779047,0.5250926,0.60235095,0.0,2014-10-07 21:00:00,0.0,1.3721838e-06,0.0,1.1815127e-06,0.0
287.26978,0.6358069,0.46798182,0.60148644,0.0,2014-10-07 22:00:00,0.0,0.0,0.0,0.0,0.0
286.49463,0.6685032,0.120070636,0.65218663,0.08081305,2014-10-07 23:00:00,0.0,0.0,0.0,0.0,0.0
285.1172,0.7408458,0.1135394,0.72563565,0.0,2014-10-08 00:00:00,0.0,0.0,0.0,0.0,0.0
283.39966,0.7770662,0.05241848,0.7770662,0.0,2014-10-08 01:00:00,0.0,0.0,0.0,0.0,0.0
282.4192,0.61767197,0.037940655,0.61767197,0.0,2014-10-08 02:00:00,0.0,0.0,0.0,0.0,0.0
280.77686,0.6110431,0.027842108,0.6065682,0.0,2014-10-08 03:00:00,0.0,0.0,0.0,0.0,0.0
280.0569,0.60571533,0.0,0.60571533,0.0,2014-10-08 04:00:00,0.0,0.0,0.0,0.0,0.0
278.98193,0.32153147,0.0,0.32153147,0.0,2014-10-08 05:00:00,0.0,0.0,0.0,0.0,0.0
278.37964,0.059390273,0.0,0.059390273,0.0,2014-10-08 06:00:00,0.0,0.0,0.0,0.0,0.0
278.67993,0.0067320913,0.0,0.0067320913,0.0,2014-10-08 07:00:00,0.0,0.0,0.0,0.0,0.0
278.886,0.0,0.0,0.0,0.0,2014-10-08 08:00:00,0.0,0.0,0.0,0.0,0.0
279.03784,0.04518536,0.0067320913,0.041807115,0.0,2014-10-08 09:00:00,0.0,0.0,0.0,0.0,0.0
278.18018,0.035813734,0.0,0.035813734,0.0,2014-10-08 10:00:00,0.0,0.0,0.0,0.0,0.0
278.04907,0.01273131,0.0,0.01273131,0.0,2014-10-08 11:00:00,0.0,0.0,0.0,0.0,0.0
277.67383,0.0,0.0,0.0,0.0,2014-10-08 12:00:00,0.0,0.0,0.0,0.0,0.0
277.52905,0.14776462,0.0,0.14776462,0.0,2014-10-08 13:00:00,0.0,0.0,0.0,0.0,0.0
279.95703,0.42718083,0.0,0.42718083,0.0,2014-10-08 14:00:00,0.0,0.0,0.0,0.0,0.0
282.89624,0.21589434,0.0,0.21589434,0.0,2014-10-08 15:00:00,0.0,0.0,0.0,0.0,0.0
284.62354,0.07997358,0.0,0.02107748,0.061539035,2014-10-08 16:00:00,0.0,0.0,0.0,0.0,0.0
285.7224,0.044630677,0.01336024,0.0010573287,0.030213103,2014-10-08 17:00:00,0.0,0.0,0.0,0.0,0.0
286.69995,0.12861556,0.06627762,0.0,0.06732398,2014-10-08 18:00:00,0.0,0.0,0.0,0.0,0.0
287.3899,0.256819,0.075612724,0.0,0.20029253,2014-10-08 19:00:00,0.0,0.0,0.0,0.0,0.0
287.6953,0.44928122,0.146959,0.0,0.36907947,2014-10-08 20:00:00,0.0,0.0,0.0,0.0,0.0
287.5188,0.88446146,0.023938213,0.0,0.8787354,2014-10-08 21:00:00,0.0,0.0,0.0,0.0,0.0
286.21094,0.8676805,0.038689904,0.0,0.8582097,2014-10-08 22:00:00,0.0,0.0,0.0,0.0,0.0
284.8672,1.0,0.0029026829,0.0,1.0,2014-10-08 23:00:00,0.0,0.0,0.0,0.0,0.0
283.01,0.9587041,0.0,0.0,0.9587041,2014-10-09 00:00:00,0.0,0.0,0.0,0.0,0.0
281.39575,0.9269844,0.0,0.0,0.9269844,2014-10-09 01:00:00,0.0,0.0,0.0,0.0,0.0
279.8313,0.7877381,0.0,0.0,0.7877381,2014-10-09 02:00:00,0.0,0.0,0.0,0.0,0.0
278.63013,0.5803459,0.0,0.024627268,0.56189567,2014-10-09 03:00:00,0.0,0.0,0.0,0.0,0.0
278.13696,0.40292668,0.0,0.013449758,0.39818722,2014-10-09 04:00:00,0.0,0.0,0.0,0.0,0.0
277.53662,0.27263242,0.0,0.009231217,0.2676258,2014-10-09 05:00:00,0.0,0.0,0.0,0.0,0.0
277.11108,0.05118157,0.0,0.0,0.05118157,2014-10-09 06:00:00,0.0,0.0,0.0,0.0,0.0
276.0686,0.00053172023,0.0,0.0,0.00053172023,2014-10-09 07:00:00,0.0,0.0,0.0,0.0,0.0
275.29883,0.0,0.0,0.0,0.0,2014-10-09 08:00:00,0.0,0.0,0.0,0.0,0.0
274.3789,0.0,0.0,0.0,0.0,2014-10-09 09:00:00,0.0,0.0,0.0,0.0,0.0
273.9297,0.0,0.0,0.0,0.0,2014-10-09 10:00:00,0.0,0.0,0.0,0.0,0.0
273.56763,0.0,0.0,0.0,0.0,2014-10-09 11:00:00,0.0,0.0,0.0,0.0,0.0
273.25952,0.0,0.0,0.0,0.0,2014-10-09 12:00:00,0.0,0.0,0.0,0.0,0.0
273.958,0.0,0.0,0.0,0.0,2014-10-09 13:00:00,0.0,0.0,0.0,0.0,0.0
276.55078,0.0026356035,0.0,0.0,0.0026356035,2014-10-09 14:00:00,0.0,0.0,0.0,0.0,0.0
279.3977,0.06433344,0.02357202,0.008958027,0.034432895,2014-10-09 15:00:00,0.0,0.0,0.0,0.0,0.0
281.08228,0.06437707,0.05014783,0.016858723,0.0,2014-10-09 16:00:00,0.0,0.0,0.0,0.0,0.0
282.18848,0.032878768,0.028403923,0.0065787286,0.0,2014-10-09 17:00:00,0.0,0.0,0.0,0.0,0.0
283.29688,0.0565894,0.0565894,0.0,0.0,2014-10-09 18:00:00,0.0,0.0,0.0,0.0,0.0
284.29102,0.063023865,0.063023865,0.0,0.0,2014-10-09 19:00:00,0.0,0.0,0.0,0.0,0.0
284.92627,0.058291905,0.058291905,0.0,0.0,2014-10-09 20:00:00,0.0,0.0,0.0,0.0,0.0
285.3806,0.026142966,0.026142966,0.0,0.0,2014-10-09 21:00:00,0.0,0.0,0.0,0.0,0.0
285.0603,0.031667788,0.031667788,0.0,0.0,2014-10-09 22:00:00,0.0,0.0,0.0,0.0,0.0
284.00903,0.031012695,0.0057492107,0.0,0.025263485,2014-10-09 23:00:00,0.0,0.0,0.0,0.0,0.0
280.94165,0.14506114,0.023637708,0.0,0.124584615,2014-10-10 00:00:00,0.0,0.0,0.0,0.0,0.0
279.09692,0.19042331,0.08404946,0.0,0.12742585,2014-10-10 01:00:00,0.0,0.0,0.0,0.0,0.0
277.8374,0.491378,0.09992975,0.0,0.43940097,2014-10-10 02:00:00,0.0,0.0,0.0,0.0,0.0
276.87183,0.5751322,0.1349734,0.0,0.4961487,2014-10-10 03:00:00,0.0,0.0,0.0,0.0,0.0
276.33154,0.6091515,0.15366918,0.0,0.54739726,2014-10-10 04:00:00,0.0,0.0,0.0,0.0,0.0
275.6565,0.538269,0.15304792,0.0,0.46507823,2014-10-10 05:00:00,0.0,0.0,0.0,0.0,0.0
274.79443,0.7042023,0.19012451,0.0,0.6487709,2014-10-10 06:00:00,0.0,0.0,0.0,0.0,0.0
274.49512,0.42809927,0.15363753,0.0,0.338616,2014-10-10 07:00:00,0.0,0.0,0.0,0.0,0.0
274.31348,0.16804677,0.16804677,0.0,0.0,2014-10-10 08:00:00,0.0,0.0,0.0,0.0,0.0
273.979,0.15210122,0.15210122,0.0,0.0,2014-10-10 09:00:00,0.0,0.0,0.0,0.0,0.0
273.1267,0.15817177,0.13672614,0.0,0.021445662,2014-10-10 10:00:00,0.0,0.0,0.0,0.0,0.0
273.30615,0.16014796,0.12527424,0.0,0.035944413,2014-10-10 11:00:00,0.0,0.0,0.0,0.0,0.0
273.1416,0.16635138,0.16635138,0.0,0.0,2014-10-10 12:00:00,0.0,0.0,0.0,0.0,0.0
273.40332,0.15806204,0.15806204,0.0,0.0,2014-10-10 13:00:00,0.0,0.0,0.0,0.0,0.0
275.70215,0.27380943,0.18833393,0.0,0.10231733,2014-10-10 14:00:00,0.0,0.0,0.0,0.0,0.0
278.72217,0.30954337,0.14564288,0.0,0.18970674,2014-10-10 15:00:00,1.0,0.0,0.0,0.0,0.0
281.02417,0.30169302,0.22291952,0.0,0.09588975,2014-10-10 16:00:00,0.0,0.0,0.0,0.0,0.0
282.45898,0.6167631,0.5993269,0.0,0.03009694,2014-10-10 17:00:00,0.0,1.9823265e-06,0.0,2.2489412e-06,0.0
282.99634,0.9712238,0.97016644,0.0,0.004767146,2014-10-10 18:00:00,0.0,0.0,0.0,0.0,0.0
283.62427,1.0,1.0,0.0,0.0026463778,2014-10-10 19:00:00,0.0,0.0,0.0,0.0,0.0
284.02563,0.99300414,0.99300414,0.0,0.0010573287,2014-10-10 20:00:00,0.0,0.0,0.0,0.0,0.0
284.42236,0.97259635,0.97259635,0.0,0.0,2014-10-10 21:00:00,0.0,0.0,0.0,0.0,0.0
284.1223,0.59328705,0.59328705,0.0,0.0,2014-10-10 22:00:00,0.0,0.0,0.0,0.0,0.0
283.30225,0.31390482,0.31390482,0.0,0.0,2014-10-10 23:00:00,0.0,0.0,0.0,0.0,0.0
281.04224,0.20265329,0.20265329,0.0,0.0,2014-10-11 00:00:00,0.0,0.0,0.0,0.0,0.0
278.67432,0.10742456,0.10742456,0.0,0.0,2014-10-11 01:00:00,0.0,0.0,0.0,0.0,0.0
277.26562,0.21730083,0.21730083,0.0,0.0,2014-10-11 02:00:00,0.0,0.0,0.0,0.0,0.0
276.4126,0.36058587,0.36058587,0.0,0.0,2014-10-11 03:00:00,0.0,0.0,0.0,0.0,0.0
276.0127,0.38161844,0.38161844,0.0,0.0,2014-10-11 04:00:00,0.0,0.0,0.0,0.0,0.0
275.7478,0.30409765,0.30409765,0.0,0.0,2014-10-11 05:00:00,0.0,0.0,0.0,0.0,0.0
275.45532,0.3439703,0.3439703,0.0,0.0,2014-10-11 06:00:00,0.0,0.0,0.0,0.0,0.0
274.81836,0.2161175,0.21286762,0.0,0.0032499009,2014-10-11 07:00:00,0.0,0.0,0.0,0.0,0.0
274.2527,0.51480025,0.2639134,0.0,0.30420673,2014-10-11 08:00:00,0.0,0.0,0.0,0.0,0.0
273.4619,0.5625941,0.10810846,0.0,0.5182094,2014-10-11 09:00:00,0.0,0.0,0.0,0.0,0.0
273.74487,0.064842165,0.064842165,0.0,0.0,2014-10-11 10:00:00,0.0,0.0,0.0,0.0,0.0
272.7849,0.022649642,0.022649642,0.0,0.0,2014-10-11 11:00:00,0.0,0.0,0.0,0.0,0.0
272.43384,0.01000702,0.01000702,0.0,0.0,2014-10-11 12:00:00,0.0,0.0,0.0,0.0,0.0
272.1145,0.004207764,0.004207764,0.0,0.0,2014-10-11 13:00:00,0.0,0.0,0.0,0.0,0.0
275.19043,0.007900696,0.007900696,0.0,0.0,2014-10-11 14:00:00,0.0,0.0,0.0,0.0,0.0
279.7456,0.00053172023,0.00053172023,0.0,0.0,2014-10-11 15:00:00,0.0,0.0,0.0,0.0,0.0
282.90527,0.0,0.0,0.0,0.0,2014-10-11 16:00:00,0.0,0.0,0.0,0.0,0.0
284.73535,0.0,0.0,0.0,0.0,2014-10-11 17:00:00,0.0,0.0,0.0,0.0,0.0
285.72388,0.008141857,0.0,0.0,0.008141857,2014-10-11 18:00:00,0.0,0.0,0.0,0.0,0.0
286.34692,0.0,0.0,0.0,0.0,2014-10-11 19:00:00,0.0,0.0,0.0,0.0,0.0
286.92432,0.0,0.0,0.0,0.0,2014-10-11 20:00:00,0.0,0.0,0.0,0.0,0.0
287.16382,0.0,0.0,0.0,0.0,2014-10-11 21:00:00,0.0,0.0,0.0,0.0,0.0
286.77246,0.0,0.0,0.0,0.0,2014-10-11 22:00:00,0.0,0.0,0.0,0.0,0.0
285.97534,0.0,0.0,0.0,0.0,2014-10-11 23:00:00,0.0,0.0,0.0,0.0,0.0
283.21997,0.0,0.0,0.0,0.0,2014-10-12 00:00:00,0.0,0.0,0.0,0.0,0.0
281.40747,0.0,0.0,0.0,0.0,2014-10-12 01:00:00,0.0,0.0,0.0,0.0,0.0
280.48535,0.0,0.0,0.0,0.0,2014-10-12 02:00:00,0.0,0.0,0.0,0.0,0.0
279.469,0.0,0.0,0.0,0.0,2014-10-12 03:00:00,0.0,0.0,0.0,0.0,0.0
278.9436,0.0,0.0,0.0,0.0,2014-10-12 04:00:00,0.0,0.0,0.0,0.0,0.0
278.6482,0.0,0.0,0.0,0.0,2014-10-12 05:00:00,0.0,0.0,0.0,0.0,0.0
278.42358,0.0,0.0,0.0,0.0,2014-10-12 06:00:00,0.0,0.0,0.0,0.0,0.0
278.2898,0.14705992,0.0,0.0,0.14705992,2014-10-12 07:00:00,0.0,0.0,0.0,0.0,0.0
278.14355,0.69359994,0.0,0.0,0.69359994,2014-10-12 08:00:00,0.0,0.0,0.0,0.0,0.0
278.01294,0.88471085,0.0,0.0,0.88471085,2014-10-12 09:00:00,0.0,0.0,0.0,0.0,0.0
277.86914,0.8892692,0.0,0.0,0.8892692,2014-10-12 10:00:00,0.0,0.0,0.0,0.0,0.0
277.9082,0.8552659,0.0,0.0,0.8552659,2014-10-12 11:00:00,0.0,0.0,0.0,0.0,0.0
277.94946,0.8523647,0.0,0.0,0.8523647,2014-10-12 12:00:00,0.0,0.0,0.0,0.0,0.0
278.15918,0.7020448,0.0,0.0,0.7020448,2014-10-12 13:00:00,0.0,0.0,0.0,0.0,0.0
280.28687,0.44052446,0.0,0.0,0.44052446,2014-10-12 14:00:00,0.0,0.0,0.0,0.0,0.0
283.63403,0.23989129,0.0,0.0,0.23989129,2014-10-12 15:00:00,0.0,0.0,0.0,0.0,0.0
285.771,0.08376247,0.0,0.0,0.08376247,2014-10-12 16:00:00,0.0,0.0,0.0,0.0,0.0
287.1333,0.09082478,0.0,0.008201547,0.0849942,2014-10-12 17:00:00,0.0,0.0,0.0,0.0,0.0
288.2473,0.2348339,0.0,0.060308516,0.18498355,2014-10-12 18:00:00,0.0,0.0,0.0,0.0,0.0
289.0332,0.55854714,0.01960256,0.20174384,0.4433614,2014-10-12 19:00:00,0.0,0.0,0.0,0.0,0.0
289.10327,0.8199276,0.094661295,0.26257575,0.7044582,2014-10-12 20:00:00,0.0,0.0,0.0,0.0,0.0
288.92065,0.9199281,0.18563771,0.2151137,0.8973132,2014-10-12 21:00:00,0.0,0.0,0.0,0.0,0.0
287.8579,0.94478035,0.25133848,0.13794959,0.92270863,2014-10-12 22:00:00,0.0,0.0,0.0,0.0,0.0
287.125,0.9719579,0.28860754,0.095597684,0.9643133,2014-10-12 23:00:00,0.0,0.0,0.0,0.0,0.0
286.32886,1.0,0.3493027,0.11396903,0.98999023,2014-10-13 00:00:00,0.0,0.0,0.0,0.0,0.0
285.84863,0.9955251,0.6085378,0.16235101,0.96879673,2014-10-13 01:00:00,0.0,0.0,0.0,0.0,0.0
285.53735,1.0,0.7444394,0.07723719,0.98626137,2014-10-13 02:00:00,0.0,0.0,0.0,0.0,0.0
285.271,1.0,0.7821643,0.08297539,1.0,2014-10-13 03:00:00,1.0,2.0957555e-07,0.0,2.3841858e-07,0.0
285.23462,0.99946827,0.7998028,0.04510435,0.9873607,2014-10-13 04:00:00,1.0,5.97525e-06,0.0,4.486402e-07,5.4407274e-06
284.91895,1.0,0.6924204,0.04800092,0.98893285,2014-10-13 05:00:00,1.0,9.821947e-06,0.0,2.6726156e-07,9.287423e-06
284.64746,0.998375,0.87178284,0.054863617,0.98893285,2014-10-13 06:00:00,1.0,1.9011262e-05,0.0,0.0,1.9011262e-05
284.37402,1.0,0.8048794,0.12864006,0.9949968,2014-10-13 07:00:00,1.0,2.5956942e-06,0.0,0.0,2.423929e-06
284.24194,1.0,0.6682482,0.5897515,1.0,2014-10-13 08:00:00,1.0,3.889033e-06,0.0,0.0,3.7172676e-06
284.09766,0.9955251,0.63172495,0.92301464,0.97547245,2014-10-13 09:00:00,1.0,2.7071992e-06,0.0,0.0,2.7071992e-06
284.24878,1.0,0.72690034,0.9799847,0.99258035,2014-10-13 10:00:00,1.0,7.134605e-06,0.0,0.0,7.134605e-06
284.2444,0.98970896,0.8573255,0.89203,0.74219054,2014-10-13 11:00:00,1.0,9.536743e-07,0.0,4.7747868e-08,9.536743e-07
283.92114,1.0,1.0,0.0032499009,0.15967697,2014-10-13 12:00:00,1.0,1.5650994e-06,0.0,1.2879045e-06,4.0056705e-07
283.98608,1.0,1.0,0.26428628,1.0,2014-10-13 13:00:00,1.0,7.0153837e-06,0.0,5.738054e-06,1.5445912e-06
284.3418,1.0,1.0,0.8233896,1.0,2014-10-13 14:00:00,1.0,6.865428e-06,0.0,2.8616643e-07,6.388591e-06
284.81396,1.0,0.9818083,0.9503449,1.0,2014-10-13 15:00:00,1.0,3.3385104e-06,0.0,1.8137865e-07,2.5758272e-06
285.38257,1.0,0.96332806,0.14822966,1.0,2014-10-13 16:00:00,1.0,5.3452317e-07,0.0,1.9067068e-07,5.3452317e-07
285.7959,1.0,0.92999244,0.034880884,1.0,2014-10-13 17:00:00,1.0,1.0690455e-06,0.0,1.3363075e-07,5.3452317e-07
286.01196,1.0,1.0,0.37609017,1.0,2014-10-13 18:00:00,1.0,2.9776775e-06,0.0,0.0,2.9776775e-06
286.1079,1.0,1.0,0.9149077,1.0,2014-10-13 19:00:00,1.0,4.673899e-05,0.0,0.0,4.647173e-05
286.08594,1.0,1.0,1.0,1.0,2014-10-13 20:00:00,1.0,7.977789e-05,0.0,0.0,7.977789e-05
285.781,1.0,1.0,1.0,1.0,2014-10-13 21:00:00,1.0,0.00015189839,0.0,0.0,0.00015163113
285.49683,1.0,0.99946827,1.0,1.0,2014-10-13 22:00:00,1.0,0.0003727642,0.0,0.0,0.00037253601
284.94653,1.0,1.0,1.0,1.0,2014-10-13 23:00:00,1.0,0.00027206726,0.0,4.7747868e-08,0.00027187634
284.48242,1.0,1.0,0.988793,1.0,2014-10-14 00:00:00,1.0,0.0002670656,0.0,0.0,0.0002670656
284.2146,1.0,1.0,0.99289286,1.0,2014-10-14 01:00:00,1.0,0.0003358696,0.0,0.0,0.00033592735
284.06226,1.0,1.0,0.998375,1.0,2014-10-14 02:00:00,1.0,0.0003595897,0.0,0.0,0.0003595897
283.79346,1.0,0.9978792,0.9755744,1.0,2014-10-14 03:00:00,1.0,0.0003281571,0.0,0.0,0.00032817572
283.5647,1.0,0.9973536,0.96647465,1.0,2014-10-14 04:00:00,1.0,0.00024663587,0.0,0.0,0.00024633086
283.23047,1.0,0.9853412,0.9685786,1.0,2014-10-14 05:00:00,1.0,0.00017766509,0.0,4.7747868e-08,0.00017724594
283.15454,1.0,0.9446148,0.92432857,1.0,2014-10-14 06:00:00,1.0,0.000108706416,0.0,0.0,0.000108725
282.96265,1.0,0.8457377,0.8728676,1.0,2014-10-14 07:00:00,1.0,0.00025041937,0.0,0.0,0.00025051483
282.64502,1.0,0.694313,0.6979597,1.0,2014-10-14 08:00:00,1.0,0.00024350153,0.0,0.0,0.00024350153
282.37524,1.0,0.47555047,0.6506752,1.0,2014-10-14 09:00:00,1.0,0.00017359125,0.0,1.0478777e-07,0.00017349576
282.02637,1.0,0.26230508,0.70033884,1.0,2014-10-14 10:00:00,1.0,8.7467924e-05,0.0,0.0,8.7563414e-05
281.99097,1.0,0.05823145,0.6115309,1.0,2014-10-14 11:00:00,1.0,4.221211e-05,0.0,0.0,4.2098036e-05
281.93237,1.0,0.038157165,0.42727005,1.0,2014-10-14 12:00:00,0.0,1.6807811e-05,0.0,0.0,1.7017388e-05
281.99976,1.0,0.017063983,0.21601647,1.0,2014-10-14 13:00:00,0.0,4.8087377e-06,0.0,0.0,4.8087377e-06
282.55884,0.99675006,0.026581261,0.13022602,0.99675006,2014-10-14 14:00:00,0.0,1.1831162e-06,0.0,0.0,1.1831162e-06
284.4839,0.88441133,0.21596539,0.012739614,0.7635998,2014-10-14 15:00:00,0.0,1.9099144e-07,0.0,0.0,1.9099144e-07
286.37573,0.84355396,0.48517257,0.0021207693,0.7601015,2014-10-14 16:00:00,0.0,0.0,0.0,0.0,0.0
287.511,0.46334547,0.18825704,0.0,0.39405942,2014-10-14 17:00:00,0.0,0.0,0.0,0.0,0.0
289.04565,0.08542293,0.06588036,0.0,0.021913525,2014-10-14 18:00:00,0.0,0.0,0.0,0.0,0.0
289.98608,0.17160553,0.16683835,0.0,0.0068879165,2014-10-14 19:00:00,0.0,0.0,0.0,0.0,0.0
290.58643,0.2166344,0.2166344,0.0029026829,0.0,2014-10-14 20:00:00,0.0,0.0,0.0,0.0,0.0
290.95996,0.14249182,0.14249182,0.0015890491,0.0,2014-10-14 21:00:00,0.0,0.0,0.0,0.0,0.0
290.0896,0.110402405,0.10388553,0.07605606,0.0,2014-10-14 22:00:00,0.0,0.0,0.0,0.0,0.0
289.51782,0.043909345,0.040163405,0.024716351,0.0,2014-10-14 23:00:00,0.0,0.0,0.0,0.0,0.0
287.27734,0.0,0.0,0.0,0.0,2014-10-15 00:00:00,0.0,0.0,0.0,0.0,0.0
285.1328,0.0,0.0,0.0,0.0,2014-10-15 01:00:00,0.0,0.0,0.0,0.0,0.0
283.34033,0.0,0.0,0.0,0.0,2014-10-15 02:00:00,0.0,0.0,0.0,0.0,0.0
281.55542,0.0,0.0,0.0,0.0,2014-10-15 03:00:00,0.0,0.0,0.0,0.0,0.0
280.73218,0.0,0.0,0.0,0.0,2014-10-15 04:00:00,0.0,0.0,0.0,0.0,0.0
280.261,0.0,0.0,0.0,0.0,2014-10-15 05:00:00,0.0,0.0,0.0,0.0,0.0
279.72095,0.0,0.0,0.0,0.0,2014-10-15 06:00:00,0.0,0.0,0.0,0.0,0.0
278.91797,0.0,0.0,0.0,0.0,2014-10-15 07:00:00,0.0,0.0,0.0,0.0,0.0
278.11206,0.0,0.0,0.0,0.0,2014-10-15 08:00:00,0.0,0.0,0.0,0.0,0.0
277.44507,0.0,0.0,0.0,0.0,2014-10-15 09:00:00,0.0,0.0,0.0,0.0,0.0
276.93213,0.0,0.0,0.0,0.0,2014-10-15 10:00:00,0.0,0.0,0.0,0.0,0.0
276.6931,0.0,0.0,0.0,0.0,2014-10-15 11:00:00,0.0,0.0,0.0,0.0,0.0
276.49854,0.0,0.0,0.0,0.0,2014-10-15 12:00:00,0.0,0.0,0.0,0.0,0.0
276.521,0.0,0.0,0.0,0.0,2014-10-15 13:00:00,0.0,0.0,0.0,0.0,0.0
279.3496,0.0,0.0,0.0,0.0,2014-10-15 14:00:00,0.0,0.0,0.0,0.0,0.0
283.9768,0.0,0.0,0.0,0.0,2014-10-15 15:00:00,0.0,0.0,0.0,0.0,0.0
286.45557,0.0,0.0,0.0,0.0,2014-10-15 16:00:00,0.0,0.0,0.0,0.0,0.0
288.09668,0.0,0.0,0.0,0.0,2014-10-15 17:00:00,0.0,0.0,0.0,0.0,0.0
289.43457,0.0029026829,0.0029026829,0.0,0.0,2014-10-15 18:00:00,0.0,0.0,0.0,0.0,0.0
290.45044,0.0,0.0,0.0,0.0,2014-10-15 19:00:00,0.0,0.0,0.0,0.0,0.0
291.19116,0.0,0.0,0.0,0.0,2014-10-15 20:00:00,0.0,0.0,0.0,0.0,0.0
291.6455,0.0,0.0,0.0,0.0,2014-10-15 21:00:00,0.0,0.0,0.0,0.0,0.0
291.0957,0.0,0.0,0.0,0.0,2014-10-15 22:00:00,0.0,0.0,0.0,0.0,0.0
289.27856,0.0,0.0,0.0,0.0,2014-10-15 23:00:00,0.0,0.0,0.0,0.0,0.0
285.06934,0.0,0.0,0.0,0.0,2014-10-16 00:00:00,0.0,0.0,0.0,0.0,0.0
282.80737,0.0,0.0,0.0,0.0,2014-10-16 01:00:00,0.0,0.0,0.0,0.0,0.0
281.81055,0.0,0.0,0.0,0.0,2014-10-16 02:00:00,0.0,0.0,0.0,0.0,0.0
279.75024,0.0,0.0,0.0,0.0,2014-10-16 03:00:00,0.0,0.0,0.0,0.0,0.0
278.67847,0.0,0.0,0.0,0.0,2014-10-16 04:00:00,0.0,0.0,0.0,0.0,0.0
277.75854,0.11218649,0.0,0.0,0.11218649,2014-10-16 05:00:00,0.0,0.0,0.0,0.0,0.0
277.31006,0.31977248,0.0,0.0,0.31977248,2014-10-16 06:00:00,0.0,0.0,0.0,0.0,0.0
276.67456,0.8281397,0.0,0.0,0.8281397,2014-10-16 07:00:00,0.0,0.0,0.0,0.0,0.0
276.364,0.9800109,0.0,0.0,0.9800109,2014-10-16 08:00:00,0.0,0.0,0.0,0.0,0.0
276.5935,0.98326087,0.0,0.0,0.98326087,2014-10-16 09:00:00,0.0,0.0,0.0,0.0,0.0
277.74854,0.5154211,0.0,0.0,0.5154211,2014-10-16 10:00:00,0.0,0.0,0.0,0.0,0.0
277.76514,0.0057492107,0.0,0.0,0.0057492107,2014-10-16 11:00:00,0.0,0.0,0.0,0.0,0.0
277.6997,0.0,0.0,0.0,0.0,2014-10-16 12:00:00,0.0,0.0,0.0,0.0,0.0
277.9568,0.0,0.0,0.0,0.0,2014-10-16 13:00:00,0.0,0.0,0.0,0.0,0.0
279.9331,0.0,0.0,0.0,0.0,2014-10-16 14:00:00,0.0,0.0,0.0,0.0,0.0
285.00366,0.11432809,0.0,0.0,0.11432809,2014-10-16 15:00:00,0.0,0.0,0.0,0.0,0.0
288.63696,0.013951395,0.0,0.0,0.013951395,2014-10-16 16:00:00,0.0,0.0,0.0,0.0,0.0
291.19116,0.0,0.0,0.0,0.0,2014-10-16 17:00:00,0.0,0.0,0.0,0.0,0.0
292.687,0.0690195,0.0,0.0,0.0690195,2014-10-16 18:00:00,0.0,0.0,0.0,0.0,0.0
293.50195,0.2535367,0.0,0.0,0.2535367,2014-10-16 19:00:00,0.0,0.0,0.0,0.0,0.0
293.8274,0.45673597,0.0,0.0,0.45673597,2014-10-16 20:00:00,0.0,0.0,0.0,0.0,0.0
294.3169,0.47688735,0.0023709626,0.0,0.47688735,2014-10-16 21:00:00,0.0,0.0,0.0,0.0,0.0
293.14014,0.29831082,0.0,0.0,0.29831082,2014-10-16 22:00:00,0.0,0.0,0.0,0.0,0.0
291.70068,0.03217929,0.0,0.0,0.03217929,2014-10-16 23:00:00,0.0,0.0,0.0,0.0,0.0
290.19873,0.020817906,0.020817906,0.0,0.0,2014-10-17 00:00:00,0.0,0.0,0.0,0.0,0.0
289.91992,0.026474703,0.026474703,0.0,0.0,2014-10-17 01:00:00,0.0,0.0,0.0,0.0,0.0
289.66016,0.075507104,0.029928263,0.062146876,0.0,2014-10-17 02:00:00,0.0,0.0,0.0,0.0,0.0
288.03564,0.3107943,0.12795925,0.29243362,0.0,2014-10-17 03:00:00,0.0,0.0,0.0,0.0,0.0
287.44092,0.57489437,0.52898353,0.51966226,0.0,2014-10-17 04:00:00,0.0,0.0,0.0,0.0,0.0
286.9419,0.8739758,0.8595491,0.41075432,0.0,2014-10-17 05:00:00,0.0,0.0,0.0,0.0,0.0
286.9983,0.92854077,0.92412347,0.27581757,0.0,2014-10-17 06:00:00,0.0,0.0,0.0,0.0,0.0
286.47876,0.9852173,0.9852173,0.34292585,0.0,2014-10-17 07:00:00,0.0,0.0,0.0,0.0,0.0
285.88672,1.0,1.0,0.42612338,0.0,2014-10-17 08:00:00,0.0,3.813414e-07,0.0,1.14079796e-07,0.0
284.85156,1.0,1.0,0.7061683,0.0,2014-10-17 09:00:00,0.0,4.191511e-07,0.0,8.2933553e-07,0.0
284.8999,1.0,1.0,0.9901048,0.0,2014-10-17 10:00:00,0.0,2.1739588e-06,0.0,2.2021559e-06,0.0
284.82568,1.0,1.0,0.988393,0.0,2014-10-17 11:00:00,0.0,0.0,0.0,0.0,0.0
284.36768,1.0,1.0,0.69689894,0.0,2014-10-17 12:00:00,0.0,0.0,0.0,0.0,0.0
284.27734,1.0,1.0,0.2705605,0.0,2014-10-17 13:00:00,0.0,0.0,0.0,0.0,0.0
284.18237,1.0,1.0,0.088609934,0.0,2014-10-17 14:00:00,0.0,0.0,0.0,0.0,0.0
284.40552,1.0,1.0,0.050920423,0.0,2014-10-17 15:00:00,0.0,0.0,0.0,0.0,0.0
285.12134,1.0,1.0,0.037788197,0.0,2014-10-17 16:00:00,1.0,8.995786e-06,0.0,8.995786e-06,0.0
285.77954,0.9899067,0.9899067,0.06616449,0.0,2014-10-17 17:00:00,0.0,9.557893e-06,0.0,9.557893e-06,0.0
285.7444,0.9966217,0.9966217,0.12139881,0.04551277,2014-10-17 18:00:00,1.0,5.0209073e-06,0.0,5.0209073e-06,0.0
285.18677,1.0,1.0,0.40603566,0.0,2014-10-17 19:00:00,0.0,1.2367032e-05,0.0,1.19856895e-05,0.0
284.9519,1.0,1.0,0.98009515,0.0,2014-10-17 20:00:00,1.0,4.550873e-05,0.0,2.8440427e-06,4.2474014e-05
285.02344,1.0,1.0,0.73576194,0.0,2014-10-17 21:00:00,1.0,7.039109e-05,0.0,1.3164308e-06,6.8330555e-05
284.84448,0.9538461,0.9538461,0.090706825,0.0,2014-10-17 22:00:00,1.0,8.281855e-06,0.0,2.6722855e-06,6.1053115e-06
284.68848,0.80140173,0.80140173,0.00053172023,0.0,2014-10-17 23:00:00,0.0,1.3356566e-06,0.0,6.9667163e-07,4.9606274e-07
284.2583,0.7521583,0.7521583,0.0,0.0,2014-10-18 00:00:00,0.0,3.8198294e-07,0.0,0.0,3.8198294e-07
283.61963,0.6796583,0.6796583,0.0067320913,0.0,2014-10-18 01:00:00,0.0,2.4771061e-06,0.0,0.0,2.7443675e-06
283.511,0.7022684,0.6965436,0.034429353,0.0,2014-10-18 02:00:00,0.0,1.2202845e-06,0.0,0.0,1.0107096e-06
282.99487,0.8797822,0.8797822,0.0,0.0,2014-10-18 03:00:00,0.0,0.0,0.0,0.0,0.0
282.9485,0.9595056,0.9595056,0.0,0.0,2014-10-18 04:00:00,0.0,0.0,0.0,0.0,0.0
282.93066,0.95283467,0.95283467,0.0,0.0,2014-10-18 05:00:00,1.0,0.0,0.0,0.0,0.0
282.39502,0.85395646,0.85395646,0.015225761,0.0,2014-10-18 06:00:00,0.0,3.627573e-07,0.0,3.3391427e-07,0.0
281.8191,0.8171608,0.8171608,0.03983074,0.0,2014-10-18 07:00:00,0.0,7.6332435e-07,0.0,6.7744145e-07,0.0
281.49463,0.85713613,0.85713613,0.011951838,0.0,2014-10-18 08:00:00,0.0,1.9099144e-07,0.0,6.107887e-07,0.0
280.87842,0.966825,0.966825,0.0033782488,0.0,2014-10-18 09:00:00,0.0,0.0,0.0,4.7747868e-08,0.0
279.82007,0.9790531,0.9790531,0.0,0.0,2014-10-18 10:00:00,0.0,0.0,0.0,0.0,0.0
279.71655,0.9499579,0.9499579,0.0,0.0,2014-10-18 11:00:00,0.0,0.0,0.0,0.0,0.0
279.6316,0.8012559,0.8012559,0.0,0.0,2014-10-18 12:00:00,0.0,0.0,0.0,0.0,0.0
279.53198,0.83243257,0.83243257,0.0,0.0,2014-10-18 13:00:00,0.0,0.0,0.0,0.0,0.0
279.47534,0.9769088,0.9769088,0.0,0.035235766,2014-10-18 14:00:00,0.0,0.0,0.0,0.0,0.0
280.448,0.97744584,0.97532487,0.0,0.07159358,2014-10-18 15:00:00,0.0,0.0,0.0,0.0,0.0
280.7959,1.0,1.0,0.0,0.3738832,2014-10-18 16:00:00,0.0,0.0,0.0,0.0,0.0
281.52197,0.9742249,0.87433976,0.0,0.7993231,2014-10-18 17:00:00,0.0,0.0,0.0,0.0,0.0
282.5227,0.9607317,0.3894447,0.0,0.926452,2014-10-18 18:00:00,0.0,0.0,0.0,0.0,0.0
283.34497,0.94307154,0.06754506,0.0,0.9359442,2014-10-18 19:00:00,0.0,0.0,0.0,0.0,0.0
283.74756,0.6323297,0.010580849,0.0,0.6296833,2014-10-18 20:00:00,0.0,0.0,0.0,0.0,0.0
284.7085,0.18705237,0.0,0.0,0.18705237,2014-10-18 21:00:00,0.0,0.0,0.0,0.0,0.0
283.87183,0.48761952,0.0,0.0,0.48761952,2014-10-18 22:00:00,0.0,0.0,0.0,0.0,0.0
282.8833,0.9710236,0.0032499009,0.0,0.9710236,2014-10-18 23:00:00,0.0,0.0,0.0,0.0,0.0
282.08838,0.97000116,0.015137695,0.0,0.97000116,2014-10-19 00:00:00,0.0,0.0,0.0,0.0,0.0
280.03857,0.98927194,0.0,0.0,0.98927194,2014-10-19 01:00:00,0.0,0.0,0.0,0.0,0.0
279.90576,0.9905219,0.0,0.0,0.9905219,2014-10-19 02:00:00,0.0,0.0,0.0,0.0,0.0
278.88452,0.9438847,0.0,0.0,0.9438847,2014-10-19 03:00:00,0.0,0.0,0.0,0.0,0.0
278.45044,0.9203614,0.0,0.0,0.9203614,2014-10-19 04:00:00,0.0,0.0,0.0,0.0,0.0
277.54834,0.9379645,0.0,0.0,0.9379645,2014-10-19 05:00:00,0.0,0.0,0.0,0.0,0.0
277.30908,0.96662295,0.0,0.0,0.96662295,2014-10-19 06:00:00,0.0,0.0,0.0,0.0,0.0
277.5564,0.9394707,0.0,0.0,0.9394707,2014-10-19 07:00:00,0.0,0.0,0.0,0.0,0.0
277.52637,0.98999023,0.0,0.0,0.98999023,2014-10-19 08:00:00,0.0,0.0,0.0,0.0,0.0
277.58545,0.9866732,0.0,0.01024574,0.9866732,2014-10-19 09:00:00,0.0,0.0,0.0,0.0,0.0
279.2622,0.98611075,0.0,0.072172284,0.9800109,2014-10-19 10:00:00,0.0,0.0,0.0,0.0,0.0
279.4973,0.9746401,0.0,0.14540762,0.9746401,2014-10-19 11:00:00,0.0,0.0,0.0,0.0,0.0
279.72534,0.9651038,0.0,0.039691113,0.9651038,2014-10-19 12:00:00,0.0,0.0,0.0,0.0,0.0
280.0808,0.9321746,0.0,0.010535371,0.9321746,2014-10-19 13:00:00,0.0,0.0,0.0,0.0,0.0
280.9934,0.47464657,0.0,0.0,0.47464657,2014-10-19 14:00:00,0.0,0.0,0.0,0.0,0.0
284.21997,0.21120518,0.0,0.0,0.21120518,2014-10-19 15:00:00,0.0,0.0,0.0,0.0,0.0
285.77832,0.023752768,0.0,0.0,0.023752768,2014-10-19 16:00:00,0.0,0.0,0.0,0.0,0.0
287.55444,0.0033782488,0.0,0.0,0.0033782488,2014-10-19 17:00:00,0.0,0.0,0.0,0.0,0.0
289.0105,0.026584592,0.0,0.026584592,0.0,2014-10-19 18:00:00,0.0,0.0,0.0,0.0,0.0
290.12402,0.0,0.0,0.0,0.0,2014-10-19 19:00:00,0.0,0.0,0.0,0.0,0.0
291.15796,0.0,0.0,0.0,0.0,2014-10-19 20:00:00,0.0,0.0,0.0,0.0,0.0
292.66162,0.0,0.0,0.0,0.0,2014-10-19 21:00:00,0.0,0.0,0.0,0.0,0.0
292.2168,0.0,0.0,0.0,0.0,2014-10-19 22:00:00,0.0,0.0,0.0,0.0,0.0
291.23877,0.0,0.0,0.0,0.0,2014-10-19 23:00:00,0.0,0.0,0.0,0.0,0.0
289.39233,0.0,0.0,0.0,0.0,2014-10-20 00:00:00,0.0,0.0,0.0,0.0,0.0
289.22266,0.011606943,0.011606943,0.0,0.0,2014-10-20 01:00:00,0.0,0.0,0.0,0.0,0.0
288.71948,0.0067320913,0.0067320913,0.0,0.0,2014-10-20 02:00:00,0.0,0.0,0.0,0.0,0.0
286.8003,0.021196231,0.021196231,0.0,0.0,2014-10-20 03:00:00,0.0,0.0,0.0,0.0,0.0
285.7671,0.028754588,0.028754588,0.0,0.0,2014-10-20 04:00:00,0.0,0.0,0.0,0.0,0.0
284.4773,0.0,0.0,0.0,0.0,2014-10-20 05:00:00,0.0,0.0,0.0,0.0,0.0
284.35596,0.00053172023,0.00053172023,0.0,0.0,2014-10-20 06:00:00,0.0,0.0,0.0,0.0,0.0
283.7229,0.0,0.0,0.0,0.0,2014-10-20 07:00:00,0.0,0.0,0.0,0.0,0.0
283.09473,0.0,0.0,0.0,0.0,2014-10-20 08:00:00,0.0,0.0,0.0,0.0,0.0
281.3059,0.0032499009,0.0032499009,0.0,0.0,2014-10-20 09:00:00,0.0,0.0,0.0,0.0,0.0
280.3855,0.0,0.0,0.0,0.0,2014-10-20 10:00:00,0.0,0.0,0.0,0.0,0.0
280.19507,0.002103883,0.002103883,0.0,0.0,2014-10-20 11:00:00,0.0,0.0,0.0,0.0,0.0
280.1338,0.0026356035,0.0026356035,0.0,0.0,2014-10-20 12:00:00,0.0,0.0,0.0,0.0,0.0
280.2107,0.0,0.0,0.0,0.0,2014-10-20 13:00:00,1.0,0.0,0.0,0.0,0.0
282.19043,0.0033782488,0.0033782488,0.0,0.0,2014-10-20 14:00:00,1.0,0.0,0.0,0.0,0.0
285.7395,0.03083494,0.03083494,0.0,0.0,2014-10-20 15:00:00,1.0,0.0,0.0,0.0,0.0
287.32397,0.00998199,0.00998199,0.0,0.0,2014-10-20 16:00:00,0.0,0.0,0.0,0.0,0.0
288.47437,0.041309863,0.041309863,0.0,0.0,2014-10-20 17:00:00,0.0,0.0,0.0,0.0,0.0
288.97925,0.15561944,0.15561944,0.0,0.0,2014-10-20 18:00:00,0.0,0.0,0.0,0.0,0.0
289.38916,0.09606826,0.09606826,0.0,0.0,2014-10-20 19:00:00,0.0,0.0,0.0,0.0,0.0
289.3755,0.12285739,0.12285739,0.0,0.0,2014-10-20 20:00:00,0.0,0.0,0.0,0.0,0.0
289.44946,0.23718798,0.23718798,0.0,0.0,2014-10-20 21:00:00,0.0,0.0,0.0,0.0,0.0
288.24146,0.11990368,0.11990368,0.0,0.0,2014-10-20 22:00:00,0.0,0.0,0.0,0.0,0.0
287.41187,0.13545883,0.13545883,0.0,0.0,2014-10-20 23:00:00,0.0,0.0,0.0,0.0,0.0
285.52026,0.13896376,0.13896376,0.0,0.0,2014-10-21 00:00:00,0.0,0.0,0.0,0.0,0.0
284.76294,0.11530578,0.11530578,0.0,0.0,2014-10-21 01:00:00,0.0,0.0,0.0,0.0,0.0
283.9165,0.12019962,0.12019962,0.0,0.0,2014-10-21 02:00:00,0.0,0.0,0.0,0.0,0.0
281.9314,0.18432695,0.18432695,0.0,0.0,2014-10-21 03:00:00,0.0,0.0,0.0,0.0,0.0
281.56958,0.28795278,0.28795278,0.0,0.0,2014-10-21 04:00:00,0.0,0.0,0.0,0.0,0.0
281.33252,0.3340407,0.3340407,0.0,0.0,2014-10-21 05:00:00,0.0,0.0,0.0,0.0,0.0
280.82056,0.32865167,0.32865167,0.0,0.0,2014-10-21 06:00:00,0.0,0.0,0.0,0.0,0.0
280.219,0.40332788,0.40332788,0.0,0.0,2014-10-21 07:00:00,0.0,0.0,0.0,0.0,0.0
280.08423,0.3368762,0.3368762,0.0,0.0,2014-10-21 08:00:00,0.0,0.0,0.0,0.0,0.0
279.41846,0.30118906,0.30118906,0.0,0.0,2014-10-21 09:00:00,0.0,0.0,0.0,0.0,0.0
277.39673,0.35879987,0.35879987,0.0,0.0,2014-10-21 10:00:00,0.0,0.0,0.0,0.0,0.0
277.5979,0.276855,0.276855,0.0,0.0,2014-10-21 11:00:00,0.0,0.0,0.0,0.0,0.0
277.42285,0.3729372,0.3729372,0.0,0.0,2014-10-21 12:00:00,1.0,4.0056705e-07,0.0,0.0,3.050713e-07
277.26758,0.32661217,0.32661217,0.0,0.0,2014-10-21 13:00:00,0.0,0.0,0.0,0.0,0.0
279.02588,0.24329144,0.24329144,0.0,0.0,2014-10-21 14:00:00,0.0,0.0,0.0,0.0,0.0
282.1604,0.22281235,0.22281235,0.0,0.0,2014-10-21 15:00:00,0.0,0.0,0.0,0.0,0.0
283.62256,0.20155555,0.20155555,0.0,0.0,2014-10-21 16:00:00,0.0,0.0,0.0,0.0,0.0
284.81714,0.23513865,0.23513865,0.0,0.0,2014-10-21 17:00:00,0.0,0.0,0.0,0.0,0.0
285.53833,0.21314168,0.21314168,0.0,0.0,2014-10-21 18:00:00,0.0,0.0,0.0,0.0,0.0
286.32495,0.08385444,0.08385444,0.0,0.0,2014-10-21 19:00:00,0.0,0.0,0.0,0.0,0.0
286.6372,0.036327362,0.036327362,0.0,0.0,2014-10-21 20:00:00,0.0,0.0,0.0,0.0,0.0
287.489,0.03263682,0.03263682,0.0,0.0,2014-10-21 21:00:00,0.0,0.0,0.0,0.0,0.0
286.01245,0.01998901,0.01998901,0.0,0.0,2014-10-21 22:00:00,0.0,0.0,0.0,0.0,0.0
285.2461,0.0057492107,0.0057492107,0.0,0.0,2014-10-21 23:00:00,0.0,0.0,0.0,0.0,0.0
284.02734,0.010009766,0.010009766,0.0,0.0,2014-10-22 00:00:00,0.0,0.0,0.0,0.0,0.0
283.63208,0.012531344,0.012531344,0.0,0.0,2014-10-22 01:00:00,0.0,0.0,0.0,0.0,0.0
282.8047,0.0100932345,0.0100932345,0.0,0.0,2014-10-22 02:00:00,0.0,0.0,0.0,0.0,0.0
281.42847,0.0,0.0,0.0,0.0,2014-10-22 03:00:00,0.0,0.0,0.0,0.0,0.0
280.65454,0.0,0.0,0.0,0.0,2014-10-22 04:00:00,0.0,0.0,0.0,0.0,0.0
280.24268,0.0,0.0,0.0,0.0,2014-10-22 05:00:00,0.0,0.0,0.0,0.0,0.0
279.3911,0.0,0.0,0.0,0.0,2014-10-22 06:00:00,0.0,0.0,0.0,0.0,0.0
279.06055,0.0,0.0,0.0,0.0,2014-10-22 07:00:00,0.0,0.0,0.0,0.0,0.0
278.96167,0.0,0.0,0.0,0.0,2014-10-22 08:00:00,0.0,0.0,0.0,0.0,0.0
278.7893,0.0048919544,0.0,0.0,0.0048919544,2014-10-22 09:00:00,0.0,0.0,0.0,0.0,0.0
278.04834,0.040112182,0.0,0.0,0.040112182,2014-10-22 10:00:00,0.0,0.0,0.0,0.0,0.0
278.13208,0.11522925,0.0,0.0,0.11522925,2014-10-22 11:00:00,0.0,0.0,0.0,0.0,0.0
278.02563,0.60231614,0.0,0.0,0.60231614,2014-10-22 12:00:00,0.0,0.0,0.0,0.0,0.0
278.01978,0.79442406,0.007457666,0.011203606,0.7885742,2014-10-22 13:00:00,0.0,0.0,0.0,0.0,0.0
279.05493,0.4957012,0.043035854,0.04285472,0.4517212,2014-10-22 14:00:00,0.0,0.0,0.0,0.0,0.0
282.34058,0.39013398,0.067049325,0.13561273,0.29061097,2014-10-22 15:00:00,0.0,0.0,0.0,0.0,0.0
283.52417,0.35884124,0.21698725,0.27360326,0.1206758,2014-10-22 16:00:00,1.0,1.0690455e-06,0.0,9.354155e-07,0.0
285.1223,0.3906352,0.06284386,0.25677735,0.1767286,2014-10-22 17:00:00,1.0,1.88993e-05,0.0,1.871791e-05,0.0
286.1333,0.5135998,0.054910854,0.2517262,0.34221518,2014-10-22 18:00:00,1.0,3.781762e-05,0.0,3.7388527e-05,0.0
286.8025,0.7383649,0.030269187,0.25145495,0.66259605,2014-10-22 19:00:00,0.0,9.549569e-08,0.0,2.0028352e-07,0.0
287.771,0.76435226,0.012531344,0.27795243,0.6907863,2014-10-22 20:00:00,0.0,0.0,0.0,0.0,0.0
288.68628,0.9257873,0.0,0.28577477,0.9009785,2014-10-22 21:00:00,0.0,0.0,0.0,0.0,0.0
287.60303,0.9957394,0.0,0.14847755,0.9952138,2014-10-22 22:00:00,0.0,0.0,0.0,0.0,0.0
286.9729,0.9978961,0.0010573287,0.19216692,0.9978961,2014-10-22 23:00:00,0.0,0.0,0.0,0.0,0.0
286.43018,1.0,0.0,0.24629575,1.0,2014-10-23 00:00:00,0.0,0.0,0.0,0.0,0.0
286.35962,1.0,0.0,0.21102667,1.0,2014-10-23 01:00:00,0.0,0.0,0.0,0.0,0.0
286.35767,1.0,0.0,0.18591619,1.0,2014-10-23 02:00:00,0.0,0.0,0.0,0.0,0.0
286.08423,1.0,0.0,0.18047935,0.9912679,2014-10-23 03:00:00,1.0,4.5434463e-06,0.0,4.409816e-06,0.0
285.7898,0.9966217,0.0,0.6414658,0.99289286,2014-10-23 04:00:00,1.0,0.00025363103,0.0,0.00022877591,2.4855326e-05
285.11694,0.998375,0.06272304,0.9946291,0.99675006,2014-10-23 05:00:00,1.0,0.0010447539,0.0,0.00074877194,0.00029594358
284.52734,1.0,0.373635,0.96059513,0.9584525,2014-10-23 06:00:00,1.0,0.002182499,0.0,0.0005170598,0.0016652294
284.75342,0.99946827,0.8992087,0.9195028,0.96929014,2014-10-23 07:00:00,1.0,0.00016683976,0.0,4.4499044e-05,0.00012247435
284.9375,1.0,0.9909913,0.76623815,1.0,2014-10-23 08:00:00,1.0,0.00028842315,0.0,0.00014218315,0.00014624017
284.06958,1.0,1.0,0.53040934,1.0,2014-10-23 09:00:00,1.0,0.00013325587,0.0,0.0,0.00013325587
284.66968,1.0,0.9978792,0.44523543,1.0,2014-10-23 10:00:00,1.0,7.9529724e-05,0.0,0.0,7.9529724e-05
284.64648,1.0,1.0,0.23029804,0.9946291,2014-10-23 11:00:00,1.0,3.5487712e-05,0.0,0.0,3.5487712e-05
284.59033,0.9866925,0.9250641,0.04486886,0.8613126,2014-10-23 12:00:00,1.0,7.098097e-06,0.0,0.0,7.098097e-06
284.4807,0.9113527,0.8792603,0.0031780982,0.5675395,2014-10-23 13:00:00,1.0,2.8975492e-06,0.0,0.0,2.9930452e-06
284.79224,0.85063964,0.8329542,0.00053172023,0.18482494,2014-10-23 14:00:00,1.0,1.0751859e-05,0.0,0.0,9.798185e-06
285.94653,0.87776566,0.87776566,0.0,0.0,2014-10-23 15:00:00,1.0,4.422255e-06,0.0,0.0,5.3759295e-06
287.0586,0.62453914,0.62453914,0.0,0.0,2014-10-23 16:00:00,0.0,2.2111271e-06,0.0,0.0,2.2111271e-06
287.99756,0.3858465,0.3858465,0.0,0.0,2014-10-23 17:00:00,0.0,0.0,0.0,0.0,0.0
288.67358,0.032803345,0.032803345,0.0,0.0,2014-10-23 18:00:00,0.0,0.0,0.0,0.0,0.0
289.54858,0.010491136,0.010491136,0.0,0.0,2014-10-23 19:00:00,0.0,0.0,0.0,0.0,0.0
290.41187,0.0057492107,0.0057492107,0.0,0.0,2014-10-23 20:00:00,0.0,0.0,0.0,0.0,0.0
291.68213,0.0010573287,0.0010573287,0.0,0.0,2014-10-23 21:00:00,0.0,0.0,0.0,0.0,0.0
289.96387,0.007644605,0.007644605,0.0,0.0,2014-10-23 22:00:00,0.0,0.0,0.0,0.0,0.0
288.20557,0.03219187,0.0,0.0,0.03219187,2014-10-23 23:00:00,0.0,0.0,0.0,0.0,0.0
286.6023,0.0,0.0,0.0,0.0,2014-10-24 00:00:00,0.0,0.0,0.0,0.0,0.0
285.87817,0.0,0.0,0.0,0.0,2014-10-24 01:00:00,0.0,0.0,0.0,0.0,0.0
285.22778,0.0,0.0,0.0,0.0,2014-10-24 02:00:00,0.0,0.0,0.0,0.0,0.0
283.6411,0.1518398,0.0,0.0,0.1518398,2014-10-24 03:00:00,0.0,0.0,0.0,0.0,0.0
283.0923,0.3939219,0.0,0.0,0.3939219,2014-10-24 04:00:00,0.0,0.0,0.0,0.0,0.0
282.47192,0.58594596,0.0,0.0,0.58594596,2014-10-24 05:00:00,0.0,0.0,0.0,0.0,0.0
282.46533,0.9570268,0.0,0.0,0.9570268,2014-10-24 06:00:00,0.0,0.0,0.0,0.0,0.0
282.635,0.93889225,0.0,0.0,0.93889225,2014-10-24 07:00:00,0.0,0.0,0.0,0.0,0.0
282.302,0.84205073,0.0,0.0,0.84205073,2014-10-24 08:00:00,0.0,0.0,0.0,0.0,0.0
282.3723,0.9433122,0.0,0.0,0.9433122,2014-10-24 09:00:00,0.0,0.0,0.0,0.0,0.0
282.30908,1.0,0.0,0.0,1.0,2014-10-24 10:00:00,0.0,0.0,0.0,0.0,0.0
282.38892,0.9711683,0.0,0.0,0.9711683,2014-10-24 11:00:00,0.0,0.0,0.0,0.0,0.0
282.50098,0.95022404,0.0,0.0,0.95022404,2014-10-24 12:00:00,0.0,0.0,0.0,0.0,0.0
282.6836,0.86167794,0.00053172023,0.0,0.86167794,2014-10-24 13:00:00,0.0,9.549569e-08,0.0,0.0,9.549569e-08
283.75708,0.9139136,0.02210978,0.0,0.9139136,2014-10-24 14:00:00,0.0,3.8198294e-07,0.0,0.0,3.8198294e-07
287.23584,0.89722514,0.059353784,0.0,0.889322,2014-10-24 15:00:00,0.0,7.639659e-07,0.0,0.0,7.639659e-07
288.34473,0.88870436,0.06981498,0.0,0.88474435,2014-10-24 16:00:00,0.0,0.0,0.0,0.0,0.0
289.72607,0.90405035,0.34724432,0.0,0.84385353,2014-10-24 17:00:00,0.0,5.7297444e-07,0.0,0.0,7.8255e-07
290.4978,0.9860254,0.8675066,0.0,0.90017563,2014-10-24 18:00:00,0.0,1.4112766e-06,0.0,1.2109931e-06,0.0
291.31177,0.98438334,0.860374,0.0,0.87043476,2014-10-24 19:00:00,0.0,2.2707382e-06,0.0,2.1752421e-06,9.549569e-08
292.18774,0.98916405,0.62207353,0.0,0.9612158,2014-10-24 20:00:00,0.0,0.0,0.0,0.0,0.0
292.8933,0.96917504,0.16446692,0.0,0.95999146,2014-10-24 21:00:00,0.0,0.0,0.0,0.0,0.0
291.90698,0.97154266,0.00945903,0.0,0.9691717,2014-10-24 22:00:00,0.0,0.0,0.0,0.0,0.0
290.63257,0.9400024,0.0,0.0,0.9400024,2014-10-24 23:00:00,0.0,0.0,0.0,0.0,0.0
289.4568,0.97843266,0.0,0.0,0.97843266,2014-10-25 00:00:00,0.0,0.0,0.0,0.0,0.0
288.93774,0.96632516,0.0,0.0,0.96632516,2014-10-25 01:00:00,0.0,0.0,0.0,0.0,0.0
288.6167,0.81305814,0.0,0.0,0.81305814,2014-10-25 02:00:00,0.0,0.0,0.0,0.0,0.0
287.1172,0.6139027,0.0,0.0,0.6139027,2014-10-25 03:00:00,0.0,0.0,0.0,0.0,0.0
286.6853,0.17461699,0.0,0.0,0.17461699,2014-10-25 04:00:00,0.0,0.0,0.0,0.0,0.0
286.49146,0.5111763,0.0,0.0,0.5111763,2014-10-25 05:00:00,0.0,0.0,0.0,0.0,0.0
286.81567,0.15870684,0.0,0.0,0.15870684,2014-10-25 06:00:00,0.0,0.0,0.0,0.0,0.0
287.23267,0.06680405,0.0,0.06680405,0.0,2014-10-25 07:00:00,0.0,0.0,0.0,0.0,0.0
286.71973,0.15500611,0.0,0.15500611,0.0,2014-10-25 08:00:00,0.0,0.0,0.0,0.0,0.0
285.67773,0.004207764,0.0,0.004207764,0.0,2014-10-25 09:00:00,0.0,0.0,0.0,0.0,0.0
283.91895,0.07302439,0.0,0.07302439,0.0,2014-10-25 10:00:00,0.0,0.0,0.0,0.0,0.0
283.8047,0.0,0.0,0.0,0.0,2014-10-25 11:00:00,0.0,0.0,0.0,0.0,0.0
283.46436,0.0,0.0,0.0,0.0,2014-10-25 12:00:00,0.0,0.0,0.0,0.0,0.0
283.02856,0.0,0.0,0.0,0.0,2014-10-25 13:00:00,0.0,0.0,0.0,0.0,0.0
284.2395,0.0,0.0,0.0,0.0,2014-10-25 14:00:00,0.0,0.0,0.0,0.0,0.0
286.34863,0.0,0.0,0.0,0.0,2014-10-25 15:00:00,0.0,0.0,0.0,0.0,0.0
287.39233,0.020397466,0.0,0.020397466,0.0,2014-10-25 16:00:00,0.0,0.0,0.0,0.0,0.0
288.55103,0.04878649,0.0,0.04878649,0.0,2014-10-25 17:00:00,0.0,0.0,0.0,0.0,0.0
289.22925,0.0,0.0,0.0,0.0,2014-10-25 18:00:00,0.0,0.0,0.0,0.0,0.0
289.90112,0.0,0.0,0.0,0.0,2014-10-25 19:00:00,0.0,0.0,0.0,0.0,0.0
290.29785,0.0,0.0,0.0,0.0,2014-10-25 20:00:00,0.0,0.0,0.0,0.0,0.0
290.61426,0.0,0.0,0.0,0.0,2014-10-25 21:00:00,0.0,0.0,0.0,0.0,0.0
288.44897,0.0,0.0,0.0,0.0,2014-10-25 22:00:00,0.0,0.0,0.0,0.0,0.0
287.29907,0.0,0.0,0.0,0.0,2014-10-25 23:00:00,0.0,0.0,0.0,0.0,0.0
285.76196,0.0,0.0,0.0,0.0,2014-10-26 00:00:00,0.0,0.0,0.0,0.0,0.0
284.68433,0.0,0.0,0.0,0.0,2014-10-26 01:00:00,0.0,0.0,0.0,0.0,0.0
283.74585,0.0,0.0,0.0,0.0,2014-10-26 02:00:00,0.0,0.0,0.0,0.0,0.0
281.36206,0.0,0.0,0.0,0.0,2014-10-26 03:00:00,0.0,0.0,0.0,0.0,0.0
280.5161,0.0,0.0,0.0,0.0,2014-10-26 04:00:00,0.0,0.0,0.0,0.0,0.0
279.24463,0.0,0.0,0.0,0.0,2014-10-26 05:00:00,0.0,0.0,0.0,0.0,0.0
277.99243,0.0,0.0,0.0,0.0,2014-10-26 06:00:00,0.0,0.0,0.0,0.0,0.0
278.05908,0.0,0.0,0.0,0.0,2014-10-26 07:00:00,0.0,0.0,0.0,0.0,0.0
278.16577,0.0,0.0,0.0,0.0,2014-10-26 08:00:00,0.0,0.0,0.0,0.0,0.0
279.01636,0.0,0.0,0.0,0.0,2014-10-26 09:00:00,0.0,0.0,0.0,0.0,0.0
276.9707,0.0,0.0,0.0,0.0,2014-10-26 10:00:00,0.0,0.0,0.0,0.0,0.0
275.95923,0.050274417,0.0,0.0,0.050274417,2014-10-26 11:00:00,0.0,0.0,0.0,0.0,0.0
274.38477,0.41466522,0.0,0.0,0.41466522,2014-10-26 12:00:00,0.0,0.0,0.0,0.0,0.0
274.42993,0.44160777,0.0,0.0,0.44160777,2014-10-26 13:00:00,0.0,0.0,0.0,0.0,0.0
276.88232,0.74770373,0.0,0.0,0.74770373,2014-10-26 14:00:00,0.0,0.0,0.0,0.0,0.0
283.8672,0.87700135,0.0,0.0,0.87700135,2014-10-26 15:00:00,0.0,0.0,0.0,0.0,0.0
286.19946,0.87357134,0.0,0.0,0.87357134,2014-10-26 16:00:00,0.0,0.0,0.0,0.0,0.0
287.84277,0.8000574,0.0,0.0,0.8000574,2014-10-26 17:00:00,0.0,0.0,0.0,0.0,0.0
288.73267,0.30979854,0.0,0.0,0.30979854,2014-10-26 18:00:00,0.0,0.0,0.0,0.0,0.0
289.58643,0.016852826,0.004207764,0.0052650943,0.009483848,2014-10-26 19:00:00,0.0,0.0,0.0,0.0,0.0
289.98755,0.010324448,0.008220565,0.010324448,0.0,2014-10-26 20:00:00,0.0,0.0,0.0,0.0,0.0
290.51074,0.11735225,0.009472862,0.006631516,0.10598737,2014-10-26 21:00:00,0.0,4.774787e-07,0.0,4.774787e-07,0.0
289.13818,0.8165005,0.01998901,0.12254262,0.78805614,2014-10-26 22:00:00,0.0,8.594617e-06,0.0,8.546868e-06,0.0
288.64404,0.8794372,0.028851867,0.023072831,0.8794372,2014-10-26 23:00:00,0.0,0.0,0.0,0.0,0.0
287.9641,0.8431934,0.005003199,0.006280929,0.8431934,2014-10-27 00:00:00,0.0,2.2333057e-05,0.0,2.23526e-05,0.0
287.6001,0.9473238,0.0,0.0,0.9473238,2014-10-27 01:00:00,0.0,0.0,0.0,0.0,0.0
286.7954,0.93052435,0.0,0.0,0.93052435,2014-10-27 02:00:00,0.0,0.0,0.0,0.0,0.0
285.92065,0.92879546,0.06095209,0.07083434,0.9258928,2014-10-27 03:00:00,0.0,0.0,0.0,0.0,0.0
285.64404,0.940267,0.26771474,0.16660798,0.93130046,2014-10-27 04:00:00,0.0,8.552371e-06,0.0,8.686001e-06,0.0
284.99902,0.99629015,0.96025693,0.45931554,0.9346845,2014-10-27 05:00:00,1.0,7.5762173e-06,0.0,7.7098475e-06,0.0
285.2473,0.9897542,0.91664857,0.46751082,0.9252469,2014-10-27 06:00:00,1.0,4.335247e-05,0.0,4.3343185e-05,0.0
284.63452,0.8764596,0.7683878,0.13851064,0.6893764,2014-10-27 07:00:00,0.0,0.0,0.0,0.0,0.0
284.25635,0.7817537,0.64987296,0.027355988,0.45658433,2014-10-27 08:00:00,0.0,0.0,0.0,0.0,0.0
283.4248,0.8531451,0.4788959,0.0,0.7432966,2014-10-27 09:00:00,0.0,2.6726156e-07,0.0,0.0,2.6726156e-07
281.7754,0.6605564,0.13864726,0.009483848,0.62985754,2014-10-27 10:00:00,0.0,2.6726156e-07,0.0,0.0,2.6726156e-07
281.4182,0.97998804,0.010316208,0.0,0.97892463,2014-10-27 11:00:00,0.0,0.0,0.0,0.0,0.0
280.8872,0.9873881,0.0074196346,0.0010573287,0.9868625,2014-10-27 12:00:00,0.0,1.3157805e-06,0.0,0.0,1.3157805e-06
280.1682,0.99577534,0.005298864,0.0010573287,0.99577534,2014-10-27 13:00:00,0.0,9.549569e-08,0.0,0.0,9.549569e-08
282.00732,0.9876085,0.0021207693,0.002103883,0.9876085,2014-10-27 14:00:00,0.0,9.549569e-08,0.0,0.0,0.0
285.93335,0.98946124,0.0010573287,0.00053172023,0.9889295,2014-10-27 15:00:00,0.0,0.0,0.0,0.0,0.0
287.15308,0.90447426,0.0010573287,0.020356115,0.90341085,2014-10-27 16:00:00,1.0,0.0,0.0,0.0,0.0
288.7019,0.88682884,0.005298864,0.04266931,0.88418245,2014-10-27 17:00:00,0.0,3.813414e-07,0.0,3.2430148e-07,0.0
289.86646,0.8852347,0.013775833,0.21407151,0.8688091,2014-10-27 18:00:00,0.0,1.8688879e-06,0.0,1.6304693e-06,0.0
290.65918,0.6715218,0.027270138,0.119214535,0.625525,2014-10-27 19:00:00,0.0,0.0,0.0,0.0,0.0
291.1726,0.47851467,0.06688815,0.23386133,0.40584463,2014-10-27 20:00:00,0.0,6.6847014e-07,0.0,0.0,6.6847014e-07
290.85693,0.54861903,0.015314437,0.52995664,0.080231726,2014-10-27 21:00:00,0.0,0.0,0.0,0.0,0.0
289.01392,0.8252943,0.0015890491,0.80745924,0.19727999,2014-10-27 22:00:00,0.0,9.186184e-06,0.0,9.090688e-06,9.549569e-08
287.8567,0.9327701,0.0,0.9263861,0.07817322,2014-10-27 23:00:00,0.0,1.6974504e-05,0.0,1.6965205e-05,0.0
286.9402,0.85423934,0.0016249504,0.8354107,0.13637447,2014-10-28 00:00:00,0.0,1.0504531e-05,0.0,1.04567835e-05,0.0
286.1494,0.8722144,0.0016249504,0.81160474,0.44044524,2014-10-28 01:00:00,1.0,2.024509e-05,0.0,2.0197345e-05,0.0
284.80225,0.6865805,0.04370624,0.3402784,0.5599366,2014-10-28 02:00:00,1.0,7.2551467e-07,0.0,0.0,7.2551467e-07
282.636,0.81357896,0.11323893,0.74684536,0.36822265,2014-10-28 03:00:00,1.0,6.047002e-06,0.0,0.0,6.047002e-06
282.07617,0.5313026,0.0,0.53077084,0.0032139996,2014-10-28 04:00:00,0.0,3.4917306e-05,0.0,1.9099144e-07,3.4726312e-05
281.5105,0.059909318,0.0,0.030942246,0.032338012,2014-10-28 05:00:00,0.0,5.4310494e-06,0.0,4.7747868e-08,5.3355534e-06
280.98096,0.005370889,0.005370889,0.0,0.0,2014-10-28 06:00:00,0.0,0.0,0.0,0.0,0.0
280.21802,0.065206826,0.065206826,0.0065169036,0.0,2014-10-28 07:00:00,0.0,0.0,0.0,0.0,0.0
280.2644,0.14447618,0.14112234,0.050864592,0.0,2014-10-28 08:00:00,0.0,0.0,0.0,0.0,0.0
280.34717,0.09894204,0.09894204,0.03519607,0.0,2014-10-28 09:00:00,0.0,0.0,0.0,0.0,0.0
278.73926,0.2705567,0.2705567,0.0,0.0,2014-10-28 10:00:00,0.0,0.0,0.0,0.0,0.0
278.69238,0.7350497,0.7350497,0.024511095,0.0,2014-10-28 11:00:00,0.0,0.0,0.0,0.0,0.0
278.74805,0.86262333,0.8581485,0.17790717,0.0,2014-10-28 12:00:00,0.0,0.0,0.0,0.0,0.0
278.823,0.97245085,0.9653438,0.39888412,0.0,2014-10-28 13:00:00,1.0,4.332579e-06,0.0,3.56925e-06,5.3452317e-07
278.98218,0.9114187,0.90804046,0.32958263,0.0,2014-10-28 14:00:00,1.0,0.0001294,0.0,0.00011742904,1.2686205e-05
280.04175,0.97326463,0.97326463,0.32891387,0.0,2014-10-28 15:00:00,1.0,0.00015985216,0.0,7.958777e-05,8.012145e-05
280.4419,0.9227693,0.9119129,0.37062335,0.0,2014-10-28 16:00:00,1.0,0.000121817546,0.0,3.3883814e-05,8.776164e-05
280.9724,0.74485445,0.68212163,0.4977305,0.0,2014-10-28 17:00:00,1.0,5.8907346e-05,0.0,4.103784e-05,1.7697414e-05
281.5464,0.6916012,0.64076436,0.4696139,0.0,2014-10-28 18:00:00,1.0,6.206511e-05,0.0,5.1181807e-05,1.1064683e-05
281.8938,0.60459095,0.372629,0.5012114,0.0,2014-10-28 19:00:00,1.0,0.00010948315,0.0,5.2768868e-05,5.6895646e-05
280.99585,0.7443224,0.44566107,0.5440757,0.21841133,2014-10-28 20:00:00,1.0,0.00024229403,0.0,0.00016890562,7.3102245e-05
280.5691,0.68138844,0.5201074,0.50403625,0.2728297,2014-10-28 21:00:00,1.0,5.9989732e-05,0.0,3.8077385e-05,2.2045977e-05
279.49243,0.92604256,0.87277347,0.7180079,0.0067320913,2014-10-28 22:00:00,0.0,8.503564e-06,0.0,5.5688497e-06,3.1449345e-06
279.05542,0.98782164,0.97069114,0.79954314,0.0,2014-10-28 23:00:00,0.0,0.0,0.0,0.0,0.0
278.84155,0.95596606,0.93703103,0.8409735,0.0,2014-10-29 00:00:00,0.0,0.0,0.0,0.0,0.0
279.01636,0.9045881,0.87416214,0.73891425,0.0,2014-10-29 01:00:00,0.0,0.0,0.0,0.0,0.0
278.74023,0.9653166,0.9619555,0.80678815,0.0,2014-10-29 02:00:00,0.0,0.0,0.0,0.0,0.0
278.43628,0.97152555,0.95310545,0.83231384,0.0,2014-10-29 03:00:00,0.0,0.0,0.0,0.0,0.0
278.16406,0.97034,0.9507736,0.7510112,0.0,2014-10-29 04:00:00,0.0,0.0,0.0,0.0,0.0
277.79614,0.96989477,0.9619601,0.7462367,0.0,2014-10-29 05:00:00,0.0,0.0,0.0,0.0,0.0
277.56787,0.98366684,0.98050565,0.8621328,0.0,2014-10-29 06:00:00,0.0,0.0,0.0,0.0,0.0
277.49756,0.98751885,0.9864615,0.7778663,0.0,2014-10-29 07:00:00,0.0,0.0,0.0,0.0,0.0
277.24976,0.9673189,0.96519786,0.65357625,0.0,2014-10-29 08:00:00,0.0,0.0,0.0,0.0,0.0
276.70166,0.99300414,0.99300414,0.318254,0.0,2014-10-29 09:00:00,0.0,0.0,0.0,0.0,0.0
276.58008,0.67717296,0.66849035,0.0514378,0.0,2014-10-29 10:00:00,0.0,0.0,0.0,0.0,0.0
276.56152,0.8886098,0.8886098,0.0,0.0,2014-10-29 11:00:00,0.0,0.0,0.0,0.0,0.0
276.68604,0.99042976,0.99042976,0.0,0.0,2014-10-29 12:00:00,0.0,0.0,0.0,5.703991e-08,0.0
276.66772,0.9978792,0.9978792,0.0,0.0,2014-10-29 13:00:00,0.0,0.0,0.0,0.0,0.0
276.73218,1.0,1.0,0.0,0.0,2014-10-29 14:00:00,0.0,0.0,0.0,0.0,0.0
277.85767,1.0,1.0,0.0,0.0,2014-10-29 15:00:00,0.0,0.0,0.0,0.0,0.0
278.31177,1.0,1.0,0.0,0.0,2014-10-29 16:00:00,1.0,2.8636068e-06,0.0,2.6822281e-06,0.0
278.552,1.0,1.0,0.0,0.0,2014-10-29 17:00:00,0.0,0.0,0.0,0.0,0.0
278.89746,1.0,1.0,0.0,0.0,2014-10-29 18:00:00,0.0,0.0,0.0,0.0,0.0
279.18237,1.0,1.0,0.0,0.0,2014-10-29 19:00:00,0.0,0.0,0.0,0.0,0.0
279.47778,1.0,1.0,0.0,0.0,2014-10-29 20:00:00,0.0,0.0,0.0,0.0,0.0
279.85522,1.0,1.0,0.0,0.0,2014-10-29 21:00:00,0.0,0.0,0.0,0.0,0.0
278.95142,0.80995786,0.80995786,0.0,0.0067320913,2014-10-29 22:00:00,0.0,0.0,0.0,0.0,0.0
278.30322,0.57280177,0.52590054,0.0,0.07697129,2014-10-29 23:00:00,0.0,0.0,0.0,0.0,0.0
277.43506,0.97530705,0.26643318,0.0,0.967387,2014-10-30 00:00:00,0.0,0.0,0.0,0.0,0.0
277.2085,0.99289286,0.09447819,0.0,0.99289286,2014-10-30 01:00:00,0.0,0.0,0.0,0.0,0.0
276.68726,1.0,0.043149106,0.0016249504,1.0,2014-10-30 02:00:00,0.0,0.0,0.0,0.0,0.0
276.0271,1.0,0.0,0.27865613,1.0,2014-10-30 03:00:00,0.0,0.0,0.0,0.0,0.0
275.86548,1.0,0.0,0.8629101,1.0,2014-10-30 04:00:00,0.0,0.0,0.0,0.0,0.0
275.97754,1.0,0.0,0.98811996,1.0,2014-10-30 05:00:00,0.0,0.0,0.0,0.0,0.0
276.58325,1.0,0.0,1.0,1.0,2014-10-30 06:00:00,0.0,0.0,0.0,0.0,0.0
276.88257,0.9871681,0.0,0.9871681,0.9831722,2014-10-30 07:00:00,0.0,0.0,0.0,0.0,0.0
276.57983,0.9949968,0.0,0.9767526,0.98187613,2014-10-30 08:00:00,0.0,0.0,0.0,0.0,0.0
276.50317,0.9662983,0.0,0.81956124,0.8737901,2014-10-30 09:00:00,0.0,6.632312e-05,0.0,6.6361245e-05,0.0
276.61743,0.9653504,0.0,0.9104381,0.69212824,2014-10-30 10:00:00,0.0,0.00017966589,0.0,0.00017971364,0.0
276.52515,0.9644596,0.013145056,0.8424458,0.8388591,2014-10-30 11:00:00,0.0,0.0,0.0,0.0,0.0
276.8872,0.9776732,0.05605524,0.9617162,0.47021317,2014-10-30 12:00:00,1.0,2.6726156e-07,0.0,0.0,0.0
276.77173,0.98133534,0.061399095,0.97790706,0.0730747,2014-10-30 13:00:00,1.0,2.9007751e-06,0.0,0.0,3.2244307e-06
277.29272,0.98747104,0.44897538,0.98747104,0.0026463778,2014-10-30 14:00:00,1.0,1.9037616e-05,0.0,0.0,1.9381143e-05
278.82056,1.0,0.7289465,1.0,0.0,2014-10-30 15:00:00,1.0,3.2428812e-05,0.0,0.0,3.2428812e-05
279.40405,0.9744368,0.82917637,0.9728119,0.0,2014-10-30 16:00:00,1.0,8.014323e-05,0.0,0.0,8.014323e-05
280.09277,0.9677297,0.85283715,0.9577959,0.0,2014-10-30 17:00:00,1.0,7.830889e-05,0.0,0.0,7.826979e-05
280.75464,0.95261574,0.6880827,0.94160146,0.0,2014-10-30 18:00:00,0.0,2.4069974e-05,0.0,0.0,2.3802713e-05
281.38232,0.9403213,0.7787239,0.9347892,0.0,2014-10-30 19:00:00,0.0,0.0,0.0,0.0,0.0
281.41675,0.9714872,0.9096624,0.94475764,0.0,2014-10-30 20:00:00,0.0,0.0,0.0,0.0,0.0
281.1848,0.98341423,0.93728435,0.9229118,0.0,2014-10-30 21:00:00,0.0,0.0,0.0,0.0,0.0
280.06274,0.9762821,0.86129403,0.94845784,0.0,2014-10-30 22:00:00,0.0,0.0,0.0,0.0,0.0
279.50366,0.9675523,0.94803375,0.5203119,0.0,2014-10-30 23:00:00,0.0,0.0,0.0,0.0,0.0
279.27808,0.92332137,0.92332137,0.07247901,0.0,2014-10-31 00:00:00,1.0,0.0,0.0,5.703991e-08,0.0
278.89014,0.9429193,0.9429193,0.27923995,0.0,2014-10-31 01:00:00,0.0,1.2401615e-06,0.0,1.0398771e-06,9.549569e-08
278.04834,0.807533,0.807533,0.16560924,0.0,2014-10-31 02:00:00,0.0,1.9099144e-07,0.0,9.549569e-08,9.549569e-08
275.25195,0.28253967,0.28253967,0.0,0.0,2014-10-31 03:00:00,0.0,0.0,0.0,0.0,0.0
274.41992,0.09196508,0.09196508,0.0,0.0,2014-10-31 04:00:00,0.0,0.0,0.0,0.0,0.0
273.85132,0.012907263,0.012907263,0.0,0.0,2014-10-31 05:00:00,0.0,0.0,0.0,0.0,0.0
272.96094,0.0015890491,0.0015890491,0.0,0.0,2014-10-31 06:00:00,0.0,0.0,0.0,0.0,0.0
272.52856,0.00053172023,0.00053172023,0.0,0.0,2014-10-31 07:00:00,0.0,0.0,0.0,0.0,0.0
272.15088,0.0,0.0,0.0,0.0,2014-10-31 08:00:00,0.0,0.0,0.0,0.0,0.0
271.51758,0.0,0.0,0.0,0.0,2014-10-31 09:00:00,0.0,0.0,0.0,0.0,0.0
270.5161,0.0,0.0,0.0,0.0,2014-10-31 10:00:00,0.0,0.0,0.0,0.0,0.0
270.46533,0.0,0.0,0.0,0.0,2014-10-31 11:00:00,0.0,0.0,0.0,0.0,0.0
270.27612,0.0,0.0,0.0,0.0,2014-10-31 12:00:00,0.0,0.0,0.0,0.0,0.0
270.13623,0.0,0.0,0.0,0.0,2014-10-31 13:00:00,0.0,0.0,0.0,0.0,0.0
270.92163,0.0,0.0,0.0,0.0,2014-10-31 14:00:00,0.0,0.0,0.0,0.0,0.0
273.29004,0.0,0.0,0.0,0.0,2014-10-31 15:00:00,0.0,0.0,0.0,0.0,0.0
274.61646,0.09464955,0.09464955,0.0,0.0,2014-10-31 16:00:00,0.0,0.0,0.0,0.0,0.0
275.4297,0.23459196,0.23459196,0.0,0.0,2014-10-31 17:00:00,0.0,0.0,0.0,0.0,0.0
276.19385,0.27786434,0.27786434,0.0,0.0,2014-10-31 18:00:00,0.0,0.0,0.0,0.0,0.0
276.5537,0.31396294,0.31396294,0.0,0.0,2014-10-31 19:00:00,0.0,0.0,0.0,0.0,0.0
276.89502,0.03175576,0.03175576,0.0,0.0,2014-10-31 20:00:00,0.0,0.0,0.0,0.0,0.0
277.6936,0.013775833,0.013775833,0.0,0.0,2014-10-31 21:00:00,0.0,0.0,0.0,0.0,0.0
275.95947,0.0,0.0,0.0,0.0,2014-10-31 22:00:00,0.0,0.0,0.0,0.0,0.0
274.7556,0.0,0.0,0.0,0.0,2014-10-31 23:00:00,0.0,0.0,0.0,0.0,0.0
273.93945,0.0,0.0,0.0,0.0,2014-11-01 00:00:00,0.0,0.0,0.0,0.0,0.0
272.76172,0.0,0.0,0.0,0.0,2014-11-01 01:00:00,0.0,0.0,0.0,0.0,0.0
272.3274,0.0,0.0,0.0,0.0,2014-11-01 02:00:00,0.0,0.0,0.0,0.0,0.0
271.51465,0.0,0.0,0.0,0.0,2014-11-01 03:00:00,0.0,0.0,0.0,0.0,0.0
271.78857,0.0,0.0,0.0,0.0,2014-11-01 04:00:00,0.0,0.0,0.0,0.0,0.0
270.83057,0.0,0.0,0.0,0.0,2014-11-01 05:00:00,0.0,0.0,0.0,0.0,0.0
270.02246,0.0,0.0,0.0,0.0,2014-11-01 06:00:00,0.0,0.0,0.0,0.0,0.0
270.17236,0.0,0.0,0.0,0.0,2014-11-01 07:00:00,0.0,0.0,0.0,0.0,0.0
270.16504,0.0,0.0,0.0,0.0,2014-11-01 08:00:00,0.0,0.0,0.0,0.0,0.0
269.97974,0.0,0.0,0.0,0.0,2014-11-01 09:00:00,0.0,0.0,0.0,0.0,0.0
268.57666,0.011203606,0.0,0.0,0.011203606,2014-11-01 10:00:00,0.0,0.0,0.0,0.0,0.0
268.7058,0.03477743,0.0,0.0016249504,0.03477743,2014-11-01 11:00:00,0.0,0.0,0.0,0.0,0.0
268.67334,0.034921452,0.0,0.0,0.034921452,2014-11-01 12:00:00,0.0,0.0,0.0,0.0,0.0
268.85303,0.02467509,0.0,0.013471484,0.011203606,2014-11-01 13:00:00,0.0,0.0,0.0,0.0,0.0
269.90796,0.16999203,0.0,0.120346725,0.0496453,2014-11-01 14:00:00,0.0,0.0,0.0,0.0,0.0
273.30396,0.17781156,0.0,0.08184248,0.12415069,2014-11-01 15:00:00,0.0,0.0,0.0,0.0,0.0
274.47705,0.16851264,0.0,0.09204739,0.12080622,2014-11-01 16:00:00,0.0,0.0,0.0,0.0,0.0
276.0669,0.17873186,0.0,0.13850296,0.07241744,2014-11-01 17:00:00,0.0,0.0,0.0,0.0,0.0
276.8396,0.11128509,0.0,0.089111686,0.027898226,2014-11-01 18:00:00,0.0,0.0,0.0,0.0,0.0
277.64746,0.13253659,0.0,0.119040966,0.015137695,2014-11-01 19:00:00,0.0,0.0,0.0,0.0,0.0
278.57495,0.26417047,0.0,0.086571336,0.20844442,2014-11-01 20:00:00,0.0,0.0,0.0,0.0,0.0
279.67627,0.19444251,0.0,0.07600701,0.1382711,2014-11-01 21:00:00,0.0,0.0,0.0,0.0,0.0
278.2185,0.018263452,0.0,0.018263452,0.018263452,2014-11-01 22:00:00,0.0,0.0,0.0,0.0,0.0
277.38794,0.0067320913,0.0,0.0067320913,0.0,2014-11-01 23:00:00,0.0,0.0,0.0,0.0,0.0
276.67017,0.0,0.0,0.0,0.0,2014-11-02 00:00:00,0.0,0.0,0.0,0.0,0.0
276.4568,0.0,0.0,0.0,0.0,2014-11-02 01:00:00,0.0,0.0,0.0,0.0,0.0
276.03174,0.0,0.0,0.0,0.0,2014-11-02 02:00:00,0.0,0.0,0.0,0.0,0.0
275.55786,0.07273549,0.0,0.0,0.07273549,2014-11-02 03:00:00,0.0,0.0,0.0,0.0,0.0
275.3352,0.28234863,0.0,0.0,0.28234863,2014-11-02 04:00:00,0.0,0.0,0.0,0.0,0.0
274.6853,0.3441627,0.0,0.0,0.3441627,2014-11-02 05:00:00,0.0,0.0,0.0,0.0,0.0
274.54565,0.4714492,0.0,0.0,0.4714492,2014-11-02 06:00:00,0.0,0.0,0.0,0.0,0.0
274.45532,0.6766242,0.0,0.0,0.6766242,2014-11-02 07:00:00,0.0,0.0,0.0,0.0,0.0
274.4812,0.9458965,0.0,0.0,0.9458965,2014-11-02 08:00:00,0.0,0.0,0.0,0.0,0.0
275.01855,0.93327034,0.0,0.0,0.93327034,2014-11-02 09:00:00,0.0,0.0,0.0,0.0,0.0
275.26514,0.96372026,0.0,0.03959484,0.96372026,2014-11-02 10:00:00,0.0,0.0,0.0,0.0,0.0
275.4651,0.9605231,0.0,0.08415717,0.9560483,2014-11-02 11:00:00,0.0,0.0,0.0,0.0,0.0
275.62085,0.95999146,0.0,0.0,0.95999146,2014-11-02 12:00:00,0.0,0.0,0.0,0.0,0.0
275.8252,0.9207226,0.0,0.0,0.9207226,2014-11-02 13:00:00,0.0,0.0,0.0,0.0,0.0
276.3772,0.8549805,0.0,0.0,0.8549805,2014-11-02 14:00:00,0.0,0.0,0.0,0.0,0.0
279.94214,0.53995615,0.0,0.0,0.53995615,2014-11-02 15:00:00,0.0,0.0,0.0,0.0,0.0
281.8291,0.15168476,0.0,0.057949036,0.11940676,2014-11-02 16:00:00,0.0,0.0,0.0,0.0,0.0
283.71167,0.10662919,0.0,0.10271919,0.023688022,2014-11-02 17:00:00,0.0,0.0,0.0,0.0,0.0
284.8955,0.0,0.0,0.0,0.0,2014-11-02 18:00:00,0.0,0.0,0.0,0.0,0.0
285.54614,0.010519415,0.0,0.0,0.010519415,2014-11-02 19:00:00,0.0,0.0,0.0,0.0,0.0
286.18945,0.078151405,0.0,0.0,0.078151405,2014-11-02 20:00:00,0.0,0.0,0.0,0.0,0.0
286.5078,0.24067682,0.0,0.0,0.24067682,2014-11-02 21:00:00,0.0,0.0,0.0,0.0,0.0
285.38452,0.4094227,0.0,0.0,0.4094227,2014-11-02 22:00:00,0.0,0.0,0.0,0.0,0.0
284.5271,0.5650753,0.0,0.0,0.5650753,2014-11-02 23:00:00,0.0,0.0,0.0,0.0,0.0
283.73364,0.8274984,0.0,0.0,0.8274984,2014-11-03 00:00:00,0.0,0.0,0.0,0.0,0.0
283.4182,0.8701649,0.0,0.0,0.8701649,2014-11-03 01:00:00,0.0,0.0,0.0,0.0,0.0
282.53906,0.47981244,0.0,0.0,0.47981244,2014-11-03 02:00:00,0.0,0.0,0.0,0.0,0.0
281.4021,0.090210795,0.0,0.0,0.090210795,2014-11-03 03:00:00,0.0,0.0,0.0,0.0,0.0
281.22144,0.96179754,0.0,0.0,0.96179754,2014-11-03 04:00:00,0.0,0.0,0.0,0.0,0.0
280.62134,0.99736434,0.0,0.0,0.99736434,2014-11-03 05:00:00,0.0,0.0,0.0,0.0,0.0
280.17456,0.9800109,0.0,0.0,0.9800109,2014-11-03 06:00:00,0.0,0.0,0.0,0.0,0.0
279.98145,0.96627575,0.0,0.0,0.96627575,2014-11-03 07:00:00,0.0,0.0,0.0,0.0,0.0
279.80054,0.9437346,0.0,0.0,0.9437346,2014-11-03 08:00:00,0.0,0.0,0.0,0.0,0.0
279.3352,0.9011384,0.0,0.0,0.9011384,2014-11-03 09:00:00,0.0,0.0,0.0,0.0,0.0
279.22803,0.99736434,0.0,0.0,0.99736434,2014-11-03 10:00:00,0.0,0.0,0.0,0.0,0.0
279.2207,0.98780036,0.0,0.0,0.98780036,2014-11-03 11:00:00,0.0,0.0,0.0,0.0,0.0
279.39697,0.9800109,0.0,0.0,0.9800109,2014-11-03 12:00:00,0.0,0.0,0.0,0.0,0.0
279.44165,0.9253163,0.0,0.18352872,0.9253163,2014-11-03 13:00:00,0.0,0.0,0.0,0.0,0.0
280.3015,0.95138663,0.0,0.6606586,0.95138663,2014-11-03 14:00:00,0.0,0.0,0.0,0.0,0.0
282.1621,1.0,0.0,0.3629611,1.0,2014-11-03 15:00:00,0.0,0.0,0.0,0.0,0.0
283.1438,1.0,0.0,0.83151215,1.0,2014-11-03 16:00:00,1.0,0.0009439748,0.0,0.00087949284,6.429122e-05
283.01172,0.990789,0.010939855,0.30856377,0.9858102,2014-11-03 17:00:00,1.0,0.0012229457,0.0,0.000625032,0.0005982381
283.29224,1.0,0.0,0.87661266,1.0,2014-11-03 18:00:00,1.0,0.00069099315,0.0,0.00013550368,0.0005557756
283.64233,0.99627113,0.077141285,0.90232515,0.99627113,2014-11-03 19:00:00,1.0,0.0011339178,0.0,0.00096498686,0.00016915999
284.3767,0.9918798,0.35303378,0.47073823,0.9918798,2014-11-03 20:00:00,1.0,0.0007473752,0.0,0.00056847814,0.00017875417
285.12036,1.0,0.9182162,0.33760852,1.0,2014-11-03 21:00:00,1.0,0.00036388822,0.0,0.00028460217,7.95439e-05
284.74292,0.9909002,0.9520981,0.32260203,0.95355564,2014-11-03 22:00:00,1.0,0.0003483158,0.0,0.00031156396,3.634146e-05
284.68384,1.0,1.0,0.6163755,0.8861322,2014-11-03 23:00:00,1.0,6.3507814e-06,0.0,1.7371995e-06,4.36587e-06
284.59326,1.0,1.0,0.9402745,0.49287826,2014-11-04 00:00:00,1.0,7.6332435e-07,0.0,0.0,7.6332435e-07
284.23682,1.0,1.0,0.9941755,0.31966496,2014-11-04 01:00:00,1.0,4.7026828e-05,0.0,1.9719868e-05,2.7259215e-05
283.86816,1.0,1.0,1.0,0.43216097,2014-11-04 02:00:00,1.0,0.00086282426,0.0,0.0006360046,0.00022678162
282.31592,1.0,1.0,1.0,0.45381963,2014-11-04 03:00:00,1.0,0.0016256152,0.0,0.0010579496,0.0005676085
281.9021,1.0,1.0,0.9800742,0.21441084,2014-11-04 04:00:00,1.0,0.00059241545,0.0,0.00028461148,0.00030788034
281.31445,1.0,1.0,1.0,0.0031780982,2014-11-04 05:00:00,1.0,6.396907e-05,0.0,3.5701896e-06,6.0322287e-05
280.6848,0.98916405,0.94722325,0.9875391,0.0,2014-11-04 06:00:00,1.0,1.4801159e-05,0.0,1.468321e-06,1.3218758e-05
279.9873,0.9696431,0.89406157,0.91021174,0.0,2014-11-04 07:00:00,1.0,5.0336994e-06,0.0,0.0,4.9382033e-06
279.4253,0.8806824,0.8722202,0.40738356,0.0,2014-11-04 08:00:00,1.0,1.7163566e-06,0.0,0.0,1.3350154e-06
278.31494,0.36419737,0.3550943,0.05959042,0.0,2014-11-04 09:00:00,1.0,1.372825e-06,0.0,0.0,1.372825e-06
278.0952,0.7776397,0.7776397,0.0,0.0,2014-11-04 10:00:00,0.0,1.1818338e-06,0.0,0.0,1.1818338e-06
278.02954,1.0,1.0,0.0,0.0016249504,2014-11-04 11:00:00,0.0,0.0,0.0,0.0,0.0
278.21582,0.9009177,0.9009177,0.0,0.0,2014-11-04 12:00:00,0.0,0.0,0.0,0.0,0.0
278.27905,0.34559447,0.34559447,0.0,0.0,2014-11-04 13:00:00,0.0,0.0,0.0,0.0,0.0
278.1482,0.06678486,0.06678486,0.0,0.0,2014-11-04 14:00:00,0.0,0.0,0.0,0.0,0.0
280.29688,0.20002127,0.20002127,0.0,0.0,2014-11-04 15:00:00,0.0,0.0,0.0,0.0,0.0
281.11133,0.19059294,0.18522209,0.022511858,0.0,2014-11-04 16:00:00,0.0,0.0,0.0,0.0,0.0
282.47656,0.12088901,0.115893126,0.111260355,0.0,2014-11-04 17:00:00,0.0,0.0,0.0,0.0,0.0
283.49048,0.13900292,0.13564175,0.08945298,0.0,2014-11-04 18:00:00,0.0,0.0,0.0,0.0,0.0
284.16382,0.64850503,0.64850503,0.016721383,0.0,2014-11-04 19:00:00,0.0,4.191511e-07,0.0,7.3416055e-07,0.0
284.08374,0.5046971,0.49843323,0.13231516,0.0,2014-11-04 20:00:00,0.0,6.101426e-07,0.0,6.5789044e-07,0.0
283.65454,0.50327855,0.50327855,0.0,0.0,2014-11-04 21:00:00,0.0,0.0,0.0,0.0,0.0
280.98828,0.5188316,0.5188316,0.05128033,0.0,2014-11-04 22:00:00,0.0,0.0,0.0,0.0,0.0
280.3269,0.74278474,0.7411598,0.16338569,0.0,2014-11-04 23:00:00,0.0,0.0,0.0,0.0,0.0
280.2583,0.470739,0.46463925,0.1507551,0.0,2014-11-05 00:00:00,0.0,0.0,0.0,0.0,0.0
279.97974,0.38401878,0.3766629,0.1374448,0.0,2014-11-05 01:00:00,0.0,0.0,0.0,0.0,0.0
279.16577,0.10737699,0.10737699,0.023723923,0.0,2014-11-05 02:00:00,0.0,0.0,0.0,0.0,0.0
277.5564,0.033732403,0.033732403,0.0067320913,0.0,2014-11-05 03:00:00,0.0,0.0,0.0,0.0,0.0
276.85327,0.11891216,0.0016249504,0.0,0.11891216,2014-11-05 04:00:00,0.0,0.0,0.0,0.0,0.0
275.8125,0.0,0.0,0.0,0.0,2014-11-05 05:00:00,0.0,0.0,0.0,0.0,0.0
274.64526,0.0033782488,0.0033782488,0.0,0.0,2014-11-05 06:00:00,0.0,0.0,0.0,0.0,0.0
273.86353,0.38827562,0.0,0.0,0.38827562,2014-11-05 07:00:00,0.0,0.0,0.0,0.0,0.0
273.11426,0.84629214,0.0,0.0,0.84629214,2014-11-05 08:00:00,0.0,0.0,0.0,0.0,0.0
273.28833,0.7040396,0.0,0.25149572,0.60634655,2014-11-05 09:00:00,0.0,0.0,0.0,0.0,0.0
274.45166,1.0,0.0,0.95223147,1.0,2014-11-05 10:00:00,0.0,0.0,0.0,0.0,0.0
275.32104,1.0,0.0,0.99525803,1.0,2014-11-05 11:00:00,0.0,0.0,0.0,0.0,0.0
275.20532,1.0,0.028373826,1.0,1.0,2014-11-05 12:00:00,0.0,0.0,0.0,0.0,0.0
275.64038,1.0,0.010009766,1.0,1.0,2014-11-05 13:00:00,1.0,1.6035692e-06,0.0,0.0,1.3363078e-06
275.969,1.0,0.036062673,1.0,1.0,2014-11-05 14:00:00,1.0,4.7231297e-05,0.0,0.0,4.7135793e-05
277.44604,1.0,0.0,1.0,1.0,2014-11-05 15:00:00,1.0,0.00013685868,0.0,0.0,0.00013685868
278.17236,1.0,0.0067320913,1.0,1.0,2014-11-05 16:00:00,1.0,0.00026047346,0.0,0.0,0.000260378
278.52588,1.0,0.0,1.0,1.0,2014-11-05 17:00:00,1.0,0.00040638214,0.0,0.0,0.00040649623
278.87964,1.0,0.0,1.0,1.0,2014-11-05 18:00:00,1.0,0.00026055519,0.0,0.0,0.00026055519
279.1377,1.0,0.023349535,1.0,1.0,2014-11-05 19:00:00,1.0,0.00015616404,0.0,0.0,0.00015660307
279.5254,1.0,0.02323829,1.0,1.0,2014-11-05 20:00:00,1.0,0.00014202819,0.0,0.0,0.00014250503
279.64697,1.0,0.03989309,1.0,1.0,2014-11-05 21:00:00,1.0,0.00010053825,0.0,0.0,0.00010074783
278.6831,1.0,0.07761425,1.0,1.0,2014-11-05 22:00:00,1.0,9.096951e-05,0.0,0.0,9.135084e-05
278.41455,1.0,0.46898347,0.992631,1.0,2014-11-05 23:00:00,1.0,0.00018100078,0.0,0.0,0.00018109627
278.22485,1.0,0.75509894,0.9672976,0.97122043,2014-11-06 00:00:00,1.0,0.00036165514,0.0,0.0,0.00036154105
277.68066,1.0,0.9989426,0.97731066,0.9363671,2014-11-06 01:00:00,1.0,0.00045756274,0.0,0.0,0.0004576582
277.2561,1.0,1.0,0.99736434,0.9420361,2014-11-06 02:00:00,1.0,0.0004357365,0.0,0.0,0.0004356224
276.02588,1.0,1.0,0.96479934,0.8723592,2014-11-06 03:00:00,1.0,0.00039173733,0.0,0.0,0.00039173733
275.5332,1.0,1.0,0.9803223,0.721488,2014-11-06 04:00:00,1.0,0.00032881415,0.0,0.0,0.00032881415
275.25195,1.0,1.0,1.0,0.4581139,2014-11-06 05:00:00,1.0,0.00027031126,0.0,0.0,0.00027031126
275.15088,0.988393,0.9200528,0.9862192,0.1301024,2014-11-06 06:00:00,1.0,0.00022810491,0.0,0.0,0.00022810491
275.12964,0.92606825,0.67461705,0.90225273,0.0067320913,2014-11-06 07:00:00,1.0,5.7203753e-05,0.0,0.0,5.7203753e-05
275.36377,0.36469465,0.24095231,0.19546759,0.0,2014-11-06 08:00:00,1.0,1.6595062e-05,0.0,0.0,1.6595062e-05
274.70972,0.4157104,0.2900185,0.26890123,0.0,2014-11-06 09:00:00,1.0,2.1367905e-06,0.0,0.0,2.1367905e-06
274.21533,0.86823803,0.7791556,0.5523246,0.0,2014-11-06 10:00:00,1.0,8.3959446e-07,0.0,0.0,8.3959446e-07
274.38428,0.89886343,0.78171873,0.69454914,0.0,2014-11-06 11:00:00,1.0,1.3164308e-06,0.0,0.0,1.3164308e-06
274.35767,0.8693974,0.7456876,0.6158399,0.035046037,2014-11-06 12:00:00,1.0,9.350902e-07,0.0,0.0,9.350902e-07
274.2019,0.5307633,0.5307633,0.0033782488,0.0,2014-11-06 13:00:00,1.0,3.627573e-07,0.0,0.0,3.627573e-07
274.65332,0.38350195,0.38350195,0.0,0.0,2014-11-06 14:00:00,1.0,3.627573e-07,0.0,0.0,3.627573e-07
276.10864,0.41429722,0.41429722,0.0,0.0,2014-11-06 15:00:00,0.0,1.7189232e-06,0.0,1.5756796e-06,1.9099144e-07
277.0581,0.71341485,0.71341485,0.0,0.0,2014-11-06 16:00:00,1.0,2.0747466e-05,0.0,1.1898115e-05,8.506147e-06
277.6931,0.995108,0.995108,0.0,0.0,2014-11-06 17:00:00,1.0,7.896005e-06,0.0,0.0,7.896005e-06
278.15747,0.9703961,0.9703961,0.0,0.0,2014-11-06 18:00:00,0.0,1.9829677e-06,0.0,0.0,1.9829677e-06
278.59424,1.0,1.0,0.0,0.0,2014-11-06 19:00:00,0.0,3.050713e-07,0.0,0.0,9.549569e-08
278.80396,0.9892753,0.9892753,0.0,0.0,2014-11-06 20:00:00,0.0,0.0,0.0,0.0,0.0
278.82275,0.9978961,0.9978961,0.0,0.0,2014-11-06 21:00:00,0.0,0.0,0.0,0.0,0.0
277.19873,0.88183355,0.88183355,0.0,0.0,2014-11-06 22:00:00,0.0,0.0,0.0,0.0,0.0
276.5056,0.9124685,0.9124685,0.0,0.0,2014-11-06 23:00:00,0.0,0.0,0.0,0.0,0.0
275.89795,0.9144928,0.9144928,0.0,0.0,2014-11-07 00:00:00,0.0,2.6726156e-07,0.0,0.0,2.6726156e-07
275.57275,0.94670933,0.94670933,0.0,0.0,2014-11-07 01:00:00,0.0,8.017848e-07,0.0,0.0,8.017848e-07
275.2295,0.92813355,0.92813355,0.0,0.0,2014-11-07 02:00:00,0.0,0.0,0.0,0.0,0.0
274.2827,0.9608804,0.9608804,0.0,0.0,2014-11-07 03:00:00,0.0,0.0,0.0,0.0,0.0
274.22656,0.97313166,0.97313166,0.0,0.0,2014-11-07 04:00:00,0.0,0.0,0.0,0.0,0.0
274.24023,0.99336845,0.9869845,0.0,0.54939085,2014-11-07 05:00:00,0.0,0.0,0.0,0.0,0.0
273.75195,1.0,0.96826625,0.0,1.0,2014-11-07 06:00:00,0.0,0.0,0.0,0.0,0.0
273.02832,1.0,0.8296103,0.004741922,1.0,2014-11-07 07:00:00,0.0,0.0,0.0,0.0,0.0
273.09888,0.9810683,0.35299546,0.023192238,0.9810683,2014-11-07 08:00:00,0.0,0.0,0.0,0.0,0.0
273.25024,0.9746401,0.19413203,0.03737294,0.97037953,2014-11-07 09:00:00,0.0,0.0,0.0,0.0,0.0
273.43018,0.9651758,0.10862744,0.099288225,0.953524,2014-11-07 10:00:00,0.0,0.0,0.0,0.0,0.0
273.5244,0.94639325,0.051529236,0.0,0.94639325,2014-11-07 11:00:00,0.0,0.0,0.0,0.0,0.0
273.58276,0.94028056,0.0,0.23413402,0.935274,2014-11-07 12:00:00,0.0,0.0,0.0,0.0,0.0
273.68164,0.9349765,0.0,0.8091343,0.82231766,2014-11-07 13:00:00,0.0,0.0,0.0,0.0,0.0
274.0642,0.9966217,0.0,0.9966217,0.8697376,2014-11-07 14:00:00,1.0,0.0,0.0,0.0,0.0
275.7788,1.0,0.0,0.9827584,1.0,2014-11-07 15:00:00,0.0,7.626828e-07,2.1919061e-07,0.0,7.626828e-07
276.46143,1.0,0.0,0.9704217,1.0,2014-11-07 16:00:00,1.0,3.0512398e-05,0.0,2.991219e-05,8.767626e-07
277.18726,1.0,0.0,0.9739443,1.0,2014-11-07 17:00:00,1.0,0.0001996621,0.0,0.0001996621,0.0
277.5227,0.9905219,0.0,0.9363652,0.98554313,2014-11-07 18:00:00,0.0,9.6204894e-05,0.0,9.6023505e-05,0.0
277.46436,1.0,0.0,0.8109683,1.0,2014-11-07 19:00:00,0.0,0.0005160221,0.0,0.00051490497,6.6847014e-07
278.7129,0.99214685,0.0,0.9232421,0.9905219,2014-11-07 20:00:00,0.0,0.0001864686,0.0,0.0001865734,9.549569e-08
279.74707,1.0,0.0,0.99609,1.0,2014-11-07 21:00:00,0.0,0.0,0.0,0.0,0.0
279.39893,1.0,0.0,0.770264,0.99416727,2014-11-07 22:00:00,1.0,1.0690455e-06,0.0,0.0,1.0690455e-06
279.60474,0.99841094,0.0,0.993572,0.83906007,2014-11-07 23:00:00,1.0,4.86419e-05,0.0,0.0,4.86419e-05
279.76318,0.7225207,0.11909115,0.70095676,0.3721394,2014-11-08 00:00:00,0.0,4.8398855e-05,0.0,0.0,4.8398855e-05
279.95508,0.8368531,0.6595104,0.78804284,0.0082530975,2014-11-08 01:00:00,1.0,4.786946e-06,0.0,0.0,4.786946e-06
280.36694,1.0,1.0,0.99629015,0.008357041,2014-11-08 02:00:00,1.0,1.544012e-05,0.0,0.0,1.544012e-05
280.6101,1.0,1.0,0.99675006,0.0,2014-11-08 03:00:00,1.0,2.0644933e-05,0.0,0.0,2.0644933e-05
280.42676,0.9978961,0.9978961,0.8296241,0.028352734,2014-11-08 04:00:00,1.0,9.637613e-05,0.0,0.0,9.637613e-05
278.99658,0.99450094,0.98619694,0.821728,0.45552427,2014-11-08 05:00:00,1.0,8.577539e-05,0.0,4.7747868e-08,8.6138156e-05
278.27783,1.0,0.99946827,0.20776981,0.8646106,2014-11-08 06:00:00,0.0,1.8436986e-05,0.0,0.0,1.8436986e-05
277.9917,1.0,0.99946827,0.053556096,0.24339843,2014-11-08 07:00:00,1.0,7.0544675e-06,0.0,4.7747868e-08,7.0544675e-06
277.85083,0.98150504,0.98150504,0.0029026829,0.0,2014-11-08 08:00:00,1.0,3.6993251e-06,0.0,1.4308316e-06,1.6964805e-06
277.05078,0.9806731,0.9806731,0.0,0.0,2014-11-08 09:00:00,1.0,2.8789555e-06,0.0,2.1351825e-06,6.101426e-07
276.15137,0.9973536,0.9973536,0.0,0.0,2014-11-08 10:00:00,0.0,6.864127e-07,0.0,4.95742e-07,0.0
275.99023,0.95478,0.95478,0.0,0.0,2014-11-08 11:00:00,0.0,0.0,0.0,0.0,0.0
275.9231,0.9636917,0.96160495,0.0,0.02565711,2014-11-08 12:00:00,6.0,0.0,0.0,0.0,0.0
275.5127,0.99336845,0.9837898,0.0,0.447955,2014-11-08 13:00:00,6.0,0.0,0.0,0.0,0.0
275.3694,0.99946827,0.98492527,0.02782438,0.7892213,2014-11-08 14:00:00,6.0,0.0,0.0,0.0,0.0
275.68335,0.9966217,0.9966217,0.005006563,0.02101655,2014-11-08 15:00:00,6.0,0.0,0.0,0.0,0.0
276.0,1.0,1.0,0.0,0.13514048,2014-11-08 16:00:00,6.0,0.0,0.0,0.0,0.0
276.4983,1.0,0.99946827,0.0,0.5953339,2014-11-08 17:00:00,0.0,0.0,0.0,0.0,0.0
277.13818,1.0,0.9978961,0.0,0.85557765,2014-11-08 18:00:00,0.0,0.0,0.0,0.0,0.0
277.82397,1.0,1.0,0.116788745,0.28758043,2014-11-08 19:00:00,0.0,0.0,0.0,0.0,0.0
277.927,1.0,1.0,0.29854327,0.650618,2014-11-08 20:00:00,0.0,0.0,0.0,0.0,0.0
277.90942,0.9804947,0.8703484,0.35973608,0.5123814,2014-11-08 21:00:00,0.0,0.0,0.0,0.0,0.0
276.7561,0.97606176,0.006280929,0.17784464,0.97606176,2014-11-08 22:00:00,0.0,0.0,0.0,0.0,0.0
276.27222,1.0,0.0,0.3875615,1.0,2014-11-08 23:00:00,0.0,0.0,0.0,0.0,0.0
276.17578,1.0,0.0,0.6497822,1.0,2014-11-09 00:00:00,0.0,0.0,0.0,0.0,0.0
276.28247,1.0,0.0,0.9710239,1.0,2014-11-09 01:00:00,0.0,0.0,0.0,0.0,0.0
276.4038,1.0,0.0,1.0,0.9894646,2014-11-09 02:00:00,6.0,1.5067808e-06,1.3875715e-06,0.0,1.5067808e-06
276.56934,0.9905219,0.0,0.9905219,0.9725276,2014-11-09 03:00:00,7.0,1.7735249e-05,1.6456295e-05,0.0,1.7735249e-05
276.78882,1.0,0.0,0.9978961,0.95810455,2014-11-09 04:00:00,1.0,1.9639367e-05,1.3119694e-05,0.0,1.9639367e-05
276.68896,0.99451786,0.053277798,0.97843266,0.93642944,2014-11-09 05:00:00,1.0,1.3403315e-05,1.2013825e-06,0.0,1.3517395e-05
276.57178,0.9952605,0.17182219,0.9918322,0.7886473,2014-11-09 06:00:00,1.0,1.41858745e-05,0.0,0.0,1.4453136e-05
276.6172,1.0,0.38651925,1.0,0.87509,2014-11-09 07:00:00,1.0,3.5269177e-06,0.0,0.0,3.0500805e-06
276.2588,0.9923612,0.60232794,0.9923612,0.8515997,2014-11-09 08:00:00,1.0,2.1527492e-05,0.0,0.0,2.1413405e-05
276.29614,0.99336845,0.5657329,0.99336845,0.745589,2014-11-09 09:00:00,1.0,3.401302e-05,0.0,0.0,3.4031604e-05
276.29834,0.98841804,0.8724459,0.9576416,0.6798154,2014-11-09 10:00:00,1.0,2.3139335e-05,0.0,0.0,2.3139335e-05
276.26978,0.9685042,0.6385305,0.7913405,0.7370821,2014-11-09 11:00:00,1.0,2.3025263e-05,0.0,1.3827585e-06,2.1461441e-05
276.27832,0.996307,0.879228,0.92265636,0.8372732,2014-11-09 12:00:00,1.0,1.8219725e-05,0.0,0.0,1.8219725e-05
276.20874,0.9902106,0.7976974,0.7218893,0.98783964,2014-11-09 13:00:00,0.0,9.452105e-06,0.0,0.0,9.452105e-06
275.99634,1.0,0.41355932,0.34502387,1.0,2014-11-09 14:00:00,0.0,9.908417e-07,0.0,0.0,9.908417e-07
276.74487,1.0,0.39978594,0.14260471,1.0,2014-11-09 15:00:00,0.0,7.626828e-07,0.0,0.0,3.813414e-07
276.61572,1.0,0.86949337,0.7020782,1.0,2014-11-09 16:00:00,0.0,0.0,0.0,0.0,0.0
276.1704,1.0,0.9472205,0.8870464,1.0,2014-11-09 17:00:00,6.0,0.0,0.0,0.0,0.0
276.417,0.9966217,0.58059424,0.9095146,0.9629167,2014-11-09 18:00:00,0.0,0.0,0.0,0.0,0.0
276.09814,1.0,0.16361564,0.792791,1.0,2014-11-09 19:00:00,0.0,3.8755907e-06,9.328497e-07,0.0,3.6083293e-06
276.12256,1.0,0.0565022,0.819659,0.9966217,2014-11-09 20:00:00,0.0,9.3573175e-07,1.8370167e-07,0.0,7.639659e-07
275.73853,1.0,0.021445662,0.9403977,1.0,2014-11-09 21:00:00,0.0,9.549569e-08,0.0,0.0,9.549569e-08
274.9265,1.0,0.008727156,0.9989426,0.99946827,2014-11-09 22:00:00,0.0,0.0,0.0,0.0,0.0
274.25635,1.0,0.0,0.87876177,1.0,2014-11-09 23:00:00,0.0,0.0,0.0,0.0,0.0
273.46167,1.0,0.0,0.9790479,1.0,2014-11-10 00:00:00,0.0,0.0,0.0,0.0,0.0
273.17383,1.0,0.0,0.11442977,1.0,2014-11-10 01:00:00,0.0,0.0,0.0,0.0,0.0
273.0664,1.0,0.0,0.9542967,0.99337184,2014-11-10 02:00:00,0.0,0.0,0.0,0.0,0.0
272.36035,1.0,0.0,0.98874027,0.9966217,2014-11-10 03:00:00,0.0,0.0,0.0,0.0,0.0
272.70996,1.0,0.0,0.97008467,0.9966217,2014-11-10 04:00:00,0.0,0.0,0.0,0.0,0.0
272.64966,1.0,0.004767146,0.96167773,1.0,2014-11-10 05:00:00,5.0,3.1116342e-06,3.0635629e-06,0.0,3.1116342e-06
272.50073,1.0,0.026136927,0.99946827,1.0,2014-11-10 06:00:00,5.0,4.0224884e-05,4.0200684e-05,0.0,4.01672e-05
272.13428,1.0,0.050624628,0.99262244,1.0,2014-11-10 07:00:00,5.0,0.000112585665,0.00011249738,0.0,0.000112585665
271.93042,1.0,0.33644766,1.0,1.0,2014-11-10 08:00:00,5.0,0.00030143815,0.00030137645,0.0,0.00030143815
271.84766,1.0,0.41975534,0.99946827,1.0,2014-11-10 09:00:00,5.0,0.0005288357,0.00052895234,0.0,0.00052904524
270.60962,1.0,0.4023307,1.0,1.0,2014-11-10 10:00:00,5.0,0.00070024957,0.00069998926,0.0,0.00070024957
270.57153,1.0,0.33334416,1.0,1.0,2014-11-10 11:00:00,5.0,0.0006131341,0.00061322004,0.0,0.0006135155
270.6106,1.0,0.8311206,0.9939002,1.0,2014-11-10 12:00:00,5.0,0.00050637405,0.00050626206,0.0,0.0005061645
270.63428,1.0,0.527299,0.9989426,1.0,2014-11-10 13:00:00,5.0,0.0008338629,0.0008333111,0.0,0.0008338629
270.708,1.0,0.6675886,0.9989426,1.0,2014-11-10 14:00:00,5.0,0.0016564515,0.0016479103,0.00026024552,0.0013962255
270.89624,1.0,0.8131122,0.9989426,1.0,2014-11-10 15:00:00,5.0,0.0014330635,0.0014240276,0.0,0.0014330635
270.95776,1.0,0.9584288,0.9949765,0.9949934,2014-11-10 16:00:00,5.0,0.0013150917,0.0013021119,0.0,0.0013150917
271.1338,1.0,0.9966217,1.0,0.9957922,2014-11-10 17:00:00,5.0,0.0016806796,0.0016174754,0.0,0.0016806796
270.6089,0.99416727,0.95544994,0.98006094,0.926591,2014-11-10 18:00:00,5.0,0.0022700392,0.002210586,6.420523e-05,0.0022057197
270.54126,0.997629,0.99089694,0.9380876,0.2973947,2014-11-10 19:00:00,5.0,0.0018514439,0.0018505568,0.00026476546,0.0015867355
270.7522,1.0,0.99174684,0.9810457,0.044962246,2014-11-10 20:00:00,5.0,0.00093157566,0.0009313752,0.0,0.00093168975
270.89917,1.0,0.9966217,1.0,0.2253707,2014-11-10 21:00:00,5.0,0.0004896582,0.00048961584,0.0,0.0004895441
270.83813,1.0,0.99600405,0.99841094,0.33781654,2014-11-10 22:00:00,5.0,0.0003482236,0.00034812116,0.0,0.00034805178
270.85376,1.0,0.9885259,0.99289286,0.9934436,2014-11-10 23:00:00,5.0,0.00024063414,0.00024053648,0.0,0.00024063414
270.9839,1.0,1.0,0.99289286,1.0,2014-11-11 00:00:00,5.0,0.00017346488,0.00017365316,0.0,0.00017346488
270.94482,1.0,0.9754055,0.927755,0.9957394,2014-11-11 01:00:00,5.0,0.0002554264,0.00025529065,0.0,0.0002554264
270.82568,1.0,0.98324394,0.46321607,1.0,2014-11-11 02:00:00,5.0,0.0003939739,0.00039405748,0.0,0.0003939739
270.5952,1.0,1.0,1.0,1.0,2014-11-11 03:00:00,5.0,0.00043799705,0.0004378017,0.0,0.00043799705
270.59082,1.0,1.0,0.998375,0.99946827,2014-11-11 04:00:00,5.0,0.00039198156,0.0003918053,0.0,0.00039198156
270.2317,1.0,0.9947011,0.99289286,1.0,2014-11-11 05:00:00,5.0,0.00037238002,0.00037209876,0.0,0.00037238002
269.81177,1.0,0.995108,0.98457265,1.0,2014-11-11 06:00:00,5.0,0.00039435225,0.00039446657,0.0,0.00039435225
269.44067,1.0,0.99348307,0.98254323,1.0,2014-11-11 07:00:00,5.0,0.00030468823,0.0003050128,0.0,0.00030468823
268.96216,1.0,0.98017555,0.97766834,0.9772934,2014-11-11 08:00:00,5.0,0.00030302978,0.00030310126,0.0,0.00030302978
268.46265,1.0,0.9826471,0.97918206,0.915576,2014-11-11 09:00:00,5.0,0.0002698435,0.0002699152,0.0,0.000269901
267.97754,1.0,0.8438273,0.9955251,0.7974393,2014-11-11 10:00:00,5.0,0.00022183104,0.00022183833,0.0,0.00022183104
268.20947,1.0,0.7642658,1.0,0.0977748,2014-11-11 11:00:00,5.0,0.00018606006,0.00018595999,0.0,0.00018594597
268.1953,1.0,0.6803918,1.0,0.011548463,2014-11-11 12:00:00,5.0,0.00020093942,0.00020080853,0.0,0.00020082535
268.21533,0.99946827,0.78901744,0.99946827,0.0,2014-11-11 13:00:00,5.0,0.0001691361,0.00016945551,0.0,0.00016951744
268.24365,0.8244693,0.6650511,0.7569625,0.0,2014-11-11 14:00:00,5.0,9.3759314e-05,9.389063e-05,0.0,9.3759314e-05
268.66064,0.56773806,0.34644037,0.52396333,0.0,2014-11-11 15:00:00,5.0,4.585326e-05,4.602503e-05,0.0,4.612052e-05
268.8081,0.839195,0.74572265,0.61413676,0.0,2014-11-11 16:00:00,5.0,3.4300247e-05,3.425972e-05,0.0,3.439575e-05
269.30298,0.9978961,0.9957922,0.59474957,0.0,2014-11-11 17:00:00,5.0,2.880636e-05,2.8844413e-05,0.0,2.880636e-05
269.21265,1.0,1.0,0.31027883,0.0,2014-11-11 18:00:00,5.0,1.598752e-05,1.6068763e-05,0.0,1.598752e-05
269.41113,0.99841094,0.99841094,0.4003572,0.0,2014-11-11 19:00:00,5.0,1.22670535e-05,1.21577e-05,0.0,1.2152974e-05
269.3081,0.99946827,0.99946827,0.7801259,0.0,2014-11-11 20:00:00,5.0,2.9224902e-05,2.9019648e-05,0.0,2.8862138e-05
269.52856,0.991485,0.9616441,0.9117997,0.0,2014-11-11 21:00:00,5.0,4.315254e-05,4.2842425e-05,0.0,4.2675703e-05
268.90796,0.99736434,0.93874514,0.979139,0.0,2014-11-11 22:00:00,5.0,4.826185e-05,4.8474234e-05,0.0,4.852911e-05
268.48535,0.94559497,0.889498,0.7321816,0.0,2014-11-11 23:00:00,5.0,2.9984978e-05,2.998265e-05,0.0,2.9984978e-05
267.90234,0.8376157,0.8326126,0.021724582,0.0,2014-11-12 00:00:00,5.0,1.041543e-05,1.0288848e-05,0.0,1.041543e-05
267.59668,0.7953433,0.7953433,0.0,0.0,2014-11-12 01:00:00,5.0,4.1018257e-06,4.1066332e-06,0.0,4.1018257e-06
266.93506,0.67419004,0.67419004,0.0,0.0,2014-11-12 02:00:00,5.0,3.8916087e-06,3.901142e-06,0.0,3.8916087e-06
266.32715,0.57349306,0.57349306,0.0,0.0,2014-11-12 03:00:00,5.0,4.177454e-06,4.2250413e-06,0.0,4.177454e-06
266.24292,0.6054796,0.6054796,0.0,0.0,2014-11-12 04:00:00,5.0,3.9101924e-06,3.9484876e-06,0.0,3.9101924e-06
265.8628,0.70768684,0.70768684,0.0,0.0,2014-11-12 05:00:00,5.0,2.7469423e-06,2.5801455e-06,0.0,2.7469423e-06
265.57642,0.82880586,0.82880586,0.0,0.0,2014-11-12 06:00:00,5.0,1.3164308e-06,1.2424052e-06,0.0,1.3164308e-06
265.19556,0.9066011,0.9066011,0.0,0.0,2014-11-12 07:00:00,5.0,6.0662187e-06,6.1900737e-06,0.0,6.0662187e-06
265.2334,0.9410965,0.93572557,0.1275329,0.0,2014-11-12 08:00:00,5.0,4.0819587e-06,4.146451e-06,0.0,4.0819587e-06
265.09058,0.9083652,0.88556457,0.18108785,0.0,2014-11-12 09:00:00,5.0,4.749787e-06,4.7549165e-06,0.0,4.6357072e-06
264.03003,0.8847412,0.8756586,0.09357023,0.0,2014-11-12 10:00:00,5.0,4.6171235e-06,4.5475017e-06,0.0,4.6171235e-06
264.05615,0.8624235,0.775069,0.54273325,0.0,2014-11-12 11:00:00,5.0,4.788889e-06,4.8053107e-06,0.0,4.788889e-06
264.08862,0.9542259,0.7291625,0.8815597,0.0,2014-11-12 12:00:00,5.0,6.4097503e-06,6.457176e-06,0.0,6.4097503e-06
263.9729,0.99336845,0.83685726,0.9741228,0.0,2014-11-12 13:00:00,5.0,1.1710711e-05,1.1767832e-05,0.0,1.1710711e-05
264.4558,0.99683875,0.9026226,0.9625448,0.0,2014-11-12 14:00:00,5.0,1.6287435e-05,1.6306265e-05,0.0,1.6287435e-05
266.11035,1.0,0.9348433,0.9547122,0.0,2014-11-12 15:00:00,5.0,1.596313e-05,1.5929574e-05,0.0,1.596313e-05
266.94678,1.0,1.0,0.92812353,0.0,2014-11-12 16:00:00,5.0,1.9451589e-05,1.959964e-05,0.0,1.9451589e-05
267.43872,0.9832786,0.9832786,0.6523569,0.0,2014-11-12 17:00:00,5.0,2.7669332e-05,2.7712274e-05,0.0,2.7669332e-05
267.75854,0.9989426,0.9978792,0.40411508,0.0,2014-11-12 18:00:00,5.0,4.462074e-05,4.4639804e-05,7.69858e-06,3.6922167e-05
268.2163,1.0,1.0,0.53131884,0.0,2014-11-12 19:00:00,5.0,4.573661e-05,4.574872e-05,0.0,4.573661e-05
268.21387,1.0,0.99946827,0.5015444,0.0,2014-11-12 20:00:00,5.0,5.536886e-05,5.5280645e-05,0.0,5.536886e-05
268.5078,0.9989426,0.9989426,0.28157222,0.0,2014-11-12 21:00:00,5.0,6.871966e-05,6.855767e-05,0.0,6.860557e-05
268.03442,0.99946827,0.99946827,0.3142162,0.0,2014-11-12 22:00:00,5.0,5.8556107e-05,5.8551304e-05,0.0,5.8765683e-05
267.4541,0.9732722,0.96666116,0.5696544,0.0,2014-11-12 23:00:00,5.0,2.4493012e-05,2.4485635e-05,0.0,2.4760273e-05
266.9839,0.8790973,0.8021641,0.67483824,0.0,2014-11-13 00:00:00,5.0,8.661264e-06,8.599012e-06,0.0,8.661264e-06
266.81714,0.8190901,0.5541543,0.7530527,0.0,2014-11-13 01:00:00,5.0,5.5900227e-06,5.3753165e-06,0.0,5.5900227e-06
266.75684,0.8508199,0.49949914,0.7879758,0.0016249504,2014-11-13 02:00:00,5.0,9.423946e-06,9.543155e-06,0.0,9.423946e-06
266.7566,0.6875505,0.33931494,0.59300184,0.05163229,2014-11-13 03:00:00,5.0,2.2704815e-05,2.2680775e-05,1.3415475e-05,9.289348e-06
266.8523,0.8431616,0.3140614,0.81480974,0.18311757,2014-11-13 04:00:00,5.0,8.769551e-06,8.95301e-06,3.6586189e-06,5.301602e-06
266.53687,0.9053878,0.23505563,0.87483555,0.22738296,2014-11-13 05:00:00,5.0,6.3514044e-06,6.2011104e-06,2.632849e-06,3.5660196e-06
266.0271,0.8688879,0.11755121,0.858427,0.2910717,2014-11-13 06:00:00,5.0,4.944628e-06,5.01617e-06,2.769376e-06,2.1752512e-06
265.74878,0.8781535,0.06478369,0.8686926,0.37432784,2014-11-13 07:00:00,5.0,1.3933432e-06,1.4314764e-06,0.0,1.4888383e-06
265.66895,0.89341253,0.07982528,0.8884093,0.19614822,2014-11-13 08:00:00,5.0,4.7683716e-07,4.4831717e-07,0.0,5.7233285e-07
265.40015,0.89496696,0.040008545,0.89496696,0.018235091,2014-11-13 09:00:00,5.0,1.7163566e-06,1.6256672e-06,0.0,1.7163566e-06
265.49292,0.94806415,0.23450547,0.9423149,0.018123847,2014-11-13 10:00:00,5.0,5.5304126e-06,5.554286e-06,0.0,5.5304126e-06
265.74146,0.97403324,0.26746058,0.96080923,0.09677243,2014-11-13 11:00:00,5.0,1.1842733e-05,1.1709103e-05,0.0,1.1842733e-05
265.9568,0.92026865,0.3195566,0.91653985,0.21247643,2014-11-13 12:00:00,5.0,1.0697418e-05,1.06307625e-05,0.0,1.0525651e-05
265.79272,0.8615881,0.3253463,0.8020828,0.23918217,2014-11-13 13:00:00,5.0,4.4620074e-06,4.7911153e-06,0.0,4.824765e-06
265.66797,0.7488596,0.4926067,0.58009505,0.22290844,2014-11-13 14:00:00,5.0,3.2801736e-06,2.8275335e-06,0.0,2.6892567e-06
266.24805,0.67638266,0.59495074,0.16237801,0.08035803,2014-11-13 15:00:00,5.0,3.3756696e-06,3.413642e-06,0.0,3.3756696e-06
266.78247,0.931235,0.931235,0.03212616,0.0,2014-11-13 16:00:00,5.0,4.4453573e-06,4.5357237e-06,0.0,4.654933e-06
267.2119,0.9287074,0.91871816,0.12041545,0.0,2014-11-13 17:00:00,5.0,9.062481e-06,9.205564e-06,0.0,9.062481e-06
267.84497,1.0,1.0,0.41536623,0.0100932345,2014-11-13 18:00:00,5.0,1.6914884e-05,1.6752732e-05,0.0,1.6914884e-05
267.89038,0.98316735,0.9663347,0.5248913,0.0988161,2014-11-13 19:00:00,5.0,3.725216e-05,3.7088248e-05,0.0,3.7138074e-05
267.99194,0.998375,0.99675006,0.13420928,0.09585005,2014-11-13 20:00:00,5.0,3.7329053e-05,3.730727e-05,0.0,3.744314e-05
268.11475,0.9659085,0.9625547,0.017216932,0.08447611,2014-11-13 21:00:00,5.0,3.0435476e-05,3.034719e-05,0.0,3.0435476e-05
267.12158,0.95706105,0.95706105,0.032258462,0.0,2014-11-13 22:00:00,5.0,3.4337398e-05,3.4382494e-05,0.0,3.4337398e-05
266.615,0.90398335,0.90398335,0.024730936,0.0,2014-11-13 23:00:00,5.0,3.6321682e-05,3.63196e-05,0.0,3.6321682e-05
266.2256,0.9519797,0.9519797,0.004527632,0.0,2014-11-14 00:00:00,5.0,2.8880691e-05,2.8930837e-05,0.0,2.8880691e-05
265.85156,0.96416366,0.96416366,0.0,0.0,2014-11-14 01:00:00,5.0,1.1520352e-05,1.1529644e-05,0.0,1.1520352e-05
265.61108,0.9629565,0.9629565,0.0,0.0,2014-11-14 02:00:00,5.0,4.2896e-06,4.327896e-06,0.0,4.2896e-06
264.55566,0.9039915,0.9039915,0.0,0.0,2014-11-14 03:00:00,5.0,1.8490209e-06,1.8921228e-06,0.0,1.8490209e-06
264.38306,0.8436749,0.8436749,0.0,0.0,2014-11-14 04:00:00,5.0,1.3350154e-06,1.3111412e-06,0.0,1.3350154e-06
263.58203,0.7888393,0.7888393,0.0,0.0,2014-11-14 05:00:00,5.0,2.765527e-06,3.0707606e-06,0.0,2.861023e-06
262.9812,0.5942869,0.5942869,0.0,0.0,2014-11-14 06:00:00,5.0,2.8219201e-06,2.903157e-06,0.0,2.8219201e-06
262.4536,0.57306194,0.57306194,0.0,0.0,2014-11-14 07:00:00,5.0,1.1632492e-06,1.1155016e-06,0.0,1.1632492e-06
262.11133,0.56391937,0.56391937,0.0,0.0,2014-11-14 08:00:00,5.0,3.050713e-07,5.625574e-07,0.0,3.050713e-07
261.00415,0.5167583,0.5167583,0.0,0.0,2014-11-14 09:00:00,5.0,4.0056705e-07,4.149885e-07,0.0,4.0056705e-07
259.83154,0.29288518,0.29288518,0.0,0.0,2014-11-14 10:00:00,5.0,1.0683952e-06,1.2066721e-06,0.0,1.0683952e-06
259.85303,0.26112062,0.26112062,0.0,0.0,2014-11-14 11:00:00,5.0,2.0220696e-06,1.9313802e-06,0.0,2.0220696e-06
259.95166,0.2731126,0.2731126,0.0,0.0,2014-11-14 12:00:00,5.0,1.4497364e-06,1.2781338e-06,0.0,1.4497364e-06
259.89648,0.19668216,0.19668216,0.0,0.0,2014-11-14 13:00:00,5.0,5.7233285e-07,6.771207e-07,0.0,5.7233285e-07
259.8838,0.34800446,0.34800446,0.0,0.0,2014-11-14 14:00:00,5.0,3.627573e-07,3.7685578e-07,0.0,3.627573e-07
262.83398,0.57919925,0.57919925,0.0,0.0,2014-11-14 15:00:00,5.0,2.6726156e-07,4.2444321e-07,0.0,3.627573e-07
263.74902,0.41160166,0.41160166,0.0,0.0,2014-11-14 16:00:00,5.0,0.0,1.8602464e-07,0.0,0.0
264.7085,0.24454832,0.24454832,0.0,0.0,2014-11-14 17:00:00,5.0,0.0,9.06893e-08,0.0,0.0
265.4026,0.73207444,0.73207444,0.0,0.0,2014-11-14 18:00:00,5.0,0.0,1.5966617e-07,0.0,2.0957555e-07
265.9231,0.9471104,0.9471104,0.0,0.0,2014-11-14 19:00:00,5.0,0.0,1.3114624e-07,0.0,0.0
266.04126,1.0,1.0,0.0,0.0,2014-11-14 20:00:00,5.0,0.0,9.301232e-08,0.0,0.0
266.52368,0.9962183,0.9962183,0.0,0.0,2014-11-14 21:00:00,5.0,0.0,0.0,0.0,0.0
265.41528,0.50044435,0.50044435,0.0,0.0,2014-11-14 22:00:00,5.0,0.0,0.0,0.0,0.0
264.3662,0.24491024,0.24491024,0.0,0.0,2014-11-14 23:00:00,5.0,0.0,2.9081247e-07,0.0,2.0957555e-07
263.208,0.11965752,0.11965752,0.0,0.0,2014-11-15 00:00:00,5.0,0.0,1.7160318e-07,0.0,0.0
262.34106,0.04475256,0.04475256,0.0,0.0,2014-11-15 01:00:00,5.0,2.0957555e-07,1.9547707e-07,0.0,2.0957555e-07
261.38037,0.0057992525,0.0057992525,0.0,0.0,2014-11-15 02:00:00,5.0,0.0,1.1920929e-07,0.0,0.0
259.71216,0.009099722,0.009099722,0.0,0.0,2014-11-15 03:00:00,5.0,0.0,1.6215074e-07,0.0,0.0
259.74683,0.04002711,0.04002711,0.0,0.0,2014-11-15 04:00:00,5.0,3.813414e-07,3.4817543e-07,0.0,3.813414e-07
259.21802,0.18040925,0.18040925,0.0,0.0,2014-11-15 05:00:00,5.0,3.813414e-07,4.720307e-07,0.0,3.813414e-07
258.29248,0.54325694,0.54325694,0.0,0.0,2014-11-15 06:00:00,5.0,3.813414e-07,6.056615e-07,0.0,4.579323e-07
258.4204,0.70593905,0.70593905,0.0,0.0,2014-11-15 07:00:00,5.0,1.2972059e-06,1.5215255e-06,0.0,1.2972059e-06
258.41602,0.7574442,0.7574442,0.0,0.0,2014-11-15 08:00:00,5.0,1.7740431e-06,1.6833537e-06,0.0,1.7740431e-06
258.761,0.9043681,0.9043681,0.0,0.008415531,2014-11-15 09:00:00,5.0,1.6208605e-06,1.7878183e-06,0.0,1.6208605e-06
258.89917,0.99841094,0.9457099,0.991298,0.30193985,2014-11-15 10:00:00,5.0,2.1931937e-06,2.1310243e-06,0.0,2.1931937e-06
259.03784,1.0,0.9470235,0.98243195,0.041712977,2014-11-15 11:00:00,5.0,2.4027695e-06,2.3168868e-06,0.0,2.4027695e-06
259.02686,1.0,0.9470235,0.98788387,0.714618,2014-11-15 12:00:00,5.0,2.135508e-06,2.0975358e-06,0.0,2.135508e-06
259.0354,1.0,0.84181225,1.0,0.9764065,2014-11-15 13:00:00,5.0,1.4490952e-06,1.5968244e-06,0.0,1.4490952e-06
259.86182,1.0,0.6607412,1.0,1.0,2014-11-15 14:00:00,5.0,4.540211e-06,4.7650146e-06,0.0,4.540211e-06
262.1853,1.0,0.59611213,1.0,0.99446505,2014-11-15 15:00:00,5.0,2.8580791e-05,2.8342532e-05,0.0,2.8580791e-05
263.40552,1.0,0.0,1.0,0.98483115,2014-11-15 16:00:00,5.0,8.970573e-05,8.955304e-05,0.0,8.970573e-05
264.30835,1.0,0.0,1.0,1.0,2014-11-15 17:00:00,5.0,0.00016541325,0.00016525574,0.0,0.00016541325
265.38525,1.0,0.007368978,1.0,0.9989426,2014-11-15 18:00:00,5.0,0.0001921308,0.0001920688,0.0,0.0001921308
265.99023,1.0,0.28812242,1.0,1.0,2014-11-15 19:00:00,5.0,0.00024678884,0.00024673133,0.0,0.00024678884
266.8518,1.0,0.80134517,1.0,1.0,2014-11-15 20:00:00,5.0,0.00019023304,0.00019016158,0.0,0.00019023304
267.47095,1.0,1.0,0.9954723,0.9989426,2014-11-15 21:00:00,5.0,0.00015196753,0.0001520917,0.0,0.00015213928
266.99268,1.0,0.97895086,0.9634436,0.99946827,2014-11-15 22:00:00,5.0,0.00011673024,0.000116720796,0.0,0.00011673024
266.70605,1.0,0.9799304,0.98889697,1.0,2014-11-15 23:00:00,5.0,9.066447e-05,9.055456e-05,0.0,9.066447e-05
266.75293,0.9828331,0.92829716,0.8840134,0.88918906,2014-11-16 00:00:00,5.0,7.3149e-05,7.3344476e-05,0.0,7.3149e-05
266.511,1.0,0.9270758,0.94234234,0.9461217,2014-11-16 01:00:00,5.0,4.251735e-05,4.2507818e-05,0.0,4.251735e-05
266.67188,1.0,0.9108828,0.98836523,0.9957394,2014-11-16 02:00:00,5.0,5.6784673e-05,5.670375e-05,0.0,5.6784673e-05
266.29785,1.0,0.9624127,0.99371904,0.9800109,2014-11-16 03:00:00,5.0,7.68375e-05,7.70115e-05,0.0,7.710476e-05
266.4702,1.0,0.9036868,0.9729699,0.9654348,2014-11-16 04:00:00,5.0,0.00016941447,0.00016934036,0.0,0.00016941447
266.49268,0.998375,0.9808872,0.98999023,0.77432954,2014-11-16 05:00:00,5.0,0.0002885589,0.00028853747,0.0,0.0002885589
266.8313,1.0,0.96999604,1.0,0.1752832,2014-11-16 06:00:00,5.0,0.00027228473,0.00027233246,0.0,0.00027228473
266.8999,1.0,0.98370636,1.0,0.0,2014-11-16 07:00:00,5.0,0.0001261138,0.00012617573,0.0,0.0001261138
266.9712,1.0,0.89308465,1.0,0.0,2014-11-16 08:00:00,5.0,9.683252e-05,9.6804e-05,0.0,9.683252e-05
266.6067,1.0,0.8712899,0.998375,0.0,2014-11-16 09:00:00,5.0,0.0001068133,0.00010677043,0.0,0.0001068133
264.1748,1.0,0.97747934,0.93216056,0.0,2014-11-16 10:00:00,5.0,7.1831135e-05,7.174276e-05,5.703991e-08,7.1831135e-05
263.28613,0.9542514,0.9488976,0.46785128,0.0,2014-11-16 11:00:00,5.0,2.7590446e-05,2.7540373e-05,0.0,2.7590446e-05
262.29395,0.794411,0.794411,0.05072786,0.0,2014-11-16 12:00:00,5.0,6.520595e-06,6.4967207e-06,0.0,6.520595e-06
261.48828,0.75938207,0.75938207,0.0,0.0,2014-11-16 13:00:00,5.0,1.0100675e-06,1.1868005e-06,0.0,1.1632492e-06
260.98315,0.7345081,0.7345081,0.0,0.0,2014-11-16 14:00:00,5.0,4.7683716e-07,6.628618e-07,0.0,4.7683716e-07
260.77295,0.9626932,0.9626932,0.0,0.0016249504,2014-11-16 15:00:00,5.0,1.1254397e-06,1.025458e-06,0.0,1.1254397e-06
261.0276,0.9548426,0.9414922,0.02280062,0.1013248,2014-11-16 16:00:00,5.0,1.8695382e-06,1.559335e-06,0.0,1.6022768e-06
261.4043,0.8920809,0.8878731,0.15585637,0.20268893,2014-11-16 17:00:00,5.0,1.3350154e-06,1.1251168e-06,0.0,1.3350154e-06
261.4795,0.72146183,0.6423216,0.24280846,0.30132627,2014-11-16 18:00:00,5.0,3.813414e-07,3.0987997e-07,0.0,3.813414e-07
261.86694,0.63321745,0.3672101,0.37587023,0.26326185,2014-11-16 19:00:00,5.0,0.0,0.0,0.0,0.0
262.43823,0.8328956,0.103666425,0.82187515,0.17811525,2014-11-16 20:00:00,5.0,0.0,3.3407698e-08,0.0,0.0
262.76685,0.9503332,0.17911983,0.9420848,0.17325097,2014-11-16 21:00:00,5.0,1.9458084e-06,2.074793e-06,0.0,1.9458084e-06
262.46973,0.9714118,0.8048242,0.936279,0.021381807,2014-11-16 22:00:00,5.0,1.880688e-05,1.8688079e-05,0.0,1.880688e-05
262.10718,0.9058287,0.655632,0.77688074,0.0,2014-11-16 23:00:00,5.0,2.7844333e-05,2.7889517e-05,0.0,2.7844333e-05
261.53638,0.8402462,0.8175508,0.20561022,0.0,2014-11-17 00:00:00,5.0,9.343166e-06,9.347813e-06,0.0,9.343166e-06
261.55737,0.42533147,0.4023853,0.120073736,0.0,2014-11-17 01:00:00,5.0,4.023622e-06,3.9899724e-06,0.0,4.023622e-06
261.70728,0.16033137,0.084800184,0.10842621,0.0,2014-11-17 02:00:00,0.0,1.277971e-06,1.3018443e-06,0.0,1.277971e-06
261.59277,0.02677831,0.019921727,0.0105663985,0.0,2014-11-17 03:00:00,0.0,0.0,4.7747868e-08,0.0,0.0
262.19653,0.32621455,0.32621455,0.0,0.0,2014-11-17 04:00:00,0.0,0.0,0.0,0.0,0.0
262.07617,0.13523316,0.13523316,0.0,0.0,2014-11-17 05:00:00,0.0,0.0,2.8519953e-08,0.0,0.0
261.69482,0.005860377,0.005860377,0.0,0.0,2014-11-17 06:00:00,5.0,0.0,2.8519953e-08,0.0,0.0
261.20312,0.022331644,0.022331644,0.0,0.0,2014-11-17 07:00:00,5.0,0.0,5.9604645e-08,0.0,0.0
260.87524,0.050878786,0.050878786,0.0,0.0,2014-11-17 08:00:00,5.0,0.0,2.1206006e-07,0.0,2.0957555e-07
259.45068,0.07726145,0.07726145,0.0,0.0,2014-11-17 09:00:00,5.0,0.0,1.620694e-07,0.0,9.549569e-08
259.4087,0.70445925,0.70445925,0.0,0.0,2014-11-17 10:00:00,5.0,0.0,2.4787096e-07,0.0,2.0957555e-07
259.16016,0.86568177,0.86568177,0.00998199,0.0,2014-11-17 11:00:00,5.0,1.7163566e-06,1.8399687e-06,0.0,1.8304363e-06
259.13965,0.9973536,0.9973536,0.23932505,0.0,2014-11-17 12:00:00,5.0,9.039388e-06,8.979621e-06,0.0,8.67663e-06
259.19775,0.9966217,0.9966217,0.35682738,0.0,2014-11-17 13:00:00,5.0,1.3120696e-05,1.28703405e-05,0.0,1.3120696e-05
259.2556,0.9966217,0.9966217,0.31921208,0.0,2014-11-17 14:00:00,5.0,1.159533e-05,1.1745624e-05,0.0,1.159533e-05
260.85474,0.9434415,0.9400633,0.1946041,0.0,2014-11-17 15:00:00,5.0,1.0336585e-05,1.03389075e-05,0.0,1.0336585e-05
261.21924,0.9654715,0.9654715,0.1684928,0.0,2014-11-17 16:00:00,5.0,1.598429e-05,1.5926766e-05,0.0,1.5812519e-05
261.65967,1.0,1.0,0.25954032,0.0,2014-11-17 17:00:00,5.0,4.486306e-05,4.4832224e-05,0.0,4.486306e-05
261.88477,1.0,1.0,0.20253092,0.0,2014-11-17 18:00:00,5.0,4.6901143e-05,4.6719928e-05,0.0,4.6901143e-05
262.19995,1.0,1.0,0.19718993,0.0,2014-11-17 19:00:00,5.0,5.0619696e-05,5.0491042e-05,0.0,5.041012e-05
262.58276,1.0,1.0,0.74005103,0.0,2014-11-17 20:00:00,5.0,5.4033182e-05,5.4252538e-05,0.0,5.424276e-05
263.1997,1.0,1.0,0.8591122,0.0,2014-11-17 21:00:00,5.0,6.1126775e-05,6.132225e-05,0.0,6.133634e-05
263.24194,0.97508556,0.97508556,0.7573453,0.0,2014-11-17 22:00:00,5.0,5.6528865e-05,5.680046e-05,0.0,5.664295e-05
263.31665,0.8071392,0.7927552,0.34464115,0.0,2014-11-17 23:00:00,5.0,2.5649177e-05,2.5422938e-05,0.0,2.54396e-05
262.8042,0.567753,0.567753,0.01449389,0.0,2014-11-18 00:00:00,5.0,1.1783737e-05,1.1819549e-05,0.0,1.1688241e-05
262.20923,0.3435009,0.3435009,0.0,0.0,2014-11-18 01:00:00,5.0,3.7563605e-06,3.8514536e-06,0.0,3.7563605e-06
261.83716,0.26740593,0.24164414,0.034597732,0.0,2014-11-18 02:00:00,0.0,7.8190845e-07,8.556115e-07,0.0,7.8190845e-07
260.90918,0.46386194,0.34482878,0.14834625,0.0,2014-11-18 03:00:00,5.0,3.050713e-07,3.598695e-07,0.0,2.0957555e-07
260.56055,0.39914143,0.25790435,0.17056364,0.0,2014-11-18 04:00:00,5.0,9.549569e-08,2.6701872e-07,0.0,9.549569e-08
260.24976,0.40704358,0.18552351,0.27219516,0.0,2014-11-18 05:00:00,5.0,9.549569e-08,1.6695714e-07,0.0,0.0
259.33813,0.5042928,0.16203779,0.43624014,0.0,2014-11-18 06:00:00,5.0,0.0,1.7160318e-07,0.0,0.0
258.6704,0.4916728,0.18087488,0.43392164,0.0,2014-11-18 07:00:00,5.0,4.191511e-07,7.055604e-07,0.0,6.864127e-07
258.646,0.39947885,0.08211291,0.39273947,0.0,2014-11-18 08:00:00,5.0,9.536743e-07,8.915049e-07,0.0,9.536743e-07
258.1123,0.29541475,0.023938213,0.2853142,0.0,2014-11-18 09:00:00,5.0,9.536743e-07,8.6298496e-07,0.0,9.536743e-07
259.47192,0.28874874,0.26990575,0.122935295,0.0,2014-11-18 10:00:00,5.0,6.864127e-07,6.341803e-07,0.0,4.7683716e-07
259.41943,0.31388944,0.3056689,0.11761242,0.0,2014-11-18 11:00:00,5.0,9.549569e-08,3.315111e-07,0.0,9.549569e-08
259.53638,0.27698094,0.27096707,0.027902156,0.0,2014-11-18 12:00:00,0.0,9.549569e-08,2.5043573e-07,0.0,9.549569e-08
259.61304,0.24509174,0.24509174,0.0,0.0,2014-11-18 13:00:00,0.0,0.0,7.394476e-08,0.0,0.0
259.58447,0.25405097,0.25405097,0.0,0.0,2014-11-18 14:00:00,0.0,0.0,0.0,0.0,0.0
260.83887,0.1077165,0.1077165,0.0,0.0,2014-11-18 15:00:00,0.0,0.0,0.0,0.0,0.0
261.85474,0.03009694,0.03009694,0.0,0.0,2014-11-18 16:00:00,0.0,0.0,0.0,0.0,0.0
262.95166,0.021792881,0.018542979,0.0032499009,0.0,2014-11-18 17:00:00,0.0,0.0,0.0,0.0,0.0
263.61963,0.6977911,0.6977911,0.0,0.0,2014-11-18 18:00:00,5.0,0.0,1.1199853e-07,0.0,9.549569e-08
263.90308,0.93111885,0.93111885,0.0,0.0,2014-11-18 19:00:00,5.0,9.803995e-06,9.603549e-06,0.0,9.803995e-06
264.2312,1.0,1.0,0.0,0.0,2014-11-18 20:00:00,5.0,1.2492611e-05,1.2258838e-05,0.0,1.21298535e-05
264.48193,1.0,1.0,0.0,0.0,2014-11-18 21:00:00,5.0,1.1423574e-05,1.1633472e-05,0.0,1.1423574e-05
264.67358,0.94776803,0.78577536,0.814824,0.038920075,2014-11-18 22:00:00,5.0,9.953318e-06,9.977515e-06,0.0,9.839238e-06
264.4187,0.9917963,0.6087214,0.97372997,0.026136044,2014-11-18 23:00:00,5.0,2.726425e-06,2.8122267e-06,0.0,2.726425e-06
264.42358,0.8686379,0.15925223,0.8301037,0.14120847,2014-11-19 00:00:00,5.0,2.460455e-06,2.2076156e-06,0.0,2.460455e-06
264.59546,0.89958453,0.016210135,0.8964233,0.036412187,2014-11-19 01:00:00,5.0,5.130487e-06,5.345355e-06,0.0,5.3977483e-06
264.70972,1.0,0.0,1.0,0.0,2014-11-19 02:00:00,5.0,1.9074781e-05,1.9160507e-05,0.0,1.9284358e-05
264.95117,1.0,0.016721383,1.0,0.0,2014-11-19 03:00:00,5.0,4.015435e-05,4.0297033e-05,0.0,4.015435e-05
264.8994,1.0,0.0033782488,1.0,0.0,2014-11-19 04:00:00,5.0,8.6044165e-05,8.623018e-05,0.0,8.6139655e-05
264.68604,0.9845886,0.010835916,0.9845886,0.0,2014-11-19 05:00:00,5.0,0.00010430552,0.00010455324,0.0,0.00010468687
264.70166,0.893431,0.2104019,0.88807726,0.0,2014-11-19 06:00:00,5.0,8.9746565e-05,8.9494206e-05,0.0,8.9746565e-05
264.61377,0.9249607,0.81009823,0.91606736,0.0,2014-11-19 07:00:00,5.0,8.548965e-05,8.5403764e-05,0.0,8.548965e-05
264.82056,0.95623666,0.93550164,0.9317699,0.0,2014-11-19 08:00:00,5.0,9.519428e-05,9.517986e-05,0.0,9.519428e-05
264.6714,0.9660988,0.9660988,0.85237086,0.0,2014-11-19 09:00:00,5.0,6.084403e-05,6.0786988e-05,0.0,6.084403e-05
266.0017,0.85271627,0.85271627,0.39001793,0.0,2014-11-19 10:00:00,5.0,1.7045575e-05,1.7164784e-05,0.0,1.7045575e-05
265.98584,0.81810015,0.81810015,0.16041046,0.0,2014-11-19 11:00:00,5.0,8.718308e-06,8.627779e-06,0.0,8.718308e-06
265.97168,0.8928001,0.8928001,0.23748511,0.0,2014-11-19 12:00:00,5.0,2.252606e-05,2.244515e-05,0.0,2.252606e-05
266.10547,0.9423816,0.9423816,0.0,0.0,2014-11-19 13:00:00,5.0,2.5265894e-05,2.5304354e-05,0.0,2.5361398e-05
266.063,0.7192341,0.7192341,0.0,0.0,2014-11-19 14:00:00,5.0,1.2240056e-05,1.2311518e-05,0.0,1.2240056e-05
266.65063,0.851752,0.851752,0.0,0.0,2014-11-19 15:00:00,0.0,3.583953e-06,3.6840947e-06,0.0,3.583953e-06
266.97363,0.7728799,0.7728799,0.0,0.0,2014-11-19 16:00:00,5.0,6.101426e-07,7.769394e-07,0.0,6.101426e-07
267.31714,0.9521988,0.9521988,0.0,0.0,2014-11-19 17:00:00,5.0,1.0031513e-05,9.9123035e-06,0.0,1.0031513e-05
267.55176,0.9894336,0.9894336,0.07211852,0.0,2014-11-19 18:00:00,5.0,2.3725195e-05,2.3629531e-05,0.0,2.3725195e-05
267.94946,0.99946827,0.99946827,0.7093271,0.0,2014-11-19 19:00:00,5.0,6.707893e-05,6.7088535e-05,0.0,6.725069e-05
268.28638,0.98453003,0.9774172,0.9417071,0.0,2014-11-19 20:00:00,5.0,6.404871e-05,6.411785e-05,0.0,6.404871e-05
268.4109,0.9280675,0.85667557,0.9233004,0.0,2014-11-19 21:00:00,5.0,4.320439e-05,4.312316e-05,0.0,4.320439e-05
267.94775,0.7458984,0.6547305,0.6607797,0.0,2014-11-19 22:00:00,5.0,1.2493903e-05,1.2374694e-05,0.0,1.2493903e-05
267.73242,0.63369703,0.55458003,0.55287415,0.0,2014-11-19 23:00:00,5.0,7.2288267e-06,7.3382607e-06,0.0,7.2288267e-06
267.6394,0.6493788,0.53694034,0.47902226,0.0,2014-11-20 00:00:00,5.0,4.0614404e-06,3.903936e-06,0.0,4.0614404e-06
267.29395,0.5619912,0.49701446,0.4410993,0.0,2014-11-20 01:00:00,5.0,2.535433e-06,2.440098e-06,0.0,2.535433e-06
266.87427,0.27629232,0.24656159,0.21001017,0.0,2014-11-20 02:00:00,5.0,2.6495136e-06,2.8688646e-06,0.0,2.7450087e-06
265.63574,0.1119923,0.059232045,0.10235751,0.0,2014-11-20 03:00:00,5.0,5.013181e-06,5.1179686e-06,0.0,5.013181e-06
265.39673,0.04436466,0.04436466,0.0033782488,0.0,2014-11-20 04:00:00,5.0,3.964653e-06,3.9837205e-06,0.0,3.964653e-06
264.2041,0.60030913,0.60030913,0.0,0.0,2014-11-20 05:00:00,5.0,1.6964805e-06,1.839403e-06,0.0,1.6964805e-06
263.02222,0.850727,0.850727,0.0,0.0,2014-11-20 06:00:00,5.0,1.14079796e-07,3.193324e-07,0.0,1.14079796e-07
262.69653,0.9770502,0.9770502,0.0,0.0,2014-11-20 07:00:00,5.0,7.0499675e-07,8.1475366e-07,0.0,7.0499675e-07
262.29102,0.5014732,0.5014732,0.0,0.0,2014-11-20 08:00:00,0.0,5.9091695e-07,5.67043e-07,0.0,5.9091695e-07
260.56982,0.10509378,0.10509378,0.0,0.0,2014-11-20 09:00:00,0.0,2.0957555e-07,3.2397844e-07,0.0,2.0957555e-07
260.4641,0.011474017,0.011474017,0.0,0.0,2014-11-20 10:00:00,0.0,2.0957555e-07,2.9545845e-07,0.0,2.0957555e-07
260.34888,0.0,0.0,0.0,0.0,2014-11-20 11:00:00,0.0,0.0,1.4772922e-07,0.0,0.0
259.969,0.0,0.0,0.0,0.0,2014-11-20 12:00:00,0.0,0.0,2.8519953e-08,0.0,0.0
259.61255,0.0,0.0,0.0,0.0,2014-11-20 13:00:00,0.0,0.0,2.8519953e-08,0.0,0.0
259.5808,0.0,0.0,0.0,0.0,2014-11-20 14:00:00,0.0,0.0,2.8519953e-08,0.0,0.0
261.4475,0.0,0.0,0.0,0.0,2014-11-20 15:00:00,0.0,0.0,2.8519953e-08,0.0,0.0
262.49023,0.0067320913,0.0067320913,0.0,0.0,2014-11-20 16:00:00,5.0,0.0,0.0,0.0,0.0
263.48584,0.51406366,0.51406366,0.0,0.0,2014-11-20 17:00:00,5.0,9.72258e-07,8.291751e-07,0.0,9.72258e-07
264.0376,0.8240733,0.8240733,0.0,0.0,2014-11-20 18:00:00,5.0,8.5817857e-07,8.054616e-07,0.0,8.5817857e-07
264.51025,0.88757586,0.88757586,0.0,0.0,2014-11-20 19:00:00,5.0,3.813414e-07,3.669199e-07,0.0,3.813414e-07
264.83032,0.7639177,0.7639177,0.0,0.0,2014-11-20 20:00:00,5.0,0.0,9.533534e-08,0.0,0.0
265.16357,0.52432585,0.52432585,0.0,0.0,2014-11-20 21:00:00,0.0,0.0,0.0,0.0,0.0
263.55957,0.0,0.0,0.0,0.0,2014-11-20 22:00:00,0.0,0.0,0.0,0.0,0.0
262.22217,0.0,0.0,0.0,0.0,2014-11-20 23:00:00,0.0,0.0,0.0,0.0,0.0
261.2854,0.0,0.0,0.0,0.0,2014-11-21 00:00:00,0.0,0.0,0.0,0.0,0.0
260.60376,0.0,0.0,0.0,0.0,2014-11-21 01:00:00,0.0,0.0,0.0,0.0,0.0
259.94727,0.0,0.0,0.0,0.0,2014-11-21 02:00:00,0.0,0.0,0.0,0.0,0.0
257.69067,0.0,0.0,0.0,0.0,2014-11-21 03:00:00,0.0,0.0,0.0,0.0,0.0
257.10718,0.0,0.0,0.0,0.0,2014-11-21 04:00:00,0.0,0.0,0.0,0.0,0.0
255.18599,0.0063116476,0.0063116476,0.0,0.0,2014-11-21 05:00:00,0.0,0.0,0.0,0.0,0.0
254.86938,0.0,0.0,0.0,0.0,2014-11-21 06:00:00,0.0,0.0,0.0,0.0,0.0
254.68579,0.0,0.0,0.0,0.0,2014-11-21 07:00:00,0.0,0.0,0.0,0.0,0.0
254.18513,0.020210877,0.0,0.0,0.020210877,2014-11-21 08:00:00,0.0,0.0,0.0,0.0,0.0
253.97876,0.07013911,0.0,0.0,0.07013911,2014-11-21 09:00:00,5.0,0.0,0.0,0.0,0.0
257.7163,0.031667788,0.0,0.016832627,0.024945501,2014-11-21 10:00:00,5.0,0.0,6.6815346e-08,0.0,0.0
257.9673,0.02357202,0.0,0.0100932345,0.016832627,2014-11-21 11:00:00,0.0,0.0,0.0,0.0,0.0
258.17578,0.02745669,0.0,0.00998199,0.017467394,2014-11-21 12:00:00,0.0,0.0,0.0,0.0,0.0
258.6328,0.0033782488,0.0,0.0,0.0033782488,2014-11-21 13:00:00,0.0,0.0,0.0,0.0,0.0
259.82837,0.0,0.0,0.0,0.0,2014-11-21 14:00:00,0.0,0.0,0.0,0.0,0.0
263.53467,0.037088133,0.0,0.037088133,0.0,2014-11-21 15:00:00,0.0,0.0,0.0,0.0,0.0
265.94263,0.18256849,0.0,0.18256849,0.0,2014-11-21 16:00:00,0.0,0.0,0.0,0.0,0.0
267.50415,0.2803458,0.0,0.27824193,0.002103883,2014-11-21 17:00:00,0.0,0.0,0.0,0.0,0.0
268.698,0.39634633,0.0,0.30571926,0.12856972,2014-11-21 18:00:00,0.0,0.0,0.0,0.0,0.0
269.55444,0.6049125,0.0,0.24126834,0.51936114,2014-11-21 19:00:00,0.0,0.0,0.0,0.0,0.0
270.22705,0.92122626,0.0,0.08245945,0.90962744,2014-11-21 20:00:00,0.0,0.0,0.0,0.0,0.0
270.8308,0.9333435,0.0,0.09586978,0.9293835,2014-11-21 21:00:00,0.0,0.0,0.0,0.0,0.0
271.1516,0.88809794,0.0,0.0341468,0.8841379,2014-11-21 22:00:00,0.0,0.0,0.0,0.0,0.0
271.2732,0.8822419,0.0,0.23223639,0.8793392,2014-11-21 23:00:00,0.0,0.0,0.0,0.0,0.0
271.51196,0.964252,0.0,0.5257065,0.964252,2014-11-22 00:00:00,0.0,0.0,0.0,0.0,0.0
271.58203,0.98999023,0.0,0.7553764,0.98999023,2014-11-22 01:00:00,0.0,0.0,0.0,0.0,0.0
271.86255,1.0,0.010535371,0.4655003,1.0,2014-11-22 02:00:00,0.0,0.0,0.0,0.0,0.0
272.31104,0.98863506,0.058475435,0.12652713,0.98863506,2014-11-22 03:00:00,5.0,0.0,3.3407698e-08,0.0,0.0
272.42578,0.97162616,0.015063006,0.17818105,0.97162616,2014-11-22 04:00:00,8.0,0.0,0.0,0.0,0.0
272.85767,0.997629,0.07657778,0.58186966,0.9865619,2014-11-22 05:00:00,8.0,8.767626e-07,1.09595305e-07,0.0,8.767626e-07
273.45898,0.99284285,0.085639894,0.8373405,0.9894646,2014-11-22 06:00:00,1.0,3.2994085e-06,3.625969e-07,0.0,3.6807496e-06
274.01392,0.9949467,0.14673454,0.9506537,0.96225095,2014-11-22 07:00:00,1.0,1.3362987e-06,4.7667676e-08,0.0,1.2408027e-06
274.31494,0.9845359,0.275019,0.85510033,0.74532855,2014-11-22 08:00:00,1.0,1.3356566e-06,1.7152297e-07,0.0,1.5074229e-06
274.87305,0.7424028,0.30158824,0.06816107,0.59724295,2014-11-22 09:00:00,1.0,1.5266487e-06,0.0,0.0,1.1638913e-06
274.26514,0.46708924,0.45846784,0.0,0.03304617,2014-11-22 10:00:00,1.0,2.4418714e-06,0.0,0.0,2.2886898e-06
274.32373,0.5556386,0.3051386,0.0,0.34254426,2014-11-22 11:00:00,1.0,1.372825e-06,0.0,0.0,1.2773289e-06
274.36084,0.8938329,0.2821632,0.0,0.8533503,2014-11-22 12:00:00,1.0,1.9265735e-06,0.0,0.0,1.9265735e-06
274.48828,0.7244751,0.43093163,0.0,0.5487326,2014-11-22 13:00:00,1.0,3.203253e-06,0.0,0.0,2.9750936e-06
274.6194,0.58988905,0.5804747,0.0,0.02439724,2014-11-22 14:00:00,1.0,2.8238546e-06,0.0,0.0,2.8238546e-06
274.90186,0.7505281,0.7505281,0.0,0.0,2014-11-22 15:00:00,1.0,5.3041776e-06,0.0,0.0,5.3041776e-06
275.04663,0.93972284,0.93972284,0.0,0.0,2014-11-22 16:00:00,1.0,4.924779e-06,0.0,0.0,4.924779e-06
275.28613,0.86316204,0.86316204,0.0,0.0,2014-11-22 17:00:00,1.0,3.3596607e-06,0.0,0.0,3.5128423e-06
275.14966,0.9087804,0.9087804,0.0,0.0,2014-11-22 18:00:00,1.0,1.5266487e-06,0.0,0.0,1.5266487e-06
275.28223,0.995108,0.995108,0.0,0.050539147,2014-11-22 19:00:00,1.0,4.044139e-06,0.0,0.0,4.044139e-06
275.38403,1.0,1.0,0.0,0.0,2014-11-22 20:00:00,1.0,5.3452317e-07,0.0,0.0,2.6726156e-07
275.76318,1.0,1.0,0.0,0.5809221,2014-11-22 21:00:00,1.0,0.0,0.0,0.0,0.0
275.45874,1.0,0.96918046,0.0,0.99946827,2014-11-22 22:00:00,1.0,0.0,0.0,0.0,2.6726156e-07
275.6206,1.0,0.9952328,0.10820627,0.937969,2014-11-22 23:00:00,1.0,4.7683716e-07,0.0,0.0,2.0957555e-07
275.64307,0.96865326,0.8785298,0.4187938,0.87826216,2014-11-23 00:00:00,1.0,9.549569e-08,0.0,0.0,9.549569e-08
275.58667,0.89597845,0.42809492,0.029687427,0.83159184,2014-11-23 01:00:00,1.0,4.7683716e-07,0.0,0.0,4.7683716e-07
275.19824,0.60154593,0.118504286,0.0,0.53756934,2014-11-23 02:00:00,1.0,3.813414e-07,0.0,0.0,3.813414e-07
275.86206,0.91630214,0.07042587,0.17001063,0.8953033,2014-11-23 03:00:00,1.0,4.1415688e-06,0.0,0.0,4.1415688e-06
276.0879,0.998375,0.5968619,0.20896882,0.9872687,2014-11-23 04:00:00,1.0,2.1419808e-05,0.0,0.0,2.1419808e-05
277.13037,1.0,1.0,0.20450681,1.0,2014-11-23 05:00:00,1.0,2.6049704e-05,0.0,0.0,2.5935631e-05
278.47144,1.0,1.0,0.095184624,1.0,2014-11-23 06:00:00,1.0,3.2151176e-05,0.0,0.0,3.2151176e-05
279.23608,1.0,1.0,0.20351678,0.99736434,2014-11-23 07:00:00,1.0,4.0584884e-05,0.0,0.0,4.0375307e-05
280.3069,1.0,1.0,0.61908203,0.98874027,2014-11-23 08:00:00,1.0,5.239813e-05,0.0,0.0,5.239813e-05
281.9685,1.0,1.0,0.96581113,1.0,2014-11-23 09:00:00,1.0,0.00013169518,0.0,0.0,0.00013169518
281.57666,1.0,1.0,0.9681246,1.0,2014-11-23 10:00:00,1.0,0.00015384631,0.0,0.0,0.00015384631
281.55005,1.0,1.0,0.50073075,0.98520046,2014-11-23 11:00:00,1.0,0.00015771628,0.0,0.0,0.00015771628
281.23047,1.0,1.0,0.49829364,0.9839011,2014-11-23 12:00:00,1.0,0.00014529539,0.0,0.0,0.00014529539
280.5327,1.0,1.0,0.93775094,0.9949968,2014-11-23 13:00:00,1.0,0.00014416584,0.0,0.0,0.00014416584
280.6897,1.0,1.0,0.9002705,1.0,2014-11-23 14:00:00,1.0,0.000109097935,0.0,0.0,0.000109097935
280.80176,1.0,1.0,0.7256573,0.99050504,2014-11-23 15:00:00,1.0,0.00010795072,0.0,0.0,0.000107759726
280.5918,1.0,0.995108,0.52211446,0.9910334,2014-11-23 16:00:00,1.0,0.000121666555,0.0,0.0,0.000121666555
280.77563,1.0,0.97068244,0.5395266,0.9855405,2014-11-23 17:00:00,1.0,8.0825805e-05,0.0,0.0,8.0825805e-05
280.6377,1.0,0.90715545,0.7924938,0.9849587,2014-11-23 18:00:00,1.0,0.00011959365,0.0,0.0,0.000119535965
280.66455,1.0,0.8458007,0.91419,0.9902407,2014-11-23 19:00:00,1.0,0.00014436779,0.0,0.0,0.00014436779
279.93164,1.0,0.62849414,0.98004687,1.0,2014-11-23 20:00:00,1.0,0.00010320856,0.0,0.0,0.00010320856
279.2893,0.9868549,0.47772825,0.9253691,0.92687,2014-11-23 21:00:00,1.0,7.596423e-05,0.0,0.0,7.596423e-05
277.66626,0.99675006,0.43637693,0.9222388,0.9740264,2014-11-23 22:00:00,1.0,3.124232e-05,0.0,0.0,3.124232e-05
277.16235,1.0,0.34973907,0.9273096,0.998375,2014-11-23 23:00:00,1.0,2.1159009e-05,0.0,0.0,2.1159009e-05
277.03247,1.0,0.2725628,0.9404072,0.98889697,2014-11-24 00:00:00,1.0,3.5750592e-05,0.0,0.0,3.5750592e-05
277.08813,1.0,0.48733187,0.9968219,0.9905219,2014-11-24 01:00:00,1.0,8.24883e-05,0.0,5.2522655e-06,7.7331526e-05
276.82397,1.0,0.85317725,0.9474675,0.9920106,2014-11-24 02:00:00,1.0,0.00021684551,0.0,1.6568505e-05,0.00020022925
275.71777,1.0,0.76159203,0.93681157,0.9590622,2014-11-24 03:00:00,1.0,0.0004563774,0.0,0.00011463191,0.00034174533
275.43164,1.0,0.7135411,0.9494521,1.0,2014-11-24 04:00:00,1.0,0.00059152255,1.7919665e-05,0.00018777781,0.00040364964
274.89282,1.0,0.90108526,0.9758032,0.99351895,2014-11-24 05:00:00,7.0,0.0007180355,0.00025371765,0.00025230553,0.00046558678
274.71582,1.0,0.9096531,0.998375,0.9586128,2014-11-24 06:00:00,7.0,0.0005305861,0.0003040491,5.204517e-06,0.00052542915
274.22437,1.0,0.9705461,0.9989426,0.96187335,2014-11-24 07:00:00,6.0,0.00040328945,0.0003575259,0.0,0.00040340354
274.24463,1.0,0.9450918,0.9869369,0.98663974,2014-11-24 08:00:00,5.0,0.0003905315,0.00037940638,0.0,0.0003905315
273.81836,1.0,0.96842295,0.9679498,0.9949467,2014-11-24 09:00:00,5.0,0.0003078843,0.00030745054,0.0,0.0003078843
271.0786,0.9978961,0.9978961,0.98271227,0.9842654,2014-11-24 10:00:00,5.0,0.00020258936,0.00020279462,0.0,0.00020268485
270.3484,1.0,0.9695198,0.9870936,0.9851648,2014-11-24 11:00:00,5.0,0.00012507076,0.00012495155,0.0,0.00012507076
269.7693,1.0,0.998375,0.998375,0.9910895,2014-11-24 12:00:00,5.0,0.00012142978,0.00012135832,0.0,0.00012142978
269.58008,1.0,0.998375,1.0,0.98927194,2014-11-24 13:00:00,5.0,0.00016864492,0.00016855456,0.0,0.00016864492
269.22852,1.0,0.9545045,0.998375,0.98871857,2014-11-24 14:00:00,5.0,0.00020453459,0.00020423431,0.0,0.00020453459
268.4829,1.0,0.9875357,0.98326087,0.9633924,2014-11-24 15:00:00,5.0,0.00021663378,0.00021704628,0.0,0.00021663378
268.1316,1.0,0.9762122,0.9873607,0.9721612,2014-11-24 16:00:00,5.0,0.00022757553,0.00022766372,0.0,0.00022767101
267.91235,1.0,0.9509996,0.9920941,0.9256017,2014-11-24 17:00:00,5.0,0.00024426868,0.00024420652,0.0,0.00024426868
267.64307,0.9966217,0.976847,0.9932679,0.9570279,2014-11-24 18:00:00,5.0,0.00023874457,0.00023871566,0.0,0.00023874457
267.42358,1.0,0.9781195,1.0,0.9463082,2014-11-24 19:00:00,5.0,7.361296e-05,7.3689545e-05,0.0,7.361296e-05
267.677,1.0,0.9477381,0.99946827,0.92737323,2014-11-24 20:00:00,5.0,0.00011690191,0.00011675418,0.0,0.00011690191
267.66748,1.0,0.99416727,1.0,0.8716821,2014-11-24 21:00:00,5.0,0.00017558745,0.00017549212,0.0,0.00017558745
266.34082,1.0,0.98203677,1.0,0.9412453,2014-11-24 22:00:00,5.0,0.0002773439,0.0002773963,0.0,0.0002773439
266.156,1.0,1.0,0.998375,0.8860777,2014-11-24 23:00:00,5.0,0.00028038234,0.00028070644,0.0,0.00028085918
266.135,1.0,0.9966217,0.9329869,0.82486284,2014-11-25 00:00:00,5.0,0.0001558967,0.00015605886,0.0,0.0001558967
265.99878,1.0,1.0,0.8895249,0.7439534,2014-11-25 01:00:00,5.0,4.2306434e-05,4.2456406e-05,0.0,4.2687767e-05
265.8623,0.998375,0.99348307,0.34931576,0.46978825,2014-11-25 02:00:00,5.0,1.0775612e-05,1.0675631e-05,0.0,1.0775612e-05
265.45215,0.9811747,0.94250625,0.013725389,0.3453393,2014-11-25 03:00:00,5.0,4.976654e-06,4.8050515e-06,0.0,4.976654e-06
265.45703,0.88210475,0.84680724,0.00053172023,0.16512269,2014-11-25 04:00:00,5.0,4.2325555e-06,4.060953e-06,0.0,4.2325555e-06
265.23096,0.91777974,0.91777974,0.0,0.016832627,2014-11-25 05:00:00,5.0,2.7648757e-06,2.912605e-06,0.0,2.7648757e-06
264.6433,0.9368238,0.93629205,0.0,0.03299413,2014-11-25 06:00:00,5.0,8.774042e-07,7.4128997e-07,0.0,8.774042e-07
264.22632,0.82219434,0.7753216,0.0,0.20512843,2014-11-25 07:00:00,5.0,8.9598825e-07,8.604191e-07,0.0,8.9598825e-07
263.89966,0.5421559,0.4965812,0.0,0.10013354,2014-11-25 08:00:00,5.0,1.1055636e-06,1.344305e-06,0.0,1.372825e-06
263.3545,0.43534958,0.41797233,0.0,0.043208677,2014-11-25 09:00:00,5.0,1.372825e-06,1.3681793e-06,0.0,1.2587452e-06
262.1548,0.2874115,0.2874115,0.0,0.0,2014-11-25 10:00:00,5.0,1.372825e-06,1.1153388e-06,0.0,9.914838e-07
262.09644,0.17801076,0.17801076,0.0,0.0,2014-11-25 11:00:00,5.0,8.9598825e-07,8.7940526e-07,0.0,8.9598825e-07
261.93213,0.13209254,0.13209254,0.0,0.0,2014-11-25 12:00:00,5.0,6.864127e-07,5.7914036e-07,0.0,6.864127e-07
261.54028,0.049596082,0.049596082,0.0,0.0,2014-11-25 13:00:00,0.0,0.0,2.2167404e-07,0.0,2.0957555e-07
261.33154,0.043871276,0.043871276,0.0,0.0,2014-11-25 14:00:00,0.0,0.0,1.0006153e-07,0.0,0.0
263.84375,0.0,0.0,0.0,0.0,2014-11-25 15:00:00,0.0,0.0,2.6196943e-08,0.0,0.0
264.5835,0.015994951,0.014369998,0.013623986,0.0,2014-11-25 16:00:00,0.0,0.0,0.0,0.0,0.0
265.55762,0.17272502,0.15998,0.14562893,0.0,2014-11-25 17:00:00,0.0,0.0,0.0,0.0,0.0
266.22876,0.5926313,0.46188134,0.5788927,0.0,2014-11-25 18:00:00,0.0,0.0,0.0,0.0,0.0
266.7107,0.8167638,0.707632,0.80990845,0.0,2014-11-25 19:00:00,0.0,0.0,0.0,0.0,0.0
267.20508,0.9243395,0.7082359,0.88694644,0.334153,2014-11-25 20:00:00,5.0,0.0,0.0,0.0,0.0
268.52417,0.99604,0.68012464,0.9535816,0.97407746,2014-11-25 21:00:00,5.0,0.0,0.0,0.0,0.0
268.59863,1.0,0.33536625,0.90374285,0.9978961,2014-11-25 22:00:00,0.0,0.0,0.0,0.0,0.0
268.65625,0.98952836,0.16278017,0.86164594,0.95426995,2014-11-25 23:00:00,0.0,0.0,0.0,0.0,0.0
268.68042,0.9801475,0.20376134,0.82424414,0.92427045,2014-11-26 00:00:00,0.0,0.0,0.0,0.0,0.0
268.83203,1.0,0.39286786,0.81803787,0.9923612,2014-11-26 01:00:00,0.0,0.0,0.0,0.0,0.0
269.00513,0.9978961,0.561551,0.8663157,0.9957922,2014-11-26 02:00:00,5.0,0.0,8.107537e-08,0.0,0.0
269.39868,1.0,0.6681729,0.9544466,0.9816359,2014-11-26 03:00:00,5.0,7.626828e-07,6.791229e-07,0.0,8.767626e-07
269.4319,0.9970973,0.60142267,0.97559935,0.9949934,2014-11-26 04:00:00,5.0,3.813414e-07,7.603598e-07,0.0,3.813414e-07
268.64355,1.0,0.51308894,0.9942508,1.0,2014-11-26 05:00:00,5.0,3.3385104e-06,3.4411369e-06,0.0,3.3385104e-06
268.77905,1.0,0.48713458,0.985579,1.0,2014-11-26 06:00:00,5.0,7.3826595e-06,6.977525e-06,0.0,6.9058224e-06
268.28394,1.0,0.34672725,1.0,1.0,2014-11-26 07:00:00,5.0,1.4268606e-05,1.4065999e-05,0.0,1.4268606e-05
268.06177,1.0,0.6655735,0.99371904,1.0,2014-11-26 08:00:00,5.0,2.2187713e-05,2.192783e-05,0.0,2.2187713e-05
267.78345,1.0,0.8240685,0.9847971,1.0,2014-11-26 09:00:00,5.0,3.690309e-05,3.6845813e-05,0.0,3.690309e-05
268.62646,1.0,0.9042705,1.0,1.0,2014-11-26 10:00:00,5.0,4.2361746e-05,4.241189e-05,0.0,4.2361746e-05
268.8208,1.0,0.95931745,1.0,1.0,2014-11-26 11:00:00,5.0,4.3318636e-05,4.334275e-05,0.0,4.3318636e-05
268.79297,1.0,0.8546544,1.0,0.998375,2014-11-26 12:00:00,5.0,7.375686e-05,7.3768955e-05,0.0,7.375686e-05
268.74756,1.0,0.952528,0.99675006,0.995108,2014-11-26 13:00:00,5.0,0.00015421628,0.00015402786,0.0,0.00015394902
268.66992,1.0,0.901856,0.9932679,0.99174684,2014-11-26 14:00:00,5.0,0.00027630455,0.00027638045,0.0,0.00027641864
268.604,1.0,0.80180055,1.0,0.9535234,2014-11-26 15:00:00,5.0,0.00039586774,0.00039607775,0.0,0.00039586774
268.64502,1.0,0.8149391,1.0,0.48197043,2014-11-26 16:00:00,5.0,0.00046165823,0.00046152435,0.0,0.00046165823
268.81885,1.0,0.73926127,1.0,0.030166708,2014-11-26 17:00:00,5.0,0.000440303,0.00043985946,0.0,0.000440303
269.22876,0.99675006,0.8362464,0.99675006,0.0010573287,2014-11-26 18:00:00,5.0,0.00043442962,0.0004345104,0.0,0.00043442962
269.29248,0.998375,0.87478954,0.998375,0.0,2014-11-26 19:00:00,5.0,0.00017040191,0.00017053056,0.0,0.00017040191
269.27466,0.995108,0.9621156,0.9902332,0.0,2014-11-26 20:00:00,5.0,0.00010521045,0.00010505054,0.0,0.00010521045
269.44238,0.9864254,0.9373325,0.8151489,0.0,2014-11-26 21:00:00,5.0,5.2609656e-05,5.2738644e-05,0.0,5.2609656e-05
268.81714,0.8550777,0.7741127,0.414662,0.0,2014-11-26 22:00:00,5.0,1.4841526e-05,1.4696038e-05,0.0,1.4841526e-05
268.36694,0.8280059,0.8166588,0.08421242,0.0,2014-11-26 23:00:00,5.0,6.428967e-06,6.5098e-06,0.0,6.428967e-06
268.52686,0.8965909,0.8881201,0.3593067,0.0,2014-11-27 00:00:00,5.0,7.782576e-06,7.5585785e-06,0.0,7.782576e-06
267.91675,0.9739335,0.9184216,0.86289454,0.0,2014-11-27 01:00:00,5.0,1.0739745e-05,1.0663396e-05,0.0,1.0739745e-05
267.12988,0.97733945,0.90648645,0.95940346,0.0,2014-11-27 02:00:00,5.0,1.7509665e-05,1.7562386e-05,0.0,1.7509665e-05
264.96924,0.968808,0.8361046,0.94296354,0.0,2014-11-27 03:00:00,5.0,1.9627216e-05,1.9465064e-05,0.0,1.9627216e-05
264.20435,0.973221,0.8293824,0.9520826,0.0,2014-11-27 04:00:00,5.0,9.21372e-06,9.214043e-06,0.0,9.21372e-06
262.75586,0.92596763,0.676884,0.88628614,0.0,2014-11-27 05:00:00,5.0,2.194477e-06,2.1608275e-06,0.0,2.194477e-06
261.6018,0.8204557,0.50417745,0.7921343,0.0,2014-11-27 06:00:00,5.0,1.9099144e-07,3.3872072e-07,0.0,1.9099144e-07
259.81982,0.44542944,0.23448586,0.4011894,0.0,2014-11-27 07:00:00,5.0,1.4311527e-06,1.3928575e-06,0.0,1.4311527e-06
258.7876,0.15660268,0.13290036,0.047455095,0.0,2014-11-27 08:00:00,5.0,1.9099144e-07,3.8406534e-07,0.0,1.9099144e-07
256.74585,0.02772354,0.02772354,0.0,0.0,2014-11-27 09:00:00,5.0,9.549569e-08,4.7747868e-08,0.0,0.0
254.61977,0.1625638,0.1625638,0.0,0.0,2014-11-27 10:00:00,5.0,0.0,2.3873934e-08,0.0,0.0
254.38588,0.28176236,0.28176236,0.0,0.0,2014-11-27 11:00:00,0.0,0.0,2.3873934e-08,0.0,0.0
254.17722,0.22952026,0.22952026,0.0,0.0,2014-11-27 12:00:00,0.0,0.0,1.1936965e-08,0.0,0.0
253.68376,0.13554513,0.13554513,0.0,0.0,2014-11-27 13:00:00,0.0,0.0,0.0,0.0,0.0
253.43013,0.17891955,0.17891955,0.0,0.0,2014-11-27 14:00:00,0.0,0.0,0.0,0.0,0.0
255.7177,0.23665464,0.23665464,0.0,0.0,2014-11-27 15:00:00,0.0,0.0,0.0,0.0,0.0
256.5105,0.0,0.0,0.0,0.0,2014-11-27 16:00:00,0.0,0.0,0.0,0.0,0.0
257.42578,0.0,0.0,0.0,0.0,2014-11-27 17:00:00,0.0,0.0,0.0,0.0,0.0
258.4436,0.17578542,0.0,0.0,0.17578542,2014-11-27 18:00:00,0.0,0.0,0.0,0.0,0.0
259.11816,0.3031574,0.0,0.0,0.3031574,2014-11-27 19:00:00,0.0,0.0,0.0,0.0,0.0
259.5713,0.01652667,0.0,0.0,0.01652667,2014-11-27 20:00:00,0.0,0.0,0.0,0.0,0.0
260.32153,0.022955336,0.0,0.0,0.022955336,2014-11-27 21:00:00,0.0,0.0,0.0,0.0,0.0
260.21045,0.98030084,0.0,0.0,0.98030084,2014-11-27 22:00:00,0.0,0.0,0.0,0.0,0.0
258.83643,1.0,0.0,0.0,1.0,2014-11-27 23:00:00,0.0,0.0,0.0,0.0,0.0
258.44116,1.0,0.0,0.5532579,1.0,2014-11-28 00:00:00,0.0,0.0,0.0,0.0,0.0
256.56372,1.0,0.0,0.99946827,1.0,2014-11-28 01:00:00,0.0,0.0,0.0,0.0,0.0
258.92847,1.0,0.0,1.0,0.9669406,2014-11-28 02:00:00,5.0,0.0,0.0,0.0,0.0
259.9602,1.0,0.0,1.0,1.0,2014-11-28 03:00:00,5.0,3.4545237e-06,3.4401028e-06,0.0,3.4545237e-06
260.0161,1.0,0.016369235,1.0,0.99946827,2014-11-28 04:00:00,5.0,3.9591687e-05,3.9496357e-05,0.0,3.9591687e-05
259.83423,1.0,0.29539412,1.0,0.96907777,2014-11-28 05:00:00,5.0,0.00016466618,0.00016478523,0.0,0.00016466618
259.86182,1.0,0.75273216,1.0,0.29154193,2014-11-28 06:00:00,5.0,0.0004045288,0.00040442823,0.0,0.0004045288
259.82422,1.0,0.928035,1.0,0.015366878,2014-11-28 07:00:00,5.0,0.0003207852,0.0003208469,0.0,0.0003207852
260.29175,1.0,0.8748918,1.0,0.13504511,2014-11-28 08:00:00,5.0,0.00034915307,0.0003492746,2.4200663e-06,0.00034679007
261.53687,0.9639514,0.54338115,0.95785165,0.22472888,2014-11-28 09:00:00,5.0,0.00029964442,0.00029963977,7.012488e-06,0.00029244134
262.15625,0.8907993,0.09266937,0.794811,0.56301695,2014-11-28 10:00:00,5.0,0.00017086441,0.00017068318,4.3053396e-06,0.00016643506
262.2068,0.8316061,0.03607748,0.81332797,0.23285615,2014-11-28 11:00:00,5.0,6.984045e-05,7.0040565e-05,2.193029e-05,4.792906e-05
262.2954,0.6347785,0.04033317,0.6208006,0.07908535,2014-11-28 12:00:00,5.0,1.2088176e-05,1.205501e-05,6.0085057e-07,1.1478033e-05
262.458,0.93044806,0.05391257,0.700956,0.8733064,2014-11-28 13:00:00,5.0,3.1077661e-06,3.1886802e-06,0.0,3.1077661e-06
262.781,0.98810095,0.049934383,0.97021216,0.96286094,2014-11-28 14:00:00,5.0,3.4698824e-06,3.1699383e-06,0.0,3.4698824e-06
264.21655,0.9303733,0.06674445,0.8708016,0.5112008,2014-11-28 15:00:00,5.0,1.0754462e-05,1.0554822e-05,0.0,1.05263025e-05
265.0498,0.7542311,0.13869387,0.3024993,0.67279136,2014-11-28 16:00:00,5.0,8.122882e-06,8.046937e-06,0.0,8.122882e-06
265.87524,0.8994775,0.16629493,0.5245482,0.81799847,2014-11-28 17:00:00,5.0,5.9091695e-07,6.816063e-07,0.0,5.9091695e-07
266.24902,0.9849035,0.049673073,0.8984554,0.8737926,2014-11-28 18:00:00,0.0,9.549569e-08,4.7747868e-08,0.0,9.549569e-08
266.8274,0.9207093,0.021463308,0.8761148,0.6012674,2014-11-28 19:00:00,0.0,9.808523e-06,2.1919061e-07,2.134866e-06,7.4063946e-06
267.2959,0.6043256,0.01336024,0.5290448,0.16174394,2014-11-28 20:00:00,0.0,1.0687842e-05,0.0,9.549569e-08,1.0306501e-05
268.22607,0.48687047,0.00998199,0.2507578,0.32443076,2014-11-28 21:00:00,8.0,6.030975e-06,0.0,2.4418714e-06,3.7031832e-06
268.02783,0.9250144,0.751262,0.817566,0.12759018,2014-11-28 22:00:00,8.0,6.135729e-05,0.0,6.079329e-05,9.549567e-07
268.17773,0.9179143,0.50857663,0.7515794,0.53157157,2014-11-28 23:00:00,3.0,0.0002736,0.0,0.0002723029,8.588201e-07
268.10986,0.7585881,0.3022604,0.53557533,0.4083318,2014-11-29 00:00:00,8.0,0.0001340373,0.0,0.00012996624,3.6794572e-06
268.2058,0.65905225,0.26108515,0.32849038,0.3708099,2014-11-29 01:00:00,8.0,8.2796454e-05,0.0,8.265354e-05,1.14079796e-07
268.10327,0.45958477,0.08621174,0.106943846,0.3517071,2014-11-29 02:00:00,0.0,1.959638e-05,0.0,1.946275e-05,0.0
267.91943,0.1876365,0.01173529,0.021724582,0.16255808,2014-11-29 03:00:00,0.0,0.0,0.0,0.0,0.0
267.88867,0.028720424,0.005003199,0.0054821298,0.023717225,2014-11-29 04:00:00,0.0,0.0,0.0,0.0,0.0
267.65234,0.27491945,0.005003199,0.16175276,0.15716338,2014-11-29 05:00:00,0.0,0.0,0.0,0.0,0.0
267.07617,0.50542176,0.005003199,0.5037968,0.014985189,2014-11-29 06:00:00,0.0,0.0,0.0,0.0,0.0
267.29224,0.5577255,0.02323829,0.52036816,0.110584676,2014-11-29 07:00:00,5.0,0.0,0.0,0.0,0.0
267.54053,0.91997683,0.061469078,0.8945057,0.45233572,2014-11-29 08:00:00,5.0,0.0,0.0,0.0,0.0
268.85645,0.94568026,0.13256472,0.9032005,0.8103574,2014-11-29 09:00:00,5.0,0.0,0.0,0.0,0.0
269.0105,0.83552396,0.419801,0.73046625,0.25670892,2014-11-29 10:00:00,5.0,0.0,0.0,0.0,0.0
269.11914,0.47208548,0.36346227,0.19242436,0.0,2014-11-29 11:00:00,5.0,0.0,0.0,0.0,0.0
269.07275,0.4659953,0.45252383,0.02357202,0.0,2014-11-29 12:00:00,5.0,0.0,0.0,0.0,0.0
268.9502,0.4242038,0.3944413,0.0,0.076829255,2014-11-29 13:00:00,5.0,0.0,2.6196943e-08,0.0,0.0
268.8418,0.48296237,0.476223,0.0033782488,0.016832627,2014-11-29 14:00:00,5.0,0.0,1.42599745e-08,0.0,0.0
270.70923,0.4890461,0.4890461,0.0,0.0,2014-11-29 15:00:00,5.0,0.0,1.42599745e-08,0.0,0.0
272.0869,0.36167157,0.36167157,0.0,0.0,2014-11-29 16:00:00,0.0,0.0,0.0,0.0,0.0
273.0127,0.43426627,0.17669833,0.0,0.28883684,2014-11-29 17:00:00,0.0,0.0,0.0,0.0,0.0
273.9663,0.50600314,0.0065169036,0.0,0.5027532,2014-11-29 18:00:00,0.0,0.0,0.0,0.0,0.0
275.12793,0.15052253,0.0,0.0,0.15052253,2014-11-29 19:00:00,0.0,0.0,0.0,0.0,0.0
275.37085,0.0,0.0,0.0,0.0,2014-11-29 20:00:00,0.0,0.0,0.0,0.0,0.0
276.36108,0.0032499009,0.0032499009,0.0,0.0,2014-11-29 21:00:00,0.0,0.0,0.0,0.0,0.0
273.59204,0.0,0.0,0.0,0.0,2014-11-29 22:00:00,0.0,0.0,0.0,0.0,0.0
272.13184,0.00998199,0.00998199,0.0,0.0,2014-11-29 23:00:00,0.0,0.0,0.0,0.0,0.0
271.8318,0.013145056,0.013145056,0.0,0.0,2014-11-30 00:00:00,3.0,0.0,0.0,0.0,0.0
272.0454,0.1767801,0.1751911,0.0,0.0015890491,2014-11-30 01:00:00,8.0,0.0,1.00223076e-07,0.0,2.6726156e-07
271.78955,0.60946435,0.60656166,0.0,0.0055321716,2014-11-30 02:00:00,5.0,5.3452317e-07,7.0612634e-07,0.0,1.0113599e-06
270.42065,0.92344755,0.91974384,0.0,0.009241991,2014-11-30 03:00:00,5.0,1.3164308e-06,1.2210958e-06,0.0,1.3164308e-06
271.19458,0.98711264,0.98711264,0.0,0.0,2014-11-30 04:00:00,5.0,1.3350154e-06,1.2302271e-06,0.0,1.3350154e-06
270.83228,1.0,1.0,0.0,0.0,2014-11-30 05:00:00,5.0,1.8118526e-06,1.9118343e-06,0.0,1.8118526e-06
270.0166,0.9978792,0.9978792,0.0,0.18139493,2014-11-30 06:00:00,5.0,2.4982655e-06,2.3981238e-06,0.0,2.4982655e-06
269.0166,1.0,1.0,0.03493323,0.10789174,2014-11-30 07:00:00,5.0,8.924016e-06,9.05989e-06,0.0,8.924016e-06
267.3994,0.989375,0.989375,0.010076694,0.0,2014-11-30 08:00:00,5.0,5.6258987e-06,5.513577e-06,0.0,5.6258987e-06
265.5564,0.98713785,0.98713785,0.021626085,0.002103883,2014-11-30 09:00:00,5.0,2.1361493e-06,2.2792328e-06,0.0,2.1361493e-06
263.53394,0.9585022,0.9585022,0.097682,0.05473538,2014-11-30 10:00:00,5.0,3.5852445e-06,3.2991584e-06,0.0,3.5852445e-06
263.17334,0.96551347,0.9615176,0.37055075,0.09833717,2014-11-30 11:00:00,5.0,2.861023e-06,2.6988719e-06,0.0,2.861023e-06
262.95654,0.9182636,0.8894931,0.31343067,0.17991525,2014-11-30 12:00:00,5.0,2.5174904e-06,2.1311816e-06,0.0,2.250229e-06
262.49487,0.49110729,0.3595004,0.30166918,0.22356057,2014-11-30 13:00:00,5.0,2.1739588e-06,2.3174453e-06,0.0,2.1739588e-06
262.19263,0.31923813,0.10668647,0.24953282,0.14819247,2014-11-30 14:00:00,0.0,1.3356566e-06,1.3544004e-06,0.0,1.3356566e-06
262.0039,0.5625755,0.23195916,0.46901745,0.024816208,2014-11-30 15:00:00,5.0,3.8198294e-07,5.507808e-07,0.0,4.0056705e-07
262.3169,0.7549464,0.5559257,0.45971543,0.0,2014-11-30 16:00:00,5.0,5.7233285e-07,5.769789e-07,0.0,5.7233285e-07
262.77173,0.8475546,0.7812046,0.53072745,0.0,2014-11-30 17:00:00,5.0,4.082609e-06,3.877357e-06,0.0,4.082609e-06
263.19556,0.96732885,0.91043967,0.6593132,0.0,2014-11-30 18:00:00,5.0,4.538929e-06,4.935335e-06,0.0,4.9016853e-06
263.15283,0.9286058,0.79954207,0.84108335,0.0,2014-11-30 19:00:00,5.0,5.0734516e-06,4.809077e-06,0.0,5.054868e-06
263.11646,0.9767874,0.87804496,0.8486861,0.0,2014-11-30 20:00:00,5.0,3.7762456e-06,3.6070442e-06,0.0,3.7762456e-06
263.47607,0.59673864,0.122617245,0.5485779,0.0,2014-11-30 21:00:00,5.0,9.536743e-07,6.460371e-07,0.0,8.5817857e-07
262.13892,0.17579788,0.026065987,0.14115423,0.024892747,2014-11-30 22:00:00,0.0,0.0,0.0,0.0,0.0
261.49097,0.2939837,0.0,0.23296297,0.08658159,2014-11-30 23:00:00,0.0,0.0,0.0,0.0,0.0
260.90967,0.14713466,0.0,0.038158186,0.10897648,2014-12-01 00:00:00,0.0,0.0,0.0,0.0,0.0
260.21948,0.0,0.0,0.0,0.0,2014-12-01 01:00:00,0.0,0.0,0.0,0.0,0.0
259.70068,0.0,0.0,0.0,0.0,2014-12-01 02:00:00,0.0,0.0,0.0,0.0,0.0
258.65503,0.00053172023,0.0,0.0,0.00053172023,2014-12-01 03:00:00,0.0,0.0,0.0,0.0,0.0
258.55566,0.0,0.0,0.0,0.0,2014-12-01 04:00:00,0.0,0.0,0.0,0.0,0.0
258.17578,0.00053172023,0.0,0.0,0.00053172023,2014-12-01 05:00:00,0.0,0.0,0.0,0.0,0.0
258.00342,0.0066124983,0.0,0.0,0.0066124983,2014-12-01 06:00:00,0.0,0.0,0.0,0.0,0.0
257.52295,0.00053172023,0.0,0.0,0.00053172023,2014-12-01 07:00:00,0.0,0.0,0.0,0.0,0.0
257.70532,0.0152556375,0.0152556375,0.0,0.0,2014-12-01 08:00:00,0.0,0.0,0.0,0.0,0.0
256.71704,0.03763817,0.03763817,0.0,0.0,2014-12-01 09:00:00,0.0,0.0,0.0,0.0,0.0
255.53937,0.016065419,0.016065419,0.0,0.0,2014-12-01 10:00:00,0.0,0.0,0.0,0.0,0.0
255.15506,0.0010573287,0.00053172023,0.0,0.00053172023,2014-12-01 11:00:00,0.0,0.0,0.0,0.0,0.0
254.82883,0.0,0.0,0.0,0.0,2014-12-01 12:00:00,0.0,0.0,0.0,0.0,0.0
254.42786,0.0,0.0,0.0,0.0,2014-12-01 13:00:00,0.0,0.0,0.0,0.0,0.0
254.01198,0.0,0.0,0.0,0.0,2014-12-01 14:00:00,0.0,0.0,0.0,0.0,0.0
255.30426,0.0,0.0,0.0,0.0,2014-12-01 15:00:00,0.0,0.0,0.0,0.0,0.0
256.04883,0.04484364,0.04484364,0.0,0.0,2014-12-01 16:00:00,0.0,0.0,0.0,0.0,0.0
256.93896,0.0,0.0,0.0,0.0,2014-12-01 17:00:00,0.0,0.0,0.0,0.0,0.0
257.1223,0.0,0.0,0.0,0.0,2014-12-01 18:00:00,0.0,0.0,0.0,0.0,0.0
257.83032,0.0,0.0,0.0,0.0,2014-12-01 19:00:00,0.0,0.0,0.0,0.0,0.0
258.0974,0.0,0.0,0.0,0.0,2014-12-01 20:00:00,0.0,0.0,0.0,0.0,0.0
258.5127,0.0,0.0,0.0,0.0,2014-12-01 21:00:00,0.0,0.0,0.0,0.0,0.0
256.5315,0.0,0.0,0.0,0.0,2014-12-01 22:00:00,0.0,0.0,0.0,0.0,0.0
255.55058,0.0,0.0,0.0,0.0,2014-12-01 23:00:00,0.0,0.0,0.0,0.0,0.0
256.25952,0.0,0.0,0.0,0.0,2014-12-02 00:00:00,0.0,0.0,0.0,0.0,0.0
256.21362,0.0154113695,0.0,0.0,0.0154113695,2014-12-02 01:00:00,0.0,0.0,0.0,0.0,0.0
255.8538,0.41658145,0.0,0.0,0.41658145,2014-12-02 02:00:00,0.0,0.0,0.0,0.0,0.0
255.73883,0.7527345,0.0,0.0,0.7527345,2014-12-02 03:00:00,0.0,0.0,0.0,0.0,0.0
256.0166,0.9715291,0.0,0.0,0.9715291,2014-12-02 04:00:00,0.0,0.0,0.0,0.0,0.0
256.04272,0.90047556,0.0,0.0,0.90047556,2014-12-02 05:00:00,0.0,0.0,0.0,0.0,0.0
256.0525,0.95904535,0.0,0.41203487,0.92071474,2014-12-02 06:00:00,0.0,0.0,0.0,0.0,0.0
257.16992,0.98463917,0.0,0.92899805,0.73650986,2014-12-02 07:00:00,5.0,5.3452317e-07,5.273124e-07,2.6726156e-07,2.6726156e-07
258.96582,0.8963456,0.0,0.85719764,0.4446807,2014-12-02 08:00:00,5.0,3.052014e-06,2.9899247e-06,5.915585e-07,2.1931937e-06
260.51587,0.9831327,0.0,0.9324375,0.8462005,2014-12-02 09:00:00,0.0,2.2815959e-07,3.3359237e-07,0.0,3.813414e-07
262.98633,0.9625095,0.0,0.60101116,0.89754766,2014-12-02 10:00:00,5.0,2.4034016e-06,2.7466085e-06,2.794356e-06,0.0
263.53345,0.85974115,0.0,0.30839646,0.8303005,2014-12-02 11:00:00,0.0,3.892901e-06,3.988236e-06,4.083571e-06,0.0
263.3855,0.96336967,0.0,0.06753051,0.96336967,2014-12-02 12:00:00,0.0,1.2971968e-06,1.3116178e-06,1.240157e-06,0.0
263.34473,0.93822014,0.0,0.08086568,0.931592,2014-12-02 13:00:00,0.0,0.0,0.0,0.0,0.0
263.58862,0.9472015,0.0,0.524691,0.92737377,2014-12-02 14:00:00,0.0,0.0,0.0,0.0,0.0
264.95972,0.9750379,0.0,0.93613017,0.88940233,2014-12-02 15:00:00,5.0,0.0,0.0,0.0,0.0
265.31958,1.0,0.0,1.0,0.8365336,2014-12-02 16:00:00,5.0,1.5253654e-06,1.5351407e-06,0.0,1.5253654e-06
265.88184,1.0,0.0,1.0,0.8650419,2014-12-02 17:00:00,5.0,5.11062e-06,5.0651133e-06,0.0,5.2246996e-06
266.24512,0.99550825,0.0,0.99286187,0.8304539,2014-12-02 18:00:00,5.0,9.649549e-06,9.680714e-06,0.0,9.707234e-06
266.3047,0.98527277,0.0,0.98527277,0.015615076,2014-12-02 19:00:00,5.0,7.4493655e-05,7.451048e-05,2.9269431e-05,4.5176464e-05
266.51514,0.8287739,0.0,0.8287739,0.0033782488,2014-12-02 20:00:00,5.0,4.2618572e-05,4.2611282e-05,0.0,4.2618572e-05
267.3098,0.9825204,0.0,0.9825204,0.0,2014-12-02 21:00:00,5.0,5.469528e-05,5.445695e-05,0.0,5.469528e-05
266.99805,1.0,0.0023709626,1.0,0.0,2014-12-02 22:00:00,5.0,8.620748e-05,8.603091e-05,0.0,8.620748e-05
267.61572,0.3707652,0.0,0.3707652,0.0,2014-12-02 23:00:00,5.0,3.574221e-05,3.5653764e-05,0.0,3.5589022e-05
267.437,0.008476965,0.0,0.008476965,0.0,2014-12-03 00:00:00,0.0,5.3400445e-06,5.4167967e-06,1.432436e-07,5.302234e-06
266.36963,0.0,0.0,0.0,0.0,2014-12-03 01:00:00,0.0,0.0,3.5810903e-08,0.0,0.0
265.886,0.0,0.0,0.0,0.0,2014-12-03 02:00:00,0.0,0.0,0.0,0.0,0.0
265.02808,0.0,0.0,0.0,0.0,2014-12-03 03:00:00,0.0,0.0,0.0,0.0,0.0
265.21387,0.0,0.0,0.0,0.0,2014-12-03 04:00:00,0.0,0.0,0.0,0.0,0.0
265.15308,0.0016249504,0.0,0.0016249504,0.0,2014-12-03 05:00:00,0.0,0.0,0.0,0.0,0.0
264.89624,0.18649292,0.0,0.18649292,0.0,2014-12-03 06:00:00,0.0,0.0,0.0,0.0,0.0
264.12964,0.43064165,0.0,0.43064165,0.0,2014-12-03 07:00:00,5.0,0.0,0.0,0.0,0.0
263.57056,0.32070553,0.00998199,0.32070553,0.0,2014-12-03 08:00:00,5.0,0.0,1.7641071e-07,0.0,3.813414e-07
262.70483,0.16452622,0.04166936,0.16452622,0.0,2014-12-03 09:00:00,0.0,3.813414e-07,3.549829e-07,0.0,3.813414e-07
262.47583,0.011474017,0.011474017,0.011474017,0.0,2014-12-03 10:00:00,0.0,0.0,2.8519953e-08,0.0,0.0
262.6963,0.024012662,0.024012662,0.0,0.0,2014-12-03 11:00:00,0.0,0.0,0.0,0.0,0.0
262.76,0.0,0.0,0.0,0.0,2014-12-03 12:00:00,0.0,0.0,0.0,0.0,0.0
263.01318,0.0,0.0,0.0,0.0,2014-12-03 13:00:00,0.0,0.0,0.0,0.0,0.0
263.1775,0.0,0.0,0.0,0.0,2014-12-03 14:00:00,0.0,0.0,0.0,0.0,0.0
265.22363,0.0,0.0,0.0,0.0,2014-12-03 15:00:00,0.0,0.0,0.0,0.0,0.0
266.13525,0.0,0.0,0.0,0.0,2014-12-03 16:00:00,5.0,0.0,7.618763e-08,0.0,0.0
266.87012,0.26181132,0.26181132,0.0,0.0,2014-12-03 17:00:00,5.0,9.72258e-07,9.390924e-07,0.0,9.72258e-07
267.2256,0.14202976,0.14202976,0.0,0.0,2014-12-03 18:00:00,5.0,0.0,0.0,0.0,0.0
267.30347,0.2831419,0.2831419,0.0,0.0,2014-12-03 19:00:00,5.0,0.0,0.0,0.0,0.0
267.5437,0.17044878,0.17044878,0.0,0.0,2014-12-03 20:00:00,0.0,0.0,0.0,0.0,0.0
267.46997,0.124436975,0.02587448,0.0,0.10191023,2014-12-03 21:00:00,0.0,0.0,0.0,0.0,0.0
266.0586,0.58704776,0.0,0.0,0.58704776,2014-12-03 22:00:00,0.0,0.0,0.0,0.0,0.0
265.15625,0.6320451,0.0,0.0,0.6320451,2014-12-03 23:00:00,0.0,0.0,0.0,0.0,0.0
262.81177,0.83234763,0.0,0.0,0.83234763,2014-12-04 00:00:00,0.0,0.0,0.0,0.0,0.0
264.28223,0.95264167,0.0,0.0,0.95264167,2014-12-04 01:00:00,0.0,0.0,0.0,0.0,0.0
263.5691,0.96869093,0.0,0.0,0.96869093,2014-12-04 02:00:00,0.0,0.0,0.0,0.0,0.0
262.96094,0.97838664,0.0,0.0,0.97838664,2014-12-04 03:00:00,0.0,0.0,0.0,0.0,0.0
262.7517,0.99164295,0.0,0.0,0.99164295,2014-12-04 04:00:00,0.0,0.0,0.0,0.0,0.0
262.2041,0.95375514,0.0,0.02568547,0.95375514,2014-12-04 05:00:00,0.0,0.0,0.0,0.0,0.0
261.36353,0.9265646,0.0,0.22753924,0.9209266,2014-12-04 06:00:00,0.0,0.0,0.0,0.0,0.0
259.78516,0.9909002,0.0,0.81746554,0.9065638,2014-12-04 07:00:00,0.0,0.0,0.0,0.0,0.0
259.7798,0.99946827,0.0032499009,0.99841094,0.5793147,2014-12-04 08:00:00,5.0,0.0,0.0,0.0,0.0
262.271,1.0,0.005003199,1.0,0.14890158,2014-12-04 09:00:00,5.0,8.5817857e-07,7.7013414e-07,0.0,8.5817857e-07
265.7754,0.9669948,0.0,0.9669948,0.16005683,2014-12-04 10:00:00,5.0,9.536743e-07,9.796295e-07,0.0,9.536743e-07
266.04126,0.93613607,0.0,0.93613607,0.0,2014-12-04 11:00:00,0.0,3.813414e-07,2.5732453e-07,0.0,1.14079796e-07
266.1494,0.9632082,0.0,0.9632082,0.0,2014-12-04 12:00:00,0.0,0.0,1.42599745e-08,0.0,0.0
266.19702,0.94156975,0.0,0.9381915,0.00998199,2014-12-04 13:00:00,0.0,0.0,0.0,0.0,0.0
266.18384,0.8390351,0.0,0.79585814,0.21038401,2014-12-04 14:00:00,0.0,0.0,0.0,0.0,0.0
268.04688,0.6465361,0.0,0.6431579,0.027619123,2014-12-04 15:00:00,0.0,0.0,0.0,0.0,0.0
268.70166,0.4080066,0.0,0.4080066,0.0,2014-12-04 16:00:00,0.0,0.0,0.0,0.0,0.0
270.0835,0.19958186,0.0,0.19958186,0.0,2014-12-04 17:00:00,0.0,0.0,0.0,0.0,0.0
271.083,0.3024397,0.0,0.09369981,0.2344048,2014-12-04 18:00:00,0.0,0.0,0.0,0.0,0.0
271.9087,0.015773118,0.0,0.015773118,0.0,2014-12-04 19:00:00,0.0,0.0,0.0,0.0,0.0
272.32764,0.05124168,0.010724671,0.05124168,0.0,2014-12-04 20:00:00,0.0,0.0,0.0,0.0,0.0
272.73608,0.10473132,0.04745766,0.07811141,0.016610142,2014-12-04 21:00:00,0.0,0.0,0.0,0.0,0.0
271.6223,0.14402556,0.08929336,0.105317354,0.037194513,2014-12-04 22:00:00,0.0,0.0,0.0,0.0,0.0
271.07593,0.13371325,0.10336959,0.09864414,0.007789418,2014-12-04 23:00:00,0.0,0.0,0.0,0.0,0.0
270.50366,0.18535566,0.07987416,0.049991686,0.12067264,2014-12-05 00:00:00,0.0,0.0,0.0,0.0,0.0
270.40698,0.10597199,0.061381657,0.0202431,0.04322668,2014-12-05 01:00:00,0.0,0.0,0.0,0.0,0.0
270.52368,0.21545416,0.058827557,0.0,0.16949683,2014-12-05 02:00:00,0.0,0.0,0.0,0.0,0.0
269.91895,0.36877084,0.13948697,0.0,0.270553,2014-12-05 03:00:00,0.0,0.0,0.0,0.0,0.0
269.9336,0.35989445,0.10798532,0.0,0.2764017,2014-12-05 04:00:00,0.0,0.0,0.0,0.0,0.0
269.4895,0.18906951,0.099020004,0.0,0.09341067,2014-12-05 05:00:00,0.0,0.0,0.0,0.0,0.0
269.13452,0.062107507,0.050984163,0.0,0.011655062,2014-12-05 06:00:00,5.0,0.0,0.0,0.0,0.0
268.88013,0.24885446,0.06102266,0.0,0.22126836,2014-12-05 07:00:00,5.0,3.050713e-07,3.4801275e-07,0.0,3.050713e-07
269.02026,0.39146733,0.048901822,0.0,0.3636939,2014-12-05 08:00:00,5.0,2.0957555e-07,2.1935102e-07,0.0,2.0957555e-07
268.2168,0.39174145,0.03215416,0.0,0.37016714,2014-12-05 09:00:00,5.0,0.0,1.4308318e-07,0.0,0.0
270.30615,0.5614648,0.08783221,0.0,0.5092064,2014-12-05 10:00:00,5.0,5.9091695e-07,4.6706162e-07,0.0,5.9091695e-07
270.46753,0.89609236,0.112932205,0.03538266,0.887728,2014-12-05 11:00:00,5.0,2.0957555e-07,3.241388e-07,0.0,3.050713e-07
270.61694,0.94131005,0.034070034,0.0,0.94131005,2014-12-05 12:00:00,5.0,3.050713e-07,3.0026484e-07,0.0,3.050713e-07
270.55444,1.0,0.032150574,0.004474845,1.0,2014-12-05 13:00:00,5.0,9.549569e-08,1.6695714e-07,0.0,9.549569e-08
270.5249,1.0,0.29537207,0.040875424,1.0,2014-12-05 14:00:00,5.0,0.0,4.7747868e-08,0.0,9.549569e-08
271.17627,0.98889697,0.29839975,0.0,0.98889697,2014-12-05 15:00:00,5.0,0.0,2.3873934e-08,0.0,0.0
272.2307,0.8273405,0.25388694,0.0,0.7966735,2014-12-05 16:00:00,5.0,0.0,4.7747868e-08,0.0,0.0
272.8711,0.61952776,0.25810128,0.005003199,0.5211049,2014-12-05 17:00:00,5.0,0.0,1.1920929e-07,0.0,0.0
273.13232,0.58215797,0.48543584,0.10409802,0.1484555,2014-12-05 18:00:00,6.0,9.549569e-08,1.1936964e-07,0.0,9.549569e-08
273.24805,0.7742422,0.7083188,0.24240553,0.00053172023,2014-12-05 19:00:00,6.0,0.0,1.1936965e-08,0.0,0.0
273.4214,0.46520633,0.31753033,0.27787435,0.0,2014-12-05 20:00:00,0.0,0.0,2.6196943e-08,0.0,0.0
273.98145,0.4255708,0.24204141,0.27157688,0.0,2014-12-05 21:00:00,0.0,0.0,0.0,0.0,0.0
273.2373,0.61974895,0.56538343,0.26715976,0.0,2014-12-05 22:00:00,0.0,0.0,0.0,0.0,0.0
272.95825,0.31501186,0.3123594,0.027545553,0.0,2014-12-05 23:00:00,0.0,0.0,0.0,0.0,0.0
272.5254,0.2648093,0.26322025,0.0068879165,0.0,2014-12-06 00:00:00,0.0,0.0,0.0,0.0,0.0
272.07568,0.15871501,0.15765768,0.0037098185,0.0,2014-12-06 01:00:00,0.0,0.0,1.144017e-07,0.0,9.549569e-08
271.4109,0.06280309,0.06280309,0.0,0.0,2014-12-06 02:00:00,0.0,0.0,5.239389e-08,0.0,9.549569e-08
269.97778,0.022727963,0.022727963,0.0,0.0,2014-12-06 03:00:00,0.0,0.0,2.3873934e-08,0.0,0.0
269.63843,0.014774166,0.014774166,0.0,0.0,2014-12-06 04:00:00,0.0,0.0,2.3873934e-08,0.0,0.0
269.11084,0.0026463778,0.0026463778,0.0,0.0,2014-12-06 05:00:00,0.0,0.0,0.0,0.0,0.0
268.39673,0.0,0.0,0.0,0.0,2014-12-06 06:00:00,0.0,0.0,0.0,0.0,0.0
268.06763,0.0,0.0,0.0,0.0,2014-12-06 07:00:00,0.0,0.0,1.1936965e-08,0.0,0.0
267.34546,0.0,0.0,0.0,0.0,2014-12-06 08:00:00,0.0,0.0,0.0,0.0,0.0
265.71973,0.007107079,0.007107079,0.0,0.0,2014-12-06 09:00:00,0.0,0.0,0.0,0.0,0.0
264.98657,0.045019872,0.045019872,0.0,0.0,2014-12-06 10:00:00,5.0,0.0,0.0,0.0,0.0
264.64673,0.07289034,0.07289034,0.0,0.0,2014-12-06 11:00:00,5.0,0.0,0.0,0.0,0.0
264.3252,0.0929299,0.0929299,0.0,0.0,2014-12-06 12:00:00,5.0,0.0,0.0,0.0,0.0
264.292,0.07490069,0.07490069,0.0,0.0,2014-12-06 13:00:00,5.0,0.0,0.0,0.0,0.0
263.70703,0.0840978,0.0840978,0.0,0.0,2014-12-06 14:00:00,5.0,0.0,3.3407698e-08,0.0,0.0
266.1421,0.042345036,0.042345036,0.0,0.0,2014-12-06 15:00:00,5.0,0.0,5.9604645e-08,0.0,0.0
267.57788,0.014985226,0.014985226,0.0,0.0,2014-12-06 16:00:00,0.0,0.0,0.0,0.0,0.0
269.0984,0.0,0.0,0.0,0.0,2014-12-06 17:00:00,0.0,0.0,0.0,0.0,0.0
269.4851,0.0,0.0,0.0,0.0,2014-12-06 18:00:00,0.0,0.0,0.0,0.0,0.0
270.4602,0.018931683,0.018931683,0.0,0.0,2014-12-06 19:00:00,0.0,0.0,0.0,0.0,0.0
271.36768,0.0,0.0,0.0,0.0,2014-12-06 20:00:00,0.0,0.0,0.0,0.0,0.0
272.78955,0.0,0.0,0.0,0.0,2014-12-06 21:00:00,0.0,0.0,0.0,0.0,0.0
271.61743,0.0,0.0,0.0,0.0,2014-12-06 22:00:00,0.0,0.0,0.0,0.0,0.0
270.65894,0.0068433695,0.0,0.0,0.0068433695,2014-12-06 23:00:00,0.0,0.0,0.0,0.0,0.0
269.95874,0.031291492,0.0,0.016873889,0.014417604,2014-12-07 00:00:00,0.0,0.0,0.0,0.0,0.0
269.86865,0.51255494,0.0,0.21114993,0.37166798,2014-12-07 01:00:00,0.0,0.0,0.0,0.0,0.0
269.93872,0.98279387,0.0,0.64625156,0.89834404,2014-12-07 02:00:00,0.0,0.0,0.0,0.0,0.0
269.58252,0.9978961,0.0,0.80035704,0.9978961,2014-12-07 03:00:00,0.0,0.0,0.0,0.0,0.0
269.3816,1.0,0.0,0.7922916,1.0,2014-12-07 04:00:00,0.0,0.0,0.0,0.0,0.0
269.39575,1.0,0.0,0.4773332,1.0,2014-12-07 05:00:00,0.0,0.0,0.0,0.0,0.0
269.15088,1.0,0.0,0.23102415,1.0,2014-12-07 06:00:00,0.0,0.0,0.0,0.0,0.0
268.8711,1.0,0.0,0.073958635,1.0,2014-12-07 07:00:00,0.0,0.0,0.0,0.0,0.0
268.6648,1.0,0.0,0.0,1.0,2014-12-07 08:00:00,0.0,0.0,0.0,0.0,0.0
268.9475,1.0,0.0,0.0,1.0,2014-12-07 09:00:00,0.0,0.0,0.0,0.0,0.0
269.8423,1.0,0.0,0.0,1.0,2014-12-07 10:00:00,0.0,0.0,0.0,0.0,0.0
269.75903,0.99627113,0.0,0.04516659,0.99627113,2014-12-07 11:00:00,0.0,0.0,0.0,0.0,0.0
269.74902,1.0,0.0,0.6362208,1.0,2014-12-07 12:00:00,0.0,0.0,0.0,0.0,0.0
269.97437,0.9978961,0.0,0.94362,0.9957922,2014-12-07 13:00:00,0.0,0.0,0.0,0.0,0.0
270.16528,0.99946827,0.0,0.9771083,0.9894646,2014-12-07 14:00:00,0.0,0.0,0.0,0.0,0.0
271.6538,1.0,0.01998901,0.99371904,0.9683178,2014-12-07 15:00:00,0.0,0.0,0.0,0.0,0.0
272.25415,1.0,0.055436496,1.0,0.91839397,2014-12-07 16:00:00,5.0,0.0,0.0,0.0,0.0
273.43677,1.0,0.13667154,1.0,0.90206677,2014-12-07 17:00:00,0.0,0.0,0.0,0.0,0.0
274.0525,1.0,0.14213842,1.0,0.9748986,2014-12-07 18:00:00,6.0,0.0,9.301232e-08,0.0,0.0
274.2671,1.0,0.2999878,1.0,1.0,2014-12-07 19:00:00,7.0,5.9733075e-06,1.583212e-06,0.0,5.9733075e-06
274.3225,0.9891607,0.25684416,0.97079664,0.9556278,2014-12-07 20:00:00,6.0,1.7127677e-05,9.414644e-06,0.0,1.7127677e-05
274.6167,0.99736434,0.33933508,0.98211485,0.9123654,2014-12-07 21:00:00,6.0,6.750056e-06,6.4017204e-06,0.0,6.6923703e-06
274.21655,0.9505771,0.3908968,0.92155546,0.3477307,2014-12-07 22:00:00,7.0,0.0002574094,0.00018333238,0.00025429926,3.18597e-06
274.14185,0.99371904,0.92961323,0.94081515,0.76897943,2014-12-07 23:00:00,6.0,0.0006983387,0.00048826518,0.00066626724,3.231925e-05
274.0857,0.99946827,0.92117244,0.8109831,0.93521625,2014-12-08 00:00:00,5.0,0.00014927908,0.000109191315,7.992629e-05,6.935277e-05
274.1731,0.9978961,0.99310994,0.85798013,0.68001175,2014-12-08 01:00:00,5.0,5.6416116e-05,5.5192126e-05,0.0,5.6416116e-05
274.30444,0.997629,0.9913481,0.5631687,0.04189903,2014-12-08 02:00:00,6.0,7.104484e-05,6.9909875e-05,0.0,7.104484e-05
274.4795,0.9727757,0.9717184,0.023379274,0.00053172023,2014-12-08 03:00:00,6.0,6.104144e-05,6.01114e-05,0.0,6.104144e-05
274.4817,0.9091393,0.90676826,0.019000683,0.01234962,2014-12-08 04:00:00,6.0,2.3874498e-05,2.3437795e-05,0.0,2.3874498e-05
274.3518,0.8586835,0.84832656,0.04398622,0.026265707,2014-12-08 05:00:00,6.0,4.234498e-06,3.542229e-06,0.0,4.234498e-06
274.22046,0.85160077,0.80064636,0.34601128,0.006280929,2014-12-08 06:00:00,7.0,2.2211345e-05,1.7364931e-05,0.0,2.2211345e-05
274.21167,0.95178777,0.83127815,0.8737805,0.0,2014-12-08 07:00:00,5.0,2.9404284e-05,2.7180635e-05,0.0,2.9404284e-05
274.38745,0.9617135,0.85901743,0.94818586,0.0,2014-12-08 08:00:00,6.0,5.7292156e-05,5.2237738e-05,0.0,5.7292156e-05
274.66382,0.8484462,0.8007353,0.8142062,0.0,2014-12-08 09:00:00,6.0,5.1422714e-05,4.093912e-05,3.741662e-06,4.7681053e-05
274.51172,0.5854428,0.48979616,0.41823828,0.0,2014-12-08 10:00:00,6.0,2.7610964e-05,1.3418701e-05,7.5149574e-06,1.9905332e-05
274.44922,0.8960521,0.8563116,0.78147537,0.0,2014-12-08 11:00:00,7.0,1.2927761e-05,6.3956304e-06,3.1843438e-06,9.877049e-06
274.5857,0.98509765,0.98173654,0.6753624,0.0,2014-12-08 12:00:00,1.0,1.569136e-05,8.794937e-06,0.0,1.569136e-05
274.88818,0.9966217,0.9966217,0.6047518,0.0,2014-12-08 13:00:00,7.0,1.4471078e-05,1.862717e-06,0.0,1.4471078e-05
274.59302,0.9957922,0.9957922,0.70650667,0.0,2014-12-08 14:00:00,6.0,2.2961234e-05,1.30821045e-05,0.0,2.2961234e-05
273.75244,1.0,1.0,0.67137516,0.0,2014-12-08 15:00:00,6.0,3.7913647e-05,3.3831864e-05,4.387021e-07,3.7513077e-05
273.04126,0.99451786,0.98663634,0.62665045,0.0,2014-12-08 16:00:00,5.0,3.894487e-05,3.802484e-05,7.0563834e-07,3.833472e-05
272.2505,1.0,1.0,0.4654997,0.0,2014-12-08 17:00:00,5.0,3.0377807e-05,3.0511117e-05,0.0,3.0377807e-05
271.86597,1.0,1.0,0.23430663,0.0,2014-12-08 18:00:00,5.0,2.2634966e-05,2.274489e-05,0.0,2.273047e-05
271.26685,0.99371904,0.99371904,0.10877019,0.0,2014-12-08 19:00:00,5.0,1.1976021e-05,1.18951075e-05,0.0,1.1861941e-05
271.06006,0.9906323,0.9906323,0.04507412,0.0,2014-12-08 20:00:00,5.0,9.422012e-06,9.283575e-06,0.0,9.326516e-06
270.66626,0.99657166,0.99657166,0.1150946,0.0,2014-12-08 21:00:00,5.0,1.0757028e-05,1.1052649e-05,0.0,1.113837e-05
270.12695,0.99946827,0.99946827,0.24125898,0.0,2014-12-08 22:00:00,5.0,1.3998751e-05,1.3908222e-05,0.0,1.3998751e-05
270.16724,1.0,1.0,0.49713558,0.0,2014-12-08 23:00:00,5.0,1.949005e-05,1.96381e-05,0.0,1.949005e-05
269.98535,0.9842654,0.97478735,0.5524663,0.0,2014-12-09 00:00:00,5.0,1.6667473e-05,1.6982158e-05,0.0,1.6667473e-05
269.82764,0.9671824,0.9671824,0.65612084,0.0,2014-12-09 01:00:00,5.0,1.2891244e-05,1.2624306e-05,0.0,1.2891244e-05
269.396,0.99368834,0.99368834,0.74336845,0.0,2014-12-09 02:00:00,5.0,1.1878591e-05,1.2045388e-05,0.0,1.1878591e-05
268.58936,0.95882016,0.95308805,0.36189634,0.0,2014-12-09 03:00:00,5.0,7.683845e-06,7.75066e-06,0.0,7.683845e-06
268.47314,0.5157171,0.5157171,0.08600479,0.0,2014-12-09 04:00:00,5.0,2.9552257e-06,2.9408047e-06,0.0,2.9552257e-06
267.83813,0.39293236,0.39293236,0.01659777,0.0,2014-12-09 05:00:00,5.0,7.8190845e-07,6.8176666e-07,0.0,6.864127e-07
267.79004,0.42479086,0.42479086,0.0,0.0,2014-12-09 06:00:00,5.0,6.864127e-07,7.722956e-07,0.0,5.9091695e-07
267.52954,0.5627565,0.5627565,0.0,0.0,2014-12-09 07:00:00,5.0,1.1632492e-06,1.0679141e-06,0.0,1.1632492e-06
267.20435,0.68177515,0.68177515,0.0,0.0,2014-12-09 08:00:00,5.0,1.7541661e-06,1.7210004e-06,0.0,1.7541661e-06
266.95605,0.8082941,0.8082941,0.0,0.0,2014-12-09 09:00:00,5.0,1.3542412e-06,1.3874069e-06,0.0,1.3542412e-06
266.1526,0.852107,0.852107,0.0,0.0,2014-12-09 10:00:00,5.0,1.7355824e-06,1.8168193e-06,0.0,1.7355824e-06
265.90723,0.8836822,0.8765751,0.0,0.03618872,2014-12-09 11:00:00,5.0,3.0705978e-06,3.080374e-06,0.0,3.0705978e-06
265.8562,0.94798136,0.94798136,0.0,0.043933906,2014-12-09 12:00:00,5.0,4.3479276e-06,4.2001984e-06,0.0,4.3479276e-06
265.78198,0.940727,0.93910205,0.0,0.023956567,2014-12-09 13:00:00,5.0,3.2801736e-06,3.3469887e-06,0.0,3.2801736e-06
265.82642,0.9587654,0.9542737,0.0,0.37080353,2014-12-09 14:00:00,5.0,2.956518e-06,2.9470657e-06,0.0,2.956518e-06
266.45996,0.96652174,0.94281834,0.0,0.3010751,2014-12-09 15:00:00,5.0,2.17461e-06,2.0600464e-06,0.0,2.17461e-06
266.49194,0.92844516,0.9255559,0.0,0.03804933,2014-12-09 16:00:00,5.0,9.536743e-07,8.822129e-07,0.0,9.536743e-07
266.95093,0.7519524,0.7197606,0.0,0.11024195,2014-12-09 17:00:00,5.0,7.6332435e-07,8.6330573e-07,0.0,7.6332435e-07
267.386,0.7359007,0.6373194,0.0,0.32482493,2014-12-09 18:00:00,5.0,1.106856e-06,1.2166129e-06,0.0,1.106856e-06
267.5791,0.87683666,0.54311275,0.0,0.63845253,2014-12-09 19:00:00,5.0,2.3636676e-06,2.2683325e-06,0.0,2.3636676e-06
267.80273,0.9135782,0.5128133,0.0,0.8163801,2014-12-09 20:00:00,5.0,0.0,0.0,0.0,0.0
268.36182,0.98374313,0.5259708,0.007936597,0.9090038,2014-12-09 21:00:00,0.0,0.0,0.0,0.0,0.0
268.406,0.9873607,0.803231,0.1699146,0.8923051,2014-12-09 22:00:00,5.0,0.0,0.0,0.0,0.0
268.45972,0.94780004,0.6359728,0.41240138,0.8036462,2014-12-09 23:00:00,5.0,0.0,0.0,0.0,0.0
268.50708,0.9499811,0.712015,0.5714014,0.771199,2014-12-10 00:00:00,5.0,0.0,0.0,0.0,0.0
268.41943,0.9369418,0.659077,0.67627984,0.6631252,2014-12-10 01:00:00,5.0,0.0,2.3873934e-08,0.0,0.0
268.60327,0.9349516,0.52608234,0.69375336,0.6005476,2014-12-10 02:00:00,5.0,0.0,1.1920929e-07,0.0,0.0
268.59985,0.7517979,0.46289623,0.38167286,0.1736663,2014-12-10 03:00:00,5.0,0.0,1.1920929e-07,0.0,0.0
268.49292,0.33793277,0.2901516,0.016302288,0.05811648,2014-12-10 04:00:00,5.0,0.0,2.3841858e-07,0.0,0.0
268.35693,0.34189147,0.28943682,0.0,0.080192745,2014-12-10 05:00:00,5.0,0.0,2.3841858e-07,0.0,4.7683716e-07
268.61816,0.31925637,0.21092993,0.0,0.1316567,2014-12-10 06:00:00,5.0,2.0957555e-07,2.9081247e-07,0.0,2.0957555e-07
268.29028,0.1815139,0.115160465,0.0057492107,0.066722274,2014-12-10 07:00:00,5.0,0.0,1.4772922e-07,0.0,0.0
268.31738,0.046836235,0.045247186,0.0015890491,0.0,2014-12-10 08:00:00,5.0,0.0,1.1920929e-07,0.0,0.0
268.13745,0.0067320913,0.0067320913,0.0,0.0,2014-12-10 09:00:00,5.0,0.0,0.0,0.0,0.0
267.82007,0.028315015,0.026194245,0.0,0.0021207693,2014-12-10 10:00:00,5.0,0.0,1.1920929e-07,0.0,0.0
267.79272,0.019304235,0.019304235,0.0,0.0,2014-12-10 11:00:00,0.0,0.0,0.0,0.0,0.0
267.7827,0.1623469,0.1623469,0.0,0.0,2014-12-10 12:00:00,0.0,0.0,0.0,0.0,0.0
267.82007,0.11925846,0.11925846,0.0,0.0,2014-12-10 13:00:00,0.0,0.0,0.0,0.0,0.0
267.88696,0.04831524,0.04831524,0.0,0.0,2014-12-10 14:00:00,0.0,0.0,0.0,0.0,0.0
268.85596,0.10096276,0.10096276,0.0,0.0,2014-12-10 15:00:00,0.0,0.0,0.0,0.0,0.0
269.56128,0.19265181,0.19265181,0.0,0.0,2014-12-10 16:00:00,5.0,0.0,0.0,0.0,0.0
269.7356,0.48082608,0.48082608,0.0,0.0,2014-12-10 17:00:00,5.0,0.0,0.0,0.0,0.0
270.23315,0.6831599,0.6831599,0.0,0.0,2014-12-10 18:00:00,5.0,0.0,0.0,0.0,0.0
270.42236,0.8196457,0.8196457,0.0,0.0,2014-12-10 19:00:00,5.0,0.0,3.3375392e-07,0.0,3.813414e-07
270.59863,1.0,1.0,0.0,0.0,2014-12-10 20:00:00,5.0,0.0,1.6215074e-07,0.0,0.0
271.13208,1.0,1.0,0.0,0.0,2014-12-10 21:00:00,5.0,0.0,0.0,0.0,0.0
270.86377,0.9858796,0.9858796,0.0,0.0,2014-12-10 22:00:00,5.0,0.0,0.0,0.0,0.0
271.01807,0.982148,0.982148,0.0,0.0,2014-12-10 23:00:00,5.0,0.0,9.533534e-08,0.0,0.0
271.30518,0.9613149,0.9613149,0.0,0.0,2014-12-11 00:00:00,5.0,0.0,8.107537e-08,0.0,0.0
271.3423,0.9752568,0.9752568,0.0,0.0,2014-12-11 01:00:00,5.0,0.0,8.107537e-08,0.0,0.0
271.3484,0.92435896,0.92435896,0.0,0.0,2014-12-11 02:00:00,5.0,3.813414e-07,2.86006e-07,0.0,3.813414e-07
271.2351,0.8288598,0.8288598,0.0,0.0,2014-12-11 03:00:00,5.0,1.372825e-06,1.1868005e-06,0.0,1.372825e-06
270.93042,0.84787965,0.84787965,0.0,0.0,2014-12-11 04:00:00,5.0,1.2010587e-06,1.3156223e-06,0.0,1.2010587e-06
270.6477,0.78490686,0.78490686,0.0,0.0,2014-12-11 05:00:00,5.0,2.3476678e-06,2.0804064e-06,0.0,2.3476678e-06
270.1477,0.8226663,0.8226663,0.0,0.0,2014-12-11 06:00:00,5.0,8.1274e-06,7.6314955e-06,0.0,8.1274e-06
270.32373,0.85604525,0.85604525,0.0,0.0,2014-12-11 07:00:00,5.0,4.1204094e-06,4.1728035e-06,0.0,4.1204094e-06
270.01562,0.9364495,0.9364495,0.0,0.0118877925,2014-12-11 08:00:00,5.0,3.3391516e-06,3.1721947e-06,0.0,3.2436565e-06
270.15576,0.9796658,0.9796658,0.0,0.09099865,2014-12-11 09:00:00,5.0,1.4503226e-05,1.4212575e-05,0.0,1.4503226e-05
270.7224,0.9928871,0.9928871,0.0,0.4393795,2014-12-11 10:00:00,5.0,7.0968135e-06,6.9631833e-06,0.0,7.0968135e-06
270.81006,0.98970896,0.98970896,0.0,0.032186132,2014-12-11 11:00:00,5.0,2.0214284e-06,2.0355264e-06,0.0,1.7541661e-06
270.85693,0.9777325,0.9777325,0.0,0.09807503,2014-12-11 12:00:00,5.0,1.6509788e-05,1.4973066e-05,0.0,1.6509788e-05
270.95142,0.9561287,0.9532321,0.0,0.023195826,2014-12-11 13:00:00,5.0,1.9480503e-05,1.8367078e-05,0.0,1.9480503e-05
271.01245,0.9893079,0.9893079,0.0,0.0,2014-12-11 14:00:00,5.0,1.1523587e-05,1.1129987e-05,0.0,1.1256326e-05
271.20898,1.0,1.0,0.0,0.0,2014-12-11 15:00:00,5.0,1.3461643e-05,1.2937541e-05,0.0,1.3347563e-05
271.2046,0.99368834,0.99368834,0.0,0.0,2014-12-11 16:00:00,5.0,1.2049706e-05,1.1501571e-05,0.0,1.2049706e-05
271.38647,1.0,1.0,0.0,0.0,2014-12-11 17:00:00,5.0,8.011377e-06,7.543992e-06,0.0,7.7441155e-06
271.48438,1.0,1.0,0.0,0.0,2014-12-11 18:00:00,6.0,1.9073486e-06,1.5876931e-06,0.0,1.9073486e-06
271.64722,0.9957922,0.9957922,0.0,0.0,2014-12-11 19:00:00,8.0,1.3721838e-06,1.4308318e-07,0.0,1.4862635e-06
271.7522,0.9793873,0.9793873,0.0,0.0,2014-12-11 20:00:00,3.0,1.1831262e-06,9.06893e-08,0.0,1.1831262e-06
272.25757,0.9822795,0.9822795,0.0,0.0,2014-12-11 21:00:00,6.0,5.7233285e-07,5.485391e-07,0.0,5.7233285e-07
272.00098,0.92265147,0.92265147,0.0,0.0,2014-12-11 22:00:00,8.0,1.8118526e-06,1.287588e-06,0.0,1.8118526e-06
272.17114,0.9374313,0.9374313,0.0,0.0,2014-12-11 23:00:00,3.0,1.6599633e-06,3.5762787e-07,0.0,1.6599633e-06
272.13696,0.9171581,0.9171581,0.0,0.0,2014-12-12 00:00:00,8.0,1.4503876e-06,2.1454463e-07,0.0,1.4503876e-06
272.3213,0.8828507,0.8828507,0.0,0.0,2014-12-12 01:00:00,3.0,2.6726156e-07,1.4772922e-07,0.0,3.813414e-07
272.57812,0.7637659,0.7637659,0.0,0.0100932345,2014-12-12 02:00:00,3.0,2.6726156e-07,1.4772922e-07,0.0,3.813414e-07
272.92993,0.4671619,0.4671619,0.0,0.0,2014-12-12 03:00:00,5.0,2.993036e-06,2.2588747e-06,0.0,3.3743772e-06
272.81177,0.39069754,0.39069754,0.0,0.0,2014-12-12 04:00:00,8.0,1.6772547e-06,1.2818145e-06,0.0,1.2959135e-06
272.48413,0.3649457,0.3649457,0.0,0.0,2014-12-12 05:00:00,5.0,1.0690364e-06,9.257936e-07,0.0,1.0690364e-06
272.4348,0.25469548,0.25469548,0.0,0.0,2014-12-12 06:00:00,0.0,9.549569e-08,2.3873934e-08,0.0,9.549569e-08
272.4641,0.26666105,0.26341116,0.0,0.0032499009,2014-12-12 07:00:00,8.0,0.0,1.42599745e-08,0.0,0.0
272.57178,0.2608698,0.124726355,0.0,0.1456142,2014-12-12 08:00:00,0.0,2.0957555e-07,0.0,0.0,2.0957555e-07
272.6255,0.5599752,0.17929488,0.0,0.46631265,2014-12-12 09:00:00,0.0,0.0,0.0,0.0,0.0
273.7522,0.5457848,0.19458854,0.0,0.4534558,2014-12-12 10:00:00,0.0,0.0,0.0,0.0,0.0
273.8518,0.63270855,0.27091616,0.0,0.52101225,2014-12-12 11:00:00,0.0,0.0,0.0,0.0,0.0
273.81567,0.8912446,0.25170028,0.0,0.8543205,2014-12-12 12:00:00,0.0,0.0,0.0,0.0,0.0
273.9536,0.34247482,0.3254385,0.0,0.02286904,2014-12-12 13:00:00,0.0,0.0,0.0,0.0,0.0
274.0276,0.55821615,0.39359695,0.0,0.30626053,2014-12-12 14:00:00,0.0,0.0,0.0,0.0,0.0
274.95752,0.9547803,0.4005651,0.0,0.9292554,2014-12-12 15:00:00,0.0,0.0,0.0,0.0,0.0
274.92236,0.9823207,0.41609848,0.0,0.9635376,2014-12-12 16:00:00,1.0,3.8198294e-07,0.0,0.0,3.8198294e-07
275.1333,0.99604,0.66425127,0.0,0.98786974,2014-12-12 17:00:00,1.0,7.2551467e-07,0.0,0.0,7.2551467e-07
274.74146,1.0,0.83877665,0.0,0.9882647,2014-12-12 18:00:00,1.0,3.627573e-07,0.0,0.0,3.627573e-07
274.82666,0.91560394,0.57273203,0.0,0.8242026,2014-12-12 19:00:00,0.0,1.3542412e-06,0.0,0.0,1.3542412e-06
274.89355,0.81805503,0.22670233,0.0,0.7987833,2014-12-12 20:00:00,0.0,0.0,0.0,0.0,0.0
275.46704,0.90999705,0.25761384,0.0,0.89206266,2014-12-12 21:00:00,1.0,0.0,0.0,0.0,0.0
274.57495,0.98680395,0.9338698,0.0,0.89390737,2014-12-12 22:00:00,1.0,0.0,0.0,0.0,0.0
274.75244,0.9439072,0.8729722,0.0,0.6599915,2014-12-12 23:00:00,1.0,2.6726156e-07,0.0,0.0,2.6726156e-07
274.97998,0.8853363,0.81368744,0.0,0.42786312,2014-12-13 00:00:00,1.0,8.3959446e-07,0.0,0.0,8.3959446e-07
274.9104,0.7467424,0.74253464,0.0,0.082256675,2014-12-13 01:00:00,1.0,1.4305115e-06,0.0,0.0,1.4305115e-06
275.0647,0.71430886,0.7005395,0.0,0.056479856,2014-12-13 02:00:00,1.0,5.0760273e-06,0.0,0.0,4.808765e-06
275.30054,0.71036714,0.6276372,0.0,0.20467412,2014-12-13 03:00:00,1.0,7.916532e-06,0.0,0.0,8.012028e-06
275.47437,0.6841879,0.51037717,0.0,0.4232002,2014-12-13 04:00:00,1.0,1.6862978e-05,0.0,0.0,1.6767488e-05
275.48975,0.7439599,0.44184774,0.0,0.49674803,2014-12-13 05:00:00,1.0,6.3520556e-06,0.0,0.0,6.3520556e-06
275.29297,0.6725755,0.44816673,0.0,0.41566032,2014-12-13 06:00:00,1.0,4.464583e-06,0.0,0.0,4.464583e-06
275.40283,1.0,1.0,0.0,0.29441857,2014-12-13 07:00:00,1.0,6.3552907e-06,0.0,0.0,6.3552907e-06
275.583,1.0,1.0,0.0,0.35899055,2014-12-13 08:00:00,1.0,2.9014163e-06,0.0,0.0,2.6918415e-06
276.55103,0.9989426,0.9989426,0.0,0.33448792,2014-12-13 09:00:00,1.0,1.3106621e-05,0.0,0.0,1.3106621e-05
276.79932,1.0,1.0,0.0,0.0,2014-12-13 10:00:00,1.0,4.313764e-05,0.0,0.0,4.313764e-05
276.98608,0.98575175,0.98412675,0.0,0.08632761,2014-12-13 11:00:00,1.0,1.9586194e-05,0.0,0.0,1.9586194e-05
277.1045,0.998375,0.998375,0.0,0.002103883,2014-12-13 12:00:00,1.0,2.0651976e-05,0.0,0.0,2.0651976e-05
277.18066,0.9659273,0.9659273,0.0,0.0063116476,2014-12-13 13:00:00,1.0,1.7260958e-05,0.0,0.0,1.7260958e-05
277.49683,0.9080344,0.9080344,0.0,0.0,2014-12-13 14:00:00,1.0,2.6344584e-05,0.0,0.0,2.6344584e-05
278.63818,0.92282337,0.92282337,0.0,0.0,2014-12-13 15:00:00,1.0,1.9113184e-05,0.0,0.0,1.9113184e-05
279.03662,1.0,1.0,0.0,0.0,2014-12-13 16:00:00,1.0,2.9106872e-05,0.0,0.0,2.9106872e-05
279.3401,1.0,1.0,0.0,0.004235424,2014-12-13 17:00:00,1.0,4.9466107e-05,0.0,0.0,4.9466107e-05
279.9143,1.0,1.0,0.0,0.24181616,2014-12-13 18:00:00,1.0,4.1753956e-05,0.0,0.0,4.1753956e-05
280.27002,1.0,1.0,0.0,0.18340671,2014-12-13 19:00:00,1.0,5.685707e-05,0.0,0.0,5.685707e-05
280.4082,1.0,1.0,0.0,0.28797066,2014-12-13 20:00:00,1.0,2.785394e-06,0.0,0.0,2.785394e-06
280.95068,1.0,1.0,0.0,0.44280005,2014-12-13 21:00:00,1.0,2.0866122e-05,0.0,0.0,2.0961612e-05
281.21753,0.9816332,0.96904445,0.0,0.32993454,2014-12-13 22:00:00,1.0,2.5661953e-05,0.0,0.0,2.5661953e-05
280.70337,1.0,0.9989426,0.0,0.37650812,2014-12-13 23:00:00,1.0,2.137493e-05,0.0,0.0,2.137493e-05
280.8916,1.0,1.0,0.0,0.26688296,2014-12-14 00:00:00,1.0,1.6930891e-05,0.0,0.0,1.6816804e-05
280.67432,1.0,1.0,0.0,0.08623344,2014-12-14 01:00:00,1.0,1.1653658e-05,0.0,0.0,1.2035e-05
280.6599,1.0,1.0,0.0,0.0,2014-12-14 02:00:00,1.0,6.4658845e-05,0.0,0.0,6.4373e-05
280.46387,0.99368834,0.99368834,0.0,0.0,2014-12-14 03:00:00,1.0,5.044091e-05,0.0,0.0,5.044091e-05
280.51782,1.0,1.0,0.0,0.0,2014-12-14 04:00:00,1.0,4.004786e-05,0.0,0.0,3.97806e-05
280.39307,1.0,1.0,0.0,0.0,2014-12-14 05:00:00,1.0,4.1088773e-05,0.0,0.0,4.0993284e-05
280.20117,1.0,1.0,0.0,0.0,2014-12-14 06:00:00,1.0,3.376705e-05,0.0,0.0,3.4072116e-05
280.3772,1.0,1.0,0.0,0.024880346,2014-12-14 07:00:00,1.0,6.932848e-05,0.0,0.0,6.932848e-05
280.42993,1.0,1.0,0.0,0.04333636,2014-12-14 08:00:00,1.0,4.837333e-05,0.0,0.0,4.846882e-05
280.39282,1.0,1.0,0.0,0.09564543,2014-12-14 09:00:00,1.0,6.7724395e-05,0.0,0.0,6.7552624e-05
280.77393,1.0,0.99946827,0.0,0.2645594,2014-12-14 10:00:00,1.0,5.0830553e-05,0.0,0.0,5.0830553e-05
280.69775,0.9918322,0.9918322,0.0,0.12450713,2014-12-14 11:00:00,1.0,3.7114456e-05,0.0,0.0,3.749579e-05
280.79565,0.992631,0.992631,0.0,0.062058147,2014-12-14 12:00:00,1.0,4.8160684e-05,0.0,0.0,4.8065194e-05
280.77417,1.0,1.0,0.0,0.0,2014-12-14 13:00:00,1.0,5.0845847e-05,0.0,0.0,5.0827264e-05
280.92578,0.99258035,0.99258035,0.0,0.0,2014-12-14 14:00:00,1.0,6.819567e-05,0.0,0.0,6.8214256e-05
281.25195,1.0,1.0,0.0,0.0,2014-12-14 15:00:00,1.0,5.2353484e-05,0.0,0.0,5.2372066e-05
281.61255,1.0,1.0,0.0,0.0,2014-12-14 16:00:00,1.0,3.933652e-05,0.0,0.0,3.9222447e-05
281.55444,1.0,1.0,0.0,0.0,2014-12-14 17:00:00,1.0,3.5259756e-05,0.0,0.0,3.5259756e-05
281.80664,1.0,1.0,0.0,0.0,2014-12-14 18:00:00,1.0,7.916712e-05,0.0,0.0,7.916712e-05
281.80103,1.0,1.0,0.0,0.20445228,2014-12-14 19:00:00,1.0,6.451139e-05,0.0,0.0,6.451139e-05
282.31934,1.0,1.0,0.0,0.9008085,2014-12-14 20:00:00,1.0,8.749442e-05,0.0,0.0,8.7608496e-05
282.87524,1.0,1.0,0.0,0.9771083,2014-12-14 21:00:00,1.0,7.80916e-05,0.0,0.0,7.797753e-05
282.06006,1.0,1.0,0.007936597,0.9885259,2014-12-14 22:00:00,1.0,7.694251e-05,0.0,0.0,7.719119e-05
282.0271,1.0,1.0,0.0879786,0.9800109,2014-12-14 23:00:00,1.0,4.211416e-05,0.0,0.0,4.211416e-05
282.09155,1.0,1.0,0.2252546,0.9812826,2014-12-15 00:00:00,1.0,2.6315072e-05,0.0,0.0,2.6315072e-05
282.10425,1.0,0.99946827,0.38993442,0.98999023,2014-12-15 01:00:00,1.0,2.3843793e-05,0.0,0.0,2.4111054e-05
282.22803,1.0,0.99841094,0.68267643,0.98663634,2014-12-15 02:00:00,1.0,7.745408e-06,0.0,0.0,7.5736416e-06
282.03076,1.0,0.99841094,0.7757908,0.98841804,2014-12-15 03:00:00,1.0,4.312684e-06,0.0,0.0,4.312684e-06
282.0171,1.0,1.0,0.81920093,0.99371904,2014-12-15 04:00:00,1.0,2.5367162e-06,0.0,0.0,2.7084825e-06
281.83936,1.0,1.0,0.8301446,1.0,2014-12-15 05:00:00,1.0,2.1717235e-05,0.0,0.0,2.1717235e-05
281.7622,1.0,1.0,0.7338902,1.0,2014-12-15 06:00:00,1.0,2.4401292e-05,0.0,0.0,2.4401292e-05
281.7688,1.0,0.9989426,0.6164009,0.93422824,2014-12-15 07:00:00,1.0,0.00018087986,0.0,0.0,0.00018126119
281.72144,1.0,1.0,0.4878494,0.80352354,2014-12-15 08:00:00,1.0,0.00017351849,0.0,0.0,0.00017353708
281.73462,1.0,1.0,0.687028,0.91455644,2014-12-15 09:00:00,1.0,0.00011888918,0.0,0.0,0.00011888918
280.79272,1.0,1.0,0.73718154,0.97260666,2014-12-15 10:00:00,1.0,0.00015182213,0.0,0.0,0.00015182213
280.44067,1.0,1.0,0.8751942,1.0,2014-12-15 11:00:00,1.0,0.00015765816,0.0,0.0,0.00015765816
280.04565,1.0,1.0,0.8390095,1.0,2014-12-15 12:00:00,1.0,0.00015170655,0.0,1.3363075e-07,0.0001514393
280.26807,1.0,1.0,0.5932904,1.0,2014-12-15 13:00:00,1.0,0.00033444702,0.0,9.383923e-05,0.00024056002
280.16724,1.0,1.0,0.39085883,1.0,2014-12-15 14:00:00,1.0,0.000362942,0.0,0.00021007025,0.000152843
279.60498,1.0,1.0,0.46806967,0.9978961,2014-12-15 15:00:00,1.0,0.0005009067,0.0,0.00021352187,0.00028744177
279.67334,1.0,1.0,0.8930402,0.99675006,2014-12-15 16:00:00,1.0,0.00067086844,0.0,0.0004907644,0.00018006594
279.81152,1.0,1.0,0.997629,1.0,2014-12-15 17:00:00,1.0,0.0006255857,0.0,0.00042978907,0.00019622491
279.7959,1.0,1.0,0.9966217,0.98360544,2014-12-15 18:00:00,1.0,0.0007124755,0.0,0.00028580078,0.0004264929
279.6897,1.0,1.0,0.9913737,0.79567564,2014-12-15 19:00:00,1.0,0.00060809427,0.0,0.00022159715,0.00038642134
279.39087,1.0,1.0,0.99946827,0.46352297,2014-12-15 20:00:00,1.0,0.00067355856,0.0,0.0,0.00067382585
278.83984,1.0,1.0,0.99629015,0.31412244,2014-12-15 21:00:00,1.0,0.0009445038,0.0,0.0,0.0009445038
278.7295,1.0,1.0,0.9904657,0.06263691,2014-12-15 22:00:00,1.0,0.0005785101,0.0,0.0,0.0005783383
278.21484,1.0,1.0,0.9090534,0.05137933,2014-12-15 23:00:00,1.0,0.00030100578,0.0,0.0,0.00030106353
277.84253,1.0,1.0,0.87444454,0.056554586,2014-12-16 00:00:00,1.0,0.00018533252,0.0,0.0,0.00018542803
277.2224,1.0,1.0,0.85085016,0.053298973,2014-12-16 01:00:00,1.0,0.00018615932,0.0,0.0,0.00018615932
276.4297,1.0,1.0,0.821432,0.061775632,2014-12-16 02:00:00,7.0,0.00016924366,9.654825e-06,0.0,0.00016924366
274.8103,1.0,1.0,0.87235314,0.12175709,2014-12-16 03:00:00,6.0,0.00023870745,9.224705e-05,0.0,0.00023870745
274.42676,1.0,1.0,0.8921376,0.07677841,2014-12-16 04:00:00,5.0,0.0002363232,0.00019397603,0.0,0.00023670455
273.81445,1.0,0.998375,0.97038406,0.05403064,2014-12-16 05:00:00,5.0,0.00023770485,0.00022908166,0.0,0.00023780034
272.72095,0.9966217,0.97613025,0.9754975,0.28138536,2014-12-16 06:00:00,5.0,0.00020965145,0.00020888996,0.0,0.00020965145
272.03442,1.0,0.9164585,0.997629,0.29160088,2014-12-16 07:00:00,5.0,0.00035238918,0.00035253447,0.0,0.00035250327
271.81348,1.0,0.9693224,1.0,0.4015165,2014-12-16 08:00:00,5.0,0.00038191956,0.00038191956,0.0,0.00038191956
270.23486,1.0,0.98210466,0.9765358,0.42572963,2014-12-16 09:00:00,5.0,0.00023553755,0.00023551848,0.0,0.00023553755
268.38086,1.0,0.98999023,0.98972315,0.5291998,2014-12-16 10:00:00,5.0,0.000101366386,0.00010141893,0.0,0.000101461876
268.3794,1.0,0.9641655,1.0,0.86543435,2014-12-16 11:00:00,5.0,6.80557e-05,6.7927205e-05,0.0,6.7941626e-05
268.3147,0.95095205,0.6005593,0.88650006,0.7241089,2014-12-16 12:00:00,5.0,3.192239e-05,3.231832e-05,0.0,3.2399228e-05
268.06396,0.93362623,0.83453804,0.3934517,0.6082366,2014-12-16 13:00:00,5.0,5.3195354e-06,5.104991e-06,0.0,4.9381943e-06
267.78442,0.9973177,0.9946652,0.016614657,0.4077689,2014-12-16 14:00:00,5.0,3.050713e-07,3.4801275e-07,0.0,3.050713e-07
267.1709,0.9920941,0.9920941,0.0,0.0,2014-12-16 15:00:00,5.0,1.14079796e-07,1.7160318e-07,0.0,1.14079796e-07
266.91968,0.9507271,0.9507271,0.0,0.0,2014-12-16 16:00:00,5.0,5.9091695e-07,5.3852307e-07,0.0,5.9091695e-07
267.2068,0.9332931,0.9332931,0.0,0.0,2014-12-16 17:00:00,5.0,3.813414e-07,7.628432e-07,0.0,8.5817857e-07
267.1438,0.9947011,0.9947011,0.0,0.0,2014-12-16 18:00:00,5.0,1.067754e-06,9.485448e-07,0.0,1.067754e-06
266.98975,0.993112,0.993112,0.0,0.0,2014-12-16 19:00:00,5.0,6.864127e-07,6.054988e-07,0.0,5.7233285e-07
266.9895,0.97704464,0.97704464,0.0,0.0,2014-12-16 20:00:00,5.0,9.72258e-07,9.1521844e-07,0.0,9.72258e-07
267.073,0.9699979,0.9699979,0.0,0.0,2014-12-16 21:00:00,5.0,2.1931937e-06,1.9642275e-06,0.0,2.1931937e-06
266.45508,0.99675006,0.99675006,0.0,0.0,2014-12-16 22:00:00,5.0,3.4519398e-06,3.1752252e-06,0.0,3.4519398e-06
266.385,0.97621995,0.97621995,0.0,0.0,2014-12-16 23:00:00,5.0,4.901035e-06,4.9917244e-06,0.0,4.901035e-06
266.3496,0.97360045,0.97360045,0.0067320913,0.0,2014-12-17 00:00:00,5.0,5.8547093e-06,5.8117676e-06,0.0,5.8547093e-06
266.43604,0.94085354,0.94085354,0.0,0.0,2014-12-17 01:00:00,5.0,3.3942533e-06,3.3038868e-06,0.0,3.3942533e-06
266.1057,0.75792885,0.75792885,0.0,0.0,2014-12-17 02:00:00,0.0,2.0957555e-07,3.193324e-07,0.0,2.0957555e-07
265.43994,0.7390513,0.7390513,0.0,0.0,2014-12-17 03:00:00,0.0,0.0,0.0,0.0,0.0
265.34082,0.7297854,0.7297854,0.0,0.0,2014-12-17 04:00:00,0.0,0.0,0.0,0.0,0.0
264.67554,0.713492,0.713492,0.0,0.0,2014-12-17 05:00:00,5.0,0.0,0.0,0.0,0.0
263.94775,0.6062298,0.6062298,0.0,0.0,2014-12-17 06:00:00,5.0,0.0,0.0,0.0,0.0
263.4983,0.4301486,0.4301486,0.0,0.0,2014-12-17 07:00:00,5.0,4.7683716e-07,4.886939e-07,0.0,4.7683716e-07
262.94263,0.30364197,0.30364197,0.0,0.0,2014-12-17 08:00:00,0.0,1.14079796e-07,2.288046e-07,0.0,1.14079796e-07
262.0293,0.18353003,0.18353003,0.0,0.0,2014-12-17 09:00:00,5.0,0.0,1.42599745e-08,0.0,0.0
261.80176,0.30668074,0.30668074,0.0,0.0,2014-12-17 10:00:00,5.0,2.2815959e-07,4.957431e-07,0.0,3.813414e-07
261.6814,0.65272045,0.65272045,0.0,0.0,2014-12-17 11:00:00,5.0,1.1818338e-06,1.218048e-06,0.0,1.3350154e-06
261.7727,0.82938296,0.82938296,0.0,0.0,2014-12-17 12:00:00,5.0,1.9073486e-06,1.7068214e-06,0.0,1.6400863e-06
261.67163,0.930393,0.930393,0.0,0.0,2014-12-17 13:00:00,5.0,2.0983398e-06,1.917203e-06,0.0,1.888764e-06
261.74194,0.9703951,0.9703951,0.0,0.0,2014-12-17 14:00:00,5.0,2.213712e-06,2.7383785e-06,0.0,2.213712e-06
263.07935,0.9904764,0.9904764,0.0,0.0,2014-12-17 15:00:00,5.0,2.9763942e-06,2.3134517e-06,0.0,2.9763942e-06
263.33276,1.0,1.0,0.0,0.0,2014-12-17 16:00:00,5.0,0.0,6.8649405e-07,0.0,0.0
264.2439,1.0,1.0,0.0,0.0,2014-12-17 17:00:00,5.0,0.0,3.3375392e-07,0.0,0.0
264.67456,1.0,1.0,0.0,0.0,2014-12-17 18:00:00,5.0,0.0,5.9604645e-08,0.0,0.0
265.28296,1.0,1.0,0.0,0.0,2014-12-17 19:00:00,5.0,0.0,0.0,0.0,0.0
265.74316,0.93361646,0.93361646,0.0,0.0,2014-12-17 20:00:00,5.0,0.0,0.0,0.0,0.0
266.24976,0.8329873,0.8329873,0.0,0.0,2014-12-17 21:00:00,5.0,0.0,0.0,0.0,0.0
265.3855,0.91372365,0.91372365,0.0,0.0,2014-12-17 22:00:00,5.0,0.0,0.0,0.0,0.0
265.0359,0.951455,0.951455,0.0,0.0,2014-12-17 23:00:00,5.0,0.0,0.0,0.0,0.0
264.9314,0.95145345,0.95145345,0.0,0.0,2014-12-18 00:00:00,0.0,0.0,0.0,0.0,0.0
265.23975,0.79826,0.79826,0.0,0.0,2014-12-18 01:00:00,0.0,0.0,0.0,0.0,0.0
264.6167,0.70810044,0.70810044,0.0,0.0,2014-12-18 02:00:00,0.0,0.0,0.0,0.0,0.0
264.2417,0.6299772,0.6299772,0.0,0.0,2014-12-18 03:00:00,0.0,0.0,0.0,0.0,0.0
264.20776,0.38626027,0.38626027,0.0,0.0,2014-12-18 04:00:00,0.0,0.0,0.0,0.0,0.0
263.72827,0.0015890491,0.0015890491,0.0,0.0,2014-12-18 05:00:00,0.0,0.0,0.0,0.0,0.0
263.87964,0.0060638934,0.0060638934,0.0,0.0,2014-12-18 06:00:00,0.0,0.0,0.0,0.0,0.0
263.9536,0.009261008,0.009261008,0.0,0.0,2014-12-18 07:00:00,0.0,0.0,0.0,0.0,0.0
264.11694,0.03396685,0.006364435,0.0,0.031816293,2014-12-18 08:00:00,0.0,0.0,0.0,0.0,0.0
264.0205,0.11108458,0.004260551,0.0,0.10683012,2014-12-18 09:00:00,0.0,0.0,0.0,0.0,0.0
263.85034,0.1807608,0.0033782488,0.0,0.17738253,2014-12-18 10:00:00,0.0,0.0,0.0,0.0,0.0
263.62842,0.29010218,0.0067320913,0.0,0.2867239,2014-12-18 11:00:00,0.0,0.0,0.0,0.0,0.0
263.71045,0.35887772,0.05187867,0.0,0.33057112,2014-12-18 12:00:00,0.0,0.0,0.0,0.0,0.0
263.86572,0.5258631,0.16826212,0.0,0.4155842,2014-12-18 13:00:00,0.0,0.0,0.0,0.0,0.0
264.1582,0.8144591,0.33037293,0.0,0.68136364,2014-12-18 14:00:00,0.0,0.0,0.0,0.0,0.0
265.52417,0.9754255,0.5466343,0.0,0.93612224,2014-12-18 15:00:00,5.0,0.0,2.8519953e-08,0.0,0.0
266.23828,0.9821591,0.6995638,0.0,0.97215694,2014-12-18 16:00:00,5.0,0.0,2.7158455e-07,0.0,2.2815959e-07
266.68945,0.9839791,0.827839,0.005832717,0.8684825,2014-12-18 17:00:00,5.0,0.0,1.2385527e-07,0.0,0.0
267.15576,1.0,0.942067,0.028317709,0.9645804,2014-12-18 18:00:00,5.0,0.0,9.533534e-08,0.0,0.0
267.88086,1.0,0.99946827,0.16791189,0.98316735,2014-12-18 19:00:00,5.0,9.72258e-07,1.069835e-06,0.0,9.72258e-07
267.50195,1.0,0.87939614,0.44069266,0.9957922,2014-12-18 20:00:00,5.0,3.813414e-07,5.146491e-07,0.0,4.954212e-07
267.93945,0.99946827,0.83303046,0.76899105,0.9539299,2014-12-18 21:00:00,5.0,0.0,1.2385527e-07,0.0,1.14079796e-07
267.63232,0.9978792,0.8986954,0.973783,0.9705878,2014-12-18 22:00:00,5.0,0.0,0.0,0.0,0.0
267.77832,0.996307,0.82282215,0.9573091,0.8879347,2014-12-18 23:00:00,0.0,0.0,1.42599745e-08,0.0,0.0
267.8606,0.9585622,0.78203607,0.8969111,0.7116217,2014-12-19 00:00:00,0.0,0.0,1.42599745e-08,0.0,0.0
267.83008,0.9683634,0.8052183,0.84573483,0.40333176,2014-12-19 01:00:00,5.0,1.14079796e-07,1.7152297e-07,0.0,1.14079796e-07
267.57642,0.705486,0.54257774,0.5620329,0.086932,2014-12-19 02:00:00,0.0,0.0,7.618763e-08,0.0,0.0
267.4546,0.41158748,0.33601153,0.16104007,0.0067320913,2014-12-19 03:00:00,0.0,0.0,0.0,0.0,0.0
267.30542,0.361296,0.22336441,0.18645638,0.0,2014-12-19 04:00:00,0.0,1.14079796e-07,1.09595305e-07,0.0,1.14079796e-07
267.1704,0.48788673,0.18245792,0.37813598,0.0,2014-12-19 05:00:00,0.0,0.0,0.0,0.0,0.0
267.08813,0.5971427,0.05723728,0.5769489,0.0,2014-12-19 06:00:00,0.0,0.0,0.0,0.0,0.0
267.31055,0.7964606,0.021835826,0.78972125,0.0,2014-12-19 07:00:00,5.0,2.6726156e-07,3.8879386e-07,0.0,2.6726156e-07
267.68872,0.96437216,0.002103883,0.96437216,0.0,2014-12-19 08:00:00,5.0,5.3452317e-07,6.7504163e-07,0.0,6.4860296e-07
267.93604,0.998375,0.029864877,0.998375,0.0,2014-12-19 09:00:00,5.0,1.2209357e-06,1.2593118e-06,0.0,1.392701e-06
267.9431,0.8560289,0.6555877,0.82175106,0.0,2014-12-19 10:00:00,5.0,1.5836931e-06,1.6836739e-06,0.0,1.5836931e-06
267.94263,0.8891516,0.7731735,0.87530506,0.0,2014-12-19 11:00:00,5.0,1.5836931e-06,1.5858541e-06,0.0,1.5836931e-06
268.06567,0.91550773,0.78968996,0.9089119,0.0,2014-12-19 12:00:00,5.0,1.2209357e-06,1.2686833e-06,1.3363075e-07,1.2209357e-06
268.3274,0.89805067,0.82618177,0.7952142,0.0,2014-12-19 13:00:00,5.0,1.9259323e-06,2.0045227e-06,9.4341533e-07,1.2209357e-06
268.44922,0.89838856,0.84940493,0.6527003,0.0,2014-12-19 14:00:00,5.0,4.2133297e-06,4.182084e-06,2.3444372e-06,1.658671e-06
269.2339,0.90587026,0.8833496,0.5938419,0.0,2014-12-19 15:00:00,5.0,2.9174162e-06,2.9150133e-06,1.0478777e-07,2.9174162e-06
269.41284,0.8832906,0.8686453,0.5668637,0.0,2014-12-19 16:00:00,5.0,2.2310032e-06,2.357262e-06,0.0,2.2310032e-06
269.8579,0.77387905,0.75987214,0.5156347,0.0,2014-12-19 17:00:00,5.0,1.468321e-06,1.5731903e-06,0.0,1.468321e-06
270.22266,0.82077086,0.7645723,0.40773922,0.07716906,2014-12-19 18:00:00,5.0,1.468321e-06,1.6041931e-06,0.0,1.468321e-06
270.52344,0.928695,0.9214239,0.3504234,0.04170815,2014-12-19 19:00:00,5.0,1.2202845e-06,1.3445442e-06,0.0,1.277971e-06
270.86475,0.9818017,0.9769097,0.4571876,0.0067320913,2014-12-19 20:00:00,5.0,1.086979e-06,8.7732286e-07,0.0,7.0563834e-07
271.44727,0.99121517,0.99121517,0.55419356,0.0,2014-12-19 21:00:00,5.0,9.549569e-08,1.8362033e-07,0.0,9.549569e-08
271.4021,0.9623985,0.9283771,0.7417466,0.004207764,2014-12-19 22:00:00,5.0,0.0,4.5344667e-08,0.0,0.0
271.32422,0.9834449,0.9537383,0.9014408,0.3172167,2014-12-19 23:00:00,5.0,0.0,1.38357e-07,0.0,0.0
271.58008,1.0,0.98524827,0.95075154,0.85763866,2014-12-20 00:00:00,5.0,3.627573e-07,3.148479e-07,0.0,3.627573e-07
271.5381,1.0,1.0,0.9787388,0.95500535,2014-12-20 01:00:00,5.0,4.7683716e-07,6.723956e-07,0.0,4.7683716e-07
271.50586,1.0,0.98637784,0.993112,0.88698953,2014-12-20 02:00:00,5.0,1.3350154e-06,1.0918702e-06,0.0,1.3350154e-06
271.56543,1.0,0.9909508,0.993572,0.96370727,2014-12-20 03:00:00,5.0,8.5817857e-07,8.224478e-07,0.0,8.5817857e-07
271.62012,1.0,0.9476418,0.98106986,0.96627235,2014-12-20 04:00:00,5.0,1.2209357e-06,1.0038257e-06,0.0,9.536743e-07
271.4143,1.0,0.9339139,0.9281466,0.97000116,2014-12-20 05:00:00,5.0,3.0142046e-06,2.6471225e-06,0.0,2.6328626e-06
271.354,0.99946827,0.9667513,0.96490586,0.9654365,2014-12-20 06:00:00,5.0,6.313604e-06,6.3850657e-06,0.0,6.4853702e-06
271.36768,0.998375,0.9505637,0.9531021,0.9621792,2014-12-20 07:00:00,5.0,2.460455e-06,2.5750996e-06,0.0,2.460455e-06
271.26416,0.998375,0.95459646,0.92849207,0.93347794,2014-12-20 08:00:00,5.0,2.2508802e-06,2.1696433e-06,0.0,2.460455e-06
271.729,1.0,0.998375,0.94109064,0.8526812,2014-12-20 09:00:00,5.0,1.9073486e-06,1.9435638e-06,0.0,1.9650342e-06
271.85254,0.961803,0.9425969,0.7961037,0.6077412,2014-12-20 10:00:00,5.0,2.6328626e-06,2.4705514e-06,0.0,2.6328626e-06
271.9336,0.9760434,0.95509136,0.20049202,0.30018383,2014-12-20 11:00:00,5.0,4.9049113e-06,4.923817e-06,2.6726157e-06,2.4418714e-06
271.92163,0.9874692,0.9874692,0.05415394,0.056483947,2014-12-20 12:00:00,5.0,3.3100034e-05,3.3205142e-05,2.8997878e-05,3.968529e-06
271.8828,0.9239624,0.9229051,0.0133689195,0.040413376,2014-12-20 13:00:00,5.0,6.677021e-06,6.8179424e-06,0.0,6.677021e-06
271.9336,0.9616652,0.958287,0.03333144,0.056309808,2014-12-20 14:00:00,5.0,4.5017605e-06,4.275198e-06,0.0,4.4062645e-06
272.34937,0.9751578,0.9717795,0.098834276,0.058001373,2014-12-20 15:00:00,5.0,2.6700309e-06,2.2525564e-06,0.0,2.4213532e-06
272.4004,0.97883385,0.97883385,0.016498897,0.0048919544,2014-12-20 16:00:00,5.0,6.864127e-07,7.889588e-07,0.0,6.864127e-07
272.63403,0.9692076,0.96420443,0.0,0.03019287,2014-12-20 17:00:00,5.0,2.0957555e-07,4.027308e-07,0.0,2.0957555e-07
273.1626,0.985799,0.985799,0.03413603,0.0,2014-12-20 18:00:00,6.0,0.0,1.6687693e-07,0.0,0.0
273.31372,1.0,1.0,0.0033782488,0.0,2014-12-20 19:00:00,6.0,5.7233285e-07,5.532665e-07,0.0,5.7233285e-07
273.17578,1.0,1.0,0.0,0.0,2014-12-20 20:00:00,6.0,0.0,3.4096468e-07,0.0,0.0
273.22388,0.9810396,0.9810396,0.0,0.0,2014-12-20 21:00:00,6.0,1.6778959e-06,1.7042548e-06,0.0,1.6778959e-06
273.12183,0.9779019,0.9779019,0.0,0.0,2014-12-20 22:00:00,6.0,7.1685563e-06,7.061042e-06,0.0,7.1685563e-06
273.0691,0.95252466,0.95252466,0.0,0.0,2014-12-20 23:00:00,5.0,1.8496621e-06,1.8402898e-06,0.0,1.8496621e-06
272.96118,0.9527748,0.9527748,0.0,0.04255031,2014-12-21 00:00:00,5.0,7.8190845e-07,1.0894646e-06,0.0,7.8190845e-07
272.97437,0.98226213,0.9812048,0.0,0.3225894,2014-12-21 01:00:00,5.0,9.536743e-07,8.36788e-07,0.0,9.536743e-07
272.97852,0.9966217,0.96899056,0.0,0.7430118,2014-12-21 02:00:00,5.0,9.536743e-07,1.1515549e-06,0.0,9.536743e-07
272.88135,0.9849002,0.9512105,0.020014346,0.72384614,2014-12-21 03:00:00,5.0,1.8118526e-06,1.8259507e-06,0.0,1.8118526e-06
272.8894,0.99451786,0.99116397,0.047449324,0.28944784,2014-12-21 04:00:00,5.0,2.3841849e-06,2.369522e-06,0.0,2.3841849e-06
272.76685,0.91855824,0.91855824,0.024046127,0.041950617,2014-12-21 05:00:00,5.0,3.0705978e-06,2.8608601e-06,0.0,3.0705978e-06
272.48193,0.9030157,0.8252316,0.05911216,0.40345585,2014-12-21 06:00:00,5.0,4.138994e-06,3.8863154e-06,0.0,4.138994e-06
272.48804,0.92531,0.8054993,0.41967475,0.5201746,2014-12-21 07:00:00,5.0,1.1235808e-05,1.1052187e-05,0.0,1.1235808e-05
272.65112,0.99946827,0.9800109,0.7539466,0.90063626,2014-12-21 08:00:00,5.0,8.603577e-06,8.656051e-06,0.0,8.603577e-06
272.7339,1.0,0.9627518,0.9093771,0.87461233,2014-12-21 09:00:00,5.0,6.33283e-06,6.301583e-06,0.0,6.33283e-06
273.54443,1.0,0.97162616,0.7991114,0.9657708,2014-12-21 10:00:00,5.0,1.0185978e-05,1.021466e-05,0.0,1.0185978e-05
273.61865,1.0,0.92792463,0.6655555,1.0,2014-12-21 11:00:00,5.0,1.24022745e-05,1.24690905e-05,0.0,1.24022745e-05
273.6538,1.0,0.93837744,0.8399321,0.99289286,2014-12-21 12:00:00,5.0,2.3413144e-05,2.3036293e-05,0.0,2.3413144e-05
273.81665,1.0,0.9779019,0.9973536,1.0,2014-12-21 13:00:00,5.0,3.970189e-05,3.929138e-05,0.0,3.970189e-05
273.9431,1.0,0.998375,1.0,1.0,2014-12-21 14:00:00,5.0,0.00010032368,0.00010021393,0.0,0.00010032368
274.31714,1.0,1.0,0.9973536,0.998375,2014-12-21 15:00:00,6.0,0.00026158174,0.00025732396,2.3491943e-05,0.00023808987
274.45874,1.0,1.0,0.990758,0.9766293,2014-12-21 16:00:00,6.0,0.00040829927,0.00036652898,1.7857703e-05,0.0003905557
274.6941,1.0,1.0,0.9583115,0.97447264,2014-12-21 17:00:00,7.0,0.00042720465,0.00029143784,0.0,0.00042695575
274.70532,1.0,1.0,0.96359104,0.9894646,2014-12-21 18:00:00,1.0,0.0004050294,0.00016902338,4.2879416e-05,0.00036228355
274.8191,1.0,1.0,0.98395145,0.97059137,2014-12-21 19:00:00,1.0,0.0004064357,0.000102726044,1.6035687e-05,0.00039051403
274.8589,1.0,1.0,0.9696335,0.96603364,2014-12-21 20:00:00,1.0,0.0003232991,2.2830893e-05,0.0,0.0003236041
275.2849,1.0,0.9966217,0.99371904,0.9700189,2014-12-21 21:00:00,1.0,0.00027150707,0.0,0.0,0.00027150707
275.41577,1.0,1.0,0.9321657,0.93402797,2014-12-21 22:00:00,1.0,0.00015510769,0.0,0.0,0.00015547044
275.67017,1.0,1.0,0.9414471,0.8780038,2014-12-21 23:00:00,1.0,8.7953216e-05,0.0,0.0,8.816279e-05
275.72412,1.0,0.9973536,0.96294594,0.6150451,2014-12-22 00:00:00,1.0,0.00014108987,3.107192e-05,3.9773964e-05,0.000101363636
275.7173,1.0,0.9973536,0.9386101,0.24933898,2014-12-22 01:00:00,1.0,0.00027643517,6.924012e-05,0.000184544,9.193906e-05
275.8711,1.0,1.0,0.97497094,0.033732403,2014-12-22 02:00:00,1.0,0.0002278806,0.0,0.0001493589,7.842621e-05
276.01953,1.0,1.0,0.94419605,0.0029026829,2014-12-22 03:00:00,1.0,0.000234273,0.0,0.00013938919,9.457907e-05
276.06885,1.0,1.0,0.8484729,0.008141857,2014-12-22 04:00:00,1.0,0.00028996426,0.0,0.00016255156,0.00012732703
275.94678,1.0,1.0,0.8929077,0.14323926,2014-12-22 05:00:00,1.0,0.00040720426,0.0,0.00024462724,0.00016305393
275.85986,1.0,1.0,0.97465444,0.3353685,2014-12-22 06:00:00,1.0,0.00026680715,0.0,6.885969e-05,0.00019815708
276.15552,1.0,1.0,0.9435897,0.82276726,2014-12-22 07:00:00,1.0,0.00024777744,0.0,0.0,0.00024768198
276.41284,1.0,1.0,0.80742526,0.93180364,2014-12-22 08:00:00,1.0,0.00019427673,0.0,0.0,0.00019410497
276.63672,1.0,1.0,0.51268893,0.81513816,2014-12-22 09:00:00,1.0,8.845312e-05,0.0,0.0,8.845312e-05
276.48242,1.0,1.0,0.2939788,0.5257691,2014-12-22 10:00:00,1.0,5.5463723e-05,0.0,0.0,5.563548e-05
276.43237,1.0,1.0,0.6716303,0.8230634,2014-12-22 11:00:00,1.0,6.964055e-05,0.0,0.0,6.964055e-05
276.35547,1.0,1.0,0.9225993,0.99841094,2014-12-22 12:00:00,1.0,6.520537e-05,0.0,0.0,6.520537e-05
276.27588,1.0,1.0,0.9835432,0.9547815,2014-12-22 13:00:00,1.0,4.6272937e-05,0.0,0.0,4.6272937e-05
276.12866,1.0,1.0,0.998375,0.9453767,2014-12-22 14:00:00,1.0,3.5335877e-05,0.0,0.0,3.5335877e-05
275.8872,1.0,1.0,0.9903652,0.9966217,2014-12-22 15:00:00,1.0,5.42114e-05,0.0,0.0,5.42114e-05
275.72046,1.0,0.997629,0.9949968,0.9630572,2014-12-22 16:00:00,1.0,9.979746e-05,0.0,0.0,9.979746e-05
275.6958,1.0,1.0,1.0,0.9523683,2014-12-22 17:00:00,1.0,0.00013055098,0.0,0.0,0.00013055098
275.81885,1.0,1.0,0.98999023,0.9957394,2014-12-22 18:00:00,1.0,0.00014730956,0.0,0.0,0.00014730956
275.85522,1.0,1.0,1.0,0.997629,2014-12-22 19:00:00,1.0,0.0002878711,0.0,0.0,0.0002878711
275.71533,1.0,0.9989426,1.0,0.9798433,2014-12-22 20:00:00,7.0,0.0004914594,4.495334e-05,0.0,0.0004914594
275.9148,1.0,0.9908225,0.9949934,0.9957394,2014-12-22 21:00:00,7.0,0.0005719124,0.00021370807,0.0,0.0005719124
275.38354,1.0,0.9942508,1.0,0.9716825,2014-12-22 22:00:00,7.0,0.0003874395,0.000100791556,0.0,0.0003874395
275.77783,1.0,0.8973621,1.0,0.98999023,2014-12-22 23:00:00,1.0,0.0001771659,1.1091356e-05,0.0,0.0001771659
275.6665,1.0,0.8432165,0.98999023,0.9944678,2014-12-23 00:00:00,1.0,9.883175e-05,0.0,0.0,9.883175e-05
275.69507,1.0,0.86531454,1.0,0.9989426,2014-12-23 01:00:00,1.0,8.9093024e-05,0.0,0.0,8.9093024e-05
275.60425,1.0,0.976428,0.9000819,0.9973536,2014-12-23 02:00:00,1.0,0.00011369368,6.1667524e-06,0.0,0.00011369368
275.18774,1.0,1.0,0.5854087,0.9655122,2014-12-23 03:00:00,7.0,0.00014626273,7.273699e-05,0.0,0.00014626273
275.2212,1.0,1.0,0.45208877,0.9274604,2014-12-23 04:00:00,7.0,0.00015188474,0.00010664192,0.0,0.00015188474
275.16455,1.0,0.9966217,0.5854884,0.9058965,2014-12-23 05:00:00,6.0,0.00017038654,0.0001367282,0.0,0.00017038654
274.84692,1.0,0.89227307,0.87955374,0.8760949,2014-12-23 06:00:00,6.0,0.00016076908,0.00013570774,2.5851114e-05,0.00013501344
274.47827,1.0,0.9210471,0.9909508,0.89863473,2014-12-23 07:00:00,6.0,0.00012440322,9.776457e-05,0.0,0.00012440322
274.5874,1.0,0.8161723,0.96019286,0.9712737,2014-12-23 08:00:00,6.0,0.00013428864,0.000121519945,0.0,0.00013428864
274.37573,1.0,0.96160823,0.8640819,0.98338985,2014-12-23 09:00:00,6.0,5.544642e-05,5.057038e-05,0.0,5.5713695e-05
274.4353,1.0,0.9844246,0.9382724,1.0,2014-12-23 10:00:00,5.0,6.457232e-05,6.3246596e-05,0.0,6.436274e-05
274.64575,1.0,0.99164295,0.9286538,1.0,2014-12-23 11:00:00,6.0,6.948746e-05,6.920603e-05,0.0,6.948746e-05
274.66943,1.0,0.8717463,0.6180117,1.0,2014-12-23 12:00:00,6.0,5.0479357e-05,5.0119415e-05,0.0,5.0479357e-05
274.63647,1.0,0.9827972,0.6542491,1.0,2014-12-23 13:00:00,6.0,8.991387e-05,8.966832e-05,0.0,9.000937e-05
274.56885,1.0,1.0,0.6431474,1.0,2014-12-23 14:00:00,6.0,0.0002263763,0.00022613788,0.0,0.0002263763
274.55664,1.0,0.9916152,0.8386631,0.998375,2014-12-23 15:00:00,6.0,0.00038147182,0.00038132374,0.0,0.00038137636
274.57642,1.0,0.98999023,0.9049979,1.0,2014-12-23 16:00:00,6.0,0.00045850687,0.0004576291,0.0,0.00045850687
274.63574,1.0,1.0,0.8219532,1.0,2014-12-23 17:00:00,6.0,0.0004853916,0.00048364163,0.0,0.0004853916
274.78735,1.0,1.0,0.92331606,1.0,2014-12-23 18:00:00,6.0,0.000488386,0.00048141112,0.0,0.000488386
274.7434,1.0,1.0,0.9968219,1.0,2014-12-23 19:00:00,7.0,0.00011113373,3.0512892e-05,0.0,0.00011113373
274.85352,1.0,0.97851616,1.0,0.9939192,2014-12-23 20:00:00,7.0,0.00013003935,5.5329583e-05,0.0,0.00013003935
275.02954,1.0,0.97225845,0.9923612,0.98706263,2014-12-23 21:00:00,7.0,0.00013263119,7.2067414e-05,0.0,0.00013263119
274.9214,0.9978961,0.9796157,0.9838462,0.96183103,2014-12-23 22:00:00,7.0,0.00011973154,6.919842e-05,0.0,0.00011973154
275.0603,0.98011947,0.96089906,0.53662616,0.18073213,2014-12-23 23:00:00,7.0,8.000086e-05,4.234146e-05,0.0,7.9886784e-05
275.07275,0.9726,0.9704323,0.38705474,0.0074196346,2014-12-24 00:00:00,7.0,4.2831292e-05,2.033665e-05,0.0,4.2831292e-05
275.03247,0.93363714,0.8779932,0.80964506,0.0031780982,2014-12-24 01:00:00,6.0,5.906295e-05,4.3455453e-05,0.0,5.896746e-05
275.05908,0.9717073,0.90084374,0.8840023,0.004235424,2014-12-24 02:00:00,6.0,0.000110812645,9.930173e-05,1.3363075e-07,0.000110545385
274.96582,0.9957394,0.9957394,0.8938485,0.0021207693,2014-12-24 03:00:00,6.0,0.00011320331,0.000106371925,0.0,0.000112936046
275.01636,0.99841094,0.9978792,0.80628604,0.0,2014-12-24 04:00:00,6.0,4.757286e-05,4.6747693e-05,0.0,4.757286e-05
274.76514,0.9952497,0.994718,0.9024618,0.0,2014-12-24 05:00:00,6.0,8.565135e-06,8.562974e-06,4.7747868e-08,8.565135e-06
274.54004,1.0,1.0,0.9459896,0.0,2014-12-24 06:00:00,5.0,1.1446655e-06,8.871797e-07,4.7747868e-08,1.1446655e-06
274.4026,0.99946827,0.9857358,0.9106327,0.0,2014-12-24 07:00:00,6.0,1.6422026e-05,8.424439e-06,2.291265e-07,1.6154765e-05
274.36963,0.948619,0.948619,0.50219256,0.0,2014-12-24 08:00:00,7.0,1.7282146e-05,1.0525453e-05,0.0,1.7186641e-05
274.61206,0.9918581,0.98895544,0.14617485,0.0,2014-12-24 09:00:00,1.0,7.059636e-06,2.3437406e-06,0.0,7.059636e-06
274.66382,0.9744353,0.96706116,0.7527717,0.0,2014-12-24 10:00:00,7.0,6.3911575e-06,1.0957174e-06,0.0,6.3911575e-06
274.7124,0.9825292,0.9825292,0.8867415,0.0,2014-12-24 11:00:00,6.0,2.1232714e-05,1.621824e-05,0.0,2.1232714e-05
274.7649,0.9689019,0.9602732,0.7810502,0.0,2014-12-24 12:00:00,6.0,6.068402e-05,5.8590405e-05,0.0,6.068402e-05
274.6267,0.7519147,0.7519147,0.07331091,0.0,2014-12-24 13:00:00,6.0,6.093658e-05,6.045983e-05,0.0,6.055525e-05
274.69458,0.6475338,0.6475338,0.11160123,0.0,2014-12-24 14:00:00,6.0,3.1023985e-05,3.059009e-05,0.0,3.0547148e-05
274.823,0.998375,0.998375,0.14700091,0.01234962,2014-12-24 15:00:00,1.0,9.083008e-06,8.963235e-06,4.6754508e-07,9.083008e-06
274.948,1.0,1.0,0.1914962,0.43556488,2014-12-24 16:00:00,6.0,1.535556e-05,1.208404e-05,3.5762778e-06,1.2131787e-05
275.06104,0.94138193,0.93802077,0.34665757,0.028321039,2014-12-24 17:00:00,6.0,5.590674e-06,5.359305e-06,0.0,5.590674e-06
274.99707,1.0,1.0,0.5312214,0.0,2014-12-24 18:00:00,6.0,5.3452317e-07,4.103448e-07,0.0,5.3452317e-07
275.0442,0.98839533,0.98839533,0.56579745,0.0,2014-12-24 19:00:00,1.0,6.684834e-05,3.279386e-05,7.951822e-06,5.9173384e-05
275.05713,0.9441851,0.9384664,0.4256978,0.0,2014-12-24 20:00:00,1.0,5.9815517e-05,1.2587103e-05,1.7397251e-05,4.246601e-05
275.0515,0.8939674,0.8906063,0.24990141,0.0,2014-12-24 21:00:00,1.0,2.1919797e-05,0.0,5.019954e-06,1.7090511e-05
275.00854,0.91423297,0.8845766,0.44498527,0.22142565,2014-12-24 22:00:00,1.0,6.3520647e-06,0.0,0.0,6.714822e-06
274.7461,0.9143352,0.855895,0.4690253,0.4448706,2014-12-24 23:00:00,6.0,2.2701051e-06,0.0,0.0,2.2701051e-06
274.32446,0.9739971,0.9466953,0.59855586,0.5185926,2014-12-25 00:00:00,5.0,7.8190845e-07,6.7239444e-07,0.0,7.8190845e-07
274.3877,0.99116397,0.9656929,0.59613675,0.79953676,2014-12-25 01:00:00,6.0,3.050713e-07,4.8869276e-07,0.0,3.050713e-07
274.11816,0.98999023,0.9482372,0.20481962,0.8500061,2014-12-25 02:00:00,5.0,1.3914087e-06,1.3987001e-06,0.0,1.3914087e-06
273.67212,1.0,0.98104537,0.06113485,0.8823562,2014-12-25 03:00:00,5.0,2.687323e-06,2.7137612e-06,0.0,2.687323e-06
273.65088,0.99089694,0.9794156,0.11691338,0.87823343,2014-12-25 04:00:00,5.0,1.8682458e-06,1.8039955e-06,0.0,1.8682458e-06
273.3745,1.0,0.99368834,0.0,0.8795704,2014-12-25 05:00:00,5.0,1.468321e-06,1.6686054e-06,0.0,1.468321e-06
272.9297,1.0,0.9319553,0.0,0.91912663,2014-12-25 06:00:00,5.0,1.8310784e-06,1.904943e-06,0.0,1.8310784e-06
272.88696,0.99348307,0.82008576,0.07767761,0.9512838,2014-12-25 07:00:00,5.0,1.2773289e-06,1.4299467e-06,0.0,1.2773289e-06
272.67456,0.9709702,0.81572926,0.45509595,0.8026599,2014-12-25 08:00:00,5.0,1.067754e-06,1.015278e-06,0.0,1.067754e-06
272.24316,0.997629,0.75217444,0.9208561,0.9077478,2014-12-25 09:00:00,5.0,7.8190845e-07,8.225269e-07,0.0,7.8190845e-07
272.23804,0.9850148,0.50117034,0.9622329,0.20486045,2014-12-25 10:00:00,5.0,2.9372923e-06,2.9636512e-06,0.0,2.9372923e-06
272.24,0.98927194,0.25027835,0.7157081,0.93892515,2014-12-25 11:00:00,5.0,9.289999e-06,9.258834e-06,0.0,9.289999e-06
272.24,1.0,0.08568436,0.9340973,1.0,2014-12-25 12:00:00,5.0,6.7718574e-06,6.903165e-06,0.0,6.7718574e-06
272.208,1.0,0.016210135,0.9911112,1.0,2014-12-25 13:00:00,5.0,2.213712e-06,1.8770716e-06,0.0,1.7554585e-06
272.45776,1.0,0.0,1.0,1.0,2014-12-25 14:00:00,5.0,1.4192345e-05,1.4335588e-05,0.0,1.4383337e-05
273.2256,1.0,0.0,1.0,0.989993,2014-12-25 15:00:00,5.0,4.725688e-05,4.757654e-05,0.0,4.725688e-05
273.43384,0.99946827,0.0,0.99946827,0.97900033,2014-12-25 16:00:00,5.0,5.5222074e-05,5.497884e-05,0.0,5.5222074e-05
273.56543,0.98788905,0.0,0.9828825,0.8547932,2014-12-25 17:00:00,5.0,5.034475e-05,5.019462e-05,0.0,5.034475e-05
273.5432,0.99841094,0.04243855,0.9952328,0.26931053,2014-12-25 18:00:00,5.0,8.170065e-05,8.2037295e-05,0.0,8.2063416e-05
273.6902,1.0,0.036272105,1.0,0.20695049,2014-12-25 19:00:00,6.0,3.2135882e-05,3.2176744e-05,0.0,3.202181e-05
273.98462,0.9952328,0.056156553,0.99258035,0.14571846,2014-12-25 20:00:00,6.0,3.9858205e-05,3.9748455e-05,0.0,3.9495455e-05
274.52466,0.9897148,0.06298274,0.9593581,0.6703206,2014-12-25 21:00:00,6.0,2.5856876e-05,2.5456466e-05,0.0,2.5589616e-05
274.20288,0.9702959,0.4408455,0.84172076,0.91444594,2014-12-25 22:00:00,5.0,1.887801e-05,1.9097191e-05,0.0,1.9259343e-05
274.18848,0.9787691,0.0055490583,0.91315717,0.9666027,2014-12-25 23:00:00,5.0,1.4187836e-05,1.4097388e-05,0.0,1.4187836e-05
274.10132,0.99055785,0.07134104,0.9473597,0.97586644,2014-12-26 00:00:00,5.0,7.4377704e-06,7.509473e-06,0.0,7.4377704e-06
273.72827,0.9955251,0.14286888,0.95972437,0.9944678,2014-12-26 01:00:00,5.0,5.7983243e-06,5.7649168e-06,0.0,5.7983243e-06
273.71948,0.9783438,0.09888619,0.97498995,0.9135657,2014-12-26 02:00:00,5.0,3.2430144e-06,3.357498e-06,0.0,3.2430144e-06
273.22095,0.9216996,0.06387979,0.90247643,0.37867546,2014-12-26 03:00:00,5.0,2.2130698e-06,2.15603e-06,0.0,2.2130698e-06
272.95312,0.5140874,0.010788232,0.50816786,0.034980882,2014-12-26 04:00:00,5.0,1.1831262e-06,1.1305701e-06,0.0,1.1831262e-06
272.2881,0.13471675,0.052273776,0.08536464,0.0068879165,2014-12-26 05:00:00,5.0,6.4860296e-07,6.916246e-07,0.0,6.4860296e-07
272.04932,0.16565973,0.15813851,0.015990075,0.0021207693,2014-12-26 06:00:00,5.0,3.813414e-07,4.0305383e-07,0.0,3.813414e-07
271.71265,0.4206186,0.40779674,0.19903684,0.0,2014-12-26 07:00:00,5.0,1.6022768e-06,1.4830675e-06,0.0,1.6022768e-06
271.78467,0.6191393,0.58103377,0.4305963,0.0,2014-12-26 08:00:00,5.0,3.5288513e-06,3.6361234e-06,0.0,3.5288513e-06
272.00366,0.82991606,0.7447917,0.75146186,0.0,2014-12-26 09:00:00,5.0,6.923756e-06,6.9570824e-06,1.5253562e-07,6.923756e-06
272.73193,0.88492304,0.63324296,0.82692635,0.0,2014-12-26 10:00:00,5.0,1.1597273e-05,1.1654313e-05,1.1154971e-06,1.0586564e-05
272.8418,0.93776995,0.6282843,0.9240591,0.0,2014-12-26 11:00:00,5.0,2.5425528e-05,2.5420813e-05,3.3942397e-06,2.2088338e-05
272.95166,0.97593516,0.7558397,0.96836096,0.00053172023,2014-12-26 12:00:00,5.0,4.251671e-05,4.2530795e-05,2.5174813e-06,4.0094717e-05
273.11597,0.998375,0.9928401,0.97581035,0.0,2014-12-26 13:00:00,5.0,5.7969082e-05,5.7861806e-05,1.3369399e-06,5.663214e-05
273.2998,0.9962183,0.9850114,0.9578846,0.0,2014-12-26 14:00:00,5.0,7.8009645e-05,7.7902296e-05,0.0,7.8009645e-05
273.40698,1.0,1.0,0.93243116,0.0,2014-12-26 15:00:00,5.0,7.3602714e-05,7.3698044e-05,0.0,7.3602714e-05
272.7793,0.987647,0.9810683,0.88647765,0.0,2014-12-26 16:00:00,5.0,4.9800583e-05,4.9636117e-05,0.0,4.9800583e-05
272.6433,0.9802512,0.9594583,0.8276457,0.0,2014-12-26 17:00:00,5.0,2.2698427e-05,2.2862427e-05,0.0,2.2812514e-05
272.76343,0.9398475,0.92402947,0.73506445,0.0021207693,2014-12-26 18:00:00,5.0,5.151628e-06,5.087056e-06,0.0,5.151628e-06
273.23096,0.9800116,0.9530784,0.6979445,0.20527595,2014-12-26 19:00:00,5.0,1.0226336e-05,1.0164246e-05,0.0,1.0321832e-05
273.57617,0.99164295,0.9708536,0.5414101,0.7002295,2014-12-26 20:00:00,5.0,5.914302e-06,6.040722e-06,0.0,5.914302e-06
273.48486,0.958947,0.79023826,0.21379155,0.8630976,2014-12-26 21:00:00,5.0,2.2893219e-06,2.4110159e-06,0.0,2.2893219e-06
272.8589,1.0,0.9092468,0.79386926,0.6610617,2014-12-26 22:00:00,5.0,8.7804574e-07,9.972546e-07,0.0,9.735413e-07
272.65332,1.0,0.8939815,1.0,0.27233636,2014-12-26 23:00:00,5.0,2.3854682e-06,2.5429736e-06,0.0,2.3854682e-06
272.49243,1.0,0.87391067,0.99051857,0.94713056,2014-12-27 00:00:00,5.0,2.3277229e-05,2.3344051e-05,0.0,2.3277229e-05
272.50732,1.0,0.72679126,0.97552735,0.9970973,2014-12-27 01:00:00,5.0,8.254284e-05,8.255261e-05,0.0,8.254284e-05
272.2107,1.0,0.7734352,0.8971788,0.9726693,2014-12-27 02:00:00,5.0,0.00011267008,0.00011286084,0.0,0.00011314692
271.81372,1.0,0.81324613,0.94332725,0.97394705,2014-12-27 03:00:00,5.0,0.00010466002,0.00010474358,0.0,0.00010466002
271.59033,1.0,0.86517227,0.99164295,1.0,2014-12-27 04:00:00,5.0,0.00013885064,0.0001385716,0.0,0.0001383738
271.34863,0.9926617,0.8199872,0.9626018,0.9467719,2014-12-27 05:00:00,5.0,0.00026464695,0.00026491657,2.769376e-06,0.00026197312
271.16602,0.9899844,0.78452855,0.93668586,0.9340132,2014-12-27 06:00:00,5.0,0.00044960342,0.0004494842,2.7554197e-05,0.00042200135
270.7754,0.9949934,0.83359414,0.9497809,0.9568317,2014-12-27 07:00:00,5.0,0.00030838745,0.00030834484,3.365788e-05,0.00027465378
270.52026,0.99946827,0.9333667,0.99946827,0.8403898,2014-12-27 08:00:00,5.0,0.0005199902,0.0005200545,5.6464458e-05,0.00046371645
269.27075,1.0,0.99675006,0.9989426,0.5082708,2014-12-27 09:00:00,5.0,0.00089093135,0.0008908671,0.0001207421,0.0007700939
268.93115,1.0,0.9880009,1.0,0.21850663,2014-12-27 10:00:00,5.0,0.00095205125,0.00095220865,9.375873e-05,0.00085848314
268.85034,1.0,0.97613025,1.0,0.1609897,2014-12-27 11:00:00,5.0,0.0009849849,0.0009848748,0.0,0.0009847363
268.7527,1.0,0.9253668,1.0,0.1640001,2014-12-27 12:00:00,5.0,0.0008460819,0.0008458055,0.0,0.0008459864
268.68945,1.0,0.64812165,1.0,0.36616623,2014-12-27 13:00:00,5.0,0.00062754494,0.0006275971,0.0,0.00062754494
268.86426,0.997629,0.22320795,0.997629,0.029977683,2014-12-27 14:00:00,5.0,0.00033273338,0.0003325469,0.0,0.00033273338
268.52588,0.91661525,0.14321941,0.913454,0.0,2014-12-27 15:00:00,5.0,0.00011149133,0.00011096707,0.0,0.00011149133
268.41357,0.7620265,0.5081523,0.5329072,0.009766806,2014-12-27 16:00:00,5.0,1.5179284e-05,1.5503581e-05,0.0,1.5446538e-05
268.7483,0.76624006,0.76624006,0.0,0.0,2014-12-27 17:00:00,5.0,4.191511e-07,4.6722204e-07,0.0,6.864127e-07
268.82715,0.78640664,0.78640664,0.0,0.0,2014-12-27 18:00:00,5.0,0.0,0.0,0.0,0.0
268.93555,0.808181,0.808181,0.0,0.0,2014-12-27 19:00:00,5.0,0.0,0.0,0.0,0.0
269.0056,0.68654794,0.68654794,0.0,0.0,2014-12-27 20:00:00,5.0,0.0,0.0,0.0,0.0
268.88745,0.26417428,0.26417428,0.0,0.0,2014-12-27 21:00:00,0.0,0.0,0.0,0.0,0.0
266.71118,0.056914125,0.056914125,0.0,0.0,2014-12-27 22:00:00,0.0,0.0,0.0,0.0,0.0
264.99902,0.010820266,0.010820266,0.0,0.0,2014-12-27 23:00:00,0.0,0.0,0.0,0.0,0.0
263.82568,0.00053172023,0.00053172023,0.0,0.0,2014-12-28 00:00:00,0.0,0.0,2.3873934e-08,0.0,0.0
263.08545,0.0,0.0,0.0,0.0,2014-12-28 01:00:00,0.0,0.0,0.0,0.0,0.0
262.76196,0.0,0.0,0.0,0.0,2014-12-28 02:00:00,0.0,0.0,0.0,0.0,0.0
262.1206,0.0,0.0,0.0,0.0,2014-12-28 03:00:00,0.0,0.0,0.0,0.0,0.0
262.14453,0.03519607,0.03519607,0.0,0.0,2014-12-28 04:00:00,0.0,0.0,0.0,0.0,0.0
261.7771,0.019203588,0.019203588,0.0,0.0,2014-12-28 05:00:00,0.0,0.0,0.0,0.0,0.0
261.31787,0.0,0.0,0.0,0.0,2014-12-28 06:00:00,0.0,0.0,0.0,0.0,0.0
260.56567,0.016560722,0.0,0.0032499009,0.01331082,2014-12-28 07:00:00,0.0,0.0,0.0,0.0,0.0
260.06836,0.20409888,0.0,0.09770894,0.12347901,2014-12-28 08:00:00,0.0,0.0,0.0,0.0,0.0
259.4353,0.63112825,0.0,0.38294816,0.51426715,2014-12-28 09:00:00,5.0,0.0,0.0,0.0,0.0
260.10034,0.7720036,0.0,0.63668585,0.6340168,2014-12-28 10:00:00,5.0,3.813414e-07,4.5752904e-07,0.0,3.813414e-07
260.36108,0.52651376,0.0,0.52651376,0.07722664,2014-12-28 11:00:00,5.0,1.6394451e-06,1.7586544e-06,0.0,1.7349412e-06
260.01807,0.33471692,0.019988392,0.33146697,0.0,2014-12-28 12:00:00,5.0,1.6208605e-06,1.5157502e-06,0.0,1.6208605e-06
259.7881,0.21069252,0.049548965,0.18187791,0.0,2014-12-28 13:00:00,5.0,1.3535991e-06,1.2297442e-06,0.0,1.3535991e-06
258.99,0.013471484,0.013471484,0.0,0.0,2014-12-28 14:00:00,5.0,5.9091695e-07,5.33877e-07,0.0,5.9091695e-07
260.90845,0.12945974,0.12945974,0.0,0.0,2014-12-28 15:00:00,5.0,0.0,2.1454463e-07,0.0,0.0
263.09912,0.122633934,0.122633934,0.0,0.0,2014-12-28 16:00:00,5.0,0.0,7.618763e-08,0.0,0.0
265.1167,0.42311275,0.42311275,0.0,0.0,2014-12-28 17:00:00,5.0,0.0,1.1920929e-07,0.0,0.0
265.88696,0.6789489,0.6789489,0.0,0.0,2014-12-28 18:00:00,5.0,0.0,1.1920929e-07,0.0,0.0
266.67798,0.90668696,0.90668696,0.0,0.0,2014-12-28 19:00:00,5.0,9.536743e-07,7.484217e-07,0.0,6.864127e-07
266.8474,0.8942981,0.8942981,0.0,0.0,2014-12-28 20:00:00,5.0,1.1818338e-06,8.72277e-07,0.0,1.1818338e-06
267.12842,0.8760581,0.8760581,0.0,0.0,2014-12-28 21:00:00,5.0,4.191511e-07,8.580159e-07,0.0,4.191511e-07
266.84644,0.76229006,0.76229006,0.0,0.0,2014-12-28 22:00:00,5.0,0.0,3.2197732e-07,0.0,0.0
265.64722,0.5931808,0.5931808,0.0,0.0,2014-12-28 23:00:00,5.0,0.0,1.8137865e-07,0.0,3.627573e-07
264.66895,0.4253174,0.4253174,0.0,0.0,2014-12-29 00:00:00,5.0,0.0,4.5344667e-08,0.0,0.0
263.51855,0.62701404,0.27467966,0.0,0.62027466,2014-12-29 01:00:00,0.0,0.0,6.6815346e-08,0.0,0.0
262.6277,1.0,0.15896279,0.28898972,1.0,2014-12-29 02:00:00,0.0,0.0,0.0,0.0,0.0
260.95166,0.99946827,0.0337791,0.33486438,0.99946827,2014-12-29 03:00:00,0.0,0.0,0.0,0.0,0.0
260.4502,0.9799832,0.0079283565,0.3480854,0.97052956,2014-12-29 04:00:00,0.0,0.0,0.0,0.0,0.0
260.1145,0.97659343,0.0063561946,0.44763756,0.9760617,2014-12-29 05:00:00,0.0,0.0,0.0,0.0,0.0
259.31885,0.98554313,0.003161212,0.68450254,0.9810683,2014-12-29 06:00:00,0.0,0.0,0.0,0.0,0.0
258.72656,0.9771617,0.00053172023,0.83038676,0.9771617,2014-12-29 07:00:00,5.0,0.0,0.0,0.0,0.0
258.46045,0.998375,0.0021207693,0.9786479,0.99337184,2014-12-29 08:00:00,5.0,0.0,6.6815346e-08,0.0,0.0
257.71338,1.0,0.0015890491,0.9639014,1.0,2014-12-29 09:00:00,5.0,7.2551467e-07,6.774437e-07,0.0,7.2551467e-07
257.44604,1.0,0.00053172023,0.9816332,1.0,2014-12-29 10:00:00,5.0,1.1446655e-06,1.3094614e-06,0.0,1.1260809e-06
257.30054,1.0,0.0,0.98554313,1.0,2014-12-29 11:00:00,5.0,1.5266487e-06,1.6409713e-06,0.0,1.698414e-06
256.96777,1.0,0.00053172023,0.97580045,0.998375,2014-12-29 12:00:00,0.0,1.5266487e-06,1.2690016e-06,0.0,1.5266487e-06
256.42798,0.99337184,0.0,0.80908424,0.96890795,2014-12-29 13:00:00,0.0,3.8198294e-07,4.2957043e-07,0.0,3.8198294e-07
255.86388,0.9615857,0.0021207693,0.60836095,0.94235915,2014-12-29 14:00:00,0.0,0.0,7.16218e-08,0.0,9.549569e-08
255.71974,0.9650258,0.0,0.37216133,0.9600192,2014-12-29 15:00:00,0.0,0.0,1.1936965e-08,0.0,0.0
256.14087,0.93853873,0.0039600097,0.15232694,0.93801314,2014-12-29 16:00:00,0.0,0.0,2.3873934e-08,0.0,0.0
256.8059,0.83423567,0.013193667,0.038351376,0.833704,2014-12-29 17:00:00,0.0,0.0,1.1936965e-08,0.0,0.0
257.63647,0.8586649,0.0010573287,0.05102291,0.8586649,2014-12-29 18:00:00,0.0,0.0,0.0,0.0,0.0
258.1394,0.6935268,0.0,0.04467991,0.6930012,2014-12-29 19:00:00,0.0,0.0,0.0,0.0,0.0
259.00586,0.53250563,0.0029026829,0.041435517,0.53250563,2014-12-29 20:00:00,0.0,0.0,0.0,0.0,0.0
259.44775,0.14843726,0.0,0.034803905,0.14791161,2014-12-29 21:00:00,0.0,0.0,0.0,0.0,0.0
258.19482,0.005298864,0.0,0.005298864,0.0,2014-12-29 22:00:00,0.0,0.0,0.0,0.0,0.0
257.14795,0.0,0.0,0.0,0.0,2014-12-29 23:00:00,0.0,0.0,0.0,0.0,0.0
256.13843,0.0,0.0,0.0,0.0,2014-12-30 00:00:00,0.0,0.0,0.0,0.0,0.0
255.63019,0.0,0.0,0.0,0.0,2014-12-30 01:00:00,0.0,0.0,0.0,0.0,0.0
255.1806,0.0,0.0,0.0,0.0,2014-12-30 02:00:00,0.0,0.0,0.0,0.0,0.0
253.74333,0.0,0.0,0.0,0.0,2014-12-30 03:00:00,0.0,0.0,0.0,0.0,0.0
253.58629,0.0,0.0,0.0,0.0,2014-12-30 04:00:00,0.0,0.0,0.0,0.0,0.0
253.14348,0.0,0.0,0.0,0.0,2014-12-30 05:00:00,0.0,0.0,0.0,0.0,0.0
251.62474,0.0016249504,0.0,0.0016249504,0.0,2014-12-30 06:00:00,0.0,0.0,0.0,0.0,0.0
251.90085,0.0,0.0,0.0,0.0,2014-12-30 07:00:00,0.0,0.0,0.0,0.0,0.0
251.24564,0.0015890491,0.0,0.0,0.0015890491,2014-12-30 08:00:00,0.0,0.0,0.0,0.0,0.0
250.24184,0.08137393,0.0,0.0,0.08137393,2014-12-30 09:00:00,0.0,0.0,0.0,0.0,0.0
252.31099,0.0845018,0.0,0.0,0.0845018,2014-12-30 10:00:00,0.0,0.0,0.0,0.0,0.0
252.12625,0.014189757,0.0,0.007457666,0.0067320913,2014-12-30 11:00:00,0.0,0.0,0.0,0.0,0.0
251.63405,0.0,0.0,0.0,0.0,2014-12-30 12:00:00,0.0,0.0,0.0,0.0,0.0
251.3108,0.0010573287,0.0,0.0,0.0010573287,2014-12-30 13:00:00,0.0,0.0,0.0,0.0,0.0
251.06616,0.076031625,0.0,0.005006563,0.07104212,2014-12-30 14:00:00,0.0,0.0,0.0,0.0,0.0
253.55408,0.02289496,0.0,0.02289496,0.0,2014-12-30 15:00:00,0.0,0.0,0.0,0.0,0.0
254.84752,0.0,0.0,0.0,0.0,2014-12-30 16:00:00,0.0,0.0,0.0,0.0,0.0
255.69156,0.0,0.0,0.0,0.0,2014-12-30 17:00:00,0.0,0.0,0.0,0.0,0.0
256.2268,0.0,0.0,0.0,0.0,2014-12-30 18:00:00,0.0,0.0,0.0,0.0,0.0
256.9214,0.014528811,0.014528811,0.0,0.0,2014-12-30 19:00:00,0.0,0.0,0.0,0.0,0.0
257.19824,0.0010573287,0.0010573287,0.0,0.0,2014-12-30 20:00:00,0.0,0.0,0.0,0.0,0.0
257.6443,0.0,0.0,0.0,0.0,2014-12-30 21:00:00,0.0,0.0,0.0,0.0,0.0
256.51514,0.004235424,0.004235424,0.0,0.0,2014-12-30 22:00:00,0.0,0.0,0.0,0.0,0.0
255.68307,0.0,0.0,0.0,0.0,2014-12-30 23:00:00,0.0,0.0,0.0,0.0,0.0
255.02524,0.0,0.0,0.0,0.0,2014-12-31 00:00:00,0.0,0.0,0.0,0.0,0.0
254.6523,0.0,0.0,0.0,0.0,2014-12-31 01:00:00,0.0,0.0,0.0,0.0,0.0
254.21277,0.0,0.0,0.0,0.0,2014-12-31 02:00:00,0.0,0.0,0.0,0.0,0.0
253.32462,0.0,0.0,0.0,0.0,2014-12-31 03:00:00,0.0,0.0,0.0,0.0,0.0
253.02551,0.0,0.0,0.0,0.0,2014-12-31 04:00:00,0.0,0.0,0.0,0.0,0.0
252.50096,0.0,0.0,0.0,0.0,2014-12-31 05:00:00,0.0,0.0,0.0,0.0,0.0
252.20593,0.0,0.0,0.0,0.0,2014-12-31 06:00:00,0.0,0.0,0.0,0.0,0.0
252.08632,0.0,0.0,0.0,0.0,2014-12-31 07:00:00,0.0,0.0,0.0,0.0,0.0
252.17523,0.0,0.0,0.0,0.0,2014-12-31 08:00:00,0.0,0.0,0.0,0.0,0.0
252.02357,0.0,0.0,0.0,0.0,2014-12-31 09:00:00,0.0,0.0,0.0,0.0,0.0
252.47525,0.0,0.0,0.0,0.0,2014-12-31 10:00:00,0.0,0.0,0.0,0.0,0.0
252.61888,0.0,0.0,0.0,0.0,2014-12-31 11:00:00,0.0,0.0,0.0,0.0,0.0
252.69888,0.0,0.0,0.0,0.0,2014-12-31 12:00:00,0.0,0.0,0.0,0.0,0.0
252.75488,0.0,0.0,0.0,0.0,2014-12-31 13:00:00,0.0,0.0,0.0,0.0,0.0
253.3336,0.0067320913,0.0,0.0067320913,0.0,2014-12-31 14:00:00,0.0,0.0,0.0,0.0,0.0
256.47925,0.0,0.0,0.0,0.0,2014-12-31 15:00:00,0.0,0.0,0.0,0.0,0.0
257.8794,0.0,0.0,0.0,0.0,2014-12-31 16:00:00,0.0,0.0,0.0,0.0,0.0
259.95068,0.0,0.0,0.0,0.0,2014-12-31 17:00:00,0.0,0.0,0.0,0.0,0.0
261.55078,0.01173529,0.0,0.01173529,0.0,2014-12-31 18:00:00,0.0,0.0,0.0,0.0,0.0
262.1875,0.0033782488,0.0,0.0033782488,0.0,2014-12-31 19:00:00,0.0,0.0,0.0,0.0,0.0
262.33203,0.0,0.0,0.0,0.0,2014-12-31 20:00:00,0.0,0.0,0.0,0.0,0.0
263.083,0.0,0.0,0.0,0.0,2014-12-31 21:00:00,0.0,0.0,0.0,0.0,0.0
261.8838,0.10018134,0.10018134,0.0,0.0,2014-12-31 22:00:00,0.0,0.0,0.0,0.0,0.0
261.66187,0.009483848,0.009483848,0.0,0.0,2014-12-31 23:00:00,0.0,0.0,0.0,0.0,0.0
