t2m,tcc,lcc,mcc,hcc,valid_time,ptype,tp,sf,cp,lsp
264.32715,0.91274863,0.5342528,0.8811921,0.0,2016-01-01 00:00:00,5.0,2.1931937e-06,2.3625553e-06,0.0,2.1931937e-06
264.71094,0.84529865,0.77967453,0.49320745,0.0,2016-01-01 01:00:00,5.0,2.7841106e-06,2.944019e-06,0.0,2.7841106e-06
264.98218,0.9501188,0.9501188,0.08289391,0.0,2016-01-01 02:00:00,5.0,4.0050463e-06,4.047988e-06,0.0,4.0050463e-06
266.15088,0.9885259,0.9885259,0.0,0.0,2016-01-01 03:00:00,5.0,5.7790903e-06,5.8480664e-06,0.0,5.7790903e-06
266.57983,0.9928871,0.9928871,0.0,0.0,2016-01-01 04:00:00,5.0,8.754193e-06,8.687377e-06,0.0,8.754193e-06
266.56104,0.99604,0.99604,0.0,0.0,2016-01-01 05:00:00,5.0,9.402145e-06,9.411759e-06,0.0,9.402145e-06
266.57642,0.9931373,0.9931373,0.0,0.0,2016-01-01 06:00:00,5.0,9.955894e-06,1.0032161e-05,0.0,9.955894e-06
266.4402,0.9978792,0.9978792,0.0,0.0,2016-01-01 07:00:00,5.0,7.055769e-06,7.203982e-06,0.0,7.055769e-06
266.25073,0.99946827,0.99946827,0.0,0.0,2016-01-01 08:00:00,5.0,7.953049e-06,7.943274e-06,0.0,7.953049e-06
266.13257,1.0,1.0,0.0,0.0,2016-01-01 09:00:00,5.0,6.5411223e-06,6.5649956e-06,0.0,6.5411223e-06
265.20337,0.9055546,0.9055546,0.0067320913,0.0,2016-01-01 10:00:00,5.0,4.0806663e-06,4.0806663e-06,0.0,4.0806663e-06
265.12354,0.4495411,0.4495411,0.0,0.0,2016-01-01 11:00:00,5.0,1.8496621e-06,1.782847e-06,0.0,1.8496621e-06
264.8225,0.29193228,0.07300758,0.18418843,0.08498627,2016-01-01 12:00:00,5.0,5.7233285e-07,5.8162493e-07,0.0,5.7233285e-07
264.53613,0.9310385,0.026727784,0.8398813,0.79702145,2016-01-01 13:00:00,0.0,0.0,2.8519953e-08,0.0,0.0
264.7412,0.99841094,0.018346336,0.9973536,0.98997605,2016-01-01 14:00:00,0.0,0.0,0.0,0.0,0.0
266.55542,1.0,0.018346336,1.0,1.0,2016-01-01 15:00:00,0.0,0.0,0.0,0.0,0.0
267.9143,0.998375,0.014723916,0.99675006,0.6186925,2016-01-01 16:00:00,0.0,0.0,0.0,0.0,0.0
269.1958,0.6402731,0.00053172023,0.6376375,0.050475262,2016-01-01 17:00:00,0.0,0.0,0.0,0.0,0.0
270.5498,0.059259832,0.0,0.059259832,0.0,2016-01-01 18:00:00,0.0,0.0,0.0,0.0,0.0
271.49585,0.21426141,0.21372974,0.00053172023,0.0,2016-01-01 19:00:00,5.0,0.0,0.0,0.0,0.0
272.16284,0.6623938,0.6623938,0.0,0.0,2016-01-01 20:00:00,5.0,0.0,2.3873934e-08,0.0,0.0
272.56665,0.4998237,0.4998237,0.0,0.0,2016-01-01 21:00:00,0.0,0.0,0.0,0.0,0.0
271.16724,0.3457116,0.3457116,0.0,0.0,2016-01-01 22:00:00,5.0,0.0,0.0,0.0,0.0
269.9231,0.22632295,0.22632295,0.0,0.0,2016-01-01 23:00:00,5.0,0.0,1.1936965e-08,0.0,0.0
269.27197,0.3324334,0.3324334,0.0,0.0,2016-01-02 00:00:00,5.0,0.0,1.3114624e-07,0.0,0.0
268.89014,0.5467946,0.5467946,0.0,0.0,2016-01-02 01:00:00,5.0,9.549569e-08,3.2910788e-07,0.0,4.7683716e-07
268.58105,0.5473128,0.5473128,0.0,0.0,2016-01-02 02:00:00,5.0,9.536743e-07,6.4844033e-07,0.0,9.536743e-07
267.47754,0.41069442,0.41069442,0.0,0.0,2016-01-02 03:00:00,5.0,6.864127e-07,7.676496e-07,0.0,6.864127e-07
267.24,0.35868233,0.35868233,0.0,0.0,2016-01-02 04:00:00,5.0,1.2209357e-06,1.1541197e-06,0.0,1.2209357e-06
267.18042,0.2711023,0.2711023,0.0,0.0,2016-01-02 05:00:00,5.0,2.1560254e-06,2.2274871e-06,0.0,2.1560254e-06
266.9475,0.20835555,0.20835555,0.0,0.0,2016-01-02 06:00:00,5.0,9.350902e-07,9.777086e-07,0.0,9.350902e-07
266.42944,0.10715908,0.10715908,0.0,0.0,2016-01-02 07:00:00,0.0,0.0,6.6815346e-08,0.0,0.0
265.7744,0.030274194,0.030274194,0.0,0.0,2016-01-02 08:00:00,0.0,0.0,0.0,0.0,0.0
264.98804,0.0010573287,0.0010573287,0.0,0.0,2016-01-02 09:00:00,0.0,0.0,0.0,0.0,0.0
263.15552,0.0,0.0,0.0,0.0,2016-01-02 10:00:00,0.0,0.0,0.0,0.0,0.0
262.9673,0.0,0.0,0.0,0.0,2016-01-02 11:00:00,0.0,0.0,0.0,0.0,0.0
262.7876,0.0,0.0,0.0,0.0,2016-01-02 12:00:00,0.0,0.0,0.0,0.0,0.0
262.9756,0.0,0.0,0.0,0.0,2016-01-02 13:00:00,0.0,0.0,0.0,0.0,0.0
263.15063,0.0,0.0,0.0,0.0,2016-01-02 14:00:00,0.0,0.0,0.0,0.0,0.0
265.46387,0.0,0.0,0.0,0.0,2016-01-02 15:00:00,0.0,0.0,0.0,0.0,0.0
267.1643,0.0,0.0,0.0,0.0,2016-01-02 16:00:00,0.0,0.0,0.0,0.0,0.0
268.95264,0.0,0.0,0.0,0.0,2016-01-02 17:00:00,0.0,0.0,0.0,0.0,0.0
270.50098,0.0,0.0,0.0,0.0,2016-01-02 18:00:00,0.0,0.0,0.0,0.0,0.0
271.62085,0.0,0.0,0.0,0.0,2016-01-02 19:00:00,0.0,0.0,0.0,0.0,0.0
272.38843,0.0,0.0,0.0,0.0,2016-01-02 20:00:00,0.0,0.0,0.0,0.0,0.0
273.30322,0.0,0.0,0.0,0.0,2016-01-02 21:00:00,0.0,0.0,0.0,0.0,0.0
272.0249,0.00053172023,0.00053172023,0.0,0.0,2016-01-02 22:00:00,0.0,0.0,0.0,0.0,0.0
271.05103,0.00053172023,0.00053172023,0.0,0.0,2016-01-02 23:00:00,0.0,0.0,0.0,0.0,0.0
270.3247,0.00053172023,0.00053172023,0.0,0.0,2016-01-03 00:00:00,0.0,0.0,0.0,0.0,0.0
269.8689,0.02008253,0.02008253,0.0,0.0,2016-01-03 01:00:00,5.0,2.2815959e-07,2.4306456e-07,0.0,3.813414e-07
269.74292,0.14540005,0.14540005,0.0,0.0,2016-01-03 02:00:00,5.0,9.536743e-07,7.8687754e-07,0.0,7.8190845e-07
269.4807,0.6161323,0.6161323,0.0,0.0,2016-01-03 03:00:00,5.0,9.536743e-07,1.2683604e-06,0.0,1.4305115e-06
269.88257,0.97883826,0.97883826,0.0,0.0,2016-01-03 04:00:00,5.0,2.3264993e-06,2.1071482e-06,0.0,2.2310032e-06
269.7268,1.0,1.0,0.0,0.0,2016-01-03 05:00:00,5.0,2.0983398e-06,1.9501267e-06,0.0,1.7355824e-06
269.48535,1.0,1.0,0.0,0.0,2016-01-03 06:00:00,5.0,1.3356566e-06,1.165813e-06,0.0,1.086979e-06
269.68604,1.0,1.0,0.0,0.0,2016-01-03 07:00:00,5.0,2.6129865e-06,2.8560507e-06,0.0,2.6129865e-06
269.44897,0.9989426,0.9989426,0.0,0.0,2016-01-03 08:00:00,5.0,3.2430053e-06,3.462519e-06,0.0,3.4147715e-06
269.7473,0.9947011,0.9947011,0.0,0.0,2016-01-03 09:00:00,5.0,2.7475844e-06,3.231552e-06,0.0,3.2244216e-06
269.70728,0.9546856,0.9546856,0.0,0.0,2016-01-03 10:00:00,5.0,2.80527e-06,2.8432423e-06,0.0,2.80527e-06
269.50757,0.85382146,0.85382146,0.0,0.0,2016-01-03 11:00:00,5.0,2.5380086e-06,2.2564072e-06,0.0,2.5380086e-06
269.48218,0.7889349,0.7889349,0.0,0.0,2016-01-03 12:00:00,5.0,2.7084825e-06,2.7158549e-06,0.0,2.5944028e-06
269.3689,0.86734766,0.86734766,0.0,0.0,2016-01-03 13:00:00,5.0,3.5089752e-06,3.470841e-06,0.0,3.5089752e-06
269.0542,0.8496292,0.8496292,0.0,0.0,2016-01-03 14:00:00,5.0,5.4349075e-06,5.5039654e-06,0.0,5.3394115e-06
269.6797,0.793612,0.793612,0.0,0.0,2016-01-03 15:00:00,5.0,6.063634e-06,6.0112407e-06,0.0,6.063634e-06
270.08887,0.5129944,0.5129944,0.0,0.0,2016-01-03 16:00:00,5.0,4.4632907e-06,4.4224307e-06,0.0,4.4632907e-06
270.5381,0.63821954,0.63821954,0.0,0.0,2016-01-03 17:00:00,5.0,3.071881e-06,3.2293856e-06,0.0,3.071881e-06
270.74097,0.62252647,0.62252647,0.0,0.0,2016-01-03 18:00:00,5.0,1.3170729e-06,1.3239605e-06,0.0,1.3170729e-06
271.00757,0.4948582,0.4948582,0.0,0.0,2016-01-03 19:00:00,5.0,9.549569e-08,5.9684794e-08,0.0,9.549569e-08
271.07642,0.6703227,0.6703227,0.0,0.0,2016-01-03 20:00:00,5.0,0.0,0.0,0.0,0.0
271.38306,0.6236386,0.6236386,0.0,0.0,2016-01-03 21:00:00,5.0,0.0,0.0,0.0,0.0
271.01514,0.256743,0.256743,0.0,0.0,2016-01-03 22:00:00,0.0,0.0,3.5810903e-08,0.0,0.0
270.16016,0.08985734,0.08985734,0.0,0.0,2016-01-03 23:00:00,0.0,0.0,7.394476e-08,0.0,0.0
269.64795,0.063543975,0.063543975,0.0,0.0,2016-01-04 00:00:00,5.0,0.0,1.1936965e-08,0.0,0.0
269.53467,0.21533221,0.21533221,0.0,0.0,2016-01-04 01:00:00,5.0,0.0,6.192761e-08,0.0,0.0
269.62134,0.1259141,0.1259141,0.0,0.0,2016-01-04 02:00:00,0.0,0.0,1.9771988e-07,0.0,1.14079796e-07
268.73584,0.09507918,0.09507918,0.0,0.0,2016-01-04 03:00:00,5.0,2.2815959e-07,2.9778147e-07,0.0,1.14079796e-07
268.3352,0.066927195,0.066927195,0.0,0.0,2016-01-04 04:00:00,5.0,5.9091695e-07,6.671046e-07,0.0,5.9091695e-07
267.9541,0.11460441,0.11460441,0.0,0.0,2016-01-04 05:00:00,5.0,8.004925e-07,7.768603e-07,0.0,8.004925e-07
267.93115,0.20711493,0.20711493,0.0,0.0,2016-01-04 06:00:00,5.0,1.372825e-06,8.318189e-07,0.0,4.191511e-07
267.875,0.38037068,0.38037068,0.0,0.0,2016-01-04 07:00:00,5.0,2.2815959e-07,3.861478e-07,0.0,2.2815959e-07
267.6311,0.525404,0.525404,0.0,0.0,2016-01-04 08:00:00,5.0,1.1818338e-06,1.0055846e-06,0.0,1.1818338e-06
268.08472,0.65574384,0.65574384,0.0,0.0,2016-01-04 09:00:00,5.0,2.2815959e-07,6.5773236e-07,0.0,8.5817857e-07
263.239,0.74457425,0.74457425,0.0,0.0,2016-01-04 10:00:00,5.0,6.864127e-07,7.722956e-07,0.0,6.864127e-07
262.95044,0.79227924,0.79227924,0.0,0.0,2016-01-04 11:00:00,5.0,1.372825e-06,1.5066162e-06,0.0,1.3542412e-06
263.27124,0.8043565,0.8043565,0.0,0.0,2016-01-04 12:00:00,5.0,1.9829677e-06,2.0884017e-06,0.0,2.0406533e-06
263.0459,0.75301063,0.75301063,0.0,0.0,2016-01-04 13:00:00,5.0,1.3542412e-06,1.5734313e-06,0.0,1.468321e-06
263.39014,0.6490898,0.6490898,0.0,0.0,2016-01-04 14:00:00,5.0,1.3542412e-06,1.1587636e-06,0.0,1.2587452e-06
264.47144,0.58919996,0.58919996,0.0,0.0,2016-01-04 15:00:00,5.0,9.536743e-07,8.772438e-07,0.0,1.0491694e-06
265.6797,0.63665307,0.63665307,0.0,0.0,2016-01-04 16:00:00,5.0,6.101426e-07,6.0085284e-07,0.0,9.536743e-07
266.79688,0.6368365,0.6368365,0.0,0.0,2016-01-04 17:00:00,5.0,6.101426e-07,7.487425e-07,0.0,1.1446655e-06
267.7478,0.5106047,0.5106047,0.0,0.0,2016-01-04 18:00:00,5.0,0.0,1.2882322e-07,0.0,0.0
268.48364,0.6647604,0.6647604,0.0,0.0,2016-01-04 19:00:00,5.0,9.536743e-07,8.223665e-07,0.0,6.864127e-07
268.7744,0.64995646,0.64995646,0.0,0.0,2016-01-04 20:00:00,5.0,3.050713e-07,4.0537572e-07,0.0,4.7683716e-07
269.3562,0.54948694,0.54948694,0.0,0.0,2016-01-04 21:00:00,5.0,2.6726156e-07,1.8602464e-07,0.0,0.0
268.02173,0.3908463,0.3908463,0.0,0.0,2016-01-04 22:00:00,5.0,3.627573e-07,3.0058794e-07,0.0,2.6726156e-07
267.4077,0.37000507,0.37000507,0.0,0.0,2016-01-04 23:00:00,5.0,9.536743e-07,7.106097e-07,0.0,9.536743e-07
266.53516,0.45790952,0.45628452,0.0,0.017036323,2016-01-05 00:00:00,5.0,9.536743e-07,7.1525574e-07,0.0,9.536743e-07
266.31372,0.63370794,0.6028769,0.0,0.11250591,2016-01-05 01:00:00,5.0,9.536743e-07,7.484217e-07,0.0,5.9091695e-07
266.37817,0.60709697,0.56069434,0.0,0.20472986,2016-01-05 02:00:00,5.0,9.536743e-07,7.867171e-07,0.0,9.536743e-07
266.47754,0.64832056,0.52665865,0.0,0.34839875,2016-01-05 03:00:00,5.0,9.536743e-07,1.0680769e-06,0.0,9.536743e-07
266.35303,0.76086426,0.50120157,0.0,0.6098649,2016-01-05 04:00:00,5.0,1.7163566e-06,1.4162524e-06,0.0,1.7163566e-06
266.16504,0.70986277,0.54552907,0.0,0.3814453,2016-01-05 05:00:00,5.0,1.7163566e-06,1.6261511e-06,0.0,1.7163566e-06
265.93994,0.62883276,0.5527108,0.0,0.14617246,2016-01-05 06:00:00,5.0,1.7163566e-06,1.4925199e-06,0.0,1.6977729e-06
265.72485,0.48533964,0.4733339,0.0,0.0143767,2016-01-05 07:00:00,5.0,1.7554585e-06,1.7935936e-06,0.0,1.7554585e-06
265.61084,0.40083253,0.40083253,0.0,0.0,2016-01-05 08:00:00,5.0,2.0227199e-06,2.1132491e-06,0.0,2.1944861e-06
265.6814,0.53395694,0.48345906,0.0,0.06061553,2016-01-05 09:00:00,5.0,1.9272247e-06,1.8318888e-06,0.0,1.9272247e-06
267.15942,0.5700893,0.5481878,0.0,0.03271566,2016-01-05 10:00:00,5.0,1.5458827e-06,1.5744026e-06,0.0,1.5458827e-06
267.21777,0.64114004,0.5707886,0.0,0.14072812,2016-01-05 11:00:00,5.0,1.6599633e-06,1.6697386e-06,0.0,1.6599633e-06
267.2339,0.7317481,0.6185409,0.0,0.26378548,2016-01-05 12:00:00,5.0,1.1831262e-06,1.378603e-06,0.0,1.392701e-06
267.30078,0.6119215,0.5153013,0.0,0.14901,2016-01-05 13:00:00,5.0,9.158646e-07,9.777104e-07,0.0,9.158646e-07
267.16333,0.48533446,0.45949465,0.0,0.03323418,2016-01-05 14:00:00,5.0,2.6726156e-07,4.6738472e-07,0.0,3.813414e-07
268.4226,0.27635485,0.2747658,0.0,0.0015890491,2016-01-05 15:00:00,5.0,0.0,2.1454463e-07,0.0,0.0
269.0027,0.10274458,0.028674677,0.0,0.07406986,2016-01-05 16:00:00,0.0,0.0,1.1920929e-07,0.0,0.0
270.09888,0.0029026829,0.0029026829,0.0,0.0,2016-01-05 17:00:00,0.0,0.0,0.0,0.0,0.0
270.864,0.014645416,0.0033782488,0.0,0.011267167,2016-01-05 18:00:00,0.0,0.0,0.0,0.0,0.0
271.125,0.12311566,0.005003199,0.0,0.12311566,2016-01-05 19:00:00,0.0,0.0,0.0,0.0,0.0
271.28857,0.4919834,0.031198695,0.0,0.4862513,2016-01-05 20:00:00,0.0,0.0,0.0,0.0,0.0
271.57202,0.77149755,0.017838452,0.0,0.76860094,2016-01-05 21:00:00,0.0,0.0,0.0,0.0,0.0
270.8047,0.7088161,0.020520732,0.0032499009,0.7020034,2016-01-05 22:00:00,0.0,0.0,0.0,0.0,0.0
270.25366,0.52959687,0.044987336,0.0065169036,0.5024956,2016-01-05 23:00:00,5.0,0.0,0.0,0.0,0.0
269.54102,0.23650849,0.009478044,0.0,0.22704142,2016-01-06 00:00:00,5.0,0.0,0.0,0.0,0.0
269.31982,0.031426094,0.0037288337,0.0,0.027697258,2016-01-06 01:00:00,5.0,0.0,0.0,0.0,0.0
269.06567,0.0026822793,0.0016249504,0.0,0.0010573287,2016-01-06 02:00:00,5.0,0.0,0.0,0.0,0.0
269.04932,0.0032499009,0.0032499009,0.0,0.0,2016-01-06 03:00:00,5.0,0.0,0.0,0.0,0.0
269.2693,0.11884153,0.099888444,0.0,0.018960398,2016-01-06 04:00:00,5.0,0.0,0.0,0.0,0.0
269.40796,0.16005778,0.1376726,0.0,0.02240229,2016-01-06 05:00:00,0.0,0.0,0.0,0.0,0.0
269.56616,0.45203048,0.204705,0.0,0.28242713,2016-01-06 06:00:00,0.0,0.0,0.0,0.0,0.0
269.5,0.67087346,0.250328,0.0,0.5437212,2016-01-06 07:00:00,5.0,0.0,0.0,0.0,0.0
269.72925,0.6445652,0.13772684,0.003161212,0.6076305,2016-01-06 08:00:00,5.0,0.0,0.0,0.0,0.0
269.6123,0.8027462,0.14391321,0.17448187,0.74851197,2016-01-06 09:00:00,0.0,0.0,0.0,0.0,0.0
269.1272,0.8014383,0.10268253,0.520151,0.7010466,2016-01-06 10:00:00,0.0,1.5279311e-06,0.0,1.5279311e-06,0.0
269.20288,0.88082683,0.08027744,0.7431458,0.8141092,2016-01-06 11:00:00,5.0,1.432436e-06,0.0,1.3846875e-06,0.0
269.15186,0.848676,0.08917624,0.24479681,0.80574536,2016-01-06 12:00:00,0.0,0.0,0.0,0.0,0.0
269.34473,0.95215195,0.09990674,0.32003087,0.95215195,2016-01-06 13:00:00,0.0,0.0,0.0,0.0,0.0
269.37793,0.96789396,0.07656956,0.407754,0.96789396,2016-01-06 14:00:00,0.0,0.0,0.0,0.0,0.0
270.3623,0.9771583,0.17307806,0.5987003,0.9726835,2016-01-06 15:00:00,0.0,0.0,0.0,0.0,0.0
270.96997,0.9871681,0.35007977,0.6780238,0.97832483,2016-01-06 16:00:00,5.0,0.0,0.0,0.0,0.0
271.91895,1.0,0.47045374,0.73096853,1.0,2016-01-06 17:00:00,5.0,0.0,0.0,0.0,0.0
272.43994,0.99525803,0.3851605,0.8769283,0.98524827,2016-01-06 18:00:00,5.0,0.0,0.0,0.0,0.0
272.99292,1.0,0.499299,0.8790412,0.99946827,2016-01-06 19:00:00,5.0,4.0607993e-06,3.7887312e-06,3.3163797e-06,4.5825306e-07
273.14746,1.0,0.9308973,0.93188167,0.998375,2016-01-06 20:00:00,6.0,1.47082565e-05,1.442914e-05,1.3363075e-07,1.4345499e-05
273.35767,1.0,0.9989426,0.96602637,0.9800109,2016-01-06 21:00:00,6.0,5.3872383e-05,5.393455e-05,0.0,5.3967873e-05
273.47437,1.0,1.0,0.998375,0.9811042,2016-01-06 22:00:00,5.0,9.8077246e-05,9.814407e-05,0.0,9.8077246e-05
273.3047,1.0,0.9923111,1.0,0.98556834,2016-01-06 23:00:00,5.0,0.00016050444,0.00016034229,0.0,0.00016023718
273.0923,1.0,0.9845659,0.9978961,0.93844503,2016-01-07 00:00:00,5.0,0.00021621554,0.0002163273,0.0,0.00021632963
272.8518,0.9978961,0.97441757,0.9978961,0.84440047,2016-01-07 01:00:00,5.0,0.00028951443,0.00028965273,0.0,0.00028951443
272.66284,1.0,0.97290385,0.988793,0.34208447,2016-01-07 02:00:00,5.0,0.00031023566,0.00031047408,0.0,0.00031023566
272.4453,0.998375,0.998375,0.97974443,0.0,2016-01-07 03:00:00,5.0,0.00025054696,0.00025056605,0.0,0.00025054696
272.4331,0.985579,0.9727398,0.97336257,0.0,2016-01-07 04:00:00,5.0,0.00016361591,0.0001634109,0.0,0.00016361591
272.1172,0.98897713,0.9832523,0.93119985,0.0,2016-01-07 05:00:00,5.0,8.154227e-05,8.1754726e-05,0.0,8.154227e-05
272.33228,0.9831444,0.9626798,0.91911155,0.0,2016-01-07 06:00:00,5.0,4.2731335e-05,4.2717074e-05,0.0,4.2731335e-05
272.2666,0.99627113,0.99627113,0.93025124,0.0,2016-01-07 07:00:00,5.0,5.9285405e-05,5.957381e-05,0.0,5.9552665e-05
272.30786,0.99525803,0.9947263,0.93300915,0.0,2016-01-07 08:00:00,5.0,4.266022e-05,4.2674816e-05,0.0,4.271792e-05
272.23706,0.98554313,0.9831722,0.97007173,0.0,2016-01-07 09:00:00,5.0,4.4118307e-05,4.4328044e-05,0.0,4.4327884e-05
272.53662,1.0,0.9865619,0.98700404,0.0,2016-01-07 10:00:00,5.0,6.859274e-05,6.877164e-05,0.0,6.886e-05
272.59302,0.9989426,0.9908225,0.9926617,0.0048919544,2016-01-07 11:00:00,5.0,0.00010576357,0.000105756524,0.0,0.00010576357
272.63354,0.9947263,0.9763095,0.9897259,0.16498482,2016-01-07 12:00:00,5.0,0.0001251543,0.00012534257,0.0,0.0001251543
272.68506,0.9885259,0.95958483,0.9780519,0.025747798,2016-01-07 13:00:00,5.0,0.000102034115,0.00010200063,0.0,0.0001021482
272.7207,0.9871681,0.951206,0.98663634,0.07799971,2016-01-07 14:00:00,5.0,6.804925e-05,6.803979e-05,0.0,6.822102e-05
273.02686,0.9805366,0.95766985,0.95787066,0.12028068,2016-01-07 15:00:00,5.0,4.9742317e-05,4.977548e-05,0.0,4.9742317e-05
273.19507,1.0,0.99243104,0.998375,0.18742442,2016-01-07 16:00:00,5.0,5.5273355e-05,5.5396726e-05,0.0,5.5273355e-05
273.4082,0.99946827,0.9856318,0.9838701,0.06507152,2016-01-07 17:00:00,6.0,8.856603e-05,8.863301e-05,0.0,8.856603e-05
273.69238,1.0,1.0,0.9064693,0.4448787,2016-01-07 18:00:00,6.0,5.584056e-05,5.5062657e-05,0.0,5.584056e-05
274.01123,1.0,1.0,0.8460387,0.7047676,2016-01-07 19:00:00,6.0,1.6439313e-05,1.6692153e-05,0.0,1.6706574e-05
274.0559,1.0,1.0,0.8128532,0.83230877,2016-01-07 20:00:00,6.0,2.4563502e-05,2.3260844e-05,0.0,2.4677574e-05
274.10083,1.0,1.0,0.7813303,0.7355783,2016-01-07 21:00:00,6.0,2.3341927e-05,1.7803817e-05,0.0,2.3341927e-05
274.1089,0.99627113,0.9957394,0.60763866,0.8493713,2016-01-07 22:00:00,6.0,1.5829195e-05,9.371384e-06,0.0,1.6248348e-05
273.95923,1.0,0.99627113,0.41986996,0.988393,2016-01-07 23:00:00,6.0,1.1155029e-05,7.544946e-06,0.0,1.1155029e-05
273.92676,1.0,0.99336845,0.22730559,1.0,2016-01-08 00:00:00,6.0,8.466413e-06,7.028296e-06,0.0,8.5619085e-06
273.76953,1.0,0.9733158,0.26102138,1.0,2016-01-08 01:00:00,5.0,9.365609e-06,8.344803e-06,0.0,9.365609e-06
273.80078,1.0,0.9800109,0.4480757,0.95992905,2016-01-08 02:00:00,5.0,2.0241205e-05,1.9787913e-05,0.0,2.015532e-05
273.62598,1.0,0.96634775,0.75360304,0.99348307,2016-01-08 03:00:00,5.0,4.9393e-05,4.942152e-05,0.0,4.9393e-05
273.6006,1.0,0.9244773,0.97381115,0.99348307,2016-01-08 04:00:00,5.0,0.00013693099,0.0001370313,0.0,0.00013693099
273.52246,1.0,0.7577522,0.98916405,1.0,2016-01-08 05:00:00,5.0,0.00031605875,0.00031608972,0.0,0.00031605875
273.2898,1.0,0.89857274,0.998375,1.0,2016-01-08 06:00:00,5.0,0.00047323876,0.00047343876,0.0,0.00047335285
273.33472,1.0,0.8974685,1.0,1.0,2016-01-08 07:00:00,5.0,0.0004992022,0.00049931183,0.0,0.0004992022
273.26,1.0,0.9507181,1.0,0.998375,2016-01-08 08:00:00,5.0,0.0005627996,0.000562795,0.0,0.00056268554
272.91675,1.0,0.9163417,0.99393606,0.99946827,2016-01-08 09:00:00,5.0,0.0005739471,0.00057412335,0.0,0.0005740612
273.10742,1.0,0.97752917,0.9752329,0.9968219,2016-01-08 10:00:00,5.0,0.00053004385,0.0005303158,0.0,0.00053031114
273.22607,1.0,0.9527361,0.9560857,0.95914155,2016-01-08 11:00:00,5.0,0.000388199,0.0003879459,0.0,0.00038783625
273.16138,0.9989426,0.9873573,0.51793116,0.8691876,2016-01-08 12:00:00,5.0,0.00023832172,0.00023858866,0.0,0.00023879856
273.19922,0.9909975,0.98046756,0.15831608,0.81441116,2016-01-08 13:00:00,5.0,0.00014484958,0.00014470665,0.0,0.00014484958
273.2141,0.99416727,0.97218376,0.06896061,0.8930934,2016-01-08 14:00:00,5.0,9.338325e-05,9.364057e-05,0.0,9.366909e-05
273.323,1.0,0.9913792,0.045991525,0.9257145,2016-01-08 15:00:00,5.0,6.130827e-05,6.135089e-05,0.0,6.151784e-05
273.53687,1.0,1.0,0.23243237,0.8923233,2016-01-08 16:00:00,5.0,4.4447195e-05,4.4580505e-05,0.0,4.4561268e-05
273.67773,1.0,1.0,0.582965,0.88382965,2016-01-08 17:00:00,6.0,3.975314e-05,3.972462e-05,0.0,3.975314e-05
273.75635,1.0,0.99841094,0.7963028,0.8681374,2016-01-08 18:00:00,6.0,5.1768904e-05,5.1797586e-05,0.0,5.1864394e-05
273.8767,1.0,1.0,0.9101347,0.90611905,2016-01-08 19:00:00,6.0,2.3161236e-05,2.2975219e-05,0.0,2.3161236e-05
273.94995,1.0,0.9978433,0.94959855,0.91590506,2016-01-08 20:00:00,6.0,4.353709e-05,4.375643e-05,0.0,4.353709e-05
273.9746,0.997629,0.92779875,0.9835228,0.87743855,2016-01-08 21:00:00,6.0,7.6615775e-05,7.6300756e-05,0.0,7.652027e-05
273.10864,1.0,0.9191811,0.98999023,0.8964516,2016-01-08 22:00:00,6.0,8.657167e-05,8.6292304e-05,4.7747868e-08,8.620891e-05
272.62402,1.0,0.9358188,0.998375,0.9379211,2016-01-08 23:00:00,5.0,6.303101e-05,6.3041094e-05,0.0,6.327969e-05
272.42114,0.98874027,0.96924186,0.97290385,0.90088797,2016-01-09 00:00:00,5.0,3.434127e-05,3.4462806e-05,0.0,3.434127e-05
271.80713,1.0,0.9669126,0.998375,0.8489438,2016-01-09 01:00:00,5.0,2.6536887e-05,2.6739654e-05,0.0,2.6804148e-05
271.34253,1.0,0.9558038,0.9718908,0.8048396,2016-01-09 02:00:00,5.0,3.4659126e-05,3.482368e-05,0.0,3.4659126e-05
269.4524,0.99289286,0.9760651,0.9618009,0.8906039,2016-01-09 03:00:00,5.0,5.474266e-05,5.4809236e-05,0.0,5.464717e-05
268.93164,1.0,0.9641934,0.9825971,0.9441888,2016-01-09 04:00:00,5.0,5.909124e-05,5.8993493e-05,0.0,5.909124e-05
267.9917,0.998375,0.9730404,0.88018525,0.9128834,2016-01-09 05:00:00,5.0,4.060738e-05,4.0803017e-05,0.0,4.060738e-05
266.4297,1.0,1.0,0.7294544,0.80573285,2016-01-09 06:00:00,5.0,2.5426154e-05,2.5600079e-05,0.0,2.5426154e-05
266.02173,1.0,1.0,0.5043627,0.80450034,2016-01-09 07:00:00,5.0,2.5156973e-05,2.4914072e-05,0.0,2.4680136e-05
265.26416,0.9860471,0.9810683,0.44319105,0.57499504,2016-01-09 08:00:00,5.0,2.3671368e-05,2.3933506e-05,0.0,2.4052715e-05
263.7046,0.9902548,0.98972315,0.1430816,0.23608911,2016-01-09 09:00:00,5.0,2.996446e-05,2.9947638e-05,0.0,2.996446e-05
261.27783,0.9973177,0.99569273,0.27617538,0.06407589,2016-01-09 10:00:00,5.0,3.0020863e-05,2.99877e-05,0.0,3.0020863e-05
260.89746,0.9885259,0.9885259,0.2515151,0.0,2016-01-09 11:00:00,5.0,2.4928842e-05,2.4850335e-05,0.0,2.4928842e-05
260.58765,0.9942508,0.9942508,0.17684817,0.0,2016-01-09 12:00:00,5.0,1.3790458e-05,1.3757212e-05,0.0,1.3790458e-05
260.08032,1.0,1.0,0.2729373,0.0,2016-01-09 13:00:00,5.0,7.266628e-06,7.2616594e-06,0.0,7.266628e-06
259.66748,1.0,1.0,0.3887456,0.0,2016-01-09 14:00:00,5.0,6.159771e-06,6.0596285e-06,0.0,5.8925098e-06
259.0349,1.0,1.0,0.7688675,0.0,2016-01-09 15:00:00,5.0,4.233839e-06,4.1957865e-06,0.0,4.138343e-06
258.96802,1.0,1.0,0.8168268,0.0,2016-01-09 16:00:00,5.0,7.934456e-06,8.132176e-06,0.0,8.048536e-06
259.02173,0.9719362,0.9454749,0.48877162,0.0,2016-01-09 17:00:00,5.0,8.277988e-06,8.429881e-06,0.0,8.277988e-06
259.01025,0.90384185,0.90384185,0.0,0.0,2016-01-09 18:00:00,5.0,2.1739588e-06,2.3695993e-06,0.0,2.1739588e-06
258.72827,0.720268,0.720268,0.0,0.0,2016-01-09 19:00:00,5.0,4.2722995e-06,4.4534363e-06,0.0,4.3863793e-06
258.63867,0.83626735,0.83626735,0.0,0.0,2016-01-09 20:00:00,5.0,3.6621568e-06,3.3117394e-06,0.0,3.548077e-06
258.38477,0.8589798,0.8589798,0.0,0.0,2016-01-09 21:00:00,5.0,3.1276331e-06,3.1636055e-06,0.0,3.0135534e-06
257.01245,0.77498686,0.77498686,0.0,0.0,2016-01-09 22:00:00,5.0,1.7548082e-06,2.1315036e-06,0.0,2.1361493e-06
256.3838,0.89599144,0.89599144,0.0,0.0,2016-01-09 23:00:00,5.0,1.3356566e-06,1.3231565e-06,0.0,1.3542412e-06
255.98509,0.9814991,0.9814991,0.0,0.0,2016-01-10 00:00:00,5.0,4.191511e-07,7.5338846e-07,0.0,7.8190845e-07
255.54839,0.99416727,0.99416727,0.0,0.0,2016-01-10 01:00:00,5.0,1.9099144e-07,2.9561886e-07,0.0,3.050713e-07
255.05956,0.6498487,0.6498487,0.0,0.0,2016-01-10 02:00:00,0.0,9.549569e-08,1.5974638e-07,0.0,9.549569e-08
253.63882,0.71501267,0.71501267,0.0,0.0,2016-01-10 03:00:00,0.0,9.549569e-08,9.781871e-08,0.0,9.549569e-08
253.33638,0.6930717,0.6930717,0.0,0.0,2016-01-10 04:00:00,5.0,1.9099144e-07,1.4788958e-07,0.0,1.9099144e-07
252.64478,0.5364667,0.5364667,0.0,0.0,2016-01-10 05:00:00,5.0,1.9099144e-07,2.0749422e-07,0.0,1.9099144e-07
251.72998,0.18702954,0.18702954,0.0,0.0,2016-01-10 06:00:00,5.0,9.549569e-08,1.9555728e-07,0.0,9.549569e-08
251.04317,0.6058641,0.6058641,0.0,0.0,2016-01-10 07:00:00,0.0,9.549569e-08,8.5881766e-08,0.0,9.549569e-08
250.71274,0.078352034,0.078352034,0.0,0.0,2016-01-10 08:00:00,0.0,0.0,8.5881766e-08,0.0,0.0
250.33153,0.10441393,0.10441393,0.0,0.0,2016-01-10 09:00:00,0.0,0.0,8.5881766e-08,0.0,0.0
249.53339,0.5180267,0.5180267,0.0,0.0,2016-01-10 10:00:00,0.0,0.0,2.3873934e-08,0.0,0.0
249.38777,0.1662097,0.1662097,0.0,0.0,2016-01-10 11:00:00,0.0,0.0,0.0,0.0,0.0
249.42474,0.064626694,0.064626694,0.0,0.0,2016-01-10 12:00:00,0.0,0.0,0.0,0.0,0.0
249.30157,0.0058244728,0.0058244728,0.0,0.0,2016-01-10 13:00:00,0.0,0.0,0.0,0.0,0.0
249.18279,0.0,0.0,0.0,0.0,2016-01-10 14:00:00,0.0,0.0,0.0,0.0,0.0
250.54326,0.0,0.0,0.0,0.0,2016-01-10 15:00:00,0.0,0.0,0.0,0.0,0.0
251.30498,0.7495181,0.7495181,0.0,0.0,2016-01-10 16:00:00,5.0,0.0,7.154159e-08,0.0,0.0
252.35902,1.0,1.0,0.0,0.0,2016-01-10 17:00:00,5.0,9.549569e-08,2.8616643e-07,0.0,9.549569e-08
253.10417,1.0,1.0,0.0,0.0,2016-01-10 18:00:00,5.0,0.0,1.3587243e-07,0.0,9.549569e-08
253.73853,0.9899067,0.9899067,0.0,0.0,2016-01-10 19:00:00,5.0,0.0,1.812171e-07,0.0,9.549569e-08
254.41138,1.0,1.0,0.0,0.0,2016-01-10 20:00:00,5.0,0.0,2.0268783e-07,0.0,0.0
255.16846,1.0,1.0,0.0,0.0,2016-01-10 21:00:00,5.0,0.0,1.4308318e-07,0.0,0.0
254.35196,0.9791886,0.9791886,0.0,0.0,2016-01-10 22:00:00,5.0,0.0,1.4308318e-07,0.0,0.0
253.11745,0.7222314,0.7222314,0.0,0.0,2016-01-10 23:00:00,0.0,3.627573e-07,2.3377254e-07,0.0,3.627573e-07
252.29837,0.25475973,0.25475973,0.0,0.0,2016-01-11 00:00:00,0.0,0.0,1.0014173e-07,0.0,0.0
251.91449,0.085375845,0.085375845,0.0,0.0,2016-01-11 01:00:00,0.0,0.0,0.0,0.0,0.0
251.42316,0.004741922,0.004741922,0.0,0.0,2016-01-11 02:00:00,0.0,0.0,0.0,0.0,0.0
249.85861,0.0,0.0,0.0,0.0,2016-01-11 03:00:00,0.0,0.0,0.0,0.0,0.0
249.33151,0.0,0.0,0.0,0.0,2016-01-11 04:00:00,0.0,0.0,0.0,0.0,0.0
249.16489,0.099333584,0.099333584,0.0,0.0,2016-01-11 05:00:00,0.0,0.0,0.0,0.0,0.0
248.95189,0.063976645,0.063976645,0.0,0.0,2016-01-11 06:00:00,0.0,0.0,2.8519953e-08,0.0,0.0
249.8353,0.015873197,0.0,0.007936597,0.012144364,2016-01-11 07:00:00,0.0,0.0,1.4772922e-07,0.0,2.0957555e-07
249.45415,0.24106354,0.0,0.014265135,0.2341674,2016-01-11 08:00:00,5.0,3.813414e-07,3.001045e-07,0.0,3.813414e-07
249.94994,0.7168187,0.16288841,0.1448304,0.6669871,2016-01-11 09:00:00,0.0,3.813414e-07,3.001045e-07,0.0,3.813414e-07
248.67705,0.9583607,0.27942115,0.46964294,0.9025183,2016-01-11 10:00:00,0.0,3.813414e-07,2.9537824e-07,0.0,3.813414e-07
248.26872,0.94812226,0.31380886,0.8303275,0.8660192,2016-01-11 11:00:00,5.0,3.813414e-07,3.549829e-07,0.0,3.813414e-07
248.07527,0.4576192,0.24450445,0.24045837,0.0,2016-01-11 12:00:00,5.0,3.813414e-07,4.337353e-07,0.0,3.813414e-07
248.78615,0.61913687,0.4353246,0.23225254,0.0599749,2016-01-11 13:00:00,5.0,3.813414e-07,4.9077516e-07,0.0,3.813414e-07
248.62361,0.6516102,0.38298368,0.36042184,0.040821485,2016-01-11 14:00:00,5.0,7.626828e-07,5.410076e-07,0.0,5.9091695e-07
250.69646,0.60785675,0.45026392,0.29902804,0.017804991,2016-01-11 15:00:00,5.0,3.813414e-07,7.389693e-07,0.0,8.5817857e-07
252.79247,0.953577,0.94933546,0.05026803,0.094610095,2016-01-11 16:00:00,5.0,2.2508802e-06,1.9027048e-06,0.0,2.2508802e-06
254.69342,0.5159409,0.042566523,0.027648032,0.48705053,2016-01-11 17:00:00,5.0,5.3452317e-07,4.0056932e-07,0.0,5.3452317e-07
255.72684,0.99629015,0.14363056,0.037177216,0.99629015,2016-01-11 18:00:00,0.0,0.0,1.384372e-07,0.0,0.0
256.7539,0.99946827,0.33484054,0.29189909,0.99946827,2016-01-11 19:00:00,5.0,9.549569e-08,1.5510034e-07,0.0,9.549569e-08
257.39453,1.0,0.5874462,0.9286878,1.0,2016-01-11 20:00:00,5.0,7.2551467e-07,8.3254525e-07,0.0,6.300189e-07
258.60986,0.997629,0.89477926,0.98740494,0.38443536,2016-01-11 21:00:00,5.0,1.963177e-05,1.9536426e-05,0.0,1.963177e-05
258.55273,0.99946827,0.9552863,0.99657166,0.0,2016-01-11 22:00:00,5.0,0.0001255929,0.00012550253,0.0,0.00012547882
258.37695,1.0,0.8846367,0.9932679,0.0,2016-01-11 23:00:00,5.0,0.00025505782,0.00025535375,0.0,0.0002553251
258.3164,0.98584366,0.97766733,0.9682756,0.0,2016-01-12 00:00:00,5.0,0.0002742759,0.00027419045,0.0,0.0002742759
258.32397,0.99089694,0.9841575,0.8979093,0.0,2016-01-12 01:00:00,5.0,0.00016742802,0.0001675804,0.0,0.0001675421
258.0974,1.0,1.0,0.8724146,0.0,2016-01-12 02:00:00,5.0,9.461105e-05,9.4692296e-05,0.0,9.461105e-05
256.99316,1.0,1.0,0.88762474,0.0,2016-01-12 03:00:00,5.0,5.404788e-05,5.35281e-05,0.0,5.3666532e-05
256.97266,0.9325837,0.9292225,0.43691838,0.0,2016-01-12 04:00:00,5.0,2.0787236e-05,2.0505875e-05,0.0,2.0405889e-05
256.9021,0.7706967,0.7706967,0.0,0.0,2016-01-12 05:00:00,5.0,8.581767e-06,8.796796e-06,0.0,8.944525e-06
256.48535,0.8816391,0.8816391,0.0,0.0,2016-01-12 06:00:00,5.0,7.552473e-06,7.294987e-06,0.0,7.171132e-06
255.92166,0.712383,0.712383,0.0,0.0,2016-01-12 07:00:00,5.0,7.075636e-06,7.0947035e-06,0.0,7.075636e-06
255.48094,0.635505,0.635505,0.0,0.0,2016-01-12 08:00:00,5.0,6.179648e-06,6.019821e-06,0.0,6.084152e-06
254.52701,0.87158364,0.87158364,0.0,0.0,2016-01-12 09:00:00,5.0,4.825407e-06,4.744332e-06,0.0,4.615831e-06
252.7794,0.99368834,0.99368834,0.0,0.0,2016-01-12 10:00:00,5.0,3.2615899e-06,3.1089721e-06,0.0,3.2615899e-06
252.63919,0.9973536,0.9973536,0.0,0.0,2016-01-12 11:00:00,5.0,2.6892567e-06,2.779866e-06,0.0,2.6892567e-06
252.27814,0.98892707,0.98892707,0.0,0.0,2016-01-12 12:00:00,5.0,2.2124195e-06,2.3458888e-06,0.0,2.2124195e-06
252.14365,0.9766034,0.9766034,0.0,0.0,2016-01-12 13:00:00,5.0,1.372825e-06,1.508939e-06,0.0,1.468321e-06
251.69173,0.82425237,0.82425237,0.0,0.0,2016-01-12 14:00:00,5.0,1.1446655e-06,1.0250524e-06,0.0,8.774042e-07
252.2139,0.41056007,0.41056007,0.0,0.0,2016-01-12 15:00:00,5.0,4.191511e-07,7.24707e-07,0.0,8.774042e-07
252.7061,0.74662745,0.74662745,0.0,0.0,2016-01-12 16:00:00,5.0,0.0,1.2161246e-07,0.0,9.549569e-08
253.86418,0.83711153,0.83711153,0.0,0.0,2016-01-12 17:00:00,0.0,0.0,2.3361099e-07,0.0,0.0
254.81497,0.3486055,0.3486055,0.0,0.0,2016-01-12 18:00:00,0.0,0.0,1.335494e-07,0.0,9.549569e-08
255.57468,0.6977003,0.6977003,0.0,0.0,2016-01-12 19:00:00,5.0,0.0,1.1936965e-08,0.0,0.0
255.79219,0.6826435,0.6826435,0.0,0.0,2016-01-12 20:00:00,5.0,0.0,9.06893e-08,0.0,0.0
256.50195,0.83373326,0.83373326,0.0,0.0,2016-01-12 21:00:00,0.0,0.0,1.9563862e-07,0.0,2.6726156e-07
255.86746,0.7586751,0.7586751,0.0,0.0,2016-01-12 22:00:00,5.0,0.0,8.347854e-08,0.0,0.0
255.28694,0.3993683,0.3993683,0.0,0.0,2016-01-12 23:00:00,5.0,3.627573e-07,4.4599415e-07,0.0,3.627573e-07
254.58148,0.22281182,0.22281182,0.0,0.0,2016-01-13 00:00:00,0.0,9.549569e-08,3.004264e-07,0.0,9.549569e-08
254.35834,0.039171275,0.039171275,0.0,0.0,2016-01-13 01:00:00,0.0,0.0,2.6196943e-08,0.0,0.0
253.93982,0.25544816,0.0,0.0,0.25544816,2016-01-13 02:00:00,0.0,0.0,0.0,0.0,0.0
253.4978,0.19522417,0.0,0.0,0.19522417,2016-01-13 03:00:00,0.0,0.0,0.0,0.0,0.0
253.06221,0.034831747,0.0,0.0,0.034831747,2016-01-13 04:00:00,0.0,0.0,0.0,0.0,0.0
252.64973,0.051843744,0.0,0.0,0.051843744,2016-01-13 05:00:00,0.0,0.0,0.0,0.0,0.0
251.95926,0.0,0.0,0.0,0.0,2016-01-13 06:00:00,0.0,0.0,0.0,0.0,0.0
251.99648,0.0,0.0,0.0,0.0,2016-01-13 07:00:00,0.0,0.0,0.0,0.0,0.0
252.15372,0.0,0.0,0.0,0.0,2016-01-13 08:00:00,0.0,0.0,0.0,0.0,0.0
251.44926,0.1883192,0.1883192,0.004235424,0.0,2016-01-13 09:00:00,5.0,3.627573e-07,4.819666e-07,0.0,3.627573e-07
254.47536,0.6713532,0.5151458,0.012667846,0.36275774,2016-01-13 10:00:00,5.0,3.7403606e-06,3.8215976e-06,0.0,3.7403606e-06
255.03983,0.9625483,0.9066491,0.36878216,0.64336216,2016-01-13 11:00:00,5.0,1.00930665e-05,9.911849e-06,0.0,9.825805e-06
255.47836,0.96704733,0.9370068,0.6921507,0.02633686,2016-01-13 12:00:00,5.0,2.3843138e-05,2.4310997e-05,0.0,2.447315e-05
256.208,0.9543266,0.94478405,0.6884992,0.0,2016-01-13 13:00:00,5.0,7.4150696e-05,7.404623e-05,0.0,7.386485e-05
257.09326,0.9675847,0.903719,0.92150986,0.0,2016-01-13 14:00:00,5.0,5.870218e-05,5.8659236e-05,0.0,5.870218e-05
259.33398,0.70514995,0.6611786,0.41625655,0.0,2016-01-13 15:00:00,5.0,1.0089199e-05,1.0346363e-05,0.0,1.05660365e-05
260.59985,0.5942672,0.5913645,0.04346986,0.0,2016-01-13 16:00:00,5.0,8.809945e-06,8.852887e-06,0.0,8.809945e-06
261.77124,0.47131443,0.42995316,0.36321384,0.0,2016-01-13 17:00:00,5.0,1.3652653e-05,1.3669719e-05,0.0,1.3538573e-05
263.11768,0.614985,0.28697473,0.6019729,0.0,2016-01-13 18:00:00,5.0,1.2259951e-05,1.2276292e-05,0.0,1.2374031e-05
264.4673,0.7204462,0.22020954,0.70780087,0.0,2016-01-13 19:00:00,5.0,5.2240484e-06,5.1384886e-06,0.0,5.2240484e-06
265.0188,0.45535392,0.20003241,0.45535392,0.0,2016-01-13 20:00:00,5.0,3.793537e-06,3.9060196e-06,0.0,3.7749533e-06
266.3318,0.2793988,0.09317666,0.16183424,0.124191046,2016-01-13 21:00:00,5.0,3.984529e-06,4.065523e-06,0.0,4.194105e-06
266.47046,0.96833944,0.022788648,0.018102165,0.9604397,2016-01-13 22:00:00,5.0,1.658671e-06,1.4749694e-06,0.0,1.5631749e-06
264.83716,0.9587141,0.031056106,0.0100932345,0.9587141,2016-01-13 23:00:00,5.0,0.0,4.7667676e-08,0.0,0.0
264.0935,0.8785247,0.060916863,0.024992213,0.8641566,2016-01-14 00:00:00,5.0,0.0,0.0,0.0,0.0
263.62842,0.98663634,0.056254506,0.014723916,0.98663634,2016-01-14 01:00:00,5.0,0.0,1.1936965e-08,0.0,0.0
263.76855,0.9726368,0.095092356,0.019051515,0.96374804,2016-01-14 02:00:00,5.0,0.0,2.6196943e-08,0.0,0.0
263.93628,0.9949968,0.13620228,0.21647972,0.9949968,2016-01-14 03:00:00,5.0,0.0,7.386461e-08,0.0,0.0
263.73486,0.9873607,0.13079572,0.87694025,0.9847251,2016-01-14 04:00:00,5.0,0.0,1.07272285e-07,0.0,0.0
263.38745,0.9966217,0.0743323,0.96754676,0.98663634,2016-01-14 05:00:00,5.0,0.0,7.386461e-08,0.0,0.0
263.1819,1.0,0.06596321,0.9894637,0.9880982,2016-01-14 06:00:00,5.0,0.0,5.9604645e-08,0.0,0.0
263.92627,1.0,0.062083047,0.97799057,1.0,2016-01-14 07:00:00,5.0,0.0,0.0,0.0,0.0
264.19873,0.9978961,0.09925252,0.94852597,0.974373,2016-01-14 08:00:00,5.0,0.0,0.0,0.0,0.0
264.59033,0.99946827,0.13787484,0.9124047,0.9829769,2016-01-14 09:00:00,5.0,0.0,8.107537e-08,0.0,0.0
265.1333,1.0,0.20366281,0.9631554,0.9758032,2016-01-14 10:00:00,5.0,2.0022026e-06,1.9094314e-06,0.0,2.0022026e-06
265.15723,1.0,0.1723553,0.93500906,0.9841934,2016-01-14 11:00:00,5.0,4.1370695e-06,3.831834e-06,2.477106e-07,3.488466e-06
265.1809,1.0,0.34256083,1.0,0.9450891,2016-01-14 12:00:00,5.0,1.8868304e-06,1.6178128e-06,4.5760692e-07,1.3721838e-06
265.52026,1.0,0.20107943,0.98831767,0.8370728,2016-01-14 13:00:00,5.0,8.767626e-07,7.171766e-07,0.0,8.767626e-07
265.63428,0.95756686,0.3338595,0.6955243,0.8773219,2016-01-14 14:00:00,5.0,0.0,2.288046e-07,0.0,1.14079796e-07
266.35205,0.9604753,0.5037993,0.58074635,0.7716441,2016-01-14 15:00:00,5.0,0.0,1.8842786e-07,0.0,9.549569e-08
266.82983,0.7424152,0.3995195,0.30282193,0.2852437,2016-01-14 16:00:00,5.0,0.0,7.154159e-08,0.0,0.0
267.90942,0.40588444,0.22065389,0.09671104,0.15485877,2016-01-14 17:00:00,5.0,0.0,2.6196943e-08,0.0,0.0
268.88647,0.18516427,0.08491784,0.035067722,0.068421245,2016-01-14 18:00:00,5.0,0.0,3.3407698e-08,0.0,0.0
269.55273,0.02409603,0.011408862,0.0,0.012687169,2016-01-14 19:00:00,0.0,0.0,0.0,0.0,0.0
269.9536,0.04090401,0.0,0.0,0.04090401,2016-01-14 20:00:00,0.0,0.0,0.0,0.0,0.0
270.65894,0.06254876,0.0,0.0,0.06254876,2016-01-14 21:00:00,0.0,0.0,0.0,0.0,0.0
269.9817,0.68336487,0.6817758,0.0,0.0026463778,2016-01-14 22:00:00,0.0,0.0,0.0,0.0,0.0
269.47632,0.6411408,0.63294536,0.011606943,0.019018143,2016-01-14 23:00:00,0.0,0.0,0.0,0.0,0.0
269.1548,0.6427466,0.59919894,0.061467513,0.048526872,2016-01-15 00:00:00,0.0,0.0,0.0,0.0,0.0
268.93164,0.68315655,0.5046153,0.16414076,0.25430125,2016-01-15 01:00:00,0.0,0.0,0.0,0.0,0.0
268.26953,0.81247264,0.71309006,0.27978212,0.20121658,2016-01-15 02:00:00,5.0,0.0,0.0,0.0,0.0
267.44995,0.9106976,0.87291265,0.2412976,0.15912437,2016-01-15 03:00:00,5.0,0.0,0.0,0.0,0.0
267.4485,0.99255055,0.97706085,0.27554488,0.48316324,2016-01-15 04:00:00,5.0,0.0,7.386461e-08,0.0,0.0
267.08813,0.99289286,0.98663634,0.3183599,0.37083644,2016-01-15 05:00:00,5.0,0.0,2.3601535e-07,0.0,0.0
267.00073,0.9535451,0.9253002,0.38786525,0.12497288,2016-01-15 06:00:00,5.0,1.2395194e-06,1.1418615e-06,0.0,1.2395194e-06
267.3777,0.9633941,0.8940826,0.675272,0.09120476,2016-01-15 07:00:00,5.0,0.00020162144,0.00020139231,0.00018010542,2.1477565e-05
267.39502,0.9772262,0.9415937,0.8300812,0.15923816,2016-01-15 08:00:00,5.0,0.00018280534,0.00018274125,0.0001478065,3.5266086e-05
266.79053,0.9863693,0.9606982,0.84642,0.13419515,2016-01-15 09:00:00,5.0,0.0002309371,0.00023107057,0.00017503502,5.590207e-05
266.4873,0.96144277,0.9548146,0.5385635,0.14088488,2016-01-15 10:00:00,5.0,0.00010078939,0.00010085123,3.6166122e-05,6.4546664e-05
266.6023,0.9989426,0.95897067,0.85549206,0.0,2016-01-15 11:00:00,5.0,5.554121e-05,5.5603057e-05,0.0,5.554121e-05
266.9187,0.96128577,0.8337754,0.92979777,0.0,2016-01-15 12:00:00,5.0,3.8948085e-05,3.861914e-05,0.0,3.866224e-05
267.23438,0.8704704,0.8148748,0.59709305,0.0,2016-01-15 13:00:00,5.0,2.8266673e-05,2.8409762e-05,0.0,2.8266673e-05
267.07886,0.7991959,0.7849449,0.1672861,0.0,2016-01-15 14:00:00,5.0,2.265742e-05,2.2700522e-05,0.0,2.265742e-05
266.86133,0.9057052,0.9006986,0.06446123,0.0,2016-01-15 15:00:00,5.0,1.4265343e-05,1.43038e-05,0.0,1.4037184e-05
265.99316,0.97132385,0.97132385,0.006845806,0.0,2016-01-15 16:00:00,5.0,4.0825907e-06,4.4022463e-06,0.0,4.0825907e-06
265.6477,0.9949765,0.9949765,0.0,0.0,2016-01-15 17:00:00,5.0,5.7297444e-07,1.0257772e-06,0.0,9.543155e-07
265.9248,0.99609,0.99609,0.0,0.07622337,2016-01-15 18:00:00,5.0,1.9099144e-07,4.962254e-07,0.0,4.5825306e-07
266.563,0.95736855,0.93764144,0.0,0.4106583,2016-01-15 19:00:00,5.0,9.549569e-08,1.741679e-07,0.0,9.549569e-08
266.6306,0.9831553,0.91686714,0.0,0.6307347,2016-01-15 20:00:00,5.0,0.0,1.1688627e-07,0.0,0.0
266.45557,0.96843326,0.9268242,0.0048919544,0.34630305,2016-01-15 21:00:00,5.0,2.0957555e-07,2.3120782e-07,0.0,2.0957555e-07
266.46582,0.9349004,0.90418154,0.04121142,0.50101775,2016-01-15 22:00:00,5.0,7.0563834e-07,8.629827e-07,0.0,7.0563834e-07
266.1372,0.8452508,0.72238684,0.14213043,0.57289153,2016-01-15 23:00:00,5.0,1.277971e-06,1.4260231e-06,0.0,1.4497364e-06
265.61572,0.8968418,0.7283684,0.23854107,0.62175024,2016-01-16 00:00:00,5.0,1.182475e-06,1.1350503e-06,0.0,9.728992e-07
264.91113,0.9089485,0.61482376,0.3153637,0.77077013,2016-01-16 01:00:00,5.0,3.8198294e-07,6.7728104e-07,0.0,6.678286e-07
264.21313,0.63482445,0.4989707,0.1015479,0.37563908,2016-01-16 02:00:00,5.0,4.0056705e-07,5.5326535e-07,0.0,4.0056705e-07
262.41846,0.37749225,0.37643492,0.009008683,0.01589049,2016-01-16 03:00:00,5.0,1.9099144e-07,3.909542e-07,0.0,3.050713e-07
261.9043,0.19797468,0.19797468,0.0,0.0,2016-01-16 04:00:00,5.0,0.0,2.717449e-07,0.0,9.549569e-08
261.45752,0.07799798,0.07799798,0.0,0.0,2016-01-16 05:00:00,0.0,0.0,1.0014173e-07,0.0,9.549569e-08
260.56323,0.103934586,0.103934586,0.0,0.0,2016-01-16 06:00:00,0.0,0.0,2.3873934e-08,0.0,0.0
260.2517,0.7245469,0.7245469,0.0,0.0,2016-01-16 07:00:00,5.0,4.191511e-07,5.194555e-07,0.0,6.864127e-07
259.3623,0.9361503,0.9361503,0.0,0.0,2016-01-16 08:00:00,5.0,1.7919765e-06,1.8015908e-06,0.0,1.9637419e-06
257.68652,0.9916152,0.9916152,0.0,0.0,2016-01-16 09:00:00,5.0,1.5638161e-06,1.7064167e-06,0.0,1.6778959e-06
255.756,0.7115742,0.7115742,0.0,0.0,2016-01-16 10:00:00,5.0,1.372825e-06,1.072397e-06,0.0,1.1055636e-06
255.66331,0.30246764,0.30246764,0.0,0.0,2016-01-16 11:00:00,5.0,1.1055636e-06,1.3416593e-06,0.0,1.1055636e-06
255.36607,0.070942104,0.070942104,0.0,0.0,2016-01-16 12:00:00,5.0,1.372825e-06,9.961295e-07,0.0,1.1055636e-06
254.99493,0.020384222,0.020384222,0.0,0.0,2016-01-16 13:00:00,0.0,6.864127e-07,3.621925e-07,0.0,2.0957555e-07
254.87132,0.37137944,0.024820775,0.3505546,0.0,2016-01-16 14:00:00,0.0,0.0,1.1199853e-07,0.0,0.0
254.50755,0.55319273,0.02245742,0.5394734,0.0,2016-01-16 15:00:00,0.0,0.0,2.6196943e-08,0.0,0.0
254.60342,0.83451414,0.57882833,0.7155991,0.0,2016-01-16 16:00:00,5.0,0.0,1.4308318e-07,0.0,0.0
254.9906,0.99258035,0.9904657,0.7262044,0.0,2016-01-16 17:00:00,5.0,0.0,2.3593401e-07,0.0,0.0
255.24814,1.0,1.0,0.15971309,0.0,2016-01-16 18:00:00,5.0,0.0,1.3819545e-07,0.0,0.0
255.54604,1.0,1.0,0.0,0.0,2016-01-16 19:00:00,5.0,1.1818338e-06,1.2968803e-06,0.0,1.4305115e-06
255.59882,1.0,1.0,0.0,0.0,2016-01-16 20:00:00,5.0,2.6892567e-06,2.65593e-06,0.0,2.5937607e-06
255.7105,0.9970973,0.9970973,0.0,0.027350482,2016-01-16 21:00:00,5.0,4.0056884e-06,3.8959315e-06,0.0,4.1011845e-06
254.50725,0.9710618,0.961305,0.0,0.17222846,2016-01-16 22:00:00,5.0,4.3876717e-06,4.301468e-06,0.0,4.4062554e-06
254.00372,1.0,1.0,0.0015890491,0.08549237,2016-01-16 23:00:00,5.0,2.766168e-06,2.8946697e-06,0.0,2.766168e-06
253.34618,0.94995016,0.94995016,0.0,0.0,2016-01-17 00:00:00,5.0,1.5260066e-06,1.5639789e-06,0.0,1.5260066e-06
252.83226,0.36815548,0.36815548,0.0,0.0,2016-01-17 01:00:00,5.0,7.8190845e-07,8.104284e-07,0.0,7.8190845e-07
252.25119,0.13746536,0.13746536,0.0,0.0,2016-01-17 02:00:00,0.0,2.0957555e-07,3.0026484e-07,0.0,2.0957555e-07
250.93677,0.10356325,0.10356325,0.0,0.0,2016-01-17 03:00:00,0.0,2.0957555e-07,2.52517e-07,0.0,2.0957555e-07
250.76263,0.3734386,0.3734386,0.0,0.0,2016-01-17 04:00:00,0.0,2.0957555e-07,3.9560024e-07,0.0,2.0957555e-07
250.1307,0.704448,0.702077,0.00894969,0.0,2016-01-17 05:00:00,0.0,6.864127e-07,4.1947413e-07,0.0,2.0957555e-07
249.23181,0.69948035,0.69948035,0.0010573287,0.0,2016-01-17 06:00:00,0.0,0.0,2.4787096e-07,0.0,2.0957555e-07
248.65796,0.7825341,0.77928424,0.013248995,0.0,2016-01-17 07:00:00,5.0,2.0957555e-07,3.074756e-07,0.0,2.0957555e-07
248.15086,0.44267726,0.42942095,0.029977683,0.0,2016-01-17 08:00:00,0.0,9.549569e-08,1.4780943e-07,0.0,9.549569e-08
247.20943,0.34566402,0.32857496,0.05657889,0.0,2016-01-17 09:00:00,5.0,0.0,1.0967551e-07,0.0,0.0
247.35155,0.57973623,0.44577408,0.41065025,0.0,2016-01-17 10:00:00,5.0,3.813414e-07,3.267047e-07,0.0,3.813414e-07
247.13237,0.6985841,0.38715857,0.6674501,0.0,2016-01-17 11:00:00,5.0,1.6022768e-06,1.4472571e-06,0.0,1.6022768e-06
247.20311,0.7258509,0.45427537,0.67663777,0.0,2016-01-17 12:00:00,5.0,2.1931937e-06,2.4937017e-06,0.0,2.460455e-06
247.10503,0.2708909,0.25752336,0.08515233,0.0,2016-01-17 13:00:00,5.0,1.7163566e-06,1.6068416e-06,0.0,1.6022768e-06
247.0288,0.18795538,0.18795538,0.0,0.0,2016-01-17 14:00:00,5.0,0.0,4.983079e-07,0.0,9.536743e-07
248.51929,0.29469514,0.29469514,0.0,0.0,2016-01-17 15:00:00,5.0,0.0,3.8133912e-08,0.0,0.0
249.38177,0.0994041,0.0994041,0.0,0.0,2016-01-17 16:00:00,0.0,0.0,9.773851e-08,0.0,0.0
250.68134,0.83711153,0.83711153,0.0,0.0,2016-01-17 17:00:00,5.0,0.0,3.8863118e-07,0.0,0.0
251.3775,0.8499914,0.8499914,0.0,0.0,2016-01-17 18:00:00,5.0,0.0,2.4322497e-07,0.0,0.0
251.881,0.9102941,0.9102941,0.0,0.0,2016-01-17 19:00:00,5.0,0.0,4.7747868e-08,0.0,0.0
252.74399,1.0,1.0,0.0,0.0,2016-01-17 20:00:00,5.0,0.0,1.4308318e-07,0.0,0.0
253.5342,1.0,1.0,0.0,0.0,2016-01-17 21:00:00,5.0,9.549569e-08,2.8616643e-07,0.0,9.549569e-08
253.1133,0.998375,0.998375,0.0,0.0,2016-01-17 22:00:00,5.0,5.7233285e-07,4.6754508e-07,0.0,3.627573e-07
253.0021,0.9593545,0.9593545,0.0,0.0,2016-01-17 23:00:00,5.0,9.350902e-07,7.96653e-07,0.0,9.350902e-07
252.3289,0.43749326,0.43749326,0.0,0.0,2016-01-18 00:00:00,5.0,5.7233285e-07,6.771207e-07,0.0,5.7233285e-07
251.74124,0.16267425,0.16267425,0.0,0.0,2016-01-18 01:00:00,5.0,0.0,2.4787096e-07,0.0,9.549569e-08
251.47618,0.031667788,0.031667788,0.0,0.0,2016-01-18 02:00:00,0.0,0.0,5.239389e-08,0.0,0.0
250.6696,0.0,0.0,0.0,0.0,2016-01-18 03:00:00,0.0,0.0,0.0,0.0,0.0
250.3114,0.0,0.0,0.0,0.0,2016-01-18 04:00:00,0.0,0.0,0.0,0.0,0.0
250.0238,0.0,0.0,0.0,0.0,2016-01-18 05:00:00,0.0,0.0,0.0,0.0,0.0
249.29851,0.0,0.0,0.0,0.0,2016-01-18 06:00:00,0.0,0.0,0.0,0.0,0.0
248.9836,0.0,0.0,0.0,0.0,2016-01-18 07:00:00,0.0,0.0,0.0,0.0,0.0
248.3246,0.0,0.0,0.0,0.0,2016-01-18 08:00:00,0.0,0.0,0.0,0.0,0.0
247.82578,0.0,0.0,0.0,0.0,2016-01-18 09:00:00,0.0,0.0,0.0,0.0,0.0
248.08307,0.0,0.0,0.0,0.0,2016-01-18 10:00:00,0.0,0.0,0.0,0.0,0.0
247.93855,0.0,0.0,0.0,0.0,2016-01-18 11:00:00,0.0,0.0,0.0,0.0,0.0
247.97351,0.0,0.0,0.0,0.0,2016-01-18 12:00:00,0.0,0.0,0.0,0.0,0.0
248.41559,0.0,0.0,0.0,0.0,2016-01-18 13:00:00,0.0,0.0,0.0,0.0,0.0
248.0661,0.0,0.0,0.0,0.0,2016-01-18 14:00:00,0.0,0.0,0.0,0.0,0.0
250.11185,0.0,0.0,0.0,0.0,2016-01-18 15:00:00,0.0,0.0,0.0,0.0,0.0
251.66318,0.0,0.0,0.0,0.0,2016-01-18 16:00:00,0.0,0.0,0.0,0.0,0.0
253.18874,0.01483316,0.01483316,0.0,0.0,2016-01-18 17:00:00,0.0,0.0,0.0,0.0,0.0
254.27422,0.0,0.0,0.0,0.0,2016-01-18 18:00:00,0.0,0.0,0.0,0.0,0.0
254.87828,0.0,0.0,0.0,0.0,2016-01-18 19:00:00,0.0,0.0,0.0,0.0,0.0
255.34222,0.0,0.0,0.0,0.0,2016-01-18 20:00:00,5.0,0.0,0.0,0.0,0.0
256.0205,0.3827644,0.3827644,0.0,0.0,2016-01-18 21:00:00,0.0,0.0,0.0,0.0,0.0
255.49855,1.0,1.0,0.0,0.0,2016-01-18 22:00:00,0.0,0.0,4.5344667e-08,0.0,0.0
254.31607,0.41379738,0.41379738,0.0,0.0,2016-01-18 23:00:00,0.0,0.0,0.0,0.0,0.0
253.812,0.0,0.0,0.0,0.0,2016-01-19 00:00:00,0.0,0.0,0.0,0.0,0.0
253.34239,0.05108918,0.0,0.0,0.05108918,2016-01-19 01:00:00,0.0,0.0,0.0,0.0,0.0
252.90298,0.14958763,0.0,0.0,0.14958763,2016-01-19 02:00:00,0.0,0.0,0.0,0.0,0.0
252.10173,0.007991824,0.0,0.0,0.007991824,2016-01-19 03:00:00,0.0,0.0,0.0,0.0,0.0
251.78865,0.35260546,0.0,0.0,0.35260546,2016-01-19 04:00:00,0.0,0.0,0.0,0.0,0.0
251.68483,0.7175033,0.0,0.066643596,0.7175033,2016-01-19 05:00:00,0.0,0.0,0.0,0.0,0.0
252.23036,0.54749733,0.0,0.059503227,0.540872,2016-01-19 06:00:00,0.0,0.0,0.0,0.0,0.0
253.00177,0.2650562,0.0,0.054606315,0.2388497,2016-01-19 07:00:00,0.0,0.0,0.0,0.0,0.0
252.62056,0.3665666,0.0,0.02892745,0.35373473,2016-01-19 08:00:00,0.0,0.0,0.0,0.0,0.0
252.09601,0.7380527,0.33671844,0.043172147,0.48887563,2016-01-19 09:00:00,0.0,0.0,4.7667676e-08,0.0,0.0
251.27916,0.9732722,0.0,0.0,0.9732722,2016-01-19 10:00:00,5.0,3.813414e-07,1.7152297e-07,0.0,1.14079796e-07
251.08377,0.9143524,0.0,0.0,0.9143524,2016-01-19 11:00:00,5.0,0.0,1.09595305e-07,0.0,1.14079796e-07
250.89098,0.908347,0.0,0.0,0.908347,2016-01-19 12:00:00,5.0,0.0,1.9067068e-07,0.0,3.813414e-07
250.85515,0.9186748,0.0,0.0,0.9186748,2016-01-19 13:00:00,5.0,7.626828e-07,4.1963682e-07,0.0,3.813414e-07
250.50279,0.83173466,0.0,0.0,0.83173466,2016-01-19 14:00:00,5.0,7.626828e-07,4.864522e-07,0.0,6.4860296e-07
251.82028,0.9538499,0.8457558,0.002103883,0.7568681,2016-01-19 15:00:00,5.0,7.626828e-07,5.1497216e-07,0.0,3.813414e-07
254.59238,0.8932224,0.14811409,0.050742734,0.86911345,2016-01-19 16:00:00,0.0,0.0,3.003462e-07,0.0,0.0
256.48584,0.9536481,0.0,0.3579412,0.9536481,2016-01-19 17:00:00,0.0,0.0,0.0,0.0,0.0
257.36865,0.98652846,0.0,0.8188837,0.9732722,2016-01-19 18:00:00,0.0,0.0,0.0,0.0,0.0
257.94922,0.99214685,0.0,0.9620152,0.988793,2016-01-19 19:00:00,0.0,0.0,0.0,0.0,0.0
258.66455,1.0,0.0,0.9970973,1.0,2016-01-19 20:00:00,5.0,0.0,1.3363075e-07,0.0,0.0
259.32764,1.0,0.0,0.983605,1.0,2016-01-19 21:00:00,5.0,2.404703e-06,2.2518443e-06,0.0,1.927866e-06
259.39502,0.9871714,0.0,0.88416153,0.9787559,2016-01-19 22:00:00,5.0,5.8387004e-06,6.0338543e-06,0.0,5.9341965e-06
259.39453,0.9580827,0.0,0.90631187,0.8027389,2016-01-19 23:00:00,5.0,6.1053115e-06,6.112361e-06,0.0,6.1053115e-06
259.07495,0.9163671,0.0,0.91088504,0.28524035,2016-01-20 00:00:00,5.0,5.399673e-06,5.542596e-06,0.0,5.399673e-06
259.219,0.9663308,0.013769314,0.9663308,0.039911266,2016-01-20 01:00:00,5.0,8.375427e-06,8.28506e-06,0.0,8.375427e-06
258.97534,0.93970674,0.112841964,0.9376029,0.0,2016-01-20 02:00:00,5.0,9.977704e-06,9.858495e-06,0.0,9.977704e-06
258.8711,0.92674214,0.18166816,0.9251001,0.0,2016-01-20 03:00:00,5.0,1.1715229e-05,1.1672289e-05,0.0,1.1715229e-05
258.96802,0.92493606,0.25500542,0.9228322,0.0,2016-01-20 04:00:00,5.0,2.4136738e-05,2.403163e-05,0.0,2.4136738e-05
258.70337,0.93691653,0.47905517,0.9311673,0.0,2016-01-20 05:00:00,5.0,4.093947e-05,4.1039457e-05,0.0,4.093947e-05
258.57788,0.92736316,0.7511946,0.92336726,0.0,2016-01-20 06:00:00,5.0,3.704334e-05,3.713403e-05,0.0,3.704334e-05
258.67822,0.9596734,0.9175993,0.9038391,0.0,2016-01-20 07:00:00,5.0,4.1544452e-05,4.1453764e-05,0.0,4.1067615e-05
259.10547,0.9584214,0.9354821,0.908288,0.06173303,2016-01-20 08:00:00,5.0,4.9113587e-05,4.9204275e-05,0.0,4.9209077e-05
259.92993,0.980965,0.89500904,0.9478009,0.18915105,2016-01-20 09:00:00,5.0,6.812552e-05,6.805887e-05,0.0,6.812552e-05
261.82544,0.98135436,0.8606995,0.98135436,0.042655542,2016-01-20 10:00:00,5.0,8.7537395e-05,8.748981e-05,0.0,8.7537395e-05
262.0559,0.98999023,0.900127,0.98320806,0.015965749,2016-01-20 11:00:00,5.0,6.392304e-05,6.3737025e-05,0.0,6.392304e-05
262.1548,0.99657166,0.8261665,0.9942007,0.0,2016-01-20 12:00:00,5.0,2.2028078e-05,2.157512e-05,0.0,2.1646745e-05
262.14307,0.99025726,0.83252716,0.9568673,0.0,2016-01-20 13:00:00,5.0,1.7244354e-05,1.7120343e-05,0.0,1.7244354e-05
262.65552,0.97417885,0.7159799,0.94935066,0.0,2016-01-20 14:00:00,5.0,4.0092797e-05,4.029773e-05,1.382442e-06,3.8777012e-05
263.9319,0.89270425,0.40587568,0.87603563,0.0,2016-01-20 15:00:00,5.0,5.58412e-05,5.568865e-05,1.0385902e-06,5.4659366e-05
264.0515,0.92464066,0.4104976,0.88788056,0.0,2016-01-20 16:00:00,5.0,4.9087248e-05,4.937839e-05,0.0,4.9087248e-05
264.71045,0.9161869,0.8104127,0.8126343,0.0,2016-01-20 17:00:00,5.0,3.0206036e-05,2.987661e-05,0.0,2.9690098e-05
265.19458,0.8497993,0.65148395,0.7494586,0.0,2016-01-20 18:00:00,5.0,1.3461643e-05,1.3490486e-05,0.0,1.3461643e-05
265.55273,0.85758597,0.7011666,0.77202046,0.0,2016-01-20 19:00:00,5.0,3.6993251e-06,3.9496e-06,0.0,4.0806663e-06
266.052,0.77312756,0.665241,0.5888477,0.0,2016-01-20 20:00:00,5.0,3.508333e-06,3.262624e-06,0.0,3.412838e-06
266.38428,0.7858177,0.7766067,0.33222306,0.0,2016-01-20 21:00:00,5.0,2.440579e-06,2.428642e-06,0.0,2.440579e-06
266.80444,1.0,1.0,0.17613292,0.0,2016-01-20 22:00:00,5.0,1.2010587e-06,1.3753088e-06,0.0,1.468321e-06
266.94165,0.99239707,0.99239707,0.03460175,0.00053172023,2016-01-20 23:00:00,5.0,5.397098e-06,5.3185067e-06,0.0,5.187522e-06
266.9131,0.9907663,0.9907663,0.019326892,0.0,2016-01-21 00:00:00,5.0,7.666562e-06,7.759978e-06,0.0,7.552482e-06
266.95996,0.99657166,0.99657166,0.00053172023,0.0,2016-01-21 01:00:00,5.0,6.293737e-06,6.3268217e-06,0.0,6.1405553e-06
266.93457,0.9966217,0.9966217,0.0,0.1523006,2016-01-21 02:00:00,5.0,7.456987e-06,7.5999897e-06,0.0,7.456987e-06
267.1023,1.0,1.0,0.0,0.13016218,2016-01-21 03:00:00,5.0,8.601011e-06,8.656131e-06,0.0,8.601011e-06
267.16943,1.0,1.0,0.0,0.5125735,2016-01-21 04:00:00,5.0,8.849688e-06,8.372851e-06,0.0,8.849688e-06
267.04077,1.0,1.0,0.0,0.7743495,2016-01-21 05:00:00,5.0,8.717025e-06,8.440472e-06,0.0,8.717025e-06
266.99243,1.0,1.0,0.0,0.93658006,2016-01-21 06:00:00,5.0,1.8592138e-05,1.8539664e-05,0.0,1.8496648e-05
267.40894,1.0,1.0,0.0,0.976428,2016-01-21 07:00:00,5.0,2.8385912e-05,2.8283452e-05,0.0,2.8385912e-05
267.2024,1.0,0.98973167,0.0,0.9899067,2016-01-21 08:00:00,5.0,1.3197617e-05,1.2766043e-05,0.0,1.27207795e-05
267.60474,1.0,1.0,0.0,0.9949934,2016-01-21 09:00:00,5.0,1.4951142e-05,1.4912765e-05,0.0,1.4779376e-05
267.51562,1.0,0.9871153,0.0,1.0,2016-01-21 10:00:00,5.0,1.4797319e-05,1.4620907e-05,0.0,1.4797319e-05
267.66528,1.0,0.98874027,0.009895153,1.0,2016-01-21 11:00:00,5.0,1.4244211e-05,1.3965578e-05,0.0,1.4034636e-05
267.82983,1.0,0.96133053,0.0,0.9657876,2016-01-21 12:00:00,5.0,1.45698e-05,1.4758229e-05,0.0,1.46652965e-05
267.91626,1.0,0.961784,0.0,0.94132435,2016-01-21 13:00:00,5.0,1.5639482e-05,1.5753889e-05,0.0,1.5849058e-05
267.8955,1.0,0.97304285,0.0,0.9614048,2016-01-21 14:00:00,5.0,1.602147e-05,1.613835e-05,0.0,1.602147e-05
268.61328,1.0,0.9978792,0.0068900436,0.9811042,2016-01-21 15:00:00,5.0,1.5067797e-05,1.50181295e-05,0.0,1.48396375e-05
268.6504,1.0,0.98081005,0.055283017,1.0,2016-01-21 16:00:00,5.0,1.2093987e-05,1.2043672e-05,0.0,1.20363e-05
268.8418,1.0,0.9857815,0.10668641,0.9805366,2016-01-21 17:00:00,5.0,8.126749e-06,8.103197e-06,0.0,8.222245e-06
268.78052,1.0,1.0,0.44565594,0.9912646,2016-01-21 18:00:00,5.0,6.905162e-06,6.9150983e-06,0.0,6.8865784e-06
268.76685,1.0,1.0,0.8499286,0.9903652,2016-01-21 19:00:00,5.0,2.2124195e-06,2.221872e-06,0.0,2.2124195e-06
268.5005,1.0,1.0,0.97526145,0.9734913,2016-01-21 20:00:00,5.0,1.3164308e-06,1.559496e-06,0.0,1.793268e-06
268.2876,1.0,1.0,0.96317345,0.97726953,2016-01-21 21:00:00,5.0,2.7283586e-06,2.5900817e-06,0.0,2.8238546e-06
267.4558,1.0,1.0,0.9836282,0.96292186,2016-01-21 22:00:00,5.0,2.8238546e-06,2.914544e-06,0.0,2.8238546e-06
267.27026,1.0,0.9157889,0.9949968,0.95663756,2016-01-21 23:00:00,5.0,5.820126e-06,5.910815e-06,0.0,5.820126e-06
267.17334,1.0,0.9336572,1.0,0.97272456,2016-01-22 00:00:00,5.0,1.5017214e-05,1.4969466e-05,0.0,1.49217185e-05
266.96875,1.0,0.7625502,1.0,0.9755361,2016-01-22 01:00:00,5.0,2.8009119e-05,2.8104449e-05,0.0,2.8009119e-05
267.20215,0.997629,0.35790932,0.997629,0.96055907,2016-01-22 02:00:00,5.0,3.8998172e-05,3.89622e-05,0.0,3.8998172e-05
266.94434,1.0,0.24889827,1.0,0.97947925,2016-01-22 03:00:00,5.0,5.6205972e-05,5.6122575e-05,0.0,5.6205972e-05
267.0476,1.0,0.45470452,0.99675006,0.9850114,2016-01-22 04:00:00,5.0,8.714784e-05,8.7324006e-05,0.0,8.714784e-05
267.05298,0.99946827,0.7305011,0.9978433,0.9641685,2016-01-22 05:00:00,5.0,0.000113832124,0.000114182214,0.0,0.000113832124
267.01367,0.998375,0.80488586,0.998375,0.9795268,2016-01-22 06:00:00,5.0,0.00010480615,0.000104560444,0.0,0.00010480615
266.94946,0.9916152,0.14689475,0.9603664,0.9362736,2016-01-22 07:00:00,5.0,5.512855e-05,5.543347e-05,0.0,5.512855e-05
266.80518,0.95400625,0.043754265,0.9267534,0.8558654,2016-01-22 08:00:00,5.0,2.939791e-05,2.926428e-05,0.0,2.939791e-05
266.32153,0.939758,0.118291795,0.9126534,0.57935995,2016-01-22 09:00:00,5.0,1.2287526e-05,1.2306594e-05,0.0,1.2287526e-05
265.448,0.71445143,0.71445143,0.006845806,0.0,2016-01-22 10:00:00,5.0,3.8550725e-06,3.888239e-06,0.0,3.8550725e-06
265.15405,0.7670321,0.7670321,0.0,0.0,2016-01-22 11:00:00,5.0,4.9606274e-07,4.1034252e-07,0.0,2.864872e-07
264.92114,0.8088212,0.8088212,0.0,0.0,2016-01-22 12:00:00,0.0,0.0,0.0,0.0,0.0
264.12354,0.8583738,0.8583738,0.0,0.0,2016-01-22 13:00:00,0.0,0.0,1.1936965e-08,0.0,0.0
262.70898,0.87964344,0.87964344,0.0,0.0,2016-01-22 14:00:00,0.0,0.0,1.1936965e-08,0.0,0.0
264.0559,0.78964186,0.78964186,0.0,0.0,2016-01-22 15:00:00,0.0,0.0,1.1936965e-08,0.0,0.0
265.2732,0.81641567,0.81641567,0.0,0.0,2016-01-22 16:00:00,0.0,0.0,1.1936965e-08,0.0,0.0
266.1084,0.8105456,0.8105456,0.0,0.0,2016-01-22 17:00:00,0.0,0.0,0.0,0.0,0.0
266.7705,0.8904636,0.8904636,0.0,0.0,2016-01-22 18:00:00,0.0,0.0,0.0,0.0,0.0
267.44458,1.0,1.0,0.0,0.0,2016-01-22 19:00:00,5.0,3.7589443e-06,3.8134194e-06,0.0,3.6634492e-06
268.10693,1.0,1.0,0.0,0.0,2016-01-22 20:00:00,5.0,1.3293754e-05,1.3029138e-05,0.0,1.2816917e-05
268.28296,1.0,1.0,0.0,0.0,2016-01-22 21:00:00,5.0,1.7541661e-06,1.8877172e-06,0.0,2.0214284e-06
268.16992,1.0,1.0,0.0,0.0,2016-01-22 22:00:00,5.0,9.549569e-08,1.1199853e-07,0.0,9.549569e-08
267.9231,0.99107265,0.99107265,0.0,0.0,2016-01-22 23:00:00,5.0,5.915585e-07,7.2005986e-07,0.0,5.915585e-07
267.3567,0.9833504,0.9833504,0.0,0.0,2016-01-23 00:00:00,5.0,7.8190845e-07,7.414515e-07,0.0,7.8190845e-07
266.71655,0.9918715,0.9918715,0.0,0.0,2016-01-23 01:00:00,5.0,7.8190845e-07,6.151128e-07,0.0,7.8190845e-07
266.20996,0.98004687,0.98004687,0.0,0.0032499009,2016-01-23 02:00:00,5.0,6.678286e-07,6.2961453e-07,0.0,5.7233285e-07
265.53516,0.93902624,0.93902624,0.0,0.0,2016-01-23 03:00:00,5.0,4.7683716e-07,5.1985876e-07,0.0,4.7683716e-07
264.5398,0.89606786,0.89606786,0.0,0.0,2016-01-23 04:00:00,5.0,3.627573e-07,4.887741e-07,0.0,4.7683716e-07
264.92725,0.8999939,0.8999939,0.0,0.0,2016-01-23 05:00:00,5.0,4.0056705e-07,6.841699e-07,0.0,6.864127e-07
265.34888,0.9399747,0.9399747,0.0,0.0,2016-01-23 06:00:00,5.0,0.0,3.9103554e-07,0.0,0.0
265.4148,0.91140187,0.91140187,0.0,0.0,2016-01-23 07:00:00,5.0,9.536743e-07,1.0631074e-06,0.0,1.067754e-06
265.9817,0.90311,0.8576145,0.0,0.2857499,2016-01-23 08:00:00,5.0,1.1818338e-06,1.2491328e-06,0.0,1.3350154e-06
266.23535,0.9526411,0.7376744,0.016498897,0.83760697,2016-01-23 09:00:00,5.0,1.1818338e-06,1.2491328e-06,0.0,1.1632492e-06
265.95264,0.95725566,0.8537776,0.0066281483,0.7382356,2016-01-23 10:00:00,5.0,1.8118526e-06,1.792785e-06,0.0,1.8118526e-06
265.72192,0.95490855,0.82035625,0.00737416,0.7203782,2016-01-23 11:00:00,5.0,2.135508e-06,2.1931937e-06,0.0,2.1931937e-06
265.72852,0.98475856,0.79073507,0.3679601,0.93848425,2016-01-23 12:00:00,5.0,1.9073486e-06,1.8403725e-06,0.0,1.8118526e-06
265.8911,0.9885259,0.82969713,0.74603534,0.9754556,2016-01-23 13:00:00,5.0,1.9073486e-06,1.94516e-06,0.0,1.8118526e-06
265.4519,0.9949968,0.9368673,0.0,0.9508309,2016-01-23 14:00:00,5.0,2.135508e-06,2.4410647e-06,0.0,2.1931937e-06
265.71167,1.0,0.9932679,0.02259536,0.94960135,2016-01-23 15:00:00,5.0,2.135508e-06,2.6459948e-06,0.0,2.135508e-06
265.76123,1.0,1.0,0.5341779,0.9562626,2016-01-23 16:00:00,5.0,1.9073486e-06,1.7118709e-06,0.0,1.9073486e-06
266.1128,1.0,1.0,0.98936635,1.0,2016-01-23 17:00:00,5.0,7.2551467e-07,7.6797267e-07,0.0,7.2551467e-07
266.20923,0.9949968,0.94342285,0.7636069,0.9858102,2016-01-23 18:00:00,5.0,7.2551467e-07,7.250312e-07,0.0,7.2551467e-07
266.53833,1.0,0.98279387,0.7423497,0.98543525,2016-01-23 19:00:00,5.0,5.042547e-05,4.9146212e-05,4.8841786e-05,1.1446655e-06
266.96167,1.0,1.0,0.51203865,0.8451888,2016-01-23 20:00:00,5.0,1.6791882e-06,1.5976284e-06,0.0,1.6791882e-06
267.48462,1.0,1.0,0.110651076,0.5292777,2016-01-23 21:00:00,5.0,2.0983398e-06,1.6501026e-06,0.0,1.7169987e-06
267.04565,1.0,1.0,0.0,0.067415774,2016-01-23 22:00:00,5.0,9.536743e-07,8.4175593e-07,0.0,8.3959446e-07
266.91724,1.0,1.0,0.0,0.0,2016-01-23 23:00:00,5.0,2.3841849e-06,2.4414667e-06,0.0,2.3841849e-06
267.0122,1.0,1.0,0.0,0.0,2016-01-24 00:00:00,5.0,9.15476e-06,9.505015e-06,0.0,9.26884e-06
267.292,1.0,1.0,0.0,0.08378041,2016-01-24 01:00:00,5.0,1.1271684e-05,1.1235953e-05,0.0,1.1271684e-05
267.34375,1.0,1.0,0.0,0.78447807,2016-01-24 02:00:00,5.0,9.325234e-06,9.542423e-06,0.0,9.420729e-06
267.9265,1.0,1.0,0.0,0.6588754,2016-01-24 03:00:00,5.0,9.001578e-06,8.722864e-06,0.0,8.7920025e-06
268.2334,1.0,1.0,0.0,0.23928815,2016-01-24 04:00:00,5.0,1.0223806e-05,1.0478809e-05,0.0,1.05096515e-05
268.47803,1.0,0.9828825,0.0,0.5436452,2016-01-24 05:00:00,5.0,4.996531e-06,5.134969e-06,0.0,5.1682964e-06
268.8357,1.0,0.93536973,0.0,0.8164901,2016-01-24 06:00:00,5.0,4.1768126e-06,4.172167e-06,0.0,4.1768126e-06
268.5996,0.97768664,0.8758342,0.0,0.75764257,2016-01-24 07:00:00,5.0,1.4663326e-05,1.4494369e-05,0.0,1.4663326e-05
267.8545,0.8256878,0.6160527,0.0,0.51307434,2016-01-24 08:00:00,5.0,6.3514226e-06,6.3754587e-06,0.0,6.3514226e-06
267.16724,0.78636396,0.54131025,0.0,0.5352927,2016-01-24 09:00:00,5.0,2.6886155e-06,2.7484612e-06,0.0,2.9558769e-06
269.2002,0.97590107,0.67048556,0.0,0.8981341,2016-01-24 10:00:00,3.0,2.325858e-06,2.2089716e-06,0.0,2.325858e-06
269.18994,0.9942508,0.6688921,0.0,0.9748796,2016-01-24 11:00:00,5.0,1.7349412e-06,1.4204152e-06,0.0,1.7349412e-06
268.84546,0.97703755,0.77534753,0.0,0.9110836,2016-01-24 12:00:00,5.0,7.440987e-07,7.296772e-07,0.0,7.440987e-07
268.81226,0.9797213,0.88861245,0.0,0.88296664,2016-01-24 13:00:00,5.0,7.626828e-07,6.056615e-07,0.0,6.4860296e-07
268.76172,0.9978961,0.9786636,0.0,0.9214791,2016-01-24 14:00:00,5.0,7.626828e-07,3.9095534e-07,0.0,7.626828e-07
270.00146,1.0,0.99946827,0.010536302,0.9923111,2016-01-24 15:00:00,8.0,7.626828e-07,5.8162607e-07,0.0,7.626828e-07
270.4463,0.9978961,0.996307,0.25716746,0.9805366,2016-01-24 16:00:00,5.0,7.626828e-07,9.57918e-07,0.0,7.626828e-07
270.72046,1.0,1.0,0.65170854,0.99001795,2016-01-24 17:00:00,5.0,4.5631924e-07,6.816876e-07,0.0,7.626828e-07
271.03076,1.0,0.99625427,0.12652487,0.99384737,2016-01-24 18:00:00,5.0,0.0,5.410076e-07,0.0,0.0
271.2932,1.0,0.99015784,0.07279682,0.9804253,2016-01-24 19:00:00,5.0,1.8649152e-05,1.811223e-05,0.0,1.876324e-05
271.50024,1.0,0.9892753,0.10912168,0.99055785,2016-01-24 20:00:00,5.0,4.0428567e-06,4.014013e-06,0.0,4.1569365e-06
271.8589,1.0,0.9957922,0.20332229,0.9888494,2016-01-24 21:00:00,5.0,3.9300685e-06,3.2550288e-06,0.0,3.8345734e-06
271.8003,1.0,1.0,0.34745932,0.9894637,2016-01-24 22:00:00,5.0,8.242121e-06,8.096716e-06,0.0,8.413887e-06
271.84814,0.98999023,0.967331,0.6412337,0.9667547,2016-01-24 23:00:00,8.0,9.536743e-07,7.366451e-07,0.0,9.536743e-07
271.79272,1.0,0.9402468,0.72503215,0.93741655,2016-01-25 00:00:00,5.0,7.2551467e-07,9.037638e-07,0.0,1.1446655e-06
271.63232,1.0,0.9815831,0.54838395,1.0,2016-01-25 01:00:00,5.0,2.0983398e-06,1.9099116e-06,0.0,2.0983398e-06
271.57715,1.0,0.9658771,0.7153518,1.0,2016-01-25 02:00:00,5.0,4.0056884e-06,4.2226366e-06,0.0,4.3870295e-06
271.39966,1.0,0.9941863,0.9627374,1.0,2016-01-25 03:00:00,5.0,1.3728272e-05,1.3152098e-05,0.0,1.36141925e-05
271.37134,1.0,0.96815026,0.9516094,0.99627113,2016-01-25 04:00:00,5.0,1.4341e-05,1.4293573e-05,0.0,1.4226919e-05
271.19336,1.0,0.9484089,0.9752546,0.99627113,2016-01-25 05:00:00,5.0,1.20363e-05,1.1895943e-05,0.0,1.2189483e-05
270.94922,1.0,0.95897835,0.93551344,0.98498976,2016-01-25 06:00:00,5.0,9.843106e-06,9.768838e-06,0.0,9.957186e-06
271.0542,1.0,0.97780126,0.92147434,0.978386,2016-01-25 07:00:00,5.0,7.7790886e-05,7.651637e-05,0.0,7.7676814e-05
271.08496,1.0,0.98786944,0.9157248,0.9894646,2016-01-25 08:00:00,5.0,2.2242166e-05,2.2003747e-05,0.0,2.1765329e-05
270.8203,1.0,0.9455346,0.6316068,0.998375,2016-01-25 09:00:00,5.0,3.1552074e-05,3.1513773e-05,0.0,3.1552074e-05
270.64795,1.0,0.97849786,0.24265283,1.0,2016-01-25 10:00:00,5.0,1.9608677e-05,1.9847168e-05,0.0,1.9875937e-05
270.63843,1.0,0.995108,0.29153425,1.0,2016-01-25 11:00:00,5.0,9.729027e-06,9.855768e-06,0.0,9.729027e-06
270.6526,1.0,0.9957394,0.12907326,0.971965,2016-01-25 12:00:00,5.0,1.1635083e-05,1.1759422e-05,0.0,1.1521003e-05
270.6985,0.9589182,0.8187931,0.036346328,0.74562734,2016-01-25 13:00:00,5.0,1.5870231e-05,1.6084683e-05,0.0,1.6079808e-05
270.8474,0.94319713,0.9066084,0.09137195,0.26531136,2016-01-25 14:00:00,5.0,1.8692794e-05,1.8368737e-05,0.0,1.8483217e-05
270.88037,0.98493946,0.9782,0.107619226,0.042809572,2016-01-25 15:00:00,5.0,1.6899518e-05,1.6992533e-05,0.0,1.7166778e-05
270.9541,0.98527604,0.98527604,0.068820775,0.03136266,2016-01-25 16:00:00,5.0,2.4642984e-05,2.4388224e-05,0.0,2.4528912e-05
270.97046,1.0,1.0,0.13339382,0.18252933,2016-01-25 17:00:00,5.0,4.2603817e-05,4.2727843e-05,0.0,4.269932e-05
271.26953,1.0,1.0,0.45263338,0.18340307,2016-01-25 18:00:00,5.0,5.504393e-05,5.4951233e-05,4.6770774e-06,5.0767747e-05
271.25073,1.0,1.0,0.78127116,0.517173,2016-01-25 19:00:00,5.0,3.3382443e-05,3.3379634e-05,0.0,3.3401026e-05
271.23242,0.99946827,0.9973536,0.9078255,0.92609113,2016-01-25 20:00:00,5.0,3.4874494e-05,3.4576384e-05,4.8702823e-06,2.9832445e-05
271.07202,0.99946827,0.99576455,0.85904753,0.92579126,2016-01-25 21:00:00,5.0,3.5748715e-05,3.6220503e-05,0.0,3.5958292e-05
271.55127,1.0,0.9797369,0.8242653,0.65203685,2016-01-25 22:00:00,5.0,3.991081e-05,4.016333e-05,0.0,4.0120387e-05
271.59668,0.998375,0.9462566,0.94083947,0.60213757,2016-01-25 23:00:00,5.0,7.508915e-05,7.457881e-05,6.8151703e-06,6.7759e-05
271.43433,1.0,0.92740506,0.99600405,0.71712655,2016-01-26 00:00:00,5.0,0.00015707496,0.00015702737,0.0,0.00015707496
271.386,1.0,0.971502,1.0,0.8470215,2016-01-26 01:00:00,5.0,0.00031591253,0.00031583104,0.0,0.00031581684
271.48682,1.0,0.97228014,0.98999023,0.9114364,2016-01-26 02:00:00,5.0,0.0005157911,0.00051577203,0.0,0.00051569566
271.33032,1.0,0.9989426,0.99946827,0.53782946,2016-01-26 03:00:00,5.0,0.0005342178,0.0005341752,0.0,0.0005341992
271.25366,0.9949968,0.985126,0.98320806,0.35407615,2016-01-26 04:00:00,5.0,0.0003743868,0.00037440332,0.0,0.0003743868
270.97803,0.9932679,0.9899067,0.97215784,0.2256102,2016-01-26 05:00:00,5.0,0.00015154046,0.0001516333,0.0,0.00015154046
269.85327,0.9844246,0.967592,0.9204485,0.08259219,2016-01-26 06:00:00,5.0,3.556919e-05,3.541168e-05,0.0,3.556919e-05
269.0288,0.9826356,0.9556854,0.84471625,0.0033782488,2016-01-26 07:00:00,5.0,6.9837304e-05,6.9759204e-05,0.0,6.9513655e-05
268.73853,0.9747825,0.9680675,0.707602,0.0,2016-01-26 08:00:00,5.0,4.6797897e-05,4.635463e-05,0.0,4.6797897e-05
268.39868,0.9989426,0.9989426,0.712448,0.0,2016-01-26 09:00:00,5.0,2.3646993e-05,2.3408895e-05,0.0,2.345664e-05
268.26416,0.9978792,0.9978792,0.44861197,0.0,2016-01-26 10:00:00,5.0,1.3273236e-05,1.3407027e-05,0.0,1.3635993e-05
268.5022,0.93747807,0.93747807,0.34426582,0.0,2016-01-26 11:00:00,5.0,1.4321756e-05,1.4417011e-05,0.0,1.422626e-05
268.53198,0.93282324,0.92894375,0.6825932,0.0,2016-01-26 12:00:00,5.0,1.5294005e-05,1.5079389e-05,0.0,1.5294005e-05
268.46973,0.9635202,0.9187074,0.8926037,0.0,2016-01-26 13:00:00,5.0,2.3304106e-05,2.3339744e-05,0.0,2.3304106e-05
268.3225,0.99257576,0.9389501,0.95469195,0.0,2016-01-26 14:00:00,5.0,4.367545e-05,4.327488e-05,0.0,4.3198612e-05
268.77148,1.0,0.93073887,0.98841804,0.0,2016-01-26 15:00:00,5.0,6.961048e-05,6.9482136e-05,0.0,6.961048e-05
269.1975,0.9945763,0.71762985,0.99121517,0.0,2016-01-26 16:00:00,5.0,5.2823743e-05,5.2724412e-05,0.0,5.2823743e-05
269.4724,1.0,1.0,0.3584906,0.0,2016-01-26 17:00:00,5.0,2.0097606e-05,2.0111867e-05,0.0,2.0002102e-05
269.8374,1.0,1.0,0.056739196,0.0,2016-01-26 18:00:00,5.0,2.1739588e-06,2.0928846e-06,0.0,1.964384e-06
270.0266,1.0,1.0,0.0,0.0,2016-01-26 19:00:00,5.0,1.4525521e-05,1.4521198e-05,0.0,1.4583206e-05
270.22974,1.0,1.0,0.0,0.0,2016-01-26 20:00:00,5.0,7.549247e-06,7.3491237e-06,0.0,7.4351674e-06
270.43286,1.0,1.0,0.0,0.0,2016-01-26 21:00:00,5.0,2.5174904e-06,2.3217708e-06,0.0,2.250229e-06
269.9524,0.92726916,0.9256442,0.27497607,0.0,2016-01-26 22:00:00,5.0,8.393342e-06,8.140259e-06,0.0,8.1260805e-06
269.81128,0.9052316,0.89786476,0.4541971,0.0,2016-01-26 23:00:00,5.0,2.078725e-05,2.0472085e-05,0.0,2.0538573e-05
269.65527,0.90328634,0.89881146,0.3314631,0.0,2016-01-27 00:00:00,5.0,1.12531e-05,1.1250939e-05,0.0,1.12531e-05
269.72803,0.90016365,0.90016365,0.19747096,0.0,2016-01-27 01:00:00,5.0,9.993062e-06,1.0184376e-05,0.0,1.00699735e-05
269.76807,0.78927493,0.78927493,0.022670217,0.0,2016-01-27 02:00:00,5.0,1.0184053e-05,1.0222187e-05,0.0,1.0375045e-05
268.83105,0.7077559,0.7077559,0.0,0.0,2016-01-27 03:00:00,5.0,8.219019e-06,8.204516e-06,0.0,8.1613325e-06
268.29395,0.3027196,0.3027196,0.0,0.0,2016-01-27 04:00:00,5.0,3.4320628e-06,3.4248524e-06,0.0,3.4320628e-06
267.9497,0.0,0.0,0.0,0.0,2016-01-27 05:00:00,5.0,1.4305115e-06,1.4305115e-06,0.0,1.4305115e-06
267.29492,0.0057492107,0.0057492107,0.0,0.0,2016-01-27 06:00:00,5.0,6.864127e-07,6.029341e-07,0.0,6.864127e-07
267.13696,0.005006563,0.005006563,0.0,0.0,2016-01-27 07:00:00,0.0,0.0,0.0,0.0,0.0
265.88428,0.042687718,0.042687718,0.0,0.0,2016-01-27 08:00:00,0.0,0.0,0.0,0.0,0.0
264.2163,0.06614691,0.06614691,0.0,0.0,2016-01-27 09:00:00,5.0,0.0,0.0,0.0,0.0
263.11963,0.3051756,0.3051756,0.0,0.0,2016-01-27 10:00:00,5.0,0.0,0.0,0.0,0.0
263.16406,0.33962327,0.33962327,0.0,0.0,2016-01-27 11:00:00,5.0,0.0,1.42599745e-08,0.0,0.0
263.3789,0.8249653,0.29591733,0.0,0.74791896,2016-01-27 12:00:00,5.0,0.0,0.0,0.0,0.0
264.25342,1.0,0.24771911,0.048815854,0.9989426,2016-01-27 13:00:00,5.0,0.0,0.0,0.0,0.0
264.57373,1.0,0.4015749,0.4990012,0.9894646,2016-01-27 14:00:00,5.0,0.0,1.1936965e-08,0.0,0.0
267.86084,1.0,0.27338856,0.9968219,0.998375,2016-01-27 15:00:00,5.0,4.8107086e-06,4.929918e-06,4.8107086e-06,0.0
268.97705,1.0,0.056899942,0.9923639,1.0,2016-01-27 16:00:00,5.0,1.2972059e-06,1.2922364e-06,0.0,1.1254397e-06
270.10498,0.9878863,0.05779351,0.9857358,0.5537965,2016-01-27 17:00:00,5.0,2.1132102e-05,2.1036933e-05,0.0,2.0846259e-05
271.24536,0.94265044,0.21508765,0.93404675,0.27839267,2016-01-27 18:00:00,5.0,0.00013681896,0.00013655666,0.0,0.00013681896
272.56714,0.88438904,0.6325014,0.40044504,0.62907755,2016-01-27 19:00:00,5.0,1.4567858e-05,1.4448971e-05,0.0,1.4453778e-05
273.8694,0.47268218,0.44310492,0.037407298,0.068644404,2016-01-27 20:00:00,0.0,6.101426e-07,9.105702e-07,0.0,6.101426e-07
275.7771,0.3974328,0.3974328,0.031713877,0.0,2016-01-27 21:00:00,0.0,0.0,2.0012311e-07,0.0,0.0
276.96045,0.79564655,0.79564655,0.0,0.0,2016-01-27 22:00:00,0.0,0.0,0.0,0.0,0.0
277.19775,0.88676614,0.88676614,0.005003199,0.0,2016-01-27 23:00:00,0.0,1.0292933e-06,0.0,0.0,1.2965547e-06
277.15186,0.93019456,0.93019456,0.18852127,0.0,2016-01-28 00:00:00,0.0,2.9738103e-06,0.0,1.4292236e-06,1.4875468e-06
277.21753,0.56694645,0.56694645,0.035749555,0.0,2016-01-28 01:00:00,0.0,2.7828182e-06,0.0,2.1633841e-06,7.0563834e-07
276.9834,0.53269863,0.5066104,0.089003146,0.0,2016-01-28 02:00:00,0.0,1.9099144e-07,0.0,0.0,4.0056705e-07
276.47144,0.8568782,0.8397273,0.2798376,0.0,2016-01-28 03:00:00,1.0,3.6621568e-06,0.0,0.0,3.548077e-06
276.08936,0.98504275,0.97831064,0.6546467,0.0,2016-01-28 04:00:00,1.0,6.0271077e-06,0.0,0.0,6.0271077e-06
275.7107,0.9819337,0.8918415,0.91074675,0.0,2016-01-28 05:00:00,1.0,6.101426e-07,0.0,0.0,5.915585e-07
275.50488,0.8028692,0.24784142,0.7954951,0.0,2016-01-28 06:00:00,1.0,0.0,0.0,0.0,0.0
275.68896,0.6559657,0.16574806,0.6476955,0.0,2016-01-28 07:00:00,1.0,2.9821487e-05,0.0,1.8543738e-05,1.1344728e-05
275.62354,0.6289901,0.27508324,0.5442986,0.0,2016-01-28 08:00:00,1.0,6.021213e-05,0.0,4.027698e-05,2.0535997e-05
275.8081,0.7522268,0.69638586,0.41514963,0.0,2016-01-28 09:00:00,1.0,6.720243e-05,0.0,4.1804175e-05,2.5321657e-05
275.2234,0.6511077,0.517962,0.5275374,0.0,2016-01-28 10:00:00,1.0,6.03441e-05,0.0,3.2087075e-05,2.8314069e-05
275.28564,0.69368845,0.57927006,0.534413,0.0,2016-01-28 11:00:00,1.0,6.176559e-05,0.0,2.9982606e-05,3.19166e-05
275.3286,0.63118607,0.5709608,0.3422289,0.0,2016-01-28 12:00:00,6.0,5.7440076e-05,1.011129e-05,2.563691e-05,3.1707663e-05
275.10815,0.73024046,0.72970873,0.15415579,0.0,2016-01-28 13:00:00,6.0,4.0922037e-05,3.3129225e-05,3.1660848e-06,3.727911e-05
274.6914,0.81654656,0.81654656,0.018735427,0.0,2016-01-28 14:00:00,5.0,4.1307256e-05,3.9996434e-05,2.0118105e-06,3.941977e-05
273.57373,0.9566602,0.9566602,0.0,0.0,2016-01-28 15:00:00,5.0,3.261333e-05,3.246528e-05,1.2299024e-06,3.118282e-05
273.08667,0.9884232,0.9884232,0.0,0.0,2016-01-28 16:00:00,5.0,1.7205864e-05,1.7430022e-05,0.0,1.7473125e-05
272.18408,0.97390145,0.97390145,0.0,0.0,2016-01-28 17:00:00,5.0,3.8159797e-06,3.825756e-06,0.0,3.7019e-06
271.98315,1.0,1.0,0.0,0.0,2016-01-28 18:00:00,5.0,8.588201e-07,8.850972e-07,0.0,8.588201e-07
271.8711,1.0,1.0,0.0,0.0,2016-01-28 19:00:00,5.0,4.9606274e-07,5.4140855e-07,0.0,6.678286e-07
271.75366,1.0,1.0,0.0,0.0,2016-01-28 20:00:00,5.0,9.549569e-08,1.4780943e-07,0.0,9.549569e-08
271.87305,1.0,1.0,0.0,0.0,2016-01-28 21:00:00,5.0,0.0,5.007088e-08,0.0,0.0
270.88892,0.91367126,0.91367126,0.0,0.0,2016-01-28 22:00:00,5.0,0.0,2.3873934e-08,0.0,0.0
270.36816,0.64926034,0.64926034,0.0,0.0,2016-01-28 23:00:00,5.0,9.549569e-08,1.2401568e-07,0.0,9.549569e-08
269.6914,0.36609238,0.36609238,0.0,0.0,2016-01-29 00:00:00,5.0,9.549569e-08,1.9547707e-07,0.0,9.549569e-08
269.1975,0.21993524,0.21993524,0.0,0.0,2016-01-29 01:00:00,5.0,9.549569e-08,2.3120782e-07,0.0,9.549569e-08
267.98462,0.13960046,0.13960046,0.0,0.0,2016-01-29 02:00:00,5.0,9.549569e-08,1.4308318e-07,0.0,9.549569e-08
266.07568,0.102422,0.102422,0.0,0.0,2016-01-29 03:00:00,5.0,9.549569e-08,1.6695714e-07,0.0,9.549569e-08
267.29443,0.08537507,0.08537507,0.0,0.0,2016-01-29 04:00:00,5.0,0.0,7.154159e-08,0.0,0.0
267.3689,0.08702779,0.08702779,0.0,0.0,2016-01-29 05:00:00,5.0,0.0,8.347854e-08,0.0,0.0
266.14795,0.0472205,0.0472205,0.0,0.0,2016-01-29 06:00:00,5.0,4.0056705e-07,3.171698e-07,0.0,1.9099144e-07
264.13232,0.19581294,0.034460414,0.0,0.16241598,2016-01-29 07:00:00,0.0,0.0,0.0,0.0,0.0
264.17798,0.41363072,0.017086752,0.0,0.3999955,2016-01-29 08:00:00,0.0,0.0,0.0,0.0,0.0
264.66235,0.6293791,0.035501163,0.13726938,0.5831897,2016-01-29 09:00:00,0.0,0.0,0.0,0.0,0.0
265.88696,0.9335356,0.029998776,0.618367,0.8673603,2016-01-29 10:00:00,0.0,0.0,0.0,0.0,0.0
266.1089,0.9731983,0.012989841,0.79937494,0.9532093,2016-01-29 11:00:00,0.0,0.0,0.0,0.0,0.0
266.6006,0.9753721,0.03127074,0.9753721,0.12745774,2016-01-29 12:00:00,0.0,0.0,0.0,0.0,0.0
267.24048,1.0,0.03342463,1.0,0.005832717,2016-01-29 13:00:00,8.0,0.0,0.0,0.0,0.0
267.57153,0.9978961,0.11864895,0.9957922,0.08660942,2016-01-29 14:00:00,8.0,7.626828e-07,0.0,7.626828e-07,0.0
269.17334,0.98283213,0.04743031,0.9817748,0.21445966,2016-01-29 15:00:00,8.0,3.0891824e-06,0.0,2.889219e-06,0.0
269.8152,0.97993284,0.0658505,0.9627711,0.19522357,2016-01-29 16:00:00,5.0,2.9738103e-06,0.0,2.8597306e-06,0.0
270.29932,0.6124879,0.080518246,0.5503604,0.074858785,2016-01-29 17:00:00,5.0,0.0,0.0,0.0,0.0
271.04517,0.2709766,0.12566245,0.1998294,0.0010573287,2016-01-29 18:00:00,5.0,0.0,0.0,0.0,0.0
272.02173,0.30318493,0.23812151,0.09456843,0.054158993,2016-01-29 19:00:00,0.0,0.0,0.0,0.0,0.0
272.15308,0.7657303,0.24586505,0.6923067,0.4656813,2016-01-29 20:00:00,0.0,0.0,4.7747868e-08,0.0,0.0
272.6494,0.8172046,0.21557719,0.7340212,0.4174121,2016-01-29 21:00:00,6.0,9.549569e-08,1.2401568e-07,0.0,9.549569e-08
272.56934,0.57087374,0.30381292,0.15614814,0.3616748,2016-01-29 22:00:00,1.0,0.00013594893,0.0,0.0001358153,0.0
272.58423,0.7667734,0.7360286,0.28132147,0.03829594,2016-01-29 23:00:00,5.0,6.983653e-05,1.4772922e-07,6.9731745e-05,0.0
272.7527,0.8534119,0.8496831,0.009766806,0.03692254,2016-01-30 00:00:00,5.0,0.0,1.4772922e-07,0.0,0.0
272.51,0.9803437,0.91163796,0.6676872,0.6486485,2016-01-30 01:00:00,5.0,1.717649e-06,9.533534e-08,0.0,1.717649e-06
272.81982,0.89844793,0.48760855,0.87617743,0.18810159,2016-01-30 02:00:00,5.0,1.4723e-05,1.2571456e-05,0.0,1.4513425e-05
272.97925,0.58084244,0.55960304,0.16361076,0.0,2016-01-30 03:00:00,8.0,2.5055706e-05,1.7387982e-05,6.6847014e-07,2.4177658e-05
273.0381,0.8131428,0.8131428,0.05925283,0.0,2016-01-30 04:00:00,0.0,3.7736609e-06,6.955444e-07,0.0,3.7550772e-06
273.26562,0.31782472,0.23324984,0.016832627,0.092063785,2016-01-30 05:00:00,0.0,0.0,0.0,0.0,0.0
273.49854,0.8524221,0.12880224,0.0,0.8356803,2016-01-30 06:00:00,0.0,0.0,0.0,0.0,0.0
273.87964,0.5780203,0.07715356,0.0031780982,0.5548375,2016-01-30 07:00:00,0.0,0.0,0.0,0.0,0.0
273.61255,0.6494587,0.0,0.0,0.6494587,2016-01-30 08:00:00,0.0,0.0,0.0,0.0,0.0
272.91797,0.9562118,0.0,0.0,0.9562118,2016-01-30 09:00:00,0.0,0.0,0.0,0.0,0.0
272.25854,0.607062,0.0,0.0,0.607062,2016-01-30 10:00:00,0.0,0.0,0.0,0.0,0.0
271.93018,0.97988373,0.0,0.046179663,0.97988373,2016-01-30 11:00:00,0.0,0.0,0.0,0.0,0.0
272.0376,0.843837,0.0,0.1611197,0.8347401,2016-01-30 12:00:00,0.0,0.0,0.0,0.0,0.0
272.12256,1.0,0.0,0.08916068,1.0,2016-01-30 13:00:00,0.0,1.015594e-05,0.0,1.015594e-05,0.0
272.31543,1.0,0.0,0.63454634,1.0,2016-01-30 14:00:00,0.0,6.928721e-05,0.0,6.947789e-05,0.0
273.87476,0.7921582,0.0,0.31208336,0.7624113,2016-01-30 15:00:00,0.0,0.0,0.0,0.0,0.0
275.24805,0.8162968,0.0,0.033411007,0.8162968,2016-01-30 16:00:00,0.0,0.0,0.0,0.0,0.0
276.6814,0.7423276,0.0,0.71259063,0.46227896,2016-01-30 17:00:00,0.0,0.0,0.0,0.0,0.0
277.34546,0.9858937,0.0,0.97917145,0.90460104,2016-01-30 18:00:00,0.0,0.0,0.0,0.0,0.0
277.66943,1.0,0.0,1.0,0.59488815,2016-01-30 19:00:00,0.0,0.0,0.0,0.0,0.0
277.8108,1.0,0.0,1.0,0.4639067,2016-01-30 20:00:00,1.0,0.0,0.0,0.0,0.0
277.51953,1.0,0.01998901,1.0,0.09507686,2016-01-30 21:00:00,1.0,5.707699e-05,0.0,0.0,5.6962905e-05
276.82007,0.97095335,0.058443617,0.97095335,0.007457666,2016-01-30 22:00:00,1.0,0.00011395752,0.0,0.0,0.00011395752
276.6455,0.86704606,0.04356041,0.7160748,0.41359675,2016-01-30 23:00:00,1.0,2.2913766e-05,0.0,2.0038106e-06,2.0413558e-05
276.33887,0.986526,0.0066281483,0.6947403,0.9747014,2016-01-31 00:00:00,0.0,7.626828e-07,0.0,0.0,6.0950106e-07
275.6753,1.0,0.005003199,0.9821121,1.0,2016-01-31 01:00:00,0.0,0.0,0.0,0.0,0.0
275.4541,1.0,0.028042037,0.9978792,1.0,2016-01-31 02:00:00,0.0,0.0,0.0,0.0,0.0
274.79785,0.7769519,0.025609255,0.26416117,0.76496994,2016-01-31 03:00:00,0.0,4.681977e-05,0.0,4.6914938e-05,0.0
274.90796,0.9949968,0.06286222,0.8980223,0.99289286,2016-01-31 04:00:00,0.0,0.0001455376,0.0,0.00014528893,9.549569e-08
274.76147,1.0,0.060177855,1.0,1.0,2016-01-31 05:00:00,0.0,1.082113e-05,0.0,1.9099143e-06,8.9112145e-06
274.30933,1.0,0.0,1.0,0.9989426,2016-01-31 06:00:00,0.0,2.594851e-05,0.0,0.0,2.594851e-05
274.2727,1.0,0.0,1.0,1.0,2016-01-31 07:00:00,1.0,7.665472e-05,0.0,0.0,7.665472e-05
274.0476,1.0,0.0,1.0,0.33412814,2016-01-31 08:00:00,6.0,4.9107766e-05,2.1784526e-06,0.0,4.9107766e-05
273.48096,1.0,0.0,0.97127956,0.94752234,2016-01-31 09:00:00,0.0,1.4349963e-05,1.439158e-06,0.0,1.4349963e-05
273.13306,0.98627204,0.0021207693,0.60590476,0.980807,2016-01-31 10:00:00,0.0,1.6420108e-06,4.3373302e-07,0.0,1.6420108e-06
272.86646,1.0,0.0,0.22312254,1.0,2016-01-31 11:00:00,0.0,1.9099144e-07,1.9099144e-07,0.0,1.9099144e-07
272.6255,0.987272,0.0,0.6056781,0.9835432,2016-01-31 12:00:00,0.0,0.0,2.3873934e-08,0.0,9.549569e-08
272.2876,0.5151945,0.0,0.19457507,0.4491067,2016-01-31 13:00:00,0.0,0.0,0.0,0.0,0.0
271.583,0.09904939,0.0,0.01400914,0.09641379,2016-01-31 14:00:00,0.0,0.0,0.0,0.0,0.0
273.22168,0.22739643,0.0,0.22739643,0.0010573287,2016-01-31 15:00:00,5.0,0.0,1.42599745e-08,0.0,0.0
274.19067,0.39525753,0.0078530945,0.3889119,0.034032766,2016-01-31 16:00:00,5.0,0.0,7.618763e-08,0.0,1.14079796e-07
275.7605,0.3180812,0.025671076,0.25982487,0.14402163,2016-01-31 17:00:00,6.0,0.0,5.239389e-08,0.0,0.0
276.23975,0.24948984,0.026731148,0.22275871,0.0010573287,2016-01-31 18:00:00,1.0,6.864127e-07,3.2165542e-07,0.0,6.864127e-07
276.1543,0.57177174,0.5130293,0.14952534,0.0,2016-01-31 19:00:00,0.0,0.0,0.0,0.0,0.0
276.57617,0.77665174,0.761808,0.11529136,0.0,2016-01-31 20:00:00,0.0,0.0,0.0,0.0,0.0
277.177,0.6800257,0.56879234,0.2276299,0.0,2016-01-31 21:00:00,0.0,0.0,0.0,0.0,0.0
277.0547,0.39974368,0.14238936,0.3114826,0.0,2016-01-31 22:00:00,0.0,0.0,0.0,0.0,0.0
276.72705,0.18386996,0.007388301,0.17701459,0.0,2016-01-31 23:00:00,0.0,0.0,0.0,0.0,0.0
275.5769,0.016062774,0.012884673,0.0031780982,0.0,2016-02-01 00:00:00,0.0,0.0,0.0,0.0,0.0
275.16504,0.030413002,0.030413002,0.0,0.0,2016-02-01 01:00:00,0.0,0.0,0.0,0.0,0.0
274.66553,0.006280929,0.006280929,0.0,0.0,2016-02-01 02:00:00,0.0,0.0,0.0,0.0,0.0
273.15918,0.0,0.0,0.0,0.0,2016-02-01 03:00:00,0.0,0.0,0.0,0.0,0.0
272.92285,0.0,0.0,0.0,0.0,2016-02-01 04:00:00,0.0,0.0,0.0,0.0,0.0
272.43408,0.004207764,0.004207764,0.0,0.0,2016-02-01 05:00:00,0.0,0.0,0.0,0.0,0.0
271.86646,0.004207764,0.004207764,0.0,0.0,2016-02-01 06:00:00,0.0,0.0,0.0,0.0,0.0
271.8225,0.007457666,0.007457666,0.0,0.0,2016-02-01 07:00:00,0.0,0.0,0.0,0.0,0.0
271.5371,0.010513712,0.010513712,0.0,0.0,2016-02-01 08:00:00,5.0,0.0,0.0,0.0,0.0
270.9668,0.024290293,0.024290293,0.0,0.0,2016-02-01 09:00:00,5.0,0.0,0.0,0.0,0.0
268.79688,0.030666973,0.030666973,0.0,0.0,2016-02-01 10:00:00,5.0,0.0,7.626778e-08,0.0,9.549569e-08
268.6975,0.080814004,0.080814004,0.0,0.0,2016-02-01 11:00:00,5.0,0.0,1.575047e-07,0.0,0.0
269.04443,0.12931168,0.12430847,0.014985189,0.0,2016-02-01 12:00:00,5.0,0.0,1.1920929e-07,0.0,0.0
269.2788,0.1101563,0.1101563,0.0,0.0,2016-02-01 13:00:00,5.0,0.0,3.0523393e-07,0.0,0.0
269.95435,0.15311527,0.15311527,0.0,0.0,2016-02-01 14:00:00,5.0,3.813414e-07,4.6738472e-07,0.0,3.813414e-07
271.6211,0.19357055,0.19357055,0.0,0.0,2016-02-01 15:00:00,5.0,7.626828e-07,5.86594e-07,0.0,7.440987e-07
272.1809,0.52297956,0.52297956,0.0,0.0,2016-02-01 16:00:00,5.0,5.3452317e-07,6.8192935e-07,0.0,7.626828e-07
272.8269,0.7162661,0.7162661,0.0,0.0,2016-02-01 17:00:00,6.0,0.0,3.5762787e-07,0.0,3.813414e-07
273.20142,0.81497246,0.81497246,0.0,0.0,2016-02-01 18:00:00,6.0,1.944516e-06,1.7086622e-06,0.0,1.8490209e-06
273.64233,0.84110546,0.84110546,0.0,0.0,2016-02-01 19:00:00,6.0,2.8026952e-06,2.8363447e-06,0.0,2.6886155e-06
273.9707,0.8331317,0.8331317,0.0,0.0,2016-02-01 20:00:00,6.0,3.1263507e-06,2.9239045e-06,0.0,2.916775e-06
274.11035,0.69580704,0.69580704,0.0,0.0,2016-02-01 21:00:00,6.0,1.372825e-06,1.1244729e-06,0.0,1.3914087e-06
273.08252,0.655146,0.651879,0.0,0.011520103,2016-02-01 22:00:00,6.0,4.7683716e-07,2.1919061e-07,0.0,2.0957555e-07
272.7683,0.64703745,0.6459801,0.0015890491,0.0,2016-02-01 23:00:00,5.0,0.0,0.0,0.0,0.0
272.4839,0.67045164,0.6593283,0.01960031,0.011203606,2016-02-02 00:00:00,5.0,2.6726156e-07,2.0044615e-07,0.0,2.6726156e-07
272.29248,0.86322117,0.6649801,0.010597732,0.65487564,2016-02-02 01:00:00,5.0,0.0,6.6815346e-08,0.0,0.0
272.07153,0.75794595,0.61612153,0.0010573287,0.37325305,2016-02-02 02:00:00,5.0,0.0,0.0,0.0,0.0
271.69995,0.8405688,0.7560869,0.024810083,0.42884117,2016-02-02 03:00:00,5.0,0.0,9.533534e-08,0.0,0.0
271.54932,0.6427916,0.59057224,0.10675442,0.017044965,2016-02-02 04:00:00,5.0,0.0,1.6455391e-07,0.0,0.0
271.50513,0.70880514,0.68608826,0.0,0.094460964,2016-02-02 05:00:00,5.0,5.7233285e-07,5.699297e-07,0.0,5.7233285e-07
271.81836,0.8049844,0.7484282,0.03639867,0.33598882,2016-02-02 06:00:00,5.0,1.431803e-06,1.350566e-06,0.0,1.431803e-06
271.93262,0.9882647,0.6029387,0.50045705,0.90873075,2016-02-02 07:00:00,5.0,1.3356566e-06,1.2330302e-06,2.864872e-07,1.0491694e-06
271.65308,1.0,0.44788754,0.80457485,0.99262583,2016-02-02 08:00:00,5.0,1.3356566e-06,1.1352122e-06,3.3423504e-07,8.5817857e-07
271.18433,1.0,0.42197877,0.9862804,1.0,2016-02-02 09:00:00,5.0,9.536743e-07,5.721725e-07,0.0,8.5817857e-07
270.26196,0.60032135,0.42147434,0.21678549,0.25827134,2016-02-02 10:00:00,5.0,9.536743e-07,5.960464e-07,0.0,8.5817857e-07
270.24878,0.9331443,0.46182203,0.34265316,0.79386985,2016-02-02 11:00:00,5.0,9.536743e-07,6.628618e-07,0.0,4.7683716e-07
270.20288,1.0,0.42047465,0.33778328,1.0,2016-02-02 12:00:00,5.0,7.626828e-07,6.389879e-07,0.0,4.7683716e-07
270.16138,1.0,0.45977366,0.25713688,1.0,2016-02-02 13:00:00,5.0,5.3452317e-07,5.1513257e-07,0.0,4.7683716e-07
270.46558,1.0,0.41681343,0.029598992,1.0,2016-02-02 14:00:00,5.0,2.6726156e-07,3.7204933e-07,0.0,4.7683716e-07
271.42407,1.0,0.4311018,0.47222137,1.0,2016-02-02 15:00:00,5.0,1.9099144e-07,3.292683e-07,0.0,4.5825306e-07
271.5791,1.0,0.48768574,0.9275391,1.0,2016-02-02 16:00:00,5.0,4.4857334e-06,4.6049427e-06,0.0,4.4857334e-06
271.81372,1.0,0.48791075,1.0,1.0,2016-02-02 17:00:00,5.0,4.7494017e-05,4.767299e-05,0.0,4.7494017e-05
271.7063,1.0,0.5342583,1.0,0.99946827,2016-02-02 18:00:00,5.0,0.000308624,0.00030871946,0.0,0.00030871946
271.48853,1.0,0.8017514,1.0,0.73306024,2016-02-02 19:00:00,5.0,0.0013631862,0.0013628856,0.0,0.0013628048
271.62842,1.0,0.9895088,1.0,0.039316624,2016-02-02 20:00:00,5.0,0.001383293,0.0013832643,0.0,0.00138314
271.5952,1.0,0.94913924,1.0,0.0,2016-02-02 21:00:00,5.0,0.0009876485,0.0009876101,0.0,0.0009876485
271.4131,1.0,1.0,1.0,0.0,2016-02-02 22:00:00,5.0,0.0008413964,0.00084149186,0.0,0.0008413964
271.23413,1.0,0.9902332,1.0,0.0,2016-02-02 23:00:00,5.0,0.00073753763,0.0007375423,0.0,0.00073753763
271.13647,1.0,0.98743516,1.0,0.0,2016-02-03 00:00:00,5.0,0.00062932447,0.000629229,0.0,0.00062932447
270.8838,1.0,0.9912679,1.0,0.00053172023,2016-02-03 01:00:00,5.0,0.0005809639,0.00058082305,0.0,0.0005806966
270.687,1.0,0.99337184,1.0,0.012659509,2016-02-03 02:00:00,5.0,0.00059116515,0.00059119635,0.0,0.0005909556
270.26074,1.0,0.99289286,1.0,0.0037288337,2016-02-03 03:00:00,5.0,0.0005789206,0.00057893014,0.0,0.0005789206
270.13623,1.0,1.0,1.0,0.05855097,2016-02-03 04:00:00,5.0,0.000545762,0.0005457427,0.0,0.00054597156
270.00928,1.0,0.99675006,1.0,0.23169059,2016-02-03 05:00:00,5.0,0.0005000329,0.00049993047,0.0,0.00049982336
269.84302,1.0,0.98999023,1.0,0.406259,2016-02-03 06:00:00,5.0,0.00038936245,0.00038921204,0.0,0.00038936245
269.68506,1.0,0.9800109,1.0,0.46116328,2016-02-03 07:00:00,5.0,0.0001601591,0.00016026398,0.0,0.0001601591
269.25854,1.0,1.0,0.9954723,0.5453315,2016-02-03 08:00:00,5.0,0.00015912011,0.00015929436,0.0,0.00015912011
268.51074,1.0,1.0,1.0,0.714024,2016-02-03 09:00:00,5.0,0.00014860781,0.00014866517,0.0,0.00014860781
266.1516,1.0,0.9606661,1.0,0.7282558,2016-02-03 10:00:00,5.0,0.00010189443,0.00010205906,0.0,0.00010189443
266.0254,0.998375,0.93066204,0.99627113,0.62021184,2016-02-03 11:00:00,5.0,6.975407e-05,6.993288e-05,0.0,6.975407e-05
265.95044,0.99289286,0.92071265,0.99289286,0.41158414,2016-02-03 12:00:00,5.0,4.9401337e-05,4.933236e-05,0.0,4.9401337e-05
265.69336,0.9949934,0.9616945,0.99055785,0.22833437,2016-02-03 13:00:00,5.0,4.6332018e-05,4.6298766e-05,0.0,4.6332018e-05
265.18237,1.0,0.99262583,0.9837398,0.08900595,2016-02-03 14:00:00,5.0,4.603018e-05,4.599172e-05,0.0,4.603018e-05
264.99683,0.969165,0.95444113,0.8986423,0.13518316,2016-02-03 15:00:00,5.0,5.144783e-05,5.1581388e-05,0.0,5.144783e-05
265.12207,0.99736434,0.9878863,0.6922597,0.0718292,2016-02-03 16:00:00,5.0,3.545513e-05,3.5264457e-05,0.0,3.545513e-05
265.58594,1.0,1.0,0.599684,0.0,2016-02-03 17:00:00,5.0,5.511819e-06,5.3659296e-06,0.0,5.511819e-06
266.05786,0.89145684,0.88145775,0.17377287,0.0,2016-02-03 18:00:00,5.0,0.0,3.5282028e-07,0.0,1.9099144e-07
266.44946,0.63495046,0.6333255,0.036364157,0.0016249504,2016-02-03 19:00:00,5.0,0.0,1.2393548e-07,0.0,0.0
266.7749,0.5563977,0.5270801,0.004750259,0.045618344,2016-02-03 20:00:00,0.0,0.0,0.0,0.0,0.0
267.10693,0.5730304,0.4685685,0.0,0.1702553,2016-02-03 21:00:00,0.0,0.0,0.0,0.0,0.0
266.26123,0.15738517,0.027206283,0.0,0.13017893,2016-02-03 22:00:00,0.0,0.0,0.0,0.0,0.0
265.86353,0.34413773,0.0,0.0,0.34413773,2016-02-03 23:00:00,0.0,0.0,0.0,0.0,0.0
264.7566,0.49117374,0.0,0.0,0.49117374,2016-02-04 00:00:00,0.0,0.0,0.0,0.0,0.0
263.7556,0.3629241,0.0,0.0,0.3629241,2016-02-04 01:00:00,0.0,0.0,0.0,0.0,0.0
263.03052,0.15766555,0.0,0.0,0.15766555,2016-02-04 02:00:00,0.0,0.0,0.0,0.0,0.0
260.8501,0.114815,0.0,0.0,0.114815,2016-02-04 03:00:00,0.0,0.0,0.0,0.0,0.0
260.19214,0.1115343,0.0,0.0,0.1115343,2016-02-04 04:00:00,0.0,0.0,0.0,0.0,0.0
259.42627,0.16136646,0.0033782488,0.030011643,0.13134748,2016-02-04 05:00:00,0.0,0.0,0.0,0.0,0.0
258.27563,0.2279445,0.054071773,0.2279445,0.0,2016-02-04 06:00:00,0.0,0.0,0.0,0.0,0.0
258.2954,0.5569914,0.20013565,0.5376372,0.0,2016-02-04 07:00:00,5.0,2.6726156e-07,3.1492925e-07,0.0,2.6726156e-07
258.21436,0.2929904,0.28263336,0.026744638,0.0,2016-02-04 08:00:00,5.0,5.3452317e-07,4.962277e-07,0.0,5.3452317e-07
259.08496,0.48486084,0.018081728,0.48486084,0.0,2016-02-04 09:00:00,5.0,2.6726156e-07,2.8152152e-07,0.0,2.6726156e-07
259.81372,0.7938842,0.04474769,0.788881,0.0,2016-02-04 10:00:00,5.0,6.4860296e-07,6.441185e-07,0.0,6.4860296e-07
260.2129,0.7955724,0.18833917,0.7955724,0.0,2016-02-04 11:00:00,5.0,2.2130698e-06,2.0822463e-06,0.0,2.09899e-06
260.5061,0.8523404,0.16797239,0.84996945,0.00053172023,2016-02-04 12:00:00,5.0,2.5367253e-06,2.6035395e-06,0.0,2.6322214e-06
260.34668,0.92390376,0.051479816,0.92390376,0.0,2016-02-04 13:00:00,5.0,2.0214284e-06,2.0976959e-06,0.0,2.0214284e-06
260.14087,0.9644663,0.06253338,0.9644663,0.0,2016-02-04 14:00:00,5.0,2.460455e-06,2.3819448e-06,0.0,2.460455e-06
262.33496,0.9900261,0.16138822,0.9900261,0.0,2016-02-04 15:00:00,5.0,1.0950622e-05,1.0707638e-05,0.0,1.0569281e-05
264.48242,0.9870936,0.2656917,0.9870936,0.0,2016-02-04 16:00:00,5.0,3.4755984e-05,3.447711e-05,0.0,3.4755984e-05
266.4441,0.9899844,0.52631575,0.9899844,0.0,2016-02-04 17:00:00,5.0,5.8861886e-05,5.891893e-05,0.0,5.8861886e-05
267.65942,0.99657166,0.78909945,0.99657166,0.0,2016-02-04 18:00:00,5.0,6.7992936e-05,6.778304e-05,1.0218044e-05,5.7774887e-05
268.35254,0.97679245,0.8969062,0.9697499,0.0,2016-02-04 19:00:00,5.0,4.344921e-05,4.3625463e-05,0.0,4.344921e-05
269.31543,0.9703919,0.947663,0.91722906,0.0,2016-02-04 20:00:00,5.0,6.9556074e-05,6.96277e-05,0.0,6.9556074e-05
269.87964,0.9901048,0.9901048,0.28862464,0.0,2016-02-04 21:00:00,5.0,7.625224e-05,7.620962e-05,2.6261323e-06,7.346428e-05
269.7036,0.8365097,0.8365097,0.023841847,0.0,2016-02-04 22:00:00,5.0,4.6961984e-05,4.7081194e-05,0.0,4.6961984e-05
269.9756,0.74621844,0.74621844,0.0,0.0,2016-02-04 23:00:00,5.0,1.9490675e-05,1.9461833e-05,0.0,1.9490675e-05
269.13574,0.75950474,0.75950474,0.0,0.0,2016-02-05 00:00:00,5.0,8.02931e-06,7.976593e-06,0.0,8.02931e-06
267.94507,0.64649713,0.64649713,0.0,0.0,2016-02-05 01:00:00,5.0,5.7598463e-06,5.5928886e-06,0.0,5.6643503e-06
266.83252,0.36540365,0.36540365,0.0,0.0,2016-02-05 02:00:00,5.0,3.1276331e-06,2.9845505e-06,0.0,3.0135534e-06
264.7837,0.3519957,0.3519957,0.0,0.0,2016-02-05 03:00:00,5.0,1.5638161e-06,1.5352962e-06,0.0,1.5638161e-06
264.1963,0.37340462,0.37340462,0.0,0.0,2016-02-05 04:00:00,5.0,7.8190845e-07,8.7259775e-07,0.0,7.8190845e-07
262.81226,0.38434774,0.38434774,0.0,0.0,2016-02-05 05:00:00,5.0,1.3350154e-06,1.3635354e-06,0.0,1.3350154e-06
261.46973,0.39204454,0.39204454,0.0,0.0,2016-02-05 06:00:00,5.0,5.7233285e-07,4.577696e-07,0.0,5.7233285e-07
260.71802,0.3401078,0.33054626,0.0,0.00956155,2016-02-05 07:00:00,5.0,0.0,1.4772922e-07,0.0,0.0
261.12866,0.5556879,0.15459079,0.0,0.4506781,2016-02-05 08:00:00,5.0,0.0,1.4772922e-07,0.0,0.0
261.65503,0.9858937,0.10631782,0.0,0.97917145,2016-02-05 09:00:00,5.0,0.0,1.4772922e-07,0.0,0.0
257.55396,1.0,0.2541539,0.010835916,1.0,2016-02-05 10:00:00,5.0,0.0,1.8602464e-07,0.0,2.6726156e-07
257.53687,1.0,0.25931543,0.068173826,1.0,2016-02-05 11:00:00,5.0,0.0,9.533534e-08,0.0,0.0
257.09497,1.0,0.17701226,0.031787977,1.0,2016-02-05 12:00:00,0.0,0.0,0.0,0.0,0.0
256.864,0.98678106,0.0067320913,0.00998199,0.98678106,2016-02-05 13:00:00,0.0,0.0,2.8519953e-08,0.0,0.0
257.37427,0.997629,0.1787309,0.10408294,0.997629,2016-02-05 14:00:00,5.0,0.0,0.0,0.0,0.0
260.07666,0.99946827,0.62156314,0.26886922,0.99946827,2016-02-05 15:00:00,5.0,0.0,2.1454463e-07,0.0,0.0
263.1504,1.0,0.009766806,0.7986908,0.9966217,2016-02-05 16:00:00,5.0,3.813414e-07,5.2434444e-07,0.0,3.813414e-07
265.39062,0.9949968,0.0,0.95264167,0.97838664,2016-02-05 17:00:00,5.0,3.527568e-06,3.49921e-06,0.0,3.527568e-06
267.0891,1.0,0.0,0.98663634,0.9641896,2016-02-05 18:00:00,5.0,5.6650097e-06,5.59571e-06,0.0,5.6650097e-06
268.4685,1.0,0.0,0.98336935,0.98675096,2016-02-05 19:00:00,5.0,1.2779748e-05,1.2853453e-05,0.0,1.2684253e-05
269.17212,1.0,0.0,0.9867403,0.9949968,2016-02-05 20:00:00,5.0,4.9221944e-06,4.8648317e-06,0.0,4.654933e-06
270.01196,0.9949968,0.012727946,0.9271413,0.9779077,2016-02-05 21:00:00,5.0,5.1131856e-06,4.874284e-06,0.0,4.864509e-06
269.6797,0.9723453,0.07135117,0.94170606,0.787369,2016-02-05 22:00:00,5.0,3.1289255e-06,2.9808734e-06,0.0,3.1289255e-06
269.12256,0.9309338,0.21283847,0.92645895,0.004767146,2016-02-05 23:00:00,5.0,2.0797552e-06,1.8886012e-06,0.0,1.8310784e-06
268.99097,0.70886385,0.50739926,0.579451,0.0,2016-02-06 00:00:00,5.0,1.2587452e-06,1.4018287e-06,0.0,1.3542412e-06
268.62646,0.9619772,0.9540713,0.67635894,0.0,2016-02-06 01:00:00,5.0,2.4418714e-06,2.7373299e-06,0.0,2.9187086e-06
268.6045,0.98655856,0.96198344,0.85424274,0.0,2016-02-06 02:00:00,5.0,1.140564e-05,1.1691806e-05,0.0,1.1882477e-05
268.73462,0.9942007,0.9902407,0.61783284,0.0,2016-02-06 03:00:00,5.0,1.4627468e-05,1.4715673e-05,0.0,1.4627468e-05
268.75146,0.9855296,0.98500395,0.09497619,0.0,2016-02-06 04:00:00,5.0,4.654282e-06,4.444222e-06,0.0,4.3870205e-06
268.89893,0.97583634,0.9725864,0.0029026829,0.04747571,2016-02-06 05:00:00,5.0,2.0406533e-06,1.8307546e-06,0.0,2.0406533e-06
268.36353,0.9775128,0.9538416,0.0,0.5826347,2016-02-06 06:00:00,5.0,2.2688137e-06,2.3071088e-06,0.0,2.2688137e-06
268.7119,0.94459504,0.9412168,0.0,0.22964686,2016-02-06 07:00:00,5.0,1.086979e-06,1.1917673e-06,0.0,1.086979e-06
267.98804,0.8496985,0.8164978,0.0,0.26664418,2016-02-06 08:00:00,5.0,6.864127e-07,6.0782185e-07,0.0,5.7233285e-07
267.10474,0.6844517,0.53041387,0.07555485,0.21172988,2016-02-06 09:00:00,5.0,1.9099144e-07,6.1992034e-07,0.0,5.7233285e-07
268.51025,0.8612302,0.30243653,0.735118,0.3959087,2016-02-06 10:00:00,5.0,9.549569e-08,2.4322497e-07,0.0,1.9099144e-07
268.79517,0.80037063,0.19014412,0.4818141,0.5699969,2016-02-06 11:00:00,0.0,9.549569e-08,8.5881766e-08,0.0,9.549569e-08
268.84692,0.96506166,0.043613512,0.1632852,0.9550878,2016-02-06 12:00:00,0.0,0.0,3.8133912e-08,0.0,0.0
268.77246,0.93134236,0.017398067,0.056437545,0.9211747,2016-02-06 13:00:00,0.0,0.0,0.0,0.0,0.0
268.78345,0.9422034,0.0057492107,0.0,0.9422034,2016-02-06 14:00:00,0.0,0.0,0.0,0.0,0.0
269.729,0.78246766,0.0026356035,0.0,0.78246766,2016-02-06 15:00:00,0.0,0.0,0.0,0.0,0.0
270.41895,0.47791058,0.0,0.0016249504,0.47791058,2016-02-06 16:00:00,0.0,0.0,0.0,0.0,0.0
271.2019,0.6207293,0.0,0.09707314,0.57425433,2016-02-06 17:00:00,0.0,0.0,0.0,0.0,0.0
272.271,0.8125057,0.0,0.70755833,0.32557505,2016-02-06 18:00:00,0.0,0.0,0.0,0.0,0.0
273.0681,0.9469978,0.0,0.940898,0.30763716,2016-02-06 19:00:00,0.0,0.0,0.0,0.0,0.0
273.87402,0.9797798,0.02129684,0.91977894,0.85490125,2016-02-06 20:00:00,0.0,0.0,0.0,0.0,0.0
274.36255,1.0,0.016741857,0.87601346,0.98999023,2016-02-06 21:00:00,6.0,0.0,0.0,0.0,0.0
274.1184,0.9966217,0.013702694,0.98057246,0.9779043,2016-02-06 22:00:00,6.0,3.813414e-07,1.6215074e-07,0.0,3.813414e-07
274.13916,1.0,0.06515139,1.0,0.99600405,2016-02-06 23:00:00,6.0,6.4860296e-07,6.1030755e-07,0.0,6.4860296e-07
274.0039,0.99946827,0.029998776,0.99946827,0.98097944,2016-02-07 00:00:00,6.0,2.9180674e-06,2.9946577e-06,0.0,2.9180674e-06
274.24072,1.0,0.011259723,1.0,0.98264045,2016-02-07 01:00:00,6.0,3.1626405e-05,3.147387e-05,0.0,3.1626405e-05
274.16357,1.0,0.02736592,1.0,0.97873324,2016-02-07 02:00:00,7.0,8.893646e-05,8.502751e-05,0.0,8.893646e-05
274.39575,1.0,0.027363174,1.0,0.9436737,2016-02-07 03:00:00,0.0,1.7555081e-05,1.7466882e-05,0.0,1.7555081e-05
274.30664,0.9492743,0.0,0.9356576,0.43365812,2016-02-07 04:00:00,0.0,1.14079796e-07,1.6198919e-07,0.0,1.14079796e-07
274.14258,0.76583195,0.07415384,0.68917704,0.39018095,2016-02-07 05:00:00,0.0,0.0,0.0,0.0,0.0
273.43677,0.68211836,0.0037288337,0.6139142,0.3440351,2016-02-07 06:00:00,0.0,0.0,4.7667676e-08,0.0,0.0
273.10107,0.94029206,0.01604252,0.9067742,0.85950005,2016-02-07 07:00:00,0.0,0.0,0.0,0.0,0.0
273.53516,0.6814684,0.010009766,0.61357313,0.56033516,2016-02-07 08:00:00,0.0,0.0,0.0,0.0,0.0
273.97705,0.06605685,0.01998901,0.047058057,0.031345878,2016-02-07 09:00:00,0.0,0.0,0.0,0.0,0.0
273.5869,0.60251933,0.0,0.5073488,0.59067035,2016-02-07 10:00:00,0.0,0.0,0.0,0.0,0.0
274.12427,0.8642638,0.014189757,0.8143822,0.7687518,2016-02-07 11:00:00,1.0,4.543447e-05,6.966739e-07,4.4899934e-05,9.158646e-07
274.78345,0.9311514,0.20475602,0.8193024,0.8502938,2016-02-07 12:00:00,1.0,0.00028533675,0.00013222294,0.00027716416,8.429895e-06
275.4336,0.8432626,0.5716666,0.7983148,0.4318692,2016-02-07 13:00:00,1.0,1.4335812e-05,2.9877483e-06,9.950716e-06,4.385096e-06
275.73608,0.58016676,0.42352647,0.3613966,0.100880206,2016-02-07 14:00:00,0.0,7.626828e-07,0.0,0.0,4.954212e-07
276.42212,0.5720612,0.54649323,0.112036765,0.13676715,2016-02-07 15:00:00,0.0,2.2815959e-07,0.0,0.0,3.813414e-07
276.53882,0.76672196,0.7028713,0.24516153,0.23000807,2016-02-07 16:00:00,0.0,0.0,0.0,0.0,0.0
276.77344,0.7340706,0.45382142,0.20002592,0.47250503,2016-02-07 17:00:00,0.0,0.0,0.0,0.0,0.0
276.9607,0.5676225,0.08449006,0.32115847,0.5039386,2016-02-07 18:00:00,0.0,0.0,0.0,0.0,0.0
276.9546,0.86016494,0.6515714,0.38698155,0.5978499,2016-02-07 19:00:00,1.0,0.0,0.0,0.0,0.0
276.91138,0.9757275,0.951134,0.7832039,0.6731096,2016-02-07 20:00:00,1.0,4.4620165e-06,0.0,0.0,4.4620165e-06
276.58936,0.99946827,0.9776759,0.9449562,0.9011144,2016-02-07 21:00:00,1.0,2.375916e-05,0.0,0.0,2.375916e-05
275.00586,1.0,0.9651303,0.9668673,0.92432064,2016-02-07 22:00:00,1.0,6.030324e-05,0.0,0.0,6.0589082e-05
274.94946,1.0,0.9105006,0.995108,0.9427417,2016-02-07 23:00:00,6.0,9.863729e-05,3.323209e-06,0.0,9.879048e-05
273.9707,1.0,0.9831351,0.9949968,0.9431805,2016-02-08 00:00:00,5.0,9.531736e-05,7.191395e-05,4.7747868e-08,9.5221854e-05
271.2234,1.0,0.9892753,0.9621351,0.8685063,2016-02-08 01:00:00,5.0,0.00010088687,0.0001006221,0.0,0.00010061961
269.2356,1.0,1.0,0.998375,0.7831655,2016-02-08 02:00:00,5.0,0.00012141015,0.00012155836,0.0,0.00012139157
266.58667,1.0,0.99946827,0.9710619,0.7747147,2016-02-08 03:00:00,5.0,0.00011328723,0.00011356169,0.0,0.00011347822
265.83008,1.0,1.0,0.9626548,0.39950424,2016-02-08 04:00:00,5.0,9.784516e-05,9.783018e-05,0.0,9.784516e-05
265.26587,1.0,1.0,0.88106495,0.06301081,2016-02-08 05:00:00,5.0,8.628701e-05,8.601253e-05,0.0,8.628701e-05
264.31665,1.0,1.0,0.8962511,0.019140206,2016-02-08 06:00:00,5.0,7.9800986e-05,7.9815654e-05,0.0,7.9800986e-05
263.57153,1.0,1.0,0.96855384,0.029712409,2016-02-08 07:00:00,5.0,8.380538e-05,8.3697945e-05,0.0,8.3823965e-05
263.34888,1.0,1.0,0.9623772,0.11511636,2016-02-08 08:00:00,5.0,9.074515e-05,9.0949834e-05,0.0,9.074515e-05
263.04565,0.997629,0.99600405,0.9774061,0.3458339,2016-02-08 09:00:00,5.0,0.00012243811,0.00012190416,0.0,0.00012243811
262.67847,1.0,1.0,0.9726334,0.7507412,2016-02-08 10:00:00,5.0,0.00012842161,0.0001285699,0.0,0.00012857479
262.5061,1.0,1.0,0.9646441,0.6870331,2016-02-08 11:00:00,5.0,0.00013597927,0.00013571249,0.0,0.00013597927
262.19653,0.9966217,0.9966217,0.95403546,0.0,2016-02-08 12:00:00,5.0,0.00015799841,0.00015802935,0.0,0.00015799841
261.9297,0.997629,0.98189783,0.9120156,0.0,2016-02-08 13:00:00,5.0,0.00011806203,0.00011816714,0.0,0.00011806203
261.614,1.0,1.0,0.813758,0.0,2016-02-08 14:00:00,5.0,4.7802314e-05,4.7673486e-05,0.0,4.7630543e-05
261.7527,1.0,1.0,0.6929193,0.01024574,2016-02-08 15:00:00,5.0,2.6762515e-05,2.6948459e-05,0.0,2.6762515e-05
262.02783,1.0,1.0,0.44156957,0.08721703,2016-02-08 16:00:00,5.0,1.8576131e-05,1.8478459e-05,0.0,1.8576131e-05
262.51294,1.0,1.0,0.620474,0.25845116,2016-02-08 17:00:00,5.0,1.975795e-05,1.9633939e-05,0.0,1.9548374e-05
262.85303,1.0,1.0,0.41606307,0.49482495,2016-02-08 18:00:00,5.0,2.1055166e-05,2.1050844e-05,0.0,2.1055166e-05
263.1455,1.0,1.0,0.33945352,0.56298476,2016-02-08 19:00:00,5.0,8.88879e-06,8.66952e-06,0.0,8.88879e-06
263.22144,1.0,1.0,0.5381501,0.63629127,2016-02-08 20:00:00,5.0,8.030612e-06,7.768643e-06,0.0,7.821036e-06
263.792,1.0,1.0,0.7777622,0.68969065,2016-02-08 21:00:00,5.0,1.4495464e-05,1.4414551e-05,0.0,1.4495464e-05
263.68604,1.0,1.0,0.975027,0.33498567,2016-02-08 22:00:00,5.0,4.321136e-05,4.310625e-05,0.0,4.3325446e-05
263.60205,1.0,1.0,0.9409126,0.15329826,2016-02-08 23:00:00,5.0,8.1153135e-05,8.1324746e-05,0.0,8.136271e-05
263.36157,0.9957922,0.9894637,0.98626137,0.0068065375,2016-02-09 00:00:00,5.0,9.6746575e-05,9.685394e-05,0.0,9.695615e-05
263.1753,0.990789,0.9850642,0.8858776,0.0,2016-02-09 01:00:00,5.0,0.00012341618,0.00012345446,0.0,0.00012341618
263.0315,1.0,1.0,0.7275264,0.0,2016-02-09 02:00:00,5.0,7.655668e-05,7.663535e-05,0.0,7.655668e-05
262.16016,1.0,1.0,0.41189426,0.0,2016-02-09 03:00:00,5.0,4.288077e-05,4.2828367e-05,0.0,4.288077e-05
261.96875,0.98811215,0.9864872,0.12603825,0.0,2016-02-09 04:00:00,5.0,3.181801e-05,3.1760806e-05,0.0,3.181801e-05
261.67627,0.98294675,0.9813218,0.3421896,0.0,2016-02-09 05:00:00,5.0,1.7073864e-05,1.7243074e-05,0.0,1.7073864e-05
260.96216,0.9898429,0.9898429,0.3480227,0.0,2016-02-09 06:00:00,5.0,1.78372e-05,1.7770377e-05,0.0,1.78372e-05
260.5747,0.99206334,0.99206334,0.008727156,0.0,2016-02-09 07:00:00,5.0,1.48396375e-05,1.4715541e-05,0.0,1.48396375e-05
260.0891,0.9899067,0.9899067,0.0,0.0,2016-02-09 08:00:00,5.0,6.8276095e-06,6.646391e-06,0.0,6.8276095e-06
259.26782,0.9862113,0.9862113,0.07569623,0.0,2016-02-09 09:00:00,5.0,5.111252e-06,4.987155e-06,0.0,5.111252e-06
258.72437,0.9877857,0.98195297,0.2396717,0.0,2016-02-09 10:00:00,5.0,7.05641e-06,7.087495e-06,0.0,7.05641e-06
258.55762,0.9876863,0.9860613,0.6492691,0.0,2016-02-09 11:00:00,5.0,8.849679e-06,8.503666e-06,0.0,8.868264e-06
258.41675,0.9989426,0.9989426,0.5803135,0.0,2016-02-09 12:00:00,5.0,8.048545e-06,7.688513e-06,0.0,7.876779e-06
258.18896,0.99300414,0.9924724,0.24408531,0.0,2016-02-09 13:00:00,5.0,5.797665e-06,5.8331534e-06,0.0,5.9117447e-06
258.12842,0.9978792,0.9978792,0.0,0.0,2016-02-09 14:00:00,5.0,3.4134791e-06,3.3231127e-06,0.0,3.2039034e-06
259.20752,1.0,1.0,0.0,0.0,2016-02-09 15:00:00,5.0,1.5638161e-06,1.7830071e-06,0.0,1.5638161e-06
259.98535,0.995108,0.995108,0.0,0.0,2016-02-09 16:00:00,5.0,6.101426e-07,6.1022394e-07,0.0,6.101426e-07
260.98096,0.626479,0.626479,0.0,0.0,2016-02-09 17:00:00,0.0,9.549569e-08,7.394476e-08,0.0,9.549569e-08
261.95532,0.041853108,0.041853108,0.0,0.0,2016-02-09 18:00:00,0.0,0.0,0.0,0.0,0.0
263.04175,0.0,0.0,0.0,0.0,2016-02-09 19:00:00,0.0,0.0,0.0,0.0,0.0
263.50806,0.00053172023,0.00053172023,0.0,0.0,2016-02-09 20:00:00,0.0,0.0,0.0,0.0,0.0
264.30737,0.0,0.0,0.0,0.0,2016-02-09 21:00:00,0.0,0.0,0.0,0.0,0.0
263.85742,0.0,0.0,0.0,0.0,2016-02-09 22:00:00,0.0,0.0,0.0,0.0,0.0
263.42993,0.0,0.0,0.0,0.0,2016-02-09 23:00:00,0.0,0.0,0.0,0.0,0.0
262.58447,0.0,0.0,0.0,0.0,2016-02-10 00:00:00,0.0,0.0,0.0,0.0,0.0
262.1665,0.0,0.0,0.0,0.0,2016-02-10 01:00:00,0.0,0.0,0.0,0.0,0.0
261.71533,0.0,0.0,0.0,0.0,2016-02-10 02:00:00,0.0,0.0,0.0,0.0,0.0
260.50488,0.049082864,0.0,0.0,0.049082864,2016-02-10 03:00:00,0.0,0.0,0.0,0.0,0.0
260.24976,0.28943908,0.0,0.0,0.28943908,2016-02-10 04:00:00,0.0,0.0,0.0,0.0,0.0
259.81714,0.21921992,0.0,0.02334797,0.21711606,2016-02-10 05:00:00,0.0,0.0,0.0,0.0,0.0
259.39575,0.048888616,0.0,0.0029026829,0.048888616,2016-02-10 06:00:00,0.0,0.0,0.0,0.0,0.0
258.7561,0.0,0.0,0.0,0.0,2016-02-10 07:00:00,0.0,0.0,0.0,0.0,0.0
258.37158,0.2509293,0.0,0.0,0.2509293,2016-02-10 08:00:00,0.0,0.0,0.0,0.0,0.0
257.47314,0.99946827,0.0,0.68555677,0.99946827,2016-02-10 09:00:00,0.0,0.0,0.0,0.0,0.0
256.2788,1.0,0.02269544,0.99371904,1.0,2016-02-10 10:00:00,0.0,0.0,0.0,0.0,0.0
256.04663,1.0,0.0,0.99089694,1.0,2016-02-10 11:00:00,0.0,0.0,0.0,0.0,0.0
256.45337,1.0,0.0,1.0,1.0,2016-02-10 12:00:00,5.0,0.0,6.6815346e-08,0.0,0.0
256.64453,1.0,0.0,1.0,1.0,2016-02-10 13:00:00,5.0,2.6726156e-07,3.3407696e-07,0.0,2.6726156e-07
256.8152,1.0,0.0,1.0,0.75807875,2016-02-10 14:00:00,5.0,5.3452317e-07,6.490864e-07,0.0,5.3452317e-07
257.94873,1.0,0.0032499009,1.0,0.2122876,2016-02-10 15:00:00,5.0,6.300189e-07,7.3977577e-07,0.0,6.300189e-07
258.51025,1.0,0.0,1.0,0.0033782488,2016-02-10 16:00:00,0.0,0.0,2.243201e-07,0.0,2.6726156e-07
259.3811,1.0,0.0,1.0,0.0,2016-02-10 17:00:00,0.0,0.0,0.0,0.0,0.0
260.18555,0.9942508,0.0,0.9942508,0.0,2016-02-10 18:00:00,0.0,0.0,0.0,0.0,0.0
260.8601,0.964252,0.0,0.964252,0.0,2016-02-10 19:00:00,0.0,9.549569e-08,1.02626245e-07,0.0,0.0
261.56104,0.9438837,0.0,0.9438837,0.0,2016-02-10 20:00:00,0.0,0.0,0.0,0.0,0.0
262.0288,0.6634893,0.0,0.6634893,0.0,2016-02-10 21:00:00,0.0,0.0,0.0,0.0,0.0
261.7068,0.7093552,0.0,0.7093552,0.0,2016-02-10 22:00:00,0.0,0.0,0.0,0.0,0.0
261.56152,0.9467368,0.0,0.9467368,0.0,2016-02-10 23:00:00,0.0,0.0,0.0,0.0,0.0
260.94165,0.5180187,0.0,0.5180187,0.0,2016-02-11 00:00:00,0.0,0.0,0.0,0.0,0.0
260.59277,0.67704654,0.0,0.67704654,0.0,2016-02-11 01:00:00,0.0,0.0,0.0,0.0,0.0
260.27808,0.927044,0.0,0.927044,0.0,2016-02-11 02:00:00,5.0,0.0,0.0,0.0,0.0
259.8025,0.956483,0.0,0.956483,0.0,2016-02-11 03:00:00,5.0,0.0,2.3873934e-08,0.0,0.0
259.46582,0.6698366,0.0,0.6698366,0.0,2016-02-11 04:00:00,0.0,0.0,0.0,0.0,0.0
260.02295,0.3092894,0.0,0.3092894,0.0,2016-02-11 05:00:00,0.0,0.0,0.0,0.0,0.0
259.58228,0.0,0.0,0.0,0.0,2016-02-11 06:00:00,0.0,0.0,0.0,0.0,0.0
258.4231,0.0,0.0,0.0,0.0,2016-02-11 07:00:00,0.0,0.0,0.0,0.0,0.0
257.4558,0.0,0.0,0.0,0.0,2016-02-11 08:00:00,0.0,0.0,0.0,0.0,0.0
257.2312,0.0,0.0,0.0,0.0,2016-02-11 09:00:00,0.0,0.0,0.0,0.0,0.0
256.43457,0.0,0.0,0.0,0.0,2016-02-11 10:00:00,0.0,0.0,0.0,0.0,0.0
257.2544,0.07668471,0.0,0.023758486,0.06527585,2016-02-11 11:00:00,0.0,0.0,0.0,0.0,0.0
257.23096,0.5167859,0.0,0.20304012,0.5075249,2016-02-11 12:00:00,0.0,0.0,0.0,0.0,0.0
256.83228,0.75475514,0.0,0.46615833,0.7289535,2016-02-11 13:00:00,0.0,0.0,0.0,0.0,0.0
257.1582,0.004207764,0.0,0.0,0.004207764,2016-02-11 14:00:00,0.0,0.0,0.0,0.0,0.0
259.02173,0.64511126,0.0,0.0,0.64511126,2016-02-11 15:00:00,0.0,0.0,0.0,0.0,0.0
260.7229,0.9236881,0.0,0.2193349,0.9236881,2016-02-11 16:00:00,0.0,0.0,0.0,0.0,0.0
262.06934,0.9840069,0.0,0.6037195,0.9840069,2016-02-11 17:00:00,0.0,0.0,0.0,0.0,0.0
262.97095,0.9484885,0.0,0.48740995,0.9484885,2016-02-11 18:00:00,0.0,0.0,0.0,0.0,0.0
263.98047,0.99609,0.0,0.9370964,0.9710537,2016-02-11 19:00:00,0.0,0.0,0.0,0.0,0.0
264.1919,0.9775342,0.0037288337,0.94627815,0.9595209,2016-02-11 20:00:00,0.0,0.0,0.0,0.0,0.0
264.9724,0.9734654,0.049517307,0.9236493,0.54197776,2016-02-11 21:00:00,5.0,0.0,0.0,0.0,0.0
264.65796,0.95125514,0.2481566,0.85740566,0.7707056,2016-02-11 22:00:00,5.0,3.627573e-07,3.9608483e-07,0.0,2.6726156e-07
264.5249,0.93689364,0.60583526,0.91365474,0.39265102,2016-02-11 23:00:00,5.0,6.300189e-07,7.990574e-07,0.0,8.3959446e-07
264.15747,0.96116424,0.8133795,0.95852864,0.0067320913,2016-02-12 00:00:00,5.0,9.350902e-07,9.064901e-07,0.0,7.2551467e-07
263.7854,0.98582923,0.93870187,0.98104304,0.0,2016-02-12 01:00:00,5.0,1.9073486e-06,1.7838156e-06,0.0,1.9650342e-06
263.39233,0.97017473,0.9538416,0.92186236,0.0,2016-02-12 02:00:00,5.0,5.8745854e-06,5.731663e-06,0.0,5.5887404e-06
263.34985,0.9573511,0.94575226,0.5053168,0.102651715,2016-02-12 03:00:00,5.0,1.1215931e-05,1.1087107e-05,0.0,1.1215931e-05
263.38525,0.9331793,0.883252,0.104806066,0.38092846,2016-02-12 04:00:00,5.0,1.2209341e-05,1.1655832e-05,0.0,1.1846583e-05
263.0625,0.7760164,0.70943344,0.1590215,0.13858521,2016-02-12 05:00:00,5.0,6.5629138e-06,6.8683903e-06,0.0,6.5629138e-06
262.667,0.6773308,0.63874906,0.06653398,0.10031879,2016-02-12 06:00:00,5.0,2.3277826e-06,2.4661404e-06,0.0,2.499548e-06
262.6482,0.55293196,0.55240023,0.00053172023,0.0,2016-02-12 07:00:00,5.0,1.7548082e-06,1.9979543e-06,0.0,2.1361493e-06
262.20972,0.31040812,0.29228336,0.024227917,0.0033782488,2016-02-12 08:00:00,5.0,9.536743e-07,8.629036e-07,0.0,7.8190845e-07
262.1953,0.08572811,0.071513355,0.017907716,0.0,2016-02-12 09:00:00,0.0,5.7233285e-07,4.220389e-07,0.0,9.549569e-08
260.43774,0.08625454,0.08625454,0.0,0.0,2016-02-12 10:00:00,0.0,9.549569e-08,1.1928944e-07,0.0,9.549569e-08
260.2307,0.015770458,0.015770458,0.0,0.0,2016-02-12 11:00:00,0.0,0.0,1.1936965e-08,0.0,0.0
259.89966,0.0057992525,0.0057992525,0.0,0.0,2016-02-12 12:00:00,0.0,0.0,0.0,0.0,0.0
259.57422,0.0029026829,0.0029026829,0.0,0.0,2016-02-12 13:00:00,0.0,0.0,0.0,0.0,0.0
259.3628,0.014003202,0.014003202,0.0,0.0,2016-02-12 14:00:00,0.0,0.0,0.0,0.0,0.0
259.5547,0.47378546,0.47378546,0.0,0.0,2016-02-12 15:00:00,5.0,0.0,0.0,0.0,0.0
259.7268,0.93310237,0.93310237,0.0,0.0,2016-02-12 16:00:00,5.0,1.1818338e-06,1.220129e-06,0.0,1.1818338e-06
260.04395,0.99397534,0.99397534,0.0,0.0,2016-02-12 17:00:00,5.0,1.2773289e-06,1.2130786e-06,0.0,1.2773289e-06
260.0857,0.9335175,0.9335175,0.0,0.0,2016-02-12 18:00:00,0.0,0.0,1.5734315e-07,0.0,0.0
260.34473,0.8135345,0.8135345,0.0,0.0,2016-02-12 19:00:00,0.0,0.0,1.1936965e-08,0.0,0.0
260.39282,0.117060065,0.117060065,0.0,0.0,2016-02-12 20:00:00,0.0,0.0,0.0,0.0,0.0
260.59326,0.011051133,0.011051133,0.0,0.0,2016-02-12 21:00:00,0.0,0.0,0.0,0.0,0.0
259.89575,0.0,0.0,0.0,0.0,2016-02-12 22:00:00,0.0,0.0,0.0,0.0,0.0
259.3181,0.0,0.0,0.0,0.0,2016-02-12 23:00:00,0.0,0.0,0.0,0.0,0.0
258.55957,0.0,0.0,0.0,0.0,2016-02-13 00:00:00,0.0,0.0,0.0,0.0,0.0
258.20483,0.0,0.0,0.0,0.0,2016-02-13 01:00:00,0.0,0.0,0.0,0.0,0.0
257.65698,0.0,0.0,0.0,0.0,2016-02-13 02:00:00,0.0,0.0,0.0,0.0,0.0
256.13745,0.0063116476,0.0,0.0,0.0063116476,2016-02-13 03:00:00,0.0,0.0,0.0,0.0,0.0
255.87782,0.0,0.0,0.0,0.0,2016-02-13 04:00:00,0.0,0.0,0.0,0.0,0.0
255.57533,0.0,0.0,0.0,0.0,2016-02-13 05:00:00,0.0,0.0,0.0,0.0,0.0
254.50258,0.0,0.0,0.0,0.0,2016-02-13 06:00:00,0.0,0.0,0.0,0.0,0.0
253.7873,0.0,0.0,0.0,0.0,2016-02-13 07:00:00,0.0,0.0,0.0,0.0,0.0
253.32607,0.0,0.0,0.0,0.0,2016-02-13 08:00:00,0.0,0.0,0.0,0.0,0.0
251.92906,0.0,0.0,0.0,0.0,2016-02-13 09:00:00,0.0,0.0,0.0,0.0,0.0
250.29068,0.08772373,0.0,0.0,0.08772373,2016-02-13 10:00:00,0.0,0.0,0.0,0.0,0.0
249.90704,0.20549005,0.0,0.0,0.20549005,2016-02-13 11:00:00,0.0,0.0,0.0,0.0,0.0
252.10378,0.11499232,0.0,0.004207764,0.11499232,2016-02-13 12:00:00,0.0,0.0,0.0,0.0,0.0
252.27603,0.08587432,0.0,0.054160483,0.041712977,2016-02-13 13:00:00,0.0,0.0,0.0,0.0,0.0
252.1888,0.084603846,0.0,0.05830053,0.046655454,2016-02-13 14:00:00,0.0,0.0,0.0,0.0,0.0
254.27966,0.15447503,0.0,0.13764238,0.018953398,2016-02-13 15:00:00,0.0,0.0,0.0,0.0,0.0
255.48665,0.0,0.0,0.0,0.0,2016-02-13 16:00:00,0.0,0.0,0.0,0.0,0.0
256.78906,0.007900696,0.0,0.0,0.007900696,2016-02-13 17:00:00,0.0,0.0,0.0,0.0,0.0
258.22852,0.0,0.0,0.0,0.0,2016-02-13 18:00:00,0.0,0.0,0.0,0.0,0.0
259.16333,0.016858723,0.0,0.0,0.016858723,2016-02-13 19:00:00,0.0,0.0,0.0,0.0,0.0
260.24683,0.02265554,0.0,0.0,0.02265554,2016-02-13 20:00:00,0.0,0.0,0.0,0.0,0.0
261.16626,0.2446261,0.0,0.0,0.2446261,2016-02-13 21:00:00,0.0,0.0,0.0,0.0,0.0
261.04224,0.9333431,0.0,0.0,0.9333431,2016-02-13 22:00:00,0.0,0.0,0.0,0.0,0.0
260.3545,0.9966217,0.0,0.0,0.9966217,2016-02-13 23:00:00,0.0,0.0,0.0,0.0,0.0
258.57007,0.98652846,0.0,0.0,0.98652846,2016-02-14 00:00:00,0.0,0.0,0.0,0.0,0.0
258.4607,0.9114757,0.0,0.0,0.9114757,2016-02-14 01:00:00,0.0,0.0,0.0,0.0,0.0
258.46118,0.846241,0.0,0.007457666,0.846241,2016-02-14 02:00:00,0.0,0.0,0.0,0.0,0.0
258.51245,0.84459496,0.0,0.049010012,0.84297,2016-02-14 03:00:00,0.0,0.0,0.0,0.0,0.0
258.52856,0.86541986,0.0,0.0063116476,0.86541986,2016-02-14 04:00:00,0.0,0.0,0.0,0.0,0.0
258.79224,0.9069538,0.0,0.07262552,0.90484995,2016-02-14 05:00:00,0.0,0.0,0.0,0.0,0.0
258.81104,0.9542287,0.0,0.05546347,0.94369245,2016-02-14 06:00:00,5.0,0.0,3.3407698e-08,0.0,0.0
258.7915,0.9918322,0.0,0.23738492,0.99130046,2016-02-14 07:00:00,0.0,0.0,0.0,0.0,0.0
258.83057,0.9947349,0.0,0.6847864,0.976554,2016-02-14 08:00:00,5.0,8.972805e-07,7.9465417e-07,0.0,8.972805e-07
259.4026,0.997629,0.03584668,0.8531585,0.97835976,2016-02-14 09:00:00,5.0,1.0840401e-05,1.1059833e-05,0.0,1.0840401e-05
260.54883,0.9599555,0.3173051,0.9110996,0.46318412,2016-02-14 10:00:00,5.0,3.375426e-05,3.3804652e-05,0.0,3.375426e-05
260.78296,0.9875358,0.7247781,0.9674662,0.5943963,2016-02-14 11:00:00,5.0,5.2432966e-05,5.2096802e-05,0.0,5.2432966e-05
260.90308,1.0,0.92135495,0.99946827,0.8300419,2016-02-14 12:00:00,5.0,0.00012721444,0.00012704027,0.0,0.00012704267
261.16724,0.99116397,0.8469567,0.5871165,0.9608764,2016-02-14 13:00:00,5.0,0.00017829855,0.0001785038,0.0,0.00017829855
261.36768,0.998375,0.7561531,0.79823816,0.9506476,2016-02-14 14:00:00,5.0,0.00012225089,0.00012250588,0.0,0.00012263222
262.83008,1.0,0.71990925,0.9329758,0.96991104,2016-02-14 15:00:00,5.0,7.62939e-05,7.67157e-05,0.0,7.667525e-05
263.57178,0.9901048,0.7395137,0.95465666,0.71896726,2016-02-14 16:00:00,5.0,8.513665e-05,8.5153224e-05,0.0,8.513665e-05
264.45068,0.9806958,0.8981879,0.9333457,0.34811866,2016-02-14 17:00:00,5.0,0.00011479475,0.00011466343,0.0,0.00011469924
265.0681,0.9757863,0.9522143,0.90121824,0.27148283,2016-02-14 18:00:00,5.0,8.3615654e-05,8.3434265e-05,0.0,8.344388e-05
265.417,1.0,1.0,0.55602515,0.23245347,2016-02-14 19:00:00,5.0,6.172735e-05,6.162921e-05,0.0,6.166966e-05
265.5913,0.98316735,0.91581243,0.9101044,0.19735992,2016-02-14 20:00:00,5.0,4.1850144e-05,4.1594816e-05,0.0,4.175464e-05
265.97656,1.0,1.0,0.99104196,0.14966935,2016-02-14 21:00:00,5.0,3.9926817e-05,3.997449e-05,0.0,3.9926817e-05
265.96582,1.0,1.0,0.9878863,0.09773004,2016-02-14 22:00:00,5.0,6.466468e-05,6.4743595e-05,0.0,6.466468e-05
265.83472,0.99946827,0.9825938,0.99393606,0.019112818,2016-02-14 23:00:00,5.0,0.00011431593,0.0001141299,2.023729e-05,9.407863e-05
265.53174,0.998375,0.9875391,0.99675006,0.0,2016-02-15 00:00:00,5.0,0.00012985549,0.00012982184,0.0,0.00012985549
265.42017,0.9912679,0.9179396,0.9770782,0.0,2016-02-15 01:00:00,5.0,0.00013106997,0.00013118918,0.0,0.00013106997
265.34033,0.988793,0.95394206,0.8964252,0.0,2016-02-15 02:00:00,5.0,0.00012972137,0.00012974061,0.0,0.00012972137
265.30566,0.99342126,0.9144985,0.967023,0.0,2016-02-15 03:00:00,5.0,6.628281e-05,6.655471e-05,0.0,6.666414e-05
265.19336,0.9865845,0.90706825,0.9768325,0.0,2016-02-15 04:00:00,5.0,2.9592673e-05,2.9430521e-05,0.0,2.9592673e-05
265.2942,0.91830677,0.7562557,0.7893751,0.0,2016-02-15 05:00:00,5.0,2.5913861e-05,2.575171e-05,0.0,2.5913861e-05
265.1548,0.6597428,0.41343802,0.28718567,0.110280216,2016-02-15 06:00:00,5.0,2.3969362e-05,2.3945482e-05,0.0,2.3969362e-05
265.4751,0.8351802,0.6035528,0.20050478,0.5083983,2016-02-15 07:00:00,5.0,4.099901e-06,4.3431255e-06,0.0,4.309477e-06
265.24634,0.9852173,0.9230275,0.059846435,0.8355262,2016-02-15 08:00:00,5.0,1.2399067e-05,1.2103285e-05,0.0,1.2017726e-05
265.9214,0.9949934,0.98994017,0.007652942,0.89753944,2016-02-15 09:00:00,5.0,2.1209635e-05,2.1419532e-05,0.0,2.1209635e-05
265.46045,1.0,0.9845325,0.0071273334,0.90923464,2016-02-15 10:00:00,5.0,2.1379456e-05,2.1398533e-05,0.0,2.1379456e-05
265.6516,0.99946827,0.959363,0.04621701,0.93673205,2016-02-15 11:00:00,5.0,1.8383842e-05,1.838128e-05,0.0,1.8383842e-05
265.61475,1.0,0.96336967,0.28905797,0.9712789,2016-02-15 12:00:00,5.0,1.51023805e-05,1.5250271e-05,0.0,1.5197877e-05
265.92554,1.0,0.9261644,0.49459863,0.9705329,2016-02-15 13:00:00,5.0,9.629012e-06,9.548259e-06,0.0,9.343166e-06
266.1255,0.9905219,0.42569023,0.3669139,0.97000116,2016-02-15 14:00:00,5.0,3.508333e-06,3.4920722e-06,0.0,3.3942533e-06
267.7307,0.90343136,0.14030337,0.12969172,0.86806166,2016-02-15 15:00:00,5.0,1.5445912e-06,1.3656954e-06,0.0,1.372825e-06
268.49194,0.50833505,0.140791,0.09588653,0.41420382,2016-02-15 16:00:00,5.0,5.9091695e-07,5.8867414e-07,0.0,6.864127e-07
270.16992,0.36855888,0.22188574,0.16631192,0.07078898,2016-02-15 17:00:00,5.0,0.0,1.4772922e-07,0.0,0.0
271.09375,0.42293334,0.22139484,0.27219743,0.00053172023,2016-02-15 18:00:00,5.0,0.0,0.0,0.0,0.0
271.9729,0.5288379,0.09016609,0.47434145,0.0,2016-02-15 19:00:00,0.0,0.0,0.0,0.0,0.0
272.76538,0.6422551,0.026620492,0.6355231,0.0,2016-02-15 20:00:00,0.0,0.0,0.0,0.0,0.0
273.45776,0.22401845,0.01998901,0.21528643,0.0,2016-02-15 21:00:00,0.0,0.0,0.0,0.0,0.0
272.9939,0.3916837,0.30101436,0.14197248,0.023553226,2016-02-15 22:00:00,0.0,0.0,0.0,0.0,0.0
272.7495,0.9393305,0.8211826,0.48713297,0.47289836,2016-02-15 23:00:00,0.0,0.0,0.0,0.0,0.0
272.46826,0.9835086,0.7975494,0.16948283,0.91277236,2016-02-16 00:00:00,5.0,0.0,0.0,0.0,0.0
272.3755,1.0,0.9670376,0.13500142,0.95780706,2016-02-16 01:00:00,5.0,0.0,0.0,0.0,0.0
272.33765,1.0,1.0,0.6239701,0.9700684,2016-02-16 02:00:00,5.0,0.0,1.6215074e-07,0.0,0.0
272.35864,1.0,0.9947349,0.9813519,1.0,2016-02-16 03:00:00,5.0,3.813414e-07,5.720121e-07,0.0,3.813414e-07
272.33667,1.0,0.9857358,0.88907456,0.97012115,2016-02-16 04:00:00,5.0,3.7541147e-05,3.7684236e-05,3.557741e-05,2.1162823e-06
271.86353,1.0,0.9896755,0.7334353,0.9456544,2016-02-16 05:00:00,5.0,7.186508e-06,7.1389204e-06,0.0,7.186508e-06
271.3103,0.9952605,0.877559,0.459845,0.9542474,2016-02-16 06:00:00,5.0,4.7089605e-05,4.7104026e-05,3.1664196e-05,1.5635625e-05
271.36304,0.9884039,0.85603,0.5532272,0.9682473,2016-02-16 07:00:00,5.0,4.5281602e-05,4.5338646e-05,1.1082691e-05,3.4284792e-05
271.54956,0.99946827,0.89214146,0.7510871,0.9900898,2016-02-16 08:00:00,5.0,3.239987e-05,3.2356926e-05,2.0054104e-06,3.0489944e-05
271.1775,0.9910503,0.91952,0.33779025,0.86966324,2016-02-16 09:00:00,5.0,1.843828e-05,1.8428502e-05,0.0,1.8552368e-05
273.57104,0.88026106,0.7881825,0.44971,0.28393483,2016-02-16 10:00:00,5.0,6.2168156e-06,5.9734284e-06,0.0,5.949554e-06
273.5161,0.938671,0.90996724,0.21960437,0.083225906,2016-02-16 11:00:00,5.0,5.4554257e-06,5.4865113e-06,0.0,5.5131113e-06
273.47705,0.99262244,0.9915651,0.01801126,0.032761455,2016-02-16 12:00:00,5.0,2.8616641e-06,2.8663098e-06,0.0,2.8616641e-06
273.41943,0.95475227,0.95475227,0.006060526,0.0015890491,2016-02-16 13:00:00,5.0,5.537488e-07,5.9156076e-07,0.0,5.537488e-07
273.25806,0.96419406,0.96419406,0.097869635,0.0,2016-02-16 14:00:00,5.0,9.549569e-08,3.7685578e-07,0.0,9.549569e-08
273.3296,0.97099876,0.97099876,0.08185631,0.0,2016-02-16 15:00:00,5.0,1.067754e-06,9.724181e-07,0.0,1.067754e-06
273.18433,0.90165275,0.90165275,0.004741922,0.0,2016-02-16 16:00:00,5.0,2.1566675e-06,2.2758768e-06,3.8198294e-07,1.7746843e-06
272.72314,0.8606638,0.8606638,0.0,0.0,2016-02-16 17:00:00,5.0,9.735413e-07,1.1166239e-06,0.0,9.735413e-07
272.61597,0.8886331,0.8886331,0.0,0.0,2016-02-16 18:00:00,5.0,1.9099144e-07,2.624529e-07,0.0,1.9099144e-07
272.86255,0.79490924,0.79490924,0.0,0.0,2016-02-16 19:00:00,6.0,2.864872e-07,3.5073788e-07,0.0,2.864872e-07
272.94238,0.6066977,0.6066977,0.0,0.0,2016-02-16 20:00:00,6.0,4.7683716e-07,3.7421086e-07,0.0,4.7683716e-07
273.33228,0.22287548,0.22287548,0.0,0.0,2016-02-16 21:00:00,0.0,9.549569e-08,2.4322497e-07,0.0,9.549569e-08
272.66284,0.12469542,0.12469542,0.0,0.0,2016-02-16 22:00:00,0.0,0.0,3.5810903e-08,0.0,0.0
272.261,0.17772174,0.0,0.0,0.17772174,2016-02-16 23:00:00,0.0,0.0,0.0,0.0,0.0
271.28906,0.13593131,0.00053172023,0.0,0.13593131,2016-02-17 00:00:00,0.0,0.0,0.0,0.0,0.0
270.42017,0.16603494,0.0,0.0,0.16603494,2016-02-17 01:00:00,0.0,0.0,0.0,0.0,0.0
269.87695,0.17200208,0.0,0.0,0.17200208,2016-02-17 02:00:00,0.0,0.0,0.0,0.0,0.0
268.04883,0.1747424,0.0,0.018490005,0.1747424,2016-02-17 03:00:00,0.0,0.0,0.0,0.0,0.0
267.39478,0.25586414,0.0,0.050806776,0.2490269,2016-02-17 04:00:00,0.0,0.0,0.0,0.0,0.0
266.59326,0.34746766,0.0,0.033344526,0.33346474,2016-02-17 05:00:00,0.0,0.0,0.0,0.0,0.0
265.95386,0.30767506,0.0,0.031098947,0.30029404,2016-02-17 06:00:00,0.0,0.0,0.0,0.0,0.0
265.1372,0.15261388,0.0,0.0044917315,0.1491856,2016-02-17 07:00:00,0.0,0.0,0.0,0.0,0.0
265.36328,0.27177304,0.0,0.007900696,0.2712474,2016-02-17 08:00:00,0.0,0.0,0.0,0.0,0.0
264.09204,0.3685689,0.0,0.00053172023,0.36803716,2016-02-17 09:00:00,0.0,0.0,0.0,0.0,0.0
262.0293,0.31375557,0.0,0.0,0.31375557,2016-02-17 10:00:00,0.0,0.0,0.0,0.0,0.0
261.698,0.069704175,0.0,0.0,0.069704175,2016-02-17 11:00:00,0.0,0.0,0.0,0.0,0.0
261.38477,0.03657747,0.0,0.0047394857,0.031844098,2016-02-17 12:00:00,0.0,0.0,0.0,0.0,0.0
260.82666,0.0033782488,0.0,0.0,0.0033782488,2016-02-17 13:00:00,0.0,0.0,0.0,0.0,0.0
261.96216,0.0,0.0,0.0,0.0,2016-02-17 14:00:00,0.0,0.0,0.0,0.0,0.0
265.51587,0.0,0.0,0.0,0.0,2016-02-17 15:00:00,0.0,0.0,0.0,0.0,0.0
267.2776,0.0,0.0,0.0,0.0,2016-02-17 16:00:00,0.0,0.0,0.0,0.0,0.0
268.82056,0.0057968125,0.0,0.0057968125,0.0,2016-02-17 17:00:00,0.0,0.0,0.0,0.0,0.0
269.67944,0.004207764,0.0,0.004207764,0.0,2016-02-17 18:00:00,0.0,0.0,0.0,0.0,0.0
270.38135,0.052953254,0.0026356035,0.052953254,0.0,2016-02-17 19:00:00,0.0,0.0,0.0,0.0,0.0
270.95264,0.15488625,0.004260551,0.15488625,0.0,2016-02-17 20:00:00,5.0,0.0,4.5344667e-08,0.0,0.0
271.5642,0.39693516,0.0021566707,0.39693516,0.0,2016-02-17 21:00:00,5.0,7.2551467e-07,9.9726e-07,0.0,1.2023511e-06
271.36816,0.88081527,0.07521647,0.8787114,0.0,2016-02-17 22:00:00,5.0,4.674809e-06,4.469556e-06,2.291265e-07,4.102476e-06
271.51074,0.8351091,0.26399362,0.8268389,0.0,2016-02-17 23:00:00,5.0,4.6171235e-06,4.678889e-06,3.1500946e-07,4.463941e-06
271.0923,0.74063617,0.37969577,0.7322791,0.0,2016-02-18 00:00:00,5.0,1.6215026e-06,1.9025392e-06,1.0478777e-07,1.7355824e-06
271.09692,0.9447973,0.8045524,0.9128028,0.0,2016-02-18 01:00:00,5.0,5.9091695e-07,5.62397e-07,0.0,5.9091695e-07
271.01,0.95465213,0.93721133,0.84939647,0.0016249504,2016-02-18 02:00:00,5.0,0.0,2.8519953e-08,0.0,0.0
271.04272,0.9567296,0.94826126,0.51074743,0.105462134,2016-02-18 03:00:00,5.0,0.0,0.0,0.0,0.0
271.04077,0.83051497,0.70736516,0.16954035,0.47678506,2016-02-18 04:00:00,5.0,0.0,0.0,0.0,0.0
270.68018,0.9539616,0.24182248,0.0,0.8888651,2016-02-18 05:00:00,5.0,0.0,0.0,0.0,0.0
270.52026,0.9198074,0.0032499009,0.0,0.9198074,2016-02-18 06:00:00,5.0,0.0,0.0,0.0,0.0
270.17236,1.0,0.005003199,0.0,1.0,2016-02-18 07:00:00,0.0,0.0,0.0,0.0,0.0
269.8125,1.0,0.0,0.0,1.0,2016-02-18 08:00:00,0.0,0.0,0.0,0.0,0.0
269.60303,1.0,0.00998199,0.2622106,1.0,2016-02-18 09:00:00,0.0,0.0,0.0,0.0,0.0
270.76953,1.0,0.013889216,0.9682349,1.0,2016-02-18 10:00:00,5.0,0.0,0.0,0.0,0.0
270.77173,1.0,0.03769099,0.9721051,1.0,2016-02-18 11:00:00,5.0,1.4881971e-06,1.3165936e-06,0.0,1.3741173e-06
270.7666,0.997629,0.102124095,0.96496034,0.9947263,2016-02-18 12:00:00,8.0,5.568222e-06,4.6477135e-06,0.0,5.9309796e-06
271.00098,1.0,0.15842539,0.77095574,1.0,2016-02-18 13:00:00,3.0,2.9353587e-06,2.1869373e-06,0.0,3.2212047e-06
271.37866,1.0,0.15866911,0.5339029,1.0,2016-02-18 14:00:00,5.0,3.813414e-07,2.5964755e-07,0.0,3.813414e-07
272.7754,0.99600405,0.01998901,0.6907133,0.99600405,2016-02-18 15:00:00,0.0,0.0,1.42599745e-08,0.0,0.0
273.95386,0.99029076,0.011067092,0.24938631,0.99029076,2016-02-18 16:00:00,0.0,0.0,0.0,0.0,0.0
274.8672,1.0,0.0,0.9176256,1.0,2016-02-18 17:00:00,0.0,0.0,0.0,0.0,0.0
275.34155,1.0,0.01832816,0.9119541,1.0,2016-02-18 18:00:00,0.0,0.0,0.0,0.0,0.0
275.69873,0.9920993,0.015464157,0.94775134,0.98661715,2016-02-18 19:00:00,0.0,0.0,0.0,0.0,0.0
275.84375,1.0,0.07161492,0.9457646,1.0,2016-02-18 20:00:00,0.0,0.0,0.0,0.0,0.0
276.19214,1.0,0.12067348,0.99683875,1.0,2016-02-18 21:00:00,1.0,2.3835437e-06,0.0,0.0,2.3835437e-06
276.57104,0.99946827,0.09574556,0.99946827,0.99946827,2016-02-18 22:00:00,1.0,2.8398626e-06,0.0,0.0,2.8398626e-06
276.5874,1.0,0.07365799,0.9873357,1.0,2016-02-18 23:00:00,0.0,0.0,0.0,0.0,0.0
276.50342,0.98624724,0.18816316,0.8703082,0.945361,2016-02-19 00:00:00,1.0,0.0,0.0,0.0,0.0
276.64526,0.98999023,0.108154535,0.92101735,0.9834007,2016-02-19 01:00:00,1.0,0.0,0.0,0.0,0.0
276.56982,0.98626137,0.17877614,0.7225167,0.9857358,2016-02-19 02:00:00,1.0,0.0,0.0,0.0,0.0
276.78076,0.9868549,0.15318853,0.51748276,0.9748803,2016-02-19 03:00:00,0.0,0.0,0.0,0.0,0.0
276.63745,0.39041662,0.11322969,0.08245689,0.27628762,2016-02-19 04:00:00,0.0,0.0,0.0,0.0,0.0
276.36792,0.09215629,0.09215629,0.0,0.0,2016-02-19 05:00:00,1.0,0.0,0.0,0.0,0.0
275.98413,0.097878516,0.097878516,0.0,0.0,2016-02-19 06:00:00,0.0,0.0,0.0,0.0,0.0
275.7859,0.27741235,0.06947559,0.0,0.23024333,2016-02-19 07:00:00,0.0,0.0,0.0,0.0,0.0
275.72998,0.74191564,0.06338388,0.0,0.72005075,2016-02-19 08:00:00,1.0,0.0,0.0,0.0,0.0
275.7744,0.85693794,0.05046947,0.00053172023,0.85693794,2016-02-19 09:00:00,1.0,0.0,0.0,0.0,0.0
275.67236,0.8462586,0.026459243,0.04670443,0.8386396,2016-02-19 10:00:00,1.0,0.0,0.0,0.0,0.0
275.63257,0.8245844,0.042459644,0.7960165,0.24160928,2016-02-19 11:00:00,0.0,0.0,0.0,0.0,0.0
275.57104,0.67999524,0.04629486,0.49972206,0.2902587,2016-02-19 12:00:00,0.0,0.0,0.0,0.0,0.0
275.86353,0.93258005,0.19152153,0.9152084,0.45385617,2016-02-19 13:00:00,0.0,1.7189232e-06,0.0,1.6234271e-06,0.0
276.01294,1.0,0.8342122,0.98211,0.9375231,2016-02-19 14:00:00,1.0,0.00031731906,0.0,0.00031130668,6.05087e-06
276.4148,0.90281165,0.16077334,0.7822248,0.72812545,2016-02-19 15:00:00,1.0,0.0010979436,0.0,0.00091463793,0.00018327743
277.04785,0.92509544,0.08678067,0.9022755,0.5646692,2016-02-19 16:00:00,1.0,0.0008106681,0.0,0.00047157402,0.00034004776
276.8557,0.96345305,0.5687215,0.9427289,0.6794145,2016-02-19 17:00:00,1.0,0.00069997297,0.0,0.00021576279,0.0004845634
276.57422,1.0,1.0,0.92404073,0.77856344,2016-02-19 18:00:00,1.0,0.00033813808,0.0,4.613443e-05,0.00029194658
276.50122,1.0,1.0,0.9913792,0.8444003,2016-02-19 19:00:00,1.0,0.00059895543,0.0,0.00013760079,0.0004614601
276.35913,0.9838956,0.35633188,0.975761,0.5981539,2016-02-19 20:00:00,1.0,0.00023246149,0.0,0.0,0.00023236599
277.11255,0.8075965,0.022624582,0.80133265,0.07338804,2016-02-19 21:00:00,0.0,3.4690398e-05,0.0,0.0,3.4690398e-05
278.99268,0.2065956,0.016741857,0.19995308,0.0,2016-02-19 22:00:00,0.0,3.813414e-07,0.0,0.0,1.14079796e-07
279.4226,0.0066281483,0.0032499009,0.0033782488,0.0,2016-02-19 23:00:00,0.0,0.0,0.0,0.0,0.0
279.09033,0.0,0.0,0.0,0.0,2016-02-20 00:00:00,0.0,0.0,0.0,0.0,0.0
278.8069,0.0,0.0,0.0,0.0,2016-02-20 01:00:00,0.0,0.0,0.0,0.0,0.0
278.95728,0.0,0.0,0.0,0.0,2016-02-20 02:00:00,0.0,0.0,0.0,0.0,0.0
278.33862,0.0,0.0,0.0,0.0,2016-02-20 03:00:00,0.0,0.0,0.0,0.0,0.0
278.13428,0.013248995,0.0,0.013248995,0.0,2016-02-20 04:00:00,0.0,0.0,0.0,0.0,0.0
278.25293,0.16638732,0.0,0.16638732,0.0,2016-02-20 05:00:00,0.0,0.0,0.0,0.0,0.0
278.63745,0.10597026,0.0,0.10597026,0.0,2016-02-20 06:00:00,0.0,0.0,0.0,0.0,0.0
278.9065,0.009895153,0.0,0.009895153,0.0,2016-02-20 07:00:00,0.0,0.0,0.0,0.0,0.0
278.15576,0.0067320913,0.0067320913,0.0,0.0,2016-02-20 08:00:00,0.0,0.0,0.0,0.0,0.0
276.9402,0.0,0.0,0.0,0.0,2016-02-20 09:00:00,0.0,0.0,0.0,0.0,0.0
275.17578,0.0,0.0,0.0,0.0,2016-02-20 10:00:00,0.0,0.0,0.0,0.0,0.0
274.96387,0.005006563,0.004474845,0.0,0.00053172023,2016-02-20 11:00:00,0.0,0.0,0.0,0.0,0.0
274.80884,0.0,0.0,0.0,0.0,2016-02-20 12:00:00,0.0,0.0,0.0,0.0,0.0
274.60278,0.055502493,0.055502493,0.0,0.0,2016-02-20 13:00:00,0.0,0.0,0.0,0.0,0.0
275.00732,0.57891536,0.57891536,0.0,0.0,2016-02-20 14:00:00,1.0,0.0,0.0,0.0,0.0
276.01172,0.84449303,0.8313101,0.21788538,0.0,2016-02-20 15:00:00,1.0,0.0,0.0,0.0,0.0
276.59448,0.8457642,0.8452386,0.021948494,0.0,2016-02-20 16:00:00,0.0,0.0,0.0,0.0,1.14079796e-07
276.93042,0.9434692,0.9434692,0.08451772,0.0,2016-02-20 17:00:00,0.0,0.0,0.0,0.0,1.14079796e-07
277.15308,1.0,1.0,0.17022282,0.0,2016-02-20 18:00:00,0.0,0.0,0.0,0.0,0.0
277.23828,0.9966217,0.9966217,0.23812759,0.0,2016-02-20 19:00:00,0.0,4.954212e-07,0.0,0.0,4.954212e-07
277.2312,0.988393,0.988393,0.0,0.0,2016-02-20 20:00:00,0.0,0.0,0.0,0.0,0.0
277.1931,0.99841094,0.99841094,0.0,0.0,2016-02-20 21:00:00,0.0,0.0,0.0,0.0,0.0
276.91602,0.9335716,0.9151344,0.0,0.1308502,2016-02-20 22:00:00,0.0,0.0,0.0,0.0,0.0
276.8457,0.9626231,0.6801654,0.0,0.87893504,2016-02-20 23:00:00,0.0,0.0,0.0,0.0,0.0
276.21094,0.989993,0.5144957,0.0,0.98603296,2016-02-21 00:00:00,0.0,0.0,0.0,0.0,0.0
275.7036,0.99946827,0.4320324,0.0,0.9944678,2016-02-21 01:00:00,0.0,0.0,0.0,0.0,0.0
275.13916,0.9968219,0.45942253,0.0,0.9941755,2016-02-21 02:00:00,0.0,0.0,0.0,0.0,0.0
273.88867,0.99841094,0.29546124,0.0010573287,0.9957286,2016-02-21 03:00:00,0.0,0.0,0.0,0.0,0.0
273.87354,0.9496879,0.3016013,0.005298864,0.94679135,2016-02-21 04:00:00,0.0,0.0,5.239389e-08,0.0,0.0
273.5088,0.64592654,0.42910337,0.012883782,0.45624572,2016-02-21 05:00:00,0.0,0.0,5.239389e-08,0.0,0.0
272.636,0.39083892,0.39083892,0.0100932345,0.0,2016-02-21 06:00:00,0.0,0.0,0.0,0.0,0.0
272.32153,0.39870548,0.3787108,0.0032499009,0.035789028,2016-02-21 07:00:00,5.0,0.0,2.8519953e-08,0.0,0.0
272.13867,0.59245014,0.42331678,0.0015890491,0.2603624,2016-02-21 08:00:00,5.0,0.0,0.0,0.0,0.0
272.32104,0.6290381,0.3938204,0.005298864,0.33220404,2016-02-21 09:00:00,5.0,0.0,0.0,0.0,0.0
271.11328,0.67742884,0.31862253,0.002103883,0.50171226,2016-02-21 10:00:00,5.0,0.0,0.0,0.0,0.0
271.0608,0.6772073,0.28822762,0.00053172023,0.5248186,2016-02-21 11:00:00,5.0,0.0,6.6815346e-08,0.0,0.0
271.00537,0.27108324,0.20804542,0.028712045,0.05297645,2016-02-21 12:00:00,5.0,0.0,1.1920929e-07,0.0,0.0
270.70654,0.44146395,0.21844888,0.32843816,0.0068879165,2016-02-21 13:00:00,5.0,0.0,2.8136003e-07,1.3363075e-07,1.14079796e-07
271.1682,0.6348011,0.18880236,0.60094684,0.0026463778,2016-02-21 14:00:00,5.0,3.813414e-07,3.9543983e-07,3.0475053e-07,0.0
272.47705,0.60531074,0.23731172,0.5448591,0.0,2016-02-21 15:00:00,5.0,1.1254397e-06,1.2685232e-06,1.5253562e-07,9.158646e-07
273.01416,0.8425311,0.2521351,0.8226423,0.0,2016-02-21 16:00:00,6.0,1.1349255e-05,1.0667003e-05,5.6182334e-06,5.492603e-06
273.72583,0.96482974,0.57118684,0.9430277,0.0,2016-02-21 17:00:00,6.0,1.4037871e-05,1.2982923e-05,1.3840554e-06,1.3082905e-05
274.40674,0.984511,0.38032,0.9818583,0.0,2016-02-21 18:00:00,6.0,1.1176197e-05,1.0803988e-05,0.0,1.0717944e-05
274.8623,0.99001795,0.40893912,0.99001795,0.0,2016-02-21 19:00:00,6.0,2.6726156e-07,5.486216e-07,0.0,6.4860296e-07
274.76196,0.9894529,0.61789286,0.9807175,0.0,2016-02-21 20:00:00,6.0,0.0,3.2446184e-07,0.0,4.5825306e-07
274.81567,0.84100825,0.40688258,0.80431336,0.0,2016-02-21 21:00:00,0.0,2.6726156e-07,2.4819406e-07,0.0,2.6726156e-07
274.1704,0.59913075,0.13209587,0.5814102,0.0,2016-02-21 22:00:00,6.0,3.813414e-07,0.0,3.813414e-07,0.0
273.71118,0.33080345,0.26168424,0.16270226,0.0,2016-02-21 23:00:00,6.0,0.0,1.6215074e-07,0.0,0.0
273.49756,0.3926438,0.34096676,0.14819902,0.0,2016-02-22 00:00:00,5.0,9.549569e-08,4.2924967e-07,0.0,9.549569e-08
273.5056,0.5951839,0.5489402,0.19706213,0.0,2016-02-22 01:00:00,5.0,1.9099144e-07,2.3857893e-07,0.0,1.9099144e-07
273.19434,0.7067874,0.68964225,0.12204093,0.0,2016-02-22 02:00:00,5.0,1.9099144e-07,2.6717908e-07,4.7747868e-08,1.9099144e-07
272.6062,0.77681357,0.776288,0.02356032,0.0,2016-02-22 03:00:00,5.0,9.549569e-08,2.1943123e-07,0.0,9.549569e-08
272.49194,0.8291197,0.8291197,0.0031780982,0.0,2016-02-22 04:00:00,5.0,9.549569e-08,6.2007814e-08,0.0,9.549569e-08
272.24854,0.8760275,0.8760275,0.0,0.0,2016-02-22 05:00:00,5.0,0.0,2.6196943e-08,0.0,0.0
271.54175,0.9195744,0.9195744,0.0,0.0,2016-02-22 06:00:00,5.0,0.0,3.8133912e-08,0.0,9.549569e-08
271.22412,0.86298066,0.8475864,0.0,0.068048835,2016-02-22 07:00:00,5.0,9.549569e-08,1.265002e-07,0.0,9.549569e-08
270.89136,0.84542036,0.81653893,0.0,0.21745843,2016-02-22 08:00:00,5.0,0.0,1.933156e-07,0.0,9.549569e-08
271.04468,0.86970526,0.77227694,0.0,0.42821538,2016-02-22 09:00:00,5.0,7.2551467e-07,6.3914825e-07,0.0,5.7233285e-07
271.75903,0.91425365,0.8312931,0.0,0.46769673,2016-02-22 10:00:00,5.0,1.1446655e-06,8.989562e-07,0.0,6.678286e-07
271.51904,0.9631199,0.76613754,0.01000702,0.84913737,2016-02-22 11:00:00,5.0,5.7233285e-07,5.6984834e-07,0.0,5.7233285e-07
271.40332,0.8210987,0.6895348,0.08253348,0.4491529,2016-02-22 12:00:00,5.0,1.9099144e-07,4.222004e-07,0.0,5.7233285e-07
270.98975,0.79467636,0.70006603,0.30248725,0.17623758,2016-02-22 13:00:00,5.0,0.0,3.077987e-07,0.0,3.627573e-07
271.47974,0.6873449,0.5755459,0.18581372,0.011548463,2016-02-22 14:00:00,5.0,0.0,1.6223089e-07,0.0,3.627573e-07
272.18555,0.84603107,0.72643405,0.44981503,0.0,2016-02-22 15:00:00,5.0,0.0,1.7881393e-07,0.0,0.0
272.5808,0.995108,0.9410228,0.8679403,0.050183736,2016-02-22 16:00:00,5.0,2.2815959e-07,3.860676e-07,0.0,3.813414e-07
272.87866,1.0,0.99348307,0.9373668,0.08786112,2016-02-22 17:00:00,5.0,0.0,1.00223076e-07,0.0,2.6726156e-07
273.2749,0.9966217,0.8740053,0.9555601,0.029820353,2016-02-22 18:00:00,6.0,0.0,0.0,0.0,0.0
273.65625,0.99164295,0.6994761,0.9689847,0.0033782488,2016-02-22 19:00:00,0.0,0.0,0.0,0.0,0.0
273.9143,1.0,0.80970687,0.9834537,0.0,2016-02-22 20:00:00,0.0,0.0,9.06893e-08,0.0,9.549569e-08
274.2234,0.9966217,0.7922261,0.97604704,0.0,2016-02-22 21:00:00,6.0,7.2551467e-07,8.0186265e-07,0.0,8.2101036e-07
274.14697,0.80871063,0.16693562,0.76681715,0.0,2016-02-22 22:00:00,6.0,2.844372e-06,2.896928e-06,0.0,2.844372e-06
274.0088,0.7951586,0.4897347,0.6733107,0.0,2016-02-22 23:00:00,6.0,4.657508e-06,4.5812403e-06,0.0,4.5620127e-06
273.5974,0.56973755,0.51463014,0.16022003,0.0,2016-02-23 00:00:00,0.0,2.099623e-06,1.951652e-06,0.0,2.004127e-06
273.136,0.44280082,0.4422691,0.0033782488,0.0015890491,2016-02-23 01:00:00,5.0,1.9099144e-07,2.695823e-07,0.0,1.9099144e-07
273.2168,0.59167695,0.5911453,0.0,0.0089749135,2016-02-23 02:00:00,5.0,0.0,2.3873934e-08,0.0,0.0
273.4829,0.75694644,0.6471345,0.0,0.32904774,2016-02-23 03:00:00,5.0,0.0,3.8133912e-08,0.0,0.0
273.59546,0.86466545,0.69319004,0.0,0.44961476,2016-02-23 04:00:00,5.0,0.0,0.0,0.0,0.0
273.53345,0.9302694,0.6294917,0.0,0.72156614,2016-02-23 05:00:00,0.0,0.0,1.1936965e-08,0.0,0.0
273.4629,0.88793737,0.678131,0.0,0.49673653,2016-02-23 06:00:00,0.0,0.0,2.3873934e-08,0.0,0.0
273.40698,0.7303873,0.64556867,0.0015890491,0.20272434,2016-02-23 07:00:00,5.0,0.0,9.5415544e-08,0.0,0.0
273.32227,0.65876687,0.51211226,0.034990225,0.27897787,2016-02-23 08:00:00,5.0,4.0056705e-07,3.5538386e-07,0.0,1.9099144e-07
273.25195,0.67488277,0.58259517,0.06845838,0.27691573,2016-02-23 09:00:00,5.0,3.8198294e-07,6.8208743e-07,0.0,4.9606274e-07
273.7373,0.6300306,0.5400899,0.07623005,0.26935947,2016-02-23 10:00:00,5.0,3.8198294e-07,7.108491e-07,0.0,3.8198294e-07
273.76294,0.73607665,0.5927099,0.056239914,0.3585732,2016-02-23 11:00:00,5.0,5.7297444e-07,9.352483e-07,4.7747868e-08,5.7297444e-07
273.844,0.76300853,0.74011326,0.026363637,0.17193049,2016-02-23 12:00:00,5.0,1.3741083e-06,1.5389851e-06,3.3423504e-07,9.92125e-07
273.83154,0.83400506,0.81840223,0.23464203,0.013469081,2016-02-23 13:00:00,5.0,2.099623e-06,2.5432137e-06,2.864872e-07,1.908631e-06
273.89893,0.93477404,0.91431653,0.47554928,0.0,2016-02-23 14:00:00,5.0,3.0532974e-06,3.234757e-06,9.549569e-08,3.0532974e-06
274.5713,0.9733387,0.94823587,0.696907,0.0,2016-02-23 15:00:00,6.0,3.7788113e-06,3.7927512e-06,2.9577922e-07,3.5878202e-06
275.11108,0.9727179,0.92618567,0.8693257,0.0,2016-02-23 16:00:00,1.0,4.980522e-06,7.51227e-07,1.432436e-07,4.885026e-06
275.76,0.9583865,0.884051,0.7996775,0.0,2016-02-23 17:00:00,1.0,2.8430795e-06,0.0,9.549569e-08,2.7475844e-06
276.2129,0.9372264,0.8849295,0.66481876,0.0,2016-02-23 18:00:00,0.0,9.549569e-08,0.0,0.0,9.549569e-08
276.396,0.87770015,0.7718993,0.46883833,0.0,2016-02-23 19:00:00,1.0,0.00024934462,0.0,0.00020146002,4.769393e-05
276.78076,0.83233243,0.7100597,0.5179037,0.0,2016-02-23 20:00:00,1.0,0.00038496614,0.0,0.0003318407,5.3048832e-05
277.1355,0.7366505,0.6898523,0.5056055,0.0,2016-02-23 21:00:00,1.0,0.0002999655,0.0,0.0002405026,5.9338636e-05
276.53564,0.85645276,0.8467101,0.30438268,0.0,2016-02-23 22:00:00,1.0,0.00018439606,0.0,0.000109460365,7.51927e-05
275.81567,0.70818233,0.6861322,0.3036654,0.0,2016-02-23 23:00:00,1.0,0.00017397829,0.0,9.928939e-05,7.4536365e-05
275.71045,0.6184809,0.5490008,0.292763,0.0,2016-02-24 00:00:00,1.0,3.7864826e-05,0.0,8.5946164e-07,3.690987e-05
275.8025,0.47887403,0.4086361,0.30795753,0.0,2016-02-24 01:00:00,1.0,1.6641803e-05,0.0,0.0,1.6641803e-05
275.5,0.7675392,0.7499883,0.32070154,0.0,2016-02-24 02:00:00,6.0,8.50228e-06,0.0,0.0,8.235019e-06
275.06128,0.5232654,0.5198799,0.073485434,0.0,2016-02-24 03:00:00,6.0,5.2631412e-06,6.68154e-07,0.0,4.99588e-06
274.9685,0.39907372,0.39907372,0.0,0.0,2016-02-24 04:00:00,6.0,1.7548082e-06,1.206512e-06,0.0,1.6593121e-06
274.88477,0.23797435,0.23797435,0.0,0.0,2016-02-24 05:00:00,6.0,9.165061e-07,7.202225e-07,0.0,6.678286e-07
274.69897,0.20558351,0.20558351,0.0,0.0,2016-02-24 06:00:00,5.0,1.1632492e-06,1.2347109e-06,0.0,1.1632492e-06
274.69043,0.1142512,0.1142512,0.0,0.0,2016-02-24 07:00:00,5.0,0.0,6.6815346e-08,0.0,0.0
274.49756,0.17686349,0.17686349,0.0,0.0,2016-02-24 08:00:00,5.0,0.0,0.0,0.0,0.0
274.20825,0.3182317,0.3182317,0.0,0.0,2016-02-24 09:00:00,5.0,0.0,0.0,0.0,0.0
273.07275,0.6725043,0.6725043,0.0,0.0,2016-02-24 10:00:00,5.0,9.549569e-08,3.8150176e-07,0.0,4.7683716e-07
273.26294,0.84033495,0.84033495,0.0,0.0,2016-02-24 11:00:00,5.0,2.2886898e-06,2.1026653e-06,0.0,2.0214284e-06
273.39185,0.9673331,0.9673331,0.0,0.0,2016-02-24 12:00:00,5.0,6.6936627e-06,6.893785e-06,0.0,7.075004e-06
273.39917,1.0,1.0,0.0,0.0,2016-02-24 13:00:00,5.0,1.7583341e-05,1.7507075e-05,0.0,1.7583341e-05
273.3628,0.99946827,0.99946827,0.0,0.0,2016-02-24 14:00:00,5.0,2.8684546e-05,2.8460228e-05,0.0,2.8684546e-05
273.9524,1.0,1.0,0.0,0.0,2016-02-24 15:00:00,5.0,2.9720308e-05,2.9577219e-05,0.0,2.9720308e-05
274.4646,0.99946827,0.99946827,0.0,0.0,2016-02-24 16:00:00,5.0,1.1944031e-05,1.1886507e-05,0.0,1.1944031e-05
275.15112,0.9947011,0.9947011,0.0,0.0,2016-02-24 17:00:00,6.0,6.924397e-06,6.976791e-06,0.0,6.924397e-06
275.3711,0.9812241,0.9812241,0.0,0.0,2016-02-24 18:00:00,6.0,8.239545e-06,8.110561e-06,0.0,8.239545e-06
275.45557,0.973488,0.973488,0.0,0.0,2016-02-24 19:00:00,6.0,4.6652334e-05,1.6668942e-05,3.0164607e-05,1.6535472e-05
275.2119,0.9939002,0.9939002,0.0,0.0,2016-02-24 20:00:00,6.0,4.842831e-05,2.5218993e-05,2.3247601e-05,2.5123649e-05
275.37476,0.9973536,0.9973536,0.0,0.0,2016-02-24 21:00:00,6.0,2.5332527e-05,1.7771119e-05,7.714273e-06,1.766601e-05
275.10107,0.99284285,0.99284285,0.0,0.0,2016-02-24 22:00:00,6.0,6.353971e-06,5.957246e-06,5.013526e-07,5.8950764e-06
274.99927,0.95001215,0.95001215,0.015734568,0.0,2016-02-24 23:00:00,6.0,3.3955366e-06,2.7371607e-06,3.8166218e-07,2.6136277e-06
274.79712,0.91097355,0.91097355,0.2742164,0.0,2016-02-25 00:00:00,6.0,1.2282394e-05,9.78942e-06,1.8778592e-06,9.727734e-06
274.53955,0.7947567,0.7789977,0.5695401,0.0,2016-02-25 01:00:00,6.0,2.8297392e-05,2.1747954e-05,6.2914687e-06,2.1776796e-05
274.25464,0.68358797,0.6381199,0.642274,0.0,2016-02-25 02:00:00,5.0,2.4598048e-05,2.1842148e-05,3.347459e-06,2.1393513e-05
273.469,0.646699,0.6345927,0.46162915,0.0,2016-02-25 03:00:00,5.0,1.5139531e-05,1.4981865e-05,4.3902287e-07,1.4566556e-05
273.3069,0.5907643,0.55305475,0.28264558,0.0,2016-02-25 04:00:00,5.0,8.618935e-06,8.838126e-06,1.432436e-07,8.52344e-06
272.60962,0.57563347,0.5383284,0.13009298,0.0,2016-02-25 05:00:00,5.0,8.505497e-06,8.400709e-06,7.4409417e-07,7.6088672e-06
272.15576,0.68762845,0.6758099,0.075428426,0.0,2016-02-25 06:00:00,5.0,7.095503e-06,7.1810628e-06,2.864872e-07,6.9230955e-06
271.9995,0.8701646,0.8701646,0.008384813,0.0,2016-02-25 07:00:00,5.0,7.953691e-06,7.977565e-06,0.0,7.953691e-06
271.5122,0.9571478,0.9571478,0.0021566707,0.0,2016-02-25 08:00:00,5.0,8.240178e-06,8.268698e-06,0.0,8.354258e-06
270.5747,0.7849084,0.7849084,0.00053172023,0.0,2016-02-25 09:00:00,5.0,5.991232e-06,6.0386565e-06,6.6847014e-07,5.532337e-06
270.57983,0.53187895,0.5016623,0.0,0.05349994,2016-02-25 10:00:00,5.0,3.4737313e-06,3.2445278e-06,9.549567e-07,2.69054e-06
270.09814,0.6764325,0.48463112,0.0,0.29945457,2016-02-25 11:00:00,5.0,1.5266487e-06,1.7028169e-06,0.0,1.5452324e-06
269.98462,0.951138,0.8487583,0.0,0.53625757,2016-02-25 12:00:00,5.0,4.0056705e-07,4.387021e-07,0.0,5.7233285e-07
269.82056,0.997629,0.91169345,0.0,0.7932113,2016-02-25 13:00:00,5.0,4.7683716e-07,3.6227385e-07,0.0,3.813414e-07
269.87036,0.99946827,0.9952328,0.0,0.87449664,2016-02-25 14:00:00,5.0,6.864127e-07,8.103493e-07,0.0,8.5817857e-07
270.55127,1.0,1.0,0.0,0.8137166,2016-02-25 15:00:00,5.0,1.7541661e-06,1.6586691e-06,0.0,1.4869047e-06
271.2881,1.0,1.0,0.0,0.18885493,2016-02-25 16:00:00,5.0,5.9091695e-07,3.4320635e-07,0.0,5.9091695e-07
271.854,1.0,1.0,0.0,0.0010573287,2016-02-25 17:00:00,5.0,0.0,1.1936965e-08,0.0,0.0
272.84985,1.0,1.0,0.0,0.0,2016-02-25 18:00:00,0.0,0.0,0.0,0.0,0.0
273.41162,0.9783454,0.9783454,0.0,0.0,2016-02-25 19:00:00,5.0,0.0,0.0,0.0,0.0
273.81372,0.7274697,0.7274697,0.0,0.0,2016-02-25 20:00:00,0.0,0.0,0.0,0.0,0.0
274.1714,0.9733445,0.9733445,0.0,0.0,2016-02-25 21:00:00,6.0,0.0,0.0,0.0,0.0
272.8274,0.998375,0.998375,0.0,0.0,2016-02-25 22:00:00,5.0,0.0,0.0,0.0,0.0
272.23438,0.95237845,0.95237845,0.0,0.0,2016-02-25 23:00:00,5.0,0.0,0.0,0.0,0.0
272.1565,0.9359477,0.9359477,0.0,0.014668692,2016-02-26 00:00:00,5.0,8.767626e-07,7.95929e-07,0.0,7.626828e-07
272.08813,0.9719158,0.9584418,0.0,0.1943289,2016-02-26 01:00:00,5.0,2.4213532e-06,2.259606e-06,0.0,2.3072735e-06
272.2434,0.99946827,0.95978653,0.0,0.87613016,2016-02-26 02:00:00,5.0,0.0,3.4088333e-07,0.0,2.0957555e-07
271.7505,1.0,0.9360818,0.0,0.9973536,2016-02-26 03:00:00,5.0,9.549569e-08,4.172325e-07,0.0,9.549569e-08
271.7566,1.0,0.8840765,0.0,0.98999023,2016-02-26 04:00:00,5.0,3.050713e-07,2.5748494e-07,0.0,9.549569e-08
271.27466,1.0,0.8763699,0.0,0.99946827,2016-02-26 05:00:00,5.0,9.549569e-08,1.3595263e-07,0.0,9.549569e-08
271.21094,1.0,0.813574,0.0048919544,1.0,2016-02-26 06:00:00,5.0,9.549569e-08,7.394476e-08,0.0,0.0
270.82227,0.99164295,0.67577547,0.121647656,0.99001795,2016-02-26 07:00:00,5.0,1.067754e-06,1.1321663e-06,0.0,1.067754e-06
270.58643,0.9875391,0.5445978,0.55536246,0.9815497,2016-02-26 08:00:00,5.0,9.549569e-08,3.7917874e-07,0.0,9.549569e-08
269.60474,0.97497094,0.4864133,0.87058944,0.93047655,2016-02-26 09:00:00,5.0,9.549569e-08,1.7889408e-07,0.0,9.549569e-08
269.69653,0.92839885,0.5695574,0.8159733,0.6776617,2016-02-26 10:00:00,5.0,0.0,3.5810903e-08,0.0,0.0
269.6045,0.89608973,0.6444044,0.5257783,0.6693808,2016-02-26 11:00:00,0.0,0.0,2.3873934e-08,0.0,0.0
269.56104,0.98272383,0.6993858,0.83411527,0.8774148,2016-02-26 12:00:00,0.0,0.0,0.0,0.0,0.0
269.3894,0.91301036,0.5096074,0.6336555,0.7964767,2016-02-26 13:00:00,0.0,0.0,0.0,0.0,0.0
269.71558,0.30160326,0.1909957,0.03186111,0.15851879,2016-02-26 14:00:00,0.0,0.0,0.0,0.0,0.0
271.6333,0.14892,0.14733094,0.0029026829,0.0010573287,2016-02-26 15:00:00,0.0,0.0,0.0,0.0,0.0
272.6062,0.0,0.0,0.0,0.0,2016-02-26 16:00:00,0.0,0.0,0.0,0.0,0.0
273.99,0.0,0.0,0.0,0.0,2016-02-26 17:00:00,0.0,0.0,0.0,0.0,0.0
274.92896,0.014982868,0.0,0.014982868,0.0,2016-02-26 18:00:00,0.0,0.0,0.0,0.0,0.0
275.5459,0.0029026829,0.0,0.0029026829,0.0,2016-02-26 19:00:00,0.0,0.0,0.0,0.0,0.0
276.40747,0.0,0.0,0.0,0.0,2016-02-26 20:00:00,0.0,0.0,0.0,0.0,0.0
278.05762,0.0,0.0,0.0,0.0,2016-02-26 21:00:00,0.0,0.0,0.0,0.0,0.0
277.77686,0.0037288337,0.0,0.0,0.0037288337,2016-02-26 22:00:00,0.0,0.0,0.0,0.0,0.0
277.54956,0.63296133,0.0,0.0,0.63296133,2016-02-26 23:00:00,0.0,0.0,0.0,0.0,0.0
276.71826,0.99627113,0.0,0.0,0.99627113,2016-02-27 00:00:00,0.0,0.0,0.0,0.0,0.0
276.28418,0.9765129,0.0,0.0,0.9765129,2016-02-27 01:00:00,0.0,0.0,0.0,0.0,0.0
276.20483,0.5947558,0.0,0.0,0.5947558,2016-02-27 02:00:00,0.0,0.0,0.0,0.0,0.0
275.5559,0.005298864,0.0,0.0,0.005298864,2016-02-27 03:00:00,0.0,0.0,0.0,0.0,0.0
275.49194,0.08236885,0.0,0.0,0.08236885,2016-02-27 04:00:00,0.0,0.0,0.0,0.0,0.0
275.27002,0.54919714,0.0,0.0,0.54919714,2016-02-27 05:00:00,0.0,0.0,0.0,0.0,0.0
274.708,0.74931306,0.0,0.0,0.74931306,2016-02-27 06:00:00,0.0,0.0,0.0,0.0,0.0
274.60156,0.65444976,0.0,0.0,0.65444976,2016-02-27 07:00:00,0.0,0.0,0.0,0.0,0.0
274.3584,0.9492586,0.0,0.0,0.9492586,2016-02-27 08:00:00,0.0,0.0,0.0,0.0,0.0
273.90552,0.8607647,0.0,0.0,0.8607647,2016-02-27 09:00:00,0.0,0.0,0.0,0.0,0.0
274.15234,0.9802512,0.0,0.0,0.9802512,2016-02-27 10:00:00,0.0,0.0,0.0,0.0,0.0
274.1753,0.07898104,0.0,0.0,0.07898104,2016-02-27 11:00:00,0.0,0.0,0.0,0.0,0.0
274.18164,0.92020184,0.0,0.0,0.92020184,2016-02-27 12:00:00,0.0,0.0,0.0,0.0,0.0
274.33984,0.98589367,0.0,0.0,0.98589367,2016-02-27 13:00:00,0.0,0.0,0.0,0.0,0.0
274.9983,0.97232276,0.0,0.0,0.97232276,2016-02-27 14:00:00,0.0,0.0,0.0,0.0,0.0
278.75586,0.9750044,0.0,0.0,0.9750044,2016-02-27 15:00:00,0.0,0.0,0.0,0.0,0.0
280.8872,0.9253102,0.0,0.0,0.9253102,2016-02-27 16:00:00,0.0,0.0,0.0,0.0,0.0
282.56348,0.5465833,0.0,0.0,0.5465833,2016-02-27 17:00:00,0.0,0.0,0.0,0.0,0.0
283.8496,0.43502843,0.0,0.0,0.43502843,2016-02-27 18:00:00,0.0,0.0,0.0,0.0,0.0
285.10107,0.6607278,0.0,0.0,0.6607278,2016-02-27 19:00:00,0.0,0.0,0.0,0.0,0.0
287.15356,0.6201487,0.0,0.0,0.6201487,2016-02-27 20:00:00,0.0,0.0,0.0,0.0,0.0
288.46094,0.8852597,0.0,0.0,0.8852597,2016-02-27 21:00:00,0.0,0.0,0.0,0.0,0.0
286.94116,0.9251007,0.0,0.0,0.9251007,2016-02-27 22:00:00,0.0,0.0,0.0,0.0,0.0
286.12256,0.9006441,0.0,0.008357041,0.9006441,2016-02-27 23:00:00,0.0,0.0,0.0,0.0,0.0
284.4048,0.823508,0.0,0.06105197,0.823508,2016-02-28 00:00:00,0.0,0.0,0.0,0.0,0.0
283.083,0.85102636,0.0,0.3341242,0.83392996,2016-02-28 01:00:00,0.0,0.0,0.0,0.0,0.0
282.46973,0.6916792,0.0,0.41832143,0.55827945,2016-02-28 02:00:00,0.0,0.0,0.0,0.0,0.0
280.3706,0.9356273,0.0,0.17926693,0.932249,2016-02-28 03:00:00,0.0,0.0,0.0,0.0,0.0
279.90063,0.9750044,0.0,0.20821548,0.9750044,2016-02-28 04:00:00,0.0,0.0,0.0,0.0,0.0
279.20557,0.9755361,0.0,0.5065293,0.9755361,2016-02-28 05:00:00,0.0,0.0,0.0,0.0,0.0
278.00684,1.0,0.0,0.87221926,1.0,2016-02-28 06:00:00,0.0,0.0,0.0,0.0,0.0
277.8977,0.9944678,0.0,0.96342456,0.9944678,2016-02-28 07:00:00,0.0,0.0,0.0,0.0,0.0
277.2124,0.9952605,0.0,0.92602366,0.9952605,2016-02-28 08:00:00,0.0,0.0,0.0,0.0,0.0
276.3003,1.0,0.0,0.9459517,1.0,2016-02-28 09:00:00,0.0,0.0,0.0,0.0,0.0
275.19482,0.9947263,0.0,0.98023486,0.9947263,2016-02-28 10:00:00,0.0,0.0,0.0,0.0,0.0
274.90552,0.9662595,0.0,0.6875327,0.96136755,2016-02-28 11:00:00,0.0,0.0,0.0,0.0,0.0
275.0476,0.7126579,0.12152839,0.29666162,0.6624525,2016-02-28 12:00:00,0.0,9.549569e-08,0.0,0.0,9.549569e-08
274.80762,0.84626544,0.29492843,0.25707078,0.75996864,2016-02-28 13:00:00,1.0,5.9091695e-07,0.0,0.0,5.9091695e-07
274.35156,0.7964776,0.38310587,0.41424203,0.642551,2016-02-28 14:00:00,1.0,0.0,0.0,0.0,0.0
273.76538,0.94133043,0.66742784,0.84871125,0.6955225,2016-02-28 15:00:00,6.0,3.12887e-05,4.4505796e-06,0.0,3.12887e-05
273.3684,1.0,0.9710944,0.978188,0.8509962,2016-02-28 16:00:00,6.0,0.00019725319,0.0001379837,1.0397199e-05,0.00018672236
272.94287,1.0,0.9821116,0.9734295,0.94385225,2016-02-28 17:00:00,6.0,0.00026188907,0.00024126358,1.1380005e-05,0.00025074743
272.98145,0.997629,0.9902407,0.8810044,0.96700126,2016-02-28 18:00:00,6.0,7.488379e-05,7.204263e-05,0.0,7.488379e-05
273.89917,1.0,1.0,0.5527646,0.67183,2016-02-28 19:00:00,6.0,3.916405e-05,3.9321545e-05,0.0,3.943131e-05
274.16113,1.0,1.0,0.30987287,0.021765001,2016-02-28 20:00:00,6.0,1.648291e-05,1.6020102e-05,0.0,1.612016e-05
274.427,1.0,1.0,0.07113016,0.0,2016-02-28 21:00:00,6.0,3.0904648e-06,3.0857382e-06,0.0,3.1859608e-06
274.73193,1.0,1.0,0.1753636,0.0,2016-02-28 22:00:00,6.0,0.0,4.7747868e-08,0.0,9.549569e-08
274.552,0.93136173,0.93136173,0.06771988,0.0,2016-02-28 23:00:00,6.0,0.0,2.9081247e-07,0.0,0.0
274.37695,0.8669568,0.8669568,0.0,0.0,2016-02-29 00:00:00,6.0,1.9099144e-07,3.909542e-07,0.0,3.050713e-07
273.98804,0.84234375,0.84234375,0.0,0.0,2016-02-29 01:00:00,6.0,0.0,0.0,0.0,0.0
273.51587,0.5877471,0.5877471,0.0,0.0,2016-02-29 02:00:00,0.0,0.0,0.0,0.0,0.0
272.16602,0.07388413,0.07388413,0.0,0.0,2016-02-29 03:00:00,0.0,0.0,0.0,0.0,0.0
271.4973,0.01879517,0.01879517,0.0,0.0,2016-02-29 04:00:00,0.0,0.0,0.0,0.0,0.0
271.5266,0.0,0.0,0.0,0.0,2016-02-29 05:00:00,0.0,0.0,0.0,0.0,0.0
271.57397,0.035750348,0.0,0.010835916,0.034125395,2016-02-29 06:00:00,0.0,0.0,0.0,0.0,0.0
271.45337,0.07330775,0.0,0.007368978,0.065921724,2016-02-29 07:00:00,0.0,0.0,0.0,0.0,0.0
271.47192,0.337596,0.0,0.33313823,0.031259622,2016-02-29 08:00:00,0.0,0.0,0.0,0.0,0.0
272.57837,0.621431,0.0,0.621431,0.004207764,2016-02-29 09:00:00,0.0,7.854987e-06,0.0,7.5502367e-06,0.0
274.67432,0.80930114,0.12437481,0.80930114,0.0,2016-02-29 10:00:00,0.0,4.727335e-06,0.0,4.63216e-06,0.0
274.9021,0.8782572,0.24382746,0.83453053,0.22265029,2016-02-29 11:00:00,1.0,0.0,2.8519953e-08,0.0,0.0
275.13013,0.91025954,0.6281518,0.8279055,0.18018496,2016-02-29 12:00:00,6.0,7.6281112e-06,4.1466838e-06,2.4040573e-06,5.2810938e-06
272.41797,0.70396054,0.54728884,0.49451947,0.16492522,2016-02-29 13:00:00,5.0,3.4022043e-05,2.8489056e-05,1.1100244e-05,2.3208602e-05
268.71484,0.6431362,0.25566775,0.48380715,0.288139,2016-02-29 14:00:00,0.0,9.271396e-06,9.242393e-06,4.3017835e-06,5.036265e-06
267.08594,0.5998376,0.013185117,0.034085773,0.5871915,2016-02-29 15:00:00,0.0,1.9099144e-07,1.5750356e-07,0.0,9.549569e-08
266.59546,0.30832523,0.0015890491,0.004235424,0.30673617,2016-02-29 16:00:00,0.0,0.0,0.0,0.0,0.0
267.16333,0.33521092,0.0,0.050039794,0.33362186,2016-02-29 17:00:00,0.0,0.0,0.0,0.0,0.0
267.6621,0.028060388,0.0,0.0,0.028060388,2016-02-29 18:00:00,0.0,0.0,0.0,0.0,0.0
268.23218,0.13434339,0.0,0.016772572,0.13223952,2016-02-29 19:00:00,0.0,0.0,0.0,0.0,0.0
268.78223,0.55112225,0.0,0.29852134,0.4445904,2016-02-29 20:00:00,0.0,0.0,0.0,0.0,0.0
269.16748,0.9526216,0.0,0.92468166,0.6792517,2016-02-29 21:00:00,0.0,0.0,0.0,0.0,0.0
268.51733,0.9978961,0.0,0.9097507,0.9957922,2016-02-29 22:00:00,0.0,0.0,0.0,0.0,0.0
268.2422,0.9900261,0.0,0.8373961,0.9531389,2016-02-29 23:00:00,0.0,0.0,0.0,0.0,0.0
267.79248,0.997629,0.0,0.9942508,0.99182975,2016-03-01 00:00:00,0.0,0.0,0.0,0.0,0.0
267.75708,1.0,0.0,1.0,1.0,2016-03-01 01:00:00,0.0,0.0,2.3873934e-08,0.0,0.0
267.83887,1.0,0.0,1.0,1.0,2016-03-01 02:00:00,5.0,2.9776775e-06,2.7772312e-06,0.0,2.5008403e-06
267.38843,1.0,0.0,1.0,1.0,2016-03-01 03:00:00,5.0,9.464972e-06,9.155093e-06,0.0,9.464972e-06
267.29834,1.0,0.0,1.0,0.9668041,2016-03-01 04:00:00,5.0,1.2479819e-05,1.2861321e-05,0.0,1.2479819e-05
266.96875,1.0,0.0,1.0,1.0,2016-03-01 05:00:00,5.0,2.1980683e-05,2.1994943e-05,0.0,2.1980683e-05
266.69775,1.0,0.0,1.0,0.9939002,2016-03-01 06:00:00,5.0,4.5063745e-05,4.5235516e-05,0.0,4.5235516e-05
266.14233,1.0,0.0,1.0,0.99371904,2016-03-01 07:00:00,5.0,0.00010959651,0.00010970635,0.0,0.00010959651
265.71777,1.0,0.0,1.0,1.0,2016-03-01 08:00:00,5.0,0.00027545635,0.00027564703,0.0,0.00027545635
265.10547,1.0,0.0,1.0,0.99946827,2016-03-01 09:00:00,5.0,0.00041656406,0.00041653053,0.0,0.00041656406
263.708,1.0,0.0,1.0,0.9884039,2016-03-01 10:00:00,5.0,0.00040028617,0.0004003339,0.0,0.00040028617
263.54443,1.0,0.0,1.0,0.9202693,2016-03-01 11:00:00,5.0,0.00026452844,0.00026469538,0.0,0.0002647955
263.44653,0.998375,0.0010573287,0.99675006,0.7511761,2016-03-01 12:00:00,5.0,0.00010757212,0.00010744794,0.0,0.00010747662
262.98828,0.9429949,0.0015890491,0.94246316,0.3691485,2016-03-01 13:00:00,5.0,3.0364972e-05,3.0243202e-05,0.0,3.0002222e-05
262.8484,0.6444919,0.0,0.6444919,0.042898614,2016-03-01 14:00:00,5.0,9.193835e-06,8.922089e-06,0.0,8.984259e-06
263.792,0.034999847,0.0,0.034999847,0.0,2016-03-01 15:00:00,0.0,1.0876211e-06,1.1804732e-06,0.0,9.92125e-07
264.09644,0.41203088,0.0,0.41203088,0.0,2016-03-01 16:00:00,0.0,0.0,2.3873934e-08,0.0,0.0
264.7666,0.6443303,0.0,0.6443303,0.0,2016-03-01 17:00:00,0.0,0.0,0.0,0.0,0.0
265.45215,0.41601437,0.0,0.41601437,0.0,2016-03-01 18:00:00,0.0,0.0,0.0,0.0,0.0
266.09155,0.0,0.0,0.0,0.0,2016-03-01 19:00:00,0.0,0.0,0.0,0.0,0.0
266.96094,0.0,0.0,0.0,0.0,2016-03-01 20:00:00,0.0,0.0,0.0,0.0,0.0
268.28198,0.0,0.0,0.0,0.0,2016-03-01 21:00:00,0.0,0.0,0.0,0.0,0.0
268.47827,0.0,0.0,0.0,0.0,2016-03-01 22:00:00,0.0,0.0,0.0,0.0,0.0
268.29663,0.0,0.0,0.0,0.0,2016-03-01 23:00:00,0.0,0.0,0.0,0.0,0.0
267.5122,0.0,0.0,0.0,0.0,2016-03-02 00:00:00,0.0,0.0,0.0,0.0,0.0
266.36255,0.0,0.0,0.0,0.0,2016-03-02 01:00:00,0.0,0.0,0.0,0.0,0.0
265.64746,0.004207764,0.0,0.0,0.004207764,2016-03-02 02:00:00,0.0,0.0,0.0,0.0,0.0
264.44458,0.0,0.0,0.0,0.0,2016-03-02 03:00:00,0.0,0.0,0.0,0.0,0.0
264.59473,0.010009766,0.0,0.0,0.010009766,2016-03-02 04:00:00,0.0,0.0,0.0,0.0,0.0
264.23706,0.2071997,0.0,0.022615798,0.2071997,2016-03-02 05:00:00,0.0,0.0,0.0,0.0,0.0
263.07788,0.38654798,0.0,0.14276946,0.37728423,2016-03-02 06:00:00,0.0,0.0,0.0,0.0,0.0
262.41113,0.22800481,0.0,0.19130743,0.16590828,2016-03-02 07:00:00,0.0,0.0,0.0,0.0,0.0
262.4497,0.062175944,0.0,0.057985283,0.004207764,2016-03-02 08:00:00,0.0,0.0,0.0,0.0,0.0
261.8213,0.2305221,0.0,0.21719772,0.015428256,2016-03-02 09:00:00,0.0,0.0,0.0,0.0,0.0
262.15674,0.55054903,0.0,0.5302273,0.045133125,2016-03-02 10:00:00,0.0,0.0,0.0,0.0,0.0
262.3064,0.54176575,0.0,0.40699768,0.18038464,2016-03-02 11:00:00,0.0,0.0,0.0,0.0,0.0
262.5327,0.095247746,0.0,0.0,0.095247746,2016-03-02 12:00:00,0.0,0.0,0.0,0.0,0.0
262.39404,0.00956155,0.00956155,0.007457666,0.0,2016-03-02 13:00:00,0.0,0.0,0.0,0.0,0.0
263.063,0.07337803,0.050436042,0.07284629,0.0,2016-03-02 14:00:00,0.0,0.0,0.0,0.0,0.0
265.92725,0.15417308,0.06830788,0.15417308,0.0,2016-03-02 15:00:00,0.0,0.0,0.0,0.0,0.0
267.57642,0.1852898,0.02274938,0.17485952,0.015962414,2016-03-02 16:00:00,0.0,0.0,0.0,0.0,0.0
268.98877,0.5756236,0.038133092,0.22738236,0.4576125,2016-03-02 17:00:00,0.0,0.0,0.0,0.0,0.0
269.74194,0.9014222,0.03810473,0.57323825,0.86459875,2016-03-02 18:00:00,0.0,0.0,0.0,0.0,0.0
270.40454,0.99319345,0.223917,0.6812891,0.9869369,2016-03-02 19:00:00,0.0,0.0,0.0,0.0,0.0
271.00464,0.7567951,0.40657896,0.6751545,0.22328752,2016-03-02 20:00:00,0.0,0.0,0.0,0.0,0.0
272.136,0.7967207,0.3041836,0.6659765,0.44775736,2016-03-02 21:00:00,0.0,0.0,0.0,0.0,0.0
271.67163,0.98952836,0.0,0.9098749,0.98900276,2016-03-02 22:00:00,0.0,0.0,0.0,0.0,0.0
271.39893,0.9939002,0.0,0.9750044,0.9366916,2016-03-02 23:00:00,0.0,0.0,0.0,0.0,0.0
270.42212,0.8950235,0.0,0.26094776,0.8863274,2016-03-03 00:00:00,0.0,0.0,0.0,0.0,0.0
270.08252,0.93629616,0.0068900436,0.12867504,0.9320884,2016-03-03 01:00:00,0.0,0.0,0.0,0.0,0.0
270.062,0.8979327,0.024901118,0.74942446,0.71372664,2016-03-03 02:00:00,0.0,0.0,0.0,0.0,0.0
270.02686,0.9143941,0.020546068,0.8735296,0.42216367,2016-03-03 03:00:00,0.0,0.0,4.7747868e-08,0.0,9.549569e-08
269.9934,0.6789169,0.06337881,0.6580163,0.053688597,2016-03-03 04:00:00,0.0,1.9099144e-07,2.5780685e-07,0.0,1.9099144e-07
269.88525,0.8065241,0.21017534,0.8044033,0.009534292,2016-03-03 05:00:00,5.0,1.9099144e-07,1.432436e-07,0.0,1.9099144e-07
269.84058,0.9286496,0.3110252,0.9286496,0.050060213,2016-03-03 06:00:00,5.0,1.9099144e-07,1.623111e-07,0.0,9.549569e-08
269.55078,0.997629,0.48952526,0.99262583,0.4508593,2016-03-03 07:00:00,5.0,1.106856e-06,1.1642187e-06,0.0,1.1645416e-06
269.64673,1.0,0.48131466,0.9648533,0.87748665,2016-03-03 08:00:00,5.0,2.4431638e-06,2.4715218e-06,0.0,2.4431638e-06
269.61963,0.99946827,0.41826433,0.9989426,0.7712895,2016-03-03 09:00:00,5.0,4.7703143e-06,4.868456e-06,0.0,4.7703143e-06
270.3286,0.9894863,0.76045805,0.9800109,0.30420578,2016-03-03 10:00:00,5.0,1.2229244e-05,1.214833e-05,0.0,1.2229244e-05
270.3982,0.98078674,0.65064096,0.9791977,0.0098265,2016-03-03 11:00:00,5.0,2.0927037e-05,2.0860549e-05,0.0,2.1194297e-05
270.3142,0.95787066,0.54990333,0.94587106,0.09580165,2016-03-03 12:00:00,5.0,2.7277172e-05,2.7158443e-05,0.0,2.725859e-05
270.3247,0.8818016,0.37377685,0.87752414,0.08363283,2016-03-03 13:00:00,5.0,3.6279394e-05,3.6298297e-05,0.0,3.6279394e-05
270.26294,0.9527984,0.5823154,0.95011,0.10545796,2016-03-03 14:00:00,5.0,3.75394e-05,3.7792575e-05,0.0,3.7502236e-05
270.81982,0.98176485,0.7740767,0.97511965,0.02319825,2016-03-03 15:00:00,5.0,3.304021e-05,3.26874e-05,0.0,3.2849217e-05
270.9895,0.97007173,0.73135644,0.960601,0.004767146,2016-03-03 16:00:00,5.0,2.1253873e-05,2.098165e-05,0.0,2.1062879e-05
271.38232,0.95612276,0.633134,0.9516012,0.0,2016-03-03 17:00:00,0.0,7.881279e-06,7.6999e-06,0.0,7.881279e-06
271.9922,0.94074386,0.6858269,0.929938,0.0,2016-03-03 18:00:00,0.0,1.1453067e-06,9.737041e-07,0.0,1.1453067e-06
272.85303,0.8824261,0.79799545,0.79957056,0.0,2016-03-03 19:00:00,6.0,0.0,1.741679e-07,0.0,9.549569e-08
273.2798,0.9272107,0.92069566,0.36207402,0.0,2016-03-03 20:00:00,6.0,0.0,4.0305383e-07,0.0,2.6726156e-07
274.0459,0.9520518,0.9520518,0.16291308,0.08049804,2016-03-03 21:00:00,6.0,2.861023e-06,3.2044718e-06,0.0,3.1282843e-06
273.44556,0.87153715,0.86916614,0.13208932,0.010160383,2016-03-03 22:00:00,6.0,5.531054e-06,5.7292573e-06,0.0,5.798315e-06
273.51465,0.31763166,0.31426072,0.013471484,0.0,2016-03-03 23:00:00,6.0,4.6927516e-06,4.785521e-06,0.0,4.6927516e-06
272.7876,0.08349961,0.06499076,0.0100932345,0.018525906,2016-03-04 00:00:00,5.0,9.536743e-07,8.63308e-07,0.0,9.536743e-07
273.0398,0.47967046,0.020476393,0.0,0.4697379,2016-03-04 01:00:00,5.0,0.0,1.1936965e-08,0.0,0.0
272.7898,0.099487364,0.07232785,0.0,0.03506265,2016-03-04 02:00:00,5.0,0.0,0.0,0.0,0.0
272.65015,0.07103723,0.07103723,0.0,0.0,2016-03-04 03:00:00,5.0,0.0,0.0,0.0,0.0
272.63525,0.04816395,0.04816395,0.0,0.0,2016-03-04 04:00:00,0.0,0.0,0.0,0.0,0.0
272.333,0.021328922,0.021328922,0.0,0.0,2016-03-04 05:00:00,0.0,0.0,0.0,0.0,0.0
271.78613,0.009483848,0.009483848,0.0,0.0,2016-03-04 06:00:00,0.0,0.0,0.0,0.0,0.0
270.9973,0.004741922,0.004741922,0.0,0.0,2016-03-04 07:00:00,0.0,0.0,0.0,0.0,0.0
270.44287,0.0010573287,0.0010573287,0.0,0.0,2016-03-04 08:00:00,0.0,0.0,0.0,0.0,0.0
269.65308,0.0,0.0,0.0,0.0,2016-03-04 09:00:00,0.0,0.0,0.0,0.0,0.0
270.87695,0.17334747,0.162161,0.014564749,0.011203606,2016-03-04 10:00:00,0.0,0.0,0.0,0.0,0.0
270.88452,0.47259307,0.16771066,0.005370889,0.3631639,2016-03-04 11:00:00,0.0,0.0,0.0,0.0,0.0
271.0149,0.9889295,0.011548463,0.7419107,0.9889295,2016-03-04 12:00:00,0.0,0.0,0.0,0.0,0.0
270.95825,0.92512363,0.009177502,0.90602046,0.8210541,2016-03-04 13:00:00,0.0,0.0,0.0,0.0,0.0
271.67236,0.505586,0.04715179,0.48662323,0.13364893,2016-03-04 14:00:00,5.0,5.3452317e-07,2.0044615e-07,0.0,2.6726156e-07
272.8203,0.37029546,0.072508276,0.31819373,0.039744493,2016-03-04 15:00:00,5.0,1.3280989e-05,1.3474225e-05,0.0,1.3643747e-05
273.23364,0.8093596,0.43765628,0.52529776,0.48848838,2016-03-04 16:00:00,5.0,7.031433e-05,7.033149e-05,0.0,7.031433e-05
273.49146,1.0,0.94546837,0.9565095,0.9687093,2016-03-04 17:00:00,6.0,0.0001351281,0.00013508451,0.0,0.0001351281
273.1062,1.0,0.8459502,1.0,0.9923639,2016-03-04 18:00:00,6.0,0.00015207489,0.00015233285,0.0,0.00015243764
272.87695,1.0,0.94530153,0.9978961,0.9858768,2016-03-04 19:00:00,6.0,0.00043440168,0.00043072877,5.741886e-05,0.00037716422
273.02466,0.99409735,0.7808251,0.984525,0.7990119,2016-03-04 20:00:00,6.0,0.00063094473,0.0006190955,0.000104840234,0.0005260084
273.76782,0.84038717,0.720621,0.67968273,0.072835505,2016-03-04 21:00:00,6.0,0.00033115363,0.0003310016,0.0,0.0003314023
273.4541,0.98148835,0.97618943,0.21442634,0.021414328,2016-03-04 22:00:00,0.0,7.404279e-05,7.029026e-05,0.0,7.404279e-05
274.12817,0.9989426,0.9989426,0.10411358,0.0,2016-03-04 23:00:00,1.0,1.9823265e-06,9.765818e-07,0.0,1.9823265e-06
274.1167,0.9925423,0.9925423,0.2089907,0.0,2016-03-05 00:00:00,1.0,1.374429e-05,8.522787e-06,0.0,1.4011552e-05
274.4248,0.9536632,0.95030206,0.5669923,0.0,2016-03-05 01:00:00,1.0,1.3609033e-05,1.0213981e-05,0.0,1.3990374e-05
274.47632,0.99627113,0.99416727,0.8709015,0.0,2016-03-05 02:00:00,1.0,3.891618e-06,7.146119e-07,1.6035692e-06,2.4412302e-06
274.96582,0.9511932,0.9511932,0.6719794,0.0,2016-03-05 03:00:00,1.0,1.7008439e-05,0.0,2.0227062e-06,1.4833204e-05
275.25806,0.9084106,0.90031487,0.48448992,0.0,2016-03-05 04:00:00,1.0,3.2964497e-05,0.0,0.0,3.2964497e-05
275.7588,0.99020934,0.99020934,0.4004181,0.0,2016-03-05 05:00:00,1.0,1.19753795e-05,0.0,0.0,1.19753795e-05
275.3745,0.99609,0.99609,0.19763094,0.0,2016-03-05 06:00:00,6.0,5.18623e-06,4.7667675e-07,0.0,5.18623e-06
274.81982,0.98562324,0.98562324,0.09888935,0.0,2016-03-05 07:00:00,6.0,1.01782525e-05,1.0183058e-05,0.0,1.01782525e-05
274.53345,0.9919827,0.9919827,0.023938213,0.0,2016-03-05 08:00:00,5.0,1.1874733e-05,1.1932096e-05,0.0,1.1874733e-05
274.16187,0.9874686,0.9874686,0.0,0.0,2016-03-05 09:00:00,5.0,1.3801307e-05,1.391587e-05,0.0,1.3801307e-05
273.19043,0.9683322,0.9683322,0.0,0.0,2016-03-05 10:00:00,5.0,1.681615e-05,1.6515885e-05,0.0,1.6644379e-05
272.9961,0.9122372,0.9122372,0.0,0.0,2016-03-05 11:00:00,5.0,1.4188441e-05,1.3868625e-05,0.0,1.4188441e-05
273.13184,0.91697043,0.91697043,0.0,0.0,2016-03-05 12:00:00,5.0,6.980782e-06,6.7663977e-06,0.0,6.980782e-06
273.06055,0.78219295,0.78219295,0.0,0.0,2016-03-05 13:00:00,5.0,1.4689622e-06,1.5309715e-06,0.0,1.4689622e-06
273.17773,0.6445359,0.6445359,0.0,0.0,2016-03-05 14:00:00,5.0,9.549569e-08,7.16218e-08,0.0,9.549569e-08
273.13232,0.81092274,0.81092274,0.0,0.0,2016-03-05 15:00:00,5.0,0.0,0.0,0.0,0.0
273.16187,1.0,1.0,0.0,0.0,2016-03-05 16:00:00,5.0,0.0,0.0,0.0,0.0
273.42358,1.0,1.0,0.0,0.02586237,2016-03-05 17:00:00,6.0,0.0,0.0,0.0,0.0
273.73047,0.98765033,0.9774046,0.0,0.4960758,2016-03-05 18:00:00,0.0,0.0,0.0,0.0,0.0
274.20898,0.78572685,0.7539618,0.05119772,0.11949569,2016-03-05 19:00:00,0.0,0.0,0.0,0.0,0.0
274.87134,0.10173178,0.08011842,0.0,0.02161334,2016-03-05 20:00:00,0.0,0.0,0.0,0.0,0.0
275.6355,0.5943474,0.0,0.0,0.5943474,2016-03-05 21:00:00,0.0,0.0,0.0,0.0,0.0
275.7202,0.065246165,0.0,0.0,0.065246165,2016-03-05 22:00:00,0.0,0.0,0.0,0.0,0.0
275.5315,0.016832627,0.0,0.0,0.016832627,2016-03-05 23:00:00,0.0,0.0,0.0,0.0,0.0
274.56055,0.0,0.0,0.0,0.0,2016-03-06 00:00:00,0.0,0.0,0.0,0.0,0.0
274.16187,0.0,0.0,0.0,0.0,2016-03-06 01:00:00,0.0,0.0,0.0,0.0,0.0
273.8838,0.09753066,0.0,0.0,0.09753066,2016-03-06 02:00:00,0.0,0.0,0.0,0.0,0.0
273.01025,0.083527386,0.0,0.0,0.083527386,2016-03-06 03:00:00,0.0,0.0,0.0,0.0,0.0
272.79443,0.41597325,0.0,0.0,0.41597325,2016-03-06 04:00:00,0.0,0.0,0.0,0.0,0.0
272.38672,0.7963802,0.0,0.0,0.7963802,2016-03-06 05:00:00,0.0,0.0,0.0,0.0,0.0
272.19653,0.9850171,0.0,0.0,0.9850171,2016-03-06 06:00:00,0.0,0.0,0.0,0.0,0.0
272.1997,0.9957394,0.0,0.0,0.9957394,2016-03-06 07:00:00,0.0,0.0,0.0,0.0,0.0
272.45117,0.98626137,0.0,0.0,0.98626137,2016-03-06 08:00:00,0.0,0.0,0.0,0.0,0.0
272.8296,0.9779043,0.0,0.0,0.9779043,2016-03-06 09:00:00,0.0,0.0,0.0,0.0,0.0
273.6648,0.8995196,0.0,0.0,0.8995196,2016-03-06 10:00:00,0.0,0.0,0.0,0.0,0.0
273.91626,0.7664473,0.0,0.0,0.7664473,2016-03-06 11:00:00,0.0,0.0,0.0,0.0,0.0
274.2107,0.88571656,0.0,0.0,0.88571656,2016-03-06 12:00:00,0.0,0.0,0.0,0.0,0.0
274.3413,0.91248876,0.0,0.0,0.91248876,2016-03-06 13:00:00,0.0,0.0,0.0,0.0,0.0
275.56128,0.95116526,0.0,0.0,0.95116526,2016-03-06 14:00:00,0.0,0.0,0.0,0.0,0.0
278.9839,0.9586772,0.0,0.0,0.9586772,2016-03-06 15:00:00,0.0,0.0,0.0,0.0,0.0
280.4348,0.96552634,0.0,0.0,0.96552634,2016-03-06 16:00:00,0.0,0.0,0.0,0.0,0.0
282.21216,0.95999146,0.0,0.0,0.95999146,2016-03-06 17:00:00,0.0,0.0,0.0,0.0,0.0
283.55005,0.9607842,0.0,0.0,0.9607842,2016-03-06 18:00:00,0.0,0.0,0.0,0.0,0.0
284.6892,0.95169765,0.0,0.0,0.95169765,2016-03-06 19:00:00,0.0,0.0,0.0,0.0,0.0
285.7776,0.88080204,0.0,0.0,0.88080204,2016-03-06 20:00:00,0.0,0.0,0.0,0.0,0.0
286.58887,0.37246472,0.0,0.0,0.37246472,2016-03-06 21:00:00,0.0,0.0,0.0,0.0,0.0
286.47607,0.04894911,0.0,0.0,0.04894911,2016-03-06 22:00:00,0.0,0.0,0.0,0.0,0.0
285.67236,0.050738927,0.0,0.0,0.050738927,2016-03-06 23:00:00,0.0,0.0,0.0,0.0,0.0
284.511,0.15651327,0.0,0.0,0.15651327,2016-03-07 00:00:00,0.0,0.0,0.0,0.0,0.0
283.29907,0.18055189,0.0,0.0,0.18055189,2016-03-07 01:00:00,0.0,0.0,0.0,0.0,0.0
282.36084,0.30785775,0.0,0.0,0.30785775,2016-03-07 02:00:00,0.0,0.0,0.0,0.0,0.0
281.10034,0.14258254,0.0,0.0,0.14258254,2016-03-07 03:00:00,0.0,0.0,0.0,0.0,0.0
280.80615,0.077085674,0.0,0.0,0.077085674,2016-03-07 04:00:00,0.0,0.0,0.0,0.0,0.0
280.57812,0.06330258,0.0,0.0,0.06330258,2016-03-07 05:00:00,0.0,0.0,0.0,0.0,0.0
279.99634,0.047362197,0.03052957,0.00053172023,0.016832627,2016-03-07 06:00:00,0.0,0.0,0.0,0.0,0.0
279.98242,0.09077823,0.09077823,0.0,0.0,2016-03-07 07:00:00,0.0,0.0,0.0,0.0,0.0
279.74512,0.110765696,0.110765696,0.005003199,0.0,2016-03-07 08:00:00,0.0,0.0,0.0,0.0,0.0
279.06543,0.18150282,0.18097115,0.02552393,0.0,2016-03-07 09:00:00,0.0,0.0,0.0,0.0,0.0
279.68506,0.1834594,0.1834594,0.01520285,0.0,2016-03-07 10:00:00,0.0,0.0,0.0,0.0,0.0
279.63477,0.20431095,0.20093274,0.053664315,0.0,2016-03-07 11:00:00,0.0,0.0,0.0,0.0,0.0
279.4873,0.109877825,0.109877825,0.013471484,0.0,2016-03-07 12:00:00,0.0,0.0,0.0,0.0,0.0
279.07593,0.043326486,0.043326486,0.009481411,0.0,2016-03-07 13:00:00,0.0,0.0,0.0,0.0,0.0
280.58032,0.12124258,0.12124258,0.005006563,0.0,2016-03-07 14:00:00,0.0,0.0,0.0,0.0,0.0
284.61743,0.34993374,0.34993374,0.0,0.0,2016-03-07 15:00:00,0.0,0.0,0.0,0.0,0.0
286.7356,0.47170466,0.4638015,0.0484434,0.0,2016-03-07 16:00:00,0.0,0.0,0.0,0.0,0.0
288.57373,0.3719613,0.3446619,0.22964263,0.0,2016-03-07 17:00:00,0.0,0.0,0.0,0.0,0.0
289.67847,0.5712236,0.50714225,0.35695225,0.045052554,2016-03-07 18:00:00,0.0,0.0,0.0,0.0,0.0
290.58887,0.5858416,0.26546317,0.07004857,0.44169205,2016-03-07 19:00:00,0.0,2.6726156e-07,0.0,1.3363075e-07,0.0
291.01904,0.8603006,0.40448147,0.00053172023,0.7522881,2016-03-07 20:00:00,0.0,9.549569e-08,0.0,4.7747868e-08,0.0
291.2024,0.9797891,0.90909743,0.0037288337,0.58901036,2016-03-07 21:00:00,0.0,7.2551467e-07,0.0,5.9188386e-07,0.0
290.04395,1.0,1.0,0.4201764,0.19649196,2016-03-07 22:00:00,1.0,4.1044195e-06,0.0,1.4699381e-06,2.5008494e-06
289.4275,1.0,1.0,0.7303232,0.0054821298,2016-03-07 23:00:00,1.0,6.6033215e-05,0.0,4.0089236e-07,6.5765955e-05
288.7666,1.0,1.0,0.85557187,0.010157049,2016-03-08 00:00:00,1.0,0.00013065242,0.0,1.7371995e-06,0.00012828618
288.1526,0.9862687,0.9862687,0.55257446,0.07096428,2016-03-08 01:00:00,1.0,9.9954996e-05,0.0,5.5160262e-06,9.41528e-05
287.60913,0.7951503,0.79009706,0.2064184,0.017253105,2016-03-08 02:00:00,1.0,2.4683366e-05,0.0,9.983133e-06,1.4175658e-05
286.89233,0.6611624,0.49200904,0.2646318,0.2962619,2016-03-08 03:00:00,1.0,3.5714125e-05,0.0,1.0103931e-06,3.46656e-05
286.67944,0.8876627,0.18660176,0.3585387,0.80499804,2016-03-08 04:00:00,0.0,5.89317e-06,0.0,2.2992735e-06,3.4891073e-06
286.35864,0.6071319,0.18241495,0.30642223,0.45421302,2016-03-08 05:00:00,1.0,0.0,0.0,0.0,0.0
285.65527,0.44388527,0.19682097,0.18795705,0.23861372,2016-03-08 06:00:00,1.0,1.717649e-06,0.0,0.0,1.717649e-06
284.99194,0.1962763,0.1515615,0.17523205,0.014151726,2016-03-08 07:00:00,0.0,4.191511e-07,0.0,0.0,4.191511e-07
284.42285,0.62000084,0.02519697,0.05365427,0.58197194,2016-03-08 08:00:00,1.0,1.14079796e-07,0.0,0.0,1.14079796e-07
284.37158,0.90332186,0.14862394,0.003909968,0.8891248,2016-03-08 09:00:00,1.0,1.9099144e-07,0.0,0.0,1.9099144e-07
285.20483,1.0,0.35783482,0.010535371,1.0,2016-03-08 10:00:00,1.0,1.0498115e-06,0.0,0.0,1.1638913e-06
285.5769,1.0,0.6069684,0.038498435,1.0,2016-03-08 11:00:00,1.0,6.88656e-06,0.0,2.0028352e-07,6.791064e-06
286.0481,1.0,0.77974737,0.19627815,0.9939002,2016-03-08 12:00:00,1.0,4.7286185e-06,0.0,9.052803e-07,3.814046e-06
286.2202,1.0,0.7324671,0.3853094,1.0,2016-03-08 13:00:00,1.0,4.882442e-06,0.0,2.9459343e-06,2.0412954e-06
286.7871,1.0,0.73165584,0.0,1.0,2016-03-08 14:00:00,1.0,3.8903163e-06,0.0,1.9067065e-06,2.4040528e-06
288.28296,0.9690575,0.95438164,0.0,0.637844,2016-03-08 15:00:00,1.0,1.3161741e-05,0.0,5.4576985e-06,7.513371e-06
288.80884,1.0,1.0,0.0,0.0,2016-03-08 16:00:00,1.0,3.9712017e-05,0.0,1.6769336e-06,3.8130253e-05
289.56348,0.95586973,0.89961225,0.0,0.43588823,2016-03-08 17:00:00,1.0,8.830831e-05,0.0,0.0,8.8461486e-05
290.2434,0.65948874,0.65948874,0.0,0.0,2016-03-08 18:00:00,1.0,9.235747e-05,0.0,4.7683716e-07,9.191844e-05
290.9458,0.2429778,0.2429778,0.008384813,0.0,2016-03-08 19:00:00,0.0,4.484829e-05,0.0,5.633616e-07,4.393178e-05
292.3047,0.18521267,0.17858112,0.027062666,0.0,2016-03-08 20:00:00,0.0,2.0009102e-06,0.0,0.0,2.0009102e-06
292.2556,0.11020237,0.11020237,0.0,0.0,2016-03-08 21:00:00,0.0,0.0,0.0,0.0,0.0
289.15186,0.04168017,0.04168017,0.0,0.0,2016-03-08 22:00:00,0.0,0.0,0.0,0.0,0.0
286.38208,0.3829056,0.3829056,0.0,0.0,2016-03-08 23:00:00,0.0,0.0,0.0,0.0,0.0
284.02466,0.93674433,0.90900636,0.0,0.14836872,2016-03-09 00:00:00,0.0,0.0,0.0,0.0,0.0
282.37378,1.0,0.99629015,0.0,0.9966217,2016-03-09 01:00:00,0.0,0.0,0.0,0.0,0.0
281.25903,1.0,1.0,0.0,1.0,2016-03-09 02:00:00,0.0,0.0,0.0,0.0,0.0
279.77197,1.0,0.99841094,0.0,1.0,2016-03-09 03:00:00,0.0,0.0,0.0,0.0,0.0
279.60205,1.0,0.98282105,0.024230551,1.0,2016-03-09 04:00:00,1.0,0.0,0.0,0.0,0.0
278.60376,1.0,0.9899592,0.00053172023,1.0,2016-03-09 05:00:00,1.0,2.6726156e-07,0.0,0.0,2.6726156e-07
277.88184,1.0,0.9989426,0.06324494,0.9746401,2016-03-09 06:00:00,1.0,2.6726156e-07,0.0,0.0,2.6726156e-07
277.65796,1.0,1.0,0.39658213,0.54921144,2016-03-09 07:00:00,1.0,1.62574e-05,0.0,0.0,1.62574e-05
277.3025,1.0,1.0,0.9669485,0.7996707,2016-03-09 08:00:00,1.0,5.3452317e-07,0.0,0.0,5.3452317e-07
276.5122,1.0,1.0,0.97713095,0.8827845,2016-03-09 09:00:00,0.0,0.0,0.0,0.0,0.0
275.87305,1.0,1.0,0.9946291,0.94558555,2016-03-09 10:00:00,1.0,0.0,0.0,0.0,0.0
275.9419,1.0,1.0,0.27037334,0.25821376,2016-03-09 11:00:00,1.0,7.626828e-07,0.0,0.0,9.158646e-07
276.08887,1.0,1.0,0.027663715,0.0,2016-03-09 12:00:00,1.0,5.7989664e-06,0.0,0.0,5.7989664e-06
276.07397,1.0,1.0,0.07503909,0.0,2016-03-09 13:00:00,1.0,1.5595884e-05,0.0,0.0,1.5595884e-05
275.90503,1.0,1.0,0.13277501,0.0,2016-03-09 14:00:00,1.0,2.5901769e-05,0.0,0.0,2.5901769e-05
276.20532,1.0,1.0,0.24259675,0.0,2016-03-09 15:00:00,1.0,6.4462774e-06,0.0,0.0,6.027126e-06
276.20972,1.0,1.0,0.19092017,0.06719053,2016-03-09 16:00:00,1.0,2.4790397e-06,0.0,0.0,2.4790397e-06
276.80176,1.0,1.0,0.07643944,0.0,2016-03-09 17:00:00,1.0,1.2395194e-06,0.0,0.0,1.2395194e-06
276.90552,1.0,1.0,0.116145015,0.47525078,2016-03-09 18:00:00,1.0,9.536743e-07,0.0,0.0,5.9091695e-07
276.78906,1.0,1.0,0.11792165,0.30206203,2016-03-09 19:00:00,1.0,2.936642e-06,0.0,0.0,2.936642e-06
276.89648,1.0,1.0,0.15555882,0.0,2016-03-09 20:00:00,1.0,4.197981e-06,0.0,0.0,4.197981e-06
277.1438,1.0,1.0,0.19437873,0.0,2016-03-09 21:00:00,1.0,3.0507308e-06,0.0,0.0,3.432072e-06
277.16895,1.0,1.0,0.23767757,0.0076360554,2016-03-09 22:00:00,1.0,3.1289346e-06,0.0,0.0,3.396196e-06
276.91748,1.0,1.0,0.30952883,0.030723654,2016-03-09 23:00:00,1.0,2.7443675e-06,0.0,0.0,3.011629e-06
277.15283,1.0,1.0,0.5962851,0.016647182,2016-03-10 00:00:00,1.0,2.2489457e-06,0.0,0.0,2.2489457e-06
277.3479,1.0,1.0,0.8820528,0.0,2016-03-10 01:00:00,1.0,1.258104e-06,0.0,0.0,1.258104e-06
277.0205,0.9949968,0.9949968,0.6916169,0.014774166,2016-03-10 02:00:00,1.0,3.3538681e-06,0.0,0.0,3.3538681e-06
276.16016,0.9952497,0.99100816,0.3095702,0.11604947,2016-03-10 03:00:00,1.0,1.258104e-06,0.0,0.0,1.258104e-06
275.9109,0.6184272,0.5425264,0.102204084,0.15212548,2016-03-10 04:00:00,1.0,2.2815959e-07,0.0,0.0,2.2815959e-07
275.26953,0.57740974,0.5634126,0.08443385,0.042816207,2016-03-10 05:00:00,0.0,0.0,0.0,0.0,0.0
274.73926,0.6061322,0.6050749,0.04069318,0.0015890491,2016-03-10 06:00:00,0.0,0.0,0.0,0.0,0.0
274.03955,0.7238643,0.7190972,0.008651894,0.0063561946,2016-03-10 07:00:00,8.0,0.0,0.0,0.0,0.0
273.9397,0.7192135,0.66929,0.0,0.09943056,2016-03-10 08:00:00,5.0,0.0,0.0,0.0,0.0
273.55322,0.85538,0.7562129,0.0,0.36763972,2016-03-10 09:00:00,5.0,0.0,0.0,0.0,2.0957555e-07
273.87036,0.89713544,0.88790786,0.0,0.036132,2016-03-10 10:00:00,5.0,0.0,0.0,0.0,0.0
273.88306,0.858269,0.8512203,0.0,0.035646062,2016-03-10 11:00:00,5.0,0.0,5.239389e-08,0.0,0.0
273.90942,0.90842706,0.90842706,0.0,0.0,2016-03-10 12:00:00,5.0,0.0,5.239389e-08,0.0,0.0
273.85474,0.98044926,0.9723074,0.0,0.40347248,2016-03-10 13:00:00,5.0,0.0,1.7160318e-07,0.0,0.0
273.64795,0.995108,0.995108,0.0,0.37070405,2016-03-10 14:00:00,5.0,0.0,1.4772922e-07,0.0,0.0
274.15112,1.0,1.0,0.0,0.014250997,2016-03-10 15:00:00,6.0,0.0,5.239389e-08,0.0,0.0
274.27222,1.0,1.0,0.0,0.0,2016-03-10 16:00:00,0.0,0.0,0.0,0.0,0.0
274.9751,1.0,1.0,0.0,0.0,2016-03-10 17:00:00,0.0,0.0,0.0,0.0,0.0
275.50854,1.0,1.0,0.0,0.0,2016-03-10 18:00:00,0.0,0.0,0.0,0.0,0.0
276.26514,0.87374985,0.87374985,0.0,0.0,2016-03-10 19:00:00,0.0,0.0,0.0,0.0,0.0
277.8213,0.51313746,0.51313746,0.0,0.0,2016-03-10 20:00:00,0.0,0.0,0.0,0.0,0.0
279.2212,0.08333689,0.08333689,0.0,0.0,2016-03-10 21:00:00,0.0,0.0,0.0,0.0,0.0
279.8225,0.0,0.0,0.0,0.0,2016-03-10 22:00:00,0.0,0.0,0.0,0.0,0.0
280.09814,0.0,0.0,0.0,0.0,2016-03-10 23:00:00,0.0,0.0,0.0,0.0,0.0
279.56787,0.0,0.0,0.0,0.0,2016-03-11 00:00:00,0.0,0.0,0.0,0.0,0.0
277.71582,0.0,0.0,0.0,0.0,2016-03-11 01:00:00,0.0,0.0,0.0,0.0,0.0
276.72803,0.0,0.0,0.0,0.0,2016-03-11 02:00:00,0.0,0.0,0.0,0.0,0.0
274.87988,0.0,0.0,0.0,0.0,2016-03-11 03:00:00,0.0,0.0,0.0,0.0,0.0
274.2439,0.0,0.0,0.0,0.0,2016-03-11 04:00:00,0.0,0.0,0.0,0.0,0.0
273.61597,0.0,0.0,0.0,0.0,2016-03-11 05:00:00,0.0,0.0,0.0,0.0,0.0
272.86426,0.0,0.0,0.0,0.0,2016-03-11 06:00:00,0.0,0.0,0.0,0.0,0.0
272.72144,0.0,0.0,0.0,0.0,2016-03-11 07:00:00,0.0,0.0,0.0,0.0,0.0
272.81372,0.0,0.0,0.0,0.0,2016-03-11 08:00:00,0.0,0.0,0.0,0.0,0.0
272.77148,0.0,0.0,0.0,0.0,2016-03-11 09:00:00,0.0,0.0,0.0,0.0,0.0
272.14648,0.0,0.0,0.0,0.0,2016-03-11 10:00:00,0.0,0.0,0.0,0.0,0.0
272.17847,0.0,0.0,0.0,0.0,2016-03-11 11:00:00,0.0,0.0,0.0,0.0,0.0
272.09888,0.0,0.0,0.0,0.0,2016-03-11 12:00:00,0.0,0.0,0.0,0.0,0.0
272.11523,0.0,0.0,0.0,0.0,2016-03-11 13:00:00,0.0,0.0,0.0,0.0,0.0
273.8557,0.034741294,0.0,0.0,0.034741294,2016-03-11 14:00:00,0.0,0.0,0.0,0.0,0.0
277.87988,0.24240065,0.0,0.0,0.24240065,2016-03-11 15:00:00,0.0,0.0,0.0,0.0,0.0
280.48706,0.46453816,0.0,0.0,0.46453816,2016-03-11 16:00:00,0.0,0.0,0.0,0.0,0.0
283.50195,0.6812709,0.0,0.0,0.6812709,2016-03-11 17:00:00,0.0,0.0,0.0,0.0,0.0
285.52222,0.48018533,0.0,0.0,0.48018533,2016-03-11 18:00:00,0.0,0.0,0.0,0.0,0.0
287.11475,0.02292179,0.0,0.0,0.02292179,2016-03-11 19:00:00,0.0,0.0,0.0,0.0,0.0
288.93042,0.0,0.0,0.0,0.0,2016-03-11 20:00:00,0.0,0.0,0.0,0.0,0.0
290.73145,0.0,0.0,0.0,0.0,2016-03-11 21:00:00,0.0,0.0,0.0,0.0,0.0
290.68384,0.0,0.0,0.0,0.0,2016-03-11 22:00:00,0.0,0.0,0.0,0.0,0.0
290.68457,0.0,0.0,0.0,0.0,2016-03-11 23:00:00,0.0,0.0,0.0,0.0,0.0
289.84888,0.0,0.0,0.0,0.0,2016-03-12 00:00:00,0.0,0.0,0.0,0.0,0.0
288.5913,0.0,0.0,0.0,0.0,2016-03-12 01:00:00,0.0,0.0,0.0,0.0,0.0
287.60693,0.0,0.0,0.0,0.0,2016-03-12 02:00:00,0.0,0.0,0.0,0.0,0.0
285.34473,0.0,0.0,0.0,0.0,2016-03-12 03:00:00,0.0,0.0,0.0,0.0,0.0
285.28223,0.10704458,0.0,0.0,0.10704458,2016-03-12 04:00:00,0.0,0.0,0.0,0.0,0.0
285.25806,0.16778505,0.0,0.0,0.16778505,2016-03-12 05:00:00,0.0,0.0,0.0,0.0,0.0
284.67944,0.08047086,0.0,0.0,0.08047086,2016-03-12 06:00:00,0.0,0.0,0.0,0.0,0.0
284.87085,0.047149282,0.0,0.0,0.047149282,2016-03-12 07:00:00,0.0,0.0,0.0,0.0,0.0
283.92334,0.0,0.0,0.0,0.0,2016-03-12 08:00:00,0.0,0.0,0.0,0.0,0.0
282.7417,0.0,0.0,0.0,0.0,2016-03-12 09:00:00,0.0,0.0,0.0,0.0,0.0
281.00854,0.0,0.0,0.0,0.0,2016-03-12 10:00:00,0.0,0.0,0.0,0.0,0.0
281.01538,0.0010573287,0.0,0.0,0.0010573287,2016-03-12 11:00:00,0.0,0.0,0.0,0.0,0.0
280.8169,0.0021207693,0.0,0.0,0.0021207693,2016-03-12 12:00:00,0.0,0.0,0.0,0.0,0.0
280.37427,0.010290984,0.0,0.0,0.010290984,2016-03-12 13:00:00,0.0,0.0,0.0,0.0,0.0
282.23145,0.021386668,0.0,0.0,0.021386668,2016-03-12 14:00:00,0.0,0.0,0.0,0.0,0.0
286.13208,0.13669276,0.0,0.0,0.13669276,2016-03-12 15:00:00,0.0,0.0,0.0,0.0,0.0
287.9563,0.2646382,0.0,0.0,0.2646382,2016-03-12 16:00:00,0.0,0.0,0.0,0.0,0.0
289.95605,0.12992841,0.0,0.0,0.12992841,2016-03-12 17:00:00,0.0,0.0,0.0,0.0,0.0
291.04932,0.34675848,0.0,0.0,0.34675848,2016-03-12 18:00:00,0.0,0.0,0.0,0.0,0.0
291.75415,0.6805793,0.0,0.0,0.6805793,2016-03-12 19:00:00,0.0,0.0,0.0,0.0,0.0
292.448,0.7956142,0.0,0.0,0.7956142,2016-03-12 20:00:00,0.0,0.0,0.0,0.0,0.0
293.40576,0.9495769,0.0,0.0,0.9495769,2016-03-12 21:00:00,0.0,0.0,0.0,0.0,0.0
292.09204,0.9632253,0.0,0.0,0.9632253,2016-03-12 22:00:00,0.0,0.0,0.0,0.0,0.0
291.18335,0.92894363,0.0,0.0,0.92894363,2016-03-12 23:00:00,0.0,0.0,0.0,0.0,0.0
289.9353,0.99164295,0.0,0.0,0.99164295,2016-03-13 00:00:00,0.0,0.0,0.0,0.0,0.0
288.39038,0.997629,0.0,0.0,0.997629,2016-03-13 01:00:00,0.0,0.0,0.0,0.0,0.0
286.88306,0.99116397,0.0,0.0068879165,0.99116397,2016-03-13 02:00:00,0.0,0.0,0.0,0.0,0.0
285.34155,0.997629,0.0,0.050399657,0.997629,2016-03-13 03:00:00,0.0,0.0,0.0,0.0,0.0
284.90942,0.98243195,0.0,0.31719732,0.98243195,2016-03-13 04:00:00,0.0,0.0,0.0,0.0,0.0
284.25757,1.0,0.0,0.71238804,0.98999023,2016-03-13 05:00:00,0.0,0.0,0.0,0.0,0.0
283.57568,1.0,0.0,0.9560598,1.0,2016-03-13 06:00:00,0.0,0.0,0.0,0.0,0.0
283.58398,0.998375,0.0,0.9681592,0.99627113,2016-03-13 07:00:00,0.0,0.0,0.0,0.0,0.0
283.41138,1.0,0.0,0.9548342,1.0,2016-03-13 08:00:00,0.0,3.8198294e-07,0.0,0.0,3.8198294e-07
282.9392,1.0,0.01003224,0.9439814,0.997629,2016-03-13 09:00:00,0.0,0.0,0.0,0.0,0.0
282.23242,1.0,0.0524077,0.9812048,0.99946827,2016-03-13 10:00:00,1.0,2.5200752e-06,0.0,0.0,2.5200752e-06
282.24902,1.0,0.2391662,0.9865754,1.0,2016-03-13 11:00:00,1.0,4.1564475e-05,0.0,0.0,4.1659965e-05
282.0896,1.0,0.87070525,0.99348307,0.99629015,2016-03-13 12:00:00,1.0,0.00013861628,0.0,0.0,0.00013878805
281.84448,1.0,0.97713417,1.0,0.9747901,2016-03-13 13:00:00,1.0,0.00027581747,0.0,0.0,0.00027597067
282.05347,1.0,0.9863693,0.99946827,0.92605376,2016-03-13 14:00:00,1.0,0.0002999683,0.0,0.0,0.00030044513
282.78735,0.99946827,0.8979909,0.98060834,0.92681485,2016-03-13 15:00:00,1.0,0.00024908548,0.0,0.0,0.00024908548
283.0896,0.99289286,0.91253495,0.95709485,0.94393235,2016-03-13 16:00:00,1.0,0.000107141444,0.0,0.0,0.000107141444
283.8025,1.0,0.88805896,0.9832581,0.99100083,2016-03-13 17:00:00,1.0,4.176442e-05,0.0,2.244149e-06,4.0007057e-05
283.8081,1.0,0.3625657,0.40274417,1.0,2016-03-13 18:00:00,1.0,4.4240587e-05,0.0,3.569816e-05,9.238132e-06
284.23047,1.0,0.95836216,0.013256919,1.0,2016-03-13 19:00:00,0.0,0.0,0.0,0.0,0.0
284.42773,1.0,1.0,0.07890445,1.0,2016-03-13 20:00:00,0.0,0.0,0.0,0.0,0.0
285.01758,1.0,1.0,0.31285816,0.99213,2016-03-13 21:00:00,0.0,1.5501166e-05,0.0,1.5367536e-05,0.0
284.95435,1.0,0.9590584,0.8856941,0.9692877,2016-03-13 22:00:00,0.0,0.0,0.0,0.0,0.0
284.65332,1.0,0.97590107,0.616696,0.9606755,2016-03-13 23:00:00,0.0,0.0,0.0,0.0,0.0
284.19824,0.9931373,0.9799386,0.34930152,0.76958054,2016-03-14 00:00:00,0.0,0.0,0.0,0.0,0.0
283.98364,1.0,0.99946827,0.3279031,0.53508663,2016-03-14 01:00:00,0.0,0.0,0.0,0.0,0.0
283.5813,1.0,1.0,0.53118616,0.39320827,2016-03-14 02:00:00,1.0,6.0950106e-07,0.0,6.8609194e-07,0.0
283.02612,1.0,1.0,0.6336097,0.45986104,2016-03-14 03:00:00,1.0,2.154733e-06,0.0,1.6109179e-06,2.6726156e-07
282.83276,1.0,1.0,0.7986664,0.19503123,2016-03-14 04:00:00,1.0,3.5262756e-06,0.0,2.877673e-06,5.3452317e-07
282.0796,1.0,1.0,0.85181713,0.043635476,2016-03-14 05:00:00,1.0,7.626828e-07,0.0,4.3838128e-07,2.6726156e-07
282.1311,1.0,1.0,0.81234634,0.06160301,2016-03-14 06:00:00,1.0,1.372825e-06,0.0,0.0,1.1055636e-06
282.06055,1.0,1.0,0.7812869,0.06938428,2016-03-14 07:00:00,1.0,9.536743e-07,0.0,0.0,1.4305115e-06
281.93896,1.0,1.0,0.9254643,0.24114811,2016-03-14 08:00:00,1.0,7.5961116e-06,0.0,4.944339e-06,2.785403e-06
281.66187,1.0,1.0,0.94205946,0.50961626,2016-03-14 09:00:00,1.0,3.7338148e-05,0.0,2.7725444e-05,9.8033715e-06
281.95532,1.0,1.0,0.6712922,0.43356997,2016-03-14 10:00:00,1.0,8.039456e-05,0.0,6.780903e-05,1.2795116e-05
281.95605,0.98680043,0.98310745,0.4007132,0.43792236,2016-03-14 11:00:00,1.0,2.7661692e-05,0.0,1.43653615e-05,1.3257887e-05
281.83667,1.0,1.0,0.38305312,0.45480388,2016-03-14 12:00:00,1.0,5.240571e-05,0.0,3.949071e-05,1.30297185e-05
281.7976,1.0,1.0,0.34403205,0.5732992,2016-03-14 13:00:00,1.0,2.8234586e-05,0.0,1.8428647e-05,9.99692e-06
281.75708,1.0,1.0,0.34218746,0.62215877,2016-03-14 14:00:00,1.0,1.1492807e-05,0.0,7.3054234e-06,4.235131e-06
283.19556,1.0,1.0,0.27880347,0.7054401,2016-03-14 15:00:00,0.0,8.011341e-07,0.0,0.0,8.011341e-07
283.823,1.0,1.0,0.30739963,0.3560595,2016-03-14 16:00:00,1.0,7.2551467e-07,0.0,0.0,7.2551467e-07
284.364,1.0,1.0,0.2611643,0.0,2016-03-14 17:00:00,1.0,7.231186e-05,0.0,6.879133e-05,3.4923332e-06
285.2129,1.0,1.0,0.18935966,0.0,2016-03-14 18:00:00,1.0,0.00035772682,0.0,0.0003433826,1.4344226e-05
285.67334,0.98467964,0.9830906,0.31652218,0.0,2016-03-14 19:00:00,1.0,2.004127e-06,0.0,9.1650156e-07,1.1446655e-06
286.25903,0.99342126,0.99342126,0.30760914,0.0021207693,2016-03-14 20:00:00,1.0,5.440691e-06,0.0,5.278217e-06,2.6726156e-07
286.94653,0.9793362,0.9602676,0.29893488,0.0060638934,2016-03-14 21:00:00,0.0,7.633912e-06,0.0,7.538417e-06,1.9099144e-07
286.781,0.9947011,0.9856985,0.21223325,0.42879516,2016-03-14 22:00:00,0.0,5.3452317e-07,0.0,6.68154e-07,0.0
287.16553,0.9868063,0.9506743,0.28187096,0.51203954,2016-03-14 23:00:00,1.0,0.0,0.0,0.0,0.0
286.74683,0.9330239,0.868891,0.15366173,0.35921854,2016-03-15 00:00:00,1.0,0.0,0.0,0.0,0.0
286.5105,0.961704,0.74916214,0.23637462,0.76240104,2016-03-15 01:00:00,0.0,0.0,0.0,0.0,0.0
285.74634,1.0,0.9952328,0.15732878,0.9900601,2016-03-15 02:00:00,1.0,0.0,0.0,0.0,0.0
284.87524,1.0,0.9461588,0.18705189,0.98253256,2016-03-15 03:00:00,1.0,0.0,0.0,0.0,0.0
284.8435,0.99416727,0.85260165,0.082538664,0.97843605,2016-03-15 04:00:00,1.0,0.0,0.0,0.0,0.0
284.02832,0.998375,0.74128395,0.07753205,0.98176485,2016-03-15 05:00:00,0.0,1.258104e-06,0.0,0.0,1.258104e-06
283.61597,0.99036855,0.75162035,0.13133925,0.94718397,2016-03-15 06:00:00,1.0,2.5956942e-06,0.0,2.1758979e-06,0.0
283.66113,1.0,0.9367734,0.25007868,0.9798912,2016-03-15 07:00:00,0.0,0.0,0.0,1.3363075e-07,9.549569e-08
283.94214,1.0,0.76927185,0.09865403,1.0,2016-03-15 08:00:00,1.0,9.549567e-07,0.0,9.549567e-07,0.0
283.6931,0.9978961,0.74845237,0.11592901,0.99451786,2016-03-15 09:00:00,1.0,0.00055938214,0.0,0.00055884756,3.813414e-07
284.88696,1.0,0.74500436,0.22365075,1.0,2016-03-15 10:00:00,1.0,0.0019970522,0.0,0.0019960315,8.5817857e-07
284.70654,1.0,0.8368776,0.3630162,1.0,2016-03-15 11:00:00,1.0,0.0018673285,0.0,0.0018554025,1.1715881e-05
284.26,1.0,1.0,0.96885645,1.0,2016-03-15 12:00:00,1.0,0.0013378046,0.0,0.0012926282,4.4565764e-05
284.09766,1.0,0.72737306,0.9599924,1.0,2016-03-15 13:00:00,1.0,0.0012260664,0.0,0.0011016065,0.00012418297
284.07178,1.0,0.015484378,0.9894872,1.0,2016-03-15 14:00:00,1.0,0.0009151334,0.0,0.0007164839,0.00019861154
283.71802,1.0,0.06419116,1.0,1.0,2016-03-15 15:00:00,1.0,0.00069941604,0.0,0.0004681293,0.00023098088
283.44824,0.99683875,0.3871408,0.96437174,0.98709273,2016-03-15 16:00:00,1.0,0.0011418466,0.0,0.00066210004,0.00048008887
283.80664,0.9915844,0.9498581,0.84452754,0.6590492,2016-03-15 17:00:00,1.0,0.0016191974,0.0,0.0010053902,0.0006137879
283.90356,0.99946827,0.9989426,0.8548596,0.0968253,2016-03-15 18:00:00,1.0,0.0011211617,0.0,0.0005202107,0.0006005878
284.0349,1.0,1.0,0.7935723,0.27149725,2016-03-15 19:00:00,1.0,0.00013885392,0.0,8.512281e-05,5.3330208e-05
283.85474,0.9925423,0.97223896,0.96244025,0.7973516,2016-03-15 20:00:00,1.0,0.00021908114,0.0,3.2577067e-05,0.00018700973
283.70654,0.9978961,0.87795764,0.90338564,0.9704394,2016-03-15 21:00:00,1.0,0.0013257503,0.0,0.0008833839,0.00044277683
283.2981,1.0,1.0,0.95254487,1.0,2016-03-15 22:00:00,1.0,0.002077652,0.0,0.0014947271,0.00058315345
282.81836,1.0,1.0,0.975269,1.0,2016-03-15 23:00:00,1.0,0.0019657682,0.0,0.0014842472,0.0004815394
282.54492,1.0,1.0,1.0,1.0,2016-03-16 00:00:00,1.0,0.0018859978,0.0,0.00061022583,0.001276325
282.3369,1.0,1.0,1.0,1.0,2016-03-16 01:00:00,1.0,0.002115953,0.0,0.00018518204,0.001931037
282.29736,1.0,1.0,0.998375,1.0,2016-03-16 02:00:00,1.0,0.0019527492,0.0,0.00012732786,0.0018256784
281.61743,1.0,1.0,1.0,1.0,2016-03-16 03:00:00,1.0,0.0014822234,0.0,0.0002214354,0.0012611507
281.22485,1.0,1.0,1.0,1.0,2016-03-16 04:00:00,1.0,0.0014084482,0.0,0.00028603082,0.0011223988
280.0857,1.0,1.0,1.0,1.0,2016-03-16 05:00:00,1.0,0.0012012909,0.0,3.7502643e-05,0.0011637118
279.57495,1.0,0.9372085,1.0,1.0,2016-03-16 06:00:00,1.0,0.0011334314,0.0,0.0,0.0011334314
279.21484,1.0,0.75879705,1.0,0.99736434,2016-03-16 07:00:00,1.0,0.0008805273,0.0,0.0,0.0008805273
279.0337,1.0,0.56823194,1.0,1.0,2016-03-16 08:00:00,1.0,0.00061478117,0.0,0.0,0.00061460934
278.17896,1.0,0.50807136,1.0,1.0,2016-03-16 09:00:00,1.0,0.0004813976,0.0,0.0,0.000481379
277.78613,1.0,0.9362732,1.0,1.0,2016-03-16 10:00:00,1.0,0.0004454886,0.0,0.0,0.00044566044
277.94165,1.0,0.97050107,1.0,1.0,2016-03-16 11:00:00,1.0,0.00031944388,0.0,0.0,0.00031944388
277.85083,1.0,0.96306056,1.0,1.0,2016-03-16 12:00:00,1.0,0.00019375933,0.0,0.0,0.00019414067
277.563,1.0,0.40488654,1.0,1.0,2016-03-16 13:00:00,1.0,0.00012029776,0.0,0.0,0.0001200305
277.37183,1.0,0.0068065375,1.0,1.0,2016-03-16 14:00:00,1.0,6.5111104e-05,0.0,0.0,6.5111104e-05
278.64673,1.0,0.0057492107,1.0,1.0,2016-03-16 15:00:00,1.0,2.9961142e-05,0.0,0.0,3.0304669e-05
278.97827,1.0,0.27518344,1.0,1.0,2016-03-16 16:00:00,0.0,1.4253777e-05,0.0,0.0,1.4979292e-05
279.7456,1.0,0.47650278,0.9978792,0.98726624,2016-03-16 17:00:00,0.0,7.926739e-06,0.0,0.0,8.461263e-06
280.6089,1.0,0.6413636,0.98762196,0.9836233,2016-03-16 18:00:00,0.0,3.9633696e-06,0.0,0.0,3.9633696e-06
280.63403,0.998375,0.59028244,0.98435855,0.99284285,2016-03-16 19:00:00,0.0,1.3643635e-05,0.0,1.3777266e-05,0.0
280.88428,0.9989426,0.06447238,0.9978792,0.97527146,2016-03-16 20:00:00,0.0,0.0,0.0,0.0,0.0
280.87915,0.9978433,0.041509848,0.9578448,0.98520404,2016-03-16 21:00:00,0.0,0.0,0.0,0.0,0.0
280.18433,1.0,0.1478368,0.8998813,1.0,2016-03-16 22:00:00,0.0,0.0,0.0,0.0,0.0
280.08276,0.9989426,0.13718605,0.8404963,0.99841094,2016-03-16 23:00:00,0.0,1.2242595e-05,0.0,1.2338091e-05,0.0
279.84424,0.99946827,0.0,0.78454393,0.99946827,2016-03-17 00:00:00,0.0,0.0,0.0,0.0,0.0
279.41895,1.0,0.0,0.80047727,1.0,2016-03-17 01:00:00,0.0,0.0,0.0,0.0,0.0
278.89404,1.0,0.016911514,0.8868269,1.0,2016-03-17 02:00:00,0.0,0.0,0.0,0.0,0.0
277.90845,1.0,0.061501283,0.83934534,0.9932679,2016-03-17 03:00:00,0.0,0.0,0.0,0.0,0.0
277.38037,0.9989426,0.06768876,0.8140816,0.993669,2016-03-17 04:00:00,0.0,0.0,0.0,0.0,0.0
276.6538,0.7564708,0.062342156,0.7256217,0.32802135,2016-03-17 05:00:00,0.0,1.9099144e-07,0.0,1.432436e-07,0.0
276.41455,0.7877487,0.17736715,0.70839566,0.32364768,2016-03-17 06:00:00,0.0,0.0,0.0,0.0,0.0
276.1836,0.743064,0.07187778,0.67077714,0.32473415,2016-03-17 07:00:00,1.0,5.341346e-06,0.0,2.7661636e-06,3.0135625e-06
276.0027,0.76782906,0.15230864,0.67312795,0.3897252,2016-03-17 08:00:00,1.0,7.2089415e-06,0.0,4.834689e-06,2.3835437e-06
274.86108,0.5495657,0.013919428,0.18111175,0.5092367,2016-03-17 09:00:00,0.0,2.2815959e-07,0.0,0.0,3.813414e-07
274.62427,0.7389501,0.0033782488,0.26651108,0.72229934,2016-03-17 10:00:00,6.0,0.0,2.8519953e-08,0.0,0.0
274.63965,0.8015357,0.025942981,0.35839927,0.7813718,2016-03-17 11:00:00,6.0,3.813414e-07,3.14526e-07,0.0,3.813414e-07
274.60034,0.8526958,0.009103052,0.38709378,0.8401179,2016-03-17 12:00:00,6.0,1.258104e-06,1.0006179e-06,0.0,1.258104e-06
274.61597,0.78051573,0.0,0.12718803,0.7757125,2016-03-17 13:00:00,6.0,1.258104e-06,1.3104973e-06,0.0,1.258104e-06
275.4192,0.6411674,0.0021207693,0.19057631,0.57625407,2016-03-17 14:00:00,6.0,1.5253654e-06,1.4726484e-06,0.0,1.5253654e-06
277.0547,0.23433399,0.03780086,0.096888125,0.15706265,2016-03-17 15:00:00,0.0,3.813414e-07,2.86006e-07,0.0,3.813414e-07
277.44214,0.6790761,0.17729366,0.61827016,0.1056416,2016-03-17 16:00:00,1.0,7.816049e-05,0.0,7.510719e-05,2.9578105e-06
277.52734,0.65163416,0.33011538,0.583276,0.09197235,2016-03-17 17:00:00,1.0,0.00013442841,0.0,0.00011446532,2.0010513e-05
277.68262,0.7732996,0.2898447,0.7590679,0.008476965,2016-03-17 18:00:00,1.0,0.0002051863,0.0,0.0001853309,1.8748542e-05
277.5044,0.83956003,0.43940377,0.8185546,0.0,2016-03-17 19:00:00,1.0,0.00013361983,1.2068035e-05,8.9858804e-05,4.3770313e-05
277.44897,0.8632485,0.31902868,0.8530416,0.0,2016-03-17 20:00:00,1.0,0.00016319497,5.3586846e-06,0.00011997002,4.3339678e-05
276.87842,0.869685,0.31305498,0.84173125,0.0,2016-03-17 21:00:00,1.0,0.00015228135,4.6102623e-06,0.000104536055,4.7763868e-05
275.6548,0.8824439,0.5042674,0.8497961,0.016832627,2016-03-17 22:00:00,1.0,8.6436936e-05,5.3452317e-07,5.1637748e-05,3.4198965e-05
275.7124,0.94691294,0.5488527,0.9297341,0.10573667,2016-03-17 23:00:00,1.0,7.7503195e-05,0.0,5.386355e-05,2.3153509e-05
275.48022,0.9823182,0.47927195,0.96721846,0.3608594,2016-03-18 00:00:00,1.0,7.167405e-05,0.0,5.3862517e-05,1.8269784e-05
275.37378,0.9151215,0.3978449,0.8037367,0.5197448,2016-03-18 01:00:00,1.0,4.7618218e-05,1.2552309e-06,3.03438e-05,1.7885206e-05
274.99146,0.81751657,0.38282484,0.51859725,0.6201464,2016-03-18 02:00:00,7.0,6.6181485e-05,6.693109e-06,5.0470888e-05,1.5233762e-05
274.41748,0.82982063,0.637679,0.52174795,0.46262604,2016-03-18 03:00:00,7.0,5.4970034e-05,2.224071e-05,3.2715136e-05,2.2054926e-05
274.24463,0.84515333,0.6249538,0.63592464,0.25247884,2016-03-18 04:00:00,7.0,6.884968e-05,4.312898e-05,2.6535592e-05,4.239996e-05
273.07812,0.88170785,0.8627269,0.5721139,0.06476545,2016-03-18 05:00:00,5.0,8.989453e-05,5.061338e-05,5.6506353e-05,3.344522e-05
272.81982,0.8133248,0.8133248,0.11239523,0.039959677,2016-03-18 06:00:00,5.0,5.0718998e-05,4.3588225e-05,3.8044353e-05,1.2493261e-05
272.37695,0.868849,0.8641095,0.02021442,0.0197488,2016-03-18 07:00:00,5.0,1.6743128e-05,1.668658e-05,0.0,1.6743128e-05
272.14624,0.8207696,0.8207696,0.010724671,0.0,2016-03-18 08:00:00,5.0,5.9117538e-06,5.8068035e-06,0.0,5.9117538e-06
272.05347,0.7215618,0.71919084,0.034475394,0.0,2016-03-18 09:00:00,5.0,2.861023e-06,2.8993181e-06,0.0,2.765527e-06
272.51343,0.7073561,0.7073561,0.08637673,0.0,2016-03-18 10:00:00,5.0,3.0148458e-06,3.148316e-06,0.0,3.186612e-06
272.38672,0.751933,0.749562,0.099921465,0.0,2016-03-18 11:00:00,5.0,7.4813724e-06,7.47192e-06,0.0,7.4813724e-06
272.18945,0.77097744,0.77097744,0.013033811,0.0,2016-03-18 12:00:00,5.0,7.21411e-06,6.9186517e-06,0.0,7.21411e-06
272.02368,0.76316625,0.76316625,0.0,0.0,2016-03-18 13:00:00,5.0,2.900766e-06,2.695997e-06,0.0,2.900766e-06
272.41162,0.80953836,0.80616015,0.03540313,0.0,2016-03-18 14:00:00,5.0,2.423929e-06,2.5001964e-06,0.0,2.423929e-06
273.61987,0.86599416,0.86035615,0.2610343,0.0,2016-03-18 15:00:00,6.0,8.201086e-06,7.990543e-06,2.864872e-07,7.665921e-06
274.0022,0.92600536,0.9220229,0.3892855,0.0,2016-03-18 16:00:00,6.0,2.1134634e-05,1.9630897e-05,2.4828887e-06,1.8651743e-05
274.6565,0.9936331,0.9936331,0.49088508,0.0,2016-03-18 17:00:00,6.0,3.152569e-05,2.974477e-05,1.8144183e-06,2.9711271e-05
274.9834,0.95545644,0.9456405,0.69244343,0.0,2016-03-18 18:00:00,6.0,5.1732917e-05,4.4671877e-05,6.9375055e-06,4.4814966e-05
275.22363,0.99342126,0.98972833,0.7118377,0.0,2016-03-18 19:00:00,6.0,7.605611e-05,7.622306e-05,4.7747868e-08,7.61516e-05
274.90454,0.99046916,0.98211485,0.6657449,0.0,2016-03-18 20:00:00,6.0,8.506616e-05,7.4643176e-05,1.038981e-05,7.4676354e-05
275.12378,0.9737092,0.96707773,0.7442972,0.0,2016-03-18 21:00:00,6.0,8.51911e-05,4.889877e-05,3.6258512e-05,4.902776e-05
274.70508,0.9761269,0.9479961,0.8288031,0.0,2016-03-18 22:00:00,6.0,5.1207462e-05,4.968152e-05,1.5279311e-06,4.9526338e-05
274.62036,0.9837229,0.9549344,0.9233718,0.0,2016-03-18 23:00:00,6.0,6.1773535e-05,5.978487e-05,1.9099143e-06,5.986361e-05
274.47534,0.9989426,0.9373963,0.966537,0.0,2016-03-19 00:00:00,6.0,6.782885e-05,6.801936e-05,2.864872e-07,6.744686e-05
274.11987,0.97447604,0.91849965,0.4148361,0.0,2016-03-19 01:00:00,6.0,4.0126106e-05,3.976366e-05,0.0,4.0221596e-05
273.64844,0.9053923,0.7404458,0.5248288,0.0,2016-03-19 02:00:00,5.0,9.041973e-06,9.066009e-06,0.0,9.213738e-06
273.01416,0.97816896,0.86190337,0.7345122,0.0,2016-03-19 03:00:00,5.0,6.487304e-06,6.2082663e-06,0.0,6.0104667e-06
272.73755,0.9837291,0.90439886,0.8825642,0.0,2016-03-19 04:00:00,5.0,1.6998893e-05,1.69485e-05,0.0,1.7017475e-05
271.83813,0.997629,0.9778483,0.9737791,0.0,2016-03-19 05:00:00,5.0,2.7303482e-05,2.767537e-05,2.3681678e-06,2.531665e-05
271.83203,0.9926617,0.9312335,0.9749766,0.0,2016-03-19 06:00:00,5.0,8.963588e-05,8.98006e-05,5.888239e-05,3.0753494e-05
271.73267,0.98970896,0.92897254,0.9749646,0.0,2016-03-19 07:00:00,5.0,0.00015992626,0.0001599599,1.2414439e-06,0.00015868482
271.94043,0.97268593,0.7484632,0.9626862,0.0,2016-03-19 08:00:00,5.0,0.00013128787,0.00013105418,2.5280615e-06,0.0001285403
271.53882,0.96960723,0.6710016,0.9675205,0.0,2016-03-19 09:00:00,5.0,9.0431044e-05,9.026185e-05,1.1173558e-05,7.946706e-05
271.0039,0.8147945,0.4650339,0.7109952,0.0,2016-03-19 10:00:00,5.0,7.277136e-05,7.256371e-05,1.3742353e-05,5.8618825e-05
271.07275,0.83763397,0.59732914,0.728495,0.0,2016-03-19 11:00:00,5.0,0.00012989412,0.00012988466,8.107895e-05,4.897699e-05
271.06372,0.92417794,0.85564166,0.7426149,0.0,2016-03-19 12:00:00,5.0,0.00011207571,0.000112642985,7.067362e-05,4.214619e-05
271.08667,0.92895424,0.8615732,0.7164999,0.0,2016-03-19 13:00:00,5.0,9.093985e-05,9.077955e-05,3.084108e-05,6.019426e-05
271.56128,0.95840555,0.94498104,0.37261468,0.0,2016-03-19 14:00:00,5.0,5.6350138e-05,5.659825e-05,0.0,5.6445628e-05
272.47632,0.93686986,0.93343544,0.13290817,0.0,2016-03-19 15:00:00,5.0,3.1921852e-05,3.177188e-05,0.0,3.1712276e-05
272.87207,0.9284661,0.92687094,0.112684846,0.0,2016-03-19 16:00:00,5.0,1.4734548e-05,1.479167e-05,0.0,1.4639053e-05
273.99316,0.9211401,0.9102994,0.10288745,0.0,2016-03-19 17:00:00,6.0,6.2232493e-06,6.3137786e-06,0.0,6.4905116e-06
274.94604,0.84101033,0.82650876,0.047756433,0.0,2016-03-19 18:00:00,6.0,9.179127e-06,7.6273227e-06,1.6711747e-06,7.555699e-06
275.7329,0.776115,0.7684513,0.0789029,0.0,2016-03-19 19:00:00,7.0,4.8415634e-05,1.0108451e-05,3.789476e-05,1.0682701e-05
276.2185,0.9529212,0.9529212,0.2205404,0.0,2016-03-19 20:00:00,6.0,2.7547649e-05,1.9862724e-05,4.1425546e-06,2.3748304e-05
276.88745,0.9966217,0.9966217,0.26335347,0.0,2016-03-19 21:00:00,6.0,2.094754e-05,1.6684702e-05,0.0,2.0566207e-05
276.4541,0.9227151,0.91981244,0.19591689,0.0,2016-03-19 22:00:00,6.0,6.146365e-06,5.106087e-06,0.0,5.879104e-06
276.3811,0.94409895,0.9382936,0.23540628,0.0,2016-03-19 23:00:00,6.0,5.3452317e-07,6.68154e-07,0.0,5.3452317e-07
275.75732,0.9866723,0.975324,0.23138273,0.015364882,2016-03-20 00:00:00,6.0,0.0,2.0044615e-07,0.0,2.6726156e-07
274.9973,0.9896979,0.9896979,0.12647581,0.0,2016-03-20 01:00:00,6.0,0.0,0.0,0.0,0.0
274.83398,0.9894001,0.9894001,0.030557718,0.0,2016-03-20 02:00:00,6.0,0.0,0.0,0.0,0.0
273.75415,0.923738,0.923738,0.0,0.0,2016-03-20 03:00:00,5.0,0.0,0.0,0.0,0.0
273.5752,0.9610551,0.9610551,0.0,0.0,2016-03-20 04:00:00,0.0,0.0,0.0,0.0,0.0
272.9922,0.9579955,0.9579955,0.0,0.0,2016-03-20 05:00:00,5.0,0.0,0.0,0.0,0.0
272.3169,0.9489042,0.9489042,0.0,0.0,2016-03-20 06:00:00,5.0,0.0,0.0,0.0,0.0
272.26025,0.901625,0.901625,0.0100932345,0.0,2016-03-20 07:00:00,5.0,2.6726156e-07,6.6815346e-08,0.0,0.0
272.19678,0.8619287,0.8619287,0.0,0.0,2016-03-20 08:00:00,5.0,0.0,1.5493998e-07,0.0,3.813414e-07
271.81494,0.8286134,0.8286134,0.0,0.0,2016-03-20 09:00:00,5.0,0.0,1.7392614e-07,0.0,2.0957555e-07
270.48193,0.71090466,0.71090466,0.0,0.0,2016-03-20 10:00:00,5.0,0.0,5.239389e-08,0.0,0.0
270.60352,0.5609399,0.5609399,0.0,0.0,2016-03-20 11:00:00,5.0,0.0,0.0,0.0,0.0
270.86084,0.38335282,0.35470235,0.0,0.04646509,2016-03-20 12:00:00,5.0,0.0,1.1936965e-08,0.0,0.0
270.85718,0.49005306,0.2848081,0.0065169036,0.27351695,2016-03-20 13:00:00,0.0,0.0,1.1936965e-08,0.0,0.0
272.073,0.40425736,0.15578991,0.25641084,0.059017573,2016-03-20 14:00:00,0.0,0.0,1.1936965e-08,0.0,0.0
274.96484,0.46723574,0.13618255,0.38975948,0.0,2016-03-20 15:00:00,0.0,0.0,0.0,0.0,0.0
275.91504,0.6644706,0.49424195,0.34600818,0.0,2016-03-20 16:00:00,6.0,0.0,4.5344667e-08,0.0,0.0
276.8369,0.98599917,0.98494184,0.12745458,0.0,2016-03-20 17:00:00,0.0,0.0,2.3873934e-08,0.0,0.0
276.97754,0.98316735,0.98316735,0.0031780982,0.0,2016-03-20 18:00:00,0.0,0.0,0.0,0.0,0.0
277.59595,0.92791045,0.92791045,0.0,0.0,2016-03-20 19:00:00,0.0,0.0,0.0,0.0,0.0
278.01172,0.9966217,0.9966217,0.0,0.0,2016-03-20 20:00:00,0.0,0.0,0.0,0.0,0.0
278.54956,1.0,1.0,0.0,0.0100932345,2016-03-20 21:00:00,0.0,0.0,0.0,0.0,0.0
278.19482,0.85118973,0.7839543,0.0,0.25068116,2016-03-20 22:00:00,0.0,0.0,0.0,0.0,0.0
277.91406,0.477723,0.42930812,0.0,0.072921336,2016-03-20 23:00:00,0.0,0.0,0.0,0.0,0.0
277.03638,0.43389034,0.24695635,0.18073899,0.17317265,2016-03-21 00:00:00,0.0,0.0,0.0,0.0,0.0
275.57397,0.6068,0.020299256,0.5296418,0.24392253,2016-03-21 01:00:00,0.0,0.0,0.0,0.0,0.0
274.9331,0.9683919,0.0,0.95815706,0.32165134,2016-03-21 02:00:00,0.0,0.0,0.0,0.0,0.0
273.51587,0.97131145,0.0,0.91285014,0.6710041,2016-03-21 03:00:00,0.0,0.0,0.0,0.0,0.0
273.2036,0.8849381,0.0,0.84240067,0.59023005,2016-03-21 04:00:00,0.0,0.0,0.0,0.0,0.0
272.41113,0.96630305,0.0,0.93182945,0.685655,2016-03-21 05:00:00,0.0,0.0,0.0,0.0,0.0
272.46606,0.9409723,0.0,0.89223385,0.5377732,2016-03-21 06:00:00,0.0,0.0,0.0,0.0,0.0
272.43335,0.87580544,0.006364435,0.760103,0.68894506,2016-03-21 07:00:00,0.0,0.0,0.0,0.0,0.0
272.46313,0.9079305,0.0,0.8842127,0.49882406,2016-03-21 08:00:00,0.0,0.0,0.0,0.0,0.0
272.08716,0.9894646,0.03425933,0.97947925,0.5720402,2016-03-21 09:00:00,0.0,0.0,0.0,0.0,0.0
270.0437,0.9113385,0.0,0.45139694,0.8310156,2016-03-21 10:00:00,0.0,0.0,0.0,0.0,0.0
269.9475,0.90103126,0.0057492107,0.039481014,0.89765304,2016-03-21 11:00:00,0.0,0.0,0.0,0.0,0.0
269.64648,0.9859943,0.0,0.08423996,0.9859943,2016-03-21 12:00:00,0.0,0.0,0.0,0.0,0.0
270.46118,0.951368,0.0,0.44959402,0.9423572,2016-03-21 13:00:00,0.0,0.0,0.0,0.0,0.0
272.42236,0.9620953,0.0,0.8859047,0.95788753,2016-03-21 14:00:00,0.0,0.0,0.0,0.0,0.0
276.24463,0.9905219,0.0,0.91320074,0.9867931,2016-03-21 15:00:00,0.0,0.0,0.0,0.0,0.0
277.5056,0.98999023,0.0,0.9598516,0.97373,2016-03-21 16:00:00,0.0,0.0,0.0,0.0,0.0
279.06738,0.99284285,0.0,0.565846,0.9894646,2016-03-21 17:00:00,0.0,0.0,0.0,0.0,0.0
280.00415,0.99627113,0.0,0.11616552,0.99627113,2016-03-21 18:00:00,0.0,0.0,0.0,0.0,0.0
281.04785,0.98999023,0.0,0.013471484,0.98999023,2016-03-21 19:00:00,0.0,0.0,0.0,0.0,0.0
282.1477,0.9978961,0.0,0.03570979,0.9978961,2016-03-21 20:00:00,0.0,0.0,0.0,0.0,0.0
283.4973,0.97320104,0.008141857,0.29343426,0.97320104,2016-03-21 21:00:00,0.0,0.0,0.0,0.0,0.0
283.29712,0.98347515,0.042815376,0.8308311,0.97947925,2016-03-21 22:00:00,0.0,0.0,0.0,0.0,0.0
283.4126,0.92789394,0.10206002,0.49548507,0.91740525,2016-03-21 23:00:00,0.0,0.0,0.0,0.0,0.0
282.719,0.7526319,0.051813513,0.49595112,0.70263326,2016-03-22 00:00:00,0.0,0.0,0.0,0.0,0.0
281.90576,0.7082598,0.03333883,0.6473553,0.60048336,2016-03-22 01:00:00,0.0,0.0,0.0,0.0,0.0
281.44092,0.773073,0.0,0.6504224,0.6354515,2016-03-22 02:00:00,0.0,0.0,0.0,0.0,0.0
280.49878,0.953347,0.0,0.8488858,0.9079194,2016-03-22 03:00:00,0.0,0.0,0.0,0.0,0.0
279.78735,0.9903652,0.0,0.9903652,0.9800109,2016-03-22 04:00:00,0.0,0.0,0.0,0.0,0.0
278.8855,0.97790706,0.0,0.905131,0.9520548,2016-03-22 05:00:00,0.0,5.7297444e-07,0.0,4.774787e-07,0.0
278.26392,0.9312933,0.0,0.45379698,0.9130832,2016-03-22 06:00:00,0.0,0.0,0.0,0.0,0.0
277.85718,0.4973771,0.0,0.03379232,0.4781109,2016-03-22 07:00:00,0.0,4.3557564e-05,0.0,4.3748238e-05,0.0
277.05713,0.13813186,0.0,0.0065394603,0.13211799,2016-03-22 08:00:00,0.0,0.0,0.0,0.0,0.0
276.2268,0.48806542,0.0,0.010009766,0.48806542,2016-03-22 09:00:00,0.0,0.0,0.0,0.0,0.0
276.02734,0.95116776,0.0,0.07025492,0.9477895,2016-03-22 10:00:00,0.0,0.0,0.0,0.0,0.0
276.14526,0.9789225,0.0,0.3048563,0.9683862,2016-03-22 11:00:00,0.0,0.0,0.0,0.0,0.0
276.07178,0.95341545,0.0,0.796086,0.8961017,2016-03-22 12:00:00,0.0,0.0,0.0,0.0,0.0
275.94702,0.96651673,0.0,0.88687485,0.8458794,2016-03-22 13:00:00,0.0,0.0,0.0,0.0,0.0
277.19946,0.73433346,0.0,0.17812282,0.6250602,2016-03-22 14:00:00,0.0,0.0,0.0,0.0,0.0
279.72363,0.98836523,0.0,0.0,0.98836523,2016-03-22 15:00:00,0.0,0.0,0.0,0.0,0.0
280.96094,0.9766327,0.0,0.0,0.9766327,2016-03-22 16:00:00,0.0,0.0,0.0,0.0,0.0
282.896,0.99609,0.0,0.0,0.99609,2016-03-22 17:00:00,0.0,0.0,0.0,0.0,0.0
283.70337,1.0,0.0,0.00053172023,1.0,2016-03-22 18:00:00,0.0,0.0,0.0,0.0,0.0
284.25586,0.990789,0.0,0.011655062,0.990789,2016-03-22 19:00:00,0.0,0.0,0.0,0.0,0.0
284.60132,0.98999023,0.0,0.019839726,0.98999023,2016-03-22 20:00:00,0.0,0.0,0.0,0.0,0.0
285.0952,0.9351919,0.0,0.040645268,0.9351919,2016-03-22 21:00:00,0.0,0.0,0.0,0.0,0.0
283.6775,0.99946827,0.0,0.050632965,0.99946827,2016-03-22 22:00:00,0.0,0.0,0.0,0.0,0.0
282.5327,1.0,0.0,0.21608841,1.0,2016-03-22 23:00:00,0.0,0.0,0.0,0.0,0.0
281.15405,1.0,0.0,0.1408028,1.0,2016-03-23 00:00:00,0.0,0.0,0.0,0.0,0.0
279.55835,0.998375,0.0,0.1097514,0.998375,2016-03-23 01:00:00,0.0,0.0,0.0,0.0,0.0
278.30273,1.0,0.0,0.10096526,1.0,2016-03-23 02:00:00,0.0,0.0,0.0,0.0,0.0
275.98267,1.0,0.0,0.26964015,1.0,2016-03-23 03:00:00,0.0,0.0,0.0,0.0,0.0
275.31885,1.0,0.0,0.33290774,1.0,2016-03-23 04:00:00,0.0,5.7297444e-07,0.0,5.2522654e-07,0.0
274.5891,1.0,0.0,0.2244376,1.0,2016-03-23 05:00:00,0.0,2.0364256e-05,0.0,2.0030653e-05,0.0
274.31348,0.96232647,0.0,0.121494055,0.96232647,2016-03-23 06:00:00,0.0,0.0,0.0,9.549569e-08,0.0
274.3374,0.969333,0.011682283,0.3420632,0.9606504,2016-03-23 07:00:00,0.0,5.3452317e-07,0.0,4.0089236e-07,0.0
274.31152,0.9760651,0.0,0.9235667,0.9316071,2016-03-23 08:00:00,0.0,0.0,0.0,0.0,0.0
274.00195,0.9733243,0.0,0.8418119,0.8805926,2016-03-23 09:00:00,0.0,0.0,0.0,0.0,0.0
273.93628,1.0,0.05293934,0.79114467,0.9966217,2016-03-23 10:00:00,0.0,0.0,0.0,0.0,0.0
274.00928,1.0,0.17014569,0.7577599,1.0,2016-03-23 11:00:00,0.0,0.0,0.0,0.0,0.0
274.13354,1.0,0.17497051,0.6487054,1.0,2016-03-23 12:00:00,0.0,0.0,0.0,0.0,0.0
274.23413,1.0,0.23925328,0.73207843,1.0,2016-03-23 13:00:00,0.0,0.0,0.0,0.0,0.0
274.4856,1.0,0.10438961,0.997629,0.98238194,2016-03-23 14:00:00,0.0,3.8198294e-07,5.274705e-07,0.0,2.864872e-07
274.6211,1.0,0.0065169036,0.9608384,0.98999023,2016-03-23 15:00:00,6.0,3.016129e-06,3.0638776e-06,0.0,3.2833905e-06
274.68774,0.99946827,0.008701935,0.99258035,0.99841094,2016-03-23 16:00:00,6.0,7.138473e-06,6.434352e-06,6.6847014e-07,6.5654986e-06
275.00195,1.0,0.01001557,0.9952328,0.99604,2016-03-23 17:00:00,6.0,2.8520546e-05,2.2255801e-05,1.3178412e-05,1.480762e-05
275.10083,0.99841094,0.0,0.96554476,0.992347,2016-03-23 18:00:00,6.0,2.9152478e-05,2.8999784e-05,0.0,2.9362054e-05
274.83057,0.9970973,0.0,0.9629592,0.99550825,2016-03-23 19:00:00,6.0,0.00032643136,0.00032218662,4.201812e-06,0.0003222297
274.53442,0.98762196,0.011520103,0.9733891,0.9794515,2016-03-23 20:00:00,6.0,0.00036306377,0.00033651455,6.33834e-05,0.00029982347
274.79077,0.9949934,0.0,0.9495074,0.98498976,2016-03-23 21:00:00,6.0,0.00057441765,0.0005409175,0.00023835432,0.0003359015
273.32837,1.0,0.19716889,0.9551562,0.9928895,2016-03-23 22:00:00,6.0,0.0004512053,0.00041650934,0.0001863447,0.00026490842
273.36987,0.9970973,0.2567408,0.9621101,0.9642309,2016-03-23 23:00:00,7.0,0.00042592944,0.00034381193,0.00025468622,0.00017113764
273.16284,0.99055785,0.23363096,0.94841135,0.87652826,2016-03-24 00:00:00,6.0,0.00035411166,0.0003002358,0.0002119679,0.00014230632
273.25708,1.0,0.0,0.95443726,0.9899067,2016-03-24 01:00:00,6.0,0.00025878847,0.00024218108,0.00014602586,0.00011257196
273.21802,1.0,0.0034282913,0.98152435,0.98627204,2016-03-24 02:00:00,6.0,0.00018326943,0.0001770433,7.357738e-05,0.0001095584
273.27686,1.0,0.065185845,0.9941755,1.0,2016-03-24 03:00:00,6.0,0.00011771718,0.00011769323,0.0,0.000117812684
273.34937,1.0,0.08602488,1.0,1.0,2016-03-24 04:00:00,5.0,9.726701e-05,9.7472264e-05,0.0,9.7362514e-05
273.0481,1.0,0.11739391,1.0,1.0,2016-03-24 05:00:00,5.0,7.405838e-05,7.408242e-05,0.0,7.415388e-05
272.7151,1.0,0.27496475,1.0,1.0,2016-03-24 06:00:00,5.0,6.288734e-05,6.276781e-05,0.0,6.2829655e-05
272.6372,1.0,0.23277652,1.0,1.0,2016-03-24 07:00:00,5.0,0.000109249435,0.00010938739,0.0,0.000109249435
272.3357,1.0,0.47850287,0.9788243,1.0,2016-03-24 08:00:00,5.0,9.093864e-05,9.085325e-05,0.0,9.093864e-05
271.56787,1.0,0.10101122,0.8588843,1.0,2016-03-24 09:00:00,5.0,8.0902e-05,8.091146e-05,0.0,8.073024e-05
271.01294,1.0,0.19717687,0.41547513,1.0,2016-03-24 10:00:00,5.0,7.5478616e-05,7.529692e-05,0.0,7.532544e-05
270.97705,1.0,0.12497455,0.1671865,1.0,2016-03-24 11:00:00,5.0,6.440753e-05,6.407626e-05,0.0,6.419796e-05
270.6714,1.0,0.0026463778,0.05818624,1.0,2016-03-24 12:00:00,5.0,4.044392e-05,4.0637082e-05,0.0,4.0539424e-05
270.45532,1.0,0.011880033,0.084733486,1.0,2016-03-24 13:00:00,5.0,1.4614007e-05,1.4392172e-05,0.0,1.425125e-05
271.20996,0.94702464,0.054453235,0.040956892,0.9401681,2016-03-24 14:00:00,0.0,2.1752421e-06,2.5473719e-06,0.0,2.6520793e-06
272.55566,0.9253784,0.008716382,0.0,0.9253784,2016-03-24 15:00:00,0.0,1.9099144e-07,1.4556662e-07,0.0,1.9099144e-07
273.30786,0.9349465,0.0,0.0,0.9349465,2016-03-24 16:00:00,0.0,0.0,0.0,0.0,0.0
274.92798,0.86657023,0.0,0.0,0.86657023,2016-03-24 17:00:00,0.0,0.0,0.0,0.0,0.0
276.12988,0.47071403,0.0,0.0015890491,0.47071403,2016-03-24 18:00:00,0.0,0.0,0.0,0.0,0.0
277.15918,0.030943125,0.0,0.0,0.030943125,2016-03-24 19:00:00,0.0,0.0,0.0,0.0,0.0
278.1831,0.0,0.0,0.0,0.0,2016-03-24 20:00:00,0.0,0.0,0.0,0.0,0.0
279.03833,0.0,0.0,0.0,0.0,2016-03-24 21:00:00,0.0,0.0,0.0,0.0,0.0
278.9851,0.0,0.0,0.0,0.0,2016-03-24 22:00:00,0.0,0.0,0.0,0.0,0.0
278.6477,0.0,0.0,0.0,0.0,2016-03-24 23:00:00,0.0,0.0,0.0,0.0,0.0
278.4851,0.0,0.0,0.0,0.0,2016-03-25 00:00:00,0.0,0.0,0.0,0.0,0.0
276.84912,0.0,0.0,0.0,0.0,2016-03-25 01:00:00,0.0,0.0,0.0,0.0,0.0
275.63843,0.0,0.0,0.0,0.0,2016-03-25 02:00:00,0.0,0.0,0.0,0.0,0.0
275.12646,0.0,0.0,0.0,0.0,2016-03-25 03:00:00,0.0,0.0,0.0,0.0,0.0
274.51587,0.0,0.0,0.0,0.0,2016-03-25 04:00:00,0.0,0.0,0.0,0.0,0.0
273.30176,0.0,0.0,0.0,0.0,2016-03-25 05:00:00,0.0,0.0,0.0,0.0,0.0
272.58203,0.0,0.0,0.0,0.0,2016-03-25 06:00:00,0.0,0.0,0.0,0.0,0.0
271.16138,0.0,0.0,0.0,0.0,2016-03-25 07:00:00,0.0,0.0,0.0,0.0,0.0
271.229,0.19627672,0.0,0.0,0.19627672,2016-03-25 08:00:00,0.0,0.0,0.0,0.0,0.0
270.70972,0.21299827,0.0,0.0,0.21299827,2016-03-25 09:00:00,0.0,0.0,0.0,0.0,0.0
270.63623,0.8743936,0.0,0.0,0.8743936,2016-03-25 10:00:00,0.0,0.0,0.0,0.0,0.0
270.51343,0.9479918,0.0,0.005003199,0.9479918,2016-03-25 11:00:00,0.0,0.0,0.0,0.0,0.0
270.34985,0.9916152,0.0,0.04138655,0.9916152,2016-03-25 12:00:00,0.0,0.0,0.0,0.0,0.0
270.64502,0.9917963,0.0,0.12291336,0.9917963,2016-03-25 13:00:00,0.0,0.0,0.0,0.0,0.0
272.04224,1.0,0.0,0.21558946,1.0,2016-03-25 14:00:00,0.0,0.0,0.0,0.0,0.0
276.36914,0.9549876,0.0,0.25196332,0.9549876,2016-03-25 15:00:00,0.0,0.0,0.0,0.0,0.0
277.6499,0.9910895,0.0,0.04040465,0.9910895,2016-03-25 16:00:00,0.0,0.0,0.0,0.0,0.0
278.7556,0.98626137,0.0,0.0016249504,0.98626137,2016-03-25 17:00:00,0.0,0.0,0.0,0.0,0.0
279.59058,0.9800109,0.0,0.09019482,0.9800109,2016-03-25 18:00:00,0.0,0.0,0.0,0.0,0.0
280.18726,0.98999023,0.0,0.052333333,0.98999023,2016-03-25 19:00:00,0.0,0.0,0.0,0.0,0.0
280.48633,0.9762821,0.0,0.16256541,0.9762821,2016-03-25 20:00:00,0.0,0.0,0.0,0.0,0.0
281.2212,0.9734295,0.0,0.582141,0.9734295,2016-03-25 21:00:00,0.0,0.0,0.0,0.0,0.0
280.7827,0.97790706,0.0,0.7757909,0.9758032,2016-03-25 22:00:00,0.0,0.0,0.0,0.0,0.0
280.6626,0.9775119,0.0,0.8146931,0.9127254,2016-03-25 23:00:00,0.0,6.1943647e-06,0.0,6.0895763e-06,0.0
280.18433,0.9957922,0.0,0.9878556,0.9740189,2016-03-26 00:00:00,0.0,2.4988316e-05,0.0,2.5045345e-05,0.0
279.45215,0.98477787,0.0,0.94501054,0.95237374,2016-03-26 01:00:00,0.0,0.0,0.0,0.0,0.0
279.42773,0.97900033,0.0,0.873758,0.9356306,2016-03-26 02:00:00,0.0,0.0,0.0,0.0,0.0
278.76,0.9868425,0.010724671,0.900786,0.92810464,2016-03-26 03:00:00,0.0,0.0,0.0,0.0,0.0
278.47363,0.9841934,0.056055862,0.9097548,0.8323015,2016-03-26 04:00:00,0.0,5.6124933e-05,0.0,5.5857672e-05,0.0
277.72632,0.9489859,0.08275056,0.87959117,0.74752176,2016-03-26 05:00:00,0.0,0.00049193343,0.0,0.00049201003,0.0
277.98657,0.9060898,0.067403376,0.77415854,0.5570353,2016-03-26 06:00:00,1.0,5.1855977e-06,0.0,0.0,4.8042566e-06
278.1233,0.9747901,0.07274479,0.82821095,0.84841394,2016-03-26 07:00:00,1.0,0.00032099383,0.0,0.00031265104,8.314533e-06
277.8452,0.99164295,0.040260475,0.9196627,0.97958565,2016-03-26 08:00:00,1.0,9.7328884e-05,0.0,8.301575e-05,1.5008846e-05
277.60498,1.0,0.04567897,0.8912871,0.9978433,2016-03-26 09:00:00,1.0,0.00028337399,0.0,0.00020311796,7.995039e-05
277.2334,0.99336845,0.4820255,0.97802645,0.95315415,2016-03-26 10:00:00,1.0,0.00040783803,0.0,0.00026477617,0.00014260455
277.35083,0.99206334,0.0863716,0.9835951,0.88831073,2016-03-26 11:00:00,1.0,0.0003531042,0.0,0.0,0.00035300874
277.4348,0.9878863,0.16072237,0.96368957,0.8841921,2016-03-26 12:00:00,1.0,0.00046495488,0.0,3.354132e-05,0.0004315474
277.35767,0.98182,0.033712804,0.7445757,0.9424836,2016-03-26 13:00:00,1.0,0.00040831906,0.0,0.00013386393,0.00027458882
278.11597,0.96962804,0.01923487,0.32954043,0.95347637,2016-03-26 14:00:00,1.0,7.718717e-05,0.0,0.0,7.718717e-05
279.50073,0.9061314,0.103527546,0.35166323,0.85064274,2016-03-26 15:00:00,1.0,2.3641842e-05,0.0,0.0,2.3641842e-05
280.30933,0.93252885,0.18356198,0.45907086,0.836518,2016-03-26 16:00:00,1.0,8.921449e-06,0.0,0.0,8.921449e-06
281.07007,0.9989426,0.70014036,0.322084,0.9926617,2016-03-26 17:00:00,0.0,7.626828e-07,0.0,0.0,2.2815959e-07
282.24268,1.0,0.9551193,0.33801126,1.0,2016-03-26 18:00:00,0.0,1.4881971e-06,0.0,1.6215072e-06,1.9099144e-07
281.8152,1.0,1.0,0.88108957,1.0,2016-03-26 19:00:00,1.0,0.00043867016,0.0,0.0004335693,4.805539e-06
282.09644,1.0,0.79772645,0.99946827,1.0,2016-03-26 20:00:00,1.0,0.00047048554,0.0,0.00027838652,0.0001922034
281.74585,1.0,0.7022659,1.0,1.0,2016-03-26 21:00:00,1.0,0.0005408239,0.0,2.4569948e-05,0.00051591033
280.39087,1.0,0.77946264,1.0,1.0,2016-03-26 22:00:00,1.0,0.00067511783,0.0,6.6671535e-05,0.00060857064
280.21753,1.0,0.9517907,1.0,1.0,2016-03-26 23:00:00,1.0,0.00066237804,0.0,4.697169e-05,0.0006154354
279.80664,1.0,0.78418034,1.0,1.0,2016-03-27 00:00:00,1.0,0.00061378814,0.0,8.0897575e-05,0.000532337
279.33374,1.0,0.9634457,1.0,1.0,2016-03-27 01:00:00,1.0,0.0005780151,0.0,5.7545985e-05,0.00052065984
278.8003,1.0,0.9439683,1.0,1.0,2016-03-27 02:00:00,1.0,0.0006730738,0.0,0.00020160487,0.00047195517
278.27515,1.0,0.9799739,0.9899067,0.98946124,2016-03-27 03:00:00,1.0,0.0004851704,0.0,3.7015416e-05,0.00044825976
278.10693,1.0,0.9261509,1.0,0.99946827,2016-03-27 04:00:00,1.0,0.00039566588,0.0,2.4713067e-05,0.0003712005
277.8086,1.0,0.99315417,1.0,0.9856985,2016-03-27 05:00:00,1.0,0.0003206376,0.0,2.134866e-06,0.00031876983
277.52368,1.0,0.93785244,0.9373918,0.55994016,2016-03-27 06:00:00,1.0,0.00018390146,0.0,1.9067068e-07,0.00018405465
277.50024,1.0,1.0,0.91382706,0.15897423,2016-03-27 07:00:00,1.0,0.00015831768,0.0,1.3363075e-07,0.00015831768
277.14087,1.0,0.99675006,0.99657166,0.036147296,2016-03-27 08:00:00,1.0,0.00027016527,0.0,1.3363075e-07,0.00027016527
276.12378,1.0,1.0,0.99055785,0.033763066,2016-03-27 09:00:00,1.0,0.00045425142,0.0,0.0,0.00045425142
275.82642,1.0,1.0,0.9372809,0.05055835,2016-03-27 10:00:00,1.0,0.0005784028,0.0,0.0,0.0005781355
275.7129,1.0,1.0,0.91481316,0.0067320913,2016-03-27 11:00:00,1.0,0.00055460515,0.0,0.0,0.0005543956
275.61133,1.0,1.0,0.887461,0.016922597,2016-03-27 12:00:00,1.0,0.00036261533,0.0,0.0,0.0003625576
275.1499,1.0,1.0,0.60037595,0.08728504,2016-03-27 13:00:00,1.0,0.00020329401,0.0,0.0,0.00020356127
275.083,1.0,1.0,0.29593903,0.09042126,2016-03-27 14:00:00,1.0,7.119986e-05,0.0,0.0,7.083711e-05
275.6311,1.0,1.0,0.35323977,0.050930757,2016-03-27 15:00:00,1.0,8.3907935e-06,0.0,0.0,8.3907935e-06
276.04297,1.0,1.0,0.08118278,0.062288254,2016-03-27 16:00:00,1.0,1.9073486e-06,0.0,9.549569e-08,1.5253654e-06
276.57056,1.0,1.0,0.0,0.010290984,2016-03-27 17:00:00,1.0,3.1276331e-06,0.0,8.3029784e-07,2.3636676e-06
277.0005,1.0,1.0,0.04176997,0.0,2016-03-27 18:00:00,1.0,2.1739588e-06,0.0,9.549569e-08,1.9829677e-06
277.48193,1.0,1.0,0.17046899,0.0,2016-03-27 19:00:00,1.0,1.8894052e-06,0.0,4.7747868e-08,2.0034859e-06
278.35327,1.0,1.0,0.066500366,0.0,2016-03-27 20:00:00,0.0,6.678286e-07,0.0,0.0,6.678286e-07
279.1902,1.0,1.0,0.0023709626,0.0,2016-03-27 21:00:00,0.0,0.0,0.0,0.0,0.0
279.22217,1.0,1.0,0.0,0.0,2016-03-27 22:00:00,0.0,0.0,0.0,0.0,0.0
278.906,0.9902332,0.9902332,0.0,0.0,2016-03-27 23:00:00,0.0,0.0,0.0,0.0,0.0
278.9336,0.81622493,0.81622493,0.0,0.0,2016-03-28 00:00:00,0.0,0.0,0.0,0.0,0.0
277.8037,0.37916207,0.37916207,0.0,0.0,2016-03-28 01:00:00,0.0,0.0,0.0,0.0,0.0
276.75806,0.06520063,0.06520063,0.0,0.0,2016-03-28 02:00:00,0.0,0.0,0.0,0.0,0.0
274.56323,0.010822706,0.010822706,0.0,0.0,2016-03-28 03:00:00,0.0,0.0,0.0,0.0,0.0
274.2539,0.0015890491,0.0015890491,0.0,0.0,2016-03-28 04:00:00,0.0,0.0,0.0,0.0,0.0
273.96826,0.0048919544,0.0,0.0,0.0048919544,2016-03-28 05:00:00,0.0,0.0,0.0,0.0,0.0
274.7561,0.26285028,0.0,0.0,0.26285028,2016-03-28 06:00:00,0.0,0.0,0.0,0.0,0.0
274.93213,0.4949252,0.0,0.0048919544,0.4916582,2016-03-28 07:00:00,0.0,0.0,0.0,0.0,0.0
273.87012,0.27057815,0.0,0.054266293,0.24251777,2016-03-28 08:00:00,0.0,0.0,0.0,0.0,0.0
273.3291,0.15306568,0.0,0.06636101,0.09843993,2016-03-28 09:00:00,0.0,0.0,0.0,0.0,0.0
272.3689,0.19945312,0.0,0.19272101,0.020210877,2016-03-28 10:00:00,0.0,0.0,0.0,0.0,0.0
272.29907,0.23922884,0.0,0.23922884,0.0,2016-03-28 11:00:00,0.0,0.0,0.0,0.0,0.0
272.3772,0.065478384,0.0,0.065478384,0.0,2016-03-28 12:00:00,0.0,0.0,0.0,0.0,0.0
273.45483,0.19993395,0.0,0.19993395,0.0,2016-03-28 13:00:00,1.0,0.0,0.0,0.0,0.0
275.22437,0.677927,0.0,0.677927,0.0,2016-03-28 14:00:00,1.0,2.6726156e-07,0.0,1.3363075e-07,0.0
278.9856,0.9372223,0.0,0.9372223,0.0,2016-03-28 15:00:00,0.0,2.6726156e-07,0.0,2.6726156e-07,0.0
280.7395,0.89893615,0.0,0.89893615,0.0,2016-03-28 16:00:00,0.0,0.0,0.0,0.0,0.0
282.78833,0.42736608,0.0,0.42736608,0.0,2016-03-28 17:00:00,0.0,0.0,0.0,0.0,0.0
284.15063,0.15133709,0.0,0.15133709,0.0,2016-03-28 18:00:00,0.0,0.0,0.0,0.0,0.0
284.9973,0.10081351,0.0,0.10081351,0.0,2016-03-28 19:00:00,0.0,0.0,0.0,0.0,0.0
286.29468,0.13817376,0.0,0.12342948,0.014727183,2016-03-28 20:00:00,0.0,0.0,0.0,0.0,0.0
287.33447,0.14977258,0.0,0.0,0.14977258,2016-03-28 21:00:00,0.0,0.0,0.0,0.0,0.0
287.01538,0.1964342,0.0,0.0,0.1964342,2016-03-28 22:00:00,0.0,0.0,0.0,0.0,0.0
287.01758,0.0,0.0,0.0,0.0,2016-03-28 23:00:00,0.0,0.0,0.0,0.0,0.0
285.61475,0.0,0.0,0.0,0.0,2016-03-29 00:00:00,0.0,0.0,0.0,0.0,0.0
284.05225,0.0,0.0,0.0,0.0,2016-03-29 01:00:00,0.0,0.0,0.0,0.0,0.0
281.58008,0.0,0.0,0.0,0.0,2016-03-29 02:00:00,0.0,0.0,0.0,0.0,0.0
280.4048,0.0,0.0,0.0,0.0,2016-03-29 03:00:00,0.0,0.0,0.0,0.0,0.0
279.70703,0.2600698,0.0,0.0,0.2600698,2016-03-29 04:00:00,0.0,0.0,0.0,0.0,0.0
278.98657,0.7710693,0.0,0.0,0.7710693,2016-03-29 05:00:00,0.0,0.0,0.0,0.0,0.0
278.10815,0.9517843,0.0,0.0,0.9517843,2016-03-29 06:00:00,0.0,0.0,0.0,0.0,0.0
277.98462,0.97661245,0.0,0.0,0.97661245,2016-03-29 07:00:00,0.0,0.0,0.0,0.0,0.0
277.6599,0.9949934,0.0,0.0,0.9949934,2016-03-29 08:00:00,0.0,0.0,0.0,0.0,0.0
276.91846,0.97684366,0.0,0.051929135,0.97684366,2016-03-29 09:00:00,0.0,0.0,0.0,0.0,0.0
277.22388,0.98783964,0.0,0.24290735,0.9873079,2016-03-29 10:00:00,0.0,0.0,0.0,0.0,0.0
277.39868,0.9978792,0.0,0.39820826,0.9931373,2016-03-29 11:00:00,0.0,0.0,0.0,0.0,0.0
277.36035,0.79939014,0.0,0.44713873,0.75502557,2016-03-29 12:00:00,0.0,0.0,0.0,0.0,0.0
278.1953,0.6330233,0.0,0.331496,0.44299376,2016-03-29 13:00:00,0.0,0.0,0.0,0.0,0.0
280.76465,0.8499189,0.0,0.12058139,0.8263469,2016-03-29 14:00:00,0.0,0.0,0.0,0.0,0.0
284.66626,0.9811042,0.0,0.04777881,0.9811042,2016-03-29 15:00:00,0.0,0.0,0.0,0.0,0.0
286.16064,0.9607197,0.0,0.021835826,0.9607197,2016-03-29 16:00:00,0.0,0.0,0.0,0.0,0.0
287.96143,0.99946827,0.0,0.0033782488,0.99946827,2016-03-29 17:00:00,0.0,0.0,0.0,0.0,0.0
289.2771,0.9864784,0.0,0.004207764,0.9864784,2016-03-29 18:00:00,0.0,0.0,0.0,0.0,0.0
290.2932,0.99262583,0.0,0.03507217,0.99262583,2016-03-29 19:00:00,0.0,0.0,0.0,0.0,0.0
290.51074,1.0,0.0,0.16180307,1.0,2016-03-29 20:00:00,0.0,0.0,0.0,0.0,0.0
290.6648,1.0,0.0,0.40523952,1.0,2016-03-29 21:00:00,0.0,0.0,0.0,0.0,0.0
289.05933,1.0,0.0,0.82602346,1.0,2016-03-29 22:00:00,0.0,0.0,0.0,0.0,0.0
288.30298,1.0,0.0,0.97105706,0.99736434,2016-03-29 23:00:00,0.0,0.0,0.0,0.0,0.0
287.45264,1.0,0.0,0.97991747,0.99001795,2016-03-30 00:00:00,0.0,0.0,0.0,0.0,0.0
286.64233,1.0,0.0,0.98284376,1.0,2016-03-30 01:00:00,0.0,0.0,0.0,0.0,0.0
286.29883,1.0,0.0,0.76463425,1.0,2016-03-30 02:00:00,1.0,0.000103602564,0.0,0.00010384098,0.0
284.91895,1.0,0.0,0.9047659,1.0,2016-03-30 03:00:00,1.0,0.00040376117,0.0,0.00040375115,2.6726156e-07
283.40845,1.0,0.0,0.89609164,1.0,2016-03-30 04:00:00,1.0,0.00054546446,0.0,0.00046688784,7.859626e-05
282.2268,1.0,0.0,0.97914016,1.0,2016-03-30 05:00:00,1.0,0.00088044535,0.0,0.00064638467,0.00023415602
281.75464,1.0,0.0063116476,0.9486157,1.0,2016-03-30 06:00:00,1.0,0.0012243013,0.0,0.0008150893,0.00040924991
281.48193,0.99736434,0.045700762,0.82888293,0.990739,2016-03-30 07:00:00,1.0,0.002130189,0.0,0.0012525758,0.00087776524
281.1001,1.0,0.008415531,0.8972556,1.0,2016-03-30 08:00:00,1.0,0.0009107683,0.0,0.0003978212,0.00051344256
280.0288,1.0,0.01851124,0.8905349,0.9970973,2016-03-30 09:00:00,1.0,0.00020566389,0.0,0.0,0.00020566389
279.87598,1.0,0.0029026829,0.98475856,1.0,2016-03-30 10:00:00,1.0,0.00011455898,0.0,0.0,0.00011465447
279.95215,1.0,0.0026356035,0.9989426,1.0,2016-03-30 11:00:00,1.0,0.0009200736,0.0,0.00066620973,0.00025388272
279.75488,1.0,0.01115578,1.0,1.0,2016-03-30 12:00:00,1.0,0.0011412555,0.0,0.0006418214,0.0004997011
279.6018,1.0,0.10324103,0.99841094,0.99627113,2016-03-30 13:00:00,1.0,0.0012452374,0.0,0.00023530255,0.0010096775
279.3518,0.9548846,0.43284053,0.76622915,0.7424975,2016-03-30 14:00:00,1.0,0.0025555163,0.0,0.00038528838,0.0021704372
279.5005,1.0,1.0,0.9978961,0.60756344,2016-03-30 15:00:00,1.0,0.0026664322,0.0,0.00038013468,0.0022866123
279.61182,1.0,1.0,0.97838664,0.21226406,2016-03-30 16:00:00,1.0,0.0006714524,0.0,1.638764e-05,0.0006547689
280.24683,1.0,1.0,1.0,0.593475,2016-03-30 17:00:00,1.0,8.4892265e-05,0.0,0.0,8.4664105e-05
280.96533,1.0,0.9739829,0.9601223,0.82640636,2016-03-30 18:00:00,1.0,1.965159e-05,0.0,0.0,1.9747094e-05
281.12378,0.9826471,0.8397566,0.80559593,0.89624494,2016-03-30 19:00:00,0.0,4.519052e-06,0.0,0.0,4.3472864e-06
281.4226,0.98977834,0.8713271,0.81658083,0.73503554,2016-03-30 20:00:00,0.0,2.4053543e-06,0.0,2.5389845e-06,0.0
281.5266,1.0,1.0,0.9458031,0.2783742,2016-03-30 21:00:00,0.0,2.3630255e-06,0.0,2.2771428e-06,0.0
281.9729,1.0,1.0,0.87554675,0.3561529,2016-03-30 22:00:00,0.0,0.0,0.0,0.0,0.0
281.61304,1.0,1.0,0.25490773,0.0656423,2016-03-30 23:00:00,0.0,0.0,0.0,0.0,0.0
281.66187,1.0,1.0,0.51945597,0.33650678,2016-03-31 00:00:00,0.0,0.0,0.0,0.0,0.0
281.4668,1.0,0.9932679,0.81544507,0.2920357,2016-03-31 01:00:00,0.0,0.0,0.0,0.0,0.0
281.0647,0.99001795,0.97506136,0.5783328,0.108718514,2016-03-31 02:00:00,0.0,0.0,0.0,4.7747868e-08,0.0
280.61572,0.9387139,0.91990036,0.19135469,0.10412735,2016-03-31 03:00:00,0.0,0.0,0.0,0.0,0.0
280.22192,0.84130096,0.8321906,0.053010788,0.050076652,2016-03-31 04:00:00,1.0,0.0,0.0,1.3363075e-07,0.0
279.66675,0.90818554,0.8500363,0.45876855,0.3122676,2016-03-31 05:00:00,1.0,9.536743e-07,0.0,0.0,8.5817857e-07
279.41406,0.98627204,0.73286384,0.7607729,0.86494565,2016-03-31 06:00:00,1.0,2.861023e-06,0.0,0.0,2.575177e-06
279.16675,0.9949968,0.73744214,0.88615257,0.99289286,2016-03-31 07:00:00,1.0,0.00012132658,0.0,0.00010171313,1.9479805e-05
278.6538,0.99001795,0.64105886,0.9603667,0.8260156,2016-03-31 08:00:00,1.0,0.00016947459,0.0,0.00012731041,4.227826e-05
277.6836,1.0,0.91231084,0.93547046,0.4280218,2016-03-31 09:00:00,1.0,0.0001488025,0.0,8.624044e-05,6.249572e-05
278.02686,1.0,0.76035035,0.995108,0.33287776,2016-03-31 10:00:00,1.0,0.0003195433,0.0,0.00024754647,7.2330455e-05
277.9773,1.0,1.0,0.9692335,0.21694511,2016-03-31 11:00:00,1.0,0.00040471507,0.0,0.00033944915,6.5247106e-05
277.66284,1.0,1.0,0.9772201,0.17345196,2016-03-31 12:00:00,1.0,0.0005984085,0.0,0.00048961747,0.000108886044
277.33423,1.0,1.0,0.9989426,0.3115433,2016-03-31 13:00:00,1.0,0.00069668074,0.0,0.0004784686,0.00021801186
277.375,1.0,0.97917145,1.0,0.7657095,2016-03-31 14:00:00,1.0,0.00059838244,0.0,0.00033442676,0.0002640509
277.67773,1.0,0.96584105,0.9955251,0.8713466,2016-03-31 15:00:00,1.0,0.00045464584,0.0,0.0002237911,0.00023014797
278.2124,0.998375,0.7700071,0.9925423,0.25684643,2016-03-31 16:00:00,1.0,0.00032446138,0.0,0.00014758686,0.00017687437
279.21533,0.9636995,0.8494133,0.88499856,0.19848037,2016-03-31 17:00:00,1.0,0.0002036478,0.0,4.4377797e-05,0.0001606723
280.1548,0.9576387,0.7390132,0.8646425,0.0733034,2016-03-31 18:00:00,1.0,0.00016595835,0.0,1.7256398e-06,0.00016412792
281.5625,0.9035036,0.6207473,0.8452639,0.0,2016-03-31 19:00:00,1.0,3.4856566e-05,0.0,1.4529821e-05,2.0498832e-05
281.77637,0.76376283,0.43663275,0.6686274,0.026136044,2016-03-31 20:00:00,0.0,2.184484e-05,0.0,1.8741237e-05,3.2654389e-06
282.6245,0.8758643,0.20317274,0.8239926,0.45095706,2016-03-31 21:00:00,0.0,8.7830595e-06,0.0,8.773447e-06,0.0
282.44678,0.9811518,0.12496835,0.9643599,0.83332926,2016-03-31 22:00:00,0.0,7.639659e-07,0.0,8.5946164e-07,0.0
281.78125,0.9904719,0.13208032,0.98136884,0.62788475,2016-03-31 23:00:00,0.0,0.0,0.0,0.0,0.0
281.30298,0.91934454,0.0016249504,0.89774835,0.45952547,2016-04-01 00:00:00,0.0,0.0,0.0,0.0,0.0
280.53564,0.9575725,0.0032499009,0.9421112,0.7733085,2016-04-01 01:00:00,0.0,0.0,0.0,0.0,0.0
279.85303,0.97947925,0.009766806,0.95001215,0.9365741,2016-04-01 02:00:00,0.0,0.0,0.0,0.0,0.0
278.94434,0.99371904,0.033078842,0.98663634,0.9803582,2016-04-01 03:00:00,1.0,5.3452317e-07,0.0,0.0,5.3452317e-07
278.34253,0.95045996,0.08902681,0.921216,0.9161897,2016-04-01 04:00:00,1.0,1.0690455e-06,0.0,0.0,1.0690455e-06
276.95947,0.7272416,0.12615615,0.56744,0.65220356,2016-04-01 05:00:00,1.0,3.2071384e-06,0.0,2.138092e-06,1.0690455e-06
276.54956,0.35254633,0.27954733,0.23179448,0.065573454,2016-04-01 06:00:00,1.0,1.7639264e-05,0.0,1.5768426e-05,1.6035692e-06
276.26196,0.20989078,0.08892995,0.11055136,0.07174915,2016-04-01 07:00:00,0.0,7.607331e-05,0.0,7.170357e-05,4.4267736e-06
275.84277,0.2937553,0.07587755,0.25036782,0.016283713,2016-04-01 08:00:00,0.0,7.760535e-05,0.0,6.699702e-05,1.0550651e-05
275.57837,0.82006305,0.057776127,0.7819806,0.24184752,2016-04-01 09:00:00,1.0,0.00014361471,0.0,0.00013590745,7.4396676e-06
275.52295,0.955403,0.05882318,0.955403,0.20171118,2016-04-01 10:00:00,6.0,2.9453571e-05,1.6703848e-07,1.786626e-05,1.1520976e-05
275.23413,0.8684923,0.09776962,0.86322474,0.05587103,2016-04-01 11:00:00,6.0,6.5153145e-05,2.846551e-05,4.2674204e-05,2.2374152e-05
274.85693,0.9029774,0.5347418,0.8730348,0.0031780982,2016-04-01 12:00:00,6.0,0.00027141278,0.00022680355,0.00023057719,4.1102845e-05
274.58472,0.90327615,0.83382624,0.54586947,0.0,2016-04-01 13:00:00,6.0,9.870123e-05,9.0723435e-05,5.999641e-05,3.8275713e-05
274.61816,0.8102572,0.7986945,0.0748471,0.0,2016-04-01 14:00:00,0.0,6.906427e-06,7.073224e-06,0.0,6.906427e-06
275.3142,0.51337844,0.48001736,0.11742091,0.0,2016-04-01 15:00:00,6.0,1.9099144e-07,1.1936964e-07,0.0,1.9099144e-07
275.68774,0.28118962,0.25996548,0.06556618,0.0,2016-04-01 16:00:00,6.0,7.626828e-07,4.0032756e-07,5.703991e-08,0.0
276.50342,0.43178302,0.4128787,0.21135378,0.0,2016-04-01 17:00:00,6.0,5.3452317e-07,3.9592328e-07,0.0,2.6726156e-07
276.76953,0.45587313,0.2780348,0.4088058,0.0,2016-04-01 18:00:00,6.0,9.536743e-07,8.0354187e-07,0.0,9.536743e-07
276.8694,0.5659189,0.15497202,0.5431012,0.0,2016-04-01 19:00:00,0.0,0.0,5.9604645e-08,0.0,0.0
276.66064,0.4515463,0.27392304,0.38441867,0.0,2016-04-01 20:00:00,0.0,0.0,1.1936965e-08,0.0,0.0
276.7378,0.42141426,0.22340679,0.37169504,0.0,2016-04-01 21:00:00,0.0,0.0,1.1936965e-08,0.0,0.0
276.04028,0.34420812,0.023841847,0.3399666,0.0,2016-04-01 22:00:00,0.0,0.0,0.0,0.0,0.0
275.84253,0.079141974,0.015364882,0.06696129,0.0,2016-04-01 23:00:00,0.0,0.0,0.0,0.0,0.0
275.02588,0.017646763,0.0,0.017646763,0.0,2016-04-02 00:00:00,0.0,0.0,0.0,0.0,0.0
274.14453,0.0,0.0,0.0,0.0,2016-04-02 01:00:00,0.0,0.0,0.0,0.0,0.0
273.6748,0.9470235,0.0,0.9470235,0.035141822,2016-04-02 02:00:00,0.0,0.0,0.0,0.0,0.0
272.8711,1.0,0.0,1.0,0.0,2016-04-02 03:00:00,0.0,0.0,0.0,0.0,0.0
272.7976,1.0,0.002103883,1.0,0.0,2016-04-02 04:00:00,5.0,0.0,4.7667676e-08,0.0,0.0
273.12036,0.94148463,0.106131196,0.94148463,0.0,2016-04-02 05:00:00,0.0,1.4676789e-06,1.412961e-06,0.0,1.2959135e-06
273.50464,0.93941206,0.13333702,0.93888646,0.0,2016-04-02 06:00:00,5.0,9.549569e-08,1.6439242e-07,0.0,9.549569e-08
273.91406,0.99627113,0.06475192,0.99627113,0.0,2016-04-02 07:00:00,5.0,0.00041984906,0.00041921134,0.00038364576,3.664152e-05
274.39355,0.99451786,0.9823876,0.9623438,0.0,2016-04-02 08:00:00,6.0,0.00024302788,0.00024317048,1.852616e-05,0.00022488304
275.39893,0.6963461,0.6900713,0.1936574,0.0,2016-04-02 09:00:00,6.0,9.178319e-05,9.180466e-05,0.0,9.178319e-05
272.40894,0.77294785,0.76958674,0.08160943,0.0,2016-04-02 10:00:00,5.0,4.1166757e-05,2.375635e-05,3.0977928e-05,1.0255164e-05
271.80298,0.6241748,0.62081367,0.014528811,0.0,2016-04-02 11:00:00,0.0,2.5546587e-06,2.6306852e-06,0.0,2.5732434e-06
271.6079,0.28964347,0.28964347,0.033665255,0.0,2016-04-02 12:00:00,0.0,7.626828e-07,6.194369e-07,0.0,7.626828e-07
271.13452,0.25022632,0.24969465,0.00053172023,0.0,2016-04-02 13:00:00,5.0,0.0,7.386461e-08,0.0,0.0
270.85864,0.7507508,0.7478481,0.004741922,0.017888393,2016-04-02 14:00:00,5.0,0.0,1.9075088e-07,0.0,0.0
271.22388,0.84228206,0.8401782,0.0,0.012828555,2016-04-02 15:00:00,5.0,0.0,6.4114937e-07,0.0,0.0
271.59277,0.98524976,0.98524976,0.12633985,0.0,2016-04-02 16:00:00,0.0,0.0,1.5966617e-07,0.0,0.0
271.81226,1.0,1.0,0.49429363,0.0,2016-04-02 17:00:00,0.0,0.0,0.0,0.0,0.0
272.32202,1.0,1.0,0.792764,0.0,2016-04-02 18:00:00,5.0,0.0,0.0,0.0,0.0
272.88916,0.9260564,0.8536791,0.80606663,0.0,2016-04-02 19:00:00,0.0,0.0,0.0,0.0,0.0
273.4895,0.09641063,0.01801126,0.09641063,0.0,2016-04-02 20:00:00,0.0,0.0,0.0,0.0,0.0
274.33276,0.0,0.0,0.0,0.0,2016-04-02 21:00:00,0.0,0.0,0.0,0.0,0.0
274.47656,0.0,0.0,0.0,0.0,2016-04-02 22:00:00,0.0,0.0,0.0,0.0,0.0
274.3955,0.15380579,0.0,0.15380579,0.0,2016-04-02 23:00:00,0.0,0.0,0.0,0.0,0.0
274.03003,0.8011008,0.0,0.8011008,0.0,2016-04-03 00:00:00,0.0,0.0,0.0,0.0,0.0
273.8562,0.9342716,0.0,0.9342716,0.0,2016-04-03 01:00:00,0.0,0.0,0.0,0.0,0.0
273.7932,0.95414615,0.0,0.95414615,0.0,2016-04-03 02:00:00,0.0,0.0,0.0,0.0,0.0
273.4475,0.88591677,0.007905882,0.88591677,0.0,2016-04-03 03:00:00,0.0,0.0,0.0,0.0,0.0
272.6045,0.654903,0.0,0.654903,0.0,2016-04-03 04:00:00,0.0,0.0,0.0,0.0,0.0
271.98145,0.4358424,0.0,0.4358424,0.0,2016-04-03 05:00:00,0.0,0.0,0.0,0.0,0.0
272.5359,0.2276451,0.0,0.2276451,0.0,2016-04-03 06:00:00,0.0,0.0,0.0,0.0,0.0
272.1089,0.17755324,0.0,0.17755324,0.0,2016-04-03 07:00:00,0.0,0.0,0.0,0.0,0.0
271.99194,0.11670339,0.0,0.11670339,0.0,2016-04-03 08:00:00,0.0,0.0,0.0,0.0,0.0
272.32544,0.0100932345,0.0,0.0100932345,0.0,2016-04-03 09:00:00,0.0,0.0,0.0,0.0,0.0
272.7068,0.1233598,0.0,0.11337781,0.00998199,2016-04-03 10:00:00,0.0,0.0,0.0,0.0,0.0
272.84448,0.45444077,0.0,0.20205599,0.31152022,2016-04-03 11:00:00,0.0,0.0,0.0,0.0,0.0
272.92432,0.35383582,0.0,0.3030737,0.07060045,2016-04-03 12:00:00,0.0,0.0,0.0,0.0,0.0
273.99487,0.6204627,0.0,0.4667489,0.32861328,2016-04-03 13:00:00,0.0,0.0,0.0,0.0,0.0
276.91797,0.6723806,0.0,0.36070317,0.4603958,2016-04-03 14:00:00,0.0,0.0,0.0,0.0,0.0
282.32202,0.19412768,0.0,0.19412768,0.0,2016-04-03 15:00:00,0.0,0.0,0.0,0.0,0.0
286.48364,0.07230914,0.0,0.07230914,0.0,2016-04-03 16:00:00,0.0,5.2769727e-05,0.0,5.279857e-05,0.0
288.57983,0.23177117,0.0,0.22852129,0.0032499009,2016-04-03 17:00:00,1.0,0.0,0.0,0.0,0.0
289.68774,0.46489382,0.0067320913,0.35724902,0.16877168,2016-04-03 18:00:00,0.0,0.00013412777,0.0,0.00013374643,0.0
290.07056,0.06027536,0.0033782488,0.045809764,0.021636862,2016-04-03 19:00:00,0.0,0.0,0.0,0.0,0.0
290.0122,0.00053172023,0.0,0.00053172023,0.0,2016-04-03 20:00:00,0.0,0.0,0.0,0.0,0.0
288.1875,0.0,0.0,0.0,0.0,2016-04-03 21:00:00,0.0,0.0,0.0,0.0,0.0
285.38135,0.028447706,0.0,0.028447706,0.0,2016-04-03 22:00:00,0.0,0.0,0.0,0.0,0.0
283.5276,0.010831039,0.0,0.010831039,0.0,2016-04-03 23:00:00,0.0,0.0,0.0,0.0,0.0
281.3994,0.0,0.0,0.0,0.0,2016-04-04 00:00:00,0.0,0.0,0.0,0.0,0.0
278.85425,0.0,0.0,0.0,0.0,2016-04-04 01:00:00,0.0,0.0,0.0,0.0,0.0
276.42944,0.0,0.0,0.0,0.0,2016-04-04 02:00:00,0.0,0.0,0.0,0.0,0.0
273.62354,0.0,0.0,0.0,0.0,2016-04-04 03:00:00,0.0,0.0,0.0,0.0,0.0
272.44873,0.024974484,0.0,0.024974484,0.0,2016-04-04 04:00:00,0.0,0.0,0.0,0.0,0.0
271.66406,0.1442613,0.097356915,0.09720266,0.0,2016-04-04 05:00:00,0.0,0.0,0.0,0.0,0.0
271.4087,0.40863496,0.40464634,0.24637592,0.0,2016-04-04 06:00:00,0.0,0.0,0.0,0.0,0.0
271.1294,0.9132827,0.89649075,0.69094557,0.0,2016-04-04 07:00:00,5.0,0.0,1.42599745e-08,0.0,0.0
270.77612,0.95051855,0.95051855,0.79313815,0.0,2016-04-04 08:00:00,5.0,0.0,7.386461e-08,0.0,0.0
270.22363,0.9172078,0.9138466,0.80700797,0.0,2016-04-04 09:00:00,5.0,0.0,1.42599745e-08,0.0,0.0
270.90747,0.9478887,0.90474564,0.8888473,0.0,2016-04-04 10:00:00,5.0,0.0,4.7667676e-08,0.0,0.0
270.9585,0.98429054,0.8648695,0.9678856,0.0,2016-04-04 11:00:00,5.0,0.0,1.5029394e-07,0.0,0.0
271.0598,0.96984786,0.84602714,0.938169,0.0,2016-04-04 12:00:00,5.0,0.0,9.06893e-08,0.0,0.0
271.15186,0.9311458,0.7374107,0.9028592,0.0,2016-04-04 13:00:00,5.0,0.0,1.1936965e-08,0.0,0.0
271.74658,0.87344426,0.7341141,0.80888957,0.0,2016-04-04 14:00:00,5.0,0.0,0.0,0.0,0.0
273.32983,0.9285696,0.91167116,0.5520283,0.0,2016-04-04 15:00:00,5.0,5.3452317e-07,7.6781225e-07,0.0,7.626828e-07
273.8474,1.0,1.0,0.09590572,0.0,2016-04-04 16:00:00,6.0,4.845292e-06,4.8906377e-06,0.0,4.749796e-06
274.34424,1.0,1.0,0.7334485,0.0,2016-04-04 17:00:00,6.0,4.72992e-06,4.512892e-06,0.0,4.72992e-06
274.77417,1.0,1.0,0.5281826,0.0,2016-04-04 18:00:00,6.0,3.5480862e-06,3.3933075e-06,0.0,3.3385104e-06
275.13892,1.0,1.0,0.19605803,0.0,2016-04-04 19:00:00,6.0,1.1818338e-06,9.483844e-07,0.0,9.72258e-07
275.95605,1.0,1.0,0.07158601,0.0,2016-04-04 20:00:00,0.0,0.0,2.8519953e-08,0.0,0.0
276.68872,1.0,1.0,0.0033782488,0.0,2016-04-04 21:00:00,0.0,0.0,0.0,0.0,0.0
276.927,0.9579021,0.9579021,0.0,0.0,2016-04-04 22:00:00,0.0,0.0,0.0,0.0,0.0
277.38403,0.86398435,0.86398435,0.0,0.0,2016-04-04 23:00:00,0.0,0.0,0.0,0.0,0.0
276.9563,0.72889555,0.72889555,0.0,0.0,2016-04-05 00:00:00,0.0,0.0,0.0,0.0,0.0
276.52173,0.43302894,0.43302894,0.0,0.0,2016-04-05 01:00:00,0.0,0.0,0.0,0.0,0.0
276.0786,0.0,0.0,0.0,0.0,2016-04-05 02:00:00,0.0,0.0,0.0,0.0,0.0
274.18042,0.0,0.0,0.0,0.0,2016-04-05 03:00:00,0.0,0.0,0.0,0.0,0.0
273.3025,0.0,0.0,0.0,0.0,2016-04-05 04:00:00,0.0,0.0,0.0,0.0,0.0
272.27368,0.032447692,0.0,0.0,0.032447692,2016-04-05 05:00:00,0.0,0.0,0.0,0.0,0.0
271.7019,0.44953465,0.0,0.0,0.44953465,2016-04-05 06:00:00,0.0,0.0,0.0,0.0,0.0
271.91357,0.76163113,0.0,0.0,0.76163113,2016-04-05 07:00:00,0.0,0.0,0.0,0.0,0.0
272.0891,0.78530633,0.0,0.0,0.78530633,2016-04-05 08:00:00,0.0,0.0,0.0,0.0,0.0
272.0703,0.93630946,0.0,0.019988392,0.93630946,2016-04-05 09:00:00,0.0,0.0,0.0,0.0,0.0
271.72656,0.9511054,0.0,0.09241551,0.9494805,2016-04-05 10:00:00,0.0,0.0,0.0,0.0,0.0
271.7185,0.8678949,0.0,0.02357202,0.8645167,2016-04-05 11:00:00,0.0,0.0,0.0,0.0,0.0
271.9026,0.8858053,0.0,0.012144364,0.8858053,2016-04-05 12:00:00,0.0,0.0,0.0,0.0,0.0
272.7859,0.9808371,0.0,0.5777518,0.9696335,2016-04-05 13:00:00,0.0,0.0,0.0,0.0,0.0
274.13013,0.99736434,0.0,0.87074953,0.97373,2016-04-05 14:00:00,0.0,0.0,0.0,0.0,0.0
275.65698,0.9970973,0.0,0.825112,0.98999023,2016-04-05 15:00:00,1.0,0.00043164706,6.72364e-05,0.00043164706,0.0
276.4314,1.0,0.0,0.97143203,1.0,2016-04-05 16:00:00,0.0,0.00047068507,4.698636e-05,0.0004709235,0.0
275.16187,1.0,0.0,1.0,1.0,2016-04-05 17:00:00,1.0,0.0002987606,3.4304594e-07,0.00029812218,4.954212e-07
274.89355,1.0,0.0,0.99409735,1.0,2016-04-05 18:00:00,0.0,0.00043251296,0.0,0.00043233158,0.0
274.93652,1.0,0.0,1.0,1.0,2016-04-05 19:00:00,1.0,0.00069298246,0.0,0.00014467684,0.0005482009
275.5371,1.0,0.0,0.98554647,1.0,2016-04-05 20:00:00,1.0,0.00026536477,0.0,6.454367e-05,0.00020095482
276.31738,0.98999023,0.0037288337,0.6426789,0.98999023,2016-04-05 21:00:00,1.0,0.00086495583,0.0,0.0008543874,1.0463456e-05
275.3181,0.9957922,0.80853933,0.49988967,0.9867931,2016-04-05 22:00:00,0.0,0.001085262,0.0,0.0010849861,3.813414e-07
275.41406,0.99214685,0.4768749,0.37783223,0.9867403,2016-04-05 23:00:00,0.0,0.0,0.0,0.0,0.0
275.77002,0.99336845,0.2029612,0.64805156,0.98999023,2016-04-06 00:00:00,1.0,0.0,0.0,0.0,0.0
275.73145,1.0,0.41309762,0.993112,1.0,2016-04-06 01:00:00,1.0,0.0002557179,0.0,0.0002552122,5.3452317e-07
275.49976,0.97984666,0.11640841,0.747689,0.9365572,2016-04-06 02:00:00,1.0,0.00034510437,0.0,0.00030384236,4.1204796e-05
275.57544,0.9939002,0.04445225,0.54809517,0.99336845,2016-04-06 03:00:00,1.0,0.00020619197,0.0,0.00016402117,4.2514002e-05
275.469,1.0,0.106664956,0.8113002,1.0,2016-04-06 04:00:00,1.0,1.794161e-05,0.0,4.8100574e-06,1.3245643e-05
275.57202,1.0,0.58878595,0.9844294,1.0,2016-04-06 05:00:00,0.0,4.7683807e-06,0.0,2.6726157e-06,2.3630255e-06
275.7483,1.0,0.9667002,1.0,0.9819182,2016-04-06 06:00:00,1.0,1.4862635e-06,0.0,0.0,1.8676046e-06
276.09668,1.0,0.60293907,0.97680414,0.79667604,2016-04-06 07:00:00,1.0,0.0011232693,0.0,4.2495603e-06,0.0011188001
275.8103,0.92897886,0.0,0.9247183,0.17428845,2016-04-06 08:00:00,1.0,0.0005018362,0.0,0.0,0.0005018362
274.94067,0.40048808,0.0,0.39995635,0.011570148,2016-04-06 09:00:00,1.0,7.598472e-05,0.0,0.0,7.625198e-05
273.70215,0.30251616,0.045065116,0.2725414,0.036383346,2016-04-06 10:00:00,0.0,7.128171e-06,0.0,0.0,6.9749894e-06
273.28638,0.38989693,0.088055015,0.33971155,0.0048919544,2016-04-06 11:00:00,0.0,0.0,0.0,0.0,0.0
273.53076,0.787878,0.21987987,0.73677504,0.017908663,2016-04-06 12:00:00,0.0,0.0,0.0,0.0,0.0
274.16992,0.84935987,0.289464,0.7944428,0.21507066,2016-04-06 13:00:00,1.0,2.2815959e-07,0.0,0.0,2.2815959e-07
275.55664,0.98039967,0.98039967,0.14020336,0.00053172023,2016-04-06 14:00:00,0.0,0.0,0.0,0.0,0.0
277.5808,0.7017241,0.61536646,0.3739639,0.004207764,2016-04-06 15:00:00,0.0,0.0,0.0,0.0,0.0
278.00977,0.8900835,0.76115304,0.7448448,0.0,2016-04-06 16:00:00,0.0,0.0,0.0,0.0,0.0
278.62573,0.9013648,0.8544186,0.6491902,0.0,2016-04-06 17:00:00,1.0,0.0,0.0,0.0,0.0
277.9917,0.99946827,0.9944678,0.73306715,0.0,2016-04-06 18:00:00,1.0,5.1888237e-06,0.0,2.0957555e-07,5.1888237e-06
277.7019,0.9966217,0.9955644,0.60445225,0.0,2016-04-06 19:00:00,1.0,2.7833332e-05,0.0,0.0,2.7680158e-05
276.90747,1.0,0.9942508,0.42475206,0.002103883,2016-04-06 20:00:00,1.0,4.5521097e-05,0.0,0.0,4.5788358e-05
276.68945,0.9932679,0.9932679,0.7900026,0.11207944,2016-04-06 21:00:00,1.0,5.4452845e-05,0.0,0.0,5.4204167e-05
276.0359,0.9932679,0.9932679,0.80768937,0.116069615,2016-04-06 22:00:00,1.0,8.013543e-05,0.0,0.0,8.030719e-05
276.10205,0.99627113,0.98999023,0.6214268,0.0033782488,2016-04-06 23:00:00,1.0,4.0734885e-05,0.0,1.3363075e-07,4.018178e-05
275.9773,0.76638883,0.73581517,0.08451867,0.19760782,2016-04-07 00:00:00,0.0,8.393351e-06,0.0,4.0089236e-07,8.12609e-06
275.80737,0.57140905,0.2907427,0.06003133,0.37981117,2016-04-07 01:00:00,0.0,1.1831162e-06,0.0,0.0,1.1831162e-06
275.81982,0.5371149,0.14365149,0.24968767,0.3834411,2016-04-07 02:00:00,0.0,6.101426e-07,0.0,0.0,6.101426e-07
275.48315,0.8078838,0.0,0.74543625,0.36934793,2016-04-07 03:00:00,6.0,9.908417e-07,0.0,0.0,9.908417e-07
275.07642,0.694467,0.01610101,0.5556279,0.46682537,2016-04-07 04:00:00,7.0,9.72258e-07,8.1972274e-07,0.0,9.72258e-07
274.55225,0.094168484,0.03851492,0.0016249504,0.05727854,2016-04-07 05:00:00,5.0,7.440987e-07,4.1499084e-07,2.6726156e-07,7.440987e-07
274.20605,0.32928866,0.17222995,0.22243822,0.07913339,2016-04-07 06:00:00,5.0,8.5817857e-07,8.866985e-07,0.0,8.5817857e-07
273.9248,0.5553821,0.26006687,0.26741916,0.3632902,2016-04-07 07:00:00,5.0,1.8695382e-06,2.1152482e-06,0.0,1.9650342e-06
273.34912,0.6884773,0.12967163,0.31611323,0.6142463,2016-04-07 08:00:00,5.0,6.4860296e-07,7.726187e-07,0.0,8.5817857e-07
272.6941,0.7883464,0.059736747,0.40478373,0.7309988,2016-04-07 09:00:00,5.0,6.4860296e-07,6.580554e-07,0.0,8.5817857e-07
272.7544,0.70409924,0.5062609,0.5038357,0.11504644,2016-04-07 10:00:00,5.0,2.2508802e-06,2.1794185e-06,0.0,2.1368005e-06
272.42822,0.903533,0.59607726,0.8204709,0.25651485,2016-04-07 11:00:00,5.0,1.0113603e-05,9.913157e-06,0.0,9.8463415e-06
272.84033,0.9966217,0.67291063,0.9932679,0.6634322,2016-04-07 12:00:00,5.0,3.0246592e-05,3.0294177e-05,0.0,3.0151088e-05
273.4402,0.9839263,0.10646087,0.97104776,0.838869,2016-04-07 13:00:00,5.0,4.548939e-05,4.521267e-05,0.0,4.522213e-05
274.07764,0.99576455,0.06501156,0.98618364,0.9025211,2016-04-07 14:00:00,6.0,3.0488169e-05,3.0211944e-05,0.0,3.0106836e-05
275.9004,0.98677623,0.37439728,0.94877374,0.7391185,2016-04-07 15:00:00,6.0,7.4781556e-06,7.473186e-06,0.0,7.420469e-06
276.92578,0.97994107,0.68334794,0.9492134,0.6320626,2016-04-07 16:00:00,1.0,7.626828e-07,2.5748608e-07,0.0,9.158646e-07
277.4226,0.9978961,0.8199121,0.9750044,0.57365245,2016-04-07 17:00:00,1.0,7.896005e-06,0.0,1.8695291e-06,6.293737e-06
277.46655,0.9909002,0.9774046,0.95999146,0.48423874,2016-04-07 18:00:00,1.0,1.29707405e-05,0.0,4.297308e-07,1.2607341e-05
278.13696,1.0,0.99368834,0.90121883,0.313689,2016-04-07 19:00:00,1.0,5.570284e-05,0.0,0.0,5.5856028e-05
278.302,0.9952328,0.9862241,0.8803381,0.113123834,2016-04-07 20:00:00,1.0,3.3121018e-05,0.0,2.5582103e-06,3.0333686e-05
278.4961,0.9989426,0.9989426,0.9902407,0.007920023,2016-04-07 21:00:00,1.0,5.3410928e-05,0.0,5.4182347e-06,4.8031143e-05
277.86548,1.0,0.9103303,1.0,0.0,2016-04-07 22:00:00,1.0,6.215558e-05,0.0,2.6991902e-06,5.963746e-05
277.4973,0.9857358,0.95840096,0.9791042,0.0,2016-04-07 23:00:00,1.0,0.00015869262,0.0,8.1121194e-05,7.7600256e-05
276.8108,0.99078566,0.9029322,0.9876244,0.0,2016-04-08 00:00:00,1.0,0.00023611907,0.0,4.8644273e-05,0.00018750298
276.5515,0.99946827,0.82635254,0.9978792,0.0,2016-04-08 01:00:00,1.0,0.00022509242,0.0,0.0,0.00022497834
276.54053,0.9787031,0.68455493,0.9653956,0.0,2016-04-08 02:00:00,1.0,8.4158935e-05,0.0,0.0,8.4063446e-05
276.083,0.97812134,0.8785522,0.9337755,0.0,2016-04-08 03:00:00,1.0,4.8449452e-05,0.0,0.0,4.8353948e-05
275.79443,0.9707361,0.93337417,0.93800974,0.0,2016-04-08 04:00:00,1.0,4.278701e-05,0.0,0.0,4.2310174e-05
275.1665,0.9635036,0.8952115,0.9387113,0.0,2016-04-08 05:00:00,6.0,1.7751852e-05,0.0,0.0,1.7484592e-05
274.98462,0.71095073,0.43354148,0.69839615,0.0,2016-04-08 06:00:00,0.0,1.4112766e-06,2.8519953e-08,0.0,1.4112766e-06
274.34985,0.27492988,0.23595876,0.09179205,0.0,2016-04-08 07:00:00,0.0,1.5638161e-06,1.1154989e-06,0.0,1.3920508e-06
273.51978,0.15222901,0.148269,0.024009071,0.0,2016-04-08 08:00:00,0.0,0.0,1.9547707e-07,0.0,0.0
272.32373,0.14542323,0.14162451,0.0015890491,0.0032499009,2016-04-08 09:00:00,0.0,0.0,0.0,0.0,0.0
271.84937,0.32643837,0.106111705,0.19903314,0.1759013,2016-04-08 10:00:00,5.0,0.0,0.0,0.0,0.0
271.8733,0.5351425,0.16513085,0.46609592,0.01555733,2016-04-08 11:00:00,5.0,0.0,0.0,0.0,0.0
271.812,0.8875896,0.253538,0.8751083,0.0,2016-04-08 12:00:00,5.0,5.3452317e-07,4.3413854e-07,0.0,2.6726156e-07
272.30615,0.7789429,0.4394725,0.75449675,0.0,2016-04-08 13:00:00,5.0,5.3426465e-06,4.868455e-06,1.3363078e-06,3.892259e-06
272.12427,0.5792003,0.28464842,0.50679135,0.0,2016-04-08 14:00:00,5.0,4.0060782e-05,4.029159e-05,2.3959816e-05,1.6595746e-05
273.042,0.57804424,0.4931274,0.31714946,0.0,2016-04-08 15:00:00,6.0,0.00010907004,0.00010858326,8.8891626e-05,2.0559746e-05
273.33716,0.74620235,0.6953661,0.283347,0.0,2016-04-08 16:00:00,6.0,6.707253e-05,5.654461e-05,5.4884003e-05,1.1635083e-05
273.39307,0.6437059,0.56448865,0.32850868,0.0,2016-04-08 17:00:00,7.0,6.4196065e-05,2.9583753e-05,5.51743e-05,9.499575e-06
274.4502,0.51595414,0.40763706,0.34004378,0.0,2016-04-08 18:00:00,1.0,5.298527e-05,8.626003e-06,4.5765424e-05,7.743465e-06
274.17627,0.57944036,0.26686335,0.50072294,0.0,2016-04-08 19:00:00,7.0,4.076246e-05,2.4280656e-05,3.679587e-05,3.9665865e-06
274.36157,0.7601677,0.04294867,0.7570065,0.0,2016-04-08 20:00:00,6.0,1.4139132e-05,6.055242e-06,1.0286945e-05,3.7755945e-06
274.60474,0.83511657,0.0037098185,0.8345909,0.0,2016-04-08 21:00:00,6.0,7.019875e-06,3.3610095e-06,3.7589261e-06,3.3750275e-06
273.69556,0.62906694,0.06316441,0.5883405,0.0,2016-04-08 22:00:00,0.0,2.5174904e-06,2.1330243e-06,4.297308e-07,2.3072735e-06
273.1621,0.18537706,0.17780817,0.044612415,0.0,2016-04-08 23:00:00,0.0,0.0,0.0,0.0,0.0
272.58228,0.020209312,0.016831063,0.0033782488,0.0,2016-04-09 00:00:00,0.0,0.0,0.0,0.0,0.0
271.9314,0.0,0.0,0.0,0.0,2016-04-09 01:00:00,0.0,0.0,0.0,0.0,0.0
271.38135,0.0,0.0,0.0,0.0,2016-04-09 02:00:00,0.0,0.0,0.0,0.0,0.0
270.03418,0.0,0.0,0.0,0.0,2016-04-09 03:00:00,0.0,0.0,0.0,0.0,0.0
269.54956,0.0,0.0,0.0,0.0,2016-04-09 04:00:00,0.0,0.0,0.0,0.0,0.0
268.44897,0.0,0.0,0.0,0.0,2016-04-09 05:00:00,0.0,0.0,0.0,0.0,0.0
268.18555,0.0,0.0,0.0,0.0,2016-04-09 06:00:00,0.0,0.0,0.0,0.0,0.0
267.52515,0.0,0.0,0.0,0.0,2016-04-09 07:00:00,0.0,0.0,0.0,0.0,0.0
266.96045,0.0,0.0,0.0,0.0,2016-04-09 08:00:00,0.0,0.0,0.0,0.0,0.0
266.19385,0.0,0.0,0.0,0.0,2016-04-09 09:00:00,0.0,0.0,0.0,0.0,0.0
265.82007,0.015577842,0.0,0.0,0.015577842,2016-04-09 10:00:00,0.0,0.0,0.0,0.0,0.0
265.7732,0.5677089,0.0,0.0,0.5677089,2016-04-09 11:00:00,0.0,0.0,0.0,0.0,0.0
265.88354,0.84410304,0.0,0.019827727,0.84410304,2016-04-09 12:00:00,0.0,0.0,0.0,0.0,0.0
267.31494,0.89399004,0.0,0.6066969,0.8781048,2016-04-09 13:00:00,0.0,0.0,0.0,0.0,0.0
269.3518,0.98663634,0.0,0.98238194,0.96562696,2016-04-09 14:00:00,0.0,0.0,0.0,0.0,0.0
271.4248,0.9955251,0.0,0.98262125,0.6165104,2016-04-09 15:00:00,0.0,0.0,0.0,0.0,0.0
272.48413,0.4333759,0.0,0.13352871,0.3545112,2016-04-09 16:00:00,0.0,0.0,0.0,0.0,0.0
273.46826,0.6587977,0.0,0.13899338,0.64759076,2016-04-09 17:00:00,0.0,0.0,0.0,0.0,0.0
274.4414,0.99102503,0.0,0.6950996,0.99049336,2016-04-09 18:00:00,0.0,0.0,0.0,0.0,0.0
275.0122,0.99416727,0.0,0.91874576,0.9748459,2016-04-09 19:00:00,0.0,0.0,0.0,0.0,0.0
276.14526,0.8653871,0.0,0.49376124,0.82618594,2016-04-09 20:00:00,0.0,0.0,0.0,0.0,0.0
277.41748,0.8706587,0.0,0.12079251,0.8706587,2016-04-09 21:00:00,0.0,0.0,0.0,0.0,0.0
277.93896,0.86787915,0.0,0.016832627,0.86787915,2016-04-09 22:00:00,0.0,0.0,0.0,0.0,0.0
278.12524,0.96773326,0.0,0.05670064,0.96773326,2016-04-09 23:00:00,0.0,0.0,0.0,0.0,0.0
277.55054,0.9702155,0.0,0.24718612,0.9702155,2016-04-10 00:00:00,0.0,0.0,0.0,0.0,0.0
277.4629,0.97809356,0.0,0.64461625,0.9707267,2016-04-10 01:00:00,0.0,0.0,0.0,0.0,0.0
277.15967,0.9838904,0.0,0.55904675,0.9771583,2016-04-10 02:00:00,0.0,0.0,0.0,0.0,0.0
276.60083,0.9749685,0.0,0.2379483,0.95886505,2016-04-10 03:00:00,0.0,0.0,0.0,0.0,0.0
276.18604,0.9754641,0.0,0.19321918,0.9754641,2016-04-10 04:00:00,0.0,0.0,0.0,0.0,0.0
275.62036,0.97473973,0.0,0.020499405,0.97473973,2016-04-10 05:00:00,0.0,0.0,0.0,0.0,0.0
275.41333,0.98551536,0.0,0.0,0.98551536,2016-04-10 06:00:00,0.0,0.0,0.0,0.0,0.0
275.44214,0.99446505,0.0,0.021390855,0.99446505,2016-04-10 07:00:00,0.0,0.0,0.0,0.0,0.0
275.34058,0.99181867,0.0,0.5326764,0.99076134,2016-04-10 08:00:00,0.0,0.0,0.0,0.0,0.0
275.24268,0.9928401,0.0,0.45847315,0.98284376,2016-04-10 09:00:00,0.0,0.0,0.0,0.0,0.0
275.70142,0.94334537,0.0,0.08616686,0.94098055,2016-04-10 10:00:00,0.0,0.0,0.0,0.0,0.0
275.4917,0.924207,0.0,0.0021207693,0.924207,2016-04-10 11:00:00,0.0,0.0,0.0,0.0,0.0
275.45874,0.88465,0.0,0.011606943,0.88465,2016-04-10 12:00:00,0.0,0.0,0.0,0.0,0.0
276.08838,0.823684,0.0,0.050470922,0.82315224,2016-04-10 13:00:00,0.0,0.0,0.0,0.0,0.0
277.71924,0.83236575,0.0,0.00894969,0.83236575,2016-04-10 14:00:00,0.0,0.0,0.0,0.0,0.0
280.09497,0.6476302,0.0,0.027242478,0.6476302,2016-04-10 15:00:00,0.0,0.0,0.0,0.0,0.0
281.99,0.3743139,0.0,0.10206586,0.35826057,2016-04-10 16:00:00,0.0,0.0,0.0,0.0,0.0
283.65283,0.725456,0.0,0.7030952,0.14927149,2016-04-10 17:00:00,0.0,0.0,0.0,0.0,0.0
285.0984,0.56138957,0.0,0.44732898,0.23435557,2016-04-10 18:00:00,0.0,0.0,0.0,0.0,0.0
285.82568,0.505524,0.0,0.0092588775,0.5005005,2016-04-10 19:00:00,0.0,0.0,0.0,0.0,0.0
286.34204,0.83794075,0.055248316,0.12259048,0.82328194,2016-04-10 20:00:00,0.0,0.0,0.0,0.0,0.0
286.93823,0.8062708,0.039033435,0.24417031,0.7298681,2016-04-10 21:00:00,0.0,0.0,0.0,0.0,0.0
285.43848,0.6654831,0.023349535,0.40749234,0.46006685,2016-04-10 22:00:00,0.0,0.0,0.0,0.0,0.0
285.03296,0.47527593,0.011606943,0.43304157,0.05726479,2016-04-10 23:00:00,0.0,0.0,0.0,0.0,0.0
284.2041,0.3202777,0.06766945,0.3055144,0.019265898,2016-04-11 00:00:00,1.0,0.0,0.0,0.0,0.0
283.20093,0.3737365,0.26151532,0.3362847,0.0068879165,2016-04-11 01:00:00,0.0,0.0,0.0,0.0,0.0
281.71533,0.36565882,0.24716198,0.3445922,0.0,2016-04-11 02:00:00,0.0,0.0,0.0,0.0,0.0
278.6328,0.31073594,0.14266527,0.2980488,0.0,2016-04-11 03:00:00,0.0,0.0,0.0,0.0,0.0
277.46484,0.17927843,0.0547107,0.1787467,0.0,2016-04-11 04:00:00,0.0,0.0,0.0,0.0,0.0
276.15967,0.03764335,0.003909968,0.03764335,0.0,2016-04-11 05:00:00,0.0,0.0,0.0,0.0,0.0
275.18335,0.0015890491,0.0015890491,0.0,0.0,2016-04-11 06:00:00,0.0,0.0,0.0,0.0,0.0
274.6167,0.0,0.0,0.0,0.0,2016-04-11 07:00:00,0.0,0.0,0.0,0.0,0.0
274.2566,0.02357202,0.02357202,0.0,0.0,2016-04-11 08:00:00,0.0,0.0,0.0,0.0,0.0
273.3518,0.15741926,0.15741926,0.0,0.0,2016-04-11 09:00:00,0.0,0.0,0.0,0.0,0.0
272.29614,0.30134243,0.30134243,0.0,0.0,2016-04-11 10:00:00,5.0,0.0,0.0,0.0,0.0
272.35547,0.4942826,0.4942826,0.013471484,0.0,2016-04-11 11:00:00,5.0,0.0,7.618763e-08,0.0,1.14079796e-07
272.3208,0.6233454,0.6233454,0.0033782488,0.0,2016-04-11 12:00:00,5.0,2.2815959e-07,3.692429e-07,0.0,3.813414e-07
272.63574,0.9153434,0.9153434,0.0,0.0,2016-04-11 13:00:00,5.0,2.3636676e-06,2.2164213e-06,0.0,2.135508e-06
273.10913,0.90846175,0.90846175,0.0057992525,0.0,2016-04-11 14:00:00,5.0,2.0406533e-06,1.950125e-06,0.0,1.7548082e-06
274.29004,0.87949544,0.87949544,0.0,0.0,2016-04-11 15:00:00,5.0,7.8190845e-07,8.0113637e-07,0.0,6.678286e-07
274.88672,0.7303785,0.7303785,0.0,0.0,2016-04-11 16:00:00,6.0,9.549569e-08,2.4787096e-07,0.0,2.0957555e-07
275.78394,1.0,1.0,0.0057492107,0.0,2016-04-11 17:00:00,6.0,5.778448e-06,5.8164205e-06,0.0,5.778448e-06
276.4441,0.9350272,0.92927796,0.2722413,0.0,2016-04-11 18:00:00,6.0,1.165045e-05,1.1717266e-05,0.0,1.17645295e-05
277.23853,0.92800236,0.9239966,0.49612212,0.0,2016-04-11 19:00:00,6.0,4.881159e-06,5.0767985e-06,0.0,5.0529243e-06
278.1682,0.97031105,0.97031105,0.7313772,0.0,2016-04-11 20:00:00,6.0,2.8981904e-06,3.0226902e-06,0.0,2.8796067e-06
278.73022,1.0,0.75536543,0.99576455,0.0,2016-04-11 21:00:00,6.0,2.135508e-06,1.7685879e-06,0.0,1.7541661e-06
278.5171,0.61449444,0.0033782488,0.61449444,0.0,2016-04-11 22:00:00,6.0,6.864127e-07,6.147909e-07,0.0,5.9091695e-07
278.33496,0.6264361,0.004207764,0.6264361,0.0,2016-04-11 23:00:00,0.0,0.0,2.8519953e-08,0.0,0.0
277.5647,0.0,0.0,0.0,0.0,2016-04-12 00:00:00,0.0,0.0,0.0,0.0,0.0
276.5747,0.0,0.0,0.0,0.0,2016-04-12 01:00:00,0.0,0.0,0.0,0.0,0.0
275.19385,0.0,0.0,0.0,0.0,2016-04-12 02:00:00,0.0,0.0,0.0,0.0,0.0
273.3142,0.0,0.0,0.0,0.0,2016-04-12 03:00:00,0.0,0.0,0.0,0.0,0.0
272.81787,0.0,0.0,0.0,0.0,2016-04-12 04:00:00,0.0,0.0,0.0,0.0,0.0
271.88672,0.0,0.0,0.0,0.0,2016-04-12 05:00:00,0.0,0.0,0.0,0.0,0.0
271.35962,0.0,0.0,0.0,0.0,2016-04-12 06:00:00,0.0,0.0,0.0,0.0,0.0
271.1189,0.0,0.0,0.0,0.0,2016-04-12 07:00:00,0.0,0.0,0.0,0.0,0.0
270.66553,0.0,0.0,0.0,0.0,2016-04-12 08:00:00,0.0,0.0,0.0,0.0,0.0
269.48242,0.0,0.0,0.0,0.0,2016-04-12 09:00:00,0.0,0.0,0.0,0.0,0.0
269.31226,0.0,0.0,0.0,0.0,2016-04-12 10:00:00,0.0,0.0,0.0,0.0,0.0
270.239,0.0,0.0,0.0,0.0,2016-04-12 11:00:00,0.0,0.0,0.0,0.0,0.0
269.6538,0.0,0.0,0.0,0.0,2016-04-12 12:00:00,0.0,0.0,0.0,0.0,0.0
270.7151,0.07220435,0.0,0.0016249504,0.07057941,2016-04-12 13:00:00,0.0,0.0,0.0,0.0,0.0
272.98193,0.079981804,0.0,0.029221691,0.072595954,2016-04-12 14:00:00,0.0,0.0,0.0,0.0,0.0
276.5979,0.03572025,0.0,0.0,0.03572025,2016-04-12 15:00:00,0.0,0.0,0.0,0.0,0.0
278.39966,0.25093228,0.0,0.008415531,0.24251676,2016-04-12 16:00:00,0.0,0.0,0.0,0.0,0.0
279.67773,0.7531268,0.0,0.25697058,0.6875791,2016-04-12 17:00:00,0.0,0.0,0.0,0.0,0.0
280.78442,0.98969454,0.0,0.72812873,0.9569564,2016-04-12 18:00:00,0.0,0.0,0.0,0.0,0.0
281.1018,0.9989426,0.0,0.97512984,0.96811646,2016-04-12 19:00:00,0.0,0.0,0.0,0.0,0.0
281.54712,1.0,0.0,1.0,0.9732785,2016-04-12 20:00:00,1.0,8.017848e-07,0.0,0.0,8.017848e-07
281.7212,1.0,0.0,1.0,0.98181164,2016-04-12 21:00:00,1.0,5.2559248e-05,0.0,0.0,5.2559248e-05
280.52783,1.0,0.0,0.99946827,0.9407569,2016-04-12 22:00:00,1.0,0.00018624132,0.0,0.0,0.00018624132
280.47705,0.98603535,0.0,0.9760139,0.72856814,2016-04-12 23:00:00,1.0,0.00013242711,0.0,0.0,0.00013242711
279.96802,0.9946821,0.0,0.9893642,0.8350826,2016-04-13 00:00:00,0.0,4.0654733e-05,0.0,5.82271e-07,3.9757448e-05
279.79932,0.9857852,0.0,0.9678973,0.95510614,2016-04-13 01:00:00,1.0,3.5416175e-05,0.0,3.1519143e-05,3.84929e-06
279.36182,0.9522514,0.0,0.80966014,0.8941795,2016-04-13 02:00:00,1.0,0.00014471456,0.0,0.00014484819,0.0
278.89087,0.91896445,0.0,0.70353127,0.8854591,2016-04-13 03:00:00,0.0,0.00036401,0.0,0.0003638286,0.0
278.98486,0.84345794,0.0,0.7323442,0.57255167,2016-04-13 04:00:00,1.0,1.3234815e-05,0.0,1.3482525e-05,0.0
279.17822,0.610351,0.0,0.60823023,0.051175673,2016-04-13 05:00:00,0.0,8.960551e-06,0.0,8.960551e-06,0.0
279.0603,0.44182968,0.0,0.44182968,0.0,2016-04-13 06:00:00,0.0,2.7828182e-06,0.0,2.7539754e-06,0.0
279.30762,0.4241404,0.0,0.4241404,0.0,2016-04-13 07:00:00,1.0,5.9860904e-06,0.0,5.747672e-06,0.0
279.26392,0.559789,0.0,0.559789,0.0,2016-04-13 08:00:00,1.0,2.9527291e-05,0.0,2.9622795e-05,0.0
278.687,0.5649232,0.0,0.5649232,0.0,2016-04-13 09:00:00,0.0,1.0146885e-05,0.0,1.0156177e-05,0.0
278.94482,0.54710644,0.0,0.54710644,0.0,2016-04-13 10:00:00,0.0,0.0,0.0,0.0,0.0
278.8396,0.23135263,0.0,0.23135263,0.0,2016-04-13 11:00:00,0.0,0.0,0.0,0.0,0.0
278.53638,0.099457026,0.0,0.099457026,0.0,2016-04-13 12:00:00,0.0,0.0,0.0,0.0,0.0
279.7893,0.0,0.0,0.0,0.0,2016-04-13 13:00:00,0.0,0.0,0.0,0.0,0.0
281.80737,0.0,0.0,0.0,0.0,2016-04-13 14:00:00,0.0,0.0,0.0,0.0,0.0
285.1765,0.0,0.0,0.0,0.0,2016-04-13 15:00:00,0.0,0.0,0.0,0.0,0.0
286.739,0.0,0.0,0.0,0.0,2016-04-13 16:00:00,0.0,0.0,0.0,0.0,0.0
288.48096,0.0,0.0,0.0,0.0,2016-04-13 17:00:00,0.0,0.0,0.0,0.0,0.0
289.71753,0.0,0.0,0.0,0.0,2016-04-13 18:00:00,0.0,0.0,0.0,0.0,0.0
290.52075,0.0,0.0,0.0,0.0,2016-04-13 19:00:00,0.0,0.0,0.0,0.0,0.0
291.59326,0.00053172023,0.00053172023,0.0,0.0,2016-04-13 20:00:00,0.0,0.0,0.0,0.0,0.0
292.8977,0.040360425,0.040360425,0.00053172023,0.0,2016-04-13 21:00:00,0.0,0.0,0.0,0.0,0.0
293.5735,0.0,0.0,0.0,0.0,2016-04-13 22:00:00,0.0,0.0,0.0,0.0,0.0
293.8247,0.010688771,0.0,0.0015890491,0.009099722,2016-04-13 23:00:00,0.0,0.0,0.0,0.0,0.0
292.93262,0.21623147,0.0,0.042896617,0.17333484,2016-04-14 00:00:00,0.0,0.0,0.0,0.0,0.0
291.11133,0.55904204,0.0,0.08465654,0.50062186,2016-04-14 01:00:00,0.0,0.0,0.0,0.0,0.0
289.57422,0.57464844,0.0,0.01761236,0.56568795,2016-04-14 02:00:00,0.0,0.0,0.0,0.0,0.0
287.5,0.66191465,0.0,0.028427765,0.6426788,2016-04-14 03:00:00,0.0,0.0,0.0,0.0,0.0
287.0498,0.68647844,0.0,0.016270846,0.6854211,2016-04-14 04:00:00,0.0,0.0,0.0,0.0,0.0
285.9348,0.5336522,0.0,0.013393819,0.52739567,2016-04-14 05:00:00,0.0,0.0,0.0,0.0,0.0
285.2881,0.49216515,0.0,0.0,0.49216515,2016-04-14 06:00:00,0.0,0.0,0.0,0.0,0.0
284.85742,0.47007173,0.0,0.0,0.47007173,2016-04-14 07:00:00,0.0,0.0,0.0,0.0,0.0
284.07397,0.37308246,0.0,0.026348688,0.3593825,2016-04-14 08:00:00,0.0,0.0,0.0,0.0,0.0
282.98193,0.51142883,0.0,0.12251067,0.43716854,2016-04-14 09:00:00,0.0,0.0,0.0,0.0,0.0
283.26123,0.3850265,0.0,0.22027326,0.21497679,2016-04-14 10:00:00,0.0,0.0,0.0,0.0,0.0
283.2881,0.42837125,0.0,0.13030058,0.37276036,2016-04-14 11:00:00,0.0,0.0,0.0,0.0,0.0
283.35107,0.5312756,0.0,0.19918305,0.4354157,2016-04-14 12:00:00,0.0,0.0,0.0,0.0,0.0
284.32275,0.5164399,0.0,0.14615154,0.45663077,2016-04-14 13:00:00,0.0,0.0,0.0,0.0,0.0
286.21094,0.55698204,0.0,0.16916656,0.48677325,2016-04-14 14:00:00,0.0,0.0,0.0,0.0,0.0
289.0254,0.48835826,0.0,0.12407386,0.42441213,2016-04-14 15:00:00,0.0,0.0,0.0,0.0,0.0
290.9834,0.4710135,0.0,0.11733478,0.4032619,2016-04-14 16:00:00,0.0,0.0,0.0,0.0,0.0
292.86597,0.40851247,0.0,0.10323578,0.33928937,2016-04-14 17:00:00,0.0,0.0,0.0,0.0,0.0
294.62158,0.5048437,0.0,0.106612444,0.44037193,2016-04-14 18:00:00,0.0,0.0,0.0,0.0,0.0
295.4839,0.37336904,0.0,0.031888332,0.35611475,2016-04-14 19:00:00,0.0,0.0,0.0,0.0,0.0
296.30835,0.31508183,0.0,0.031201132,0.29537183,2016-04-14 20:00:00,0.0,0.0,0.0,0.0,0.0
297.00854,0.1860776,0.0,0.0,0.1860776,2016-04-14 21:00:00,0.0,0.0,0.0,0.0,0.0
296.18335,0.03860768,0.0,0.0,0.03860768,2016-04-14 22:00:00,0.0,0.0,0.0,0.0,0.0
295.54297,0.0048919544,0.0,0.0016249504,0.0048919544,2016-04-14 23:00:00,0.0,0.0,0.0,0.0,0.0
294.64258,0.00715987,0.0,0.0032499009,0.005534917,2016-04-15 00:00:00,0.0,0.0,0.0,0.0,0.0
293.47266,0.00053172023,0.0,0.0,0.00053172023,2016-04-15 01:00:00,0.0,0.0,0.0,0.0,0.0
291.38013,0.0,0.0,0.0,0.0,2016-04-15 02:00:00,0.0,0.0,0.0,0.0,0.0
289.85254,0.0,0.0,0.0,0.0,2016-04-15 03:00:00,0.0,0.0,0.0,0.0,0.0
288.75073,0.0,0.0,0.0,0.0,2016-04-15 04:00:00,0.0,0.0,0.0,0.0,0.0
286.96436,0.0,0.0,0.0,0.0,2016-04-15 05:00:00,0.0,0.0,0.0,0.0,0.0
286.2539,0.0016249504,0.0,0.0,0.0016249504,2016-04-15 06:00:00,0.0,0.0,0.0,0.0,0.0
285.46045,0.03811954,0.0,0.0,0.03811954,2016-04-15 07:00:00,0.0,0.0,0.0,0.0,0.0
285.02246,0.11406827,0.0,0.0,0.11406827,2016-04-15 08:00:00,0.0,0.0,0.0,0.0,0.0
284.15747,0.096055746,0.0,0.0,0.096055746,2016-04-15 09:00:00,0.0,0.0,0.0,0.0,0.0
283.32935,0.07678795,0.0,0.0,0.07678795,2016-04-15 10:00:00,0.0,0.0,0.0,0.0,0.0
283.09863,0.037043504,0.0,0.0,0.037043504,2016-04-15 11:00:00,0.0,0.0,0.0,0.0,0.0
283.00464,0.0,0.0,0.0,0.0,2016-04-15 12:00:00,0.0,0.0,0.0,0.0,0.0
284.06885,0.0,0.0,0.0,0.0,2016-04-15 13:00:00,0.0,0.0,0.0,0.0,0.0
286.10742,0.0,0.0,0.0,0.0,2016-04-15 14:00:00,0.0,0.0,0.0,0.0,0.0
289.56763,0.014932439,0.0,0.0,0.014932439,2016-04-15 15:00:00,0.0,0.0,0.0,0.0,0.0
292.30347,0.32991207,0.0,0.0,0.32991207,2016-04-15 16:00:00,0.0,0.0,0.0,0.0,0.0
294.46777,0.76332235,0.0,0.0,0.76332235,2016-04-15 17:00:00,0.0,0.0,0.0,0.0,0.0
295.6062,0.86499774,0.0,0.0,0.86499774,2016-04-15 18:00:00,0.0,0.0,0.0,0.0,0.0
296.26807,0.67157704,0.0,0.0,0.67157704,2016-04-15 19:00:00,0.0,0.0,0.0,0.0,0.0
296.98096,0.8005125,0.010580849,0.00053172023,0.7957453,2016-04-15 20:00:00,0.0,0.0,0.0,0.0,0.0
297.3872,0.9515912,0.18720526,0.5584597,0.873704,2016-04-15 21:00:00,0.0,0.0,0.0,0.0,0.0
296.50952,0.9686768,0.066019,0.7331607,0.8944586,2016-04-15 22:00:00,0.0,0.0,0.0,0.0,0.0
296.04468,0.95621705,0.053702347,0.6738846,0.919198,2016-04-15 23:00:00,0.0,0.0,0.0,0.0,0.0
295.4563,1.0,0.04042592,0.6385729,1.0,2016-04-16 00:00:00,0.0,0.0,0.0,0.0,0.0
294.96924,1.0,0.017514106,0.5657336,1.0,2016-04-16 01:00:00,0.0,0.0,0.0,0.0,0.0
294.28564,1.0,0.017431531,0.5357035,0.9905219,2016-04-16 02:00:00,0.0,0.0,0.0,0.0,0.0
292.67676,0.99289286,0.091332555,0.41942745,0.99289286,2016-04-16 03:00:00,0.0,0.0,0.0,0.0,0.0
292.21606,1.0,0.030507807,0.4576791,0.99627113,2016-04-16 04:00:00,0.0,0.0,0.0,0.0,0.0
290.54346,1.0,0.004260551,0.18719208,1.0,2016-04-16 05:00:00,0.0,0.0,0.0,0.0,0.0
290.15137,0.98668915,0.05096165,0.13285613,0.98668915,2016-04-16 06:00:00,0.0,0.0,0.0,0.0,0.0
289.13623,0.9913481,0.06577748,0.07334089,0.9913481,2016-04-16 07:00:00,0.0,0.0,0.0,0.0,0.0
289.1494,0.99262583,0.1666534,0.16618264,0.99262583,2016-04-16 08:00:00,0.0,0.0,0.0,0.0,0.0
287.88257,0.998375,0.08882856,0.07887161,0.998375,2016-04-16 09:00:00,0.0,0.0,0.0,0.0,0.0
287.44507,0.9808872,0.035249732,0.27314794,0.9808872,2016-04-16 10:00:00,0.0,0.0,0.0,0.0,0.0
287.188,0.97764,0.04970657,0.1843397,0.97764,2016-04-16 11:00:00,0.0,0.0,0.0,0.0,0.0
286.99146,0.96336967,0.011999037,0.110963166,0.96336967,2016-04-16 12:00:00,0.0,0.0,0.0,0.0,0.0
288.10498,0.052238196,0.0,0.043873854,0.008357041,2016-04-16 13:00:00,0.0,0.0,0.0,0.0,0.0
289.4043,0.05995537,0.0,0.05995537,0.0,2016-04-16 14:00:00,0.0,0.0,0.0,0.0,0.0
293.05518,0.010519415,0.0,0.0,0.010519415,2016-04-16 15:00:00,0.0,0.0,0.0,0.0,0.0
295.83545,0.3384363,0.0,0.0,0.3384363,2016-04-16 16:00:00,0.0,0.0,0.0,0.0,0.0
297.14868,0.79927915,0.004235424,0.004767146,0.7982157,2016-04-16 17:00:00,0.0,1.3369399e-06,0.0,1.2891924e-06,0.0
298.052,0.6541796,0.041095402,0.28774935,0.51170254,2016-04-16 18:00:00,0.0,6.196069e-05,0.0,6.174117e-05,0.0
298.32275,0.53533095,0.015814707,0.2198456,0.40283686,2016-04-16 19:00:00,0.0,9.350902e-07,0.0,1.0209724e-06,0.0
298.94482,0.7573636,0.03283261,0.13102579,0.72739327,2016-04-16 20:00:00,0.0,0.0,0.0,1.3363075e-07,0.0
299.26978,0.8616395,0.0,0.26443177,0.8594828,2016-04-16 21:00:00,0.0,0.0,0.0,0.0,0.0
298.8318,0.9194117,0.0,0.28157604,0.8927349,2016-04-16 22:00:00,0.0,0.0,0.0,0.0,0.0
298.57812,0.9506717,0.0,0.33141428,0.9363069,2016-04-16 23:00:00,0.0,0.0,0.0,0.0,0.0
297.7151,0.884021,0.0,0.26757163,0.85012937,2016-04-17 00:00:00,0.0,0.0,0.0,0.0,0.0
296.55566,0.86411214,0.0,0.35214722,0.80421996,2016-04-17 01:00:00,0.0,0.0,0.0,0.0,0.0
295.13892,0.9292829,0.0,0.33493853,0.89419705,2016-04-17 02:00:00,0.0,0.0,0.0,0.0,0.0
293.0681,0.95570815,0.0,0.44925308,0.93102413,2016-04-17 03:00:00,0.0,0.0,0.0,0.0,0.0
292.43677,0.8989537,0.0,0.2909146,0.88504004,2016-04-17 04:00:00,0.0,0.0,0.0,0.0,0.0
291.9812,0.9141256,0.0,0.13795668,0.9030585,2016-04-17 05:00:00,0.0,0.0,0.0,0.0,0.0
291.32104,0.83802104,0.0,0.009478044,0.83802104,2016-04-17 06:00:00,0.0,0.0,0.0,0.0,0.0
289.70044,0.8552258,0.0,0.010009766,0.8552258,2016-04-17 07:00:00,0.0,0.0,0.0,0.0,0.0
289.22144,0.8503458,0.0,0.1561212,0.8350929,2016-04-17 08:00:00,0.0,0.0,0.0,0.0,0.0
287.17896,0.7228547,0.0,0.09585047,0.69991,2016-04-17 09:00:00,0.0,0.0,0.0,0.0,0.0
288.38843,0.8029304,0.0,0.029156983,0.7956898,2016-04-17 10:00:00,0.0,0.0,0.0,0.0,0.0
288.18628,0.857436,0.0,0.013363607,0.857436,2016-04-17 11:00:00,0.0,0.0,0.0,0.0,0.0
287.99634,0.97611874,0.0,0.016635168,0.97449374,2016-04-17 12:00:00,0.0,0.0,0.0,0.0,0.0
289.35376,0.7348822,0.0,0.010009766,0.72989607,2016-04-17 13:00:00,0.0,0.0,0.0,0.0,0.0
291.11255,0.77168345,0.0,0.029998776,0.77168345,2016-04-17 14:00:00,0.0,0.0,0.0,0.0,0.0
294.1604,0.778798,0.0,0.02528188,0.7743231,2016-04-17 15:00:00,0.0,0.0,0.0,0.0,0.0
295.6775,0.9580708,0.0,0.025527298,0.9575452,2016-04-17 16:00:00,0.0,0.0,0.0,0.0,0.0
296.73267,0.89347875,0.07340187,0.14281517,0.8827264,2016-04-17 17:00:00,1.0,8.9323614e-05,0.0,8.800783e-05,1.1446655e-06
297.80322,0.9726545,0.045245867,0.09761351,0.9676513,2016-04-17 18:00:00,0.0,2.4178895e-05,0.0,2.4121211e-05,0.0
298.0774,0.9650191,0.2863359,0.2824824,0.94200325,2016-04-17 19:00:00,1.0,4.432269e-05,0.0,4.4246102e-05,0.0
298.6482,1.0,0.009509072,0.57878864,1.0,2016-04-17 20:00:00,0.0,9.7782686e-05,0.0,9.759201e-05,0.0
298.72217,1.0,0.024725132,0.6280987,1.0,2016-04-17 21:00:00,1.0,2.7566683e-05,0.0,2.753784e-05,0.0
297.61377,0.99095327,0.0016249504,0.66310096,0.9320514,2016-04-17 22:00:00,0.0,1.0681418e-05,0.0,1.0786205e-05,0.0
297.57104,0.9615329,0.0,0.6705173,0.9155238,2016-04-17 23:00:00,0.0,1.5067808e-06,0.0,1.6497042e-06,0.0
296.9756,0.9823041,0.0,0.616647,0.94479597,2016-04-18 00:00:00,0.0,1.1247894e-06,0.0,1.1154971e-06,0.0
295.5315,0.9496923,0.0,0.48680615,0.9196935,2016-04-18 01:00:00,0.0,0.0,0.0,0.0,0.0
294.96094,0.9894646,0.0,0.34064174,0.9694695,2016-04-18 02:00:00,0.0,0.0,0.0,0.0,0.0
292.84424,0.96942186,0.0,0.30948514,0.9638198,2016-04-18 03:00:00,0.0,0.0,0.0,0.0,0.0
292.48462,0.8584581,0.0,0.23822874,0.81294125,2016-04-18 04:00:00,1.0,2.5393456e-05,0.0,2.5393456e-05,0.0
290.73706,0.8486382,0.0,0.23171717,0.78447026,2016-04-18 05:00:00,0.0,6.8705967e-06,0.0,6.4892556e-06,0.0
289.8374,0.8521949,0.0,0.22154325,0.80108726,2016-04-18 06:00:00,0.0,0.0,0.0,0.0,0.0
289.7024,0.9089939,0.0,0.2755338,0.88870436,2016-04-18 07:00:00,0.0,0.0,0.0,0.0,0.0
289.58594,0.9700012,0.020765156,0.3492853,0.96326184,2016-04-18 08:00:00,0.0,0.0,0.0,0.0,0.0
288.0769,1.0,0.01871739,0.24226922,1.0,2016-04-18 09:00:00,0.0,0.0,0.0,0.0,0.0
287.43652,1.0,0.007107079,0.24023461,0.99627113,2016-04-18 10:00:00,0.0,0.0,0.0,0.0,0.0
287.6582,1.0,0.0,0.1701613,1.0,2016-04-18 11:00:00,0.0,0.0,0.0,0.0,0.0
287.313,1.0,0.0,0.16540468,1.0,2016-04-18 12:00:00,0.0,0.0,0.0,0.0,0.0
288.57544,1.0,0.0048919544,0.56032896,1.0,2016-04-18 13:00:00,0.0,0.0,0.0,0.0,0.0
290.50903,1.0,0.004838947,0.096780896,1.0,2016-04-18 14:00:00,0.0,0.0,0.0,0.0,0.0
293.70288,1.0,0.0,0.12575942,1.0,2016-04-18 15:00:00,0.0,0.0,0.0,0.0,0.0
294.7422,1.0,0.002103883,0.7692694,1.0,2016-04-18 16:00:00,0.0,0.0,0.0,0.0,0.0
296.36646,1.0,0.01956857,0.9448775,1.0,2016-04-18 17:00:00,0.0,5.3452317e-07,0.0,2.6726156e-07,0.0
297.2754,1.0,0.017197605,0.700819,1.0,2016-04-18 18:00:00,1.0,8.4369985e-06,0.0,8.265232e-06,0.0
297.2798,1.0,0.053248595,0.99736434,1.0,2016-04-18 19:00:00,1.0,1.4888445e-05,0.0,1.5155707e-05,0.0
296.96875,1.0,0.08269006,0.9316372,1.0,2016-04-18 20:00:00,0.0,6.1470164e-06,0.0,6.1470164e-06,0.0
296.46484,1.0,0.0765478,0.95069206,1.0,2016-04-18 21:00:00,0.0,8.017848e-07,0.0,8.017848e-07,0.0
296.50293,1.0,0.0,0.9621149,1.0,2016-04-18 22:00:00,0.0,0.0,0.0,0.0,0.0
294.26855,1.0,0.0,0.9801616,1.0,2016-04-18 23:00:00,0.0,0.0,0.0,0.0,0.0
292.64014,1.0,0.0,0.9966217,1.0,2016-04-19 00:00:00,1.0,4.5297915e-05,0.0,4.3331587e-05,1.8708306e-06
291.66016,1.0,0.016602635,1.0,1.0,2016-04-19 01:00:00,1.0,2.328372e-05,0.0,1.7136714e-05,6.1470164e-06
290.9248,1.0,0.012392428,0.9583782,1.0,2016-04-19 02:00:00,1.0,3.1326374e-05,0.0,2.5227113e-05,6.414278e-06
289.14087,1.0,0.07540101,1.0,1.0,2016-04-19 03:00:00,1.0,3.960509e-05,0.0,2.389634e-05,1.5441488e-05
288.38208,1.0,0.10936946,1.0,0.98888505,2016-04-19 04:00:00,1.0,4.6572997e-05,0.0,1.1289571e-05,3.5283418e-05
286.708,1.0,0.020585429,0.9966217,0.9324457,2016-04-19 05:00:00,1.0,3.482586e-05,0.0,1.5187344e-05,1.9772138e-05
286.3689,0.9886182,0.026223317,0.9851899,0.80323696,2016-04-19 06:00:00,1.0,7.29639e-05,0.0,1.9492974e-05,5.348021e-05
285.68433,0.99946827,0.0048919544,0.99946827,0.82876563,2016-04-19 07:00:00,1.0,0.00075989426,0.0,0.00015132313,0.00060893386
285.16455,1.0,0.010356981,1.0,0.95443404,2016-04-19 08:00:00,1.0,0.000706353,0.0,1.6624603e-05,0.0006897957
285.02148,1.0,0.08373284,0.9978433,0.9925423,2016-04-19 09:00:00,1.0,0.0005701557,0.0,3.8185644e-06,0.00056622317
283.73462,0.9905219,0.12744409,0.9478665,0.9310073,2016-04-19 10:00:00,1.0,0.0003467889,0.0,8.618168e-05,0.00026042596
283.8308,0.9885259,0.08053434,0.97505444,0.57204574,2016-04-19 11:00:00,1.0,0.00026737992,0.0,0.00018827763,7.892093e-05
283.88892,1.0,0.18754196,1.0,0.16999,2016-04-19 12:00:00,1.0,0.00020509944,0.0,0.00016628532,3.8700033e-05
283.62964,1.0,0.34474784,1.0,0.056927957,2016-04-19 13:00:00,1.0,0.00022316758,0.0,0.00016543697,5.7673562e-05
283.8374,1.0,0.49769944,1.0,0.041144338,2016-04-19 14:00:00,1.0,0.00020784556,0.0,8.407487e-05,0.00012338934
284.7068,0.99576455,0.50450784,0.9947011,0.022581838,2016-04-19 15:00:00,1.0,0.00019115281,0.0,0.0,0.00019115281
284.74097,0.9830965,0.6076221,0.9725217,0.0,2016-04-19 16:00:00,1.0,0.00031474838,0.0,1.0690464e-05,0.00030352338
284.86792,0.95672053,0.6994477,0.916512,0.0,2016-04-19 17:00:00,1.0,0.00077417446,0.0,0.00039027096,0.0003845999
285.15283,0.95672053,0.9337725,0.8395455,0.0,2016-04-19 18:00:00,1.0,0.00044039567,0.0,0.00017596105,0.00026430096
285.57007,0.90301317,0.8747089,0.76905745,0.0,2016-04-19 19:00:00,1.0,2.1300133e-05,0.0,0.0,2.1300133e-05
286.26343,0.9059873,0.870733,0.677758,0.0,2016-04-19 20:00:00,0.0,1.0690455e-06,0.0,0.0,1.0690455e-06
286.64307,0.8502533,0.81814486,0.551887,0.0,2016-04-19 21:00:00,0.0,0.0,0.0,0.0,0.0
287.04468,0.8999816,0.82711434,0.78444076,0.0,2016-04-19 22:00:00,0.0,0.0,0.0,0.0,0.0
287.06567,0.8746478,0.72529525,0.8217853,0.0,2016-04-19 23:00:00,0.0,0.0,0.0,0.0,0.0
286.65918,0.9116198,0.6822139,0.8891302,0.0,2016-04-20 00:00:00,0.0,0.0,0.0,0.0,0.0
286.5581,0.94950676,0.6714168,0.90845853,0.0,2016-04-20 01:00:00,0.0,0.0,0.0,0.0,0.0
286.38647,0.96996933,0.69973683,0.90931046,0.0,2016-04-20 02:00:00,0.0,0.0,0.0,0.0,0.0
285.7339,0.89188445,0.78033274,0.8054292,0.0,2016-04-20 03:00:00,0.0,0.0,0.0,0.0,0.0
285.44458,0.5846591,0.15308344,0.55588657,0.0,2016-04-20 04:00:00,0.0,0.0,0.0,0.0,0.0
284.62012,0.23930925,0.15265536,0.1394065,0.0,2016-04-20 05:00:00,0.0,0.0,0.0,0.0,0.0
284.14404,0.7020389,0.6868924,0.1970526,0.0,2016-04-20 06:00:00,1.0,0.0,0.0,0.0,0.0
284.08325,0.9495021,0.9495021,0.18978912,0.004207764,2016-04-20 07:00:00,1.0,0.0,0.0,0.0,0.0
284.1516,0.99286187,0.99233013,0.18491179,0.066985905,2016-04-20 08:00:00,0.0,0.0,0.0,0.0,0.0
284.07397,0.99576455,0.99576455,0.20130521,0.030389968,2016-04-20 09:00:00,0.0,9.549569e-08,0.0,0.0,9.549569e-08
284.02124,1.0,1.0,0.30815107,0.009689897,2016-04-20 10:00:00,1.0,4.191511e-07,0.0,1.9099144e-07,3.813414e-07
284.07715,1.0,1.0,0.36443555,0.0,2016-04-20 11:00:00,1.0,1.6798303e-06,0.0,1.4122479e-06,1.9099144e-07
284.0066,1.0,1.0,0.3422472,0.36876398,2016-04-20 12:00:00,1.0,1.0498115e-06,0.0,1.3363075e-07,6.8705424e-07
284.30005,1.0,0.99946827,0.28464764,0.6666597,2016-04-20 13:00:00,1.0,1.4696134e-06,0.0,7.636497e-07,9.549569e-08
284.63867,1.0,0.93929255,0.062805235,0.7979669,2016-04-20 14:00:00,0.0,2.7482347e-06,0.0,2.319146e-06,2.6726156e-07
285.8059,1.0,0.5702378,0.014637973,1.0,2016-04-20 15:00:00,1.0,1.1446655e-06,0.0,1.2017053e-06,0.0
287.0525,1.0,0.62274724,0.01879517,1.0,2016-04-20 16:00:00,1.0,1.4503876e-06,0.0,1.6980975e-06,0.0
288.646,1.0,0.39094472,0.046540473,1.0,2016-04-20 17:00:00,0.0,2.6726156e-07,0.0,5.915631e-07,0.0
289.52808,0.99946827,0.43888932,0.13424295,0.9989426,2016-04-20 18:00:00,0.0,0.0,0.0,0.0,9.549569e-08
290.42432,0.9910334,0.58110386,0.28178728,0.9905078,2016-04-20 19:00:00,0.0,2.0482155e-05,0.0,2.0481835e-05,9.549569e-08
291.39917,0.9989426,0.6312105,0.5333832,0.9957286,2016-04-20 20:00:00,0.0,1.9099144e-07,0.0,1.3363075e-07,2.864872e-07
291.0984,0.98481613,0.44343287,0.53205043,0.962596,2016-04-20 21:00:00,0.0,2.6726156e-07,0.0,2.6726156e-07,0.0
291.77734,0.9955644,0.38564712,0.60289216,0.9923504,2016-04-20 22:00:00,0.0,0.0,0.0,0.0,0.0
291.51782,0.9863476,0.27753955,0.62750286,0.9700672,2016-04-20 23:00:00,1.0,2.1887114e-05,0.0,1.6854989e-05,5.2516325e-06
290.63477,0.9899067,0.52328974,0.8659903,0.9701236,2016-04-21 00:00:00,1.0,7.1861505e-05,0.0,4.0585683e-06,6.785068e-05
289.46753,1.0,1.0,0.98316735,0.98734385,2016-04-21 01:00:00,1.0,0.0005527218,0.0,0.00026827678,0.0002841109
288.6162,1.0,1.0,1.0,0.98201394,2016-04-21 02:00:00,1.0,0.0011342689,0.0,0.00036057713,0.00077391067
287.2749,0.9941755,0.87434363,0.987563,0.96983325,2016-04-21 03:00:00,1.0,0.0014317527,0.0,0.00031977124,0.0011119335
286.86963,1.0,0.94187295,0.9949968,0.94504225,2016-04-21 04:00:00,1.0,0.0016891244,0.0,0.00036005746,0.0013289426
286.20093,0.993112,0.8711461,0.98887664,0.89759445,2016-04-21 05:00:00,1.0,0.0015253716,0.0,0.0006939976,0.000831546
286.11743,0.9762976,0.92652935,0.93957615,0.82072186,2016-04-21 06:00:00,1.0,0.00062361965,0.0,0.0001461929,0.00047742692
286.27808,0.8932447,0.8002785,0.78816444,0.72969615,2016-04-21 07:00:00,1.0,0.0002061207,0.0,8.141429e-06,0.00019834204
286.2378,0.9766898,0.9713192,0.60749656,0.6915105,2016-04-21 08:00:00,1.0,4.513169e-05,0.0,6.628279e-06,3.8513026e-05
285.0752,0.9674871,0.9430975,0.7225362,0.6511969,2016-04-21 09:00:00,1.0,8.824258e-05,0.0,8.344471e-05,5.284961e-06
284.67725,0.9596641,0.8615627,0.90744585,0.40350205,2016-04-21 10:00:00,1.0,7.3700474e-05,0.0,6.681649e-05,6.769914e-06
284.86743,0.9650348,0.9602676,0.92000836,0.35575128,2016-04-21 11:00:00,1.0,0.00026334403,0.0,0.00024738745,1.6232996e-05
284.8401,0.9684944,0.9658419,0.95796055,0.4550051,2016-04-21 12:00:00,1.0,0.0001933154,0.0,0.0001650656,2.8764101e-05
285.3142,0.9734758,0.9622636,0.91601914,0.5086442,2016-04-21 13:00:00,1.0,0.00020568854,0.0,0.00017911538,2.6515147e-05
285.3081,0.9758787,0.91925573,0.90264964,0.4891184,2016-04-21 14:00:00,1.0,0.00024319414,0.0,0.00021056598,3.2542273e-05
286.60083,0.998375,0.9511317,0.9633445,0.43888915,2016-04-21 15:00:00,1.0,0.00030893204,0.0,0.00025837612,5.0908187e-05
286.61255,0.97739595,0.9026641,0.9082261,0.30348247,2016-04-21 16:00:00,1.0,0.0002640849,0.0,0.00015620502,0.0001082325
287.11035,0.95879465,0.9051285,0.79121304,0.35036635,2016-04-21 17:00:00,1.0,0.00024846452,0.0,0.00014934818,9.882101e-05
287.87158,0.8615679,0.71119547,0.6954732,0.28601348,2016-04-21 18:00:00,1.0,8.056218e-05,0.0,4.2139975e-05,3.816423e-05
288.82935,0.6006635,0.39077967,0.49338007,0.12873566,2016-04-21 19:00:00,1.0,0.00015212486,0.0,9.596592e-05,5.6158926e-05
290.1902,0.4499877,0.1837607,0.38894367,0.025190856,2016-04-21 20:00:00,1.0,9.662278e-05,0.0,7.041541e-05,2.6569483e-05
291.17212,0.32826644,0.18084538,0.26572198,0.01449389,2016-04-21 21:00:00,1.0,8.702277e-05,0.0,7.411935e-05,1.2779071e-05
291.24854,0.4200483,0.22020859,0.3186987,0.018689632,2016-04-21 22:00:00,1.0,6.744999e-05,0.0,6.321519e-05,4.3684277e-06
290.71875,0.457542,0.17997068,0.39733744,0.050493196,2016-04-21 23:00:00,1.0,0.00024451385,0.0,0.00024107959,3.301333e-06
289.8828,0.71312886,0.46913624,0.59224474,0.15939486,2016-04-22 00:00:00,1.0,0.0009900618,0.0,0.0009224324,6.7600384e-05
288.8933,0.6241562,0.40725452,0.50336,0.021138914,2016-04-22 01:00:00,0.0,0.00046259887,0.0,0.0003423572,0.00012000321
288.15942,0.5507534,0.40814286,0.39523792,0.0,2016-04-22 02:00:00,0.0,4.2289743e-05,0.0,5.300013e-06,3.6941972e-05
286.0747,0.7486873,0.69772387,0.3847471,0.0,2016-04-22 03:00:00,0.0,4.524184e-06,0.0,0.0,4.524184e-06
285.08887,0.92315197,0.91082054,0.3534513,0.0,2016-04-22 04:00:00,0.0,1.0683952e-06,0.0,0.0,1.0683952e-06
283.95947,0.97939277,0.9770291,0.167647,0.0,2016-04-22 05:00:00,0.0,4.0056705e-07,0.0,0.0,4.0056705e-07
283.32812,0.9106638,0.9106638,0.11817682,0.0,2016-04-22 06:00:00,0.0,9.549569e-08,0.0,0.0,9.549569e-08
281.91162,0.92741525,0.9263579,0.045573514,0.0,2016-04-22 07:00:00,0.0,0.0,0.0,0.0,0.0
281.07568,0.9664818,0.9659562,0.015556078,0.0,2016-04-22 08:00:00,0.0,0.0,0.0,0.0,0.0
279.4536,0.99258035,0.99258035,0.00053172023,0.0,2016-04-22 09:00:00,0.0,0.0,0.0,0.0,0.0
279.15845,0.91381925,0.91381925,0.00053172023,0.0,2016-04-22 10:00:00,0.0,0.0,0.0,0.0,0.0
279.10474,0.6892297,0.6892297,0.0,0.0,2016-04-22 11:00:00,0.0,0.0,0.0,0.0,0.0
278.83545,0.58242506,0.57707125,0.0,0.013974573,2016-04-22 12:00:00,0.0,2.6726156e-07,0.0,0.0,2.6726156e-07
278.886,0.6166661,0.43468177,0.0,0.32529104,2016-04-22 13:00:00,0.0,0.0,0.0,0.0,0.0
279.53906,0.59590477,0.5106211,0.0,0.12143743,2016-04-22 14:00:00,0.0,3.8198294e-07,0.0,0.0,4.774787e-07
281.24146,0.68179935,0.68179935,0.0,0.0,2016-04-22 15:00:00,0.0,4.191511e-07,0.0,0.0,4.0056705e-07
281.72998,0.06477082,0.06477082,0.0,0.0,2016-04-22 16:00:00,0.0,0.0,0.0,0.0,0.0
283.09106,0.0,0.0,0.0,0.0,2016-04-22 17:00:00,0.0,0.0,0.0,0.0,0.0
283.83813,0.0069597177,0.0037098185,0.0,0.0032499009,2016-04-22 18:00:00,0.0,0.0,0.0,0.0,0.0
284.7998,0.40493965,0.0,0.0,0.40493965,2016-04-22 19:00:00,0.0,0.0,0.0,0.0,0.0
286.0005,0.6153555,0.0021207693,0.0,0.61429816,2016-04-22 20:00:00,0.0,0.0,0.0,0.0,0.0
287.08374,0.69488496,0.0,0.0,0.69488496,2016-04-22 21:00:00,0.0,0.0,0.0,0.0,0.0
287.29688,0.6330286,0.0,0.0,0.6330286,2016-04-22 22:00:00,0.0,0.0,0.0,0.0,0.0
287.68726,0.5012163,0.0,0.0,0.5012163,2016-04-22 23:00:00,0.0,0.0,0.0,0.0,0.0
287.33325,0.09286082,0.0,0.0,0.09286082,2016-04-23 00:00:00,0.0,0.0,0.0,0.0,0.0
286.1228,0.0,0.0,0.0,0.0,2016-04-23 01:00:00,0.0,0.0,0.0,0.0,0.0
284.90894,0.0,0.0,0.0,0.0,2016-04-23 02:00:00,0.0,0.0,0.0,0.0,0.0
283.1045,0.0,0.0,0.0,0.0,2016-04-23 03:00:00,0.0,0.0,0.0,0.0,0.0
282.61548,0.0,0.0,0.0,0.0,2016-04-23 04:00:00,0.0,0.0,0.0,0.0,0.0
281.03174,0.0,0.0,0.0,0.0,2016-04-23 05:00:00,0.0,0.0,0.0,0.0,0.0
280.60547,0.0,0.0,0.0,0.0,2016-04-23 06:00:00,0.0,0.0,0.0,0.0,0.0
280.22998,0.039744493,0.0,0.0,0.039744493,2016-04-23 07:00:00,0.0,0.0,0.0,0.0,0.0
279.78906,0.1855275,0.0,0.0,0.1855275,2016-04-23 08:00:00,0.0,0.0,0.0,0.0,0.0
278.9253,0.07126868,0.0,0.0,0.07126868,2016-04-23 09:00:00,0.0,0.0,0.0,0.0,0.0
278.26587,0.2489152,0.0,0.0,0.2489152,2016-04-23 10:00:00,0.0,0.0,0.0,0.0,0.0
278.19092,0.2551399,0.0,0.0,0.2551399,2016-04-23 11:00:00,0.0,0.0,0.0,0.0,0.0
278.74243,0.54831713,0.0,0.0,0.54831713,2016-04-23 12:00:00,0.0,0.0,0.0,0.0,0.0
280.47705,0.6226935,0.0021207693,0.0,0.6211044,2016-04-23 13:00:00,0.0,0.0,0.0,0.0,0.0
282.99976,0.50229716,0.00053172023,0.0,0.50229716,2016-04-23 14:00:00,0.0,0.0,0.0,0.0,0.0
287.27612,0.82171017,0.03780596,0.0,0.8074255,2016-04-23 15:00:00,0.0,0.0,0.0,0.0,0.0
289.1189,0.9526378,0.33369344,0.0,0.9262497,2016-04-23 16:00:00,0.0,1.1831162e-06,0.0,1.2017008e-06,0.0
290.50952,0.96422917,0.6732058,0.0,0.91760063,2016-04-23 17:00:00,0.0,0.0,0.0,0.0,0.0
291.0166,0.9284171,0.24713445,0.0,0.9068391,2016-04-23 18:00:00,0.0,0.0,0.0,0.0,0.0
291.73242,0.9602886,0.05033389,0.0,0.95528543,2016-04-23 19:00:00,0.0,0.0,0.0,0.0,0.0
292.31274,0.9710118,0.069783926,0.0,0.96890795,2016-04-23 20:00:00,0.0,0.0,0.0,0.0,0.0
292.50464,0.85190064,0.022738297,0.02129684,0.84442586,2016-04-23 21:00:00,0.0,0.0,0.0,0.0,0.0
293.458,0.48498654,0.016832627,0.4235372,0.13816649,2016-04-23 22:00:00,0.0,0.0,0.0,0.0,0.0
293.74072,0.31712306,0.010009766,0.16769779,0.23248768,2016-04-23 23:00:00,0.0,0.0,0.0,0.0,0.0
293.1692,0.4628191,0.00737416,0.26829755,0.3441155,2016-04-24 00:00:00,0.0,0.0,0.0,0.0,0.0
292.1538,0.73285973,0.0,0.4657218,0.62250394,2016-04-24 01:00:00,0.0,0.0,0.0,0.0,0.0
291.30762,0.96488327,0.0033782488,0.3725146,0.94020236,2016-04-24 02:00:00,0.0,0.0,0.0,0.0,0.0
289.7622,0.9973536,0.0,0.33984512,0.9857548,2016-04-24 03:00:00,1.0,6.8227455e-05,0.0,6.8361085e-05,0.0
289.07202,0.96336967,0.0,0.16402066,0.96336967,2016-04-24 04:00:00,1.0,0.00037059025,0.0,0.00037055183,0.0
287.8391,0.99550825,0.0,0.3218426,0.99072206,2016-04-24 05:00:00,0.0,0.00068300636,0.0,0.000682825,0.0
287.69287,0.9989426,0.0,0.7269469,0.9942007,2016-04-24 06:00:00,1.0,0.00037464197,0.0,0.0003745372,0.0
287.5874,0.99946827,0.0,0.77069116,0.99946827,2016-04-24 07:00:00,1.0,0.0006386745,0.0,0.0006387511,0.0
287.2456,0.98999536,0.0,0.82295316,0.9588982,2016-04-24 08:00:00,0.0,0.0008151899,0.0,0.0008147608,0.0
286.37256,0.9947349,0.0,0.83892435,0.9873607,2016-04-24 09:00:00,0.0,0.0005796696,0.0,0.00057981256,0.0
286.3037,0.9916152,0.0,0.77030754,0.98189443,2016-04-24 10:00:00,0.0,0.00023737158,0.0,0.00023743889,0.0
286.21582,0.99946827,0.0,0.8591091,0.98524827,2016-04-24 11:00:00,1.0,0.00015918813,0.0,0.0001590545,0.0
285.8894,1.0,0.019112818,0.53255606,1.0,2016-04-24 12:00:00,1.0,0.000720209,0.0,0.00072004716,0.0
285.5459,0.99946827,0.019841727,0.77872616,0.99841094,2016-04-24 13:00:00,1.0,0.0010707041,0.0,0.0010705134,0.0
285.66406,0.99262244,0.055826586,0.65050405,0.98551536,2016-04-24 14:00:00,1.0,0.0009895226,0.0,0.0009832203,6.1014625e-06
285.5708,0.98882985,0.038920075,0.42511952,0.98882985,2016-04-24 15:00:00,1.0,0.00020753399,0.0,0.00019914447,8.27543e-06
286.00513,0.99289286,0.045025676,0.53574103,0.99289286,2016-04-24 16:00:00,1.0,0.0001212615,0.0,0.000118989774,2.138092e-06
286.6687,0.9871681,0.028938081,0.50329196,0.9871681,2016-04-24 17:00:00,1.0,0.0002968649,0.0,0.0002760582,2.1273794e-05
287.05542,1.0,0.018457577,0.43453592,1.0,2016-04-24 18:00:00,1.0,0.0011298943,0.0,0.0010257377,0.00010381336
287.21973,0.9809984,0.0032499009,0.2983129,0.97891164,2016-04-24 19:00:00,0.0,0.000114762326,0.0,9.640028e-05,1.8600462e-05
287.1621,0.9923612,0.0,0.7223485,0.98626137,2016-04-24 20:00:00,1.0,0.00071027945,0.0,0.0007079034,2.194477e-06
288.1665,1.0,0.02103883,0.5722768,1.0,2016-04-24 21:00:00,1.0,0.0014883548,0.0,0.0014551664,3.326517e-05
287.56787,0.9978961,0.111816645,0.6041563,0.9821064,2016-04-24 22:00:00,1.0,0.0007788311,0.0,0.0006864881,9.228599e-05
287.72168,0.96673083,0.33587623,0.2965175,0.9316957,2016-04-24 23:00:00,1.0,0.0005021421,0.0,0.00034040166,0.00016181721
287.54468,0.99371904,0.2633124,0.4578272,0.9771583,2016-04-25 00:00:00,1.0,0.0007878784,0.0,0.0006089993,0.00017857437
287.06592,0.9949934,0.10701728,0.43438655,0.99284285,2016-04-25 01:00:00,1.0,0.0018431125,0.0,0.0017046856,0.00013816886
286.63013,0.9910334,0.04277881,0.36909664,0.98997605,2016-04-25 02:00:00,1.0,0.0022748017,0.0,0.0022077232,6.745056e-05
285.85986,0.99233013,0.036606938,0.9484691,0.92999417,2016-04-25 03:00:00,1.0,0.0026136402,0.0,0.0025556863,5.8430625e-05
285.42212,0.9944678,0.04062461,0.6335748,0.9766327,2016-04-25 04:00:00,1.0,0.0013136903,0.0,0.001163502,0.00014967349
284.86255,1.0,0.07440102,0.6337763,1.0,2016-04-25 05:00:00,1.0,0.00023158119,0.0,4.333316e-05,0.00018839094
285.1233,1.0,0.06969571,0.45228267,1.0,2016-04-25 06:00:00,1.0,5.743219e-05,0.0,1.0504527e-06,5.6172154e-05
285.40894,1.0,0.12697893,0.40152663,1.0,2016-04-25 07:00:00,1.0,0.00034942618,0.0,0.00034787995,1.6413787e-06
285.60425,1.0,0.17068422,0.5347612,1.0,2016-04-25 08:00:00,1.0,0.00030190847,0.0,0.00030154595,5.3452317e-07
286.03735,0.99683875,0.52356327,0.87069464,0.9936714,2016-04-25 09:00:00,1.0,0.0003023746,0.0,0.0002947657,7.55119e-06
284.54492,0.92504805,0.46563703,0.7887151,0.81044567,2016-04-25 10:00:00,1.0,0.00056291,0.0,0.0005163243,4.6147063e-05
284.6582,0.7393781,0.31923026,0.4850446,0.43939823,2016-04-25 11:00:00,1.0,0.0015533622,0.0,0.0014728473,8.072458e-05
284.68848,0.94462985,0.87577116,0.41771805,0.39457488,2016-04-25 12:00:00,1.0,0.0021927266,0.0,0.0021245726,6.802028e-05
284.82568,1.0,1.0,0.28930807,0.43929344,2016-04-25 13:00:00,1.0,0.0017153418,0.0,0.0016547621,6.078987e-05
285.14746,1.0,1.0,0.33248132,0.53343433,2016-04-25 14:00:00,1.0,0.001620105,0.0,0.00155565,6.443613e-05
285.7141,0.9978792,0.9973536,0.29180217,0.33574164,2016-04-25 15:00:00,1.0,0.0018975744,0.0,0.0017890313,0.00010855247
286.62744,0.9846664,0.9767403,0.59039766,0.3498125,2016-04-25 16:00:00,1.0,0.0005092472,0.0,0.00048856507,2.0921201e-05
287.28027,1.0,1.0,0.9978433,0.5475032,2016-04-25 17:00:00,1.0,0.00030660233,0.0,0.0002726207,3.3781704e-05
288.5454,0.99946827,0.99841094,0.78713447,0.30015945,2016-04-25 18:00:00,1.0,0.0010587587,0.0,0.00069789356,0.00036095106
287.90234,1.0,1.0,0.37419957,0.088941395,2016-04-25 19:00:00,1.0,0.00038355356,0.0,0.00036085863,2.274262e-05
288.08423,0.99629015,0.99576455,0.14780569,0.024823297,2016-04-25 20:00:00,1.0,1.614193e-05,0.0,1.09477e-05,5.203531e-06
287.99268,0.984652,0.9740542,0.041587535,0.05828347,2016-04-25 21:00:00,1.0,0.00010504274,0.0,0.00010377406,8.3959446e-07
285.354,1.0,1.0,0.34828132,0.26800597,2016-04-25 22:00:00,0.0,4.0108207e-06,0.0,2.3873935e-07,3.9153247e-06
284.6018,1.0,1.0,0.26051456,0.29797053,2016-04-25 23:00:00,0.0,3.8198294e-07,0.0,0.0,3.8198294e-07
284.14014,0.99946827,0.99946827,0.11778563,0.25628155,2016-04-26 00:00:00,0.0,0.0,0.0,4.7747868e-08,0.0
283.4729,1.0,1.0,0.11237317,0.28720707,2016-04-26 01:00:00,0.0,0.0,0.0,0.0,0.0
282.9956,0.99841094,0.99841094,0.07237828,0.17573822,2016-04-26 02:00:00,1.0,0.0,0.0,0.0,0.0
281.9375,0.9989426,0.9989426,0.04217438,0.1166147,2016-04-26 03:00:00,1.0,0.0,0.0,0.0,0.0
281.4712,1.0,1.0,0.175906,0.10088354,2016-04-26 04:00:00,1.0,3.813414e-07,0.0,0.0,3.813414e-07
280.86865,1.0,1.0,0.37228227,0.055174656,2016-04-26 05:00:00,1.0,8.767626e-07,0.0,0.0,8.767626e-07
280.76343,1.0,1.0,0.70661867,0.0,2016-04-26 06:00:00,1.0,7.9146075e-06,0.0,0.0,7.647346e-06
280.7644,1.0,1.0,0.87642336,0.0,2016-04-26 07:00:00,1.0,4.8832473e-05,0.0,0.0,4.873697e-05
280.60767,1.0,1.0,0.9595953,0.0,2016-04-26 08:00:00,1.0,2.1692322e-05,0.0,0.0,2.1596832e-05
280.4834,1.0,1.0,0.96666116,0.0,2016-04-26 09:00:00,1.0,4.6464993e-05,0.0,0.0,4.7055903e-05
278.8816,1.0,1.0,0.8066542,0.0,2016-04-26 10:00:00,1.0,6.4066466e-05,0.0,0.0,6.395239e-05
278.95532,1.0,1.0,0.61027336,0.0,2016-04-26 11:00:00,1.0,3.406382e-05,0.0,0.0,3.406382e-05
278.9983,1.0,1.0,0.42879975,0.0,2016-04-26 12:00:00,1.0,3.5187157e-05,0.0,0.0,3.5282646e-05
279.1682,1.0,1.0,0.29559863,0.0,2016-04-26 13:00:00,1.0,6.5821487e-06,0.0,0.0,6.5821487e-06
279.1455,1.0,1.0,0.040866975,0.0015890491,2016-04-26 14:00:00,1.0,7.4820227e-06,0.0,0.0,7.4820227e-06
279.79102,1.0,1.0,0.00998199,0.20038605,2016-04-26 15:00:00,0.0,2.213712e-06,0.0,0.0,2.213712e-06
279.7832,1.0,1.0,0.0,0.52163506,2016-04-26 16:00:00,0.0,2.2906142e-06,0.0,0.0,2.404694e-06
280.08838,1.0,1.0,0.11372024,0.020559277,2016-04-26 17:00:00,1.0,9.653361e-06,0.0,0.0,9.767441e-06
280.10156,1.0,1.0,0.09546071,0.02453468,2016-04-26 18:00:00,0.0,4.960646e-06,0.0,0.0,4.86515e-06
280.28247,1.0,1.0,0.040182162,0.008167777,2016-04-26 19:00:00,0.0,0.0,0.0,0.0,0.0
280.70923,1.0,1.0,0.040928174,0.065151215,2016-04-26 20:00:00,0.0,0.0,0.0,4.7747868e-08,0.0
281.13452,0.99167883,0.99167883,0.048389174,0.022660516,2016-04-26 21:00:00,0.0,0.0,0.0,4.7747868e-08,0.0
281.57397,0.9978792,0.9978792,0.013471484,0.046238378,2016-04-26 22:00:00,0.0,0.0,0.0,4.7747868e-08,0.0
281.75488,0.87553555,0.8718597,0.0037288337,0.023481905,2016-04-26 23:00:00,0.0,0.0,0.0,0.0,0.0
281.74756,0.8437917,0.7969215,0.029099368,0.13930404,2016-04-27 00:00:00,0.0,0.0,0.0,0.0,0.0
281.80664,0.78718394,0.7644584,0.020885054,0.075363636,2016-04-27 01:00:00,0.0,0.0,0.0,0.0,0.0
281.57007,0.9968219,0.98304605,0.0100932345,0.05572544,2016-04-27 02:00:00,0.0,0.0,0.0,0.0,0.0
281.25073,0.99258035,0.9825312,0.14982694,0.3554542,2016-04-27 03:00:00,0.0,0.0,0.0,0.0,0.0
281.24756,0.9946291,0.7623491,0.015889157,0.97505534,2016-04-27 04:00:00,0.0,0.0,0.0,0.0,0.0
281.11206,1.0,0.5862764,0.0010573287,1.0,2016-04-27 05:00:00,0.0,0.0,0.0,0.0,0.0
281.0625,1.0,0.47884,0.101095736,1.0,2016-04-27 06:00:00,0.0,0.0,0.0,0.0,0.0
280.7229,1.0,0.3615327,0.083762765,1.0,2016-04-27 07:00:00,0.0,0.0,0.0,0.0,0.0
280.08008,1.0,0.21027535,0.036559746,1.0,2016-04-27 08:00:00,0.0,0.0,0.0,0.0,0.0
279.2876,1.0,0.062137343,0.028941449,1.0,2016-04-27 09:00:00,0.0,0.0,0.0,0.0,0.0
278.59448,1.0,0.05303025,0.03111248,1.0,2016-04-27 10:00:00,0.0,0.0,0.0,0.0,0.0
278.36597,1.0,0.029943585,0.25850505,1.0,2016-04-27 11:00:00,0.0,0.0,0.0,0.0,0.0
278.18042,1.0,0.0,0.33681494,1.0,2016-04-27 12:00:00,0.0,0.0,0.0,0.0,0.0
278.36353,1.0,0.00053172023,0.0,1.0,2016-04-27 13:00:00,0.0,0.0,0.0,0.0,0.0
279.30176,1.0,0.0,0.0,1.0,2016-04-27 14:00:00,0.0,0.0,0.0,0.0,0.0
281.07544,1.0,0.0,0.004767146,1.0,2016-04-27 15:00:00,0.0,0.0,0.0,0.0,0.0
282.05005,0.99675006,0.0,0.08828461,0.99675006,2016-04-27 16:00:00,0.0,0.0,0.0,0.0,0.0
283.34302,0.9966217,0.0010573287,0.2587381,0.9966217,2016-04-27 17:00:00,0.0,0.0,0.0,0.0,0.0
284.01196,1.0,0.0,0.48014492,1.0,2016-04-27 18:00:00,0.0,0.0,0.0,0.0,0.0
284.30518,1.0,0.020382222,0.8165141,1.0,2016-04-27 19:00:00,0.0,3.2086566e-05,0.0,3.1847827e-05,2.864872e-07
284.84448,1.0,0.15585911,0.98316735,1.0,2016-04-27 20:00:00,0.0,0.00054033846,0.0,0.0005275847,1.2677253e-05
285.00635,1.0,0.3714559,1.0,1.0,2016-04-27 21:00:00,1.0,0.0005814475,0.0,0.00036359113,0.00021766558
282.23535,1.0,0.6075917,1.0,1.0,2016-04-27 22:00:00,1.0,0.0011886952,0.0,0.00012356055,0.0010652589
280.87695,1.0,0.69655156,0.99946827,0.99841094,2016-04-27 23:00:00,1.0,0.0012859809,0.0,0.00016145686,0.0011246959
280.5027,1.0,0.6802471,1.0,0.99577534,2016-04-28 00:00:00,1.0,0.0009947603,0.0,1.1154971e-06,0.0009936355
280.42285,1.0,0.6839601,0.96582276,0.94146633,2016-04-28 01:00:00,1.0,0.00038990402,0.0,0.0,0.00038990402
280.53687,1.0,0.7133103,1.0,0.72216994,2016-04-28 02:00:00,0.0,5.7020763e-05,0.0,0.0,5.6753503e-05
280.5232,1.0,0.9422185,0.993112,0.75509113,2016-04-28 03:00:00,0.0,0.00026270025,0.0,0.00022830676,3.4498982e-05
280.3396,1.0,1.0,0.97431886,0.8752808,2016-04-28 04:00:00,0.0,0.0009090877,0.0,0.0008970641,1.2061978e-05
280.38306,1.0,1.0,0.99946827,0.92203504,2016-04-28 05:00:00,0.0,0.00027973787,0.0,0.00023982766,3.9891747e-05
280.05566,1.0,1.0,1.0,0.9523774,2016-04-28 06:00:00,1.0,0.00034152507,0.0,0.0002513535,9.0458416e-05
279.49854,1.0,1.0,1.0,0.8839403,2016-04-28 07:00:00,1.0,0.0008389824,0.0,0.00067257765,0.00016627152
279.2854,1.0,1.0,1.0,0.79174703,2016-04-28 08:00:00,1.0,0.0005810335,0.0,0.00030732504,0.00027373643
279.2661,1.0,1.0,1.0,0.8941391,2016-04-28 09:00:00,1.0,0.00034575444,0.0,0.00016719183,0.00017829619
277.864,1.0,1.0,1.0,0.9989426,2016-04-28 10:00:00,1.0,0.0004761694,0.0,0.00028973562,0.00018658699
277.63745,1.0,1.0,1.0,0.9833973,2016-04-28 11:00:00,1.0,0.00063288445,0.0,0.00044398895,0.00018897145
277.29614,1.0,1.0,1.0,0.9820702,2016-04-28 12:00:00,1.0,0.00089121866,0.0,0.0005042213,0.00038716896
276.8423,1.0,1.0,1.0,0.996307,2016-04-28 13:00:00,1.0,0.0012028951,0.0,0.00045448472,0.0007478101
276.802,1.0,1.0,1.0,0.9973536,2016-04-28 14:00:00,1.0,0.0015004887,0.0,0.00036355155,0.0011370413
277.292,1.0,1.0,1.0,0.99258035,2016-04-28 15:00:00,1.0,0.0012763808,0.0,0.00032723066,0.00094886404
277.39966,1.0,1.0,1.0,0.97569394,2016-04-28 16:00:00,1.0,0.00075097894,0.0,9.499311e-05,0.0006563857
278.02197,1.0,1.0,1.0,0.8993217,2016-04-28 17:00:00,1.0,0.000504859,0.0,0.0,0.000504859
278.51025,1.0,1.0,1.0,0.8162679,2016-04-28 18:00:00,1.0,0.00054887333,0.0,2.9224087e-05,0.0005194391
278.60767,1.0,1.0,1.0,0.61563295,2016-04-28 19:00:00,1.0,0.00076051615,0.0,0.0,0.00076051615
278.77808,1.0,0.93942755,1.0,0.34478384,2016-04-28 20:00:00,1.0,0.0004986152,0.0,0.0,0.0004988825
278.55347,0.997629,0.7417941,0.997629,0.2535215,2016-04-28 21:00:00,1.0,0.00041911146,0.0,7.64154e-06,0.00041162246
278.53638,0.9978961,0.87889796,0.98893803,0.6669936,2016-04-28 22:00:00,1.0,0.0003003925,0.0,2.3726388e-06,0.00029772427
278.4983,1.0,0.923448,1.0,0.8367513,2016-04-28 23:00:00,1.0,0.00016824776,0.0,3.9162633e-06,0.00016411199
278.6516,1.0,0.9393256,1.0,0.918832,2016-04-29 00:00:00,1.0,0.00029381923,0.0,8.9288515e-06,0.00028484268
278.67822,1.0,0.99629015,0.9978961,0.9687446,2016-04-29 01:00:00,1.0,0.00043591112,0.0,7.687407e-06,0.0004282901
278.36914,1.0,1.0,1.0,0.9904657,2016-04-29 02:00:00,1.0,0.0005255488,0.0,0.0,0.0005256629
278.25952,1.0,0.97991747,0.99371904,0.99841094,2016-04-29 03:00:00,1.0,0.0005842163,0.0,0.0,0.0005842163
278.115,1.0,0.9966217,0.99609,1.0,2016-04-29 04:00:00,1.0,0.0005905228,0.0,0.0,0.0005905805
277.85913,1.0,0.702738,0.93475467,1.0,2016-04-29 05:00:00,1.0,0.00041741156,0.0,0.0,0.00041729747
277.07178,0.97068244,0.56241256,0.6555943,0.8976452,2016-04-29 06:00:00,1.0,0.0001360369,0.0,0.0,0.00013582733
276.21802,0.9161049,0.54004663,0.13871455,0.8486861,2016-04-29 07:00:00,1.0,1.1215913e-05,0.0,0.0,1.1120418e-05
275.85767,0.93520206,0.5190702,0.0026822793,0.8604002,2016-04-29 08:00:00,0.0,1.9099144e-07,0.0,0.0,3.050713e-07
275.3435,0.94020194,0.38764447,0.0,0.90991014,2016-04-29 09:00:00,0.0,0.0,0.0,0.0,0.0
275.82227,0.960329,0.34475595,0.0,0.9229402,2016-04-29 10:00:00,0.0,0.0,0.0,0.0,0.0
275.8694,0.96124387,0.26057673,0.0,0.9358997,2016-04-29 11:00:00,0.0,0.0,0.0,0.0,9.549569e-08
276.2444,0.9454542,0.26752222,0.0,0.9072137,2016-04-29 12:00:00,0.0,0.0,0.0,0.0,0.0
277.4038,0.8586553,0.2834555,0.0,0.770033,2016-04-29 13:00:00,0.0,0.0,0.0,0.0,9.549569e-08
278.739,0.47529024,0.4115433,0.0,0.089446664,2016-04-29 14:00:00,0.0,1.9099144e-07,0.0,0.0,3.050713e-07
281.40796,0.16609097,0.16609097,0.0,0.0,2016-04-29 15:00:00,0.0,0.0,0.0,0.0,0.0
282.51025,0.03761157,0.03708596,0.0,0.0010573287,2016-04-29 16:00:00,0.0,0.0,0.0,0.0,0.0
283.91406,0.19734788,0.06608099,0.0,0.15402001,2016-04-29 17:00:00,0.0,0.0,0.0,0.0,0.0
285.1433,0.098288715,0.035947256,0.0,0.062358584,2016-04-29 18:00:00,0.0,0.0,0.0,0.0,0.0
286.0354,0.33317053,0.22438592,0.0,0.16156155,2016-04-29 19:00:00,0.0,0.0,0.0,0.0,0.0
286.58667,0.8439243,0.5582165,0.0,0.6495578,2016-04-29 20:00:00,0.0,0.0,0.0,0.0,0.0
287.1128,0.77742004,0.5800077,0.0,0.56400245,2016-04-29 21:00:00,0.0,0.0,0.0,0.0,0.0
287.812,0.98044926,0.4356326,0.44586807,0.9788243,2016-04-29 22:00:00,0.0,0.0,0.0,0.0,0.0
287.76978,0.70015407,0.28117442,0.0,0.4189796,2016-04-29 23:00:00,0.0,0.0,0.0,0.0,0.0
287.50342,1.0,0.003161212,0.0,1.0,2016-04-30 00:00:00,0.0,0.0,0.0,0.0,0.0
286.40503,0.55751437,0.02362857,0.0,0.54763633,2016-04-30 01:00:00,0.0,0.0,0.0,0.0,0.0
284.85913,0.6733747,0.035945624,0.0029026829,0.6632815,2016-04-30 02:00:00,0.0,0.0,0.0,0.0,0.0
283.14722,1.0,0.08026987,0.01503047,1.0,2016-04-30 03:00:00,0.0,0.0,0.0,0.0,0.0
282.531,0.9978433,0.118599236,0.0071128868,0.9978433,2016-04-30 04:00:00,0.0,0.0,0.0,0.0,0.0
281.12354,0.9746653,0.052837066,0.0,0.9652117,2016-04-30 05:00:00,0.0,0.0,0.0,0.0,0.0
280.95068,0.9133873,0.016318668,0.0,0.9107517,2016-04-30 06:00:00,0.0,0.0,0.0,0.0,0.0
280.94556,0.95369065,0.0,0.0,0.95369065,2016-04-30 07:00:00,0.0,0.0,0.0,0.0,0.0
279.89233,0.91550326,0.0,0.0,0.91550326,2016-04-30 08:00:00,0.0,0.0,0.0,0.0,0.0
279.26025,0.9949968,0.0,0.0,0.9949968,2016-04-30 09:00:00,0.0,0.0,0.0,0.0,0.0
278.4563,0.998375,0.0,0.0,0.998375,2016-04-30 10:00:00,0.0,0.0,0.0,0.0,0.0
278.34106,1.0,0.0,0.0,1.0,2016-04-30 11:00:00,0.0,0.0,0.0,0.0,0.0
278.58252,0.9820871,0.0,0.0,0.9820871,2016-04-30 12:00:00,0.0,0.0,0.0,0.0,0.0
279.40942,0.9344752,0.005298864,0.0010573287,0.9339496,2016-04-30 13:00:00,0.0,0.0,0.0,0.0,0.0
280.8977,0.94703865,0.15075666,0.004767146,0.9428309,2016-04-30 14:00:00,0.0,0.0,0.0,0.0,0.0
283.48462,0.99164295,0.26289874,0.038418747,0.99164295,2016-04-30 15:00:00,0.0,0.0,0.0,0.0,0.0
284.64355,1.0,0.057698864,0.057531867,1.0,2016-04-30 16:00:00,0.0,0.0,0.0,0.0,0.0
285.7146,0.9899067,0.15034544,0.13305444,0.98780286,2016-04-30 17:00:00,0.0,0.0,0.0,0.0,0.0
286.5193,1.0,0.422432,0.25463593,0.9949968,2016-04-30 18:00:00,0.0,0.0,0.0,0.0,0.0
287.32397,1.0,0.69249827,0.7736021,1.0,2016-04-30 19:00:00,0.0,0.0,0.0,0.0,0.0
287.6587,1.0,0.5011399,0.998375,1.0,2016-04-30 20:00:00,0.0,5.3452317e-07,0.0,5.3452317e-07,0.0
288.0244,1.0,0.5844265,0.997629,1.0,2016-04-30 21:00:00,0.0,2.0598882e-06,0.0,1.7926268e-06,9.549569e-08
286.98535,1.0,0.14177322,0.997629,1.0,2016-04-30 22:00:00,0.0,1.432436e-06,0.0,0.0,1.432436e-06
286.5642,1.0,0.0929085,0.9849035,1.0,2016-04-30 23:00:00,0.0,7.1807644e-06,0.0,0.0,7.1807644e-06
285.81592,1.0,0.08656502,0.97002226,1.0,2016-05-01 00:00:00,0.0,2.0375184e-05,0.0,0.0,2.0375184e-05
285.0476,1.0,0.18165374,0.901925,1.0,2016-05-01 01:00:00,0.0,3.108931e-05,0.0,0.0,3.0917538e-05
284.25342,1.0,0.22468221,0.8632613,1.0,2016-05-01 02:00:00,0.0,5.0519782e-05,0.0,0.0,5.0519782e-05
282.88403,1.0,0.26849782,0.9820913,0.99946827,2016-05-01 03:00:00,0.0,5.7046782e-05,0.0,0.0,5.677952e-05
282.13037,1.0,0.21824849,0.995108,0.9952328,2016-05-01 04:00:00,0.0,3.7844467e-05,0.0,0.0,3.7844467e-05
281.42896,1.0,0.057281677,1.0,0.9978792,2016-05-01 05:00:00,0.0,1.9518295e-05,0.0,0.0,1.9727871e-05
280.93872,0.99946827,0.08103222,0.99946827,0.9854422,2016-05-01 06:00:00,0.0,1.2833597e-05,0.0,0.0,1.3043173e-05
280.3518,1.0,0.095038176,0.9978961,0.97119975,2016-05-01 07:00:00,0.0,8.072774e-05,0.0,0.0,8.072774e-05
279.7024,1.0,0.048591133,1.0,0.9596049,2016-05-01 08:00:00,0.0,8.1927545e-05,0.0,0.0,8.2023034e-05
279.22778,1.0,0.013033811,0.998375,0.93198955,2016-05-01 09:00:00,0.0,6.6908455e-05,0.0,0.0,6.6812965e-05
278.84375,1.0,0.024137702,0.9623932,0.9783631,2016-05-01 10:00:00,0.0,4.4507367e-05,0.0,0.0,4.4602857e-05
278.71802,0.9920547,0.04820283,0.8577688,0.94024116,2016-05-01 11:00:00,0.0,2.0577048e-05,0.0,0.0,2.074882e-05
278.61084,0.98572373,0.02711298,0.75161546,0.9612394,2016-05-01 12:00:00,0.0,4.047989e-06,0.0,0.0,4.0294044e-06
278.8462,0.978605,0.00053172023,0.57568187,0.957501,2016-05-01 13:00:00,0.0,1.9099144e-07,0.0,0.0,1.9099144e-07
280.29443,0.9632294,0.01604252,0.4673925,0.9444639,2016-05-01 14:00:00,0.0,0.0,0.0,0.0,0.0
282.96826,0.93564796,0.00998199,0.38799024,0.9327453,2016-05-01 15:00:00,0.0,0.0,0.0,0.0,0.0
284.5581,0.8985833,0.008732032,0.30356473,0.89621234,2016-05-01 16:00:00,0.0,0.0,0.0,0.0,0.0
285.85474,0.90017724,0.0015890491,0.23518819,0.8912106,2016-05-01 17:00:00,0.0,0.0,0.0,0.0,0.0
286.64062,0.93266094,0.15393579,0.20075125,0.8914225,2016-05-01 18:00:00,0.0,0.0,0.0,0.0,0.0
287.7041,0.98700494,0.67866313,0.8982876,0.87294716,2016-05-01 19:00:00,0.0,0.0,0.0,0.0,0.0
288.81616,1.0,0.79178834,1.0,0.82356095,2016-05-01 20:00:00,0.0,0.0,0.0,0.0,0.0
288.92822,1.0,0.73602116,1.0,0.71427286,2016-05-01 21:00:00,0.0,0.0,0.0,0.0,0.0
288.90845,0.9344298,0.0078530945,0.88063633,0.61863565,2016-05-01 22:00:00,0.0,9.549569e-08,0.0,4.7747868e-08,0.0
289.1211,0.9143227,0.033447288,0.8191026,0.5854319,2016-05-01 23:00:00,0.0,0.0,0.0,0.0,0.0
288.79028,0.71475637,0.03181782,0.5434261,0.3278566,2016-05-02 00:00:00,0.0,0.0,0.0,0.0,0.0
287.92163,0.04710752,0.0,0.025153361,0.024319012,2016-05-02 01:00:00,0.0,0.0,0.0,0.0,0.0
286.72778,0.049948692,0.0,0.049948692,0.0,2016-05-02 02:00:00,0.0,0.0,0.0,0.0,0.0
284.46582,0.008699495,0.0,0.008699495,0.0,2016-05-02 03:00:00,0.0,0.0,0.0,0.0,0.0
283.89404,0.02030759,0.0,0.02030759,0.0,2016-05-02 04:00:00,0.0,0.0,0.0,0.0,0.0
282.5454,0.03529046,0.0,0.03529046,0.0,2016-05-02 05:00:00,0.0,0.0,0.0,0.0,0.0
280.2898,0.017146379,0.0,0.017146379,0.0,2016-05-02 06:00:00,0.0,0.0,0.0,0.0,0.0
280.43457,0.086458385,0.0,0.086458385,0.0,2016-05-02 07:00:00,0.0,0.0,0.0,0.0,0.0
279.86865,0.124871194,0.0,0.124871194,0.0,2016-05-02 08:00:00,0.0,0.0,0.0,0.0,0.0
278.11108,0.14715695,0.0034282913,0.14715695,0.0,2016-05-02 09:00:00,0.0,0.0,0.0,0.0,0.0
276.92334,0.08439422,0.025066402,0.08439422,0.0,2016-05-02 10:00:00,0.0,0.0,0.0,0.0,0.0
276.7058,0.024559904,0.0,0.024559904,0.0,2016-05-02 11:00:00,0.0,0.0,0.0,0.0,0.0
277.37988,0.009233657,0.0,0.009233657,0.0,2016-05-02 12:00:00,0.0,0.0,0.0,0.0,0.0
279.8777,0.0,0.0,0.0,0.0,2016-05-02 13:00:00,0.0,0.0,0.0,0.0,0.0
282.56494,0.0,0.0,0.0,0.0,2016-05-02 14:00:00,0.0,0.0,0.0,0.0,0.0
286.8838,0.0010573287,0.0,0.0010573287,0.0,2016-05-02 15:00:00,0.0,0.0,0.0,0.0,0.0
289.0747,0.005298864,0.0,0.005298864,0.0,2016-05-02 16:00:00,0.0,0.0,0.0,0.0,0.0
290.1145,0.032716908,0.02133726,0.014557745,0.0,2016-05-02 17:00:00,0.0,0.0,0.0,0.0,0.0
290.98438,0.069498,0.031168293,0.04279825,0.0,2016-05-02 18:00:00,0.0,0.0,0.0,0.0,0.0
291.6084,0.1369732,0.0,0.1369732,0.0,2016-05-02 19:00:00,0.0,0.0,0.0,0.0,0.0
291.96143,0.15719515,0.004741922,0.15719515,0.0,2016-05-02 20:00:00,0.0,0.0,0.0,0.0,0.0
292.25806,0.52539617,0.0,0.52539617,0.0,2016-05-02 21:00:00,0.0,0.0,0.0,0.0,0.0
291.5608,0.22628075,0.0,0.22628075,0.0,2016-05-02 22:00:00,0.0,0.0,0.0,0.0,0.0
292.2666,0.24965388,0.0,0.24965388,0.0,2016-05-02 23:00:00,0.0,0.0,0.0,0.0,0.0
291.90283,0.19594407,0.0,0.19594407,0.0,2016-05-03 00:00:00,0.0,0.0,0.0,0.0,0.0
291.15015,0.11683285,0.0,0.11683285,0.0,2016-05-03 01:00:00,0.0,0.0,0.0,0.0,0.0
288.26636,0.04474455,0.0,0.04474455,0.0,2016-05-03 02:00:00,0.0,0.0,0.0,0.0,0.0
285.9839,0.0208104,0.0,0.0208104,0.0,2016-05-03 03:00:00,0.0,0.0,0.0,0.0,0.0
285.52417,0.0037457198,0.0,0.0037457198,0.0,2016-05-03 04:00:00,0.0,0.0,0.0,0.0,0.0
284.10498,0.016610142,0.0,0.016610142,0.0,2016-05-03 05:00:00,0.0,0.0,0.0,0.0,0.0
283.35645,0.010728002,0.0,0.010728002,0.0,2016-05-03 06:00:00,0.0,0.0,0.0,0.0,0.0
282.33667,0.1495843,0.0,0.0,0.1495843,2016-05-03 07:00:00,0.0,0.0,0.0,0.0,0.0
282.3462,0.14050621,0.0,0.0,0.14050621,2016-05-03 08:00:00,0.0,0.0,0.0,0.0,0.0
281.77612,0.45702118,0.0,0.0,0.45702118,2016-05-03 09:00:00,0.0,0.0,0.0,0.0,0.0
281.45483,0.6347583,0.0,0.04468298,0.6122786,2016-05-03 10:00:00,0.0,0.0,0.0,0.0,0.0
281.4712,0.81909806,0.0,0.042219784,0.81198764,2016-05-03 11:00:00,0.0,0.0,0.0,0.0,0.0
281.7168,0.8826856,0.0,0.031830832,0.87162,2016-05-03 12:00:00,0.0,0.0,0.0,0.0,0.0
283.65723,0.9306879,0.0,0.008170214,0.9306879,2016-05-03 13:00:00,0.0,0.0,0.0,0.0,0.0
286.07324,0.95789844,0.0,0.006280929,0.95789844,2016-05-03 14:00:00,0.0,0.0,0.0,0.0,0.0
289.75464,0.9750078,0.0,0.01173529,0.9750078,2016-05-03 15:00:00,0.0,0.0,0.0,0.0,0.0
291.66284,0.9779043,0.0,0.0,0.9779043,2016-05-03 16:00:00,0.0,0.0,0.0,0.0,0.0
292.93042,0.95554435,0.0,0.015740775,0.95554435,2016-05-03 17:00:00,0.0,0.0,0.0,0.0,0.0
293.5171,0.8255904,0.09776837,0.04123741,0.8001466,2016-05-03 18:00:00,0.0,0.0,0.0,0.0,0.0
294.0813,0.41325605,0.14695543,0.18475968,0.25623196,2016-05-03 19:00:00,0.0,3.813414e-07,0.0,3.0475053e-07,0.0
293.72583,0.3635289,0.050925896,0.33683765,0.027185611,2016-05-03 20:00:00,0.0,2.213712e-06,0.0,2.2995946e-06,0.0
294.3557,0.76307905,0.12162316,0.7569927,0.0033782488,2016-05-03 21:00:00,1.0,4.6722153e-06,0.0,4.4337967e-06,0.0
293.9734,0.69285464,0.0,0.69285464,0.0010573287,2016-05-03 22:00:00,1.0,0.00016573754,0.0,0.00016592821,0.0
294.40527,0.52890223,0.0,0.52890223,0.0,2016-05-03 23:00:00,0.0,7.0011825e-05,0.0,6.989711e-05,0.0
293.95898,0.307886,0.0,0.307886,0.0,2016-05-04 00:00:00,0.0,2.0214193e-06,0.0,2.297972e-06,0.0
292.3684,0.077813745,0.0,0.077813745,0.0,2016-05-04 01:00:00,0.0,0.0,0.0,0.0,0.0
290.4309,0.0021207693,0.0,0.0021207693,0.0,2016-05-04 02:00:00,0.0,0.0,0.0,0.0,0.0
287.7085,0.0,0.0,0.0,0.0,2016-05-04 03:00:00,0.0,0.0,0.0,0.0,0.0
287.1228,0.0,0.0,0.0,0.0,2016-05-04 04:00:00,0.0,0.0,0.0,0.0,0.0
285.39258,0.0,0.0,0.0,0.0,2016-05-04 05:00:00,0.0,0.0,0.0,0.0,0.0
284.86182,0.0,0.0,0.0,0.0,2016-05-04 06:00:00,0.0,0.0,0.0,0.0,0.0
284.06567,0.0,0.0,0.0,0.0,2016-05-04 07:00:00,0.0,0.0,0.0,0.0,0.0
283.3921,0.0,0.0,0.0,0.0,2016-05-04 08:00:00,0.0,0.0,0.0,0.0,0.0
281.52686,0.0,0.0,0.0,0.0,2016-05-04 09:00:00,0.0,0.0,0.0,0.0,0.0
280.42603,0.0,0.0,0.0,0.0,2016-05-04 10:00:00,0.0,0.0,0.0,0.0,0.0
280.47778,0.0,0.0,0.0,0.0,2016-05-04 11:00:00,0.0,0.0,0.0,0.0,0.0
280.93896,0.0,0.0,0.0,0.0,2016-05-04 12:00:00,0.0,0.0,0.0,0.0,0.0
282.50415,0.0,0.0,0.0,0.0,2016-05-04 13:00:00,0.0,0.0,0.0,0.0,0.0
284.0161,0.0,0.0,0.0,0.0,2016-05-04 14:00:00,0.0,0.0,0.0,0.0,0.0
286.96143,0.0,0.0,0.0,0.0,2016-05-04 15:00:00,0.0,0.0,0.0,0.0,0.0
287.90137,0.0033782488,0.0033782488,0.0,0.0,2016-05-04 16:00:00,0.0,0.0,0.0,0.0,0.0
288.90674,0.075911105,0.075911105,0.0,0.0,2016-05-04 17:00:00,0.0,0.0,0.0,0.0,0.0
289.71216,0.07189202,0.07189202,0.0,0.0,2016-05-04 18:00:00,0.0,0.0,0.0,0.0,0.0
290.66626,0.019775871,0.019775871,0.0,0.0,2016-05-04 19:00:00,0.0,0.0,0.0,0.0,0.0
291.06738,0.00053172023,0.00053172023,0.0,0.0,2016-05-04 20:00:00,0.0,0.0,0.0,0.0,0.0
291.51587,0.0,0.0,0.0,0.0,2016-05-04 21:00:00,0.0,0.0,0.0,0.0,0.0
291.3994,0.0,0.0,0.0,0.0,2016-05-04 22:00:00,0.0,0.0,0.0,0.0,0.0
291.24683,0.0,0.0,0.0,0.0,2016-05-04 23:00:00,0.0,0.0,0.0,0.0,0.0
290.79248,0.0,0.0,0.0,0.0,2016-05-05 00:00:00,0.0,0.0,0.0,0.0,0.0
289.6985,0.0,0.0,0.0,0.0,2016-05-05 01:00:00,0.0,0.0,0.0,0.0,0.0
287.1211,0.0,0.0,0.0,0.0,2016-05-05 02:00:00,0.0,0.0,0.0,0.0,0.0
285.17578,0.0,0.0,0.0,0.0,2016-05-05 03:00:00,0.0,0.0,0.0,0.0,0.0
283.35913,0.0,0.0,0.0,0.0,2016-05-05 04:00:00,0.0,0.0,0.0,0.0,0.0
282.44458,0.05522559,0.0,0.0,0.05522559,2016-05-05 05:00:00,0.0,0.0,0.0,0.0,0.0
281.13452,0.024305835,0.0,0.0,0.024305835,2016-05-05 06:00:00,0.0,0.0,0.0,0.0,0.0
281.1245,0.013471484,0.0,0.0,0.013471484,2016-05-05 07:00:00,0.0,0.0,0.0,0.0,0.0
280.30347,0.30197144,0.0,0.0,0.30197144,2016-05-05 08:00:00,0.0,0.0,0.0,0.0,0.0
278.99414,0.2997173,0.0,0.0,0.2997173,2016-05-05 09:00:00,0.0,0.0,0.0,0.0,0.0
278.75977,0.54015636,0.0,0.4458903,0.24706942,2016-05-05 10:00:00,0.0,9.3869225e-05,0.0,9.4002855e-05,0.0
279.54395,0.6428537,0.0,0.587557,0.34745002,2016-05-05 11:00:00,0.0,0.00014628202,0.0,0.00014612949,0.0
280.55884,0.6176544,0.0,0.60510963,0.057498287,2016-05-05 12:00:00,1.0,0.00021900507,0.0,0.000216842,1.8676046e-06
281.64893,0.57292175,0.0,0.57292175,0.0055490583,2016-05-05 13:00:00,0.0,0.0001683274,0.0,0.00015855004,9.223936e-06
283.41797,0.4465629,0.0,0.44319195,0.0033782488,2016-05-05 14:00:00,1.0,0.0004110036,0.0,0.00040910672,2.0021935e-06
287.03027,0.25759798,0.0,0.23464113,0.043516796,2016-05-05 15:00:00,1.0,0.00021579009,0.0,0.00021601921,0.0
288.7859,0.09656,0.0,0.044681333,0.05187867,2016-05-05 16:00:00,0.0,1.0690455e-06,0.0,1.2026767e-06,0.0
290.57593,0.35927576,0.0,0.27993178,0.22818536,2016-05-05 17:00:00,0.0,1.8265913e-05,0.0,1.8533174e-05,0.0
292.1477,0.5648509,0.0,0.42410177,0.39344084,2016-05-05 18:00:00,0.0,8.8738365e-05,0.0,8.8499946e-05,0.0
293.4099,0.33611435,0.0,0.31164676,0.15777558,2016-05-05 19:00:00,0.0,2.1774133e-05,0.0,2.198371e-05,0.0
294.84253,0.21068907,0.0,0.21068907,0.0050234497,2016-05-05 20:00:00,0.0,0.0,0.0,0.0,0.0
296.6748,0.044089075,0.0,0.044089075,0.0,2016-05-05 21:00:00,0.0,0.0,0.0,0.0,0.0
297.53735,0.014715787,0.0,0.014715787,0.0,2016-05-05 22:00:00,0.0,0.0,0.0,0.0,0.0
297.9939,0.0,0.0,0.0,0.0,2016-05-05 23:00:00,0.0,0.0,0.0,0.0,0.0
297.75854,0.0,0.0,0.0,0.0,2016-05-06 00:00:00,0.0,0.0,0.0,0.0,0.0
295.4729,0.0,0.0,0.0,0.0,2016-05-06 01:00:00,0.0,0.0,0.0,0.0,0.0
293.10986,0.0,0.0,0.0,0.0,2016-05-06 02:00:00,0.0,0.0,0.0,0.0,0.0
292.04907,0.0,0.0,0.0,0.0,2016-05-06 03:00:00,0.0,0.0,0.0,0.0,0.0
291.45508,0.0,0.0,0.0,0.0,2016-05-06 04:00:00,0.0,0.0,0.0,0.0,0.0
290.88354,0.0,0.0,0.0,0.0,2016-05-06 05:00:00,0.0,0.0,0.0,0.0,0.0
290.18774,0.0,0.0,0.0,0.0,2016-05-06 06:00:00,0.0,0.0,0.0,0.0,0.0
289.8667,0.0,0.0,0.0,0.0,2016-05-06 07:00:00,0.0,0.0,0.0,0.0,0.0
289.3999,0.0,0.0,0.0,0.0,2016-05-06 08:00:00,0.0,0.0,0.0,0.0,0.0
288.60938,0.00998199,0.0,0.0,0.00998199,2016-05-06 09:00:00,0.0,0.0,0.0,0.0,0.0
288.7439,0.20222384,0.0,0.0,0.20222384,2016-05-06 10:00:00,0.0,0.0,0.0,0.0,0.0
288.5918,0.4896263,0.0,0.0,0.4896263,2016-05-06 11:00:00,0.0,0.0,0.0,0.0,0.0
288.8401,0.37224567,0.0,0.0,0.37224567,2016-05-06 12:00:00,0.0,0.0,0.0,0.0,0.0
293.11377,0.0037098185,0.0,0.0,0.0037098185,2016-05-06 13:00:00,0.0,0.0,0.0,0.0,0.0
293.98706,0.0016249504,0.0,0.0,0.0016249504,2016-05-06 14:00:00,0.0,0.0,0.0,0.0,0.0
296.9851,0.002103883,0.0,0.0,0.002103883,2016-05-06 15:00:00,0.0,0.0,0.0,0.0,0.0
299.75684,0.0016249504,0.0,0.0016249504,0.0,2016-05-06 16:00:00,0.0,0.0,0.0,0.0,0.0
301.65112,0.0185811,0.0,0.0185811,0.0,2016-05-06 17:00:00,0.0,0.0,0.0,0.0,0.0
302.8164,0.020520732,0.0,0.020520732,0.0,2016-05-06 18:00:00,0.0,0.0,0.0,0.0,0.0
303.6538,0.026140973,0.0,0.009634774,0.016498897,2016-05-06 19:00:00,0.0,0.0,0.0,0.0,0.0
304.10522,0.08626121,0.0,0.0,0.08626121,2016-05-06 20:00:00,0.0,0.0,0.0,0.0,0.0
304.82422,0.6413961,0.008141857,0.08370787,0.6139357,2016-05-06 21:00:00,1.0,0.0005791357,0.0,0.00057894504,0.0
303.73682,0.7960584,0.0,0.22500318,0.74319386,2016-05-06 22:00:00,0.0,1.00206735e-05,0.0,1.0220636e-05,0.0
303.96606,0.82434076,0.0,0.2467913,0.78168005,2016-05-06 23:00:00,1.0,1.4797337e-05,0.0,1.4587115e-05,0.0
300.69775,0.86630976,0.0,0.052639354,0.8628815,2016-05-07 00:00:00,0.0,0.0020374919,0.0,0.002037921,0.0
299.83545,0.9850148,0.0,0.05095084,0.9850148,2016-05-07 01:00:00,0.0,0.00018086271,0.0,0.00018098704,0.0
297.18677,0.9966217,0.0,0.06207215,0.9966217,2016-05-07 02:00:00,0.0,0.0,0.0,0.0,0.0
295.82837,0.9581445,0.0,0.19005316,0.9399929,2016-05-07 03:00:00,0.0,0.0,0.0,0.0,0.0
295.2666,0.23056585,0.0,0.13689506,0.12594104,2016-05-07 04:00:00,0.0,0.0,0.0,0.0,0.0
292.60156,0.18576455,0.0,0.05726299,0.14517999,2016-05-07 05:00:00,0.0,4.8242655e-05,0.0,4.8109025e-05,0.0
290.81567,0.44960278,0.0,0.18282068,0.32308465,2016-05-07 06:00:00,0.0,2.578384e-05,0.0,2.5831585e-05,0.0
289.8352,0.1404413,0.0,0.037828963,0.10866189,2016-05-07 07:00:00,0.0,0.0,0.0,0.0,0.0
288.6316,0.18077803,0.0,0.020545758,0.16236031,2016-05-07 08:00:00,0.0,0.0,0.0,0.0,0.0
286.4519,0.28591263,0.0,0.07012135,0.24876547,2016-05-07 09:00:00,0.0,1.9099144e-07,0.0,1.9099144e-07,0.0
284.9807,0.9046893,0.0,0.01507258,0.9046893,2016-05-07 10:00:00,0.0,0.0,0.0,0.0,0.0
284.76685,0.90684354,0.0,0.0,0.90684354,2016-05-07 11:00:00,0.0,0.0,0.0,0.0,0.0
284.6333,0.7220383,0.0,0.0,0.7220383,2016-05-07 12:00:00,0.0,0.0,0.0,0.0,0.0
285.80566,0.8083973,0.0,0.0,0.8083973,2016-05-07 13:00:00,0.0,0.0,0.0,0.0,0.0
286.85742,0.83422357,0.0,0.0,0.83422357,2016-05-07 14:00:00,0.0,0.0,0.0,0.0,0.0
289.7505,0.552607,0.0,0.0,0.552607,2016-05-07 15:00:00,0.0,0.0,0.0,0.0,0.0
290.66528,0.11603832,0.0,0.0,0.11603832,2016-05-07 16:00:00,0.0,0.0,0.0,0.0,0.0
291.76758,0.034797776,0.0,0.0,0.034797776,2016-05-07 17:00:00,0.0,0.0,0.0,0.0,0.0
292.37842,0.23319924,0.0,0.0,0.23319924,2016-05-07 18:00:00,0.0,0.0,0.0,0.0,0.0
292.7317,0.6655543,0.0,0.0,0.6655543,2016-05-07 19:00:00,0.0,0.0,0.0,0.0,0.0
293.05127,0.5175247,0.0,0.0033782488,0.51414645,2016-05-07 20:00:00,0.0,0.0,0.0,0.0,0.0
293.4878,0.39025527,0.0,0.0100932345,0.3835159,2016-05-07 21:00:00,0.0,0.0,0.0,0.0,0.0
292.65552,0.14930922,0.0,0.10328841,0.0460208,2016-05-07 22:00:00,0.0,0.0,0.0,0.0,0.0
292.3706,0.010057587,0.0,0.0,0.010057587,2016-05-07 23:00:00,0.0,0.0,0.0,0.0,0.0
291.80908,0.045034748,0.0,0.0,0.045034748,2016-05-08 00:00:00,0.0,0.0,0.0,0.0,0.0
290.6521,0.008105952,0.0,0.0,0.008105952,2016-05-08 01:00:00,0.0,0.0,0.0,0.0,0.0
289.42627,0.2311151,0.0,0.0,0.2311151,2016-05-08 02:00:00,0.0,0.0,0.0,0.0,0.0
287.6101,0.15715742,0.0,0.0,0.15715742,2016-05-08 03:00:00,0.0,0.0,0.0,0.0,0.0
286.7871,0.005534917,0.0,0.0,0.005534917,2016-05-08 04:00:00,0.0,0.0,0.0,0.0,0.0
285.38696,0.28111577,0.0,0.0,0.28111577,2016-05-08 05:00:00,0.0,0.0,0.0,0.0,0.0
283.4016,0.87377065,0.0,0.0,0.87377065,2016-05-08 06:00:00,0.0,0.0,0.0,0.0,0.0
282.64575,0.89524394,0.0,0.0,0.89524394,2016-05-08 07:00:00,0.0,0.0,0.0,0.0,0.0
282.1902,0.93992066,0.0,0.0,0.93992066,2016-05-08 08:00:00,0.0,0.0,0.0,0.0,0.0
280.62183,0.66978407,0.0,0.0,0.66978407,2016-05-08 09:00:00,0.0,0.0,0.0,0.0,0.0
279.9375,0.51154554,0.0,0.0,0.51154554,2016-05-08 10:00:00,0.0,0.0,0.0,0.0,0.0
280.04858,0.23900408,0.0,0.0,0.23900408,2016-05-08 11:00:00,0.0,0.0,0.0,0.0,0.0
280.4004,0.019899484,0.0,0.0,0.019899484,2016-05-08 12:00:00,0.0,0.0,0.0,0.0,0.0
283.1599,0.020210877,0.0,0.0,0.020210877,2016-05-08 13:00:00,0.0,0.0,0.0,0.0,0.0
287.08398,0.28387928,0.0,0.0,0.28387928,2016-05-08 14:00:00,0.0,0.0,0.0,0.0,0.0
290.9182,0.6241325,0.0,0.0,0.6241325,2016-05-08 15:00:00,0.0,0.0,0.0,0.0,0.0
292.72388,0.6537461,0.0,0.0,0.6537461,2016-05-08 16:00:00,0.0,0.0,0.0,0.0,0.0
294.1548,0.5120788,0.0,0.0,0.5120788,2016-05-08 17:00:00,0.0,0.0,0.0,0.0,0.0
294.97778,0.5462796,0.0,0.0,0.5462796,2016-05-08 18:00:00,0.0,0.0,0.0,0.0,0.0
295.26904,0.39634007,0.0,0.0,0.39634007,2016-05-08 19:00:00,0.0,0.0,0.0,0.0,0.0
295.6931,0.310207,0.0,0.0,0.310207,2016-05-08 20:00:00,0.0,0.0,0.0,0.0,0.0
295.9795,0.51933134,0.0,0.0,0.51933134,2016-05-08 21:00:00,0.0,0.0,0.0,0.0,0.0
295.1399,0.38865727,0.0,0.00053172023,0.38865727,2016-05-08 22:00:00,0.0,0.0,0.0,0.0,0.0
294.92456,0.65476954,0.0,0.0,0.65476954,2016-05-08 23:00:00,0.0,0.0,0.0,0.0,0.0
294.23438,0.7589104,0.0,0.0,0.7589104,2016-05-09 00:00:00,0.0,0.0,0.0,0.0,0.0
293.07275,0.41599494,0.0,0.0,0.41599494,2016-05-09 01:00:00,0.0,0.0,0.0,0.0,0.0
291.64258,0.10152221,0.0,0.0,0.10152221,2016-05-09 02:00:00,0.0,0.0,0.0,0.0,0.0
289.53125,0.73415864,0.0,0.00998199,0.72917986,2016-05-09 03:00:00,0.0,0.0,0.0,0.0,0.0
288.90454,0.88121027,0.0,0.0,0.88121027,2016-05-09 04:00:00,0.0,0.0,0.0,0.0,0.0
288.0957,0.9099183,0.0,0.0,0.9099183,2016-05-09 05:00:00,0.0,0.0,0.0,0.0,0.0
287.25366,0.8569682,0.0,0.0,0.8569682,2016-05-09 06:00:00,0.0,0.0,0.0,0.0,0.0
286.85376,0.94171315,0.0,0.0,0.94171315,2016-05-09 07:00:00,0.0,0.0,0.0,0.0,0.0
286.52637,0.97343284,0.0,0.0,0.97343284,2016-05-09 08:00:00,0.0,0.0,0.0,0.0,0.0
285.80518,0.9779043,0.0,0.0,0.9779043,2016-05-09 09:00:00,0.0,0.0,0.0,0.0,0.0
285.29004,0.9151886,0.0,0.0,0.9151886,2016-05-09 10:00:00,0.0,0.0,0.0,0.0,0.0
285.10522,0.9589317,0.0,0.0015890491,0.9589317,2016-05-09 11:00:00,0.0,0.0,0.0,0.0,0.0
285.32178,0.9720189,0.0,0.0015890491,0.9720189,2016-05-09 12:00:00,0.0,0.0,0.0,0.0,0.0
286.44458,0.91232914,0.0,0.025886737,0.9107401,2016-05-09 13:00:00,0.0,1.2032463e-05,0.0,1.2080211e-05,0.0
288.16943,0.90179396,0.0,0.14205223,0.9012622,2016-05-09 14:00:00,0.0,2.0436084e-05,0.0,2.038834e-05,0.0
290.38892,0.9810683,0.0,0.3880496,0.9805366,2016-05-09 15:00:00,0.0,1.1459489e-05,0.0,1.1411741e-05,0.0
290.92212,1.0,0.0,0.5970815,0.9955251,2016-05-09 16:00:00,0.0,6.0643142e-05,0.0,6.012754e-05,3.8198294e-07
290.90747,0.98554313,0.004741922,0.82586807,0.9831722,2016-05-09 17:00:00,1.0,0.00045172614,0.0,0.00044757244,4.392171e-06
289.3955,1.0,0.0,0.98652846,0.98675096,2016-05-09 18:00:00,1.0,0.0006309247,0.0,0.00062126596,9.658557e-06
287.85718,1.0,0.13421834,0.9780816,0.9978961,2016-05-09 19:00:00,1.0,0.0008635372,0.0,0.0007477617,0.00011569906
287.78296,1.0,0.39537054,0.8789239,1.0,2016-05-09 20:00:00,1.0,0.0007204828,0.0,0.0006453623,7.4471944e-05
288.9248,0.9966217,0.29092348,0.6603353,0.9966217,2016-05-09 21:00:00,1.0,0.00031546038,0.0,0.00028176187,3.3936798e-05
288.187,1.0,0.8776155,0.9850061,1.0,2016-05-09 22:00:00,1.0,0.0007955199,0.0,0.0007932617,1.9816844e-06
288.3501,1.0,0.9241758,0.94990265,1.0,2016-05-09 23:00:00,1.0,0.00019648139,0.0,0.0001967198,0.0
288.91455,1.0,0.9797891,0.99089694,1.0,2016-05-10 00:00:00,1.0,0.00015572988,0.0,0.00015538668,0.0
288.89795,1.0,0.49545562,0.75004065,1.0,2016-05-10 01:00:00,1.0,0.00011244316,0.0,0.0001125002,0.0
288.1499,1.0,0.7129253,0.709291,1.0,2016-05-10 02:00:00,1.0,0.00047783647,0.0,0.00047710165,5.7297444e-07
286.82983,1.0,1.0,0.989993,1.0,2016-05-10 03:00:00,1.0,0.00083161984,0.0,0.0008190959,1.2599746e-05
286.3069,1.0,1.0,1.0,1.0,2016-05-10 04:00:00,1.0,0.00016851518,0.0,0.0001494345,1.9319094e-05
285.84375,1.0,1.0,1.0,1.0,2016-05-10 05:00:00,1.0,0.00040024356,0.0,0.00034869974,5.1410156e-05
285.02197,1.0,1.0,1.0,1.0,2016-05-10 06:00:00,1.0,0.00041295774,0.0,0.0003359972,7.678871e-05
284.938,1.0,1.0,0.99273616,1.0,2016-05-10 07:00:00,1.0,0.0015980229,0.0,0.00024702656,0.0013509006
284.60132,1.0,1.0,0.97265476,1.0,2016-05-10 08:00:00,1.0,0.0015602657,0.0,0.00029275706,0.0012672988
284.22876,1.0,1.0,0.8685393,1.0,2016-05-10 09:00:00,1.0,0.0013014062,0.0,0.00033765798,0.0009638441
282.68066,1.0,1.0,0.9252953,1.0,2016-05-10 10:00:00,1.0,0.0007996375,0.0,0.00031675142,0.0004828095
282.6084,1.0,1.0,1.0,1.0,2016-05-10 11:00:00,1.0,0.0007625625,0.0,0.00019365553,0.0005685638
282.55493,1.0,1.0,0.99368834,0.9978961,2016-05-10 12:00:00,1.0,0.0011508742,0.0,0.00016696705,0.0009835351
282.76978,1.0,1.0,0.9860317,0.9923639,2016-05-10 13:00:00,1.0,0.0011287192,0.0,8.843225e-05,0.0010401441
283.1089,1.0,1.0,0.969241,0.9789475,2016-05-10 14:00:00,1.0,0.0008351542,0.0,2.672615e-05,0.0008082185
283.896,1.0,1.0,0.49652177,0.92183405,2016-05-10 15:00:00,1.0,0.00045085326,0.0,1.13586175e-05,0.00043962826
284.12012,1.0,1.0,0.019246574,0.8172455,2016-05-10 16:00:00,1.0,0.00017478406,0.0,0.0,0.00017478406
284.93628,1.0,1.0,0.1028077,0.70237416,2016-05-10 17:00:00,1.0,5.6687393e-05,0.0,2.6514335e-06,5.4074422e-05
285.3484,1.0,1.0,0.19839787,0.41943336,2016-05-10 18:00:00,1.0,1.8457009e-05,0.0,7.4320023e-06,1.0882087e-05
286.02466,1.0,1.0,0.0,0.48348254,2016-05-10 19:00:00,0.0,3.6621568e-06,0.0,3.480778e-06,0.0
286.04712,1.0,1.0,0.0,0.5259327,2016-05-10 20:00:00,1.0,5.3452317e-07,0.0,5.82271e-07,0.0
286.46655,1.0,1.0,0.002103883,0.43688214,2016-05-10 21:00:00,0.0,1.7362236e-06,0.0,1.688476e-06,0.0
286.70312,1.0,1.0,0.0,0.021928277,2016-05-10 22:00:00,0.0,3.050713e-07,0.0,2.0028352e-07,0.0
286.3672,1.0,1.0,0.002103883,0.0032499009,2016-05-10 23:00:00,0.0,0.0,0.0,0.0,0.0
285.8357,1.0,1.0,0.015577842,0.0,2016-05-11 00:00:00,1.0,3.4500054e-06,0.0,0.0,3.564085e-06
285.38843,1.0,1.0,0.054673903,0.0,2016-05-11 01:00:00,1.0,3.7364925e-06,0.0,0.0,3.7364925e-06
284.93628,1.0,1.0,0.071893394,0.0,2016-05-11 02:00:00,1.0,7.2147704e-06,0.0,0.0,7.2147704e-06
284.09326,1.0,1.0,0.030942246,0.0,2016-05-11 03:00:00,0.0,0.0,0.0,0.0,0.0
283.89673,1.0,1.0,0.016832627,0.18531853,2016-05-11 04:00:00,0.0,0.0,0.0,0.0,0.0
283.87183,0.9978961,0.99451786,0.07804316,0.267106,2016-05-11 05:00:00,0.0,0.0,0.0,0.0,0.0
283.5791,0.98948056,0.98948056,0.0067320913,0.028340366,2016-05-11 06:00:00,1.0,4.7683716e-07,0.0,2.9545845e-07,0.0
283.55615,1.0,1.0,0.016741857,0.32931578,2016-05-11 07:00:00,0.0,0.0,0.0,0.0,0.0
283.35815,0.99946827,0.99946827,0.0033782488,0.7831367,2016-05-11 08:00:00,0.0,0.0,0.0,0.0,0.0
283.66675,1.0,1.0,0.0067320913,1.0,2016-05-11 09:00:00,1.0,0.0,0.0,0.0,0.0
283.0459,1.0,1.0,0.07728678,0.99627113,2016-05-11 10:00:00,1.0,0.0,0.0,0.0,0.0
283.1228,1.0,1.0,0.0067320913,0.16734827,2016-05-11 11:00:00,1.0,0.0,0.0,0.0,0.0
283.2063,1.0,1.0,0.0,1.0,2016-05-11 12:00:00,1.0,2.6726156e-07,0.0,0.0,2.6726156e-07
283.3728,1.0,1.0,0.0033782488,1.0,2016-05-11 13:00:00,1.0,2.2815959e-07,0.0,0.0,2.2815959e-07
283.62842,1.0,1.0,0.08745682,1.0,2016-05-11 14:00:00,1.0,4.191511e-07,0.0,0.0,4.191511e-07
284.80933,1.0,1.0,0.0,1.0,2016-05-11 15:00:00,1.0,6.253984e-06,0.0,0.0,6.044409e-06
285.02686,1.0,1.0,0.06732339,1.0,2016-05-11 16:00:00,1.0,4.536344e-06,0.0,0.0,4.536344e-06
285.3518,1.0,1.0,0.16826355,1.0,2016-05-11 17:00:00,1.0,2.9007751e-06,0.0,0.0,3.2821163e-06
286.13477,1.0,1.0,0.33322406,1.0,2016-05-11 18:00:00,1.0,3.2168653e-05,0.0,1.354887e-06,3.0470866e-05
286.4629,1.0,1.0,0.5614025,1.0,2016-05-11 19:00:00,1.0,3.5693025e-05,0.0,7.8014955e-06,2.7672024e-05
286.78247,1.0,1.0,0.99525803,1.0,2016-05-11 20:00:00,1.0,0.00043252436,0.0,0.00013320791,0.00029923045
286.9829,1.0,0.9957922,1.0,1.0,2016-05-11 21:00:00,1.0,0.0007311199,0.0,4.1540643e-06,0.0007269182
285.60815,1.0,1.0,0.99841094,0.79863733,2016-05-11 22:00:00,1.0,0.0007785505,0.0,2.960368e-06,0.0007755901
285.76807,1.0,1.0,1.0,0.084778845,2016-05-11 23:00:00,1.0,0.0004634047,0.0,0.0,0.00046365336
286.00488,0.99627113,0.99416727,0.96303463,0.025262658,2016-05-12 00:00:00,1.0,0.00014989341,0.0,0.0,0.00014989341
286.00684,0.8417256,0.56200945,0.758725,0.0100932345,2016-05-12 01:00:00,1.0,5.3778727e-05,0.0,0.0,5.3778727e-05
285.77222,0.62100095,0.24304324,0.522576,0.0,2016-05-12 02:00:00,1.0,2.8450595e-05,0.0,0.0,2.8450595e-05
284.93262,0.1961211,0.12046766,0.09876084,0.0,2016-05-12 03:00:00,0.0,8.921431e-06,0.0,0.0,8.921431e-06
285.04102,0.079544485,0.032333802,0.056839354,0.0,2016-05-12 04:00:00,0.0,3.9864444e-06,0.0,4.5760692e-07,3.4717978e-06
284.18774,0.23932272,0.1746316,0.071437776,0.0,2016-05-12 05:00:00,0.0,4.6908e-06,0.0,0.0,4.6908e-06
284.2422,0.41399193,0.33961785,0.1268853,0.0,2016-05-12 06:00:00,0.0,9.549569e-08,0.0,0.0,9.549569e-08
283.823,0.40092492,0.35601455,0.091688395,0.005832717,2016-05-12 07:00:00,0.0,0.0,0.0,0.0,0.0
283.44482,0.2773106,0.07744813,0.08984488,0.1461429,2016-05-12 08:00:00,0.0,0.0,0.0,0.0,0.0
282.83862,0.2286858,0.016977832,0.024290204,0.2174294,2016-05-12 09:00:00,0.0,0.0,0.0,0.0,0.0
282.1792,0.05539882,0.024942204,0.04901728,0.0,2016-05-12 10:00:00,0.0,0.0,0.0,0.0,0.0
282.05762,0.062098075,0.052659295,0.048927095,0.0010573287,2016-05-12 11:00:00,0.0,0.0,0.0,0.0,0.0
282.31958,0.08869302,0.08579761,0.031573687,0.005273644,2016-05-12 12:00:00,0.0,0.0,0.0,0.0,0.0
283.34106,0.17258221,0.16549951,0.04188125,0.0,2016-05-12 13:00:00,0.0,0.0,0.0,0.0,0.0
284.57593,0.4547494,0.45100343,0.19737375,0.0,2016-05-12 14:00:00,0.0,0.0,0.0,0.0,0.0
286.3723,0.75461024,0.74298894,0.36328578,0.0,2016-05-12 15:00:00,0.0,0.0,0.0,0.0,0.0
286.74854,0.7829637,0.7792349,0.22906804,0.0,2016-05-12 16:00:00,0.0,2.4021183e-06,0.0,2.7264205e-06,0.0
286.91797,0.8468992,0.8468992,0.13445944,0.0,2016-05-12 17:00:00,0.0,0.0,0.0,0.0,0.0
286.90894,0.89460236,0.89460236,0.028457299,0.0,2016-05-12 18:00:00,0.0,0.0,0.0,0.0,0.0
287.125,0.9112358,0.90961087,0.3993492,0.0,2016-05-12 19:00:00,0.0,7.626828e-07,0.0,4.954212e-07,0.0
286.9048,0.95370513,0.9516012,0.672212,0.0,2016-05-12 20:00:00,0.0,0.0,0.0,0.0,0.0
286.4673,0.997629,0.997629,0.9086971,0.0,2016-05-12 21:00:00,0.0,5.3452317e-07,0.0,6.68154e-07,0.0
285.70825,1.0,1.0,0.9872938,0.0,2016-05-12 22:00:00,1.0,6.9488005e-06,0.0,7.216063e-06,0.0
285.89453,0.9932679,0.9932679,0.94347405,0.0,2016-05-12 23:00:00,0.0,2.8625742e-05,0.0,2.8453665e-05,0.0
285.6731,0.96032566,0.9532262,0.8570754,0.0,2016-05-13 00:00:00,0.0,0.0,0.0,0.0,0.0
285.88672,0.9148054,0.8980636,0.63550717,0.0,2016-05-13 01:00:00,0.0,0.0,0.0,0.0,0.0
285.57227,0.73983383,0.73410904,0.0969702,0.0,2016-05-13 02:00:00,0.0,0.0,0.0,0.0,0.0
284.48267,0.259862,0.09539825,0.0,0.17940342,2016-05-13 03:00:00,0.0,0.0,0.0,0.0,0.0
283.92847,0.257262,0.10542005,0.018931683,0.17332321,2016-05-13 04:00:00,0.0,0.0,0.0,0.0,0.0
283.31592,0.12802517,0.11593592,0.01998901,0.0,2016-05-13 05:00:00,0.0,0.0,0.0,0.0,0.0
281.90698,0.102275014,0.04709512,0.0,0.056804847,2016-05-13 06:00:00,0.0,0.0,0.0,0.0,0.0
281.91528,0.86921424,0.034209255,0.098184586,0.86921424,2016-05-13 07:00:00,0.0,0.0,0.0,0.0,0.0
281.58496,0.75620574,0.016374167,0.10878444,0.75620574,2016-05-13 08:00:00,1.0,4.276185e-06,0.0,4.1425546e-06,0.0
281.06543,0.95188504,0.016721383,0.15880269,0.95188504,2016-05-13 09:00:00,0.0,5.8627193e-05,0.0,5.877012e-05,0.0
280.19556,0.9957922,0.0,0.49267638,0.9872601,2016-05-13 10:00:00,0.0,0.0,0.0,0.0,0.0
280.15356,0.9865502,0.01173529,0.7416297,0.9694376,2016-05-13 11:00:00,1.0,9.086893e-06,0.0,9.086893e-06,0.0
280.41797,1.0,0.0,0.9854422,1.0,2016-05-13 12:00:00,1.0,0.00023058864,0.0,0.00019758748,3.2638403e-05
279.4563,1.0,0.0057492107,0.9968219,0.998375,2016-05-13 13:00:00,1.0,0.00081919413,0.0,0.00042053428,0.00039856462
278.65527,1.0,0.6901214,0.99946827,0.9905219,2016-05-13 14:00:00,1.0,0.0016894075,0.0,0.00017886535,0.0015105326
278.2705,1.0,0.9143588,0.99174684,0.998375,2016-05-13 15:00:00,1.0,0.0014497086,0.0,7.639659e-07,0.0014489444
278.37183,1.0,0.84598064,0.8890859,1.0,2016-05-13 16:00:00,1.0,0.0006130084,0.0,0.0,0.0006131993
279.27466,1.0,1.0,0.48236322,0.96242934,2016-05-13 17:00:00,1.0,0.00029847166,0.0,0.0,0.00029885303
280.4441,0.8643686,0.7452693,0.5059714,0.2366144,2016-05-13 18:00:00,1.0,0.00013234638,0.0,5.0231436e-05,8.1828766e-05
281.4143,0.93124944,0.9144168,0.7537085,0.0,2016-05-13 19:00:00,0.0,9.326571e-05,0.0,7.232498e-05,2.0988475e-05
281.7146,0.9796191,0.8728788,0.959487,0.0,2016-05-13 20:00:00,0.0,1.3958943e-05,0.0,1.2212144e-05,1.7375069e-06
281.08276,0.9380188,0.48496258,0.9380188,0.0,2016-05-13 21:00:00,0.0,7.626828e-07,0.0,4.954212e-07,0.0
280.17822,0.8825334,0.6127006,0.8585985,0.0,2016-05-13 22:00:00,0.0,2.400836e-06,0.0,2.7635933e-06,0.0
279.8069,0.99084747,0.8899399,0.99084747,0.0,2016-05-13 23:00:00,0.0,0.0,0.0,1.3363075e-07,0.0
279.739,0.99604,0.8833872,0.9949765,0.0,2016-05-14 00:00:00,0.0,2.2430526e-05,0.0,2.2430526e-05,0.0
279.3374,0.9911471,0.88237476,0.9911471,0.0,2016-05-14 01:00:00,0.0,0.0,0.0,0.0,0.0
278.92334,0.97883964,0.5875498,0.96832865,0.0,2016-05-14 02:00:00,0.0,0.0,0.0,0.0,0.0
277.98633,0.9838821,0.27561998,0.97998923,0.0033782488,2016-05-14 03:00:00,0.0,0.0,0.0,0.0,0.0
277.8069,0.98303324,0.23460549,0.97592616,0.0,2016-05-14 04:00:00,0.0,0.0,0.0,0.0,0.0
277.4292,0.8894227,0.15240014,0.8894227,0.0,2016-05-14 05:00:00,0.0,0.0,0.0,0.0,0.0
276.8252,0.5577226,0.15499705,0.5499808,0.0,2016-05-14 06:00:00,0.0,0.0,0.0,0.0,0.0
276.7566,0.37970114,0.2932247,0.3217044,0.0,2016-05-14 07:00:00,0.0,0.0,0.0,0.0,0.0
276.38184,0.67691404,0.5481331,0.60885984,0.0,2016-05-14 08:00:00,1.0,0.0,0.0,5.703991e-08,0.0
275.86133,0.6284777,0.3810603,0.59600407,0.0,2016-05-14 09:00:00,6.0,5.1452034e-06,1.3363075e-07,4.2972833e-06,8.767626e-07
274.8418,0.44465262,0.23680997,0.42875284,0.0,2016-05-14 10:00:00,6.0,4.345353e-06,1.9091243e-07,2.0390453e-06,2.1726764e-06
274.80078,0.20187265,0.15652275,0.17567325,0.0,2016-05-14 11:00:00,6.0,9.908417e-07,4.2884756e-07,0.0,9.908417e-07
274.69043,0.23427284,0.22614652,0.03000211,0.0,2016-05-14 12:00:00,0.0,9.908417e-07,9.5046573e-07,0.0,9.908417e-07
275.188,0.8261102,0.8261102,0.0,0.0,2016-05-14 13:00:00,0.0,1.2190021e-06,1.4316265e-06,0.0,1.2190021e-06
275.71558,1.0,1.0,0.0,0.0,2016-05-14 14:00:00,6.0,1.2190021e-06,1.3244344e-06,0.0,1.2190021e-06
277.28345,1.0,1.0,0.0,0.0,2016-05-14 15:00:00,0.0,7.626828e-07,6.955444e-07,0.0,7.626828e-07
278.0183,1.0,1.0,0.0,0.0,2016-05-14 16:00:00,0.0,0.0,0.0,0.0,0.0
279.0476,0.95417637,0.95417637,0.0,0.0,2016-05-14 17:00:00,0.0,0.0,0.0,0.0,0.0
279.73145,0.9200316,0.9200316,0.0,0.0,2016-05-14 18:00:00,0.0,0.0,0.0,0.0,0.0
280.7793,0.79269844,0.0582705,0.79269844,0.0,2016-05-14 19:00:00,0.0,0.0,0.0,0.0,0.0
281.73022,0.9420837,0.0,0.9420837,0.0,2016-05-14 20:00:00,0.0,0.0,0.0,0.0,0.0
282.84106,0.99627113,0.0026356035,0.99627113,0.0,2016-05-14 21:00:00,0.0,0.0,0.0,0.0,0.0
283.64038,0.5902202,0.0,0.5902202,0.0,2016-05-14 22:00:00,0.0,0.0,0.0,0.0,0.0
283.24072,0.4738459,0.0,0.4738459,0.0,2016-05-14 23:00:00,0.0,0.0,0.0,0.0,0.0
282.88623,0.69434094,0.0,0.69434094,0.0,2016-05-15 00:00:00,0.0,0.0,0.0,0.0,0.0
281.90283,0.16256368,0.0,0.16256368,0.0,2016-05-15 01:00:00,0.0,0.0,0.0,0.0,0.0
280.61035,0.04190709,0.0033782488,0.04190709,0.0,2016-05-15 02:00:00,0.0,0.0,0.0,0.0,0.0
278.66357,0.03337521,0.0,0.03337521,0.0,2016-05-15 03:00:00,0.0,0.0,0.0,0.0,0.0
277.94287,0.0055321716,0.0,0.0055321716,0.0,2016-05-15 04:00:00,0.0,0.0,0.0,0.0,0.0
274.9485,0.0,0.0,0.0,0.0,2016-05-15 05:00:00,0.0,0.0,0.0,0.0,0.0
275.47192,0.0,0.0,0.0,0.0,2016-05-15 06:00:00,0.0,0.0,0.0,0.0,0.0
274.0852,0.0,0.0,0.0,0.0,2016-05-15 07:00:00,0.0,0.0,0.0,0.0,0.0
274.79175,0.0,0.0,0.0,0.0,2016-05-15 08:00:00,0.0,0.0,0.0,0.0,0.0
274.3313,0.0,0.0,0.0,0.0,2016-05-15 09:00:00,0.0,0.0,0.0,0.0,0.0
275.3379,0.5875538,0.0,0.06494266,0.54515684,2016-05-15 10:00:00,0.0,0.0,0.0,0.0,0.0
275.36743,0.0,0.0,0.0,0.0,2016-05-15 11:00:00,0.0,0.0,0.0,0.0,0.0
275.88135,0.0,0.0,0.0,0.0,2016-05-15 12:00:00,0.0,0.0,0.0,0.0,0.0
277.5354,0.04191729,0.0,0.04191729,0.0,2016-05-15 13:00:00,0.0,0.0,0.0,0.0,0.0
280.01245,0.17404151,0.0,0.17404151,0.0,2016-05-15 14:00:00,0.0,0.0,0.0,0.0,0.0
284.66284,0.19132954,0.0,0.19132954,0.0,2016-05-15 15:00:00,0.0,0.0,0.0,0.0,0.0
285.86157,0.15875834,0.0010573287,0.15875834,0.0,2016-05-15 16:00:00,0.0,0.0,0.0,0.0,0.0
287.30615,0.023349535,0.0,0.023349535,0.0,2016-05-15 17:00:00,1.0,0.0,0.0,0.0,0.0
288.13257,0.47370517,0.0,0.47370517,0.0,2016-05-15 18:00:00,0.0,5.3452317e-07,0.0,8.5882465e-07,0.0
288.3269,0.67360145,0.0,0.67360145,0.0,2016-05-15 19:00:00,0.0,1.9099144e-07,0.0,3.050713e-07,0.0
289.10645,0.7741134,0.0015890491,0.7741134,0.0,2016-05-15 20:00:00,0.0,6.6424373e-06,0.0,6.5283575e-06,0.0
290.47168,0.96868396,0.0,0.96868396,0.0,2016-05-15 21:00:00,0.0,0.0,0.0,0.0,0.0
290.68848,0.9283103,0.0,0.9283103,0.0,2016-05-15 22:00:00,0.0,0.0,0.0,0.0,0.0
290.81104,0.7332892,0.0,0.7332892,0.0,2016-05-15 23:00:00,0.0,2.6726156e-07,0.0,1.3363075e-07,0.0
290.52393,0.8044014,0.0,0.8044014,0.0,2016-05-16 00:00:00,0.0,0.0,0.0,0.0,0.0
289.7798,0.87105095,0.0,0.87105095,0.0,2016-05-16 01:00:00,0.0,0.0,0.0,0.0,0.0
288.70874,0.7937265,0.0,0.7937265,0.0,2016-05-16 02:00:00,0.0,0.0,0.0,0.0,0.0
286.74512,0.043705396,0.0,0.043705396,0.0,2016-05-16 03:00:00,0.0,0.0,0.0,0.0,0.0
286.1892,0.15711278,0.0,0.15711278,0.0033782488,2016-05-16 04:00:00,0.0,0.0,0.0,0.0,0.0
284.9021,0.2830838,0.0,0.2830838,0.0,2016-05-16 05:00:00,0.0,0.0,0.0,0.0,0.0
284.6521,0.4962194,0.0,0.4962194,0.0,2016-05-16 06:00:00,0.0,0.0,0.0,0.0,0.0
284.54517,0.38709974,0.0,0.38709974,0.0,2016-05-16 07:00:00,0.0,0.0,0.0,0.0,0.0
283.68408,0.020042948,0.0,0.020042948,0.0,2016-05-16 08:00:00,0.0,0.0,0.0,0.0,0.0
283.1577,0.0031780982,0.0,0.0031780982,0.0,2016-05-16 09:00:00,0.0,0.0,0.0,0.0,0.0
281.82227,0.48599613,0.0,0.48599613,0.0,2016-05-16 10:00:00,0.0,0.0,0.0,0.0,0.0
281.18164,0.58761215,0.0,0.58761215,0.0,2016-05-16 11:00:00,0.0,0.0,0.0,0.0,0.0
281.85474,0.62625235,0.0,0.62625235,0.0,2016-05-16 12:00:00,0.0,0.0,0.0,0.0,0.0
283.83862,0.66416407,0.0,0.66416407,0.0,2016-05-16 13:00:00,0.0,0.0,0.0,0.0,0.0
285.2273,0.63481796,0.0,0.63481796,0.0,2016-05-16 14:00:00,0.0,0.0,0.0,0.0,0.0
288.1189,0.3822878,0.0,0.3822878,0.0,2016-05-16 15:00:00,0.0,0.0,0.0,0.0,0.0
289.00098,0.40008175,0.0,0.40008175,0.0,2016-05-16 16:00:00,0.0,6.4942506e-05,0.0,6.488546e-05,0.0
289.37866,0.64033735,0.0032499009,0.6387124,0.0,2016-05-16 17:00:00,0.0,0.0,0.0,0.0,0.0
288.89087,0.6458852,0.0,0.6458852,0.0,2016-05-16 18:00:00,0.0,0.0,0.0,0.0,0.0
289.3506,0.4192481,0.0,0.4192481,0.0,2016-05-16 19:00:00,0.0,0.00017249062,0.0,0.00017255727,0.0
289.79028,0.26812577,0.009199183,0.26648372,0.00053172023,2016-05-16 20:00:00,0.0,4.9387614e-05,0.0,4.9521244e-05,0.0
290.55322,0.2084775,0.024847846,0.20467877,0.00053172023,2016-05-16 21:00:00,0.0,3.2084035e-06,0.0,3.256151e-06,0.0
290.58057,0.36079508,0.017618258,0.36079508,0.0026463778,2016-05-16 22:00:00,0.0,0.0,0.0,0.0,0.0
290.46436,0.29285324,0.0,0.29285324,0.0010573287,2016-05-16 23:00:00,0.0,0.0,0.0,0.0,0.0
290.19067,0.23908341,0.0016249504,0.23908341,0.0,2016-05-17 00:00:00,0.0,0.0,0.0,0.0,0.0
289.2876,0.1886903,0.0,0.1886903,0.0,2016-05-17 01:00:00,0.0,0.0,0.0,0.0,0.0
287.6631,0.1161505,0.002103883,0.1161505,0.0,2016-05-17 02:00:00,0.0,0.0,0.0,0.0,0.0
285.43115,0.07741928,0.0,0.07741928,0.0,2016-05-17 03:00:00,0.0,0.0,0.0,0.0,0.0
284.63525,0.06264925,0.0,0.06264925,0.0,2016-05-17 04:00:00,0.0,0.0,0.0,0.0,0.0
283.65845,0.094031155,0.0,0.094031155,0.0,2016-05-17 05:00:00,0.0,0.0,0.0,0.0,0.0
282.35156,0.07951683,0.0,0.07951683,0.0,2016-05-17 06:00:00,0.0,0.0,0.0,0.0,0.0
281.47534,0.08743918,0.0,0.08743918,0.0,2016-05-17 07:00:00,0.0,0.0,0.0,0.0,0.0
280.44214,0.14458758,0.0,0.14458758,0.0,2016-05-17 08:00:00,0.0,0.0,0.0,0.0,0.0
279.5381,0.114365816,0.0,0.114365816,0.0,2016-05-17 09:00:00,0.0,0.0,0.0,0.0,0.0
280.0183,0.07231057,0.0,0.07231057,0.0,2016-05-17 10:00:00,0.0,0.0,0.0,0.0,0.0
279.85718,0.116117954,0.0033782488,0.116117954,0.0,2016-05-17 11:00:00,0.0,0.0,0.0,0.0,0.0
280.5603,0.10620642,0.0,0.10620642,0.0,2016-05-17 12:00:00,0.0,0.0,0.0,0.0,0.0
282.02124,0.18456936,0.014106251,0.18119115,0.0,2016-05-17 13:00:00,0.0,0.0,0.0,0.0,0.0
283.61548,0.2810052,0.019727115,0.27363104,0.0,2016-05-17 14:00:00,0.0,0.0,0.0,0.0,0.0
286.46338,0.30659813,0.011634715,0.30659813,0.0,2016-05-17 15:00:00,0.0,0.0,0.0,0.0,0.0
287.20435,0.32546574,0.02286904,0.32546574,0.0,2016-05-17 16:00:00,0.0,0.0,0.0,0.0,0.0
288.4297,0.0,0.0,0.0,0.0,2016-05-17 17:00:00,0.0,0.0,0.0,0.0,0.0
289.18726,0.66168773,0.0,0.66168773,0.0,2016-05-17 18:00:00,0.0,9.536743e-07,0.0,9.825171e-07,0.0
289.42236,0.88270676,0.002103883,0.88060284,0.0,2016-05-17 19:00:00,0.0,0.0,0.0,0.0,0.0
289.78052,0.98630244,0.0,0.98630244,0.0,2016-05-17 20:00:00,0.0,0.0,0.0,0.0,0.0
290.33374,0.9215512,0.0,0.9215512,0.0,2016-05-17 21:00:00,0.0,0.0,0.0,0.0,0.0
290.26855,0.9237266,0.0,0.9237266,0.0,2016-05-17 22:00:00,0.0,0.0,0.0,0.0,0.0
290.11523,0.6340402,0.0,0.6340402,0.0,2016-05-17 23:00:00,0.0,0.0,0.0,0.0,0.0
289.65015,0.5460905,0.0,0.5460905,0.0,2016-05-18 00:00:00,0.0,0.0,0.0,0.0,0.0
289.10913,0.14125091,0.0,0.14125091,0.0,2016-05-18 01:00:00,0.0,0.0,0.0,0.0,0.0
287.5205,0.13336563,0.0,0.13336563,0.0,2016-05-18 02:00:00,0.0,0.0,0.0,0.0,0.0
284.6443,0.064826965,0.0,0.064826965,0.0,2016-05-18 03:00:00,0.0,0.0,0.0,0.0,0.0
283.2688,0.0,0.0,0.0,0.0,2016-05-18 04:00:00,0.0,0.0,0.0,0.0,0.0
282.13672,0.0,0.0,0.0,0.0,2016-05-18 05:00:00,0.0,0.0,0.0,0.0,0.0
280.22925,0.0,0.0,0.0,0.0,2016-05-18 06:00:00,0.0,0.0,0.0,0.0,0.0
280.0625,0.0,0.0,0.0,0.0,2016-05-18 07:00:00,0.0,0.0,0.0,0.0,0.0
279.65063,0.0,0.0,0.0,0.0,2016-05-18 08:00:00,0.0,0.0,0.0,0.0,0.0
278.62402,0.0,0.0,0.0,0.0,2016-05-18 09:00:00,0.0,0.0,0.0,0.0,0.0
279.95093,0.0,0.0,0.0,0.0,2016-05-18 10:00:00,0.0,0.0,0.0,0.0,0.0
280.16064,0.0,0.0,0.0,0.0,2016-05-18 11:00:00,0.0,0.0,0.0,0.0,0.0
280.41577,0.0,0.0,0.0,0.0,2016-05-18 12:00:00,0.0,0.0,0.0,0.0,0.0
282.75073,0.0,0.0,0.0,0.0,2016-05-18 13:00:00,0.0,0.0,0.0,0.0,0.0
286.37085,0.0,0.0,0.0,0.0,2016-05-18 14:00:00,0.0,0.0,0.0,0.0,0.0
290.06104,0.0,0.0,0.0,0.0,2016-05-18 15:00:00,0.0,0.0,0.0,0.0,0.0
290.80713,0.0,0.0,0.0,0.0,2016-05-18 16:00:00,0.0,0.0,0.0,0.0,0.0
291.51294,0.32805377,0.0,0.32805377,0.0,2016-05-18 17:00:00,0.0,0.0,0.0,0.0,0.0
291.7234,0.5538894,0.0,0.5538894,0.0,2016-05-18 18:00:00,0.0,0.0,0.0,0.0,0.0
292.42725,0.93293625,0.0,0.93293625,0.0,2016-05-18 19:00:00,0.0,0.0,0.0,0.0,0.0
292.80347,0.9200298,0.0,0.9200298,0.0,2016-05-18 20:00:00,0.0,0.0,0.0,0.0,0.0
293.49878,0.96105117,0.0,0.96105117,0.0,2016-05-18 21:00:00,0.0,0.0,0.0,0.0,0.0
293.6084,0.046088535,0.0,0.046088535,0.0,2016-05-18 22:00:00,0.0,0.0,0.0,0.0,0.0
293.54834,0.05102291,0.0,0.05102291,0.0,2016-05-18 23:00:00,0.0,0.0,0.0,0.0,0.0
292.26318,0.061705068,0.0,0.03721108,0.024511095,2016-05-19 00:00:00,0.0,0.0,0.0,0.0,0.0
291.76147,0.06501156,0.0,0.0,0.06501156,2016-05-19 01:00:00,0.0,0.0,0.0,0.0,0.0
289.2898,0.19467866,0.0,0.011061911,0.18571454,2016-05-19 02:00:00,0.0,0.0,0.0,0.0,0.0
286.46924,0.2973104,0.0,0.011843823,0.28757775,2016-05-19 03:00:00,0.0,0.0,0.0,0.0,0.0
285.3069,0.4629804,0.0,0.010538738,0.45297337,2016-05-19 04:00:00,0.0,0.0,0.0,0.0,0.0
283.90063,0.32460028,0.0,0.00608078,0.32011467,2016-05-19 05:00:00,0.0,0.0,0.0,0.0,0.0
283.13232,0.3089273,0.0,0.0044917315,0.3073383,2016-05-19 06:00:00,0.0,0.0,0.0,0.0,0.0
282.87817,0.3292148,0.0,0.0,0.3292148,2016-05-19 07:00:00,0.0,0.0,0.0,0.0,0.0
282.40063,0.19627714,0.0,0.0,0.19627714,2016-05-19 08:00:00,0.0,0.0,0.0,0.0,0.0
280.70825,0.09168887,0.0,0.0,0.09168887,2016-05-19 09:00:00,0.0,0.0,0.0,0.0,0.0
281.46704,0.22320646,0.0,0.0,0.22320646,2016-05-19 10:00:00,0.0,0.0,0.0,0.0,0.0
281.39478,0.19569862,0.0,0.005370889,0.19407368,2016-05-19 11:00:00,0.0,0.0,0.0,0.0,0.0
282.1809,0.13902473,0.0,0.007457666,0.13156706,2016-05-19 12:00:00,0.0,0.0,0.0,0.0,0.0
284.6245,0.19049579,0.0,0.035135157,0.17930931,2016-05-19 13:00:00,0.0,0.0,0.0,0.0,0.0
287.82324,0.39491427,0.0,0.014453504,0.38581455,2016-05-19 14:00:00,0.0,0.0,0.0,0.0,0.0
291.5791,0.40487587,0.0,0.075267255,0.39166898,2016-05-19 15:00:00,0.0,0.0,0.0,0.0,0.0
293.07446,0.2396124,0.0,0.17417008,0.19572413,2016-05-19 16:00:00,0.0,2.9330477e-05,0.0,2.921543e-05,0.0
294.1443,0.6255263,0.009478044,0.59164137,0.18848103,2016-05-19 17:00:00,1.0,4.6680696e-05,0.0,4.7157533e-05,0.0
294.4336,0.7011741,0.0026356035,0.68717456,0.058355812,2016-05-19 18:00:00,1.0,2.6731781e-05,0.0,2.6731781e-05,0.0
294.77124,0.60038185,0.0,0.5980109,0.0029026829,2016-05-19 19:00:00,0.0,1.8714627e-06,0.0,1.9951558e-06,0.0
295.3296,0.8048951,0.0,0.8048951,0.0,2016-05-19 20:00:00,0.0,0.0,0.0,4.7747868e-08,0.0
295.5879,0.8333458,0.0,0.8333458,0.0,2016-05-19 21:00:00,0.0,3.8133958e-06,0.0,3.5842686e-06,0.0
295.07715,0.55976784,0.0,0.55976784,0.0,2016-05-19 22:00:00,0.0,3.8198294e-07,0.0,4.483149e-07,0.0
295.15796,0.54272944,0.0,0.54272944,0.0,2016-05-19 23:00:00,0.0,0.0,0.0,3.2430148e-07,0.0
295.02734,0.46603036,0.0,0.46603036,0.0,2016-05-20 00:00:00,0.0,0.0,0.0,0.0,0.0
293.85645,0.4193089,0.0,0.4193089,0.0,2016-05-20 01:00:00,0.0,0.0,0.0,0.0,0.0
291.81494,0.35423052,0.0,0.35423052,0.0,2016-05-20 02:00:00,0.0,0.0,0.0,0.0,0.0
289.64258,0.24938273,0.0,0.24938273,0.0,2016-05-20 03:00:00,0.0,0.0,0.0,0.0,0.0
288.64844,0.13274413,0.0,0.13274413,0.0,2016-05-20 04:00:00,0.0,0.0,0.0,0.0,0.0
287.31763,0.042653736,0.0,0.042653736,0.0,2016-05-20 05:00:00,0.0,0.0,0.0,0.0,0.0
286.61743,0.020250287,0.0,0.020250287,0.0,2016-05-20 06:00:00,0.0,0.0,0.0,0.0,0.0
286.2776,0.01490172,0.0,0.01490172,0.0,2016-05-20 07:00:00,0.0,0.0,0.0,0.0,0.0
285.37085,0.0048919544,0.0,0.0048919544,0.0,2016-05-20 08:00:00,0.0,0.0,0.0,0.0,0.0
284.39087,0.05792054,0.0,0.05792054,0.0,2016-05-20 09:00:00,0.0,0.0,0.0,0.0,0.0
284.28296,0.01148757,0.0,0.01148757,0.0,2016-05-20 10:00:00,0.0,0.0,0.0,0.0,0.0
283.9563,0.013185117,0.0,0.013185117,0.0,2016-05-20 11:00:00,0.0,0.0,0.0,0.0,0.0
284.71484,0.06672931,0.0,0.066197574,0.00053172023,2016-05-20 12:00:00,0.0,0.0,0.0,0.0,0.0
286.70483,0.14021951,0.0,0.13809878,0.004235424,2016-05-20 13:00:00,0.0,0.0,0.0,0.0,0.0
288.9558,0.2722028,0.0,0.27113932,0.0021207693,2016-05-20 14:00:00,0.0,0.0,0.0,0.0,0.0
292.48315,0.41639227,0.0,0.41639227,0.0,2016-05-20 15:00:00,0.0,0.0,0.0,0.0,0.0
293.9673,0.52181906,0.002103883,0.52129346,0.008673575,2016-05-20 16:00:00,1.0,3.741662e-06,0.0,3.8752924e-06,0.0
294.8308,0.80185515,0.0,0.7854602,0.053472422,2016-05-20 17:00:00,0.0,2.233588e-06,0.0,2.0522093e-06,0.0
295.10742,0.9713951,0.0,0.9713951,0.10646725,2016-05-20 18:00:00,0.0,0.0,0.0,0.0,0.0
295.70605,0.9037503,0.0,0.8920077,0.13548607,2016-05-20 19:00:00,0.0,2.3662524e-06,0.0,2.3662524e-06,0.0
295.46143,0.9438364,0.0,0.94221145,0.07106012,2016-05-20 20:00:00,0.0,8.320325e-06,0.0,7.919432e-06,0.0
296.0276,0.9498561,0.0,0.946495,0.09256041,2016-05-20 21:00:00,0.0,8.552371e-06,0.0,8.819632e-06,0.0
295.71338,0.7397984,0.0,0.7158758,0.2044146,2016-05-20 22:00:00,0.0,9.086893e-06,0.0,9.220525e-06,0.0
295.66333,0.78790975,0.0,0.7689814,0.38919914,2016-05-20 23:00:00,0.0,0.0,0.0,0.0,0.0
295.08228,0.8398561,0.0,0.75875664,0.7463018,2016-05-21 00:00:00,0.0,0.0,0.0,0.0,0.0
294.03418,0.88898176,0.0,0.83922935,0.7859095,2016-05-21 01:00:00,0.0,0.0,0.0,0.0,0.0
292.00757,0.057738896,0.0,0.051023908,0.0100932345,2016-05-21 02:00:00,0.0,0.0,0.0,0.0,0.0
289.38623,0.070311844,0.0,0.070311844,0.0,2016-05-21 03:00:00,0.0,0.0,0.0,0.0,0.0
288.40503,0.063239574,0.0,0.063239574,0.0,2016-05-21 04:00:00,0.0,0.0,0.0,0.0,0.0
287.17773,0.085658014,0.0,0.083028555,0.0026356035,2016-05-21 05:00:00,0.0,0.0,0.0,0.0,0.0
286.2754,0.14513433,0.0,0.13335234,0.028897032,2016-05-21 06:00:00,0.0,0.0,0.0,0.0,0.0
285.89185,0.16146976,0.0,0.15984476,0.015324902,2016-05-21 07:00:00,0.0,0.0,0.0,0.0,0.0
284.80396,0.17006952,0.0,0.16901219,0.027664546,2016-05-21 08:00:00,0.0,0.0,0.0,0.0,0.0
283.76855,0.14522165,0.0,0.1362443,0.039776698,2016-05-21 09:00:00,0.0,0.0,0.0,0.0,0.0
283.8457,0.21504635,0.0,0.21504635,0.007644605,2016-05-21 10:00:00,0.0,0.0,0.0,0.0,0.0
284.0298,0.10830629,0.0,0.10830629,0.0,2016-05-21 11:00:00,0.0,0.0,0.0,0.0,0.0
284.11255,0.1305933,0.0,0.1305933,0.0,2016-05-21 12:00:00,0.0,0.0,0.0,0.0,0.0
286.57666,0.108736396,0.0,0.108736396,0.0,2016-05-21 13:00:00,0.0,0.0,0.0,0.0,0.0
290.2627,0.0,0.0,0.0,0.0,2016-05-21 14:00:00,0.0,0.0,0.0,0.0,0.0
294.60815,0.0,0.0,0.0,0.0,2016-05-21 15:00:00,0.0,0.0,0.0,0.0,0.0
296.49194,0.0,0.0,0.0,0.0,2016-05-21 16:00:00,0.0,0.0,0.0,0.0,0.0
297.32886,0.0,0.0,0.0,0.0,2016-05-21 17:00:00,0.0,0.0,0.0,0.0,0.0
297.96362,0.051695913,0.0,0.051695913,0.0,2016-05-21 18:00:00,0.0,0.0,0.0,0.0,0.0
298.55127,0.033911932,0.0,0.033911932,0.0,2016-05-21 19:00:00,0.0,0.0,0.0,0.0,0.0
298.61743,0.0,0.0,0.0,0.0,2016-05-21 20:00:00,0.0,0.0,0.0,0.0,0.0
299.29126,0.00053172023,0.0,0.00053172023,0.0,2016-05-21 21:00:00,0.0,0.0,0.0,0.0,0.0
299.17725,0.0,0.0,0.0,0.0,2016-05-21 22:00:00,0.0,0.0,0.0,0.0,0.0
299.1748,0.0,0.0,0.0,0.0,2016-05-21 23:00:00,0.0,0.0,0.0,0.0,0.0
298.9109,0.0,0.0,0.0,0.0,2016-05-22 00:00:00,0.0,0.0,0.0,0.0,0.0
298.2124,0.0,0.0,0.0,0.0,2016-05-22 01:00:00,0.0,0.0,0.0,0.0,0.0
295.9275,0.0,0.0,0.0,0.0,2016-05-22 02:00:00,0.0,0.0,0.0,0.0,0.0
291.69385,0.0,0.0,0.0,0.0,2016-05-22 03:00:00,0.0,0.0,0.0,0.0,0.0
290.53027,0.0,0.0,0.0,0.0,2016-05-22 04:00:00,0.0,0.0,0.0,0.0,0.0
289.19775,0.0,0.0,0.0,0.0,2016-05-22 05:00:00,0.0,0.0,0.0,0.0,0.0
287.51562,0.0,0.0,0.0,0.0,2016-05-22 06:00:00,0.0,0.0,0.0,0.0,0.0
286.91357,0.0,0.0,0.0,0.0,2016-05-22 07:00:00,0.0,0.0,0.0,0.0,0.0
286.40747,0.0,0.0,0.0,0.0,2016-05-22 08:00:00,0.0,0.0,0.0,0.0,0.0
284.65308,0.0,0.0,0.0,0.0,2016-05-22 09:00:00,0.0,0.0,0.0,0.0,0.0
285.77148,0.0,0.0,0.0,0.0,2016-05-22 10:00:00,0.0,0.0,0.0,0.0,0.0
285.44287,0.0,0.0,0.0,0.0,2016-05-22 11:00:00,0.0,0.0,0.0,0.0,0.0
286.16992,0.0,0.0,0.0,0.0,2016-05-22 12:00:00,0.0,0.0,0.0,0.0,0.0
288.28223,0.0,0.0,0.0,0.0,2016-05-22 13:00:00,0.0,0.0,0.0,0.0,0.0
291.40796,0.0,0.0,0.0,0.0,2016-05-22 14:00:00,0.0,0.0,0.0,0.0,0.0
296.10547,0.0,0.0,0.0,0.0,2016-05-22 15:00:00,0.0,0.0,0.0,0.0,0.0
297.615,0.0,0.0,0.0,0.0,2016-05-22 16:00:00,0.0,0.0,0.0,0.0,0.0
299.03955,0.12565345,0.0,0.0,0.12565345,2016-05-22 17:00:00,0.0,0.0,0.0,0.0,0.0
299.8152,0.41213053,0.0,0.0,0.41213053,2016-05-22 18:00:00,0.0,0.0,0.0,0.0,0.0
300.36108,0.34660095,0.0,0.0,0.34660095,2016-05-22 19:00:00,0.0,0.0,0.0,0.0,0.0
301.03467,0.016260177,0.0,0.0,0.016260177,2016-05-22 20:00:00,0.0,0.0,0.0,0.0,0.0
301.52148,0.22282916,0.0,0.0,0.22282916,2016-05-22 21:00:00,0.0,0.0,0.0,0.0,0.0
301.2561,0.46905357,0.0,0.0,0.46905357,2016-05-22 22:00:00,0.0,0.0,0.0,0.0,0.0
300.81958,0.4186384,0.0,0.0,0.4186384,2016-05-22 23:00:00,0.0,0.0,0.0,0.0,0.0
300.25537,0.18459296,0.0,0.0,0.18459296,2016-05-23 00:00:00,0.0,0.0,0.0,0.0,0.0
299.13208,0.030464191,0.0,0.0,0.030464191,2016-05-23 01:00:00,0.0,0.0,0.0,0.0,0.0
297.7771,0.0,0.0,0.0,0.0,2016-05-23 02:00:00,0.0,0.0,0.0,0.0,0.0
295.5498,0.0,0.0,0.0,0.0,2016-05-23 03:00:00,0.0,0.0,0.0,0.0,0.0
294.4912,0.0,0.0,0.0,0.0,2016-05-23 04:00:00,0.0,0.0,0.0,0.0,0.0
293.5161,0.0037288337,0.0,0.0,0.0037288337,2016-05-23 05:00:00,0.0,0.0,0.0,0.0,0.0
292.14722,0.009478044,0.0,0.0,0.009478044,2016-05-23 06:00:00,0.0,0.0,0.0,0.0,0.0
291.55225,0.02964732,0.0,0.0,0.02964732,2016-05-23 07:00:00,0.0,0.0,0.0,0.0,0.0
291.417,0.46180052,0.0,0.0,0.46180052,2016-05-23 08:00:00,0.0,0.0,0.0,0.0,0.0
290.88306,0.88104993,0.0,0.0,0.88104993,2016-05-23 09:00:00,0.0,0.0,0.0,0.0,0.0
291.5454,0.9590586,0.0,0.16817206,0.9590586,2016-05-23 10:00:00,0.0,1.6035692e-06,0.0,1.3363078e-06,0.0
291.62744,0.99841094,0.05035969,0.61147463,0.99841094,2016-05-23 11:00:00,0.0,1.2190021e-06,0.0,1.6769336e-06,0.0
292.0354,0.98734385,0.1276936,0.21500504,0.9810873,2016-05-23 12:00:00,0.0,1.0600584e-05,0.0,1.0572387e-05,0.0
292.73853,0.98999023,0.009177502,0.034637652,0.98999023,2016-05-23 13:00:00,0.0,0.0,0.0,0.0,0.0
293.90967,0.9520633,0.0010573287,0.053594813,0.94621354,2016-05-23 14:00:00,0.0,0.0,0.0,0.0,0.0
295.88965,0.53082573,0.035639104,0.13956898,0.4825042,2016-05-23 15:00:00,0.0,0.0,0.0,0.0,0.0
297.10693,0.93251723,0.10607743,0.61854315,0.9240897,2016-05-23 16:00:00,0.0,0.0,0.0,0.0,0.0
298.80518,0.9873881,0.057526827,0.61090505,0.9868625,2016-05-23 17:00:00,0.0,0.0,0.0,0.0,0.0
300.08057,0.9508479,0.1169672,0.44112784,0.9416875,2016-05-23 18:00:00,0.0,0.0,0.0,0.0,0.0
300.10864,0.9797891,0.15410429,0.043550782,0.976428,2016-05-23 19:00:00,1.0,3.7967638e-06,0.0,3.891939e-06,0.0
299.64868,1.0,0.4408999,0.18132317,1.0,2016-05-23 20:00:00,1.0,2.0639243e-05,0.0,2.0619686e-05,0.0
299.08325,0.994415,0.8213799,0.31827986,0.98094106,2016-05-23 21:00:00,1.0,0.002824661,0.0,0.002787844,3.6931e-05
295.96582,1.0,0.383708,0.22075188,1.0,2016-05-23 22:00:00,1.0,0.007568449,0.0,0.0074685924,9.922784e-05
294.58203,1.0,0.0057492107,0.5305471,1.0,2016-05-23 23:00:00,1.0,0.005138539,0.0,0.0045806654,0.0005578995
294.4878,0.9970973,0.013974573,0.058411106,0.9970973,2016-05-24 00:00:00,1.0,0.0033726576,0.0,0.003135651,0.0002373787
294.16333,1.0,0.020734437,0.06591356,1.0,2016-05-24 01:00:00,1.0,0.0037802027,0.0,0.0036192515,0.00016118945
293.0835,1.0,0.08910954,0.09354365,1.0,2016-05-24 02:00:00,1.0,0.0034947072,0.0,0.003288591,0.00020593457
292.17188,1.0,0.35952312,0.19138587,1.0,2016-05-24 03:00:00,1.0,0.0028378188,0.0,0.0024402589,0.00039783632
292.09424,0.9797939,0.4759906,0.35696876,0.9221865,2016-05-24 04:00:00,1.0,0.00230082,0.0,0.0018266232,0.00047425367
291.23218,1.0,0.28188133,0.3999583,1.0,2016-05-24 05:00:00,1.0,0.0016718234,0.0,0.0012998644,0.00037190202
291.07593,0.998375,0.2941165,0.5774348,0.998375,2016-05-24 06:00:00,1.0,0.0011088764,0.0,0.0008452588,0.00026376103
291.1333,0.9365934,0.43573427,0.4507401,0.9084421,2016-05-24 07:00:00,1.0,9.5760595e-05,0.0,8.946977e-05,6.004656e-06
290.96997,0.989539,0.60546285,0.1885925,0.97843605,2016-05-24 08:00:00,1.0,0.0016106684,0.0,0.0015902894,2.0378953e-05
290.89087,0.99841094,0.80939114,0.20796245,0.9852625,2016-05-24 09:00:00,1.0,0.0036501721,0.0,0.0036423125,7.5550397e-06
290.68164,0.89138013,0.106778264,0.1530034,0.8750893,2016-05-24 10:00:00,0.0,0.00013304461,0.0,0.00012046257,1.2857934e-05
290.7561,0.20045567,0.0155695975,0.046680443,0.15639395,2016-05-24 11:00:00,1.0,3.8198294e-07,0.0,0.0,5.915585e-07
291.05737,0.026250929,0.012656141,0.012005735,0.0015890491,2016-05-24 12:00:00,0.0,1.9099144e-07,0.0,9.549569e-08,0.0
291.55908,0.05212452,0.0053178817,0.0057492107,0.041057423,2016-05-24 13:00:00,1.0,1.372825e-06,0.0,6.485984e-07,1.1440234e-06
292.82446,0.78322256,0.5459844,0.04365455,0.5149481,2016-05-24 14:00:00,1.0,4.0597108e-05,0.0,2.5795642e-05,1.4849213e-05
295.12158,0.9694815,0.31440789,0.2169478,0.9007773,2016-05-24 15:00:00,1.0,0.000104691164,0.0,7.653546e-05,2.8451163e-05
296.05322,0.891588,0.18948418,0.36455673,0.81378067,2016-05-24 16:00:00,0.0,6.219893e-05,0.0,6.129364e-05,1.372825e-06
296.72046,0.7396608,0.13088077,0.1429475,0.6486662,2016-05-24 17:00:00,0.0,1.5515077e-05,0.0,1.5830083e-05,0.0
298.2212,0.5792597,0.09879649,0.06886375,0.50201863,2016-05-24 18:00:00,0.0,4.191511e-07,0.0,9.530282e-07,0.0
299.4934,0.6679843,0.050134312,0.08282572,0.6382614,2016-05-24 19:00:00,0.0,0.0,0.0,0.0,0.0
300.46582,0.35132527,0.047506906,0.044307403,0.2953055,2016-05-24 20:00:00,0.0,0.0,0.0,0.0,0.0
301.20117,0.09735954,0.0,0.090738714,0.0082530975,2016-05-24 21:00:00,0.0,0.0,0.0,0.0,0.0
300.73608,0.5193628,0.0,0.40391892,0.18226475,2016-05-24 22:00:00,0.0,0.0,0.0,0.0,0.0
300.6963,0.57977504,0.0,0.47734874,0.24310368,2016-05-24 23:00:00,0.0,0.0,0.0,0.0,0.0
300.12427,0.41772962,0.0,0.19514537,0.32299286,2016-05-25 00:00:00,0.0,0.0,0.0,0.0,0.0
299.0874,0.14364135,0.0,0.09161788,0.054709412,2016-05-25 01:00:00,0.0,0.0,0.0,0.0,0.0
297.27197,0.14556366,0.0,0.12893564,0.016614657,2016-05-25 02:00:00,0.0,0.0,0.0,0.0,0.0
294.6692,0.111243725,0.0,0.099383,0.012392428,2016-05-25 03:00:00,0.0,0.0,0.0,0.0,0.0
294.02466,0.29798514,0.0,0.033944648,0.2640466,2016-05-25 04:00:00,0.0,0.0,0.0,0.0,0.0
292.9336,0.13507324,0.0,0.048248712,0.09126884,2016-05-25 05:00:00,0.0,0.0,0.0,0.0,0.0
292.5393,0.24348807,0.0,0.039476823,0.21564323,2016-05-25 06:00:00,0.0,0.0,0.0,0.0,0.0
292.1316,0.6104869,0.0,0.019463405,0.60337985,2016-05-25 07:00:00,0.0,0.0,0.0,0.0,0.0
291.3994,0.98999023,0.0,0.016560722,0.98999023,2016-05-25 08:00:00,0.0,0.0,0.0,0.0,0.0
290.5703,1.0,0.0,0.0,1.0,2016-05-25 09:00:00,0.0,0.0,0.0,0.0,0.0
290.78345,0.99946827,0.0,0.0,0.99946827,2016-05-25 10:00:00,0.0,0.0,0.0,0.0,0.0
290.95923,0.9949934,0.0,0.0,0.9949934,2016-05-25 11:00:00,0.0,0.0,0.0,0.0,0.0
291.17627,0.9949968,0.0,0.0,0.9949968,2016-05-25 12:00:00,0.0,0.0,0.0,0.0,0.0
292.083,0.9925423,0.0,0.0,0.9925423,2016-05-25 13:00:00,0.0,0.0,0.0,0.0,0.0
292.99585,1.0,0.06841922,0.14428174,1.0,2016-05-25 14:00:00,0.0,0.0,0.0,0.0,0.0
293.74683,1.0,0.18792307,0.3015266,1.0,2016-05-25 15:00:00,0.0,1.1074972e-06,0.0,0.0,1.0120011e-06
293.61523,1.0,0.114129245,0.5669585,1.0,2016-05-25 16:00:00,1.0,0.00028555095,0.0,0.00017604971,0.000109634944
293.76587,1.0,0.048599202,0.893541,0.998375,2016-05-25 17:00:00,1.0,0.0004223627,0.0,7.085102e-05,0.00035156868
294.41968,1.0,0.012611903,0.99020934,1.0,2016-05-25 18:00:00,1.0,0.00023259217,0.0,7.689436e-05,0.00015593623
295.11133,1.0,0.039772492,0.91488844,1.0,2016-05-25 19:00:00,1.0,0.0007968589,0.0,0.0006300153,0.00016711082
295.13647,0.9978961,0.23796862,0.43377584,0.99736434,2016-05-25 20:00:00,1.0,0.003844764,0.0,0.0035955634,0.0002493912
295.42505,1.0,0.04449319,0.8423379,1.0,2016-05-25 21:00:00,1.0,0.003029195,0.0,0.0026049586,0.00042425515
295.20044,0.9659848,0.17897159,0.1316427,0.9649275,2016-05-25 22:00:00,1.0,0.0013709853,0.0,0.0011964934,0.00017439637
295.42163,0.97153413,0.1908021,0.10810089,0.9625402,2016-05-25 23:00:00,1.0,0.00047037378,0.0,0.00045981188,1.0542301e-05
295.8098,0.98506755,0.11121607,0.085443914,0.97343284,2016-05-26 00:00:00,0.0,0.0002970954,0.0,0.0002964188,7.6332435e-07
295.79053,0.40302473,0.016964264,0.16484338,0.29000396,2016-05-26 01:00:00,1.0,9.7961165e-05,0.0,8.652704e-05,1.1672224e-05
294.5818,0.4527467,0.034722585,0.13009888,0.36537665,2016-05-26 02:00:00,0.0,1.6303587e-05,0.0,1.6036327e-05,0.0
293.0442,0.5429461,0.030304112,0.057636607,0.4937907,2016-05-26 03:00:00,0.0,0.0,0.0,0.0,0.0
292.45117,0.3879724,0.057877406,0.099190354,0.29192084,2016-05-26 04:00:00,1.0,0.0,0.0,0.0,0.0
291.687,0.9212346,0.25705767,0.11051613,0.88070166,2016-05-26 05:00:00,0.0,0.0,0.0,0.0,0.0
291.3496,0.9978792,0.7381697,0.16798764,0.99577534,2016-05-26 06:00:00,0.0,8.373469e-05,0.0,8.374431e-05,0.0
291.51172,0.9171849,0.06061553,0.096741974,0.91481394,2016-05-26 07:00:00,0.0,0.0001861381,0.0,0.00018627173,2.6726156e-07
291.17847,0.9008802,0.0,0.04636687,0.8987763,2016-05-26 08:00:00,0.0,0.0,0.0,0.0,0.0
290.09497,0.3958233,0.0,0.02209564,0.38871622,2016-05-26 09:00:00,1.0,0.0,0.0,0.0,0.0
288.82935,0.61745656,0.0,0.01317678,0.61745656,2016-05-26 10:00:00,0.0,0.0,0.0,0.0,0.0
288.49927,0.8869794,0.0,0.005006563,0.8869794,2016-05-26 11:00:00,1.0,0.0,0.0,0.0,0.0
288.66138,0.60724735,0.01727083,0.00053172023,0.60461175,2016-05-26 12:00:00,0.0,0.0,0.0,0.0,0.0
289.4724,0.46495008,0.020520732,0.0,0.4501542,2016-05-26 13:00:00,0.0,0.0,0.0,0.0,0.0
290.3911,0.059079967,0.0,0.0,0.059079967,2016-05-26 14:00:00,0.0,5.3452317e-07,0.0,0.0,5.3452317e-07
293.823,0.005003199,0.005003199,0.0,0.0,2016-05-26 15:00:00,0.0,0.0,0.0,0.0,0.0
295.05615,0.023687128,0.023687128,0.0,0.0,2016-05-26 16:00:00,0.0,0.0,0.0,0.0,0.0
296.2954,0.0392683,0.0392683,0.0,0.0,2016-05-26 17:00:00,0.0,0.0,0.0,0.0,0.0
297.62427,0.049678072,0.049678072,0.0,0.0,2016-05-26 18:00:00,0.0,0.0,0.0,0.0,0.0
297.9839,0.063933074,0.063933074,0.0,0.0,2016-05-26 19:00:00,0.0,0.0,0.0,0.0,0.0
299.02734,0.16381896,0.16381896,0.0,0.0,2016-05-26 20:00:00,0.0,0.0,0.0,0.0,0.0
299.5901,0.14911288,0.10965192,0.0057968125,0.03630706,2016-05-26 21:00:00,0.0,0.0,0.0,0.0,0.0
298.61792,0.03349027,0.0,0.0,0.03349027,2016-05-26 22:00:00,0.0,0.0,0.0,0.0,0.0
298.219,0.2015295,0.0,0.0010573287,0.2015295,2016-05-26 23:00:00,0.0,0.0,0.0,0.0,0.0
297.9292,0.9362579,0.0,0.014799293,0.9338869,2016-05-27 00:00:00,0.0,0.0,0.0,0.0,0.0
296.9077,1.0,0.0,0.0,1.0,2016-05-27 01:00:00,0.0,0.0,0.0,0.0,0.0
294.98608,1.0,0.0,0.005006563,1.0,2016-05-27 02:00:00,0.0,0.0,0.0,0.0,0.0
294.37378,0.9867931,0.0,0.0,0.9867931,2016-05-27 03:00:00,0.0,0.0,0.0,0.0,0.0
293.34497,1.0,0.0,0.0,1.0,2016-05-27 04:00:00,0.0,0.0,0.0,0.0,0.0
292.33154,1.0,0.0,0.0,1.0,2016-05-27 05:00:00,0.0,0.0,0.0,0.0,0.0
291.48315,1.0,0.0,0.00053172023,1.0,2016-05-27 06:00:00,0.0,7.746013e-06,0.0,7.5934768e-06,0.0
291.1953,1.0,0.0,0.004767146,1.0,2016-05-27 07:00:00,0.0,0.0,0.0,0.0,0.0
290.8767,1.0,0.0,0.030298341,1.0,2016-05-27 08:00:00,0.0,0.0,0.0,0.0,0.0
290.60693,1.0,0.0,0.27127522,1.0,2016-05-27 09:00:00,0.0,0.0,0.0,0.0,0.0
291.35425,0.8785241,0.0,0.87315327,0.043993603,2016-05-27 10:00:00,0.0,0.0,0.0,0.0,0.0
291.49268,0.7249562,0.0,0.72159505,0.013324339,2016-05-27 11:00:00,0.0,0.0,0.0,0.0,0.0
291.31494,0.94959086,0.0,0.9339742,0.20199198,2016-05-27 12:00:00,0.0,2.073271e-05,0.0,2.0923384e-05,0.0
291.511,1.0,0.00053172023,1.0,0.49164528,2016-05-27 13:00:00,0.0,3.813414e-07,0.0,0.0,4.954212e-07
291.87476,1.0,0.010009766,1.0,0.6061862,2016-05-27 14:00:00,0.0,0.0,0.0,0.0,0.0
292.3208,1.0,0.0,1.0,0.47340488,2016-05-27 15:00:00,0.0,0.0,0.0,0.0,0.0
291.83716,1.0,0.00608078,1.0,0.90975195,2016-05-27 16:00:00,0.0,0.00023797419,0.0,0.00023776462,0.0
291.85254,1.0,0.057347454,1.0,0.96104914,2016-05-27 17:00:00,0.0,0.00042517204,0.0,0.0004232719,1.928498e-06
292.06372,1.0,0.48955196,1.0,0.992876,2016-05-27 18:00:00,0.0,0.0008688469,0.0,0.0008520817,1.6717458e-05
291.65503,1.0,1.0,1.0,0.9699006,2016-05-27 19:00:00,1.0,0.0017705478,0.0,4.2155123e-05,0.0017278581
290.9148,1.0,0.7963167,0.9970973,0.8661477,2016-05-27 20:00:00,1.0,0.0024499593,0.0,0.0009191944,0.0015309553
290.90967,0.9989426,0.8395835,0.93905556,0.44885498,2016-05-27 21:00:00,1.0,0.0013340437,0.0,0.00040170294,0.0009319405
291.3745,0.99155676,0.8635814,0.9704541,0.43233526,2016-05-27 22:00:00,1.0,0.00058464287,0.0,0.00019305194,0.0003914095
291.5923,0.8837995,0.6419206,0.8065784,0.30551934,2016-05-27 23:00:00,1.0,0.0003527284,0.0,0.0003275904,2.565296e-05
291.65967,0.43599272,0.16241491,0.19186991,0.19547713,2016-05-28 00:00:00,1.0,8.861057e-05,0.0,8.215023e-05,6.4033075e-06
291.56348,0.5113782,0.0100932345,0.07508862,0.44600785,2016-05-28 01:00:00,0.0,1.14079796e-07,0.0,0.0,1.14079796e-07
290.79443,1.0,0.002103883,0.060197707,1.0,2016-05-28 02:00:00,1.0,8.004925e-07,0.0,0.0,1.067754e-06
290.32178,1.0,0.022254705,0.014106251,1.0,2016-05-28 03:00:00,1.0,1.14079796e-07,0.0,0.0,1.14079796e-07
290.26978,1.0,0.38199472,0.0,1.0,2016-05-28 04:00:00,0.0,9.549569e-08,0.0,0.0,9.549569e-08
289.93506,1.0,0.57744133,0.17132473,1.0,2016-05-28 05:00:00,1.0,0.0,0.0,0.0,1.14079796e-07
289.79297,1.0,0.6443396,0.0838902,1.0,2016-05-28 06:00:00,1.0,0.0,0.0,0.0,0.0
289.76807,0.9978961,0.7325844,0.0033782488,0.9978961,2016-05-28 07:00:00,0.0,0.0,0.0,0.0,0.0
289.63184,0.9946291,0.8645974,0.0031780982,0.9616504,2016-05-28 08:00:00,1.0,0.0,0.0,0.0,0.0
289.04956,1.0,0.9657905,0.029514074,1.0,2016-05-28 09:00:00,1.0,0.0,0.0,0.0,0.0
288.75024,1.0,0.77859616,0.23403609,1.0,2016-05-28 10:00:00,1.0,0.0,0.0,0.0,0.0
288.7151,1.0,0.934848,0.62186515,1.0,2016-05-28 11:00:00,1.0,1.5843343e-06,0.0,0.0,1.4888383e-06
288.73364,1.0,1.0,0.8859068,1.0,2016-05-28 12:00:00,1.0,4.867744e-06,0.0,0.0,5.2305013e-06
289.04492,1.0,0.97883356,0.87057275,0.98157984,2016-05-28 13:00:00,1.0,4.191511e-07,0.0,0.0,7.8190845e-07
289.52686,1.0,0.94667447,0.9730741,0.6669785,2016-05-28 14:00:00,1.0,0.0,0.0,0.0,3.813414e-07
290.9143,0.98684496,0.8599635,0.95639265,0.27547777,2016-05-28 15:00:00,0.0,0.0,0.0,0.0,0.0
291.50635,0.99627113,0.84175915,0.92403084,0.46153265,2016-05-28 16:00:00,0.0,0.0,0.0,0.0,0.0
292.46265,0.9841648,0.9677932,0.7224873,0.026303407,2016-05-28 17:00:00,0.0,0.0,0.0,0.0,0.0
293.24756,0.99946827,0.97492284,0.99946827,0.111694634,2016-05-28 18:00:00,0.0,2.3085568e-06,0.0,2.251517e-06,0.0
293.46094,1.0,0.9592736,1.0,0.29510093,2016-05-28 19:00:00,1.0,0.0008189776,0.0,0.0006673073,0.00015148027
293.3911,0.9789418,0.60899496,0.95867044,0.42891192,2016-05-28 20:00:00,1.0,0.0014413379,0.0,0.0010489887,0.00039223535
293.11353,0.9758292,0.68876994,0.9550765,0.5106222,2016-05-28 21:00:00,1.0,0.0011671428,0.0,0.00072172843,0.00044552912
291.6233,0.94166124,0.7806329,0.7761805,0.27089947,2016-05-28 22:00:00,1.0,0.00010716544,0.0,2.3971254e-05,8.3155726e-05
291.78687,0.84792256,0.69822,0.38446444,0.26077062,2016-05-28 23:00:00,1.0,0.00040465314,0.0,0.00038118777,2.3474655e-05
291.16113,0.8489923,0.63992304,0.2820866,0.47149307,2016-05-29 00:00:00,1.0,0.0007108757,0.0,0.000651543,5.9552694e-05
291.17407,0.85233915,0.4066187,0.72017986,0.4402107,2016-05-29 01:00:00,1.0,0.00021271975,0.0,0.00013592913,7.670472e-05
290.6941,0.5313824,0.023615327,0.29111975,0.34819764,2016-05-29 02:00:00,1.0,5.6099336e-05,0.0,1.615983e-05,3.9786974e-05
290.30786,0.6461677,0.120144665,0.24569124,0.5355083,2016-05-29 03:00:00,1.0,1.14036975e-05,0.0,2.7161614e-06,8.5061565e-06
290.08325,0.87951136,0.41636372,0.2855456,0.7311177,2016-05-29 04:00:00,1.0,0.00012610601,0.0,0.00011645521,9.86038e-06
289.8269,0.98279965,0.58350617,0.45336968,0.9282887,2016-05-29 05:00:00,1.0,0.000117621064,0.0,9.084941e-05,2.6580965e-05
289.8413,0.9861583,0.53569883,0.41876405,0.95821583,2016-05-29 06:00:00,1.0,9.232964e-06,0.0,0.0,9.232964e-06
290.02466,0.8610445,0.26088977,0.43921602,0.77260774,2016-05-29 07:00:00,1.0,2.9760631e-05,0.0,7.448667e-06,2.2216467e-05
289.70166,0.5522105,0.1292839,0.47212797,0.07021499,2016-05-29 08:00:00,1.0,7.760115e-06,0.0,0.0,7.760115e-06
289.56494,0.5456946,0.107108116,0.41373634,0.1560607,2016-05-29 09:00:00,1.0,4.191511e-07,0.0,0.0,7.8190845e-07
289.36328,0.6008963,0.25517464,0.31918454,0.27940792,2016-05-29 10:00:00,1.0,0.0,0.0,0.0,2.6726156e-07
289.42065,0.4627102,0.15073603,0.44015765,0.011123341,2016-05-29 11:00:00,1.0,1.4881971e-06,0.0,0.0,1.7554585e-06
289.60474,0.48938733,0.13806134,0.452371,0.027487319,2016-05-29 12:00:00,1.0,2.8046288e-06,0.0,0.0,2.8046288e-06
290.11475,0.5739708,0.14189601,0.2795552,0.37928057,2016-05-29 13:00:00,1.0,1.9783678e-05,0.0,1.5357859e-05,4.4062645e-06
291.05737,0.8112709,0.32985622,0.07947153,0.7432527,2016-05-29 14:00:00,1.0,0.00012780636,0.0,8.503682e-05,4.263589e-05
293.06787,0.8323465,0.26919657,0.057576552,0.7725233,2016-05-29 15:00:00,1.0,0.00011589992,0.0,8.188705e-05,3.407919e-05
294.219,0.42754173,0.23546529,0.1877228,0.24578917,2016-05-29 16:00:00,1.0,0.0001110711,0.0,8.781177e-05,2.308756e-05
295.49414,0.31271887,0.2287398,0.2018767,0.04066459,2016-05-29 17:00:00,0.0,4.7698413e-05,0.0,4.4921006e-05,2.6149291e-06
296.04175,0.35442454,0.21138793,0.28338122,0.0023709626,2016-05-29 18:00:00,1.0,2.772441e-05,0.0,2.7628921e-05,0.0
296.53442,0.46732962,0.22862214,0.43686718,0.0,2016-05-29 19:00:00,1.0,8.919585e-05,0.0,8.908176e-05,0.0
297.08447,0.40039814,0.16990787,0.3649699,0.0,2016-05-29 20:00:00,1.0,0.0001359634,0.0,0.00013566794,0.0
297.93433,0.53075135,0.13508767,0.5291264,0.0,2016-05-29 21:00:00,1.0,7.707541e-05,0.0,7.711386e-05,0.0
297.65137,0.4924723,0.023992497,0.41947913,0.13047028,2016-05-29 22:00:00,1.0,5.26699e-05,0.0,5.26792e-05,0.0
297.39844,0.4381559,0.11649197,0.33329105,0.121567726,2016-05-29 23:00:00,0.0,8.667092e-06,0.0,8.752975e-06,0.0
296.57886,0.3513286,0.09535366,0.3156876,0.04376806,2016-05-30 00:00:00,0.0,1.7349321e-06,0.0,1.7826796e-06,0.0
295.9143,0.13574111,0.04895549,0.13574111,0.0,2016-05-30 01:00:00,0.0,0.0,0.0,0.0,0.0
294.37964,0.032099295,0.012113646,0.02209564,0.0,2016-05-30 02:00:00,0.0,0.0,0.0,0.0,0.0
291.54932,0.015545305,0.015013587,0.015545305,0.0,2016-05-30 03:00:00,0.0,0.0,0.0,0.0,0.0
290.83496,0.0010573287,0.0010573287,0.00053172023,0.0,2016-05-30 04:00:00,0.0,0.0,0.0,0.0,0.0
289.68066,0.0021207693,0.0,0.0,0.0021207693,2016-05-30 05:00:00,0.0,0.0,0.0,0.0,0.0
288.80493,0.0,0.0,0.0,0.0,2016-05-30 06:00:00,0.0,0.0,0.0,0.0,0.0
288.66382,0.0,0.0,0.0,0.0,2016-05-30 07:00:00,0.0,0.0,0.0,0.0,0.0
288.2019,0.0,0.0,0.0,0.0,2016-05-30 08:00:00,0.0,0.0,0.0,0.0,0.0
286.9873,0.0058244728,0.0,0.0,0.0058244728,2016-05-30 09:00:00,0.0,0.0,0.0,0.0,0.0
287.27417,0.13548887,0.0,0.0,0.13548887,2016-05-30 10:00:00,0.0,0.0,0.0,0.0,0.0
287.37695,0.6812815,0.0,0.0,0.6812815,2016-05-30 11:00:00,0.0,0.0,0.0,0.0,0.0
288.3474,0.9949968,0.0,0.0,0.9949968,2016-05-30 12:00:00,0.0,0.0,0.0,0.0,0.0
289.96948,0.9832786,0.0,0.0,0.9832786,2016-05-30 13:00:00,0.0,0.0,0.0,0.0,0.0
293.4143,0.93928504,0.0,0.0,0.93928504,2016-05-30 14:00:00,0.0,0.0,0.0,0.0,0.0
296.47412,0.5095196,0.0,0.004750259,0.5074157,2016-05-30 15:00:00,0.0,0.0,0.0,0.0,0.0
298.0459,0.11472309,0.0,0.063785434,0.05937595,2016-05-30 16:00:00,0.0,0.0,0.0,0.0,0.0
299.09912,0.17820805,0.0,0.17767632,0.00053172023,2016-05-30 17:00:00,1.0,2.749518e-06,0.0,2.9690318e-06,0.0
298.82495,0.17188823,0.0,0.16978437,0.0052650943,2016-05-30 18:00:00,0.0,7.520233e-05,0.0,7.511645e-05,0.0
299.39258,0.29220152,0.0,0.14918971,0.15621865,2016-05-30 19:00:00,0.0,0.0,0.0,0.0,0.0
299.9502,0.51758456,0.0,0.1862719,0.35902548,2016-05-30 20:00:00,0.0,0.0,0.0,0.0,0.0
300.5393,0.49287796,0.0,0.065350056,0.47075093,2016-05-30 21:00:00,0.0,0.0,0.0,0.0,0.0
300.5376,0.68614787,0.0,0.31505978,0.58688825,2016-05-30 22:00:00,0.0,0.0,0.0,0.0,0.0
300.5017,0.86750877,0.0,0.14059371,0.84684086,2016-05-30 23:00:00,0.0,0.0,0.0,0.0,0.0
299.6687,0.95956135,0.0,0.08193517,0.95556545,2016-05-31 00:00:00,0.0,0.0,0.0,0.0,0.0
298.74902,0.9741755,0.0,0.04569137,0.9725506,2016-05-31 01:00:00,0.0,0.0,0.0,0.0,0.0
297.7661,0.9531433,0.0,0.06001781,0.9509866,2016-05-31 02:00:00,0.0,0.0,0.0,0.0,0.0
295.6941,0.9248164,0.0,0.07758409,0.9224455,2016-05-31 03:00:00,0.0,2.024509e-05,0.0,2.0197345e-05,0.0
294.94238,0.9765395,0.0,0.05503026,0.97416854,2016-05-31 04:00:00,1.0,0.0011538835,0.0,0.0011539601,0.0
293.5608,0.99841094,0.00737416,0.022410322,0.99841094,2016-05-31 05:00:00,1.0,0.003682756,0.0,0.0036826609,9.549569e-08
292.03516,0.9978792,0.008357041,0.0681234,0.9978792,2016-05-31 06:00:00,1.0,0.003793675,0.0,0.0037801357,1.3748809e-05
291.62573,1.0,0.0033782488,0.19540614,1.0,2016-05-31 07:00:00,0.0,0.0,0.0,0.0,0.0
291.59106,0.9978961,0.039958116,0.3242343,0.9949934,2016-05-31 08:00:00,1.0,2.1380925e-05,0.0,2.1113665e-05,0.0
291.00757,0.99946827,0.041015442,0.43621385,0.99946827,2016-05-31 09:00:00,1.0,2.351901e-05,0.0,2.351901e-05,0.0
291.7019,1.0,0.0129398,0.5551094,1.0,2016-05-31 10:00:00,1.0,0.0003622335,0.0,0.00033795228,2.4415e-05
291.53125,1.0,0.04483057,0.4817245,1.0,2016-05-31 11:00:00,1.0,0.0016500007,0.0,0.0015392939,0.000110067456
291.36035,1.0,0.03525456,0.8875067,1.0,2016-05-31 12:00:00,1.0,0.0012021901,0.0,0.0009313163,0.00027096923
291.46094,1.0,0.1561153,1.0,1.0,2016-05-31 13:00:00,1.0,0.00028631045,0.0,1.68158e-05,0.00026956084
291.8557,1.0,0.7669765,0.9889488,1.0,2016-05-31 14:00:00,1.0,0.0005891472,0.0,0.0004476977,0.00014147843
293.04712,1.0,0.82833904,0.8079798,0.99258035,2016-05-31 15:00:00,1.0,0.001528099,0.0,0.00144391,8.4503874e-05
293.26758,1.0,0.75329757,0.9818005,1.0,2016-05-31 16:00:00,1.0,0.0031184845,0.0,0.0030513112,6.7144356e-05
293.42627,0.9949934,0.3448099,0.9444438,0.9778639,2016-05-31 17:00:00,1.0,0.0044684224,0.0,0.004401397,6.720588e-05
293.36157,0.9942508,0.28599375,0.65922576,0.9831852,2016-05-31 18:00:00,1.0,0.0018360922,0.0,0.001594313,0.0002418748
293.31616,0.9966217,0.27344894,0.9039588,0.9966217,2016-05-31 19:00:00,1.0,0.00025165267,0.0,0.00012619997,0.00012586305
293.87598,1.0,0.085289,0.99946827,1.0,2016-05-31 20:00:00,1.0,0.0009136058,0.0,0.00049228594,0.00042153918
293.4419,1.0,0.004741922,0.98795086,1.0,2016-05-31 21:00:00,0.0,0.00036585657,0.0,4.2528496e-05,0.0003235573
293.63354,1.0,0.02528942,0.6896058,1.0,2016-05-31 22:00:00,0.0,7.693199e-05,0.0,0.0,7.6836484e-05
293.72217,1.0,0.020706665,0.027188115,1.0,2016-05-31 23:00:00,0.0,2.8039685e-06,0.0,0.0,2.8039685e-06
294.0652,1.0,0.03691347,0.0,1.0,2016-06-01 00:00:00,0.0,0.0,0.0,0.0,0.0
293.6848,0.8655838,0.04512048,0.011606943,0.8510019,2016-06-01 01:00:00,0.0,0.0,0.0,0.0,0.0
292.47803,0.13702828,0.0,0.03848723,0.10528046,2016-06-01 02:00:00,0.0,0.0,0.0,0.0,0.0
290.76636,0.06067155,0.0,0.0,0.06067155,2016-06-01 03:00:00,0.0,0.0,0.0,0.0,0.0
290.49023,0.13549238,0.0,0.0048919544,0.1306175,2016-06-01 04:00:00,0.0,0.0,0.0,0.0,0.0
289.5581,0.0,0.0,0.0,0.0,2016-06-01 05:00:00,0.0,0.0,0.0,0.0,0.0
288.70508,0.0033782488,0.0,0.0033782488,0.0,2016-06-01 06:00:00,0.0,0.0,0.0,0.0,0.0
288.66943,0.0,0.0,0.0,0.0,2016-06-01 07:00:00,0.0,0.0,0.0,0.0,0.0
288.53174,0.0,0.0,0.0,0.0,2016-06-01 08:00:00,0.0,0.0,0.0,0.0,0.0
288.17358,0.0,0.0,0.0,0.0,2016-06-01 09:00:00,0.0,0.0,0.0,0.0,0.0
287.865,0.0032499009,0.0,0.0,0.0032499009,2016-06-01 10:00:00,0.0,0.0,0.0,0.0,0.0
287.4348,0.028609179,0.013623986,0.0,0.014985189,2016-06-01 11:00:00,0.0,0.0,0.0,0.0,0.0
287.62476,0.20098495,0.20098495,0.0,0.0,2016-06-01 12:00:00,0.0,0.0,0.0,0.0,0.0
288.06567,0.43945122,0.43945122,0.0,0.0,2016-06-01 13:00:00,1.0,2.2815959e-07,0.0,2.477106e-07,0.0
288.9004,0.9658951,0.9658951,0.0016249504,0.0,2016-06-01 14:00:00,1.0,4.690176e-06,0.0,4.690176e-06,0.0
289.6765,1.0,1.0,0.13959831,0.0,2016-06-01 15:00:00,0.0,3.9506922e-05,0.0,3.9688297e-05,0.0
290.0271,1.0,1.0,0.58147395,0.0,2016-06-01 16:00:00,1.0,2.9594608e-05,0.0,2.929916e-05,0.0
290.29736,1.0,1.0,0.8440989,0.0,2016-06-01 17:00:00,0.0,2.5977512e-05,0.0,2.617779e-05,0.0
290.24585,0.99946827,0.99946827,0.9148023,0.0,2016-06-01 18:00:00,0.0,8.049891e-05,0.0,8.074661e-05,0.0
290.74243,1.0,1.0,0.9696194,0.0,2016-06-01 19:00:00,1.0,8.581659e-05,0.0,8.586433e-05,0.0
291.0962,1.0,1.0,0.98675585,0.0,2016-06-01 20:00:00,0.0,7.784099e-05,0.0,7.800346e-05,0.0
291.33032,0.9899067,0.8989871,0.9850148,0.0,2016-06-01 21:00:00,1.0,0.0,0.0,0.0,0.0
291.11426,0.8352317,0.82449305,0.7298351,0.0,2016-06-01 22:00:00,0.0,4.1608128e-06,0.0,4.3329e-06,0.0
291.24585,0.7257449,0.6834154,0.57208127,0.0,2016-06-01 23:00:00,0.0,1.41525925e-05,0.0,1.3846875e-05,0.0
291.05078,0.4285099,0.26977968,0.3228582,0.0,2016-06-02 00:00:00,0.0,0.0,0.0,0.0,0.0
290.65674,0.19736856,0.066236794,0.18626559,0.0,2016-06-02 01:00:00,0.0,0.0,0.0,0.0,0.0
289.88696,0.21877068,0.005003199,0.21877068,0.0,2016-06-02 02:00:00,0.0,0.0,0.0,0.0,0.0
288.49902,0.10844123,0.0,0.10844123,0.0,2016-06-02 03:00:00,0.0,0.0,0.0,0.0,0.0
287.6692,0.14094263,0.021084987,0.14094263,0.0,2016-06-02 04:00:00,0.0,0.0,0.0,0.0,0.0
287.0642,0.09406626,0.030345373,0.08906311,0.0,2016-06-02 05:00:00,0.0,0.0,0.0,0.0,0.0
286.8308,0.150222,0.13270342,0.11695957,0.0,2016-06-02 06:00:00,0.0,0.0,0.0,0.0,0.0
286.89648,0.2448442,0.23696882,0.07014018,0.0,2016-06-02 07:00:00,0.0,0.0,0.0,0.0,0.0
286.6089,0.24809313,0.24809313,0.027101278,0.0,2016-06-02 08:00:00,0.0,0.0,0.0,0.0,0.0
285.3589,0.407198,0.407198,0.034497745,0.0,2016-06-02 09:00:00,0.0,0.0,0.0,0.0,0.0
286.04175,0.76106286,0.76106286,0.0,0.0,2016-06-02 10:00:00,0.0,0.0,0.0,0.0,0.0
286.25464,0.7689234,0.7689234,0.0,0.0,2016-06-02 11:00:00,0.0,0.0,0.0,0.0,0.0
286.6919,0.5044403,0.5044403,0.0,0.0,2016-06-02 12:00:00,0.0,0.0,0.0,0.0,0.0
287.29688,0.30264145,0.29354173,0.0,0.010724671,2016-06-02 13:00:00,0.0,0.0,0.0,0.0,0.0
288.51855,0.8644508,0.6596168,0.0,0.60106504,2016-06-02 14:00:00,0.0,1.1818338e-06,0.0,1.0959502e-06,0.0
289.8828,0.997629,0.9857815,0.0,0.8135109,2016-06-02 15:00:00,0.0,0.0,0.0,0.0,0.0
290.6621,1.0,0.98038083,0.0,0.96280944,2016-06-02 16:00:00,0.0,0.0,0.0,0.0,0.0
291.3733,0.99946827,0.97019,0.0,0.948459,2016-06-02 17:00:00,0.0,0.0,0.0,0.0,0.0
292.25293,0.996786,0.8852237,0.0,0.95860255,2016-06-02 18:00:00,0.0,0.0,0.0,1.3363075e-07,0.0
293.11304,0.7561454,0.5129934,0.0,0.62623477,2016-06-02 19:00:00,0.0,0.0,0.0,0.0,0.0
294.28833,0.026892345,0.02108698,0.0,0.0057992525,2016-06-02 20:00:00,0.0,0.0,0.0,0.0,0.0
295.1023,0.05945927,0.05945927,0.0,0.0,2016-06-02 21:00:00,0.0,0.0,0.0,0.0,0.0
295.6416,0.0,0.0,0.0,0.0,2016-06-02 22:00:00,0.0,0.0,0.0,0.0,0.0
295.72754,0.0,0.0,0.0,0.0,2016-06-02 23:00:00,0.0,0.0,0.0,0.0,0.0
295.64648,0.0,0.0,0.0,0.0,2016-06-03 00:00:00,0.0,0.0,0.0,0.0,0.0
295.26953,0.0,0.0,0.0,0.0,2016-06-03 01:00:00,0.0,0.0,0.0,0.0,0.0
292.63623,0.050665762,0.0,0.0,0.050665762,2016-06-03 02:00:00,0.0,0.0,0.0,0.0,0.0
290.45605,0.009478044,0.0,0.0,0.009478044,2016-06-03 03:00:00,0.0,0.0,0.0,0.0,0.0
289.6394,0.05845601,0.00053172023,0.008958027,0.051601864,2016-06-03 04:00:00,0.0,0.0,0.0,0.0,0.0
288.2942,0.40969086,0.0026356035,0.030295286,0.39491546,2016-06-03 05:00:00,0.0,0.0,0.0,0.0,0.0
288.26636,0.5530043,0.016104378,0.056735504,0.54592234,2016-06-03 06:00:00,0.0,0.0,0.0,0.0,0.0
288.5835,0.7186603,0.03192671,0.12121725,0.7035638,2016-06-03 07:00:00,0.0,1.15685e-05,0.0,1.2045337e-05,0.0
288.63013,0.99609,0.05332722,0.2865973,0.989375,2016-06-03 08:00:00,0.0,1.7914746e-05,0.0,1.7599727e-05,0.0
288.78687,0.96535283,0.018346336,0.2995178,0.94873536,2016-06-03 09:00:00,0.0,4.6901487e-06,0.0,4.633109e-06,0.0
288.79663,0.9321534,0.0,0.26554358,0.9146787,2016-06-03 10:00:00,0.0,2.1009055e-06,0.0,2.0054104e-06,0.0
288.88647,0.935706,0.0,0.4865449,0.9051921,2016-06-03 11:00:00,0.0,0.0,0.0,0.0,0.0
289.3191,0.8213806,0.0,0.15354222,0.8134679,2016-06-03 12:00:00,0.0,0.0,0.0,0.0,0.0
290.2578,0.966915,0.0,0.0358104,0.966915,2016-06-03 13:00:00,1.0,4.1204185e-06,0.0,4.1204185e-06,0.0
291.52612,0.99946827,0.0,0.62891024,0.99946827,2016-06-03 14:00:00,0.0,4.2767904e-05,0.0,4.2634274e-05,0.0
293.63696,1.0,0.0,0.98340285,1.0,2016-06-03 15:00:00,0.0,2.0957555e-07,0.0,1.5253562e-07,0.0
294.0503,1.0,0.0,0.9712274,1.0,2016-06-03 16:00:00,0.0,0.0,0.0,0.0,0.0
294.91357,1.0,0.0,0.9647095,1.0,2016-06-03 17:00:00,0.0,0.0,0.0,0.0,0.0
295.24805,1.0,0.0,0.94954896,1.0,2016-06-03 18:00:00,1.0,3.186612e-06,0.0,2.995941e-06,0.0
295.5952,1.0,0.010066014,0.8009267,1.0,2016-06-03 19:00:00,1.0,0.0001824504,0.0,2.129555e-05,0.00016126892
293.94946,1.0,0.08594108,0.9366573,1.0,2016-06-03 20:00:00,1.0,0.0009809814,0.0,0.00084258476,0.00013866376
292.77954,1.0,0.0026463778,0.94512326,1.0,2016-06-03 21:00:00,1.0,0.0008601104,0.0,0.00045493827,0.00040514395
291.59644,1.0,0.0,0.8104234,1.0,2016-06-03 22:00:00,1.0,0.0013972281,0.0,0.0006952607,0.0007020433
291.46313,0.9752163,0.0,0.13842165,0.9752163,2016-06-03 23:00:00,1.0,0.0011140017,0.0,0.00070483424,0.00040900544
291.4663,0.85258025,0.0,0.3634566,0.8195791,2016-06-04 00:00:00,1.0,0.0006408973,0.0,0.0005010301,0.00014000997
291.98853,0.8623815,0.014831826,0.37120318,0.8449174,2016-06-04 01:00:00,1.0,0.0005693261,0.0,0.0003858474,0.00018385073
291.20776,0.9182218,0.015310761,0.35056508,0.8711901,2016-06-04 02:00:00,1.0,0.0014507945,0.0,0.0013364067,0.00011457849
290.906,0.9925423,0.013952889,0.47937953,0.9797104,2016-06-04 03:00:00,1.0,0.0009249642,0.0,0.0008816165,4.2975516e-05
290.27075,0.9565346,0.028403923,0.27419847,0.9531002,2016-06-04 04:00:00,1.0,0.0008226852,0.0,0.0008052995,1.7394908e-05
290.22046,0.60255724,0.009103052,0.22579324,0.5233755,2016-06-04 05:00:00,1.0,0.0007833913,0.0,0.0007579755,2.5521033e-05
289.78296,0.4283198,0.07479906,0.3678279,0.15633523,2016-06-04 06:00:00,1.0,0.0011968326,0.0,0.001166262,3.0809097e-05
289.42554,0.39979547,0.053071357,0.35912228,0.1657002,2016-06-04 07:00:00,1.0,7.2845614e-06,0.0,0.0,7.417225e-06
289.21655,0.30633628,0.02241759,0.25407398,0.1944353,2016-06-04 08:00:00,1.0,4.6927516e-06,0.0,0.0,4.8459333e-06
288.42603,0.050395623,0.039192017,0.021928277,0.0,2016-06-04 09:00:00,1.0,3.9621285e-05,0.0,2.5657107e-05,1.4021872e-05
287.39282,0.5052219,0.10601604,0.3676247,0.19867623,2016-06-04 10:00:00,1.0,0.0003726615,0.0,0.00036106538,1.1863261e-05
287.4729,0.49447626,0.009795167,0.47092962,0.055385154,2016-06-04 11:00:00,1.0,0.0003869303,0.0,0.00034757424,3.9136532e-05
288.0691,0.38795656,0.0037288337,0.38795656,0.0016249504,2016-06-04 12:00:00,1.0,7.77298e-05,0.0,3.703333e-05,4.031512e-05
289.1372,0.07381177,0.008732032,0.068440855,0.0,2016-06-04 13:00:00,1.0,4.356916e-05,0.0,1.8685532e-05,2.4749985e-05
290.12085,0.0792101,0.008141857,0.0792101,0.0,2016-06-04 14:00:00,1.0,4.3107684e-06,0.0,1.8708306e-06,2.3444418e-06
292.0979,0.15018952,0.030140117,0.13261425,0.0,2016-06-04 15:00:00,1.0,4.6530302e-05,0.0,3.266381e-05,1.35514865e-05
292.72778,0.43875116,0.12587035,0.3649255,0.005003199,2016-06-04 16:00:00,1.0,4.9939757e-05,0.0,4.548284e-05,4.847867e-06
293.29028,0.9085713,0.68652356,0.81802094,0.17810321,2016-06-04 17:00:00,1.0,9.3185736e-05,0.0,9.2374656e-05,1.0690455e-06
293.86304,0.8406617,0.34850377,0.3658204,0.62586445,2016-06-04 18:00:00,1.0,0.00014413414,0.0,0.0001399945,4.1018347e-06
294.21338,0.96717393,0.69491535,0.92630583,0.4692976,2016-06-04 19:00:00,1.0,0.001460741,0.0,0.0012370043,0.00022420404
293.10083,0.8591913,0.28469574,0.73435926,0.5138876,2016-06-04 20:00:00,1.0,0.00016837828,0.0,2.003189e-05,0.00014835567
292.79272,0.6048995,0.15968817,0.23768258,0.40903032,2016-06-04 21:00:00,1.0,3.5135352e-05,0.0,1.0269369e-05,2.4484645e-05
292.94238,0.88966686,0.27512705,0.43214047,0.69653773,2016-06-04 22:00:00,1.0,0.0007271201,0.0,0.00070992345,1.6939288e-05
291.531,0.84569657,0.57845175,0.62057525,0.26641446,2016-06-04 23:00:00,1.0,0.00057314127,0.0,0.00028216792,0.0002910113
291.5415,0.583461,0.39500356,0.47051108,0.043668907,2016-06-05 00:00:00,1.0,0.00028547412,0.0,0.000116387804,0.00016919126
290.84058,0.6714156,0.49674845,0.52610505,0.0,2016-06-05 01:00:00,1.0,0.0007075195,0.0,0.00060886214,9.884793e-05
290.2085,0.6121847,0.5533416,0.4118235,0.0,2016-06-05 02:00:00,1.0,6.778554e-05,0.0,2.5383206e-06,6.536163e-05
289.25635,0.62884784,0.5451922,0.36740297,0.0,2016-06-05 03:00:00,1.0,3.3186252e-06,0.0,0.0,3.2231292e-06
288.77856,0.6042147,0.5965332,0.09199363,0.0,2016-06-05 04:00:00,1.0,2.0227199e-06,0.0,0.0,1.7554585e-06
287.92505,0.20379943,0.19844562,0.018045828,0.0,2016-06-05 05:00:00,0.0,2.6726156e-07,0.0,0.0,2.6726156e-07
286.87134,0.022416335,0.022416335,0.0,0.0,2016-06-05 06:00:00,0.0,0.0,0.0,0.0,0.0
286.5442,0.0,0.0,0.0,0.0,2016-06-05 07:00:00,0.0,0.0,0.0,0.0,0.0
286.25586,0.0033782488,0.0033782488,0.0,0.0,2016-06-05 08:00:00,0.0,0.0,0.0,0.0,0.0
285.73047,0.02092915,0.02092915,0.02092915,0.0,2016-06-05 09:00:00,0.0,0.0,0.0,0.0,0.0
286.9143,0.043871276,0.043871276,0.025076102,0.0,2016-06-05 10:00:00,0.0,0.0,0.0,0.0,0.0
286.9441,0.0,0.0,0.0,0.0,2016-06-05 11:00:00,0.0,0.0,0.0,0.0,0.0
287.67432,0.0,0.0,0.0,0.0,2016-06-05 12:00:00,0.0,0.0,0.0,0.0,0.0
288.93945,0.00998199,0.0,0.00998199,0.0,2016-06-05 13:00:00,0.0,0.0,0.0,0.0,0.0
290.62134,0.060269397,0.0,0.060269397,0.0,2016-06-05 14:00:00,0.0,0.0,0.0,0.0,0.0
294.8203,0.13606799,0.0,0.13606799,0.0,2016-06-05 15:00:00,0.0,0.0,0.0,0.0,0.0
296.17676,0.15215361,0.0033782488,0.15215361,0.0,2016-06-05 16:00:00,0.0,0.0,0.0,0.0,0.0
298.15063,0.061850354,0.0023709626,0.061850354,0.0,2016-06-05 17:00:00,1.0,1.1343427e-05,0.0,1.1391175e-05,0.0
299.1172,0.20212895,0.028995696,0.1920284,0.0,2016-06-05 18:00:00,0.0,1.942976e-05,0.0,1.953455e-05,0.0
299.7976,0.36186755,0.00053172023,0.36186755,0.0,2016-06-05 19:00:00,0.0,6.7613946e-05,0.0,6.7804605e-05,0.0
299.61523,0.08512175,0.0,0.08512175,0.0,2016-06-05 20:00:00,0.0,0.0,0.0,0.0,0.0
300.11035,0.11527789,0.0,0.11527789,0.0,2016-06-05 21:00:00,0.0,0.0,0.0,0.0,0.0
299.28955,0.30199468,0.0,0.30199468,0.0,2016-06-05 22:00:00,0.0,0.0,0.0,0.0,0.0
298.78442,0.36643064,0.0,0.36643064,0.0,2016-06-05 23:00:00,0.0,0.0,0.0,0.0,0.0
298.3213,0.2667272,0.0,0.2667272,0.0,2016-06-06 00:00:00,0.0,0.0,0.0,0.0,0.0
297.45947,0.12953234,0.0,0.12953234,0.0,2016-06-06 01:00:00,0.0,0.0,0.0,0.0,0.0
295.37134,0.0928812,0.0,0.0928812,0.0,2016-06-06 02:00:00,0.0,0.0,0.0,0.0,0.0
292.62622,0.09713924,0.0,0.09713924,0.0,2016-06-06 03:00:00,0.0,0.0,0.0,0.0,0.0
291.7644,0.07388675,0.0,0.07388675,0.0,2016-06-06 04:00:00,0.0,0.0,0.0,0.0,0.0
290.80835,0.13396502,0.0,0.13396502,0.0,2016-06-06 05:00:00,0.0,0.0,0.0,0.0,0.0
289.9099,0.111447334,0.0,0.111447334,0.0,2016-06-06 06:00:00,0.0,0.0,0.0,0.0,0.0
289.73755,0.13966167,0.0,0.13966167,0.0,2016-06-06 07:00:00,0.0,0.0,0.0,0.0,0.0
289.58423,0.118754566,0.0,0.118754566,0.0,2016-06-06 08:00:00,0.0,0.0,0.0,0.0,0.0
289.3518,0.17563826,0.0,0.17563826,0.0,2016-06-06 09:00:00,0.0,5.3592976e-06,0.0,5.597716e-06,0.0
287.86353,0.58025277,0.0,0.54929703,0.19364285,2016-06-06 10:00:00,0.0,3.7032014e-06,0.0,3.750949e-06,0.0
288.0713,0.8024776,0.0,0.49747413,0.71422803,2016-06-06 11:00:00,1.0,2.9279428e-05,0.0,2.9431962e-05,0.0
287.51147,0.70567834,0.0,0.33085948,0.64282614,2016-06-06 12:00:00,0.0,0.00017894304,0.0,0.0001789142,0.0
287.95947,0.16258365,0.00998199,0.04561351,0.13252723,2016-06-06 13:00:00,0.0,1.6009844e-06,0.0,1.6964805e-06,0.0
289.20532,0.17286175,0.14578342,0.11889917,0.0,2016-06-06 14:00:00,1.0,0.0,0.0,0.0,0.0
291.45898,0.39392668,0.21984297,0.35065287,0.0,2016-06-06 15:00:00,1.0,4.323067e-05,0.0,4.1093866e-05,2.0412954e-06
291.6084,0.35108984,0.1970743,0.29574072,0.0048919544,2016-06-06 16:00:00,1.0,8.659113e-05,0.0,8.5025706e-05,1.813145e-06
291.65405,0.5136832,0.15205133,0.42314428,0.10262841,2016-06-06 17:00:00,1.0,3.8545855e-05,0.0,3.849811e-05,0.0
292.10913,0.52647454,0.20694447,0.50882596,0.0,2016-06-06 18:00:00,1.0,2.7679824e-05,0.0,2.5961854e-05,1.6990653e-06
292.56348,0.50619835,0.2774884,0.4662466,0.0,2016-06-06 19:00:00,1.0,4.8306276e-05,0.0,4.3186694e-05,4.976663e-06
292.875,0.591941,0.33618248,0.54944766,0.0,2016-06-06 20:00:00,1.0,1.6068938e-05,0.0,1.5887548e-05,0.0
293.177,0.6197485,0.33458322,0.57421595,0.0,2016-06-06 21:00:00,1.0,3.785931e-05,0.0,3.783111e-05,0.0
292.9834,0.4160273,0.066981316,0.4105696,0.0,2016-06-06 22:00:00,1.0,4.8180096e-05,0.0,4.747446e-05,0.0
292.77026,0.30196697,0.091332495,0.28458303,0.0,2016-06-06 23:00:00,1.0,3.3616438e-05,0.0,3.3759366e-05,0.0
292.90674,0.3139097,0.059221413,0.29511452,0.0,2016-06-07 00:00:00,0.0,8.411935e-06,0.0,8.564471e-06,0.0
292.38135,0.1703881,0.031056106,0.1703881,0.0,2016-06-07 01:00:00,0.0,0.0,0.0,1.9067068e-07,0.0
291.15454,0.299807,0.20799953,0.25845587,0.0,2016-06-07 02:00:00,0.0,0.0,0.0,0.0,0.0
289.5869,0.26212692,0.22985315,0.17473,0.0,2016-06-07 03:00:00,0.0,0.0,0.0,0.0,0.0
289.08716,0.10389364,0.08550179,0.043407667,0.0,2016-06-07 04:00:00,0.0,0.0,0.0,0.0,0.0
288.37573,0.021973304,0.0139839165,0.016424242,0.0,2016-06-07 05:00:00,0.0,0.0,0.0,0.0,0.0
287.0813,0.0047394857,0.00053172023,0.0047394857,0.0,2016-06-07 06:00:00,0.0,0.0,0.0,0.0,0.0
286.6848,0.0,0.0,0.0,0.0,2016-06-07 07:00:00,0.0,0.0,0.0,0.0,0.0
285.82324,0.0,0.0,0.0,0.0,2016-06-07 08:00:00,0.0,0.0,0.0,0.0,0.0
284.44775,0.002103883,0.0,0.0,0.002103883,2016-06-07 09:00:00,0.0,0.0,0.0,0.0,0.0
283.6494,0.0,0.0,0.0,0.0,2016-06-07 10:00:00,0.0,0.0,0.0,0.0,0.0
283.72534,0.0,0.0,0.0,0.0,2016-06-07 11:00:00,0.0,0.0,0.0,0.0,0.0
284.62476,0.0,0.0,0.0,0.0,2016-06-07 12:00:00,0.0,0.0,0.0,0.0,0.0
285.69556,0.0,0.0,0.0,0.0,2016-06-07 13:00:00,0.0,0.0,0.0,0.0,0.0
287.1277,0.3009439,0.3009439,0.0,0.0,2016-06-07 14:00:00,0.0,0.0,0.0,0.0,0.0
289.688,0.1295492,0.1295492,0.0,0.0,2016-06-07 15:00:00,0.0,0.0,0.0,0.0,0.0
290.4746,0.2461831,0.14935374,0.0,0.13605559,2016-06-07 16:00:00,0.0,0.0,0.0,0.0,0.0
291.48584,0.1720897,0.09012014,0.016832627,0.07620001,2016-06-07 17:00:00,0.0,0.0,0.0,0.0,0.0
292.32446,0.35776198,0.039244965,0.3451218,0.0,2016-06-07 18:00:00,0.0,0.0,0.0,0.0,0.0
293.10083,0.54544276,0.0058244728,0.54437935,0.0016249504,2016-06-07 19:00:00,0.0,0.0,0.0,0.0,0.0
293.91138,0.37714612,0.0,0.37714612,0.0016249504,2016-06-07 20:00:00,0.0,0.0,0.0,0.0,0.0
294.8274,0.11640227,0.0,0.0,0.11640227,2016-06-07 21:00:00,0.0,0.0,0.0,0.0,0.0
294.95435,0.3343752,0.0,0.0,0.3343752,2016-06-07 22:00:00,0.0,0.0,0.0,0.0,0.0
294.96118,0.1396687,0.0,0.0,0.1396687,2016-06-07 23:00:00,0.0,0.0,0.0,0.0,0.0
294.73438,0.089087784,0.0,0.0,0.089087784,2016-06-08 00:00:00,0.0,0.0,0.0,0.0,0.0
293.99414,0.0067320913,0.0,0.0067320913,0.0,2016-06-08 01:00:00,0.0,0.0,0.0,0.0,0.0
292.37085,0.040642302,0.0,0.0,0.040642302,2016-06-08 02:00:00,0.0,0.0,0.0,0.0,0.0
289.9297,0.08870381,0.0,0.0,0.08870381,2016-06-08 03:00:00,0.0,0.0,0.0,0.0,0.0
289.47534,0.012127787,0.0,0.0,0.012127787,2016-06-08 04:00:00,0.0,0.0,0.0,0.0,0.0
287.12842,0.049462184,0.0,0.0,0.049462184,2016-06-08 05:00:00,0.0,0.0,0.0,0.0,0.0
286.31055,0.18508238,0.0,0.0,0.18508238,2016-06-08 06:00:00,0.0,0.0,0.0,0.0,0.0
286.58594,0.10875559,0.0,0.0,0.10875559,2016-06-08 07:00:00,0.0,0.0,0.0,0.0,0.0
285.8955,0.5929557,0.0,0.0,0.5929557,2016-06-08 08:00:00,0.0,0.0,0.0,0.0,0.0
284.802,0.813794,0.0,0.0,0.813794,2016-06-08 09:00:00,0.0,0.0,0.0,0.0,0.0
284.875,0.5247131,0.0,0.0,0.5247131,2016-06-08 10:00:00,0.0,0.0,0.0,0.0,0.0
284.63306,0.78390366,0.0,0.0,0.78390366,2016-06-08 11:00:00,0.0,0.0,0.0,0.0,0.0
285.20435,0.7999526,0.0,0.0,0.7999526,2016-06-08 12:00:00,0.0,0.0,0.0,0.0,0.0
286.33862,0.9410469,0.0,0.0,0.9410469,2016-06-08 13:00:00,0.0,0.0,0.0,0.0,0.0
288.04468,0.9845325,0.0,0.0,0.9845325,2016-06-08 14:00:00,0.0,0.0,0.0,0.0,0.0
291.33276,0.96531534,0.0,0.0,0.96531534,2016-06-08 15:00:00,0.0,0.0,0.0,0.0,0.0
292.8247,0.65369326,0.0,0.0,0.65369326,2016-06-08 16:00:00,0.0,0.0,0.0,0.0,0.0
294.50684,0.08378023,0.0,0.0,0.08378023,2016-06-08 17:00:00,0.0,0.0,0.0,0.0,0.0
295.31152,0.0068710297,0.0068710297,0.0,0.0,2016-06-08 18:00:00,0.0,0.0,0.0,0.0,0.0
296.10303,0.03844597,0.0,0.0,0.03844597,2016-06-08 19:00:00,0.0,0.0,0.0,0.0,0.0
296.94336,0.090370715,0.0,0.0,0.090370715,2016-06-08 20:00:00,0.0,0.0,0.0,0.0,0.0
298.0437,0.002103883,0.0,0.002103883,0.0,2016-06-08 21:00:00,0.0,0.0,0.0,0.0,0.0
298.1245,0.118240535,0.0,0.02474865,0.09560186,2016-06-08 22:00:00,0.0,0.0,0.0,0.0,0.0
298.48315,0.70677584,0.00053172023,0.06433302,0.6853871,2016-06-08 23:00:00,0.0,0.0,0.0,0.0,0.0
298.37842,0.63786596,0.0,0.043265183,0.6252438,2016-06-09 00:00:00,0.0,0.0,0.0,0.0,0.0
297.3169,0.59832096,0.007388301,0.04128704,0.58694756,2016-06-09 01:00:00,0.0,3.055863e-06,0.0,3.055863e-06,0.0
295.64917,0.8778364,0.0029026829,0.057354677,0.87177247,2016-06-09 02:00:00,0.0,0.00027246075,0.0,0.0002725178,0.0
293.7085,0.94408077,0.0,0.2721628,0.9235098,2016-06-09 03:00:00,0.0,0.00017185834,0.0,0.00017180131,0.0
292.9331,0.9532051,0.0,0.5159492,0.9221878,2016-06-09 04:00:00,0.0,0.0001401201,0.0,0.00014025373,0.0
291.83667,0.97147894,0.0,0.3259828,0.93180954,2016-06-09 05:00:00,0.0,9.81304e-06,0.0,9.860789e-06,0.0
291.41748,0.9766327,0.0,0.10915816,0.9766327,2016-06-09 06:00:00,0.0,8.4973115e-05,0.0,8.515449e-05,0.0
291.7234,0.9831722,0.0039959103,0.3480867,0.98153013,2016-06-09 07:00:00,0.0,0.0004681514,0.0,0.0004681514,0.0
291.2832,0.9918993,0.040200245,0.28527737,0.9845325,2016-06-09 08:00:00,1.0,0.00034465618,0.0,0.0003394431,5.270226e-06
290.55713,0.97891164,0.05902799,0.25428444,0.9768077,2016-06-09 09:00:00,1.0,0.0013489451,0.0,0.0013370046,1.1835734e-05
290.47925,1.0,0.008470759,0.86141515,0.9567919,2016-06-09 10:00:00,1.0,0.0017472717,0.0,0.0017305675,1.6980906e-05
290.65405,1.0,0.5459939,0.97226787,0.9531945,2016-06-09 11:00:00,1.0,0.0024757977,0.0,0.0024708204,4.5574943e-06
290.86035,0.9957922,0.77368695,0.8006795,0.97444016,2016-06-09 12:00:00,0.0,0.0024104153,0.0,0.0024104246,0.0
290.99097,0.95261246,0.01210276,0.28496677,0.92467684,2016-06-09 13:00:00,0.0,0.00037378748,0.0,0.00037408294,0.0
292.72217,0.92912817,0.0100932345,0.17677969,0.9066686,2016-06-09 14:00:00,0.0,0.0,0.0,0.0,0.0
295.79468,0.8441091,0.06901145,0.0706861,0.81911755,2016-06-09 15:00:00,0.0,0.0,0.0,0.0,0.0
296.84326,0.7931729,0.20746475,0.0029026829,0.74693316,2016-06-09 16:00:00,0.0,0.0,0.0,0.0,0.0
298.48804,0.6920751,0.08200884,0.00053172023,0.651356,2016-06-09 17:00:00,0.0,0.0,0.0,0.0,0.0
299.65942,0.8616894,0.25313962,0.025262866,0.79633945,2016-06-09 18:00:00,0.0,2.6716865e-05,0.0,2.6602778e-05,0.0
300.20947,0.95583737,0.7298365,0.0068065375,0.839925,2016-06-09 19:00:00,0.0,6.770647e-05,0.0,6.775423e-05,0.0
300.6692,0.98631936,0.9594837,0.022480171,0.75658125,2016-06-09 20:00:00,0.0,7.448667e-06,0.0,7.448667e-06,0.0
301.85938,0.9123444,0.7704371,0.122739255,0.38769054,2016-06-09 21:00:00,0.0,0.0,0.0,4.7747868e-08,0.0
300.14868,0.41671848,0.20676976,0.17199796,0.118919015,2016-06-09 22:00:00,0.0,1.4184722e-05,0.0,1.4051091e-05,0.0
299.98364,0.2898056,0.0601245,0.13846809,0.12803656,2016-06-09 23:00:00,0.0,2.864872e-06,0.0,2.769376e-06,0.0
299.95874,0.41437298,0.029825214,0.065307856,0.35392904,2016-06-10 00:00:00,0.0,0.0,0.0,0.0,0.0
299.40283,0.44345832,0.00998199,0.07639462,0.39844143,2016-06-10 01:00:00,0.0,0.0,0.0,0.0,0.0
298.56787,0.40488058,0.0,0.036100652,0.38064188,2016-06-10 02:00:00,0.0,0.0,0.0,0.0,0.0
296.7683,0.16961724,0.0,0.014762465,0.1553877,2016-06-10 03:00:00,1.0,1.8701803e-06,0.0,0.0,1.8701803e-06
296.17725,0.007669829,0.0,0.0039600097,0.004235424,2016-06-10 04:00:00,1.0,3.6980418e-06,0.0,0.0,3.6980418e-06
295.34644,0.5975157,0.0100932345,0.0029026829,0.59416187,2016-06-10 05:00:00,1.0,2.9353587e-06,0.0,0.0,2.9353587e-06
294.45947,0.702352,0.0,0.0010573287,0.7018264,2016-06-10 06:00:00,1.0,3.5455014e-06,0.0,0.0,3.5455014e-06
294.12646,0.6231484,0.034429353,0.01870652,0.59821826,2016-06-10 07:00:00,0.0,0.0,0.0,0.0,0.0
293.51733,0.33122784,0.016210135,0.013719581,0.31576663,2016-06-10 08:00:00,0.0,0.0,0.0,0.0,0.0
292.83838,0.09128487,0.0100932345,0.013933875,0.06728828,2016-06-10 09:00:00,0.0,0.0,0.0,0.0,0.0
293.8103,0.3143661,0.0033782488,0.14976287,0.18552238,2016-06-10 10:00:00,0.0,0.0,0.0,0.0,0.0
293.8567,0.16041172,0.0,0.015892487,0.1445021,2016-06-10 11:00:00,0.0,0.0,0.0,0.0,0.0
294.64038,0.23855913,0.0,0.0,0.23855913,2016-06-10 12:00:00,0.0,0.0,0.0,0.0,0.0
296.24268,0.29280913,0.0,0.0,0.29280913,2016-06-10 13:00:00,0.0,0.0,0.0,0.0,0.0
297.75928,0.5492546,0.0,0.0,0.5492546,2016-06-10 14:00:00,0.0,0.0,0.0,0.0,0.0
301.44336,0.6728418,0.0,0.0,0.6728418,2016-06-10 15:00:00,0.0,0.0,0.0,0.0,0.0
302.70093,0.38953298,0.0,0.0,0.38953298,2016-06-10 16:00:00,0.0,0.0,0.0,0.0,0.0
303.73926,0.08261573,0.0,0.0,0.08261573,2016-06-10 17:00:00,0.0,0.0,0.0,0.0,0.0
304.3816,0.20002383,0.0,0.0065169036,0.19677395,2016-06-10 18:00:00,0.0,0.0,0.0,0.0,0.0
304.75415,0.5297305,0.14258617,0.19452488,0.41618806,2016-06-10 19:00:00,1.0,0.0005023936,0.0,0.0005025272,0.0
305.08716,0.98468554,0.16446757,0.17286181,0.9796755,2016-06-10 20:00:00,0.0,0.0012717072,0.0,0.0012656252,6.120028e-06
304.28394,0.99300414,0.011701863,0.08278513,0.99300414,2016-06-10 21:00:00,1.0,0.0005503418,0.0,0.0005498165,5.7297444e-07
300.93774,0.9853412,0.07280338,0.05772708,0.9853412,2016-06-10 22:00:00,0.0,0.0002077962,0.0,0.00020712773,6.6847014e-07
300.99194,0.9341095,0.058895327,0.04759156,0.93073124,2016-06-10 23:00:00,0.0,3.8198294e-07,0.0,0.0,3.8198294e-07
300.93677,0.8369534,0.013126738,0.008966576,0.8369534,2016-06-11 00:00:00,0.0,0.0,0.0,0.0,0.0
300.6377,0.71602356,0.0,0.0010573287,0.71602356,2016-06-11 01:00:00,0.0,0.0,0.0,0.0,0.0
299.36304,0.5636421,0.0,0.00053172023,0.5636421,2016-06-11 02:00:00,0.0,0.0,0.0,0.0,0.0
297.50195,0.18862116,0.0,0.0,0.18862116,2016-06-11 03:00:00,0.0,0.0,0.0,0.0,0.0
296.8501,0.10914159,0.0,0.0,0.10914159,2016-06-11 04:00:00,0.0,0.0,0.0,0.0,0.0
296.16772,0.066925526,0.0,0.0,0.066925526,2016-06-11 05:00:00,0.0,0.0,0.0,0.0,0.0
294.03857,0.034001336,0.0,0.0,0.034001336,2016-06-11 06:00:00,0.0,0.0,0.0,0.0,0.0
293.5249,0.0015890491,0.0,0.0,0.0015890491,2016-06-11 07:00:00,0.0,0.0,0.0,0.0,0.0
292.7661,0.0010573287,0.0,0.0,0.0010573287,2016-06-11 08:00:00,0.0,0.0,0.0,0.0,0.0
292.3711,0.0,0.0,0.0,0.0,2016-06-11 09:00:00,0.0,0.0,0.0,0.0,0.0
293.74268,0.22839904,0.22363192,0.0,0.004767146,2016-06-11 10:00:00,0.0,0.0,0.0,0.0,0.0
294.0852,0.20811915,0.20706183,0.0,0.0010573287,2016-06-11 11:00:00,0.0,0.0,0.0,0.0,0.0
294.81787,0.40739185,0.40739185,0.0,0.0,2016-06-11 12:00:00,1.0,0.0,0.0,0.0,0.0
295.83496,0.3162666,0.3162666,0.0,0.0,2016-06-11 13:00:00,0.0,0.0,0.0,0.0,0.0
297.35767,0.12814188,0.12814188,0.0,0.0,2016-06-11 14:00:00,0.0,0.0,0.0,0.0,0.0
300.4641,0.06228213,0.06228213,0.0,0.0,2016-06-11 15:00:00,0.0,0.0,0.0,0.0,0.0
301.79907,0.004235424,0.0037098185,0.0,0.00053172023,2016-06-11 16:00:00,0.0,0.0,0.0,0.0,0.0
302.81152,0.04935952,0.0015890491,0.0,0.047770467,2016-06-11 17:00:00,0.0,0.0,0.0,0.0,0.0
303.8086,0.08374405,0.0,0.0,0.08374405,2016-06-11 18:00:00,0.0,0.0,0.0,0.0,0.0
304.54956,0.10587174,0.0,0.029288668,0.08568275,2016-06-11 19:00:00,0.0,0.0,0.0,0.0,0.0
305.1267,0.28039557,0.0,0.0,0.28039557,2016-06-11 20:00:00,0.0,0.0,0.0,0.0,0.0
305.26367,0.4688574,0.0,0.0,0.4688574,2016-06-11 21:00:00,0.0,0.0,0.0,0.0,0.0
305.19824,0.48336607,0.0,0.06076848,0.44904733,2016-06-11 22:00:00,0.0,0.0,0.0,0.0,0.0
304.58423,0.33967996,0.0,0.007945243,0.3354445,2016-06-11 23:00:00,0.0,0.0,0.0,0.0,0.0
303.80005,0.09606081,0.0,0.01490172,0.081172526,2016-06-12 00:00:00,0.0,0.0,0.0,0.0,0.0
302.51074,0.13091147,0.0,0.104518235,0.028750785,2016-06-12 01:00:00,0.0,0.0,0.0,0.0,0.0
301.15063,0.015177134,0.0,0.011999037,0.0031780982,2016-06-12 02:00:00,0.0,0.0,0.0,0.0,0.0
298.7754,0.054557476,0.0026356035,0.017888393,0.038241245,2016-06-12 03:00:00,0.0,0.0,0.0,0.0,0.0
297.45435,0.17229712,0.03473219,0.04905033,0.14129376,2016-06-12 04:00:00,0.0,0.0,0.0,0.0,0.0
296.7588,0.3577382,0.013256919,0.08829355,0.28153384,2016-06-12 05:00:00,0.0,0.0,0.0,0.0,0.0
295.13672,0.42075324,0.111727715,0.2755841,0.20433182,2016-06-12 06:00:00,0.0,0.0,0.0,2.6726156e-07,0.0
294.5786,0.88849753,0.26577544,0.5353816,0.65956825,2016-06-12 07:00:00,1.0,0.0014368517,0.0,0.0014367562,0.0
293.64844,0.9204343,0.22470975,0.45525914,0.83942175,2016-06-12 08:00:00,1.0,0.003010813,0.0,0.003010813,0.0
292.1272,0.9741747,0.14390397,0.20844138,0.94755787,2016-06-12 09:00:00,0.0,0.0027291374,0.0,0.0027295665,0.0
290.4817,1.0,0.1943022,0.24210584,1.0,2016-06-12 10:00:00,0.0,0.00012752198,0.0,0.00012765561,0.0
289.96167,1.0,0.26325786,0.16625452,1.0,2016-06-12 11:00:00,0.0,0.0,0.0,0.0,0.0
290.60645,1.0,0.68349236,0.21099246,1.0,2016-06-12 12:00:00,0.0,0.0,0.0,0.0,0.0
291.2522,1.0,0.2341041,0.28986394,1.0,2016-06-12 13:00:00,0.0,0.0,0.0,0.0,0.0
292.34668,1.0,0.03706513,0.1177786,1.0,2016-06-12 14:00:00,0.0,0.0,0.0,0.0,0.0
293.62305,1.0,0.033708595,0.1670084,1.0,2016-06-12 15:00:00,0.0,0.0,0.0,0.0,0.0
294.69556,0.99368834,0.012831885,0.28792214,0.99368834,2016-06-12 16:00:00,0.0,0.0,0.0,0.0,0.0
295.82373,0.9512814,0.051502816,0.06658,0.9496565,2016-06-12 17:00:00,0.0,0.0,0.0,0.0,0.0
296.61377,0.8313177,0.47047275,0.01000702,0.615402,2016-06-12 18:00:00,0.0,0.0,0.0,0.0,0.0
297.28882,0.7322,0.69599086,0.0047394857,0.07206327,2016-06-12 19:00:00,0.0,6.678286e-07,0.0,0.0,6.678286e-07
297.98853,0.68196386,0.68196386,0.004207764,0.011598814,2016-06-12 20:00:00,0.0,4.0056705e-07,0.0,0.0,4.0056705e-07
298.4641,0.8767801,0.8767801,0.01708911,0.0037288337,2016-06-12 21:00:00,0.0,0.0,0.0,0.0,0.0
297.60522,0.5336667,0.41243434,0.046125058,0.13931715,2016-06-12 22:00:00,0.0,0.0,0.0,0.0,0.0
296.99585,0.6118722,0.13598609,0.049208175,0.5061878,2016-06-12 23:00:00,0.0,0.0,0.0,0.0,0.0
296.50146,0.79775196,0.013368163,0.024516646,0.7893915,2016-06-13 00:00:00,0.0,0.0,0.0,0.0,0.0
295.8501,0.9844101,0.0,0.0016249504,0.9844101,2016-06-13 01:00:00,0.0,0.0,0.0,0.0,0.0
295.18994,1.0,0.0016249504,0.040720083,1.0,2016-06-13 02:00:00,0.0,0.0,0.0,0.0,0.0
294.14185,1.0,0.008357041,0.061320815,1.0,2016-06-13 03:00:00,0.0,0.0,0.0,0.0,0.0
293.5647,1.0,0.052722935,0.06968981,1.0,2016-06-13 04:00:00,0.0,0.0,0.0,0.0,0.0
293.20825,1.0,0.031840764,0.023949023,1.0,2016-06-13 05:00:00,0.0,0.0,0.0,0.0,0.0
293.46924,1.0,0.06791639,0.08238989,1.0,2016-06-13 06:00:00,0.0,0.0,0.0,0.0,0.0
293.74805,1.0,0.120425224,0.3874635,1.0,2016-06-13 07:00:00,1.0,2.6726156e-07,0.0,0.0,2.6726156e-07
294.10498,1.0,0.10607815,0.61809963,1.0,2016-06-13 08:00:00,1.0,2.492062e-05,0.0,0.0,2.492062e-05
294.23242,0.99736434,0.15496284,0.63911206,0.9928895,2016-06-13 09:00:00,1.0,6.420846e-05,0.0,0.0,6.420846e-05
291.58936,0.8791562,0.36037195,0.6468364,0.640657,2016-06-13 10:00:00,1.0,0.00015579356,0.0,0.000118756274,3.6846614e-05
291.25732,0.9130346,0.6041582,0.65818304,0.6540366,2016-06-13 11:00:00,1.0,0.0012245488,0.0,0.0011866896,3.767782e-05
290.76,0.9989426,0.6181561,0.9190485,0.9781573,2016-06-13 12:00:00,1.0,0.0011613565,0.0,0.0010951089,6.624758e-05
291.55225,0.9870313,0.8327929,0.80031836,0.9457646,2016-06-13 13:00:00,1.0,0.00047473982,0.0,0.00044253375,3.2310767e-05
292.34277,0.9952328,0.9555005,0.76411337,0.9817948,2016-06-13 14:00:00,1.0,0.00015840323,0.0,0.00011921968,3.9555583e-05
294.77344,0.9944509,0.96994144,0.5352744,0.950612,2016-06-13 15:00:00,1.0,0.00025090692,0.0,0.000229307,2.1599917e-05
295.4397,1.0,0.97215664,0.42800444,0.9666474,2016-06-13 16:00:00,1.0,0.000115283794,0.0,8.021601e-05,3.5344332e-05
295.85376,1.0,0.9899067,0.71252054,0.8597815,2016-06-13 17:00:00,1.0,0.0005567649,0.0,0.00047785812,7.906862e-05
296.0298,0.9797891,0.89562595,0.61367685,0.8763889,2016-06-13 18:00:00,1.0,0.0004344196,0.0,0.00034791837,8.618613e-05
296.9414,1.0,0.74346596,0.8505947,1.0,2016-06-13 19:00:00,1.0,7.131031e-05,0.0,3.7632402e-05,3.3888122e-05
297.58105,1.0,0.81817776,0.74974215,1.0,2016-06-13 20:00:00,1.0,0.00011162771,0.0,9.478972e-05,1.7105238e-05
296.69995,1.0,0.99841094,0.52868676,1.0,2016-06-13 21:00:00,1.0,2.5003174e-05,0.0,2.2884953e-05,1.908631e-06
296.38013,0.997629,0.8058626,0.6681376,0.99182975,2016-06-13 22:00:00,1.0,2.9330622e-05,0.0,2.4422523e-05,4.965136e-06
295.6057,1.0,1.0,0.7629156,0.8259126,2016-06-13 23:00:00,0.0,3.117061e-05,0.0,2.9547504e-05,1.432436e-06
295.07397,1.0,1.0,0.66556287,0.46694744,2016-06-14 00:00:00,0.0,0.0,0.0,0.0,0.0
294.60156,0.98815244,0.98815244,0.66215914,0.48048192,2016-06-14 01:00:00,0.0,0.0,0.0,5.703991e-08,0.0
293.97632,1.0,1.0,0.75971997,0.34437853,2016-06-14 02:00:00,1.0,1.9099144e-07,0.0,0.0,4.0056705e-07
293.03833,0.997629,0.98815244,0.88434,0.16319609,2016-06-14 03:00:00,1.0,1.9099143e-06,0.0,0.0,1.9099143e-06
292.8418,0.99525803,0.95734453,0.8378953,0.12352091,2016-06-14 04:00:00,1.0,1.1459488e-06,0.0,0.0,9.549567e-07
292.53198,0.9870951,0.9818215,0.055250626,0.18342996,2016-06-14 05:00:00,1.0,5.3439117e-06,0.0,9.549569e-08,5.3439117e-06
292.12378,0.9968219,0.99258035,0.038866207,0.36962783,2016-06-14 06:00:00,1.0,3.3609263e-05,0.0,2.0028352e-07,3.341827e-05
291.96313,0.9978792,0.98887664,0.09233087,0.5947131,2016-06-14 07:00:00,1.0,1.8222418e-05,0.0,3.0689807e-06,1.50198075e-05
291.8501,1.0,1.0,0.0021207693,0.85672635,2016-06-14 08:00:00,1.0,1.5302387e-05,0.0,5.901142e-06,9.487451e-06
291.60718,1.0,0.99946827,0.029251788,0.79951346,2016-06-14 09:00:00,1.0,1.4769169e-05,0.0,4.651698e-06,1.0136055e-05
291.54712,1.0,0.9978961,0.1504085,0.98652846,2016-06-14 10:00:00,1.0,7.2903895e-06,0.0,1.0296189e-06,6.2226354e-06
291.5598,1.0,1.0,0.043465424,1.0,2016-06-14 11:00:00,1.0,2.460455e-06,0.0,1.5631749e-06,1.1831262e-06
291.9673,1.0,0.99841094,0.052865736,1.0,2016-06-14 12:00:00,1.0,1.5253654e-06,0.0,1.3058516e-06,2.6726156e-07
292.6709,1.0,0.987613,0.12613046,0.9899067,2016-06-14 13:00:00,1.0,7.626828e-07,0.0,3.0475053e-07,2.6726156e-07
293.1648,1.0,0.99525803,0.19237322,1.0,2016-06-14 14:00:00,1.0,0.0,0.0,0.0,0.0
294.25708,1.0,1.0,0.10077566,0.99841094,2016-06-14 15:00:00,0.0,0.0,0.0,0.0,0.0
294.66748,1.0,1.0,0.10213733,0.9861001,2016-06-14 16:00:00,0.0,0.0,0.0,0.0,0.0
294.8899,1.0,1.0,0.17605215,0.8843764,2016-06-14 17:00:00,0.0,0.0,0.0,0.0,0.0
295.06787,0.99525803,0.99525803,0.29773802,0.48577136,2016-06-14 18:00:00,0.0,0.0,0.0,0.0,0.0
295.88232,0.9269082,0.90669733,0.12918133,0.16895872,2016-06-14 19:00:00,1.0,7.628093e-06,0.0,2.3854682e-06,5.33812e-06
296.7942,0.98281866,0.97627944,0.044399496,0.3407749,2016-06-14 20:00:00,1.0,1.8089064e-05,0.0,1.717417e-05,8.767626e-07
297.62524,0.98888284,0.79774874,0.34428024,0.922134,2016-06-14 21:00:00,1.0,0.00012900544,0.0,0.00012746853,1.3741173e-06
295.91064,1.0,0.01561996,0.9275186,1.0,2016-06-14 22:00:00,1.0,0.0003311378,0.0,0.00029378198,3.7069563e-05
295.07397,1.0,0.057368904,0.80275726,1.0,2016-06-14 23:00:00,1.0,0.0021009652,0.0,0.001902425,0.00019860691
293.6255,1.0,0.32663852,0.9913481,1.0,2016-06-15 00:00:00,1.0,0.00419116,0.0,0.003434264,0.00075709936
293.32422,1.0,0.035813734,0.9978961,1.0,2016-06-15 01:00:00,1.0,0.0036719814,0.0,0.0020660055,0.0016064811
293.26245,1.0,0.0,0.54058,1.0,2016-06-15 02:00:00,1.0,0.0013836133,0.0,0.000113878355,0.0012695817
293.06616,0.9949968,0.0029026829,0.056994088,0.9949968,2016-06-15 03:00:00,1.0,0.00042734528,0.0,0.00018547954,0.00024186583
292.60962,0.89305663,0.040815406,0.006631516,0.8820116,2016-06-15 04:00:00,1.0,0.0030646569,0.0,0.0029339145,0.00012968434
292.2666,0.36249864,0.17893195,0.19164842,0.09291804,2016-06-15 05:00:00,1.0,0.004329063,0.0,0.0037011025,0.00062840176
292.3474,0.586668,0.48155195,0.22595298,0.08676928,2016-06-15 06:00:00,1.0,0.0019018599,0.0,0.0014570043,0.0004445312
292.48486,0.34048808,0.2532608,0.11631805,0.0406669,2016-06-15 07:00:00,1.0,6.011126e-06,0.0,0.0,6.011126e-06
291.77954,0.20817989,0.16813064,0.05839655,0.020210877,2016-06-15 08:00:00,0.0,0.0,0.0,0.0,0.0
291.55054,0.092169344,0.092169344,0.0057492107,0.0,2016-06-15 09:00:00,0.0,0.0,0.0,0.0,0.0
291.4292,0.33160526,0.32335216,0.0082530975,0.0,2016-06-15 10:00:00,0.0,0.0,0.0,0.0,0.0
291.58398,0.43273598,0.43063205,0.0,0.01024574,2016-06-15 11:00:00,0.0,2.6726157e-06,0.0,2.806246e-06,0.0
291.94727,0.81093746,0.80619556,0.0,0.079229355,2016-06-15 12:00:00,1.0,4.6321147e-05,0.0,4.6253845e-05,0.0
292.57397,0.9129387,0.9129387,0.0,0.0,2016-06-15 13:00:00,1.0,2.0362859e-05,0.0,2.040132e-05,0.0
293.72168,0.6227307,0.6227307,0.005003199,0.0,2016-06-15 14:00:00,0.0,1.9099144e-07,0.0,4.0056705e-07,0.0
295.5083,0.30555886,0.3021977,0.00998199,0.0,2016-06-15 15:00:00,0.0,1.5279311e-06,0.0,1.2891924e-06,1.9099144e-07
295.64526,0.5850328,0.5850328,0.00998199,0.0,2016-06-15 16:00:00,0.0,1.9099144e-07,0.0,2.3873935e-07,0.0
296.02368,0.8931532,0.8931532,0.0,0.0048919544,2016-06-15 17:00:00,1.0,5.3452317e-07,0.0,5.3452317e-07,0.0
295.83667,0.9748758,0.9719731,0.0100932345,0.27875257,2016-06-15 18:00:00,1.0,1.946454e-05,0.0,1.9521569e-05,0.0
296.04883,0.9966217,0.9292912,0.0,0.88030696,2016-06-15 19:00:00,1.0,8.549786e-06,0.0,8.845891e-06,0.0
296.52124,0.99946827,0.9733697,0.0,0.93178314,2016-06-15 20:00:00,1.0,4.5773864e-05,0.0,4.4628236e-05,1.3363078e-06
296.7705,1.0,0.99364376,0.014985189,0.99348307,2016-06-15 21:00:00,0.0,2.4853885e-05,0.0,2.4996814e-05,0.0
295.9348,0.9978961,0.8376308,0.08252007,0.9746919,2016-06-15 22:00:00,1.0,4.0845425e-06,0.0,4.170426e-06,0.0
295.88794,0.9695214,0.7699241,0.059981737,0.8012852,2016-06-15 23:00:00,1.0,1.6488644e-05,0.0,1.6622289e-05,0.0
295.32446,0.5635475,0.5332532,0.08292973,0.032981563,2016-06-16 00:00:00,0.0,4.7452777e-06,0.0,4.506859e-06,0.0
294.8418,0.5866032,0.5866032,0.032058388,0.0,2016-06-16 01:00:00,0.0,1.14079796e-07,0.0,1.9067068e-07,0.0
294.41187,0.7808507,0.7808507,0.0023709626,0.0,2016-06-16 02:00:00,0.0,7.0499675e-07,0.0,6.8609194e-07,9.549569e-08
293.21875,0.97259706,0.97259706,0.0,0.0,2016-06-16 03:00:00,0.0,0.0,0.0,4.7747868e-08,0.0
293.02026,1.0,1.0,0.0,0.0,2016-06-16 04:00:00,1.0,3.563444e-06,0.0,3.6111915e-06,0.0
292.29248,0.9928871,0.9928871,0.0,0.0,2016-06-16 05:00:00,0.0,1.4234552e-05,0.0,1.3672799e-05,6.0950106e-07
291.67773,0.9932679,0.9932679,0.0,0.0,2016-06-16 06:00:00,1.0,9.280339e-06,0.0,9.080376e-06,1.14079796e-07
291.55518,0.8472271,0.8472271,0.0,0.0,2016-06-16 07:00:00,1.0,6.300189e-07,0.0,4.963881e-07,0.0
290.9231,0.6568713,0.6568713,0.0,0.0,2016-06-16 08:00:00,0.0,3.813414e-07,0.0,1.3363075e-07,3.813414e-07
290.59546,0.43249208,0.43249208,0.0,0.0,2016-06-16 09:00:00,1.0,0.0,0.0,0.0,0.0
290.17017,0.8436367,0.8436367,0.0,0.0,2016-06-16 10:00:00,1.0,0.0,0.0,0.0,0.0
290.063,0.9423365,0.9423365,0.0,0.0,2016-06-16 11:00:00,1.0,1.0690455e-06,0.0,0.0,8.017848e-07
290.09058,0.85887665,0.85887665,0.0,0.0,2016-06-16 12:00:00,1.0,5.3452317e-07,0.0,0.0,2.6726156e-07
290.32422,0.819506,0.819506,0.0,0.0,2016-06-16 13:00:00,1.0,0.0,0.0,0.0,0.0
291.13843,1.0,1.0,0.0,0.0,2016-06-16 14:00:00,0.0,5.3452317e-07,0.0,0.0,2.6726156e-07
292.52588,0.99675006,0.99675006,0.0,0.0,2016-06-16 15:00:00,0.0,0.0,0.0,0.0,0.0
293.51636,0.8347265,0.8347265,0.0,0.0,2016-06-16 16:00:00,0.0,0.0,0.0,0.0,0.0
294.68726,0.4039141,0.4039141,0.0,0.0,2016-06-16 17:00:00,0.0,0.0,0.0,0.0,0.0
295.4922,0.33739072,0.33739072,0.0,0.0,2016-06-16 18:00:00,0.0,0.0,0.0,0.0,0.0
296.28076,0.0,0.0,0.0,0.0,2016-06-16 19:00:00,0.0,0.0,0.0,0.0,0.0
297.6294,0.0,0.0,0.0,0.0,2016-06-16 20:00:00,0.0,0.0,0.0,0.0,0.0
299.06665,0.0,0.0,0.0,0.0,2016-06-16 21:00:00,0.0,0.0,0.0,0.0,0.0
299.1206,0.0,0.0,0.0,0.0,2016-06-16 22:00:00,0.0,0.0,0.0,0.0,0.0
299.23486,0.0,0.0,0.0,0.0,2016-06-16 23:00:00,0.0,0.0,0.0,0.0,0.0
299.1516,0.0,0.0,0.0,0.0,2016-06-17 00:00:00,0.0,0.0,0.0,0.0,0.0
298.50586,0.0,0.0,0.0,0.0,2016-06-17 01:00:00,0.0,0.0,0.0,0.0,0.0
296.9536,0.0,0.0,0.0,0.0,2016-06-17 02:00:00,0.0,0.0,0.0,0.0,0.0
294.79272,0.0,0.0,0.0,0.0,2016-06-17 03:00:00,0.0,0.0,0.0,0.0,0.0
293.96655,0.0,0.0,0.0,0.0,2016-06-17 04:00:00,0.0,0.0,0.0,0.0,0.0
293.12012,0.0,0.0,0.0,0.0,2016-06-17 05:00:00,0.0,0.0,0.0,0.0,0.0
292.20728,0.0,0.0,0.0,0.0,2016-06-17 06:00:00,0.0,0.0,0.0,0.0,0.0
292.01392,0.0,0.0,0.0,0.0,2016-06-17 07:00:00,0.0,0.0,0.0,0.0,0.0
291.80762,0.0,0.0,0.0,0.0,2016-06-17 08:00:00,0.0,0.0,0.0,0.0,0.0
291.14526,0.0,0.0,0.0,0.0,2016-06-17 09:00:00,0.0,0.0,0.0,0.0,0.0
291.4624,0.0016249504,0.0,0.0,0.0016249504,2016-06-17 10:00:00,0.0,0.0,0.0,0.0,0.0
291.3501,0.060530085,0.0,0.0,0.060530085,2016-06-17 11:00:00,0.0,0.0,0.0,0.0,0.0
291.75464,0.25267923,0.0,0.0,0.25267923,2016-06-17 12:00:00,0.0,0.0,0.0,0.0,0.0
293.0005,0.46467102,0.0,0.0,0.46467102,2016-06-17 13:00:00,0.0,0.0,0.0,0.0,0.0
294.3064,0.7210259,0.004741922,0.0,0.7186549,2016-06-17 14:00:00,0.0,0.0,0.0,0.0,0.0
297.27295,0.9282643,0.0,0.0,0.9282643,2016-06-17 15:00:00,0.0,0.0,0.0,0.0,0.0
298.3042,0.98258746,0.0,0.0,0.98258746,2016-06-17 16:00:00,0.0,0.0,0.0,0.0,0.0
299.78516,0.99289286,0.0,0.0,0.99289286,2016-06-17 17:00:00,0.0,0.0,0.0,0.0,0.0
300.54443,0.9947263,0.0071128868,0.0,0.9947263,2016-06-17 18:00:00,0.0,0.0,0.0,0.0,0.0
301.17017,0.99841094,0.0029026829,0.0,0.99841094,2016-06-17 19:00:00,0.0,0.0,0.0,0.0,0.0
301.88184,0.92577237,0.0,0.0,0.92577237,2016-06-17 20:00:00,0.0,0.0,0.0,0.0,0.0
301.60254,0.7980377,0.0,0.0,0.7980377,2016-06-17 21:00:00,0.0,0.0,0.0,0.0,0.0
300.94043,0.8359867,0.06691092,0.0,0.8225152,2016-06-17 22:00:00,0.0,0.0,0.0,0.0,0.0
300.85376,0.6243058,0.0,0.0,0.6243058,2016-06-17 23:00:00,0.0,0.0,0.0,0.0,0.0
300.0547,0.96994144,0.0,0.0,0.96994144,2016-06-18 00:00:00,0.0,0.0,0.0,0.0,0.0
299.44653,0.9942508,0.0,0.004207764,0.9942508,2016-06-18 01:00:00,0.0,0.0,0.0,0.0,0.0
298.04834,1.0,0.0,0.0010573287,1.0,2016-06-18 02:00:00,0.0,0.0,0.0,0.0,0.0
297.52734,1.0,0.0,0.0,1.0,2016-06-18 03:00:00,0.0,0.0,0.0,0.0,0.0
296.85303,1.0,0.0,0.0,1.0,2016-06-18 04:00:00,0.0,0.0,0.0,0.0,0.0
296.31494,1.0,0.0,0.0,1.0,2016-06-18 05:00:00,0.0,0.0,0.0,0.0,0.0
295.364,1.0,0.0,0.0,1.0,2016-06-18 06:00:00,0.0,0.0,0.0,0.0,0.0
294.42358,1.0,0.0,0.016668633,1.0,2016-06-18 07:00:00,0.0,0.0,0.0,0.0,0.0
294.29102,1.0,0.0,0.033923715,1.0,2016-06-18 08:00:00,0.0,0.0,0.0,0.0,0.0
293.8899,1.0,0.0,0.24322599,1.0,2016-06-18 09:00:00,0.0,0.0,0.0,0.0,0.0
293.38452,0.97053015,0.0,0.082511365,0.97053015,2016-06-18 10:00:00,0.0,0.0,0.0,0.0,0.0
293.594,0.99051857,0.0,0.10819602,0.9839398,2016-06-18 11:00:00,0.0,0.0,0.0,0.0,0.0
294.2749,0.9863108,0.0,0.13842386,0.9857852,2016-06-18 12:00:00,0.0,0.0,0.0,0.0,0.0
295.44922,0.99657166,0.0,0.0,0.99657166,2016-06-18 13:00:00,0.0,0.0,0.0,0.0,0.0
296.5464,0.9939002,0.0,0.05620746,0.9915292,2016-06-18 14:00:00,0.0,0.0,0.0,0.0,0.0
298.82593,0.9818143,0.0,0.420537,0.9775894,2016-06-18 15:00:00,0.0,0.0,0.0,0.0,0.0
298.854,0.9153215,0.0,0.5700284,0.8134471,2016-06-18 16:00:00,0.0,0.0,0.0,0.0,0.0
299.2793,0.80917007,0.0016249504,0.55371034,0.60596997,2016-06-18 17:00:00,0.0,0.0,0.0,0.0,0.0
300.18457,0.6312535,0.0057492107,0.41272867,0.3428492,2016-06-18 18:00:00,0.0,0.0,0.0,0.0,0.0
300.80298,0.26109093,0.0037098185,0.084540725,0.19511443,2016-06-18 19:00:00,0.0,0.0,0.0,0.0,0.0
301.11548,0.48619896,0.0023709626,0.031125471,0.474617,2016-06-18 20:00:00,0.0,0.0,0.0,0.0,0.0
301.95435,0.6622952,0.0010573287,0.04637774,0.639588,2016-06-18 21:00:00,0.0,0.0,0.0,0.0,0.0
303.0359,0.75736725,0.048021737,0.025119688,0.7272419,2016-06-18 22:00:00,0.0,0.0,0.0,0.0,0.0
302.7527,0.3034951,0.013469081,0.21773684,0.08367002,2016-06-18 23:00:00,0.0,0.0,0.0,0.0,0.0
302.51904,0.10322368,0.01004079,0.046733186,0.056356467,2016-06-19 00:00:00,0.0,0.0,0.0,0.0,0.0
301.98657,0.070053995,0.0015890491,0.0032499009,0.065746725,2016-06-19 01:00:00,0.0,0.0,0.0,0.0,0.0
300.8899,0.014835194,0.00053172023,0.0032499009,0.011053573,2016-06-19 02:00:00,0.0,0.0,0.0,0.0,0.0
299.11353,0.0033782488,0.0,0.0,0.0033782488,2016-06-19 03:00:00,0.0,0.0,0.0,0.0,0.0
298.34082,0.0023709626,0.0,0.0,0.0023709626,2016-06-19 04:00:00,0.0,0.0,0.0,0.0,0.0
297.11206,0.0,0.0,0.0,0.0,2016-06-19 05:00:00,0.0,0.0,0.0,0.0,0.0
296.98633,0.0,0.0,0.0,0.0,2016-06-19 06:00:00,0.0,0.0,0.0,0.0,0.0
296.68237,0.0016249504,0.0,0.0,0.0016249504,2016-06-19 07:00:00,0.0,0.0,0.0,0.0,0.0
296.53564,0.09904611,0.0,0.0,0.09904611,2016-06-19 08:00:00,0.0,0.0,0.0,0.0,0.0
295.41772,0.106779754,0.0,0.0,0.106779754,2016-06-19 09:00:00,0.0,0.0,0.0,0.0,0.0
295.1377,0.544733,0.0,0.0,0.544733,2016-06-19 10:00:00,0.0,0.0,0.0,0.0,0.0
295.0769,0.7644649,0.0,0.0,0.7644649,2016-06-19 11:00:00,0.0,0.0,0.0,0.0,0.0
295.52344,0.44684535,0.0,0.0,0.44684535,2016-06-19 12:00:00,0.0,0.0,0.0,0.0,0.0
296.5393,0.107562244,0.0,0.0,0.107562244,2016-06-19 13:00:00,0.0,0.0,0.0,0.0,0.0
298.04443,0.004235424,0.0,0.0,0.004235424,2016-06-19 14:00:00,0.0,0.0,0.0,0.0,0.0
301.30054,0.0,0.0,0.0,0.0,2016-06-19 15:00:00,0.0,0.0,0.0,0.0,0.0
302.052,0.0,0.0,0.0,0.0,2016-06-19 16:00:00,0.0,0.0,0.0,0.0,0.0
303.11108,0.0,0.0,0.0,0.0,2016-06-19 17:00:00,0.0,0.0,0.0,0.0,0.0
303.844,0.0,0.0,0.0,0.0,2016-06-19 18:00:00,0.0,0.0,0.0,0.0,0.0
304.43018,0.0,0.0,0.0,0.0,2016-06-19 19:00:00,0.0,0.0,0.0,0.0,0.0
304.93286,0.0,0.0,0.0,0.0,2016-06-19 20:00:00,0.0,0.0,0.0,0.0,0.0
305.4712,0.0,0.0,0.0,0.0,2016-06-19 21:00:00,0.0,0.0,0.0,0.0,0.0
305.24878,0.26817894,0.009478044,0.0,0.26319283,2016-06-19 22:00:00,0.0,0.0,0.0,0.0,0.0
305.2246,0.93851054,0.0,0.0,0.93851054,2016-06-19 23:00:00,0.0,0.0,0.0,0.0,0.0
305.22314,1.0,0.0,0.0,1.0,2016-06-20 00:00:00,0.0,0.0,0.0,0.0,0.0
304.53076,1.0,0.085268795,0.053472422,1.0,2016-06-20 01:00:00,0.0,0.0,0.0,0.0,0.0
303.58716,0.9717938,0.39469254,0.3371191,0.9226957,2016-06-20 02:00:00,0.0,1.6035692e-06,0.0,0.0,1.6035692e-06
302.27002,1.0,0.21185952,0.21463817,1.0,2016-06-20 03:00:00,0.0,0.0,0.0,0.0,0.0
301.2495,1.0,0.44538045,0.120420575,1.0,2016-06-20 04:00:00,1.0,0.00011426743,0.0,0.00011064629,3.3538681e-06
298.41577,1.0,0.85663486,0.29302442,0.99675006,2016-06-20 05:00:00,1.0,0.0009341242,0.0,0.0009302802,3.891618e-06
297.0183,0.85909635,0.3707407,0.33980227,0.7904009,2016-06-20 06:00:00,0.0,0.001355696,0.0,0.0013550378,5.7233285e-07
296.77002,0.20749736,0.053284306,0.1647768,0.051999696,2016-06-20 07:00:00,0.0,0.00048194244,0.0,0.00044498616,3.6956204e-05
295.92944,0.021119587,0.018467098,0.005298864,0.0,2016-06-20 08:00:00,0.0,3.2468552e-06,0.0,0.0,3.2468552e-06
294.55273,0.00478616,0.00478616,0.0,0.0,2016-06-20 09:00:00,0.0,0.0,0.0,0.0,0.0
292.58423,0.019767534,0.019767534,0.0,0.0,2016-06-20 10:00:00,0.0,0.0,0.0,0.0,0.0
292.07935,0.00053172023,0.00053172023,0.0,0.0,2016-06-20 11:00:00,0.0,0.0,0.0,0.0,0.0
292.33423,0.074893594,0.00053172023,0.07436186,0.0,2016-06-20 12:00:00,0.0,0.0,0.0,0.0,0.0
293.44067,0.25734824,0.0,0.25734824,0.0,2016-06-20 13:00:00,0.0,0.0,0.0,0.0,0.0
294.2461,0.38502508,0.0,0.38502508,0.0,2016-06-20 14:00:00,0.0,0.0,0.0,0.0,0.0
296.1582,0.11091256,0.0,0.11091256,0.0,2016-06-20 15:00:00,0.0,0.0,0.0,0.0,0.0
296.89136,0.009534292,0.0,0.009534292,0.0,2016-06-20 16:00:00,0.0,0.0,0.0,0.0,0.0
297.75,0.079001725,0.019877147,0.0,0.06074955,2016-06-20 17:00:00,0.0,0.0,0.0,0.0,0.0
298.34302,0.4723302,0.14464134,0.0,0.37274748,2016-06-20 18:00:00,0.0,0.0,0.0,0.0,0.0
298.72266,0.6227887,0.17922175,0.0,0.53750044,2016-06-20 19:00:00,0.0,0.0,0.0,0.0,0.0
299.0266,0.95417774,0.101282656,0.019203588,0.9394599,2016-06-20 20:00:00,0.0,0.0,0.0,0.0,0.0
298.896,0.94652355,0.049462587,0.020210877,0.9381665,2016-06-20 21:00:00,0.0,0.0,0.0,0.0,0.0
297.93066,0.9579153,0.0,0.0,0.9579153,2016-06-20 22:00:00,0.0,0.0,0.0,0.0,0.0
297.31055,0.93184876,0.0,0.0,0.93184876,2016-06-20 23:00:00,0.0,0.0,0.0,0.0,0.0
297.08643,0.66888577,0.0,0.0,0.66888577,2016-06-21 00:00:00,0.0,0.0,0.0,0.0,0.0
296.35498,0.0377257,0.0,0.0,0.0377257,2016-06-21 01:00:00,0.0,0.0,0.0,0.0,0.0
294.9287,0.0,0.0,0.0,0.0,2016-06-21 02:00:00,0.0,0.0,0.0,0.0,0.0
292.28418,0.0,0.0,0.0,0.0,2016-06-21 03:00:00,0.0,0.0,0.0,0.0,0.0
291.33862,0.0,0.0,0.0,0.0,2016-06-21 04:00:00,0.0,0.0,0.0,0.0,0.0
289.77783,0.0,0.0,0.0,0.0,2016-06-21 05:00:00,0.0,0.0,0.0,0.0,0.0
289.51587,0.00053172023,0.0,0.0,0.00053172023,2016-06-21 06:00:00,0.0,0.0,0.0,0.0,0.0
289.48242,0.0,0.0,0.0,0.0,2016-06-21 07:00:00,0.0,0.0,0.0,0.0,0.0
288.95996,0.0,0.0,0.0,0.0,2016-06-21 08:00:00,0.0,0.0,0.0,0.0,0.0
288.4021,0.0,0.0,0.0,0.0,2016-06-21 09:00:00,0.0,0.0,0.0,0.0,0.0
288.4121,0.0,0.0,0.0,0.0,2016-06-21 10:00:00,0.0,0.0,0.0,0.0,0.0
288.35693,0.0,0.0,0.0,0.0,2016-06-21 11:00:00,0.0,0.0,0.0,0.0,0.0
289.51538,0.0,0.0,0.0,0.0,2016-06-21 12:00:00,0.0,0.0,0.0,0.0,0.0
291.21802,0.0,0.0,0.0,0.0,2016-06-21 13:00:00,0.0,0.0,0.0,0.0,0.0
293.5542,0.0,0.0,0.0,0.0,2016-06-21 14:00:00,0.0,0.0,0.0,0.0,0.0
297.14526,0.0,0.0,0.0,0.0,2016-06-21 15:00:00,0.0,0.0,0.0,0.0,0.0
298.35645,0.0,0.0,0.0,0.0,2016-06-21 16:00:00,0.0,0.0,0.0,0.0,0.0
299.01904,0.0,0.0,0.0,0.0,2016-06-21 17:00:00,0.0,0.0,0.0,0.0,0.0
299.9358,0.0,0.0,0.0,0.0,2016-06-21 18:00:00,0.0,0.0,0.0,0.0,0.0
300.0708,0.0,0.0,0.0,0.0,2016-06-21 19:00:00,0.0,0.0,0.0,0.0,0.0
300.40625,0.0100932345,0.0,0.0100932345,0.0,2016-06-21 20:00:00,0.0,0.0,0.0,0.0,0.0
300.74463,0.005003199,0.0,0.0,0.005003199,2016-06-21 21:00:00,0.0,0.0,0.0,0.0,0.0
300.6245,0.3798082,0.0,0.0,0.3798082,2016-06-21 22:00:00,0.0,0.0,0.0,0.0,0.0
300.27368,0.8117452,0.0,0.07813984,0.80488473,2016-06-21 23:00:00,0.0,0.0,0.0,0.0,0.0
299.93042,0.91053534,0.0,0.092544675,0.91053534,2016-06-22 00:00:00,0.0,0.0,0.0,0.0,0.0
298.9077,0.9448124,0.0,0.0055321716,0.9448124,2016-06-22 01:00:00,0.0,0.0,0.0,0.0,0.0
297.40698,0.5503174,0.0,0.075309634,0.5388826,2016-06-22 02:00:00,0.0,0.0,0.0,0.0,0.0
295.80664,0.3948455,0.0,0.21009731,0.28665054,2016-06-22 03:00:00,0.0,0.0,0.0,0.0,0.0
295.0869,0.845424,0.0,0.06494641,0.8186048,2016-06-22 04:00:00,0.0,0.0,0.0,0.0,0.0
293.98315,0.97864187,0.0,0.010820266,0.97864187,2016-06-22 05:00:00,0.0,0.0,0.0,0.0,0.0
292.96924,0.94501704,0.0,0.067792356,0.9370718,2016-06-22 06:00:00,0.0,0.0,0.0,0.0,0.0
292.83765,0.99946827,0.0,0.14527678,0.99946827,2016-06-22 07:00:00,0.0,0.0,0.0,0.0,0.0
292.32397,0.9529684,0.0,0.18605083,0.9410908,2016-06-22 08:00:00,0.0,0.0,0.0,0.0,0.0
291.81494,0.39659405,0.0,0.1476568,0.35243505,2016-06-22 09:00:00,0.0,0.0,0.0,0.0,0.0
292.45068,0.87938327,0.0,0.20231289,0.87438005,2016-06-22 10:00:00,0.0,0.0,0.0,0.0,0.0
292.29297,1.0,0.0,0.511517,0.9966217,2016-06-22 11:00:00,0.0,0.0,0.0,0.0,0.0
292.44653,1.0,0.0,0.8880687,0.99001795,2016-06-22 12:00:00,0.0,0.0,0.0,0.0,0.0
292.58374,0.75143695,0.0,0.29134446,0.64339715,2016-06-22 13:00:00,0.0,0.0,0.0,0.0,0.0
293.4231,0.019942336,0.0,0.012005735,0.007936597,2016-06-22 14:00:00,0.0,4.774787e-07,0.0,4.297308e-07,0.0
296.02124,0.0,0.0,0.0,0.0,2016-06-22 15:00:00,0.0,0.00018705233,0.0,0.00018619288,7.639659e-07
297.00928,0.0,0.0,0.0,0.0,2016-06-22 16:00:00,0.0,7.16218e-06,0.0,6.4937103e-06,6.6847014e-07
298.53638,0.009678118,0.003161212,0.0065169036,0.0,2016-06-22 17:00:00,0.0,0.0,0.0,0.0,0.0
299.11694,0.24950016,0.24950016,0.0,0.0,2016-06-22 18:00:00,0.0,0.0,0.0,0.0,0.0
299.84912,0.61982954,0.61982954,0.0,0.0,2016-06-22 19:00:00,0.0,1.2249038e-05,0.0,1.2535204e-05,0.0
299.99536,0.9797891,0.9730741,0.51852196,0.15618336,2016-06-22 20:00:00,0.0,2.255883e-05,0.0,1.9808678e-05,2.4828887e-06
300.2395,0.93153125,0.9078375,0.7757485,0.23675412,2016-06-22 21:00:00,0.0,5.991597e-05,0.0,4.6322588e-05,1.369818e-05
299.4834,0.89943343,0.7773357,0.3659563,0.40697604,2016-06-22 22:00:00,0.0,1.8938998e-05,0.0,1.8319231e-05,7.0563834e-07
299.89136,0.43821567,0.1654898,0.30785495,0.17224246,2016-06-22 23:00:00,1.0,2.539301e-06,0.0,2.5774361e-06,9.549569e-08
299.17944,0.2682495,0.068615854,0.26050788,0.0,2016-06-23 00:00:00,1.0,0.0014363527,0.0,0.0014316009,4.8856773e-06
297.51978,0.51787,0.12831485,0.49652606,0.0,2016-06-23 01:00:00,1.0,0.0010220637,0.0,0.0010031478,1.8887018e-05
296.90063,0.6855742,0.54578054,0.45292902,0.0,2016-06-23 02:00:00,1.0,4.9924347e-05,0.0,3.2260214e-05,1.7664133e-05
295.07935,0.64739656,0.5140754,0.42544013,0.0,2016-06-23 03:00:00,0.0,5.148958e-05,0.0,4.654401e-05,4.8407737e-06
293.56348,0.5185296,0.48539126,0.2451917,0.0,2016-06-23 04:00:00,0.0,2.0998064e-05,0.0,2.0836233e-05,1.14079796e-07
291.33325,0.46143085,0.44741565,0.11396432,0.0,2016-06-23 05:00:00,0.0,0.0,0.0,0.0,0.0
289.1062,0.31602043,0.31264216,0.04505431,0.0,2016-06-23 06:00:00,1.0,0.0,0.0,0.0,0.0
287.9497,0.37566864,0.37566864,0.005003199,0.0,2016-06-23 07:00:00,1.0,0.0,0.0,0.0,0.0
287.4973,0.33871007,0.33871007,0.0,0.0,2016-06-23 08:00:00,0.0,0.0,0.0,0.0,0.0
286.48706,0.40471798,0.40471798,0.0,0.0,2016-06-23 09:00:00,0.0,0.0,0.0,0.0,0.0
287.06885,0.5897413,0.5897413,0.0037288337,0.0,2016-06-23 10:00:00,0.0,0.0,0.0,0.0,0.0
287.1455,0.70621264,0.70621264,0.0,0.0,2016-06-23 11:00:00,0.0,0.0,0.0,0.0,0.0
287.30957,0.90253717,0.90253717,0.0067320913,0.0,2016-06-23 12:00:00,0.0,0.0,0.0,0.0,0.0
287.93994,1.0,1.0,0.183222,0.0,2016-06-23 13:00:00,0.0,0.0,0.0,0.0,0.0
288.30615,1.0,1.0,0.6297945,0.0,2016-06-23 14:00:00,0.0,0.0,0.0,0.0,0.0
289.80908,0.9902332,0.9565508,0.8764245,0.0,2016-06-23 15:00:00,0.0,2.2815959e-07,0.0,0.0,2.2815959e-07
290.52563,0.9300807,0.7633961,0.89413667,0.0,2016-06-23 16:00:00,0.0,1.9816844e-06,0.0,0.0,1.9816844e-06
291.2085,0.62074715,0.39419812,0.5716541,0.0,2016-06-23 17:00:00,0.0,9.908417e-07,0.0,0.0,9.908417e-07
292.55322,0.25224328,0.21519977,0.048090126,0.0,2016-06-23 18:00:00,0.0,0.0,0.0,0.0,0.0
293.57886,0.51152194,0.51152194,0.0,0.0,2016-06-23 19:00:00,0.0,9.92125e-07,0.0,9.828327e-07,0.0
294.89673,0.6020493,0.6020493,0.0,0.0,2016-06-23 20:00:00,0.0,8.966298e-07,0.0,8.4888194e-07,0.0
295.82446,0.3452288,0.3452288,0.0,0.0,2016-06-23 21:00:00,0.0,1.7932589e-06,0.0,1.8410074e-06,0.0
296.7871,0.6834139,0.6834139,0.049556144,0.0,2016-06-23 22:00:00,0.0,6.101426e-07,0.0,6.5789044e-07,0.0
296.9099,0.8339864,0.8339864,0.005273644,0.0,2016-06-23 23:00:00,0.0,0.0,0.0,0.0,0.0
296.65088,0.64442366,0.64442366,0.008701935,0.0,2016-06-24 00:00:00,0.0,0.0,0.0,0.0,0.0
295.8733,0.3388728,0.3388728,0.018701654,0.0,2016-06-24 01:00:00,0.0,0.0,0.0,0.0,0.0
294.17163,0.15621084,0.15621084,0.01449389,0.0,2016-06-24 02:00:00,0.0,0.0,0.0,0.0,0.0
292.2036,0.019198764,0.019198764,0.0,0.0,2016-06-24 03:00:00,0.0,0.0,0.0,0.0,0.0
291.3584,0.010728002,0.010728002,0.0,0.0,2016-06-24 04:00:00,0.0,0.0,0.0,0.0,0.0
290.9104,0.0100932345,0.0100932345,0.0100932345,0.0,2016-06-24 05:00:00,0.0,0.0,0.0,0.0,0.0
290.0044,0.0016249504,0.0016249504,0.0,0.0,2016-06-24 06:00:00,0.0,0.0,0.0,0.0,0.0
290.52856,0.0,0.0,0.0,0.0,2016-06-24 07:00:00,0.0,0.0,0.0,0.0,0.0
291.1499,0.0,0.0,0.0,0.0,2016-06-24 08:00:00,0.0,0.0,0.0,0.0,0.0
289.83032,0.0,0.0,0.0,0.0,2016-06-24 09:00:00,0.0,0.0,0.0,0.0,0.0
288.55298,0.23800129,0.23800129,0.0,0.0,2016-06-24 10:00:00,0.0,0.0,0.0,0.0,0.0
288.99365,0.024012662,0.024012662,0.0,0.0,2016-06-24 11:00:00,0.0,0.0,0.0,0.0,0.0
289.50146,0.012531344,0.012531344,0.0,0.0,2016-06-24 12:00:00,0.0,0.0,0.0,0.0,0.0
290.98584,0.0,0.0,0.0,0.0,2016-06-24 13:00:00,0.0,0.0,0.0,0.0,0.0
292.68555,0.039396297,0.039396297,0.0,0.0,2016-06-24 14:00:00,0.0,0.0,0.0,0.0,0.0
295.46338,0.07253289,0.07253289,0.0,0.0,2016-06-24 15:00:00,0.0,0.0,0.0,0.0,0.0
296.01416,0.6273564,0.6223703,0.0,0.00998199,2016-06-24 16:00:00,0.0,0.0,0.0,0.0,0.0
296.8728,0.826177,0.826177,0.0,0.007107079,2016-06-24 17:00:00,0.0,0.0,0.0,0.0,0.0
297.5996,0.40318668,0.37916827,0.0,0.037887774,2016-06-24 18:00:00,0.0,0.0,0.0,0.0,0.0
298.1848,0.085051775,0.0016249504,0.042917483,0.051216945,2016-06-24 19:00:00,0.0,0.0,0.0,0.0,0.0
298.7317,0.23391151,0.0,0.23055035,0.08497894,2016-06-24 20:00:00,0.0,0.0,0.0,0.0,0.0
299.85693,0.00053172023,0.00053172023,0.0,0.0,2016-06-24 21:00:00,0.0,0.0,0.0,0.0,0.0
300.2849,0.016610142,0.0,0.016610142,0.0,2016-06-24 22:00:00,0.0,0.0,0.0,0.0,0.0
300.34155,0.029622272,0.0,0.014637079,0.027251307,2016-06-24 23:00:00,0.0,0.0,0.0,0.0,0.0
300.4978,0.042664368,0.0,0.027567934,0.028567918,2016-06-25 00:00:00,0.0,0.0,0.0,0.0,0.0
299.84277,0.042777877,0.0,0.01483516,0.03803595,2016-06-25 01:00:00,0.0,0.0,0.0,0.0,0.0
298.8828,0.112707734,0.002103883,0.0,0.11060387,2016-06-25 02:00:00,0.0,0.0,0.0,0.0,0.0
297.03638,0.5164458,0.02872108,0.004207764,0.5021855,2016-06-25 03:00:00,0.0,0.0,0.0,0.0,0.0
296.52344,0.9786302,0.058936898,0.0063116476,0.9786302,2016-06-25 04:00:00,0.0,0.0,0.0,0.0,0.0
296.6062,1.0,0.06629145,0.040008545,1.0,2016-06-25 05:00:00,0.0,0.0,0.0,0.0,0.0
296.2859,1.0,0.048865274,0.07157427,1.0,2016-06-25 06:00:00,0.0,0.0,0.0,0.0,0.0
296.41064,1.0,0.018102165,0.0,1.0,2016-06-25 07:00:00,0.0,0.0,0.0,0.0,0.0
296.0244,1.0,0.015731204,0.006280929,1.0,2016-06-25 08:00:00,0.0,0.0,0.0,0.0,0.0
295.71533,0.99675006,0.025459222,0.0,0.99675006,2016-06-25 09:00:00,0.0,1.14079796e-07,0.0,0.0,1.14079796e-07
295.78247,0.61975473,0.0,0.40627044,0.45613986,2016-06-25 10:00:00,0.0,0.0,0.0,0.0,0.0
295.73462,0.44087523,0.0,0.31243038,0.3338604,2016-06-25 11:00:00,0.0,0.0,0.0,0.0,0.0
296.01416,0.1656878,0.0,0.13029271,0.11422151,2016-06-25 12:00:00,0.0,0.0,0.0,0.0,0.0
297.10986,0.0015890491,0.0,0.0,0.0015890491,2016-06-25 13:00:00,0.0,0.0,0.0,0.0,0.0
298.80542,0.0,0.0,0.0,0.0,2016-06-25 14:00:00,0.0,0.0,0.0,0.0,0.0
301.5791,0.051245805,0.0,0.0,0.051245805,2016-06-25 15:00:00,0.0,0.0,0.0,0.0,0.0
302.51392,0.11246061,0.0,0.0,0.11246061,2016-06-25 16:00:00,0.0,0.0,0.0,0.0,0.0
303.23682,0.30450308,0.27013254,0.0,0.04020326,2016-06-25 17:00:00,1.0,0.0,0.0,0.0,0.0
303.84863,0.27508646,0.10232252,0.14932531,0.069150865,2016-06-25 18:00:00,1.0,6.325227e-05,0.0,6.126672e-05,2.138092e-06
304.40698,0.31295955,0.10331273,0.031724304,0.23870558,2016-06-25 19:00:00,1.0,6.906259e-05,0.0,6.907189e-05,0.0
304.6438,0.8735097,0.42584962,0.34878147,0.7895164,2016-06-25 20:00:00,1.0,0.002318209,0.0,0.0023132742,5.2112755e-06
304.95435,0.5839549,0.16245377,0.178586,0.49356538,2016-06-25 21:00:00,1.0,0.0002374531,0.0,0.00022526005,1.1945342e-05
304.27612,0.9947011,0.032847527,0.4507078,0.993112,2016-06-25 22:00:00,1.0,0.0029310263,0.0,0.0028283764,0.00010256388
301.73706,1.0,0.20621401,0.19560105,1.0,2016-06-25 23:00:00,1.0,0.012627371,0.0,0.012509786,0.00011758634
300.1953,0.9978961,0.6458492,0.21652925,0.9978961,2016-06-26 00:00:00,1.0,0.00093730655,0.0,0.00069754175,0.00023955472
299.41577,0.91373837,0.043939356,0.071745336,0.90535355,2016-06-26 01:00:00,1.0,4.0613028e-05,0.0,0.0,4.0613028e-05
298.7937,0.7321085,0.027877167,0.034800846,0.7167387,2016-06-26 02:00:00,0.0,2.2149861e-06,0.0,0.0,2.2149861e-06
297.70215,0.60784596,0.041828208,0.00608078,0.56654334,2016-06-26 03:00:00,1.0,1.14079796e-07,0.0,0.0,1.14079796e-07
297.40112,0.96666116,0.026782341,0.00832114,0.96666116,2016-06-26 04:00:00,0.0,9.1457235e-07,0.0,0.0,9.1457235e-07
296.82275,1.0,0.009008683,0.0026463778,1.0,2016-06-26 05:00:00,0.0,9.549569e-08,0.0,0.0,9.549569e-08
295.27466,1.0,0.0021207693,0.024867758,1.0,2016-06-26 06:00:00,0.0,0.0,0.0,0.0,0.0
294.70947,0.7643083,0.00053172023,0.013441421,0.7566771,2016-06-26 07:00:00,0.0,0.0,0.0,0.0,0.0
293.83813,0.1976977,0.0,0.00053172023,0.1976977,2016-06-26 08:00:00,0.0,0.0,0.0,0.0,0.0
292.49878,0.3637846,0.0,0.0,0.3637846,2016-06-26 09:00:00,0.0,0.0,0.0,0.0,0.0
292.23755,0.015669417,0.0,0.0,0.015669417,2016-06-26 10:00:00,0.0,0.0,0.0,0.0,0.0
292.2036,0.013623986,0.0,0.0,0.013623986,2016-06-26 11:00:00,0.0,0.0,0.0,0.0,0.0
292.63306,0.0,0.0,0.0,0.0,2016-06-26 12:00:00,0.0,0.0,0.0,0.0,0.0
293.90088,0.076598644,0.0,0.0,0.076598644,2016-06-26 13:00:00,0.0,0.0,0.0,0.0,0.0
295.26318,0.021405902,0.0,0.0,0.021405902,2016-06-26 14:00:00,0.0,0.0,0.0,0.0,0.0
298.13647,0.0023709626,0.0,0.0,0.0023709626,2016-06-26 15:00:00,0.0,0.0,0.0,0.0,0.0
298.9065,0.0010573287,0.0,0.0,0.0010573287,2016-06-26 16:00:00,0.0,0.0,0.0,0.0,0.0
299.92627,0.0,0.0,0.0,0.0,2016-06-26 17:00:00,0.0,0.0,0.0,0.0,0.0
300.44287,0.0,0.0,0.0,0.0,2016-06-26 18:00:00,0.0,0.0,0.0,0.0,0.0
301.13306,0.0,0.0,0.0,0.0,2016-06-26 19:00:00,0.0,0.0,0.0,0.0,0.0
301.66357,0.0016249504,0.0,0.0016249504,0.0,2016-06-26 20:00:00,0.0,0.0,0.0,0.0,0.0
302.43457,0.22220433,0.0,0.22220433,0.0,2016-06-26 21:00:00,0.0,0.0,0.0,0.0,0.0
302.60327,0.22360271,0.0,0.22360271,0.0,2016-06-26 22:00:00,0.0,0.0,0.0,0.0,0.0
302.72314,0.13405013,0.0,0.13405013,0.0,2016-06-26 23:00:00,0.0,0.0,0.0,0.0,0.0
302.3396,0.1946252,0.0,0.1946252,0.0,2016-06-27 00:00:00,0.0,0.0,0.0,0.0,0.0
301.31274,0.23291147,0.0,0.23291147,0.0,2016-06-27 01:00:00,0.0,0.0,0.0,0.0,0.0
300.1101,0.11564863,0.0,0.07110053,0.0529097,2016-06-27 02:00:00,0.0,0.0,0.0,0.0,0.0
297.48657,0.15670592,0.0,0.06629324,0.09379089,2016-06-27 03:00:00,0.0,0.0,0.0,0.0,0.0
296.9192,0.093201876,0.0,0.08003241,0.01317678,2016-06-27 04:00:00,0.0,0.0,0.0,0.0,0.0
296.20166,0.0225541,0.0,0.0225541,0.0,2016-06-27 05:00:00,0.0,0.0,0.0,0.0,0.0
295.0752,0.051093984,0.0,0.0,0.051093984,2016-06-27 06:00:00,0.0,0.0,0.0,0.0,0.0
294.2163,0.022591151,0.005003199,0.0,0.01761236,2016-06-27 07:00:00,0.0,0.0,0.0,0.0,0.0
293.46582,0.0,0.0,0.0,0.0,2016-06-27 08:00:00,0.0,0.0,0.0,0.0,0.0
292.36133,0.005003199,0.005003199,0.0,0.0,2016-06-27 09:00:00,0.0,0.0,0.0,0.0,0.0
290.92578,0.01173529,0.01173529,0.0,0.0,2016-06-27 10:00:00,0.0,0.0,0.0,0.0,0.0
290.68066,0.03311634,0.03311634,0.0,0.0,2016-06-27 11:00:00,0.0,0.0,0.0,0.0,0.0
290.78564,0.21187353,0.21187353,0.0,0.0,2016-06-27 12:00:00,0.0,0.0,0.0,0.0,0.0
291.12036,0.5508201,0.5508201,0.0,0.0,2016-06-27 13:00:00,0.0,0.0,0.0,0.0,0.0
291.75488,0.70726395,0.70726395,0.0,0.0,2016-06-27 14:00:00,0.0,0.0,0.0,0.0,0.0
293.60693,0.88077796,0.88077796,0.0,0.0,2016-06-27 15:00:00,0.0,0.0,0.0,0.0,0.0
293.76855,0.88216305,0.88216305,0.0,0.0,2016-06-27 16:00:00,0.0,0.0,0.0,0.0,0.0
294.35278,0.95314944,0.95314944,0.0,0.0,2016-06-27 17:00:00,0.0,0.0,0.0,0.0,0.0
294.8689,0.93590707,0.93590707,0.0,0.0,2016-06-27 18:00:00,0.0,0.0,0.0,0.0,0.0
295.5327,0.9394407,0.9394407,0.0,0.0,2016-06-27 19:00:00,0.0,0.0,0.0,5.703991e-08,0.0
296.01074,1.0,1.0,0.0,0.0,2016-06-27 20:00:00,0.0,1.3721838e-06,0.0,1.2385526e-06,0.0
296.26294,1.0,1.0,0.15254015,0.0,2016-06-27 21:00:00,0.0,3.813414e-07,0.0,4.861292e-07,0.0
295.27124,0.91228795,0.91228795,0.0,0.0,2016-06-27 22:00:00,0.0,5.3452317e-07,0.0,4.0089236e-07,0.0
295.07935,0.8313673,0.8313673,0.0,0.0,2016-06-27 23:00:00,0.0,0.0,0.0,0.0,0.0
294.77637,0.569276,0.569276,0.0,0.0,2016-06-28 00:00:00,0.0,0.0,0.0,0.0,0.0
294.31128,0.48646808,0.48646808,0.0,0.0,2016-06-28 01:00:00,0.0,0.0,0.0,0.0,0.0
293.26416,0.6653609,0.6653609,0.0,0.0,2016-06-28 02:00:00,0.0,0.0,0.0,0.0,0.0
291.60718,0.7747174,0.7747174,0.0,0.0,2016-06-28 03:00:00,0.0,0.0,0.0,0.0,0.0
291.32886,0.88833976,0.88833976,0.0,0.0,2016-06-28 04:00:00,0.0,0.0,0.0,0.0,0.0
290.35913,0.8351566,0.8351566,0.0,0.0,2016-06-28 05:00:00,0.0,7.3172387e-06,0.0,0.0,7.3172387e-06
289.5681,0.82515705,0.82515705,0.0,0.0,2016-06-28 06:00:00,0.0,4.4587905e-06,0.0,0.0,4.4587905e-06
289.36865,0.7933643,0.7933643,0.0,0.0,2016-06-28 07:00:00,0.0,1.5253654e-06,0.0,1.9067068e-07,1.258104e-06
289.00513,0.6409428,0.6409428,0.004207764,0.0,2016-06-28 08:00:00,0.0,5.452832e-06,0.0,5.703991e-08,5.0714907e-06
287.99927,0.6790175,0.6790175,0.0,0.0,2016-06-28 09:00:00,0.0,3.2231292e-06,0.0,0.0,3.2231292e-06
287.36255,0.4853925,0.4853925,0.0,0.0,2016-06-28 10:00:00,0.0,0.0,0.0,0.0,0.0
287.39038,0.27010125,0.27010125,0.007457666,0.0,2016-06-28 11:00:00,0.0,0.0,0.0,0.0,0.0
288.12036,0.28282422,0.28282422,0.007457666,0.0,2016-06-28 12:00:00,0.0,0.0,0.0,0.0,0.0
289.11865,0.2831655,0.27570784,0.007457666,0.0,2016-06-28 13:00:00,0.0,0.0,0.0,0.0,0.0
289.7954,0.5329668,0.5329668,0.0,0.0,2016-06-28 14:00:00,0.0,0.0,0.0,0.0,0.0
291.91846,0.8079585,0.8079585,0.004207764,0.0,2016-06-28 15:00:00,0.0,0.0,0.0,0.0,0.0
292.0359,0.9773721,0.9773721,0.0,0.0,2016-06-28 16:00:00,0.0,0.0,0.0,0.0,0.0
292.74658,0.7946603,0.7946603,0.0,0.0,2016-06-28 17:00:00,1.0,8.758692e-06,0.0,8.663197e-06,0.0
293.53003,0.9694912,0.9694912,0.0,0.0,2016-06-28 18:00:00,1.0,2.840886e-05,0.0,2.8465889e-05,0.0
293.8125,0.8969612,0.8969612,0.3513599,0.0,2016-06-28 19:00:00,0.0,1.6009844e-06,0.0,1.591693e-06,0.0
294.39966,0.8273184,0.41641176,0.8114387,0.0,2016-06-28 20:00:00,0.0,0.0,0.0,0.0,0.0
294.6526,0.7709679,0.006024625,0.7709679,0.0,2016-06-28 21:00:00,0.0,0.0,0.0,0.0,0.0
295.98047,0.5409887,0.3670388,0.4584995,0.0,2016-06-28 22:00:00,0.0,0.0,0.0,0.0,0.0
296.27734,0.5785953,0.4407419,0.34449333,0.0,2016-06-28 23:00:00,0.0,0.0,0.0,0.0,0.0
296.16333,0.11274779,0.011474017,0.11274779,0.0,2016-06-29 00:00:00,0.0,0.0,0.0,0.0,0.0
295.5161,0.0071128868,0.0,0.0071128868,0.0,2016-06-29 01:00:00,0.0,0.0,0.0,0.0,0.0
293.4021,0.0,0.0,0.0,0.0,2016-06-29 02:00:00,0.0,0.0,0.0,0.0,0.0
290.8098,0.0,0.0,0.0,0.0,2016-06-29 03:00:00,0.0,0.0,0.0,0.0,0.0
289.7539,0.023074295,0.023074295,0.0,0.0,2016-06-29 04:00:00,0.0,0.0,0.0,0.0,0.0
289.06372,0.089968026,0.084135294,0.016078457,0.002103883,2016-06-29 05:00:00,0.0,0.0,0.0,0.0,0.0
288.5923,0.0100932345,0.0100932345,0.0,0.0,2016-06-29 06:00:00,0.0,0.0,0.0,0.0,0.0
288.55298,0.0047394857,0.0,0.0,0.0047394857,2016-06-29 07:00:00,0.0,0.0,0.0,0.0,0.0
288.37793,0.04707052,0.009099722,0.0,0.0379708,2016-06-29 08:00:00,0.0,0.0,0.0,0.0,0.0
288.09717,0.10952252,0.030601855,0.0,0.08219379,2016-06-29 09:00:00,0.0,0.0,0.0,0.0,0.0
287.26172,0.008620787,0.006995838,0.0,0.0016249504,2016-06-29 10:00:00,0.0,0.0,0.0,0.0,0.0
287.4165,0.18619514,0.023956567,0.0,0.17259556,2016-06-29 11:00:00,0.0,0.0,0.0,0.0,0.0
288.59692,0.5096336,0.014873948,0.0,0.4947768,2016-06-29 12:00:00,0.0,0.0,0.0,0.0,0.0
290.33545,0.46719915,0.0,0.0,0.46719915,2016-06-29 13:00:00,0.0,0.0,0.0,0.0,0.0
292.2356,0.7790313,0.0,0.0,0.7790313,2016-06-29 14:00:00,0.0,0.0,0.0,0.0,0.0
295.36572,0.8154307,0.0,0.0,0.8154307,2016-06-29 15:00:00,0.0,0.0,0.0,0.0,0.0
296.1919,0.8453271,0.08645934,0.0,0.83524203,2016-06-29 16:00:00,0.0,0.0,0.0,0.0,0.0
296.73682,0.8954076,0.41224676,0.019661963,0.83919764,2016-06-29 17:00:00,0.0,0.0,0.0,0.0,0.0
297.03516,0.731838,0.1297574,0.26020437,0.6252617,2016-06-29 18:00:00,0.0,0.0,0.0,0.0,0.0
297.82104,0.55652606,0.20666385,0.20371407,0.3193304,2016-06-29 19:00:00,0.0,0.0,0.0,0.0,0.0
298.03564,0.19213754,0.10164118,0.046080172,0.046520054,2016-06-29 20:00:00,0.0,0.0,0.0,0.0,0.0
298.66455,0.1052776,0.032546934,0.10051042,0.0,2016-06-29 21:00:00,0.0,0.0,0.0,0.0,0.0
298.9026,0.29381096,0.07958716,0.27713245,0.0,2016-06-29 22:00:00,0.0,0.0,0.0,0.0,0.0
299.021,0.038982373,0.014301442,0.025738258,0.0,2016-06-29 23:00:00,0.0,0.0,0.0,0.0,0.0
298.89355,0.0016249504,0.0,0.0,0.0016249504,2016-06-30 00:00:00,0.0,0.0,0.0,0.0,0.0
298.47852,0.03319589,0.0,0.0,0.03319589,2016-06-30 01:00:00,0.0,0.0,0.0,0.0,0.0
296.49536,0.045729984,0.0,0.0,0.045729984,2016-06-30 02:00:00,0.0,0.0,0.0,0.0,0.0
293.64746,0.076399386,0.0,0.0154113695,0.063091934,2016-06-30 03:00:00,0.0,0.0,0.0,0.0,0.0
292.75,0.06082645,0.0010573287,0.045198295,0.018457577,2016-06-30 04:00:00,0.0,0.0,0.0,0.0,0.0
291.94702,0.042944383,0.0,0.031470366,0.011474017,2016-06-30 05:00:00,0.0,0.0,0.0,0.0,0.0
291.75854,0.069901764,0.0,0.061681,0.014835194,2016-06-30 06:00:00,0.0,0.0,0.0,0.0,0.0
291.69165,0.056694686,0.005370889,0.05168812,0.005006563,2016-06-30 07:00:00,0.0,0.0,0.0,0.0,0.0
291.62207,0.07989305,0.0029026829,0.07989305,0.0,2016-06-30 08:00:00,0.0,0.0,0.0,0.0,0.0
290.77002,0.089352906,0.005003199,0.0859918,0.0,2016-06-30 09:00:00,0.0,0.0,0.0,0.0,0.0
290.74097,0.119196475,0.055347413,0.06968695,0.021189358,2016-06-30 10:00:00,0.0,0.0,0.0,0.0,0.0
290.98853,0.095457494,0.040858537,0.06855035,0.0015890491,2016-06-30 11:00:00,0.0,9.549569e-08,0.0,0.0,9.549569e-08
291.42285,0.47044456,0.12654251,0.39681274,0.0021566707,2016-06-30 12:00:00,0.0,0.0,0.0,0.0,0.0
292.99756,0.7620322,0.58967555,0.5567487,0.014301442,2016-06-30 13:00:00,0.0,0.0,0.0,0.0,0.0
294.22388,0.9767617,0.8292743,0.74755806,0.005298864,2016-06-30 14:00:00,0.0,2.864872e-05,0.0,2.8658003e-05,0.0
296.16748,0.97938573,0.60046464,0.8790647,0.0026356035,2016-06-30 15:00:00,1.0,8.591404e-05,0.0,8.430118e-05,1.8708306e-06
296.3391,0.7442312,0.302001,0.5582616,0.2536047,2016-06-30 16:00:00,1.0,0.0010992126,0.0,0.0009280534,0.00017150238
294.44946,0.6229024,0.28203124,0.37591296,0.21117818,2016-06-30 17:00:00,1.0,0.003488885,0.0,0.003243692,0.000245346
294.53003,0.28369612,0.21445411,0.108067214,0.04912751,2016-06-30 18:00:00,1.0,0.0031596057,0.0,0.0028951508,0.00026409212
295.23975,0.34591907,0.24597424,0.23493242,0.0,2016-06-30 19:00:00,1.0,7.0181064e-05,0.0,5.236696e-05,1.7642335e-05
294.5974,0.42459673,0.16052634,0.3896221,0.0,2016-06-30 20:00:00,1.0,0.00011059374,0.0,0.00010948625,9.549567e-07
295.33032,0.41439474,0.10980976,0.3892156,0.0033782488,2016-06-30 21:00:00,1.0,6.1351035e-05,0.0,6.1351035e-05,0.0
296.82373,0.56885445,0.043640595,0.49374616,0.3516013,2016-06-30 22:00:00,1.0,0.000499425,0.0,0.00049965386,0.0
295.96582,0.28619576,0.038549054,0.2828248,0.0033782488,2016-06-30 23:00:00,1.0,0.00066640414,0.0,0.0006642486,2.3079156e-06
295.5415,0.32612485,0.057612374,0.30928332,0.005298864,2016-07-01 00:00:00,1.0,2.605484e-05,0.0,1.6956183e-05,9.232285e-06
294.6963,0.3011009,0.11473614,0.2816363,0.0,2016-07-01 01:00:00,0.0,2.6495136e-06,0.0,2.6017651e-06,0.0
293.49,0.13278258,0.047450736,0.11265159,0.0,2016-07-01 02:00:00,0.0,0.0,0.0,0.0,0.0
290.969,0.037199378,0.0,0.037199378,0.0,2016-07-01 03:00:00,0.0,0.0,0.0,0.0,0.0
290.06982,0.019880515,0.014873948,0.008384813,0.0,2016-07-01 04:00:00,0.0,0.0,0.0,0.0,0.0
289.18872,0.05312777,0.049766622,0.0100932345,0.0,2016-07-01 05:00:00,0.0,0.0,0.0,0.0,0.0
288.20532,0.09522861,0.09522861,0.005003199,0.0,2016-07-01 06:00:00,0.0,0.0,0.0,0.0,0.0
288.0481,0.120726645,0.120726645,0.0,0.0,2016-07-01 07:00:00,0.0,0.0,0.0,0.0,0.0
287.58594,0.18586963,0.18586963,0.0,0.0,2016-07-01 08:00:00,0.0,0.0,0.0,0.0,0.0
285.88208,0.22530282,0.22530282,0.0,0.0,2016-07-01 09:00:00,0.0,0.0,0.0,0.0,0.0
285.5598,0.31960493,0.31960493,0.0,0.0,2016-07-01 10:00:00,0.0,0.0,0.0,0.0,0.0
285.46143,0.17585039,0.17585039,0.0,0.0,2016-07-01 11:00:00,0.0,0.0,0.0,0.0,0.0
285.77344,0.042924263,0.042924263,0.0,0.0,2016-07-01 12:00:00,0.0,0.0,0.0,0.0,0.0
286.4016,0.036653068,0.036653068,0.0,0.0,2016-07-01 13:00:00,0.0,0.0,0.0,0.0,0.0
287.7395,0.07881355,0.07881355,0.0,0.0,2016-07-01 14:00:00,0.0,0.0,0.0,0.0,0.0
290.17944,0.33033288,0.33033288,0.0,0.0,2016-07-01 15:00:00,0.0,0.0,0.0,0.0,0.0
291.13013,0.05805039,0.055946507,0.0,0.002103883,2016-07-01 16:00:00,0.0,0.0,0.0,0.0,0.0
292.12036,0.163432,0.00053172023,0.0,0.16290635,2016-07-01 17:00:00,0.0,0.0,0.0,0.0,0.0
292.84375,0.27024108,0.0026463778,0.0,0.26918375,2016-07-01 18:00:00,0.0,0.0,0.0,0.0,0.0
293.9668,0.12475848,0.0,0.0,0.12475848,2016-07-01 19:00:00,0.0,0.0,0.0,0.0,0.0
294.6599,0.46726012,0.035568055,0.0,0.45517302,2016-07-01 20:00:00,0.0,0.0,0.0,0.0,0.0
295.4702,0.38557398,0.0033782488,0.0,0.38557398,2016-07-01 21:00:00,0.0,0.0,0.0,0.0,0.0
295.45508,0.054337997,0.0015890491,0.0,0.05328067,2016-07-01 22:00:00,0.0,0.0,0.0,0.0,0.0
295.43408,0.7224212,0.0,0.0,0.7224212,2016-07-01 23:00:00,0.0,0.0,0.0,0.0,0.0
295.07007,0.98858565,0.0,0.0,0.98858565,2016-07-02 00:00:00,0.0,0.0,0.0,0.0,0.0
294.60278,0.98378986,0.0,0.0,0.98378986,2016-07-02 01:00:00,0.0,0.0,0.0,0.0,0.0
292.91235,0.9832786,0.0,0.0,0.9832786,2016-07-02 02:00:00,0.0,0.0,0.0,0.0,0.0
290.43994,0.9599339,0.00053172023,0.0,0.9599339,2016-07-02 03:00:00,0.0,0.0,0.0,0.0,0.0
290.07983,0.97340053,0.0,0.0,0.97340053,2016-07-02 04:00:00,0.0,0.0,0.0,0.0,0.0
289.0835,0.8405865,0.0,0.0,0.8405865,2016-07-02 05:00:00,0.0,0.0,0.0,0.0,0.0
288.33545,0.57303834,0.0,0.0,0.57303834,2016-07-02 06:00:00,0.0,0.0,0.0,0.0,0.0
288.08984,0.21532679,0.0,0.0,0.21532679,2016-07-02 07:00:00,0.0,0.0,0.0,0.0,0.0
287.72778,0.24902195,0.0,0.028352734,0.24401873,2016-07-02 08:00:00,0.0,0.0,0.0,0.0,0.0
286.7693,0.056553587,0.0,0.035924975,0.04145715,2016-07-02 09:00:00,0.0,0.0,0.0,0.0,0.0
287.2976,0.1890707,0.01709488,0.1736008,0.016832627,2016-07-02 10:00:00,0.0,0.0,0.0,0.0,0.0
287.40112,0.35221022,0.008170214,0.34878922,0.00998199,2016-07-02 11:00:00,0.0,0.0,0.0,0.0,0.0
288.5564,0.40739244,0.0,0.40739244,0.0067320913,2016-07-02 12:00:00,0.0,0.0,0.0,0.0,0.0
289.88965,0.3207398,0.006631516,0.31648535,0.0,2016-07-02 13:00:00,0.0,0.0,0.0,0.0,0.0
291.7683,0.029661182,0.012828555,0.016832627,0.0,2016-07-02 14:00:00,0.0,0.0,0.0,0.0,0.0
295.1162,0.024084948,0.024084948,0.0037288337,0.0,2016-07-02 15:00:00,0.0,0.0,0.0,0.0,0.0
295.74756,0.22294825,0.22294825,0.0048919544,0.0,2016-07-02 16:00:00,0.0,0.0,0.0,0.0,0.0
296.635,0.50986266,0.49770236,0.13962346,0.0,2016-07-02 17:00:00,0.0,0.0,0.0,0.0,0.0
296.8794,0.5710911,0.06180422,0.5700277,0.0,2016-07-02 18:00:00,0.0,0.0,0.0,0.0,0.0
297.4209,0.7320455,0.005860377,0.730982,0.0026463778,2016-07-02 19:00:00,0.0,0.0,0.0,0.0,0.0
297.94824,0.81779885,0.0,0.78868365,0.11693066,2016-07-02 20:00:00,0.0,0.0,0.0,0.0,0.0
298.28882,0.8102777,0.0,0.75269455,0.21652389,2016-07-02 21:00:00,0.0,0.0,0.0,0.0,0.0
298.7058,0.7861433,0.024553917,0.5792394,0.4772452,2016-07-02 22:00:00,0.0,0.0,0.0,0.0,0.0
298.49927,0.9846834,0.011150561,0.7074387,0.95311975,2016-07-02 23:00:00,0.0,0.0,0.0,0.0,0.0
298.5481,0.96157277,0.0,0.49674457,0.89894474,2016-07-03 00:00:00,0.0,0.0,0.0,0.0,0.0
297.66113,0.1275379,0.00053172023,0.10339117,0.026517697,2016-07-03 01:00:00,0.0,0.0,0.0,0.0,0.0
295.39624,0.058199033,0.0021207693,0.052927826,0.0057968125,2016-07-03 02:00:00,0.0,0.0,0.0,0.0,0.0
293.16113,0.06799567,0.018759307,0.038980242,0.032732543,2016-07-03 03:00:00,0.0,0.0,0.0,0.0,0.0
292.55322,0.09139401,0.02258782,0.03887844,0.049637068,2016-07-03 04:00:00,0.0,0.0,0.0,0.0,0.0
292.09985,0.096981764,0.035258424,0.06316328,0.03458137,2016-07-03 05:00:00,0.0,0.0,0.0,0.0,0.0
290.59668,0.1154573,0.032748293,0.077492,0.03847995,2016-07-03 06:00:00,0.0,0.0,0.0,0.0,0.0
289.97852,0.14205629,0.0513727,0.11791217,0.010290984,2016-07-03 07:00:00,0.0,0.0,0.0,0.0,0.0
289.68604,0.053294685,0.024880346,0.051173914,0.0021207693,2016-07-03 08:00:00,0.0,0.0,0.0,0.0,0.0
288.42822,0.015628155,0.013471484,0.01173529,0.00053172023,2016-07-03 09:00:00,0.0,0.0,0.0,0.0,0.0
288.69092,0.02986782,0.0,0.021390855,0.008476965,2016-07-03 10:00:00,0.0,0.0,0.0,0.0,0.0
288.8474,0.008713014,0.0,0.005534917,0.0031780982,2016-07-03 11:00:00,0.0,0.0,0.0,0.0,0.0
289.3689,0.042154893,0.027345449,0.03766316,0.0021207693,2016-07-03 12:00:00,0.0,0.0,0.0,0.0,0.0
290.75903,0.016262922,0.015731204,0.013891961,0.0,2016-07-03 13:00:00,0.0,0.0,0.0,0.0,0.0
292.6272,0.015514165,0.015514165,0.0,0.0,2016-07-03 14:00:00,1.0,5.6131257e-06,0.0,5.651261e-06,0.0
295.47632,0.5272999,0.028736323,0.5149075,0.0,2016-07-03 15:00:00,1.0,0.00015470541,0.0,0.00014919261,5.837417e-06
296.2202,0.6792844,0.5018006,0.5703663,0.0,2016-07-03 16:00:00,1.0,2.0429565e-05,0.0,1.1300159e-05,8.995786e-06
296.9182,0.632779,0.4268,0.58200353,0.0,2016-07-03 17:00:00,1.0,1.5253654e-06,0.0,1.2401661e-06,0.0
297.57642,0.39628595,0.21021777,0.36479253,0.0,2016-07-03 18:00:00,0.0,0.0,0.0,0.0,0.0
297.9944,0.3151114,0.28566843,0.1433658,0.0,2016-07-03 19:00:00,0.0,0.0,0.0,0.0,0.0
298.4402,0.4364304,0.42769837,0.2513581,0.0,2016-07-03 20:00:00,0.0,0.0,0.0,0.0,0.0
298.9673,0.360323,0.19733745,0.30142814,0.0,2016-07-03 21:00:00,0.0,0.0,0.0,0.0,0.0
298.6438,0.24672693,0.13397616,0.14628768,0.0,2016-07-03 22:00:00,0.0,0.0,0.0,0.0,0.0
298.6599,0.14813024,0.08372784,0.09471375,0.0,2016-07-03 23:00:00,0.0,0.0,0.0,0.0,0.0
298.2666,0.03333883,0.02357202,0.03333883,0.0,2016-07-04 00:00:00,0.0,0.0,0.0,0.0,0.0
297.4336,0.0,0.0,0.0,0.0,2016-07-04 01:00:00,0.0,0.0,0.0,0.0,0.0
295.49414,0.0,0.0,0.0,0.0,2016-07-04 02:00:00,0.0,0.0,0.0,0.0,0.0
293.17627,0.0,0.0,0.0,0.0,2016-07-04 03:00:00,0.0,0.0,0.0,0.0,0.0
292.61157,0.0,0.0,0.0,0.0,2016-07-04 04:00:00,0.0,0.0,0.0,0.0,0.0
291.469,0.0,0.0,0.0,0.0,2016-07-04 05:00:00,0.0,0.0,0.0,0.0,0.0
290.65137,0.0015890491,0.0,0.0,0.0015890491,2016-07-04 06:00:00,0.0,0.0,0.0,0.0,0.0
290.51343,0.0094195865,0.0,0.0,0.0094195865,2016-07-04 07:00:00,0.0,0.0,0.0,0.0,0.0
290.0747,0.0,0.0,0.0,0.0,2016-07-04 08:00:00,0.0,0.0,0.0,0.0,0.0
289.6289,0.0,0.0,0.0,0.0,2016-07-04 09:00:00,0.0,0.0,0.0,0.0,0.0
288.3589,0.0,0.0,0.0,0.0,2016-07-04 10:00:00,0.0,0.0,0.0,0.0,0.0
288.46924,0.0,0.0,0.0,0.0,2016-07-04 11:00:00,0.0,0.0,0.0,0.0,0.0
289.6006,0.0,0.0,0.0,0.0,2016-07-04 12:00:00,0.0,0.0,0.0,0.0,0.0
291.32324,0.1375019,0.0037288337,0.0,0.13539797,2016-07-04 13:00:00,0.0,0.0,0.0,0.0,0.0
292.9214,0.5036621,0.2068463,0.026153374,0.37666446,2016-07-04 14:00:00,0.0,0.0,0.0,0.0,0.0
295.61475,0.95379263,0.9008745,0.0,0.60938334,2016-07-04 15:00:00,0.0,0.0,0.0,0.0,0.0
296.21973,1.0,0.9899067,0.0,0.6911991,2016-07-04 16:00:00,0.0,2.6726156e-07,0.0,4.579323e-07,0.0
296.5818,0.998375,0.998375,0.051777616,0.21795052,2016-07-04 17:00:00,0.0,0.0,0.0,0.0,0.0
297.41602,0.9176664,0.8864644,0.17090636,0.010356981,2016-07-04 18:00:00,0.0,0.0,0.0,0.0,0.0
297.51074,0.97552913,0.9710543,0.0021566707,0.079594076,2016-07-04 19:00:00,0.0,1.3910896e-05,0.0,1.3967936e-05,0.0
298.39917,0.98316735,0.98316735,0.040864788,0.037123334,2016-07-04 20:00:00,0.0,0.0,0.0,0.0,0.0
298.26025,1.0,1.0,0.011259723,0.0,2016-07-04 21:00:00,1.0,6.300189e-07,0.0,5.82271e-07,0.0
298.52637,1.0,1.0,0.0,0.03421173,2016-07-04 22:00:00,0.0,4.924137e-06,0.0,5.105516e-06,0.0
297.98706,0.95634544,0.95634544,0.017456762,0.07964349,2016-07-04 23:00:00,0.0,4.8107086e-06,0.0,5.0013787e-06,0.0
297.36475,0.7393184,0.71979827,0.029389277,0.0517185,2016-07-05 00:00:00,0.0,9.549569e-08,0.0,0.0,0.0
297.18115,0.48194188,0.38177383,0.03710586,0.1445911,2016-07-05 01:00:00,0.0,0.0,0.0,0.0,0.0
296.31104,0.32461005,0.16932929,0.0,0.18114954,2016-07-05 02:00:00,0.0,0.0,0.0,0.0,0.0
294.78906,0.27608752,0.05209686,0.0,0.2560985,2016-07-05 03:00:00,0.0,0.0,0.0,0.0,0.0
294.3999,0.0726974,0.0057492107,0.0,0.066948235,2016-07-05 04:00:00,1.0,0.0,0.0,0.0,0.0
293.56396,0.008651894,0.008651894,0.0,0.0,2016-07-05 05:00:00,0.0,0.0,0.0,0.0,0.0
292.85254,0.005273644,0.005273644,0.0,0.0,2016-07-05 06:00:00,0.0,0.0,0.0,0.0,0.0
293.04517,0.0,0.0,0.0,0.0,2016-07-05 07:00:00,0.0,1.14079796e-07,0.0,0.0,1.14079796e-07
292.94873,0.005370889,0.0,0.005370889,0.0,2016-07-05 08:00:00,0.0,0.0,0.0,0.0,0.0
292.11035,0.007457666,0.0,0.007457666,0.0,2016-07-05 09:00:00,0.0,0.0,0.0,0.0,0.0
293.34253,0.13595265,0.0,0.11038798,0.035657898,2016-07-05 10:00:00,0.0,0.0,0.0,0.0,0.0
293.40942,0.3274135,0.0,0.22974342,0.16170818,2016-07-05 11:00:00,0.0,0.0,0.0,0.0,0.0
293.76904,0.52822024,0.0,0.0023709626,0.52822024,2016-07-05 12:00:00,0.0,0.0,0.0,0.0,0.0
294.4956,0.33779716,0.0,0.0,0.33779716,2016-07-05 13:00:00,0.0,0.0,0.0,0.0,0.0
295.8523,0.34078783,0.0,0.0,0.34078783,2016-07-05 14:00:00,0.0,0.0,0.0,0.0,0.0
298.81567,0.17770314,0.0,0.0033782488,0.17432487,2016-07-05 15:00:00,0.0,0.0,0.0,0.0,0.0
300.34204,0.23507541,0.0,0.0,0.23507541,2016-07-05 16:00:00,0.0,0.0,0.0,0.0,0.0
301.44507,0.5638595,0.0,0.12543458,0.521787,2016-07-05 17:00:00,0.0,0.0,0.0,0.0,0.0
301.85693,0.7404702,0.0,0.3093279,0.6267659,2016-07-05 18:00:00,0.0,2.6726156e-07,0.0,4.0089236e-07,0.0
302.59155,0.86510986,0.0010573287,0.27556765,0.8494538,2016-07-05 19:00:00,0.0,0.0,0.0,0.0,0.0
303.3401,0.9700548,0.03656023,0.37937278,0.9493232,2016-07-05 20:00:00,0.0,4.261064e-05,0.0,4.2648782e-05,0.0
303.5349,0.9949968,0.0,0.17010611,0.9949968,2016-07-05 21:00:00,0.0,5.2115996e-05,0.0,5.2115996e-05,0.0
301.92505,0.88109654,0.5824202,0.43436682,0.5091127,2016-07-05 22:00:00,0.0,0.0,0.0,0.0,0.0
300.4756,1.0,0.6633116,0.28579295,1.0,2016-07-05 23:00:00,1.0,5.3452313e-06,0.0,5.3452313e-06,0.0
298.28076,1.0,0.55707955,0.5725292,1.0,2016-07-06 00:00:00,1.0,0.001935415,0.0,0.0018920903,4.3344233e-05
295.4082,1.0,0.028567918,0.96782595,1.0,2016-07-06 01:00:00,1.0,0.010830611,0.0,0.010692816,0.00013788971
293.94482,1.0,0.005832717,0.19622588,1.0,2016-07-06 02:00:00,1.0,0.006204445,0.0,0.0058296956,0.0003747181
292.87256,0.7139866,0.002103883,0.0,0.7139866,2016-07-06 03:00:00,1.0,0.002723224,0.0,0.0026553452,6.758327e-05
292.52466,0.14729351,0.0,0.0,0.14729351,2016-07-06 04:00:00,1.0,0.0037720192,0.0,0.0037367926,3.5074365e-05
291.72437,0.6879635,0.0,0.0,0.6879635,2016-07-06 05:00:00,1.0,0.00062206015,0.0,0.0006028211,1.8971681e-05
291.76758,0.79980665,0.040915187,0.0065169036,0.78655034,2016-07-06 06:00:00,1.0,1.5919664e-05,0.0,0.0,1.5919664e-05
291.75342,0.7720849,0.13065094,0.14141464,0.7199736,2016-07-06 07:00:00,0.0,0.0,0.0,0.0,0.0
291.70557,0.8618221,0.00053172023,0.116536796,0.8436983,2016-07-06 08:00:00,0.0,0.0,0.0,0.0,0.0
291.73584,0.9966217,0.0026463778,0.15942657,0.9966217,2016-07-06 09:00:00,0.0,0.0,0.0,0.0,0.0
291.25684,0.9913792,0.16887134,0.28003812,0.9913792,2016-07-06 10:00:00,0.0,7.639659e-07,0.0,0.0,7.639659e-07
291.38892,0.62194335,0.10982132,0.057184663,0.5923998,2016-07-06 11:00:00,0.0,5.7297444e-07,0.0,0.0,5.7297444e-07
291.78003,0.4323184,0.005298864,0.0033782488,0.42895722,2016-07-06 12:00:00,0.0,0.0,0.0,0.0,0.0
292.9099,0.6347697,0.0,0.0,0.6347697,2016-07-06 13:00:00,0.0,0.0,0.0,0.0,0.0
294.5454,0.8908976,0.0063309744,0.0,0.8908976,2016-07-06 14:00:00,0.0,0.0,0.0,0.0,0.0
297.17065,1.0,0.033768337,0.0,1.0,2016-07-06 15:00:00,0.0,0.0,0.0,0.0,0.0
298.88135,0.995108,0.013244111,0.0,0.995108,2016-07-06 16:00:00,0.0,0.0,0.0,0.0,0.0
299.93652,0.97192246,0.0021207693,0.0512646,0.9702975,2016-07-06 17:00:00,0.0,0.0,0.0,0.0,0.0
300.56104,0.8394293,0.0034282913,0.17928427,0.8149865,2016-07-06 18:00:00,0.0,0.0,0.0,0.0,0.0
301.14087,0.2317239,0.009509072,0.04072639,0.19249707,2016-07-06 19:00:00,0.0,0.0,0.0,0.0,0.0
301.65674,0.14306486,0.014726561,0.02442557,0.10950494,2016-07-06 20:00:00,0.0,0.0,0.0,0.0,0.0
302.21143,0.14667213,0.039625738,0.07503301,0.049956407,2016-07-06 21:00:00,0.0,0.0,0.0,0.0,0.0
302.40454,0.50167197,0.0,0.33431196,0.27245158,2016-07-06 22:00:00,0.0,0.0,0.0,0.0,0.0
302.20947,0.17691708,0.0,0.0,0.17691708,2016-07-06 23:00:00,0.0,0.0,0.0,0.0,0.0
301.73315,0.043085903,0.0,0.0,0.043085903,2016-07-07 00:00:00,0.0,0.0,0.0,0.0,0.0
301.1526,0.06168686,0.0,0.0,0.06168686,2016-07-07 01:00:00,0.0,0.0,0.0,0.0,0.0
298.6272,0.051011335,0.0,0.0,0.051011335,2016-07-07 02:00:00,0.0,0.0,0.0,0.0,0.0
296.06055,0.94459236,0.0,0.0,0.94459236,2016-07-07 03:00:00,0.0,0.0,0.0,0.0,0.0
295.15332,0.70667785,0.0,0.0,0.70667785,2016-07-07 04:00:00,0.0,0.0,0.0,0.0,0.0
294.36914,1.0,0.0,0.0,1.0,2016-07-07 05:00:00,0.0,0.0,0.0,0.0,0.0
293.56543,1.0,0.0,0.0,1.0,2016-07-07 06:00:00,0.0,0.0,0.0,0.0,0.0
293.70557,1.0,0.0,0.022113048,1.0,2016-07-07 07:00:00,0.0,0.0,0.0,0.0,0.0
294.0017,1.0,0.0,0.32151008,1.0,2016-07-07 08:00:00,0.0,0.0,0.0,0.0,0.0
293.22192,1.0,0.0,0.25746876,1.0,2016-07-07 09:00:00,0.0,1.0767366e-05,0.0,1.3363078e-06,9.698319e-06
292.8181,1.0,0.0,0.84308517,1.0,2016-07-07 10:00:00,1.0,0.00047890795,0.0,0.00022514726,0.00025339797
292.73315,1.0,0.0010573287,0.88429034,1.0,2016-07-07 11:00:00,1.0,0.001356438,0.0,0.0005027605,0.0008535632
292.52832,1.0,0.007138107,0.2178697,1.0,2016-07-07 12:00:00,1.0,0.001459138,0.0,0.0005112109,0.0009481944
292.85522,1.0,0.050212085,0.15044588,1.0,2016-07-07 13:00:00,1.0,0.001415801,0.0,0.0008384469,0.00057762116
293.40503,0.9931566,0.14796376,0.1350525,0.9876278,2016-07-07 14:00:00,1.0,0.00060439156,0.0,0.00033810176,0.00026638526
295.72095,0.93235165,0.21543384,0.15448743,0.9169954,2016-07-07 15:00:00,1.0,0.0009119257,0.0,0.00028727693,0.0006241142
296.39233,0.9916152,0.23487806,0.08158165,0.99055785,2016-07-07 16:00:00,1.0,0.002344179,0.0,0.0011828511,0.0011614033
297.26782,0.97779065,0.17511481,0.03423757,0.9722416,2016-07-07 17:00:00,1.0,0.0009062623,0.0,0.0004160537,0.0004901795
297.91992,0.9978961,0.43051463,0.06458825,0.99736434,2016-07-07 18:00:00,1.0,6.809665e-05,0.0,3.9549006e-05,2.8567185e-05
298.76587,0.94435775,0.14896345,0.18206823,0.9122655,2016-07-07 19:00:00,0.0,7.4717036e-06,0.0,6.908983e-06,3.813414e-07
299.53467,1.0,0.07706404,0.3273558,1.0,2016-07-07 20:00:00,0.0,1.7189232e-06,0.0,1.4801835e-06,1.9099144e-07
299.8423,0.9978961,0.009103052,0.3308323,0.9978961,2016-07-07 21:00:00,0.0,0.0,0.0,0.0,0.0
299.74243,0.6671427,0.12674469,0.039861433,0.5950093,2016-07-07 22:00:00,0.0,0.0,0.0,0.0,0.0
299.77954,1.0,0.064704776,0.26465136,1.0,2016-07-07 23:00:00,0.0,3.5950157e-05,0.0,3.5997902e-05,0.0
298.15747,1.0,0.020210877,0.3084619,1.0,2016-07-08 00:00:00,1.0,0.00021438872,0.0,0.00021340491,9.549567e-07
297.34058,0.7112444,0.0,0.08609867,0.70191354,2016-07-08 01:00:00,0.0,0.00027784542,0.0,0.00023759739,4.0114566e-05
296.42847,0.19645977,0.0,0.016394954,0.18169707,2016-07-08 02:00:00,0.0,4.8277027e-05,0.0,0.0,4.8277027e-05
295.35596,0.540404,0.1857301,0.11583817,0.42854142,2016-07-08 03:00:00,0.0,0.0,0.0,0.0,0.0
294.71582,0.98940223,0.9862241,0.18962115,0.7223355,2016-07-08 04:00:00,0.0,9.549569e-08,0.0,0.0,9.549569e-08
294.41772,0.60189056,0.5671643,0.027364101,0.1013087,2016-07-08 05:00:00,1.0,0.0,0.0,0.0,0.0
294.06006,0.122707486,0.11596811,0.01736435,0.0,2016-07-08 06:00:00,1.0,6.300189e-07,0.0,0.0,6.300189e-07
293.94824,0.01173529,0.01173529,0.0,0.0,2016-07-08 07:00:00,0.0,9.549569e-08,0.0,0.0,9.549569e-08
293.38037,0.0,0.0,0.0,0.0,2016-07-08 08:00:00,0.0,0.0,0.0,0.0,0.0
292.18042,0.0016249504,0.0016249504,0.0,0.0,2016-07-08 09:00:00,0.0,0.0,0.0,0.0,0.0
291.26685,0.37336522,0.0016249504,0.36511213,0.009895153,2016-07-08 10:00:00,1.0,0.0,0.0,0.0,0.0
291.42578,0.28625554,0.11013639,0.1995244,0.019550718,2016-07-08 11:00:00,1.0,0.0,0.0,0.0,1.14079796e-07
291.5747,0.22312516,0.08652097,0.14073521,0.04518536,2016-07-08 12:00:00,1.0,0.0,0.0,0.0,1.14079796e-07
292.25024,0.28317004,0.21551967,0.14850998,0.0,2016-07-08 13:00:00,1.0,0.0,0.0,0.0,9.549569e-08
293.10205,0.42327666,0.38471365,0.17892808,0.0,2016-07-08 14:00:00,1.0,2.6117032e-06,0.0,7.626828e-07,1.8490209e-06
294.63672,0.50152767,0.4870537,0.19747192,0.0,2016-07-08 15:00:00,1.0,3.212235e-05,0.0,2.554663e-05,6.0988777e-06
295.062,0.9839215,0.9839215,0.37157327,0.0,2016-07-08 16:00:00,1.0,2.9577976e-05,0.0,2.4727284e-05,5.1842962e-06
295.48755,0.89507765,0.8859917,0.24160749,0.0,2016-07-08 17:00:00,1.0,2.9065239e-05,0.0,2.8951166e-05,3.813414e-07
296.07153,0.9738211,0.9738211,0.16792083,0.0,2016-07-08 18:00:00,1.0,2.0524501e-05,0.0,2.0896565e-05,0.0
296.19604,0.96320575,0.9577407,0.40616184,0.0,2016-07-08 19:00:00,1.0,3.844306e-05,0.0,3.8367114e-05,0.0
297.07837,0.9968219,0.9968219,0.7455448,0.0,2016-07-08 20:00:00,0.0,4.4110056e-05,0.0,4.4443965e-05,0.0
298.02637,0.9653356,0.9653356,0.64516246,0.0,2016-07-08 21:00:00,1.0,8.924034e-06,0.0,8.790403e-06,0.0
298.2422,0.85586435,0.80904675,0.42499882,0.016374167,2016-07-08 22:00:00,0.0,2.6726156e-07,0.0,4.0089236e-07,0.0
298.2566,0.45113814,0.32556576,0.30662203,0.0,2016-07-08 23:00:00,0.0,0.0,0.0,1.3363075e-07,0.0
297.76392,0.32459986,0.16333163,0.26868677,0.0,2016-07-09 00:00:00,0.0,0.0,0.0,0.0,0.0
297.0952,0.3431337,0.27736527,0.19095671,0.0,2016-07-09 01:00:00,0.0,0.0,0.0,0.0,0.0
296.00977,0.25175297,0.22719556,0.08171731,0.0,2016-07-09 02:00:00,0.0,0.0,0.0,0.0,0.0
294.45776,0.23279464,0.18897682,0.09660435,0.0,2016-07-09 03:00:00,0.0,0.0,0.0,0.0,0.0
293.5298,0.036185976,0.025825623,0.026169367,0.0,2016-07-09 04:00:00,0.0,0.0,0.0,0.0,0.0
292.22266,0.004307229,0.004307229,0.0,0.0,2016-07-09 05:00:00,0.0,0.0,0.0,0.0,0.0
291.177,0.0,0.0,0.0,0.0,2016-07-09 06:00:00,0.0,0.0,0.0,0.0,0.0
290.17456,0.0,0.0,0.0,0.0,2016-07-09 07:00:00,0.0,0.0,0.0,0.0,0.0
289.39648,0.0,0.0,0.0,0.0,2016-07-09 08:00:00,0.0,0.0,0.0,0.0,0.0
289.9248,0.0,0.0,0.0,0.0,2016-07-09 09:00:00,0.0,0.0,0.0,0.0,0.0
289.2683,0.0,0.0,0.0,0.0,2016-07-09 10:00:00,0.0,0.0,0.0,0.0,0.0
289.302,0.0021207693,0.0,0.0,0.0021207693,2016-07-09 11:00:00,0.0,0.0,0.0,0.0,0.0
290.26514,0.0,0.0,0.0,0.0,2016-07-09 12:00:00,0.0,0.0,0.0,0.0,0.0
291.25635,0.0,0.0,0.0,0.0,2016-07-09 13:00:00,0.0,0.0,0.0,0.0,0.0
292.8933,0.0,0.0,0.0,0.0,2016-07-09 14:00:00,0.0,0.0,0.0,0.0,0.0
295.7517,0.0,0.0,0.0,0.0,2016-07-09 15:00:00,0.0,0.0,0.0,0.0,0.0
296.82422,0.0,0.0,0.0,0.0,2016-07-09 16:00:00,0.0,0.0,0.0,0.0,0.0
297.8147,0.014189757,0.014189757,0.0,0.0,2016-07-09 17:00:00,0.0,0.0,0.0,0.0,0.0
298.5681,0.14345491,0.14345491,0.0,0.0,2016-07-09 18:00:00,0.0,0.0,0.0,0.0,0.0
299.23755,0.55497295,0.55497295,0.0,0.0,2016-07-09 19:00:00,0.0,0.0,0.0,0.0,0.0
299.6018,0.67902654,0.67740154,0.13368213,0.0,2016-07-09 20:00:00,0.0,0.0,0.0,0.0,0.0
300.1399,0.82802415,0.82802415,0.28302634,0.0,2016-07-09 21:00:00,0.0,0.0,0.0,0.0,0.0
300.15747,0.7361008,0.6709488,0.3934719,0.0,2016-07-09 22:00:00,0.0,0.0,0.0,0.0,0.0
299.99,0.27287632,0.27287632,0.043782897,0.0,2016-07-09 23:00:00,0.0,0.0,0.0,0.0,0.0
299.4917,0.00053172023,0.00053172023,0.0,0.0,2016-07-10 00:00:00,0.0,0.0,0.0,0.0,0.0
298.76636,0.0010573287,0.0010573287,0.0,0.0,2016-07-10 01:00:00,0.0,0.0,0.0,0.0,0.0
297.52466,0.007107079,0.0,0.0,0.007107079,2016-07-10 02:00:00,0.0,0.0,0.0,0.0,0.0
295.51318,0.37352812,0.0,0.0,0.37352812,2016-07-10 03:00:00,0.0,0.0,0.0,0.0,0.0
294.97095,0.9989426,0.0,0.0,0.9989426,2016-07-10 04:00:00,0.0,0.0,0.0,0.0,0.0
294.3667,1.0,0.0,0.0,1.0,2016-07-10 05:00:00,0.0,0.0,0.0,0.0,0.0
293.5774,1.0,0.0,0.0,1.0,2016-07-10 06:00:00,0.0,0.0,0.0,0.0,0.0
293.59155,1.0,0.0,0.0,1.0,2016-07-10 07:00:00,0.0,0.0,0.0,0.0,0.0
293.49634,1.0,0.0,0.02129684,1.0,2016-07-10 08:00:00,0.0,0.0,0.0,0.0,0.0
293.2854,1.0,0.043075122,0.19720155,1.0,2016-07-10 09:00:00,1.0,0.00010800826,0.0,8.518946e-05,2.2828084e-05
292.26025,1.0,0.7946408,0.10894817,1.0,2016-07-10 10:00:00,1.0,0.0011493433,0.0,0.000799397,0.0003495647
291.5647,1.0,0.06831241,0.47433388,1.0,2016-07-10 11:00:00,1.0,0.0011788884,0.0,0.0004949239,0.0006839258
291.5503,1.0,0.016210135,0.65324414,1.0,2016-07-10 12:00:00,1.0,0.00032694358,0.0,0.0,0.00032694358
291.8606,1.0,0.05361898,0.6618956,1.0,2016-07-10 13:00:00,1.0,1.49914995e-05,0.0,0.0,1.49914995e-05
292.24536,1.0,0.03445253,0.44838542,1.0,2016-07-10 14:00:00,1.0,2.2890803e-05,0.0,0.0,2.2890803e-05
293.74854,1.0,0.11078626,0.4719007,1.0,2016-07-10 15:00:00,1.0,3.3454227e-05,0.0,0.0,3.3454227e-05
294.86646,1.0,0.44370133,0.47759444,0.99289286,2016-07-10 16:00:00,1.0,3.492825e-05,0.0,0.0,3.4832745e-05
295.6582,0.98999536,0.84231937,0.11140698,0.94213957,2016-07-10 17:00:00,1.0,0.00028999732,0.0,0.0002676209,2.2681095e-05
296.50098,0.96051925,0.8896088,0.0067320913,0.68916917,2016-07-10 18:00:00,1.0,6.917314e-05,0.0,6.711486e-05,1.9816844e-06
298.06543,0.9184094,0.88017786,0.0,0.28078073,2016-07-10 19:00:00,0.0,1.9099144e-07,0.0,0.0,1.9099144e-07
299.16846,0.7465154,0.55178416,0.0,0.28345108,2016-07-10 20:00:00,0.0,0.0,0.0,0.0,0.0
299.81372,0.37447673,0.34988958,0.0,0.04502709,2016-07-10 21:00:00,0.0,0.0,0.0,0.0,0.0
300.22607,0.83750963,0.7909155,0.026002899,0.20274806,2016-07-10 22:00:00,0.0,0.0,0.0,0.0,0.0
300.19092,0.97529036,0.9321015,0.3073451,0.60216826,2016-07-10 23:00:00,0.0,0.0,0.0,0.0,0.0
299.937,0.9743289,0.47154367,0.48184663,0.9350094,2016-07-11 00:00:00,0.0,0.0,0.0,0.0,0.0
299.28662,0.9989426,0.020782005,0.30422032,0.9989426,2016-07-11 01:00:00,0.0,0.0,0.0,0.0,0.0
298.37305,1.0,0.004767146,0.0050234497,1.0,2016-07-11 02:00:00,0.0,0.0,0.0,0.0,0.0
297.1355,1.0,0.078758,0.04554259,1.0,2016-07-11 03:00:00,0.0,0.0,0.0,0.0,0.0
296.70654,1.0,0.22762567,0.23186547,1.0,2016-07-11 04:00:00,1.0,1.2209357e-06,0.0,0.0,1.2209357e-06
296.22754,1.0,0.4782257,0.37839687,1.0,2016-07-11 05:00:00,1.0,2.1162823e-06,0.0,0.0,2.1162823e-06
295.6963,1.0,0.40300035,0.264668,1.0,2016-07-11 06:00:00,0.0,3.813414e-07,0.0,0.0,1.14079796e-07
295.57935,1.0,0.1630562,0.21883315,1.0,2016-07-11 07:00:00,1.0,3.3994467e-05,0.0,2.7091563e-05,6.7692818e-06
295.3518,0.9978961,0.057551216,0.015892487,0.9978961,2016-07-11 08:00:00,1.0,1.1436366e-05,0.0,2.3630255e-06,9.073339e-06
295.46265,0.997629,0.021463308,0.0,0.997629,2016-07-11 09:00:00,1.0,1.7535249e-06,0.0,0.0,1.7535249e-06
295.45093,1.0,0.73617244,0.0,0.9955251,2016-07-11 10:00:00,1.0,0.0,0.0,0.0,0.0
295.15552,1.0,0.33764422,0.0065169036,1.0,2016-07-11 11:00:00,1.0,0.0,0.0,0.0,0.0
295.62085,0.78910947,0.30318946,0.043022335,0.7141346,2016-07-11 12:00:00,0.0,0.0,0.0,0.0,0.0
295.98413,0.87357306,0.29967248,0.00053172023,0.8436679,2016-07-11 13:00:00,1.0,0.0,0.0,0.0,0.0
296.5857,0.98415995,0.6623154,0.08042914,0.9770568,2016-07-11 14:00:00,1.0,0.0,0.0,0.0,0.0
298.1599,0.98970896,0.5099485,0.07652676,0.98546743,2016-07-11 15:00:00,0.0,0.0,0.0,0.0,0.0
299.094,1.0,0.9367947,0.07157135,1.0,2016-07-11 16:00:00,0.0,0.0,0.0,0.0,0.0
300.33936,0.9989426,0.7674591,0.061635375,0.9989426,2016-07-11 17:00:00,0.0,0.0,0.0,0.0,0.0
301.8064,0.99946827,0.2985254,0.097126245,0.99946827,2016-07-11 18:00:00,0.0,0.0,0.0,0.0,0.0
302.5879,0.9889295,0.1908328,0.11675936,0.9884039,2016-07-11 19:00:00,0.0,6.048249e-06,0.0,5.1887873e-06,8.5946164e-07
303.5432,0.9826763,0.12211418,0.021088354,0.98057246,2016-07-11 20:00:00,1.0,4.6059737e-05,0.0,4.5343506e-05,7.2551467e-07
304.07275,0.9185238,0.22690982,0.16174632,0.90869516,2016-07-11 21:00:00,1.0,0.00022683931,0.0,0.00021244532,1.4260359e-05
303.3274,0.98952836,0.16665441,0.22266984,0.98578244,2016-07-11 22:00:00,1.0,0.0005864091,0.0,0.0005704693,1.6073493e-05
303.16992,0.9292398,0.37755066,0.3477853,0.8809442,2016-07-11 23:00:00,1.0,0.0016946665,0.0,0.0016602289,3.443763e-05
302.98218,1.0,0.56533194,0.5890185,1.0,2016-07-12 00:00:00,1.0,0.002540113,0.0,0.002466557,7.3823045e-05
302.06543,1.0,0.31846076,0.72416633,1.0,2016-07-12 01:00:00,1.0,0.0045303255,0.0,0.004427664,0.00010239384
300.4519,1.0,0.9719227,0.38850147,1.0,2016-07-12 02:00:00,1.0,0.006515559,0.0,0.0062214658,0.00029420853
299.05444,1.0,0.83524925,0.037790496,1.0,2016-07-12 03:00:00,1.0,0.010389581,0.0,0.00993349,0.00045609009
298.51807,1.0,0.29687923,0.26436853,1.0,2016-07-12 04:00:00,1.0,0.0102390945,0.0,0.009723756,0.0005151294
296.48413,1.0,0.13022053,0.96792823,1.0,2016-07-12 05:00:00,1.0,0.009346202,0.0,0.008467391,0.0008782097
296.1145,1.0,0.003909968,0.52334607,1.0,2016-07-12 06:00:00,1.0,0.0036023755,0.0,0.0023542163,0.0012480635
296.00708,1.0,0.032454707,0.08183044,1.0,2016-07-12 07:00:00,1.0,7.09818e-05,0.0,0.0,7.09818e-05
295.82764,1.0,0.017887872,0.0,1.0,2016-07-12 08:00:00,0.0,1.09467e-05,0.0,0.0,1.09467e-05
295.2583,1.0,0.00998199,0.0,1.0,2016-07-12 09:00:00,0.0,2.631561e-06,0.0,0.0,2.917407e-06
294.71216,0.88602906,0.019641794,0.0,0.88602906,2016-07-12 10:00:00,1.0,0.0,0.0,0.0,0.0
294.61475,0.34484512,0.015314437,0.0,0.33930337,2016-07-12 11:00:00,0.0,0.0,0.0,0.0,0.0
294.2959,0.9686488,0.07142472,0.09428078,0.96654487,2016-07-12 12:00:00,0.0,1.9099144e-07,0.0,0.0,9.549569e-08
294.05542,1.0,0.06370205,0.11270851,1.0,2016-07-12 13:00:00,0.0,0.0,0.0,0.0,0.0
294.92773,0.98675096,0.0023709626,0.0,0.98675096,2016-07-12 14:00:00,0.0,0.0,0.0,0.0,0.0
297.12915,0.77873915,0.0,0.0,0.77873915,2016-07-12 15:00:00,0.0,0.0,0.0,0.0,0.0
298.3413,0.5240039,0.0,0.0,0.5240039,2016-07-12 16:00:00,0.0,0.0,0.0,0.0,0.0
299.4995,0.11998516,0.0,0.0,0.11998516,2016-07-12 17:00:00,0.0,0.0,0.0,0.0,0.0
300.12573,0.0063309744,0.0,0.0,0.0063309744,2016-07-12 18:00:00,0.0,0.0,0.0,0.0,0.0
300.73047,0.0,0.0,0.0,0.0,2016-07-12 19:00:00,0.0,0.0,0.0,0.0,0.0
301.30493,0.0,0.0,0.0,0.0,2016-07-12 20:00:00,0.0,0.0,0.0,0.0,0.0
301.7832,0.0,0.0,0.0,0.0,2016-07-12 21:00:00,0.0,0.0,0.0,0.0,0.0
301.93848,0.0,0.0,0.0,0.0,2016-07-12 22:00:00,0.0,0.0,0.0,0.0,0.0
301.64258,0.0037288337,0.0,0.0037288337,0.0,2016-07-12 23:00:00,0.0,0.0,0.0,0.0,0.0
301.06445,0.044700038,0.0,0.044700038,0.0,2016-07-13 00:00:00,0.0,0.0,0.0,0.0,0.0
300.5244,0.0023709626,0.0,0.0023709626,0.0,2016-07-13 01:00:00,0.0,0.0,0.0,0.0,0.0
299.20264,0.0057492107,0.0,0.0057492107,0.0,2016-07-13 02:00:00,0.0,0.0,0.0,0.0,0.0
297.44604,0.036251936,0.0,0.036251936,0.0,2016-07-13 03:00:00,0.0,0.0,0.0,0.0,0.0
297.10596,0.0063309744,0.0,0.0063309744,0.0,2016-07-13 04:00:00,0.0,0.0,0.0,0.0,0.0
295.99146,0.0,0.0,0.0,0.0,2016-07-13 05:00:00,0.0,0.0,0.0,0.0,0.0
295.80054,0.0,0.0,0.0,0.0,2016-07-13 06:00:00,0.0,0.0,0.0,0.0,0.0
295.69653,0.0,0.0,0.0,0.0,2016-07-13 07:00:00,0.0,0.0,0.0,0.0,0.0
295.1997,0.0,0.0,0.0,0.0,2016-07-13 08:00:00,0.0,0.0,0.0,0.0,0.0
294.50635,0.0,0.0,0.0,0.0,2016-07-13 09:00:00,0.0,0.0,0.0,0.0,0.0
294.78857,0.16486037,0.0,0.0063752085,0.16273957,2016-07-13 10:00:00,0.0,0.0,0.0,0.0,0.0
294.75977,0.959523,0.09597123,0.052689955,0.9492602,2016-07-13 11:00:00,0.0,0.0,0.0,0.0,0.0
294.76318,0.5924352,0.08611274,0.086839914,0.54373556,2016-07-13 12:00:00,0.0,0.0005987552,0.0,0.0005983168,0.0
294.9485,0.54973364,0.004207764,0.052206814,0.5298199,2016-07-13 13:00:00,1.0,8.623264e-05,0.0,8.61849e-05,0.0
295.55615,0.7807691,0.0,0.0026356035,0.7807691,2016-07-13 14:00:00,1.0,1.4510288e-06,0.0,0.0,1.3933432e-06
296.0332,0.33889437,0.007368978,0.0010573287,0.3341549,2016-07-13 15:00:00,1.0,7.310232e-05,0.0,6.0305552e-05,1.3225851e-05
296.29395,0.1479131,0.007138107,0.0,0.14395308,2016-07-13 16:00:00,0.0,6.686496e-05,0.0,6.519443e-05,1.8900473e-06
298.38574,0.07594162,0.020506274,0.0015890491,0.057540204,2016-07-13 17:00:00,0.0,9.549569e-08,0.0,0.0,9.549569e-08
299.90332,0.15076429,0.016009986,0.0,0.13527262,2016-07-13 18:00:00,0.0,9.549569e-08,0.0,0.0,9.549569e-08
301.33594,0.354473,0.004307229,0.003161212,0.34911925,2016-07-13 19:00:00,0.0,0.0,0.0,0.0,0.0
302.03003,0.43100083,0.0120518245,0.036750227,0.4113801,2016-07-13 20:00:00,0.0,0.0,0.0,0.0,0.0
301.6338,0.22996777,0.023015805,0.17516482,0.05317798,2016-07-13 21:00:00,0.0,0.0,0.0,0.0,0.0
300.5288,0.33191156,0.016674437,0.32716125,0.02772598,2016-07-13 22:00:00,0.0,0.0,0.0,0.0,0.0
300.40405,0.3448118,0.0023709626,0.3448118,0.004474845,2016-07-13 23:00:00,0.0,0.0,0.0,1.3363075e-07,0.0
299.91064,0.2918285,0.016210135,0.2918285,0.0,2016-07-14 00:00:00,0.0,0.0,0.0,0.0,0.0
299.14136,0.13276827,0.00998199,0.13276827,0.0,2016-07-14 01:00:00,0.0,0.0,0.0,0.0,0.0
298.17236,0.04780377,0.011474017,0.04780377,0.0,2016-07-14 02:00:00,0.0,0.0,0.0,0.0,0.0
296.20752,0.05929521,0.00998199,0.0,0.049305916,2016-07-14 03:00:00,0.0,0.0,0.0,0.0,0.0
295.59717,0.3133692,0.018931683,0.038419493,0.27995288,2016-07-14 04:00:00,0.0,0.0,0.0,0.0,0.0
294.6277,0.72449964,0.0010573287,0.030638997,0.7150074,2016-07-14 05:00:00,0.0,0.0,0.0,0.0,0.0
294.2942,0.90922177,0.0,0.0026822793,0.90869004,2016-07-14 06:00:00,0.0,0.0,0.0,0.0,0.0
293.51904,0.49219418,0.0067320913,0.0,0.48881596,2016-07-14 07:00:00,0.0,0.0,0.0,0.0,0.0
292.7473,0.17527199,0.015096433,0.0033782488,0.16355377,2016-07-14 08:00:00,0.0,0.0,0.0,0.0,0.0
291.4297,0.30393463,0.035813734,0.095799565,0.23694229,2016-07-14 09:00:00,1.0,8.767626e-07,0.0,8.1972274e-07,0.0
291.79272,0.38290715,0.031318218,0.3299232,0.085182786,2016-07-14 10:00:00,1.0,6.392468e-06,0.0,6.573847e-06,0.0
291.7793,0.7259414,0.031556547,0.6987289,0.0782339,2016-07-14 11:00:00,0.0,3.797405e-06,0.0,3.8739954e-06,0.0
291.9878,0.7356659,0.09335935,0.7025712,0.09943426,2016-07-14 12:00:00,1.0,3.813414e-07,0.0,3.0475053e-07,0.0
292.3828,0.74929744,0.23813844,0.53744406,0.5437863,2016-07-14 13:00:00,1.0,2.0573163e-05,0.0,2.0668653e-05,1.14079796e-07
292.98462,0.957596,0.66417146,0.90071803,0.68854845,2016-07-14 14:00:00,1.0,2.3273358e-05,0.0,2.2682434e-05,4.954212e-07
294.02075,1.0,0.981457,0.8710787,0.48212844,2016-07-14 15:00:00,1.0,7.272669e-05,0.0,5.0506293e-05,2.2210137e-05
293.75684,1.0,1.0,0.31214386,0.029907703,2016-07-14 16:00:00,1.0,9.18053e-05,0.0,5.29408e-05,3.91122e-05
293.92456,1.0,1.0,0.65358716,0.027907759,2016-07-14 17:00:00,1.0,0.00014960387,0.0,9.4073126e-05,5.5731667e-05
293.84937,1.0,1.0,0.9875907,0.08094972,2016-07-14 18:00:00,1.0,0.0001325524,0.0,9.308639e-05,3.964739e-05
293.6587,1.0,0.99946827,0.99312896,0.64192146,2016-07-14 19:00:00,1.0,1.4420505e-05,0.0,1.3829587e-05,5.9091695e-07
293.28442,1.0,1.0,0.9978433,0.97110134,2016-07-14 20:00:00,1.0,4.7709555e-06,0.0,5.0186663e-06,0.0
292.85815,1.0,0.99675006,0.9968219,0.9955251,2016-07-14 21:00:00,1.0,4.2544998e-05,0.0,3.0389812e-05,1.21452385e-05
291.67822,1.0,1.0,1.0,1.0,2016-07-14 22:00:00,1.0,0.00013008164,0.0,2.6071299e-05,0.00010422025
291.39453,1.0,1.0,0.9942508,0.9955251,2016-07-14 23:00:00,1.0,0.000697593,0.0,0.0004331856,0.00026419712
291.08496,1.0,1.0,1.0,1.0,2016-07-15 00:00:00,1.0,0.00085625076,0.0,0.00045460882,0.0004017651
290.84668,1.0,1.0,1.0,0.98927194,2016-07-15 01:00:00,1.0,0.0011702278,0.0,0.00057305605,0.00059738127
290.65698,1.0,1.0,1.0,1.0,2016-07-15 02:00:00,1.0,0.00039631734,0.0,1.7840299e-05,0.000378391
290.0332,1.0,1.0,1.0,0.9667815,2016-07-15 03:00:00,1.0,7.678228e-05,0.0,1.0786589e-06,7.571324e-05
289.91724,1.0,1.0,1.0,0.91223484,2016-07-15 04:00:00,1.0,3.8698097e-05,0.0,2.6165086e-05,1.2742589e-05
289.64282,1.0,1.0,1.0,0.82379335,2016-07-15 05:00:00,1.0,4.4013796e-05,0.0,3.1804433e-05,1.2323448e-05
289.49463,0.9978961,0.9915844,0.9910527,0.63692003,2016-07-15 06:00:00,1.0,4.1898194e-05,0.0,3.3003616e-06,3.878851e-05
289.4983,0.99946827,0.989114,0.9936714,0.5879611,2016-07-15 07:00:00,1.0,0.00019169168,0.0,9.540793e-05,9.6760574e-05
289.3723,0.99946827,0.58439213,0.99946827,0.9738413,2016-07-15 08:00:00,1.0,0.00018790954,0.0,9.129135e-06,0.00017874195
289.1223,1.0,0.21956253,0.99577534,0.9968219,2016-07-15 09:00:00,1.0,0.00040535838,0.0,2.6158013e-05,0.0003794285
289.51685,0.99946827,0.02206564,0.9925972,0.99841094,2016-07-15 10:00:00,1.0,0.00051005953,0.0,1.6791791e-06,0.00050826627
289.55298,0.9978961,0.010831039,0.97827697,0.94197506,2016-07-15 11:00:00,1.0,0.00028835097,0.0,1.5279311e-06,0.00028644176
289.57056,0.92196614,0.0021207693,0.9137374,0.18476272,2016-07-15 12:00:00,1.0,8.314116e-05,0.0,3.050713e-07,8.262652e-05
289.63965,0.49492133,0.0791288,0.4489354,0.063976645,2016-07-15 13:00:00,1.0,2.9192073e-05,0.0,7.4489644e-06,2.1790853e-05
290.43115,0.39334428,0.34896225,0.052790266,0.026505295,2016-07-15 14:00:00,1.0,7.0615706e-06,0.0,5.6393837e-06,1.2978471e-06
292.7766,0.43030643,0.28755164,0.04034614,0.1777764,2016-07-15 15:00:00,1.0,1.433597e-05,0.0,1.433597e-05,0.0
293.90796,0.58888686,0.07978535,0.34250945,0.3552655,2016-07-15 16:00:00,1.0,5.4403834e-05,0.0,5.3859374e-05,6.4924456e-07
295.04956,0.6468935,0.0692094,0.54658,0.25639677,2016-07-15 17:00:00,1.0,8.388299e-05,0.0,8.394003e-05,0.0
295.67188,0.6218422,0.050190818,0.58781075,0.08355373,2016-07-15 18:00:00,1.0,9.431316e-05,0.0,9.419907e-05,1.14079796e-07
296.35352,0.376751,0.09374076,0.35408068,0.011638176,2016-07-15 19:00:00,1.0,2.6726156e-07,0.0,2.6726156e-07,0.0
296.88892,0.47280777,0.3177694,0.31949484,0.004235424,2016-07-15 20:00:00,1.0,5.3452317e-07,0.0,4.0089236e-07,0.0
297.1128,0.9038884,0.40000463,0.9038884,0.0,2016-07-15 21:00:00,1.0,3.3958e-05,0.0,3.3633696e-05,0.0
297.4978,0.57215583,0.10031927,0.56842697,0.0,2016-07-15 22:00:00,0.0,1.5177377e-05,0.0,1.4986706e-05,0.0
297.14404,0.72442335,0.1867674,0.7181424,0.0,2016-07-15 23:00:00,1.0,8.730458e-06,0.0,9.216587e-06,0.0
296.5974,0.6220079,0.015856624,0.6220079,0.0,2016-07-16 00:00:00,0.0,4.8491593e-06,0.0,4.906199e-06,0.0
296.2544,0.5206247,0.02731042,0.5206247,0.0,2016-07-16 01:00:00,0.0,0.0,0.0,0.0,0.0
294.4619,0.3724292,0.03656155,0.36532605,0.0,2016-07-16 02:00:00,0.0,0.0,0.0,0.0,0.0
292.64966,0.35831892,0.097631276,0.33961332,0.0,2016-07-16 03:00:00,0.0,0.0,0.0,0.0,0.0
292.2566,0.26504982,0.06925738,0.23636341,0.0,2016-07-16 04:00:00,0.0,0.0,0.0,0.0,0.0
291.44385,0.29674685,0.10373068,0.28012604,0.0,2016-07-16 05:00:00,0.0,0.0,0.0,0.0,0.0
290.5796,0.29894465,0.13239557,0.25807208,0.0,2016-07-16 06:00:00,0.0,0.0,0.0,0.0,0.0
289.8423,0.29405898,0.13646477,0.27377725,0.0,2016-07-16 07:00:00,0.0,0.0,0.0,0.0,0.0
289.69702,0.23801321,0.12990361,0.21782684,0.0,2016-07-16 08:00:00,0.0,0.0,0.0,0.0,0.0
288.3401,0.15439522,0.05610557,0.13390374,0.0,2016-07-16 09:00:00,0.0,0.0,0.0,0.0,0.0
288.5315,0.21728224,0.19001871,0.07597983,0.0,2016-07-16 10:00:00,0.0,0.0,0.0,0.0,0.0
288.52832,0.046223056,0.0037098185,0.0441084,0.0,2016-07-16 11:00:00,0.0,0.0,0.0,0.0,0.0
289.2744,0.021578062,0.0026463778,0.019463405,0.0,2016-07-16 12:00:00,0.0,0.0,0.0,0.0,0.0
290.82178,0.052535687,0.0010573287,0.018683929,0.033320036,2016-07-16 13:00:00,0.0,0.0,0.0,0.0,0.0
292.93896,0.0912804,0.00053172023,0.03408492,0.060905337,2016-07-16 14:00:00,0.0,2.2918975e-06,0.0,2.244149e-06,0.0
296.18848,0.387024,0.010788232,0.13178921,0.2923562,2016-07-16 15:00:00,1.0,9.554329e-05,0.0,9.332127e-05,2.3079156e-06
296.8562,0.990789,0.13521117,0.32241255,0.98868513,2016-07-16 16:00:00,1.0,0.00018972602,0.0,0.00017312999,1.6634149e-05
297.69116,0.8853747,0.08029312,0.32876796,0.83074564,2016-07-16 17:00:00,0.0,0.00011346015,0.0,0.000109851506,3.360935e-06
297.83252,0.84146756,0.15261471,0.33999634,0.72021514,2016-07-16 18:00:00,1.0,3.450777e-05,0.0,3.4297555e-05,0.0
298.38135,0.7974976,0.28566813,0.3498019,0.60501826,2016-07-16 19:00:00,0.0,7.626828e-07,0.0,4.2908925e-07,0.0
298.98096,0.78086996,0.1799931,0.54492927,0.6207224,2016-07-16 20:00:00,0.0,0.0,0.0,0.0,0.0
299.01855,0.8644484,0.037754517,0.7838597,0.43381888,2016-07-16 21:00:00,0.0,3.813414e-07,0.0,1.9067068e-07,0.0
298.76733,0.48463285,0.16338378,0.34974492,0.1886462,2016-07-16 22:00:00,0.0,0.0,0.0,0.0,0.0
298.6084,0.18440104,0.13562346,0.00053172023,0.061553303,2016-07-16 23:00:00,0.0,0.0,0.0,0.0,0.0
297.90503,0.44479692,0.25716704,0.100029945,0.27074546,2016-07-17 00:00:00,0.0,0.0,0.0,0.0,0.0
297.13086,0.989375,0.35585344,0.51767516,0.9807292,2016-07-17 01:00:00,0.0,5.4432567e-06,0.0,5.4910042e-06,0.0
296.5039,0.99736434,0.22435343,0.28552395,0.99736434,2016-07-17 02:00:00,0.0,4.774787e-07,0.0,4.774787e-07,0.0
295.1958,1.0,0.0,0.063596964,1.0,2016-07-17 03:00:00,0.0,1.9099144e-07,0.0,1.9099144e-07,0.0
294.61865,1.0,0.0037098185,0.15739346,1.0,2016-07-17 04:00:00,1.0,2.3745859e-05,0.0,0.0,2.3745859e-05
293.7444,1.0,0.0870924,0.7227568,1.0,2016-07-17 05:00:00,1.0,0.000520339,0.0,4.3897846e-05,0.00047632703
292.39966,1.0,0.0,0.7565802,1.0,2016-07-17 06:00:00,1.0,0.0021676994,0.0,8.852902e-05,0.0020791702
292.22656,1.0,0.022040725,0.22003263,1.0,2016-07-17 07:00:00,1.0,0.00177099,0.0,1.1554985e-05,0.0017595305
291.81567,1.0,0.036292665,0.20509034,1.0,2016-07-17 08:00:00,1.0,0.0008449077,0.0,3.7338832e-05,0.00080766436
291.4021,1.0,0.46820372,0.31171888,1.0,2016-07-17 09:00:00,1.0,0.0011133505,0.0,0.00017523585,0.0009381715
291.97607,1.0,0.17085505,0.69697374,1.0,2016-07-17 10:00:00,1.0,0.0011587688,0.0,4.033107e-05,0.001118819
291.88232,1.0,0.97462475,0.8694125,1.0,2016-07-17 11:00:00,1.0,0.00055003073,0.0,5.607208e-05,0.00049409224
291.80054,0.8976593,0.814689,0.4385736,0.3866303,2016-07-17 12:00:00,1.0,0.0002030787,0.0,2.8351933e-05,0.00017472677
291.9021,0.5724959,0.51765496,0.15807909,0.0,2016-07-17 13:00:00,1.0,0.00025001843,0.0,1.9099143e-06,0.00024789898
293.52686,0.68046963,0.6048616,0.19790268,0.0037098185,2016-07-17 14:00:00,1.0,7.748656e-05,0.0,1.3057683e-05,6.419976e-05
296.33765,1.0,1.0,0.016210135,0.012207925,2016-07-17 15:00:00,1.0,9.347292e-05,0.0,8.726251e-05,6.257843e-06
297.77197,0.8897009,0.85088897,0.0,0.27874178,2016-07-17 16:00:00,0.0,1.2433632e-05,0.0,9.114673e-06,3.0135625e-06
299.13452,0.614993,0.3022673,0.0,0.44351238,2016-07-17 17:00:00,0.0,4.3684367e-06,0.0,4.2636484e-06,0.0
299.3374,0.104696035,0.057603903,0.0603149,0.01870915,2016-07-17 18:00:00,0.0,9.549569e-08,0.0,4.7747868e-08,0.0
299.85718,0.3706357,0.13098103,0.3470013,0.0,2016-07-17 19:00:00,1.0,3.3215067e-05,0.0,3.3072138e-05,1.14079796e-07
300.05518,0.21126157,0.13051301,0.18668985,0.0,2016-07-17 20:00:00,0.0,4.4479148e-06,0.0,4.266536e-06,0.0
300.36597,0.033823207,0.023810074,0.013368163,0.0,2016-07-17 21:00:00,0.0,0.0,0.0,0.0,0.0
300.16943,0.021662083,0.021662083,0.0,0.0,2016-07-17 22:00:00,0.0,0.0,0.0,0.0,0.0
299.96094,0.009544972,0.009544972,0.0,0.0,2016-07-17 23:00:00,0.0,0.0,0.0,0.0,0.0
299.44238,0.0016249504,0.0016249504,0.0,0.0,2016-07-18 00:00:00,0.0,0.0,0.0,0.0,0.0
298.70947,0.0,0.0,0.0,0.0,2016-07-18 01:00:00,0.0,0.0,0.0,0.0,0.0
297.4265,0.004474845,0.0,0.0,0.004474845,2016-07-18 02:00:00,0.0,0.0,0.0,0.0,0.0
295.42065,0.004474845,0.0,0.0,0.004474845,2016-07-18 03:00:00,0.0,0.0,0.0,0.0,0.0
294.49902,0.0,0.0,0.0,0.0,2016-07-18 04:00:00,0.0,0.0,0.0,0.0,0.0
293.19873,0.0,0.0,0.0,0.0,2016-07-18 05:00:00,0.0,0.0,0.0,0.0,0.0
293.0918,0.0,0.0,0.0,0.0,2016-07-18 06:00:00,0.0,0.0,0.0,0.0,0.0
292.71753,0.0,0.0,0.0,0.0,2016-07-18 07:00:00,0.0,0.0,0.0,0.0,0.0
292.083,0.0,0.0,0.0,0.0,2016-07-18 08:00:00,0.0,0.0,0.0,0.0,0.0
291.4536,0.038128216,0.0,0.0,0.038128216,2016-07-18 09:00:00,0.0,0.0,0.0,0.0,0.0
290.97803,0.7051375,0.0,0.0,0.7051375,2016-07-18 10:00:00,0.0,0.0,0.0,0.0,0.0
290.39917,0.14660472,0.0,0.0,0.14660472,2016-07-18 11:00:00,0.0,0.0,0.0,0.0,0.0
291.65283,0.0,0.0,0.0,0.0,2016-07-18 12:00:00,0.0,0.0,0.0,0.0,0.0
292.9077,0.0,0.0,0.0,0.0,2016-07-18 13:00:00,0.0,0.0,0.0,0.0,0.0
294.7483,0.0,0.0,0.0,0.0,2016-07-18 14:00:00,0.0,0.0,0.0,0.0,0.0
297.94556,0.0,0.0,0.0,0.0,2016-07-18 15:00:00,0.0,0.0,0.0,0.0,0.0
299.33984,0.16416132,0.051040404,0.15196782,0.0,2016-07-18 16:00:00,0.0,0.0,0.0,0.0,0.0
300.47363,0.10861814,0.018878054,0.10308319,0.0,2016-07-18 17:00:00,0.0,0.0,0.0,0.0,0.0
301.10522,0.1357472,0.06751233,0.1121155,0.0,2016-07-18 18:00:00,0.0,0.0,0.0,0.0,0.0
301.75122,0.044317514,0.029385325,0.022306345,0.00053172023,2016-07-18 19:00:00,0.0,0.0,0.0,0.0,0.0
302.2246,0.11068374,0.08472848,0.046989683,0.002103883,2016-07-18 20:00:00,0.0,0.0,0.0,0.0,0.0
302.8672,0.24541414,0.032377634,0.2130233,0.016602635,2016-07-18 21:00:00,0.0,0.0,0.0,0.0,0.0
302.302,0.5518566,0.0,0.0231922,0.53201824,2016-07-18 22:00:00,0.0,0.0,0.0,0.0,0.0
302.06177,0.9920547,0.0,0.0,0.9920547,2016-07-18 23:00:00,0.0,0.0,0.0,0.0,0.0
301.83765,0.8297235,0.0,0.0,0.8297235,2016-07-19 00:00:00,0.0,0.0,0.0,0.0,0.0
300.90332,0.079959214,0.0,0.0,0.079959214,2016-07-19 01:00:00,0.0,0.0,0.0,0.0,0.0
298.7915,0.00998199,0.0,0.0,0.00998199,2016-07-19 02:00:00,0.0,0.0,0.0,0.0,0.0
295.69556,0.0078530945,0.0,0.004474845,0.0033782488,2016-07-19 03:00:00,0.0,0.0,0.0,0.0,0.0
294.9624,0.0066281483,0.0,0.0066281483,0.0,2016-07-19 04:00:00,0.0,0.0,0.0,0.0,0.0
294.07324,0.05978237,0.0,0.05978237,0.0,2016-07-19 05:00:00,0.0,0.0,0.0,0.0,0.0
293.4253,0.3676898,0.0,0.06341165,0.34569478,2016-07-19 06:00:00,0.0,0.0,0.0,0.0,0.0
293.09424,0.22020566,0.0,0.042351734,0.18610704,2016-07-19 07:00:00,0.0,0.0,0.0,0.0,0.0
292.9568,0.79085785,0.0,0.034626987,0.7724871,2016-07-19 08:00:00,0.0,0.0,0.0,0.0,0.0
292.08765,0.3193596,0.0,0.013471484,0.30590522,2016-07-19 09:00:00,0.0,0.0,0.0,0.0,0.0
291.95874,0.4307549,0.0,0.4262764,0.0065787286,2016-07-19 10:00:00,0.0,0.0,0.0,0.0,0.0
292.12476,0.21135539,0.0,0.21135539,0.0,2016-07-19 11:00:00,0.0,0.0,0.0,0.0,0.0
293.15942,0.023270018,0.0,0.023270018,0.0,2016-07-19 12:00:00,0.0,0.0,0.0,0.0,0.0
294.87524,0.54459816,0.0,0.0016249504,0.54459816,2016-07-19 13:00:00,0.0,0.0,0.0,0.0,0.0
296.98804,0.9957922,0.033424664,0.010425024,0.9957922,2016-07-19 14:00:00,0.0,0.0,0.0,0.0,0.0
299.90356,0.9850148,0.08200568,0.012428332,0.9850148,2016-07-19 15:00:00,0.0,0.0,0.0,0.0,0.0
301.01807,0.7973636,0.17958361,0.017657526,0.782414,2016-07-19 16:00:00,0.0,0.0,0.0,0.0,0.0
301.50098,0.50913674,0.20360851,0.074424505,0.38893765,2016-07-19 17:00:00,0.0,8.972805e-07,0.0,4.7747868e-08,8.017848e-07
302.12988,0.32357973,0.27377355,0.08896881,0.048126336,2016-07-19 18:00:00,0.0,2.444438e-06,0.0,2.0435455e-06,5.3452317e-07
302.28247,0.20348412,0.20030582,0.041150525,0.00053172023,2016-07-19 19:00:00,0.0,0.0,0.0,0.0,0.0
302.6145,0.30410266,0.29277372,0.0905658,0.0,2016-07-19 20:00:00,0.0,0.0,0.0,0.0,0.0
302.41064,0.5061826,0.37059206,0.17078096,0.13594764,2016-07-19 21:00:00,0.0,4.467177e-06,0.0,4.056671e-06,1.9099144e-07
302.91284,0.43591356,0.2502342,0.07944739,0.21173954,2016-07-19 22:00:00,0.0,1.8244216e-05,0.0,1.322329e-05,4.8107086e-06
302.0974,0.41520435,0.105558574,0.08733636,0.3282122,2016-07-19 23:00:00,0.0,1.0927474e-05,0.0,9.724797e-06,1.0690455e-06
301.1853,0.11873424,0.005534917,0.021160364,0.0925951,2016-07-20 00:00:00,1.0,9.549569e-08,0.0,0.0,1.9099144e-07
300.53516,0.07218921,0.0,0.0016249504,0.07054716,2016-07-20 01:00:00,1.0,3.813414e-07,0.0,0.0,3.813414e-07
299.0498,0.10315043,0.0,0.0,0.10315043,2016-07-20 02:00:00,0.0,0.0,0.0,0.0,0.0
297.56494,0.18045992,0.0,0.0,0.18045992,2016-07-20 03:00:00,1.0,0.0,0.0,0.0,0.0
296.99146,0.32470632,0.0015890491,0.0,0.32364285,2016-07-20 04:00:00,1.0,2.864872e-07,0.0,0.0,2.864872e-07
296.29346,0.14453971,0.01004079,0.0,0.13450623,2016-07-20 05:00:00,1.0,2.6726156e-07,0.0,0.0,2.6726156e-07
295.61572,0.23689908,0.061079655,0.0,0.18320525,2016-07-20 06:00:00,0.0,1.14079796e-07,0.0,0.0,1.14079796e-07
295.15796,0.5880016,0.109835684,0.0,0.519117,2016-07-20 07:00:00,0.0,0.0,0.0,0.0,0.0
294.5017,0.9395329,0.033469047,0.025549889,0.9379438,2016-07-20 08:00:00,1.0,0.00021977731,0.0,0.00021991094,0.0
293.9585,0.9302963,0.021346882,0.008752283,0.92604184,2016-07-20 09:00:00,1.0,0.0014028912,0.0,0.0014030156,0.0
294.72632,0.33223373,0.08696246,0.07377046,0.22640276,2016-07-20 10:00:00,1.0,0.0010297843,0.0,0.0010300798,0.0
294.7976,0.20193511,0.09881508,0.024410482,0.1144287,2016-07-20 11:00:00,1.0,0.0002822096,0.0,0.00028184685,0.0
295.09326,0.15931666,0.029928263,0.024702579,0.115029395,2016-07-20 12:00:00,1.0,2.7443675e-06,0.0,2.4200663e-06,0.0
295.81714,0.09438455,0.019456703,0.074851274,0.023473665,2016-07-20 13:00:00,1.0,5.3363765e-05,0.0,5.330672e-05,0.0
296.68872,0.11176896,0.007457666,0.09318799,0.012186784,2016-07-20 14:00:00,1.0,7.8843004e-05,0.0,7.8575744e-05,0.0
299.5652,0.06425953,0.0,0.061613195,0.0026463778,2016-07-20 15:00:00,1.0,0.00012858906,0.0,0.00012850319,0.0
300.58765,0.045788217,0.009910189,0.03640245,0.0,2016-07-20 16:00:00,1.0,0.00029050023,0.0,0.00029050023,0.0
301.49902,0.10192287,0.07819164,0.029998776,0.0,2016-07-20 17:00:00,1.0,0.0019666478,0.0,0.0019652187,1.7535249e-06
302.74707,0.46200758,0.38419926,0.039453913,0.09028584,2016-07-20 18:00:00,0.0,0.0012855942,0.0,0.0012847942,9.72258e-07
303.47632,0.48205405,0.43337733,0.036841217,0.050888486,2016-07-20 19:00:00,0.0,0.00011226708,0.0,0.00011103782,1.3721838e-06
304.3308,0.60513026,0.5217263,0.096566916,0.10543728,2016-07-20 20:00:00,0.0,2.4821056e-05,0.0,2.4287496e-05,4.954212e-07
304.69434,0.6028313,0.5654299,0.15938681,0.0073382594,2016-07-20 21:00:00,0.0,0.0002070978,0.0,0.00018970807,1.7656974e-05
304.3706,0.87942463,0.4451068,0.2839555,0.79139566,2016-07-20 22:00:00,0.0,8.814811e-05,0.0,7.671589e-05,1.1212696e-05
304.18262,0.8560419,0.30800033,0.17420423,0.7155497,2016-07-20 23:00:00,0.0,6.414278e-06,0.0,6.414278e-06,0.0
303.7705,0.5941978,0.3543234,0.12035167,0.37153995,2016-07-21 00:00:00,0.0,0.0,0.0,0.0,0.0
303.18994,0.5293042,0.3605513,0.08581525,0.23796642,2016-07-21 01:00:00,1.0,0.0,0.0,0.0,0.0
302.6067,0.7841346,0.5133968,0.19863015,0.55475175,2016-07-21 02:00:00,1.0,0.0,0.0,0.0,0.0
301.95972,0.99576455,0.92710346,0.2732969,0.9947011,2016-07-21 03:00:00,1.0,0.00014532049,0.0,0.0001297117,1.599014e-05
301.47095,0.998375,0.5767642,0.28876156,0.998375,2016-07-21 04:00:00,1.0,0.0017550488,0.0,0.0017072086,4.7954294e-05
300.83325,0.9549163,0.1772055,0.13729107,0.9359352,2016-07-21 05:00:00,1.0,0.00041972403,0.0,0.00040527456,1.4563498e-05
300.9065,0.85621643,0.071535766,0.035059292,0.8545915,2016-07-21 06:00:00,0.0,5.3452317e-07,0.0,0.0,5.3452317e-07
300.86914,0.58670735,0.051591028,0.028409727,0.5530008,2016-07-21 07:00:00,0.0,0.0,0.0,0.0,0.0
300.74707,0.1509881,0.016610142,0.009478044,0.12489265,2016-07-21 08:00:00,1.0,0.0,0.0,0.0,0.0
299.2483,0.05730594,0.005003199,0.005003199,0.0489587,2016-07-21 09:00:00,0.0,0.0,0.0,0.0,0.0
296.8335,0.5015079,0.047330506,0.3035727,0.38034475,2016-07-21 10:00:00,0.0,0.0,0.0,0.0,0.0
296.79785,0.99946827,0.26526368,0.99629015,0.8394567,2016-07-21 11:00:00,0.0,0.0,0.0,0.0,0.0
296.36108,1.0,0.13428688,0.7735941,1.0,2016-07-21 12:00:00,0.0,0.0,0.0,0.0,0.0
296.86743,1.0,0.08051664,0.12485391,1.0,2016-07-21 13:00:00,0.0,0.0,0.0,0.0,0.0
298.00098,0.9947349,0.0142199695,0.18682092,0.9947349,2016-07-21 14:00:00,0.0,1.3363078e-06,0.0,1.2026767e-06,0.0
300.87305,0.91514975,0.02457754,0.06574935,0.91514975,2016-07-21 15:00:00,0.0,0.0,0.0,0.0,0.0
302.0791,0.6927529,0.0,0.056442767,0.6880195,2016-07-21 16:00:00,0.0,0.0,0.0,0.0,0.0
303.2329,0.352719,0.0,0.023958415,0.34139836,2016-07-21 17:00:00,0.0,0.0,0.0,0.0,0.0
303.7561,0.05087851,0.010023907,0.031603023,0.010316208,2016-07-21 18:00:00,0.0,2.578384e-05,0.0,2.5831585e-05,0.0
304.6499,0.08500886,0.08000231,0.007903136,0.0,2016-07-21 19:00:00,0.0,3.5196164e-05,0.0,3.1662814e-05,3.7429172e-06
305.2666,0.13208228,0.12719035,0.005949285,0.0,2016-07-21 20:00:00,0.0,1.93273e-05,0.0,1.6214399e-05,2.960368e-06
306.0786,0.09955108,0.059813924,0.039744493,0.0,2016-07-21 21:00:00,0.0,2.6006848e-05,0.0,2.5396716e-05,4.0056705e-07
306.02026,0.32201737,0.03736605,0.06038387,0.26696336,2016-07-21 22:00:00,0.0,3.624799e-05,0.0,3.480626e-05,1.3369399e-06
306.01074,0.1676749,0.07395977,0.036001742,0.07662207,2016-07-21 23:00:00,0.0,1.2408027e-06,0.0,4.387021e-07,6.6847014e-07
305.86792,0.0588828,0.0057992525,0.005006563,0.050455242,2016-07-22 00:00:00,0.0,2.0227199e-06,0.0,1.8416622e-06,0.0
305.15576,0.14876467,0.004741922,0.0,0.14403003,2016-07-22 01:00:00,0.0,0.0,0.0,0.0,0.0
303.45337,0.15754282,0.0,0.0,0.15754282,2016-07-22 02:00:00,0.0,0.0,0.0,0.0,0.0
300.92456,0.26027292,0.0,0.0,0.26027292,2016-07-22 03:00:00,0.0,0.0,0.0,0.0,0.0
300.72607,0.14182156,0.0,0.0,0.14182156,2016-07-22 04:00:00,0.0,0.0,0.0,0.0,0.0
299.67773,0.10362786,0.0,0.07576132,0.031227678,2016-07-22 05:00:00,0.0,0.0,0.0,0.0,0.0
299.48975,0.27899086,0.0,0.2779274,0.0010573287,2016-07-22 06:00:00,0.0,0.0,0.0,0.0,0.0
299.09058,0.3158325,0.0,0.3158325,0.0,2016-07-22 07:00:00,0.0,0.0,0.0,0.0,0.0
298.31958,0.17478877,0.0,0.17478877,0.0,2016-07-22 08:00:00,0.0,0.0,0.0,0.0,0.0
296.47168,0.04905585,0.0,0.034326445,0.017117467,2016-07-22 09:00:00,0.0,0.0,0.0,0.0,0.0
295.271,0.28322875,0.0,0.26265168,0.03190122,2016-07-22 10:00:00,0.0,0.0,0.0,0.0,0.0
295.18994,0.3738292,0.0,0.3306043,0.055867244,2016-07-22 11:00:00,0.0,0.0,0.0,0.0,0.0
295.81787,0.15684116,0.0,0.086588204,0.07866454,2016-07-22 12:00:00,0.0,0.0,0.0,0.0,0.0
297.42017,0.049872372,0.0,0.005273644,0.04461214,2016-07-22 13:00:00,0.0,0.0,0.0,0.0,0.0
299.27222,0.035236485,0.0,0.0,0.035236485,2016-07-22 14:00:00,0.0,0.0,0.0,0.0,0.0
302.66797,0.0105663985,0.0,0.0,0.0105663985,2016-07-22 15:00:00,0.0,0.0,0.0,0.0,0.0
303.47632,0.0021207693,0.0,0.0,0.0021207693,2016-07-22 16:00:00,0.0,0.0,0.0,0.0,0.0
304.78247,0.0010573287,0.0,0.0,0.0010573287,2016-07-22 17:00:00,0.0,0.0,0.0,0.0,0.0
305.5996,0.0033782488,0.0,0.0033782488,0.0,2016-07-22 18:00:00,0.0,0.0,0.0,0.0,0.0
306.3579,0.013248995,0.0,0.0,0.013248995,2016-07-22 19:00:00,0.0,0.0,0.0,0.0,0.0
307.03955,0.03945573,0.0,0.0,0.03945573,2016-07-22 20:00:00,0.0,0.0,0.0,0.0,0.0
307.5957,0.06295377,0.0,0.0,0.06295377,2016-07-22 21:00:00,0.0,0.0,0.0,0.0,0.0
307.29517,0.030986842,0.00053172023,0.00737416,0.023088261,2016-07-22 22:00:00,0.0,0.0,0.0,0.0,0.0
306.89917,0.011102993,0.0,0.008999109,0.002103883,2016-07-22 23:00:00,0.0,0.0,0.0,0.0,0.0
306.18872,0.006898593,0.0,0.0,0.006898593,2016-07-23 00:00:00,0.0,0.0,0.0,0.0,0.0
304.15308,0.023063168,0.0,0.0,0.023063168,2016-07-23 01:00:00,0.0,0.0,0.0,0.0,0.0
302.14282,0.047380153,0.0,0.0,0.047380153,2016-07-23 02:00:00,0.0,0.0,0.0,0.0,0.0
300.0608,0.11385447,0.0,0.0,0.11385447,2016-07-23 03:00:00,0.0,0.0,0.0,0.0,0.0
298.91187,0.6654808,0.0,0.0,0.6654808,2016-07-23 04:00:00,0.0,0.0,0.0,0.0,0.0
298.06128,0.6608588,0.0,0.0,0.6608588,2016-07-23 05:00:00,0.0,0.0,0.0,0.0,0.0
297.80054,0.39922202,0.0,0.0,0.39922202,2016-07-23 06:00:00,0.0,0.0,0.0,0.0,0.0
297.64404,0.20827276,0.00053172023,0.0,0.20774108,2016-07-23 07:00:00,0.0,0.0,0.0,0.0,0.0
297.30444,0.2843175,0.0,0.0,0.2843175,2016-07-23 08:00:00,0.0,0.0,0.0,0.0,0.0
296.62134,0.4772796,0.0,0.0,0.4772796,2016-07-23 09:00:00,0.0,0.0,0.0,0.0,0.0
296.73242,0.9932679,0.0023709626,0.24107659,0.9932679,2016-07-23 10:00:00,0.0,0.0,0.0,0.0,0.0
296.5127,1.0,0.0,0.0,1.0,2016-07-23 11:00:00,0.0,0.0,0.0,0.0,0.0
297.00732,0.99174684,0.0057492107,0.0,0.99174684,2016-07-23 12:00:00,0.0,0.0,0.0,0.0,0.0
298.15698,0.9579364,0.0,0.0,0.9579364,2016-07-23 13:00:00,1.0,1.3939843e-06,0.0,8.117138e-07,5.3452317e-07
299.03784,0.9832786,0.108041346,0.038825348,0.9832786,2016-07-23 14:00:00,0.0,5.894876e-05,0.0,5.4788616e-05,3.892882e-06
298.7649,1.0,0.18867004,0.35076946,1.0,2016-07-23 15:00:00,1.0,3.6249885e-06,0.0,1.5266533e-06,1.9457993e-06
298.10864,1.0,0.0100932345,0.9736183,1.0,2016-07-23 16:00:00,1.0,7.740899e-06,0.0,6.976933e-06,8.7804574e-07
297.0791,1.0,0.007138107,0.9904909,1.0,2016-07-23 17:00:00,1.0,1.773912e-05,0.0,1.5031298e-05,2.6501457e-06
296.90723,1.0,0.08142108,1.0,1.0,2016-07-23 18:00:00,1.0,0.00012930194,0.0,0.0001088916,2.0047577e-05
297.02393,1.0,0.05295639,0.99336845,1.0,2016-07-23 19:00:00,1.0,0.001368084,0.0,0.00028382335,0.0010846418
297.60083,1.0,0.15676701,0.92076856,1.0,2016-07-23 20:00:00,1.0,0.00094052777,0.0,0.0003047476,0.0006357904
298.0337,1.0,0.10916227,0.9381115,1.0,2016-07-23 21:00:00,1.0,0.0023834934,0.0,0.0015776742,0.0008059526
296.23145,0.9989426,0.94344527,0.9830101,0.72151893,2016-07-23 22:00:00,1.0,0.0022341763,0.0,0.001590763,0.00064342236
297.0371,1.0,1.0,0.821589,0.2788266,2016-07-23 23:00:00,1.0,0.0009069401,0.0,0.0006306763,0.0002763206
297.6709,1.0,1.0,0.5749215,0.3166694,2016-07-24 00:00:00,1.0,0.000516796,0.0,0.0004207634,9.603264e-05
297.48022,1.0,1.0,0.37022632,0.33412784,2016-07-24 01:00:00,1.0,0.00018763637,0.0,0.00017367411,1.3962252e-05
297.2295,0.9952328,0.9532752,0.024324909,0.9051195,2016-07-24 02:00:00,1.0,9.848442e-05,0.0,8.561817e-05,1.28092e-05
296.62354,0.99946827,0.72749066,0.0,0.99946827,2016-07-24 03:00:00,1.0,8.881706e-06,0.0,0.0,8.881706e-06
296.33765,0.99841094,0.44526112,0.0,0.99841094,2016-07-24 04:00:00,1.0,9.872549e-06,0.0,8.938746e-06,9.908417e-07
295.67554,0.9462406,0.4108675,0.0,0.93751585,2016-07-24 05:00:00,1.0,0.0028334423,0.0,0.0028234753,1.0100708e-05
295.26123,0.7196624,0.4636088,0.0,0.47105557,2016-07-24 06:00:00,1.0,0.0039192922,0.0,0.003878436,4.099254e-05
296.03857,0.59147125,0.4869396,0.00053172023,0.1716721,2016-07-24 07:00:00,1.0,4.936911e-06,0.0,0.0,5.108677e-06
296.01782,0.6802654,0.6699661,0.07256019,0.0050234497,2016-07-24 08:00:00,1.0,3.813414e-07,0.0,0.0,4.7683716e-07
296.60278,0.8832149,0.88109416,0.14495993,0.0010573287,2016-07-24 09:00:00,1.0,9.908417e-07,0.0,3.813414e-07,8.767626e-07
296.26807,0.76132226,0.721452,0.26830077,0.0,2016-07-24 10:00:00,1.0,5.9091695e-07,0.0,0.0,5.9091695e-07
296.23047,1.0,1.0,0.1994291,0.00053172023,2016-07-24 11:00:00,1.0,2.2815959e-07,0.0,1.14079796e-07,9.549569e-08
296.27612,1.0,1.0,0.15909016,0.0,2016-07-24 12:00:00,0.0,0.0,0.0,0.0,0.0
296.60718,0.7383675,0.7383675,0.05861536,0.0,2016-07-24 13:00:00,0.0,0.0,0.0,0.0,1.14079796e-07
297.29736,0.426077,0.32353723,0.0,0.15450686,2016-07-24 14:00:00,0.0,0.0,0.0,0.0,0.0
299.28418,0.90565825,0.1946519,0.0,0.8728371,2016-07-24 15:00:00,0.0,0.0,0.0,0.0,0.0
300.0171,0.95555186,0.07210755,0.0,0.9550201,2016-07-24 16:00:00,0.0,0.0,0.0,0.0,0.0
300.677,0.9341191,0.10695404,0.0,0.9225049,2016-07-24 17:00:00,0.0,0.0,0.0,0.0,0.0
300.93652,0.81977487,0.079863906,0.0,0.7976853,2016-07-24 18:00:00,0.0,0.0,0.0,0.0,0.0
300.82837,0.8387024,0.06855935,0.0,0.81138194,2016-07-24 19:00:00,0.0,0.0,0.0,0.0,0.0
301.26025,0.5328051,0.09236729,0.0,0.48174298,2016-07-24 20:00:00,0.0,0.0,0.0,0.0,0.0
301.47144,0.74295855,0.04167419,0.0,0.7288755,2016-07-24 21:00:00,0.0,0.0,0.0,0.0,0.0
300.75464,0.9931373,0.015096433,0.010023907,0.9931373,2016-07-24 22:00:00,0.0,0.0,0.0,0.0,0.0
300.3662,0.96012205,0.0,0.03175576,0.96012205,2016-07-24 23:00:00,0.0,0.0,0.0,0.0,0.0
300.01538,0.6734196,0.0,0.0068879165,0.6734196,2016-07-25 00:00:00,0.0,0.0,0.0,0.0,0.0
299.36206,0.0,0.0,0.0,0.0,2016-07-25 01:00:00,0.0,0.0,0.0,0.0,0.0
297.9712,0.0033782488,0.0,0.0033782488,0.0,2016-07-25 02:00:00,0.0,0.0,0.0,0.0,0.0
296.40698,0.0,0.0,0.0,0.0,2016-07-25 03:00:00,0.0,0.0,0.0,0.0,0.0
295.68433,0.0,0.0,0.0,0.0,2016-07-25 04:00:00,0.0,0.0,0.0,0.0,0.0
294.8086,0.0,0.0,0.0,0.0,2016-07-25 05:00:00,0.0,0.0,0.0,0.0,0.0
294.3562,0.0,0.0,0.0,0.0,2016-07-25 06:00:00,0.0,0.0,0.0,0.0,0.0
294.2644,0.0,0.0,0.0,0.0,2016-07-25 07:00:00,0.0,0.0,0.0,0.0,0.0
293.68457,0.0,0.0,0.0,0.0,2016-07-25 08:00:00,0.0,0.0,0.0,0.0,0.0
292.87598,0.0,0.0,0.0,0.0,2016-07-25 09:00:00,0.0,0.0,0.0,0.0,0.0
292.04736,0.0,0.0,0.0,0.0,2016-07-25 10:00:00,0.0,0.0,0.0,0.0,0.0
291.58374,0.0,0.0,0.0,0.0,2016-07-25 11:00:00,0.0,0.0,0.0,0.0,0.0
292.33643,0.0,0.0,0.0,0.0,2016-07-25 12:00:00,0.0,0.0,0.0,0.0,0.0
293.88647,0.0,0.0,0.0,0.0,2016-07-25 13:00:00,0.0,0.0,0.0,0.0,0.0
295.57886,0.0,0.0,0.0,0.0,2016-07-25 14:00:00,0.0,0.0,0.0,0.0,0.0
299.03955,0.0,0.0,0.0,0.0,2016-07-25 15:00:00,0.0,0.0,0.0,0.0,0.0
299.74927,0.0,0.0,0.0,0.0,2016-07-25 16:00:00,0.0,0.0,0.0,0.0,0.0
300.78857,0.026736956,0.026736956,0.0,0.0,2016-07-25 17:00:00,0.0,0.0,0.0,0.0,0.0
301.40088,0.020957865,0.020957865,0.0,0.0,2016-07-25 18:00:00,0.0,0.0,0.0,0.0,0.0
301.76343,0.02323075,0.02323075,0.0,0.0,2016-07-25 19:00:00,0.0,0.0,0.0,0.0,0.0
302.17773,0.047264643,0.041991,0.005273644,0.0,2016-07-25 20:00:00,0.0,0.0,0.0,0.0,0.0
302.72876,0.43103695,0.05269976,0.43050522,0.0,2016-07-25 21:00:00,0.0,0.0,0.0,0.0,0.0
302.69067,0.1615451,0.009492185,0.1615451,0.0,2016-07-25 22:00:00,0.0,0.0,0.0,0.0,0.0
302.56372,0.028567683,0.006995838,0.02483885,0.0,2016-07-25 23:00:00,0.0,0.0,0.0,0.0,0.0
302.3711,0.0066281483,0.0032499009,0.005003199,0.0,2016-07-26 00:00:00,0.0,0.0,0.0,0.0,0.0
301.51245,0.0,0.0,0.0,0.0,2016-07-26 01:00:00,0.0,0.0,0.0,0.0,0.0
299.9048,0.0,0.0,0.0,0.0,2016-07-26 02:00:00,0.0,0.0,0.0,0.0,0.0
297.625,0.0,0.0,0.0,0.0,2016-07-26 03:00:00,0.0,0.0,0.0,0.0,0.0
297.19873,0.0,0.0,0.0,0.0,2016-07-26 04:00:00,0.0,0.0,0.0,0.0,0.0
295.802,0.0,0.0,0.0,0.0,2016-07-26 05:00:00,0.0,0.0,0.0,0.0,0.0
295.15186,0.011335101,0.0,0.0,0.011335101,2016-07-26 06:00:00,0.0,0.0,0.0,0.0,0.0
294.82812,0.02449163,0.0,0.0,0.02449163,2016-07-26 07:00:00,0.0,0.0,0.0,0.0,0.0
294.5725,0.023040831,0.0,0.017241579,0.0057992525,2016-07-26 08:00:00,0.0,0.0,0.0,0.0,0.0
294.22314,0.053373583,0.0,0.053373583,0.0,2016-07-26 09:00:00,0.0,0.0,0.0,0.0,0.0
294.2351,0.793336,0.0,0.793336,0.0,2016-07-26 10:00:00,0.0,0.0,0.0,0.0,0.0
294.12866,0.7986081,0.0,0.7986081,0.0,2016-07-26 11:00:00,0.0,0.0,0.0,0.0,0.0
294.36206,0.43378735,0.0,0.43378735,0.0,2016-07-26 12:00:00,0.0,0.0,0.0,0.0,0.0
295.45947,0.31985146,0.0,0.31985146,0.0,2016-07-26 13:00:00,0.0,0.0,0.0,0.0,0.0
297.14062,0.1991638,0.0,0.1991638,0.0,2016-07-26 14:00:00,0.0,0.0,0.0,0.0,0.0
300.417,0.107322395,0.0,0.107322395,0.0,2016-07-26 15:00:00,0.0,0.0,0.0,0.0,0.0
301.59668,0.10817021,0.0,0.10817021,0.0,2016-07-26 16:00:00,0.0,0.0,0.0,0.0,0.0
302.57324,0.10081637,0.0,0.09634149,0.004474845,2016-07-26 17:00:00,0.0,0.0,0.0,0.0,0.0
303.40112,0.05119257,0.0,0.05119257,0.0,2016-07-26 18:00:00,0.0,0.0,0.0,0.0,0.0
303.92627,0.0066281483,0.0,0.0066281483,0.0,2016-07-26 19:00:00,0.0,0.0,0.0,0.0,0.0
304.30957,0.004474845,0.0,0.004474845,0.0,2016-07-26 20:00:00,0.0,0.0,0.0,0.0,0.0
304.5432,0.0,0.0,0.0,0.0,2016-07-26 21:00:00,0.0,0.0,0.0,0.0,0.0
304.03833,0.22923648,0.0,0.06314516,0.17434436,2016-07-26 22:00:00,0.0,0.0,0.0,0.0,0.0
303.48413,0.38451618,0.0,0.005832717,0.3803084,2016-07-26 23:00:00,0.0,0.0,0.0,0.0,0.0
302.58423,0.4476624,0.0,0.057685085,0.4023385,2016-07-27 00:00:00,0.0,0.0,0.0,0.0,0.0
301.74585,0.31442976,0.008141857,0.05063079,0.28254414,2016-07-27 01:00:00,0.0,0.0,0.0,0.0,0.0
300.47534,0.97455615,0.0016249504,0.0076360554,0.97455615,2016-07-27 02:00:00,0.0,0.0,0.0,0.0,0.0
298.5625,1.0,0.0066281483,0.05335704,1.0,2016-07-27 03:00:00,0.0,0.0,0.0,0.0,0.0
298.1499,1.0,0.00998199,0.2930085,1.0,2016-07-27 04:00:00,0.0,0.0,0.0,0.0,0.0
297.17798,0.9872876,0.0,0.56148094,0.9698019,2016-07-27 05:00:00,0.0,0.0,0.0,0.0,0.0
297.0127,0.936788,0.043782897,0.7421541,0.6833713,2016-07-27 06:00:00,0.0,0.0,0.0,0.0,0.0
297.19727,0.90600115,0.056688365,0.71622306,0.3760925,2016-07-27 07:00:00,1.0,0.0004693102,0.0,0.0004588673,1.0061606e-05
296.90796,0.97534573,0.046121173,0.94244456,0.40291268,2016-07-27 08:00:00,0.0,4.917685e-06,0.0,5.7297444e-07,4.3447108e-06
295.87866,0.89175415,0.036287837,0.6601791,0.68956375,2016-07-27 09:00:00,0.0,0.0,0.0,0.0,0.0
295.61646,1.0,0.016832627,0.015731204,1.0,2016-07-27 10:00:00,0.0,0.0,0.0,0.0,0.0
295.76514,1.0,0.016832627,0.43592525,1.0,2016-07-27 11:00:00,1.0,0.0,0.0,0.0,0.0
295.81494,0.98731524,0.0,0.44509017,0.97281647,2016-07-27 12:00:00,1.0,2.8616732e-06,0.0,0.0,2.8616732e-06
296.08008,0.9157258,0.0,0.64480335,0.82552016,2016-07-27 13:00:00,0.0,1.1212082e-05,0.0,0.0,1.1212082e-05
296.7605,0.9454356,0.0,0.77068067,0.9178915,2016-07-27 14:00:00,0.0,0.0,0.0,0.0,0.0
298.17993,0.96534944,0.031929065,0.3884827,0.9534583,2016-07-27 15:00:00,0.0,0.0,0.0,0.0,0.0
299.33887,0.89872324,0.15993923,0.30902624,0.8615873,2016-07-27 16:00:00,0.0,0.0,0.0,0.0,0.0
300.18262,0.7446898,0.07623744,0.47424144,0.50191337,2016-07-27 17:00:00,0.0,1.6016333e-05,0.0,1.5328624e-05,8.017848e-07
299.60156,0.54261315,0.15938139,0.24071646,0.33022356,2016-07-27 18:00:00,1.0,1.5344762e-05,0.0,1.1927404e-05,3.2071384e-06
299.23657,0.66631764,0.20616555,0.2584347,0.53939784,2016-07-27 19:00:00,1.0,0.0035062013,0.0,0.0034874796,1.8721694e-05
297.083,0.67930776,0.151164,0.25803,0.5487161,2016-07-27 20:00:00,1.0,0.0006884965,0.0,0.0004620694,0.0002263504
296.60864,0.91904235,0.28872073,0.40322608,0.8487842,2016-07-27 21:00:00,1.0,0.0025655278,0.0,0.0023667244,0.0001990896
296.35034,0.98296934,0.42231494,0.63059103,0.9422885,2016-07-27 22:00:00,1.0,0.0050943233,0.0,0.0048157834,0.00027887197
295.80298,0.90536714,0.48457283,0.49763173,0.77797747,2016-07-27 23:00:00,1.0,0.0012477073,0.0,0.0011112688,0.00013638155
296.0083,0.93890905,0.870071,0.27154404,0.5272548,2016-07-28 00:00:00,1.0,8.475655e-05,0.0,1.6579492e-05,6.7747955e-05
295.43823,0.8240873,0.73784566,0.30699044,0.19834656,2016-07-28 01:00:00,1.0,8.249385e-05,0.0,4.270923e-05,3.991823e-05
294.87866,0.80427754,0.7971778,0.3009218,0.007388301,2016-07-28 02:00:00,1.0,2.385526e-05,0.0,1.7848652e-05,6.139263e-06
293.72827,0.8036577,0.7981194,0.21941721,0.0,2016-07-28 03:00:00,1.0,1.9838728e-05,0.0,1.59872e-05,3.7178997e-06
293.43286,0.80944586,0.80944586,0.05803137,0.0,2016-07-28 04:00:00,0.0,2.0446896e-05,0.0,1.1303405e-05,9.191241e-06
292.4673,0.9476643,0.94660085,0.020699479,0.0,2016-07-28 05:00:00,0.0,1.5641985e-05,0.0,4.7132426e-06,1.0928748e-05
292.31104,0.99337184,0.9901048,0.0029026829,0.1841597,2016-07-28 06:00:00,1.0,4.3617576e-05,0.0,4.0773535e-05,2.614911e-06
291.74243,1.0,0.99675006,0.0,0.8254299,2016-07-28 07:00:00,1.0,6.864127e-07,0.0,2.768744e-07,5.9091695e-07
291.64502,1.0,0.97491425,0.0,0.8254368,2016-07-28 08:00:00,1.0,9.549569e-08,0.0,4.7747868e-08,1.14079796e-07
291.25,1.0,0.74957323,0.0033782488,0.92931604,2016-07-28 09:00:00,1.0,2.864872e-07,0.0,4.7747868e-08,1.9099144e-07
291.18384,1.0,0.995108,0.040778145,1.0,2016-07-28 10:00:00,1.0,2.0220696e-06,0.0,0.0,2.0220696e-06
291.12842,1.0,0.995108,0.23846757,0.97315496,2016-07-28 11:00:00,1.0,2.0804064e-06,0.0,0.0,2.0804064e-06
291.19897,1.0,0.998375,0.60423946,0.9019857,2016-07-28 12:00:00,1.0,2.6726156e-07,0.0,0.0,2.6726156e-07
291.37134,0.997629,0.80941117,0.83424693,0.8926909,2016-07-28 13:00:00,1.0,8.5946164e-07,0.0,8.5946164e-07,0.0
292.01685,0.99946827,0.5727818,0.9947011,0.8893177,2016-07-28 14:00:00,1.0,2.8264203e-06,0.0,2.244149e-06,3.627573e-07
293.45923,1.0,0.26220274,0.99946827,0.91464657,2016-07-28 15:00:00,0.0,3.8198294e-07,0.0,9.549569e-08,3.8198294e-07
293.81787,1.0,0.19543141,0.9978792,0.99183553,2016-07-28 16:00:00,0.0,1.9099144e-07,0.0,4.7747868e-08,1.9099144e-07
294.94653,0.9966217,0.14044523,0.976428,0.94060254,2016-07-28 17:00:00,0.0,2.4828887e-06,0.0,2.148654e-06,2.864872e-07
295.95166,0.9858937,0.16624779,0.83376116,0.92966384,2016-07-28 18:00:00,0.0,1.1459488e-06,0.0,8.117138e-07,2.864872e-07
296.53564,0.96092594,0.19993162,0.4923433,0.85946643,2016-07-28 19:00:00,0.0,3.8198294e-07,0.0,4.867707e-07,0.0
296.76733,0.9251721,0.21123427,0.3393919,0.83458096,2016-07-28 20:00:00,0.0,5.7297444e-07,0.0,5.7297444e-07,0.0
297.2434,0.97159153,0.29381722,0.329481,0.8956837,2016-07-28 21:00:00,0.0,4.774787e-07,0.0,4.774787e-07,0.0
296.9724,0.8251769,0.5835678,0.24216026,0.50555986,2016-07-28 22:00:00,0.0,1.9099144e-07,0.0,1.432436e-07,0.0
296.5979,0.9526454,0.74878675,0.6014585,0.68756694,2016-07-28 23:00:00,0.0,0.0,0.0,0.0,0.0
296.24805,0.64710087,0.5502576,0.4805054,0.0,2016-07-29 00:00:00,0.0,1.9099144e-07,0.0,1.432436e-07,0.0
295.72534,0.39033866,0.20458716,0.3634969,0.0,2016-07-29 01:00:00,0.0,0.0,0.0,0.0,0.0
294.65967,0.48637813,0.18138063,0.47543824,0.0,2016-07-29 02:00:00,0.0,0.0,0.0,0.0,0.0
293.0381,0.50657034,0.08589405,0.49450946,0.0,2016-07-29 03:00:00,0.0,0.0,0.0,0.0,0.0
292.96484,0.35837144,0.020828541,0.3546614,0.006854143,2016-07-29 04:00:00,0.0,0.0,0.0,0.0,0.0
291.70142,0.149513,0.0065956153,0.102297425,0.049279965,2016-07-29 05:00:00,0.0,0.0,0.0,0.0,0.0
291.61157,0.28803468,0.08984381,0.18776006,0.11894935,2016-07-29 06:00:00,0.0,0.0,0.0,0.0,0.0
291.00195,0.59128046,0.29768342,0.5428074,0.12226677,2016-07-29 07:00:00,0.0,3.9672277e-06,0.0,3.8906373e-06,0.0
290.75757,0.612487,0.35416895,0.462358,0.103817284,2016-07-29 08:00:00,1.0,3.813414e-07,0.0,1.9067068e-07,0.0
290.31763,0.35008496,0.07024413,0.3270312,0.025430895,2016-07-29 09:00:00,1.0,0.0,0.0,4.7747868e-08,0.0
289.2932,0.34572077,0.0343746,0.3112138,0.07884121,2016-07-29 10:00:00,1.0,9.549569e-08,0.0,9.549569e-08,0.0
289.16357,0.2944929,0.0212943,0.22738308,0.11465025,2016-07-29 11:00:00,0.0,9.549569e-08,0.0,4.7747868e-08,0.0
289.21484,0.27424598,0.013452198,0.1460715,0.17599654,2016-07-29 12:00:00,0.0,0.0,0.0,0.0,0.0
290.14722,0.25292474,0.010831039,0.09550065,0.21893185,2016-07-29 13:00:00,0.0,0.0,0.0,0.0,0.0
291.75415,0.24752444,0.004767146,0.039340183,0.21793276,2016-07-29 14:00:00,0.0,0.0,0.0,0.0,0.0
294.44482,0.21493787,0.0,0.025032628,0.19280177,2016-07-29 15:00:00,0.0,0.0,0.0,0.0,0.0
295.43042,0.14486611,0.0,0.0010573287,0.1438027,2016-07-29 16:00:00,0.0,0.0,0.0,0.0,0.0
296.4292,0.028729238,0.00053172023,0.0060638934,0.022665344,2016-07-29 17:00:00,0.0,0.0,0.0,0.0,0.0
297.0996,0.015770458,0.0021207693,0.005813699,0.008910421,2016-07-29 18:00:00,0.0,0.0,0.0,0.0,0.0
297.47437,0.0050234497,0.0,0.0034282913,0.0015890491,2016-07-29 19:00:00,0.0,0.0,0.0,0.0,0.0
298.0244,0.0057992525,0.0,0.0057992525,0.0,2016-07-29 20:00:00,0.0,0.0,0.0,0.0,0.0
298.78857,0.0010573287,0.0,0.0010573287,0.0,2016-07-29 21:00:00,0.0,0.0,0.0,0.0,0.0
298.0027,0.0015890491,0.0,0.0015890491,0.0,2016-07-29 22:00:00,0.0,0.0,0.0,0.0,0.0
297.86353,0.0,0.0,0.0,0.0,2016-07-29 23:00:00,0.0,0.0,0.0,0.0,0.0
297.35474,0.005832717,0.0,0.0,0.005832717,2016-07-30 00:00:00,0.0,0.0,0.0,0.0,0.0
296.31616,0.11108166,0.0029026829,0.0,0.10817897,2016-07-30 01:00:00,0.0,0.0,0.0,0.0,0.0
294.76782,0.4461944,0.025975205,0.0044917315,0.43121886,2016-07-30 02:00:00,0.0,0.0,0.0,0.0,0.0
292.8164,0.7681334,0.09943807,0.054093968,0.7275088,2016-07-30 03:00:00,0.0,0.0,0.0,0.0,0.0
292.39868,0.78163064,0.20001972,0.13986486,0.7023315,2016-07-30 04:00:00,0.0,0.0,0.0,0.0,0.0
292.02612,0.89262486,0.23154926,0.25954998,0.8447959,2016-07-30 05:00:00,0.0,0.0,0.0,0.0,0.0
291.7151,0.78892934,0.28763777,0.18721294,0.7031495,2016-07-30 06:00:00,0.0,0.0,0.0,0.0,0.0
291.36792,0.60115874,0.22429621,0.3002509,0.4460457,2016-07-30 07:00:00,0.0,0.0,0.0,0.0,0.0
290.79126,0.40366268,0.16042769,0.25765938,0.1938526,2016-07-30 08:00:00,0.0,0.0,0.0,0.0,0.0
289.5005,0.37083513,0.19934493,0.27477193,0.06272203,2016-07-30 09:00:00,0.0,0.0,0.0,0.0,0.0
291.00952,0.64430743,0.12509894,0.5632267,0.121815205,2016-07-30 10:00:00,0.0,0.0,0.0,0.0,0.0
290.93384,0.802696,0.30827636,0.6489316,0.2815343,2016-07-30 11:00:00,0.0,5.3452317e-07,0.0,6.68154e-07,0.0
291.29346,0.68243456,0.18304741,0.60261816,0.11584926,2016-07-30 12:00:00,0.0,2.8214345e-05,0.0,2.8185503e-05,0.0
291.90332,0.4270578,0.10447359,0.38312763,0.06841892,2016-07-30 13:00:00,1.0,4.6063185e-05,0.0,3.468567e-05,1.1053221e-05
293.5808,0.4039594,0.12305367,0.34422594,0.08136207,2016-07-30 14:00:00,1.0,2.5157147e-05,0.0,2.0950203e-05,4.0826e-06
296.1328,0.45886934,0.23897195,0.33942908,0.0651086,2016-07-30 15:00:00,1.0,3.2614e-05,0.0,2.8108683e-05,4.753022e-06
296.71313,0.5633102,0.48065907,0.27272916,0.037251767,2016-07-30 16:00:00,1.0,3.1512973e-05,0.0,3.1140924e-05,0.0
297.48193,0.7547266,0.37052846,0.68230146,0.054370936,2016-07-30 17:00:00,1.0,3.397987e-05,0.0,3.344535e-05,2.6726156e-07
298.5,0.7185682,0.43662888,0.6784641,0.02312624,2016-07-30 18:00:00,1.0,1.91601e-05,0.0,1.36812405e-05,5.3452313e-06
299.00195,0.72732896,0.47536236,0.6464128,0.023286905,2016-07-30 19:00:00,1.0,8.0023034e-05,0.0,3.692758e-05,4.302911e-05
299.0647,0.4968667,0.25188255,0.46194637,0.0029026829,2016-07-30 20:00:00,1.0,9.331308e-05,0.0,3.650108e-05,5.6926714e-05
299.61816,0.43241954,0.21653533,0.3826806,0.016599268,2016-07-30 21:00:00,1.0,6.170137e-05,0.0,2.6241469e-05,3.527853e-05
298.8037,0.61878717,0.022006057,0.32166672,0.4900511,2016-07-30 22:00:00,1.0,3.0272931e-05,0.0,2.9260933e-05,8.017848e-07
298.42896,0.5542148,0.16439503,0.3902943,0.2564817,2016-07-30 23:00:00,1.0,3.0905547e-05,0.0,3.0629002e-05,0.0
298.37256,0.6093126,0.15900874,0.47168136,0.15470546,2016-07-31 00:00:00,1.0,4.1101404e-05,0.0,4.1282474e-05,0.0
297.67578,0.3939401,0.14869773,0.32179022,0.039529577,2016-07-31 01:00:00,0.0,2.4053543e-06,0.0,4.0089236e-07,2.138092e-06
296.1338,0.23239285,0.06858283,0.20216644,0.0033782488,2016-07-31 02:00:00,0.0,9.8886785e-06,0.0,9.8886785e-06,0.0
294.8401,0.22051722,0.08146775,0.18473244,0.0,2016-07-31 03:00:00,0.0,0.0,0.0,0.0,0.0
294.5039,0.24512976,0.099348724,0.17273605,0.0,2016-07-31 04:00:00,0.0,1.4862635e-06,0.0,1.4292236e-06,0.0
294.04004,0.24601835,0.0751611,0.19712108,0.0,2016-07-31 05:00:00,0.0,0.0,0.0,0.0,0.0
292.9746,0.1738593,0.047015637,0.15491694,0.0,2016-07-31 06:00:00,1.0,3.050713e-07,0.0,0.0,3.050713e-07
292.9497,0.2385568,0.104703784,0.2238124,0.0,2016-07-31 07:00:00,1.0,9.549569e-08,0.0,0.0,9.549569e-08
292.55103,0.1427226,0.0957405,0.114150286,0.0,2016-07-31 08:00:00,1.0,0.0,0.0,0.0,0.0
291.8589,0.09265691,0.073207736,0.07018906,0.0,2016-07-31 09:00:00,0.0,0.0,0.0,0.0,0.0
292.25854,0.26324213,0.053447187,0.23838031,0.0,2016-07-31 10:00:00,0.0,0.0,0.0,0.0,0.0
292.30273,0.26710802,0.14435297,0.22058785,0.0,2016-07-31 11:00:00,1.0,4.0056705e-07,0.0,4.0985907e-07,0.0
292.3745,0.45415992,0.06855631,0.42828602,0.0,2016-07-31 12:00:00,1.0,0.0,0.0,0.0,0.0
293.2417,0.50624853,0.058498345,0.49086958,0.0,2016-07-31 13:00:00,1.0,0.0,0.0,0.0,0.0
294.53296,0.46238774,0.17195356,0.42554867,0.0,2016-07-31 14:00:00,1.0,0.0,0.0,0.0,0.0
297.33423,0.33672,0.07590324,0.3327241,0.0,2016-07-31 15:00:00,1.0,7.4777665e-05,0.0,7.264152e-05,1.7548082e-06
298.46606,0.3246705,0.17189962,0.24083132,0.0,2016-07-31 16:00:00,1.0,0.00016804064,0.0,0.00013942072,2.9039715e-05
299.29956,0.13569552,0.048745718,0.10555512,0.0,2016-07-31 17:00:00,1.0,8.880487e-05,0.0,8.080891e-05,8.13889e-06
300.02954,0.2131598,0.11925638,0.13999075,0.0,2016-07-31 18:00:00,1.0,9.7736265e-05,0.0,9.4438146e-05,3.6608735e-06
299.88647,0.24733782,0.108777046,0.19796377,0.0,2016-07-31 19:00:00,1.0,5.919514e-05,0.0,4.7985e-05,1.1153095e-05
300.55664,0.3894704,0.18542683,0.2923993,0.0,2016-07-31 20:00:00,0.0,3.832727e-05,0.0,3.8269907e-05,1.9099144e-07
300.98584,0.29029214,0.16652542,0.22957939,0.009739939,2016-07-31 21:00:00,0.0,1.8929815e-05,0.0,1.9072744e-05,0.0
300.44995,0.76763624,0.16486126,0.7231369,0.07184136,2016-07-31 22:00:00,0.0,7.3217107e-06,0.0,7.3787505e-06,0.0
300.2561,0.54689294,0.16287738,0.41664273,0.13540953,2016-07-31 23:00:00,0.0,1.0690455e-06,0.0,1.2026767e-06,0.0
299.9912,0.5948878,0.12757576,0.3944764,0.29941893,2016-08-01 00:00:00,0.0,0.0,0.0,0.0,0.0
299.46484,0.43607545,0.08881003,0.22352171,0.24460632,2016-08-01 01:00:00,0.0,0.0,0.0,0.0,0.0
298.33032,0.20224369,0.10164225,0.11030024,0.021343552,2016-08-01 02:00:00,0.0,0.0,0.0,0.0,0.0
296.64526,0.29432815,0.17767054,0.20178151,0.011682317,2016-08-01 03:00:00,0.0,0.0,0.0,0.0,0.0
295.93018,0.32445383,0.19623119,0.15212554,0.040009163,2016-08-01 04:00:00,0.0,0.0,0.0,0.0,0.0
295.20703,0.21797264,0.09842777,0.16575348,0.017799184,2016-08-01 05:00:00,0.0,0.0,0.0,0.0,0.0
294.72607,0.16634423,0.10527933,0.09267861,0.014637973,2016-08-01 06:00:00,0.0,0.0,0.0,0.0,0.0
294.16406,0.13415885,0.09654665,0.08550215,0.009210963,2016-08-01 07:00:00,1.0,0.0,0.0,0.0,0.0
293.87378,0.1855408,0.08709365,0.089842975,0.05106111,2016-08-01 08:00:00,0.0,0.0,0.0,0.0,0.0
293.55835,0.2031452,0.061678626,0.07501447,0.09386867,2016-08-01 09:00:00,0.0,0.0,0.0,0.0,0.0
293.72266,0.5757616,0.15563428,0.43318325,0.1108467,2016-08-01 10:00:00,0.0,0.0,0.0,0.0,0.0
293.6692,0.48117512,0.14785749,0.2147125,0.25399095,2016-08-01 11:00:00,0.0,0.0,0.0,0.0,0.0
293.91406,0.4714172,0.12636238,0.23272222,0.28746915,2016-08-01 12:00:00,0.0,0.0,0.0,0.0,0.0
294.7058,0.72192746,0.32610524,0.68161345,0.10863471,2016-08-01 13:00:00,0.0,0.0,0.0,0.0,0.0
295.74585,0.76726115,0.3875568,0.73415023,0.2669847,2016-08-01 14:00:00,0.0,0.0,0.0,0.0,0.0
298.16162,0.58905864,0.0555223,0.4137674,0.30828464,2016-08-01 15:00:00,0.0,0.0,0.0,0.0,0.0
299.56128,0.87614805,0.014214784,0.18214,0.83614683,2016-08-01 16:00:00,0.0,0.0,0.0,0.0,0.0
300.4353,1.0,0.008947253,0.017362785,1.0,2016-08-01 17:00:00,0.0,5.3452317e-07,0.0,5.3452317e-07,0.0
301.21338,1.0,0.17205596,0.1841591,1.0,2016-08-01 18:00:00,0.0,0.0,0.0,0.0,0.0
301.50024,0.70602673,0.1604709,0.17294878,0.6430681,2016-08-01 19:00:00,1.0,7.7289966e-05,0.0,4.446607e-05,3.2843454e-05
301.17944,0.53867435,0.16053534,0.24623376,0.3429188,2016-08-01 20:00:00,1.0,5.249957e-05,0.0,1.7126717e-05,3.5506484e-05
301.60522,0.59230095,0.086582184,0.18775123,0.4872213,2016-08-01 21:00:00,1.0,4.7271067e-05,0.0,2.9917152e-05,1.7468628e-05
301.32007,0.9063842,0.11548132,0.5045771,0.80164164,2016-08-01 22:00:00,0.0,4.2072716e-05,0.0,3.8331054e-05,3.8371572e-06
300.23218,0.88063425,0.2448169,0.5747034,0.6722373,2016-08-01 23:00:00,0.0,0.00015534853,0.0,0.00014948769,5.7272146e-06
300.1377,0.69544584,0.068253934,0.3810585,0.52599704,2016-08-02 00:00:00,0.0,0.0,0.0,0.0,0.0
299.60498,0.46591568,0.09542334,0.1388681,0.34275204,2016-08-02 01:00:00,0.0,0.0,0.0,0.0,0.0
298.69824,0.2244553,0.040837098,0.14698935,0.07181978,2016-08-02 02:00:00,0.0,0.0,0.0,0.0,0.0
297.58252,0.17623425,0.046408847,0.15213531,0.0,2016-08-02 03:00:00,0.0,0.0,0.0,0.0,0.0
297.26758,0.22920823,0.033031274,0.21389747,0.0,2016-08-02 04:00:00,0.0,0.0,0.0,1.3363075e-07,0.0
296.53442,0.31685716,0.03106365,0.29231042,0.014721479,2016-08-02 05:00:00,0.0,0.0001131607,0.0,0.000113274786,0.0
296.39697,0.36116958,0.013727929,0.35217774,0.011849005,2016-08-02 06:00:00,1.0,2.8973518e-05,0.0,2.8123672e-05,7.639659e-07
296.6565,0.15035129,0.044225935,0.08172798,0.067626715,2016-08-02 07:00:00,1.0,0.0,0.0,0.0,2.6726156e-07
295.92188,0.30364537,0.054083727,0.04948075,0.2430408,2016-08-02 08:00:00,1.0,5.3452317e-07,0.0,0.0,2.6726156e-07
295.1997,0.8559519,0.14471465,0.14179796,0.8060056,2016-08-02 09:00:00,1.0,0.0,0.0,0.0,3.813414e-07
295.125,0.31269354,0.13693744,0.2768228,0.011581928,2016-08-02 10:00:00,1.0,0.0,0.0,0.0,2.6726156e-07
294.90723,0.49222243,0.15808862,0.45238072,0.024413817,2016-08-02 11:00:00,1.0,0.0,0.0,0.0,2.6726156e-07
295.0249,0.4775766,0.18427163,0.3675378,0.10462475,2016-08-02 12:00:00,1.0,9.536743e-07,0.0,0.0,8.5817857e-07
295.8069,0.20907784,0.085063994,0.08453143,0.10850066,2016-08-02 13:00:00,1.0,1.4305115e-06,0.0,0.0,1.4305115e-06
297.01025,0.5422097,0.2361756,0.05614511,0.3908857,2016-08-02 14:00:00,1.0,1.1632492e-06,0.0,2.0028352e-07,8.5817857e-07
299.0984,0.73538995,0.481252,0.11026877,0.37776828,2016-08-02 15:00:00,0.0,2.516208e-06,0.0,1.8974142e-06,6.0950106e-07
300.33472,0.65961015,0.3559574,0.4726057,0.16042644,2016-08-02 16:00:00,1.0,1.2587492e-05,0.0,1.2349395e-05,0.0
301.0708,0.46807653,0.31945765,0.39476442,0.02103946,2016-08-02 17:00:00,1.0,2.762588e-05,0.0,2.7597038e-05,0.0
301.4431,0.4264335,0.23801655,0.368051,0.01266427,2016-08-02 18:00:00,1.0,5.2104908e-05,0.0,3.678065e-05,1.553382e-05
301.68066,0.4435346,0.3008353,0.3426084,0.019988392,2016-08-02 19:00:00,1.0,1.0418684e-05,0.0,9.693489e-06,8.017848e-07
302.13843,0.33205074,0.18858737,0.25680172,0.024463236,2016-08-02 20:00:00,1.0,1.2587474e-05,0.0,1.1003781e-05,1.7368748e-06
302.83228,0.30570024,0.21666104,0.25129342,0.0,2016-08-02 21:00:00,0.0,7.802434e-06,0.0,5.190098e-06,2.2309941e-06
302.84644,0.5803862,0.037084766,0.49231595,0.29824346,2016-08-02 22:00:00,0.0,2.670663e-06,0.0,2.3752045e-06,0.0
302.8579,0.50217104,0.030543365,0.41503143,0.28242636,2016-08-02 23:00:00,0.0,1.3363078e-06,0.0,1.2026767e-06,0.0
302.91968,0.18276012,0.033716355,0.16320932,0.0,2016-08-03 00:00:00,0.0,2.6726156e-07,0.0,2.6726156e-07,0.0
302.26318,0.24912709,0.0772481,0.21546352,0.0,2016-08-03 01:00:00,1.0,6.9488005e-06,0.0,6.9488005e-06,0.0
300.6106,0.15507573,0.10115856,0.09259182,0.0,2016-08-03 02:00:00,1.0,4.019041e-05,0.0,4.0381085e-05,0.0
298.57446,0.06697738,0.06697738,0.028414555,0.0,2016-08-03 03:00:00,0.0,7.9729376e-05,0.0,7.57775e-05,4.0089235e-06
298.17676,0.008701935,0.008701935,0.0,0.0,2016-08-03 04:00:00,1.0,4.6275745e-05,0.0,4.5302833e-05,1.2972059e-06
297.771,0.014688015,0.005584959,0.012531344,0.0,2016-08-03 05:00:00,0.0,6.4860296e-07,0.0,0.0,6.4860296e-07
297.05005,0.003781621,0.003781621,0.00053172023,0.0,2016-08-03 06:00:00,0.0,2.138092e-06,0.0,2.2717231e-06,0.0
296.46655,0.012113646,0.011581928,0.00053172023,0.0,2016-08-03 07:00:00,0.0,5.0612734e-06,0.0,5.013526e-06,0.0
295.79907,0.033154987,0.033154987,0.0,0.0,2016-08-03 08:00:00,0.0,1.9099143e-06,0.0,1.8621668e-06,0.0
294.6328,0.027586017,0.027586017,0.0,0.0,2016-08-03 09:00:00,0.0,0.0,0.0,0.0,0.0
294.7605,0.5572698,0.5156622,0.043967564,0.0,2016-08-03 10:00:00,0.0,0.0,0.0,0.0,0.0
294.89136,0.95073336,0.9486126,0.031065177,0.0,2016-08-03 11:00:00,0.0,0.0,0.0,0.0,0.0
295.1443,0.95073336,0.95073336,0.00894969,0.0,2016-08-03 12:00:00,0.0,0.0,0.0,0.0,0.0
296.07983,0.94397324,0.9254364,0.025914397,0.0,2016-08-03 13:00:00,0.0,0.0,0.0,0.0,0.0
297.9004,0.29395354,0.26800567,0.025380239,0.0065169036,2016-08-03 14:00:00,1.0,3.8198294e-07,0.0,0.0,3.8198294e-07
300.90576,0.09646875,0.07907832,0.0627017,0.0,2016-08-03 15:00:00,1.0,0.00011088009,0.0,0.000111404675,1.9099144e-07
302.01147,0.16690743,0.16690743,0.021572988,0.0,2016-08-03 16:00:00,0.0,0.000110627545,0.0,0.00010565664,4.6568666e-06
302.60547,0.328672,0.328672,0.014515329,0.0,2016-08-03 17:00:00,1.0,5.093051e-05,0.0,5.096865e-05,0.0
303.3579,0.64563185,0.58928883,0.1601491,0.0,2016-08-03 18:00:00,1.0,3.3679098e-05,0.0,3.3888675e-05,0.0
303.98462,0.5346369,0.359617,0.29714334,0.0,2016-08-03 19:00:00,1.0,3.8926897e-05,0.0,3.823951e-05,8.2101036e-07
304.38184,0.42889744,0.31196868,0.26362437,0.0,2016-08-03 20:00:00,0.0,1.7010316e-05,0.0,1.6905527e-05,0.0
304.84375,0.45802873,0.39415294,0.23262203,0.0,2016-08-03 21:00:00,0.0,3.4320537e-06,0.0,3.346171e-06,0.0
304.0852,0.19916213,0.12663668,0.10149908,0.006845806,2016-08-03 22:00:00,0.0,0.0,0.0,0.0,0.0
304.0332,0.09250969,0.09250969,0.0,0.0,2016-08-03 23:00:00,0.0,0.0,0.0,0.0,0.0
303.36987,0.07172549,0.07172549,0.0,0.0,2016-08-04 00:00:00,0.0,0.0,0.0,0.0,0.0
302.47998,0.03732411,0.03732411,0.0,0.0,2016-08-04 01:00:00,0.0,0.0,0.0,0.0,0.0
301.1936,0.0067320913,0.0067320913,0.0,0.0,2016-08-04 02:00:00,0.0,0.0,0.0,0.0,0.0
299.74487,0.05868995,0.0033782488,0.04747571,0.0078530945,2016-08-04 03:00:00,0.0,0.0,0.0,0.0,0.0
299.09424,0.2695849,0.0,0.117422104,0.1979891,2016-08-04 04:00:00,0.0,0.0,0.0,0.0,0.0
298.59448,0.7337274,0.0,0.17875773,0.7014282,2016-08-04 05:00:00,0.0,0.0,0.0,0.0,0.0
298.1516,0.9032075,0.0,0.051976923,0.9008365,2016-08-04 06:00:00,0.0,0.0,0.0,0.0,0.0
298.22217,0.7119295,0.0,0.014106251,0.70856833,2016-08-04 07:00:00,0.0,0.0,0.0,0.0,0.0
297.86475,0.49598467,0.0,0.044833545,0.49434263,2016-08-04 08:00:00,0.0,0.0,0.0,0.0,0.0
297.19604,0.8107419,0.0,0.39412844,0.65933585,2016-08-04 09:00:00,0.0,0.0,0.0,0.0,0.0
296.30273,0.5686301,0.0031780982,0.34516013,0.5021698,2016-08-04 10:00:00,0.0,0.0,0.0,0.0,0.0
296.24097,0.87281007,0.051615488,0.23736584,0.85335845,2016-08-04 11:00:00,1.0,0.0,0.0,0.0,0.0
296.48682,1.0,0.24614394,0.25367743,1.0,2016-08-04 12:00:00,1.0,0.0,0.0,0.0,0.0
295.80225,1.0,1.0,0.32313132,1.0,2016-08-04 13:00:00,1.0,0.0007004305,0.0,0.00069574476,4.9811815e-06
295.49,1.0,0.5027836,0.31225997,1.0,2016-08-04 14:00:00,1.0,0.0022061775,0.0,0.0020864897,0.0001197447
295.60278,0.9594459,0.26276553,0.47854787,0.9247815,2016-08-04 15:00:00,1.0,0.00084034586,0.0,0.00052819774,0.00031218654
296.44653,0.9944678,0.8008864,0.97247475,0.18124348,2016-08-04 16:00:00,1.0,0.000109881235,0.0,0.0,0.000109709465
298.6228,1.0,1.0,0.7977096,0.07123202,2016-08-04 17:00:00,1.0,0.00011201858,0.0,2.3103596e-05,8.866629e-05
299.4253,0.9542514,0.93174666,0.5065936,0.13841444,2016-08-04 18:00:00,1.0,0.00038684183,0.0,0.00024044314,0.0001463988
299.63623,0.69930017,0.56656414,0.25542527,0.17771256,2016-08-04 19:00:00,0.0,0.00014870123,0.0,0.00012792941,2.0800653e-05
299.10986,0.36398357,0.23199803,0.11038834,0.1263839,2016-08-04 20:00:00,0.0,4.521414e-05,0.0,3.8053593e-05,6.7884894e-06
299.73804,0.17831081,0.11498797,0.05406285,0.04517441,2016-08-04 21:00:00,0.0,2.216395e-05,0.0,2.0645632e-05,1.3369399e-06
300.92212,0.16599506,0.04889102,0.051746134,0.10542387,2016-08-04 22:00:00,0.0,1.365589e-05,0.0,1.365589e-05,0.0
300.55884,0.04222957,0.0067320913,0.0021207693,0.034432847,2016-08-04 23:00:00,0.0,0.0,0.0,0.0,0.0
299.79956,0.032142334,0.008357041,0.0,0.02378529,2016-08-05 00:00:00,0.0,0.0,0.0,0.0,0.0
298.39307,0.008701935,0.0071128868,0.0,0.0015890491,2016-08-05 01:00:00,0.0,0.0,0.0,0.0,0.0
296.82104,0.0,0.0,0.0,0.0,2016-08-05 02:00:00,0.0,0.0,0.0,0.0,0.0
294.69678,0.0,0.0,0.0,0.0,2016-08-05 03:00:00,0.0,0.0,0.0,0.0,0.0
294.20557,0.0,0.0,0.0,0.0,2016-08-05 04:00:00,0.0,0.0,0.0,0.0,0.0
293.46924,0.0,0.0,0.0,0.0,2016-08-05 05:00:00,0.0,0.0,0.0,0.0,0.0
293.16455,0.0,0.0,0.0,0.0,2016-08-05 06:00:00,0.0,0.0,0.0,0.0,0.0
292.88428,0.0,0.0,0.0,0.0,2016-08-05 07:00:00,0.0,0.0,0.0,0.0,0.0
292.30615,0.0,0.0,0.0,0.0,2016-08-05 08:00:00,0.0,0.0,0.0,0.0,0.0
291.33887,0.0,0.0,0.0,0.0,2016-08-05 09:00:00,0.0,0.0,0.0,0.0,0.0
291.14648,0.0,0.0,0.0,0.0,2016-08-05 10:00:00,0.0,0.0,0.0,0.0,0.0
290.85278,0.0,0.0,0.0,0.0,2016-08-05 11:00:00,0.0,0.0,0.0,0.0,0.0
291.10425,0.0,0.0,0.0,0.0,2016-08-05 12:00:00,0.0,0.0,0.0,0.0,0.0
291.77808,0.0,0.0,0.0,0.0,2016-08-05 13:00:00,0.0,0.0,0.0,0.0,0.0
292.98047,0.0078530945,0.0078530945,0.0,0.0,2016-08-05 14:00:00,0.0,0.0,0.0,0.0,0.0
295.2749,0.09293759,0.09293759,0.0,0.0,2016-08-05 15:00:00,0.0,0.0,0.0,0.0,0.0
296.07568,0.31822354,0.31822354,0.0,0.0,2016-08-05 16:00:00,0.0,0.0,0.0,0.0,0.0
297.06714,0.8094496,0.8094496,0.0,0.0,2016-08-05 17:00:00,0.0,0.0,0.0,0.0,0.0
297.57446,0.9131697,0.91154474,0.045618344,0.0,2016-08-05 18:00:00,0.0,0.0,0.0,0.0,0.0
298.25415,0.96708024,0.96708024,0.21379876,0.0,2016-08-05 19:00:00,0.0,0.0,0.0,0.0,0.0
298.25952,0.6777886,0.6777886,0.22261345,0.0,2016-08-05 20:00:00,0.0,0.0,0.0,0.0,0.0
298.95093,0.22145653,0.18215704,0.042677768,0.0,2016-08-05 21:00:00,0.0,0.0,0.0,0.0,0.0
297.94067,0.18660039,0.14965701,0.036298472,0.03818521,2016-08-05 22:00:00,0.0,0.0,0.0,0.0,0.0
297.7473,0.19940472,0.15675747,0.06551033,0.00053172023,2016-08-05 23:00:00,0.0,0.0,0.0,0.0,0.0
297.4004,0.07718068,0.052779183,0.043637354,0.0,2016-08-06 00:00:00,0.0,0.0,0.0,0.0,0.0
296.39575,0.0039600097,0.0015890491,0.0029026829,0.0,2016-08-06 01:00:00,0.0,0.0,0.0,0.0,0.0
294.60376,0.0010573287,0.0010573287,0.0,0.0,2016-08-06 02:00:00,0.0,0.0,0.0,0.0,0.0
292.5437,0.0,0.0,0.0,0.0,2016-08-06 03:00:00,0.0,0.0,0.0,0.0,0.0
292.24463,0.0,0.0,0.0,0.0,2016-08-06 04:00:00,0.0,0.0,0.0,0.0,0.0
291.52124,0.0,0.0,0.0,0.0,2016-08-06 05:00:00,0.0,0.0,0.0,0.0,0.0
290.34106,0.0,0.0,0.0,0.0,2016-08-06 06:00:00,0.0,0.0,0.0,0.0,0.0
289.6255,0.02446571,0.02446571,0.0,0.0,2016-08-06 07:00:00,0.0,0.0,0.0,0.0,0.0
289.38843,0.035867397,0.035867397,0.0,0.0,2016-08-06 08:00:00,0.0,0.0,0.0,0.0,0.0
288.4077,0.023959909,0.023959909,0.0,0.0,2016-08-06 09:00:00,0.0,0.0,0.0,0.0,0.0
288.88818,0.010519415,0.010519415,0.0,0.0,2016-08-06 10:00:00,0.0,0.0,0.0,0.0,0.0
288.74536,0.00053172023,0.00053172023,0.0,0.0,2016-08-06 11:00:00,0.0,0.0,0.0,0.0,0.0
289.27393,0.0015890491,0.0015890491,0.0,0.0,2016-08-06 12:00:00,0.0,0.0,0.0,0.0,0.0
290.63135,0.0,0.0,0.0,0.0,2016-08-06 13:00:00,0.0,0.0,0.0,0.0,0.0
292.87305,0.0,0.0,0.0,0.0,2016-08-06 14:00:00,0.0,0.0,0.0,0.0,0.0
295.8723,0.0067320913,0.0067320913,0.0,0.0,2016-08-06 15:00:00,0.0,0.0,0.0,0.0,0.0
296.80518,0.31800044,0.31800044,0.0,0.0,2016-08-06 16:00:00,0.0,0.0,0.0,0.0,0.0
297.68262,0.68709534,0.68709534,0.0,0.0,2016-08-06 17:00:00,0.0,0.0,0.0,0.0,0.0
298.33496,0.9682613,0.9682613,0.0,0.0,2016-08-06 18:00:00,0.0,0.0,0.0,0.0,0.0
298.95923,0.89727986,0.89727986,0.672458,0.0,2016-08-06 19:00:00,0.0,1.9099144e-07,0.0,3.3391427e-07,0.0
299.55615,0.9033529,0.74797636,0.8876125,0.0,2016-08-06 20:00:00,0.0,0.0,0.0,0.0,0.0
299.80322,0.75234187,0.15503871,0.75234187,0.0,2016-08-06 21:00:00,0.0,0.0,0.0,0.0,0.0
299.4026,0.76558065,0.52070606,0.73137116,0.0,2016-08-06 22:00:00,0.0,0.0,0.0,0.0,0.0
299.37427,0.6271919,0.42491883,0.59684604,0.0,2016-08-06 23:00:00,0.0,0.0,0.0,0.0,0.0
298.6172,0.16649699,0.03186524,0.16596526,0.0,2016-08-07 00:00:00,0.0,0.0,0.0,0.0,0.0
297.75488,0.13229209,0.025823094,0.13229209,0.0,2016-08-07 01:00:00,0.0,0.0,0.0,0.0,0.0
295.7312,0.09125358,0.0358014,0.09125358,0.0,2016-08-07 02:00:00,0.0,0.0,0.0,0.0,0.0
293.31152,0.06200083,0.01801351,0.056168113,0.0,2016-08-07 03:00:00,0.0,0.0,0.0,0.0,0.0
292.76562,0.081128,0.026114143,0.050786592,0.018759523,2016-08-07 04:00:00,0.0,0.0,0.0,0.0,0.0
292.78198,0.13993746,0.027386691,0.042379506,0.08073443,2016-08-07 05:00:00,0.0,0.0,0.0,0.0,0.0
292.45703,0.33945894,0.05881904,0.04265492,0.29757398,2016-08-07 06:00:00,0.0,0.0,0.0,0.0,0.0
292.0188,0.7504585,0.07908833,0.020815585,0.7344553,2016-08-07 07:00:00,0.0,0.0,0.0,0.0,0.0
291.66626,0.75945026,0.14952677,0.04265923,0.71046305,2016-08-07 08:00:00,0.0,0.0,0.0,0.0,0.0
289.9148,0.65921503,0.1674087,0.006280929,0.5919349,2016-08-07 09:00:00,0.0,0.0,0.0,0.0,0.0
289.4226,0.569989,0.1964925,0.027864799,0.4790088,2016-08-07 10:00:00,0.0,0.0,0.0,0.0,0.0
289.2129,0.6135166,0.23122233,0.04091584,0.5048744,2016-08-07 11:00:00,0.0,0.0,0.0,0.0,0.0
289.59326,0.76810664,0.18875515,0.01727083,0.7032764,2016-08-07 12:00:00,0.0,0.0,0.0,0.0,0.0
291.22266,0.707906,0.23398834,0.0060638934,0.59079057,2016-08-07 13:00:00,0.0,0.0,0.0,0.0,0.0
292.93506,0.4891618,0.22703052,0.01107046,0.33406,2016-08-07 14:00:00,0.0,0.0,0.0,0.0,0.0
296.4419,0.4781788,0.19760048,0.014498752,0.3506918,2016-08-07 15:00:00,0.0,0.0,0.0,0.0,0.0
297.6089,0.48020655,0.19713414,0.0037098185,0.3513459,2016-08-07 16:00:00,1.0,0.0,0.0,0.0,0.0
298.71045,0.6344509,0.5204655,0.114031196,0.2256369,2016-08-07 17:00:00,0.0,2.5969775e-06,0.0,2.5585223e-06,0.0
299.48022,0.96387136,0.92148656,0.8877438,0.101036966,2016-08-07 18:00:00,0.0,1.908631e-06,0.0,2.0422622e-06,0.0
299.8064,0.90518135,0.48440647,0.9014884,0.05174339,2016-08-07 19:00:00,0.0,7.5935086e-06,0.0,7.126285e-06,0.0
299.92676,0.9237128,0.12778944,0.91551125,0.015083354,2016-08-07 20:00:00,0.0,5.7297444e-07,0.0,1.0975591e-06,0.0
300.43066,0.6888461,0.016422208,0.685668,0.0010573287,2016-08-07 21:00:00,0.0,3.8198294e-07,0.0,3.3423504e-07,0.0
300.05396,0.6310286,0.21147394,0.6043266,0.0100932345,2016-08-07 22:00:00,0.0,9.549569e-08,0.0,4.7747868e-08,0.0
299.7063,0.5127142,0.10331172,0.5068836,0.0,2016-08-07 23:00:00,0.0,0.0,0.0,0.0,0.0
299.3357,0.6551978,0.02421163,0.6509563,0.0,2016-08-08 00:00:00,0.0,0.0,0.0,0.0,0.0
298.12012,0.53505415,0.069346845,0.5203193,0.0,2016-08-08 01:00:00,0.0,0.0,0.0,0.0,0.0
297.08936,0.4977265,0.18137676,0.48402405,0.0,2016-08-08 02:00:00,0.0,0.0,0.0,0.0,0.0
294.7771,0.43584806,0.18866229,0.41741407,0.0,2016-08-08 03:00:00,0.0,0.0,0.0,0.0,0.0
294.198,0.48318082,0.3366562,0.4039817,0.0,2016-08-08 04:00:00,0.0,0.0,0.0,0.0,0.0
293.36963,0.59247035,0.47334313,0.3673756,0.0,2016-08-08 05:00:00,0.0,0.0,0.0,0.0,0.0
292.8379,0.5939793,0.55777013,0.2068165,0.018213443,2016-08-08 06:00:00,0.0,0.0,0.0,0.0,0.0
292.15625,0.8177005,0.76561356,0.35731632,0.02393825,2016-08-08 07:00:00,0.0,0.0,0.0,0.0,0.0
291.84497,0.81743085,0.77031124,0.35547656,0.0,2016-08-08 08:00:00,0.0,0.0,0.0,0.0,0.0
291.12036,0.63178706,0.6226901,0.1823948,0.0,2016-08-08 09:00:00,0.0,0.0,0.0,0.0,0.0
290.6338,0.75656694,0.7486855,0.0915997,0.0,2016-08-08 10:00:00,0.0,0.0,0.0,0.0,0.0
290.511,0.7456021,0.7388627,0.06629723,0.0,2016-08-08 11:00:00,0.0,0.0,0.0,0.0,0.0
290.77246,0.759281,0.75254154,0.06069992,0.0,2016-08-08 12:00:00,0.0,0.0,0.0,0.0,0.0
291.94214,0.85003996,0.85003996,0.273938,0.0,2016-08-08 13:00:00,0.0,0.0,0.0,0.0,0.0
294.10596,0.81496525,0.8030708,0.22634608,0.020364542,2016-08-08 14:00:00,0.0,0.0,0.0,0.0,0.0
297.38892,0.5939628,0.57370734,0.17115724,0.026712056,2016-08-08 15:00:00,0.0,0.0,0.0,0.0,0.0
298.3755,0.45524776,0.4267888,0.09585494,0.07030022,2016-08-08 16:00:00,0.0,0.0,0.0,0.0,0.0
299.0786,0.2772748,0.27227157,0.0032499009,0.005003199,2016-08-08 17:00:00,0.0,0.0,0.0,0.0,0.0
299.54297,0.38286078,0.37676096,0.012002405,0.0,2016-08-08 18:00:00,0.0,0.0,0.0,0.0,0.0
299.91577,0.55866164,0.29502857,0.52477664,0.0,2016-08-08 19:00:00,0.0,0.0,0.0,0.0,0.0
300.2556,0.86516935,0.8584299,0.73031235,0.0026822793,2016-08-08 20:00:00,0.0,9.549569e-08,0.0,4.7747868e-08,0.0
300.56738,0.7886544,0.33655387,0.7624635,0.11318362,2016-08-08 21:00:00,0.0,0.0,0.0,0.0,0.0
300.0769,0.8546623,0.08343601,0.68293357,0.5041846,2016-08-08 22:00:00,0.0,2.6726156e-07,0.0,2.6726156e-07,0.0
299.7329,0.91601753,0.44372153,0.6893311,0.6981874,2016-08-08 23:00:00,0.0,2.3675348e-06,0.0,2.2339045e-06,0.0
299.3811,0.63166547,0.07658899,0.5465492,0.18280864,2016-08-09 00:00:00,0.0,0.0,0.0,0.0,0.0
298.69263,0.48689145,0.05976301,0.43279588,0.09151274,2016-08-09 01:00:00,0.0,0.0,0.0,0.0,0.0
297.1643,0.37506795,0.22746629,0.34404165,0.014459483,2016-08-09 02:00:00,0.0,0.0,0.0,0.0,0.0
295.53564,0.18415666,0.048434198,0.106410444,0.0800671,2016-08-09 03:00:00,0.0,0.0,0.0,0.0,0.0
295.073,0.30774236,0.0,0.011203606,0.30026758,2016-08-09 04:00:00,0.0,0.0,0.0,0.0,0.0
294.38403,0.5155688,0.080969095,0.03235574,0.45565236,2016-08-09 05:00:00,0.0,0.0,0.0,0.0,0.0
294.5481,0.44311482,0.2292828,0.23761415,0.08974552,2016-08-09 06:00:00,0.0,0.0,0.0,0.0,0.0
294.48633,0.6232248,0.39142996,0.31792724,0.10802883,2016-08-09 07:00:00,0.0,3.813414e-07,0.0,3.813414e-07,0.0
293.99805,0.714091,0.32548052,0.20173943,0.45157784,2016-08-09 08:00:00,1.0,7.0499675e-07,0.0,7.0499675e-07,0.0
293.92627,0.9134289,0.13886303,0.050897833,0.8973135,2016-08-09 09:00:00,1.0,2.6726156e-07,0.0,0.0,2.6726156e-07
293.57642,0.74604094,0.41603315,0.009478044,0.5975048,2016-08-09 10:00:00,1.0,1.3542412e-06,0.0,0.0,1.3542412e-06
293.48608,0.286394,0.07017571,0.010276843,0.23259073,2016-08-09 11:00:00,0.0,8.9598825e-07,0.0,0.0,8.9598825e-07
293.73242,0.16351515,0.036256455,0.09674114,0.06778693,2016-08-09 12:00:00,0.0,3.050713e-07,0.0,0.0,3.050713e-07
294.55054,0.29332548,0.09934306,0.15891278,0.09671575,2016-08-09 13:00:00,0.0,0.0,0.0,0.0,0.0
295.81274,0.70716155,0.506174,0.092746496,0.36278754,2016-08-09 14:00:00,0.0,0.0,0.0,0.0,0.0
298.4065,0.9423869,0.84106463,0.09139609,0.637328,2016-08-09 15:00:00,0.0,0.0,0.0,0.0,0.0
298.97266,0.9813327,0.9399356,0.04596953,0.77804655,2016-08-09 16:00:00,0.0,3.8198294e-07,0.0,4.297308e-07,0.0
300.07104,0.9949934,0.97551227,0.06915003,0.6160324,2016-08-09 17:00:00,1.0,2.3333618e-05,0.0,1.9642946e-05,3.5858775e-06
300.81982,0.8749671,0.7490119,0.08665252,0.5294801,2016-08-09 18:00:00,1.0,5.2093397e-05,0.0,3.298362e-05,1.906202e-05
301.93457,0.71398,0.6607705,0.1415357,0.14233613,2016-08-09 19:00:00,1.0,0.00012364113,0.0,7.7667064e-05,4.5812238e-05
302.32886,0.6421947,0.6175644,0.07193726,0.05626872,2016-08-09 20:00:00,0.0,2.7114293e-05,0.0,7.3278743e-06,1.9805972e-05
303.1599,0.3771544,0.32154876,0.09865475,0.0437705,2016-08-09 21:00:00,0.0,3.861818e-05,0.0,3.669095e-05,1.98426e-06
302.61865,0.56250995,0.50574285,0.06801009,0.07556468,2016-08-09 22:00:00,0.0,4.0543877e-05,0.0,3.1085365e-05,9.3444405e-06
302.82764,0.49183446,0.38392258,0.14196408,0.15292662,2016-08-09 23:00:00,0.0,4.0454133e-06,0.0,3.940626e-06,9.549569e-08
302.58276,0.6275948,0.35577744,0.15937448,0.40868396,2016-08-10 00:00:00,0.0,3.8198294e-07,0.0,4.297308e-07,0.0
301.75146,0.46834457,0.17826211,0.12648499,0.33361465,2016-08-10 01:00:00,0.0,0.0,0.0,0.0,0.0
300.45215,0.5109041,0.15636009,0.014688015,0.39235783,2016-08-10 02:00:00,0.0,0.0,0.0,0.0,0.0
298.62256,0.56062394,0.07249397,0.0,0.518098,2016-08-10 03:00:00,0.0,0.0,0.0,0.0,0.0
298.12036,0.38824022,0.047699828,0.0,0.35054404,2016-08-10 04:00:00,0.0,0.0,0.0,0.0,0.0
297.2505,0.8957618,0.06508756,0.0,0.8828853,2016-08-10 05:00:00,0.0,0.0,0.0,0.0,0.0
296.54907,0.993112,0.073789716,0.0,0.99258035,2016-08-10 06:00:00,0.0,0.0,0.0,0.0,0.0
296.49707,1.0,0.15193874,0.0,1.0,2016-08-10 07:00:00,0.0,0.0,0.0,0.0,0.0
296.2776,1.0,0.20907527,0.0,1.0,2016-08-10 08:00:00,0.0,0.0,0.0,0.0,0.0
295.08154,1.0,0.17469275,0.0,1.0,2016-08-10 09:00:00,0.0,0.0,0.0,0.0,0.0
295.42725,0.9350992,0.5900886,0.0,0.8982448,2016-08-10 10:00:00,0.0,0.0,0.0,0.0,0.0
295.13013,0.95539534,0.21749824,0.0,0.95539534,2016-08-10 11:00:00,0.0,0.0,0.0,0.0,0.0
295.36035,0.5428481,0.09513432,0.01173529,0.5428481,2016-08-10 12:00:00,0.0,0.0,0.0,0.0,0.0
295.76343,0.77817845,0.12595624,0.0,0.7550495,2016-08-10 13:00:00,0.0,0.0,0.0,0.0,0.0
296.84888,0.9531045,0.17314726,0.0,0.95100063,2016-08-10 14:00:00,0.0,0.0,0.0,0.0,0.0
299.77637,0.97281647,0.45827603,0.040700793,0.93756497,2016-08-10 15:00:00,0.0,0.0,0.0,0.0,0.0
300.84033,0.9606683,0.53605825,0.072217405,0.9288878,2016-08-10 16:00:00,0.0,0.0,0.0,0.0,0.0
302.083,0.9880947,0.6015772,0.18164867,0.9825457,2016-08-10 17:00:00,0.0,0.0,0.0,0.0,0.0
303.18896,0.99550825,0.5602743,0.024150413,0.99261165,2016-08-10 18:00:00,0.0,0.0,0.0,0.0,0.0
303.6797,0.97261083,0.03348726,0.017659962,0.9694435,2016-08-10 19:00:00,1.0,1.9099144e-07,0.0,1.9099144e-07,0.0
304.01,0.7842716,0.47864372,0.0,0.5045265,2016-08-10 20:00:00,1.0,2.432079e-05,0.0,2.4454435e-05,0.0
304.55713,0.8345971,0.7522549,0.14586961,0.24810314,2016-08-10 21:00:00,1.0,2.057913e-05,0.0,1.7639264e-05,2.939877e-06
303.4275,0.5073228,0.32258523,0.07903999,0.20995456,2016-08-10 22:00:00,1.0,4.2140528e-05,0.0,2.7509173e-05,1.457431e-05
302.89478,0.62379694,0.23825169,0.21401262,0.50934243,2016-08-10 23:00:00,0.0,3.764477e-05,0.0,3.2749158e-05,4.847867e-06
302.4873,0.88153905,0.1169945,0.11311567,0.8463733,2016-08-11 00:00:00,0.0,0.0,0.0,0.0,0.0
300.59985,0.89977086,0.05799425,0.07120448,0.88476455,2016-08-11 01:00:00,0.0,0.0,0.0,0.0,0.0
298.54565,0.87835556,0.016260177,0.031092007,0.87835556,2016-08-11 02:00:00,1.0,6.064294e-06,0.0,0.0,6.064294e-06
296.67017,0.9362555,0.0,0.335876,0.92168117,2016-08-11 03:00:00,1.0,0.0021948603,0.0,0.0021522124,4.2571206e-05
295.4087,0.83719057,0.0,0.5079301,0.69144493,2016-08-11 04:00:00,1.0,0.007146828,0.0,0.007093761,5.3126336e-05
294.83398,0.66748524,0.0037288337,0.434824,0.44327968,2016-08-11 05:00:00,1.0,0.0058875717,0.0,0.005867865,1.9763786e-05
294.95386,0.7635229,0.0026356035,0.23091614,0.7294324,2016-08-11 06:00:00,1.0,0.001070394,0.0,0.0010055737,6.5001805e-05
295.17993,0.9831852,0.012959123,0.14911652,0.9687569,2016-08-11 07:00:00,1.0,9.561779e-06,0.0,2.3873935e-07,9.484867e-06
295.06836,1.0,0.22007757,0.20439637,1.0,2016-08-11 08:00:00,1.0,4.5558598e-05,0.0,0.0,4.593993e-05
295.3894,1.0,0.998375,0.13672513,0.9978961,2016-08-11 09:00:00,1.0,0.003206872,0.0,0.003074581,0.00013251026
294.5708,1.0,1.0,0.8953862,1.0,2016-08-11 10:00:00,1.0,0.007998325,0.0,0.0077471063,0.00025159353
294.36157,1.0,0.99946827,0.36399662,0.9797078,2016-08-11 11:00:00,1.0,0.0028676959,0.0,0.0025607415,0.00030681118
294.17065,0.98630244,0.9514937,0.07932174,0.8018938,2016-08-11 12:00:00,1.0,0.00017776035,0.0,0.0,0.00017776035
294.24023,1.0,1.0,0.086126745,0.9104066,2016-08-11 13:00:00,1.0,0.00011388825,0.0,0.0,0.00011377418
294.71338,1.0,1.0,0.0,1.0,2016-08-11 14:00:00,1.0,0.00032564253,0.0,1.0366357e-05,0.00031499006
296.06543,1.0,1.0,0.0,0.85031915,2016-08-11 15:00:00,1.0,0.00023593614,0.0,6.1470164e-06,0.00022942635
296.86646,1.0,1.0,0.0,0.520119,2016-08-11 16:00:00,1.0,9.812103e-05,0.0,6.005657e-05,3.7892372e-05
297.78003,1.0,1.0,0.0,0.049924538,2016-08-11 17:00:00,1.0,9.196157e-05,0.0,8.682214e-05,4.9401187e-06
298.91675,0.71682405,0.7057609,0.0,0.025697496,2016-08-11 18:00:00,1.0,0.000119226024,0.0,8.933786e-05,2.9859322e-05
299.73633,0.5562591,0.5533698,0.0,0.0057992525,2016-08-11 19:00:00,1.0,1.3721838e-06,0.0,1.4292236e-06,0.0
300.3086,0.27395922,0.27187246,0.00053172023,0.002103883,2016-08-11 20:00:00,0.0,0.0,0.0,0.0,0.0
300.92358,0.19991255,0.14334327,0.0052650943,0.058673147,2016-08-11 21:00:00,0.0,0.0,0.0,0.0,0.0
300.3059,0.9978961,0.16003972,0.67189074,0.99451786,2016-08-11 22:00:00,0.0,0.0,0.0,0.0,0.0
300.0713,0.3236969,0.12226522,0.13821328,0.18178535,2016-08-11 23:00:00,0.0,0.0,0.0,0.0,0.0
299.4016,0.95058393,0.004207764,0.05327082,0.95058393,2016-08-12 00:00:00,0.0,0.0,0.0,0.0,0.0
298.79565,1.0,0.004207764,0.10177791,1.0,2016-08-12 01:00:00,0.0,0.0,0.0,0.0,0.0
298.09473,1.0,0.0010573287,0.03716877,1.0,2016-08-12 02:00:00,0.0,0.0,0.0,0.0,0.0
297.34155,1.0,0.0,0.01788513,1.0,2016-08-12 03:00:00,0.0,0.0,0.0,0.0,0.0
296.64868,1.0,0.0,0.01788513,1.0,2016-08-12 04:00:00,0.0,0.0,0.0,0.0,0.0
295.8081,1.0,0.0,0.050078455,1.0,2016-08-12 05:00:00,0.0,0.0,0.0,0.0,0.0
295.33032,1.0,0.0,0.048023995,1.0,2016-08-12 06:00:00,0.0,4.774787e-07,0.0,0.0,4.774787e-07
295.15747,0.9939861,0.0,0.13267285,0.9939861,2016-08-12 07:00:00,1.0,4.276185e-06,0.0,4.276185e-06,0.0
295.05054,1.0,0.0037288337,0.45606232,1.0,2016-08-12 08:00:00,1.0,2.2449967e-05,0.0,2.1781816e-05,8.017848e-07
294.4834,0.98128974,0.021548808,0.6928891,0.9706981,2016-08-12 09:00:00,1.0,7.807875e-05,0.0,3.3294506e-05,4.4650616e-05
294.70508,0.9989426,0.64528376,0.8495323,0.9973177,2016-08-12 10:00:00,1.0,0.0003019988,0.0,0.000120772005,0.00018122689
294.55664,0.99604,0.6736349,0.93566525,0.9511055,2016-08-12 11:00:00,1.0,0.000521448,0.0,0.0002352203,0.00028604618
294.4231,0.98678106,0.7827434,0.85319966,0.9683465,2016-08-12 12:00:00,1.0,0.00078178546,0.0,0.00041170744,0.0003702212
294.42236,0.95623803,0.55651903,0.7795336,0.87683964,2016-08-12 13:00:00,1.0,0.0008727915,0.0,0.00039275875,0.00048026186
294.88892,0.9802696,0.54505306,0.90978485,0.6544876,2016-08-12 14:00:00,1.0,0.0006011429,0.0,7.642395e-05,0.0005247472
295.8213,0.9659032,0.43081963,0.89921725,0.65459484,2016-08-12 15:00:00,1.0,0.0010095839,0.0,1.220815e-05,0.0009970989
296.36035,0.95954865,0.5243748,0.80420506,0.66194874,2016-08-12 16:00:00,1.0,0.0010646589,0.0,0.0,0.0010646589
296.97974,0.91790396,0.67973393,0.6277756,0.47544247,2016-08-12 17:00:00,1.0,0.0004696746,0.0,2.699341e-05,0.0004426625
297.15674,0.8628663,0.51189935,0.47925103,0.5236349,2016-08-12 18:00:00,1.0,9.88102e-05,0.0,8.017848e-07,9.791291e-05
297.21753,0.84509754,0.3330164,0.5319831,0.5258284,2016-08-12 19:00:00,1.0,5.4614487e-05,0.0,3.3794233e-05,2.0782114e-05
296.99243,0.81814724,0.17199326,0.6540718,0.45152128,2016-08-12 20:00:00,1.0,0.00048805773,0.0,0.00044557475,4.3036038e-05
297.0454,0.90108925,0.23055655,0.82502556,0.43060797,2016-08-12 21:00:00,1.0,0.00035613216,0.0,0.00010000156,0.00025606318
295.66455,0.99675006,0.3718089,0.98338985,0.6751015,2016-08-12 22:00:00,1.0,0.0006238832,0.0,0.00039592735,0.00022766035
295.13354,0.99416727,0.14691585,0.99416727,0.6420883,2016-08-12 23:00:00,1.0,0.00044871029,0.0,0.0003618349,8.683698e-05
294.84082,1.0,0.008145396,1.0,0.19241929,2016-08-13 00:00:00,1.0,0.00052142655,0.0,0.0004724837,4.899055e-05
294.49902,0.92911625,0.00053172023,0.92911625,0.0100932345,2016-08-13 01:00:00,1.0,0.00020285432,0.0,0.00018044979,2.241382e-05
294.01245,0.65903777,0.0,0.6489373,0.14953285,2016-08-13 02:00:00,1.0,9.00038e-05,0.0,8.596222e-05,3.984529e-06
293.15015,0.34777093,0.0,0.34777093,0.026661258,2016-08-13 03:00:00,1.0,2.789867e-05,0.0,2.6523907e-05,1.431803e-06
293.17383,0.11258519,0.0,0.11258519,0.012831885,2016-08-13 04:00:00,0.0,0.0,0.0,0.0,1.14079796e-07
292.91772,0.06894386,0.011474017,0.057462562,0.0,2016-08-13 05:00:00,0.0,0.0,0.0,0.0,0.0
292.13403,0.036708076,0.027972676,0.0087354,0.0,2016-08-13 06:00:00,0.0,0.0,0.0,0.0,0.0
291.75098,0.020058904,0.0010573287,0.019527182,0.0,2016-08-13 07:00:00,0.0,0.0,0.0,0.0,0.0
291.36133,0.19513422,0.19276321,0.031389218,0.0,2016-08-13 08:00:00,0.0,0.0,0.0,0.0,0.0
290.7798,0.7195133,0.71714234,0.019827727,0.0,2016-08-13 09:00:00,0.0,0.0,0.0,0.0,0.0
290.7566,0.78642803,0.78642803,0.054515425,0.0,2016-08-13 10:00:00,0.0,0.0,0.0,0.0,0.0
290.9536,0.952848,0.952848,0.029661182,0.0,2016-08-13 11:00:00,0.0,0.0,0.0,0.0,0.0
290.88086,0.8221771,0.8221771,0.026202798,0.0,2016-08-13 12:00:00,1.0,0.0,0.0,0.0,0.0
291.54858,0.52419007,0.5178256,0.049462184,0.0,2016-08-13 13:00:00,1.0,5.3452317e-07,0.0,0.0,5.3452317e-07
292.8086,0.36120158,0.36120158,0.0,0.0,2016-08-13 14:00:00,1.0,0.0,0.0,0.0,0.0
295.67285,0.16507185,0.16507185,0.0,0.0,2016-08-13 15:00:00,1.0,1.7535249e-06,0.0,2.0778261e-06,0.0
297.08472,0.17753685,0.17415863,0.025296085,0.0,2016-08-13 16:00:00,1.0,7.910376e-05,0.0,7.41322e-05,5.41955e-06
297.8921,0.31199032,0.20099193,0.20153087,0.0,2016-08-13 17:00:00,1.0,5.909818e-05,0.0,5.883124e-05,6.101426e-07
298.77808,0.2707001,0.047368933,0.26781082,0.0,2016-08-13 18:00:00,1.0,6.6795445e-05,0.0,6.708225e-05,0.0
299.1306,0.31904668,0.010009766,0.31904668,0.0,2016-08-13 19:00:00,1.0,1.8197345e-05,0.0,1.8445047e-05,0.0
299.63574,0.3126129,0.032896243,0.2958665,0.0,2016-08-13 20:00:00,1.0,2.2528138e-06,0.0,2.443484e-06,0.0
299.7827,0.27819693,0.010009766,0.27819693,0.0,2016-08-13 21:00:00,1.0,3.642931e-06,0.0,3.6906786e-06,0.0
299.5039,0.4459204,0.054075517,0.4432848,0.0,2016-08-13 22:00:00,1.0,1.6035692e-06,0.0,1.6513168e-06,0.0
299.05713,0.3500111,0.06041268,0.3292712,0.010057587,2016-08-13 23:00:00,0.0,2.6726156e-07,0.0,1.3363075e-07,0.0
298.50488,0.33824205,0.026135791,0.2123484,0.20358151,2016-08-14 00:00:00,0.0,0.0,0.0,0.0,0.0
297.47925,0.40402383,0.10615283,0.38181698,0.04446625,2016-08-14 01:00:00,0.0,0.0,0.0,0.0,0.0
295.96582,0.30836356,0.07378018,0.282641,0.028225176,2016-08-14 02:00:00,0.0,0.0,0.0,0.0,0.0
293.99243,0.14696652,0.058566697,0.1117146,0.0029026829,2016-08-14 03:00:00,0.0,0.0,0.0,0.0,0.0
293.4646,0.09881282,0.029998776,0.09090692,0.0,2016-08-14 04:00:00,0.0,0.0,0.0,0.0,0.0
292.98364,0.06609732,0.010160383,0.06609732,0.0,2016-08-14 05:00:00,0.0,0.0,0.0,0.0,0.0
292.4131,0.07251477,0.027953349,0.07251477,0.0,2016-08-14 06:00:00,0.0,0.0,0.0,0.0,0.0
292.20874,0.033377025,0.0100932345,0.029998776,0.0,2016-08-14 07:00:00,0.0,0.0,0.0,0.0,0.0
291.9043,0.057214666,0.025326297,0.042379506,0.0,2016-08-14 08:00:00,0.0,0.0,0.0,0.0,0.0
290.94678,0.018366806,0.0,0.018366806,0.0,2016-08-14 09:00:00,0.0,0.0,0.0,0.0,0.0
289.99146,0.0084314905,0.0,0.0084314905,0.0,2016-08-14 10:00:00,0.0,0.0,0.0,0.0,0.0
289.91968,0.0,0.0,0.0,0.0,2016-08-14 11:00:00,0.0,0.0,0.0,0.0,0.0
290.05347,0.0,0.0,0.0,0.0,2016-08-14 12:00:00,0.0,0.0,0.0,0.0,0.0
291.35962,0.0,0.0,0.0,0.0,2016-08-14 13:00:00,0.0,0.0,0.0,0.0,0.0
293.22388,0.0,0.0,0.0,0.0,2016-08-14 14:00:00,0.0,0.0,0.0,0.0,0.0
296.50415,0.16031694,0.16031694,0.0,0.0,2016-08-14 15:00:00,1.0,2.0329608e-05,0.0,2.0062347e-05,0.0
297.25195,0.10678822,0.10415262,0.035373032,0.0,2016-08-14 16:00:00,1.0,4.5171342e-05,0.0,4.378728e-05,1.3363078e-06
298.51538,0.14775437,0.13471633,0.02730228,0.0,2016-08-14 17:00:00,1.0,3.0201001e-05,0.0,2.817763e-05,1.9663266e-06
298.6543,0.18042183,0.16732287,0.04392664,0.0,2016-08-14 18:00:00,1.0,2.0526451e-05,0.0,1.7876286e-05,2.4976234e-06
298.9663,0.41295338,0.32024014,0.35294187,0.0,2016-08-14 19:00:00,0.0,0.0,0.0,0.0,0.0
299.55322,0.72513217,0.12173426,0.7208967,0.0,2016-08-14 20:00:00,0.0,0.0,0.0,0.0,0.0
299.93652,0.8300127,0.0689984,0.8300127,0.0,2016-08-14 21:00:00,0.0,0.0,0.0,0.0,0.0
299.77197,0.30349708,0.0,0.30349708,0.0,2016-08-14 22:00:00,0.0,0.0,0.0,0.0,0.0
299.8933,0.100988984,0.0,0.100988984,0.0,2016-08-14 23:00:00,0.0,0.0,0.0,0.0,0.0
299.5581,0.050494496,0.0,0.050494496,0.0,2016-08-15 00:00:00,0.0,0.0,0.0,0.0,0.0
298.59985,0.0,0.0,0.0,0.0,2016-08-15 01:00:00,0.0,0.0,0.0,0.0,0.0
297.35474,0.0,0.0,0.0,0.0,2016-08-15 02:00:00,0.0,0.0,0.0,0.0,0.0
294.30835,0.0,0.0,0.0,0.0,2016-08-15 03:00:00,0.0,0.0,0.0,0.0,0.0
293.49756,0.011520103,0.0,0.0,0.011520103,2016-08-15 04:00:00,0.0,0.0,0.0,0.0,0.0
292.92603,0.096598685,0.0,0.0,0.096598685,2016-08-15 05:00:00,0.0,0.0,0.0,0.0,0.0
292.45874,0.03397988,0.0,0.0,0.03397988,2016-08-15 06:00:00,0.0,0.0,0.0,0.0,0.0
291.70386,0.0,0.0,0.0,0.0,2016-08-15 07:00:00,0.0,0.0,0.0,0.0,0.0
290.7622,0.13594848,0.0,0.0,0.13594848,2016-08-15 08:00:00,0.0,0.0,0.0,0.0,0.0
290.36157,0.18639624,0.0,0.0,0.18639624,2016-08-15 09:00:00,0.0,0.0,0.0,0.0,0.0
289.46606,0.34843928,0.0,0.0,0.34843928,2016-08-15 10:00:00,0.0,0.0,0.0,0.0,0.0
289.48657,0.16894466,0.0,0.0,0.16894466,2016-08-15 11:00:00,0.0,0.0,0.0,0.0,0.0
289.636,0.7051404,0.0,0.0,0.7051404,2016-08-15 12:00:00,0.0,0.0,0.0,0.0,0.0
291.51782,0.90810466,0.011348315,0.0,0.90704733,2016-08-15 13:00:00,0.0,0.0,0.0,0.0,0.0
293.7788,0.98584825,0.012080185,0.0,0.98532265,2016-08-15 14:00:00,0.0,0.0,0.0,0.0,0.0
297.29272,0.64240915,0.0,0.0,0.64240915,2016-08-15 15:00:00,0.0,0.0,0.0,0.0,0.0
297.97754,0.53469825,0.09731865,0.0,0.5023373,2016-08-15 16:00:00,0.0,0.0,0.0,0.0,0.0
298.79395,0.787924,0.27189136,0.0,0.7245919,2016-08-15 17:00:00,0.0,0.0,0.0,0.0,0.0
299.31323,0.77326846,0.57611835,0.28177977,0.50174814,2016-08-15 18:00:00,0.0,0.0,0.0,0.0,0.0
299.35254,0.9576022,0.34467566,0.79830515,0.79510516,2016-08-15 19:00:00,0.0,9.549569e-08,0.0,4.7747868e-08,0.0
299.49365,0.99609,0.26184273,0.8992417,0.9533358,2016-08-15 20:00:00,0.0,0.0,0.0,0.0,0.0
299.7168,0.9611516,0.18529922,0.8906263,0.8492854,2016-08-15 21:00:00,0.0,0.0,0.0,0.0,0.0
299.14453,0.9989426,0.9309092,0.94113165,0.9051226,2016-08-15 22:00:00,0.0,0.0,0.0,0.0,0.0
299.04346,0.91326874,0.6423907,0.6703418,0.66414464,2016-08-15 23:00:00,0.0,0.0,0.0,0.0,0.0
298.35742,0.7868013,0.021331362,0.2872029,0.6866973,2016-08-16 00:00:00,0.0,0.0,0.0,0.0,0.0
297.26318,0.5557995,0.038140636,0.104331315,0.5054066,2016-08-16 01:00:00,0.0,0.0,0.0,0.0,0.0
296.30664,0.42379546,0.11395866,0.24110734,0.18154132,2016-08-16 02:00:00,0.0,0.0,0.0,0.0,0.0
294.53125,0.4770769,0.15638822,0.3575049,0.1334576,2016-08-16 03:00:00,0.0,0.0,0.0,0.0,0.0
293.81323,0.30510688,0.06946564,0.22673339,0.05390237,2016-08-16 04:00:00,0.0,0.0,0.0,0.0,0.0
292.6931,0.27675188,0.03760745,0.2678417,0.0037098185,2016-08-16 05:00:00,0.0,0.0,0.0,0.0,0.0
292.5537,0.40518075,0.03806591,0.38927114,0.0,2016-08-16 06:00:00,0.0,0.0,0.0,0.0,0.0
292.63257,0.515044,0.013844978,0.48853868,0.051153354,2016-08-16 07:00:00,0.0,0.0,0.0,0.0,0.0
292.6172,0.45552176,0.007568907,0.41034943,0.11621523,2016-08-16 08:00:00,0.0,0.0,0.0,1.3363075e-07,0.0
291.46387,0.48130167,0.0054821298,0.44969904,0.09493625,2016-08-16 09:00:00,0.0,0.0,0.0,0.0,0.0
291.9668,0.38053757,0.054169636,0.37500536,0.008434854,2016-08-16 10:00:00,1.0,5.3452317e-07,0.0,0.0,2.6726156e-07
291.73364,0.3016863,0.10962874,0.27510166,0.024266452,2016-08-16 11:00:00,1.0,4.3817985e-05,0.0,2.8864248e-05,1.5067824e-05
292.2202,0.33067733,0.0743739,0.30506808,0.039077405,2016-08-16 12:00:00,1.0,2.7084916e-06,0.0,0.0,3.0898327e-06
293.18335,0.37632543,0.05513056,0.22885329,0.19852233,2016-08-16 13:00:00,0.0,0.0,0.0,0.0,0.0
295.01245,0.53202134,0.010624956,0.19910383,0.4044677,2016-08-16 14:00:00,0.0,0.0,0.0,0.0,0.0
298.34326,0.8789749,0.0,0.11671388,0.86561465,2016-08-16 15:00:00,0.0,0.0,0.0,0.0,0.0
299.5066,0.65315104,0.0037098185,0.037567653,0.6452695,2016-08-16 16:00:00,1.0,2.6663125e-05,0.0,2.6339461e-05,0.0
300.73267,0.14142424,0.05477465,0.06103174,0.06991488,2016-08-16 17:00:00,1.0,2.223828e-05,0.0,2.2619628e-05,0.0
301.03467,0.27268684,0.118846655,0.051620845,0.18760478,2016-08-16 18:00:00,1.0,2.2942011e-05,0.0,2.2989756e-05,0.0
301.19775,0.40827876,0.1846537,0.031079944,0.27864844,2016-08-16 19:00:00,1.0,2.6399095e-05,0.0,2.6780443e-05,0.0
301.46045,0.36952734,0.123416185,0.05334548,0.25512624,2016-08-16 20:00:00,1.0,3.19776e-05,0.0,3.211123e-05,0.0
301.40967,0.37548345,0.20319891,0.04939366,0.20933372,2016-08-16 21:00:00,1.0,4.5597553e-05,0.0,4.5597553e-05,0.0
298.61597,0.94926435,0.2937544,0.31397372,0.8976522,2016-08-16 22:00:00,1.0,0.0015363689,0.0,0.0015366166,0.0
297.52612,1.0,0.94107413,0.073842525,1.0,2016-08-16 23:00:00,1.0,8.4411615e-05,0.0,7.667458e-05,7.3172387e-06
296.77563,0.9957922,0.8894607,0.37515086,0.9931566,2016-08-17 00:00:00,1.0,0.0018303702,0.0,0.0018267012,3.3538681e-06
295.3955,0.96818125,0.06714445,0.07784772,0.9671239,2016-08-17 01:00:00,1.0,0.0029370766,0.0,0.0029150657,2.1639004e-05
293.92017,0.9160369,0.0066124983,0.05629611,0.91335464,2016-08-17 02:00:00,1.0,0.0014456727,0.0,0.0014055788,3.986465e-05
293.07886,0.7258929,0.0,0.011106361,0.7258929,2016-08-17 03:00:00,1.0,0.00022593938,0.0,0.00011214957,0.000113675706
292.84692,0.4841507,0.0,0.0,0.4841507,2016-08-17 04:00:00,1.0,5.638461e-05,0.0,0.0,5.638461e-05
292.25903,0.44887823,0.0,0.0,0.44887823,2016-08-17 05:00:00,0.0,5.915585e-07,0.0,0.0,5.915585e-07
291.90625,0.39453405,0.0,0.0,0.39453405,2016-08-17 06:00:00,0.0,0.0,0.0,0.0,0.0
292.02734,0.27170545,0.0,0.0,0.27170545,2016-08-17 07:00:00,0.0,0.0,0.0,0.0,0.0
291.89185,0.13655508,0.0016249504,0.0037288337,0.13330513,2016-08-17 08:00:00,0.0,0.0,0.0,0.0,0.0
291.77368,0.038928527,0.0,0.013259664,0.025657866,2016-08-17 09:00:00,0.0,0.0,0.0,0.0,0.0
290.02954,0.9978961,0.9978961,0.0016249504,0.0,2016-08-17 10:00:00,0.0,0.0,0.0,0.0,0.0
290.24487,1.0,1.0,0.00998199,0.0,2016-08-17 11:00:00,0.0,0.0,0.0,0.0,0.0
290.38232,1.0,1.0,0.011634715,0.0,2016-08-17 12:00:00,0.0,2.0957555e-07,0.0,0.0,2.0957555e-07
291.11108,0.9928871,0.9928871,0.0168278,0.0,2016-08-17 13:00:00,1.0,5.9091695e-07,0.0,0.0,2.0957555e-07
292.22656,0.83462834,0.83462834,0.009478044,0.0,2016-08-17 14:00:00,1.0,0.0,0.0,0.0,3.627573e-07
296.22974,0.67456615,0.67456615,0.0,0.0,2016-08-17 15:00:00,0.0,9.549569e-08,0.0,0.0,9.549569e-08
297.81177,0.52878314,0.52614754,0.0026356035,0.0,2016-08-17 16:00:00,0.0,1.9099144e-07,0.0,0.0,3.050713e-07
299.187,0.2706514,0.26729757,0.017687943,0.0,2016-08-17 17:00:00,0.0,1.7349412e-06,0.0,1.5920177e-06,0.0
300.0122,0.24647206,0.18425077,0.15960026,0.0,2016-08-17 18:00:00,0.0,2.0539388e-05,0.0,2.0348714e-05,0.0
300.6787,0.23781735,0.10580838,0.18070823,0.0,2016-08-17 19:00:00,0.0,9.547772e-05,0.0,9.584047e-05,0.0
301.14062,0.34112096,0.095701575,0.3133577,0.0,2016-08-17 20:00:00,1.0,5.71962e-05,0.0,5.7215104e-05,0.0
301.36646,0.34810454,0.115430415,0.30511224,0.0,2016-08-17 21:00:00,1.0,7.028872e-05,0.0,7.013553e-05,0.0
301.36597,0.39180225,0.16525275,0.3132224,0.0,2016-08-17 22:00:00,0.0,5.1454204e-05,0.0,5.1454204e-05,0.0
301.27026,0.36591774,0.011785332,0.36539215,0.0,2016-08-17 23:00:00,0.0,4.884295e-05,0.0,4.897658e-05,0.0
300.92456,0.39336783,0.08831638,0.38937193,0.0,2016-08-18 00:00:00,0.0,9.235817e-05,0.0,9.228158e-05,0.0
300.09985,0.3144353,0.14839852,0.29292083,0.0,2016-08-18 01:00:00,0.0,3.5903868e-06,0.0,2.769376e-06,9.165061e-07
298.70825,0.17837799,0.052047793,0.17112607,0.0,2016-08-18 02:00:00,0.0,7.257676e-06,0.0,6.8756926e-06,4.774787e-07
296.57056,0.19417149,0.087299585,0.17658055,0.0,2016-08-18 03:00:00,0.0,0.0,0.0,0.0,0.0
295.8601,0.17918515,0.08727789,0.17023903,0.0,2016-08-18 04:00:00,0.0,0.0,0.0,0.0,0.0
294.63525,0.088413,0.03619324,0.08735567,0.0,2016-08-18 05:00:00,0.0,0.0,0.0,0.0,0.0
293.95557,0.07974255,0.057070855,0.06772947,0.0,2016-08-18 06:00:00,0.0,0.0,0.0,0.0,0.0
294.00342,0.02217342,0.012531344,0.02217342,0.0,2016-08-18 07:00:00,0.0,0.0,0.0,0.0,0.0
293.71875,0.0057492107,0.0,0.0057492107,0.0,2016-08-18 08:00:00,0.0,0.0,0.0,0.0,0.0
292.86353,0.0,0.0,0.0,0.0,2016-08-18 09:00:00,0.0,0.0,0.0,0.0,0.0
292.28003,0.0,0.0,0.0,0.0,2016-08-18 10:00:00,0.0,0.0,0.0,0.0,0.0
292.14404,0.41542667,0.41542667,0.0,0.0032499009,2016-08-18 11:00:00,0.0,0.0,0.0,0.0,0.0
292.2151,0.5185419,0.4996069,0.0,0.05347086,2016-08-18 12:00:00,0.0,0.0,0.0,0.0,0.0
293.82422,0.33253485,0.21253747,0.0,0.16765392,2016-08-18 13:00:00,0.0,0.0,0.0,0.0,0.0
295.73364,0.51487446,0.0,0.010009766,0.5072528,2016-08-18 14:00:00,0.0,0.0,0.0,0.0,0.0
299.3501,0.8291638,0.0,0.037615545,0.8270599,2016-08-18 15:00:00,0.0,0.0,0.0,0.0,0.0
300.4192,0.9484805,0.0,0.29292297,0.9352039,2016-08-18 16:00:00,0.0,0.0,0.0,0.0,0.0
301.26245,0.9821974,0.043872707,0.2659756,0.98008275,2016-08-18 17:00:00,0.0,0.0,0.0,0.0,0.0
301.1294,1.0,0.025031481,0.16223955,1.0,2016-08-18 18:00:00,0.0,0.0,0.0,0.0,0.0
301.23633,1.0,0.05876809,0.23072141,1.0,2016-08-18 19:00:00,0.0,8.590803e-06,0.0,8.486016e-06,0.0
301.11743,0.99336845,0.008835975,0.52175575,0.99336845,2016-08-18 20:00:00,1.0,4.0623752e-05,0.0,3.968834e-05,8.017848e-07
300.61035,1.0,0.025371902,0.6197588,1.0,2016-08-18 21:00:00,0.0,3.2071384e-06,0.0,0.0,2.939877e-06
298.5725,1.0,0.0,0.39841157,1.0,2016-08-18 22:00:00,0.0,0.0,0.0,0.0,0.0
297.98535,1.0,0.0,0.40745968,0.9949968,2016-08-18 23:00:00,0.0,0.0,0.0,0.0,0.0
297.9807,1.0,0.0,0.045031205,1.0,2016-08-19 00:00:00,0.0,0.0,0.0,0.0,0.0
297.24463,1.0,0.0,0.016422208,1.0,2016-08-19 01:00:00,1.0,0.0,0.0,0.0,0.0
296.79004,0.9909002,0.0016249504,0.022363238,0.98879635,2016-08-19 02:00:00,0.0,4.7683716e-07,0.0,0.0,4.7683716e-07
296.18726,0.95833635,0.0016249504,0.05150609,0.95833635,2016-08-19 03:00:00,1.0,0.00014687657,0.0,0.00014512303,1.9631007e-06
295.03662,0.91114706,0.002103883,0.26379305,0.8822978,2016-08-19 04:00:00,1.0,0.002278223,0.0,0.0021972607,8.0962156e-05
293.87866,0.9811232,0.18328446,0.14123172,0.9763813,2016-08-19 05:00:00,1.0,0.002693424,0.0,0.0025464082,0.00014692999
294.06836,1.0,0.015386026,0.73559135,1.0,2016-08-19 06:00:00,1.0,0.00018585351,0.0,1.969027e-05,0.00016605845
293.719,1.0,0.10372996,0.03183234,1.0,2016-08-19 07:00:00,1.0,0.000970592,0.0,0.00096606277,4.3479095e-06
293.17432,1.0,0.13109809,0.058194216,1.0,2016-08-19 08:00:00,1.0,0.0038561656,0.0,0.003821351,3.4995683e-05
292.73975,0.99600405,0.076630354,0.28867674,0.99600405,2016-08-19 09:00:00,1.0,0.0014574416,0.0,0.0013373126,0.00012018603
292.58716,0.9978961,0.0029026829,0.8075312,0.9946291,2016-08-19 10:00:00,1.0,7.728842e-05,0.0,9.3380254e-07,7.6411656e-05
292.6206,1.0,0.0015890491,0.82834274,1.0,2016-08-19 11:00:00,1.0,2.7026006e-05,0.0,2.5939677e-05,1.0863378e-06
292.31934,1.0,0.033297822,0.92341995,0.99627113,2016-08-19 12:00:00,1.0,3.0989235e-05,0.0,2.9367075e-05,1.717649e-06
292.80933,1.0,0.13707703,0.9978961,1.0,2016-08-19 13:00:00,1.0,2.5113477e-05,0.0,1.0602569e-05,1.45397535e-05
293.3462,1.0,0.23206395,0.91172737,1.0,2016-08-19 14:00:00,1.0,9.2468035e-05,0.0,1.3554871e-05,7.9046804e-05
294.75293,1.0,0.29814065,0.22219008,1.0,2016-08-19 15:00:00,1.0,0.00013011125,0.0,2.356201e-05,0.00010681682
295.54004,0.99946827,0.28147775,0.3312419,0.9989426,2016-08-19 16:00:00,1.0,0.00026497385,0.0,9.255532e-05,0.00017236135
295.69336,0.99262583,0.36131084,0.31545323,0.98927194,2016-08-19 17:00:00,1.0,0.0006093676,0.0,0.00019501307,0.0004144495
295.9939,0.9864872,0.42680025,0.6590504,0.9594104,2016-08-19 18:00:00,1.0,0.000282126,0.0,5.3509328e-05,0.00022917027
296.25098,0.8366154,0.40852046,0.68749285,0.48367554,2016-08-19 19:00:00,1.0,0.0002925829,0.0,0.00019313802,9.9445024e-05
296.43555,0.6785615,0.4040944,0.59179467,0.13202477,2016-08-19 20:00:00,1.0,0.00025081192,0.0,0.00019534686,5.5789526e-05
296.01318,0.7366615,0.369049,0.48484403,0.47153878,2016-08-19 21:00:00,1.0,0.0001415908,0.0,7.337892e-05,6.8078254e-05
296.02832,0.997629,0.29998988,0.96779543,0.96318376,2016-08-19 22:00:00,1.0,0.00017794552,0.0,9.11813e-05,8.657355e-05
295.47803,1.0,0.84372914,1.0,1.0,2016-08-19 23:00:00,1.0,0.0003421649,0.0,0.0002193094,0.00012285568
294.55127,1.0,0.9650191,0.99841094,1.0,2016-08-20 00:00:00,1.0,0.0013436023,0.0,0.0010219484,0.0003217014
293.73877,1.0,0.64566475,1.0,1.0,2016-08-20 01:00:00,1.0,0.00090280664,0.0,0.00047594355,0.0004268058
293.29053,1.0,0.33347863,1.0,1.0,2016-08-20 02:00:00,1.0,0.00094619417,0.0,0.00024810573,0.0006983173
292.6372,1.0,0.23427463,1.0,1.0,2016-08-20 03:00:00,1.0,0.0012168137,0.0,0.000570765,0.0006460103
292.1582,1.0,0.09217441,1.0,1.0,2016-08-20 04:00:00,1.0,0.0011148807,0.0,0.00060906773,0.0005057079
292.3562,0.998375,0.05297645,0.98859113,0.99289286,2016-08-20 05:00:00,1.0,0.00091035827,0.0,0.0004688704,0.0004412206
292.4568,0.995108,0.030269846,0.96741545,0.9413116,2016-08-20 06:00:00,1.0,0.0012989601,0.0,0.0006717113,0.00062743016
292.06616,0.95916235,0.033165842,0.88589257,0.8225948,2016-08-20 07:00:00,0.0,0.00016729267,0.0,8.67675e-05,8.0620666e-05
291.6526,0.952483,0.022371493,0.8853452,0.6954126,2016-08-20 08:00:00,0.0,0.00020200781,0.0,0.00014778196,5.417809e-05
291.18848,0.87493527,0.04354162,0.8553227,0.26396275,2016-08-20 09:00:00,0.0,8.4693515e-05,0.0,4.9910333e-05,3.4678378e-05
290.89185,0.884827,0.28242844,0.7709008,0.0029026829,2016-08-20 10:00:00,0.0,2.998879e-05,0.0,5.6819963e-06,2.4259047e-05
290.7456,0.91524786,0.13258052,0.9050021,0.58135396,2016-08-20 11:00:00,0.0,1.6791791e-06,0.0,0.0,1.583684e-06
290.71387,0.86241543,0.43708295,0.83146745,0.40120637,2016-08-20 12:00:00,0.0,0.0,0.0,0.0,0.0
290.6272,0.99841094,0.94834685,0.9831351,0.040052127,2016-08-20 13:00:00,1.0,0.0,0.0,0.0,0.0
290.55957,0.9978961,0.56682533,0.9978961,0.35387307,2016-08-20 14:00:00,1.0,5.0704053e-05,0.0,3.066873e-05,2.0292646e-05
290.7058,1.0,0.14327592,0.9978961,0.61960226,2016-08-20 15:00:00,1.0,0.00042910362,0.0,0.00018359383,0.00024513784
290.1167,1.0,0.0074196346,1.0,0.89169246,2016-08-20 16:00:00,1.0,0.0012836887,0.0,0.00022089566,0.001062898
290.14307,1.0,0.06701112,1.0,0.9941755,2016-08-20 17:00:00,1.0,0.0017412766,0.0,0.000103702,0.0016379373
291.00513,1.0,0.18114358,0.99675006,0.9849166,2016-08-20 18:00:00,1.0,0.00095997285,0.0,6.64882e-06,0.0009530855
291.48535,0.998375,0.16906649,0.9290238,0.9883259,2016-08-20 19:00:00,1.0,0.0005219255,0.0,6.0675826e-05,0.00046115415
291.60132,0.9599319,0.1739744,0.725069,0.9421939,2016-08-20 20:00:00,1.0,0.00049719587,0.0,0.00033605192,0.00016125794
292.23608,0.79456365,0.1612063,0.5090494,0.6699158,2016-08-20 21:00:00,1.0,0.0020936402,0.0,0.0019395808,0.0001541166
291.94873,0.6626332,0.2485854,0.4953485,0.31720847,2016-08-20 22:00:00,1.0,0.00018907587,0.0,3.6175e-05,0.00015286241
291.43237,0.8810783,0.38102555,0.48006678,0.614303,2016-08-20 23:00:00,1.0,0.00024863356,0.0,0.00018367579,6.5005646e-05
291.135,0.38822424,0.17689943,0.20888066,0.16457236,2016-08-21 00:00:00,0.0,2.8101873e-05,0.0,7.1704626e-06,2.104549e-05
290.72852,0.2379843,0.11013365,0.13862544,0.05254242,2016-08-21 01:00:00,0.0,3.011629e-06,0.0,2.0012358e-06,6.0950106e-07
289.46045,0.26626688,0.12221646,0.17473382,0.08047557,2016-08-21 02:00:00,0.0,2.1726764e-06,0.0,6.575697e-07,1.2190021e-06
288.83765,0.2801972,0.07319921,0.20265162,0.113681436,2016-08-21 03:00:00,1.0,4.614548e-06,0.0,1.6888016e-06,2.516208e-06
288.27026,0.3630131,0.06971699,0.24666893,0.13239545,2016-08-21 04:00:00,0.0,2.1726764e-06,0.0,1.1340853e-06,9.908417e-07
287.9121,0.11885995,0.027628742,0.10227054,0.016589437,2016-08-21 05:00:00,1.0,0.0,0.0,0.0,0.0
287.4568,0.2068879,0.06158306,0.18242407,0.0,2016-08-21 06:00:00,0.0,0.0,0.0,0.0,0.0
287.64136,0.17172289,0.02871142,0.15434903,0.0,2016-08-21 07:00:00,0.0,9.549569e-08,0.0,0.0,9.549569e-08
287.61035,0.106919944,0.0026356035,0.106919944,0.0,2016-08-21 08:00:00,0.0,0.0,0.0,0.0,0.0
286.62012,0.13655138,0.0,0.08343935,0.054729685,2016-08-21 09:00:00,0.0,0.0,0.0,0.0,0.0
286.20947,0.38324964,0.0016249504,0.21633315,0.20269781,2016-08-21 10:00:00,0.0,0.0,0.0,0.0,0.0
286.17554,0.33656204,0.034222502,0.33656204,0.0,2016-08-21 11:00:00,0.0,0.0,0.0,0.0,0.0
286.11914,0.32225615,0.016260177,0.32225615,0.0,2016-08-21 12:00:00,0.0,0.0,0.0,0.0,0.0
287.33984,0.15722829,0.038191468,0.15512443,0.0,2016-08-21 13:00:00,0.0,0.0,0.0,0.0,0.0
288.95923,0.08229399,0.051761307,0.07420069,0.0,2016-08-21 14:00:00,0.0,0.0,0.0,0.0,0.0
291.98633,0.08547205,0.041811883,0.067566454,0.0,2016-08-21 15:00:00,1.0,9.751682e-05,0.0,9.779338e-05,0.0
293.13867,0.5761423,0.04440314,0.56151414,0.0,2016-08-21 16:00:00,0.0,7.677445e-05,0.0,7.675489e-05,0.0
294.21265,0.51228803,0.15423036,0.48699522,0.013769314,2016-08-21 17:00:00,0.0,8.011341e-07,0.0,8.011341e-07,0.0
294.70483,0.4263969,0.20457041,0.36354607,0.073456824,2016-08-21 18:00:00,0.0,0.0,0.0,0.0,0.0
294.96606,0.70155597,0.07183695,0.5598943,0.34711057,2016-08-21 19:00:00,0.0,1.9099144e-07,0.0,1.9099144e-07,0.0
295.55713,0.7845927,0.017134354,0.7308663,0.26154876,2016-08-21 20:00:00,0.0,0.0,0.0,0.0,0.0
295.9873,0.89634496,0.0037098185,0.8759254,0.15101224,2016-08-21 21:00:00,0.0,0.0,0.0,0.0,0.0
295.95996,0.647286,0.03039049,0.5028194,0.30498147,2016-08-21 22:00:00,0.0,0.0,0.0,0.0,0.0
295.86157,0.4337781,0.007936597,0.20641297,0.27894288,2016-08-21 23:00:00,0.0,0.0,0.0,0.0,0.0
295.48462,0.40719044,0.019988392,0.090138674,0.35738593,2016-08-22 00:00:00,0.0,0.0,0.0,0.0,0.0
293.96167,0.0063561946,0.0,0.0,0.0063561946,2016-08-22 01:00:00,0.0,0.0,0.0,0.0,0.0
292.74292,0.0,0.0,0.0,0.0,2016-08-22 02:00:00,0.0,0.0,0.0,0.0,0.0
290.61377,0.0,0.0,0.0,0.0,2016-08-22 03:00:00,0.0,0.0,0.0,0.0,0.0
289.7356,0.0,0.0,0.0,0.0,2016-08-22 04:00:00,0.0,0.0,0.0,0.0,0.0
289.0398,0.0,0.0,0.0,0.0,2016-08-22 05:00:00,0.0,0.0,0.0,0.0,0.0
289.13208,0.0,0.0,0.0,0.0,2016-08-22 06:00:00,0.0,0.0,0.0,0.0,0.0
288.73877,0.0,0.0,0.0,0.0,2016-08-22 07:00:00,0.0,0.0,0.0,0.0,0.0
288.4192,0.0,0.0,0.0,0.0,2016-08-22 08:00:00,0.0,0.0,0.0,0.0,0.0
287.70776,0.0,0.0,0.0,0.0,2016-08-22 09:00:00,0.0,0.0,0.0,0.0,0.0
287.9292,0.01000458,0.0,0.01000458,0.0,2016-08-22 10:00:00,0.0,0.0,0.0,0.0,0.0
287.7373,0.10713488,0.0,0.10713488,0.0,2016-08-22 11:00:00,0.0,0.0,0.0,0.0,0.0
288.25098,0.46135873,0.0,0.46135873,0.0,2016-08-22 12:00:00,0.0,0.0,0.0,0.0,0.0
289.41943,0.32821387,0.0,0.32821387,0.0,2016-08-22 13:00:00,0.0,0.0,0.0,0.0,0.0
291.41138,0.20036036,0.0,0.20036036,0.0,2016-08-22 14:00:00,0.0,0.0,0.0,0.0,0.0
295.57983,0.10757464,0.0,0.10757464,0.0,2016-08-22 15:00:00,0.0,0.0,0.0,0.0,0.0
296.79712,0.036896084,0.0,0.036896084,0.0,2016-08-22 16:00:00,0.0,0.0,0.0,0.0,0.0
298.60327,0.030527752,0.0,0.030527752,0.0,2016-08-22 17:00:00,0.0,0.0,0.0,0.0,0.0
299.55664,0.014109619,0.0,0.014109619,0.0,2016-08-22 18:00:00,0.0,5.7297444e-07,0.0,6.207223e-07,0.0
300.0061,0.006280929,0.0,0.006280929,0.0,2016-08-22 19:00:00,0.0,0.0,0.0,0.0,0.0
300.21606,0.011847511,0.0,0.011847511,0.0,2016-08-22 20:00:00,0.0,0.0,0.0,0.0,0.0
300.35596,0.0033782488,0.0,0.0033782488,0.0,2016-08-22 21:00:00,0.0,0.0,0.0,0.0,0.0
300.7058,0.31199604,0.0,0.31199604,0.0,2016-08-22 22:00:00,0.0,0.0,0.0,0.0,0.0
300.28906,0.4372067,0.0,0.4372067,0.0,2016-08-22 23:00:00,0.0,0.0,0.0,0.0,0.0
299.65063,0.21311408,0.0,0.21311408,0.0,2016-08-23 00:00:00,0.0,0.0,0.0,0.0,0.0
298.5149,0.1548652,0.0,0.1548652,0.0,2016-08-23 01:00:00,0.0,0.0,0.0,0.0,0.0
297.46533,0.032546636,0.0,0.032546636,0.0,2016-08-23 02:00:00,0.0,0.0,0.0,0.0,0.0
295.98926,0.015540443,0.0,0.015540443,0.0,2016-08-23 03:00:00,0.0,0.0,0.0,0.0,0.0
295.53857,0.010460924,0.0,0.0,0.010460924,2016-08-23 04:00:00,0.0,0.0,0.0,0.0,0.0
294.84692,0.05117253,0.0,0.0,0.05117253,2016-08-23 05:00:00,0.0,0.0,0.0,0.0,0.0
294.45508,0.62310004,0.0,0.0,0.62310004,2016-08-23 06:00:00,0.0,0.0,0.0,0.0,0.0
294.29272,0.91614276,0.0,0.0,0.91614276,2016-08-23 07:00:00,0.0,0.0,0.0,0.0,0.0
294.06372,0.64283246,0.0,0.0,0.64283246,2016-08-23 08:00:00,0.0,0.0,0.0,0.0,0.0
293.02954,0.62683046,0.0,0.0,0.62683046,2016-08-23 09:00:00,0.0,0.0,0.0,0.0,0.0
292.63574,0.88572377,0.0,0.0,0.88572377,2016-08-23 10:00:00,0.0,0.0,0.0,0.0,0.0
292.50146,0.5400221,0.0,0.0,0.5400221,2016-08-23 11:00:00,0.0,0.0,0.0,0.0,0.0
292.33008,0.88995636,0.0,0.0,0.88995636,2016-08-23 12:00:00,0.0,0.0,0.0,0.0,0.0
293.01294,0.95161086,0.0,0.0,0.95161086,2016-08-23 13:00:00,0.0,0.0,0.0,0.0,0.0
294.3484,0.78790134,0.0,0.0,0.78790134,2016-08-23 14:00:00,0.0,0.0,0.0,0.0,0.0
297.35986,0.92282254,0.0,0.0,0.92282254,2016-08-23 15:00:00,0.0,0.0,0.0,0.0,0.0
298.4568,0.9298144,0.0,0.0,0.9298144,2016-08-23 16:00:00,0.0,0.0,0.0,0.0,0.0
299.3562,0.97991747,0.0,0.0,0.97991747,2016-08-23 17:00:00,0.0,0.0,0.0,0.0,0.0
300.30127,0.9923612,0.0,0.0,0.9923612,2016-08-23 18:00:00,0.0,0.0,0.0,0.0,0.0
300.9702,0.9904719,0.0033782488,0.0,0.9904719,2016-08-23 19:00:00,0.0,0.0,0.0,0.0,0.0
301.06177,0.9970973,0.0037098185,0.013733413,0.9970973,2016-08-23 20:00:00,0.0,0.0,0.0,0.0,0.0
300.85938,0.992876,0.21411806,0.26351398,0.9878972,2016-08-23 21:00:00,1.0,2.6726156e-07,0.0,2.6726156e-07,0.0
299.6311,1.0,0.11382604,0.34737372,1.0,2016-08-23 22:00:00,1.0,4.654942e-06,0.0,4.654942e-06,0.0
299.11548,1.0,0.08831084,0.0,1.0,2016-08-23 23:00:00,0.0,1.8676046e-06,0.0,1.8676046e-06,0.0
298.08667,1.0,0.0048919544,0.012890376,1.0,2016-08-24 00:00:00,0.0,0.0,0.0,0.0,0.0
297.16504,1.0,0.16365767,0.59742546,1.0,2016-08-24 01:00:00,0.0,0.0,0.0,0.0,0.0
296.65698,1.0,0.32802194,0.21001118,1.0,2016-08-24 02:00:00,1.0,0.00011606843,0.0,0.00010115851,1.4776289e-05
295.39258,1.0,0.89444333,0.13441896,1.0,2016-08-24 03:00:00,1.0,0.00036816928,0.0,0.00018861199,0.00017937613
294.781,1.0,1.0,0.33108824,1.0,2016-08-24 04:00:00,1.0,0.0007199056,0.0,0.00017677566,0.0005431208
294.19727,1.0,0.9978792,0.28183526,1.0,2016-08-24 05:00:00,1.0,0.0010759295,0.0,0.00059356703,0.00048249587
294.1648,1.0,0.9966217,0.59470695,1.0,2016-08-24 06:00:00,1.0,0.003138591,0.0,0.0027035372,0.00043481542
294.1394,1.0,1.0,0.93702745,0.99675006,2016-08-24 07:00:00,1.0,0.0009742796,0.0,0.0003500951,0.0006243752
293.43823,1.0,1.0,0.77685165,0.97251266,2016-08-24 08:00:00,1.0,0.0007963325,0.0,0.00022303006,0.0005733315
293.3435,1.0,1.0,0.3404855,0.7817981,2016-08-24 09:00:00,1.0,0.00039696833,0.0,0.00013362948,0.00026353006
292.5105,1.0,1.0,0.15113723,0.44433278,2016-08-24 10:00:00,1.0,0.000120002296,0.0,0.0,0.000119735036
292.7605,1.0,1.0,0.08545935,0.56629336,2016-08-24 11:00:00,1.0,8.435706e-06,0.0,0.0,8.549786e-06
293.04297,1.0,1.0,0.08300799,0.1585176,2016-08-24 12:00:00,1.0,6.678286e-07,0.0,0.0,4.5825306e-07
293.48413,0.9973536,0.9968219,0.015213035,0.05665969,2016-08-24 13:00:00,1.0,1.4510288e-06,0.0,1.622795e-06,0.0
294.54175,1.0,1.0,0.005003199,0.0068065375,2016-08-24 14:00:00,1.0,2.930245e-05,0.0,2.9588307e-05,0.0
296.28613,0.9163065,0.89716625,0.0,0.12633616,2016-08-24 15:00:00,1.0,0.00010535879,0.0,8.14722e-05,2.3676374e-05
296.56274,0.8065643,0.6524675,0.0,0.2957443,2016-08-24 16:00:00,1.0,9.3163835e-05,0.0,5.1037292e-05,4.2412707e-05
298.16846,0.97122616,0.44623542,0.0,0.93589944,2016-08-24 17:00:00,0.0,0.00016847874,0.0,0.00011185772,5.6325545e-05
299.84253,0.9230164,0.15511954,0.0,0.911746,2016-08-24 18:00:00,0.0,5.4592656e-06,0.0,3.9697898e-06,1.7375069e-06
300.1565,0.9275691,0.09116948,0.0,0.917927,2016-08-24 19:00:00,0.0,0.0,0.0,0.0,0.0
300.25635,0.99174684,0.0,0.0,0.99174684,2016-08-24 20:00:00,0.0,0.0,0.0,0.0,0.0
299.87988,0.99001795,0.0,0.0,0.99001795,2016-08-24 21:00:00,0.0,0.0,0.0,0.0,0.0
298.12207,0.998375,0.0,0.046476584,0.998375,2016-08-24 22:00:00,0.0,0.0,0.0,0.0,0.0
297.16992,0.9968219,0.0,0.0037288337,0.9968219,2016-08-24 23:00:00,0.0,0.0,0.0,0.0,0.0
296.00513,1.0,0.0,0.0,1.0,2016-08-25 00:00:00,0.0,0.0,0.0,0.0,0.0
295.34204,1.0,0.0,0.0,1.0,2016-08-25 01:00:00,0.0,0.0,0.0,0.0,0.0
294.5381,1.0,0.0,0.0,1.0,2016-08-25 02:00:00,0.0,0.0,0.0,0.0,0.0
293.00073,0.96578056,0.0,0.0,0.96578056,2016-08-25 03:00:00,0.0,0.0,0.0,0.0,0.0
292.37744,0.8813366,0.0,0.0,0.8813366,2016-08-25 04:00:00,0.0,0.0,0.0,0.0,0.0
291.2483,0.26285803,0.0,0.0,0.26285803,2016-08-25 05:00:00,0.0,0.0,0.0,0.0,0.0
290.34814,0.010360349,0.0,0.005370889,0.005006563,2016-08-25 06:00:00,0.0,0.0,0.0,0.0,0.0
290.29907,0.030820165,0.0,0.02528188,0.0055321716,2016-08-25 07:00:00,0.0,0.0,0.0,0.0,0.0
290.06274,0.09245682,0.0,0.012130227,0.08270484,2016-08-25 08:00:00,0.0,0.0,0.0,0.0,0.0
289.4756,0.5511789,0.0,0.0044917315,0.5477506,2016-08-25 09:00:00,0.0,0.0,0.0,0.0,0.0
288.86548,0.25514752,0.0,0.008727156,0.24642766,2016-08-25 10:00:00,0.0,0.0,0.0,0.0,0.0
288.89526,0.8995683,0.0,0.010597732,0.89692193,2016-08-25 11:00:00,0.0,0.0,0.0,0.0,0.0
288.89697,0.030361582,0.0,0.012411755,0.020070594,2016-08-25 12:00:00,0.0,0.0,0.0,0.0,0.0
290.10693,0.00053172023,0.0,0.0,0.00053172023,2016-08-25 13:00:00,0.0,0.0,0.0,0.0,0.0
291.30127,0.67062604,0.0,0.0,0.67062604,2016-08-25 14:00:00,0.0,0.0,0.0,0.0,0.0
294.09375,0.96217585,0.0,0.0,0.96217585,2016-08-25 15:00:00,0.0,0.0,0.0,0.0,0.0
294.89624,1.0,0.0,0.0,1.0,2016-08-25 16:00:00,0.0,0.0,0.0,0.0,0.0
295.1714,1.0,0.0,0.0,1.0,2016-08-25 17:00:00,0.0,0.0,0.0,0.0,0.0
295.3518,1.0,0.005003199,0.0,1.0,2016-08-25 18:00:00,0.0,0.0,0.0,0.0,0.0
295.37744,0.986155,0.04706193,0.0,0.986155,2016-08-25 19:00:00,0.0,0.0,0.0,0.0,0.0
295.7627,0.89550805,0.22480732,0.0048919544,0.8594378,2016-08-25 20:00:00,0.0,0.0,0.0,0.0,0.0
295.802,0.40588802,0.16225052,0.02323829,0.27853662,2016-08-25 21:00:00,0.0,0.0,0.0,0.0,0.0
295.36646,0.03889126,0.01556503,0.02280062,0.00053172023,2016-08-25 22:00:00,0.0,0.0,0.0,0.0,0.0
294.89404,0.0015890491,0.0015890491,0.0,0.0,2016-08-25 23:00:00,0.0,0.0,0.0,0.0,0.0
294.12695,0.015731204,0.015731204,0.0,0.0,2016-08-26 00:00:00,0.0,0.0,0.0,0.0,0.0
292.71558,0.10436177,0.10436177,0.0,0.0,2016-08-26 01:00:00,0.0,0.0,0.0,0.0,0.0
291.64062,0.014935769,0.014935769,0.005003199,0.0,2016-08-26 02:00:00,0.0,0.0,0.0,0.0,0.0
289.91992,0.0067320913,0.0033782488,0.0033782488,0.0,2016-08-26 03:00:00,0.0,0.0,0.0,0.0,0.0
289.2561,0.027345449,0.027345449,0.0,0.0,2016-08-26 04:00:00,0.0,0.0,0.0,0.0,0.0
288.6455,0.06158032,0.06158032,0.0,0.0,2016-08-26 05:00:00,0.0,0.0,0.0,0.0,0.0
288.4038,0.056659378,0.056659378,0.0,0.0,2016-08-26 06:00:00,0.0,0.0,0.0,0.0,0.0
288.39526,0.060020525,0.060020525,0.0,0.0,2016-08-26 07:00:00,0.0,0.0,0.0,0.0,0.0
287.77246,0.040645447,0.034300026,0.0,0.006339308,2016-08-26 08:00:00,0.0,0.0,0.0,0.0,0.0
286.4436,0.007789418,0.0067320913,0.0,0.0010573287,2016-08-26 09:00:00,1.0,0.0,0.0,0.0,0.0
285.92847,0.043276757,0.01336024,0.0,0.029916517,2016-08-26 10:00:00,0.0,0.0,0.0,0.0,0.0
285.79443,0.0047394857,0.0,0.0,0.0047394857,2016-08-26 11:00:00,0.0,0.0,0.0,0.0,0.0
285.64404,0.010009766,0.0033782488,0.0,0.006631516,2016-08-26 12:00:00,0.0,0.0,0.0,0.0,0.0
287.23877,0.863845,0.0033782488,0.0,0.86049116,2016-08-26 13:00:00,0.0,0.0,0.0,0.0,0.0
289.12085,0.97775185,0.0,0.0,0.97775185,2016-08-26 14:00:00,0.0,0.0,0.0,0.0,0.0
292.06665,0.9966217,0.013471484,0.0,0.9966217,2016-08-26 15:00:00,0.0,0.0,0.0,0.0,0.0
293.3689,0.9970973,0.37417716,0.0,0.9970973,2016-08-26 16:00:00,0.0,3.737785e-06,0.0,3.5086587e-06,0.0
294.45996,0.998375,0.5279823,0.31323618,0.998375,2016-08-26 17:00:00,1.0,1.7733968e-05,0.0,1.7867598e-05,0.0
294.60107,0.9942508,0.6572192,0.36108553,0.98999023,2016-08-26 18:00:00,1.0,2.0825086e-05,0.0,2.100646e-05,0.0
295.0005,0.99525803,0.6680868,0.7372588,0.9765549,2016-08-26 19:00:00,1.0,3.9555714e-05,0.0,3.9412786e-05,0.0
295.37085,0.9970973,0.9301248,0.82336235,0.96602345,2016-08-26 20:00:00,1.0,2.9899718e-05,0.0,2.961386e-05,0.0
295.17603,0.9989426,0.63515985,0.67047536,0.99657166,2016-08-26 21:00:00,0.0,2.2465189e-05,0.0,2.2312655e-05,0.0
294.69604,1.0,0.72399473,0.59642816,0.998375,2016-08-26 22:00:00,0.0,0.0,0.0,0.0,0.0
294.6084,1.0,0.60489833,0.41559052,0.998375,2016-08-26 23:00:00,0.0,0.0,0.0,0.0,0.0
293.97437,1.0,0.4203595,0.25697398,1.0,2016-08-27 00:00:00,0.0,0.0,0.0,0.0,0.0
292.57886,1.0,0.0015890491,0.0,1.0,2016-08-27 01:00:00,0.0,0.0,0.0,0.0,0.0
291.33032,1.0,0.0,0.0,1.0,2016-08-27 02:00:00,0.0,0.0,0.0,0.0,0.0
290.43945,1.0,0.0,0.15662009,1.0,2016-08-27 03:00:00,0.0,0.0,0.0,0.0,0.0
290.49707,0.998375,0.0,0.6478659,0.998375,2016-08-27 04:00:00,0.0,0.0,0.0,0.0,0.0
290.5244,0.9949934,0.0,0.72487867,0.98551536,2016-08-27 05:00:00,0.0,0.0,0.0,0.0,0.0
290.58545,0.9894646,0.0,0.6478095,0.9894646,2016-08-27 06:00:00,0.0,0.0,0.0,0.0,0.0
290.396,0.9878863,0.0,0.4608602,0.98182243,2016-08-27 07:00:00,0.0,0.00023796369,0.0,0.00023811622,0.0
290.29126,0.96112186,0.0,0.76254565,0.892068,2016-08-27 08:00:00,0.0,0.0,0.0,0.0,0.0
290.0515,0.8576905,0.0,0.51941746,0.6873558,2016-08-27 09:00:00,0.0,0.0,0.0,0.0,0.0
289.52905,0.5821809,0.0,0.21756124,0.48833472,2016-08-27 10:00:00,0.0,0.0,0.0,0.0,0.0
289.30493,0.6317159,0.0,0.43277454,0.44189954,2016-08-27 11:00:00,0.0,0.0,0.0,0.0,0.0
289.39355,1.0,0.0,1.0,0.71198875,2016-08-27 12:00:00,0.0,0.0,0.0,0.0,0.0
289.84766,1.0,0.044056796,0.99946827,0.74545395,2016-08-27 13:00:00,0.0,9.549569e-08,0.0,0.0,9.549569e-08
290.6062,1.0,0.08858734,1.0,0.40924215,2016-08-27 14:00:00,0.0,9.549569e-08,0.0,0.0,9.549569e-08
291.45947,1.0,0.102503,0.99946827,0.21571189,2016-08-27 15:00:00,0.0,1.0690455e-06,0.0,0.0,1.3363078e-06
291.38745,0.9465721,0.109531164,0.89974314,0.37506807,2016-08-27 16:00:00,0.0,0.0003869587,0.0,0.00038268324,4.008273e-06
291.9209,0.843318,0.30583298,0.7494609,0.47274613,2016-08-27 17:00:00,0.0,5.3452317e-07,0.0,0.0,5.3452317e-07
292.49,0.95575,0.93802947,0.40433162,0.21004575,2016-08-27 18:00:00,1.0,2.9398589e-06,0.0,3.0257415e-06,0.0
292.9043,1.0,1.0,0.47650886,0.00053172023,2016-08-27 19:00:00,1.0,0.00022398507,0.0,0.00022301314,8.767626e-07
292.77002,1.0,1.0,0.2709459,0.0,2016-08-27 20:00:00,1.0,1.164412e-05,0.0,1.1548624e-05,0.0
292.98877,1.0,1.0,0.1491471,0.0,2016-08-27 21:00:00,0.0,1.9655476e-05,0.0,1.9521845e-05,0.0
293.0647,0.9543915,0.9543915,0.0,0.0,2016-08-27 22:00:00,0.0,6.414278e-06,0.0,6.414278e-06,0.0
293.12842,0.7898277,0.7898277,0.0,0.0,2016-08-27 23:00:00,1.0,3.035373e-06,0.0,2.9876246e-06,0.0
293.21948,0.6192326,0.6192326,0.0,0.0,2016-08-28 00:00:00,1.0,1.9099144e-07,0.0,4.2941002e-07,0.0
293.1455,0.5071298,0.5028754,0.006099794,0.00053172023,2016-08-28 01:00:00,0.0,6.8148447e-06,0.0,4.8644995e-07,6.414278e-06
292.36304,0.35306942,0.35306942,0.0,0.0,2016-08-28 02:00:00,0.0,2.3681678e-06,0.0,4.7747868e-08,2.3681678e-06
291.17627,0.15064865,0.14958525,0.0,0.0015890491,2016-08-28 03:00:00,0.0,3.1263407e-06,0.0,0.0,3.1263407e-06
290.66943,0.0969159,0.07471365,0.0,0.040853657,2016-08-28 04:00:00,0.0,0.0,0.0,0.0,0.0
289.89453,0.098222315,0.0023709626,0.0026356035,0.09558672,2016-08-28 05:00:00,0.0,0.0,0.0,0.0,0.0
289.71655,0.067774355,0.0029026829,0.0015890491,0.06382775,2016-08-28 06:00:00,0.0,0.0,0.0,0.0,0.0
289.32617,0.0055321716,0.0,0.0,0.0055321716,2016-08-28 07:00:00,0.0,0.0,0.0,0.0,0.0
289.03687,0.00053172023,0.0,0.0,0.00053172023,2016-08-28 08:00:00,0.0,0.0,0.0,0.0,0.0
288.1145,0.0042713284,0.0026463778,0.0,0.0016249504,2016-08-28 09:00:00,0.0,0.0,0.0,0.0,0.0
288.9248,0.030198228,0.0,0.0036929322,0.026505295,2016-08-28 10:00:00,0.0,0.0,0.0,0.0,0.0
289.08105,0.046919953,0.030178096,0.010009766,0.0067320913,2016-08-28 11:00:00,0.0,0.0,0.0,0.0,0.0
289.64233,0.8778379,0.8468783,0.0066281483,0.05624339,2016-08-28 12:00:00,0.0,0.0,0.0,0.0,0.0
290.1963,0.998375,0.9918581,0.02733818,0.16266382,2016-08-28 13:00:00,0.0,0.0,0.0,0.0,0.0
291.39746,0.8449341,0.5781083,0.038714852,0.5586815,2016-08-28 14:00:00,0.0,0.0,0.0,0.0,0.0
294.71118,0.37917233,0.032175668,0.037267145,0.3397112,2016-08-28 15:00:00,0.0,0.0,0.0,0.0,0.0
296.2871,0.19263345,0.113844156,0.021563921,0.064337015,2016-08-28 16:00:00,0.0,2.7084734e-06,0.0,2.7084734e-06,0.0
297.979,0.4255768,0.39685637,0.002103883,0.031602636,2016-08-28 17:00:00,0.0,8.636868e-06,0.0,8.655774e-06,0.0
298.54614,0.63677377,0.62442416,0.005003199,0.0657627,2016-08-28 18:00:00,0.0,1.8112014e-06,0.0,1.7541615e-06,0.0
299.77832,0.7560856,0.6963064,0.0,0.3067088,2016-08-28 19:00:00,0.0,0.0,0.0,0.0,0.0
300.4082,0.78177077,0.6507513,0.05147822,0.43763775,2016-08-28 20:00:00,0.0,1.3363078e-06,0.0,1.5269779e-06,0.0
301.17627,0.7098084,0.44273865,0.04791737,0.5110647,2016-08-28 21:00:00,0.0,0.0,0.0,0.0,0.0
301.20044,0.5385207,0.071717024,0.05891395,0.5056029,2016-08-28 22:00:00,0.0,0.0,0.0,0.0,0.0
300.9253,0.26093632,0.04035576,0.07408333,0.19709933,2016-08-28 23:00:00,0.0,0.0,0.0,0.0,0.0
300.3938,0.24728775,0.012906335,0.036700808,0.20085865,2016-08-29 00:00:00,0.0,0.0,0.0,0.0,0.0
298.99707,0.21147352,0.022891697,0.01844462,0.19593889,2016-08-29 01:00:00,0.0,0.0,0.0,0.0,0.0
298.05518,0.4769414,0.0057992525,0.026340459,0.46510583,2016-08-29 02:00:00,0.0,0.0,0.0,0.0,0.0
296.24512,0.32261688,0.0,0.009231217,0.32261688,2016-08-29 03:00:00,0.0,0.0,0.0,0.0,0.0
295.58594,0.109041035,0.0,0.00053172023,0.109041035,2016-08-29 04:00:00,0.0,0.0,0.0,0.0,0.0
295.28076,0.103667796,0.0,0.0,0.103667796,2016-08-29 05:00:00,0.0,0.0,0.0,0.0,0.0
294.8733,0.09156877,0.0,0.0,0.09156877,2016-08-29 06:00:00,0.0,0.0,0.0,0.0,0.0
294.73267,0.022101652,0.0,0.0,0.022101652,2016-08-29 07:00:00,0.0,0.0,0.0,0.0,0.0
294.29468,0.0,0.0,0.0,0.0,2016-08-29 08:00:00,0.0,0.0,0.0,0.0,0.0
294.15088,0.0,0.0,0.0,0.0,2016-08-29 09:00:00,0.0,0.0,0.0,0.0,0.0
293.6521,0.0034282913,0.0,0.0,0.0034282913,2016-08-29 10:00:00,0.0,0.0,0.0,0.0,0.0
293.5293,0.12319368,0.0016249504,0.0,0.12155163,2016-08-29 11:00:00,0.0,0.0,0.0,0.0,0.0
293.22266,0.14541167,0.095807016,0.0,0.05621572,2016-08-29 12:00:00,0.0,0.0,0.0,0.0,0.0
293.97217,0.41929603,0.20387805,0.09803885,0.23853773,2016-08-29 13:00:00,0.0,0.0,0.0,0.0,0.0
295.07007,0.735626,0.32488304,0.2435903,0.5672813,2016-08-29 14:00:00,0.0,0.0,0.0,0.0,0.0
297.5161,0.9319398,0.42655814,0.2657448,0.8978107,2016-08-29 15:00:00,0.0,0.0,0.0,0.0,0.0
299.04834,0.9498623,0.44619113,0.10110074,0.9117962,2016-08-29 16:00:00,0.0,0.0,0.0,0.0,0.0
300.56665,0.8934665,0.08912104,0.008167777,0.8863392,2016-08-29 17:00:00,0.0,0.0,0.0,0.0,0.0
301.28345,0.73545736,0.05277062,0.0026463778,0.7198976,2016-08-29 18:00:00,1.0,1.0341744e-05,0.0,1.031258e-05,1.9099144e-07
301.89502,0.5049381,0.102579415,0.0010573287,0.43945098,2016-08-29 19:00:00,0.0,0.0,0.0,0.0,0.0
302.1067,0.4511751,0.21782887,0.0,0.3125475,2016-08-29 20:00:00,0.0,0.0,0.0,0.0,0.0
303.0808,0.7151979,0.26660603,0.014985189,0.5977342,2016-08-29 21:00:00,0.0,2.2815959e-07,0.0,1.14079796e-07,0.0
302.46924,0.86457413,0.19060254,0.14169765,0.82562286,2016-08-29 22:00:00,0.0,5.7000405e-05,0.0,5.623675e-05,2.6726156e-07
302.55054,0.7867542,0.054511216,0.021671578,0.77963024,2016-08-29 23:00:00,0.0,2.5943937e-06,0.0,2.5559375e-06,0.0
301.94873,0.8698789,0.13150227,0.170668,0.8163282,2016-08-30 00:00:00,1.0,1.4119291e-05,0.0,6.1710016e-06,7.63328e-06
299.79297,0.98165363,0.13747793,0.2171452,0.97491425,2016-08-30 01:00:00,1.0,0.0029786504,0.0,0.0029242798,5.426533e-05
298.34448,0.97777027,0.026874617,0.08403766,0.97777027,2016-08-30 02:00:00,1.0,0.0017492208,0.0,0.0017076381,4.1420135e-05
296.2207,0.83176327,0.07250279,0.045269877,0.8202221,2016-08-30 03:00:00,0.0,3.5962148e-05,0.0,3.3853226e-05,2.0611624e-06
295.3921,0.94130576,0.16125095,0.14033139,0.92968446,2016-08-30 04:00:00,0.0,0.0,0.0,0.0,0.0
293.63184,0.9343653,0.35820615,0.24085248,0.8524824,2016-08-30 05:00:00,0.0,0.0,0.0,0.0,0.0
292.96558,0.65906256,0.05822806,0.14077562,0.61897725,2016-08-30 06:00:00,0.0,0.0,0.0,0.0,0.0
293.62183,0.8640134,0.04292599,0.078366816,0.86063516,2016-08-30 07:00:00,1.0,1.9099144e-07,0.0,0.0,1.9099144e-07
293.31494,0.99451786,0.024164062,0.021567285,0.99451786,2016-08-30 08:00:00,0.0,0.0,0.0,0.0,0.0
292.906,0.9916152,0.026305847,0.050235547,0.9916152,2016-08-30 09:00:00,0.0,0.0,0.0,0.0,0.0
292.51807,1.0,0.54021657,0.05032688,1.0,2016-08-30 10:00:00,1.0,0.0,0.0,0.0,0.0
292.61597,1.0,0.893045,0.0036929322,1.0,2016-08-30 11:00:00,0.0,0.0,0.0,0.0,0.0
292.6294,1.0,0.9696412,0.0047394857,1.0,2016-08-30 12:00:00,0.0,0.0,0.0,0.0,0.0
293.13647,1.0,0.92346317,0.005006563,1.0,2016-08-30 13:00:00,1.0,0.0,0.0,1.3363075e-07,0.0
294.02026,1.0,0.76841104,0.0,0.9989426,2016-08-30 14:00:00,1.0,5.416965e-06,0.0,4.8064967e-06,2.2815959e-07
296.1162,1.0,0.3455547,0.0,1.0,2016-08-30 15:00:00,1.0,1.8420978e-05,0.0,1.1262351e-05,7.3204646e-06
296.66016,0.998375,0.2571017,0.0,0.998375,2016-08-30 16:00:00,1.0,1.4913919e-05,0.0,1.2388418e-05,2.7443675e-06
297.54932,0.9729011,0.30716282,0.0,0.9490729,2016-08-30 17:00:00,0.0,4.5228926e-06,0.0,4.5228926e-06,0.0
298.01147,0.87477034,0.22319698,0.0,0.8517038,2016-08-30 18:00:00,0.0,1.6234271e-06,0.0,1.5756796e-06,0.0
298.43872,0.5409266,0.17051977,0.0,0.4398194,2016-08-30 19:00:00,0.0,0.0,0.0,0.0,0.0
299.07178,0.5660722,0.015840046,0.0,0.5631696,2016-08-30 20:00:00,0.0,0.0,0.0,0.0,0.0
299.97485,0.75984037,0.0010573287,0.0,0.75984037,2016-08-30 21:00:00,0.0,0.0,0.0,0.0,0.0
298.9441,0.7639411,0.0,0.0,0.7639411,2016-08-30 22:00:00,0.0,0.0,0.0,0.0,0.0
298.29346,0.6762584,0.0,0.0,0.6762584,2016-08-30 23:00:00,0.0,0.0,0.0,0.0,0.0
297.16528,0.49207276,0.0,0.0,0.49207276,2016-08-31 00:00:00,0.0,0.0,0.0,0.0,0.0
295.10376,0.34271115,0.0,0.0,0.34271115,2016-08-31 01:00:00,0.0,0.0,0.0,0.0,0.0
293.91455,0.32597238,0.0,0.0,0.32597238,2016-08-31 02:00:00,0.0,0.0,0.0,0.0,0.0
291.04712,0.22822905,0.0,0.0,0.22822905,2016-08-31 03:00:00,0.0,0.0,0.0,0.0,0.0
290.66675,0.17508978,0.0,0.0,0.17508978,2016-08-31 04:00:00,0.0,0.0,0.0,0.0,0.0
289.52222,0.16103989,0.0,0.0,0.16103989,2016-08-31 05:00:00,0.0,0.0,0.0,0.0,0.0
289.48608,0.05315776,0.0,0.0,0.05315776,2016-08-31 06:00:00,0.0,0.0,0.0,0.0,0.0
289.5271,0.029977683,0.0,0.0,0.029977683,2016-08-31 07:00:00,0.0,0.0,0.0,0.0,0.0
289.13306,0.021835826,0.0,0.0,0.021835826,2016-08-31 08:00:00,0.0,0.0,0.0,0.0,0.0
288.04858,0.0,0.0,0.0,0.0,2016-08-31 09:00:00,0.0,0.0,0.0,0.0,0.0
286.6919,0.0,0.0,0.0,0.0,2016-08-31 10:00:00,0.0,0.0,0.0,0.0,0.0
286.7976,0.0,0.0,0.0,0.0,2016-08-31 11:00:00,0.0,0.0,0.0,0.0,0.0
286.8181,0.0,0.0,0.0,0.0,2016-08-31 12:00:00,0.0,0.0,0.0,0.0,0.0
288.3689,0.0,0.0,0.0,0.0,2016-08-31 13:00:00,0.0,0.0,0.0,0.0,0.0
290.37158,0.0,0.0,0.0,0.0,2016-08-31 14:00:00,0.0,0.0,0.0,0.0,0.0
294.66064,0.0,0.0,0.0,0.0,2016-08-31 15:00:00,0.0,0.0,0.0,0.0,0.0
296.08228,0.0,0.0,0.0,0.0,2016-08-31 16:00:00,0.0,0.0,0.0,0.0,0.0
296.9773,0.0026356035,0.0,0.0,0.0026356035,2016-08-31 17:00:00,0.0,0.0,0.0,0.0,0.0
297.43066,0.0,0.0,0.0,0.0,2016-08-31 18:00:00,0.0,0.0,0.0,0.0,0.0
298.31836,0.00053172023,0.0,0.0,0.00053172023,2016-08-31 19:00:00,0.0,0.0,0.0,0.0,0.0
298.82227,0.0,0.0,0.0,0.0,2016-08-31 20:00:00,0.0,0.0,0.0,0.0,0.0
299.1848,0.0,0.0,0.0,0.0,2016-08-31 21:00:00,0.0,0.0,0.0,0.0,0.0
298.2854,0.0033782488,0.0033782488,0.0,0.0,2016-08-31 22:00:00,0.0,0.0,0.0,0.0,0.0
297.94678,0.0,0.0,0.0,0.0,2016-08-31 23:00:00,0.0,0.0,0.0,0.0,0.0
296.67358,0.0,0.0,0.0,0.0,2016-09-01 00:00:00,0.0,0.0,0.0,0.0,0.0
294.71655,0.0033782488,0.0,0.0033782488,0.0,2016-09-01 01:00:00,0.0,0.0,0.0,0.0,0.0
293.2876,0.0,0.0,0.0,0.0,2016-09-01 02:00:00,0.0,0.0,0.0,0.0,0.0
291.17847,0.0067320913,0.0067320913,0.0067320913,0.0,2016-09-01 03:00:00,0.0,0.0,0.0,0.0,0.0
290.87964,0.011474017,0.011474017,0.011474017,0.0,2016-09-01 04:00:00,0.0,0.0,0.0,0.0,0.0
290.1338,0.0124641955,0.0124641955,0.0033782488,0.0,2016-09-01 05:00:00,0.0,0.0,0.0,0.0,0.0
290.0515,0.026516553,0.026516553,0.0067320913,0.0,2016-09-01 06:00:00,0.0,0.0,0.0,0.0,0.0
290.0962,0.021483783,0.021483783,0.0057492107,0.0,2016-09-01 07:00:00,0.0,0.0,0.0,0.0,0.0
289.00122,0.019841727,0.019841727,0.0,0.0,2016-09-01 08:00:00,0.0,0.0,0.0,0.0,0.0
288.0249,0.056869708,0.021263376,0.012884673,0.03560633,2016-09-01 09:00:00,0.0,0.0,0.0,0.0,0.0
286.66602,0.0704543,0.016741857,0.0057492107,0.05372959,2016-09-01 10:00:00,0.0,0.0,0.0,0.0,0.0
286.52002,0.051714394,0.016635168,0.008120172,0.035073113,2016-09-01 11:00:00,0.0,0.0,0.0,0.0,0.0
286.47827,0.010009766,0.010009766,0.0,0.0,2016-09-01 12:00:00,0.0,0.0,0.0,0.0,0.0
288.0786,0.0,0.0,0.0,0.0,2016-09-01 13:00:00,0.0,0.0,0.0,0.0,0.0
289.83008,0.0,0.0,0.0,0.0,2016-09-01 14:00:00,0.0,0.0,0.0,0.0,0.0
293.35864,0.0,0.0,0.0,0.0,2016-09-01 15:00:00,0.0,0.0,0.0,0.0,0.0
294.4436,0.0,0.0,0.0,0.0,2016-09-01 16:00:00,0.0,0.0,0.0,0.0,0.0
295.53955,0.029104196,0.029104196,0.0,0.0,2016-09-01 17:00:00,0.0,0.0,0.0,0.0,0.0
295.81934,0.48803014,0.48803014,0.0,0.0,2016-09-01 18:00:00,0.0,0.0,0.0,0.0,0.0
296.31348,0.59594566,0.59594566,0.0,0.0,2016-09-01 19:00:00,0.0,0.0,0.0,0.0,0.0
296.4331,0.70610267,0.70610267,0.068728685,0.0,2016-09-01 20:00:00,0.0,0.0,0.0,0.0,0.0
296.6936,0.7203558,0.57624835,0.42514634,0.0,2016-09-01 21:00:00,0.0,0.0,0.0,0.0,0.0
296.16968,0.74157864,0.7399537,0.054403257,0.0,2016-09-01 22:00:00,0.0,0.0,0.0,0.0,0.0
295.78662,0.9628555,0.9628555,0.0100932345,0.0,2016-09-01 23:00:00,0.0,0.0,0.0,0.0,0.0
294.86255,0.6044445,0.6044445,0.0,0.0,2016-09-02 00:00:00,0.0,0.0,0.0,0.0,0.0
293.28906,0.18705636,0.18705636,0.0,0.0,2016-09-02 01:00:00,0.0,0.0,0.0,0.0,0.0
292.12793,0.12917095,0.12917095,0.0,0.0,2016-09-02 02:00:00,0.0,0.0,0.0,0.0,0.0
290.39575,0.045733348,0.045733348,0.0,0.0,2016-09-02 03:00:00,0.0,0.0,0.0,0.0,0.0
289.93018,0.021483783,0.021483783,0.0,0.0,2016-09-02 04:00:00,0.0,0.0,0.0,0.0,0.0
288.8955,0.018931683,0.018931683,0.0,0.0,2016-09-02 05:00:00,0.0,0.0,0.0,0.0,0.0
288.3877,0.0,0.0,0.0,0.0,2016-09-02 06:00:00,0.0,0.0,0.0,0.0,0.0
288.07983,0.0,0.0,0.0,0.0,2016-09-02 07:00:00,0.0,0.0,0.0,0.0,0.0
287.65063,0.0,0.0,0.0,0.0,2016-09-02 08:00:00,0.0,0.0,0.0,0.0,0.0
286.64844,0.0,0.0,0.0,0.0,2016-09-02 09:00:00,0.0,0.0,0.0,0.0,0.0
286.13257,0.0,0.0,0.0,0.0,2016-09-02 10:00:00,0.0,0.0,0.0,0.0,0.0
286.06055,0.0,0.0,0.0,0.0,2016-09-02 11:00:00,0.0,0.0,0.0,0.0,0.0
286.2058,0.0,0.0,0.0,0.0,2016-09-02 12:00:00,0.0,0.0,0.0,0.0,0.0
287.23975,0.0084314905,0.0084314905,0.0,0.0,2016-09-02 13:00:00,0.0,0.0,0.0,0.0,0.0
289.14502,0.063026845,0.063026845,0.0,0.0,2016-09-02 14:00:00,0.0,0.0,0.0,0.0,0.0
292.86206,0.020170148,0.020170148,0.0,0.0,2016-09-02 15:00:00,0.0,0.0,0.0,0.0,0.0
294.24023,0.19780433,0.041159976,0.0,0.15873116,2016-09-02 16:00:00,0.0,0.0,0.0,0.0,0.0
294.7561,0.72702545,0.55187964,0.0,0.33996522,2016-09-02 17:00:00,0.0,0.0,0.0,0.0,0.0
295.15674,0.80795825,0.6061898,0.0,0.46107453,2016-09-02 18:00:00,0.0,0.0,0.0,0.0,0.0
296.0525,0.8410661,0.55957806,0.0,0.61893266,2016-09-02 19:00:00,0.0,0.0,0.0,0.0,0.0
296.1018,0.94430745,0.6537539,0.0,0.77760285,2016-09-02 20:00:00,0.0,0.0,0.0,0.0,0.0
296.51636,0.92703867,0.36419505,0.0,0.8870709,2016-09-02 21:00:00,0.0,0.0,0.0,0.0,0.0
295.8982,0.5274742,0.4320382,0.0,0.17244726,2016-09-02 22:00:00,0.0,0.0,0.0,0.0,0.0
295.5703,0.506789,0.36484945,0.0,0.1713255,2016-09-02 23:00:00,0.0,0.0,0.0,0.0,0.0
295.01123,0.5367377,0.33552355,0.0,0.32174265,2016-09-03 00:00:00,0.0,0.0,0.0,0.0,0.0
293.55225,0.3272233,0.13374293,0.0,0.1984762,2016-09-03 01:00:00,0.0,0.0,0.0,0.0,0.0
292.35522,0.5648613,0.08006412,0.0,0.5285953,2016-09-03 02:00:00,0.0,0.0,0.0,0.0,0.0
290.28345,0.7612836,0.041144338,0.0,0.7488194,2016-09-03 03:00:00,0.0,0.0,0.0,0.0,0.0
289.4922,0.64124393,0.013471484,0.0,0.63788277,2016-09-03 04:00:00,0.0,0.0,0.0,0.0,0.0
288.61646,0.34589392,0.0,0.0,0.34589392,2016-09-03 05:00:00,0.0,0.0,0.0,0.0,0.0
288.09106,0.74074614,0.004260551,0.0,0.74074614,2016-09-03 06:00:00,0.0,0.0,0.0,0.0,0.0
288.03076,0.9957922,0.031835616,0.0,0.9957922,2016-09-03 07:00:00,0.0,0.0,0.0,0.0,0.0
287.6394,1.0,0.14263672,0.0,1.0,2016-09-03 08:00:00,0.0,0.0,0.0,0.0,0.0
287.35303,1.0,0.20781487,0.0,1.0,2016-09-03 09:00:00,0.0,0.0,0.0,0.0,0.0
287.67554,1.0,0.29418856,0.0,1.0,2016-09-03 10:00:00,0.0,0.0,0.0,0.0,0.0
287.60718,0.99627113,0.2824056,0.0,0.99627113,2016-09-03 11:00:00,0.0,0.0,0.0,0.0,0.0
287.90918,0.9949968,0.25221753,0.0,0.9949968,2016-09-03 12:00:00,0.0,0.0,0.0,0.0,0.0
288.8833,0.9966217,0.22416377,0.0,0.9966217,2016-09-03 13:00:00,0.0,0.0,0.0,0.0,0.0
289.6538,1.0,0.23464912,0.0,1.0,2016-09-03 14:00:00,0.0,0.0,0.0,0.0,0.0
292.48145,1.0,0.13072246,0.0,1.0,2016-09-03 15:00:00,0.0,0.0,0.0,0.0,0.0
293.89722,1.0,0.19453335,0.0,1.0,2016-09-03 16:00:00,0.0,0.0,0.0,0.0,0.0
295.14136,1.0,0.22023213,0.0,1.0,2016-09-03 17:00:00,0.0,0.0,0.0,0.0,0.0
296.10327,1.0,0.037991498,0.0,1.0,2016-09-03 18:00:00,0.0,0.0,0.0,0.0,0.0
296.3745,1.0,0.6223346,0.0,1.0,2016-09-03 19:00:00,0.0,0.0,0.0,0.0,0.0
296.70532,0.98948056,0.5013266,0.0,0.9799908,2016-09-03 20:00:00,0.0,0.0,0.0,0.0,0.0
296.9519,0.88639325,0.08217126,0.0,0.8742848,2016-09-03 21:00:00,0.0,0.0,0.0,0.0,0.0
296.13354,0.7356628,0.3750711,0.0,0.570365,2016-09-03 22:00:00,0.0,0.0,0.0,0.0,0.0
295.90527,0.2783671,0.096447945,0.0,0.21922797,2016-09-03 23:00:00,0.0,0.0,0.0,0.0,0.0
295.30005,0.10121077,0.04432893,0.0,0.056881867,2016-09-04 00:00:00,0.0,0.0,0.0,0.0,0.0
294.1714,0.15487176,0.14140028,0.0,0.013471484,2016-09-04 01:00:00,0.0,0.0,0.0,0.0,0.0
293.25464,0.18918294,0.18918294,0.0,0.0,2016-09-04 02:00:00,0.0,0.0,0.0,0.0,0.0
291.68823,0.17087549,0.16193438,0.0,0.008947253,2016-09-04 03:00:00,0.0,0.0,0.0,0.0,0.0
291.40625,0.34091705,0.14977312,0.0,0.21960843,2016-09-04 04:00:00,0.0,0.0,0.0,0.0,0.0
290.85303,0.5129025,0.052968256,0.0,0.48632473,2016-09-04 05:00:00,0.0,0.0,0.0,0.0,0.0
290.45508,0.63344467,0.062388737,0.0,0.60335237,2016-09-04 06:00:00,0.0,0.0,0.0,0.0,0.0
290.3191,0.14859009,0.026433975,0.0,0.12948704,2016-09-04 07:00:00,0.0,0.0,0.0,0.0,0.0
290.13208,0.01372771,0.011606943,0.0,0.0021207693,2016-09-04 08:00:00,0.0,0.0,0.0,0.0,0.0
290.35913,0.015252303,0.015252303,0.0037288337,0.0,2016-09-04 09:00:00,0.0,0.0,0.0,0.0,0.0
289.1692,0.038754486,0.0016249504,0.037129536,0.0,2016-09-04 10:00:00,0.0,0.0,0.0,0.0,0.0
289.15747,0.22336036,0.01998901,0.1849649,0.04681715,2016-09-04 11:00:00,0.0,2.2815959e-07,0.0,0.0,3.813414e-07
288.99976,0.70689183,0.0,0.25928795,0.61161774,2016-09-04 12:00:00,0.0,0.0,0.0,0.0,0.0
289.7915,0.8861359,0.0,0.38737148,0.82932466,2016-09-04 13:00:00,0.0,0.0,0.0,0.0,0.0
291.54175,0.83457685,0.0016249504,0.18797803,0.79031384,2016-09-04 14:00:00,0.0,0.0,0.0,0.0,0.0
295.17017,0.8318886,0.0032499009,0.18414104,0.7864787,2016-09-04 15:00:00,0.0,0.0,0.0,0.0,0.0
296.65503,0.73575944,0.032490518,0.23260194,0.6096746,2016-09-04 16:00:00,0.0,0.0,0.0,0.0,0.0
297.677,0.7758152,0.061368674,0.43544894,0.60695773,2016-09-04 17:00:00,0.0,0.0,0.0,0.0,0.0
297.9419,0.73133373,0.11827284,0.538427,0.4881655,2016-09-04 18:00:00,0.0,0.0,0.0,0.0,0.0
298.71265,0.5761716,0.33154285,0.54905874,0.06551182,2016-09-04 19:00:00,1.0,0.0,0.0,0.0,0.0
298.26172,0.53339994,0.3115505,0.52286917,0.0,2016-09-04 20:00:00,1.0,0.00017265098,0.0,0.00017078016,1.6035692e-06
298.1731,0.39753383,0.10284871,0.37144506,0.006364435,2016-09-04 21:00:00,1.0,0.00011412069,0.0,0.00011358617,5.3452317e-07
297.87427,0.9116014,0.060987923,0.89585954,0.1565206,2016-09-04 22:00:00,0.0,2.6726157e-06,0.0,2.6726157e-06,0.0
297.72388,0.7968235,0.0,0.59871006,0.4837057,2016-09-04 23:00:00,0.0,0.0,0.0,0.0,0.0
296.95654,0.48305833,0.009046715,0.46820605,0.058900785,2016-09-05 00:00:00,0.0,0.0,0.0,0.0,0.0
296.26343,0.28888345,0.009478044,0.21085131,0.101551,2016-09-05 01:00:00,0.0,0.0,0.0,0.0,0.0
295.85278,0.71455103,0.04250503,0.5813279,0.3841862,2016-09-05 02:00:00,1.0,0.00013457157,0.0,0.00013476225,0.0
294.61963,1.0,0.47103047,0.98211,0.9932679,2016-09-05 03:00:00,1.0,0.00043079397,0.0,0.00043052668,0.0
294.2439,0.99946827,0.5104381,0.9822261,0.99153167,2016-09-05 04:00:00,0.0,0.00023953439,0.0,0.00023615612,3.3026345e-06
293.7473,0.97680414,0.8771334,0.5817401,0.7537581,2016-09-05 05:00:00,0.0,0.0001985228,0.0,0.00019847504,0.0
293.21167,1.0,0.97411126,0.92666006,1.0,2016-09-05 06:00:00,0.0,0.00018807618,0.0,0.00018801914,0.0
293.01636,1.0,0.75891787,0.6414716,1.0,2016-09-05 07:00:00,1.0,0.0067056715,0.0,0.0066692755,3.5853882e-05
293.12988,1.0,0.7783388,0.7100382,1.0,2016-09-05 08:00:00,1.0,0.0075028427,0.0,0.007318806,0.00018393845
292.93872,1.0,0.9252111,0.92975813,1.0,2016-09-05 09:00:00,1.0,0.006921254,0.0,0.0067233667,0.00019809789
292.43384,1.0,0.2139486,0.7999823,1.0,2016-09-05 10:00:00,1.0,0.0035136628,0.0,0.0033026726,0.00021118087
292.45117,1.0,0.00998199,0.59925705,1.0,2016-09-05 11:00:00,1.0,0.0036275876,0.0,0.0033958105,0.00023193954
292.4187,0.9130791,0.0016249504,0.0067320913,0.9130791,2016-09-05 12:00:00,1.0,0.004787907,0.0,0.004529074,0.00025908812
292.64648,0.9502976,0.038230784,0.00053172023,0.9502976,2016-09-05 13:00:00,0.0,0.0005164163,0.0,0.00043423567,8.1980455e-05
293.75806,0.93062204,0.17415023,0.0015890491,0.9203763,2016-09-05 14:00:00,0.0,3.7935279e-06,0.0,0.0,3.7935279e-06
295.91968,0.99001795,0.41628164,0.0,0.9584153,2016-09-05 15:00:00,0.0,0.0,0.0,0.0,0.0
296.42163,0.9909913,0.96397746,0.0,0.42063212,2016-09-05 16:00:00,0.0,1.9863102e-05,0.0,1.9815358e-05,0.0
297.22095,0.99841094,0.99841094,0.0,0.030795105,2016-09-05 17:00:00,0.0,1.536966e-05,0.0,1.5417405e-05,0.0
297.15405,0.9738185,0.9738185,0.0,0.0,2016-09-05 18:00:00,0.0,0.0,0.0,0.0,0.0
297.4353,0.98630244,0.9841986,0.018480524,0.0,2016-09-05 19:00:00,0.0,4.424839e-06,0.0,4.1864205e-06,0.0
297.88574,1.0,1.0,0.025262035,0.0,2016-09-05 20:00:00,1.0,1.0831364e-05,0.0,1.0879112e-05,0.0
299.02637,0.9706887,0.9706887,0.0,0.011843823,2016-09-05 21:00:00,1.0,4.8107086e-06,0.0,4.944339e-06,0.0
298.5083,0.9820366,0.92488146,0.5594561,0.4804839,2016-09-05 22:00:00,1.0,3.813414e-07,0.0,3.813414e-07,0.0
298.59937,0.9801228,0.8157981,0.48618227,0.78669125,2016-09-05 23:00:00,1.0,7.591575e-06,0.0,6.389223e-06,9.350902e-07
298.18823,1.0,0.98815244,0.3696757,0.98652846,2016-09-06 00:00:00,1.0,0.00014297108,0.0,0.00011306585,3.0152936e-05
297.77197,0.9915844,0.9915844,0.05046588,0.36477268,2016-09-06 01:00:00,1.0,0.00053292536,0.0,0.00044476264,8.83918e-05
297.36816,0.9834022,0.9252605,0.052278295,0.37069684,2016-09-06 02:00:00,1.0,0.0004153205,0.0,0.0003922726,2.3161905e-05
296.19434,0.70568687,0.2577297,0.16114777,0.55992264,2016-09-06 03:00:00,1.0,0.0048184134,0.0,0.004774373,4.4224813e-05
295.7766,0.7389534,0.070573926,0.25641835,0.667381,2016-09-06 04:00:00,1.0,0.0041989125,0.0,0.0040834583,0.00011526326
295.72217,0.9036244,0.15968233,0.20777392,0.8820664,2016-09-06 05:00:00,1.0,0.0036770785,0.0,0.0035882483,8.8744375e-05
295.98755,1.0,0.9755744,0.13449657,0.9949968,2016-09-06 06:00:00,1.0,0.00068171904,0.0,0.0006437844,3.7886814e-05
296.4978,1.0,1.0,0.08835566,0.99337184,2016-09-06 07:00:00,1.0,0.0013070959,0.0,0.0011659465,0.0001411018
296.50513,1.0,0.9193805,0.1420474,0.99675006,2016-09-06 08:00:00,1.0,9.543155e-07,0.0,0.0,7.4474025e-07
295.23145,1.0,0.67583334,0.06609732,0.9966217,2016-09-06 09:00:00,1.0,8.011341e-07,0.0,0.0,9.152139e-07
295.219,1.0,0.9846351,0.36971956,0.744537,2016-09-06 10:00:00,1.0,1.9099144e-07,0.0,0.0,2.0957555e-07
295.33667,1.0,0.9915844,0.47954303,0.9732722,2016-09-06 11:00:00,1.0,1.9099144e-07,0.0,0.0,1.9099144e-07
295.0625,1.0,1.0,0.24801898,1.0,2016-09-06 12:00:00,1.0,0.0,0.0,0.0,9.549569e-08
294.9834,1.0,0.97704464,0.29310304,0.9949968,2016-09-06 13:00:00,1.0,6.27331e-05,0.0,0.0,6.27331e-05
295.0891,1.0,0.99576455,0.6504807,1.0,2016-09-06 14:00:00,1.0,0.0012918313,0.0,0.0006805139,0.00061121234
295.198,1.0,0.4996069,0.87873185,0.9989426,2016-09-06 15:00:00,1.0,0.00587767,0.0,0.0046572015,0.0012207271
295.0271,0.9496463,0.48619348,0.45955002,0.8362282,2016-09-06 16:00:00,1.0,0.0057725646,0.0,0.004654523,0.0011180437
295.25513,0.8923668,0.2554167,0.5588018,0.5885487,2016-09-06 17:00:00,1.0,0.0009584585,0.0,0.00036937487,0.00058928365
295.76562,0.9300382,0.1411733,0.6816616,0.697544,2016-09-06 18:00:00,1.0,0.0002693911,0.0,0.00010971684,0.00015952109
296.9038,0.8670627,0.043011498,0.80201,0.31893736,2016-09-06 19:00:00,0.0,0.00043819123,0.0,0.00038935896,4.9156602e-05
297.74194,0.8391304,0.079271436,0.8257702,0.27402395,2016-09-06 20:00:00,0.0,0.00022162477,0.0,0.00016423341,5.7677506e-05
298.34448,0.58613294,0.091694,0.48114341,0.13875717,2016-09-06 21:00:00,0.0,9.5952055e-05,0.0,5.983608e-05,3.6115962e-05
297.45605,0.53279537,0.19600326,0.4472826,0.10685468,2016-09-06 22:00:00,0.0,9.358582e-06,0.0,6.7801975e-06,2.6738799e-06
297.39258,0.82601386,0.026354585,0.81968534,0.22175217,2016-09-06 23:00:00,0.0,3.196072e-05,0.0,3.065294e-05,1.2414439e-06
297.0244,0.8621364,0.48714888,0.8465442,0.17478967,2016-09-07 00:00:00,0.0,2.343436e-05,0.0,2.343436e-05,0.0
296.18872,1.0,0.5931554,0.9989426,0.326721,2016-09-07 01:00:00,0.0,0.0,0.0,0.0,0.0
295.8103,0.9663347,0.6404809,0.883209,0.58799887,2016-09-07 02:00:00,0.0,1.6227859e-06,0.0,1.6798258e-06,0.0
294.95288,1.0,0.7021724,0.9594269,0.653373,2016-09-07 03:00:00,1.0,2.3914326e-05,0.0,2.3780696e-05,2.6726156e-07
294.88086,0.9271634,0.62083304,0.8720409,0.11645436,2016-09-07 04:00:00,1.0,6.980146e-05,0.0,6.5296146e-05,4.371681e-06
294.55127,0.99946827,0.7779562,0.9495199,0.570313,2016-09-07 05:00:00,1.0,0.00012722639,0.0,0.000116527284,1.0975658e-05
294.07666,0.981739,0.7461507,0.82661444,0.8458112,2016-09-07 06:00:00,1.0,0.00014669495,0.0,0.00013387665,1.29041755e-05
294.20215,0.93733364,0.06223565,0.20821512,0.92942774,2016-09-07 07:00:00,0.0,4.1960384e-06,0.0,0.0,4.405614e-06
293.6521,1.0,0.060075082,0.01788513,1.0,2016-09-07 08:00:00,0.0,0.0,0.0,0.0,0.0
293.40527,0.9901713,0.20145929,0.096099675,0.9901713,2016-09-07 09:00:00,1.0,9.549569e-08,0.0,0.0,9.549569e-08
293.17847,1.0,0.09722632,0.39843988,1.0,2016-09-07 10:00:00,1.0,6.8941226e-05,0.0,4.5078297e-05,2.3805886e-05
293.1123,1.0,0.06107244,0.88377845,1.0,2016-09-07 11:00:00,1.0,0.00012945048,0.0,4.565192e-05,8.412285e-05
293.18384,1.0,0.15472168,0.95225716,1.0,2016-09-07 12:00:00,1.0,1.2919479e-05,0.0,0.0,1.2919479e-05
293.13257,1.0,0.44318902,0.9798997,0.99946827,2016-09-07 13:00:00,1.0,8.784966e-06,0.0,1.7666707e-06,6.9705475e-06
293.4077,1.0,0.666978,1.0,1.0,2016-09-07 14:00:00,0.0,2.3791872e-05,0.0,3.8198294e-07,2.3772649e-05
294.1975,1.0,0.97298,0.998375,0.9056178,2016-09-07 15:00:00,1.0,3.998443e-05,0.0,2.5758136e-06,3.7465652e-05
294.42432,1.0,1.0,0.7340881,0.925153,2016-09-07 16:00:00,1.0,4.3703636e-05,0.0,3.4114346e-05,9.503406e-06
295.00977,1.0,1.0,0.32396024,1.0,2016-09-07 17:00:00,1.0,0.0002963175,0.0,8.090628e-05,0.00021501101
295.30615,1.0,1.0,0.11376876,0.998375,2016-09-07 18:00:00,1.0,0.00048054033,0.0,9.566499e-05,0.00038483692
295.91284,1.0,1.0,0.021130364,1.0,2016-09-07 19:00:00,1.0,0.00024045822,0.0,0.00016976071,7.069751e-05
296.13013,1.0,1.0,0.0058244728,0.998375,2016-09-07 20:00:00,1.0,0.0003385665,0.0,0.00021753325,0.0001212428
296.094,1.0,0.9978792,0.0,0.87677175,2016-09-07 21:00:00,1.0,0.00049269735,0.0,0.00038336217,0.000109382876
296.41992,0.7771897,0.25991285,0.121765494,0.7131637,2016-09-07 22:00:00,1.0,0.00017190508,0.0,0.00011473792,5.7024212e-05
296.34912,0.9113226,0.20492393,0.10567194,0.8664891,2016-09-07 23:00:00,1.0,2.3282875e-05,0.0,1.8145365e-05,4.9561368e-06
296.14307,0.7674698,0.30885297,0.15662259,0.63394845,2016-09-08 00:00:00,0.0,0.0,0.0,0.0,0.0
295.5027,0.5970142,0.30905318,0.21563315,0.3665411,2016-09-08 01:00:00,0.0,0.0,0.0,0.0,0.0
295.13794,0.7538004,0.16205859,0.34530663,0.6421989,2016-09-08 02:00:00,0.0,0.0,0.0,0.0,0.0
294.19043,0.9529796,0.19860876,0.082341075,0.9429388,2016-09-08 03:00:00,1.0,3.5884805e-06,0.0,0.0,3.5884805e-06
294.02368,0.90839595,0.26064175,0.009099722,0.8841404,2016-09-08 04:00:00,1.0,0.0006021182,0.0,0.0005350576,6.706051e-05
293.4536,0.6938542,0.26390725,0.1615237,0.5536813,2016-09-08 05:00:00,1.0,0.0013403299,0.0,0.0012564333,8.395358e-05
293.6919,0.7182879,0.6355597,0.27920908,0.17774993,2016-09-08 06:00:00,1.0,0.0012749771,0.0,0.0009534543,0.000321961
293.51318,0.96010655,0.9416081,0.44656116,0.05681663,2016-09-08 07:00:00,1.0,0.00043012341,0.0,0.00040461193,2.5425572e-05
293.3855,0.8786401,0.8186779,0.3008659,0.22043937,2016-09-08 08:00:00,1.0,9.3329e-05,0.0,7.381782e-05,1.9329804e-05
292.9629,0.60408825,0.5661912,0.10758197,0.09633869,2016-09-08 09:00:00,1.0,1.9650342e-06,0.0,6.098218e-07,1.1831262e-06
291.0896,0.3797269,0.37919515,0.0057992525,0.0033782488,2016-09-08 10:00:00,1.0,2.8039776e-06,0.0,1.0478777e-07,2.4226365e-06
290.46167,0.44227016,0.44227016,0.0,0.0,2016-09-08 11:00:00,0.0,1.8304363e-06,0.0,0.0,1.6208605e-06
289.8423,0.6125487,0.6125487,0.0,0.0,2016-09-08 12:00:00,1.0,4.7683716e-07,0.0,0.0,4.7683716e-07
289.9812,0.6695227,0.6695227,0.0,0.0,2016-09-08 13:00:00,1.0,3.8198294e-07,0.0,0.0,3.8198294e-07
289.95703,0.7815781,0.7815781,0.0,0.0,2016-09-08 14:00:00,1.0,0.0,0.0,0.0,0.0
292.9773,0.6018045,0.6018045,0.0,0.0,2016-09-08 15:00:00,0.0,0.0,0.0,0.0,0.0
294.563,0.20432514,0.20432514,0.0,0.0,2016-09-08 16:00:00,0.0,0.0,0.0,0.0,0.0
295.79053,0.047403544,0.047403544,0.0,0.0,2016-09-08 17:00:00,0.0,0.0,0.0,0.0,0.0
296.84473,0.02327871,0.02327871,0.0,0.0,2016-09-08 18:00:00,0.0,0.0,0.0,0.0,0.0
297.1682,0.0032499009,0.0032499009,0.0,0.0,2016-09-08 19:00:00,0.0,0.0,0.0,0.0,0.0
297.8015,0.018878054,0.018878054,0.0,0.0,2016-09-08 20:00:00,0.0,0.0,0.0,0.0,0.0
298.083,0.11530095,0.06418455,0.051116448,0.0,2016-09-08 21:00:00,0.0,0.0,0.0,0.0,0.0
297.42383,0.186293,0.059398655,0.13661236,0.0,2016-09-08 22:00:00,0.0,0.0,0.0,0.0,0.0
297.05005,0.19246817,0.0,0.19246817,0.0,2016-09-08 23:00:00,0.0,0.0,0.0,0.0,0.0
295.9165,0.36641926,0.0,0.36641926,0.0,2016-09-09 00:00:00,0.0,0.0,0.0,0.0,0.0
294.60938,0.37743664,0.0,0.37743664,0.0,2016-09-09 01:00:00,0.0,0.0,0.0,0.0,0.0
293.86768,0.4220404,0.0,0.4220404,0.012623299,2016-09-09 02:00:00,0.0,0.0,0.0,0.0,0.0
292.1145,0.5376255,0.0,0.5376255,0.0,2016-09-09 03:00:00,0.0,5.3452313e-06,0.0,5.4788625e-06,0.0
292.0381,0.52505857,0.0,0.52505857,0.0,2016-09-09 04:00:00,0.0,0.0,0.0,0.0,0.0
290.86597,0.50081027,0.0,0.49421114,0.012155447,2016-09-09 05:00:00,0.0,0.0,0.0,0.0,0.0
289.75366,0.25925362,0.0,0.14120764,0.14311367,2016-09-09 06:00:00,0.0,0.0,0.0,0.0,0.0
289.69458,0.3906967,0.0,0.2297805,0.21403283,2016-09-09 07:00:00,0.0,0.0,0.0,0.0,0.0
290.28003,0.5270093,0.0,0.22339046,0.44214076,2016-09-09 08:00:00,0.0,0.0,0.0,0.0,0.0
290.15186,0.9485078,0.0968712,0.1453746,0.94613683,2016-09-09 09:00:00,0.0,1.5661295e-05,0.0,1.570904e-05,0.0
290.0713,0.9535655,0.24178785,0.526425,0.89478755,2016-09-09 10:00:00,0.0,3.1800068e-05,0.0,3.1704578e-05,9.549569e-08
290.32324,0.8324657,0.072374165,0.024482206,0.8261909,2016-09-09 11:00:00,1.0,0.0,0.0,0.0,0.0
289.83765,0.9942508,0.0033782488,0.0,0.9942508,2016-09-09 12:00:00,1.0,0.0,0.0,0.0,2.6726156e-07
290.17383,1.0,0.0,0.0,1.0,2016-09-09 13:00:00,1.0,1.9099144e-07,0.0,0.0,3.050713e-07
290.93677,0.8127271,0.0,0.004235424,0.8127271,2016-09-09 14:00:00,1.0,2.2815959e-07,0.0,0.0,3.813414e-07
292.37866,0.62173927,0.0,0.3391869,0.5892689,2016-09-09 15:00:00,1.0,0.0,0.0,0.0,0.0
293.11816,0.99946827,0.0,0.99946827,0.95418143,2016-09-09 16:00:00,0.0,3.627573e-07,0.0,0.0,9.549569e-08
294.0039,0.75934005,0.0,0.6420483,0.43595046,2016-09-09 17:00:00,1.0,2.8815402e-06,0.0,1.8317287e-06,6.6847014e-07
294.25928,0.40664,0.024032347,0.121415615,0.32615662,2016-09-09 18:00:00,1.0,1.7514205e-05,0.0,1.765712e-05,0.0
294.81006,0.49601912,0.31835264,0.09751034,0.28905755,2016-09-09 19:00:00,1.0,9.6085016e-05,0.0,8.88059e-05,7.326861e-06
295.2422,0.93878555,0.07183105,0.22869372,0.93477255,2016-09-09 20:00:00,0.0,9.082972e-06,0.0,5.400315e-06,4.1409094e-06
295.62524,0.99675006,0.1481722,0.61903864,0.995108,2016-09-09 21:00:00,1.0,3.526939e-05,0.0,3.4935467e-05,9.549569e-08
295.30273,0.94639856,0.025104433,0.48644382,0.8916104,2016-09-09 22:00:00,1.0,0.00016921674,0.0,0.00016880559,5.7297444e-07
294.89258,0.9741376,0.047577385,0.37905622,0.962934,2016-09-09 23:00:00,0.0,0.00020825143,0.0,0.00020814664,9.549569e-08
294.0376,0.983605,0.038938902,0.30397105,0.980338,2016-09-10 00:00:00,0.0,1.8399209e-05,0.0,1.8313003e-05,1.9099144e-07
293.2085,0.5831172,0.03417916,0.04549032,0.5570031,2016-09-10 01:00:00,0.0,2.2918975e-06,0.0,2.2918975e-06,0.0
292.15576,0.19868463,0.0143767,0.11050403,0.09610671,2016-09-10 02:00:00,0.0,0.0,0.0,0.0,0.0
290.95972,0.4901923,0.0,0.4452986,0.102298856,2016-09-10 03:00:00,0.0,0.0,0.0,0.0,0.0
290.73364,0.69436145,0.0,0.6365317,0.17495733,2016-09-10 04:00:00,0.0,0.0,0.0,0.0,0.0
290.02002,0.67171973,0.0,0.6683488,0.062238213,2016-09-10 05:00:00,0.0,0.0,0.0,0.0,0.0
289.68872,0.67627215,0.0,0.6138219,0.3008806,2016-09-10 06:00:00,0.0,0.0,0.0,0.0,0.0
289.479,0.6597271,0.0,0.41862977,0.42121267,2016-09-10 07:00:00,0.0,0.0,0.0,0.0,0.0
288.63452,0.4795732,0.0016249504,0.12878412,0.38911003,2016-09-10 08:00:00,0.0,0.0,0.0,0.0,0.0
287.52026,0.4798618,0.04002711,0.0365733,0.4327197,2016-09-10 09:00:00,1.0,1.3363078e-06,0.0,1.2026767e-06,0.0
287.00195,0.20833254,0.15259874,0.10177314,0.039542772,2016-09-10 10:00:00,1.0,5.682785e-05,0.0,5.6580146e-05,0.0
286.61255,0.19450581,0.16994137,0.15704739,0.00053172023,2016-09-10 11:00:00,1.0,0.00014178855,0.0,0.00013994914,2.0207863e-06
286.47754,0.22937799,0.10345602,0.18210024,0.0,2016-09-10 12:00:00,0.0,0.00013560092,0.0,0.00013431461,1.5817586e-06
287.08838,0.04744809,0.026256733,0.04638465,0.0,2016-09-10 13:00:00,1.0,3.7482852e-05,0.0,3.6234036e-05,6.0950106e-07
288.27246,0.06641239,0.06303412,0.015892487,0.0,2016-09-10 14:00:00,1.0,6.34203e-05,0.0,6.355361e-05,1.9099144e-07
291.17358,0.14581943,0.14581943,0.0057492107,0.0,2016-09-10 15:00:00,0.0,1.7016137e-05,0.0,1.5203013e-05,1.9470826e-06
291.99316,0.26249814,0.26143467,0.0026463778,0.0,2016-09-10 16:00:00,0.0,2.3832763e-05,0.0,2.1304702e-05,2.575809e-06
292.84302,0.16139722,0.1551395,0.016424209,0.0,2016-09-10 17:00:00,0.0,1.6013699e-05,0.0,1.6109188e-05,0.0
293.67188,0.12821746,0.10465598,0.042282227,0.0,2016-09-10 18:00:00,0.0,1.4637043e-05,0.0,1.4580003e-05,0.0
294.3015,0.34111857,0.14264256,0.31306452,0.0,2016-09-10 19:00:00,0.0,1.131337e-05,0.0,1.137041e-05,0.0
294.57812,0.41748607,0.05728445,0.41122222,0.0,2016-09-10 20:00:00,0.0,2.443805e-06,0.0,2.634476e-06,0.0
295.19678,0.6981267,0.0071128868,0.6981267,0.0,2016-09-10 21:00:00,0.0,2.6726156e-07,0.0,2.6726156e-07,0.0
294.09253,0.27795696,0.002103883,0.27795696,0.0,2016-09-10 22:00:00,0.0,0.0,0.0,0.0,0.0
293.97827,0.36819065,0.01833338,0.36819065,0.0,2016-09-10 23:00:00,0.0,0.0,0.0,0.0,0.0
292.71094,0.21276343,0.0063309744,0.20986074,0.0,2016-09-11 00:00:00,0.0,0.0,0.0,0.0,0.0
290.74878,0.5830226,0.0016249504,0.1342178,0.50443333,2016-09-11 01:00:00,0.0,0.0,0.0,0.0,0.0
290.0586,0.9862948,0.0,0.062190093,0.98392385,2016-09-11 02:00:00,0.0,0.0,0.0,0.0,0.0
288.48193,1.0,0.009478044,0.0,1.0,2016-09-11 03:00:00,0.0,0.0,0.0,0.0,0.0
288.1714,0.95463765,0.0,0.011682536,0.95463765,2016-09-11 04:00:00,0.0,0.0,0.0,0.0,0.0
287.61353,0.929472,0.0,0.032454707,0.929472,2016-09-11 05:00:00,0.0,0.0,0.0,0.0,0.0
287.18896,0.7205682,0.0,0.0,0.7205682,2016-09-11 06:00:00,0.0,0.0,0.0,0.0,0.0
286.8589,0.22748762,0.0,0.021567285,0.21301252,2016-09-11 07:00:00,0.0,0.0,0.0,0.0,0.0
286.72925,0.07837778,0.0,0.0720216,0.007945243,2016-09-11 08:00:00,0.0,0.0,0.0,0.0,0.0
286.3501,0.07267326,0.0,0.07267326,0.0,2016-09-11 09:00:00,0.0,0.0,0.0,0.0,0.0
286.25806,0.068965375,0.0,0.068965375,0.002103883,2016-09-11 10:00:00,0.0,0.0,0.0,0.0,0.0
286.01807,0.021928024,0.0,0.0036929322,0.018235091,2016-09-11 11:00:00,0.0,0.0,0.0,0.0,0.0
286.04932,0.101953626,0.0,0.0,0.101953626,2016-09-11 12:00:00,0.0,0.0,0.0,0.0,0.0
287.18457,0.0,0.0,0.0,0.0,2016-09-11 13:00:00,0.0,0.0,0.0,0.0,0.0
289.52393,0.0,0.0,0.0,0.0,2016-09-11 14:00:00,0.0,0.0,0.0,0.0,0.0
293.4873,0.0,0.0,0.0,0.0,2016-09-11 15:00:00,0.0,0.0,0.0,0.0,0.0
295.15796,0.0,0.0,0.0,0.0,2016-09-11 16:00:00,0.0,0.0,0.0,0.0,0.0
296.32275,0.0,0.0,0.0,0.0,2016-09-11 17:00:00,0.0,0.0,0.0,0.0,0.0
297.32837,0.0,0.0,0.0,0.0,2016-09-11 18:00:00,0.0,0.0,0.0,0.0,0.0
298.17944,0.0,0.0,0.0,0.0,2016-09-11 19:00:00,0.0,0.0,0.0,0.0,0.0
298.6455,0.0,0.0,0.0,0.0,2016-09-11 20:00:00,0.0,0.0,0.0,0.0,0.0
299.0818,0.0,0.0,0.0,0.0,2016-09-11 21:00:00,0.0,0.0,0.0,0.0,0.0
298.6062,0.0,0.0,0.0,0.0,2016-09-11 22:00:00,0.0,0.0,0.0,0.0,0.0
298.16284,0.0,0.0,0.0,0.0,2016-09-11 23:00:00,0.0,0.0,0.0,0.0,0.0
296.9961,0.0,0.0,0.0,0.0,2016-09-12 00:00:00,0.0,0.0,0.0,0.0,0.0
295.6892,0.0016249504,0.0,0.0,0.0016249504,2016-09-12 01:00:00,0.0,0.0,0.0,0.0,0.0
294.8247,0.01336024,0.0,0.0,0.01336024,2016-09-12 02:00:00,0.0,0.0,0.0,0.0,0.0
293.094,0.020210877,0.0,0.0,0.020210877,2016-09-12 03:00:00,0.0,0.0,0.0,0.0,0.0
292.70605,0.0,0.0,0.0,0.0,2016-09-12 04:00:00,0.0,0.0,0.0,0.0,0.0
292.0327,0.0,0.0,0.0,0.0,2016-09-12 05:00:00,0.0,0.0,0.0,0.0,0.0
291.12598,0.0,0.0,0.0,0.0,2016-09-12 06:00:00,0.0,0.0,0.0,0.0,0.0
290.9524,0.0,0.0,0.0,0.0,2016-09-12 07:00:00,0.0,0.0,0.0,0.0,0.0
290.48926,0.0,0.0,0.0,0.0,2016-09-12 08:00:00,0.0,0.0,0.0,0.0,0.0
289.94604,0.0,0.0,0.0,0.0,2016-09-12 09:00:00,0.0,0.0,0.0,0.0,0.0
289.12842,0.0,0.0,0.0,0.0,2016-09-12 10:00:00,0.0,0.0,0.0,0.0,0.0
289.09668,0.0,0.0,0.0,0.0,2016-09-12 11:00:00,0.0,0.0,0.0,0.0,0.0
288.9956,0.0,0.0,0.0,0.0,2016-09-12 12:00:00,0.0,0.0,0.0,0.0,0.0
289.69922,0.0,0.0,0.0,0.0,2016-09-12 13:00:00,0.0,0.0,0.0,0.0,0.0
290.98242,0.0,0.0,0.0,0.0,2016-09-12 14:00:00,0.0,0.0,0.0,0.0,0.0
294.44165,0.0,0.0,0.0,0.0,2016-09-12 15:00:00,0.0,0.0,0.0,0.0,0.0
296.29517,0.0,0.0,0.0,0.0,2016-09-12 16:00:00,0.0,0.0,0.0,0.0,0.0
297.51318,0.0,0.0,0.0,0.0,2016-09-12 17:00:00,0.0,0.0,0.0,0.0,0.0
298.5537,0.105535746,0.07860893,0.008620787,0.02856883,2016-09-12 18:00:00,0.0,0.0,0.0,0.0,0.0
299.16064,0.9931373,0.9907663,0.196406,0.16666955,2016-09-12 19:00:00,0.0,4.6503512e-05,0.0,4.6503512e-05,0.0
299.0879,1.0,1.0,0.54255915,0.66730833,2016-09-12 20:00:00,1.0,1.5883648e-05,0.0,1.5149817e-05,6.0950106e-07
298.50977,1.0,1.0,0.5096695,0.92472744,2016-09-12 21:00:00,0.0,0.00015808246,0.0,0.000115724266,4.235818e-05
296.5459,1.0,0.83386296,0.51401275,0.98584425,2016-09-12 22:00:00,1.0,0.0003210958,0.0,0.00032084738,2.864872e-07
296.17017,0.998375,0.68957615,0.6440874,0.98527604,2016-09-12 23:00:00,1.0,2.8003997e-05,0.0,2.8003997e-05,0.0
295.14404,1.0,0.39484423,0.82813996,0.9962183,2016-09-13 00:00:00,1.0,5.9369762e-05,0.0,5.9379046e-05,9.549569e-08
294.9314,1.0,1.0,0.8941102,0.9276438,2016-09-13 01:00:00,1.0,3.4991812e-05,0.0,4.370714e-06,3.0868803e-05
294.4397,1.0,0.99841094,0.97633666,0.95719194,2016-09-13 02:00:00,1.0,0.00033945078,0.0,0.00024723122,9.2381364e-05
293.0537,1.0,0.98675585,0.6396044,0.9660898,2016-09-13 03:00:00,1.0,0.0013840669,0.0,0.0011788302,0.00020542741
292.42896,1.0,1.0,0.67082995,0.56778055,2016-09-13 04:00:00,1.0,0.0012239704,0.0,0.001109072,0.00011507995
291.65405,1.0,1.0,0.6095217,0.03277909,2016-09-13 05:00:00,0.0,2.7315618e-05,0.0,0.0,2.7048358e-05
290.91797,0.96741545,0.96741545,0.51632154,0.0,2016-09-13 06:00:00,1.0,1.6227859e-06,0.0,9.549567e-07,6.678286e-07
290.86206,0.85490423,0.849901,0.6239991,0.0,2016-09-13 07:00:00,0.0,5.9048747e-05,0.0,0.0,5.9048747e-05
290.65308,0.53902966,0.504822,0.3846113,0.0,2016-09-13 08:00:00,0.0,1.3904501e-05,0.0,2.864872e-07,1.3618014e-05
289.72144,0.25290382,0.17800325,0.202523,0.034647156,2016-09-13 09:00:00,1.0,1.5651085e-06,0.0,1.432436e-07,1.4696134e-06
287.19434,0.05806011,0.057002783,0.01589049,0.0015890491,2016-09-13 10:00:00,0.0,8.80736e-06,0.0,0.0,8.92144e-06
287.0735,0.10968232,0.04904702,0.0,0.06459534,2016-09-13 11:00:00,0.0,2.44057e-06,0.0,0.0,2.44057e-06
286.93018,0.04663728,0.023072831,0.0,0.02357056,2016-09-13 12:00:00,0.0,8.5946164e-07,0.0,0.0,8.5946164e-07
287.20557,0.016260177,0.016260177,0.0,0.0,2016-09-13 13:00:00,0.0,0.0,0.0,0.0,0.0
287.6692,0.19905323,0.19905323,0.0,0.0,2016-09-13 14:00:00,0.0,0.0,0.0,0.0,0.0
289.37817,0.49359018,0.4909377,0.0,0.0063561946,2016-09-13 15:00:00,0.0,0.0,0.0,0.0,0.0
289.3152,0.8870006,0.863972,0.044636447,0.12011427,2016-09-13 16:00:00,0.0,0.0,0.0,0.0,0.0
290.3015,0.6780663,0.44272232,0.0,0.4144718,2016-09-13 17:00:00,0.0,0.0,0.0,0.0,0.0
290.8423,0.93808424,0.07985228,0.0,0.93808424,2016-09-13 18:00:00,0.0,0.0,0.0,0.0,0.0
291.1482,0.9258386,0.059020188,0.22854334,0.9138084,2016-09-13 19:00:00,0.0,0.0,0.0,0.0,0.0
290.79712,1.0,0.038270406,0.6464651,0.9949968,2016-09-13 20:00:00,0.0,0.0,0.0,0.0,0.0
290.26587,1.0,0.041918356,0.95422894,1.0,2016-09-13 21:00:00,0.0,0.0,0.0,0.0,0.0
289.8335,0.977526,0.0,0.8376312,0.9220444,2016-09-13 22:00:00,0.0,0.0,0.0,0.0,0.0
289.41113,0.9651608,0.0,0.90459836,0.8779309,2016-09-13 23:00:00,0.0,9.807221e-06,0.0,0.0,9.825805e-06
288.7556,0.88724846,0.0,0.84278625,0.80566084,2016-09-14 00:00:00,0.0,0.0,0.0,0.0,0.0
288.00122,0.33660197,0.008732032,0.31932843,0.015459251,2016-09-14 01:00:00,0.0,0.0,0.0,0.0,0.0
287.32812,0.07533646,0.0125950165,0.06611353,0.0,2016-09-14 02:00:00,0.0,0.0,0.0,0.0,0.0
286.0354,0.025527298,0.0,0.025527298,0.0,2016-09-14 03:00:00,0.0,0.0,0.0,0.0,0.0
285.4458,0.019388232,0.0,0.019388232,0.0,2016-09-14 04:00:00,0.0,0.0,0.0,0.0,0.0
284.86987,0.008384813,0.0,0.008384813,0.0,2016-09-14 05:00:00,0.0,0.0,0.0,0.0,0.0
284.26,0.0026356035,0.0,0.0026356035,0.0,2016-09-14 06:00:00,0.0,0.0,0.0,0.0,0.0
284.12988,0.0,0.0,0.0,0.0,2016-09-14 07:00:00,0.0,0.0,0.0,0.0,0.0
283.73047,0.0,0.0,0.0,0.0,2016-09-14 08:00:00,0.0,0.0,0.0,0.0,0.0
282.4834,0.0,0.0,0.0,0.0,2016-09-14 09:00:00,0.0,0.0,0.0,0.0,0.0
281.52246,0.0,0.0,0.0,0.0,2016-09-14 10:00:00,0.0,0.0,0.0,0.0,0.0
281.16772,0.0,0.0,0.0,0.0,2016-09-14 11:00:00,0.0,0.0,0.0,0.0,0.0
280.8601,0.0,0.0,0.0,0.0,2016-09-14 12:00:00,0.0,0.0,0.0,0.0,0.0
282.34595,0.0,0.0,0.0,0.0,2016-09-14 13:00:00,0.0,0.0,0.0,0.0,0.0
283.94775,0.0,0.0,0.0,0.0,2016-09-14 14:00:00,0.0,0.0,0.0,0.0,0.0
287.5974,0.0,0.0,0.0,0.0,2016-09-14 15:00:00,0.0,0.0,0.0,0.0,0.0
289.1477,0.0033782488,0.0033782488,0.0,0.0,2016-09-14 16:00:00,0.0,0.0,0.0,0.0,0.0
290.19434,0.02378485,0.02378485,0.0,0.0,2016-09-14 17:00:00,0.0,0.0,0.0,0.0,0.0
290.98584,0.03027375,0.03027375,0.0,0.0,2016-09-14 18:00:00,0.0,0.0,0.0,0.0,0.0
291.5791,0.0015890491,0.0015890491,0.0,0.0,2016-09-14 19:00:00,0.0,0.0,0.0,0.0,0.0
292.66675,0.008170214,0.008170214,0.0,0.0,2016-09-14 20:00:00,0.0,0.0,0.0,0.0,0.0
293.4109,0.0,0.0,0.0,0.0,2016-09-14 21:00:00,0.0,0.0,0.0,0.0,0.0
293.40186,0.009483848,0.009483848,0.0,0.0,2016-09-14 22:00:00,0.0,0.0,0.0,0.0,0.0
292.96436,0.0,0.0,0.0,0.0,2016-09-14 23:00:00,0.0,0.0,0.0,0.0,0.0
291.38037,0.0,0.0,0.0,0.0,2016-09-15 00:00:00,0.0,0.0,0.0,0.0,0.0
289.74902,0.0,0.0,0.0,0.0,2016-09-15 01:00:00,0.0,0.0,0.0,0.0,0.0
289.29712,0.0,0.0,0.0,0.0,2016-09-15 02:00:00,0.0,0.0,0.0,0.0,0.0
287.32544,0.0,0.0,0.0,0.0,2016-09-15 03:00:00,0.0,0.0,0.0,0.0,0.0
287.08032,0.0015890491,0.0,0.0,0.0015890491,2016-09-15 04:00:00,0.0,0.0,0.0,0.0,0.0
286.06982,0.11623031,0.0,0.0,0.11623031,2016-09-15 05:00:00,0.0,0.0,0.0,0.0,0.0
285.53687,0.37635452,0.0,0.0,0.37635452,2016-09-15 06:00:00,0.0,0.0,0.0,0.0,0.0
285.53906,0.10085964,0.0,0.0,0.10085964,2016-09-15 07:00:00,0.0,0.0,0.0,0.0,0.0
285.4431,0.018221743,0.002103883,0.0,0.01611786,2016-09-15 08:00:00,0.0,0.0,0.0,0.0,0.0
284.5315,0.17193341,0.024884231,0.002103883,0.15652204,2016-09-15 09:00:00,0.0,0.0,0.0,0.0,0.0
286.98657,0.7709497,0.3856989,0.17717505,0.66380316,2016-09-15 10:00:00,0.0,0.0,0.0,0.0,0.0
287.24243,1.0,0.72537327,0.8953517,0.68753517,2016-09-15 11:00:00,0.0,0.0,0.0,0.0,0.0
287.4795,0.9989426,0.9989426,0.95122993,0.01296005,2016-09-15 12:00:00,1.0,2.6726156e-07,0.0,0.0,2.6726156e-07
288.125,0.99841094,0.9978792,0.9443923,0.19384682,2016-09-15 13:00:00,1.0,2.6726156e-07,0.0,4.0089236e-07,0.0
288.97412,0.9885259,0.98141885,0.70732254,0.43921787,2016-09-15 14:00:00,1.0,2.4418714e-06,0.0,2.347022e-06,0.0
292.0288,0.9966217,0.8958978,0.5851665,0.9432561,2016-09-15 15:00:00,1.0,3.7390773e-06,0.0,3.5484063e-06,0.0
293.87598,0.9939192,0.8334123,0.40184987,0.9567803,2016-09-15 16:00:00,1.0,2.1368005e-06,0.0,2.0124617e-06,0.0
295.34985,0.99946827,0.52299607,0.45454437,0.99946827,2016-09-15 17:00:00,0.0,2.6726156e-07,0.0,1.3363075e-07,0.0
296.3208,0.997629,0.14075434,0.36449283,0.9942007,2016-09-15 18:00:00,1.0,1.9470917e-06,0.0,2.013424e-06,0.0
296.48242,1.0,0.8466464,0.41646618,1.0,2016-09-15 19:00:00,1.0,0.00036655134,0.0,0.00036301976,3.741662e-06
296.29932,1.0,0.93025774,0.32615995,0.997629,2016-09-15 20:00:00,1.0,0.00083291926,0.0,0.0008196328,1.3095818e-05
295.73438,1.0,0.47987044,0.28232133,1.0,2016-09-15 21:00:00,1.0,0.00031025824,0.0,0.00028178724,2.8518785e-05
293.36694,1.0,0.955586,0.89648443,1.0,2016-09-15 22:00:00,1.0,0.0004432313,0.0,0.00042499346,1.8151972e-05
293.0498,1.0,0.5858474,0.9695078,1.0,2016-09-15 23:00:00,1.0,0.00067444704,0.0,0.00066589494,8.51391e-06
292.59937,1.0,0.16134787,0.99946827,1.0,2016-09-16 00:00:00,1.0,7.4476935e-05,0.0,5.867779e-05,1.5913218e-05
292.28467,1.0,0.032058388,0.997629,1.0,2016-09-16 01:00:00,1.0,4.6341665e-05,0.0,1.7569502e-05,2.8848735e-05
292.2605,1.0,0.0,0.81732446,1.0,2016-09-16 02:00:00,1.0,0.00079038506,0.0,0.00075835455,3.1896867e-05
291.44263,1.0,0.0,0.14532095,1.0,2016-09-16 03:00:00,1.0,0.0028805262,0.0,0.0028315375,4.911296e-05
290.99805,1.0,0.0016249504,0.0021207693,1.0,2016-09-16 04:00:00,1.0,0.0029774206,0.0,0.002820644,0.00015685312
290.69824,1.0,0.0016249504,0.01103932,1.0,2016-09-16 05:00:00,1.0,0.0028964633,0.0,0.0024114868,0.00048531964
290.4995,1.0,0.0016249504,0.06774956,1.0,2016-09-16 06:00:00,1.0,0.0022799715,0.0,0.0020281104,0.00025199493
290.5796,1.0,0.0016249504,0.21752268,1.0,2016-09-16 07:00:00,1.0,3.813414e-07,0.0,0.0,3.813414e-07
290.56226,1.0,0.022298153,0.52093166,1.0,2016-09-16 08:00:00,1.0,0.0,0.0,0.0,0.0
290.54126,1.0,0.008673575,0.47662097,1.0,2016-09-16 09:00:00,1.0,0.0,0.0,0.0,0.0
289.9795,1.0,0.015096433,0.8271875,1.0,2016-09-16 10:00:00,1.0,7.440987e-07,0.0,0.0,7.440987e-07
289.9939,0.7677478,0.0751279,0.08666879,0.7630059,2016-09-16 11:00:00,1.0,2.5745258e-06,0.0,0.0,2.5745258e-06
289.7307,1.0,0.2696156,0.13483912,1.0,2016-09-16 12:00:00,1.0,2.1733176e-06,0.0,0.0,2.1733176e-06
290.18237,0.9332397,0.27242374,0.06398195,0.9130848,2016-09-16 13:00:00,1.0,0.00011732783,0.0,0.00011706057,2.6726156e-07
290.71313,0.9682743,0.9407902,0.33751678,0.12447578,2016-09-16 14:00:00,1.0,0.000386887,0.0,0.00034502172,4.192222e-05
291.98364,1.0,1.0,0.32936394,0.7061132,2016-09-16 15:00:00,1.0,0.00053351955,0.0,0.000514596,1.8742212e-05
292.0298,0.96159834,0.9594945,0.22470468,0.13480437,2016-09-16 16:00:00,1.0,0.00026376988,0.0,0.00023478261,2.8644135e-05
292.79077,0.938911,0.938911,0.03283303,0.024592426,2016-09-16 17:00:00,1.0,5.061616e-05,0.0,0.0,5.061616e-05
294.03052,0.87672067,0.80237824,0.08706111,0.42749268,2016-09-16 18:00:00,1.0,0.00026579085,0.0,0.00020197571,6.382466e-05
294.55884,0.5358188,0.4807573,0.10093886,0.08711833,2016-09-16 19:00:00,1.0,6.156975e-05,0.0,2.347403e-05,3.818159e-05
294.78955,0.78677344,0.49201137,0.11073339,0.53059345,2016-09-16 20:00:00,1.0,1.4720398e-05,0.0,1.4634515e-05,0.0
295.74097,0.6603255,0.4688676,0.1745463,0.22626507,2016-09-16 21:00:00,1.0,1.8155668e-05,0.0,1.8069783e-05,0.0
296.8313,0.5781685,0.3603829,0.2136578,0.21869099,2016-09-16 22:00:00,1.0,1.9416999e-05,0.0,1.9064493e-05,0.0
296.21094,0.9305959,0.15051931,0.682709,0.7892653,2016-09-16 23:00:00,1.0,0.00012057033,0.0,0.00012058987,0.0
295.2119,0.79053926,0.05787098,0.35098207,0.67219806,2016-09-17 00:00:00,0.0,9.165061e-07,0.0,4.0089236e-07,3.8198294e-07
294.0525,0.48098004,0.066972256,0.3817873,0.1479311,2016-09-17 01:00:00,0.0,0.0,0.0,0.0,0.0
293.687,0.38207376,0.15426344,0.30701888,0.015965749,2016-09-17 02:00:00,0.0,0.0,0.0,5.703991e-08,0.0
292.3269,0.37290704,0.12956178,0.35134882,0.0034282913,2016-09-17 03:00:00,0.0,0.0,0.0,0.0,0.0
291.6748,0.42914802,0.11899626,0.40026295,0.00053172023,2016-09-17 04:00:00,0.0,0.0,0.0,0.0,0.0
290.76782,0.4582386,0.0,0.4582386,0.0,2016-09-17 05:00:00,0.0,0.0,0.0,0.0,0.0
290.58667,0.44569796,0.036847953,0.44122314,0.0,2016-09-17 06:00:00,0.0,7.626828e-07,0.0,4.954212e-07,0.0
290.4756,0.6367408,0.044054464,0.6367408,0.0,2016-09-17 07:00:00,1.0,6.6617795e-05,0.0,6.15466e-05,5.1093275e-06
290.04102,0.5563362,0.09791756,0.5120925,0.0,2016-09-17 08:00:00,1.0,2.2688137e-06,0.0,0.0,2.2688137e-06
289.2036,0.2590013,0.2160238,0.10230821,0.0,2016-09-17 09:00:00,0.0,2.0957555e-07,0.0,0.0,2.0957555e-07
288.03784,0.25887233,0.22858536,0.09996581,0.0,2016-09-17 10:00:00,0.0,0.0,0.0,0.0,0.0
287.81543,0.6043799,0.6010187,0.03679451,0.0,2016-09-17 11:00:00,1.0,1.14079796e-07,0.0,1.9067068e-07,0.0
287.95166,0.81209975,0.81209975,0.006099794,0.0,2016-09-17 12:00:00,1.0,6.4860296e-07,0.0,2.9545845e-07,3.813414e-07
288.50122,0.873877,0.873877,0.0,0.0,2016-09-17 13:00:00,1.0,4.4242e-05,0.0,1.6411432e-05,2.7764225e-05
288.8274,0.6697735,0.6697735,0.0,0.0,2016-09-17 14:00:00,1.0,4.0690138e-05,0.0,1.5013315e-05,2.5142945e-05
290.27344,0.7493496,0.7493496,0.0,0.0,2016-09-17 15:00:00,1.0,3.059383e-05,0.0,1.5171934e-05,1.5431186e-05
290.81055,0.6106707,0.6106707,0.0,0.0,2016-09-17 16:00:00,1.0,0.000101937956,0.0,7.0292124e-05,3.1693577e-05
291.38818,1.0,1.0,0.0,0.0,2016-09-17 17:00:00,1.0,9.552702e-05,0.0,8.7517605e-05,8.06646e-06
292.2351,1.0,1.0,0.0,0.0,2016-09-17 18:00:00,1.0,0.00015285394,0.0,0.00015257706,1.9099144e-07
292.80493,1.0,1.0,0.0,0.0,2016-09-17 19:00:00,1.0,1.6971404e-05,0.0,1.6971404e-05,0.0
293.51465,0.970614,0.970614,0.0,0.0,2016-09-17 20:00:00,0.0,2.057961e-05,0.0,2.0627354e-05,0.0
294.37354,0.630816,0.630816,0.0,0.0,2016-09-17 21:00:00,0.0,2.384827e-06,0.0,2.4325745e-06,0.0
294.04395,0.12136066,0.12136066,0.0,0.0,2016-09-17 22:00:00,0.0,9.549569e-08,0.0,4.7747868e-08,0.0
293.74805,0.026955016,0.026955016,0.0,0.0,2016-09-17 23:00:00,0.0,0.0,0.0,0.0,0.0
292.69385,0.02296367,0.02296367,0.0,0.0,2016-09-18 00:00:00,0.0,0.0,0.0,0.0,0.0
290.77686,0.0033782488,0.0033782488,0.0,0.0,2016-09-18 01:00:00,0.0,0.0,0.0,0.0,0.0
290.14453,0.0,0.0,0.0,0.0,2016-09-18 02:00:00,0.0,0.0,0.0,0.0,0.0
288.0608,0.0,0.0,0.0,0.0,2016-09-18 03:00:00,0.0,0.0,0.0,0.0,0.0
287.82202,0.0,0.0,0.0,0.0,2016-09-18 04:00:00,0.0,0.0,0.0,0.0,0.0
287.40723,0.0,0.0,0.0,0.0,2016-09-18 05:00:00,0.0,0.0,0.0,0.0,0.0
286.9912,0.0,0.0,0.0,0.0,2016-09-18 06:00:00,0.0,0.0,0.0,0.0,0.0
287.1372,0.0,0.0,0.0,0.0,2016-09-18 07:00:00,0.0,0.0,0.0,0.0,0.0
286.49097,0.0,0.0,0.0,0.0,2016-09-18 08:00:00,0.0,0.0,0.0,0.0,0.0
285.48535,0.0,0.0,0.0,0.0,2016-09-18 09:00:00,0.0,0.0,0.0,0.0,0.0
285.40454,0.002103883,0.0,0.002103883,0.0,2016-09-18 10:00:00,0.0,0.0,0.0,0.0,0.0
285.50098,0.008415531,0.0,0.008415531,0.0,2016-09-18 11:00:00,0.0,0.0,0.0,0.0,0.0
285.46265,0.047114328,0.0,0.047114328,0.0,2016-09-18 12:00:00,0.0,0.0,0.0,0.0,0.0
286.53052,0.031975854,0.0,0.031975854,0.0,2016-09-18 13:00:00,0.0,0.0,0.0,0.0,0.0
288.71338,0.14547741,0.0,0.14385247,0.0016249504,2016-09-18 14:00:00,0.0,0.0,0.0,0.0,0.0
293.761,0.24012154,0.0,0.22939688,0.014932439,2016-09-18 15:00:00,0.0,0.0,0.0,0.0,0.0
295.64185,0.29359448,0.0,0.26284015,0.041461892,2016-09-18 16:00:00,0.0,0.0,0.0,0.0,0.0
297.27856,0.56905437,0.0,0.17976594,0.46542013,2016-09-18 17:00:00,0.0,0.0,0.0,0.0,0.0
298.8235,0.8703259,0.0,0.077800095,0.8545227,2016-09-18 18:00:00,0.0,0.0,0.0,0.0,0.0
299.5752,0.8570509,0.0,0.057094872,0.85494703,2016-09-18 19:00:00,0.0,0.0,0.0,0.0,0.0
300.04224,0.7831589,0.0,0.013098966,0.7831589,2016-09-18 20:00:00,0.0,0.0,0.0,0.0,0.0
300.42944,0.62929976,0.024733681,0.0057492107,0.62929976,2016-09-18 21:00:00,0.0,0.0,0.0,0.0,0.0
299.53345,0.8615523,0.0,0.0016249504,0.8615523,2016-09-18 22:00:00,0.0,0.0,0.0,0.0,0.0
298.75635,0.9749766,0.0,0.106764495,0.97287273,2016-09-18 23:00:00,0.0,5.3452317e-07,0.0,2.6726156e-07,0.0
298.0852,0.8049275,0.0,0.5144366,0.7110492,2016-09-19 00:00:00,0.0,1.7378843e-05,0.0,1.7512473e-05,0.0
297.1648,0.6462127,0.0,0.46669757,0.4276803,2016-09-19 01:00:00,0.0,0.0,0.0,0.0,0.0
296.39136,0.5641911,0.0,0.5641911,0.0010573287,2016-09-19 02:00:00,0.0,5.9183192e-05,0.0,5.928798e-05,0.0
295.43433,0.17952704,0.0,0.17952704,0.0,2016-09-19 03:00:00,0.0,0.0,0.0,0.0,0.0
295.1184,0.1873588,0.06723547,0.14358401,0.0,2016-09-19 04:00:00,0.0,4.060488e-05,0.0,4.063372e-05,0.0
294.7329,0.050461978,0.025326297,0.015434027,0.021175668,2016-09-19 05:00:00,0.0,3.6681653e-05,0.0,3.6843485e-05,0.0
294.31494,0.109419644,0.0,0.0,0.109419644,2016-09-19 06:00:00,0.0,7.915844e-06,0.0,7.915844e-06,0.0
293.99707,0.07299155,0.0,0.0,0.07299155,2016-09-19 07:00:00,0.0,0.0,0.0,0.0,0.0
293.6455,0.03454468,0.0,0.0,0.03454468,2016-09-19 08:00:00,0.0,0.0,0.0,0.0,0.0
292.27075,0.15145093,0.0,0.12537986,0.059806984,2016-09-19 09:00:00,0.0,0.0,0.0,0.0,0.0
291.7627,0.23854238,0.0,0.13111132,0.19540721,2016-09-19 10:00:00,0.0,0.0,0.0,0.0,0.0
291.71143,0.682869,0.0,0.5450834,0.40831852,2016-09-19 11:00:00,1.0,0.0,0.0,0.0,0.0
291.59863,0.96537554,0.0010573287,0.95276403,0.79068637,2016-09-19 12:00:00,0.0,3.813414e-07,0.0,5.703991e-08,1.14079796e-07
291.8684,0.97728807,0.0,0.94712234,0.7686268,2016-09-19 13:00:00,0.0,0.0,0.0,2.6726156e-07,0.0
292.4192,0.9463578,0.0,0.9040191,0.6803841,2016-09-19 14:00:00,0.0,1.0795461e-05,0.0,1.1081627e-05,0.0
293.7329,0.7204273,0.0,0.6272348,0.5033188,2016-09-19 15:00:00,0.0,3.8469763e-05,0.0,3.831723e-05,0.0
293.74976,0.92125183,0.0,0.8947493,0.32920772,2016-09-19 16:00:00,0.0,1.8708306e-06,0.0,2.0044617e-06,0.0
294.7041,0.8389944,0.0,0.7557678,0.38233036,2016-09-19 17:00:00,0.0,9.675592e-05,0.0,9.6870004e-05,0.0
294.80786,0.50261956,0.0,0.45977402,0.14136934,2016-09-19 18:00:00,0.0,5.240379e-05,0.0,5.240379e-05,0.0
295.93604,0.21988028,0.0,0.21988028,0.0,2016-09-19 19:00:00,0.0,0.0,0.0,0.0,0.0
297.12744,0.099445045,0.0,0.099445045,0.0,2016-09-19 20:00:00,0.0,0.0,0.0,0.0,0.0
298.39673,0.0033782488,0.0,0.0033782488,0.0,2016-09-19 21:00:00,0.0,0.0,0.0,0.0,0.0
298.17407,0.0,0.0,0.0,0.0,2016-09-19 22:00:00,0.0,0.0,0.0,0.0,0.0
297.65308,0.024463236,0.0054821298,0.024463236,0.0,2016-09-19 23:00:00,0.0,0.0,0.0,0.0,0.0
295.6223,0.0,0.0,0.0,0.0,2016-09-20 00:00:00,0.0,0.0,0.0,0.0,0.0
293.1836,0.0,0.0,0.0,0.0,2016-09-20 01:00:00,0.0,0.0,0.0,0.0,0.0
291.6687,0.0,0.0,0.0,0.0,2016-09-20 02:00:00,0.0,0.0,0.0,0.0,0.0
289.27832,0.0,0.0,0.0,0.0,2016-09-20 03:00:00,0.0,0.0,0.0,0.0,0.0
288.35645,0.0,0.0,0.0,0.0,2016-09-20 04:00:00,0.0,0.0,0.0,0.0,0.0
287.66382,0.0,0.0,0.0,0.0,2016-09-20 05:00:00,0.0,0.0,0.0,0.0,0.0
287.77222,0.0,0.0,0.0,0.0,2016-09-20 06:00:00,0.0,0.0,0.0,0.0,0.0
287.9087,0.0,0.0,0.0,0.0,2016-09-20 07:00:00,0.0,0.0,0.0,0.0,0.0
286.3374,0.0,0.0,0.0,0.0,2016-09-20 08:00:00,0.0,0.0,0.0,0.0,0.0
285.5786,0.0,0.0,0.0,0.0,2016-09-20 09:00:00,0.0,0.0,0.0,0.0,0.0
285.81348,0.0,0.0,0.0,0.0,2016-09-20 10:00:00,0.0,0.0,0.0,0.0,0.0
285.84253,0.01499426,0.0,0.0,0.01499426,2016-09-20 11:00:00,0.0,0.0,0.0,0.0,0.0
285.61792,0.57438785,0.0,0.008141857,0.57112086,2016-09-20 12:00:00,0.0,0.0,0.0,0.0,0.0
286.61792,0.85381943,0.0015890491,0.048212778,0.84329844,2016-09-20 13:00:00,0.0,0.0,0.0,0.0,0.0
288.38696,0.63881713,0.0,0.48251522,0.2990694,2016-09-20 14:00:00,0.0,0.0,0.0,0.0,0.0
292.54224,0.80990505,0.0,0.8056696,0.017454315,2016-09-20 15:00:00,0.0,0.0,0.0,0.0,0.0
295.61963,0.63668203,0.0,0.5917198,0.12178898,2016-09-20 16:00:00,0.0,0.0,0.0,0.0,0.0
296.8662,0.7379649,0.0,0.5927629,0.32716924,2016-09-20 17:00:00,0.0,0.0,0.0,0.0,0.0
297.66968,0.80467063,0.0,0.28757352,0.71649116,2016-09-20 18:00:00,1.0,0.0,0.0,0.0,0.0
298.5464,0.79833835,0.004474845,0.46290714,0.7046204,2016-09-20 19:00:00,0.0,0.0,0.0,0.0,0.0
298.57617,0.9048749,0.008384813,0.2931413,0.85900116,2016-09-20 20:00:00,0.0,0.0,0.0,0.0,0.0
298.97363,0.98176485,0.0,0.19572783,0.9601442,2016-09-20 21:00:00,0.0,0.0,0.0,0.0,0.0
298.38672,0.8397806,0.024745386,0.12765801,0.8133793,2016-09-20 22:00:00,0.0,0.0,0.0,0.0,0.0
297.17383,0.24232924,0.0,0.07692903,0.19240189,2016-09-20 23:00:00,0.0,0.0,0.0,0.0,0.0
295.83765,0.4276513,0.0033782488,0.2980373,0.22050011,2016-09-21 00:00:00,1.0,0.000108932654,0.0,0.00010898968,0.0
295.2434,0.7610146,0.0,0.59296185,0.48215705,2016-09-21 01:00:00,1.0,0.00021217167,0.0,0.00021217167,0.0
294.72363,0.94396806,0.0,0.74611914,0.82094663,2016-09-21 02:00:00,1.0,0.00012946012,0.0,0.000129422,0.0
293.49536,0.9966217,0.09434676,0.81913465,0.9367607,2016-09-21 03:00:00,1.0,0.001082821,0.0,0.0010828585,0.0
292.90723,0.9839984,0.7477475,0.8238235,0.6735324,2016-09-21 04:00:00,1.0,0.0005445571,0.0,0.00054195104,3.2071384e-06
292.1797,0.958196,0.8513788,0.4859401,0.5134725,2016-09-21 05:00:00,1.0,0.002860847,0.0,0.0028018984,5.909217e-05
291.66772,0.7853755,0.62431306,0.26704538,0.49714303,2016-09-21 06:00:00,1.0,0.0014797363,0.0,0.0014051991,7.445119e-05
291.64673,1.0,0.9724544,0.31894034,0.5139787,2016-09-21 07:00:00,1.0,0.00082935137,0.0,0.000762478,6.722643e-05
291.59717,0.932645,0.8080773,0.3371681,0.35445678,2016-09-21 08:00:00,1.0,3.9085207e-05,0.0,0.0,3.9085207e-05
290.92847,0.976428,0.9730741,0.21666563,0.21466792,2016-09-21 09:00:00,1.0,1.0496888e-05,0.0,0.0,1.0496888e-05
290.57446,0.77388865,0.7215075,0.24928194,0.25388414,2016-09-21 10:00:00,1.0,0.00023009587,0.0,0.00016888422,6.0782564e-05
290.46143,0.68793035,0.6354629,0.19936663,0.24615544,2016-09-21 11:00:00,1.0,0.0003384687,0.0,8.0216414e-05,0.0002582525
290.48413,0.9842069,0.976554,0.41408527,0.2625255,2016-09-21 12:00:00,1.0,0.00020583061,0.0,0.0,0.00020544927
290.71436,0.67265666,0.654927,0.26518232,0.036403943,2016-09-21 13:00:00,1.0,2.5678019e-05,0.0,0.0,2.5678019e-05
290.99,0.46558577,0.3739422,0.119458556,0.11776644,2016-09-21 14:00:00,1.0,1.2972059e-06,0.0,0.0,1.2972059e-06
291.99292,0.98652846,0.9629565,0.507347,0.101012826,2016-09-21 15:00:00,1.0,1.99926e-05,0.0,0.0,1.99926e-05
291.97998,1.0,1.0,0.7446704,0.39528978,2016-09-21 16:00:00,1.0,9.5644136e-05,0.0,0.0,9.5644136e-05
292.19556,1.0,1.0,0.83898413,0.6163188,2016-09-21 17:00:00,1.0,0.00014573292,0.0,1.9099144e-07,0.00014563743
292.6631,0.93127126,0.8649135,0.56177783,0.3253674,2016-09-21 18:00:00,1.0,0.00061281887,0.0,0.00032446277,0.00028868043
292.84375,0.92964727,0.91817325,0.1866275,0.021160327,2016-09-21 19:00:00,1.0,2.6989495e-05,0.0,1.0690455e-06,2.5939036e-05
293.57422,0.9823532,0.9317464,0.096895635,0.38792604,2016-09-21 20:00:00,1.0,2.2476801e-05,0.0,0.0,2.257229e-05
294.1538,0.9889295,0.9424429,0.09630817,0.49965703,2016-09-21 21:00:00,1.0,6.439234e-05,0.0,5.82271e-07,6.3857806e-05
293.79395,0.81840104,0.54105055,0.103173554,0.5711288,2016-09-21 22:00:00,1.0,0.0022248665,0.0,0.002045617,0.00017918235
293.18848,0.97841865,0.9376674,0.045673158,0.24346042,2016-09-21 23:00:00,1.0,0.0048385262,0.0,0.0044775754,0.00036092033
293.21802,0.98704815,0.9695938,0.468839,0.15324944,2016-09-22 00:00:00,1.0,0.007491391,0.0,0.007041447,0.00045019411
293.18042,0.99841094,0.9947011,0.74314815,0.21843237,2016-09-22 01:00:00,1.0,0.0039823465,0.0,0.003360212,0.00062217354
292.68896,0.96779543,0.8754788,0.6518983,0.73151004,2016-09-22 02:00:00,1.0,0.007282879,0.0,0.006570302,0.0007124217
291.88843,0.9870408,0.49969274,0.41368717,0.9529627,2016-09-22 03:00:00,1.0,0.0057225637,0.0,0.0055388324,0.00018384549
292.13086,0.98248136,0.28225088,0.39733362,0.9529718,2016-09-22 04:00:00,1.0,0.00058349385,0.0,0.00030531152,0.00027865916
292.15674,0.87791246,0.32480592,0.47200817,0.8176209,2016-09-22 05:00:00,1.0,0.0007593464,0.0,0.00027369498,0.00048582302
291.97217,0.9332598,0.60732216,0.6856128,0.73731565,2016-09-22 06:00:00,1.0,0.00084153307,0.0,0.0004000906,0.00044096564
291.72925,1.0,0.7839899,0.6133346,0.9574575,2016-09-22 07:00:00,1.0,0.00424153,0.0,0.0040350445,0.00020650317
291.09155,1.0,0.97156304,0.44465983,0.9105423,2016-09-22 08:00:00,1.0,0.001821443,0.0,0.0016839546,0.0001374407
290.74585,1.0,1.0,0.22650981,0.696631,2016-09-22 09:00:00,1.0,0.00017342191,0.0,7.82439e-05,9.506394e-05
291.00098,0.90551645,0.72174406,0.08602685,0.6843382,2016-09-22 10:00:00,1.0,0.00024618744,0.0,2.0028352e-07,0.0002458822
290.79395,0.8865787,0.48336428,0.10121739,0.8040373,2016-09-22 11:00:00,1.0,0.00039332174,0.0,4.7747868e-08,0.00039332174
290.54858,0.9957922,0.65961486,0.14253777,0.9128086,2016-09-22 12:00:00,1.0,0.00037249504,0.0,0.0,0.00037249504
290.22632,0.9905161,0.84937656,0.24506283,0.87476677,2016-09-22 13:00:00,1.0,0.00029278826,0.0,0.0,0.00029278826
289.97925,0.997629,0.8591807,0.09699327,0.8679828,2016-09-22 14:00:00,1.0,6.710776e-05,0.0,0.0,6.710776e-05
290.4812,0.9668211,0.90906096,0.0026356035,0.5404465,2016-09-22 15:00:00,1.0,2.0899402e-05,0.0,0.0,2.0899402e-05
290.6682,0.998375,0.99675006,0.035484277,0.7375111,2016-09-22 16:00:00,1.0,7.111035e-05,0.0,5.4910042e-06,6.519025e-05
290.91187,0.98859113,0.982859,0.04150018,0.3388567,2016-09-22 17:00:00,1.0,0.00041222875,0.0,0.00038064527,3.2060285e-05
291.27856,0.84560287,0.82988876,0.004750259,0.045870174,2016-09-22 18:00:00,1.0,0.0012437229,0.0,0.0012263358,1.7673825e-05
291.6255,0.9356618,0.9356618,0.021990191,0.0016249504,2016-09-22 19:00:00,0.0,5.9514878e-06,0.0,5.4176107e-06,4.7683716e-07
291.6931,0.87493503,0.8733101,0.19728458,0.0,2016-09-22 20:00:00,1.0,1.2460611e-05,0.0,1.1572623e-05,9.927762e-07
292.34473,0.88730186,0.874268,0.14021516,0.0,2016-09-22 21:00:00,0.0,6.470672e-06,0.0,6.7090905e-06,0.0
292.3142,1.0,1.0,0.916827,0.0,2016-09-22 22:00:00,0.0,0.0,0.0,0.0,0.0
291.90747,1.0,1.0,0.95621705,0.0,2016-09-22 23:00:00,0.0,9.549569e-08,0.0,4.7747868e-08,0.0
291.188,0.9899067,0.87291706,0.9613315,0.0,2016-09-23 00:00:00,0.0,9.549569e-08,0.0,9.549569e-08,0.0
290.6958,0.97011244,0.7065529,0.8965019,0.039101437,2016-09-23 01:00:00,0.0,9.549569e-08,0.0,4.7747868e-08,0.0
290.42627,0.82380015,0.44118452,0.66743726,0.20292276,2016-09-23 02:00:00,0.0,0.0,0.0,4.7747868e-08,0.0
289.9546,0.76967835,0.5921047,0.5248622,0.16051894,2016-09-23 03:00:00,0.0,9.549569e-08,0.0,4.7747868e-08,0.0
289.62964,0.89138687,0.5451407,0.18405157,0.718468,2016-09-23 04:00:00,0.0,1.9099144e-07,0.0,0.0,1.9099144e-07
289.24634,0.94645023,0.528599,0.18985438,0.873814,2016-09-23 05:00:00,0.0,0.0,0.0,0.0,0.0
288.88916,0.9449366,0.62508446,0.085849464,0.7960906,2016-09-23 06:00:00,0.0,0.0,0.0,0.0,0.0
288.89893,0.932645,0.9259301,0.055721354,0.08132577,2016-09-23 07:00:00,1.0,5.38108e-06,0.0,5.9091695e-07,4.790163e-06
289.14526,0.9955251,0.9955251,0.117429554,0.0,2016-09-23 08:00:00,1.0,5.3048097e-06,0.0,4.4799413e-07,4.8279726e-06
288.958,0.9657799,0.96524817,0.11722183,0.0,2016-09-23 09:00:00,1.0,5.6265408e-06,0.0,6.29052e-07,5.131119e-06
289.08447,1.0,1.0,0.02521588,0.0,2016-09-23 10:00:00,1.0,3.405912e-05,0.0,1.6016311e-06,3.2781783e-05
289.115,1.0,1.0,0.021338753,0.0,2016-09-23 11:00:00,1.0,3.3557926e-06,0.0,1.906702e-06,1.4875468e-06
289.1233,1.0,1.0,0.09489727,0.07727271,2016-09-23 12:00:00,1.0,7.663978e-06,0.0,4.17552e-06,3.6602232e-06
289.14087,1.0,1.0,0.0,0.06859672,2016-09-23 13:00:00,1.0,3.3131117e-05,0.0,3.4157429e-06,3.011561e-05
289.6162,0.94623506,0.9394957,0.0,0.055293027,2016-09-23 14:00:00,1.0,1.750706e-05,0.0,4.34057e-06,1.344305e-05
290.94678,0.9835951,0.9835951,0.0,0.039404813,2016-09-23 15:00:00,1.0,1.2738713e-05,0.0,1.3074641e-06,1.0715992e-05
291.8916,0.997629,0.997629,0.0,0.048114497,2016-09-23 16:00:00,1.0,7.3282e-06,0.0,3.1882291e-06,4.273601e-06
292.55005,1.0,1.0,0.051401716,0.69036317,2016-09-23 17:00:00,1.0,6.7513392e-06,0.0,4.2713464e-06,2.6892476e-06
293.01758,1.0,1.0,0.1733005,0.9532361,2016-09-23 18:00:00,1.0,1.4476248e-05,0.0,1.392282e-05,3.627573e-07
293.1897,1.0,1.0,0.17804468,0.95126003,2016-09-23 19:00:00,1.0,0.00010327746,0.0,8.432103e-05,1.9090061e-05
292.99365,1.0,1.0,0.29373735,0.9418516,2016-09-23 20:00:00,1.0,0.00030744215,0.0,0.00030569523,1.6990653e-06
293.1079,0.99262583,0.74047935,0.47600162,0.93498546,2016-09-23 21:00:00,1.0,0.0006767879,0.0,0.00065638055,2.0598352e-05
291.95557,0.95628256,0.062186707,0.74807626,0.90355825,2016-09-23 22:00:00,1.0,0.000494716,0.0,0.00044639362,4.8322312e-05
291.6355,0.9989426,0.0037098185,0.9795127,0.87759817,2016-09-23 23:00:00,1.0,0.00024059378,0.0,0.0002141344,2.645937e-05
291.58325,0.99348307,0.002103883,0.97013354,0.6122806,2016-09-24 00:00:00,1.0,4.3639506e-05,0.0,3.9063103e-05,4.4427816e-06
291.39478,0.81997454,0.032893255,0.7907052,0.23228723,2016-09-24 01:00:00,1.0,9.014046e-05,0.0,9.021706e-05,0.0
291.4568,0.42519253,0.21981615,0.18623602,0.09220433,2016-09-24 02:00:00,1.0,0.0,0.0,0.0,0.0
291.44995,0.48063928,0.44207472,0.01604252,0.033554014,2016-09-24 03:00:00,1.0,0.0,0.0,0.0,0.0
291.66553,0.7399701,0.734984,0.02657045,0.016721383,2016-09-24 04:00:00,1.0,0.0,0.0,0.0,0.0
291.65503,0.5806105,0.5806105,0.0033782488,0.0,2016-09-24 05:00:00,1.0,1.106856e-06,0.0,0.0,1.106856e-06
291.78345,0.38959682,0.38959682,0.0,0.0,2016-09-24 06:00:00,1.0,4.9388445e-06,0.0,0.0,4.9388445e-06
291.38135,0.17705435,0.17705435,0.0029026829,0.0,2016-09-24 07:00:00,1.0,1.4305115e-06,0.0,0.0,9.536743e-07
291.33765,0.23754954,0.23517859,0.0071128868,0.0,2016-09-24 08:00:00,1.0,0.0,0.0,0.0,2.0957555e-07
291.17676,0.3460104,0.3460104,0.0023709626,0.0,2016-09-24 09:00:00,1.0,9.549569e-08,0.0,9.549569e-08,0.0
290.85522,1.0,1.0,0.011474017,0.0,2016-09-24 10:00:00,1.0,5.9123768e-06,0.0,5.730998e-06,0.0
290.83398,1.0,1.0,0.021116093,0.0,2016-09-24 11:00:00,1.0,2.8026952e-06,0.0,2.726104e-06,0.0
290.8523,0.997629,0.997629,0.008852858,0.0,2016-09-24 12:00:00,1.0,0.0,0.0,5.703991e-08,0.0
290.6648,1.0,1.0,0.026587065,0.0,2016-09-24 13:00:00,1.0,1.1645416e-06,0.0,0.0,1.1645416e-06
290.76978,1.0,1.0,0.027385864,0.0,2016-09-24 14:00:00,1.0,3.5493686e-06,0.0,0.0,3.3006918e-06
292.09863,1.0,1.0,0.0,0.0,2016-09-24 15:00:00,1.0,1.372825e-06,0.0,0.0,1.372825e-06
292.68237,1.0,1.0,0.014902309,0.0,2016-09-24 16:00:00,1.0,0.0,0.0,0.0,0.0
293.55127,1.0,1.0,0.032503814,0.010519415,2016-09-24 17:00:00,0.0,0.0,0.0,0.0,0.0
294.58887,0.99368834,0.9831689,0.024249565,0.42613894,2016-09-24 18:00:00,0.0,0.0,0.0,0.0,0.0
295.34106,0.9970973,0.97070074,0.0,0.9590314,2016-09-24 19:00:00,0.0,1.9099144e-07,0.0,0.0,3.050713e-07
295.54004,1.0,0.99675006,0.0,1.0,2016-09-24 20:00:00,0.0,0.0,0.0,0.0,0.0
295.81396,1.0,1.0,0.0,0.99609,2016-09-24 21:00:00,0.0,7.626828e-07,0.0,5.3452317e-07,3.813414e-07
294.70264,1.0,1.0,0.0,0.9736908,2016-09-24 22:00:00,0.0,1.9816844e-06,0.0,2.1153155e-06,0.0
294.4026,1.0,0.99225813,0.0,0.998375,2016-09-24 23:00:00,0.0,0.0,0.0,0.0,0.0
293.97314,1.0,0.927863,0.002103883,1.0,2016-09-25 00:00:00,0.0,0.0,0.0,0.0,0.0
293.82837,1.0,0.89668286,0.016104378,0.99946827,2016-09-25 01:00:00,0.0,2.6726156e-07,0.0,0.0,2.6726156e-07
293.688,1.0,0.8762058,0.053530104,0.98503643,2016-09-25 02:00:00,1.0,6.864127e-07,0.0,3.1500946e-07,6.864127e-07
293.57544,1.0,0.53086925,0.0802536,1.0,2016-09-25 03:00:00,1.0,4.276185e-06,0.0,3.741662e-06,5.3452317e-07
293.70386,1.0,0.28939152,0.1347804,1.0,2016-09-25 04:00:00,1.0,0.0004362308,0.0,0.00042410917,1.2445922e-05
293.2578,1.0,0.49193126,0.117732406,1.0,2016-09-25 05:00:00,1.0,0.0021241314,0.0,0.002096472,2.795468e-05
293.1333,1.0,0.9968219,0.20120531,1.0,2016-09-25 06:00:00,1.0,0.0020384446,0.0,0.0019153734,0.00012352946
293.2124,1.0,1.0,0.20916861,1.0,2016-09-25 07:00:00,1.0,0.0020465616,0.0,0.0018652205,0.00018120752
292.96338,1.0,1.0,0.62125736,1.0,2016-09-25 08:00:00,1.0,0.000730664,0.0,0.00036869268,0.00036187563
293.18457,1.0,1.0,0.96813184,1.0,2016-09-25 09:00:00,1.0,0.00038897828,0.0,1.9099144e-07,0.00038878713
292.91968,1.0,0.99576455,0.92781204,1.0,2016-09-25 10:00:00,1.0,0.00029277196,0.0,5.1686744e-05,0.00024090397
292.81055,1.0,0.975683,0.946367,1.0,2016-09-25 11:00:00,1.0,0.0011369258,0.0,0.00028652255,0.0008505846
292.54126,1.0,1.0,1.0,0.9955251,2016-09-25 12:00:00,1.0,0.002362194,0.0,0.0010042961,0.0013579454
291.97803,0.9978961,0.9159897,0.9845886,0.9650791,2016-09-25 13:00:00,1.0,0.0046545416,0.0,0.0009799565,0.0036747695
291.7649,0.9493528,0.2632224,0.7472752,0.836805,2016-09-25 14:00:00,1.0,0.0050764866,0.0,0.0007563827,0.004320275
290.10864,0.3426633,0.103764236,0.031808194,0.23220623,2016-09-25 15:00:00,0.0,0.0010867403,0.0,0.00028372067,0.00080322963
289.9934,0.18697584,0.13606733,0.009442143,0.05822254,2016-09-25 16:00:00,0.0,7.626828e-07,0.0,0.0,6.0950106e-07
291.40796,0.55451196,0.54289556,0.0,0.020607192,2016-09-25 17:00:00,0.0,0.0,0.0,0.0,0.0
292.43555,0.9685152,0.9446042,0.0,0.31377953,2016-09-25 18:00:00,0.0,0.0,0.0,0.0,0.0
292.54028,0.99675006,0.99675006,0.0,0.32274854,2016-09-25 19:00:00,1.0,1.2294033e-05,0.0,1.2294033e-05,0.0
291.84814,1.0,1.0,0.18994343,0.1730994,2016-09-25 20:00:00,1.0,7.834511e-05,0.0,7.706648e-05,8.017848e-07
290.89258,1.0,1.0,0.66604686,0.017804991,2016-09-25 21:00:00,1.0,1.629701e-05,0.0,1.46745415e-05,1.431803e-06
289.54248,0.9873767,0.9754889,0.98527277,0.0,2016-09-25 22:00:00,1.0,3.1152624e-05,0.0,3.7371392e-06,2.7568021e-05
288.98193,0.9978961,0.9537733,0.9912646,0.0,2016-09-25 23:00:00,1.0,3.0068273e-05,0.0,8.963136e-07,2.8924245e-05
288.7588,0.9371916,0.874268,0.9350877,0.0,2016-09-26 00:00:00,0.0,4.4611676e-05,0.0,3.98087e-05,4.802964e-06
288.46777,0.55744624,0.258573,0.548483,0.0,2016-09-26 01:00:00,0.0,1.6980834e-05,0.0,1.679016e-05,0.0
287.66333,0.42950845,0.34593147,0.29056597,0.0,2016-09-26 02:00:00,0.0,3.011629e-06,0.0,3.0686688e-06,0.0
286.65625,0.18123019,0.1696927,0.078083575,0.0,2016-09-26 03:00:00,1.0,1.7633312e-05,0.0,1.7471495e-05,0.0
286.35913,0.105926454,0.105926454,0.0,0.0,2016-09-26 04:00:00,0.0,6.559065e-06,0.0,6.473182e-06,0.0
285.88794,0.1916461,0.17687607,0.03767457,0.0,2016-09-26 05:00:00,0.0,2.3630255e-06,0.0,2.2293952e-06,0.0
285.37573,0.6648842,0.40450597,0.6147516,0.0,2016-09-26 06:00:00,0.0,3.5070407e-06,0.0,3.5929243e-06,0.0
285.19434,0.9687446,0.5971158,0.9660921,0.0,2016-09-26 07:00:00,1.0,2.0282838e-05,0.0,0.0,2.0282838e-05
285.19702,0.77810514,0.16009307,0.772373,0.0,2016-09-26 08:00:00,0.0,8.956684e-06,0.0,0.0,8.956684e-06
284.89233,0.20800275,0.05240556,0.19625676,0.0,2016-09-26 09:00:00,0.0,0.0,0.0,0.0,0.0
283.98438,0.10363406,0.009103052,0.10363406,0.0,2016-09-26 10:00:00,0.0,0.0,0.0,0.0,0.0
283.89673,0.20954555,0.0067320913,0.013521526,0.19601059,2016-09-26 11:00:00,0.0,0.0,0.0,0.0,0.0
283.80396,0.0016249504,0.0,0.0,0.0016249504,2016-09-26 12:00:00,0.0,0.0,0.0,0.0,0.0
283.92163,0.0,0.0,0.0,0.0,2016-09-26 13:00:00,0.0,0.0,0.0,0.0,0.0
285.0193,0.0037288337,0.0,0.0037288337,0.0,2016-09-26 14:00:00,0.0,0.0,0.0,0.0,0.0
287.313,0.062158402,0.05342637,0.03034874,0.0,2016-09-26 15:00:00,0.0,0.0,0.0,0.0,0.0
288.8357,0.22630113,0.22630113,0.1231513,0.0,2016-09-26 16:00:00,0.0,0.0,0.0,0.0,0.0
289.34424,0.48883182,0.3937158,0.40620387,0.0,2016-09-26 17:00:00,0.0,0.0,0.0,0.0,0.0
289.96167,0.73180884,0.024759423,0.73180884,0.0,2016-09-26 18:00:00,0.0,0.0,0.0,0.0,0.0
290.32886,0.89534295,0.007644605,0.89534295,0.0,2016-09-26 19:00:00,0.0,0.0,0.0,0.0,0.0
290.67236,0.8650879,0.0060138516,0.8650879,0.0,2016-09-26 20:00:00,0.0,0.0,0.0,0.0,0.0
291.312,0.7692047,0.012125351,0.7665691,0.0,2016-09-26 21:00:00,0.0,0.0,0.0,0.0,0.0
291.13892,0.50102305,0.0,0.50102305,0.0,2016-09-26 22:00:00,0.0,0.0,0.0,0.0,0.0
290.5852,0.3164875,0.0,0.3164875,0.0,2016-09-26 23:00:00,0.0,0.0,0.0,0.0,0.0
289.74097,0.24735153,0.0,0.24399036,0.0067320913,2016-09-27 00:00:00,0.0,0.0,0.0,0.0,0.0
288.15576,0.2690894,0.0,0.26572824,0.0033782488,2016-09-27 01:00:00,0.0,0.0,0.0,0.0,0.0
287.2312,0.12254155,0.0033782488,0.12254155,0.0,2016-09-27 02:00:00,0.0,0.0,0.0,0.0,0.0
286.19995,0.16258025,0.07396275,0.15585798,0.0033782488,2016-09-27 03:00:00,0.0,0.0,0.0,0.0,0.0
285.886,0.15850455,0.14600986,0.108508945,0.0033782488,2016-09-27 04:00:00,0.0,0.0,0.0,0.0,0.0
285.18335,0.11338562,0.10710472,0.039232437,0.0,2016-09-27 05:00:00,0.0,0.0,0.0,0.0,0.0
285.1245,0.09003973,0.084290564,0.0231922,0.0,2016-09-27 06:00:00,0.0,0.0,0.0,0.0,0.0
284.7273,0.07595122,0.07595122,0.02209808,0.0,2016-09-27 07:00:00,0.0,0.0,0.0,0.0,0.0
284.38696,0.039303225,0.039303225,0.0033782488,0.0,2016-09-27 08:00:00,0.0,0.0,0.0,0.0,0.0
283.2212,0.07566887,0.07566887,0.0,0.0,2016-09-27 09:00:00,0.0,0.0,0.0,0.0,0.0
282.74072,0.07663792,0.07663792,0.0,0.0,2016-09-27 10:00:00,0.0,0.0,0.0,0.0,0.0
282.6411,0.12822258,0.12148321,0.0,0.0100932345,2016-09-27 11:00:00,0.0,0.0,0.0,0.0,0.0
282.39893,0.13626462,0.13626462,0.0,0.0,2016-09-27 12:00:00,0.0,0.0,0.0,0.0,0.0
282.70142,0.11323422,0.11323422,0.0,0.0,2016-09-27 13:00:00,0.0,0.0,0.0,0.0,0.0
283.7058,0.25037187,0.24712193,0.0,0.0032499009,2016-09-27 14:00:00,0.0,0.0,0.0,0.0,0.0
286.20215,0.53791046,0.48077673,0.0033782488,0.08883941,2016-09-27 15:00:00,0.0,0.0,0.0,0.0,0.0
287.06934,0.8436556,0.780798,0.016832627,0.5021662,2016-09-27 16:00:00,0.0,0.0,0.0,0.0,0.0
287.79346,0.9489557,0.8110067,0.5483576,0.8531088,2016-09-27 17:00:00,0.0,0.0,0.0,0.0,0.0
288.14282,0.99047434,0.8914951,0.8077932,0.9103018,2016-09-27 18:00:00,0.0,0.0,0.0,0.0,0.0
288.30713,0.9978961,0.91891676,0.8658265,0.76800096,2016-09-27 19:00:00,0.0,0.0,0.0,0.0,0.0
287.84448,0.99604,0.98540634,0.6545506,0.75393003,2016-09-27 20:00:00,1.0,9.173386e-05,0.0,8.273969e-05,9.070764e-06
287.05762,1.0,0.99946827,0.9703955,0.8019626,2016-09-27 21:00:00,1.0,0.00031557307,0.0,0.0001806181,0.00013490733
285.09668,1.0,0.99946827,1.0,0.5268132,2016-09-27 22:00:00,1.0,0.0005003216,0.0,0.0,0.0005003216
284.1604,1.0,1.0,1.0,0.026323881,2016-09-27 23:00:00,1.0,0.0006595275,0.0,3.798702e-06,0.00065605296
283.63745,0.9949968,0.7242333,0.9949968,0.0058244728,2016-09-28 00:00:00,1.0,0.0004075335,0.0,6.8609194e-07,0.00040692394
283.72266,0.7250829,0.35460746,0.6991399,0.0,2016-09-28 01:00:00,1.0,8.535838e-05,0.0,8.3862756e-07,8.465338e-05
283.45435,0.6709255,0.63237953,0.13291794,0.0,2016-09-28 02:00:00,1.0,7.269203e-06,0.0,7.431318e-07,6.182865e-06
282.88403,0.9318852,0.93029004,0.044018514,0.0,2016-09-28 03:00:00,0.0,1.1446655e-06,0.0,8.200435e-07,2.864872e-07
283.10522,0.99503267,0.99503267,0.1639207,0.0,2016-09-28 04:00:00,0.0,2.864872e-07,0.0,3.723701e-07,0.0
283.0808,0.9817011,0.98007613,0.1052016,0.0,2016-09-28 05:00:00,0.0,0.0,0.0,0.0,0.0
283.08618,0.95291597,0.95291597,0.047225375,0.0,2016-09-28 06:00:00,0.0,0.0,0.0,0.0,0.0
283.4646,0.9915844,0.9915844,0.010591526,0.0,2016-09-28 07:00:00,0.0,0.0,0.0,0.0,0.0
283.51636,0.96886545,0.96886545,0.0,0.0,2016-09-28 08:00:00,0.0,0.0,0.0,0.0,0.0
283.58325,0.9925423,0.9925423,0.0,0.0,2016-09-28 09:00:00,0.0,0.0,0.0,0.0,0.0
283.74634,0.96344835,0.96344835,0.0,0.0,2016-09-28 10:00:00,1.0,0.0,0.0,0.0,0.0
283.85278,0.81444955,0.81444955,0.0029026829,0.0,2016-09-28 11:00:00,0.0,0.0,0.0,1.8137865e-07,0.0
283.86523,0.9829381,0.9824064,0.0010573287,0.0,2016-09-28 12:00:00,0.0,3.8198294e-07,0.0,4.7747868e-08,2.864872e-07
284.23853,0.9849035,0.9849035,0.0015890491,0.0,2016-09-28 13:00:00,0.0,3.8198294e-07,0.0,3.8166218e-07,1.9099144e-07
285.167,0.96969587,0.96969587,0.0,0.0,2016-09-28 14:00:00,0.0,1.5638161e-06,0.0,1.5253609e-06,0.0
286.97168,1.0,1.0,0.0,0.0,2016-09-28 15:00:00,1.0,5.4294098e-05,0.0,5.35218e-05,0.0
287.7046,1.0,1.0,0.0,0.0,2016-09-28 16:00:00,1.0,6.178103e-05,0.0,6.2220366e-05,0.0
288.31396,1.0,1.0,0.0,0.0,2016-09-28 17:00:00,1.0,4.5857014e-05,0.0,4.5627894e-05,0.0
288.8423,1.0,1.0,0.0,0.0,2016-09-28 18:00:00,1.0,7.991685e-05,0.0,8.009824e-05,0.0
289.21826,1.0,1.0,0.0,0.0,2016-09-28 19:00:00,0.0,4.509263e-05,0.0,4.1953448e-05,3.0533065e-06
289.3557,0.9966217,0.9966217,0.0,0.0,2016-09-28 20:00:00,1.0,8.819632e-06,0.0,8.838537e-06,0.0
289.5393,1.0,1.0,0.0,0.0,2016-09-28 21:00:00,1.0,3.8749677e-06,0.0,3.9608503e-06,0.0
289.19092,0.9132562,0.9132562,0.23176122,0.0,2016-09-28 22:00:00,1.0,8.5946164e-07,0.0,1.0978802e-06,0.0
288.91357,0.9707066,0.9707066,0.2683429,0.0,2016-09-28 23:00:00,0.0,1.9099144e-07,0.0,1.9099144e-07,0.0
288.08545,0.77532077,0.77532077,0.20986068,0.0,2016-09-29 00:00:00,0.0,1.9099144e-07,0.0,1.432436e-07,0.0
287.4795,0.50263786,0.50000226,0.05064879,0.0,2016-09-29 01:00:00,0.0,9.549569e-08,0.0,4.7747868e-08,0.0
286.8269,0.40675944,0.40675944,0.015806466,0.0,2016-09-29 02:00:00,0.0,0.0,0.0,0.0,0.0
285.49463,0.2729578,0.2729578,0.0,0.0,2016-09-29 03:00:00,0.0,0.0,0.0,0.0,0.0
285.18115,0.12438369,0.12438369,0.0,0.0,2016-09-29 04:00:00,0.0,0.0,0.0,0.0,0.0
284.45752,0.018403858,0.018403858,0.0,0.0,2016-09-29 05:00:00,0.0,0.0,0.0,0.0,0.0
283.74878,0.015809018,0.015809018,0.010009766,0.0,2016-09-29 06:00:00,0.0,0.0,0.0,0.0,0.0
282.68652,0.0073775277,0.005273644,0.0026356035,0.0,2016-09-29 07:00:00,0.0,0.0,0.0,0.0,0.0
282.37964,0.0,0.0,0.0,0.0,2016-09-29 08:00:00,0.0,0.0,0.0,0.0,0.0
281.81104,0.0,0.0,0.0,0.0,2016-09-29 09:00:00,0.0,0.0,0.0,0.0,0.0
281.52734,0.044886947,0.044886947,0.0,0.0,2016-09-29 10:00:00,1.0,0.0,0.0,0.0,0.0
281.47095,0.10940015,0.10940015,0.0,0.0,2016-09-29 11:00:00,1.0,0.0,0.0,0.0,0.0
281.49878,0.22137642,0.22137642,0.0,0.0,2016-09-29 12:00:00,1.0,0.0,0.0,0.0,0.0
282.1433,0.49379432,0.49379432,0.0,0.0,2016-09-29 13:00:00,1.0,3.813414e-07,0.0,0.0,4.954212e-07
283.67993,1.0,1.0,0.0,0.0,2016-09-29 14:00:00,1.0,4.7683716e-07,0.0,0.0,4.7683716e-07
286.55176,1.0,1.0,0.0,0.0,2016-09-29 15:00:00,1.0,2.2815959e-07,0.0,0.0,3.813414e-07
287.63525,1.0,1.0,0.0,0.0,2016-09-29 16:00:00,0.0,0.0,0.0,0.0,0.0
288.82373,1.0,1.0,0.0,0.0,2016-09-29 17:00:00,0.0,0.0,0.0,0.0,0.0
289.87134,0.8634292,0.8634292,0.0,0.0,2016-09-29 18:00:00,0.0,0.0,0.0,0.0,0.0
290.79517,0.737878,0.737878,0.0,0.0,2016-09-29 19:00:00,0.0,0.0,0.0,0.0,0.0
291.63403,0.5023848,0.5023848,0.0,0.0,2016-09-29 20:00:00,0.0,0.0,0.0,0.0,0.0
292.45386,0.20983166,0.20983166,0.0,0.0,2016-09-29 21:00:00,0.0,0.0,0.0,0.0,0.0
292.1311,0.004207764,0.004207764,0.0,0.0,2016-09-29 22:00:00,0.0,0.0,0.0,0.0,0.0
291.6245,0.0,0.0,0.0,0.0,2016-09-29 23:00:00,0.0,0.0,0.0,0.0,0.0
289.74683,0.0,0.0,0.0,0.0,2016-09-30 00:00:00,0.0,0.0,0.0,0.0,0.0
287.9817,0.0,0.0,0.0,0.0,2016-09-30 01:00:00,0.0,0.0,0.0,0.0,0.0
287.21484,0.0,0.0,0.0,0.0,2016-09-30 02:00:00,0.0,0.0,0.0,0.0,0.0
285.87964,0.0,0.0,0.0,0.0,2016-09-30 03:00:00,0.0,0.0,0.0,0.0,0.0
285.82617,0.0010573287,0.0010573287,0.0,0.0,2016-09-30 04:00:00,0.0,0.0,0.0,0.0,0.0
285.28882,0.0,0.0,0.0,0.0,2016-09-30 05:00:00,0.0,0.0,0.0,0.0,0.0
284.92798,0.0,0.0,0.0,0.0,2016-09-30 06:00:00,0.0,0.0,0.0,0.0,0.0
284.57495,0.0,0.0,0.0,0.0,2016-09-30 07:00:00,0.0,0.0,0.0,0.0,0.0
284.52515,0.0,0.0,0.0,0.0,2016-09-30 08:00:00,0.0,0.0,0.0,0.0,0.0
283.58838,0.0,0.0,0.0,0.0,2016-09-30 09:00:00,0.0,0.0,0.0,0.0,0.0
282.81128,0.0,0.0,0.0,0.0,2016-09-30 10:00:00,0.0,0.0,0.0,0.0,0.0
282.73926,0.0,0.0,0.0,0.0,2016-09-30 11:00:00,0.0,0.0,0.0,0.0,0.0
282.66577,0.0,0.0,0.0,0.0,2016-09-30 12:00:00,0.0,0.0,0.0,0.0,0.0
283.36108,0.00998199,0.00998199,0.0,0.0,2016-09-30 13:00:00,0.0,0.0,0.0,0.0,0.0
284.34717,0.0,0.0,0.0,0.0,2016-09-30 14:00:00,0.0,0.0,0.0,0.0,0.0
287.81787,0.0,0.0,0.0,0.0,2016-09-30 15:00:00,0.0,0.0,0.0,0.0,0.0
289.41528,0.0,0.0,0.0,0.0,2016-09-30 16:00:00,0.0,0.0,0.0,0.0,0.0
290.84375,0.0,0.0,0.0,0.0,2016-09-30 17:00:00,0.0,0.0,0.0,0.0,0.0
292.1787,0.0010573287,0.0010573287,0.0,0.0,2016-09-30 18:00:00,0.0,0.0,0.0,0.0,0.0
293.37695,0.0026463778,0.0026463778,0.0,0.0,2016-09-30 19:00:00,0.0,0.0,0.0,0.0,0.0
294.07886,0.0500154,0.0500154,0.0,0.0,2016-09-30 20:00:00,0.0,0.0,0.0,0.0,0.0
294.3081,0.32853687,0.32853687,0.0057992525,0.0,2016-09-30 21:00:00,0.0,0.0,0.0,0.0,0.0
294.1294,0.4323883,0.4323883,0.0105663985,0.0,2016-09-30 22:00:00,0.0,0.0,0.0,0.0,0.0
293.57104,0.5141479,0.5141479,0.016082939,0.0,2016-09-30 23:00:00,0.0,0.0,0.0,0.0,0.0
291.8755,0.64300704,0.6419497,0.09620142,0.0,2016-10-01 00:00:00,0.0,0.0,0.0,0.0,0.0
291.06152,0.67360693,0.67307526,0.15645587,0.0,2016-10-01 01:00:00,0.0,0.0,0.0,0.0,0.0
290.6809,0.5488738,0.5488738,0.09767312,0.0,2016-10-01 02:00:00,0.0,0.0,0.0,0.0,0.0
289.28027,0.35155267,0.34545285,0.06738585,0.0,2016-10-01 03:00:00,0.0,0.0,0.0,0.0,0.0
288.8816,0.261572,0.24157566,0.12609488,0.0,2016-10-01 04:00:00,0.0,0.0,0.0,0.0,0.0
288.53735,0.19455963,0.1911887,0.058260914,0.0,2016-10-01 05:00:00,0.0,0.0,0.0,0.0,0.0
288.02002,0.41456622,0.41456622,0.045877162,0.0,2016-10-01 06:00:00,0.0,0.0,0.0,0.0,0.0
287.23413,0.59971815,0.5980932,0.050398953,0.0,2016-10-01 07:00:00,1.0,0.0,0.0,0.0,0.0
287.22925,0.51385385,0.5122289,0.03462029,0.0,2016-10-01 08:00:00,1.0,0.0,0.0,0.0,0.0
286.0161,0.48642957,0.47598577,0.07759452,0.0,2016-10-01 09:00:00,0.0,0.0,0.0,0.0,0.0
285.40063,0.4808421,0.4551143,0.045729984,0.024730314,2016-10-01 10:00:00,1.0,0.0,0.0,0.0,0.0
285.386,0.6264269,0.62096184,0.042382836,0.030781586,2016-10-01 11:00:00,1.0,0.0,0.0,0.0,0.0
285.45337,0.7194665,0.690361,0.16337425,0.0,2016-10-01 12:00:00,1.0,0.0,0.0,0.0,0.0
285.6516,0.7569105,0.68039167,0.37672055,0.0,2016-10-01 13:00:00,0.0,0.0,0.0,0.0,0.0
286.68286,0.6895743,0.38481915,0.50533736,0.0,2016-10-01 14:00:00,1.0,0.0,0.0,4.7747868e-08,0.0
289.3081,0.5493998,0.18758029,0.42922187,0.0,2016-10-01 15:00:00,1.0,0.0,0.0,1.8137865e-07,0.0
290.4563,0.3808462,0.1046015,0.31473356,0.0,2016-10-01 16:00:00,0.0,5.3452317e-07,0.0,4.486402e-07,0.0
291.84155,0.35504925,0.054485228,0.32848394,0.0,2016-10-01 17:00:00,0.0,2.6726156e-07,0.0,2.6726156e-07,0.0
293.08447,0.07244605,0.0071104467,0.06288451,0.005370889,2016-10-01 18:00:00,0.0,0.0,0.0,0.0,0.0
294.09082,0.05598285,0.033573452,0.02359844,0.0048919544,2016-10-01 19:00:00,0.0,9.549569e-08,0.0,4.7747868e-08,0.0
295.06665,0.4272194,0.23740637,0.02753057,0.19417983,2016-10-01 20:00:00,0.0,0.0,0.0,0.0,0.0
295.5686,0.5511354,0.36254472,0.037851874,0.19365239,2016-10-01 21:00:00,0.0,0.0,0.0,0.0,0.0
294.6599,0.6582838,0.19554871,0.04227615,0.48726177,2016-10-01 22:00:00,0.0,0.0,0.0,0.0,0.0
294.12744,0.12616992,0.005273644,0.024627887,0.10489589,2016-10-01 23:00:00,0.0,0.0,0.0,0.0,0.0
292.14062,0.10138154,0.01004079,0.009478044,0.08186269,2016-10-02 00:00:00,0.0,0.0,0.0,0.0,0.0
290.93335,0.21246165,0.014774166,0.0168278,0.18801683,2016-10-02 01:00:00,0.0,0.0,0.0,0.0,0.0
289.80127,0.27580142,0.0010573287,0.009478044,0.26743978,2016-10-02 02:00:00,0.0,0.0,0.0,0.0,0.0
287.80298,0.2480303,0.0,0.0,0.2480303,2016-10-02 03:00:00,0.0,0.0,0.0,0.0,0.0
287.19043,0.21381915,0.0,0.0,0.21381915,2016-10-02 04:00:00,0.0,0.0,0.0,0.0,0.0
286.18604,0.0,0.0,0.0,0.0,2016-10-02 05:00:00,0.0,0.0,0.0,0.0,0.0
285.64014,0.0,0.0,0.0,0.0,2016-10-02 06:00:00,0.0,0.0,0.0,0.0,0.0
285.41406,0.0048919544,0.0,0.0048919544,0.0,2016-10-02 07:00:00,0.0,0.0,0.0,0.0,0.0
285.2102,0.0065169036,0.0,0.0032499009,0.0032499009,2016-10-02 08:00:00,0.0,0.0,0.0,0.0,0.0
284.68408,0.06415492,0.0,0.009766806,0.054371063,2016-10-02 09:00:00,0.0,0.0,0.0,0.0,0.0
283.12134,0.039099395,0.0,0.008732032,0.030374661,2016-10-02 10:00:00,0.0,0.0,0.0,0.0,0.0
283.083,0.04552055,0.01336024,0.009895153,0.027278159,2016-10-02 11:00:00,0.0,0.0,0.0,0.0,0.0
282.9397,0.024721801,0.0033782488,0.013974573,0.007368978,2016-10-02 12:00:00,0.0,0.0,0.0,0.0,0.0
283.07202,0.057265073,0.015096433,0.04398622,0.003161212,2016-10-02 13:00:00,0.0,0.0,0.0,0.0,0.0
285.1936,0.050660852,0.008357041,0.020417903,0.021878604,2016-10-02 14:00:00,1.0,0.0,0.0,0.0,0.0
289.60864,0.060153358,0.0,0.014723916,0.045412336,2016-10-02 15:00:00,1.0,0.0,0.0,0.0,0.0
291.6726,0.025032628,0.0,0.0,0.025032628,2016-10-02 16:00:00,0.0,0.0,0.0,0.0,0.0
293.70508,0.0,0.0,0.0,0.0,2016-10-02 17:00:00,0.0,0.0,0.0,0.0,0.0
294.45435,0.0,0.0,0.0,0.0,2016-10-02 18:00:00,0.0,0.0,0.0,0.0,0.0
295.1355,0.0068626925,0.0068626925,0.0,0.0,2016-10-02 19:00:00,0.0,0.0,0.0,0.0,0.0
295.82178,0.007388301,0.007388301,0.0,0.0,2016-10-02 20:00:00,0.0,0.0,0.0,0.0,0.0
296.67236,0.0,0.0,0.0,0.0,2016-10-02 21:00:00,0.0,0.0,0.0,0.0,0.0
295.37256,0.0,0.0,0.0,0.0,2016-10-02 22:00:00,0.0,0.0,0.0,0.0,0.0
294.67993,0.0,0.0,0.0,0.0,2016-10-02 23:00:00,0.0,0.0,0.0,0.0,0.0
291.78516,0.0,0.0,0.0,0.0,2016-10-03 00:00:00,0.0,0.0,0.0,0.0,0.0
290.07104,0.0,0.0,0.0,0.0,2016-10-03 01:00:00,0.0,0.0,0.0,0.0,0.0
289.05518,0.0,0.0,0.0,0.0,2016-10-03 02:00:00,0.0,0.0,0.0,0.0,0.0
286.9297,0.0,0.0,0.0,0.0,2016-10-03 03:00:00,0.0,0.0,0.0,0.0,0.0
286.8943,0.0,0.0,0.0,0.0,2016-10-03 04:00:00,0.0,0.0,0.0,0.0,0.0
286.44507,0.0,0.0,0.0,0.0,2016-10-03 05:00:00,0.0,0.0,0.0,0.0,0.0
285.52075,0.0,0.0,0.0,0.0,2016-10-03 06:00:00,0.0,0.0,0.0,0.0,0.0
285.22998,0.0,0.0,0.0,0.0,2016-10-03 07:00:00,0.0,0.0,0.0,0.0,0.0
284.78687,0.0,0.0,0.0,0.0,2016-10-03 08:00:00,0.0,0.0,0.0,0.0,0.0
283.97388,0.0,0.0,0.0,0.0,2016-10-03 09:00:00,0.0,0.0,0.0,0.0,0.0
283.5796,0.0,0.0,0.0,0.0,2016-10-03 10:00:00,0.0,0.0,0.0,0.0,0.0
283.56152,0.0,0.0,0.0,0.0,2016-10-03 11:00:00,0.0,0.0,0.0,0.0,0.0
283.5835,0.0,0.0,0.0,0.0,2016-10-03 12:00:00,0.0,0.0,0.0,0.0,0.0
283.8977,0.0,0.0,0.0,0.0,2016-10-03 13:00:00,0.0,0.0,0.0,0.0,0.0
286.0869,0.0,0.0,0.0,0.0,2016-10-03 14:00:00,0.0,0.0,0.0,0.0,0.0
290.20703,0.0,0.0,0.0,0.0,2016-10-03 15:00:00,0.0,0.0,0.0,0.0,0.0
292.59595,0.0,0.0,0.0,0.0,2016-10-03 16:00:00,0.0,0.0,0.0,0.0,0.0
294.70142,0.0,0.0,0.0,0.0,2016-10-03 17:00:00,0.0,0.0,0.0,0.0,0.0
295.72168,0.019299671,0.019299671,0.0,0.0,2016-10-03 18:00:00,0.0,0.0,0.0,0.0,0.0
296.17822,0.2264517,0.2264517,0.0,0.0,2016-10-03 19:00:00,0.0,0.0,0.0,0.0,0.0
296.41064,0.13129061,0.13129061,0.0,0.0,2016-10-03 20:00:00,0.0,0.0,0.0,0.0,0.0
296.48022,0.05085086,0.05085086,0.0,0.0,2016-10-03 21:00:00,0.0,0.0,0.0,0.0,0.0
295.57617,0.10878813,0.10878813,0.0,0.0,2016-10-03 22:00:00,0.0,0.0,0.0,0.0,0.0
294.85205,0.047466174,0.047466174,0.0,0.0,2016-10-03 23:00:00,0.0,0.0,0.0,0.0,0.0
293.07666,0.020484831,0.020484831,0.0,0.0,2016-10-04 00:00:00,0.0,0.0,0.0,0.0,0.0
292.3606,0.100804865,0.06291789,0.0,0.03997378,2016-10-04 01:00:00,0.0,0.0,0.0,0.0,0.0
291.73218,0.42405456,0.12302929,0.0,0.35240173,2016-10-04 02:00:00,0.0,0.0,0.0,0.0,0.0
290.521,0.3585782,0.088784456,0.0,0.30302203,2016-10-04 03:00:00,0.0,0.0,0.0,0.0,0.0
290.08032,0.4813683,0.104397774,0.0,0.4351921,2016-10-04 04:00:00,0.0,0.0,0.0,0.0,0.0
289.3352,0.4688638,0.1185261,0.0,0.41971874,2016-10-04 05:00:00,0.0,9.549569e-08,0.0,0.0,9.549569e-08
289.06274,0.36481243,0.0768227,0.0,0.2992037,2016-10-04 06:00:00,0.0,0.0,0.0,0.0,0.0
288.68652,0.53939974,0.07695109,0.0,0.5109686,2016-10-04 07:00:00,0.0,0.0,0.0,0.0,0.0
288.01733,0.7097237,0.046258956,0.007457666,0.696093,2016-10-04 08:00:00,0.0,0.0,0.0,0.0,0.0
288.24316,0.4333132,0.10865998,0.0,0.36402667,2016-10-04 09:00:00,1.0,0.0,0.0,0.0,0.0
287.74243,0.102972984,0.0487737,0.0026356035,0.05393467,2016-10-04 10:00:00,1.0,0.0,0.0,0.0,0.0
287.78394,0.18954575,0.09894264,0.09286803,0.028520972,2016-10-04 11:00:00,1.0,0.0,0.0,0.0,0.0
288.073,0.5662374,0.2632293,0.4949333,0.053574596,2016-10-04 12:00:00,1.0,0.0,0.0,0.0,0.0
288.31348,0.7207438,0.27969146,0.65273917,0.12612587,2016-10-04 13:00:00,1.0,4.276185e-05,0.0,3.982197e-05,2.939877e-06
288.3982,0.7165613,0.20110214,0.700999,0.2786045,2016-10-04 14:00:00,1.0,0.00014668751,0.0,0.00013122543,1.5194809e-05
290.59692,0.9422956,0.3750273,0.9084557,0.359196,2016-10-04 15:00:00,1.0,0.0002205273,0.0,0.00019185632,2.8900118e-05
291.5818,0.6418032,0.33329517,0.56839585,0.3063193,2016-10-04 16:00:00,1.0,0.0002567023,0.0,0.00023906548,1.7503364e-05
293.39966,0.121111155,0.0,0.07088268,0.0536067,2016-10-04 17:00:00,0.0,0.00032044644,0.0,0.00031750672,2.939877e-06
294.84546,0.09038061,0.012464233,0.08537406,0.0,2016-10-04 18:00:00,0.0,1.7371989e-05,0.0,1.7104729e-05,0.0
296.24097,0.06989682,0.0068879165,0.034359943,0.03128457,2016-10-04 19:00:00,0.0,0.0,0.0,0.0,0.0
296.56372,0.31777507,0.26446235,0.056694902,0.044347685,2016-10-04 20:00:00,0.0,0.0,0.0,0.0,0.0
296.71997,0.5192606,0.31167078,0.2653647,0.16227287,2016-10-04 21:00:00,0.0,0.0,0.0,0.0,0.0
295.39917,0.9755668,0.054185543,0.9308786,0.7591729,2016-10-04 22:00:00,0.0,0.0,0.0,0.0,0.0
294.72388,1.0,0.06270057,0.8991722,1.0,2016-10-04 23:00:00,1.0,1.6234271e-06,0.0,1.6234271e-06,0.0
294.02832,1.0,0.44747525,0.7854821,1.0,2016-10-05 00:00:00,1.0,3.308503e-05,0.0,2.463744e-05,8.552371e-06
293.58862,1.0,0.5389239,0.6733622,1.0,2016-10-05 01:00:00,1.0,5.7580066e-05,0.0,3.6393365e-05,2.0499632e-05
292.72803,1.0,0.0,0.884167,1.0,2016-10-05 02:00:00,1.0,0.0009806016,0.0,0.00094784494,3.2919226e-05
291.23926,1.0,0.0,1.0,0.98329395,2016-10-05 03:00:00,1.0,0.0007434995,0.0,0.000628385,0.000115085524
291.1443,1.0,0.0,0.995108,0.95942384,2016-10-05 04:00:00,1.0,0.00052777585,0.0,0.00044736173,8.070968e-05
290.6599,1.0,0.029419236,0.9768127,1.0,2016-10-05 05:00:00,1.0,0.0005337447,0.0,0.0005095403,2.4242443e-05
290.71436,1.0,0.15092611,0.9807817,1.0,2016-10-05 06:00:00,1.0,0.000729705,0.0,0.00068364036,4.6112327e-05
291.04517,1.0,0.5176877,0.9598617,1.0,2016-10-05 07:00:00,1.0,0.001306368,0.0,0.000811707,0.0004950238
290.26685,1.0,0.8066209,0.9502303,1.0,2016-10-05 08:00:00,1.0,0.0008488572,0.0,0.00025201798,0.0005969249
289.79858,1.0,1.0,0.9685692,1.0,2016-10-05 09:00:00,1.0,0.0014419816,0.0,0.0008357675,0.00060582324
288.16504,1.0,1.0,0.93580645,1.0,2016-10-05 10:00:00,1.0,0.002171592,0.0,0.0010614207,0.0011104676
288.1609,1.0,0.98527277,0.90711766,0.9776099,2016-10-05 11:00:00,1.0,0.002202076,0.0,0.0006094291,0.001593142
287.76074,0.9048614,0.6940393,0.36050355,0.80191004,2016-10-05 12:00:00,0.0,0.00048846356,0.0,0.00016046748,0.0003281962
287.5879,0.4161452,0.3733573,0.042694155,0.059517164,2016-10-05 13:00:00,0.0,5.9091695e-07,0.0,0.0,5.9091695e-07
287.4375,0.020170148,0.020170148,0.0,0.0,2016-10-05 14:00:00,0.0,0.0,0.0,0.0,0.0
288.1631,0.12110865,0.118205965,0.006280929,0.0,2016-10-05 15:00:00,0.0,0.0,0.0,0.0,0.0
288.70776,0.004235424,0.004235424,0.0,0.0,2016-10-05 16:00:00,0.0,0.0,0.0,0.0,0.0
289.03442,0.0,0.0,0.0,0.0,2016-10-05 17:00:00,0.0,0.0,0.0,0.0,0.0
289.35522,0.0,0.0,0.0,0.0,2016-10-05 18:00:00,0.0,0.0,0.0,0.0,0.0
290.17017,0.0,0.0,0.0,0.0,2016-10-05 19:00:00,0.0,0.0,0.0,0.0,0.0
290.6194,0.0,0.0,0.0,0.0,2016-10-05 20:00:00,0.0,0.0,0.0,0.0,0.0
290.9319,0.0,0.0,0.0,0.0,2016-10-05 21:00:00,0.0,0.0,0.0,0.0,0.0
290.53247,0.0,0.0,0.0,0.0,2016-10-05 22:00:00,0.0,0.0,0.0,0.0,0.0
290.18994,0.0,0.0,0.0,0.0,2016-10-05 23:00:00,0.0,0.0,0.0,0.0,0.0
288.68457,0.0,0.0,0.0,0.0,2016-10-06 00:00:00,0.0,0.0,0.0,0.0,0.0
287.34717,0.02002015,0.0,0.02002015,0.01000702,2016-10-06 01:00:00,0.0,0.0,0.0,0.0,0.0
286.82666,0.0029026829,0.0,0.0029026829,0.0,2016-10-06 02:00:00,0.0,0.0,0.0,0.0,0.0
285.80518,0.00053172023,0.0,0.00053172023,0.0,2016-10-06 03:00:00,0.0,0.0,0.0,0.0,0.0
285.49536,0.0,0.0,0.0,0.0,2016-10-06 04:00:00,0.0,0.0,0.0,0.0,0.0
285.36914,0.0,0.0,0.0,0.0,2016-10-06 05:00:00,0.0,0.0,0.0,0.0,0.0
285.55103,0.0010573287,0.0,0.0010573287,0.0,2016-10-06 06:00:00,0.0,0.0,0.0,0.0,0.0
285.43115,0.0,0.0,0.0,0.0,2016-10-06 07:00:00,0.0,0.0,0.0,0.0,0.0
284.89478,0.0,0.0,0.0,0.0,2016-10-06 08:00:00,0.0,0.0,0.0,0.0,0.0
282.9214,0.0,0.0,0.0,0.0,2016-10-06 09:00:00,0.0,0.0,0.0,0.0,0.0
280.8181,0.0,0.0,0.0,0.0,2016-10-06 10:00:00,0.0,0.0,0.0,0.0,0.0
280.5193,0.0,0.0,0.0,0.0,2016-10-06 11:00:00,0.0,0.0,0.0,0.0,0.0
279.87744,0.00053172023,0.0,0.0,0.00053172023,2016-10-06 12:00:00,0.0,0.0,0.0,0.0,0.0
280.5442,0.22204506,0.0,0.0,0.22204506,2016-10-06 13:00:00,0.0,0.0,0.0,0.0,0.0
282.3235,0.73016685,0.0,0.0,0.73016685,2016-10-06 14:00:00,0.0,0.0,0.0,0.0,0.0
284.90112,0.18338883,0.0,0.0,0.18338883,2016-10-06 15:00:00,0.0,0.0,0.0,0.0,0.0
286.1809,0.18937755,0.0,0.0,0.18937755,2016-10-06 16:00:00,0.0,0.0,0.0,0.0,0.0
287.15454,0.33601987,0.0,0.0,0.33601987,2016-10-06 17:00:00,0.0,0.0,0.0,0.0,0.0
288.1162,0.6245097,0.002103883,0.008141857,0.61426395,2016-10-06 18:00:00,0.0,0.0,0.0,0.0,0.0
289.05884,0.4948293,0.08276373,0.0075383335,0.4379282,2016-10-06 19:00:00,0.0,0.0,0.0,0.0,0.0
289.32788,0.4953366,0.07438743,0.22587293,0.3765322,2016-10-06 20:00:00,0.0,0.0,0.0,0.0,0.0
289.56445,0.67129374,0.09350258,0.3878312,0.53829813,2016-10-06 21:00:00,0.0,0.0,0.0,0.0,0.0
287.97803,0.9645684,0.042670347,0.677359,0.9388097,2016-10-06 22:00:00,0.0,5.879755e-06,0.0,5.746124e-06,0.0
287.25415,0.9783462,0.21944618,0.49008292,0.9522813,2016-10-06 23:00:00,0.0,0.0,0.0,0.0,0.0
286.7754,0.9797891,0.64101255,0.75041276,0.8336693,2016-10-07 00:00:00,0.0,5.3452317e-07,0.0,6.68154e-07,0.0
286.66968,1.0,0.8991425,0.9789274,0.9746092,2016-10-07 01:00:00,0.0,0.0,0.0,0.0,0.0
285.85693,1.0,1.0,1.0,0.9860302,2016-10-07 02:00:00,1.0,0.00039556553,0.0,0.0003804781,1.5259444e-05
283.6421,1.0,0.8962574,0.9641808,1.0,2016-10-07 03:00:00,1.0,0.002931895,0.0,0.0027835888,0.00014854473
282.35474,1.0,0.9454393,0.83011425,0.94060236,2016-10-07 04:00:00,1.0,0.004244674,0.0,0.0038438155,0.00040076626
281.27637,1.0,1.0,0.92622256,1.0,2016-10-07 05:00:00,1.0,0.003919434,0.0,0.0031067827,0.00081265485
280.4275,1.0,1.0,1.0,1.0,2016-10-07 06:00:00,1.0,0.003522659,0.0,0.002237873,0.001284786
280.1526,1.0,1.0,1.0,1.0,2016-10-07 07:00:00,1.0,0.00084906,0.0,0.00046150177,0.0003874814
279.73315,1.0,1.0,1.0,0.91545445,2016-10-07 08:00:00,1.0,0.0003025378,0.0,2.8750612e-05,0.0002736058
279.21216,1.0,0.9892753,1.0,0.62819993,2016-10-07 09:00:00,1.0,0.00018984707,0.0,0.0,0.00018984707
278.41064,0.98879635,0.7603756,0.98879635,0.03185824,2016-10-07 10:00:00,1.0,7.606199e-05,0.0,0.0,7.617606e-05
278.49023,0.791206,0.4826448,0.6787207,0.0063309744,2016-10-07 11:00:00,1.0,1.0413514e-05,0.0,0.0,1.0413514e-05
278.364,0.2892332,0.2892332,0.0,0.0,2016-10-07 12:00:00,1.0,4.2908923e-06,0.0,1.1542825e-06,3.2609478e-06
278.14282,0.1445939,0.1445939,0.0,0.0,2016-10-07 13:00:00,0.0,1.6009844e-06,0.0,0.0,1.9637419e-06
278.95654,0.25754172,0.25754172,0.0,0.0,2016-10-07 14:00:00,0.0,0.0,0.0,0.0,0.0
280.56543,0.32279003,0.32279003,0.0,0.0,2016-10-07 15:00:00,0.0,0.0,0.0,0.0,0.0
281.03955,0.67662764,0.67662764,0.0,0.0,2016-10-07 16:00:00,0.0,0.0,0.0,0.0,0.0
281.90747,0.89521116,0.89521116,0.0,0.0,2016-10-07 17:00:00,0.0,0.0,0.0,0.0,0.0
282.3015,0.9835778,0.9835778,0.0,0.0,2016-10-07 18:00:00,0.0,0.0,0.0,0.0,0.0
281.92163,0.9928871,0.9928871,0.0,0.0,2016-10-07 19:00:00,0.0,0.0,0.0,0.0,0.0
281.85547,0.98468554,0.98468554,0.0,0.0,2016-10-07 20:00:00,0.0,0.0,0.0,0.0,0.0
281.63257,0.9905161,0.9905161,0.0,0.0,2016-10-07 21:00:00,0.0,0.0,0.0,0.0,0.0
280.6809,0.8601204,0.8601204,0.0065169036,0.0,2016-10-07 22:00:00,0.0,0.0,0.0,0.0,0.0
280.29395,0.79238474,0.79238474,0.11162597,0.0,2016-10-07 23:00:00,0.0,0.0,0.0,0.0,0.0
280.2395,0.46300733,0.4601047,0.08680725,0.0,2016-10-08 00:00:00,0.0,0.0,0.0,0.0,0.0
279.8318,0.3406999,0.3406999,0.058387414,0.0,2016-10-08 01:00:00,0.0,0.0,0.0,0.0,0.0
279.687,0.46282732,0.46282732,0.04739903,0.0,2016-10-08 02:00:00,0.0,0.0,0.0,0.0,0.0
278.42627,0.2965175,0.28012252,0.02212067,0.026265707,2016-10-08 03:00:00,0.0,0.0,0.0,0.0,0.0
277.82007,0.099447906,0.099447906,0.031092007,0.0,2016-10-08 04:00:00,0.0,0.0,0.0,0.0,0.0
277.4231,0.13217711,0.13217711,0.06417936,0.0,2016-10-08 05:00:00,0.0,0.0,0.0,0.0,0.0
276.80835,0.027296025,0.0067320913,0.027296025,0.0,2016-10-08 06:00:00,0.0,0.0,0.0,0.0,0.0
276.80542,0.0023709626,0.0,0.0023709626,0.0,2016-10-08 07:00:00,0.0,0.0,0.0,0.0,0.0
276.4673,0.0,0.0,0.0,0.0,2016-10-08 08:00:00,0.0,0.0,0.0,0.0,0.0
276.12012,0.046627525,0.0,0.018934947,0.027692575,2016-10-08 09:00:00,0.0,0.0,0.0,0.0,0.0
275.4043,0.0010573287,0.0,0.0010573287,0.0,2016-10-08 10:00:00,0.0,0.0,0.0,0.0,0.0
275.3694,0.047432065,0.0,0.047432065,0.0,2016-10-08 11:00:00,0.0,0.0,0.0,0.0,0.0
275.40552,0.12513953,0.0,0.12351453,0.0016249504,2016-10-08 12:00:00,0.0,0.0,0.0,0.0,0.0
275.4817,0.5503411,0.0,0.5479836,0.0029026829,2016-10-08 13:00:00,0.0,0.0,0.0,0.0,0.0
276.89526,0.98572373,0.0,0.98572373,0.0,2016-10-08 14:00:00,0.0,0.0,0.0,0.0,0.0
279.6455,0.9978792,0.0,0.9978792,0.0,2016-10-08 15:00:00,0.0,0.0,0.0,0.0,0.0
280.34644,0.8617174,0.002103883,0.8617174,0.0,2016-10-08 16:00:00,0.0,0.0,0.0,0.0,0.0
281.4126,0.72556657,0.0023709626,0.72556657,0.0,2016-10-08 17:00:00,0.0,0.0,0.0,0.0,0.0
282.33057,0.37065637,0.011053573,0.37065637,0.0,2016-10-08 18:00:00,0.0,0.0,0.0,0.0,0.0
283.00024,0.29392964,0.03089903,0.29392964,0.0,2016-10-08 19:00:00,0.0,0.0,0.0,0.0,0.0
283.4431,0.1610511,0.04690068,0.15657622,0.0,2016-10-08 20:00:00,0.0,0.0,0.0,0.0,0.0
284.15698,0.12316841,0.05760012,0.12316841,0.0,2016-10-08 21:00:00,0.0,0.0,0.0,0.0,0.0
283.2671,0.15709394,0.028962541,0.15709394,0.0,2016-10-08 22:00:00,0.0,0.0,0.0,0.0,0.0
282.8628,0.24564314,0.015013587,0.24063659,0.0,2016-10-08 23:00:00,0.0,0.0,0.0,0.0,0.0
281.3147,0.15915978,0.004741922,0.15678883,0.0,2016-10-09 00:00:00,0.0,0.0,0.0,0.0,0.0
280.61792,0.06319946,0.00998199,0.056571346,0.0,2016-10-09 01:00:00,0.0,0.0,0.0,0.0,0.0
279.4397,0.061602876,0.060545545,0.0010573287,0.0,2016-10-09 02:00:00,0.0,0.0,0.0,0.0,0.0
277.9038,0.06747472,0.06747472,0.0,0.0,2016-10-09 03:00:00,0.0,0.0,0.0,0.0,0.0
277.77368,0.12831658,0.12831658,0.0,0.0,2016-10-09 04:00:00,0.0,0.0,0.0,0.0,0.0
277.3015,0.19553185,0.19553185,0.0,0.0,2016-10-09 05:00:00,0.0,0.0,0.0,0.0,0.0
276.83862,0.19473243,0.19473243,0.0,0.0,2016-10-09 06:00:00,0.0,0.0,0.0,0.0,0.0
276.76538,0.12980008,0.12980008,0.0,0.0,2016-10-09 07:00:00,0.0,0.0,0.0,0.0,0.0
276.16016,0.16454351,0.16454351,0.0,0.0,2016-10-09 08:00:00,0.0,0.0,0.0,0.0,0.0
275.25977,0.14283407,0.14283407,0.0,0.0,2016-10-09 09:00:00,0.0,0.0,0.0,0.0,0.0
275.05933,0.16123766,0.16123766,0.0,0.0,2016-10-09 10:00:00,0.0,0.0,0.0,0.0,0.0
274.84106,0.1445691,0.1445691,0.0,0.0,2016-10-09 11:00:00,0.0,0.0,0.0,0.0,0.0
274.60864,0.086880624,0.086880624,0.0,0.0,2016-10-09 12:00:00,0.0,0.0,0.0,0.0,0.0
274.98828,0.012831885,0.012831885,0.0,0.0,2016-10-09 13:00:00,0.0,0.0,0.0,0.0,0.0
277.37988,0.016832627,0.016832627,0.0,0.0,2016-10-09 14:00:00,0.0,0.0,0.0,0.0,0.0
282.21753,0.0124641955,0.0124641955,0.0,0.0,2016-10-09 15:00:00,0.0,0.0,0.0,0.0,0.0
283.93652,0.0,0.0,0.0,0.0,2016-10-09 16:00:00,0.0,0.0,0.0,0.0,0.0
285.42676,0.0,0.0,0.0,0.0,2016-10-09 17:00:00,0.0,0.0,0.0,0.0,0.0
286.16553,0.0,0.0,0.0,0.0,2016-10-09 18:00:00,0.0,0.0,0.0,0.0,0.0
286.69946,0.0,0.0,0.0,0.0,2016-10-09 19:00:00,0.0,0.0,0.0,0.0,0.0
287.53345,0.0,0.0,0.0,0.0,2016-10-09 20:00:00,0.0,0.0,0.0,0.0,0.0
288.4165,0.0,0.0,0.0,0.0,2016-10-09 21:00:00,0.0,0.0,0.0,0.0,0.0
287.57764,0.0,0.0,0.0,0.0,2016-10-09 22:00:00,0.0,0.0,0.0,0.0,0.0
287.05444,0.0,0.0,0.0,0.0,2016-10-09 23:00:00,0.0,0.0,0.0,0.0,0.0
285.8225,0.0,0.0,0.0,0.0,2016-10-10 00:00:00,0.0,0.0,0.0,0.0,0.0
285.18237,0.0,0.0,0.0,0.0,2016-10-10 01:00:00,0.0,0.0,0.0,0.0,0.0
284.85596,0.0,0.0,0.0,0.0,2016-10-10 02:00:00,0.0,0.0,0.0,0.0,0.0
283.94458,0.0,0.0,0.0,0.0,2016-10-10 03:00:00,0.0,0.0,0.0,0.0,0.0
283.78223,0.0,0.0,0.0,0.0,2016-10-10 04:00:00,0.0,0.0,0.0,0.0,0.0
283.35742,0.0,0.0,0.0,0.0,2016-10-10 05:00:00,0.0,0.0,0.0,0.0,0.0
283.56543,0.0,0.0,0.0,0.0,2016-10-10 06:00:00,0.0,0.0,0.0,0.0,0.0
283.51733,0.0,0.0,0.0,0.0,2016-10-10 07:00:00,0.0,0.0,0.0,0.0,0.0
283.45703,0.0,0.0,0.0,0.0,2016-10-10 08:00:00,0.0,0.0,0.0,0.0,0.0
283.03247,0.0,0.0,0.0,0.0,2016-10-10 09:00:00,0.0,0.0,0.0,0.0,0.0
283.4734,0.0,0.0,0.0,0.0,2016-10-10 10:00:00,0.0,0.0,0.0,0.0,0.0
283.51123,0.0,0.0,0.0,0.0,2016-10-10 11:00:00,0.0,0.0,0.0,0.0,0.0
283.5874,0.0,0.0,0.0,0.0,2016-10-10 12:00:00,0.0,0.0,0.0,0.0,0.0
283.7976,0.0,0.0,0.0,0.0,2016-10-10 13:00:00,0.0,0.0,0.0,0.0,0.0
285.14258,0.0,0.0,0.0,0.0,2016-10-10 14:00:00,0.0,0.0,0.0,0.0,0.0
289.4746,0.0,0.0,0.0,0.0,2016-10-10 15:00:00,0.0,0.0,0.0,0.0,0.0
291.292,0.0,0.0,0.0,0.0,2016-10-10 16:00:00,0.0,0.0,0.0,0.0,0.0
293.1494,0.025359903,0.0,0.013363607,0.012002405,2016-10-10 17:00:00,0.0,0.0,0.0,0.0,0.0
294.53735,0.052276175,0.0,0.051744457,0.00053172023,2016-10-10 18:00:00,0.0,0.0,0.0,0.0,0.0
295.33154,0.27923775,0.009099722,0.19301897,0.11283797,2016-10-10 19:00:00,0.0,0.0,0.0,0.0,0.0
295.6443,0.61942893,0.008732032,0.28149801,0.5151195,2016-10-10 20:00:00,0.0,0.0,0.0,0.0,0.0
295.7666,0.84680915,0.009099722,0.33178765,0.76170063,2016-10-10 21:00:00,0.0,0.0,0.0,0.0,0.0
293.88086,0.9043665,0.0,0.5656678,0.8600227,2016-10-10 22:00:00,0.0,0.0,0.0,0.0,0.0
293.2173,0.98999023,0.0044917315,0.55858785,0.97500503,2016-10-10 23:00:00,1.0,4.091722e-05,0.0,4.0803134e-05,0.0
292.09985,0.99262583,0.007644605,0.30031365,0.99262583,2016-10-11 00:00:00,0.0,0.00012301648,0.0,0.0001230735,0.0
292.0315,0.99946827,0.004741922,0.20865655,0.99946827,2016-10-11 01:00:00,0.0,2.9917544e-05,0.0,3.0051175e-05,0.0
291.33496,1.0,0.013393819,0.06726837,1.0,2016-10-11 02:00:00,0.0,6.292811e-05,0.0,6.2851526e-05,0.0
290.4226,0.9970973,0.010755777,0.079061925,0.9970973,2016-10-11 03:00:00,0.0,3.23953e-05,0.0,3.23953e-05,0.0
290.14917,0.9800109,0.028680138,0.1952815,0.9800109,2016-10-11 04:00:00,0.0,8.575343e-06,0.0,8.4417115e-06,0.0
289.51538,0.98343927,0.021413889,0.20114362,0.9810683,2016-10-11 05:00:00,0.0,1.9099144e-07,0.0,0.0,1.9099144e-07
289.1333,0.98889697,0.019730482,0.14446771,0.98889697,2016-10-11 06:00:00,0.0,6.9711887e-06,0.0,6.207223e-06,7.639659e-07
288.90552,0.9892225,0.10543263,0.14090884,0.98584425,2016-10-11 07:00:00,0.0,2.11949e-06,0.0,0.0,2.11949e-06
288.50098,0.99946827,0.14103246,0.027032755,0.98836523,2016-10-11 08:00:00,0.0,2.864872e-07,0.0,0.0,2.864872e-07
287.79663,0.9905219,0.18397444,0.004260551,0.9905219,2016-10-11 09:00:00,0.0,0.0,0.0,0.0,0.0
286.9619,0.968454,0.35852027,0.13827807,0.95819116,2016-10-11 10:00:00,0.0,0.0,0.0,0.0,0.0
286.93384,0.90947264,0.27206343,0.12367636,0.8706705,2016-10-11 11:00:00,0.0,0.0,0.0,0.0,0.0
286.78247,0.627909,0.23437667,0.057204034,0.5095488,2016-10-11 12:00:00,0.0,0.0,0.0,0.0,0.0
286.7539,0.30649608,0.14464861,0.024098914,0.19111663,2016-10-11 13:00:00,0.0,0.0,0.0,0.0,0.0
287.50464,0.15148836,0.10186702,0.0,0.04962134,2016-10-11 14:00:00,0.0,0.0,0.0,0.0,0.0
289.65405,0.078282714,0.078282714,0.0,0.0,2016-10-11 15:00:00,0.0,0.0,0.0,0.0,0.0
290.99854,0.033705022,0.033705022,0.0,0.0,2016-10-11 16:00:00,0.0,0.0,0.0,0.0,0.0
291.96558,0.31608623,0.31608623,0.0,0.0,2016-10-11 17:00:00,0.0,0.0,0.0,0.0,0.0
292.87207,0.7828913,0.76175135,0.027721114,0.010752331,2016-10-11 18:00:00,0.0,0.0,0.0,0.0,0.0
293.54614,0.8199723,0.80493325,0.00053172023,0.040631212,2016-10-11 19:00:00,0.0,0.0,0.0,1.3363075e-07,0.0
293.8557,0.98675585,0.98410946,0.02312705,0.26556033,2016-10-11 20:00:00,0.0,2.6726156e-07,0.0,4.0089236e-07,0.0
294.2932,1.0,1.0,0.12328106,0.8281615,2016-10-11 21:00:00,1.0,0.0,0.0,0.0,0.0
292.67944,1.0,0.9989426,0.5105881,0.94022167,2016-10-11 22:00:00,1.0,5.8015503e-06,0.0,0.0,5.8015503e-06
291.1809,0.9978961,0.9622803,0.6842056,0.9678566,2016-10-11 23:00:00,1.0,4.52357e-06,0.0,2.5389845e-06,2.118216e-06
290.16846,0.99946827,0.6395635,0.5999669,0.9771583,2016-10-12 00:00:00,1.0,1.2972059e-06,0.0,0.0,1.2972059e-06
288.83374,1.0,0.69020164,0.41629207,0.9905219,2016-10-12 01:00:00,1.0,1.0245625e-05,0.0,9.176583e-06,1.1260809e-06
287.52466,0.9978961,0.2456078,0.052225795,0.9978961,2016-10-12 02:00:00,1.0,2.2678621e-05,0.0,2.2621578e-05,3.813414e-07
284.91577,0.97134495,0.34682745,0.66390985,0.96897393,2016-10-12 03:00:00,1.0,6.534597e-05,0.0,6.507871e-05,2.6726156e-07
284.16357,0.9978792,0.7991083,0.9849587,0.9827686,2016-10-12 04:00:00,1.0,9.730309e-06,0.0,9.348968e-06,3.813414e-07
283.5681,0.99841094,0.9766898,0.8110699,0.68600625,2016-10-12 05:00:00,0.0,0.0,0.0,0.0,0.0
283.01514,1.0,0.99946827,0.45142812,0.8251124,2016-10-12 06:00:00,0.0,0.0,0.0,0.0,0.0
282.81543,1.0,1.0,0.21392798,0.25048238,2016-10-12 07:00:00,1.0,3.3558026e-06,0.0,0.0,3.3558026e-06
282.61987,1.0,1.0,0.22425032,0.8768142,2016-10-12 08:00:00,1.0,3.813414e-07,0.0,0.0,3.813414e-07
281.79077,1.0,1.0,0.54364765,0.9825204,2016-10-12 09:00:00,1.0,1.0021975e-05,0.0,8.285109e-06,1.7368657e-06
280.62793,1.0,1.0,0.5364844,0.8561706,2016-10-12 10:00:00,1.0,5.420209e-06,0.0,0.0,5.420209e-06
280.37305,1.0,1.0,0.5739676,0.9802361,2016-10-12 11:00:00,1.0,3.2960786e-05,0.0,0.0,3.2960786e-05
280.03076,1.0,0.9918581,0.90090775,0.9839598,2016-10-12 12:00:00,1.0,0.00013860568,0.0,4.6770774e-06,0.00013358539
279.3313,1.0,0.99300414,0.9208371,1.0,2016-10-12 13:00:00,1.0,9.78482e-05,0.0,0.0,9.737136e-05
279.3186,1.0,0.99273616,0.95222485,1.0,2016-10-12 14:00:00,0.0,1.4741529e-05,0.0,0.0,1.4741529e-05
279.29517,1.0,0.9970973,0.9106668,1.0,2016-10-12 15:00:00,0.0,5.1144507e-06,0.0,0.0,5.1144507e-06
279.3186,1.0,0.9989426,0.91857886,0.99368834,2016-10-12 16:00:00,0.0,2.9020403e-06,0.0,0.0,2.9020403e-06
279.5984,1.0,1.0,0.8759378,0.47284973,2016-10-12 17:00:00,0.0,0.0,0.0,0.0,0.0
279.96777,0.9901048,0.9901048,0.18266845,0.00053172023,2016-10-12 18:00:00,0.0,0.0,0.0,0.0,0.0
280.76953,0.8507701,0.8507701,0.0010573287,0.0,2016-10-12 19:00:00,0.0,0.0,0.0,0.0,0.0
281.05762,0.7878395,0.7878395,0.0,0.0,2016-10-12 20:00:00,0.0,0.0,0.0,0.0,0.0
280.81396,0.8222267,0.8222267,0.0,0.0,2016-10-12 21:00:00,0.0,0.0,0.0,0.0,0.0
279.98877,0.9899592,0.9899592,0.0,0.0,2016-10-12 22:00:00,0.0,0.0,0.0,0.0,0.0
279.40283,0.98179626,0.98179626,0.0,0.0,2016-10-12 23:00:00,0.0,0.0,0.0,0.0,0.0
279.0857,0.98903245,0.98903245,0.0,0.0,2016-10-13 00:00:00,0.0,0.0,0.0,0.0,0.0
279.04956,0.9801723,0.9801723,0.0,0.0,2016-10-13 01:00:00,0.0,0.0,0.0,0.0,0.0
278.68677,0.9380351,0.9380351,0.0,0.0,2016-10-13 02:00:00,0.0,0.0,0.0,0.0,0.0
278.47778,0.99600405,0.99600405,0.0,0.0,2016-10-13 03:00:00,0.0,0.0,0.0,0.0,0.0
278.15356,0.99130046,0.99130046,0.0,0.0,2016-10-13 04:00:00,0.0,0.0,0.0,0.0,0.0
277.7417,0.98176485,0.9768729,0.0,0.16411942,2016-10-13 05:00:00,0.0,0.0,0.0,0.0,0.0
277.6289,0.89038604,0.89038604,0.0,0.0,2016-10-13 06:00:00,0.0,0.0,0.0,0.0,0.0
277.10132,0.62505245,0.62505245,0.0,0.0,2016-10-13 07:00:00,0.0,0.0,0.0,0.0,0.0
276.09375,0.268591,0.268591,0.0,0.0,2016-10-13 08:00:00,0.0,0.0,0.0,0.0,0.0
274.72095,0.083857834,0.083857834,0.0,0.0,2016-10-13 09:00:00,0.0,0.0,0.0,0.0,0.0
274.9641,0.26507264,0.26507264,0.0,0.0,2016-10-13 10:00:00,0.0,0.0,0.0,0.0,0.0
275.03735,0.013098966,0.013098966,0.0,0.0,2016-10-13 11:00:00,0.0,0.0,0.0,0.0,0.0
275.19434,0.019727115,0.019727115,0.0,0.0,2016-10-13 12:00:00,0.0,0.0,0.0,0.0,0.0
274.97827,0.0033782488,0.0033782488,0.0,0.0,2016-10-13 13:00:00,0.0,0.0,0.0,0.0,0.0
276.60742,0.0,0.0,0.0,0.0,2016-10-13 14:00:00,0.0,0.0,0.0,0.0,0.0
279.85107,0.0,0.0,0.0,0.0,2016-10-13 15:00:00,0.0,0.0,0.0,0.0,0.0
280.9922,0.0,0.0,0.0,0.0,2016-10-13 16:00:00,0.0,0.0,0.0,0.0,0.0
282.03564,0.0,0.0,0.0,0.0,2016-10-13 17:00:00,0.0,0.0,0.0,0.0,0.0
282.79565,0.0,0.0,0.0,0.0,2016-10-13 18:00:00,0.0,0.0,0.0,0.0,0.0
283.65356,0.0,0.0,0.0,0.0,2016-10-13 19:00:00,0.0,0.0,0.0,0.0,0.0
284.4253,0.0066281483,0.0,0.0,0.0066281483,2016-10-13 20:00:00,0.0,0.0,0.0,0.0,0.0
285.1372,0.2729026,0.0,0.0,0.2729026,2016-10-13 21:00:00,0.0,0.0,0.0,0.0,0.0
284.51318,0.39204204,0.0,0.0,0.39204204,2016-10-13 22:00:00,0.0,0.0,0.0,0.0,0.0
284.0586,0.5695694,0.0,0.0,0.5695694,2016-10-13 23:00:00,0.0,0.0,0.0,0.0,0.0
283.17847,0.69302946,0.0,0.0,0.69302946,2016-10-14 00:00:00,0.0,0.0,0.0,0.0,0.0
282.34082,0.0,0.0,0.0,0.0,2016-10-14 01:00:00,0.0,0.0,0.0,0.0,0.0
281.8667,0.0,0.0,0.0,0.0,2016-10-14 02:00:00,0.0,0.0,0.0,0.0,0.0
280.51855,0.0,0.0,0.0,0.0,2016-10-14 03:00:00,0.0,0.0,0.0,0.0,0.0
279.96875,0.0,0.0,0.0,0.0,2016-10-14 04:00:00,0.0,0.0,0.0,0.0,0.0
279.51562,0.0,0.0,0.0,0.0,2016-10-14 05:00:00,0.0,0.0,0.0,0.0,0.0
279.32056,0.010541178,0.0,0.010541178,0.0,2016-10-14 06:00:00,0.0,0.0,0.0,0.0,0.0
279.46387,0.006280929,0.0,0.006280929,0.0,2016-10-14 07:00:00,0.0,0.0,0.0,0.0,0.0
279.57837,0.0,0.0,0.0,0.0,2016-10-14 08:00:00,0.0,0.0,0.0,0.0,0.0
278.937,0.0,0.0,0.0,0.0,2016-10-14 09:00:00,0.0,0.0,0.0,0.0,0.0
279.52026,0.23275149,0.0,0.0,0.23275149,2016-10-14 10:00:00,0.0,0.0,0.0,0.0,0.0
279.62183,0.45648783,0.0,0.0,0.45648783,2016-10-14 11:00:00,0.0,0.0,0.0,0.0,0.0
279.62646,0.8067004,0.002103883,0.0,0.80459654,2016-10-14 12:00:00,0.0,0.0,0.0,0.0,0.0
279.92944,0.9775608,0.0,0.0,0.9775608,2016-10-14 13:00:00,0.0,0.0,0.0,0.0,0.0
280.71875,0.9955251,0.0,0.0,0.9955251,2016-10-14 14:00:00,0.0,0.0,0.0,0.0,0.0
283.4873,0.9973177,0.0,0.0,0.9973177,2016-10-14 15:00:00,0.0,0.0,0.0,0.0,0.0
285.5227,1.0,0.021074113,0.0,1.0,2016-10-14 16:00:00,0.0,0.0,0.0,0.0,0.0
286.9939,1.0,0.21716624,0.0,1.0,2016-10-14 17:00:00,0.0,0.0,0.0,0.0,0.0
288.12207,0.9767617,0.26788437,0.0,0.9767617,2016-10-14 18:00:00,0.0,0.0,0.0,0.0,0.0
289.00684,0.9192955,0.05577414,0.0,0.90983456,2016-10-14 19:00:00,0.0,0.0,0.0,0.0,0.0
289.0376,0.8399528,0.04506268,0.0,0.83659166,2016-10-14 20:00:00,0.0,0.0,0.0,0.0,0.0
289.9358,0.9820871,0.080011964,0.0,0.9791844,2016-10-14 21:00:00,0.0,0.0,0.0,0.0,0.0
289.62622,0.91907626,0.0767023,0.0,0.91907626,2016-10-14 22:00:00,0.0,0.0,0.0,0.0,0.0
289.04907,0.5175221,0.023688022,0.0,0.50453234,2016-10-14 23:00:00,0.0,0.0,0.0,0.0,0.0
288.4956,0.8966324,0.01611786,0.009895153,0.89557505,2016-10-15 00:00:00,0.0,0.0,0.0,0.0,0.0
288.31128,0.8979226,0.04098562,0.0652042,0.88937354,2016-10-15 01:00:00,0.0,0.0,0.0,0.0,0.0
288.61353,0.953425,0.12097657,0.0,0.94656956,2016-10-15 02:00:00,1.0,0.0,0.0,0.0,0.0
289.06714,1.0,0.40355074,0.0,0.99336845,2016-10-15 03:00:00,1.0,4.7683716e-07,0.0,0.0,4.7683716e-07
289.17285,0.94423044,0.5546309,0.0,0.89081067,2016-10-15 04:00:00,1.0,1.6778959e-06,0.0,0.0,1.6778959e-06
288.87817,0.9383103,0.5860793,0.0,0.8394878,2016-10-15 05:00:00,1.0,2.2456108e-05,0.0,0.0,2.2456108e-05
289.36304,0.9222372,0.67678255,0.0,0.82726145,2016-10-15 06:00:00,1.0,4.0245795e-05,0.0,0.0,4.0359882e-05
289.45435,0.98940843,0.8650139,0.4762386,0.92404246,2016-10-15 07:00:00,1.0,6.183612e-05,0.0,0.0,6.174062e-05
289.86646,0.981563,0.9278361,0.39005452,0.8686075,2016-10-15 08:00:00,1.0,3.1648015e-06,0.0,0.0,2.89754e-06
290.2754,0.99657166,0.8994161,0.24167758,0.96196747,2016-10-15 09:00:00,1.0,6.101426e-07,0.0,0.0,9.914838e-07
291.21167,1.0,0.63470864,0.30236018,1.0,2016-10-15 10:00:00,1.0,1.372825e-06,0.0,0.0,1.372825e-06
291.26514,1.0,0.706657,0.42365402,1.0,2016-10-15 11:00:00,1.0,3.0354699e-05,0.0,0.0,3.0354699e-05
291.17603,0.9897542,0.6866589,0.032857317,0.9800115,2016-10-15 12:00:00,1.0,8.867156e-05,0.0,0.0,8.867156e-05
291.2588,0.9978961,0.65803343,0.09708518,0.9736294,2016-10-15 13:00:00,1.0,6.649477e-05,0.0,0.0,6.649477e-05
291.44043,0.9942007,0.96863514,0.20055878,0.9132617,2016-10-15 14:00:00,1.0,6.691714e-05,0.0,0.0,6.682164e-05
292.0464,1.0,0.99946827,0.027637515,0.9083172,2016-10-15 15:00:00,1.0,5.726247e-05,0.0,0.0,5.7148398e-05
292.47217,0.97698414,0.9587418,0.12437922,0.14745855,2016-10-15 16:00:00,1.0,6.114003e-05,0.0,5.1836614e-05,9.036153e-06
292.78613,1.0,0.99348307,0.79975873,0.96512187,2016-10-15 17:00:00,1.0,2.538659e-06,0.0,1.8708306e-06,6.678286e-07
292.95215,1.0,0.7960874,0.8478814,1.0,2016-10-15 18:00:00,1.0,1.0109075e-05,0.0,6.9327316e-06,2.8238455e-06
293.40967,1.0,0.32081366,0.9838784,1.0,2016-10-15 19:00:00,1.0,7.879336e-06,0.0,1.9179188e-06,5.913669e-06
293.60376,1.0,0.07633072,1.0,0.98831743,2016-10-15 20:00:00,0.0,4.9554947e-06,0.0,1.432436e-07,5.013181e-06
293.71387,0.99946827,0.026782341,0.9989426,0.9803615,2016-10-15 21:00:00,0.0,2.2815959e-07,0.0,0.0,1.14079796e-07
291.56934,1.0,0.032821197,0.97895056,0.9854294,2016-10-15 22:00:00,0.0,0.0,0.0,0.0,0.0
290.9021,0.8091146,0.0031780982,0.6788078,0.59324545,2016-10-15 23:00:00,0.0,0.0,0.0,0.0,0.0
289.65527,0.18708903,0.00053172023,0.17348939,0.03803625,2016-10-16 00:00:00,0.0,0.0,0.0,0.0,0.0
288.54492,0.11565608,0.0,0.004741922,0.11092025,2016-10-16 01:00:00,0.0,0.0,0.0,0.0,0.0
287.4983,0.7846423,0.0,0.0,0.7846423,2016-10-16 02:00:00,0.0,0.0,0.0,0.0,0.0
285.25928,0.9003861,0.0,0.0,0.9003861,2016-10-16 03:00:00,0.0,0.0,0.0,0.0,0.0
284.74658,0.90894294,0.0,0.0,0.90894294,2016-10-16 04:00:00,0.0,0.0,0.0,0.0,0.0
283.32178,0.93234193,0.0,0.0,0.93234193,2016-10-16 05:00:00,0.0,0.0,0.0,0.0,0.0
283.04736,0.9557593,0.0,0.0,0.9557593,2016-10-16 06:00:00,0.0,0.0,0.0,0.0,0.0
282.68042,0.9973536,0.0,0.0,0.9973536,2016-10-16 07:00:00,0.0,0.0,0.0,0.0,0.0
282.09106,0.8974796,0.0,0.0010573287,0.8974796,2016-10-16 08:00:00,0.0,0.0,0.0,0.0,0.0
280.92505,0.0,0.0,0.0,0.0,2016-10-16 09:00:00,0.0,0.0,0.0,0.0,0.0
279.2019,0.0,0.0,0.0,0.0,2016-10-16 10:00:00,0.0,0.0,0.0,0.0,0.0
279.17896,0.0,0.0,0.0,0.0,2016-10-16 11:00:00,0.0,0.0,0.0,0.0,0.0
279.05542,0.0,0.0,0.0,0.0,2016-10-16 12:00:00,0.0,0.0,0.0,0.0,0.0
279.55103,0.017426565,0.0,0.0,0.017426565,2016-10-16 13:00:00,0.0,0.0,0.0,0.0,0.0
281.71436,0.8296806,0.0,0.0,0.8296806,2016-10-16 14:00:00,0.0,0.0,0.0,0.0,0.0
286.71826,0.604859,0.0,0.0,0.604859,2016-10-16 15:00:00,0.0,0.0,0.0,0.0,0.0
288.95117,0.6890331,0.0,0.0,0.6890331,2016-10-16 16:00:00,0.0,0.0,0.0,0.0,0.0
291.21265,0.99627113,0.0,0.0,0.99627113,2016-10-16 17:00:00,0.0,0.0,0.0,0.0,0.0
292.31396,1.0,0.0,0.070409894,1.0,2016-10-16 18:00:00,0.0,0.0,0.0,0.0,0.0
292.88477,0.99319345,0.0,0.43229234,0.99319345,2016-10-16 19:00:00,0.0,0.0,0.0,0.0,0.0
292.51514,0.99841094,0.0052650943,0.71034056,0.99841094,2016-10-16 20:00:00,0.0,0.0,0.0,0.0,0.0
292.1223,1.0,0.034769386,1.0,1.0,2016-10-16 21:00:00,0.0,0.0,0.0,0.0,0.0
291.24243,0.992347,0.0,0.98916894,0.9852366,2016-10-16 22:00:00,0.0,5.1497598e-05,0.0,5.1497598e-05,0.0
290.94043,0.9920941,0.014248557,0.87376183,0.9803615,2016-10-16 23:00:00,0.0,3.688209e-05,0.0,3.701572e-05,0.0
290.90308,0.96610475,0.02482098,0.45706022,0.96610475,2016-10-17 00:00:00,0.0,5.4521355e-05,0.0,5.4387725e-05,0.0
291.01953,0.8121602,0.15946847,0.21146786,0.7590781,2016-10-17 01:00:00,1.0,9.803657e-05,0.0,7.717646e-05,2.0936684e-05
290.96118,0.9418269,0.6848687,0.51369846,0.756887,2016-10-17 02:00:00,1.0,0.00048462348,0.0,0.00043349364,5.1197276e-05
291.06982,1.0,1.0,0.15570271,0.80137014,2016-10-17 03:00:00,1.0,0.0053886734,0.0,0.0053034388,8.542434e-05
291.3479,0.969192,0.9315215,0.31912977,0.4962613,2016-10-17 04:00:00,1.0,0.0036033548,0.0,0.0035279568,7.5493444e-05
291.44678,0.9905161,0.9905161,0.31892735,0.4124149,2016-10-17 05:00:00,1.0,0.0010747868,0.0,0.0010613392,1.3447559e-05
291.51147,1.0,1.0,0.06763017,0.41038078,2016-10-17 06:00:00,1.0,0.00016583892,0.0,4.401931e-05,0.00012254415
291.80005,1.0,0.99946827,0.0,0.8397163,2016-10-17 07:00:00,1.0,0.0002058437,0.0,0.0,0.0002058437
291.69214,0.99576455,0.73487777,0.09832579,0.993112,2016-10-17 08:00:00,1.0,3.0216266e-05,0.0,0.0,3.0216266e-05
291.11035,0.98999536,0.32084745,0.3697636,0.98893803,2016-10-17 09:00:00,1.0,9.211135e-06,0.0,0.0,9.211135e-06
290.76367,0.84852684,0.31947058,0.13152498,0.77362657,2016-10-17 10:00:00,1.0,6.0463517e-06,0.0,2.138092e-06,4.1178346e-06
290.43433,0.6732489,0.09993595,0.24903208,0.61539495,2016-10-17 11:00:00,0.0,0.00010553723,0.0,0.0001054802,0.0
289.8286,0.37042475,0.09046924,0.16479313,0.27612692,2016-10-17 12:00:00,0.0,0.0,0.0,0.0,0.0
289.3557,0.3476298,0.12311435,0.23472875,0.16001332,2016-10-17 13:00:00,1.0,0.0,0.0,0.0,0.0
290.094,0.3415687,0.23491424,0.15043902,0.0830009,2016-10-17 14:00:00,0.0,0.0,0.0,0.0,0.0
291.30054,0.85153157,0.52926576,0.4668061,0.7409483,2016-10-17 15:00:00,1.0,0.0,0.0,0.0,0.0
291.74365,1.0,0.43896097,1.0,1.0,2016-10-17 16:00:00,1.0,1.3056585e-05,0.0,1.24079825e-05,6.4860296e-07
292.4917,1.0,0.8293581,0.99233013,0.9931458,2016-10-17 17:00:00,1.0,1.2023511e-06,0.0,6.68154e-07,4.0056705e-07
293.05884,0.99841094,0.99629015,0.88604444,0.8022448,2016-10-17 18:00:00,1.0,1.1736371e-05,0.0,4.0159566e-06,7.749257e-06
293.15698,0.9865634,0.97836185,0.59101933,0.49204332,2016-10-17 19:00:00,1.0,1.2901536e-05,0.0,0.0,1.2787456e-05
292.64722,0.9075799,0.8733376,0.37378192,0.1231159,2016-10-17 20:00:00,1.0,0.00024426286,0.0,0.00017553206,6.8807465e-05
290.91724,0.81101376,0.6801308,0.6126952,0.09132373,2016-10-17 21:00:00,1.0,0.0017254453,0.0,0.0015927039,0.00013274145
289.75977,1.0,0.42301816,1.0,0.23604149,2016-10-17 22:00:00,1.0,0.0027326443,0.0,0.0025268225,0.00020557348
289.18213,0.98859113,0.8498189,0.9859555,0.044646863,2016-10-17 23:00:00,1.0,0.0008656108,0.0,0.0008131913,5.2095085e-05
288.69604,0.93641114,0.51884633,0.6760222,0.38603467,2016-10-18 00:00:00,0.0,1.2773289e-06,0.0,0.0,1.2773289e-06
288.3518,0.9968219,0.98550195,0.78583825,0.73734003,2016-10-18 01:00:00,1.0,0.00082472246,0.0,0.0006150815,0.00020977462
287.79517,0.99675006,0.86656433,0.55468,0.7916729,2016-10-18 02:00:00,1.0,0.0037257408,0.0,0.0032395327,0.00048639858
286.6411,0.78113896,0.51199996,0.50251806,0.41142297,2016-10-18 03:00:00,1.0,0.0019545902,0.0,0.001857951,9.655337e-05
286.2671,0.95538753,0.573551,0.83868074,0.5207587,2016-10-18 04:00:00,1.0,0.0022987325,0.0,0.0022853795,1.3486615e-05
285.74463,1.0,0.51735836,0.99841094,0.47861665,2016-10-18 05:00:00,1.0,0.0020437788,0.0,0.00201978,2.386565e-05
285.5503,1.0,0.29659796,0.99946827,0.29546857,2016-10-18 06:00:00,0.0,0.00081300107,0.0,0.0008003253,1.2561844e-05
285.74976,0.99675006,0.09062183,0.99675006,0.15687346,2016-10-18 07:00:00,0.0,0.00046756282,0.0,0.00038856338,7.897992e-05
285.38306,0.96136755,0.07003373,0.96136755,0.00998199,2016-10-18 08:00:00,0.0,0.00011726709,0.0,0.000112778784,4.488299e-06
284.3943,0.8832499,0.0,0.8832499,0.0,2016-10-18 09:00:00,0.0,2.0054104e-06,0.0,2.0054104e-06,0.0
283.5652,0.0015890491,0.0,0.0015890491,0.0,2016-10-18 10:00:00,0.0,0.0,0.0,0.0,0.0
283.2473,0.0,0.0,0.0,0.0,2016-10-18 11:00:00,0.0,0.0,0.0,0.0,0.0
283.27783,0.0,0.0,0.0,0.0,2016-10-18 12:00:00,0.0,0.0,0.0,0.0,0.0
283.13354,0.0,0.0,0.0,0.0,2016-10-18 13:00:00,0.0,0.0,0.0,0.0,0.0
284.35645,0.0,0.0,0.0,0.0,2016-10-18 14:00:00,0.0,0.0,0.0,0.0,0.0
286.6963,0.0,0.0,0.0,0.0,2016-10-18 15:00:00,0.0,0.0,0.0,0.0,0.0
287.81738,0.0,0.0,0.0,0.0,2016-10-18 16:00:00,0.0,0.0,0.0,0.0,0.0
289.29712,0.0,0.0,0.0,0.0,2016-10-18 17:00:00,0.0,0.0,0.0,0.0,0.0
290.20215,0.0016249504,0.0016249504,0.0,0.0,2016-10-18 18:00:00,0.0,0.0,0.0,0.0,0.0
290.9038,0.054964263,0.054964263,0.0,0.0,2016-10-18 19:00:00,0.0,0.0,0.0,0.0,0.0
291.3313,0.026620734,0.025563408,0.005281981,0.0,2016-10-18 20:00:00,0.0,4.774787e-07,0.0,4.297308e-07,0.0
291.50977,0.11605775,0.035589494,0.09995681,0.0,2016-10-18 21:00:00,0.0,2.864872e-07,0.0,2.864872e-07,0.0
290.5056,0.10783923,0.03381469,0.10783923,0.0,2016-10-18 22:00:00,0.0,9.152139e-07,0.0,8.6746604e-07,0.0
289.43774,0.25786322,0.08947861,0.25522763,0.0,2016-10-18 23:00:00,0.0,0.0,0.0,0.0,0.0
288.1443,0.19686174,0.08613521,0.19686174,0.0,2016-10-19 00:00:00,0.0,0.0,0.0,0.0,0.0
286.97388,0.12607914,0.017122652,0.12107593,0.0,2016-10-19 01:00:00,0.0,0.0,0.0,0.0,0.0
286.00073,0.12758029,0.04200907,0.12758029,0.0,2016-10-19 02:00:00,0.0,0.0,0.0,0.0,0.0
284.6892,0.015948862,0.0057492107,0.015948862,0.0,2016-10-19 03:00:00,0.0,0.0,0.0,0.0,0.0
284.08276,0.0023709626,0.0,0.0023709626,0.0,2016-10-19 04:00:00,0.0,0.0,0.0,0.0,0.0
283.3247,0.0,0.0,0.0,0.0,2016-10-19 05:00:00,0.0,0.0,0.0,0.0,0.0
283.29248,0.0,0.0,0.0,0.0,2016-10-19 06:00:00,0.0,0.0,0.0,0.0,0.0
283.11987,0.0,0.0,0.0,0.0,2016-10-19 07:00:00,0.0,0.0,0.0,0.0,0.0
282.61963,0.0,0.0,0.0,0.0,2016-10-19 08:00:00,0.0,0.0,0.0,0.0,0.0
281.8567,0.26812875,0.0,0.0,0.26812875,2016-10-19 09:00:00,0.0,0.0,0.0,0.0,0.0
280.91992,0.33035493,0.0,0.0010573287,0.33035493,2016-10-19 10:00:00,0.0,0.0,0.0,0.0,0.0
280.7273,0.06836593,0.0,0.008476965,0.06836593,2016-10-19 11:00:00,0.0,0.0,0.0,0.0,0.0
280.56763,0.985415,0.0032499009,0.09041482,0.985415,2016-10-19 12:00:00,0.0,0.0,0.0,0.0,0.0
280.67773,0.98865163,0.03551681,0.28445196,0.98865163,2016-10-19 13:00:00,0.0,0.0,0.0,0.0,0.0
281.25513,0.9626488,0.0065169036,0.40774322,0.9525828,2016-10-19 14:00:00,0.0,0.0,0.0,0.0,0.0
282.90332,1.0,0.09356636,0.3209563,1.0,2016-10-19 15:00:00,0.0,0.0,0.0,0.0,0.0
283.7085,1.0,0.13626707,0.005298864,1.0,2016-10-19 16:00:00,0.0,0.0,0.0,0.0,0.0
284.5608,1.0,0.16039395,0.045434162,1.0,2016-10-19 17:00:00,0.0,0.0,0.0,0.0,0.0
285.18774,1.0,0.3149321,0.1597361,1.0,2016-10-19 18:00:00,0.0,0.0,0.0,0.0,0.0
285.44067,1.0,0.07329953,0.5989082,1.0,2016-10-19 19:00:00,0.0,0.0,0.0,0.0,0.0
285.2705,0.8855642,0.042817406,0.65403175,0.7608737,2016-10-19 20:00:00,0.0,0.0,0.0,0.0,0.0
285.20093,0.4769866,0.047930013,0.1829865,0.4450615,2016-10-19 21:00:00,0.0,0.0,0.0,0.0,0.0
283.792,0.09596443,0.0,0.0,0.09596443,2016-10-19 22:00:00,0.0,0.0,0.0,0.0,0.0
282.8645,0.10625148,0.0016249504,0.003781621,0.105725825,2016-10-19 23:00:00,0.0,0.0,0.0,0.0,0.0
281.86816,0.036841217,0.0084314905,0.0,0.028409727,2016-10-20 00:00:00,0.0,0.0,0.0,0.0,0.0
281.15503,0.13932306,0.015781246,0.0,0.12353569,2016-10-20 01:00:00,0.0,0.0,0.0,0.0,0.0
280.57812,0.9220746,0.017369706,0.0200116,0.9215429,2016-10-20 02:00:00,0.0,0.0,0.0,0.0,0.0
279.70044,0.33962256,0.22586864,0.012060858,0.16929239,2016-10-20 03:00:00,0.0,0.0,0.0,0.0,0.0
279.20215,0.6607509,0.36686665,0.0063285343,0.41708273,2016-10-20 04:00:00,0.0,0.0,0.0,0.0,0.0
278.52173,0.93566316,0.7224017,0.021428775,0.58970124,2016-10-20 05:00:00,0.0,0.0,0.0,0.0,0.0
278.70508,0.9140535,0.8244021,0.015083354,0.38608146,2016-10-20 06:00:00,0.0,0.0,0.0,0.0,0.0
278.69556,0.9310577,0.88848203,0.0026463778,0.24137151,2016-10-20 07:00:00,0.0,0.0,0.0,0.0,0.0
278.57812,0.8157761,0.7797566,0.0010573287,0.14208591,2016-10-20 08:00:00,0.0,0.0,0.0,0.0,0.0
277.62622,0.8526192,0.82982683,0.0,0.11633319,2016-10-20 09:00:00,0.0,0.0,0.0,0.0,0.0
277.37085,0.8812468,0.87435675,0.0,0.10495353,2016-10-20 10:00:00,0.0,0.0,0.0,0.0,0.0
277.42383,0.8564953,0.84643555,0.0,0.06467104,2016-10-20 11:00:00,0.0,0.0,0.0,0.0,0.0
277.18555,0.7910621,0.7900048,0.0,0.0021207693,2016-10-20 12:00:00,0.0,0.0,0.0,0.0,0.0
277.07446,0.7603569,0.75982517,0.0,0.008184664,2016-10-20 13:00:00,0.0,0.0,0.0,0.0,0.0
278.03662,0.7502913,0.74975955,0.0,0.0037098185,2016-10-20 14:00:00,0.0,0.0,0.0,0.0,0.0
280.0022,0.7339056,0.691443,0.0,0.10184449,2016-10-20 15:00:00,0.0,0.0,0.0,0.0,0.0
280.80127,0.9240052,0.82719225,0.0,0.40956384,2016-10-20 16:00:00,0.0,0.0,0.0,0.0,0.0
281.52197,0.9853412,0.9853412,0.0,0.05828368,2016-10-20 17:00:00,0.0,0.0,0.0,0.0,0.0
281.9182,0.8460744,0.84397054,0.0,0.0060638934,2016-10-20 18:00:00,0.0,0.0,0.0,0.0,0.0
282.54224,0.71292895,0.71292895,0.0,0.0,2016-10-20 19:00:00,0.0,0.0,0.0,0.0,0.0
283.07812,0.81967777,0.81967777,0.0,0.0,2016-10-20 20:00:00,0.0,0.0,0.0,0.0,0.0
283.19775,1.0,1.0,0.0016249504,0.0,2016-10-20 21:00:00,0.0,0.0,0.0,0.0,0.0
282.53662,0.8289165,0.8289165,0.0,0.0,2016-10-20 22:00:00,0.0,0.0,0.0,0.0,0.0
281.77832,0.41821474,0.41821474,0.0,0.0,2016-10-20 23:00:00,0.0,0.0,0.0,0.0,0.0
280.76562,0.21174747,0.21174747,0.0,0.0,2016-10-21 00:00:00,0.0,0.0,0.0,0.0,0.0
280.0818,0.23302001,0.23302001,0.0,0.0,2016-10-21 01:00:00,0.0,0.0,0.0,0.0,0.0
279.79736,0.3318898,0.33026487,0.037375297,0.0,2016-10-21 02:00:00,0.0,0.0,0.0,0.0,0.0
278.885,0.16742378,0.14538091,0.10023755,0.0,2016-10-21 03:00:00,0.0,0.0,0.0,0.0,0.0
278.6919,0.3478207,0.2808686,0.31624585,0.0,2016-10-21 04:00:00,0.0,0.0,0.0,0.0,0.0
278.04004,0.64574116,0.41468447,0.6307812,0.0,2016-10-21 05:00:00,0.0,0.0,0.0,0.0,0.0
278.55957,0.80824566,0.6202188,0.7841326,0.0,2016-10-21 06:00:00,0.0,0.0,0.0,0.0,0.0
278.47656,0.9282687,0.66513187,0.9122587,0.0,2016-10-21 07:00:00,0.0,0.0,0.0,0.0,0.0
278.3108,0.93472046,0.58333796,0.933657,0.0,2016-10-21 08:00:00,0.0,0.0,0.0,0.0,0.0
277.17212,0.91313726,0.51079154,0.9094084,0.0,2016-10-21 09:00:00,0.0,0.0,0.0,0.0,0.0
277.23218,0.74583745,0.5647443,0.7096962,0.0,2016-10-21 10:00:00,0.0,0.0,0.0,0.0,0.0
277.02637,0.70545125,0.68034446,0.47636735,0.0,2016-10-21 11:00:00,0.0,0.0,0.0,0.0,0.0
276.97656,0.5139395,0.48857015,0.18216461,0.0,2016-10-21 12:00:00,0.0,3.813414e-07,0.0,3.0475053e-07,0.0
276.92236,0.43008143,0.41770685,0.057020504,0.0,2016-10-21 13:00:00,0.0,1.14079796e-07,0.0,1.9067068e-07,0.0
277.76807,0.3581692,0.35391474,0.008401699,0.005370889,2016-10-21 14:00:00,0.0,0.0,0.0,0.0,0.0
281.12744,0.37808746,0.32000452,0.025738224,0.11497784,2016-10-21 15:00:00,0.0,0.0,0.0,0.0,0.0
282.44653,0.6404941,0.255943,0.0864082,0.4979698,2016-10-21 16:00:00,0.0,0.0,0.0,0.0,0.0
283.72607,0.6474727,0.18210292,0.31607562,0.41201365,2016-10-21 17:00:00,0.0,0.0,0.0,0.0,0.0
283.91064,0.98994017,0.09821689,0.6320908,0.9812455,2016-10-21 18:00:00,0.0,0.0,0.0,0.0,0.0
284.4851,1.0,0.058113772,0.8636507,0.9989426,2016-10-21 19:00:00,0.0,0.0,0.0,0.0,0.0
284.875,1.0,0.027327273,0.99627113,0.98085976,2016-10-21 20:00:00,0.0,0.0,0.0,0.0,0.0
284.9004,0.94118196,0.0010573287,0.9123887,0.56408536,2016-10-21 21:00:00,0.0,0.0,0.0,0.0,0.0
284.17603,0.82866794,0.00053172023,0.8161366,0.09541702,2016-10-21 22:00:00,0.0,0.0,0.0,0.0,0.0
283.7815,0.37438613,0.0,0.36192524,0.11539078,2016-10-21 23:00:00,0.0,0.0,0.0,0.0,0.0
283.25098,0.61827075,0.0,0.61827075,0.0,2016-10-22 00:00:00,0.0,0.0,0.0,0.0,0.0
283.1172,0.68690795,0.028139316,0.68690795,0.0,2016-10-22 01:00:00,0.0,0.0,0.0,0.0,0.0
282.8064,0.5847589,0.11132908,0.5732882,0.0,2016-10-22 02:00:00,0.0,0.0,0.0,0.0,0.0
282.12085,0.42843384,0.29959607,0.32740504,0.0,2016-10-22 03:00:00,0.0,0.0,0.0,0.0,0.0
281.86304,0.33284843,0.22161138,0.27275157,0.0,2016-10-22 04:00:00,0.0,0.0,0.0,0.0,0.0
281.32007,0.28760123,0.22698939,0.2722438,0.0,2016-10-22 05:00:00,0.0,0.0,0.0,0.0,0.0
280.9541,0.22981882,0.14344823,0.1867497,0.0,2016-10-22 06:00:00,0.0,0.0,0.0,0.0,0.0
280.6411,0.07477993,0.039911266,0.05888744,0.0,2016-10-22 07:00:00,0.0,0.0,0.0,0.0,0.0
279.92065,0.03497188,0.0,0.03497188,0.0,2016-10-22 08:00:00,0.0,0.0,0.0,0.0,9.549569e-08
278.9331,0.0057992525,0.0,0.0057992525,0.0,2016-10-22 09:00:00,0.0,0.0,0.0,0.0,0.0
277.27148,0.0,0.0,0.0,0.0,2016-10-22 10:00:00,0.0,0.0,0.0,0.0,0.0
276.886,0.0,0.0,0.0,0.0,2016-10-22 11:00:00,0.0,0.0,0.0,0.0,0.0
276.40186,0.0,0.0,0.0,0.0,2016-10-22 12:00:00,0.0,0.0,0.0,0.0,0.0
276.3579,0.0,0.0,0.0,0.0,2016-10-22 13:00:00,0.0,0.0,0.0,0.0,0.0
278.99463,0.0,0.0,0.0,0.0,2016-10-22 14:00:00,0.0,0.0,0.0,0.0,0.0
283.27368,0.0,0.0,0.0,0.0,2016-10-22 15:00:00,0.0,0.0,0.0,0.0,0.0
285.2749,0.033155162,0.0,0.0,0.033155162,2016-10-22 16:00:00,0.0,0.0,0.0,0.0,0.0
286.96387,0.05530512,0.0,0.0,0.05530512,2016-10-22 17:00:00,0.0,0.0,0.0,0.0,0.0
288.41577,0.080972135,0.0,0.0,0.080972135,2016-10-22 18:00:00,0.0,0.0,0.0,0.0,0.0
289.32983,0.18764669,0.0,0.0,0.18764669,2016-10-22 19:00:00,0.0,0.0,0.0,0.0,0.0
290.25488,0.10190374,0.0,0.0,0.10190374,2016-10-22 20:00:00,0.0,0.0,0.0,0.0,0.0
291.2173,0.410738,0.0,0.0,0.410738,2016-10-22 21:00:00,0.0,0.0,0.0,0.0,0.0
289.5957,0.4589839,0.0,0.0,0.4589839,2016-10-22 22:00:00,0.0,0.0,0.0,0.0,0.0
289.1338,0.08559531,0.0,0.0,0.08559531,2016-10-22 23:00:00,0.0,0.0,0.0,0.0,0.0
285.98682,0.016903486,0.0,0.0,0.016903486,2016-10-23 00:00:00,0.0,0.0,0.0,0.0,0.0
284.10376,0.005003199,0.0,0.0,0.005003199,2016-10-23 01:00:00,0.0,0.0,0.0,0.0,0.0
283.32788,0.07055044,0.0,0.0082530975,0.07055044,2016-10-23 02:00:00,0.0,0.0,0.0,0.0,0.0
281.7412,0.080886364,0.0,0.07750809,0.0100932345,2016-10-23 03:00:00,0.0,0.0,0.0,0.0,0.0
281.5774,0.0,0.0,0.0,0.0,2016-10-23 04:00:00,0.0,0.0,0.0,0.0,0.0
281.43726,0.020210877,0.0,0.020210877,0.0,2016-10-23 05:00:00,0.0,0.0,0.0,0.0,0.0
281.35327,0.0,0.0,0.0,0.0,2016-10-23 06:00:00,0.0,0.0,0.0,0.0,0.0
281.7649,0.0,0.0,0.0,0.0,2016-10-23 07:00:00,0.0,0.0,0.0,0.0,0.0
281.44897,0.0,0.0,0.0,0.0,2016-10-23 08:00:00,0.0,0.0,0.0,0.0,0.0
280.67993,0.0,0.0,0.0,0.0,2016-10-23 09:00:00,0.0,0.0,0.0,0.0,0.0
280.28882,0.0,0.0,0.0,0.0,2016-10-23 10:00:00,0.0,0.0,0.0,0.0,0.0
280.32056,0.0,0.0,0.0,0.0,2016-10-23 11:00:00,0.0,0.0,0.0,0.0,0.0
280.41846,0.0,0.0,0.0,0.0,2016-10-23 12:00:00,0.0,0.0,0.0,0.0,0.0
280.82715,0.0,0.0,0.0,0.0,2016-10-23 13:00:00,0.0,0.0,0.0,0.0,0.0
282.35376,0.005832717,0.005832717,0.0,0.0,2016-10-23 14:00:00,0.0,0.0,0.0,0.0,0.0
284.65503,0.21084416,0.21084416,0.0,0.0,2016-10-23 15:00:00,0.0,0.0,0.0,0.0,0.0
285.67627,0.70332146,0.70332146,0.0,0.0,2016-10-23 16:00:00,0.0,0.0,0.0,0.0,0.0
286.36987,0.9407902,0.9407902,0.0,0.0,2016-10-23 17:00:00,0.0,0.0,0.0,0.0,0.0
285.9807,0.991523,0.991523,0.0,0.0,2016-10-23 18:00:00,0.0,0.0,0.0,0.0,0.0
285.52002,1.0,1.0,0.0023709626,0.0,2016-10-23 19:00:00,0.0,0.0,0.0,0.0,0.0
285.34595,1.0,1.0,0.0,0.0,2016-10-23 20:00:00,0.0,0.0,0.0,0.0,0.0
285.19678,1.0,1.0,0.0,0.0,2016-10-23 21:00:00,0.0,5.07797e-06,0.0,5.2116e-06,0.0
284.46973,0.8703721,0.8703721,0.0,0.0,2016-10-23 22:00:00,0.0,1.929079e-05,0.0,1.9052371e-05,0.0
284.04858,0.5504911,0.5504911,0.0,0.0,2016-10-23 23:00:00,0.0,0.0,0.0,0.0,0.0
282.91992,0.23867887,0.23867887,0.0,0.0,2016-10-24 00:00:00,0.0,0.0,0.0,0.0,0.0
282.52417,0.18242013,0.18242013,0.0,0.0,2016-10-24 01:00:00,0.0,0.0,0.0,0.0,0.0
281.74634,0.043435328,0.043435328,0.0,0.0,2016-10-24 02:00:00,0.0,0.0,0.0,0.0,0.0
280.82788,0.03795223,0.03795223,0.0,0.0,2016-10-24 03:00:00,0.0,0.0,0.0,0.0,0.0
280.0481,0.1401403,0.1401403,0.0,0.0,2016-10-24 04:00:00,0.0,0.0,0.0,0.0,0.0
279.12646,0.46350193,0.46350193,0.0,0.0,2016-10-24 05:00:00,0.0,0.0,0.0,0.0,0.0
278.24072,0.7551952,0.7551952,0.0,0.0,2016-10-24 06:00:00,0.0,0.0,0.0,0.0,0.0
278.01685,0.8821144,0.8821144,0.0,0.0,2016-10-24 07:00:00,0.0,1.9099144e-07,0.0,0.0,9.549569e-08
277.7063,0.95238686,0.95238686,0.0,0.0,2016-10-24 08:00:00,0.0,0.0,0.0,0.0,0.0
277.04688,0.87377906,0.87377906,0.0,0.0,2016-10-24 09:00:00,0.0,6.0950106e-07,0.0,0.0,6.0950106e-07
275.52173,0.62253016,0.62253016,0.0,0.0,2016-10-24 10:00:00,0.0,0.0,0.0,0.0,0.0
275.3684,0.39209884,0.39209884,0.0,0.0,2016-10-24 11:00:00,0.0,0.0,0.0,0.0,0.0
275.30884,0.31402975,0.28577268,0.0,0.034072645,2016-10-24 12:00:00,0.0,0.0,0.0,0.0,0.0
274.9348,0.23596686,0.1315965,0.0,0.1656928,2016-10-24 13:00:00,0.0,0.0,0.0,0.0,0.0
276.56055,0.2619412,0.008673575,0.0,0.25489253,2016-10-24 14:00:00,0.0,0.0,0.0,0.0,0.0
280.5669,0.053585995,0.0,0.0,0.053585995,2016-10-24 15:00:00,0.0,0.0,0.0,0.0,0.0
282.21924,0.0,0.0,0.0,0.0,2016-10-24 16:00:00,0.0,0.0,0.0,0.0,0.0
283.98315,0.0,0.0,0.0,0.0,2016-10-24 17:00:00,0.0,0.0,0.0,0.0,0.0
284.47168,0.0,0.0,0.0,0.0,2016-10-24 18:00:00,0.0,0.0,0.0,0.0,0.0
285.1975,0.1894893,0.0,0.0,0.1894893,2016-10-24 19:00:00,0.0,0.0,0.0,0.0,0.0
285.64038,0.44231868,0.0,0.0,0.44231868,2016-10-24 20:00:00,0.0,0.0,0.0,0.0,0.0
285.92847,0.4883747,0.0,0.0,0.4883747,2016-10-24 21:00:00,0.0,0.0,0.0,0.0,0.0
284.7893,0.00053172023,0.0,0.0,0.00053172023,2016-10-24 22:00:00,0.0,0.0,0.0,0.0,0.0
283.59277,0.0,0.0,0.0,0.0,2016-10-24 23:00:00,0.0,0.0,0.0,0.0,0.0
281.51904,0.26776898,0.0,0.0,0.26776898,2016-10-25 00:00:00,0.0,0.0,0.0,0.0,0.0
280.23047,1.0,0.0,0.0,1.0,2016-10-25 01:00:00,0.0,0.0,0.0,0.0,0.0
279.81128,0.97857773,0.0,0.0,0.97857773,2016-10-25 02:00:00,0.0,0.0,0.0,0.0,0.0
278.85107,0.928447,0.0,0.0,0.928447,2016-10-25 03:00:00,0.0,0.0,0.0,0.0,0.0
278.53735,0.9594447,0.0,0.0,0.9594447,2016-10-25 04:00:00,0.0,0.0,0.0,0.0,0.0
278.1643,0.98578,0.0,0.0,0.98578,2016-10-25 05:00:00,0.0,0.0,0.0,0.0,0.0
278.5144,0.9850114,0.0,0.0,0.9850114,2016-10-25 06:00:00,0.0,0.0,0.0,0.0,0.0
278.4204,0.998375,0.0,0.0,0.998375,2016-10-25 07:00:00,0.0,0.0,0.0,0.0,0.0
278.11523,0.99164295,0.0,0.0,0.99164295,2016-10-25 08:00:00,0.0,0.0,0.0,0.0,0.0
278.10522,0.971536,0.0,0.025594126,0.971536,2016-10-25 09:00:00,0.0,0.0,0.0,0.0,0.0
278.0244,0.9966217,0.0,0.15981191,0.9966217,2016-10-25 10:00:00,0.0,0.0,0.0,0.0,0.0
277.8999,1.0,0.0,0.25066596,1.0,2016-10-25 11:00:00,0.0,0.0,0.0,0.0,0.0
278.06055,1.0,0.0,0.44128662,1.0,2016-10-25 12:00:00,0.0,0.0,0.0,0.0,0.0
278.43286,0.9949968,0.0,0.6485835,0.9949968,2016-10-25 13:00:00,0.0,0.0,0.0,0.0,0.0
278.97583,1.0,0.0,0.8723497,0.9978961,2016-10-25 14:00:00,0.0,0.0,0.0,0.0,0.0
280.81763,0.9949934,0.0,0.81073785,0.98498636,2016-10-25 15:00:00,0.0,0.0,0.0,0.0,0.0
281.8396,1.0,0.0,0.6425204,1.0,2016-10-25 16:00:00,0.0,0.0,0.0,0.0,0.0
282.76978,1.0,0.0,0.19453901,1.0,2016-10-25 17:00:00,0.0,0.0,0.0,0.0,0.0
283.59717,1.0,0.0,0.5621433,1.0,2016-10-25 18:00:00,0.0,0.0,0.0,0.0,0.0
283.96167,1.0,0.007368978,0.9466076,1.0,2016-10-25 19:00:00,0.0,5.3452317e-07,0.0,0.0,5.3452317e-07
283.94434,1.0,0.01555733,0.9515647,1.0,2016-10-25 20:00:00,1.0,1.9469677e-05,0.0,0.0,1.9469677e-05
283.6438,1.0,0.004207764,0.9548607,1.0,2016-10-25 21:00:00,1.0,7.5914155e-05,0.0,0.0,7.5914155e-05
282.16602,1.0,0.013033811,1.0,1.0,2016-10-25 22:00:00,1.0,0.00012593798,0.0,0.0,0.00012593798
281.8767,1.0,0.019218914,1.0,1.0,2016-10-25 23:00:00,1.0,0.00021295076,0.0,0.0,0.00021295076
281.41406,1.0,0.005006563,1.0,1.0,2016-10-26 00:00:00,1.0,0.0003012654,0.0,0.0,0.0003012654
281.2439,1.0,0.0,1.0,1.0,2016-10-26 01:00:00,1.0,0.0002977976,0.0,0.0,0.0002980649
280.82812,1.0,0.01742329,1.0,1.0,2016-10-26 02:00:00,1.0,0.00029119523,0.0,0.0,0.00029119523
280.62622,1.0,0.12157279,1.0,1.0,2016-10-26 03:00:00,1.0,0.0008347309,0.0,0.00022724905,0.00060761534
280.45972,1.0,0.60801226,1.0,1.0,2016-10-26 04:00:00,1.0,0.002285357,0.0,0.0010944097,0.0011907949
280.35425,1.0,1.0,1.0,1.0,2016-10-26 05:00:00,1.0,0.0029701304,0.0,0.0009948306,0.0019754616
280.37964,1.0,1.0,1.0,1.0,2016-10-26 06:00:00,1.0,0.003375978,0.0,0.00091247424,0.0024636753
280.18506,1.0,1.0,1.0,1.0,2016-10-26 07:00:00,1.0,0.0035083105,0.0,0.0013532806,0.0021549729
280.13647,1.0,1.0,1.0,1.0,2016-10-26 08:00:00,1.0,0.0027408048,0.0,0.00040011946,0.0023406467
279.91382,1.0,1.0,1.0,1.0,2016-10-26 09:00:00,1.0,0.0018671586,0.0,2.2583597e-05,0.0018444413
280.15088,1.0,1.0,1.0,1.0,2016-10-26 10:00:00,1.0,0.001178165,0.0,8.451373e-06,0.0011697612
280.0962,1.0,1.0,1.0,0.998375,2016-10-26 11:00:00,1.0,0.0010467067,0.0,0.00024286083,0.000803903
280.05957,1.0,1.0,1.0,0.9532881,2016-10-26 12:00:00,1.0,0.00061062304,0.0,4.6934612e-05,0.00056355493
280.08667,1.0,1.0,0.9954723,0.7460089,2016-10-26 13:00:00,1.0,0.0005537055,0.0,1.3363075e-07,0.0005537055
280.14038,1.0,1.0,0.9826043,0.4028793,2016-10-26 14:00:00,1.0,0.0007160974,0.0,9.549569e-08,0.0007155065
280.25,1.0,1.0,0.91967833,0.16997206,2016-10-26 15:00:00,1.0,0.00062846346,0.0,3.2462225e-07,0.0006279289
279.86108,1.0,1.0,0.83500326,0.1461488,2016-10-26 16:00:00,1.0,0.0005407047,0.0,3.8185644e-06,0.0005368863
279.66455,1.0,1.0,0.7379271,0.03333883,2016-10-26 17:00:00,1.0,0.0004633048,0.0,5.9684835e-06,0.00045738416
279.44873,1.0,1.0,0.8061019,0.0,2016-10-26 18:00:00,1.0,0.00019929583,0.0,4.7747868e-08,0.00019920034
279.5205,1.0,1.0,0.6145669,0.0,2016-10-26 19:00:00,1.0,4.4067623e-05,0.0,4.7825024e-06,3.9371007e-05
279.41797,1.0,1.0,0.45325196,0.0,2016-10-26 20:00:00,1.0,3.925053e-05,0.0,2.339645e-06,3.6863144e-05
279.63428,1.0,1.0,0.39511877,0.0,2016-10-26 21:00:00,1.0,7.59416e-06,0.0,1.2414439e-06,6.448211e-06
280.20972,1.0,1.0,0.5639667,0.0,2016-10-26 22:00:00,1.0,2.976385e-06,0.0,0.0,2.976385e-06
280.09375,1.0,1.0,0.6326311,0.0,2016-10-26 23:00:00,1.0,3.2039034e-06,0.0,0.0,2.936642e-06
280.1411,1.0,1.0,0.6079371,0.0,2016-10-27 00:00:00,1.0,1.1818338e-06,0.0,0.0,1.1818338e-06
280.06372,1.0,1.0,0.43769717,0.0,2016-10-27 01:00:00,1.0,3.813414e-07,0.0,0.0,4.7683716e-07
280.04468,1.0,1.0,0.40018642,0.058431596,2016-10-27 02:00:00,0.0,0.0,0.0,0.0,0.0
279.7173,1.0,1.0,0.051396403,0.053716626,2016-10-27 03:00:00,0.0,0.0,0.0,0.0,0.0
279.41455,0.9899067,0.9899067,0.0,0.0,2016-10-27 04:00:00,1.0,0.0,0.0,0.0,0.0
279.1858,0.986155,0.986155,0.0100932345,0.0,2016-10-27 05:00:00,1.0,0.0,0.0,1.3363075e-07,0.0
279.06372,0.986155,0.986155,0.0016249504,0.0,2016-10-27 06:00:00,1.0,0.0,0.0,0.0,0.0
279.13452,0.9851648,0.9851648,0.0,0.0,2016-10-27 07:00:00,0.0,0.0,0.0,0.0,0.0
279.04346,0.98999023,0.98999023,0.0,0.02510349,2016-10-27 08:00:00,1.0,1.6035692e-06,0.0,1.7371995e-06,0.0
278.9546,0.9899424,0.9899424,0.0033782488,0.009008683,2016-10-27 09:00:00,1.0,0.0,0.0,0.0,0.0
279.16016,0.9902407,0.9738165,0.6620887,0.0,2016-10-27 10:00:00,0.0,9.549569e-08,0.0,0.0,0.0
279.2307,1.0,0.9626427,1.0,0.04840642,2016-10-27 11:00:00,1.0,9.549569e-08,0.0,0.0,9.549569e-08
279.20166,1.0,0.98368436,0.9966217,0.017231598,2016-10-27 12:00:00,1.0,0.0,0.0,0.0,0.0
279.11963,0.98384035,0.96347976,0.8747183,0.20902336,2016-10-27 13:00:00,1.0,1.1700531e-05,0.0,0.0,1.1700531e-05
279.2661,1.0,0.9914871,0.78702885,0.64139956,2016-10-27 14:00:00,1.0,0.0001264877,0.0,0.0,0.00012639222
279.8938,1.0,0.97573155,0.85246277,0.95505816,2016-10-27 15:00:00,1.0,0.00016715184,0.0,0.0,0.00016715184
280.15796,0.998375,0.87237686,0.9657,0.95627326,2016-10-27 16:00:00,1.0,8.559336e-05,0.0,0.0,8.570745e-05
280.55835,1.0,0.25999725,0.99946827,0.9532798,2016-10-27 17:00:00,1.0,2.2529828e-05,0.0,0.0,2.2911161e-05
280.7478,1.0,0.019151289,0.9989426,0.99371904,2016-10-27 18:00:00,1.0,7.168538e-06,0.0,5.853394e-06,1.3721838e-06
280.7942,1.0,0.39374804,0.9593526,1.0,2016-10-27 19:00:00,0.0,1.3036059e-05,0.0,0.0,1.330332e-05
281.3413,1.0,0.017431494,0.84799606,1.0,2016-10-27 20:00:00,0.0,0.0,0.0,0.0,0.0
281.958,0.99078566,0.0,0.7212457,0.9630752,2016-10-27 21:00:00,0.0,6.0950106e-07,0.0,0.0,6.0950106e-07
281.1372,0.99206334,0.298841,0.27662647,0.98863506,2016-10-27 22:00:00,0.0,0.0,0.0,0.0,0.0
281.15356,0.9317583,0.47103125,0.008357041,0.88830817,2016-10-27 23:00:00,0.0,0.0,0.0,0.0,0.0
281.17798,0.19523811,0.19523811,0.0,0.0,2016-10-28 00:00:00,0.0,0.0,0.0,0.0,0.0
281.0652,0.056247097,0.049515005,0.0067320913,0.0,2016-10-28 01:00:00,0.0,0.0,0.0,0.0,0.0
281.05786,0.41441202,0.013471484,0.014106251,0.39184725,2016-10-28 02:00:00,0.0,0.0,0.0,0.0,0.0
280.82178,0.9966217,0.0,0.0,0.9966217,2016-10-28 03:00:00,0.0,0.0,0.0,0.0,0.0
280.76147,0.9954723,0.0,0.009478044,0.9954723,2016-10-28 04:00:00,0.0,0.0,0.0,0.0,0.0
280.4834,0.99627113,0.0,0.0,0.99627113,2016-10-28 05:00:00,0.0,0.0,0.0,0.0,0.0
280.563,0.99336845,0.0,0.0,0.99336845,2016-10-28 06:00:00,0.0,0.0,0.0,0.0,0.0
280.68506,1.0,0.0,0.0,1.0,2016-10-28 07:00:00,0.0,0.0,0.0,0.0,0.0
280.61108,0.99368834,0.0,0.0,0.99368834,2016-10-28 08:00:00,0.0,0.0,0.0,0.0,0.0
280.70947,1.0,0.0,0.026599433,1.0,2016-10-28 09:00:00,0.0,0.0,0.0,0.0,0.0
281.39014,1.0,0.0057492107,0.04939411,1.0,2016-10-28 10:00:00,0.0,0.0,0.0,0.0,0.0
281.4348,1.0,0.036413223,0.0100932345,1.0,2016-10-28 11:00:00,0.0,0.0,0.0,0.0,0.0
281.62573,0.99289286,0.06940353,0.0,0.99289286,2016-10-28 12:00:00,0.0,0.0,0.0,0.0,0.0
282.07935,1.0,0.1596145,0.0,1.0,2016-10-28 13:00:00,0.0,0.0,0.0,0.0,0.0
282.78198,1.0,0.25286406,0.0,1.0,2016-10-28 14:00:00,0.0,0.0,0.0,0.0,0.0
285.83838,1.0,0.25377965,0.0,0.9905219,2016-10-28 15:00:00,0.0,0.0,0.0,0.0,0.0
287.16675,0.9837398,0.017008934,0.0,0.9837398,2016-10-28 16:00:00,0.0,0.0,0.0,0.0,0.0
288.7395,0.99683875,0.0,0.0,0.99683875,2016-10-28 17:00:00,0.0,0.0,0.0,0.0,0.0
290.21802,0.9831722,0.0,0.0029026829,0.9831722,2016-10-28 18:00:00,0.0,0.0,0.0,0.0,0.0
291.62158,0.9949968,0.0,0.009103052,0.9949968,2016-10-28 19:00:00,0.0,0.0,0.0,0.0,0.0
292.72388,0.99164295,0.0,0.0033782488,0.99164295,2016-10-28 20:00:00,0.0,0.0,0.0,0.0,0.0
294.05225,0.9834115,0.0,0.0,0.9834115,2016-10-28 21:00:00,0.0,0.0,0.0,0.0,0.0
293.14478,0.99609,0.0,0.0,0.99609,2016-10-28 22:00:00,0.0,0.0,0.0,0.0,0.0
292.12744,1.0,0.0,0.0,1.0,2016-10-28 23:00:00,0.0,0.0,0.0,0.0,0.0
290.6836,1.0,0.0,0.0,1.0,2016-10-29 00:00:00,0.0,0.0,0.0,0.0,0.0
289.57056,0.98999536,0.0,0.0016249504,0.98999536,2016-10-29 01:00:00,0.0,0.0,0.0,0.0,0.0
289.07617,0.9515207,0.0,0.21924734,0.9370638,2016-10-29 02:00:00,0.0,0.0,0.0,0.0,0.0
287.3003,0.93840915,0.0,0.3359887,0.885537,2016-10-29 03:00:00,0.0,0.0,0.0,0.0,0.0
286.7688,0.97340447,0.0,0.501197,0.95296156,2016-10-29 04:00:00,0.0,0.0,0.0,0.0,0.0
285.92188,0.96016926,0.0,0.1842894,0.9466978,2016-10-29 05:00:00,0.0,0.0,0.0,0.0,0.0
285.66602,0.9630752,0.0016249504,0.010356981,0.9630752,2016-10-29 06:00:00,0.0,0.0,0.0,0.0,0.0
285.4917,0.74934006,0.014873948,0.047652107,0.7261439,2016-10-29 07:00:00,0.0,0.0,0.0,0.0,0.0
285.03345,0.9832581,0.08465308,0.107858956,0.9816332,2016-10-29 08:00:00,0.0,0.0,0.0,0.0,0.0
284.12964,0.978915,0.30337626,0.136258,0.9689086,2016-10-29 09:00:00,1.0,0.0,0.0,0.0,0.0
284.19922,0.9889464,0.6419178,0.24092036,0.9339445,2016-10-29 10:00:00,1.0,5.3983995e-06,0.0,5.1692723e-06,9.549569e-08
284.4087,0.9754485,0.8378137,0.40891898,0.83596957,2016-10-29 11:00:00,0.0,1.5102408e-05,0.0,1.4663706e-05,5.7233285e-07
284.41382,0.9886372,0.9637252,0.6846494,0.5731112,2016-10-29 12:00:00,1.0,9.549569e-08,0.0,0.0,9.549569e-08
284.34717,0.9989426,0.9872876,0.9313898,0.27760154,2016-10-29 13:00:00,1.0,3.813414e-07,0.0,0.0,3.813414e-07
284.49658,1.0,0.9785543,0.94445705,0.9416038,2016-10-29 14:00:00,0.0,2.6726156e-07,0.0,0.0,2.6726156e-07
285.16064,1.0,0.8777495,0.98368436,0.988393,2016-10-29 15:00:00,0.0,0.0,0.0,0.0,0.0
285.37817,1.0,0.92831665,0.98840636,1.0,2016-10-29 16:00:00,0.0,0.0,0.0,0.0,0.0
285.8418,1.0,0.92596745,0.93377835,0.99336845,2016-10-29 17:00:00,0.0,0.0,0.0,0.0,0.0
285.8623,1.0,0.6294094,1.0,0.99371904,2016-10-29 18:00:00,0.0,0.0,0.0,0.0,0.0
285.57837,1.0,0.91836154,0.9978792,0.9973177,2016-10-29 19:00:00,1.0,0.0006580991,0.0,0.0001332905,0.0005249041
284.97095,1.0,0.9403982,0.98747194,1.0,2016-10-29 20:00:00,1.0,0.0006080193,0.0,5.252735e-05,0.00055524404
284.05444,1.0,0.94964206,0.7865014,0.9970973,2016-10-29 21:00:00,1.0,0.00072845095,0.0,0.00027808035,0.00045044697
283.29224,1.0,0.05297645,0.98970896,1.0,2016-10-29 22:00:00,1.0,0.00050416915,0.0,0.00021161781,0.00029227464
282.73438,1.0,0.002103883,0.99841094,0.9720304,2016-10-29 23:00:00,1.0,0.00032102154,0.0,9.8473014e-05,0.00022277764
282.42603,0.9434139,0.11377019,0.86123085,0.8989224,2016-10-30 00:00:00,1.0,0.00021614824,0.0,0.00010752688,0.00010871685
282.0752,0.88842046,0.4085561,0.48088235,0.7632374,2016-10-30 01:00:00,1.0,0.00015787125,0.0,0.00011374174,4.4177898e-05
281.85864,0.93452156,0.90324163,0.19952273,0.35940152,2016-10-30 02:00:00,0.0,2.7650152e-05,0.0,1.742797e-05,1.0060362e-05
281.2798,0.91004264,0.9046717,0.054697942,0.031994738,2016-10-30 03:00:00,1.0,6.6847014e-07,0.0,0.0,6.6847014e-07
281.1184,0.99364376,0.99364376,0.0015890491,0.00053172023,2016-10-30 04:00:00,1.0,0.0,0.0,0.0,2.6726156e-07
280.58447,0.99675006,0.99675006,0.0,0.0,2016-10-30 05:00:00,1.0,9.158646e-07,0.0,0.0,9.158646e-07
280.62817,0.97279507,0.97279507,0.0,0.0,2016-10-30 06:00:00,1.0,1.2434301e-05,0.0,0.0,1.2434301e-05
280.70654,0.9041711,0.9041711,0.0,0.0,2016-10-30 07:00:00,1.0,5.6444924e-06,0.0,0.0,5.6444924e-06
280.5703,0.78424776,0.78424776,0.0,0.0,2016-10-30 08:00:00,1.0,1.4426948e-05,0.0,0.0,1.4426948e-05
280.00903,0.7282139,0.7282139,0.0,0.0,2016-10-30 09:00:00,1.0,1.0605798e-05,0.0,0.0,1.0605798e-05
279.49927,0.85722595,0.85722595,0.0,0.0,2016-10-30 10:00:00,1.0,1.1719116e-05,0.0,0.0,1.1451854e-05
279.56104,0.7797474,0.7797474,0.0,0.0,2016-10-30 11:00:00,1.0,5.078602e-06,0.0,0.0,4.8113407e-06
279.52173,0.69828075,0.69828075,0.0,0.0,2016-10-30 12:00:00,1.0,6.986602e-06,0.0,0.0,6.986602e-06
279.32056,0.73901767,0.73901767,0.0,0.0,2016-10-30 13:00:00,1.0,7.903117e-06,0.0,0.0,7.903117e-06
279.29346,0.7774126,0.7774126,0.0,0.0,2016-10-30 14:00:00,1.0,1.45410095e-05,0.0,0.0,1.4273747e-05
279.74976,0.85019064,0.85019064,0.0,0.0,2016-10-30 15:00:00,0.0,2.2880477e-06,0.0,0.0,2.2880477e-06
279.9558,0.93813324,0.92513734,0.0,0.16698527,2016-10-30 16:00:00,0.0,0.0,0.0,0.0,0.0
280.24805,1.0,1.0,0.0,0.0033782488,2016-10-30 17:00:00,0.0,0.0,0.0,0.0,0.0
280.30884,1.0,1.0,0.0,0.0,2016-10-30 18:00:00,0.0,0.0,0.0,0.0,0.0
280.4619,1.0,1.0,0.0,0.073538065,2016-10-30 19:00:00,0.0,0.0,0.0,0.0,0.0
280.47144,1.0,1.0,0.0,0.39566988,2016-10-30 20:00:00,0.0,0.0,0.0,0.0,0.0
280.7268,0.99946827,0.99946827,0.0,0.14092618,2016-10-30 21:00:00,0.0,0.0,0.0,0.0,0.0
280.16504,0.9495021,0.9225518,0.0,0.53264755,2016-10-30 22:00:00,0.0,0.0,0.0,0.0,0.0
279.80762,0.9966217,0.90909743,0.0,0.9932679,2016-10-30 23:00:00,0.0,0.0,0.0,0.0,0.0
279.65234,1.0,0.9942508,0.0,0.9947349,2016-10-31 00:00:00,0.0,0.0,0.0,0.0,0.0
279.59204,0.9978792,0.94719905,0.0,0.94871706,2016-10-31 01:00:00,0.0,0.0,0.0,0.0,0.0
279.5027,0.99657166,0.84381205,0.07210964,0.9687268,2016-10-31 02:00:00,0.0,0.0,0.0,0.0,0.0
279.02856,0.9752486,0.745961,0.35339594,0.89170974,2016-10-31 03:00:00,0.0,0.0,0.0,0.0,0.0
278.62646,1.0,0.34117937,0.52096874,1.0,2016-10-31 04:00:00,0.0,0.0,0.0,0.0,0.0
278.6018,0.9886299,0.17215723,0.2578196,0.98527604,2016-10-31 05:00:00,1.0,0.0,0.0,0.0,0.0
278.54907,0.8572497,0.023192238,0.0609827,0.8477512,2016-10-31 06:00:00,1.0,0.0,0.0,0.0,0.0
278.83667,0.78651905,0.033249825,0.0,0.7678471,2016-10-31 07:00:00,1.0,5.9091695e-07,0.0,0.0,5.9091695e-07
278.7727,0.9775763,0.1249814,0.00053172023,0.9775763,2016-10-31 08:00:00,1.0,0.0,0.0,0.0,0.0
278.73413,0.9804287,0.13003737,0.04267938,0.9804287,2016-10-31 09:00:00,1.0,0.0,0.0,0.0,0.0
280.13818,0.9901048,0.07648647,0.3005634,0.9901048,2016-10-31 10:00:00,1.0,9.549569e-08,0.0,0.0,9.549569e-08
280.1692,0.99262583,0.0883379,0.198767,0.99262583,2016-10-31 11:00:00,1.0,9.549569e-08,0.0,0.0,9.549569e-08
280.55054,0.995108,0.07655823,0.0902729,0.995108,2016-10-31 12:00:00,1.0,0.0,0.0,0.0,0.0
280.96387,0.987272,0.017618049,0.00053172023,0.98563,2016-10-31 13:00:00,1.0,0.0,0.0,0.0,0.0
281.81714,0.9696512,0.014420934,0.23008162,0.96702176,2016-10-31 14:00:00,1.0,4.7683716e-07,0.0,0.0,7.440987e-07
282.97217,0.89990014,0.06074357,0.39983064,0.8410325,2016-10-31 15:00:00,1.0,2.6726156e-07,0.0,0.0,2.6726156e-07
283.98975,0.94629717,0.20034456,0.10275203,0.92804164,2016-10-31 16:00:00,0.0,0.0,0.0,0.0,0.0
284.6858,0.9243273,0.3133545,0.0,0.9021816,2016-10-31 17:00:00,0.0,1.5650994e-06,0.0,0.0,1.8323608e-06
284.87915,0.88691896,0.85211366,0.0,0.34356296,2016-10-31 18:00:00,0.0,1.8887549e-06,0.0,0.0,1.8887549e-06
284.9463,0.93862945,0.93862945,0.0052650943,0.0,2016-10-31 19:00:00,0.0,8.7804574e-07,0.0,0.0,8.7804574e-07
285.3806,1.0,1.0,0.06647855,0.0,2016-10-31 20:00:00,1.0,0.0,0.0,0.0,0.0
286.03955,1.0,1.0,0.020895686,0.0,2016-10-31 21:00:00,1.0,3.2250719e-06,0.0,0.0,3.2250719e-06
285.5598,1.0,1.0,0.078526616,0.0,2016-10-31 22:00:00,1.0,5.593244e-05,0.0,0.0,5.593244e-05
286.01782,0.9770989,0.9770989,0.0015890491,0.0,2016-10-31 23:00:00,1.0,7.62336e-05,0.0,0.0,7.62336e-05
286.33032,0.9124328,0.9124328,0.0,0.0,2016-11-01 00:00:00,1.0,5.428944e-05,0.0,0.0,5.4499003e-05
286.52393,0.77204156,0.77204156,0.0,0.0,2016-11-01 01:00:00,1.0,1.979187e-05,0.0,0.0,1.979187e-05
286.35376,0.27324116,0.22042674,0.06001563,0.0048919544,2016-11-01 02:00:00,0.0,3.5647272e-06,0.0,0.0,3.5647272e-06
286.52954,0.14281553,0.0,0.06998134,0.100670815,2016-11-01 03:00:00,0.0,5.9091695e-07,0.0,0.0,5.9091695e-07
286.32617,0.12447494,0.0,0.044361856,0.09633052,2016-11-01 04:00:00,0.0,0.0,0.0,0.0,0.0
285.781,0.4563372,0.0,0.1157738,0.43238068,2016-11-01 05:00:00,0.0,2.138092e-06,0.0,2.2717231e-06,0.0
285.56592,0.15200001,0.0,0.11430174,0.07664806,2016-11-01 06:00:00,0.0,1.0508369e-05,0.0,1.0632707e-05,0.0
285.31006,0.23880494,0.0,0.2340703,0.004741922,2016-11-01 07:00:00,0.0,0.0,0.0,0.0,0.0
285.04126,0.3620265,0.0,0.36149478,0.0010573287,2016-11-01 08:00:00,0.0,0.0,0.0,0.0,0.0
283.86646,0.2096383,0.0,0.2096383,0.0023709626,2016-11-01 09:00:00,0.0,0.0,0.0,0.0,0.0
282.55566,0.02449847,0.0,0.02449847,0.0,2016-11-01 10:00:00,0.0,0.0,0.0,0.0,0.0
282.55322,0.0021207693,0.0,0.0,0.0021207693,2016-11-01 11:00:00,0.0,0.0,0.0,0.0,0.0
282.32788,0.028255261,0.0,0.0,0.028255261,2016-11-01 12:00:00,0.0,0.0,0.0,0.0,0.0
281.937,0.01584838,0.0,0.0,0.01584838,2016-11-01 13:00:00,0.0,0.0,0.0,0.0,0.0
282.6421,0.0026463778,0.0,0.0,0.0026463778,2016-11-01 14:00:00,0.0,0.0,0.0,0.0,0.0
285.77783,0.0,0.0,0.0,0.0,2016-11-01 15:00:00,0.0,0.0,0.0,0.0,0.0
287.02393,0.09921211,0.0,0.0,0.09921211,2016-11-01 16:00:00,0.0,0.0,0.0,0.0,0.0
288.2578,0.16657317,0.0,0.0,0.16657317,2016-11-01 17:00:00,0.0,0.0,0.0,0.0,0.0
289.02515,0.366745,0.0,0.0,0.366745,2016-11-01 18:00:00,0.0,0.0,0.0,0.0,0.0
289.45166,0.7291997,0.0,0.0,0.7291997,2016-11-01 19:00:00,0.0,0.0,0.0,0.0,0.0
289.73608,0.9279368,0.0066281483,0.0,0.9279368,2016-11-01 20:00:00,0.0,0.0,0.0,0.0,0.0
289.73242,0.8970716,0.029977683,0.0,0.8903322,2016-11-01 21:00:00,0.0,0.0,0.0,0.0,0.0
287.63403,0.81254125,0.0,0.0,0.81254125,2016-11-01 22:00:00,0.0,0.0,0.0,0.0,0.0
285.74048,0.8082589,0.0,0.0,0.8082589,2016-11-01 23:00:00,0.0,0.0,0.0,0.0,0.0
284.7827,0.4516675,0.005003199,0.0,0.4516675,2016-11-02 00:00:00,0.0,0.0,0.0,0.0,0.0
283.47412,0.7998784,0.0,0.0,0.7998784,2016-11-02 01:00:00,0.0,0.0,0.0,0.0,0.0
282.64453,0.99337184,0.0033782488,0.0,0.99337184,2016-11-02 02:00:00,0.0,0.0,0.0,0.0,0.0
280.9026,1.0,0.0,0.0,1.0,2016-11-02 03:00:00,0.0,0.0,0.0,0.0,0.0
280.89575,1.0,0.0,0.17827588,1.0,2016-11-02 04:00:00,0.0,0.0,0.0,0.0,0.0
280.26685,0.9881124,0.0,0.038735636,0.9875868,2016-11-02 05:00:00,0.0,0.0,0.0,0.0,0.0
280.0913,0.9523683,0.0,0.0037098185,0.9523683,2016-11-02 06:00:00,0.0,0.0,0.0,4.7747868e-08,0.0
280.11987,0.9514195,0.0,0.0065956153,0.9514195,2016-11-02 07:00:00,0.0,0.0,0.0,0.0,0.0
279.3557,0.99001795,0.0,0.06066542,0.99001795,2016-11-02 08:00:00,0.0,0.0,0.0,0.0,0.0
278.5984,0.998375,0.0,0.15249342,0.998375,2016-11-02 09:00:00,0.0,0.0,0.0,0.0,0.0
277.48804,0.99627113,0.0,0.05005143,0.99627113,2016-11-02 10:00:00,0.0,0.0,0.0,0.0,0.0
277.39697,0.9918581,0.0,0.034206983,0.9918581,2016-11-02 11:00:00,0.0,0.0,0.0,0.0,0.0
277.04077,0.99675006,0.0,0.11845237,0.99675006,2016-11-02 12:00:00,0.0,0.0,0.0,0.0,0.0
277.677,0.95846486,0.0,0.11863619,0.95846486,2016-11-02 13:00:00,0.0,0.0,0.0,0.0,0.0
279.4646,0.70176506,0.0,0.07689285,0.6568037,2016-11-02 14:00:00,0.0,0.0,0.0,0.0,0.0
283.39233,0.54733855,0.0,0.22842467,0.4128523,2016-11-02 15:00:00,0.0,0.0,0.0,0.0,0.0
285.28516,0.44791704,0.0,0.14016432,0.36597747,2016-11-02 16:00:00,0.0,0.0,0.0,0.0,0.0
287.1255,0.19053024,0.0,0.0,0.19053024,2016-11-02 17:00:00,0.0,0.0,0.0,0.0,0.0
288.24658,0.30057633,0.0,0.08162677,0.25662404,2016-11-02 18:00:00,0.0,0.0,0.0,0.0,0.0
288.9934,0.6450909,0.0,0.36533904,0.5014279,2016-11-02 19:00:00,0.0,0.0,0.0,0.0,0.0
289.03027,0.90799016,0.0,0.81512207,0.72872895,2016-11-02 20:00:00,0.0,0.0,0.0,0.0,0.0
288.70654,0.9968219,0.0,0.987563,0.5851551,2016-11-02 21:00:00,0.0,0.0,0.0,0.0,0.0
286.90674,1.0,0.0,0.9905219,0.5719941,2016-11-02 22:00:00,0.0,0.0,0.0,0.0,0.0
286.34155,0.7071505,0.0,0.61410475,0.36562628,2016-11-02 23:00:00,0.0,0.0,0.0,0.0,0.0
285.61035,0.11589831,0.0,0.10904294,0.014782716,2016-11-03 00:00:00,0.0,0.0,0.0,0.0,0.0
284.61377,0.0747872,0.0,0.0747872,0.0,2016-11-03 01:00:00,0.0,0.0,0.0,0.0,0.0
284.1228,0.15458798,0.0,0.15458798,0.0,2016-11-03 02:00:00,0.0,0.0,0.0,0.0,0.0
281.5608,0.27017993,0.0,0.27017993,0.0,2016-11-03 03:00:00,0.0,0.0,0.0,0.0,0.0
281.3164,0.3398512,0.0,0.3398512,0.0,2016-11-03 04:00:00,0.0,0.0,0.0,0.0,0.0
281.65942,0.18542552,0.0,0.18542552,0.0,2016-11-03 05:00:00,0.0,0.0,0.0,0.0,0.0
281.11548,0.046692505,0.0,0.045067556,0.0016249504,2016-11-03 06:00:00,0.0,0.0,0.0,0.0,0.0
280.927,0.11434662,0.0,0.0100932345,0.10425335,2016-11-03 07:00:00,0.0,0.0,0.0,0.0,0.0
280.65234,0.174627,0.0,0.09274167,0.16801596,2016-11-03 08:00:00,0.0,0.0,0.0,0.0,0.0
279.91748,0.21884298,0.0,0.045708887,0.2138471,2016-11-03 09:00:00,0.0,0.0,0.0,0.0,0.0
279.5642,0.46398443,0.0,0.01173529,0.46398443,2016-11-03 10:00:00,0.0,0.0,0.0,0.0,0.0
279.6587,0.6075052,0.0,0.1333434,0.60079026,2016-11-03 11:00:00,0.0,0.0,0.0,0.0,0.0
279.44336,0.5879356,0.0,0.26860982,0.56632227,2016-11-03 12:00:00,0.0,0.0,0.0,0.0,0.0
279.15796,0.1990009,0.0,0.13178217,0.07433039,2016-11-03 13:00:00,0.0,0.0,0.0,0.0,0.0
280.0332,0.28343564,0.0,0.28343564,0.0,2016-11-03 14:00:00,0.0,0.0,0.0,0.0,0.0
283.8562,0.23798597,0.0,0.23798597,0.0,2016-11-03 15:00:00,0.0,0.0,0.0,0.0,0.0
285.52808,0.0,0.0,0.0,0.0,2016-11-03 16:00:00,0.0,0.0,0.0,0.0,0.0
287.6079,0.0,0.0,0.0,0.0,2016-11-03 17:00:00,0.0,0.0,0.0,0.0,0.0
288.8606,0.0,0.0,0.0,0.0,2016-11-03 18:00:00,0.0,0.0,0.0,0.0,0.0
289.7168,0.0,0.0,0.0,0.0,2016-11-03 19:00:00,0.0,0.0,0.0,0.0,0.0
290.55493,0.0,0.0,0.0,0.0,2016-11-03 20:00:00,0.0,0.0,0.0,0.0,0.0
291.14502,0.0,0.0,0.0,0.0,2016-11-03 21:00:00,0.0,0.0,0.0,0.0,0.0
289.51123,0.0033782488,0.0033782488,0.0,0.0,2016-11-03 22:00:00,0.0,0.0,0.0,0.0,0.0
288.3435,0.007457666,0.007457666,0.0,0.0,2016-11-03 23:00:00,0.0,0.0,0.0,0.0,0.0
286.3916,0.002103883,0.002103883,0.0,0.0,2016-11-04 00:00:00,0.0,0.0,0.0,0.0,0.0
284.93652,0.005832717,0.005832717,0.0,0.0,2016-11-04 01:00:00,0.0,0.0,0.0,0.0,0.0
283.89746,0.0016249504,0.0016249504,0.0,0.0,2016-11-04 02:00:00,0.0,0.0,0.0,0.0,0.0
281.6941,0.0,0.0,0.0,0.0,2016-11-04 03:00:00,0.0,0.0,0.0,0.0,0.0
280.81226,0.0,0.0,0.0,0.0,2016-11-04 04:00:00,0.0,0.0,0.0,0.0,0.0
279.74316,0.0,0.0,0.0,0.0,2016-11-04 05:00:00,0.0,0.0,0.0,0.0,0.0
278.87134,0.0,0.0,0.0,0.0,2016-11-04 06:00:00,0.0,0.0,0.0,0.0,0.0
278.7151,0.0,0.0,0.0,0.0,2016-11-04 07:00:00,0.0,0.0,0.0,0.0,0.0
278.51245,0.0,0.0,0.0,0.0,2016-11-04 08:00:00,0.0,0.0,0.0,0.0,0.0
278.22217,0.0,0.0,0.0,0.0,2016-11-04 09:00:00,0.0,0.0,0.0,0.0,0.0
277.91162,0.0,0.0,0.0,0.0,2016-11-04 10:00:00,0.0,0.0,0.0,0.0,0.0
278.0061,0.0,0.0,0.0,0.0,2016-11-04 11:00:00,0.0,0.0,0.0,0.0,0.0
277.78955,0.0,0.0,0.0,0.0,2016-11-04 12:00:00,0.0,0.0,0.0,0.0,0.0
277.84668,0.0,0.0,0.0,0.0,2016-11-04 13:00:00,0.0,0.0,0.0,0.0,0.0
279.3772,0.0,0.0,0.0,0.0,2016-11-04 14:00:00,0.0,0.0,0.0,0.0,0.0
283.9956,0.0,0.0,0.0,0.0,2016-11-04 15:00:00,0.0,0.0,0.0,0.0,0.0
286.77075,0.0,0.0,0.0,0.0,2016-11-04 16:00:00,0.0,0.0,0.0,0.0,0.0
289.39453,0.0,0.0,0.0,0.0,2016-11-04 17:00:00,0.0,0.0,0.0,0.0,0.0
290.84717,0.0,0.0,0.0,0.0,2016-11-04 18:00:00,0.0,0.0,0.0,0.0,0.0
291.72876,0.0,0.0,0.0,0.0,2016-11-04 19:00:00,0.0,0.0,0.0,0.0,0.0
292.37744,0.0,0.0,0.0,0.0,2016-11-04 20:00:00,0.0,0.0,0.0,0.0,0.0
293.27148,0.0,0.0,0.0,0.0,2016-11-04 21:00:00,0.0,0.0,0.0,0.0,0.0
290.97437,0.0,0.0,0.0,0.0,2016-11-04 22:00:00,0.0,0.0,0.0,0.0,0.0
289.73926,0.0,0.0,0.0,0.0,2016-11-04 23:00:00,0.0,0.0,0.0,0.0,0.0
287.82495,0.0,0.0,0.0,0.0,2016-11-05 00:00:00,0.0,0.0,0.0,0.0,0.0
286.7412,0.0,0.0,0.0,0.0,2016-11-05 01:00:00,0.0,0.0,0.0,0.0,0.0
285.69482,0.0100932345,0.0,0.0,0.0100932345,2016-11-05 02:00:00,0.0,0.0,0.0,0.0,0.0
283.18604,0.13451469,0.0,0.0,0.13451469,2016-11-05 03:00:00,0.0,0.0,0.0,0.0,0.0
282.82153,0.21931314,0.0,0.0,0.21931314,2016-11-05 04:00:00,0.0,0.0,0.0,0.0,0.0
282.0708,0.5684232,0.0,0.0,0.5684232,2016-11-05 05:00:00,0.0,0.0,0.0,0.0,0.0
281.177,0.74364555,0.0,0.0,0.74364555,2016-11-05 06:00:00,0.0,0.0,0.0,0.0,0.0
281.0752,0.7998949,0.0,0.0,0.7998949,2016-11-05 07:00:00,0.0,0.0,0.0,0.0,0.0
280.46704,0.7710086,0.0,0.0,0.7710086,2016-11-05 08:00:00,0.0,0.0,0.0,0.0,0.0
280.2151,0.78091395,0.0,0.0,0.78091395,2016-11-05 09:00:00,0.0,0.0,0.0,0.0,0.0
278.2234,0.50978434,0.0,0.0,0.50978434,2016-11-05 10:00:00,0.0,0.0,0.0,0.0,0.0
278.0691,0.1502257,0.0,0.0,0.1502257,2016-11-05 11:00:00,0.0,0.0,0.0,0.0,0.0
278.02808,0.0100932345,0.0,0.0,0.0100932345,2016-11-05 12:00:00,0.0,0.0,0.0,0.0,0.0
277.67896,0.11483461,0.0,0.0,0.11483461,2016-11-05 13:00:00,0.0,0.0,0.0,0.0,0.0
279.07788,0.22762448,0.0,0.0,0.22762448,2016-11-05 14:00:00,0.0,0.0,0.0,0.0,0.0
283.40796,0.29992986,0.0,0.0,0.29992986,2016-11-05 15:00:00,0.0,0.0,0.0,0.0,0.0
287.65894,0.42339587,0.0,0.0,0.42339587,2016-11-05 16:00:00,0.0,0.0,0.0,0.0,0.0
290.29468,0.51409817,0.0,0.0,0.51409817,2016-11-05 17:00:00,0.0,0.0,0.0,0.0,0.0
292.1194,0.35867816,0.0,0.0,0.35867816,2016-11-05 18:00:00,0.0,0.0,0.0,0.0,0.0
293.59668,0.010536302,0.0,0.0,0.010536302,2016-11-05 19:00:00,0.0,0.0,0.0,0.0,0.0
294.58447,0.0,0.0,0.0,0.0,2016-11-05 20:00:00,0.0,0.0,0.0,0.0,0.0
295.32935,0.0,0.0,0.0,0.0,2016-11-05 21:00:00,0.0,0.0,0.0,0.0,0.0
292.63623,0.0,0.0,0.0,0.0,2016-11-05 22:00:00,0.0,0.0,0.0,0.0,0.0
290.3899,0.0,0.0,0.0,0.0,2016-11-05 23:00:00,0.0,0.0,0.0,0.0,0.0
288.54443,0.0,0.0,0.0,0.0,2016-11-06 00:00:00,0.0,0.0,0.0,0.0,0.0
287.32275,0.0,0.0,0.0,0.0,2016-11-06 01:00:00,0.0,0.0,0.0,0.0,0.0
286.67163,0.0,0.0,0.0,0.0,2016-11-06 02:00:00,0.0,0.0,0.0,0.0,0.0
284.94727,0.0,0.0,0.0,0.0,2016-11-06 03:00:00,0.0,0.0,0.0,0.0,0.0
284.35376,0.0,0.0,0.0,0.0,2016-11-06 04:00:00,0.0,0.0,0.0,0.0,0.0
284.0415,0.0,0.0,0.0,0.0,2016-11-06 05:00:00,0.0,0.0,0.0,0.0,0.0
283.30835,0.0,0.0,0.0,0.0,2016-11-06 06:00:00,0.0,0.0,0.0,0.0,0.0
283.1765,0.0,0.0,0.0,0.0,2016-11-06 07:00:00,0.0,0.0,0.0,0.0,0.0
282.81177,0.0,0.0,0.0,0.0,2016-11-06 08:00:00,0.0,0.0,0.0,0.0,0.0
281.35278,0.0,0.0,0.0,0.0,2016-11-06 09:00:00,0.0,0.0,0.0,0.0,0.0
280.792,0.0,0.0,0.0,0.0,2016-11-06 10:00:00,0.0,0.0,0.0,0.0,0.0
280.77832,0.0,0.0,0.0,0.0,2016-11-06 11:00:00,0.0,0.0,0.0,0.0,0.0
280.84424,0.0,0.0,0.0,0.0,2016-11-06 12:00:00,0.0,0.0,0.0,0.0,0.0
280.48657,0.0,0.0,0.0,0.0,2016-11-06 13:00:00,0.0,0.0,0.0,0.0,0.0
281.8213,0.0,0.0,0.0,0.0,2016-11-06 14:00:00,0.0,0.0,0.0,0.0,0.0
286.14014,0.0,0.0,0.0,0.0,2016-11-06 15:00:00,0.0,0.0,0.0,0.0,0.0
288.469,0.0,0.0,0.0,0.0,2016-11-06 16:00:00,0.0,0.0,0.0,0.0,0.0
290.9895,0.0,0.0,0.0,0.0,2016-11-06 17:00:00,0.0,0.0,0.0,0.0,0.0
292.1504,0.0,0.0,0.0,0.0,2016-11-06 18:00:00,0.0,0.0,0.0,0.0,0.0
293.31665,0.0,0.0,0.0,0.0,2016-11-06 19:00:00,0.0,0.0,0.0,0.0,0.0
293.83643,0.0026463778,0.0,0.0,0.0026463778,2016-11-06 20:00:00,0.0,0.0,0.0,0.0,0.0
293.99512,0.0,0.0,0.0,0.0,2016-11-06 21:00:00,0.0,0.0,0.0,0.0,0.0
291.80493,0.0,0.0,0.0,0.0,2016-11-06 22:00:00,0.0,0.0,0.0,0.0,0.0
290.54736,0.019671924,0.0,0.0,0.019671924,2016-11-06 23:00:00,0.0,0.0,0.0,0.0,0.0
289.30127,0.1119951,0.0,0.0,0.1119951,2016-11-07 00:00:00,0.0,0.0,0.0,0.0,0.0
288.18457,0.080587864,0.0,0.0,0.080587864,2016-11-07 01:00:00,0.0,0.0,0.0,0.0,0.0
287.11353,0.0033782488,0.0,0.0,0.0033782488,2016-11-07 02:00:00,0.0,0.0,0.0,0.0,0.0
285.23608,0.024945501,0.0,0.0,0.024945501,2016-11-07 03:00:00,0.0,0.0,0.0,0.0,0.0
284.95654,0.095669806,0.0,0.0,0.095669806,2016-11-07 04:00:00,0.0,0.0,0.0,0.0,0.0
284.03516,0.25356352,0.0,0.0,0.25356352,2016-11-07 05:00:00,0.0,0.0,0.0,0.0,0.0
283.83496,0.3745734,0.023074295,0.018199444,0.36059886,2016-11-07 06:00:00,0.0,0.0,0.0,0.0,0.0
283.74097,0.24493676,0.06036609,0.08187723,0.17772818,2016-11-07 07:00:00,0.0,0.0,0.0,0.0,0.0
283.46948,0.4775102,0.045387596,0.176669,0.38808936,2016-11-07 08:00:00,0.0,0.0,0.0,0.0,0.0
283.03516,0.8460133,0.106175184,0.42725903,0.7648221,2016-11-07 09:00:00,0.0,0.0,0.0,0.0,0.0
282.4099,0.97850204,0.053853523,0.8109121,0.9462857,2016-11-07 10:00:00,0.0,0.0,0.0,0.0,0.0
282.38135,0.99946827,0.012531344,0.67681336,0.9753721,2016-11-07 11:00:00,0.0,0.0,0.0,0.0,0.0
282.49976,0.9871681,0.017872136,0.53802896,0.97905034,2016-11-07 12:00:00,0.0,0.0,0.0,0.0,0.0
282.33203,0.99284285,0.0055490583,0.3378396,0.9878363,2016-11-07 13:00:00,0.0,0.0,0.0,0.0,0.0
282.9436,0.93622077,0.0015890491,0.23657209,0.92158556,2016-11-07 14:00:00,0.0,0.0,0.0,0.0,0.0
285.1211,0.9695448,0.0,0.17120397,0.96142465,2016-11-07 15:00:00,0.0,0.0,0.0,0.0,0.0
286.2505,0.99289286,0.0,0.10814041,0.99289286,2016-11-07 16:00:00,0.0,0.0,0.0,0.0,0.0
287.39136,1.0,0.0,0.027096093,1.0,2016-11-07 17:00:00,0.0,0.0,0.0,0.0,0.0
288.15845,0.9944678,0.0,0.15789884,0.99393606,2016-11-07 18:00:00,0.0,0.0,0.0,0.0,0.0
288.80615,1.0,0.0,0.16716492,1.0,2016-11-07 19:00:00,0.0,4.4365413e-05,0.0,4.4098153e-05,0.0
289.34448,0.9816332,0.0,0.09567398,0.9816332,2016-11-07 20:00:00,0.0,0.0,0.0,0.0,0.0
289.9673,0.98963964,0.0,0.10300732,0.98963964,2016-11-07 21:00:00,1.0,8.044574e-05,0.0,8.031211e-05,0.0
288.38672,1.0,0.03576275,0.42114383,1.0,2016-11-07 22:00:00,1.0,0.00022794367,0.0,0.0002274851,8.017848e-07
287.78442,0.99946827,0.007638801,0.56873894,0.99946827,2016-11-07 23:00:00,0.0,0.0005953482,0.0,0.00059097074,4.7683707e-06
286.60522,0.9957922,0.018191684,0.5237331,0.9910503,2016-11-08 00:00:00,1.0,0.0007467689,0.0,0.0007313031,1.5370257e-05
286.3567,0.8804351,0.02057467,0.31149787,0.813225,2016-11-08 01:00:00,0.0,3.137054e-05,0.0,6.445962e-06,2.4972323e-05
285.8181,0.92404324,0.0015890491,0.11075109,0.913295,2016-11-08 02:00:00,0.0,2.1616623e-05,0.0,6.5892054e-06,1.5027424e-05
284.91138,0.9487996,0.00053172023,0.0078699775,0.9487996,2016-11-08 03:00:00,0.0,8.021641e-06,0.0,7.639659e-06,3.8198294e-07
284.5952,0.63293016,0.0,0.0,0.63293016,2016-11-08 04:00:00,0.0,0.0,0.0,0.0,0.0
283.37793,0.14588696,0.0,0.0,0.14588696,2016-11-08 05:00:00,0.0,0.0,0.0,0.0,0.0
282.92554,0.0026463778,0.0,0.0,0.0026463778,2016-11-08 06:00:00,0.0,0.0,0.0,0.0,0.0
282.09595,0.0,0.0,0.0,0.0,2016-11-08 07:00:00,0.0,0.0,0.0,0.0,0.0
281.88843,0.0,0.0,0.0,0.0,2016-11-08 08:00:00,0.0,0.0,0.0,0.0,0.0
280.5332,0.0,0.0,0.0,0.0,2016-11-08 09:00:00,0.0,0.0,0.0,0.0,0.0
279.46753,0.0,0.0,0.0,0.0,2016-11-08 10:00:00,0.0,0.0,0.0,0.0,0.0
279.3694,0.0,0.0,0.0,0.0,2016-11-08 11:00:00,0.0,0.0,0.0,0.0,0.0
279.41382,0.0,0.0,0.0,0.0,2016-11-08 12:00:00,0.0,0.0,0.0,0.0,0.0
279.0974,0.0,0.0,0.0,0.0,2016-11-08 13:00:00,0.0,0.0,0.0,0.0,0.0
279.8606,0.0,0.0,0.0,0.0,2016-11-08 14:00:00,0.0,0.0,0.0,0.0,0.0
282.56592,0.0,0.0,0.0,0.0,2016-11-08 15:00:00,0.0,0.0,0.0,0.0,0.0
283.81934,0.0,0.0,0.0,0.0,2016-11-08 16:00:00,0.0,0.0,0.0,0.0,0.0
285.3584,0.0,0.0,0.0,0.0,2016-11-08 17:00:00,0.0,0.0,0.0,0.0,0.0
286.13403,0.034741294,0.0,0.0,0.034741294,2016-11-08 18:00:00,0.0,0.0,0.0,0.0,0.0
286.8208,0.5773587,0.0,0.0,0.5773587,2016-11-08 19:00:00,0.0,0.0,0.0,0.0,0.0
287.27686,0.39059305,0.0,0.0,0.39059305,2016-11-08 20:00:00,0.0,0.0,0.0,0.0,0.0
287.60376,0.079853356,0.0,0.0,0.079853356,2016-11-08 21:00:00,0.0,0.0,0.0,0.0,0.0
285.52026,0.0,0.0,0.0,0.0,2016-11-08 22:00:00,0.0,0.0,0.0,0.0,0.0
284.0149,0.0,0.0,0.0,0.0,2016-11-08 23:00:00,0.0,0.0,0.0,0.0,0.0
282.56274,0.007107079,0.0,0.0,0.007107079,2016-11-09 00:00:00,0.0,0.0,0.0,0.0,0.0
281.04028,0.31723315,0.0,0.0,0.31723315,2016-11-09 01:00:00,0.0,0.0,0.0,0.0,0.0
279.9187,0.18740946,0.0,0.0,0.18740946,2016-11-09 02:00:00,0.0,0.0,0.0,0.0,0.0
277.98438,0.7541952,0.0,0.0,0.7541952,2016-11-09 03:00:00,0.0,0.0,0.0,0.0,0.0
277.6792,0.9261859,0.0,0.0,0.9261859,2016-11-09 04:00:00,0.0,0.0,0.0,0.0,0.0
276.90967,0.5615824,0.0,0.0,0.5615824,2016-11-09 05:00:00,0.0,0.0,0.0,0.0,0.0
276.76855,0.043627765,0.0,0.0,0.043627765,2016-11-09 06:00:00,0.0,0.0,0.0,0.0,0.0
277.2251,0.0,0.0,0.0,0.0,2016-11-09 07:00:00,0.0,0.0,0.0,0.0,0.0
276.04224,0.13296688,0.0,0.0,0.13296688,2016-11-09 08:00:00,0.0,0.0,0.0,0.0,0.0
274.8833,0.18880934,0.0,0.0,0.18880934,2016-11-09 09:00:00,0.0,0.0,0.0,0.0,0.0
274.35938,0.3080181,0.0,0.0,0.3080181,2016-11-09 10:00:00,0.0,0.0,0.0,0.0,0.0
273.85083,0.7591004,0.0,0.0,0.7591004,2016-11-09 11:00:00,0.0,0.0,0.0,0.0,0.0
273.7688,0.39579082,0.0,0.0,0.39579082,2016-11-09 12:00:00,0.0,0.0,0.0,0.0,0.0
274.03003,0.18523806,0.0,0.0,0.18523806,2016-11-09 13:00:00,0.0,0.0,0.0,0.0,0.0
275.30713,0.00970922,0.0,0.0,0.00970922,2016-11-09 14:00:00,0.0,0.0,0.0,0.0,0.0
280.02905,0.0,0.0,0.0,0.0,2016-11-09 15:00:00,0.0,0.0,0.0,0.0,0.0
282.6455,0.00053172023,0.0,0.0,0.00053172023,2016-11-09 16:00:00,0.0,0.0,0.0,0.0,0.0
285.1953,0.0,0.0,0.0,0.0,2016-11-09 17:00:00,0.0,0.0,0.0,0.0,0.0
286.3755,0.0887838,0.0,0.0,0.0887838,2016-11-09 18:00:00,0.0,0.0,0.0,0.0,0.0
287.0952,0.12519646,0.0,0.0,0.12519646,2016-11-09 19:00:00,0.0,0.0,0.0,0.0,0.0
287.86572,0.0067320913,0.0,0.0,0.0067320913,2016-11-09 20:00:00,0.0,0.0,0.0,0.0,0.0
288.3164,0.0,0.0,0.0,0.0,2016-11-09 21:00:00,0.0,0.0,0.0,0.0,0.0
286.55225,0.0,0.0,0.0,0.0,2016-11-09 22:00:00,0.0,0.0,0.0,0.0,0.0
285.41602,0.25735295,0.0,0.0,0.25735295,2016-11-09 23:00:00,0.0,0.0,0.0,0.0,0.0
284.81934,0.0,0.0,0.0,0.0,2016-11-10 00:00:00,0.0,0.0,0.0,0.0,0.0
284.1726,0.0,0.0,0.0,0.0,2016-11-10 01:00:00,0.0,0.0,0.0,0.0,0.0
283.74805,0.0,0.0,0.0,0.0,2016-11-10 02:00:00,0.0,0.0,0.0,0.0,0.0
283.115,0.0,0.0,0.0,0.0,2016-11-10 03:00:00,0.0,0.0,0.0,0.0,0.0
282.99097,0.0,0.0,0.0,0.0,2016-11-10 04:00:00,0.0,0.0,0.0,0.0,0.0
282.40454,0.0,0.0,0.0,0.0,2016-11-10 05:00:00,0.0,0.0,0.0,0.0,0.0
281.81665,0.0,0.0,0.0,0.0,2016-11-10 06:00:00,0.0,0.0,0.0,0.0,0.0
281.6411,0.0,0.0,0.0,0.0,2016-11-10 07:00:00,0.0,0.0,0.0,0.0,0.0
281.01904,0.0,0.0,0.0,0.0,2016-11-10 08:00:00,0.0,0.0,0.0,0.0,0.0
280.1245,0.0,0.0,0.0,0.0,2016-11-10 09:00:00,0.0,0.0,0.0,0.0,0.0
279.88794,0.0,0.0,0.0,0.0,2016-11-10 10:00:00,0.0,0.0,0.0,0.0,0.0
279.81592,0.0,0.0,0.0,0.0,2016-11-10 11:00:00,0.0,0.0,0.0,0.0,0.0
279.69556,0.0,0.0,0.0,0.0,2016-11-10 12:00:00,0.0,0.0,0.0,0.0,0.0
279.57202,0.0,0.0,0.0,0.0,2016-11-10 13:00:00,0.0,0.0,0.0,0.0,0.0
280.53442,0.0,0.0,0.0,0.0,2016-11-10 14:00:00,0.0,0.0,0.0,0.0,0.0
284.0437,0.0,0.0,0.0,0.0,2016-11-10 15:00:00,0.0,0.0,0.0,0.0,0.0
285.98682,0.0,0.0,0.0,0.0,2016-11-10 16:00:00,0.0,0.0,0.0,0.0,0.0
287.95728,0.0,0.0,0.0,0.0,2016-11-10 17:00:00,0.0,0.0,0.0,0.0,0.0
289.71777,0.0,0.0,0.0,0.0,2016-11-10 18:00:00,0.0,0.0,0.0,0.0,0.0
291.0459,0.0,0.0,0.0,0.0,2016-11-10 19:00:00,0.0,0.0,0.0,0.0,0.0
291.7473,0.0,0.0,0.0,0.0,2016-11-10 20:00:00,0.0,0.0,0.0,0.0,0.0
292.24707,0.00737416,0.00737416,0.0,0.0,2016-11-10 21:00:00,0.0,0.0,0.0,0.0,0.0
290.3418,0.018959455,0.018959455,0.0,0.0,2016-11-10 22:00:00,0.0,0.0,0.0,0.0,0.0
288.5232,0.0063116476,0.0063116476,0.0,0.0,2016-11-10 23:00:00,0.0,0.0,0.0,0.0,0.0
287.44507,0.00053172023,0.00053172023,0.0,0.0,2016-11-11 00:00:00,0.0,0.0,0.0,0.0,0.0
286.56763,0.0,0.0,0.0,0.0,2016-11-11 01:00:00,0.0,0.0,0.0,0.0,0.0
285.39575,0.0,0.0,0.0,0.0,2016-11-11 02:00:00,0.0,0.0,0.0,0.0,0.0
283.64185,0.0,0.0,0.0,0.0,2016-11-11 03:00:00,0.0,0.0,0.0,0.0,0.0
283.59888,0.024817154,0.024817154,0.0,0.0,2016-11-11 04:00:00,0.0,0.0,0.0,0.0,0.0
282.9358,0.061396476,0.061396476,0.0,0.0,2016-11-11 05:00:00,0.0,0.0,0.0,0.0,0.0
282.08276,0.12873143,0.12873143,0.0,0.0,2016-11-11 06:00:00,0.0,0.0,0.0,0.0,0.0
281.70068,0.49455774,0.49455774,0.0,0.0,2016-11-11 07:00:00,0.0,0.0,0.0,0.0,0.0
281.3506,0.8035944,0.796751,0.0,0.012108464,2016-11-11 08:00:00,0.0,0.0,0.0,0.0,0.0
279.87427,0.9854591,0.982281,0.0,0.012701616,2016-11-11 09:00:00,0.0,0.0,0.0,0.0,0.0
278.13306,0.8775603,0.84831995,0.0,0.19423169,2016-11-11 10:00:00,0.0,0.0,0.0,0.0,0.0
278.02197,0.7998461,0.78980774,0.0,0.034876097,2016-11-11 11:00:00,0.0,0.0,0.0,0.0,0.0
277.90527,0.8189783,0.8189783,0.0,0.0,2016-11-11 12:00:00,0.0,0.0,0.0,0.0,0.0
277.365,0.5641071,0.5641071,0.0,0.0,2016-11-11 13:00:00,0.0,0.0,0.0,0.0,0.0
277.80176,0.10860199,0.10860199,0.0,0.0,2016-11-11 14:00:00,0.0,0.0,0.0,0.0,0.0
279.36084,0.0071273334,0.0071273334,0.0,0.0,2016-11-11 15:00:00,0.0,0.0,0.0,0.0,0.0
280.2185,0.032312702,0.032312702,0.0,0.0,2016-11-11 16:00:00,0.0,0.0,0.0,0.0,0.0
281.13818,0.042378716,0.042378716,0.0,0.0,2016-11-11 17:00:00,0.0,0.0,0.0,0.0,0.0
281.61108,0.0026463778,0.0026463778,0.0,0.0,2016-11-11 18:00:00,0.0,0.0,0.0,0.0,0.0
282.03687,0.0,0.0,0.0,0.0,2016-11-11 19:00:00,0.0,0.0,0.0,0.0,0.0
282.42065,0.0,0.0,0.0,0.0,2016-11-11 20:00:00,0.0,0.0,0.0,0.0,0.0
282.83447,0.0,0.0,0.0,0.0,2016-11-11 21:00:00,0.0,0.0,0.0,0.0,0.0
280.8103,0.0,0.0,0.0,0.0,2016-11-11 22:00:00,0.0,0.0,0.0,0.0,0.0
280.0044,0.0,0.0,0.0,0.0,2016-11-11 23:00:00,0.0,0.0,0.0,0.0,0.0
279.12817,0.0,0.0,0.0,0.0,2016-11-12 00:00:00,0.0,0.0,0.0,0.0,0.0
278.1377,0.0,0.0,0.0,0.0,2016-11-12 01:00:00,0.0,0.0,0.0,0.0,0.0
277.3672,0.0,0.0,0.0,0.0,2016-11-12 02:00:00,0.0,0.0,0.0,0.0,0.0
274.47998,0.0,0.0,0.0,0.0,2016-11-12 03:00:00,0.0,0.0,0.0,0.0,0.0
273.61548,0.0,0.0,0.0,0.0,2016-11-12 04:00:00,0.0,0.0,0.0,0.0,0.0
273.7085,0.0,0.0,0.0,0.0,2016-11-12 05:00:00,0.0,0.0,0.0,0.0,0.0
273.8601,0.0,0.0,0.0,0.0,2016-11-12 06:00:00,0.0,0.0,0.0,0.0,0.0
273.95654,0.0,0.0,0.0,0.0,2016-11-12 07:00:00,0.0,0.0,0.0,0.0,0.0
274.27686,0.0,0.0,0.0,0.0,2016-11-12 08:00:00,0.0,0.0,0.0,0.0,0.0
273.66797,0.0,0.0,0.0,0.0,2016-11-12 09:00:00,0.0,0.0,0.0,0.0,0.0
273.65723,0.0,0.0,0.0,0.0,2016-11-12 10:00:00,0.0,0.0,0.0,0.0,0.0
273.79395,0.0,0.0,0.0,0.0,2016-11-12 11:00:00,0.0,0.0,0.0,0.0,0.0
273.81787,0.0,0.0,0.0,0.0,2016-11-12 12:00:00,0.0,0.0,0.0,0.0,0.0
273.87036,0.07504362,0.0,0.0,0.07504362,2016-11-12 13:00:00,0.0,0.0,0.0,0.0,0.0
274.80176,0.39851987,0.0,0.0,0.39851987,2016-11-12 14:00:00,0.0,0.0,0.0,0.0,0.0
278.781,0.3119787,0.0,0.0,0.3119787,2016-11-12 15:00:00,0.0,0.0,0.0,0.0,0.0
280.5266,0.049312558,0.0,0.0,0.049312558,2016-11-12 16:00:00,0.0,0.0,0.0,0.0,0.0
281.95703,0.0033782488,0.0,0.0,0.0033782488,2016-11-12 17:00:00,0.0,0.0,0.0,0.0,0.0
282.80664,0.017206121,0.0,0.0,0.017206121,2016-11-12 18:00:00,0.0,0.0,0.0,0.0,0.0
284.03125,0.0037098185,0.0,0.0,0.0037098185,2016-11-12 19:00:00,0.0,0.0,0.0,0.0,0.0
284.71948,0.0031780982,0.0,0.0,0.0031780982,2016-11-12 20:00:00,0.0,0.0,0.0,0.0,0.0
285.437,0.0,0.0,0.0,0.0,2016-11-12 21:00:00,0.0,0.0,0.0,0.0,0.0
284.06494,0.0,0.0,0.0,0.0,2016-11-12 22:00:00,0.0,0.0,0.0,0.0,0.0
282.9253,0.0,0.0,0.0,0.0,2016-11-12 23:00:00,0.0,0.0,0.0,0.0,0.0
282.1411,0.0,0.0,0.0,0.0,2016-11-13 00:00:00,0.0,0.0,0.0,0.0,0.0
281.94043,0.0,0.0,0.0,0.0,2016-11-13 01:00:00,0.0,0.0,0.0,0.0,0.0
281.50195,0.0,0.0,0.0,0.0,2016-11-13 02:00:00,0.0,0.0,0.0,0.0,0.0
280.82178,0.0,0.0,0.0,0.0,2016-11-13 03:00:00,0.0,0.0,0.0,0.0,0.0
280.6338,0.0,0.0,0.0,0.0,2016-11-13 04:00:00,0.0,0.0,0.0,0.0,0.0
280.25732,0.0,0.0,0.0,0.0,2016-11-13 05:00:00,0.0,0.0,0.0,0.0,0.0
279.53638,0.0,0.0,0.0,0.0,2016-11-13 06:00:00,0.0,0.0,0.0,0.0,0.0
279.52954,0.0,0.0,0.0,0.0,2016-11-13 07:00:00,0.0,0.0,0.0,0.0,0.0
279.1577,0.0,0.0,0.0,0.0,2016-11-13 08:00:00,0.0,0.0,0.0,0.0,0.0
278.47656,0.0,0.0,0.0,0.0,2016-11-13 09:00:00,0.0,0.0,0.0,0.0,0.0
278.16602,0.0,0.0,0.0,0.0,2016-11-13 10:00:00,0.0,0.0,0.0,0.0,0.0
278.23242,0.0,0.0,0.0,0.0,2016-11-13 11:00:00,0.0,0.0,0.0,0.0,0.0
278.25024,0.0,0.0,0.0,0.0,2016-11-13 12:00:00,0.0,0.0,0.0,0.0,0.0
278.2373,0.0,0.0,0.0,0.0,2016-11-13 13:00:00,0.0,0.0,0.0,0.0,0.0
278.93823,0.0,0.0,0.0,0.0,2016-11-13 14:00:00,0.0,0.0,0.0,0.0,0.0
281.94238,0.0,0.0,0.0,0.0,2016-11-13 15:00:00,0.0,0.0,0.0,0.0,0.0
283.32422,0.0,0.0,0.0,0.0,2016-11-13 16:00:00,0.0,0.0,0.0,0.0,0.0
285.41577,0.0,0.0,0.0,0.0,2016-11-13 17:00:00,0.0,0.0,0.0,0.0,0.0
286.4961,0.0,0.0,0.0,0.0,2016-11-13 18:00:00,0.0,0.0,0.0,0.0,0.0
287.6001,0.0,0.0,0.0,0.0,2016-11-13 19:00:00,0.0,0.0,0.0,0.0,0.0
288.5144,0.0,0.0,0.0,0.0,2016-11-13 20:00:00,0.0,0.0,0.0,0.0,0.0
289.5542,0.00053172023,0.0,0.0,0.00053172023,2016-11-13 21:00:00,0.0,0.0,0.0,0.0,0.0
288.0061,0.09703773,0.0,0.0,0.09703773,2016-11-13 22:00:00,0.0,0.0,0.0,0.0,0.0
286.57275,0.06516904,0.0,0.0,0.06516904,2016-11-13 23:00:00,0.0,0.0,0.0,0.0,0.0
285.73682,0.0,0.0,0.0,0.0,2016-11-14 00:00:00,0.0,0.0,0.0,0.0,0.0
284.87305,0.0,0.0,0.0,0.0,2016-11-14 01:00:00,0.0,0.0,0.0,0.0,0.0
283.99878,0.0,0.0,0.0,0.0,2016-11-14 02:00:00,0.0,0.0,0.0,0.0,0.0
282.4558,0.0,0.0,0.0,0.0,2016-11-14 03:00:00,0.0,0.0,0.0,0.0,0.0
282.2527,0.0,0.0,0.0,0.0,2016-11-14 04:00:00,0.0,0.0,0.0,0.0,0.0
281.4807,0.1816755,0.0,0.0,0.1816755,2016-11-14 05:00:00,0.0,0.0,0.0,0.0,0.0
281.26416,0.19474429,0.0,0.0,0.19474429,2016-11-14 06:00:00,0.0,0.0,0.0,0.0,0.0
281.40527,0.19540024,0.0,0.0,0.19540024,2016-11-14 07:00:00,0.0,0.0,0.0,0.0,0.0
280.72583,0.14277989,0.007107079,0.0,0.13568991,2016-11-14 08:00:00,0.0,0.0,0.0,0.0,0.0
279.71826,0.07095766,0.0016249504,0.0,0.06933272,2016-11-14 09:00:00,0.0,0.0,0.0,0.0,0.0
278.87378,0.01652667,0.015994951,0.0,0.00053172023,2016-11-14 10:00:00,0.0,0.0,0.0,0.0,0.0
278.83325,0.00998199,0.00998199,0.0,0.0,2016-11-14 11:00:00,0.0,0.0,0.0,0.0,0.0
278.62256,0.12745297,0.1263895,0.0010573287,0.00053172023,2016-11-14 12:00:00,1.0,0.0,0.0,0.0,0.0
278.4004,0.26980454,0.25871724,0.0,0.015556078,2016-11-14 13:00:00,1.0,0.0,0.0,0.0,0.0
278.81396,0.40368682,0.40368682,0.0,0.0,2016-11-14 14:00:00,1.0,0.0,0.0,0.0,0.0
281.14917,0.5229969,0.5229969,0.0,0.0,2016-11-14 15:00:00,1.0,2.2815959e-07,0.0,1.9067068e-07,3.813414e-07
281.91602,0.82886076,0.82886076,0.0,0.0,2016-11-14 16:00:00,1.0,2.6700309e-06,0.0,2.2883687e-06,3.050713e-07
282.511,1.0,1.0,0.013727929,0.0,2016-11-14 17:00:00,1.0,4.1953963e-06,0.0,3.7092677e-06,0.0
282.81934,1.0,1.0,0.03181782,0.0,2016-11-14 18:00:00,1.0,7.2551467e-07,0.0,1.3363075e-07,5.7233285e-07
283.13525,1.0,1.0,0.03245989,0.0,2016-11-14 19:00:00,0.0,4.191511e-07,0.0,0.0,4.0056705e-07
283.2317,1.0,1.0,0.06442231,0.0,2016-11-14 20:00:00,0.0,0.0,0.0,0.0,0.0
283.4624,1.0,1.0,0.01964423,0.0,2016-11-14 21:00:00,0.0,0.0,0.0,0.0,0.0
282.20435,1.0,1.0,0.0,0.0478434,2016-11-14 22:00:00,0.0,0.0,0.0,0.0,0.0
281.49487,0.9694336,0.93998426,0.0033782488,0.49812555,2016-11-14 23:00:00,0.0,0.0,0.0,0.0,0.0
280.98633,1.0,0.9727764,0.0,0.9970973,2016-11-15 00:00:00,0.0,0.0,0.0,0.0,0.0
281.09033,1.0,0.8993055,0.0,1.0,2016-11-15 01:00:00,1.0,0.0,0.0,0.0,0.0
280.49048,0.9978961,0.87989426,0.0,0.98488915,2016-11-15 02:00:00,1.0,2.6726156e-07,0.0,0.0,2.6726156e-07
279.67383,0.98999023,0.80272514,0.046125058,0.9645468,2016-11-15 03:00:00,1.0,1.2996966e-05,0.0,0.0,1.2996966e-05
279.48218,0.99262583,0.9021625,0.101992965,0.7744689,2016-11-15 04:00:00,1.0,4.7683716e-07,0.0,0.0,4.7683716e-07
278.46118,0.7984826,0.7541134,0.044369224,0.17547369,2016-11-15 05:00:00,1.0,9.786694e-06,0.0,0.0,9.786694e-06
277.60498,0.4596122,0.44713092,0.0,0.020584371,2016-11-15 06:00:00,1.0,3.813414e-07,0.0,0.0,3.813414e-07
278.0271,0.30630505,0.30630505,0.0,0.0,2016-11-15 07:00:00,0.0,0.0,0.0,0.0,0.0
277.2058,0.3032933,0.18927306,0.0,0.13194597,2016-11-15 08:00:00,0.0,0.0,0.0,0.0,0.0
275.71362,0.98835355,0.046212245,0.0,0.9862326,2016-11-15 09:00:00,0.0,0.0,0.0,0.0,0.0
275.76587,0.95025384,0.29711407,0.45428056,0.9357451,2016-11-15 10:00:00,1.0,0.0,0.0,0.0,0.0
275.92017,0.9775263,0.25882047,0.9092472,0.81748694,2016-11-15 11:00:00,0.0,0.00014601834,0.0,0.00014607538,0.0
276.53687,0.9902515,0.21617949,0.83255535,0.8371523,2016-11-15 12:00:00,0.0,0.0,0.0,0.0,0.0
276.9651,0.66111326,0.25340486,0.5103195,0.24101514,2016-11-15 13:00:00,0.0,0.0,0.0,0.0,0.0
277.20215,0.48736805,0.15268207,0.3986578,0.0,2016-11-15 14:00:00,0.0,0.0,0.0,0.0,0.0
280.06445,0.21971238,0.0,0.0539053,0.17904508,2016-11-15 15:00:00,0.0,0.0,0.0,0.0,0.0
281.13184,0.79275066,0.0,0.33686894,0.7288029,2016-11-15 16:00:00,0.0,1.14079796e-07,0.0,1.14079796e-07,0.0
282.89526,0.973983,0.00998199,0.37460113,0.95808434,2016-11-15 17:00:00,0.0,0.0,0.0,0.0,0.0
283.70557,0.9561396,0.0033782488,0.21119964,0.9561396,2016-11-15 18:00:00,0.0,0.0,0.0,0.0,0.0
284.1455,0.99393606,0.0,0.11832476,0.99393606,2016-11-15 19:00:00,0.0,0.0,0.0,0.0,0.0
284.61035,0.9899067,0.00737416,0.02883017,0.9899067,2016-11-15 20:00:00,0.0,0.0,0.0,0.0,0.0
285.54932,0.9393941,0.0,0.0033782488,0.9393941,2016-11-15 21:00:00,0.0,0.0,0.0,0.0,0.0
284.16333,0.7754888,0.0,0.011474017,0.77311784,2016-11-15 22:00:00,0.0,0.0,0.0,0.0,0.0
282.76123,0.90329677,0.0032499009,0.0,0.9016718,2016-11-15 23:00:00,0.0,0.0,0.0,0.0,0.0
282.14844,0.86686134,0.00998199,0.008357041,0.86686134,2016-11-16 00:00:00,0.0,0.0,0.0,0.0,0.0
281.10938,0.53373176,0.013630684,0.25154305,0.50430924,2016-11-16 01:00:00,0.0,0.0,0.0,0.0,0.0
280.73218,0.0033782488,0.0033782488,0.0,0.0,2016-11-16 02:00:00,0.0,0.0,0.0,0.0,0.0
279.63916,0.0,0.0,0.0,0.0,2016-11-16 03:00:00,0.0,0.0,0.0,0.0,0.0
279.00635,0.0057492107,0.0057492107,0.0,0.0,2016-11-16 04:00:00,0.0,0.0,0.0,0.0,0.0
278.45068,0.008120172,0.008120172,0.0,0.0,2016-11-16 05:00:00,0.0,0.0,0.0,0.0,0.0
277.4065,0.0,0.0,0.0,0.0,2016-11-16 06:00:00,0.0,0.0,0.0,0.0,0.0
276.6172,0.0,0.0,0.0,0.0,2016-11-16 07:00:00,0.0,0.0,0.0,0.0,0.0
276.46045,0.0,0.0,0.0,0.0,2016-11-16 08:00:00,0.0,0.0,0.0,0.0,0.0
275.60425,0.0,0.0,0.0,0.0,2016-11-16 09:00:00,0.0,0.0,0.0,0.0,0.0
275.95703,0.0,0.0,0.0,0.0,2016-11-16 10:00:00,0.0,0.0,0.0,0.0,0.0
275.72705,0.021413922,0.0,0.021413922,0.0,2016-11-16 11:00:00,0.0,0.0,0.0,0.0,0.0
274.49512,0.08793831,0.0,0.08793831,0.0,2016-11-16 12:00:00,0.0,0.0,0.0,0.0,0.0
274.23877,0.0,0.0,0.0,0.0,2016-11-16 13:00:00,0.0,0.0,0.0,0.0,0.0
276.19214,0.0,0.0,0.0,0.0,2016-11-16 14:00:00,0.0,0.0,0.0,0.0,0.0
279.5271,0.15565419,0.0,0.01336024,0.15067542,2016-11-16 15:00:00,0.0,0.0,0.0,0.0,0.0
281.98145,0.3379051,0.0,0.0033782488,0.334544,2016-11-16 16:00:00,0.0,0.0,0.0,0.0,0.0
284.3982,0.06585705,0.0,0.0,0.06585705,2016-11-16 17:00:00,0.0,0.0,0.0,0.0,0.0
285.83374,0.027134076,0.0,0.0,0.027134076,2016-11-16 18:00:00,0.0,0.0,0.0,0.0,0.0
286.80127,0.004527632,0.0,0.0,0.004527632,2016-11-16 19:00:00,0.0,0.0,0.0,0.0,0.0
287.76074,0.31455243,0.0,0.004207764,0.31244856,2016-11-16 20:00:00,0.0,0.0,0.0,0.0,0.0
288.16382,0.58779156,0.0,0.0,0.58779156,2016-11-16 21:00:00,0.0,0.0,0.0,0.0,0.0
286.55835,0.22796762,0.0,0.011606943,0.22796762,2016-11-16 22:00:00,0.0,0.0,0.0,0.0,0.0
285.7644,0.042303152,0.0,0.0,0.042303152,2016-11-16 23:00:00,0.0,0.0,0.0,0.0,0.0
284.9104,0.2913841,0.0,0.0,0.2913841,2016-11-17 00:00:00,0.0,0.0,0.0,0.0,0.0
284.52905,0.87320286,0.0,0.0,0.87320286,2016-11-17 01:00:00,0.0,0.0,0.0,0.0,0.0
284.5061,0.97290385,0.0,0.0,0.97290385,2016-11-17 02:00:00,0.0,0.0,0.0,0.0,0.0
284.0078,0.99174684,0.0,0.0,0.99174684,2016-11-17 03:00:00,0.0,0.0,0.0,0.0,0.0
284.00732,0.9142943,0.0,0.0,0.9142943,2016-11-17 04:00:00,0.0,0.0,0.0,0.0,0.0
283.4131,0.82124823,0.0,0.02780382,0.82124823,2016-11-17 05:00:00,0.0,0.0,0.0,0.0,0.0
283.0952,0.95826006,0.0,0.24613243,0.9561562,2016-11-17 06:00:00,0.0,0.0,0.0,0.0,0.0
282.7671,0.980757,0.0,0.39736617,0.9791149,2016-11-17 07:00:00,0.0,0.0,0.0,0.0,0.0
282.0271,0.9676302,0.0,0.41590005,0.9605231,2016-11-17 08:00:00,0.0,0.0,0.0,0.0,0.0
280.97607,0.97674394,0.0,0.42897493,0.97674394,2016-11-17 09:00:00,0.0,0.0,0.0,0.0,0.0
281.12085,0.96709853,0.0,0.3331985,0.9620953,2016-11-17 10:00:00,0.0,0.0,0.0,0.0,0.0
281.15234,1.0,0.0,0.3060329,1.0,2016-11-17 11:00:00,0.0,0.0,0.0,0.0,0.0
280.97485,1.0,0.0,0.36071438,1.0,2016-11-17 12:00:00,0.0,0.0,0.0,0.0,0.0
280.74756,1.0,0.0,0.25879973,1.0,2016-11-17 13:00:00,0.0,0.0,0.0,0.0,0.0
281.0398,1.0,0.0,0.13742441,1.0,2016-11-17 14:00:00,0.0,0.0,0.0,0.0,0.0
282.83618,0.9947349,0.0,0.48602068,0.9947349,2016-11-17 15:00:00,0.0,0.0,0.0,0.0,0.0
283.92847,1.0,0.0,0.8178885,1.0,2016-11-17 16:00:00,0.0,0.0,0.0,0.0,0.0
284.95044,1.0,0.018664602,0.33492357,1.0,2016-11-17 17:00:00,0.0,0.0,0.0,0.0,0.0
285.90747,0.9978961,0.0404971,0.19065487,0.9978961,2016-11-17 18:00:00,0.0,0.0,0.0,0.0,0.0
286.06323,1.0,0.01791859,0.64096576,1.0,2016-11-17 19:00:00,0.0,0.0,0.0,0.0,0.0
286.25366,0.98999023,0.117857456,0.68894506,0.98836523,2016-11-17 20:00:00,0.0,0.0,0.0,0.0,0.0
286.3567,0.9894646,0.20739323,0.82894266,0.9894646,2016-11-17 21:00:00,0.0,0.0,0.0,0.0,0.0
284.90796,1.0,0.16125834,0.71742684,1.0,2016-11-17 22:00:00,0.0,0.0,0.0,0.0,0.0
284.56787,1.0,0.29803187,0.41615433,0.998375,2016-11-17 23:00:00,0.0,0.0,0.0,0.0,0.0
284.14355,1.0,0.40631157,0.44997424,1.0,2016-11-18 00:00:00,0.0,0.0,0.0,0.0,0.0
283.9099,1.0,0.81072474,0.5894509,0.997629,2016-11-18 01:00:00,0.0,1.0107096e-06,0.0,9.629612e-07,0.0
283.42188,1.0,0.67017174,0.83170414,1.0,2016-11-18 02:00:00,1.0,7.801142e-06,0.0,7.114083e-06,5.3452317e-07
282.54224,1.0,0.42073065,0.9785506,1.0,2016-11-18 03:00:00,1.0,9.989203e-06,0.0,9.531272e-06,2.6726156e-07
282.3672,0.92884076,0.21239173,0.40345418,0.89308596,2016-11-18 04:00:00,1.0,2.4412302e-06,0.0,2.2505592e-06,2.6726156e-07
281.69165,0.45134056,0.3666551,0.23198777,0.08173865,2016-11-18 05:00:00,1.0,1.6259975e-05,0.0,4.276185e-06,1.1983792e-05
280.92114,0.51102704,0.45387912,0.32259268,0.040675674,2016-11-18 06:00:00,1.0,2.4395602e-05,0.0,0.0,2.4395602e-05
280.9209,0.5203144,0.41093022,0.30333185,0.08492547,2016-11-18 07:00:00,1.0,1.6786755e-05,0.0,1.9458084e-06,1.4687766e-05
281.0276,0.6259976,0.47730982,0.15834773,0.28269684,2016-11-18 08:00:00,1.0,1.8676787e-05,0.0,2.4024393e-06,1.5911908e-05
280.70923,0.8744484,0.609139,0.035773005,0.68481743,2016-11-18 09:00:00,1.0,0.00015242638,0.0,0.00013088407,2.1894783e-05
280.79175,0.9768735,0.66950357,0.41994905,0.84941846,2016-11-18 10:00:00,1.0,9.749562e-06,0.0,0.0,9.749562e-06
280.78442,1.0,0.7092332,0.75724685,0.9776039,2016-11-18 11:00:00,1.0,7.2121857e-06,0.0,5.915585e-07,6.2392855e-06
281.12695,0.99736434,0.81348073,0.9519664,0.97274804,2016-11-18 12:00:00,1.0,0.00012139679,0.0,0.00011142579,1.0400099e-05
281.14136,0.99657166,0.7230331,0.76940405,0.94495285,2016-11-18 13:00:00,1.0,0.00021840441,0.0,0.0001623244,5.6346296e-05
280.66748,0.99315417,0.7619674,0.92477417,0.92770463,2016-11-18 14:00:00,1.0,0.0017610905,0.0,0.0016374367,0.00012397773
280.1233,1.0,1.0,0.993112,0.25825036,2016-11-18 15:00:00,1.0,0.002403602,0.0,0.0020897784,0.00031431927
279.91943,0.99258035,0.9920547,0.73794454,0.0066281483,2016-11-18 16:00:00,1.0,0.0039749593,0.0,0.003216145,0.0007587478
280.02563,1.0,1.0,0.63352764,0.0,2016-11-18 17:00:00,1.0,0.0031291472,0.0,0.0016421282,0.0014873142
280.03052,1.0,1.0,0.77158254,0.04452364,2016-11-18 18:00:00,1.0,0.001371701,0.0,4.297308e-06,0.0013674037
278.73828,1.0,1.0,0.76178396,0.19573236,2016-11-18 19:00:00,6.0,0.0011051937,9.7149576e-05,0.00022547493,0.00087977597
276.17432,1.0,1.0,0.8072657,0.5410644,2016-11-18 20:00:00,6.0,0.0011728639,0.00053443015,6.850078e-05,0.0011044773
274.29834,1.0,0.99627113,0.9754401,0.84100664,2016-11-18 21:00:00,6.0,0.001360853,0.0012401305,3.8752924e-06,0.0013570536
273.7339,1.0,0.93725103,1.0,0.6382337,2016-11-18 22:00:00,6.0,0.0014434888,0.0014130394,1.6302947e-05,0.0014275671
273.7937,1.0,0.9265051,1.0,0.5830997,2016-11-18 23:00:00,6.0,0.001079859,0.0010627725,1.3760965e-05,0.0010660507
273.90503,0.9795268,0.8261767,0.97215784,0.33353692,2016-11-19 00:00:00,6.0,0.00080521544,0.00077786855,4.995962e-05,0.0007553508
274.20654,1.0,0.97749496,0.99348307,0.4616508,2016-11-19 01:00:00,6.0,0.0005194817,0.00048174872,6.91248e-05,0.00045030937
274.0337,1.0,0.9727592,1.0,0.5874069,2016-11-19 02:00:00,6.0,0.00027228426,0.00023649696,4.0879313e-05,0.000231462
273.7202,0.99946827,0.97593117,0.95371306,0.22766393,2016-11-19 03:00:00,6.0,0.00012427941,0.00010835497,1.6217804e-05,0.000108166394
273.63623,0.97832847,0.97832847,0.5623137,0.01173529,2016-11-19 04:00:00,6.0,2.8780036e-05,2.8763214e-05,4.7747868e-08,2.8780036e-05
273.43457,0.93849707,0.93476826,0.10926759,0.034551576,2016-11-19 05:00:00,6.0,3.929418e-06,3.94584e-06,0.0,3.929418e-06
273.18945,0.9042992,0.83248925,0.2511189,0.17710888,2016-11-19 06:00:00,5.0,2.6129865e-06,2.5722875e-06,0.0,2.6129865e-06
273.1902,0.88841724,0.8127063,0.35253835,0.5271708,2016-11-19 07:00:00,5.0,2.6892567e-06,2.4768733e-06,0.0,2.4219953e-06
272.87378,0.85497266,0.72472924,0.09297907,0.46094948,2016-11-19 08:00:00,5.0,2.9943276e-06,2.7319538e-06,0.0,2.7270662e-06
272.68457,0.6486578,0.59196395,0.012005735,0.144606,2016-11-19 09:00:00,5.0,2.3264993e-06,2.3908306e-06,0.0,2.3264993e-06
271.91553,0.7476251,0.74187595,0.0,0.015842445,2016-11-19 10:00:00,5.0,2.9545845e-06,3.0097035e-06,0.0,3.0500805e-06
271.76562,0.7735656,0.7735656,0.0,0.0,2016-11-19 11:00:00,5.0,2.2873974e-06,2.4066876e-06,0.0,2.2873974e-06
271.6914,0.68336946,0.68336946,0.017467394,0.0,2016-11-19 12:00:00,5.0,1.8682458e-06,1.7752336e-06,0.0,1.8682458e-06
271.69116,0.63670146,0.63670146,0.0,0.0,2016-11-19 13:00:00,0.0,2.0957555e-07,3.6940327e-07,0.0,2.0957555e-07
271.3916,0.65571976,0.65571976,0.0,0.0,2016-11-19 14:00:00,0.0,9.549569e-08,1.2393548e-07,0.0,0.0
271.2041,0.74635565,0.74635565,0.0,0.0,2016-11-19 15:00:00,0.0,0.0,1.1936965e-08,0.0,0.0
271.2256,0.77318907,0.77318907,0.0,0.0,2016-11-19 16:00:00,5.0,7.8190845e-07,7.937652e-07,0.0,7.8190845e-07
271.70996,0.9915844,0.9915844,0.0,0.0,2016-11-19 17:00:00,5.0,1.6977729e-06,1.7167586e-06,0.0,1.6977729e-06
271.93066,1.0,1.0,0.0,0.0,2016-11-19 18:00:00,5.0,0.0,9.06893e-08,0.0,0.0
272.08154,1.0,1.0,0.0,0.0,2016-11-19 19:00:00,5.0,1.1254397e-06,9.2523567e-07,0.0,1.1254397e-06
272.23193,1.0,1.0,0.0,0.0,2016-11-19 20:00:00,5.0,0.0,0.0,0.0,0.0
272.05737,0.97057366,0.97057366,0.0,0.0,2016-11-19 21:00:00,5.0,0.0,0.0,0.0,0.0
271.07202,0.9367525,0.9367525,0.0,0.0,2016-11-19 22:00:00,5.0,0.0,0.0,0.0,0.0
270.57568,0.65704745,0.65704745,0.0,0.0,2016-11-19 23:00:00,5.0,0.0,0.0,0.0,0.0
270.63696,0.053106844,0.053106844,0.0,0.0,2016-11-20 00:00:00,5.0,0.0,0.0,0.0,0.0
270.48828,0.0034282913,0.0034282913,0.0,0.0,2016-11-20 01:00:00,5.0,0.0,0.0,0.0,0.0
270.6184,0.0044917315,0.0044917315,0.0,0.0,2016-11-20 02:00:00,0.0,0.0,0.0,0.0,0.0
269.95532,0.4667369,0.0010573287,0.0,0.46567345,2016-11-20 03:00:00,0.0,0.0,0.0,0.0,0.0
269.87988,0.412372,0.0,0.0,0.412372,2016-11-20 04:00:00,0.0,0.0,0.0,0.0,0.0
269.67163,0.034738265,0.0,0.0,0.034738265,2016-11-20 05:00:00,0.0,0.0,0.0,0.0,0.0
269.4431,0.05646046,0.0,0.0,0.05646046,2016-11-20 06:00:00,0.0,0.0,0.0,0.0,0.0
269.31396,0.2287755,0.0,0.22204345,0.019571278,2016-11-20 07:00:00,0.0,0.0,0.0,0.0,0.0
269.48828,0.025326297,0.0,0.025326297,0.0,2016-11-20 08:00:00,0.0,0.0,0.0,0.0,0.0
268.96558,0.038000137,0.0,0.0,0.038000137,2016-11-20 09:00:00,0.0,0.0,0.0,0.0,0.0
269.13208,0.7130683,0.0,0.5356625,0.45438844,2016-11-20 10:00:00,0.0,0.0,0.0,0.0,0.0
269.25317,0.66311216,0.0,0.6476178,0.19694,2016-11-20 11:00:00,0.0,0.0,0.0,0.0,0.0
269.1692,0.90888816,0.0,0.90888816,0.0,2016-11-20 12:00:00,0.0,0.0,0.0,0.0,0.0
269.24,0.11117232,0.0,0.11117232,0.0,2016-11-20 13:00:00,0.0,0.0,0.0,0.0,0.0
269.48633,0.72677106,0.0,0.72677106,0.0,2016-11-20 14:00:00,0.0,0.0,0.0,0.0,0.0
270.8003,0.9797891,0.0,0.9797891,0.007991824,2016-11-20 15:00:00,0.0,0.0,0.0,0.0,0.0
270.79883,0.99310994,0.0,0.99310994,0.0,2016-11-20 16:00:00,0.0,0.0,0.0,0.0,0.0
271.20264,0.89401364,0.0,0.89401364,0.002103883,2016-11-20 17:00:00,0.0,0.0,0.0,0.0,0.0
271.18213,0.6530807,0.0,0.6530807,0.0,2016-11-20 18:00:00,0.0,0.0,0.0,0.0,0.0
271.55933,0.402337,0.0,0.402337,0.0,2016-11-20 19:00:00,0.0,0.0,0.0,0.0,0.0
272.00415,0.25954545,0.0,0.25954545,0.0,2016-11-20 20:00:00,0.0,0.0,0.0,0.0,0.0
272.65576,0.07860744,0.0,0.07860744,0.0,2016-11-20 21:00:00,0.0,0.0,0.0,0.0,0.0
271.89404,0.03840718,0.0,0.03840718,0.0,2016-11-20 22:00:00,0.0,0.0,0.0,0.0,0.0
271.07837,0.038334727,0.0,0.0033782488,0.034980882,2016-11-20 23:00:00,0.0,0.0,0.0,0.0,0.0
270.63354,0.024817154,0.0,0.0,0.024817154,2016-11-21 00:00:00,0.0,0.0,0.0,0.0,0.0
270.2898,0.0100932345,0.0,0.0100932345,0.0,2016-11-21 01:00:00,0.0,0.0,0.0,0.0,0.0
270.0564,0.038557213,0.0,0.038557213,0.0,2016-11-21 02:00:00,0.0,0.0,0.0,0.0,0.0
269.47607,0.0406669,0.0,0.0406669,0.0,2016-11-21 03:00:00,0.0,0.0,0.0,0.0,0.0
269.39355,0.051139954,0.0,0.051139954,0.0,2016-11-21 04:00:00,0.0,0.0,0.0,0.0,0.0
269.2141,0.04167419,0.0,0.04167419,0.0,2016-11-21 05:00:00,0.0,0.0,0.0,0.0,0.0
269.29858,0.021835826,0.0,0.021835826,0.0,2016-11-21 06:00:00,0.0,0.0,0.0,0.0,0.0
269.1106,0.0,0.0,0.0,0.0,2016-11-21 07:00:00,0.0,0.0,0.0,0.0,0.0
268.8423,0.0,0.0,0.0,0.0,2016-11-21 08:00:00,0.0,0.0,0.0,0.0,0.0
268.95215,0.0,0.0,0.0,0.0,2016-11-21 09:00:00,0.0,0.0,0.0,0.0,0.0
268.06836,0.0,0.0,0.0,0.0,2016-11-21 10:00:00,0.0,0.0,0.0,0.0,0.0
268.14746,0.0,0.0,0.0,0.0,2016-11-21 11:00:00,0.0,0.0,0.0,0.0,0.0
268.2539,0.0,0.0,0.0,0.0,2016-11-21 12:00:00,0.0,0.0,0.0,0.0,0.0
268.07593,0.0,0.0,0.0,0.0,2016-11-21 13:00:00,0.0,0.0,0.0,0.0,0.0
268.6609,0.0,0.0,0.0,0.0,2016-11-21 14:00:00,0.0,0.0,0.0,0.0,0.0
271.3584,0.0,0.0,0.0,0.0,2016-11-21 15:00:00,0.0,0.0,0.0,0.0,0.0
272.46118,0.0,0.0,0.0,0.0,2016-11-21 16:00:00,0.0,0.0,0.0,0.0,0.0
274.01807,0.0,0.0,0.0,0.0,2016-11-21 17:00:00,0.0,0.0,0.0,0.0,0.0
274.5891,0.0,0.0,0.0,0.0,2016-11-21 18:00:00,0.0,0.0,0.0,0.0,0.0
275.2727,0.31977975,0.0,0.0,0.31977975,2016-11-21 19:00:00,0.0,0.0,0.0,0.0,0.0
275.93384,0.063503265,0.0,0.0,0.063503265,2016-11-21 20:00:00,0.0,0.0,0.0,0.0,0.0
276.32983,0.19770622,0.0,0.0,0.19770622,2016-11-21 21:00:00,0.0,0.0,0.0,0.0,0.0
275.3789,0.87935334,0.0,0.0,0.87935334,2016-11-21 22:00:00,0.0,0.0,0.0,0.0,0.0
274.3479,1.0,0.0,0.0,1.0,2016-11-21 23:00:00,0.0,0.0,0.0,0.0,0.0
274.02686,1.0,0.0,0.0,1.0,2016-11-22 00:00:00,0.0,0.0,0.0,0.0,0.0
273.8225,0.9875391,0.0,0.0,0.9875391,2016-11-22 01:00:00,0.0,0.0,0.0,0.0,0.0
273.4502,0.97340053,0.0,0.0,0.97340053,2016-11-22 02:00:00,0.0,0.0,0.0,0.0,0.0
273.28735,0.9773787,0.0,0.0,0.9773787,2016-11-22 03:00:00,0.0,0.0,0.0,0.0,0.0
273.30347,1.0,0.0,0.038427178,1.0,2016-11-22 04:00:00,0.0,0.0,0.0,0.0,0.0
273.26733,1.0,0.0,0.34525132,1.0,2016-11-22 05:00:00,0.0,0.0,0.0,0.0,0.0
273.18945,1.0,0.0,0.37789774,1.0,2016-11-22 06:00:00,0.0,0.0,0.0,0.0,0.0
273.38208,1.0,0.0,0.45765364,1.0,2016-11-22 07:00:00,0.0,0.0,0.0,0.0,0.0
273.43677,1.0,0.0,0.9663347,1.0,2016-11-22 08:00:00,0.0,0.0,0.0,0.0,0.0
272.83057,1.0,0.0,1.0,1.0,2016-11-22 09:00:00,0.0,0.0,0.0,0.0,0.0
274.1245,1.0,0.0,1.0,1.0,2016-11-22 10:00:00,5.0,2.6726156e-07,1.3363075e-07,0.0,0.0
274.1582,1.0,0.0,1.0,1.0,2016-11-22 11:00:00,5.0,6.6437206e-06,6.8247764e-06,0.0,6.8532963e-06
274.24414,1.0,0.0,1.0,0.9978961,2016-11-22 12:00:00,6.0,4.3365464e-05,4.3083783e-05,0.0,4.3098204e-05
274.188,1.0,0.0,1.0,0.9978961,2016-11-22 13:00:00,6.0,0.00011359394,0.00011227687,0.0,0.000113384376
274.02222,1.0,0.0,1.0,0.9894863,2016-11-22 14:00:00,6.0,0.00029005902,0.00025496492,0.0,0.00028996333
273.96997,1.0,0.03691234,0.98999023,0.9989426,2016-11-22 15:00:00,8.0,0.00045441138,0.00027882564,0.0,0.00045441138
273.99268,1.0,0.08384895,1.0,0.98999023,2016-11-22 16:00:00,8.0,0.00031445338,0.00012085345,0.0,0.00031445338
274.1997,1.0,0.15022296,1.0,0.9946291,2016-11-22 17:00:00,6.0,0.00015968533,0.00014061407,0.0,0.00015968533
274.39185,1.0,0.03035207,1.0,1.0,2016-11-22 18:00:00,6.0,0.0001833157,0.00018317038,0.0,0.0001833157
274.2661,1.0,0.113897204,1.0,0.998375,2016-11-22 19:00:00,6.0,0.00043835584,0.0004339728,0.0,0.00043776492
274.1494,1.0,0.56723917,0.9920941,1.0,2016-11-22 20:00:00,6.0,0.00057046,0.0005424877,0.0,0.0005701741
274.39722,1.0,0.8633443,1.0,0.9776458,2016-11-22 21:00:00,6.0,0.0007061034,0.00070244214,0.0,0.0007058361
274.4795,1.0,0.62853104,0.9563281,0.99946827,2016-11-22 22:00:00,6.0,0.0006547102,0.0006478131,0.0,0.0006547102
274.53638,1.0,0.8725403,0.9795052,1.0,2016-11-22 23:00:00,6.0,0.0006601901,0.0006358111,2.0054096e-05,0.00063992664
274.37427,1.0,0.91581243,1.0,1.0,2016-11-23 00:00:00,6.0,0.0009161271,0.00079978956,0.00017691527,0.0007393074
274.39282,1.0,0.82304525,1.0,1.0,2016-11-23 01:00:00,6.0,0.0012315693,0.0011434557,0.00026746606,0.0009640076
274.1831,1.0,0.91121197,1.0,0.998375,2016-11-23 02:00:00,6.0,0.0017041482,0.0016029424,0.0007898302,0.0009142703
274.26147,1.0,0.88276094,0.976312,1.0,2016-11-23 03:00:00,6.0,0.00090601016,0.0008489082,0.00013900948,0.00076697185
274.18042,1.0,0.8926172,0.96762604,1.0,2016-11-23 04:00:00,6.0,0.0010043911,0.0009817362,5.2091214e-05,0.0009526436
274.2749,1.0,0.7679085,0.90012527,1.0,2016-11-23 05:00:00,6.0,0.001462129,0.0014531694,2.0044617e-06,0.0014601627
274.03247,1.0,0.7856818,0.95049864,0.96438825,2016-11-23 06:00:00,6.0,0.0016637233,0.0016400798,0.00015140198,0.0015122355
274.01343,0.98999023,0.816408,0.94034874,0.96262366,2016-11-23 07:00:00,6.0,0.00112208,0.0010863708,0.00014809682,0.0009737066
273.95776,0.99342126,0.8743223,0.8777932,0.9415881,2016-11-23 08:00:00,6.0,0.00076036784,0.0007247473,0.00011493337,0.000645587
274.05884,0.9978961,0.9356296,0.9064071,0.9581802,2016-11-23 09:00:00,6.0,0.00046616537,0.00043764734,8.750132e-05,0.00037874072
274.1421,0.99001795,0.92784697,0.8887724,0.8940133,2016-11-23 10:00:00,6.0,0.0003110806,0.00028993306,4.073842e-05,0.00027047587
274.15234,1.0,0.9696546,0.998375,0.94789386,2016-11-23 11:00:00,6.0,0.00032362458,0.00031195534,3.527853e-05,0.00028834608
274.1587,1.0,0.96123904,0.9978961,0.97741127,2016-11-23 12:00:00,6.0,0.00038051652,0.00036522,6.111985e-05,0.00031920592
274.17993,1.0,0.9476304,0.997629,0.9907663,2016-11-23 13:00:00,6.0,0.00036950293,0.0003549694,8.4296e-05,0.000285245
274.2146,1.0,0.9949968,1.0,0.9841876,2016-11-23 14:00:00,6.0,0.00035177055,0.00033916114,4.5369943e-06,0.000346547
274.27026,1.0,0.9807964,0.99736434,0.99736434,2016-11-23 15:00:00,6.0,0.00039102347,0.0003739025,3.6586189e-06,0.00038706022
274.34668,1.0,0.9970973,1.0,0.9680897,2016-11-23 16:00:00,6.0,0.00040464615,0.00036615715,0.0,0.00040464615
274.64136,1.0,0.99841094,1.0,0.78666013,2016-11-23 17:00:00,7.0,0.00030755834,0.00023686783,0.0,0.00030755834
274.6604,1.0,0.9942007,0.9970973,0.6310672,2016-11-23 18:00:00,1.0,0.0001788103,8.026253e-05,0.0,0.0001788103
274.9956,0.99946827,0.9973536,0.94010204,0.7432543,2016-11-23 19:00:00,1.0,0.00012700573,1.5904996e-05,0.0,0.00012691024
275.27002,1.0,1.0,0.7831713,0.6931825,2016-11-23 20:00:00,1.0,8.7089924e-05,0.0,0.0,8.7089924e-05
275.43726,0.95622677,0.8025077,0.518717,0.31749803,2016-11-23 21:00:00,1.0,5.78786e-05,0.0,0.0,5.78786e-05
274.99854,0.9324329,0.9189614,0.105716884,0.016832627,2016-11-23 22:00:00,1.0,3.6269033e-05,0.0,0.0,3.6650366e-05
274.8601,0.99946827,0.99946827,0.0,0.0,2016-11-23 23:00:00,1.0,1.5061986e-05,0.0,0.0,1.49479065e-05
274.8274,0.99130046,0.99130046,0.0,0.0,2016-11-24 00:00:00,1.0,3.9274846e-06,0.0,0.0,3.8319886e-06
274.9309,0.9707102,0.9707102,0.0,0.0,2016-11-24 01:00:00,1.0,6.101426e-07,0.0,0.0,1.1632492e-06
274.813,0.9825209,0.9825209,0.0,0.0,2016-11-24 02:00:00,1.0,3.627573e-07,0.0,0.0,5.7233285e-07
274.79712,0.958538,0.958538,0.0,0.0,2016-11-24 03:00:00,1.0,3.627573e-07,0.0,0.0,4.5825306e-07
274.89233,0.96258295,0.96258295,0.0,0.0,2016-11-24 04:00:00,1.0,1.182475e-06,0.0,0.0,1.182475e-06
274.87598,0.9028444,0.9028444,0.0,0.0,2016-11-24 05:00:00,1.0,4.7683716e-07,0.0,0.0,4.7683716e-07
274.5161,0.97405696,0.97405696,0.0,0.0,2016-11-24 06:00:00,1.0,9.549569e-08,0.0,0.0,9.549569e-08
274.68604,0.95804936,0.95804936,0.0,0.0,2016-11-24 07:00:00,1.0,6.864127e-07,0.0,0.0,5.9091695e-07
274.52612,0.95917124,0.95917124,0.0,0.0,2016-11-24 08:00:00,1.0,6.864127e-07,0.0,0.0,1.1632492e-06
274.92676,0.9573053,0.9573053,0.0,0.0,2016-11-24 09:00:00,1.0,1.6400863e-06,0.0,0.0,1.5260066e-06
274.64868,0.9328474,0.9257295,0.0016249504,0.056407392,2016-11-24 10:00:00,1.0,2.289331e-06,0.0,0.0,2.3079156e-06
274.813,0.9162828,0.9012547,0.002103883,0.1536628,2016-11-24 11:00:00,1.0,6.9025873e-06,2.7258611e-06,0.0,6.9025873e-06
274.94043,0.9989426,0.87865865,0.43668717,0.9736571,2016-11-24 12:00:00,1.0,7.3807078e-06,9.533512e-07,0.0,7.552473e-06
275.02637,0.9978961,0.9394759,0.5564719,0.91898835,2016-11-24 13:00:00,1.0,9.309866e-06,0.0,0.0,8.928525e-06
274.74878,0.994415,0.9224014,0.11176157,0.9522943,2016-11-24 14:00:00,8.0,3.6256388e-06,0.0,0.0,3.6256388e-06
274.9734,0.99503267,0.9134352,0.109055996,0.9114742,2016-11-24 15:00:00,1.0,8.129334e-06,0.0,9.549569e-08,7.824262e-06
275.1543,0.9905219,0.9240306,0.2692899,0.7698321,2016-11-24 16:00:00,1.0,8.242771e-06,5.583925e-07,3.1500946e-07,7.97551e-06
275.38696,0.9966217,0.96969587,0.41938883,0.68001443,2016-11-24 17:00:00,1.0,8.644631e-06,1.4772922e-07,0.0,8.740127e-06
275.45044,1.0,1.0,0.4915405,0.46783274,2016-11-24 18:00:00,1.0,8.874083e-06,0.0,0.0,8.5882375e-06
275.49902,1.0,1.0,0.5012478,0.42497885,2016-11-24 19:00:00,1.0,1.3127157e-05,0.0,0.0,1.3127157e-05
275.70898,1.0,1.0,0.7560036,0.5295261,2016-11-24 20:00:00,1.0,1.3257219e-05,0.0,0.0,1.3257219e-05
275.76025,1.0,0.998375,0.80308586,0.47759646,2016-11-24 21:00:00,1.0,2.2052453e-05,0.0,0.0,2.2052453e-05
275.8025,0.9946291,0.9769257,0.9157228,0.47488672,2016-11-24 22:00:00,1.0,5.745898e-05,0.0,0.0,5.745898e-05
275.5503,0.9955251,0.9563907,0.98768914,0.34445202,2016-11-24 23:00:00,1.0,7.9655554e-05,0.0,0.0,7.986513e-05
275.34473,1.0,0.9662317,0.9902515,0.17880207,2016-11-25 00:00:00,1.0,8.209694e-05,0.0,2.1113665e-05,6.098328e-05
275.03052,0.9978961,0.97322035,0.9952497,0.16107476,2016-11-25 01:00:00,7.0,0.00016422199,5.144785e-06,0.00010898699,5.5263838e-05
274.58203,0.99946827,0.94788814,0.99946827,0.0,2016-11-25 02:00:00,7.0,0.00017248296,1.8487495e-05,9.0539004e-05,8.207759e-05
274.33643,0.9949968,0.9725217,0.9949968,0.0,2016-11-25 03:00:00,7.0,0.00012051032,4.5446344e-05,3.015055e-05,9.0436355e-05
274.26318,1.0,0.9812106,1.0,0.0,2016-11-25 04:00:00,6.0,0.00010568999,5.5183584e-05,0.0,0.00010568999
274.31714,0.9978961,0.9521602,0.99368834,0.0,2016-11-25 05:00:00,7.0,0.00011533308,6.483466e-05,0.0,0.00011533308
274.21973,0.9920106,0.9694134,0.98569894,0.0,2016-11-25 06:00:00,7.0,0.000100206904,4.987928e-05,0.0,0.000100206904
274.07227,0.99577534,0.97901934,0.92309815,0.0,2016-11-25 07:00:00,7.0,9.815459e-05,7.376807e-05,0.0,9.815459e-05
274.20288,0.9989426,0.9941755,0.64609456,0.03331471,2016-11-25 08:00:00,6.0,5.953532e-05,3.711054e-05,0.0,5.9268044e-05
274.146,0.9932679,0.9932679,0.2704267,0.09082013,2016-11-25 09:00:00,6.0,4.986656e-05,3.168237e-05,0.0,4.9771057e-05
274.4182,0.9966217,0.99609,0.08404136,0.0578915,2016-11-25 10:00:00,6.0,2.7839793e-05,1.7137194e-05,0.0,2.7744289e-05
274.32227,0.997629,0.99525803,0.0026463778,0.075031936,2016-11-25 11:00:00,5.0,1.8763254e-05,1.4279231e-05,0.0,1.9144587e-05
274.30078,0.99235535,0.99235535,0.0021566707,0.0010573287,2016-11-25 12:00:00,5.0,7.301871e-06,5.9145495e-06,0.0,7.301871e-06
274.18555,0.985415,0.9848833,0.07912296,0.0065169036,2016-11-25 13:00:00,5.0,4.080025e-06,3.96835e-06,0.0,4.4427816e-06
274.2102,1.0,1.0,0.21072519,0.124091506,2016-11-25 14:00:00,5.0,8.467697e-06,8.05511e-06,0.0,8.467697e-06
274.44775,0.9966217,0.9966217,0.3356353,0.4178337,2016-11-25 15:00:00,6.0,1.2092685e-05,1.2128013e-05,0.0,1.2092685e-05
274.66455,0.98368376,0.96158755,0.16278833,0.5176935,2016-11-25 16:00:00,6.0,5.6451245e-06,5.6569816e-06,0.0,5.6451245e-06
274.99854,0.9909002,0.95695835,0.022597358,0.5418052,2016-11-25 17:00:00,1.0,8.27862e-06,4.5181687e-06,2.5559375e-06,5.8752184e-06
275.1609,1.0,1.0,0.0,0.034360204,2016-11-25 18:00:00,1.0,4.6722243e-06,2.5711597e-06,0.0,4.6722243e-06
275.21338,1.0,1.0,0.015814707,0.0,2016-11-25 19:00:00,0.0,5.7297444e-07,0.0,0.0,5.915585e-07
275.33838,0.988793,0.988793,0.00737416,0.0,2016-11-25 20:00:00,0.0,0.0,0.0,0.0,0.0
275.52368,0.8724218,0.8724218,0.0,0.0,2016-11-25 21:00:00,0.0,0.0,0.0,0.0,0.0
275.08398,0.8398087,0.8398087,0.0,0.0,2016-11-25 22:00:00,0.0,0.0,0.0,0.0,0.0
274.82178,0.29235196,0.29235196,0.0,0.0,2016-11-25 23:00:00,0.0,0.0,0.0,0.0,0.0
274.72144,0.07781589,0.07781589,0.0,0.0,2016-11-26 00:00:00,1.0,0.0,0.0,0.0,0.0
274.4663,0.036941435,0.036941435,0.0,0.0,2016-11-26 01:00:00,8.0,0.0,0.0,0.0,0.0
273.61108,0.016939044,0.016939044,0.0,0.0,2016-11-26 02:00:00,8.0,0.0,0.0,0.0,0.0
273.11987,0.008999109,0.008999109,0.0,0.0,2016-11-26 03:00:00,0.0,0.0,0.0,0.0,0.0
273.08325,0.008357041,0.008357041,0.0,0.0,2016-11-26 04:00:00,0.0,0.0,0.0,0.0,0.0
272.57715,0.0067320913,0.0067320913,0.0,0.0,2016-11-26 05:00:00,0.0,0.0,0.0,0.0,0.0
272.59058,0.0,0.0,0.0,0.0,2016-11-26 06:00:00,0.0,0.0,0.0,0.0,0.0
272.20605,0.0,0.0,0.0,0.0,2016-11-26 07:00:00,0.0,0.0,0.0,0.0,0.0
272.354,0.0010573287,0.0,0.0,0.0010573287,2016-11-26 08:00:00,0.0,0.0,0.0,0.0,0.0
272.11353,0.0,0.0,0.0,0.0,2016-11-26 09:00:00,0.0,0.0,0.0,0.0,0.0
272.39893,0.19562095,0.0,0.0,0.19562095,2016-11-26 10:00:00,0.0,0.0,0.0,0.0,0.0
272.8391,0.5263979,0.0,0.0,0.5263979,2016-11-26 11:00:00,0.0,0.0,0.0,0.0,0.0
272.9414,0.9539588,0.0,0.06051003,0.9539588,2016-11-26 12:00:00,0.0,0.0,0.0,0.0,0.0
272.969,0.90824217,0.0,0.538716,0.90560657,2016-11-26 13:00:00,0.0,0.0,0.0,0.0,0.0
273.49292,0.92319983,0.0,0.6489499,0.8926693,2016-11-26 14:00:00,0.0,0.0,0.0,0.0,0.0
275.89917,0.83922535,0.00998199,0.41415107,0.7512014,2016-11-26 15:00:00,0.0,0.0,0.0,0.0,0.0
276.75537,0.29986888,0.0,0.1665222,0.20896494,2016-11-26 16:00:00,0.0,0.0,0.0,0.0,0.0
277.8916,0.05356597,0.0,0.01879517,0.034770798,2016-11-26 17:00:00,0.0,0.0,0.0,0.0,0.0
278.67944,0.0,0.0,0.0,0.0,2016-11-26 18:00:00,0.0,0.0,0.0,0.0,0.0
279.3152,0.0,0.0,0.0,0.0,2016-11-26 19:00:00,0.0,0.0,0.0,0.0,0.0
279.5376,0.0,0.0,0.0,0.0,2016-11-26 20:00:00,0.0,0.0,0.0,0.0,0.0
280.1953,0.0,0.0,0.0,0.0,2016-11-26 21:00:00,0.0,0.0,0.0,0.0,0.0
278.47485,0.0,0.0,0.0,0.0,2016-11-26 22:00:00,0.0,0.0,0.0,0.0,0.0
277.17798,0.0,0.0,0.0,0.0,2016-11-26 23:00:00,0.0,0.0,0.0,0.0,0.0
276.3462,0.0026356035,0.0,0.0,0.0026356035,2016-11-27 00:00:00,0.0,0.0,0.0,0.0,0.0
275.52734,0.02897818,0.0,0.0,0.02897818,2016-11-27 01:00:00,0.0,0.0,0.0,0.0,0.0
275.01318,0.2973193,0.0,0.0,0.2973193,2016-11-27 02:00:00,0.0,0.0,0.0,0.0,0.0
273.3457,0.72258604,0.0,0.0,0.72258604,2016-11-27 03:00:00,0.0,0.0,0.0,0.0,0.0
273.29907,0.84570336,0.0,0.0,0.84570336,2016-11-27 04:00:00,0.0,0.0,0.0,0.0,0.0
273.136,0.7934054,0.0,0.0,0.7934054,2016-11-27 05:00:00,0.0,0.0,0.0,0.0,0.0
272.9248,0.7731427,0.02280062,0.02020605,0.7698757,2016-11-27 06:00:00,0.0,0.0,0.0,0.0,0.0
273.13477,0.22663814,0.16126347,0.0414517,0.07605821,2016-11-27 07:00:00,0.0,0.0,0.0,0.0,0.0
273.31958,0.37884682,0.36699933,0.0,0.019305177,2016-11-27 08:00:00,5.0,0.0,0.0,0.0,0.0
272.45264,0.32127327,0.3165061,0.0,0.015286561,2016-11-27 09:00:00,5.0,0.0,0.0,0.0,0.0
271.55957,0.9968219,0.9968219,0.0,0.08445871,2016-11-27 10:00:00,5.0,0.0,0.0,0.0,0.0
271.47388,0.991523,0.9883449,0.0,0.04982583,2016-11-27 11:00:00,5.0,0.0,0.0,0.0,0.0
271.5227,1.0,1.0,0.0,0.10051787,2016-11-27 12:00:00,3.0,0.0,0.0,0.0,0.0
271.57104,1.0,1.0,0.0,0.34060466,2016-11-27 13:00:00,8.0,0.0,0.0,0.0,0.0
272.06714,1.0,1.0,0.0,0.18387413,2016-11-27 14:00:00,1.0,0.0,0.0,0.0,2.6726156e-07
273.75952,1.0,1.0,0.0,0.5227182,2016-11-27 15:00:00,0.0,0.0,0.0,0.0,0.0
274.6953,1.0,1.0,0.0,0.8303655,2016-11-27 16:00:00,0.0,0.0,0.0,0.0,0.0
275.73584,1.0,0.99629015,0.0,1.0,2016-11-27 17:00:00,0.0,0.0,0.0,0.0,0.0
276.08203,1.0,0.775503,0.0,1.0,2016-11-27 18:00:00,0.0,0.0,0.0,0.0,0.0
276.39868,1.0,0.18408579,0.0,1.0,2016-11-27 19:00:00,0.0,0.0,0.0,0.0,0.0
277.00952,1.0,0.049969442,0.0,1.0,2016-11-27 20:00:00,0.0,0.0,0.0,0.0,0.0
278.02246,1.0,0.08290124,0.02322347,1.0,2016-11-27 21:00:00,1.0,4.980522e-06,0.0,0.0,4.885026e-06
277.67993,1.0,0.71775764,0.4688139,1.0,2016-11-27 22:00:00,1.0,7.11088e-06,0.0,0.0,7.11088e-06
278.29907,1.0,0.9978792,0.8350089,1.0,2016-11-27 23:00:00,1.0,1.5471567e-05,0.0,1.4699381e-06,1.4135273e-05
278.85913,1.0,1.0,0.7953996,1.0,2016-11-28 00:00:00,1.0,3.163013e-05,0.0,1.6035692e-06,3.0026553e-05
278.9756,1.0,1.0,0.9362166,1.0,2016-11-28 01:00:00,1.0,8.665789e-05,0.0,3.990963e-06,8.293419e-05
279.0254,1.0,1.0,0.9966217,1.0,2016-11-28 02:00:00,1.0,0.0012600429,0.0,0.0003399516,0.0009196622
279.38818,1.0,1.0,0.99104196,0.987544,2016-11-28 03:00:00,1.0,0.0033733563,0.0,0.00090126693,0.0024721753
279.62476,1.0,1.0,1.0,0.67022645,2016-11-28 04:00:00,1.0,0.002619303,0.0,0.00062904647,0.0019902564
279.89062,1.0,1.0,0.90642613,0.7169252,2016-11-28 05:00:00,1.0,0.0010783519,0.0,0.00038304692,0.0006954004
279.9624,1.0,1.0,0.5254756,0.7982364,2016-11-28 06:00:00,1.0,0.00069625117,0.0,0.00019836728,0.0004978073
280.43286,1.0,0.99946827,0.55358773,0.21836233,2016-11-28 07:00:00,1.0,0.00036232686,0.0,0.00021400275,0.0001485337
280.6306,1.0,1.0,0.20366263,0.0,2016-11-28 08:00:00,1.0,0.00014447689,0.0,0.0,0.00014426731
281.25977,0.9353336,0.85926306,0.44975144,0.2010175,2016-11-28 09:00:00,1.0,0.0001687847,0.0,4.693026e-05,0.00012185442
282.62866,0.965225,0.93549395,0.36124814,0.20613742,2016-11-28 10:00:00,1.0,0.00039929873,0.0,0.00021926011,0.00018009577
282.97412,0.81470984,0.7099329,0.42340142,0.18137467,2016-11-28 11:00:00,1.0,0.00029484136,0.0,0.00021656547,7.801864e-05
282.97144,0.69919705,0.46236616,0.4059409,0.25511736,2016-11-28 12:00:00,1.0,0.00012411339,0.0,0.000100682664,2.3784174e-05
282.97095,0.8399509,0.7890472,0.23059028,0.3142509,2016-11-28 13:00:00,1.0,0.0009324821,0.0,0.0009120295,2.0624546e-05
283.17432,0.75510746,0.7245755,0.14144713,0.10085428,2016-11-28 14:00:00,1.0,0.0012198121,0.0,0.0011642536,5.5501398e-05
283.54663,0.79250234,0.71132326,0.11837679,0.13770986,2016-11-28 15:00:00,1.0,0.0007812618,0.0,0.0006518273,0.00012984403
283.54468,0.8261645,0.75781393,0.09593582,0.17000753,2016-11-28 16:00:00,1.0,0.00038920902,0.0,0.0002199035,0.00016963923
283.42798,0.80839264,0.76691365,0.22891736,0.23152393,2016-11-28 17:00:00,0.0,0.00026230025,0.0,0.00020918353,5.3136348e-05
283.52515,0.7764923,0.77160037,0.20603824,0.057143096,2016-11-28 18:00:00,0.0,4.262416e-05,0.0,2.9224073e-05,1.3132828e-05
283.61108,0.88991386,0.7990193,0.69929683,0.34688652,2016-11-28 19:00:00,1.0,0.0014067194,0.0,0.00081316195,0.0005933761
282.97314,0.9171275,0.7789896,0.48384398,0.5326789,2016-11-28 20:00:00,1.0,0.0008246482,0.0,0.0003884239,0.00043651043
282.62158,0.84877694,0.7729516,0.31498277,0.3515523,2016-11-28 21:00:00,1.0,0.00061606965,0.0,0.00048595853,0.0001299672
282.05786,0.81022286,0.68031234,0.38933212,0.23809302,2016-11-28 22:00:00,1.0,6.4164575e-05,0.0,2.0793057e-05,4.325743e-05
281.43506,0.80025077,0.70528525,0.32589358,0.3110845,2016-11-28 23:00:00,1.0,0.0005159229,0.0,0.00039824075,0.0001177962
280.82202,0.78914994,0.74214286,0.40364075,0.17482322,2016-11-29 00:00:00,1.0,0.0010356817,0.0,0.00094640837,8.9149646e-05
280.22217,0.57269347,0.5315018,0.16706991,0.057727065,2016-11-29 01:00:00,1.0,0.0002211815,0.0,0.00016035522,6.0635604e-05
279.64844,0.502558,0.3730256,0.073293865,0.20019072,2016-11-29 02:00:00,0.0,5.915189e-05,0.0,2.7383401e-05,3.1615942e-05
277.71094,0.4974664,0.09231168,0.03183802,0.45626217,2016-11-29 03:00:00,0.0,9.908417e-07,0.0,0.0,9.908417e-07
276.9563,0.6830592,0.4418915,0.07519597,0.5212361,2016-11-29 04:00:00,0.0,0.0,0.0,0.0,0.0
276.74414,0.9433314,0.842905,0.041730057,0.59871584,2016-11-29 05:00:00,1.0,0.0,0.0,0.0,0.0
276.28516,0.97422165,0.9699862,0.1531601,0.033376142,2016-11-29 06:00:00,1.0,3.3782535e-06,0.0,0.0,3.3782535e-06
276.0901,0.9618153,0.95144266,0.41441113,0.0,2016-11-29 07:00:00,1.0,6.081548e-05,0.0,5.8162493e-07,5.9957296e-05
276.13477,1.0,1.0,0.7907284,0.0468057,2016-11-29 08:00:00,1.0,0.00015954007,0.0,5.0503405e-07,0.00015885365
275.82568,1.0,1.0,0.98663974,0.15294313,2016-11-29 09:00:00,1.0,0.00021704687,2.3873934e-08,0.0,0.00021704687
274.875,0.9957394,0.978399,0.98120815,0.36695468,2016-11-29 10:00:00,1.0,0.0001862119,0.0,0.0,0.0001862119
274.95142,0.98919415,0.9575181,0.9114294,0.020606056,2016-11-29 11:00:00,1.0,0.00012192606,0.0,0.0,0.00012192606
275.10303,0.9453908,0.9334656,0.45830363,0.0197488,2016-11-29 12:00:00,1.0,5.0769042e-05,0.0,0.0,5.0769042e-05
275.15625,0.90599537,0.88119614,0.5989353,0.005003199,2016-11-29 13:00:00,1.0,1.6765567e-05,0.0,0.0,1.665148e-05
275.12817,0.97543275,0.9541111,0.72828245,0.0037288337,2016-11-29 14:00:00,1.0,1.8559454e-05,0.0,0.0,1.8559454e-05
275.2422,0.98048264,0.9527951,0.6727217,0.047000144,2016-11-29 15:00:00,1.0,2.6202266e-05,0.0,0.0,2.6202266e-05
275.3059,0.9827267,0.96077865,0.32676762,0.034234203,2016-11-29 16:00:00,1.0,1.6111793e-05,0.0,1.0581361e-06,1.5082504e-05
275.71094,1.0,1.0,0.08910251,0.027314063,2016-11-29 17:00:00,0.0,5.624607e-06,0.0,0.0,5.624607e-06
276.06982,1.0,1.0,0.0021207693,0.03463522,2016-11-29 18:00:00,0.0,4.5382594e-06,0.0,0.0,4.5382594e-06
276.14966,0.98562324,0.98509765,0.13540089,0.022970855,2016-11-29 19:00:00,1.0,4.0666404e-05,1.5293654e-06,5.2116e-06,3.558844e-05
276.26562,0.9903652,0.98799425,0.3387305,0.0,2016-11-29 20:00:00,1.0,3.276473e-05,0.0,1.5501166e-05,1.7263563e-05
276.42236,0.9718573,0.9681285,0.698036,0.0,2016-11-29 21:00:00,1.0,2.1694228e-05,0.0,5.2593487e-06,1.6139427e-05
276.14014,0.99133974,0.9879859,0.92045903,0.0,2016-11-29 22:00:00,1.0,2.4132882e-05,0.0,6.2008075e-07,2.356054e-05
276.114,0.9685116,0.9664077,0.8838503,0.0,2016-11-29 23:00:00,1.0,3.9927487e-05,0.0,7.626782e-07,3.922185e-05
276.17163,0.9842654,0.9671547,0.9350477,0.0,2016-11-30 00:00:00,1.0,4.2675078e-05,0.0,2.0028352e-07,4.2369997e-05
276.1765,0.9885259,0.98178655,0.94720143,0.0,2016-11-30 01:00:00,1.0,2.943576e-05,0.0,0.0,2.943576e-05
276.0078,0.98437184,0.9684597,0.9460298,0.0,2016-11-30 02:00:00,1.0,9.827757e-06,0.0,0.0,9.941838e-06
275.93652,1.0,1.0,1.0,0.0,2016-11-30 03:00:00,1.0,8.646574e-06,0.0,0.0,8.4369985e-06
276.10425,1.0,1.0,1.0,0.0,2016-11-30 04:00:00,1.0,1.8798615e-05,0.0,0.0,1.8798615e-05
275.98315,1.0,0.998375,1.0,0.0,2016-11-30 05:00:00,1.0,6.3225234e-05,0.0,0.0,6.3225234e-05
276.0105,1.0,0.99525803,0.998375,0.0,2016-11-30 06:00:00,1.0,0.00012818654,0.0,0.0,0.0001278052
276.08667,1.0,0.9885259,1.0,0.0,2016-11-30 07:00:00,1.0,0.00010357365,0.0,0.0,0.00010357365
275.7793,1.0,0.9899067,0.99600405,0.0,2016-11-30 08:00:00,1.0,7.697387e-05,0.0,0.0,7.697387e-05
275.65576,1.0,1.0,0.9978961,0.0,2016-11-30 09:00:00,1.0,6.4590815e-05,0.0,1.3363075e-07,6.4590815e-05
275.44507,1.0,1.0,0.99235535,0.0,2016-11-30 10:00:00,1.0,8.1208374e-05,0.0,1.3363075e-07,8.073154e-05
275.50293,1.0,1.0,0.961674,0.0,2016-11-30 11:00:00,1.0,0.00010164255,0.0,0.0,0.00010164255
275.37207,1.0,1.0,0.9807493,0.0,2016-11-30 12:00:00,1.0,0.00010911618,0.0,0.0,0.00010911618
275.33643,1.0,1.0,0.99675006,0.0,2016-11-30 13:00:00,1.0,8.0507234e-05,0.0,0.0,8.0411744e-05
275.18774,1.0,1.0,0.99446505,0.0,2016-11-30 14:00:00,1.0,4.4177927e-05,0.0,0.0,4.4177927e-05
275.56152,0.9989426,0.9989426,0.9780021,0.0,2016-11-30 15:00:00,1.0,3.4796933e-05,0.0,1.1635702e-06,3.3709963e-05
275.83472,0.99446505,0.9866756,0.97490716,0.0065169036,2016-11-30 16:00:00,1.0,8.736826e-05,2.0378693e-06,4.960966e-06,8.233069e-05
276.29004,0.9867931,0.9560139,0.9590288,0.0016249504,2016-11-30 17:00:00,1.0,0.000138693,0.0,1.432436e-07,0.0001385975
276.4834,1.0,0.9978792,0.9369119,0.007457666,2016-11-30 18:00:00,1.0,0.00011785317,0.0,2.7209953e-06,0.00011517992
276.6853,0.9905161,0.97734666,0.93050283,0.004207764,2016-11-30 19:00:00,1.0,9.412729e-05,0.0,2.3379776e-05,7.089041e-05
276.70215,0.998375,0.97780126,0.9471264,0.014727183,2016-11-30 20:00:00,1.0,0.00012800712,0.0,2.4017412e-05,0.00010375127
276.4751,0.9966217,0.93719864,0.9875358,0.04341896,2016-11-30 21:00:00,1.0,0.00016044175,0.0,7.529701e-06,0.00015310272
276.80225,0.98466986,0.21122217,0.9841382,0.059457555,2016-11-30 22:00:00,1.0,0.0001654473,0.0,0.0,0.0001654473
276.094,0.9885259,0.2290628,0.9885259,0.010519415,2016-11-30 23:00:00,1.0,0.00017512881,0.0,0.0,0.0001750333
275.81665,0.9813661,0.35056865,0.98084044,0.0,2016-12-01 00:00:00,1.0,0.000179385,0.0,0.0,0.000179385
275.8518,0.96468085,0.2813033,0.96468085,0.0,2016-12-01 01:00:00,1.0,0.00018495008,0.0,0.0,0.00018495008
275.48413,0.97704464,0.6522935,0.95999146,0.0,2016-12-01 02:00:00,1.0,0.00019042027,0.0,0.0,0.00019042027
275.50098,1.0,0.99946827,0.9841075,0.0,2016-12-01 03:00:00,1.0,0.00016671105,0.0,0.0,0.00016671105
275.47046,1.0,1.0,0.9680564,0.0,2016-12-01 04:00:00,1.0,0.0001224754,0.0,0.0,0.0001224754
275.3567,1.0,1.0,0.9424706,0.0,2016-12-01 05:00:00,1.0,6.675591e-05,0.0,0.0,6.675591e-05
275.2202,1.0,1.0,0.9020886,0.0,2016-12-01 06:00:00,1.0,5.539198e-05,0.0,0.0,5.539198e-05
275.03125,1.0,1.0,0.9499254,0.0,2016-12-01 07:00:00,1.0,9.1213136e-05,0.0,3.627573e-07,9.0945876e-05
275.12256,0.9978961,0.9978961,0.86159164,0.0,2016-12-01 08:00:00,1.0,0.000106927546,0.0,0.0,0.000106927546
275.24146,1.0,1.0,0.615595,0.0,2016-12-01 09:00:00,1.0,8.060466e-05,0.0,0.0,8.077643e-05
275.05127,0.9906323,0.97463185,0.888197,0.0,2016-12-01 10:00:00,1.0,5.4474105e-05,0.0,0.0,5.4474105e-05
275.14185,0.98057246,0.9410456,0.77907026,0.0,2016-12-01 11:00:00,1.0,4.4348402e-05,0.0,0.0,4.4348402e-05
275.14673,1.0,0.9968219,0.8965567,0.0,2016-12-01 12:00:00,1.0,4.648522e-05,0.0,0.0,4.648522e-05
275.1267,0.99946827,0.99295133,0.9582686,0.0,2016-12-01 13:00:00,1.0,3.7979073e-05,0.0,0.0,3.8246333e-05
275.06445,0.98280203,0.96755314,0.6360372,0.0,2016-12-01 14:00:00,1.0,3.0254843e-05,0.0,0.0,3.0254843e-05
275.28296,0.92870235,0.81243545,0.8328845,0.0,2016-12-01 15:00:00,1.0,4.6906323e-05,0.0,2.4062334e-05,2.270106e-05
275.42627,0.97090125,0.9491314,0.8772659,0.0,2016-12-01 16:00:00,1.0,4.083752e-05,0.0,7.943437e-06,3.280821e-05
275.6543,0.995108,0.99348307,0.6737181,0.0,2016-12-01 17:00:00,1.0,2.8002018e-05,0.0,2.4127075e-06,2.554155e-05
275.59473,1.0,1.0,0.048585508,0.0,2016-12-01 18:00:00,1.0,3.378559e-05,0.0,8.662876e-06,2.504613e-05
275.75342,1.0,1.0,0.01441757,0.0,2016-12-01 19:00:00,1.0,8.777927e-06,0.0,0.0,8.777927e-06
275.67944,0.9989426,0.9989426,0.0,0.0,2016-12-01 20:00:00,1.0,5.2285577e-06,0.0,1.0478777e-07,4.8658003e-06
275.68896,0.9968219,0.9968219,0.0,0.002103883,2016-12-01 21:00:00,1.0,3.2430053e-06,0.0,2.9545845e-07,2.9379344e-06
275.46753,0.9970973,0.9970973,0.0,0.18012202,2016-12-01 22:00:00,1.0,1.7548082e-06,0.0,1.0478777e-07,1.9265735e-06
275.37012,0.9809963,0.9431377,0.0,0.6151514,2016-12-01 23:00:00,6.0,3.052014e-06,1.1293605e-06,4.7747868e-08,2.7847527e-06
275.15674,0.99209684,0.95837885,0.0,0.92688656,2016-12-02 00:00:00,6.0,3.6621568e-06,1.682628e-06,1.9099144e-07,3.4711647e-06
274.95947,0.99946827,0.96416503,0.0,0.96314704,2016-12-02 01:00:00,6.0,3.96852e-06,1.7188413e-06,9.549569e-08,3.96852e-06
274.6521,0.9978792,0.9606607,0.0,0.9066615,2016-12-02 02:00:00,6.0,3.052014e-06,2.8922686e-06,0.0,2.8424383e-06
274.1665,0.9929119,0.9730342,0.0,0.83475447,2016-12-02 03:00:00,6.0,1.1446655e-06,1.328207e-06,0.0,1.4305115e-06
274.11035,0.98619694,0.9402777,0.0,0.81409377,2016-12-02 04:00:00,6.0,2.040012e-06,2.1545757e-06,0.0,2.040012e-06
273.8064,0.9815783,0.9619299,0.0,0.55196553,2016-12-02 05:00:00,6.0,1.6400863e-06,1.7095481e-06,0.0,1.6400863e-06
273.64746,0.960011,0.90150696,0.0,0.6184052,2016-12-02 06:00:00,6.0,1.6400863e-06,1.4755324e-06,0.0,1.6400863e-06
273.5066,0.9578074,0.88114655,0.0,0.59513795,2016-12-02 07:00:00,5.0,2.8981904e-06,2.874317e-06,0.0,2.8981904e-06
273.29614,0.9456922,0.8376074,0.0,0.66992116,2016-12-02 08:00:00,5.0,9.728992e-07,1.1066904e-06,0.0,9.728992e-07
272.9253,0.9183791,0.7511003,0.0,0.71376836,2016-12-02 09:00:00,5.0,1.0491694e-06,1.0730437e-06,0.0,1.0491694e-06
272.4568,0.89346737,0.78136945,0.0,0.58278084,2016-12-02 10:00:00,5.0,1.0491694e-06,1.0730437e-06,0.0,1.0491694e-06
272.46118,0.8058366,0.7111525,0.0,0.44537926,2016-12-02 11:00:00,5.0,1.3164308e-06,1.2398405e-06,0.0,1.3164308e-06
272.45776,0.85502994,0.85502994,0.0,0.12622601,2016-12-02 12:00:00,5.0,1.1446655e-06,1.3640165e-06,0.0,1.2401615e-06
272.54297,0.81650054,0.81260765,0.0,0.048288327,2016-12-02 13:00:00,5.0,2.630929e-06,2.4831998e-06,0.0,2.5168492e-06
272.6416,0.79173344,0.7912078,0.0,0.0026463778,2016-12-02 14:00:00,5.0,5.166363e-06,4.87555e-06,0.0,5.166363e-06
272.7578,0.84803087,0.84803087,0.0,0.0063561946,2016-12-02 15:00:00,5.0,2.325858e-06,2.1590613e-06,0.0,2.325858e-06
272.82788,1.0,1.0,0.0,0.011112567,2016-12-02 16:00:00,5.0,3.813414e-07,6.2440597e-07,0.0,5.9091695e-07
273.16382,1.0,1.0,0.0,0.017424218,2016-12-02 17:00:00,5.0,0.0,1.6215074e-07,0.0,3.813414e-07
273.21558,1.0,1.0,0.0,0.007900696,2016-12-02 18:00:00,5.0,0.0,9.533534e-08,0.0,0.0
273.0979,1.0,1.0,0.0,0.0,2016-12-02 19:00:00,6.0,4.6888845e-06,4.9896325e-06,0.0,4.6703e-06
273.1626,1.0,1.0,0.0,0.0,2016-12-02 20:00:00,6.0,7.626828e-07,9.826799e-07,0.0,9.158646e-07
273.07715,1.0,1.0,0.0,0.0,2016-12-02 21:00:00,6.0,9.158646e-07,9.826799e-07,0.0,9.158646e-07
273.0454,0.96888775,0.96888775,0.0,0.0,2016-12-02 22:00:00,5.0,8.767626e-07,1.0440426e-06,0.0,1.1440234e-06
272.85327,0.9861773,0.9861773,0.0,0.0,2016-12-02 23:00:00,5.0,2.7071992e-06,2.6884545e-06,0.0,2.7071992e-06
272.74707,0.95698965,0.95698965,0.0,0.0,2016-12-03 00:00:00,5.0,1.3247577e-05,1.3194941e-05,0.0,1.3247577e-05
272.5625,0.95080006,0.95080006,0.0,0.0,2016-12-03 01:00:00,5.0,7.03526e-06,7.049359e-06,0.0,7.03526e-06
272.32275,0.8788511,0.8788511,0.0,0.0,2016-12-03 02:00:00,5.0,5.6816607e-06,5.734296e-06,0.0,5.6816607e-06
272.14624,0.8820867,0.8820867,0.0,0.0,2016-12-03 03:00:00,5.0,7.703089e-06,7.786487e-06,0.0,7.703089e-06
272.18726,0.92228967,0.92228967,0.0,0.0,2016-12-03 04:00:00,5.0,1.08679e-05,1.0851075e-05,0.0,1.08679e-05
272.10522,0.8994055,0.8994055,0.0,0.0,2016-12-03 05:00:00,5.0,1.046604e-05,1.06137695e-05,0.0,1.046604e-05
271.9292,0.90270555,0.90270555,0.0,0.0,2016-12-03 06:00:00,5.0,9.950743e-06,9.640863e-06,0.0,9.950743e-06
271.9602,0.9133091,0.9133091,0.0,0.0,2016-12-03 07:00:00,5.0,2.6047855e-05,2.6004913e-05,5.767869e-06,2.023224e-05
272.03198,0.88832676,0.88832676,0.0,0.0,2016-12-03 08:00:00,5.0,2.1623011e-05,2.1384592e-05,4.1752046e-06,1.7314174e-05
272.16504,0.8148001,0.8148001,0.0,0.0,2016-12-03 09:00:00,5.0,1.4833204e-05,1.46616e-05,1.8676046e-06,1.28515185e-05
271.69995,0.90967923,0.90967923,0.0,0.0,2016-12-03 10:00:00,5.0,1.4318557e-05,1.4361175e-05,3.1061581e-06,1.1078768e-05
271.6902,0.8897132,0.8897132,0.0,0.0,2016-12-03 11:00:00,5.0,1.5213904e-05,1.5261641e-05,2.9154871e-06,1.24509515e-05
271.65356,0.83743316,0.83743316,0.0,0.0,2016-12-03 12:00:00,5.0,8.140182e-06,8.3140285e-06,7.431318e-07,7.644761e-06
271.67456,0.81211054,0.81211054,0.0,0.0,2016-12-03 13:00:00,5.0,2.325858e-06,2.2615268e-06,0.0,2.325858e-06
271.58813,0.79195297,0.79195297,0.0,0.0,2016-12-03 14:00:00,5.0,2.0227199e-06,1.7151633e-06,0.0,1.6413787e-06
271.86743,0.7917792,0.7854148,0.0,0.016930528,2016-12-03 15:00:00,5.0,6.907747e-06,7.167878e-06,4.774787e-07,6.793026e-06
271.84814,0.99946827,0.99946827,0.0,0.06785816,2016-12-03 16:00:00,5.0,1.4233344e-05,1.4552999e-05,0.0,1.4233344e-05
271.87744,1.0,1.0,0.0,0.0,2016-12-03 17:00:00,5.0,4.6953182e-06,4.4634653e-06,0.0,4.428056e-06
272.17383,1.0,1.0,0.0,0.0082530975,2016-12-03 18:00:00,5.0,9.549569e-08,8.3558746e-08,0.0,9.549569e-08
272.18604,1.0,0.997629,0.0,0.057833597,2016-12-03 19:00:00,5.0,0.0,0.0,0.0,0.0
272.83765,0.80976474,0.79581296,0.0,0.09588015,2016-12-03 20:00:00,0.0,0.0,0.0,0.0,0.0
273.0398,0.6764076,0.2541991,0.35037953,0.44605637,2016-12-03 21:00:00,0.0,0.0,0.0,0.0,0.0
272.7627,0.9630677,0.37088037,0.92439926,0.8902762,2016-12-03 22:00:00,0.0,0.0,0.0,0.0,0.0
272.56714,1.0,0.22302055,1.0,0.7903986,2016-12-03 23:00:00,5.0,9.549569e-08,1.4797092e-07,0.0,9.549569e-08
272.61963,0.9966217,0.25521076,0.9966217,0.19366205,2016-12-04 00:00:00,5.0,1.3933432e-06,1.3838908e-06,0.0,1.3933432e-06
272.5442,0.9820011,0.051924754,0.9820011,0.0,2016-12-04 01:00:00,5.0,3.0725314e-06,2.9986668e-06,0.0,3.0725314e-06
272.45557,0.95615864,0.0,0.95615864,0.0,2016-12-04 02:00:00,5.0,1.1446655e-06,1.1043703e-06,0.0,1.1446655e-06
272.6504,0.938924,0.0,0.938924,0.0,2016-12-04 03:00:00,5.0,1.2978471e-06,1.2047549e-06,0.0,1.2978471e-06
272.78052,0.9664638,0.03089881,0.96409285,0.065401554,2016-12-04 04:00:00,5.0,7.364717e-06,7.5365615e-06,0.0,7.364717e-06
272.98657,0.9955251,0.102642596,0.99315417,0.14392,2016-12-04 05:00:00,5.0,2.6767026e-05,2.6912341e-05,0.0,2.6881098e-05
272.71484,1.0,0.3399939,0.9966217,0.5224678,2016-12-04 06:00:00,5.0,7.541473e-05,7.534088e-05,0.0,7.541473e-05
272.8042,1.0,0.9121805,1.0,0.87270516,2016-12-04 07:00:00,5.0,0.00012841796,0.00012880635,0.0,0.0001287038
272.94775,1.0,0.98410743,1.0,0.9380877,2016-12-04 08:00:00,5.0,0.00022805641,0.00022813989,0.0,0.00022805641
273.0652,1.0,0.9796826,1.0,0.9884012,2016-12-04 09:00:00,5.0,0.00029801019,0.00029808702,0.0,0.0002981634
273.27954,1.0,0.997629,1.0,0.9520265,2016-12-04 10:00:00,5.0,0.00035847118,0.00035869982,0.0,0.00035858527
273.52295,1.0,0.98999023,1.0,0.9478998,2016-12-04 11:00:00,5.0,0.00043319492,0.0004331523,0.0,0.00043308083
273.6306,1.0,0.9870936,0.99627113,0.986376,2016-12-04 12:00:00,5.0,0.0005290902,0.00052876095,0.0,0.0005289186
273.67627,1.0,0.9767861,0.98363185,0.995108,2016-12-04 13:00:00,6.0,0.0006282672,0.00062837685,0.0,0.0006282672
273.8308,1.0,0.98178655,0.98326087,0.99675006,2016-12-04 14:00:00,6.0,0.0006190783,0.0006190976,0.0,0.0006190783
274.18408,0.99214685,0.9621481,0.93565816,0.9548243,2016-12-04 15:00:00,6.0,0.00053786393,0.00053613586,0.0,0.00053786393
274.32544,1.0,1.0,0.9191819,0.6856565,2016-12-04 16:00:00,6.0,0.000466333,0.00045011425,0.0,0.0004666003
274.5747,1.0,1.0,0.8083929,0.58654624,2016-12-04 17:00:00,1.0,0.00028922665,0.00023200258,0.0,0.00028895936
274.92212,1.0,0.9942007,0.72476304,0.50351983,2016-12-04 18:00:00,1.0,0.00012840414,4.0528088e-05,0.0,0.00012840414
275.28076,0.98859113,0.98044926,0.5519929,0.17567182,2016-12-04 19:00:00,1.0,3.8578903e-05,9.0039487e-07,0.0,3.8578903e-05
275.47388,0.97373426,0.97046727,0.3299498,0.0,2016-12-04 20:00:00,1.0,7.017686e-05,1.2090959e-05,5.3337586e-05,1.6782229e-05
275.50098,0.97630715,0.97630715,0.13704967,0.0,2016-12-04 21:00:00,1.0,6.0623515e-06,0.0,0.0,6.0623515e-06
275.3379,0.707034,0.6855505,0.1853404,0.0,2016-12-04 22:00:00,0.0,9.908417e-07,0.0,0.0,9.908417e-07
275.30884,0.65668494,0.64933515,0.03144197,0.0,2016-12-04 23:00:00,0.0,3.813414e-07,0.0,5.703991e-08,1.14079796e-07
275.4314,0.6566471,0.6566471,0.11009544,0.0,2016-12-05 00:00:00,0.0,2.0957555e-07,0.0,1.0478777e-07,1.14079796e-07
275.73755,0.7225363,0.72017264,0.09252018,0.0,2016-12-05 01:00:00,0.0,3.813414e-07,0.0,0.0,1.14079796e-07
275.65454,0.60211754,0.60211754,0.03019287,0.0,2016-12-05 02:00:00,0.0,0.0,0.0,0.0,0.0
275.5078,0.20982563,0.20982563,0.01821341,0.0,2016-12-05 03:00:00,6.0,0.0,0.0,0.0,0.0
275.02222,0.01973531,0.01973531,0.0,0.0,2016-12-05 04:00:00,6.0,0.0,6.192761e-08,0.0,0.0
274.34985,0.016374167,0.016374167,0.0,0.0,2016-12-05 05:00:00,0.0,0.0,4.7667676e-08,0.0,0.0
273.80054,0.0067320913,0.0067320913,0.0,0.0,2016-12-05 06:00:00,0.0,0.0,0.0,0.0,0.0
272.54077,0.0,0.0,0.0,0.0,2016-12-05 07:00:00,0.0,0.0,0.0,0.0,0.0
272.2224,0.0,0.0,0.0,0.0,2016-12-05 08:00:00,0.0,0.0,0.0,0.0,0.0
270.7041,0.90739655,0.0,0.18628913,0.90423536,2016-12-05 09:00:00,0.0,0.0,0.0,0.0,0.0
271.35693,0.99001795,0.0,0.9530784,0.98311937,2016-12-05 10:00:00,0.0,0.0,0.0,0.0,0.0
271.15137,1.0,0.0,1.0,0.986798,2016-12-05 11:00:00,0.0,0.0,0.0,0.0,0.0
271.6067,0.99841094,0.0,0.99841094,0.8676493,2016-12-05 12:00:00,0.0,0.0,0.0,0.0,0.0
272.0857,0.95616287,0.0,0.92404276,0.9154708,2016-12-05 13:00:00,0.0,0.0,0.0,0.0,0.0
272.57544,0.7970322,0.0,0.52078074,0.7867605,2016-12-05 14:00:00,0.0,0.0,0.0,0.0,0.0
273.68115,0.8814679,0.0,0.4728049,0.86956275,2016-12-05 15:00:00,0.0,1.3369399e-06,0.0,1.3846875e-06,0.0
274.36816,0.9899067,0.0,0.5903676,0.98652846,2016-12-05 16:00:00,0.0,3.1958567e-05,0.0,3.1996693e-05,0.0
275.1753,1.0,0.0,0.93431246,1.0,2016-12-05 17:00:00,0.0,4.9023e-06,0.0,4.9023e-06,0.0
276.0393,1.0,0.0,0.9978961,0.9873239,2016-12-05 18:00:00,0.0,0.0002801197,0.0,0.00028006267,0.0
275.9734,1.0,0.0,1.0,0.9000145,2016-12-05 19:00:00,1.0,1.5281883e-05,0.0,0.0,1.4919134e-05
275.812,1.0,0.0033782488,1.0,0.9616652,2016-12-05 20:00:00,1.0,4.1910345e-05,0.0,0.0,4.160528e-05
276.10864,1.0,0.0,1.0,0.981963,2016-12-05 21:00:00,1.0,1.3762874e-05,0.0,0.0,1.3762874e-05
276.29517,1.0,0.0,1.0,0.8543511,2016-12-05 22:00:00,0.0,2.2815959e-07,0.0,0.0,2.2815959e-07
276.1443,1.0,0.0037288337,1.0,0.932074,2016-12-05 23:00:00,0.0,0.0,0.0,0.0,0.0
276.42358,0.9942508,0.01530863,0.9790479,0.94802016,2016-12-06 00:00:00,0.0,0.0,0.0,0.0,0.0
276.58398,1.0,0.13368744,1.0,0.9209628,2016-12-06 01:00:00,0.0,6.200468e-05,0.0,6.200468e-05,0.0
276.66284,0.9916152,0.3382511,0.9705329,0.9711978,2016-12-06 02:00:00,0.0,3.394221e-05,0.0,3.380858e-05,0.0
276.73047,1.0,0.7728622,0.9874686,0.98527604,2016-12-06 03:00:00,1.0,4.536318e-05,0.0,2.4988956e-05,2.0507854e-05
277.12256,1.0,0.7522652,1.0,1.0,2016-12-06 04:00:00,1.0,0.00016256103,0.0,0.0,0.00016238926
277.1255,1.0,0.696472,1.0,1.0,2016-12-06 05:00:00,1.0,0.00041642948,0.0,0.0,0.00041642948
276.6853,1.0,0.6855874,0.995108,0.9371762,2016-12-06 06:00:00,1.0,0.00046189898,0.0,3.0475053e-07,0.00046188035
275.69922,1.0,0.91456175,0.965055,0.8887879,2016-12-06 07:00:00,6.0,4.025284e-05,3.3407696e-07,2.8305667e-06,3.7374528e-05
274.43115,1.0,0.3421151,1.0,0.8531425,2016-12-06 08:00:00,5.0,1.8500461e-05,1.4104962e-05,0.0,1.8500461e-05
273.24927,1.0,0.3837124,1.0,0.77976906,2016-12-06 09:00:00,5.0,3.108794e-05,3.0899755e-05,0.0,3.108794e-05
271.08545,1.0,0.84982777,1.0,0.8198146,2016-12-06 10:00:00,5.0,4.180394e-05,4.185202e-05,0.0,4.180394e-05
270.7771,1.0,0.93333364,1.0,0.98625547,2016-12-06 11:00:00,5.0,4.0048486e-05,4.0293875e-05,0.0,4.0048486e-05
270.4214,0.9978961,0.9670868,0.97176003,0.8119538,2016-12-06 12:00:00,5.0,2.3303437e-05,2.3234228e-05,0.0,2.3207947e-05
269.87085,0.9721051,0.96372026,0.23424429,0.015842445,2016-12-06 13:00:00,5.0,7.150614e-06,7.0433416e-06,0.0,7.150614e-06
269.01025,0.9813185,0.9813185,0.0010573287,0.0,2016-12-06 14:00:00,5.0,6.864127e-07,5.361989e-07,0.0,6.864127e-07
267.72437,0.9518683,0.9518683,0.0,0.0,2016-12-06 15:00:00,5.0,0.0,0.0,0.0,0.0
267.92285,0.95824945,0.95824945,0.0,0.0,2016-12-06 16:00:00,5.0,2.6726156e-07,2.4811385e-07,0.0,2.6726156e-07
268.02832,1.0,1.0,0.01465876,0.0,2016-12-06 17:00:00,5.0,6.4860296e-07,8.3462766e-07,0.0,6.4860296e-07
268.43335,1.0,1.0,0.16650867,0.0,2016-12-06 18:00:00,5.0,3.491692e-06,3.2676953e-06,0.0,3.491692e-06
268.6399,0.98126453,0.9773045,0.45714355,0.0,2016-12-06 19:00:00,5.0,1.10647015e-05,1.1164844e-05,0.0,1.1160198e-05
268.71802,1.0,1.0,0.79678667,0.0,2016-12-06 20:00:00,5.0,1.5220997e-05,1.5268422e-05,0.0,1.543056e-05
268.9319,1.0,1.0,0.33361083,0.0,2016-12-06 21:00:00,5.0,1.1785698e-05,1.1876387e-05,0.0,1.1785698e-05
268.21777,0.966914,0.966914,0.15353215,0.0,2016-12-06 22:00:00,5.0,4.309477e-06,4.4001654e-06,0.0,4.309477e-06
267.97607,0.98841804,0.98841804,0.03533147,0.0,2016-12-06 23:00:00,5.0,1.6208605e-06,1.3965409e-06,0.0,1.6208605e-06
267.71948,0.9890601,0.9890601,0.042115454,0.0,2016-12-07 00:00:00,5.0,9.72258e-07,9.913256e-07,0.0,9.72258e-07
267.56934,0.9949934,0.9949934,0.0,0.0,2016-12-07 01:00:00,5.0,3.813414e-07,3.669199e-07,0.0,3.813414e-07
266.97046,0.9989426,0.9989426,0.0,0.0,2016-12-07 02:00:00,5.0,7.626828e-07,6.5292596e-07,0.0,7.626828e-07
266.38623,0.9966217,0.9966217,0.028352734,0.0,2016-12-07 03:00:00,5.0,5.9091695e-07,6.006122e-07,0.0,5.9091695e-07
266.26978,0.9978433,0.9978433,0.14430147,0.0,2016-12-07 04:00:00,5.0,3.813414e-07,4.4567224e-07,0.0,3.813414e-07
266.03198,0.9743803,0.9743803,0.0,0.0,2016-12-07 05:00:00,5.0,8.767626e-07,8.508074e-07,0.0,8.767626e-07
265.802,0.97636765,0.97636765,0.0,0.0,2016-12-07 06:00:00,5.0,1.5253654e-06,1.6611575e-06,0.0,1.5253654e-06
265.7068,0.976356,0.976356,0.0,0.0,2016-12-07 07:00:00,5.0,1.7535249e-06,1.6416061e-06,0.0,1.696485e-06
265.43262,0.94514215,0.94514215,0.0,0.0,2016-12-07 08:00:00,5.0,7.626828e-07,6.601367e-07,0.0,7.626828e-07
264.92603,0.99841094,0.99841094,0.0016249504,0.0,2016-12-07 09:00:00,5.0,4.7683716e-07,4.2908925e-07,0.0,4.7683716e-07
264.9939,0.9608327,0.9608327,0.0,0.0,2016-12-07 10:00:00,5.0,1.3350154e-06,1.134892e-06,0.0,1.3350154e-06
264.88306,0.9811484,0.9811484,0.0067320913,0.0,2016-12-07 11:00:00,5.0,3.6422898e-06,3.5945413e-06,0.0,3.6422898e-06
264.84595,0.9902407,0.9902407,0.016610142,0.0,2016-12-07 12:00:00,5.0,5.6053905e-06,5.5888077e-06,0.0,5.6053905e-06
264.8391,0.9866925,0.9866925,0.0016249504,0.0,2016-12-07 13:00:00,5.0,4.3844548e-06,4.2414513e-06,0.0,4.3844548e-06
264.79517,0.99300414,0.99300414,0.0033782488,0.0,2016-12-07 14:00:00,5.0,2.7071992e-06,2.5546624e-06,0.0,2.7071992e-06
265.37646,1.0,1.0,0.0067320913,0.0,2016-12-07 15:00:00,5.0,1.9259323e-06,1.8234678e-06,0.0,1.8304363e-06
265.45044,1.0,1.0,0.0,0.0,2016-12-07 16:00:00,5.0,1.9259323e-06,2.0975367e-06,0.0,2.2117783e-06
265.77466,1.0,1.0,0.0,0.0,2016-12-07 17:00:00,5.0,2.1162823e-06,2.3476514e-06,0.0,2.1162823e-06
266.25366,1.0,1.0,0.0,0.0,2016-12-07 18:00:00,5.0,4.3857463e-06,4.40233e-06,0.0,4.3857463e-06
266.28735,1.0,1.0,0.0,0.0,2016-12-07 19:00:00,5.0,7.626828e-07,6.3169693e-07,0.0,5.9091695e-07
266.49512,1.0,1.0,0.0048919544,0.0,2016-12-07 20:00:00,5.0,8.5817857e-07,7.485832e-07,0.0,8.5817857e-07
266.70142,1.0,1.0,0.00998199,0.0,2016-12-07 21:00:00,5.0,1.6022768e-06,1.490117e-06,0.0,1.6022768e-06
266.10742,0.99946827,0.99946827,0.057913307,0.0,2016-12-07 22:00:00,5.0,1.983618e-06,1.7045813e-06,0.0,1.983618e-06
266.17163,0.9978961,0.9978961,0.19028455,0.036340524,2016-12-07 23:00:00,5.0,1.1446655e-06,1.4973266e-06,0.0,1.4305115e-06
266.17285,1.0,1.0,0.19262236,0.064983904,2016-12-08 00:00:00,5.0,3.737785e-06,3.9214065e-06,0.0,4.119127e-06
265.87256,0.99683875,0.9947349,0.30814576,0.054050885,2016-12-08 01:00:00,5.0,4.328702e-06,4.2336897e-06,0.0,4.214622e-06
265.39404,0.99946827,0.99946827,0.45917183,0.06991196,2016-12-08 02:00:00,5.0,6.7885167e-06,6.8886584e-06,0.0,6.7885167e-06
265.02466,0.989152,0.989152,0.66567934,0.0,2016-12-08 03:00:00,5.0,9.55211e-06,9.556998e-06,0.0,9.55211e-06
264.85693,1.0,1.0,0.8766051,0.0,2016-12-08 04:00:00,5.0,2.0039297e-05,1.9929706e-05,0.0,2.0039297e-05
264.9431,1.0,1.0,0.88686305,0.0,2016-12-08 05:00:00,5.0,4.219875e-05,4.2263244e-05,0.0,4.219875e-05
264.87354,1.0,1.0,0.8528749,0.0,2016-12-08 06:00:00,5.0,5.389472e-05,5.3921e-05,0.0,5.389472e-05
265.15015,1.0,1.0,0.87902635,0.0,2016-12-08 07:00:00,5.0,4.7638823e-05,4.761503e-05,0.0,4.7638823e-05
265.27124,0.98847985,0.971235,0.8606554,0.0,2016-12-08 08:00:00,5.0,6.5759916e-05,6.562148e-05,0.0,6.5492655e-05
265.8086,0.99600405,0.98799515,0.72497874,0.0,2016-12-08 09:00:00,5.0,6.040254e-05,6.021635e-05,0.0,6.013528e-05
265.71875,1.0,0.9962183,0.8107685,0.3144163,2016-12-08 10:00:00,5.0,4.031704e-05,4.0319283e-05,0.0,4.031704e-05
265.95288,0.99609,0.989375,0.90277976,0.015731204,2016-12-08 11:00:00,5.0,3.4382203e-05,3.4344397e-05,0.0,3.4172626e-05
266.22607,1.0,1.0,0.83746094,0.15935057,2016-12-08 12:00:00,5.0,3.7033664e-05,3.7078848e-05,0.0,3.7033664e-05
266.35767,1.0,1.0,0.65085703,0.15327233,2016-12-08 13:00:00,5.0,4.0065148e-05,3.9900682e-05,0.0,4.0065148e-05
266.33105,1.0,1.0,0.37672764,0.21165758,2016-12-08 14:00:00,5.0,3.1195596e-05,3.1231233e-05,0.0,3.1195596e-05
267.2456,1.0,0.9966217,0.10643166,0.036800314,2016-12-08 15:00:00,5.0,1.6854596e-05,1.6828562e-05,0.0,1.6854596e-05
267.8706,0.9966217,0.9966217,0.043512005,0.009103052,2016-12-08 16:00:00,5.0,7.492212e-06,7.644587e-06,0.0,7.6062915e-06
268.2976,0.9807964,0.9807964,0.048548806,0.018981103,2016-12-08 17:00:00,5.0,1.1018488e-05,1.1337821e-05,0.0,1.1399829e-05
268.49878,1.0,1.0,0.09080833,0.01336024,2016-12-08 18:00:00,5.0,1.654953e-05,1.6592472e-05,0.0,1.654953e-05
268.6294,1.0,1.0,0.049959686,0.0124641955,2016-12-08 19:00:00,5.0,3.088861e-05,3.088861e-05,0.0,3.088861e-05
268.57617,0.9966217,0.9966217,0.056379315,0.0,2016-12-08 20:00:00,5.0,3.5889636e-05,3.588035e-05,0.0,3.5889636e-05
268.43384,0.9574349,0.9574349,0.0,0.0,2016-12-08 21:00:00,5.0,3.0341937e-05,3.0260708e-05,0.0,3.0341937e-05
267.78638,0.9854711,0.9854711,0.0,0.0,2016-12-08 22:00:00,5.0,1.4797951e-05,1.4697809e-05,0.0,1.4797951e-05
267.67676,0.9949968,0.9949968,0.0,0.0,2016-12-08 23:00:00,5.0,5.9117447e-06,6.054828e-06,0.0,5.9117447e-06
267.4402,1.0,1.0,0.0,0.0,2016-12-09 00:00:00,5.0,1.7169987e-06,1.8027995e-06,0.0,1.7169987e-06
267.3015,0.93829846,0.93829846,0.0,0.0,2016-12-09 01:00:00,5.0,1.1446655e-06,1.0875456e-06,0.0,1.0305857e-06
266.98657,0.7191126,0.7191126,0.0067320913,0.0,2016-12-09 02:00:00,5.0,7.8190845e-07,8.346254e-07,0.0,6.678286e-07
266.12012,0.63118756,0.63118756,0.016832627,0.0,2016-12-09 03:00:00,5.0,1.2587452e-06,1.301687e-06,0.0,1.2587452e-06
265.96143,0.5797823,0.5797823,0.0,0.0,2016-12-09 04:00:00,5.0,2.8988325e-06,3.068194e-06,0.0,2.8988325e-06
265.35742,0.69116604,0.69116604,0.0,0.0,2016-12-09 05:00:00,5.0,3.5666608e-06,3.6070378e-06,0.0,3.5666608e-06
264.49487,0.6711849,0.6711849,0.0,0.0,2016-12-09 06:00:00,5.0,3.126992e-06,3.017558e-06,0.0,3.126992e-06
263.8152,0.70327324,0.70327324,0.0,0.0,2016-12-09 07:00:00,5.0,6.885286e-06,6.806614e-06,0.0,6.885286e-06
263.4807,0.76541966,0.76541966,0.0,0.0,2016-12-09 08:00:00,5.0,6.2360414e-06,5.940583e-06,0.0,6.0264665e-06
263.10254,0.79382145,0.79382145,0.009895153,0.0,2016-12-09 09:00:00,5.0,6.655193e-06,6.4289525e-06,0.0,6.541113e-06
263.50757,0.84461886,0.8440871,0.060081903,0.0,2016-12-09 10:00:00,5.0,5.4355487e-06,5.48562e-06,0.0,5.4355487e-06
263.35107,0.8866887,0.8866887,0.13477987,0.0,2016-12-09 11:00:00,5.0,5.0926683e-06,5.121188e-06,0.0,5.0926683e-06
263.45483,0.91752005,0.91414183,0.24794626,0.0,2016-12-09 12:00:00,5.0,6.294378e-06,6.2897325e-06,0.0,6.294378e-06
263.12354,0.8898347,0.8898347,0.25767154,0.0,2016-12-09 13:00:00,5.0,9.745668e-06,9.878975e-06,0.0,9.745668e-06
262.8955,0.7210643,0.7210643,0.0,0.0010573287,2016-12-09 14:00:00,5.0,7.6652605e-06,7.78447e-06,0.0,7.6652605e-06
263.2273,0.8195776,0.8195776,0.0,0.00053172023,2016-12-09 15:00:00,5.0,1.6016265e-06,1.6064341e-06,0.0,1.6016265e-06
263.49,0.9546551,0.9546551,0.0,0.0,2016-12-09 16:00:00,5.0,4.0056705e-07,5.148084e-07,0.0,4.0056705e-07
264.18262,0.85424936,0.85424936,0.0,0.0,2016-12-09 17:00:00,5.0,4.191511e-07,5.4340853e-07,0.0,4.0056705e-07
264.2063,0.85602134,0.85602134,0.0,0.0,2016-12-09 18:00:00,5.0,2.8988234e-06,2.72722e-06,0.0,2.8988234e-06
264.82104,0.82388216,0.82388216,0.0,0.0,2016-12-09 19:00:00,5.0,0.0,2.1438308e-07,0.0,2.0957555e-07
264.7849,0.7731296,0.7731296,0.0,0.0,2016-12-09 20:00:00,5.0,5.9091695e-07,6.5516764e-07,0.0,5.9091695e-07
265.09937,0.63643837,0.63643837,0.0,0.0,2016-12-09 21:00:00,5.0,5.9091695e-07,5.1697214e-07,0.0,5.9091695e-07
263.8225,0.815366,0.815366,0.0037098185,0.0,2016-12-09 22:00:00,5.0,5.9091695e-07,6.1006466e-07,0.0,5.9091695e-07
263.46436,0.78715354,0.78662795,0.013775833,0.0,2016-12-09 23:00:00,5.0,8.9598825e-07,1.0629465e-06,0.0,1.067754e-06
263.06592,0.7777699,0.7777699,0.014816273,0.0,2016-12-10 00:00:00,5.0,1.4869047e-06,1.632553e-06,0.0,1.5824007e-06
262.87183,0.86362374,0.86309206,0.03905009,0.0,2016-12-10 01:00:00,5.0,2.1733176e-06,2.2161776e-06,0.0,2.1733176e-06
262.74683,0.93427485,0.93427485,0.11514771,0.0021207693,2016-12-10 02:00:00,5.0,2.5546587e-06,2.4187048e-06,0.0,2.5546587e-06
262.14185,0.94889593,0.94889593,0.22443074,0.0,2016-12-10 03:00:00,5.0,2.0778216e-06,2.0612388e-06,0.0,2.0778216e-06
262.01196,0.965986,0.9411182,0.2977392,0.0,2016-12-10 04:00:00,5.0,1.5824007e-06,1.4655943e-06,0.0,1.5824007e-06
261.89258,0.98633075,0.96118134,0.24376214,0.0,2016-12-10 05:00:00,5.0,8.9598825e-07,7.0291435e-07,0.0,6.864127e-07
261.0398,0.9877773,0.9877773,0.0,0.0,2016-12-10 06:00:00,0.0,4.191511e-07,4.098602e-07,0.0,5.9091695e-07
260.50122,0.97492385,0.97492385,0.0,0.0,2016-12-10 07:00:00,5.0,7.0499675e-07,1.0366693e-06,0.0,1.067754e-06
260.29395,0.8663046,0.8663046,0.0,0.0,2016-12-10 08:00:00,5.0,1.1818338e-06,9.628047e-07,0.0,1.067754e-06
259.5371,0.63481313,0.63481313,0.0,0.0,2016-12-10 09:00:00,0.0,8.004925e-07,7.791833e-07,0.0,8.004925e-07
258.63452,0.29520476,0.29520476,0.0,0.0,2016-12-10 10:00:00,0.0,2.0957555e-07,2.3593401e-07,0.0,2.0957555e-07
258.51904,0.09516543,0.09516543,0.0,0.0,2016-12-10 11:00:00,0.0,0.0,0.0,0.0,0.0
258.51953,0.028028827,0.027497109,0.0,0.0010573287,2016-12-10 12:00:00,0.0,0.0,0.0,0.0,0.0
258.62036,0.71202415,0.09322673,0.65452176,0.627658,2016-12-10 13:00:00,0.0,0.0,0.0,0.0,0.0
258.60742,0.9671278,0.33133578,0.9318205,0.7558568,2016-12-10 14:00:00,0.0,0.0,0.0,0.0,0.0
259.34595,0.78059906,0.3260389,0.65525484,0.123475075,2016-12-10 15:00:00,0.0,0.0,0.0,0.0,0.0
259.4541,0.75254685,0.08531815,0.62751293,0.36578548,2016-12-10 16:00:00,0.0,0.0,0.0,0.0,0.0
259.9812,0.978915,0.13806367,0.8758469,0.73449206,2016-12-10 17:00:00,0.0,0.0,2.3873934e-08,0.0,0.0
260.5725,0.9966217,0.0,0.98652846,0.66065615,2016-12-10 18:00:00,5.0,9.549569e-08,1.8618505e-07,0.0,9.549569e-08
260.96265,1.0,0.0,1.0,0.68552476,2016-12-10 19:00:00,5.0,2.394765e-05,2.3819157e-05,0.0,2.394765e-05
261.34644,1.0,0.0,1.0,0.9607341,2016-12-10 20:00:00,5.0,7.770854e-05,7.781829e-05,0.0,7.770854e-05
261.948,0.99336845,0.0,0.9888936,0.8892934,2016-12-10 21:00:00,5.0,0.00011448654,0.00011454389,0.0,0.00011448654
261.79004,0.9966217,0.61385626,0.99262583,0.9939861,2016-12-10 22:00:00,5.0,0.00013876868,0.00013880698,0.0,0.00013876868
261.84106,1.0,0.28170663,1.0,0.9550126,2016-12-10 23:00:00,5.0,0.0001621715,0.00016234824,0.0,0.00016253427
261.8003,1.0,0.24366975,1.0,0.9949968,2016-12-11 00:00:00,5.0,0.00022370335,0.0002235795,0.0,0.00022370335
262.00513,1.0,0.07190794,1.0,0.9955644,2016-12-11 01:00:00,5.0,0.00024393942,0.00024380113,0.0,0.00024393942
262.03394,1.0,0.4573062,1.0,0.9805399,2016-12-11 02:00:00,5.0,0.00023827504,0.0002382558,0.0,0.00023827504
262.55127,1.0,0.75087893,1.0,0.99600405,2016-12-11 03:00:00,5.0,0.00020836439,0.00020871738,0.0,0.00020845988
262.5813,1.0,0.8337596,1.0,0.9932679,2016-12-11 04:00:00,5.0,0.0002045555,0.0002047513,0.0,0.0002045555
262.5359,1.0,0.9501188,1.0,1.0,2016-12-11 05:00:00,5.0,0.00026510796,0.00026527955,0.0,0.00026510796
262.5039,1.0,0.9550636,0.99675006,1.0,2016-12-11 06:00:00,5.0,0.0003641313,0.00036411686,0.0,0.0003641313
262.83862,1.0,0.95456195,0.9905219,1.0,2016-12-11 07:00:00,5.0,0.00046717748,0.00046728714,0.0,0.00046717748
263.1714,1.0,0.76228976,1.0,0.98783964,2016-12-11 08:00:00,5.0,0.00040446687,0.0004044429,0.0,0.00040446687
263.6084,1.0,0.81686217,1.0,1.0,2016-12-11 09:00:00,5.0,0.0003675504,0.0003675695,0.0,0.0003675504
264.3213,1.0,0.9614394,0.99946827,1.0,2016-12-11 10:00:00,5.0,0.0005149869,0.0005152393,0.0,0.0005149869
264.4104,1.0,0.9820008,0.99946827,1.0,2016-12-11 11:00:00,5.0,0.00066308817,0.00066326954,0.0,0.0006629927
264.44507,1.0,0.98720735,1.0,1.0,2016-12-11 12:00:00,5.0,0.00061271386,0.0006126424,0.0,0.00061282795
264.58154,1.0,0.97634876,1.0,1.0,2016-12-11 13:00:00,5.0,0.00057674083,0.00057643093,0.0,0.0005765313
264.51978,1.0,0.95556,0.99946827,0.95451355,2016-12-11 14:00:00,5.0,0.00048169377,0.00048194663,0.0,0.00048205652
265.3628,1.0,0.97688574,0.9955251,0.96162397,2016-12-11 15:00:00,5.0,0.00026852312,0.00026788865,0.0,0.000267779
265.78296,1.0,0.99525803,0.98626137,0.45171267,2016-12-11 16:00:00,5.0,0.00013284518,0.00013288348,0.0,0.00013284518
265.9121,1.0,1.0,0.9051644,0.0,2016-12-11 17:00:00,5.0,0.0001315493,0.0001312822,0.0,0.0001315493
266.26807,1.0,1.0,0.57501984,0.00053172023,2016-12-11 18:00:00,5.0,0.00014250507,0.00014235718,0.0,0.00014250507
266.46118,1.0,1.0,0.6412803,0.0,2016-12-11 19:00:00,5.0,6.705969e-05,6.662363e-05,0.0,6.6850116e-05
266.5703,1.0,1.0,0.87613475,0.0,2016-12-11 20:00:00,5.0,7.91511e-05,7.891499e-05,0.0,7.888384e-05
266.70117,1.0,1.0,0.83147615,0.0,2016-12-11 21:00:00,5.0,5.141762e-05,5.1336305e-05,0.0,5.1322117e-05
266.375,0.9970973,0.9970973,0.8986774,0.0,2016-12-11 22:00:00,5.0,5.111839e-05,5.134767e-05,0.0,5.111839e-05
266.09497,0.9949934,0.98498636,0.9385629,0.0,2016-12-11 23:00:00,5.0,9.683448e-05,9.681759e-05,0.0,9.666273e-05
266.04517,0.99736434,0.99736434,0.9431462,0.0,2016-12-12 00:00:00,5.0,0.00013131219,0.00013122414,0.0,0.0001311981
265.66577,0.9894646,0.9844858,0.9726022,0.0,2016-12-12 01:00:00,5.0,0.000117847914,0.000117993564,0.0,0.000118115175
265.1914,0.8484787,0.7942291,0.5506384,0.0,2016-12-12 02:00:00,5.0,7.825118e-05,7.810553e-05,0.0,7.815569e-05
263.60986,0.7070198,0.7070198,0.0,0.0,2016-12-12 03:00:00,5.0,1.9834202e-05,2.0122694e-05,0.0,2.0043779e-05
262.86987,0.7727154,0.7727154,0.0,0.0,2016-12-12 04:00:00,5.0,4.4068966e-06,4.223437e-06,0.0,4.292817e-06
261.59937,0.85214937,0.85214937,0.0,0.0,2016-12-12 05:00:00,5.0,1.8688879e-06,1.9834524e-06,0.0,1.8688879e-06
260.75513,0.8650303,0.8650303,0.0,0.0,2016-12-12 06:00:00,5.0,1.2587452e-06,1.1441816e-06,0.0,1.2587452e-06
260.8872,0.9143491,0.9143491,0.0,0.0,2016-12-12 07:00:00,5.0,3.4897494e-06,3.4897494e-06,0.0,3.4897494e-06
260.05078,0.93144304,0.93144304,0.0,0.0,2016-12-12 08:00:00,5.0,2.8033364e-06,3.0081055e-06,0.0,3.0129122e-06
259.38086,0.9377197,0.9377197,0.0,0.0,2016-12-12 09:00:00,5.0,2.2124195e-06,2.1716396e-06,0.0,2.2124195e-06
258.646,0.9360233,0.9360233,0.0,0.0,2016-12-12 10:00:00,5.0,2.5174904e-06,2.5249446e-06,0.0,2.3079156e-06
258.34326,0.997629,0.997629,0.0,0.0,2016-12-12 11:00:00,5.0,3.4711647e-06,3.3237593e-06,0.0,3.357085e-06
258.0747,0.9841575,0.9841575,0.0,0.0,2016-12-12 12:00:00,5.0,4.34922e-06,4.3825466e-06,0.0,4.444716e-06
257.44604,0.9794156,0.9794156,0.002103883,0.0,2016-12-12 13:00:00,5.0,4.883743e-06,4.5448596e-06,0.0,4.5209863e-06
256.65674,0.986155,0.986155,0.002103883,0.0,2016-12-12 14:00:00,5.0,4.158229e-06,3.8385733e-06,0.0,3.8909666e-06
256.13477,0.99525803,0.9928871,0.059966706,0.10035288,2016-12-12 15:00:00,5.0,4.920911e-06,5.426429e-06,0.0,4.920911e-06
256.10962,1.0,1.0,0.43969822,0.68780136,2016-12-12 16:00:00,5.0,4.920911e-06,5.0305052e-06,0.0,5.130487e-06
256.35522,1.0,1.0,0.31079507,0.45747173,2016-12-12 17:00:00,5.0,2.8796067e-06,2.6935822e-06,0.0,2.8796067e-06
256.8601,1.0,1.0,0.017356154,0.0,2016-12-12 18:00:00,5.0,9.536743e-07,9.3444635e-07,0.0,9.536743e-07
258.2373,0.9978792,0.9978792,0.2924478,0.90177214,2016-12-12 19:00:00,5.0,1.9099144e-07,4.7683716e-07,0.0,4.7683716e-07
258.89478,1.0,0.90237606,0.9664782,0.997629,2016-12-12 20:00:00,5.0,1.9458084e-06,2.1057167e-06,0.0,2.3085659e-06
259.41113,1.0,0.64052397,0.998375,0.99657166,2016-12-12 21:00:00,5.0,1.3255963e-05,1.3291612e-05,0.0,1.3255963e-05
258.2544,0.99336845,0.29678446,0.9757335,0.97042376,2016-12-12 22:00:00,5.0,3.4420853e-05,3.4585246e-05,1.8115767e-05,1.6648279e-05
258.13306,0.98299104,0.40003276,0.8131711,0.98084044,2016-12-12 23:00:00,5.0,2.8870403e-05,2.870144e-05,1.6065664e-05,1.2604775e-05
257.90112,0.9869369,0.6902832,0.7213599,0.9583496,2016-12-13 00:00:00,5.0,1.9543877e-05,1.9303057e-05,9.17941e-06,9.896925e-06
257.92676,1.0,0.96293366,0.8826845,0.98911124,2016-12-13 01:00:00,5.0,1.1424215e-05,1.14429595e-05,0.0,1.1424215e-05
257.72168,1.0,0.9936714,0.77431697,0.95524716,2016-12-13 02:00:00,5.0,3.337209e-06,3.3374508e-06,0.0,3.337209e-06
257.00415,1.0,0.9952605,0.83048874,0.93634254,2016-12-13 03:00:00,5.0,0.0,1.3587243e-07,0.0,0.0
257.03516,0.9620358,0.4948843,0.83940625,0.9155519,2016-12-13 04:00:00,5.0,1.14079796e-07,1.5005224e-07,0.0,1.14079796e-07
256.6565,0.44334567,0.35396767,0.14131993,0.0,2016-12-13 05:00:00,0.0,1.14079796e-07,1.3579228e-07,0.0,1.14079796e-07
255.72136,0.1556859,0.15515417,0.00053172023,0.0,2016-12-13 06:00:00,0.0,0.0,4.7667676e-08,0.0,0.0
254.38531,0.019270737,0.019270737,0.0,0.0,2016-12-13 07:00:00,0.0,0.0,7.386461e-08,0.0,0.0
253.37787,0.0,0.0,0.0,0.0,2016-12-13 08:00:00,0.0,0.0,0.0,0.0,0.0
251.97615,0.0,0.0,0.0,0.0,2016-12-13 09:00:00,0.0,0.0,0.0,0.0,0.0
251.16405,0.0,0.0,0.0,0.0,2016-12-13 10:00:00,0.0,0.0,0.0,0.0,0.0
250.94643,0.0,0.0,0.0,0.0,2016-12-13 11:00:00,0.0,0.0,0.0,0.0,0.0
250.97018,0.0,0.0,0.0,0.0,2016-12-13 12:00:00,0.0,0.0,0.0,0.0,0.0
250.93463,0.0,0.0,0.0,0.0,2016-12-13 13:00:00,0.0,0.0,0.0,0.0,0.0
251.05498,0.0,0.0,0.0,0.0,2016-12-13 14:00:00,0.0,0.0,0.0,0.0,0.0
253.34952,0.0,0.0,0.0,0.0,2016-12-13 15:00:00,0.0,0.0,0.0,0.0,0.0
255.19804,0.0,0.0,0.0,0.0,2016-12-13 16:00:00,0.0,0.0,0.0,0.0,0.0
257.04224,0.08198458,0.08198458,0.0,0.0,2016-12-13 17:00:00,0.0,0.0,0.0,0.0,0.0
258.17627,0.6577248,0.6577248,0.0,0.0,2016-12-13 18:00:00,5.0,0.0,0.0,0.0,0.0
258.79126,0.7681765,0.7681765,0.0,0.0,2016-12-13 19:00:00,5.0,3.813414e-07,5.218599e-07,0.0,3.813414e-07
259.1958,0.66687244,0.66687244,0.0,0.0,2016-12-13 20:00:00,5.0,3.813414e-07,2.4306456e-07,0.0,1.14079796e-07
259.23315,0.03837599,0.035126086,0.01465876,0.0,2016-12-13 21:00:00,5.0,0.0,0.0,0.0,0.0
258.37256,0.5896995,0.54699695,0.5483457,0.0,2016-12-13 22:00:00,5.0,0.0,1.4789077e-07,0.0,0.0
257.57178,0.40119314,0.06793666,0.39960408,0.0,2016-12-13 23:00:00,5.0,7.626828e-07,6.792844e-07,0.0,7.626828e-07
257.31006,0.024995543,0.0,0.023938213,0.0010573287,2016-12-14 00:00:00,5.0,3.813414e-07,2.668583e-07,0.0,3.813414e-07
257.63867,0.0067320913,0.0,0.0067320913,0.0,2016-12-14 01:00:00,0.0,0.0,2.8519953e-08,0.0,0.0
258.386,0.008357041,0.0016249504,0.0067320913,0.0,2016-12-14 02:00:00,5.0,0.0,0.0,0.0,0.0
259.32666,0.08382505,0.08382505,0.0,0.0,2016-12-14 03:00:00,5.0,0.0,2.8519953e-08,0.0,0.0
259.6289,0.44387066,0.44387066,0.0,0.0,2016-12-14 04:00:00,5.0,0.0,1.2385527e-07,0.0,1.14079796e-07
259.90552,0.6594327,0.6594327,0.0,0.0,2016-12-14 05:00:00,5.0,3.813414e-07,3.14526e-07,0.0,3.813414e-07
259.6831,0.50640947,0.50640947,0.0,0.0,2016-12-14 06:00:00,0.0,3.813414e-07,2.477106e-07,0.0,3.813414e-07
259.69092,0.38034338,0.377697,0.0037098185,0.0,2016-12-14 07:00:00,5.0,1.067754e-06,1.0579779e-06,0.0,1.067754e-06
259.59937,0.72003573,0.71738327,0.0068879165,0.0,2016-12-14 08:00:00,5.0,1.5631749e-06,1.5441074e-06,0.0,1.5631749e-06
259.95044,0.7811945,0.7811945,0.0,0.0,2016-12-14 09:00:00,5.0,2.8405047e-06,2.6544803e-06,0.0,2.8405047e-06
259.16748,0.80725914,0.80725914,0.0067320913,0.0,2016-12-14 10:00:00,5.0,4.2896e-06,4.0798623e-06,0.0,4.2896e-06
259.12402,0.9770796,0.9770796,0.0,0.0,2016-12-14 11:00:00,5.0,5.167004e-06,5.2815676e-06,0.0,5.167004e-06
258.938,0.88857406,0.88857406,0.0,0.0,2016-12-14 12:00:00,5.0,3.1276331e-06,2.9462544e-06,0.0,3.032138e-06
258.5232,0.92185193,0.92185193,0.0,0.0,2016-12-14 13:00:00,5.0,1.3734661e-06,1.3733061e-06,0.0,1.3734661e-06
257.92505,0.9683344,0.9683344,0.0,0.0,2016-12-14 14:00:00,5.0,7.8190845e-07,6.8657306e-07,0.0,7.8190845e-07
257.28125,0.9910503,0.9910503,0.0,0.0,2016-12-14 15:00:00,0.0,6.864127e-07,4.4799413e-07,0.0,6.864127e-07
257.08643,0.96383345,0.96383345,0.0,0.0,2016-12-14 16:00:00,5.0,2.3636676e-06,2.1968708e-06,0.0,2.3636676e-06
257.18018,0.9517986,0.9517986,0.0,0.0,2016-12-14 17:00:00,5.0,3.2801736e-06,3.2559765e-06,0.0,3.2801736e-06
257.47974,0.98472416,0.98472416,0.0,0.0,2016-12-14 18:00:00,5.0,1.372825e-06,1.7163547e-06,0.0,1.372825e-06
257.49536,1.0,1.0,0.0,0.0,2016-12-14 19:00:00,5.0,8.735599e-06,8.735599e-06,0.0,8.735599e-06
257.71143,1.0,1.0,0.0,0.0,2016-12-14 20:00:00,5.0,4.234489e-06,4.42516e-06,0.0,4.5017514e-06
257.4729,0.981457,0.981457,0.0,0.0,2016-12-14 21:00:00,5.0,1.7355824e-06,1.644893e-06,0.0,1.7355824e-06
256.55054,0.0,0.0,0.0,0.0,2016-12-14 22:00:00,0.0,9.549569e-08,2.9081247e-07,0.0,2.0957555e-07
255.91948,0.011314847,0.011314847,0.0,0.0,2016-12-14 23:00:00,0.0,0.0,1.4772922e-07,0.0,0.0
255.59245,0.0033782488,0.0033782488,0.0,0.0,2016-12-15 00:00:00,0.0,0.0,0.0,0.0,0.0
255.40697,0.0,0.0,0.0,0.0,2016-12-15 01:00:00,0.0,0.0,0.0,0.0,0.0
254.98058,0.0,0.0,0.0,0.0,2016-12-15 02:00:00,0.0,0.0,0.0,0.0,0.0
254.23207,0.0,0.0,0.0,0.0,2016-12-15 03:00:00,0.0,0.0,0.0,0.0,0.0
253.92268,0.0,0.0,0.0,0.0,2016-12-15 04:00:00,0.0,0.0,0.0,0.0,0.0
253.01102,0.0,0.0,0.0,0.0,2016-12-15 05:00:00,0.0,0.0,0.0,0.0,0.0
252.41191,0.016832627,0.016832627,0.0,0.0,2016-12-15 06:00:00,0.0,0.0,0.0,0.0,0.0
252.21117,0.0,0.0,0.0,0.0,2016-12-15 07:00:00,0.0,0.0,0.0,0.0,0.0
251.15265,0.0,0.0,0.0,0.0,2016-12-15 08:00:00,0.0,0.0,0.0,0.0,0.0
250.14499,0.0,0.0,0.0,0.0,2016-12-15 09:00:00,0.0,0.0,0.0,0.0,0.0
250.13062,0.0,0.0,0.0,0.0,2016-12-15 10:00:00,0.0,0.0,0.0,0.0,0.0
250.00214,0.0,0.0,0.0,0.0,2016-12-15 11:00:00,0.0,0.0,0.0,0.0,0.0
249.96986,0.002103883,0.0,0.0,0.002103883,2016-12-15 12:00:00,0.0,0.0,0.0,0.0,0.0
249.69345,0.01711503,0.0,0.0,0.01711503,2016-12-15 13:00:00,0.0,0.0,0.0,0.0,0.0
249.34273,0.19454396,0.0,0.0,0.19454396,2016-12-15 14:00:00,0.0,0.0,0.0,0.0,0.0
250.86124,0.52552974,0.0,0.0,0.52552974,2016-12-15 15:00:00,0.0,0.0,0.0,0.0,0.0
252.12338,0.07030171,0.0,0.0026356035,0.07030171,2016-12-15 16:00:00,0.0,0.0,0.0,0.0,0.0
253.60045,0.18437111,0.0,0.00737416,0.18099284,2016-12-15 17:00:00,0.0,0.0,0.0,0.0,0.0
254.67932,0.68022835,0.0,0.0,0.68022835,2016-12-15 18:00:00,0.0,0.0,0.0,0.0,0.0
255.39378,0.9267619,0.0,0.0,0.9267619,2016-12-15 19:00:00,0.0,0.0,0.0,0.0,0.0
255.75566,0.9565508,0.0,0.0,0.9565508,2016-12-15 20:00:00,0.0,0.0,0.0,0.0,0.0
255.92244,0.9558219,0.0,0.0,0.9558219,2016-12-15 21:00:00,0.0,0.0,0.0,0.0,0.0
255.638,0.96491116,0.0,0.24595034,0.96491116,2016-12-15 22:00:00,0.0,0.0,0.0,0.0,0.0
255.6719,1.0,0.0,0.7802993,0.9949968,2016-12-15 23:00:00,0.0,0.0,0.0,0.0,0.0
255.6625,1.0,0.0,0.93478495,1.0,2016-12-16 00:00:00,0.0,0.0,0.0,0.0,0.0
255.52122,1.0,0.0,0.9726545,1.0,2016-12-16 01:00:00,5.0,0.0,2.0989859e-07,0.0,0.0
255.67543,1.0,0.0,1.0,0.99946827,2016-12-16 02:00:00,5.0,3.376962e-06,3.2433309e-06,0.0,3.376962e-06
256.18677,1.0,0.0,1.0,1.0,2016-12-16 03:00:00,5.0,1.4308982e-05,1.4366182e-05,0.0,1.4404478e-05
256.36255,1.0,0.0,1.0,1.0,2016-12-16 04:00:00,5.0,4.4681743e-05,4.491552e-05,0.0,4.4777247e-05
256.50952,1.0,0.0,1.0,1.0,2016-12-16 05:00:00,5.0,0.000104431296,0.00010450806,0.0,0.00010441271
256.4143,1.0,0.12671757,0.9949968,0.9973536,2016-12-16 06:00:00,5.0,0.00016318228,0.0001631725,0.0,0.00016291502
256.58447,1.0,0.5707526,0.9966217,0.9105971,2016-12-16 07:00:00,5.0,0.00020143492,0.00020144902,0.0,0.00020143492
257.11768,0.9909002,0.7810207,0.98080695,0.5130796,2016-12-16 08:00:00,5.0,0.00015713258,0.00015729474,0.0,0.00015713258
258.0293,0.9758038,0.70095795,0.89991826,0.56586426,2016-12-16 09:00:00,5.0,9.422211e-05,9.433186e-05,0.0,9.422211e-05
258.9558,1.0,0.6336525,0.9933218,0.8494276,2016-12-16 10:00:00,5.0,8.430339e-05,8.431781e-05,0.0,8.430339e-05
259.22217,0.9970973,0.5056611,0.9881368,0.8752636,2016-12-16 11:00:00,5.0,0.00011126581,0.000111514324,0.0,0.000111418994
259.29688,1.0,0.5839363,1.0,0.8344065,2016-12-16 12:00:00,5.0,0.00011309367,0.00011298327,0.0,0.000112844995
259.61816,0.998375,0.36240256,0.96018046,0.8303713,2016-12-16 13:00:00,5.0,9.7226e-05,9.7173936e-05,0.0,9.7111915e-05
259.60205,1.0,0.2714659,0.98232067,0.8545944,2016-12-16 14:00:00,5.0,8.071876e-05,8.057062e-05,0.0,8.04515e-05
260.38403,1.0,0.3298608,0.92494124,0.9858937,2016-12-16 15:00:00,5.0,6.519462e-05,6.5566346e-05,0.0,6.5404194e-05
260.75293,1.0,0.24530423,0.8807893,1.0,2016-12-16 16:00:00,5.0,4.0285027e-05,4.0468716e-05,2.3873935e-07,4.0094033e-05
261.1797,1.0,0.37235594,0.9712789,1.0,2016-12-16 17:00:00,5.0,4.299867e-05,4.2822183e-05,0.0,4.299867e-05
261.75,1.0,0.7250412,0.9905219,1.0,2016-12-16 18:00:00,5.0,8.996716e-05,9.001042e-05,0.0,8.985307e-05
261.93384,1.0,1.0,1.0,1.0,2016-12-16 19:00:00,5.0,0.00010270714,0.00010249691,0.0,0.00010243988
262.16943,1.0,1.0,1.0,1.0,2016-12-16 20:00:00,5.0,0.00012566203,0.00012548578,0.0,0.00012545245
262.34766,1.0,1.0,1.0,1.0,2016-12-16 21:00:00,5.0,0.0002952565,0.0002954041,0.0,0.0002952565
262.03516,1.0,0.9530598,1.0,1.0,2016-12-16 22:00:00,5.0,0.00046921917,0.00046910718,0.0,0.00046921917
261.87036,1.0,0.8475991,1.0,1.0,2016-12-16 23:00:00,5.0,0.0004798423,0.00047977548,0.0,0.0004798423
261.76172,1.0,0.8675128,1.0,1.0,2016-12-17 00:00:00,5.0,0.0005639931,0.00056401687,0.0,0.00056389766
261.83813,1.0,0.8217169,1.0,1.0,2016-12-17 01:00:00,5.0,0.00062957616,0.0006299766,0.0,0.0006299389
261.71948,1.0,0.9634475,1.0,1.0,2016-12-17 02:00:00,5.0,0.0007874784,0.00078781694,0.0,0.0007874784
261.59106,1.0,0.9655764,1.0,0.9978961,2016-12-17 03:00:00,5.0,0.00072833267,0.0007283471,0.0,0.00072833267
261.56494,1.0,0.93143106,1.0,1.0,2016-12-17 04:00:00,5.0,0.0005649633,0.0005649058,0.0,0.0005650774
261.48828,1.0,0.97225845,0.9905219,1.0,2016-12-17 05:00:00,5.0,0.00040805968,0.00040783058,0.0,0.0004077924
261.4419,1.0,0.95339006,0.989993,1.0,2016-12-17 06:00:00,5.0,0.0003191596,0.00031917868,0.0,0.0003191596
261.3457,1.0,0.98810095,0.9600301,0.9827584,2016-12-17 07:00:00,5.0,0.00034386618,0.0003440429,0.0,0.00034396164
261.30078,0.997629,0.997629,0.99213,0.5556736,2016-12-17 08:00:00,5.0,0.00020606285,0.00020619135,0.0,0.00020606285
260.74146,1.0,0.9957922,0.75355935,0.9456832,2016-12-17 09:00:00,5.0,0.00012969587,0.0001296244,0.0,0.00012969587
259.8479,1.0,0.9842654,0.95170426,0.9957922,2016-12-17 10:00:00,5.0,5.921944e-05,5.935307e-05,0.0,5.921944e-05
259.4248,1.0,0.9966217,1.0,0.9989426,2016-12-17 11:00:00,5.0,0.00010453061,0.000104392326,0.0,0.00010453061
259.15356,0.998375,0.99675006,0.98889697,0.89638597,2016-12-17 12:00:00,5.0,0.00022542803,0.00022546631,0.0,0.00022542803
258.7937,1.0,0.92708075,0.9913792,0.8107007,2016-12-17 13:00:00,5.0,0.00021275065,0.00021275529,6.4568203e-06,0.00020624607
258.35474,0.98871857,0.8449971,0.7626712,0.97397715,2016-12-17 14:00:00,5.0,8.5204505e-05,8.5471445e-05,0.0,8.568134e-05
257.85645,1.0,0.97947925,0.6023042,1.0,2016-12-17 15:00:00,5.0,5.207528e-05,5.144607e-05,0.0,5.1121606e-05
257.81372,1.0,0.9884012,0.88045436,1.0,2016-12-17 16:00:00,5.0,4.1582287e-05,4.183479e-05,0.0,4.200144e-05
257.92505,1.0,0.9900539,0.708877,0.96897197,2016-12-17 17:00:00,5.0,4.5776367e-05,4.574255e-05,0.0,4.5776367e-05
258.042,1.0,0.9973536,0.2724492,0.9955251,2016-12-17 18:00:00,5.0,3.3168995e-05,3.3038e-05,0.0,3.3168995e-05
258.0901,1.0,0.99397534,0.092579484,0.98924416,2016-12-17 19:00:00,5.0,1.07961205e-05,1.0777215e-05,0.0,1.07961205e-05
257.86548,1.0,0.93038243,0.0072638094,1.0,2016-12-17 20:00:00,5.0,2.384827e-06,2.508602e-06,0.0,2.384827e-06
257.60254,0.92404693,0.91619384,0.0,0.105736494,2016-12-17 21:00:00,5.0,1.4311527e-06,1.5072601e-06,0.0,1.4311527e-06
256.36035,0.8492806,0.7385634,0.0,0.5707209,2016-12-17 22:00:00,5.0,9.350902e-07,1.0019048e-06,0.0,9.350902e-07
255.53183,1.0,0.45547426,0.0,0.998375,2016-12-17 23:00:00,5.0,1.2209357e-06,1.1111788e-06,0.0,1.2209357e-06
255.22694,0.9483659,0.21282607,0.0,0.93741876,2016-12-18 00:00:00,5.0,1.2587452e-06,1.3063327e-06,0.0,1.2587452e-06
254.65414,0.81282973,0.233244,0.0,0.80946857,2016-12-18 01:00:00,0.0,6.864127e-07,5.9107737e-07,0.0,6.864127e-07
253.43973,0.16822475,0.14572787,0.0,0.038925204,2016-12-18 02:00:00,0.0,9.549569e-08,2.717449e-07,0.0,9.549569e-08
251.09325,0.08822107,0.08822107,0.0,0.0,2016-12-18 03:00:00,0.0,0.0,1.0014173e-07,0.0,0.0
250.45053,0.04455852,0.04455852,0.0,0.0,2016-12-18 04:00:00,0.0,0.0,5.007088e-08,0.0,0.0
249.43071,0.009759266,0.009759266,0.0,0.0,2016-12-18 05:00:00,0.0,0.0,1.1936965e-08,0.0,0.0
248.21774,0.0015890491,0.0015890491,0.0,0.0,2016-12-18 06:00:00,0.0,0.0,0.0,0.0,0.0
247.70497,0.0,0.0,0.0,0.0,2016-12-18 07:00:00,0.0,0.0,0.0,0.0,0.0
246.97726,0.0,0.0,0.0,0.0,2016-12-18 08:00:00,0.0,0.0,0.0,0.0,0.0
245.78328,0.0,0.0,0.0,0.0,2016-12-18 09:00:00,0.0,0.0,0.0,0.0,0.0
244.61432,0.0,0.0,0.0,0.0,2016-12-18 10:00:00,0.0,0.0,0.0,0.0,0.0
244.43178,0.0021207693,0.0021207693,0.0,0.0,2016-12-18 11:00:00,0.0,0.0,0.0,0.0,0.0
244.16457,0.0010573287,0.0010573287,0.0,0.0,2016-12-18 12:00:00,0.0,0.0,0.0,0.0,0.0
243.68237,0.0,0.0,0.0,0.0,2016-12-18 13:00:00,0.0,0.0,0.0,0.0,0.0
243.49474,0.0,0.0,0.0,0.0,2016-12-18 14:00:00,0.0,0.0,0.0,0.0,0.0
244.64044,0.8889443,0.8889443,0.0,0.0,2016-12-18 15:00:00,5.0,0.0,6.6815346e-08,0.0,0.0
245.91156,0.42065197,0.42065197,0.0,0.0,2016-12-18 16:00:00,5.0,0.0,9.06893e-08,0.0,0.0
247.69739,0.0,0.0,0.0,0.0,2016-12-18 17:00:00,0.0,0.0,2.6196943e-08,0.0,0.0
249.27823,0.0,0.0,0.0,0.0,2016-12-18 18:00:00,0.0,0.0,0.0,0.0,0.0
250.16663,0.11982918,0.0,0.0,0.11982918,2016-12-18 19:00:00,0.0,0.0,0.0,0.0,0.0
251.02579,0.60147226,0.0,0.008732032,0.60147226,2016-12-18 20:00:00,0.0,0.0,0.0,0.0,0.0
251.67307,0.48288113,0.0,0.0015890491,0.48288113,2016-12-18 21:00:00,0.0,0.0,0.0,0.0,0.0
251.04303,0.38786542,0.0,0.013199564,0.38576156,2016-12-18 22:00:00,0.0,0.0,0.0,0.0,0.0
250.2646,0.04989581,0.0,0.007900696,0.043052442,2016-12-18 23:00:00,0.0,0.0,0.0,0.0,0.0
250.02074,0.0015890491,0.0,0.0010573287,0.0010573287,2016-12-19 00:00:00,0.0,0.0,0.0,0.0,0.0
249.87143,0.0,0.0,0.0,0.0,2016-12-19 01:00:00,0.0,0.0,0.0,0.0,0.0
250.13669,0.0,0.0,0.0,0.0,2016-12-19 02:00:00,0.0,0.0,0.0,0.0,0.0
251.36028,0.0,0.0,0.0,0.0,2016-12-19 03:00:00,0.0,0.0,0.0,0.0,0.0
252.27141,0.0,0.0,0.0,0.0,2016-12-19 04:00:00,0.0,0.0,0.0,0.0,0.0
253.21927,0.0,0.0,0.0,0.0,2016-12-19 05:00:00,0.0,0.0,0.0,0.0,0.0
254.2347,0.0,0.0,0.0,0.0,2016-12-19 06:00:00,0.0,0.0,0.0,0.0,0.0
254.62639,0.0,0.0,0.0,0.0,2016-12-19 07:00:00,0.0,0.0,0.0,0.0,0.0
255.24324,0.0,0.0,0.0,0.0,2016-12-19 08:00:00,0.0,0.0,0.0,0.0,0.0
256.22192,0.19951463,0.0,0.0,0.19951463,2016-12-19 09:00:00,0.0,0.0,0.0,0.0,0.0
258.43945,0.9488803,0.0,0.02848507,0.9488803,2016-12-19 10:00:00,0.0,0.0,0.0,0.0,0.0
258.67334,0.989993,0.0,0.50921226,0.989993,2016-12-19 11:00:00,0.0,0.0,0.0,0.0,0.0
258.93018,0.9933516,0.0,0.602281,0.9800809,2016-12-19 12:00:00,0.0,0.0,0.0,0.0,0.0
259.3457,0.9897259,0.0,0.9264309,0.96182644,2016-12-19 13:00:00,0.0,6.414278e-06,6.614724e-06,6.681539e-06,0.0
259.9475,0.9258518,0.0,0.90015286,0.47743845,2016-12-19 14:00:00,0.0,7.3692354e-06,7.2976136e-06,7.321487e-06,0.0
261.96826,0.65147257,0.0,0.36167157,0.54795456,2016-12-19 15:00:00,0.0,0.0,0.0,0.0,0.0
262.70947,0.37955153,0.0,0.3747844,0.04569638,2016-12-19 16:00:00,0.0,0.0,0.0,0.0,0.0
264.0437,0.15522689,0.0,0.15522689,0.0015890491,2016-12-19 17:00:00,0.0,0.0,0.0,0.0,0.0
264.7141,0.0016249504,0.0016249504,0.0,0.0,2016-12-19 18:00:00,0.0,0.0,0.0,0.0,0.0
265.32642,0.012085874,0.00998199,0.0,0.002103883,2016-12-19 19:00:00,0.0,0.0,0.0,0.0,0.0
265.9502,0.063632846,0.0,0.0,0.063632846,2016-12-19 20:00:00,0.0,0.0,0.0,0.0,0.0
266.50195,0.14429677,0.0,0.0,0.14429677,2016-12-19 21:00:00,0.0,0.0,0.0,0.0,0.0
266.06567,0.9447997,0.0,0.0,0.9447997,2016-12-19 22:00:00,5.0,0.0,0.0,0.0,0.0
265.73828,1.0,0.0,0.0,1.0,2016-12-19 23:00:00,5.0,0.0,0.0,0.0,0.0
265.9104,1.0,0.0,0.0032499009,1.0,2016-12-20 00:00:00,5.0,0.0,0.0,0.0,0.0
266.229,1.0,0.0,0.05689539,1.0,2016-12-20 01:00:00,5.0,0.0,0.0,0.0,0.0
267.16284,1.0,0.0048919544,0.489963,0.99627113,2016-12-20 02:00:00,5.0,0.0,0.0,0.0,0.0
267.98315,1.0,0.0032499009,0.95103097,0.9970973,2016-12-20 03:00:00,5.0,0.0,0.0,0.0,0.0
268.2141,1.0,0.0,0.98970896,1.0,2016-12-20 04:00:00,0.0,0.0,0.0,0.0,0.0
268.5188,0.99946827,0.0032499009,0.8736095,0.99683875,2016-12-20 05:00:00,5.0,0.0,0.0,0.0,0.0
268.35327,0.99164295,0.0,0.901242,0.9800116,2016-12-20 06:00:00,5.0,0.0,0.0,0.0,0.0
268.56274,1.0,0.0,0.9600779,0.9837398,2016-12-20 07:00:00,0.0,0.0,0.0,0.0,0.0
269.5559,0.96546406,0.0,0.9167391,0.6340342,2016-12-20 08:00:00,0.0,0.0,0.0,0.0,0.0
270.47388,0.31812978,0.0,0.23430604,0.13033813,2016-12-20 09:00:00,0.0,0.0,0.0,0.0,0.0
271.15625,0.66707766,0.0,0.66707766,0.0,2016-12-20 10:00:00,0.0,0.0,0.0,0.0,0.0
271.34253,0.08400065,0.0640676,0.059068322,0.0,2016-12-20 11:00:00,0.0,0.0,0.0,0.0,0.0
272.01294,0.009634774,0.009634774,0.0,0.0,2016-12-20 12:00:00,0.0,0.0,0.0,0.0,0.0
272.42358,0.0,0.0,0.0,0.0,2016-12-20 13:00:00,0.0,0.0,0.0,0.0,0.0
272.70654,0.0,0.0,0.0,0.0,2016-12-20 14:00:00,0.0,0.0,0.0,0.0,0.0
274.0564,0.0,0.0,0.0,0.0,2016-12-20 15:00:00,0.0,0.0,0.0,0.0,0.0
274.6516,0.004207764,0.0,0.0,0.004207764,2016-12-20 16:00:00,0.0,0.0,0.0,0.0,0.0
275.17407,0.0,0.0,0.0,0.0,2016-12-20 17:00:00,0.0,0.0,0.0,0.0,0.0
275.50708,0.0,0.0,0.0,0.0,2016-12-20 18:00:00,0.0,0.0,0.0,0.0,0.0
275.62793,0.0,0.0,0.0,0.0,2016-12-20 19:00:00,0.0,0.0,0.0,0.0,0.0
275.61914,0.0,0.0,0.0,0.0,2016-12-20 20:00:00,0.0,0.0,0.0,0.0,0.0
275.0559,0.0,0.0,0.0,0.0,2016-12-20 21:00:00,0.0,0.0,0.0,0.0,0.0
273.53198,0.0,0.0,0.0,0.0,2016-12-20 22:00:00,0.0,0.0,0.0,0.0,0.0
272.77393,0.0,0.0,0.0,0.0,2016-12-20 23:00:00,0.0,0.0,0.0,0.0,0.0
272.28857,0.00053172023,0.0,0.0,0.00053172023,2016-12-21 00:00:00,0.0,0.0,0.0,0.0,0.0
271.99902,0.08298755,0.0,0.0,0.08298755,2016-12-21 01:00:00,0.0,0.0,0.0,0.0,0.0
271.35962,0.0,0.0,0.0,0.0,2016-12-21 02:00:00,0.0,0.0,0.0,0.0,0.0
270.25854,0.63885325,0.0,0.0,0.63885325,2016-12-21 03:00:00,0.0,0.0,0.0,0.0,0.0
269.729,0.9784002,0.0,0.0,0.9784002,2016-12-21 04:00:00,0.0,0.0,0.0,0.0,0.0
269.281,0.8380145,0.0,0.0,0.8380145,2016-12-21 05:00:00,0.0,0.0,0.0,0.0,0.0
268.73413,0.789797,0.0,0.004750259,0.78714454,2016-12-21 06:00:00,0.0,0.0,0.0,0.0,0.0
268.16284,0.92388934,0.0,0.13606554,0.8734486,2016-12-21 07:00:00,0.0,0.0,0.0,0.0,0.0
267.7373,0.9955251,0.0,0.8794339,0.9213979,2016-12-21 08:00:00,0.0,0.0,0.0,0.0,0.0
268.4536,1.0,0.0,1.0,0.96263224,2016-12-21 09:00:00,0.0,0.0,0.0,0.0,0.0
271.44702,1.0,0.0,1.0,0.9850148,2016-12-21 10:00:00,5.0,1.2395194e-06,1.3302088e-06,0.0,1.2395194e-06
271.96387,1.0,0.0,1.0,1.0,2016-12-21 11:00:00,5.0,1.7162907e-05,1.7334518e-05,0.0,1.7162907e-05
272.2539,1.0,0.0,0.98841804,0.99174684,2016-12-21 12:00:00,5.0,3.8918573e-05,3.9195293e-05,0.0,3.8918573e-05
272.5337,1.0,0.0,1.0,0.9397182,2016-12-21 13:00:00,5.0,3.562434e-05,3.5566976e-05,0.0,3.562434e-05
272.9016,0.99348307,0.0,0.99348307,0.4315902,2016-12-21 14:00:00,5.0,4.2769287e-05,4.2526226e-05,0.0,4.2769287e-05
273.76636,0.9670889,0.0,0.9670889,0.0,2016-12-21 15:00:00,5.0,3.8067476e-05,3.8096317e-05,0.0,3.8067476e-05
274.3103,0.98890185,0.0,0.98890185,0.0,2016-12-21 16:00:00,5.0,9.227795e-06,8.808321e-06,0.0,9.227795e-06
275.00952,0.45119596,0.0033782488,0.4478348,0.0,2016-12-21 17:00:00,0.0,2.2815959e-07,2.7158455e-07,0.0,2.2815959e-07
275.7522,0.04192207,0.0,0.04192207,0.0,2016-12-21 18:00:00,0.0,0.0,0.0,0.0,0.0
276.81396,0.22763222,0.22763222,0.009895153,0.0,2016-12-21 19:00:00,0.0,0.0,0.0,0.0,0.0
276.9939,0.9098078,0.90354395,0.450441,0.0,2016-12-21 20:00:00,1.0,0.0,0.0,0.0,0.0
276.9358,0.998375,0.998375,0.3873564,0.0,2016-12-21 21:00:00,1.0,4.3107684e-06,0.0,0.0,4.3107684e-06
276.16406,0.9875358,0.9875358,0.30388528,0.0,2016-12-21 22:00:00,1.0,1.1387056e-05,0.0,0.0,1.1387056e-05
275.99902,0.98341054,0.98341054,0.0,0.0,2016-12-21 23:00:00,1.0,4.635057e-06,0.0,0.0,4.635057e-06
276.0149,0.98968375,0.98968375,0.0,0.0,2016-12-22 00:00:00,1.0,2.726425e-06,0.0,0.0,2.726425e-06
275.95508,0.9949765,0.9949765,0.0,0.0,2016-12-22 01:00:00,0.0,1.4869047e-06,0.0,0.0,1.4869047e-06
275.5232,0.9912369,0.9912369,0.0,0.0,2016-12-22 02:00:00,6.0,9.549569e-08,0.0,0.0,9.549569e-08
274.44873,0.9729118,0.9729118,0.0,0.0,2016-12-22 03:00:00,6.0,0.0,0.0,0.0,0.0
274.2544,0.7518858,0.7518858,0.0,0.0,2016-12-22 04:00:00,5.0,0.0,2.3873934e-08,0.0,0.0
272.8098,0.30615282,0.30615282,0.0,0.0,2016-12-22 05:00:00,0.0,0.0,0.0,0.0,0.0
271.77222,0.14227313,0.14227313,0.0,0.0,2016-12-22 06:00:00,0.0,0.0,0.0,0.0,0.0
271.42603,0.10861236,0.10861236,0.0,0.0,2016-12-22 07:00:00,5.0,0.0,0.0,0.0,0.0
270.53052,0.11715227,0.11715227,0.0,0.0,2016-12-22 08:00:00,0.0,0.0,0.0,0.0,0.0
269.13428,0.055526044,0.055526044,0.0,0.0,2016-12-22 09:00:00,0.0,0.0,0.0,0.0,0.0
267.27075,0.006280929,0.006280929,0.0,0.0,2016-12-22 10:00:00,0.0,0.0,0.0,0.0,0.0
266.9983,0.0,0.0,0.0,0.0,2016-12-22 11:00:00,0.0,0.0,0.0,0.0,0.0
266.76245,0.0,0.0,0.0,0.0,2016-12-22 12:00:00,0.0,0.0,0.0,0.0,0.0
266.542,0.0,0.0,0.0,0.0,2016-12-22 13:00:00,0.0,0.0,0.0,0.0,0.0
265.97705,0.0,0.0,0.0,0.0,2016-12-22 14:00:00,0.0,0.0,0.0,0.0,0.0
267.46606,0.0,0.0,0.0,0.0,2016-12-22 15:00:00,0.0,0.0,0.0,0.0,0.0
268.9939,0.0,0.0,0.0,0.0,2016-12-22 16:00:00,0.0,0.0,0.0,0.0,0.0
270.833,0.0,0.0,0.0,0.0,2016-12-22 17:00:00,0.0,0.0,0.0,0.0,0.0
272.16455,0.0,0.0,0.0,0.0,2016-12-22 18:00:00,0.0,0.0,0.0,0.0,0.0
273.45508,0.0,0.0,0.0,0.0,2016-12-22 19:00:00,0.0,0.0,0.0,0.0,0.0
273.93042,0.00053172023,0.0,0.0,0.00053172023,2016-12-22 20:00:00,0.0,0.0,0.0,0.0,0.0
274.72925,0.01687561,0.0,0.0,0.01687561,2016-12-22 21:00:00,0.0,0.0,0.0,0.0,0.0
273.97168,0.407534,0.0,0.0,0.407534,2016-12-22 22:00:00,0.0,0.0,0.0,0.0,0.0
273.44678,0.6404174,0.0,0.0,0.6404174,2016-12-22 23:00:00,0.0,0.0,0.0,0.0,0.0
272.80396,0.9128604,0.0,0.0,0.9128604,2016-12-23 00:00:00,0.0,0.0,0.0,0.0,0.0
272.53125,0.7569936,0.0,0.0,0.7569936,2016-12-23 01:00:00,0.0,0.0,0.0,0.0,0.0
272.19092,0.9582836,0.0,0.0,0.9582836,2016-12-23 02:00:00,0.0,0.0,0.0,0.0,0.0
272.39917,0.9649446,0.0,0.0,0.9649446,2016-12-23 03:00:00,0.0,0.0,0.0,0.0,0.0
272.55566,0.92251265,0.0,0.0,0.92251265,2016-12-23 04:00:00,0.0,0.0,0.0,0.0,0.0
272.51,0.9821591,0.0,0.0,0.9821591,2016-12-23 05:00:00,0.0,0.0,0.0,0.0,0.0
272.57202,0.998375,0.0,0.0,0.998375,2016-12-23 06:00:00,0.0,0.0,0.0,0.0,0.0
272.7107,0.9949968,0.0,0.0,0.9949968,2016-12-23 07:00:00,0.0,0.0,0.0,0.0,0.0
272.41528,0.98900735,0.0,0.0,0.98900735,2016-12-23 08:00:00,0.0,0.0,0.0,0.0,0.0
271.823,0.8713765,0.0,0.0,0.8713765,2016-12-23 09:00:00,0.0,0.0,0.0,0.0,0.0
272.92798,0.90590185,0.0,0.017468765,0.90590185,2016-12-23 10:00:00,0.0,0.0,0.0,0.0,0.0
272.9878,0.9932679,0.0,0.34176886,0.9932679,2016-12-23 11:00:00,0.0,0.0,0.0,0.0,0.0
272.9944,1.0,0.0,0.9196283,1.0,2016-12-23 12:00:00,0.0,0.0,0.0,0.0,0.0
273.30322,1.0,0.0,1.0,0.99946827,2016-12-23 13:00:00,0.0,0.0,0.0,0.0,0.0
273.927,1.0,0.0,1.0,0.9849505,2016-12-23 14:00:00,5.0,8.2101036e-07,8.065889e-07,0.0,8.2101036e-07
274.6516,1.0,0.09168613,0.99841094,1.0,2016-12-23 15:00:00,6.0,3.4560522e-05,3.4360244e-05,0.0,3.4350945e-05
274.58887,1.0,0.6565009,0.99026,1.0,2016-12-23 16:00:00,6.0,0.00016781612,0.00016771149,0.0,0.00016779754
274.94946,1.0,0.8306956,0.96520805,1.0,2016-12-23 17:00:00,6.0,0.00033669756,0.00033669756,0.0,0.00033669756
274.5276,1.0,0.9803437,1.0,0.9942007,2016-12-23 18:00:00,6.0,0.00052844244,0.00052560796,0.0,0.00052844244
274.17212,1.0,1.0,1.0,0.96158046,2016-12-23 19:00:00,6.0,0.00062190695,0.0005743068,0.0,0.0006216583
274.08374,1.0,1.0,1.0,0.9841575,2016-12-23 20:00:00,6.0,0.00066190725,0.00064276485,0.0,0.00066190725
273.94897,1.0,0.9842654,1.0,0.98272914,2016-12-23 21:00:00,6.0,0.0006750021,0.00066887494,0.0,0.00067435345
273.76758,1.0,1.0,0.9853412,0.93317306,2016-12-23 22:00:00,6.0,0.00047761458,0.0004764311,0.0,0.00047761458
274.0376,1.0,1.0,0.029693544,0.52177054,2016-12-23 23:00:00,6.0,0.00016899231,0.00016883962,0.0,0.00016899231
274.1626,0.9957922,0.9957922,0.0015890491,0.13018054,2016-12-24 00:00:00,6.0,4.2484564e-05,4.203897e-05,0.0,4.2160915e-05
274.24365,0.9903101,0.9903101,0.0,0.00053172023,2016-12-24 01:00:00,6.0,1.9108062e-05,1.7738595e-05,0.0,1.8745312e-05
274.03662,0.9865754,0.9865754,0.0,0.0,2016-12-24 02:00:00,6.0,8.41001e-06,6.5585746e-06,0.0,8.41001e-06
273.91675,0.98451084,0.98451084,0.0,0.0,2016-12-24 03:00:00,5.0,2.7456508e-06,2.4067695e-06,0.0,3.0129122e-06
273.84204,0.9778029,0.9778029,0.0,0.0,2016-12-24 04:00:00,5.0,6.864127e-07,6.4811724e-07,0.0,6.864127e-07
273.39185,0.8993901,0.8993901,0.0,0.0,2016-12-24 05:00:00,5.0,0.0,1.1920929e-07,0.0,0.0
272.8916,0.6481554,0.6481554,0.0,0.0,2016-12-24 06:00:00,5.0,0.0,6.6815346e-08,0.0,0.0
272.61865,0.40782768,0.40782768,0.0,0.0,2016-12-24 07:00:00,5.0,0.0,4.7667676e-08,0.0,0.0
272.43018,0.24686968,0.24686968,0.0,0.0,2016-12-24 08:00:00,5.0,0.0,0.0,0.0,0.0
271.0371,0.20793092,0.20793092,0.0,0.0,2016-12-24 09:00:00,5.0,0.0,1.1448304e-07,0.0,0.0
269.91357,0.2030868,0.2030868,0.0,0.0,2016-12-24 10:00:00,5.0,0.0,1.1448304e-07,0.0,0.0
268.17603,0.46116412,0.12628096,0.0,0.3691303,2016-12-24 11:00:00,5.0,0.0,1.7881393e-07,0.0,0.0
268.24292,0.8322532,0.30343556,0.0,0.7445143,2016-12-24 12:00:00,5.0,2.0957555e-07,2.5748494e-07,0.0,2.0957555e-07
268.58545,1.0,0.81459886,0.0,1.0,2016-12-24 13:00:00,5.0,9.549569e-08,3.2910788e-07,0.0,9.549569e-08
268.95386,0.99946827,0.99841094,0.0,0.9855181,2016-12-24 14:00:00,5.0,4.7683716e-07,5.436525e-07,0.0,4.7683716e-07
270.865,1.0,1.0,0.0,0.99946827,2016-12-24 15:00:00,5.0,9.536743e-07,8.868589e-07,0.0,9.536743e-07
271.92847,1.0,1.0,0.0,0.9778793,2016-12-24 16:00:00,5.0,1.4305115e-06,1.2802175e-06,0.0,1.3350154e-06
272.5227,1.0,0.9932679,0.0,0.99315417,2016-12-24 17:00:00,5.0,1.3350154e-06,1.4519819e-06,0.0,1.3350154e-06
272.90405,1.0,1.0,0.0,0.99946827,2016-12-24 18:00:00,5.0,1.3350154e-06,1.272926e-06,0.0,1.3350154e-06
273.31177,1.0,1.0,0.0,1.0,2016-12-24 19:00:00,5.0,0.0,4.1250627e-07,0.0,3.627573e-07
273.5808,0.998375,0.9449366,0.0,0.85289484,2016-12-24 20:00:00,5.0,2.9007751e-06,3.1728432e-06,0.0,2.7866954e-06
273.69873,0.9949968,0.92984015,0.0048919544,0.5384304,2016-12-24 21:00:00,6.0,2.4790397e-06,2.5672443e-06,0.0,2.6886155e-06
273.5454,1.0,0.9966217,0.0,0.54058355,2016-12-24 22:00:00,6.0,1.6977729e-06,1.8547935e-06,0.0,2.079114e-06
273.563,0.9903101,0.9718013,0.0,0.6498727,2016-12-24 23:00:00,5.0,3.3955457e-06,3.3716715e-06,0.0,3.3955457e-06
273.75122,0.99397534,0.9906215,0.0,0.23926991,2016-12-25 00:00:00,5.0,2.595053e-06,2.5520312e-06,0.0,2.499557e-06
273.73364,0.9721925,0.9721925,0.0,0.0,2016-12-25 01:00:00,5.0,5.3452317e-07,9.3028495e-07,0.0,1.0113599e-06
273.88574,0.9694216,0.9694216,0.0,0.0,2016-12-25 02:00:00,5.0,1.6208605e-06,1.6423319e-06,0.0,1.6208605e-06
273.77832,0.98422116,0.98422116,0.0,0.0,2016-12-25 03:00:00,5.0,1.2209357e-06,1.1255197e-06,0.0,1.2209357e-06
273.72607,0.9721845,0.9721845,0.0,0.0,2016-12-25 04:00:00,5.0,1.9650342e-06,1.8529545e-06,0.0,1.9650342e-06
273.80396,0.9216127,0.9216127,0.0,0.0,2016-12-25 05:00:00,5.0,3.682033e-06,3.734427e-06,0.0,3.682033e-06
273.45166,0.9413618,0.9413618,0.0,0.0,2016-12-25 06:00:00,5.0,1.3375826e-05,1.3209029e-05,1.9067068e-07,1.2994484e-05
273.28027,0.9833504,0.9833504,0.0,0.0,2016-12-25 07:00:00,5.0,3.018824e-05,3.0250085e-05,0.0,3.018824e-05
273.29517,1.0,1.0,0.0,0.0,2016-12-25 08:00:00,5.0,6.432818e-05,6.411364e-05,0.0,6.4214095e-05
273.0691,0.9970973,0.9857656,0.0,0.54566306,2016-12-25 09:00:00,5.0,7.8467216e-05,7.841931e-05,0.0,7.8467216e-05
273.38672,1.0,0.99736434,0.0,0.89805424,2016-12-25 10:00:00,5.0,5.050427e-05,4.93548e-05,0.0,5.0676026e-05
273.34888,1.0,1.0,0.07913339,0.8624561,2016-12-25 11:00:00,5.0,3.576986e-05,3.5493154e-05,0.0,3.576986e-05
273.33008,1.0,0.997629,0.60821235,0.9231746,2016-12-25 12:00:00,5.0,3.3129385e-05,3.2723838e-05,0.0,3.3129385e-05
273.4536,1.0,1.0,0.980868,0.97947925,2016-12-25 13:00:00,5.0,3.2812022e-05,3.2292082e-05,0.0,3.2812022e-05
273.32422,1.0,1.0,0.7672347,0.95001215,2016-12-25 14:00:00,5.0,1.375329e-05,1.2565041e-05,0.0,1.375329e-05
273.7671,1.0,1.0,0.38922757,0.94338065,2016-12-25 15:00:00,5.0,7.5172484e-06,5.441654e-06,0.0,7.5172484e-06
273.8462,1.0,1.0,0.0830906,0.9789225,2016-12-25 16:00:00,3.0,7.230761e-06,5.050054e-06,0.0,7.230761e-06
274.01904,1.0,1.0,0.32144636,0.8862595,2016-12-25 17:00:00,5.0,4.368446e-06,3.356925e-06,0.0,4.368446e-06
273.94238,1.0,0.99946827,0.94905996,0.99946827,2016-12-25 18:00:00,7.0,1.2621425e-05,1.0815491e-05,0.0,1.2621425e-05
273.94043,1.0,0.9899592,0.96235204,1.0,2016-12-25 19:00:00,1.0,0.0005421529,2.2360473e-06,0.0004684741,7.385088e-05
274.07495,1.0,0.83274174,0.98316735,1.0,2016-12-25 20:00:00,1.0,0.0009867884,4.5571824e-06,0.00037711486,0.00060975924
274.135,1.0,0.8824157,1.0,0.9839263,2016-12-25 21:00:00,1.0,0.0027781604,7.820755e-06,0.0007877862,0.001990574
274.39355,1.0,1.0,0.98706263,0.6604428,2016-12-25 22:00:00,1.0,0.0036700512,2.0708658e-06,0.0012026399,0.002467459
274.3921,1.0,1.0,0.8054548,0.3404783,2016-12-25 23:00:00,1.0,0.0017039885,6.0690378e-05,0.00052954885,0.0011748117
274.50903,1.0,1.0,0.5592548,0.18450701,2016-12-26 00:00:00,1.0,0.00031668134,2.3417524e-05,2.0039966e-05,0.0002961075
274.33105,1.0,1.0,0.9989426,0.254066,2016-12-26 01:00:00,1.0,0.00029702834,0.0,1.8316583e-05,0.0002787502
274.40088,1.0,1.0,1.0,0.33826286,2016-12-26 02:00:00,1.0,0.00053489977,0.0,0.00040054135,0.00013411998
274.81323,1.0,1.0,1.0,0.3065322,2016-12-26 03:00:00,1.0,0.00224488,0.0,0.0019547753,0.00029021874
274.8628,1.0,1.0,0.9957922,0.22392797,2016-12-26 04:00:00,1.0,0.0021566919,0.0,0.0014990021,0.0006573268
275.17847,1.0,1.0,0.99100083,0.0,2016-12-26 05:00:00,1.0,0.0013763469,0.0,0.00027005398,0.0011063882
276.23145,1.0,1.0,0.21303135,0.0,2016-12-26 06:00:00,1.0,0.0005926534,0.0,4.7449576e-05,0.0005454712
277.3777,0.9515287,0.9515287,0.0016249504,0.0,2016-12-26 07:00:00,1.0,1.5225488e-05,0.0,0.0,1.5378668e-05
278.63428,0.6433951,0.6433951,0.004741922,0.0,2016-12-26 08:00:00,0.0,1.07890455e-05,0.0,0.0,1.0807629e-05
278.1985,0.119592845,0.119592845,0.0,0.0,2016-12-26 09:00:00,0.0,5.2644427e-06,0.0,0.0,5.1689476e-06
272.47437,0.062375616,0.062375616,0.0,0.0,2016-12-26 10:00:00,6.0,0.0,0.0,0.0,0.0
270.93433,0.23204535,0.23204535,0.0,0.0,2016-12-26 11:00:00,5.0,5.3452317e-07,3.077185e-07,0.0,2.6726156e-07
270.44897,0.31518626,0.3135442,0.017908663,0.0,2016-12-26 12:00:00,5.0,7.626828e-07,8.5361387e-07,0.0,9.158646e-07
269.95215,0.8613236,0.8613236,0.06792593,0.0,2016-12-26 13:00:00,5.0,7.626828e-07,8.057045e-07,0.0,6.4860296e-07
268.8108,0.97827476,0.97827476,0.09659511,0.0065169036,2016-12-26 14:00:00,5.0,7.626828e-07,9.870027e-07,0.0,9.158646e-07
267.21338,0.9695581,0.9679332,0.20865548,0.0016249504,2016-12-26 15:00:00,5.0,3.1853288e-06,3.290439e-06,0.0,3.1853288e-06
267.15845,0.99683875,0.99683875,0.5720053,0.0,2016-12-26 16:00:00,5.0,6.677021e-06,6.672052e-06,0.0,6.5052554e-06
267.4619,0.9830965,0.9830965,0.7878579,0.25286418,2016-12-26 17:00:00,5.0,3.1476447e-05,3.1176503e-05,0.0,3.1476447e-05
267.20483,1.0,0.99657166,0.97324264,0.97042865,2016-12-26 18:00:00,5.0,0.00011406165,0.00011420522,0.0,0.00011406165
266.94775,1.0,1.0,0.9989426,0.20705855,2016-12-26 19:00:00,5.0,0.00015258476,0.00015237535,0.0,0.00015247069
266.84326,0.99525803,0.99525803,0.7645856,0.07623899,2016-12-26 20:00:00,5.0,0.00013625616,0.0001360557,0.0,0.0001359889
266.8523,0.98682564,0.976251,0.2583151,0.20724267,2016-12-26 21:00:00,5.0,5.51041e-05,5.5070457e-05,0.0,5.51041e-05
266.49634,0.9934077,0.9934077,0.043097712,0.10192919,2016-12-26 22:00:00,5.0,2.0976964e-05,2.1191518e-05,0.0,2.0976964e-05
266.43652,0.97416824,0.9663224,0.059398655,0.45864713,2016-12-26 23:00:00,5.0,1.0146885e-05,9.994026e-06,0.0,1.0146885e-05
266.2854,0.99451786,0.9890601,0.027345449,0.5766563,2016-12-27 00:00:00,5.0,5.1689385e-06,5.1545167e-06,0.0,5.1689385e-06
266.0288,0.9966217,0.9932679,0.0033782488,0.59902334,2016-12-27 01:00:00,5.0,5.111252e-06,5.2828555e-06,0.0,5.111252e-06
265.9546,0.9684055,0.91530734,0.0,0.6272387,2016-12-27 02:00:00,5.0,5.397098e-06,5.5687015e-06,0.0,5.397098e-06
265.95996,0.990789,0.95944107,0.0,0.51252913,2016-12-27 03:00:00,5.0,5.492593e-06,5.2687565e-06,0.0,5.3785134e-06
265.98218,1.0,0.9942508,0.0,0.94100976,2016-12-27 04:00:00,5.0,5.492593e-06,5.507175e-06,0.0,5.492593e-06
265.99854,1.0,0.99451786,0.0,0.93507975,2016-12-27 05:00:00,5.0,3.0898236e-06,3.2112757e-06,0.0,3.357085e-06
265.90454,0.9868425,0.9810433,0.0,0.28596234,2016-12-27 06:00:00,5.0,2.8424383e-06,2.832663e-06,0.0,2.8424383e-06
265.78198,0.98419094,0.98419094,0.0,0.0,2016-12-27 07:00:00,5.0,4.4434237e-06,4.381657e-06,0.0,4.4434237e-06
265.6792,0.9876192,0.9876192,0.0,0.0,2016-12-27 08:00:00,5.0,2.2124195e-06,2.2529575e-06,0.0,2.2124195e-06
265.208,0.9970973,0.9970973,0.0,0.0,2016-12-27 09:00:00,5.0,2.5937607e-06,2.5533036e-06,0.0,2.5937607e-06
265.69727,1.0,1.0,0.0,0.06322271,2016-12-27 10:00:00,5.0,2.3841849e-06,2.4580504e-06,0.0,2.3841849e-06
265.6548,0.87867975,0.85968614,0.0037288337,0.1979788,2016-12-27 11:00:00,5.0,2.7847527e-06,2.782349e-06,0.0,2.7847527e-06
265.49756,0.9312599,0.9098564,0.042429686,0.21224803,2016-12-27 12:00:00,5.0,2.8033364e-06,2.8940258e-06,0.0,2.8033364e-06
265.47583,0.7426066,0.6094272,0.0,0.3675453,2016-12-27 13:00:00,5.0,1.1632492e-06,1.206191e-06,0.0,1.1632492e-06
265.66162,0.104114115,0.05873047,0.0,0.045915417,2016-12-27 14:00:00,5.0,1.0491694e-06,1.0345875e-06,0.0,1.067754e-06
266.07446,0.0029026829,0.0029026829,0.0,0.0,2016-12-27 15:00:00,5.0,1.372825e-06,1.7830098e-06,0.0,1.372825e-06
266.0271,0.0,0.0,0.0,0.0,2016-12-27 16:00:00,5.0,1.1818338e-06,9.341233e-07,0.0,1.1818338e-06
266.3042,0.0,0.0,0.0,0.0,2016-12-27 17:00:00,5.0,0.0,1.1920929e-07,0.0,0.0
266.71265,0.0,0.0,0.0,0.0,2016-12-27 18:00:00,0.0,0.0,0.0,0.0,0.0
267.10962,0.0,0.0,0.0,0.0,2016-12-27 19:00:00,0.0,0.0,0.0,0.0,0.0
268.0027,0.0,0.0,0.0,0.0,2016-12-27 20:00:00,0.0,0.0,0.0,0.0,0.0
268.65942,0.0,0.0,0.0,0.0,2016-12-27 21:00:00,0.0,0.0,0.0,0.0,0.0
268.18774,0.0,0.0,0.0,0.0,2016-12-27 22:00:00,0.0,0.0,0.0,0.0,0.0
268.59985,0.0,0.0,0.0,0.0,2016-12-27 23:00:00,0.0,0.0,0.0,0.0,0.0
267.16748,0.0,0.0,0.0,0.0,2016-12-28 00:00:00,0.0,0.0,0.0,0.0,0.0
267.20532,0.10011405,0.0,0.0,0.10011405,2016-12-28 01:00:00,0.0,0.0,0.0,0.0,0.0
267.20703,0.9705796,0.0,0.0,0.9705796,2016-12-28 02:00:00,0.0,0.0,0.0,0.0,0.0
267.30933,0.9763095,0.0,0.0,0.9763095,2016-12-28 03:00:00,0.0,0.0,0.0,0.0,0.0
266.91968,0.9762568,0.0,0.33137703,0.9736212,2016-12-28 04:00:00,0.0,0.0,0.0,0.0,0.0
266.9629,0.9282901,0.0,0.51673657,0.90186965,2016-12-28 05:00:00,0.0,0.0,0.0,0.0,0.0
266.1814,0.96766615,0.0,0.9309053,0.92611945,2016-12-28 06:00:00,0.0,0.0,0.0,0.0,0.0
266.80396,1.0,0.0,1.0,0.45131868,2016-12-28 07:00:00,0.0,0.0,0.0,0.0,0.0
267.06274,0.79544896,0.0,0.73179954,0.20619142,2016-12-28 08:00:00,0.0,0.0,0.0,0.0,0.0
268.14795,0.068754435,0.0,0.0016249504,0.068754435,2016-12-28 09:00:00,0.0,0.0,0.0,0.0,0.0
268.70435,0.26854908,0.0,0.15484226,0.18716997,2016-12-28 10:00:00,0.0,0.0,0.0,0.0,0.0
268.87256,0.571372,0.015731204,0.4372971,0.3265921,2016-12-28 11:00:00,5.0,0.0,0.0,0.0,0.0
269.04736,0.87086165,0.057032876,0.7258535,0.49574906,2016-12-28 12:00:00,5.0,2.6726156e-07,2.6726156e-07,2.6726156e-07,0.0
269.1953,0.8438164,0.05376489,0.77471817,0.12817657,2016-12-28 13:00:00,5.0,1.258104e-06,1.4679217e-06,1.4487741e-06,0.0
269.40796,0.87921035,0.048768993,0.8710149,0.010316208,2016-12-28 14:00:00,0.0,0.0,0.0,0.0,0.0
271.13696,0.9121474,0.0067320913,0.9121474,0.0,2016-12-28 15:00:00,0.0,0.0,0.0,0.0,0.0
272.03198,0.0023709626,0.0,0.0023709626,0.0,2016-12-28 16:00:00,0.0,0.0,0.0,0.0,0.0
272.98633,0.15379852,0.0,0.14905661,0.0071128868,2016-12-28 17:00:00,0.0,0.0,0.0,0.0,0.0
273.7854,0.07586849,0.0,0.07586849,0.0,2016-12-28 18:00:00,0.0,0.0,0.0,0.0,0.0
274.23218,0.214971,0.08268094,0.20735663,0.0,2016-12-28 19:00:00,6.0,1.7535249e-06,3.5282142e-07,1.4292236e-06,3.813414e-07
274.7622,0.07751626,0.054934442,0.06809461,0.0,2016-12-28 20:00:00,0.0,1.9816844e-06,1.4960387e-06,4.954212e-07,1.3721838e-06
274.92358,0.011203606,0.011203606,0.0,0.0,2016-12-28 21:00:00,0.0,0.0,1.2385527e-07,0.0,0.0
274.54004,0.15903085,0.14924693,0.021175668,0.0,2016-12-28 22:00:00,6.0,0.0,0.0,0.0,0.0
274.11768,0.78523576,0.71835023,0.3676471,0.0,2016-12-28 23:00:00,6.0,9.158646e-07,1.3020117e-06,0.0,9.158646e-07
273.99463,0.9771083,0.9771083,0.07055056,0.0,2016-12-29 00:00:00,6.0,7.70373e-06,7.513383e-06,0.0,7.5896505e-06
273.92114,0.625068,0.592242,0.11371082,0.0,2016-12-29 01:00:00,5.0,3.317342e-06,3.5652129e-06,0.0,3.5269177e-06
273.64673,0.41243458,0.08851832,0.36797857,0.017908663,2016-12-29 02:00:00,0.0,8.004925e-07,1.0864978e-06,0.0,1.1818338e-06
273.06055,0.7871585,0.0067320913,0.78380466,0.19226211,2016-12-29 03:00:00,0.0,0.0,0.0,0.0,0.0
272.6089,0.3373474,0.0,0.3339935,0.013471484,2016-12-29 04:00:00,0.0,0.0,0.0,0.0,0.0
272.08447,0.014635228,0.0,0.014635228,0.0,2016-12-29 05:00:00,0.0,0.0,0.0,0.0,0.0
271.62988,0.028034672,0.0,0.028034672,0.004207764,2016-12-29 06:00:00,0.0,0.0,0.0,0.0,0.0
271.30273,0.24738646,0.0,0.24738646,0.008910421,2016-12-29 07:00:00,0.0,0.0,0.0,0.0,0.0
270.86255,0.028494693,0.0,0.028494693,0.0,2016-12-29 08:00:00,0.0,0.0,0.0,0.0,0.0
270.1477,0.015360802,0.013735853,0.0016249504,0.0016249504,2016-12-29 09:00:00,0.0,0.0,0.0,0.0,0.0
271.01294,0.33645892,0.048138876,0.30632472,0.0067320913,2016-12-29 10:00:00,5.0,0.0,0.0,0.0,0.0
271.13232,0.819796,0.7628617,0.21533906,0.0,2016-12-29 11:00:00,5.0,4.7683716e-07,4.8148314e-07,0.0,4.7683716e-07
271.42358,1.0,1.0,0.30810106,0.0,2016-12-29 12:00:00,5.0,2.536075e-06,2.6982252e-06,0.0,2.9174162e-06
271.66968,0.9820536,0.98042864,0.22126484,0.0,2016-12-29 13:00:00,5.0,4.7484946e-06,5.0489225e-06,0.0,4.7484946e-06
271.72656,0.97425693,0.97189325,0.24614453,0.0,2016-12-29 14:00:00,5.0,1.4115406e-05,1.4315529e-05,4.7747868e-08,1.4115406e-05
272.24878,0.98647845,0.98647845,0.045178797,0.0,2016-12-29 15:00:00,5.0,1.8424864e-05,1.8348597e-05,2.0028352e-07,1.800571e-05
272.7107,0.5215939,0.5215939,0.0,0.0,2016-12-29 16:00:00,5.0,2.9649818e-05,2.9768868e-05,1.4115458e-05,1.5753554e-05
272.81445,0.6557807,0.6557807,0.0,0.0,2016-12-29 17:00:00,5.0,4.3320222e-05,4.3792257e-05,3.0800715e-05,1.3196315e-05
273.10864,0.85534453,0.85534453,0.024012662,0.0,2016-12-29 18:00:00,5.0,1.4551189e-05,1.4338887e-05,3.5291578e-06,1.0792904e-05
272.73682,0.7722655,0.77064055,0.0,0.03333883,2016-12-29 19:00:00,5.0,1.8253748e-05,1.8222432e-05,2.6508005e-06,1.5392725e-05
272.64185,0.89782417,0.8020297,0.1509667,0.30653977,2016-12-29 20:00:00,5.0,3.0673313e-05,3.076633e-05,8.362908e-06,2.2301116e-05
272.667,0.8767529,0.82464063,0.20600528,0.24758285,2016-12-29 21:00:00,5.0,2.4302019e-05,2.431155e-05,1.6586664e-06,2.2490814e-05
272.08618,0.9558388,0.9495884,0.08354223,0.15857792,2016-12-29 22:00:00,5.0,7.630677e-06,7.644776e-06,0.0,7.630677e-06
271.719,0.99420315,0.9899426,0.21175492,0.0,2016-12-29 23:00:00,5.0,3.96852e-06,4.0731475e-06,0.0,3.96852e-06
271.46362,0.9545421,0.9545421,0.056351665,0.0,2016-12-30 00:00:00,5.0,7.976143e-06,7.937847e-06,5.060009e-07,7.5178896e-06
271.36694,0.9827695,0.9827695,0.010305431,0.0,2016-12-30 01:00:00,5.0,9.2163045e-06,9.006406e-06,7.2551467e-07,8.223528e-06
271.0442,0.75756973,0.75756973,0.0,0.0,2016-12-30 02:00:00,5.0,8.0139525e-06,7.775534e-06,7.2551467e-07,7.2884377e-06
270.05005,0.42064953,0.42064953,0.0,0.0,2016-12-30 03:00:00,5.0,7.3275305e-06,7.3850542e-06,1.6996973e-06,5.8950945e-06
269.92822,0.5121579,0.5121579,0.0,0.0,2016-12-30 04:00:00,5.0,4.9978134e-06,5.1075704e-06,4.7747868e-08,4.9023183e-06
269.3833,0.580799,0.580799,0.0,0.0,2016-12-30 05:00:00,5.0,4.329985e-06,4.2870433e-06,0.0,4.329985e-06
268.8816,0.8318753,0.8318753,0.0,0.0,2016-12-30 06:00:00,5.0,3.0135534e-06,3.0233286e-06,0.0,3.0135534e-06
268.6765,0.8058843,0.8058843,0.0,0.0,2016-12-30 07:00:00,5.0,5.7233285e-07,8.5369294e-07,0.0,5.7233285e-07
268.43506,0.6271348,0.6271348,0.0,0.0,2016-12-30 08:00:00,5.0,1.0491694e-06,1.1015636e-06,0.0,1.0491694e-06
267.92017,0.64388776,0.64388776,0.0,0.0,2016-12-30 09:00:00,5.0,5.7233285e-07,6.054988e-07,0.0,5.7233285e-07
266.54248,0.98927194,0.449049,0.2083835,0.9835228,2016-12-30 10:00:00,5.0,9.549569e-08,3.5762787e-07,0.0,4.7683716e-07
266.59595,1.0,0.4111749,0.9851648,1.0,2016-12-30 11:00:00,5.0,4.7683716e-07,4.0537572e-07,0.0,4.7683716e-07
266.7246,1.0,0.32766455,1.0,0.50077015,2016-12-30 12:00:00,5.0,9.549569e-08,1.9083109e-07,0.0,9.549569e-08
266.59595,0.54926854,0.19676208,0.44929016,0.0,2016-12-30 13:00:00,5.0,9.549569e-08,1.0014173e-07,0.0,9.549569e-08
266.90454,0.98294675,0.063946724,0.90179116,0.9445659,2016-12-30 14:00:00,5.0,0.0,0.0,0.0,0.0
267.7444,0.9949467,0.051482562,0.9685366,0.93999904,2016-12-30 15:00:00,5.0,0.0,0.0,0.0,0.0
268.16162,0.99736434,0.007905882,0.97827476,0.91373247,2016-12-30 16:00:00,5.0,0.0,0.0,0.0,0.0
268.68628,1.0,0.0,0.9872687,0.9816332,2016-12-30 17:00:00,5.0,0.0,1.9067068e-07,0.0,0.0
269.313,0.98999023,0.0033782488,0.9118454,0.95784086,2016-12-30 18:00:00,5.0,3.813414e-07,3.7156587e-07,0.0,3.813414e-07
269.37573,0.9944678,0.0,0.95915985,0.9550126,2016-12-30 19:00:00,5.0,3.813414e-07,3.4304594e-07,0.0,3.813414e-07
269.85522,1.0,0.0033782488,0.9529748,1.0,2016-12-30 20:00:00,0.0,1.14079796e-07,1.2385527e-07,0.0,1.14079796e-07
270.4297,1.0,0.0,0.9055373,1.0,2016-12-30 21:00:00,0.0,0.0,0.0,0.0,0.0
270.75366,1.0,0.0,0.974183,0.96658707,2016-12-30 22:00:00,5.0,0.0,0.0,0.0,0.0
271.23608,1.0,0.0,0.95177394,0.98999023,2016-12-30 23:00:00,5.0,2.4803321e-06,2.3279563e-06,1.6035692e-06,8.767626e-07
271.21094,1.0,0.0,0.99841094,0.98498636,2016-12-31 00:00:00,5.0,5.262509e-06,5.2863834e-06,8.1620396e-07,4.5369943e-06
271.27173,1.0,0.01483516,0.9973536,0.9868516,2016-12-31 01:00:00,5.0,8.82852e-06,8.823874e-06,3.7390637e-06,5.032416e-06
271.41553,1.0,0.0,1.0,0.97105855,2016-12-31 02:00:00,5.0,7.5896596e-06,7.4513828e-06,1.2026767e-06,6.253352e-06
271.81934,1.0,0.0,1.0,0.97447604,2016-12-31 03:00:00,5.0,2.2140855e-05,2.1883374e-05,0.0,2.2140855e-05
271.97778,1.0,0.0,0.99657166,0.9125856,2016-12-31 04:00:00,5.0,2.64907e-05,2.6650378e-05,0.0,2.64907e-05
271.9812,0.99174684,0.049211904,0.9768729,0.9039476,2016-12-31 05:00:00,0.0,6.4469004e-06,6.4851956e-06,0.0,6.4469004e-06
271.69336,0.94216985,0.30327016,0.26180702,0.87498266,2016-12-31 06:00:00,5.0,4.774787e-07,5.560695e-07,0.0,4.774787e-07
271.97144,0.9842654,0.789036,0.18163055,0.8696135,2016-12-31 07:00:00,5.0,7.440987e-07,7.963311e-07,0.0,9.536743e-07
271.88574,0.98762685,0.92887837,0.0301476,0.51239306,2016-12-31 08:00:00,5.0,5.4541424e-06,5.7286143e-06,0.0,5.721404e-06
271.60962,0.9447914,0.93978816,0.005534917,0.28611326,2016-12-31 09:00:00,5.0,2.3038796e-05,2.3157918e-05,2.74598e-06,2.048348e-05
270.26685,0.75189936,0.732238,0.27078158,0.046478294,2016-12-31 10:00:00,5.0,7.5918986e-05,7.591666e-05,3.0709503e-05,4.5314257e-05
269.90454,0.81304497,0.8073202,0.21098536,0.0026463778,2016-12-31 11:00:00,5.0,8.288435e-05,8.275072e-05,3.2609125e-05,5.019862e-05
269.27344,0.8601562,0.8601562,0.0,0.0,2016-12-31 12:00:00,5.0,3.8128986e-05,3.818603e-05,7.715245e-06,3.0652154e-05
268.70703,0.9751838,0.9751838,0.0,0.0,2016-12-31 13:00:00,5.0,1.2226632e-05,1.2250506e-05,4.7747868e-08,1.2226632e-05
267.98584,0.9904574,0.9904574,0.0,0.0,2016-12-31 14:00:00,5.0,3.8159797e-06,3.700773e-06,0.0,3.8159797e-06
267.1172,0.9892476,0.9892476,0.0,0.0,2016-12-31 15:00:00,5.0,1.9073486e-06,1.7834927e-06,0.0,1.9073486e-06
267.1621,0.98281866,0.98281866,0.0,0.0,2016-12-31 16:00:00,5.0,1.372825e-06,1.549397e-06,0.0,1.372825e-06
267.65503,1.0,1.0,0.0,0.0,2016-12-31 17:00:00,5.0,8.5817857e-07,8.1523706e-07,0.0,8.5817857e-07
268.0537,1.0,1.0,0.0,0.0,2016-12-31 18:00:00,5.0,0.0,2.669385e-07,0.0,0.0
268.32178,0.8735118,0.8735118,0.0,0.0,2016-12-31 19:00:00,5.0,0.0,0.0,0.0,0.0
268.54565,0.20484763,0.20484763,0.0,0.0,2016-12-31 20:00:00,0.0,0.0,0.0,0.0,0.0
269.0227,0.0,0.0,0.0,0.0,2016-12-31 21:00:00,0.0,0.0,0.0,0.0,0.0
268.0769,0.0,0.0,0.0,0.0,2016-12-31 22:00:00,0.0,0.0,0.0,0.0,0.0
267.83057,0.016283713,0.0,0.0,0.016283713,2016-12-31 23:00:00,0.0,0.0,0.0,0.0,0.0
