t2m,tcc,lcc,mcc,hcc,valid_time,ptype,tp,sf,cp,lsp
261.3523,0.0,0.0,0.0,0.0,2015-01-01 00:00:00,0.0,0.0,0.0,0.0,0.0
261.26904,0.0,0.0,0.0,0.0,2015-01-01 01:00:00,0.0,0.0,0.0,0.0,0.0
261.28076,0.0,0.0,0.0,0.0,2015-01-01 02:00:00,0.0,0.0,0.0,0.0,0.0
261.57007,0.21766847,0.0,0.0,0.21766847,2015-01-01 03:00:00,0.0,0.0,0.0,0.0,0.0
261.4568,0.8535498,0.0,0.0,0.8535498,2015-01-01 04:00:00,0.0,0.0,0.0,0.0,0.0
261.90234,0.9082864,0.0,0.103143215,0.9082864,2015-01-01 05:00:00,0.0,0.0,0.0,0.0,0.0
262.1494,0.88609964,0.0,0.33115256,0.88112086,2015-01-01 06:00:00,0.0,0.0,0.0,0.0,0.0
262.2356,0.85003656,0.0,0.5114432,0.85003656,2015-01-01 07:00:00,0.0,0.0,0.0,0.0,0.0
262.70435,0.8791172,0.0,0.59073085,0.82590634,2015-01-01 08:00:00,0.0,0.0,0.0,0.0,0.0
263.2893,0.80332994,0.0,0.66998196,0.7313023,2015-01-01 09:00:00,5.0,0.0,1.42599745e-08,0.0,0.0
264.4182,0.46148062,0.0,0.363245,0.33826172,2015-01-01 10:00:00,5.0,2.0207863e-06,2.149368e-06,0.0,2.0207863e-06
264.49292,0.7157817,0.107619226,0.7018805,0.0873943,2015-01-01 11:00:00,5.0,1.2716279e-05,1.2773399e-05,0.0,1.2716279e-05
264.56323,0.9651721,0.21393114,0.9651721,0.0100932345,2015-01-01 12:00:00,5.0,4.3128064e-05,4.305411e-05,0.0,4.2956293e-05
265.062,0.9920106,0.025602892,0.9920106,0.0,2015-01-01 13:00:00,5.0,6.911821e-05,6.913752e-05,0.0,6.911821e-05
265.3423,0.94517195,0.011579797,0.94517195,0.0,2015-01-01 14:00:00,5.0,6.917845e-05,6.887835e-05,0.0,6.879712e-05
267.43774,0.9432223,0.00998199,0.9432223,0.0,2015-01-01 15:00:00,5.0,5.5336088e-05,5.536493e-05,0.0,5.560335e-05
268.3164,0.57226646,0.12969327,0.5299358,0.0,2015-01-01 16:00:00,5.0,2.1584521e-05,2.1589323e-05,0.0,2.168001e-05
269.74194,0.60154605,0.49651456,0.36958987,0.0,2015-01-01 17:00:00,5.0,3.126992e-06,3.0840501e-06,0.0,3.126992e-06
270.69897,0.84186864,0.83265764,0.14670026,0.0,2015-01-01 18:00:00,5.0,9.536743e-07,7.557126e-07,0.0,9.536743e-07
271.34668,0.8222121,0.8222121,0.0,0.0,2015-01-01 19:00:00,5.0,2.6700309e-06,2.357183e-06,0.0,2.4213532e-06
271.52612,0.9904657,0.98887664,0.0,0.012186784,2015-01-01 20:00:00,5.0,7.626828e-07,9.1281527e-07,0.0,8.767626e-07
271.82397,0.97400403,0.97400403,0.0,0.0,2015-01-01 21:00:00,5.0,1.1818338e-06,8.2452914e-07,0.0,9.72258e-07
271.44775,0.97235525,0.97235525,0.0,0.0,2015-01-01 22:00:00,5.0,1.658671e-06,2.0162988e-06,0.0,2.135508e-06
271.21997,0.874458,0.874458,0.0,0.0,2015-01-01 23:00:00,5.0,1.2587452e-06,1.2848623e-06,0.0,1.2587452e-06
271.0027,0.8245053,0.8245053,0.015096433,0.0,2015-01-02 00:00:00,5.0,1.9099144e-07,3.052328e-07,0.0,1.9099144e-07
270.00366,0.41694802,0.41694802,0.0,0.0,2015-01-02 01:00:00,5.0,0.0,1.0014173e-07,0.0,9.549569e-08
268.81714,0.21850902,0.15746242,0.0,0.07106191,2015-01-02 02:00:00,0.0,9.549569e-08,2.3873934e-08,0.0,0.0
266.1521,0.032766316,0.016903486,0.0,0.017983597,2015-01-02 03:00:00,0.0,0.0,1.1936965e-08,0.0,0.0
265.15356,0.00608078,0.0055490583,0.0,0.00053172023,2015-01-02 04:00:00,0.0,0.0,0.0,0.0,0.0
262.12402,0.0,0.0,0.0,0.0,2015-01-02 05:00:00,0.0,0.0,0.0,0.0,0.0
264.54858,0.0,0.0,0.0,0.0,2015-01-02 06:00:00,0.0,0.0,0.0,0.0,0.0
263.3125,0.0,0.0,0.0,0.0,2015-01-02 07:00:00,0.0,0.0,0.0,0.0,0.0
262.43042,0.0,0.0,0.0,0.0,2015-01-02 08:00:00,0.0,0.0,0.0,0.0,0.0
260.11108,0.0,0.0,0.0,0.0,2015-01-02 09:00:00,0.0,0.0,0.0,0.0,0.0
259.83838,0.0,0.0,0.0,0.0,2015-01-02 10:00:00,0.0,0.0,0.0,0.0,0.0
259.68945,0.014085814,0.009099722,0.0,0.005003199,2015-01-02 11:00:00,0.0,0.0,0.0,0.0,0.0
259.26465,0.19024128,0.18523812,0.0,0.005003199,2015-01-02 12:00:00,5.0,0.0,0.0,0.0,0.0
259.23828,0.20139986,0.19314677,0.0,0.016394954,2015-01-02 13:00:00,5.0,0.0,0.0,0.0,0.0
256.9773,0.41236132,0.41236132,0.0,0.0,2015-01-02 14:00:00,0.0,0.0,0.0,0.0,0.0
260.5359,0.7550126,0.7550126,0.0,0.0,2015-01-02 15:00:00,0.0,0.0,0.0,0.0,0.0
262.97363,0.860116,0.860116,0.0,0.0,2015-01-02 16:00:00,0.0,0.0,0.0,0.0,0.0
264.85498,0.8046452,0.8046452,0.0,0.0,2015-01-02 17:00:00,0.0,0.0,0.0,0.0,0.0
266.0791,0.5986142,0.59361106,0.0010573287,0.005003199,2015-01-02 18:00:00,5.0,0.0,0.0,0.0,0.0
267.63037,0.3740933,0.3630135,0.0010573287,0.011102993,2015-01-02 19:00:00,0.0,0.0,0.0,0.0,0.0
268.5913,0.2380305,0.2380305,0.0,0.00998199,2015-01-02 20:00:00,0.0,0.0,0.0,0.0,0.0
269.62134,0.29252672,0.29252672,0.00053172023,0.0067320913,2015-01-02 21:00:00,0.0,0.0,0.0,0.0,0.0
269.864,0.19262022,0.19209456,0.00053172023,0.0,2015-01-02 22:00:00,0.0,0.0,0.0,0.0,0.0
269.5454,0.14192832,0.14139658,0.0010573287,0.00053172023,2015-01-02 23:00:00,0.0,0.0,0.0,0.0,0.0
268.97437,0.062127914,0.048435263,0.0,0.0136999525,2015-01-03 00:00:00,0.0,0.0,0.0,0.0,0.0
268.5354,0.026431676,0.008145396,0.0,0.018310688,2015-01-03 01:00:00,0.0,0.0,0.0,0.0,0.0
268.5796,0.16198123,0.10173941,0.018723402,0.074988306,2015-01-03 02:00:00,0.0,0.0,0.0,0.0,0.0
268.2185,0.4145534,0.19560724,0.10090333,0.28387368,2015-01-03 03:00:00,5.0,0.0,0.0,0.0,0.0
268.1277,0.7203695,0.15748334,0.14782989,0.6530445,2015-01-03 04:00:00,0.0,0.0,0.0,0.0,0.0
268.13965,0.83860046,0.114188135,0.33051056,0.7203122,2015-01-03 05:00:00,0.0,0.0,0.0,0.0,0.0
268.11548,0.78294677,0.04129923,0.4670844,0.69646555,2015-01-03 06:00:00,0.0,0.0,0.0,0.0,0.0
268.38354,0.8544136,0.024525058,0.559172,0.8216774,2015-01-03 07:00:00,0.0,0.0,0.0,0.0,0.0
268.4414,0.8089397,0.013256919,0.59540147,0.77702004,2015-01-03 08:00:00,0.0,0.0,0.0,0.0,0.0
268.3457,0.0016249504,0.0016249504,0.0,0.0,2015-01-03 09:00:00,0.0,0.0,0.0,0.0,0.0
267.38892,0.2036987,0.1936962,0.17914468,0.0,2015-01-03 10:00:00,0.0,0.0,0.0,0.0,0.0
267.44458,0.7091776,0.41813952,0.44343454,0.44964278,2015-01-03 11:00:00,0.0,0.0,0.0,0.0,0.0
267.8047,0.14746964,0.13526523,0.118287385,0.0033782488,2015-01-03 12:00:00,0.0,0.0,0.0,0.0,0.0
267.18408,0.018931683,0.0,0.0,0.018931683,2015-01-03 13:00:00,0.0,0.0,0.0,0.0,0.0
267.4746,0.5760044,0.0,0.0,0.5760044,2015-01-03 14:00:00,0.0,0.0,0.0,0.0,0.0
268.7544,0.832361,0.0,0.019988392,0.82746905,2015-01-03 15:00:00,0.0,0.0,0.0,0.0,0.0
269.68848,0.8852729,0.019577086,0.2235905,0.8256111,2015-01-03 16:00:00,0.0,0.0,0.0,0.0,0.0
270.54126,0.6671119,0.013471484,0.060117804,0.6470049,2015-01-03 17:00:00,0.0,0.0,0.0,0.0,0.0
270.94482,0.8576798,0.0,0.0,0.8576798,2015-01-03 18:00:00,0.0,0.0,0.0,0.0,0.0
271.55273,0.9827325,0.0,0.015814707,0.9827325,2015-01-03 19:00:00,0.0,0.0,0.0,0.0,0.0
271.67212,0.98078674,0.04204011,0.12571323,0.98078674,2015-01-03 20:00:00,5.0,0.0,0.0,0.0,0.0
271.77173,0.992347,0.13228834,0.49263376,0.98286897,2015-01-03 21:00:00,5.0,1.0690455e-06,1.1546053e-06,0.0,8.017848e-07
270.5298,0.98919415,0.6406485,0.87468064,0.9492634,2015-01-03 22:00:00,5.0,1.4482067e-05,1.4320077e-05,0.0,1.4310302e-05
270.45996,0.9955251,0.8542661,0.9289129,0.9415387,2015-01-03 23:00:00,5.0,6.57582e-05,6.589151e-05,0.0,6.57582e-05
270.0608,1.0,0.9739682,0.99576455,0.9420918,2015-01-04 00:00:00,5.0,0.00011472429,0.0001146336,0.0,0.00011472429
268.60352,1.0,0.9793274,1.0,0.9533491,2015-01-04 01:00:00,5.0,0.00012610601,0.00012614895,0.0,0.00012610601
265.98657,0.998375,0.5485148,0.99289286,0.96952564,2015-01-04 02:00:00,5.0,0.000109015484,0.00010904881,0.0,0.000109015484
262.75146,0.99675006,0.1542747,0.989643,0.9556784,2015-01-04 03:00:00,5.0,0.00011634489,0.00011620669,0.0,0.00011634489
262.01123,1.0,0.28952545,1.0,0.98378646,2015-01-04 04:00:00,5.0,0.00015347275,0.00015356799,0.0,0.00015347275
261.57837,1.0,0.5284658,1.0,1.0,2015-01-04 05:00:00,5.0,0.00018079217,0.00018079208,0.0,0.00018079217
260.78613,1.0,0.6027866,1.0,1.0,2015-01-04 06:00:00,5.0,0.00015852312,0.00015830144,0.0,0.00015823728
259.6516,1.0,0.69745207,0.99946827,1.0,2015-01-04 07:00:00,5.0,0.00017792155,0.00017798373,0.0,0.00017792155
259.07227,0.9978961,0.56961966,0.9826655,0.99214685,2015-01-04 08:00:00,5.0,4.9860828e-05,5.0018163e-05,0.0,4.9860828e-05
256.29663,1.0,0.27079153,0.9942508,1.0,2015-01-04 09:00:00,5.0,2.8769777e-05,2.8867522e-05,0.0,2.8769777e-05
254.9635,1.0,0.11715186,1.0,1.0,2015-01-04 10:00:00,5.0,3.3384335e-05,3.355113e-05,0.0,3.3384335e-05
254.77893,1.0,0.010555625,0.99289286,1.0,2015-01-04 11:00:00,5.0,3.4086785e-05,3.4129727e-05,0.0,3.4086785e-05
254.9526,0.99627113,0.007388301,0.9748803,0.9946291,2015-01-04 12:00:00,5.0,2.857174e-05,2.8519353e-05,0.0,2.857174e-05
254.75893,0.76489556,0.0015890491,0.5159033,0.7339116,2015-01-04 13:00:00,5.0,1.443776e-05,1.4370945e-05,0.0,1.443776e-05
254.21939,0.18848819,0.0010573287,0.12750977,0.10499632,2015-01-04 14:00:00,5.0,4.9587115e-06,4.882444e-06,0.0,4.8632164e-06
253.75964,0.7402427,0.0,0.7402427,0.18447977,2015-01-04 15:00:00,5.0,1.7355824e-06,1.5401056e-06,0.0,1.5260066e-06
253.84865,0.97780955,0.0,0.97780955,0.06825048,2015-01-04 16:00:00,5.0,9.536743e-07,9.895657e-07,0.0,1.2209357e-06
254.07213,0.96124285,0.0,0.96124285,0.0,2015-01-04 17:00:00,5.0,1.2209357e-06,1.3376603e-06,0.0,1.2209357e-06
254.39246,0.7061202,0.0,0.7061202,0.0,2015-01-04 18:00:00,5.0,2.6726156e-07,4.052955e-07,0.0,2.6726156e-07
254.81284,0.077065766,0.0010573287,0.07654017,0.0,2015-01-04 19:00:00,5.0,1.4305115e-06,1.327965e-06,0.0,1.4305115e-06
255.26323,0.0015890491,0.0,0.0015890491,0.0,2015-01-04 20:00:00,0.0,9.549569e-08,1.5974638e-07,0.0,9.549569e-08
255.63405,0.13689375,0.13689375,0.0,0.0,2015-01-04 21:00:00,0.0,0.0,0.0,0.0,0.0
254.71678,0.5684662,0.5684662,0.0,0.0,2015-01-04 22:00:00,0.0,0.0,0.0,0.0,0.0
254.31403,0.5798409,0.5798409,0.0,0.0,2015-01-04 23:00:00,0.0,0.0,0.0,0.0,0.0
253.68105,0.06622636,0.06622636,0.0,0.0,2015-01-05 00:00:00,0.0,0.0,0.0,0.0,0.0
253.2129,0.00053172023,0.00053172023,0.0,0.0,2015-01-05 01:00:00,0.0,0.0,0.0,0.0,0.0
252.8975,0.0,0.0,0.0,0.0,2015-01-05 02:00:00,0.0,0.0,0.0,0.0,0.0
252.35269,0.0,0.0,0.0,0.0,2015-01-05 03:00:00,0.0,0.0,0.0,0.0,0.0
252.08208,0.0,0.0,0.0,0.0,2015-01-05 04:00:00,0.0,0.0,0.0,0.0,0.0
251.66536,0.0,0.0,0.0,0.0,2015-01-05 05:00:00,0.0,0.0,0.0,0.0,0.0
250.65019,0.0,0.0,0.0,0.0,2015-01-05 06:00:00,0.0,0.0,0.0,0.0,0.0
250.48367,0.0,0.0,0.0,0.0,2015-01-05 07:00:00,0.0,0.0,0.0,0.0,0.0
250.31413,0.0,0.0,0.0,0.0,2015-01-05 08:00:00,0.0,0.0,0.0,0.0,0.0
250.11935,0.0,0.0,0.0,0.0,2015-01-05 09:00:00,0.0,0.0,0.0,0.0,0.0
249.02684,0.0,0.0,0.0,0.0,2015-01-05 10:00:00,0.0,0.0,0.0,0.0,0.0
248.84412,0.0,0.0,0.0,0.0,2015-01-05 11:00:00,0.0,0.0,0.0,0.0,0.0
248.75107,0.0,0.0,0.0,0.0,2015-01-05 12:00:00,0.0,0.0,0.0,0.0,0.0
248.34682,0.0,0.0,0.0,0.0,2015-01-05 13:00:00,0.0,0.0,0.0,0.0,0.0
247.815,0.0,0.0,0.0,0.0,2015-01-05 14:00:00,0.0,0.0,0.0,0.0,0.0
250.1283,0.51082313,0.0,0.0,0.51082313,2015-01-05 15:00:00,0.0,0.0,0.0,0.0,0.0
251.3021,1.0,0.0,0.013271585,1.0,2015-01-05 16:00:00,0.0,0.0,0.0,0.0,0.0
252.20914,1.0,0.0,0.3726855,1.0,2015-01-05 17:00:00,0.0,0.0,0.0,0.0,0.0
252.78046,1.0,0.0,0.7842792,1.0,2015-01-05 18:00:00,0.0,0.0,0.0,0.0,0.0
253.36174,1.0,0.0,0.9966217,1.0,2015-01-05 19:00:00,5.0,0.0,4.1274802e-07,0.0,3.627573e-07
253.79349,1.0,0.0,1.0,1.0,2015-01-05 20:00:00,5.0,3.3583774e-06,3.4392115e-06,0.0,3.3583774e-06
254.6226,1.0,0.0,1.0,1.0,2015-01-05 21:00:00,5.0,1.3355308e-05,1.3522104e-05,0.0,1.3641154e-05
254.78386,1.0,0.16650903,1.0,1.0,2015-01-05 22:00:00,5.0,4.1648324e-05,4.1615072e-05,0.0,4.1648324e-05
254.8877,1.0,0.06721759,1.0,1.0,2015-01-05 23:00:00,5.0,0.00012156478,0.00012136466,0.0,0.00012145071
254.86388,1.0,0.15289885,1.0,1.0,2015-01-06 00:00:00,5.0,0.00025733514,0.00025726832,0.0,0.00025733514
255.07816,1.0,0.040062875,1.0,1.0,2015-01-06 01:00:00,5.0,0.0004121079,0.00041205063,0.0,0.0004121079
254.98488,1.0,0.088062644,1.0,0.9783454,2015-01-06 02:00:00,5.0,0.00044701505,0.00044709584,0.0,0.00044701505
254.3746,1.0,0.15581906,1.0,0.11313665,2015-01-06 03:00:00,5.0,0.00029150816,0.0002914511,0.0,0.00029150816
254.32895,0.8920635,0.19006139,0.8846945,0.0,2015-01-06 04:00:00,5.0,9.135716e-05,9.14432e-05,0.0,9.135716e-05
254.16583,0.24679852,0.119709015,0.21888626,0.0,2015-01-06 05:00:00,5.0,2.5157628e-05,2.5071582e-05,0.0,2.5157628e-05
251.00339,0.08832508,0.08832508,0.0,0.0,2015-01-06 06:00:00,5.0,1.585226e-05,1.6066813e-05,0.0,1.585226e-05
252.70628,0.04932788,0.04932788,0.0,0.0,2015-01-06 07:00:00,0.0,5.537488e-07,5.249058e-07,0.0,5.537488e-07
252.82184,0.026153814,0.026153814,0.0,0.0,2015-01-06 08:00:00,0.0,9.549569e-08,9.549569e-08,0.0,9.549569e-08
252.48561,0.0037098185,0.0037098185,0.0,0.0,2015-01-06 09:00:00,0.0,0.0,0.0,0.0,0.0
252.81897,0.0,0.0,0.0,0.0,2015-01-06 10:00:00,0.0,0.0,0.0,0.0,0.0
252.83296,0.004207764,0.0,0.0,0.004207764,2015-01-06 11:00:00,0.0,0.0,0.0,0.0,0.0
252.8183,0.021567285,0.0,0.0,0.021567285,2015-01-06 12:00:00,0.0,0.0,0.0,0.0,0.0
252.90335,0.2837597,0.0,0.0,0.2837597,2015-01-06 13:00:00,0.0,0.0,0.0,0.0,0.0
253.25537,0.92532647,0.0,0.0,0.92532647,2015-01-06 14:00:00,0.0,0.0,0.0,0.0,0.0
255.15875,0.96630824,0.0,0.0,0.96630824,2015-01-06 15:00:00,0.0,0.0,0.0,0.0,0.0
256.50977,0.88800955,0.0,0.0,0.88800955,2015-01-06 16:00:00,0.0,0.0,0.0,0.0,0.0
257.51416,0.976428,0.0,0.0,0.976428,2015-01-06 17:00:00,0.0,0.0,0.0,0.0,0.0
258.2605,1.0,0.0,0.005003199,1.0,2015-01-06 18:00:00,0.0,0.0,0.0,0.0,0.0
259.30884,0.9978792,0.0,0.12246394,0.9978792,2015-01-06 19:00:00,0.0,0.0,0.0,0.0,0.0
259.7788,0.9859968,0.015096433,0.827872,0.97589624,2015-01-06 20:00:00,5.0,0.0,0.0,0.0,0.0
260.1211,0.99315417,0.36419052,0.9550477,0.90266955,2015-01-06 21:00:00,5.0,9.536743e-07,1.2158062e-06,0.0,1.3350154e-06
259.60205,0.9609687,0.28910106,0.90119165,0.6816112,2015-01-06 22:00:00,5.0,3.0705978e-06,3.21865e-06,0.0,3.2237795e-06
259.1748,0.8558324,0.60476995,0.7217892,0.12579215,2015-01-06 23:00:00,5.0,3.2430053e-06,3.7004547e-06,0.0,3.5288513e-06
258.82153,0.602514,0.57322305,0.10766423,0.035091493,2015-01-07 00:00:00,5.0,2.0406533e-06,2.0073276e-06,0.0,2.0406533e-06
258.39868,0.89656997,0.89656997,0.0,0.0,2015-01-07 01:00:00,5.0,1.372825e-06,1.4396401e-06,0.0,1.372825e-06
257.83472,0.88121486,0.88121486,0.0,0.0,2015-01-07 02:00:00,5.0,2.9360008e-06,2.8743143e-06,0.0,2.8219201e-06
256.31543,0.9978792,0.9978792,0.0,0.0,2015-01-07 03:00:00,5.0,3.6993251e-06,3.5418198e-06,0.0,3.6993251e-06
256.07007,0.99946827,0.99946827,0.0,0.0,2015-01-07 04:00:00,5.0,3.1462178e-06,3.2082262e-06,0.0,3.1462178e-06
255.35751,0.6145022,0.6145022,0.0,0.0,2015-01-07 05:00:00,5.0,2.6315702e-06,2.593275e-06,0.0,2.6315702e-06
254.44727,0.6507484,0.6507484,0.0,0.0,2015-01-07 06:00:00,5.0,1.468321e-06,1.401505e-06,0.0,1.468321e-06
254.17912,0.6192693,0.6192693,0.0,0.0,2015-01-07 07:00:00,5.0,6.864127e-07,4.7186808e-07,0.0,6.864127e-07
253.55441,0.59353465,0.59353465,0.0,0.0,2015-01-07 08:00:00,5.0,2.0957555e-07,3.0026484e-07,0.0,2.0957555e-07
252.14679,0.68902785,0.68902785,0.0,0.0,2015-01-07 09:00:00,5.0,2.2815959e-07,2.52517e-07,0.0,2.0957555e-07
251.35004,0.13789338,0.13789338,0.0,0.0,2015-01-07 10:00:00,5.0,4.191511e-07,4.955816e-07,0.0,5.9091695e-07
251.28484,0.2367177,0.2367177,0.0,0.0,2015-01-07 11:00:00,5.0,4.191511e-07,4.1466774e-07,0.0,5.9091695e-07
251.28435,0.6918392,0.6918392,0.0,0.0,2015-01-07 12:00:00,5.0,2.2815959e-07,3.193324e-07,0.0,2.0957555e-07
251.05228,0.62297916,0.62297916,0.0,0.0,2015-01-07 13:00:00,5.0,0.0,2.2399706e-07,0.0,2.0957555e-07
250.89268,0.6002008,0.6002008,0.0,0.0,2015-01-07 14:00:00,5.0,0.0,1.4772922e-07,0.0,0.0
251.70213,0.09730065,0.09730065,0.0,0.0,2015-01-07 15:00:00,0.0,0.0,7.386461e-08,0.0,0.0
252.07948,0.7130706,0.7130706,0.0,0.0,2015-01-07 16:00:00,5.0,0.0,5.9604645e-08,0.0,0.0
252.92967,0.9788243,0.9788243,0.0,0.0,2015-01-07 17:00:00,5.0,0.0,0.0,0.0,0.0
253.40485,0.3828876,0.3828876,0.0,0.0,2015-01-07 18:00:00,0.0,0.0,0.0,0.0,0.0
254.38713,0.10448265,0.10448265,0.0,0.0,2015-01-07 19:00:00,0.0,0.0,0.0,0.0,0.0
254.953,0.0,0.0,0.0,0.0,2015-01-07 20:00:00,0.0,0.0,0.0,0.0,0.0
255.63551,0.0,0.0,0.0,0.0,2015-01-07 21:00:00,0.0,0.0,0.0,0.0,0.0
255.09676,0.0,0.0,0.0,0.0,2015-01-07 22:00:00,0.0,0.0,0.0,0.0,0.0
254.57079,0.0,0.0,0.0,0.0,2015-01-07 23:00:00,0.0,0.0,0.0,0.0,0.0
254.21437,0.0100932345,0.0,0.0,0.0100932345,2015-01-08 00:00:00,0.0,0.0,0.0,0.0,0.0
253.83069,0.018931683,0.0,0.0,0.018931683,2015-01-08 01:00:00,0.0,0.0,0.0,0.0,0.0
253.5842,0.0,0.0,0.0,0.0,2015-01-08 02:00:00,0.0,0.0,0.0,0.0,0.0
253.14359,0.24095446,0.0,0.0,0.24095446,2015-01-08 03:00:00,0.0,0.0,0.0,0.0,0.0
252.77286,0.94739074,0.0,0.0,0.94739074,2015-01-08 04:00:00,0.0,0.0,0.0,0.0,0.0
252.35722,0.98509765,0.0,0.0033782488,0.98509765,2015-01-08 05:00:00,0.0,0.0,0.0,0.0,0.0
252.02498,1.0,0.0,0.21232802,1.0,2015-01-08 06:00:00,0.0,0.0,0.0,0.0,0.0
252.16454,1.0,0.0,0.8882987,1.0,2015-01-08 07:00:00,0.0,0.0,0.0,0.0,0.0
252.23976,1.0,0.0,0.9347647,1.0,2015-01-08 08:00:00,0.0,0.0,0.0,0.0,0.0
252.73073,1.0,0.0,0.99657166,1.0,2015-01-08 09:00:00,5.0,0.0,0.0,0.0,0.0
255.02608,1.0,0.0,1.0,0.9873607,2015-01-08 10:00:00,5.0,2.6726156e-07,4.649815e-07,0.0,6.4860296e-07
255.2191,1.0,0.0,1.0,0.9781656,2015-01-08 11:00:00,5.0,7.285871e-06,7.300293e-06,0.0,7.285871e-06
255.8469,0.98999023,0.0,0.98999023,0.97625434,2015-01-08 12:00:00,5.0,2.742454e-05,2.744625e-05,4.7747868e-08,2.732905e-05
256.66528,0.998375,0.0048919544,0.989643,0.95299137,2015-01-08 13:00:00,5.0,0.00014974554,0.00014980756,0.0,0.00014974554
257.60327,0.99025726,0.0571658,0.93288904,0.8838481,2015-01-08 14:00:00,5.0,0.00031813653,0.00031822198,0.0,0.00031813653
259.2124,0.99946827,0.0697062,0.9237111,0.99393606,2015-01-08 15:00:00,5.0,0.00015531019,0.00015521717,0.0,0.00015531019
259.9856,1.0,0.12376982,0.97288364,0.99289286,2015-01-08 16:00:00,5.0,6.306036e-05,6.326064e-05,0.0,6.306036e-05
261.15283,1.0,0.9596429,0.99946827,0.96337306,2015-01-08 17:00:00,5.0,0.0001877745,0.00018780766,0.0,0.0001877745
261.84082,1.0,0.96252304,0.99289286,0.8846859,2015-01-08 18:00:00,5.0,0.000450989,0.00045097922,0.0,0.000450989
262.8313,1.0,0.998375,0.97580045,0.95001215,2015-01-08 19:00:00,5.0,0.00054953457,0.0005497583,0.0,0.00054991595
263.02808,1.0,0.96886545,0.9775321,0.9251278,2015-01-08 20:00:00,5.0,0.0003546176,0.00035454123,0.0,0.0003546176
262.7124,0.976488,0.9538968,0.769764,0.3156904,2015-01-08 21:00:00,5.0,9.6476695e-05,9.631197e-05,0.0,9.6476695e-05
261.64258,0.84246016,0.80712324,0.39492422,0.0,2015-01-08 22:00:00,5.0,2.4960827e-05,2.4712877e-05,0.0,2.448399e-05
261.00732,0.80871266,0.8070877,0.019905508,0.0,2015-01-08 23:00:00,5.0,9.097064e-06,8.941883e-06,0.0,9.097064e-06
260.6526,0.70969844,0.70969844,0.0,0.0,2015-01-09 00:00:00,5.0,1.5638161e-06,1.4589477e-06,0.0,1.5638161e-06
260.56567,0.87870497,0.87870497,0.0,0.0,2015-01-09 01:00:00,5.0,2.4982655e-06,2.288447e-06,0.0,2.4982655e-06
260.0974,0.98219496,0.98219496,0.0,0.0,2015-01-09 02:00:00,5.0,7.151265e-06,7.0891756e-06,0.0,7.151265e-06
258.4458,0.9608706,0.9608706,0.0,0.0,2015-01-09 03:00:00,5.0,6.0828597e-06,6.2209756e-06,0.0,6.0828597e-06
257.77808,0.99393606,0.99393606,0.0,0.0,2015-01-09 04:00:00,5.0,2.6693806e-06,2.6145817e-06,0.0,2.6693806e-06
257.0691,0.62650204,0.62650204,0.0,0.0,2015-01-09 05:00:00,0.0,8.774042e-07,8.079439e-07,0.0,8.774042e-07
255.91266,0.6031539,0.6031539,0.0,0.0,2015-01-09 06:00:00,5.0,6.864127e-07,4.98065e-07,0.0,6.864127e-07
255.63414,0.99604,0.99604,0.0,0.0,2015-01-09 07:00:00,5.0,6.864127e-07,6.6021573e-07,0.0,6.864127e-07
255.36047,1.0,1.0,0.0,0.0,2015-01-09 08:00:00,5.0,1.7355824e-06,1.9143163e-06,0.0,1.7355824e-06
254.14038,0.99946827,0.99946827,0.0,0.0,2015-01-09 09:00:00,5.0,2.575177e-06,2.5010704e-06,0.0,2.575177e-06
254.492,0.9989426,0.9989426,0.0,0.0,2015-01-09 10:00:00,5.0,2.6892567e-06,2.7896413e-06,0.0,2.6892567e-06
254.4446,1.0,1.0,0.0,0.0,2015-01-09 11:00:00,5.0,3.1660938e-06,3.0971169e-06,0.0,3.1660938e-06
254.3616,0.9989426,0.9978792,0.28516024,0.0670197,2015-01-09 12:00:00,5.0,2.3079156e-06,2.1553797e-06,0.0,2.3079156e-06
254.13414,1.0,1.0,0.34719574,0.01483516,2015-01-09 13:00:00,5.0,1.0491694e-06,1.1707825e-06,0.0,1.1446655e-06
253.82466,1.0,1.0,0.09989816,0.0,2015-01-09 14:00:00,5.0,1.2587452e-06,1.2325481e-06,0.0,1.2587452e-06
254.70662,0.15643102,0.020590626,0.13853246,0.0,2015-01-09 15:00:00,5.0,1.4305115e-06,1.4065554e-06,0.0,1.4305115e-06
255.61829,0.24786043,0.24786043,0.0,0.0,2015-01-09 16:00:00,5.0,5.7233285e-07,6.6510347e-07,0.0,5.7233285e-07
256.37646,0.99198294,0.99198294,0.0,0.0,2015-01-09 17:00:00,5.0,2.1931937e-06,2.105311e-06,0.0,2.1931937e-06
257.0791,1.0,1.0,0.0,0.0,2015-01-09 18:00:00,5.0,5.3599297e-06,5.343024e-06,0.0,5.3599297e-06
257.54688,1.0,1.0,0.0,0.0,2015-01-09 19:00:00,5.0,1.9265735e-06,1.8047995e-06,0.0,1.9265735e-06
258.19653,1.0,1.0,0.0,0.0,2015-01-09 20:00:00,5.0,1.9099144e-07,3.075558e-07,0.0,1.9099144e-07
258.8506,0.56479913,0.56479913,0.0,0.0,2015-01-09 21:00:00,0.0,0.0,2.3873934e-08,0.0,0.0
257.99048,0.00053172023,0.00053172023,0.0,0.0,2015-01-09 22:00:00,0.0,0.0,0.0,0.0,0.0
257.4746,0.0,0.0,0.0,0.0,2015-01-09 23:00:00,0.0,0.0,0.0,0.0,0.0
257.04492,0.0,0.0,0.0,0.0,2015-01-10 00:00:00,0.0,0.0,0.0,0.0,0.0
256.7981,0.0,0.0,0.0,0.0,2015-01-10 01:00:00,0.0,0.0,0.0,0.0,0.0
256.27905,0.0,0.0,0.0,0.0,2015-01-10 02:00:00,0.0,0.0,0.0,0.0,0.0
255.24846,0.0,0.0,0.0,0.0,2015-01-10 03:00:00,0.0,0.0,0.0,0.0,0.0
255.25449,0.0,0.0,0.0,0.0,2015-01-10 04:00:00,0.0,0.0,0.0,0.0,0.0
255.00435,0.0,0.0,0.0,0.0,2015-01-10 05:00:00,0.0,0.0,0.0,0.0,0.0
254.50171,0.0,0.0,0.0,0.0,2015-01-10 06:00:00,0.0,0.0,0.0,0.0,0.0
254.28838,0.0,0.0,0.0,0.0,2015-01-10 07:00:00,0.0,0.0,0.0,0.0,0.0
254.12381,0.0,0.0,0.0,0.0,2015-01-10 08:00:00,0.0,0.0,0.0,0.0,0.0
253.0039,0.0,0.0,0.0,0.0,2015-01-10 09:00:00,0.0,0.0,0.0,0.0,0.0
252.84094,0.010536302,0.0,0.0,0.010536302,2015-01-10 10:00:00,0.0,0.0,0.0,0.0,0.0
252.6483,0.3096441,0.0,0.0,0.3096441,2015-01-10 11:00:00,0.0,0.0,0.0,0.0,0.0
252.40726,0.03833084,0.0,0.0,0.03833084,2015-01-10 12:00:00,0.0,0.0,0.0,0.0,0.0
252.21162,0.5775067,0.0,0.013449758,0.5764494,2015-01-10 13:00:00,0.0,0.0,0.0,0.0,0.0
252.3695,0.826696,0.0,0.01003224,0.826696,2015-01-10 14:00:00,0.0,0.0,0.0,0.0,0.0
254.83546,0.8578991,0.0,0.0,0.8578991,2015-01-10 15:00:00,0.0,0.0,0.0,0.0,0.0
257.3706,0.6836308,0.0,0.034647156,0.6637537,2015-01-10 16:00:00,0.0,0.0,0.0,0.0,0.0
259.66675,0.7309835,0.082785666,0.31721193,0.5860036,2015-01-10 17:00:00,5.0,0.0,0.0,0.0,0.0
261.2837,0.78983533,0.47056347,0.71351814,0.2609102,2015-01-10 18:00:00,5.0,7.626828e-07,6.268092e-07,0.0,3.813414e-07
262.08105,0.3835541,0.26103264,0.1766845,0.1603033,2015-01-10 19:00:00,5.0,5.9091695e-07,5.958047e-07,0.0,5.9091695e-07
263.3933,0.5079153,0.0151838325,0.0,0.49590957,2015-01-10 20:00:00,0.0,4.191511e-07,5.6952643e-07,0.0,6.864127e-07
264.46875,0.38004428,0.0,0.0,0.38004428,2015-01-10 21:00:00,0.0,0.0,3.8133912e-08,0.0,0.0
263.4497,0.38648129,0.0021207693,0.0,0.38541788,2015-01-10 22:00:00,0.0,0.0,0.0,0.0,0.0
263.98413,0.74183166,0.0,0.0,0.74183166,2015-01-10 23:00:00,0.0,0.0,0.0,0.0,0.0
261.39893,0.53343123,0.0,0.0,0.53343123,2015-01-11 00:00:00,0.0,0.0,0.0,0.0,0.0
259.74536,0.09004974,0.0,0.0,0.09004974,2015-01-11 01:00:00,0.0,0.0,0.0,0.0,0.0
259.13428,0.0100932345,0.0,0.0100932345,0.0,2015-01-11 02:00:00,0.0,0.0,0.0,0.0,0.0
258.5393,0.10908234,0.0,0.10908234,0.0,2015-01-11 03:00:00,0.0,0.0,0.0,0.0,0.0
258.41382,0.18291223,0.0,0.18291223,0.0,2015-01-11 04:00:00,0.0,0.0,0.0,0.0,0.0
258.3479,0.028497938,0.0,0.028497938,0.0,2015-01-11 05:00:00,0.0,0.0,0.0,0.0,0.0
256.1819,0.0037288337,0.0,0.0,0.0037288337,2015-01-11 06:00:00,0.0,0.0,0.0,0.0,0.0
255.68835,0.14600796,0.0,0.0,0.14600796,2015-01-11 07:00:00,0.0,0.0,0.0,0.0,0.0
257.53467,0.25710708,0.0,0.07368672,0.20788693,2015-01-11 08:00:00,0.0,0.0,0.0,0.0,0.0
256.1587,0.49161774,0.0,0.21815985,0.37190408,2015-01-11 09:00:00,0.0,0.0,0.0,0.0,0.0
257.70752,0.40451455,0.0,0.225905,0.27842063,2015-01-11 10:00:00,0.0,0.0,0.0,0.0,0.0
257.55762,0.37835342,0.0,0.20180953,0.2524277,2015-01-11 11:00:00,0.0,0.0,0.0,0.0,0.0
258.10327,0.8222919,0.0,0.81046003,0.2215777,2015-01-11 12:00:00,5.0,0.0,0.0,0.0,0.0
258.08276,0.8929235,0.0,0.88472193,0.17264378,2015-01-11 13:00:00,5.0,0.0,1.9067068e-07,0.0,3.813414e-07
258.46558,0.98918307,0.0,0.9765128,0.5148445,2015-01-11 14:00:00,5.0,7.626828e-07,1.1440234e-06,0.0,1.2972059e-06
259.7329,0.9923111,0.0,0.9923111,0.3986029,2015-01-11 15:00:00,5.0,4.004405e-06,3.8469007e-06,0.0,4.004405e-06
260.49048,0.9705126,0.0,0.9705126,0.12516022,2015-01-11 16:00:00,5.0,8.236971e-06,8.179931e-06,0.0,8.236971e-06
260.78174,0.992876,0.0,0.9789475,0.6032333,2015-01-11 17:00:00,5.0,1.1459468e-05,1.1738263e-05,0.0,1.1840809e-05
261.50415,0.9782015,0.0,0.96279037,0.5515453,2015-01-11 18:00:00,5.0,1.0105868e-05,9.809926e-06,0.0,9.74311e-06
262.05933,0.99946827,0.0,0.9657658,0.8329009,2015-01-11 19:00:00,5.0,1.7771134e-05,1.7537372e-05,0.0,1.7408383e-05
262.07935,0.99363554,0.0,0.90877,0.9219605,2015-01-11 20:00:00,5.0,3.2758166e-05,3.285134e-05,0.0,3.3025426e-05
262.36157,0.99446505,0.0,0.9209314,0.9744794,2015-01-11 21:00:00,5.0,4.448682e-05,4.4620276e-05,0.0,4.448682e-05
261.7666,0.99262583,0.0016249504,0.9318021,0.98602206,2015-01-11 22:00:00,5.0,4.5596855e-05,4.5701963e-05,0.0,4.5596855e-05
261.86597,0.988393,0.0,0.819636,0.96702176,2015-01-11 23:00:00,5.0,2.4279565e-05,2.4386667e-05,0.0,2.4279565e-05
261.7583,1.0,0.0,0.43733406,0.99946827,2015-01-12 00:00:00,5.0,6.429599e-06,6.4246315e-06,0.0,6.429599e-06
261.36035,0.9973177,0.0,0.234703,0.9973177,2015-01-12 01:00:00,0.0,1.3741083e-06,1.5554069e-06,0.0,1.3741083e-06
260.12085,0.94473857,0.0,0.07305646,0.94473857,2015-01-12 02:00:00,0.0,1.9099144e-07,2.1951143e-07,0.0,1.9099144e-07
258.8694,0.6326324,0.0,0.0021207693,0.6326324,2015-01-12 03:00:00,0.0,0.0,1.1936965e-08,0.0,0.0
258.79297,0.43208873,0.0,0.0,0.43208873,2015-01-12 04:00:00,0.0,0.0,0.0,0.0,0.0
258.69165,0.18093383,0.0,0.0,0.18093383,2015-01-12 05:00:00,0.0,0.0,0.0,0.0,0.0
257.80054,0.010316208,0.0,0.0,0.010316208,2015-01-12 06:00:00,0.0,0.0,0.0,0.0,0.0
257.47925,0.0,0.0,0.0,0.0,2015-01-12 07:00:00,0.0,0.0,0.0,0.0,0.0
256.97534,0.0,0.0,0.0,0.0,2015-01-12 08:00:00,0.0,0.0,0.0,0.0,0.0
256.01,0.0,0.0,0.0,0.0,2015-01-12 09:00:00,0.0,0.0,0.0,0.0,0.0
253.83559,0.0,0.0,0.0,0.0,2015-01-12 10:00:00,0.0,0.0,0.0,0.0,0.0
253.61244,0.0,0.0,0.0,0.0,2015-01-12 11:00:00,0.0,0.0,0.0,0.0,0.0
253.62636,0.0,0.0,0.0,0.0,2015-01-12 12:00:00,0.0,0.0,0.0,0.0,0.0
253.47244,0.0,0.0,0.0,0.0,2015-01-12 13:00:00,0.0,0.0,0.0,0.0,0.0
253.34038,0.0,0.0,0.0,0.0,2015-01-12 14:00:00,0.0,0.0,0.0,0.0,0.0
254.19627,0.0,0.0,0.0,0.0,2015-01-12 15:00:00,0.0,0.0,0.0,0.0,0.0
254.72295,0.4197703,0.4197703,0.0,0.0,2015-01-12 16:00:00,5.0,0.0,1.1936965e-08,0.0,0.0
255.46785,0.42103356,0.42103356,0.0,0.0,2015-01-12 17:00:00,5.0,0.0,4.7747868e-08,0.0,0.0
256.06128,0.10979986,0.10979986,0.0,0.0,2015-01-12 18:00:00,0.0,0.0,2.3873934e-08,0.0,0.0
256.61816,0.032312702,0.032312702,0.0,0.0,2015-01-12 19:00:00,0.0,0.0,0.0,0.0,0.0
257.11914,0.0074196346,0.0074196346,0.0,0.0,2015-01-12 20:00:00,0.0,0.0,0.0,0.0,0.0
257.78467,0.0,0.0,0.0,0.0,2015-01-12 21:00:00,0.0,0.0,0.0,0.0,0.0
256.79883,0.0,0.0,0.0,0.0,2015-01-12 22:00:00,0.0,0.0,0.0,0.0,0.0
255.18663,0.0,0.0,0.0,0.0,2015-01-12 23:00:00,0.0,0.0,0.0,0.0,0.0
254.40979,0.0,0.0,0.0,0.0,2015-01-13 00:00:00,0.0,0.0,0.0,0.0,0.0
254.01596,0.0,0.0,0.0,0.0,2015-01-13 01:00:00,0.0,0.0,0.0,0.0,0.0
254.03326,0.0,0.0,0.0,0.0,2015-01-13 02:00:00,0.0,0.0,0.0,0.0,0.0
252.78534,0.0,0.0,0.0,0.0,2015-01-13 03:00:00,0.0,0.0,0.0,0.0,0.0
252.6351,0.0,0.0,0.0,0.0,2015-01-13 04:00:00,0.0,0.0,0.0,0.0,0.0
251.54651,0.0,0.0,0.0,0.0,2015-01-13 05:00:00,0.0,0.0,0.0,0.0,0.0
251.27734,0.3982318,0.3982318,0.0,0.0,2015-01-13 06:00:00,0.0,0.0,0.0,0.0,0.0
251.03621,0.4174354,0.4174354,0.0,0.0,2015-01-13 07:00:00,0.0,2.0957555e-07,2.7639095e-07,0.0,2.0957555e-07
250.19484,0.42480862,0.42480862,0.0,0.0,2015-01-13 08:00:00,0.0,1.9099144e-07,2.7639095e-07,0.0,2.0957555e-07
248.85449,0.45037812,0.45037812,0.0,0.0,2015-01-13 09:00:00,5.0,1.9099144e-07,3.2878484e-07,0.0,2.0957555e-07
247.95088,0.5500102,0.5500102,0.0,0.0,2015-01-13 10:00:00,0.0,5.9091695e-07,4.4799413e-07,0.0,2.0957555e-07
246.6733,0.54048276,0.54048276,0.0,0.0,2015-01-13 11:00:00,5.0,5.9091695e-07,4.526401e-07,0.0,5.9091695e-07
245.99428,0.80772793,0.80772793,0.0,0.0,2015-01-13 12:00:00,5.0,4.191511e-07,4.955816e-07,0.0,5.9091695e-07
246.18,0.8550334,0.8550334,0.0,0.0,2015-01-13 13:00:00,5.0,5.9091695e-07,6.671848e-07,0.0,5.9091695e-07
246.89833,0.69578123,0.69578123,0.0,0.0,2015-01-13 14:00:00,5.0,8.9598825e-07,8.626619e-07,0.0,8.9598825e-07
249.67264,0.70624834,0.70624834,0.0,0.0,2015-01-13 15:00:00,5.0,6.864127e-07,8.890204e-07,0.0,6.864127e-07
252.61453,0.0,0.0,0.0,0.0,2015-01-13 16:00:00,5.0,7.626828e-07,5.031154e-07,0.0,3.813414e-07
256.18774,0.0,0.0,0.0,0.0,2015-01-13 17:00:00,0.0,0.0,3.3407698e-08,0.0,0.0
258.88574,0.0,0.0,0.0,0.0,2015-01-13 18:00:00,0.0,0.0,0.0,0.0,0.0
260.29077,0.0,0.0,0.0,0.0,2015-01-13 19:00:00,0.0,0.0,0.0,0.0,0.0
261.29883,0.0,0.0,0.0,0.0,2015-01-13 20:00:00,0.0,0.0,0.0,0.0,0.0
262.11133,0.0,0.0,0.0,0.0,2015-01-13 21:00:00,0.0,0.0,0.0,0.0,0.0
262.15723,0.0032499009,0.0,0.0032499009,0.0,2015-01-13 22:00:00,0.0,0.0,0.0,0.0,0.0
261.54395,0.026855882,0.0,0.026855882,0.0,2015-01-13 23:00:00,0.0,0.0,0.0,0.0,0.0
260.938,0.23059446,0.0,0.23059446,0.0,2015-01-14 00:00:00,0.0,0.0,0.0,0.0,0.0
260.86035,0.7528435,0.0,0.7528435,0.0,2015-01-14 01:00:00,5.0,0.0,6.6815346e-08,0.0,0.0
260.86792,0.99446505,0.0,0.99446505,0.0,2015-01-14 02:00:00,5.0,4.3889722e-06,4.334095e-06,0.0,4.293477e-06
261.63916,1.0,0.0032499009,1.0,0.014748946,2015-01-14 03:00:00,5.0,2.9073024e-05,2.9022398e-05,0.0,2.891985e-05
261.91333,0.998375,0.15747094,0.998375,0.0,2015-01-14 04:00:00,5.0,9.811962e-05,9.815062e-05,0.0,9.811962e-05
262.0432,0.9857358,0.47356468,0.9857358,0.0,2015-01-14 05:00:00,5.0,0.00020600668,0.000205866,2.5122587e-05,0.00018088409
261.87988,0.9004849,0.5903888,0.87900174,0.02209808,2015-01-14 06:00:00,5.0,0.00043646642,0.00043679564,0.00029179663,0.00014492765
262.43896,0.9275499,0.698751,0.87264675,0.0,2015-01-14 07:00:00,5.0,0.00015596811,0.0001559541,8.3325125e-05,7.271957e-05
263.04028,0.7961371,0.7150367,0.6189301,0.0,2015-01-14 08:00:00,5.0,0.00011039656,0.00011054662,2.751188e-05,8.295101e-05
262.77905,0.8419676,0.8263349,0.19219953,0.0,2015-01-14 09:00:00,5.0,3.3352902e-05,3.3491015e-05,0.0,3.3352902e-05
264.5791,0.9424846,0.9424846,0.029066835,0.0,2015-01-14 10:00:00,5.0,9.6693975e-06,9.771702e-06,0.0,9.6693975e-06
264.573,0.8899386,0.8899386,0.0029026829,0.0,2015-01-14 11:00:00,5.0,9.040029e-06,8.885169e-06,0.0,9.040029e-06
264.27783,0.8482763,0.8482763,0.0,0.0,2015-01-14 12:00:00,5.0,7.17049e-06,7.3158963e-06,0.0,7.17049e-06
264.26685,0.81616545,0.78800106,0.0,0.17360944,2015-01-14 13:00:00,5.0,4.0813075e-06,4.152769e-06,0.0,4.0813075e-06
264.05908,0.8255268,0.75753504,0.0,0.26931816,2015-01-14 14:00:00,5.0,3.052014e-06,3.0466417e-06,0.0,3.052014e-06
264.9414,0.99946827,0.74850607,0.0,0.9784219,2015-01-14 15:00:00,5.0,2.5174904e-06,2.6937396e-06,0.0,2.5174904e-06
265.40552,1.0,0.80722904,0.0,1.0,2015-01-14 16:00:00,5.0,1.6791882e-06,1.793187e-06,0.0,1.5260066e-06
266.2444,0.9989426,0.8326174,0.0,0.9915651,2015-01-14 17:00:00,5.0,1.1632492e-06,1.1038064e-06,0.0,1.1632492e-06
266.68604,1.0,0.92228717,0.029288668,0.9916152,2015-01-14 18:00:00,5.0,8.004925e-07,1.0103104e-06,0.0,8.004925e-07
267.0874,1.0,0.9478838,0.2368837,1.0,2015-01-14 19:00:00,5.0,4.7683716e-07,5.1272934e-07,0.0,4.7683716e-07
267.2605,1.0,1.0,0.6751962,1.0,2015-01-14 20:00:00,5.0,6.300189e-07,5.152941e-07,0.0,6.300189e-07
267.6045,1.0,1.0,0.8917042,0.989643,2015-01-14 21:00:00,5.0,2.6726156e-07,3.3159245e-07,0.0,2.6726156e-07
268.08203,1.0,0.9617916,0.8621456,0.85519177,2015-01-14 22:00:00,5.0,1.067754e-06,9.244292e-07,0.0,1.067754e-06
267.8916,0.9809938,0.7948765,0.89575297,0.43679112,2015-01-14 23:00:00,5.0,1.086979e-06,1.3109766e-06,0.0,1.086979e-06
267.78613,0.97370833,0.4204883,0.94184864,0.14131969,2015-01-15 00:00:00,5.0,9.536743e-07,8.749219e-07,0.0,9.536743e-07
267.5149,0.95633495,0.18915617,0.95295674,0.013936542,2015-01-15 01:00:00,5.0,5.7233285e-07,5.031143e-07,0.0,5.7233285e-07
267.17944,0.9837757,0.022504989,0.9729398,0.29292142,2015-01-15 02:00:00,0.0,0.0,8.580156e-08,0.0,0.0
266.83203,0.9701018,0.015781246,0.92589617,0.8546416,2015-01-15 03:00:00,0.0,0.0,0.0,0.0,0.0
266.833,0.98370636,0.0,0.9678973,0.9471819,2015-01-15 04:00:00,0.0,0.0,0.0,0.0,0.0
266.5525,0.9926617,0.0,0.98215073,0.8966485,2015-01-15 05:00:00,5.0,3.1269592e-05,3.1269592e-05,3.1269592e-05,0.0
266.52222,0.9005373,0.021277633,0.90000564,0.21183354,2015-01-15 06:00:00,5.0,0.00020297285,0.00020300137,0.00019995961,2.936651e-06
267.1897,0.8857257,0.003781621,0.8857257,0.0,2015-01-15 07:00:00,5.0,2.8789655e-06,2.711845e-06,0.0,2.821279e-06
267.99878,0.4044327,0.04062284,0.4044327,0.0,2015-01-15 08:00:00,0.0,1.14079796e-07,2.7158455e-07,0.0,1.14079796e-07
268.14307,0.13281828,0.04773906,0.13281828,0.0,2015-01-15 09:00:00,0.0,0.0,0.0,0.0,0.0
266.93652,0.03527863,0.0124641955,0.03527863,0.0,2015-01-15 10:00:00,0.0,0.0,0.0,0.0,0.0
266.91748,0.0100932345,0.0067320913,0.0067320913,0.0,2015-01-15 11:00:00,0.0,0.0,0.0,0.0,0.0
266.6504,0.039275486,0.01336024,0.0,0.02593235,2015-01-15 12:00:00,0.0,0.0,0.0,0.0,0.0
266.38965,0.02693814,0.015096433,0.0033782488,0.011849005,2015-01-15 13:00:00,0.0,0.0,0.0,0.0,0.0
266.3152,0.0,0.0,0.0,0.0,2015-01-15 14:00:00,5.0,0.0,2.8519953e-08,0.0,0.0
268.16162,0.0,0.0,0.0,0.0,2015-01-15 15:00:00,5.0,0.0,1.2153225e-07,0.0,0.0
269.95264,0.022203516,0.022203516,0.0,0.0,2015-01-15 16:00:00,5.0,0.0,4.052153e-07,0.0,0.0
271.64087,0.17123741,0.12640285,0.0,0.046476584,2015-01-15 17:00:00,5.0,4.7683716e-07,5.197786e-07,0.0,4.7683716e-07
272.7085,0.53454846,0.53454846,0.0,0.0,2015-01-15 18:00:00,6.0,8.5817857e-07,8.773263e-07,0.0,8.5817857e-07
273.78345,0.89539784,0.89539784,0.0,0.0,2015-01-15 19:00:00,6.0,1.3350154e-06,1.2896708e-06,0.0,1.3350154e-06
274.31665,0.9067105,0.9067105,0.0,0.0,2015-01-15 20:00:00,6.0,3.813414e-07,5.5534775e-07,0.0,5.9091695e-07
274.9812,0.79190516,0.79190516,0.0,0.0,2015-01-15 21:00:00,6.0,1.1818338e-06,1.1583643e-06,0.0,1.3535991e-06
273.85278,0.93441993,0.93441993,0.0,0.0,2015-01-15 22:00:00,6.0,2.8796067e-06,2.7031156e-06,0.0,2.8796067e-06
273.3003,0.7128685,0.7128685,0.0,0.0,2015-01-15 23:00:00,6.0,1.9451581e-06,1.9261715e-06,0.0,1.9451581e-06
272.70654,0.11089641,0.11089641,0.0,0.0,2015-01-16 00:00:00,0.0,4.0056705e-07,4.1482815e-07,0.0,3.050713e-07
272.18823,0.00053172023,0.00053172023,0.0,0.0,2015-01-16 01:00:00,0.0,9.549569e-08,2.3873934e-08,0.0,0.0
271.48804,0.051221773,0.024880346,0.024511095,0.0067320913,2015-01-16 02:00:00,5.0,0.0,4.7667676e-08,0.0,0.0
270.5874,0.41251314,0.28989077,0.20480359,0.07725644,2015-01-16 03:00:00,5.0,2.2815959e-07,2.7879526e-07,0.0,3.813414e-07
270.77173,0.74585384,0.62419,0.35396165,0.11609888,2015-01-16 04:00:00,5.0,8.767626e-07,1.027056e-06,0.0,8.767626e-07
270.8977,0.8012627,0.7084893,0.24797106,0.16800052,2015-01-16 05:00:00,5.0,2.8789655e-06,2.6068956e-06,0.0,2.6117032e-06
270.99878,0.94381773,0.75328225,0.1599853,0.70445496,2015-01-16 06:00:00,5.0,4.2889587e-06,4.165023e-06,0.0,4.1934627e-06
271.17505,0.99946827,0.6997278,0.36890936,0.95589495,2015-01-16 07:00:00,5.0,4.8984593e-06,4.598355e-06,0.0,4.6888845e-06
270.38696,0.98810333,0.7606229,0.67277455,0.9531456,2015-01-16 08:00:00,5.0,6.0033817e-06,6.187326e-06,0.0,6.175148e-06
270.63403,0.9894637,0.80173725,0.8504308,0.9234423,2015-01-16 09:00:00,5.0,9.0150115e-06,8.80792e-06,0.0,8.900932e-06
269.3877,0.9784018,0.6252196,0.898135,0.67233896,2015-01-16 10:00:00,5.0,1.4028844e-05,1.380941e-05,0.0,1.3857078e-05
269.52197,0.77869916,0.69958913,0.4557373,0.118109465,2015-01-16 11:00:00,5.0,1.4908182e-05,1.4860594e-05,0.0,1.5003678e-05
269.29395,0.742944,0.65476,0.33284426,0.02188949,2015-01-16 12:00:00,5.0,1.6932172e-05,1.6917926e-05,0.0,1.6932172e-05
269.30713,0.8168351,0.809781,0.061822403,0.026821923,2015-01-16 13:00:00,5.0,1.41692335e-05,1.4073737e-05,0.0,1.4378809e-05
269.03223,0.8784148,0.856322,0.0,0.15461332,2015-01-16 14:00:00,5.0,9.746318e-06,9.732058e-06,0.0,9.746318e-06
269.511,0.8431965,0.707943,0.0,0.40751976,2015-01-16 15:00:00,5.0,9.191928e-06,9.146582e-06,0.0,9.191928e-06
269.56885,1.0,0.695182,0.0,1.0,2015-01-16 16:00:00,5.0,5.2246905e-06,4.8413503e-06,0.0,5.2246905e-06
269.69214,0.9899067,0.6933168,0.0,0.919198,2015-01-16 17:00:00,5.0,2.6328626e-06,2.9520352e-06,0.0,2.6328626e-06
270.0476,0.9942508,0.6895952,0.0,0.97484016,2015-01-16 18:00:00,5.0,1.5260066e-06,1.6307949e-06,0.0,1.5260066e-06
270.4917,0.997629,0.72367704,0.0,0.97994727,2015-01-16 19:00:00,5.0,4.7683716e-07,4.529632e-07,0.0,4.7683716e-07
270.75366,1.0,0.8778741,0.0,0.98815614,2015-01-16 20:00:00,5.0,2.6726156e-07,2.5284004e-07,0.0,2.6726156e-07
271.41357,0.996307,0.85108006,0.0,0.92114264,2015-01-16 21:00:00,5.0,0.0,1.2385527e-07,0.0,1.14079796e-07
271.2827,0.9828681,0.9557456,0.0,0.6278614,2015-01-16 22:00:00,5.0,0.0,1.7160318e-07,0.0,1.14079796e-07
271.33252,0.8446519,0.8383282,0.0,0.010766551,2015-01-16 23:00:00,5.0,6.4860296e-07,5.436525e-07,0.0,4.7683716e-07
271.2693,0.6684633,0.6684633,0.0,0.0,2015-01-17 00:00:00,5.0,3.813414e-07,4.2908925e-07,0.0,4.7683716e-07
271.27588,0.41135395,0.41135395,0.0,0.0,2015-01-17 01:00:00,5.0,0.0,1.4772922e-07,0.0,0.0
271.40063,0.23367333,0.23156947,0.0037288337,0.0,2015-01-17 02:00:00,5.0,0.0,9.533534e-08,0.0,0.0
271.13525,0.27159613,0.065130115,0.22482944,0.0,2015-01-17 03:00:00,5.0,0.0,2.8519953e-08,0.0,0.0
271.05664,0.7444326,0.09886533,0.7205984,0.0,2015-01-17 04:00:00,5.0,0.0,2.8519953e-08,0.0,0.0
270.82275,0.8768273,0.19203508,0.8546424,0.0,2015-01-17 05:00:00,5.0,0.0,9.533534e-08,0.0,0.0
270.70825,0.98140806,0.16728663,0.9685762,0.02323829,2015-01-17 06:00:00,5.0,0.0,0.0,0.0,0.0
270.6499,0.82225376,0.08607471,0.8121532,0.0,2015-01-17 07:00:00,5.0,0.0,2.8519953e-08,0.0,0.0
270.563,0.94063264,0.06871128,0.79450566,0.8782342,2015-01-17 08:00:00,5.0,0.0,1.2385527e-07,0.0,1.14079796e-07
270.70142,0.98999023,0.060513455,0.9797798,0.84810245,2015-01-17 09:00:00,5.0,0.0,0.0,0.0,0.0
270.49097,0.9934043,0.12500507,0.98391217,0.3992808,2015-01-17 10:00:00,5.0,0.0,2.8519953e-08,0.0,0.0
270.40576,0.99946827,0.09512502,0.9989426,0.1570437,2015-01-17 11:00:00,0.0,0.0,0.0,0.0,0.0
270.3169,0.32243925,0.037512783,0.2532953,0.06841433,2015-01-17 12:00:00,0.0,0.0,0.0,0.0,0.0
269.35254,0.0053347684,0.0016249504,0.0,0.0037098185,2015-01-17 13:00:00,0.0,0.0,1.42599745e-08,0.0,0.0
269.37256,0.48426563,0.08624011,0.3577848,0.34595084,2015-01-17 14:00:00,0.0,0.0,0.0,0.0,0.0
270.8579,0.6831149,0.12398827,0.38891578,0.57419175,2015-01-17 15:00:00,8.0,0.0,0.0,0.0,0.0
273.65356,0.8306364,0.5364513,0.12263596,0.6759208,2015-01-17 16:00:00,0.0,0.0,4.7667676e-08,0.0,0.0
275.4016,0.94856465,0.9327246,0.10552919,0.0630846,2015-01-17 17:00:00,0.0,0.0,7.386461e-08,0.0,0.0
276.19922,0.982485,0.982485,0.23847443,0.074537694,2015-01-17 18:00:00,1.0,8.017848e-07,0.0,8.017848e-07,0.0
276.27393,0.9894863,0.9894863,0.3864587,0.011348315,2015-01-17 19:00:00,1.0,6.9038797e-06,0.0,1.0299436e-06,5.6066738e-06
276.1455,0.9957922,0.9918993,0.9892753,0.0,2015-01-17 20:00:00,1.0,2.1588392e-05,0.0,5.7207535e-06,1.6039397e-05
276.06348,0.9989426,0.9771442,0.99351895,0.0032499009,2015-01-17 21:00:00,1.0,3.96518e-05,0.0,4.271974e-06,3.5627527e-05
275.12183,0.9944509,0.9731112,0.9526726,0.3309235,2015-01-17 22:00:00,1.0,5.5006065e-05,0.0,1.1164639e-06,5.365118e-05
275.05347,1.0,0.9576148,0.9347796,0.7609065,2015-01-17 23:00:00,6.0,2.803655e-05,1.7152297e-07,0.0,2.803655e-05
274.90088,0.98831743,0.979919,0.3857829,0.49234563,2015-01-18 00:00:00,6.0,3.643563e-06,5.9075654e-07,0.0,3.643563e-06
274.9082,0.9716488,0.9558642,0.13384855,0.11033958,2015-01-18 01:00:00,6.0,0.0,0.0,0.0,0.0
274.86743,0.9944678,0.9944678,0.0,0.0,2015-01-18 02:00:00,1.0,0.0,4.7667676e-08,0.0,0.0
274.46167,0.945069,0.945069,0.033295877,0.0,2015-01-18 03:00:00,1.0,1.3350154e-06,3.7156587e-07,0.0,9.536743e-07
274.6106,0.90083146,0.891715,0.21794784,0.0,2015-01-18 04:00:00,1.0,5.357354e-06,2.8519953e-08,1.3340486e-06,4.1569365e-06
274.58862,0.966071,0.966071,0.21524775,0.0,2015-01-18 05:00:00,0.0,4.651065e-06,0.0,3.0475053e-07,4.536985e-06
274.74707,0.9786371,0.97699505,0.20369816,0.0,2015-01-18 06:00:00,0.0,8.004925e-07,0.0,0.0,8.004925e-07
274.7102,0.9072829,0.8815827,0.35097837,0.0,2015-01-18 07:00:00,6.0,1.4099933e-06,0.0,0.0,1.4099933e-06
274.21436,0.8171008,0.80708766,0.22237688,0.0,2015-01-18 08:00:00,6.0,6.864127e-07,2.8519953e-08,0.0,6.864127e-07
273.64453,0.9779343,0.9779343,0.047577385,0.0,2015-01-18 09:00:00,6.0,4.191511e-07,3.717263e-07,0.0,4.191511e-07
271.92773,0.9725615,0.9725615,0.17870992,0.0,2015-01-18 10:00:00,6.0,4.191511e-07,4.909356e-07,0.0,4.191511e-07
271.6206,0.9947349,0.9947349,0.07159966,0.0,2015-01-18 11:00:00,6.0,1.1818338e-06,1.1627662e-06,0.0,1.1818338e-06
271.69946,0.9624535,0.9624535,0.0,0.0,2015-01-18 12:00:00,6.0,4.191511e-07,7.863941e-07,0.0,4.191511e-07
271.5808,0.95617265,0.95617265,0.0,0.0,2015-01-18 13:00:00,5.0,0.0,3.1468636e-07,0.0,0.0
271.4441,0.7920015,0.7920015,0.0,0.0,2015-01-18 14:00:00,5.0,1.1260809e-06,1.2307082e-06,0.0,1.1260809e-06
272.4016,0.7777554,0.7777554,0.0,0.0,2015-01-18 15:00:00,5.0,2.6726156e-07,3.0523393e-07,0.0,2.6726156e-07
273.35425,0.75446075,0.75446075,0.0,0.0,2015-01-18 16:00:00,6.0,0.0,2.3873934e-08,0.0,0.0
274.23438,0.70908254,0.70908254,0.0,0.0,2015-01-18 17:00:00,6.0,4.155644e-06,4.0266596e-06,0.0,4.155644e-06
274.7068,0.9815015,0.9815015,0.0,0.0,2015-01-18 18:00:00,6.0,7.5537655e-06,7.463076e-06,0.0,7.5537655e-06
275.47583,1.0,1.0,0.0,0.0,2015-01-18 19:00:00,0.0,0.0,4.7747868e-08,0.0,0.0
275.80664,1.0,1.0,0.0,0.0,2015-01-18 20:00:00,0.0,0.0,0.0,0.0,0.0
276.396,0.99503267,0.99503267,0.0,0.0,2015-01-18 21:00:00,0.0,0.0,0.0,0.0,0.0
275.21167,0.86524665,0.86524665,0.0,0.0,2015-01-18 22:00:00,0.0,3.813414e-07,0.0,0.0,3.813414e-07
274.7395,0.72172475,0.72172475,0.0,0.0,2015-01-18 23:00:00,5.0,0.0,1.42599745e-08,0.0,0.0
273.64136,0.5992765,0.5992765,0.0,0.0,2015-01-19 00:00:00,5.0,0.0,0.0,0.0,0.0
273.10596,0.58518755,0.58518755,0.0,0.0,2015-01-19 01:00:00,5.0,0.0,0.0,0.0,0.0
272.34497,0.8387793,0.64417726,0.0,0.5235929,2015-01-19 02:00:00,5.0,0.0,0.0,0.0,0.0
271.64453,0.9925423,0.36016792,0.021244086,0.9834426,2015-01-19 03:00:00,5.0,0.0,0.0,0.0,0.0
271.39966,0.9978433,0.30703932,0.4683227,0.97516567,2015-01-19 04:00:00,5.0,0.0,0.0,0.0,0.0
270.74048,0.92427766,0.3003081,0.8141299,0.53337914,2015-01-19 05:00:00,5.0,0.0,0.0,0.0,0.0
269.87915,0.92862064,0.22310024,0.088621914,0.91378546,2015-01-19 06:00:00,0.0,0.0,0.0,0.0,0.0
269.38184,0.95826584,0.1356197,0.10190141,0.9515509,2015-01-19 07:00:00,0.0,0.0,0.0,0.0,0.0
268.6421,0.95828635,0.046831407,0.017467432,0.95828635,2015-01-19 08:00:00,0.0,0.0,0.0,0.0,0.0
268.10596,0.92289937,0.01483516,0.014456838,0.91952837,2015-01-19 09:00:00,0.0,0.0,0.0,0.0,0.0
268.95532,0.9684649,0.023818623,0.5513218,0.96311116,2015-01-19 10:00:00,0.0,0.0,0.0,0.0,0.0
269.36548,0.99946827,0.02834373,0.40481234,0.99946827,2015-01-19 11:00:00,0.0,0.0,0.0,0.0,0.0
269.86914,1.0,0.062186275,0.90574455,1.0,2015-01-19 12:00:00,5.0,0.0,6.6815346e-08,0.0,0.0
270.1101,0.9966217,0.180403,0.8719994,0.99001795,2015-01-19 13:00:00,5.0,1.2209357e-06,1.2829441e-06,0.0,1.2209357e-06
270.41235,0.95936424,0.22643244,0.8854431,0.6774304,2015-01-19 14:00:00,5.0,2.2124195e-06,2.0791122e-06,4.6754508e-07,1.6400863e-06
271.8042,0.9405132,0.12732339,0.9294476,0.05977529,2015-01-19 15:00:00,5.0,0.00016295072,0.00016282685,0.00016120616,1.5631749e-06
272.07983,0.9213341,0.06890732,0.91923016,0.0,2015-01-19 16:00:00,5.0,8.120583e-05,8.1069884e-05,7.85749e-05,2.630929e-06
273.40625,0.58692867,0.03713308,0.5747625,0.0,2015-01-19 17:00:00,6.0,0.00026986306,0.00026970822,0.00026849052,1.1818338e-06
273.83545,0.44083428,0.023938213,0.44083428,0.0,2015-01-19 18:00:00,6.0,4.954212e-07,5.1929516e-07,0.0,4.954212e-07
274.49414,0.4220547,0.08038336,0.3917035,0.0,2015-01-19 19:00:00,0.0,7.9921156e-05,7.896316e-05,7.7862554e-05,2.1726764e-06
274.92017,0.54264647,0.45268452,0.25675058,0.0,2015-01-19 20:00:00,0.0,6.0950106e-07,3.573059e-07,0.0,4.954212e-07
275.3562,0.6209327,0.5909412,0.16421407,0.0,2015-01-19 21:00:00,0.0,0.0,0.0,0.0,0.0
274.5056,0.7227387,0.71893996,0.08576149,0.0,2015-01-19 22:00:00,0.0,0.0,0.0,0.0,0.0
274.74976,0.6448805,0.6133713,0.21494985,0.0,2015-01-19 23:00:00,1.0,0.0,0.0,0.0,0.0
274.60938,0.6706992,0.55099374,0.5926081,0.0,2015-01-20 00:00:00,8.0,2.6726156e-07,1.09595305e-07,0.0,4.7683716e-07
274.3694,0.72964656,0.4678129,0.6894761,0.0,2015-01-20 01:00:00,8.0,8.5817857e-07,4.3349354e-07,0.0,1.2395194e-06
273.8943,0.78334236,0.45748448,0.7556556,0.0,2015-01-20 02:00:00,5.0,2.135508e-06,1.3346944e-06,0.0,2.135508e-06
273.13574,0.9070029,0.5031464,0.8860855,0.0,2015-01-20 03:00:00,5.0,2.8219201e-06,1.4204961e-06,4.3838128e-07,2.440579e-06
273.09497,0.96205175,0.5643563,0.95415103,0.0,2015-01-20 04:00:00,8.0,5.338129e-06,3.5816402e-06,1.1815127e-06,4.3472864e-06
272.29004,0.99020934,0.60768723,0.98968375,0.0,2015-01-20 05:00:00,5.0,1.0790988e-05,9.414385e-06,3.14526e-06,7.779359e-06
272.28833,0.9899426,0.71217626,0.9888853,0.0,2015-01-20 06:00:00,5.0,2.5239613e-05,2.4397785e-05,1.2359588e-05,1.2775248e-05
272.4973,0.9774263,0.7794654,0.9605597,0.0,2015-01-20 07:00:00,5.0,3.0516298e-05,3.0506519e-05,0.0,3.0516298e-05
272.4895,0.9936331,0.84778214,0.9888912,0.0,2015-01-20 08:00:00,5.0,1.5699115e-05,1.5662023e-05,0.0,1.5699115e-05
272.41284,0.9966217,0.9704217,0.95730495,0.0,2015-01-20 09:00:00,5.0,7.63263e-06,7.715947e-06,0.0,7.63263e-06
272.23096,1.0,0.99363554,0.8741133,0.0,2015-01-20 10:00:00,5.0,4.9427217e-06,4.9715645e-06,0.0,4.9427217e-06
272.2019,0.9847217,0.98235077,0.15707803,0.0,2015-01-20 11:00:00,5.0,3.8550907e-06,3.969574e-06,0.0,3.8550907e-06
272.13525,0.9907663,0.9907663,0.021377541,0.0,2015-01-20 12:00:00,5.0,2.2515214e-06,2.3279517e-06,0.0,2.2515214e-06
272.011,0.9966217,0.9966217,0.13170105,0.0,2015-01-20 13:00:00,5.0,3.1673862e-06,2.8386012e-06,0.0,3.1673862e-06
271.93237,0.9907304,0.9907304,0.3080814,0.0,2015-01-20 14:00:00,5.0,3.1673862e-06,2.8334716e-06,0.0,3.1673862e-06
271.8506,0.9966217,0.99371904,0.43511736,0.0,2015-01-20 15:00:00,5.0,1.3164308e-06,1.5309761e-06,0.0,1.3164308e-06
271.86426,1.0,1.0,0.5881576,0.0,2015-01-20 16:00:00,5.0,8.3959446e-07,9.778705e-07,0.0,8.3959446e-07
272.0254,0.98652846,0.98652846,0.6192211,0.0,2015-01-20 17:00:00,5.0,1.3741173e-06,1.5123942e-06,0.0,1.3741173e-06
272.29102,0.9841575,0.98178655,0.73576,0.0,2015-01-20 18:00:00,5.0,2.6527396e-06,2.4334686e-06,0.0,2.6527396e-06
272.31787,0.97653824,0.9496982,0.7801159,0.0,2015-01-20 19:00:00,5.0,1.8645427e-05,1.8793391e-05,0.0,1.8645427e-05
272.375,0.9663156,0.94919634,0.8284005,0.0,2015-01-20 20:00:00,5.0,3.087787e-05,3.07468e-05,0.0,3.087787e-05
272.4922,0.9735154,0.9543166,0.88916767,0.0,2015-01-20 21:00:00,5.0,5.127616e-05,5.132392e-05,0.0,5.127616e-05
272.04663,0.98927194,0.9754197,0.98927194,0.0,2015-01-20 22:00:00,5.0,9.218168e-05,9.1886235e-05,0.0,9.206761e-05
272.1006,0.9942508,0.9498363,0.9942508,0.0,2015-01-20 23:00:00,5.0,0.00014117616,0.00014096643,0.0,0.00014100439
272.1831,1.0,0.90378195,0.9966217,0.0,2015-01-21 00:00:00,5.0,0.00021032654,0.00021035026,0.0,0.00021032654
272.1604,0.9966217,0.9373285,0.9899067,0.0,2015-01-21 01:00:00,5.0,0.00030394364,0.00030414388,0.0,0.00030394364
272.15308,1.0,0.92201436,1.0,0.0,2015-01-21 02:00:00,5.0,0.00029995246,0.00029997644,0.0,0.00029995246
271.81494,0.9966217,0.94316363,0.9966217,0.0,2015-01-21 03:00:00,5.0,0.00021804104,0.00021804104,0.0,0.00021804104
271.69775,0.99273616,0.9184327,0.99273616,0.0,2015-01-21 04:00:00,5.0,0.00014728126,0.00014758632,0.0,0.00014766259
271.6958,1.0,0.90259355,1.0,0.0,2015-01-21 05:00:00,5.0,0.00010816389,0.00010868367,0.0,0.00010890799
271.4917,0.9920941,0.74995387,0.9920941,0.0,2015-01-21 06:00:00,5.0,0.00011594457,0.000116025476,0.0,0.00011594457
271.65137,0.99262583,0.88042897,0.98927194,0.0,2015-01-21 07:00:00,5.0,5.9840517e-05,5.977835e-05,0.0,5.9840517e-05
271.6919,0.99336845,0.9724463,0.9805366,0.0,2015-01-21 08:00:00,5.0,0.000119602875,0.00011956673,0.0,0.00011962146
271.26074,0.99600405,0.98203427,0.9753191,0.0,2015-01-21 09:00:00,5.0,0.00020764717,0.00020779506,0.0,0.00020774268
270.48364,0.98831856,0.9559567,0.9830449,0.0,2015-01-21 10:00:00,5.0,0.00018270288,0.0001826883,0.0,0.00018270288
270.3047,0.9901048,0.9594755,0.9779661,0.0,2015-01-21 11:00:00,5.0,0.000117390286,0.00011746623,0.0,0.00011721853
270.187,0.97340065,0.92747927,0.9335959,0.0,2015-01-21 12:00:00,5.0,6.969375e-05,6.971297e-05,0.0,6.978924e-05
270.10352,0.96635103,0.8830115,0.87586814,0.0,2015-01-21 13:00:00,5.0,3.5701174e-05,3.629722e-05,0.0,3.62735e-05
269.74585,0.97213095,0.88957316,0.9169364,0.0,2015-01-21 14:00:00,5.0,2.8416616e-05,2.8689159e-05,0.0,2.8416616e-05
269.87695,0.90611994,0.7708813,0.8510666,0.0,2015-01-21 15:00:00,5.0,2.159222e-05,2.1549116e-05,0.0,2.159222e-05
269.92993,0.9173652,0.6607746,0.8935394,0.0,2015-01-21 16:00:00,5.0,1.0337859e-05,1.0591342e-05,1.3363075e-07,1.0337859e-05
270.1526,0.94178236,0.5477292,0.9157173,0.005003199,2015-01-21 17:00:00,5.0,6.7128876e-06,6.6319744e-06,3.813414e-07,6.178365e-06
270.4397,0.9753776,0.66799265,0.94116867,0.038557213,2015-01-21 18:00:00,5.0,8.275421e-06,8.35169e-06,0.0,8.275421e-06
270.6289,0.97949857,0.85041237,0.93363225,0.039959677,2015-01-21 19:00:00,5.0,1.6745005e-05,1.672114e-05,0.0,1.6745005e-05
270.55566,0.97239226,0.7515651,0.9063494,0.07331556,2015-01-21 20:00:00,5.0,1.2719469e-05,1.257174e-05,0.0,1.2719469e-05
270.5608,0.9837169,0.96077865,0.74976087,0.13152498,2015-01-21 21:00:00,5.0,7.2646935e-06,7.4029704e-06,0.0,7.2646935e-06
270.53564,1.0,1.0,0.74091816,0.10013753,2015-01-21 22:00:00,5.0,1.0487833e-05,1.0320714e-05,0.0,1.0392337e-05
270.59082,0.98184776,0.9807843,0.5807229,0.095047474,2015-01-21 23:00:00,5.0,1.933753e-05,1.9247556e-05,0.0,1.9318933e-05
270.33057,0.98109156,0.96113235,0.7074013,0.04040465,2015-01-22 00:00:00,5.0,1.0337877e-05,1.0573892e-05,0.0,1.0605138e-05
270.06006,0.9811401,0.93299127,0.9099038,0.0,2015-01-22 01:00:00,5.0,7.096154e-06,6.9530706e-06,0.0,6.8288928e-06
270.5901,0.9753911,0.9106252,0.8843003,0.0,2015-01-22 02:00:00,5.0,4.8074635e-06,4.855212e-06,0.0,4.8074635e-06
270.68677,0.9273357,0.8685244,0.53858423,0.0,2015-01-22 03:00:00,5.0,2.6136277e-06,2.6830885e-06,0.0,2.6136277e-06
270.28906,0.8744785,0.8623086,0.054023005,0.0,2015-01-22 04:00:00,5.0,1.0305857e-06,9.684163e-07,0.0,1.0305857e-06
270.6294,0.941218,0.941218,0.0,0.0,2015-01-22 05:00:00,5.0,4.5825306e-07,4.3902514e-07,0.0,4.5825306e-07
270.05737,0.9295731,0.9295731,0.0,0.0,2015-01-22 06:00:00,5.0,5.3452317e-07,4.1979723e-07,0.0,3.627573e-07
270.2566,0.8809928,0.8809928,0.0,0.0,2015-01-22 07:00:00,5.0,5.7233285e-07,5.438129e-07,0.0,5.7233285e-07
270.20776,0.83505434,0.83505434,0.0,0.0,2015-01-22 08:00:00,5.0,6.678286e-07,6.3914825e-07,0.0,6.678286e-07
269.1953,0.70705676,0.70705676,0.0,0.0,2015-01-22 09:00:00,5.0,4.7683716e-07,5.914004e-07,0.0,4.7683716e-07
269.0122,0.6389139,0.6389139,0.0,0.0,2015-01-22 10:00:00,5.0,5.7233285e-07,5.3419893e-07,0.0,5.7233285e-07
268.3628,0.49610776,0.49610776,0.0,0.0,2015-01-22 11:00:00,5.0,9.536743e-07,7.676496e-07,0.0,6.864127e-07
269.511,0.45248967,0.45248967,0.0,0.0,2015-01-22 12:00:00,5.0,4.7683716e-07,3.4577107e-07,0.0,4.7683716e-07
269.5786,0.3834542,0.3834542,0.0,0.0,2015-01-22 13:00:00,5.0,3.813414e-07,3.1949395e-07,0.0,3.813414e-07
267.92773,0.42284507,0.42284507,0.0,0.0,2015-01-22 14:00:00,5.0,0.0,4.387834e-07,0.0,4.7683716e-07
268.66528,0.38406086,0.38406086,0.0,0.0,2015-01-22 15:00:00,5.0,3.8198294e-07,6.0573944e-07,0.0,3.8198294e-07
268.19946,0.34973902,0.34973902,0.0,0.0,2015-01-22 16:00:00,5.0,0.0,2.1935102e-07,0.0,0.0
268.1084,0.306005,0.306005,0.0,0.0,2015-01-22 17:00:00,0.0,0.0,1.2393548e-07,0.0,0.0
268.0005,0.31778532,0.31778532,0.0,0.0,2015-01-22 18:00:00,0.0,0.0,2.3873934e-08,0.0,0.0
267.89258,0.1685487,0.1685487,0.0,0.0,2015-01-22 19:00:00,0.0,0.0,6.2007814e-08,0.0,0.0
268.2024,0.18325704,0.05518738,0.0,0.1296702,2015-01-22 20:00:00,0.0,0.0,0.0,0.0,0.0
268.6975,0.021133106,0.015650976,0.0,0.0054821298,2015-01-22 21:00:00,0.0,0.0,0.0,0.0,0.0
269.31616,0.3769542,0.3769542,0.0,0.0,2015-01-22 22:00:00,0.0,0.0,0.0,0.0,0.0
269.72046,0.14936548,0.14936548,0.0,0.0033782488,2015-01-22 23:00:00,0.0,0.0,0.0,0.0,0.0
269.57178,0.0033782488,0.0033782488,0.0,0.0,2015-01-23 00:00:00,0.0,0.0,0.0,0.0,0.0
269.62622,0.0033782488,0.0033782488,0.0,0.0,2015-01-23 01:00:00,0.0,0.0,0.0,0.0,0.0
270.21875,0.0033782488,0.0033782488,0.0,0.0,2015-01-23 02:00:00,0.0,0.0,0.0,0.0,0.0
270.6892,0.0033782488,0.0033782488,0.0,0.0,2015-01-23 03:00:00,0.0,0.0,0.0,0.0,0.0
270.7671,0.025085729,0.0100932345,0.018346336,0.0,2015-01-23 04:00:00,0.0,0.0,0.0,0.0,0.0
270.96265,0.24691743,0.0,0.24691743,0.0,2015-01-23 05:00:00,0.0,0.0,0.0,0.0,0.0
271.34326,0.6887745,0.0067320913,0.6887745,0.0,2015-01-23 06:00:00,0.0,0.0,0.0,0.0,0.0
271.50195,0.8835865,0.0,0.8835865,0.0,2015-01-23 07:00:00,0.0,0.0,0.0,0.0,0.0
271.88037,0.9116763,0.0,0.9116763,0.0,2015-01-23 08:00:00,0.0,0.0,0.0,0.0,0.0
271.5769,0.9163517,0.0,0.9163517,0.0,2015-01-23 09:00:00,0.0,0.0,0.0,0.0,0.0
272.12915,0.9557074,0.0,0.9557074,0.0,2015-01-23 10:00:00,0.0,0.0,0.0,0.0,0.0
272.11157,0.96944666,0.0,0.96944666,0.0,2015-01-23 11:00:00,0.0,0.0,0.0,0.0,0.0
272.10303,0.88099736,0.0,0.87889344,0.08909935,2015-01-23 12:00:00,0.0,0.0,0.0,0.0,0.0
271.93408,0.7380426,0.0,0.6733074,0.31460816,2015-01-23 13:00:00,0.0,0.0,0.0,0.0,0.0
271.83643,0.9736291,0.0,0.8426545,0.9377763,2015-01-23 14:00:00,0.0,0.0,0.0,0.0,0.0
272.9585,0.99946827,0.0,0.9968219,0.79372174,2015-01-23 15:00:00,5.0,0.0,4.7667676e-08,0.0,0.0
273.01855,0.98371625,0.0033782488,0.980338,0.2214688,2015-01-23 16:00:00,5.0,0.00017335275,1.5771278e-05,0.0001705129,2.8398626e-06
273.9497,0.49756318,0.0,0.49756318,0.009534292,2015-01-23 17:00:00,0.0,4.7292597e-06,4.736631e-06,0.0,4.710676e-06
274.54858,0.100375175,0.0,0.100375175,0.0,2015-01-23 18:00:00,0.0,1.9656663e-06,2.0039624e-06,0.0,1.9656663e-06
275.12646,0.0068879165,0.0,0.0068879165,0.0,2015-01-23 19:00:00,0.0,0.0,0.0,0.0,0.0
275.81543,0.0016249504,0.0016249504,0.0,0.0,2015-01-23 20:00:00,0.0,0.0,0.0,0.0,0.0
276.67017,0.031395882,0.031395882,0.0,0.0,2015-01-23 21:00:00,0.0,0.0,0.0,0.0,0.0
275.77466,0.08064097,0.08064097,0.0,0.0,2015-01-23 22:00:00,0.0,0.0,0.0,0.0,0.0
275.2307,0.16962647,0.16962647,0.0,0.0,2015-01-23 23:00:00,0.0,0.0,0.0,0.0,0.0
274.802,0.2654242,0.2654242,0.0,0.0,2015-01-24 00:00:00,0.0,0.0,0.0,0.0,0.0
274.6665,0.3735143,0.3735143,0.01173529,0.0,2015-01-24 01:00:00,0.0,0.0,0.0,0.0,0.0
274.3169,0.25184774,0.25184774,0.0067320913,0.0,2015-01-24 02:00:00,0.0,0.0,0.0,0.0,0.0
273.6189,0.19122493,0.18121517,0.010009766,0.0,2015-01-24 03:00:00,1.0,0.0,0.0,0.0,0.0
273.39868,0.26414317,0.25677627,0.094703615,0.0,2015-01-24 04:00:00,1.0,0.0,0.0,0.0,0.0
273.35645,0.3017032,0.29498821,0.08188325,0.0,2015-01-24 05:00:00,8.0,4.7683716e-07,0.0,0.0,4.7683716e-07
273.05835,0.2797416,0.2797416,0.009177502,0.0,2015-01-24 06:00:00,3.0,4.7683716e-07,0.0,0.0,4.7683716e-07
272.65137,0.07051718,0.07051718,0.0,0.0,2015-01-24 07:00:00,3.0,1.4305115e-06,0.0,0.0,1.4305115e-06
272.57886,0.41583133,0.032680433,0.12456888,0.3839823,2015-01-24 08:00:00,0.0,7.0563834e-07,0.0,0.0,7.0563834e-07
272.5459,0.9367059,0.058755692,0.8129394,0.9300636,2015-01-24 09:00:00,0.0,0.0,0.0,0.0,0.0
271.91528,0.8090483,0.049673107,0.606939,0.68649536,2015-01-24 10:00:00,0.0,0.0,0.0,0.0,0.0
271.97388,0.10270971,0.06205348,0.015865266,0.036164522,2015-01-24 11:00:00,0.0,0.0,0.0,0.0,0.0
271.6333,0.1269607,0.1269607,0.0016249504,0.0,2015-01-24 12:00:00,0.0,0.0,0.0,0.0,0.0
271.54883,0.29787117,0.0911665,0.22656006,0.0,2015-01-24 13:00:00,0.0,0.0,0.0,0.0,0.0
271.46606,0.28040951,0.09907925,0.22309268,0.01234962,2015-01-24 14:00:00,0.0,0.0,0.0,0.0,0.0
272.90234,0.1900062,0.102822065,0.0,0.09972274,2015-01-24 15:00:00,5.0,0.0,0.0,0.0,0.0
273.97925,0.05817472,0.05817472,0.0,0.0,2015-01-24 16:00:00,6.0,0.0,1.6928016e-07,0.0,3.627573e-07
275.15918,0.022488102,0.020384222,0.0,0.002103883,2015-01-24 17:00:00,0.0,0.0,1.8345992e-07,0.0,0.0
276.1045,0.08942318,0.0,0.0,0.08942318,2015-01-24 18:00:00,0.0,0.0,0.0,0.0,0.0
276.2212,0.93256634,0.026925862,0.005832717,0.9291954,2015-01-24 19:00:00,0.0,0.0,0.0,0.0,0.0
276.75293,1.0,0.0,0.13714212,1.0,2015-01-24 20:00:00,0.0,0.0,0.0,0.0,0.0
277.22437,1.0,0.00053172023,0.2024352,1.0,2015-01-24 21:00:00,0.0,0.0,0.0,0.0,0.0
276.14917,1.0,0.005003199,0.33866018,1.0,2015-01-24 22:00:00,0.0,0.0,0.0,0.0,0.0
275.08276,1.0,0.031713877,0.7410155,1.0,2015-01-24 23:00:00,0.0,0.0,0.0,0.0,0.0
274.82153,1.0,0.121947825,0.9807964,1.0,2015-01-25 00:00:00,8.0,7.626828e-07,0.0,0.0,7.626828e-07
274.8628,1.0,0.27510303,1.0,1.0,2015-01-25 01:00:00,1.0,5.9303375e-06,0.0,0.0,5.9303375e-06
275.28345,1.0,0.52957016,0.9899067,0.99946827,2015-01-25 02:00:00,1.0,2.9026181e-05,0.0,0.0,2.9026181e-05
274.8943,1.0,0.6453568,1.0,0.9136076,2015-01-25 03:00:00,1.0,8.327025e-05,0.0,0.0,8.327025e-05
274.96973,1.0,0.53812104,1.0,0.8150903,2015-01-25 04:00:00,7.0,0.00015808246,1.3223093e-05,0.0,0.00015808246
274.88818,1.0,0.96757644,1.0,0.56070423,2015-01-25 05:00:00,6.0,0.00029184343,0.00017004405,0.0,0.0002913666
274.76685,1.0,1.0,1.0,0.60553247,2015-01-25 06:00:00,6.0,0.00047403132,0.00042934553,0.0,0.00047431723
274.25708,1.0,0.9907832,1.0,0.6744584,2015-01-25 07:00:00,5.0,0.00042932923,0.00040969136,0.0,0.00042932923
273.46167,1.0,0.99451786,1.0,0.9367661,2015-01-25 08:00:00,5.0,0.00016665469,0.0001656664,0.0,0.00016665469
271.6848,1.0,0.85608083,1.0,0.95001215,2015-01-25 09:00:00,5.0,5.1827883e-05,5.2152187e-05,0.0,5.2095143e-05
269.56177,1.0,0.86271584,0.9942508,0.97500503,2015-01-25 10:00:00,5.0,2.6526002e-05,2.621612e-05,0.0,2.614467e-05
268.9724,0.98841804,0.6768799,0.9646833,0.9799832,2015-01-25 11:00:00,5.0,9.713641e-06,9.618145e-06,0.0,9.618145e-06
268.67114,0.9949968,0.577458,0.9314976,0.98999023,2015-01-25 12:00:00,5.0,2.5572344e-06,2.5043573e-06,0.0,2.5758181e-06
268.15552,0.98563,0.43427467,0.7237417,0.978915,2015-01-25 13:00:00,5.0,9.728992e-07,1.1542779e-06,0.0,1.2401615e-06
267.83496,0.79345495,0.25290686,0.35643226,0.693871,2015-01-25 14:00:00,5.0,7.6332435e-07,8.681121e-07,0.0,9.728992e-07
267.32983,0.36050314,0.16225189,0.14119405,0.19059879,2015-01-25 15:00:00,0.0,7.6332435e-07,6.67989e-07,0.0,7.6332435e-07
267.45044,0.49557626,0.25941408,0.14120364,0.25283724,2015-01-25 16:00:00,0.0,1.9099144e-07,3.8166218e-07,0.0,1.9099144e-07
267.87085,0.45937288,0.28850722,0.18891984,0.0,2015-01-25 17:00:00,0.0,9.549569e-08,1.9083109e-07,0.0,9.549569e-08
268.4192,0.41094828,0.27178586,0.18262976,0.0,2015-01-25 18:00:00,0.0,0.0,2.3873934e-08,0.0,0.0
268.87573,0.3563581,0.0592764,0.3213929,0.0,2015-01-25 19:00:00,0.0,0.0,2.3873934e-08,0.0,0.0
269.47314,0.29124033,0.049266633,0.25680685,0.0,2015-01-25 20:00:00,0.0,0.0,0.0,0.0,0.0
269.84668,0.09136385,0.04494983,0.05092287,0.0,2015-01-25 21:00:00,0.0,0.0,0.0,0.0,0.0
269.72876,0.03753973,0.014301442,0.0,0.02323829,2015-01-25 22:00:00,0.0,0.0,0.0,0.0,0.0
269.74683,0.08594477,0.05215243,0.00894969,0.029317524,2015-01-25 23:00:00,0.0,0.0,0.0,0.0,0.0
269.41602,0.92893755,0.045014318,0.063328564,0.88373876,2015-01-26 00:00:00,0.0,0.0,0.0,0.0,0.0
268.67017,0.9626798,0.031255372,0.10742855,0.95736194,2015-01-26 01:00:00,0.0,0.0,0.0,0.0,0.0
268.4077,0.99946827,0.007945243,0.919598,0.9912646,2015-01-26 02:00:00,0.0,0.0,0.0,0.0,0.0
268.3484,1.0,0.01938827,0.99627113,0.9834426,2015-01-26 03:00:00,0.0,0.0,0.0,0.0,0.0
268.44067,0.9918322,0.048157137,0.98972833,0.85709834,2015-01-26 04:00:00,5.0,0.0,0.0,0.0,0.0
268.6194,1.0,0.11384517,1.0,0.96576154,2015-01-26 05:00:00,5.0,0.0,0.0,0.0,0.0
269.15088,1.0,0.14826238,0.99627113,0.9872073,2015-01-26 06:00:00,5.0,0.0,0.0,0.0,0.0
268.52124,0.9766327,0.31595474,0.95216274,0.9283677,2015-01-26 07:00:00,5.0,6.027126e-06,5.5530136e-06,0.0,5.74128e-06
268.73315,0.99627113,0.5939427,0.98836523,0.8842233,2015-01-26 08:00:00,5.0,2.2813852e-05,2.2720604e-05,0.0,2.2813852e-05
268.69922,1.0,0.98376125,0.93507457,0.37723362,2015-01-26 09:00:00,5.0,0.00036474783,0.00036478112,0.00031017722,5.449404e-05
270.24414,0.85094845,0.50101364,0.76599693,0.0010573287,2015-01-26 10:00:00,5.0,0.0013530971,0.0013530301,0.0012983449,5.4751596e-05
270.46313,0.8489901,0.06516534,0.8489901,0.0,2015-01-26 11:00:00,5.0,0.001649129,0.0016489881,0.0015624547,8.649276e-05
270.55835,0.79450655,0.18882167,0.77393615,0.0,2015-01-26 12:00:00,5.0,0.00026835199,0.00026838528,0.000111491274,0.00015681308
271.03955,0.45634365,0.44150847,0.1136176,0.0,2015-01-26 13:00:00,5.0,0.0001289162,0.00012868972,0.0,0.0001289162
271.63135,0.41655755,0.38925815,0.18838066,0.0,2015-01-26 14:00:00,5.0,3.7716163e-05,3.7775273e-05,0.0,3.7734746e-05
273.54688,0.30522978,0.29376185,0.09119022,0.0,2015-01-26 15:00:00,5.0,6.7103038e-06,6.908588e-06,0.0,6.7679894e-06
274.4524,0.25743312,0.25528252,0.12143844,0.0,2015-01-26 16:00:00,1.0,1.7541661e-06,1.7133862e-06,0.0,1.7541661e-06
275.8457,0.1853975,0.08707684,0.16522735,0.0,2015-01-26 17:00:00,1.0,4.7683716e-07,1.09595305e-07,0.0,4.7683716e-07
276.78833,0.19701946,0.13871044,0.16161513,0.0,2015-01-26 18:00:00,0.0,9.549569e-08,0.0,0.0,9.549569e-08
277.56958,0.50067973,0.47009206,0.09745997,0.04646091,2015-01-26 19:00:00,0.0,2.6726157e-06,0.0,2.5389845e-06,0.0
278.30176,0.8708855,0.86252385,0.49304408,0.00053172023,2015-01-26 20:00:00,1.0,5.7308047e-05,0.0,5.4788616e-05,2.519434e-06
277.80054,0.7872118,0.77637005,0.5799911,0.0,2015-01-26 21:00:00,1.0,1.4266663e-05,0.0,4.003755e-06,1.0262908e-05
277.12427,0.85616267,0.85616267,0.083572865,0.0,2015-01-26 22:00:00,1.0,2.7846865e-05,0.0,2.2668319e-05,5.3028853e-06
276.98853,0.85565335,0.85565335,0.0,0.0,2015-01-26 23:00:00,1.0,3.5565303e-05,0.0,2.5963847e-05,9.210494e-06
276.5796,0.90387696,0.90387696,0.0,0.0,2015-01-27 00:00:00,0.0,1.6379025e-05,0.0,9.772238e-06,6.826308e-06
276.41504,0.94959104,0.94959104,0.0,0.0,2015-01-27 01:00:00,0.0,7.0563834e-07,0.0,9.549569e-08,6.101426e-07
276.24634,0.99420315,0.99420315,0.0,0.0,2015-01-27 02:00:00,0.0,0.0,0.0,0.0,0.0
275.08423,0.9920993,0.9920993,0.0,0.0,2015-01-27 03:00:00,6.0,0.0,0.0,0.0,0.0
275.01514,0.99629015,0.99629015,0.0,0.0,2015-01-27 04:00:00,6.0,0.0,0.0,0.0,0.0
275.1189,0.9512669,0.9512669,0.0,0.0,2015-01-27 05:00:00,6.0,0.0,2.3873934e-08,0.0,0.0
274.62793,0.9365519,0.9365519,0.0,0.0,2015-01-27 06:00:00,5.0,0.0,4.7747868e-08,0.0,0.0
274.37744,0.94256884,0.94256884,0.0,0.0,2015-01-27 07:00:00,6.0,5.9091695e-07,4.979848e-07,0.0,5.9091695e-07
274.4646,0.9672601,0.9672601,0.0,0.0,2015-01-27 08:00:00,6.0,1.6772547e-06,1.7296488e-06,0.0,1.6772547e-06
273.7224,0.975124,0.975124,0.0,0.0,2015-01-27 09:00:00,6.0,1.2209357e-06,1.092274e-06,0.0,1.1254397e-06
273.8518,0.9571942,0.9571942,0.0,0.0,2015-01-27 10:00:00,5.0,1.2209357e-06,1.134892e-06,0.0,1.1254397e-06
273.8103,0.95454544,0.95118433,0.0,0.01173529,2015-01-27 11:00:00,5.0,2.785403e-06,2.7951783e-06,0.0,3.0526644e-06
273.84058,0.87993866,0.8732066,0.0,0.06797254,2015-01-27 12:00:00,5.0,4.0454406e-06,3.887936e-06,0.0,4.0454406e-06
273.7627,0.85442334,0.85442334,0.0,0.0063116476,2015-01-27 13:00:00,5.0,2.3854773e-06,2.2564927e-06,0.0,2.3854773e-06
273.7566,0.75485957,0.75485957,0.0,0.0033782488,2015-01-27 14:00:00,5.0,1.9099144e-07,5.8675437e-07,0.0,5.7233285e-07
273.54004,0.8872674,0.8838892,0.0,0.014106251,2015-01-27 15:00:00,5.0,0.0,1.1920929e-07,0.0,0.0
273.22778,0.9865309,0.9865309,0.0,0.0,2015-01-27 16:00:00,5.0,0.0,0.0,0.0,0.0
273.01294,1.0,1.0,0.0,0.0,2015-01-27 17:00:00,5.0,0.0,0.0,0.0,0.0
273.13354,1.0,1.0,0.0,0.0,2015-01-27 18:00:00,6.0,0.0,0.0,0.0,0.0
273.10034,1.0,1.0,0.0,0.12819636,2015-01-27 19:00:00,6.0,0.0,0.0,0.0,0.0
273.18872,1.0,1.0,0.0016249504,0.0,2015-01-27 20:00:00,6.0,0.0,0.0,0.0,0.0
273.46558,0.99629015,0.99304026,0.22393388,0.0,2015-01-27 21:00:00,6.0,0.0,0.0,0.0,0.0
273.1106,1.0,1.0,0.9253419,0.0,2015-01-27 22:00:00,0.0,0.0,0.0,0.0,0.0
273.489,0.9636693,0.9636693,0.0,0.0,2015-01-27 23:00:00,0.0,0.0,0.0,0.0,0.0
273.38843,0.9347361,0.89956087,0.0,0.41803634,2015-01-28 00:00:00,0.0,0.0,0.0,0.0,0.0
273.24976,0.9007204,0.81364757,0.0960533,0.32582504,2015-01-28 01:00:00,0.0,0.0,0.0,0.0,0.0
272.83374,0.6529881,0.6125211,0.09740633,0.04777881,2015-01-28 02:00:00,0.0,0.0,0.0,0.0,0.0
272.44067,0.5260809,0.4575891,0.018745128,0.18816924,2015-01-28 03:00:00,0.0,0.0,0.0,0.0,0.0
272.41724,0.8033444,0.27954662,0.0,0.757968,2015-01-28 04:00:00,0.0,0.0,0.0,0.0,0.0
272.2151,0.9330919,0.1255489,0.0,0.9189283,2015-01-28 05:00:00,0.0,0.0,0.0,0.0,0.0
271.87573,0.85951346,0.07233524,0.0,0.84882134,2015-01-28 06:00:00,0.0,0.0,0.0,0.0,0.0
271.71655,0.712861,0.0360184,0.0,0.70375794,2015-01-28 07:00:00,0.0,0.0,3.3407698e-08,0.0,0.0
271.4922,0.98374844,0.009103052,0.0,0.98374844,2015-01-28 08:00:00,0.0,0.0,0.0,0.0,0.0
271.14087,0.8546103,0.011474017,0.0,0.84887207,2015-01-28 09:00:00,0.0,0.0,0.0,0.0,0.0
271.49023,0.98879635,0.00737416,0.0,0.98879635,2015-01-28 10:00:00,5.0,0.0,0.0,0.0,0.0
271.39966,0.9757226,0.02199503,0.0,0.9683558,2015-01-28 11:00:00,0.0,0.0,0.0,0.0,0.0
271.38013,0.98999023,0.046684884,0.0,0.98999023,2015-01-28 12:00:00,5.0,0.0,0.0,0.0,0.0
271.43628,0.9559955,0.14078063,0.0,0.95336604,2015-01-28 13:00:00,5.0,0.0,0.0,0.0,0.0
271.29834,0.99451786,0.18893963,0.0,0.9878863,2015-01-28 14:00:00,5.0,0.0,0.0,0.0,0.0
271.48364,0.9870936,0.29975027,0.0,0.9565631,2015-01-28 15:00:00,0.0,0.0,0.0,0.0,0.0
271.60303,0.98999023,0.060439695,0.0,0.98999023,2015-01-28 16:00:00,0.0,0.0,0.0,0.0,0.0
271.71387,0.9816359,0.0050234497,0.0,0.9816359,2015-01-28 17:00:00,0.0,0.0,0.0,0.0,0.0
271.84888,0.99657166,0.004474845,0.03889618,0.99657166,2015-01-28 18:00:00,0.0,0.0,0.0,0.0,0.0
272.0586,0.997629,0.0,0.5282636,0.9955251,2015-01-28 19:00:00,0.0,0.0001050338,0.0,0.00010516743,0.0
272.53418,0.9978961,0.013259664,0.4565435,0.9957922,2015-01-28 20:00:00,0.0,0.000121304955,0.0,0.00012116204,0.0
273.10034,0.935561,0.009478044,0.360331,0.924833,2015-01-28 21:00:00,0.0,0.0,0.0,0.0,0.0
272.63867,0.9989426,0.96016186,0.2682792,0.9313231,2015-01-28 22:00:00,1.0,0.0,0.0,1.9067068e-07,0.0
272.80615,0.99577534,0.97515976,0.2890796,0.92234844,2015-01-28 23:00:00,6.0,0.0,0.0,0.0,0.0
272.67676,0.99946827,0.9769966,0.3560781,0.92299616,2015-01-29 00:00:00,5.0,0.0,0.0,0.0,0.0
272.58643,0.9989426,0.99841094,0.53744143,0.7104685,2015-01-29 01:00:00,8.0,9.725819e-06,0.0,9.592188e-06,0.0
272.55127,1.0,1.0,0.6024186,0.5354557,2015-01-29 02:00:00,5.0,3.967879e-06,0.0,3.8060507e-06,0.0
272.3562,1.0,1.0,0.617908,0.8083054,2015-01-29 03:00:00,5.0,6.101426e-07,0.0,5.623947e-07,0.0
272.36646,1.0,0.9858102,0.8480892,0.759819,2015-01-29 04:00:00,5.0,0.0,4.7667676e-08,0.0,0.0
272.38354,0.9978961,0.97215784,0.9073276,0.90368956,2015-01-29 05:00:00,8.0,7.440987e-07,3.7669537e-07,9.549569e-08,6.4860296e-07
272.57666,1.0,0.9894646,0.8568445,0.8819228,2015-01-29 06:00:00,5.0,5.74128e-06,2.963895e-06,0.0,5.74128e-06
272.90186,0.99371904,0.97492385,0.56792015,0.8795458,2015-01-29 07:00:00,5.0,1.1138361e-05,1.1050317e-05,0.0,1.1138361e-05
273.11987,1.0,0.9989426,0.3133703,0.8264122,2015-01-29 08:00:00,5.0,1.1882468e-05,1.1753807e-05,0.0,1.1882468e-05
273.719,1.0,1.0,0.6012492,0.21048266,2015-01-29 09:00:00,6.0,1.3866728e-05,1.3895168e-05,0.0,1.3866728e-05
273.69946,0.998375,0.998375,0.80979407,0.0,2015-01-29 10:00:00,6.0,1.5908023e-05,1.585795e-05,0.0,1.5908023e-05
273.77075,0.94396776,0.94396776,0.35617667,0.0,2015-01-29 11:00:00,5.0,1.7491053e-05,1.7390921e-05,0.0,1.728149e-05
273.66968,0.9904657,0.9904657,0.021653749,0.0,2015-01-29 12:00:00,5.0,1.5050487e-05,1.4943053e-05,1.432436e-07,1.4859495e-05
273.35645,1.0,1.0,0.0,0.0,2015-01-29 13:00:00,5.0,9.28999e-06,9.125436e-06,0.0,9.28999e-06
273.00977,0.9758038,0.9758038,0.0,0.0,2015-01-29 14:00:00,5.0,6.790441e-06,6.7737783e-06,0.0,6.790441e-06
272.43042,0.997629,0.997629,0.0,0.0,2015-01-29 15:00:00,5.0,8.982985e-06,8.696496e-06,0.0,8.715723e-06
272.2024,0.99675006,0.99675006,0.0,0.0,2015-01-29 16:00:00,5.0,2.4226365e-06,2.5891914e-06,0.0,2.650796e-06
272.1006,1.0,1.0,0.0,0.0,2015-01-29 17:00:00,5.0,6.864127e-07,5.744142e-07,0.0,6.864127e-07
272.083,1.0,1.0,0.0,0.0,2015-01-29 18:00:00,5.0,0.0,1.5966617e-07,0.0,1.14079796e-07
271.8662,0.9845358,0.9845358,0.0,0.0,2015-01-29 19:00:00,5.0,6.864127e-07,4.1947413e-07,0.0,2.0957555e-07
271.49097,0.53387827,0.53387827,0.0,0.0,2015-01-29 20:00:00,0.0,0.0,0.0,0.0,0.0
270.9839,0.08874345,0.08874345,0.0,0.0,2015-01-29 21:00:00,0.0,0.0,0.0,0.0,0.0
269.8037,0.0,0.0,0.0,0.0,2015-01-29 22:00:00,0.0,0.0,0.0,0.0,0.0
269.20093,0.026925862,0.026925862,0.0,0.0,2015-01-29 23:00:00,0.0,0.0,0.0,0.0,0.0
268.5996,0.053876135,0.053876135,0.0,0.0,2015-01-30 00:00:00,0.0,0.0,0.0,0.0,0.0
267.73364,0.0,0.0,0.0,0.0,2015-01-30 01:00:00,0.0,0.0,0.0,0.0,0.0
266.9912,0.0,0.0,0.0,0.0,2015-01-30 02:00:00,0.0,0.0,0.0,0.0,0.0
265.34424,0.0,0.0,0.0,0.0,2015-01-30 03:00:00,0.0,0.0,0.0,0.0,0.0
265.1289,0.0,0.0,0.0,0.0,2015-01-30 04:00:00,0.0,0.0,0.0,0.0,0.0
264.18066,0.0,0.0,0.0,0.0,2015-01-30 05:00:00,0.0,0.0,0.0,0.0,0.0
263.86572,0.0,0.0,0.0,0.0,2015-01-30 06:00:00,0.0,0.0,0.0,0.0,0.0
263.63574,0.0,0.0,0.0,0.0,2015-01-30 07:00:00,0.0,0.0,0.0,0.0,0.0
263.19946,0.0,0.0,0.0,0.0,2015-01-30 08:00:00,0.0,0.0,0.0,0.0,0.0
261.7732,0.0,0.0,0.0,0.0,2015-01-30 09:00:00,0.0,0.0,0.0,0.0,0.0
261.15552,0.0,0.0,0.0,0.0,2015-01-30 10:00:00,0.0,0.0,0.0,0.0,0.0
261.4336,0.0,0.0,0.0,0.0,2015-01-30 11:00:00,0.0,0.0,0.0,0.0,0.0
261.23145,0.2377811,0.0,0.2377811,0.0,2015-01-30 12:00:00,0.0,0.0,0.0,0.0,0.0
261.0979,0.59607726,0.0,0.5944523,0.020140894,2015-01-30 13:00:00,0.0,0.0,0.0,0.0,0.0
261.29932,0.99683875,0.0,0.996307,0.20931667,2015-01-30 14:00:00,0.0,0.0,0.0,0.0,0.0
262.92334,0.8537909,0.0,0.8537909,0.0033782488,2015-01-30 15:00:00,0.0,0.0,0.0,0.0,0.0
263.64648,0.8108077,0.0,0.8108077,0.0067320913,2015-01-30 16:00:00,0.0,0.0,0.0,0.0,0.0
264.49927,0.9189203,0.0,0.9189203,0.06943464,2015-01-30 17:00:00,0.0,0.0,0.0,0.0,0.0
265.44604,0.86832076,0.0,0.8650537,0.121742666,2015-01-30 18:00:00,0.0,0.0,2.8519953e-08,0.0,0.0
266.20044,0.8218052,0.0,0.81845134,0.05650935,2015-01-30 19:00:00,0.0,0.0,0.0,0.0,0.0
267.3313,0.4454084,0.0,0.4454084,0.0,2015-01-30 20:00:00,0.0,0.0,0.0,0.0,0.0
269.0398,0.013471484,0.0,0.013471484,0.0,2015-01-30 21:00:00,0.0,0.0,0.0,0.0,0.0
269.0398,0.0,0.0,0.0,0.0,2015-01-30 22:00:00,0.0,0.0,0.0,0.0,0.0
269.18066,0.15866667,0.0,0.0067320913,0.15866667,2015-01-30 23:00:00,0.0,0.0,0.0,0.0,0.0
268.9817,0.49341613,0.0,0.046714716,0.48724645,2015-01-31 00:00:00,0.0,0.0,0.0,0.0,0.0
268.84106,0.073482096,0.0,0.021497924,0.073482096,2015-01-31 01:00:00,0.0,0.0,0.0,0.0,0.0
268.74023,0.0,0.0,0.0,0.0,2015-01-31 02:00:00,0.0,0.0,0.0,0.0,0.0
268.46875,0.0,0.0,0.0,0.0,2015-01-31 03:00:00,0.0,0.0,0.0,0.0,0.0
268.67578,0.0,0.0,0.0,0.0,2015-01-31 04:00:00,0.0,0.0,0.0,0.0,0.0
268.26074,0.0,0.0,0.0,0.0,2015-01-31 05:00:00,0.0,0.0,0.0,0.0,0.0
268.28027,0.0,0.0,0.0,0.0,2015-01-31 06:00:00,0.0,0.0,0.0,0.0,0.0
268.34253,0.0,0.0,0.0,0.0,2015-01-31 07:00:00,0.0,0.0,0.0,0.0,0.0
268.1809,0.13746,0.0,0.0,0.13746,2015-01-31 08:00:00,0.0,0.0,0.0,0.0,0.0
267.1599,0.37101352,0.0,0.0,0.37101352,2015-01-31 09:00:00,0.0,0.0,0.0,0.0,0.0
267.39258,0.7443449,0.0,0.0,0.7443449,2015-01-31 10:00:00,0.0,0.0,0.0,0.0,0.0
267.22656,0.0,0.0,0.0,0.0,2015-01-31 11:00:00,0.0,0.0,0.0,0.0,0.0
267.39502,0.25392854,0.0,0.0,0.25392854,2015-01-31 12:00:00,0.0,0.0,0.0,0.0,0.0
267.88965,0.9942508,0.0,0.0,0.9942508,2015-01-31 13:00:00,0.0,0.0,0.0,0.0,0.0
268.21753,0.99946827,0.14973438,0.061115433,0.99946827,2015-01-31 14:00:00,5.0,0.0,0.0,0.0,0.0
269.9402,1.0,0.121430755,0.47438306,1.0,2015-01-31 15:00:00,5.0,0.0,0.0,0.0,0.0
269.8318,0.9966217,0.065871775,0.41990334,0.9966217,2015-01-31 16:00:00,0.0,0.0,0.0,0.0,0.0
270.07056,1.0,0.18882161,0.200347,1.0,2015-01-31 17:00:00,0.0,0.0,0.0,0.0,0.0
270.17554,1.0,0.21797568,0.3306527,1.0,2015-01-31 18:00:00,0.0,0.0,0.0,0.0,0.0
270.2964,0.99001795,0.32153326,0.057377655,0.97816896,2015-01-31 19:00:00,0.0,0.0,0.0,0.0,0.0
270.37402,0.9966217,0.27469206,0.06975496,0.9910895,2015-01-31 20:00:00,0.0,0.0,0.0,0.0,0.0
270.58594,0.95471543,0.16872299,0.06377226,0.95418984,2015-01-31 21:00:00,0.0,0.0,0.0,0.0,0.0
270.37183,0.9949968,0.2500252,0.1600653,0.9949968,2015-01-31 22:00:00,0.0,0.0,0.0,0.0,0.0
270.1897,1.0,0.05249522,0.23074168,1.0,2015-01-31 23:00:00,0.0,0.0,0.0,0.0,0.0
269.9668,1.0,0.08888739,0.26866782,1.0,2015-02-01 00:00:00,0.0,0.0,1.1936965e-08,0.0,0.0
269.6953,1.0,0.24861616,0.41361982,1.0,2015-02-01 01:00:00,5.0,9.549569e-08,4.7747868e-08,0.0,9.549569e-08
269.2693,1.0,0.32049763,0.6647991,1.0,2015-02-01 02:00:00,5.0,1.6215026e-06,1.5500409e-06,0.0,1.6215026e-06
267.9751,1.0,0.31206286,0.76911956,0.98999023,2015-02-01 03:00:00,5.0,1.1272967e-05,1.13444285e-05,0.0,1.1272967e-05
267.7798,1.0,0.52437335,0.8997483,1.0,2015-02-01 04:00:00,5.0,3.2636424e-05,3.2624477e-05,0.0,3.2636424e-05
267.1516,1.0,0.6413061,0.9179782,1.0,2015-02-01 05:00:00,5.0,5.9936647e-05,5.9784186e-05,0.0,5.9936647e-05
266.05396,1.0,0.6456611,0.959126,1.0,2015-02-01 06:00:00,5.0,9.961797e-05,9.9624696e-05,0.0,9.9732046e-05
265.27344,1.0,0.641025,0.94869435,1.0,2015-02-01 07:00:00,5.0,9.2319286e-05,9.2292845e-05,0.0,9.2319286e-05
264.92456,1.0,0.6651139,0.9671154,1.0,2015-02-01 08:00:00,5.0,0.00012452311,0.00012452302,0.0,0.00012452311
263.77808,1.0,0.8535571,0.9810683,1.0,2015-02-01 09:00:00,5.0,0.000166488,0.00016652116,0.0,0.000166488
262.9502,1.0,0.8824908,1.0,1.0,2015-02-01 10:00:00,5.0,0.00021988733,0.00021999692,0.0,0.00021988733
262.79468,1.0,0.7868826,0.9566051,1.0,2015-02-01 11:00:00,5.0,0.00024098284,0.00024097564,0.0,0.00024098284
262.7964,1.0,0.7161819,0.99001795,1.0,2015-02-01 12:00:00,5.0,0.00022510301,0.00022516261,0.0,0.00022510301
262.64404,1.0,0.80252683,1.0,1.0,2015-02-01 13:00:00,5.0,0.00019661458,0.0001965907,0.0,0.00019661458
262.42822,1.0,0.6432496,0.98999023,1.0,2015-02-01 14:00:00,5.0,0.00015865604,0.00015842963,0.0,0.00015827469
262.22095,1.0,0.26221687,0.94659805,1.0,2015-02-01 15:00:00,5.0,9.9134064e-05,9.939379e-05,0.0,9.96109e-05
262.23535,1.0,0.38633317,0.9805366,1.0,2015-02-01 16:00:00,5.0,6.116909e-05,6.1119266e-05,0.0,6.105502e-05
262.9856,1.0,0.27412295,0.9619121,1.0,2015-02-01 17:00:00,5.0,3.743748e-05,3.7458944e-05,0.0,3.753297e-05
263.39575,0.9966217,0.132115,0.95131123,0.9912679,2015-02-01 18:00:00,5.0,1.8281324e-05,1.8366874e-05,0.0,1.8281324e-05
263.9768,0.998375,0.07888001,0.4298991,0.99675006,2015-02-01 19:00:00,0.0,3.3590095e-06,3.2777734e-06,0.0,3.3590095e-06
264.38892,1.0,0.04785186,0.21524131,1.0,2015-02-01 20:00:00,0.0,2.864872e-07,3.6275503e-07,0.0,2.864872e-07
264.86157,0.998375,0.004235424,0.20308065,0.998375,2015-02-01 21:00:00,0.0,9.549569e-08,4.7747868e-08,0.0,9.549569e-08
264.22168,0.9550559,0.033195093,0.078379154,0.9500698,2015-02-01 22:00:00,0.0,0.0,0.0,0.0,0.0
263.8462,0.63052016,0.043520305,0.013847634,0.62331027,2015-02-01 23:00:00,0.0,0.0,0.0,0.0,0.0
263.1809,0.52188134,0.004767146,0.0,0.51923496,2015-02-02 00:00:00,0.0,0.0,0.0,0.0,0.0
262.4973,0.4934222,0.0,0.047525752,0.45776528,2015-02-02 01:00:00,0.0,0.0,0.0,0.0,0.0
261.95703,0.27455664,0.0,0.17556095,0.11639708,2015-02-02 02:00:00,0.0,0.0,0.0,0.0,0.0
259.8816,0.04079866,0.0,0.04079866,0.0,2015-02-02 03:00:00,0.0,0.0,0.0,0.0,0.0
259.70752,0.0,0.0,0.0,0.0,2015-02-02 04:00:00,0.0,0.0,0.0,0.0,0.0
259.2256,0.0,0.0,0.0,0.0,2015-02-02 05:00:00,0.0,0.0,0.0,0.0,0.0
258.61743,0.0,0.0,0.0,0.0,2015-02-02 06:00:00,0.0,0.0,0.0,0.0,0.0
257.8684,0.0,0.0,0.0,0.0,2015-02-02 07:00:00,0.0,0.0,0.0,0.0,0.0
257.47778,0.0,0.0,0.0,0.0,2015-02-02 08:00:00,0.0,0.0,0.0,0.0,0.0
257.1797,0.011408862,0.0,0.0,0.011408862,2015-02-02 09:00:00,0.0,0.0,0.0,0.0,0.0
256.33398,0.06560159,0.0,0.0,0.06560159,2015-02-02 10:00:00,0.0,0.0,0.0,0.0,0.0
256.24414,0.094519556,0.0,0.029367592,0.06679398,2015-02-02 11:00:00,0.0,0.0,0.0,0.0,0.0
256.3474,0.99629015,0.0,0.41263992,0.99629015,2015-02-02 12:00:00,0.0,0.0,0.0,0.0,0.0
255.99438,0.9882146,0.0,0.8766104,0.980757,2015-02-02 13:00:00,0.0,0.0,0.0,0.0,0.0
255.87785,0.98211485,0.0,0.96827567,0.96019495,2015-02-02 14:00:00,0.0,0.0,0.0,0.0,0.0
258.45068,0.9152387,0.0,0.8463883,0.8471086,2015-02-02 15:00:00,0.0,0.0,0.0,0.0,0.0
259.72266,0.8987061,0.0,0.43900907,0.8953278,2015-02-02 16:00:00,0.0,0.0,0.0,0.0,0.0
260.99976,1.0,0.0,0.99946827,0.9989426,2015-02-02 17:00:00,0.0,0.0,0.0,0.0,0.0
261.8899,1.0,0.0,1.0,1.0,2015-02-02 18:00:00,0.0,0.0,0.0,0.0,0.0
262.76392,1.0,0.0,1.0,1.0,2015-02-02 19:00:00,5.0,0.0,0.0,0.0,0.0
263.3269,1.0,0.0,1.0,1.0,2015-02-02 20:00:00,5.0,0.0,4.7667676e-08,0.0,0.0
264.635,1.0,0.0,1.0,1.0,2015-02-02 21:00:00,5.0,4.7683716e-07,3.9568158e-07,0.0,4.7683716e-07
263.86182,1.0,0.0,1.0,1.0,2015-02-02 22:00:00,5.0,1.3164308e-06,1.3734707e-06,0.0,1.3164308e-06
263.4265,0.998375,0.0,0.98675096,0.99675006,2015-02-02 23:00:00,5.0,2.709775e-06,2.6902235e-06,0.0,2.8238546e-06
263.29785,0.9464023,0.0,0.89666736,0.7874051,2015-02-03 00:00:00,0.0,1.0305857e-06,8.9695516e-07,0.0,7.6332435e-07
262.73657,0.42770684,0.0,0.42559218,0.017479539,2015-02-03 01:00:00,0.0,9.549569e-08,2.3873934e-08,0.0,0.0
262.1145,0.16839242,0.0,0.16839242,0.0,2015-02-03 02:00:00,0.0,0.0,0.0,0.0,0.0
261.12646,0.018346336,0.0,0.018346336,0.0,2015-02-03 03:00:00,0.0,0.0,0.0,0.0,0.0
260.7566,0.0,0.0,0.0,0.0,2015-02-03 04:00:00,0.0,0.0,0.0,0.0,0.0
260.2124,0.0,0.0,0.0,0.0,2015-02-03 05:00:00,0.0,0.0,0.0,0.0,0.0
259.45898,0.4996069,0.0,0.063976645,0.4996069,2015-02-03 06:00:00,0.0,0.0,0.0,0.0,0.0
259.1692,0.67991537,0.0,0.37216175,0.6757076,2015-02-03 07:00:00,0.0,0.0,0.0,0.0,0.0
258.80444,0.96808183,0.0,0.8078155,0.958325,2015-02-03 08:00:00,0.0,0.0,0.0,0.0,0.0
258.9026,0.9966217,0.0,0.97947925,0.9369737,2015-02-03 09:00:00,0.0,0.0,0.0,0.0,0.0
259.41528,1.0,0.0,0.9616442,0.9800109,2015-02-03 10:00:00,5.0,0.0,0.0,0.0,0.0
259.3252,0.99946827,0.0,0.9284036,0.99393606,2015-02-03 11:00:00,0.0,0.0,0.0,0.0,0.0
259.31348,0.9726334,0.0,0.8527196,0.9649946,2015-02-03 12:00:00,0.0,0.0,0.0,0.0,0.0
259.37915,0.9747373,0.0,0.9311112,0.9715761,2015-02-03 13:00:00,5.0,0.0,0.0,0.0,0.0
259.94165,1.0,0.0,1.0,0.99675006,2015-02-03 14:00:00,5.0,9.158646e-07,6.9635087e-07,0.0,7.440987e-07
261.97876,1.0,0.0,0.98927194,0.9805366,2015-02-03 15:00:00,5.0,2.7091328e-06,2.7854012e-06,0.0,2.8046288e-06
262.42773,1.0,0.0,1.0,1.0,2015-02-03 16:00:00,5.0,3.5487274e-06,3.6679367e-06,0.0,3.5487274e-06
263.36108,1.0,0.0,1.0,0.95581144,2015-02-03 17:00:00,5.0,1.7345636e-05,1.7512444e-05,0.0,1.7345636e-05
264.11572,1.0,0.0,1.0,0.98551536,2015-02-03 18:00:00,5.0,0.00014357506,0.00014372745,0.0,0.00014357506
264.14795,1.0,0.0,1.0,0.92831564,2015-02-03 19:00:00,5.0,0.00024635834,0.0002463963,0.0,0.00024656788
264.1372,1.0,0.14715958,1.0,0.7129226,2015-02-03 20:00:00,5.0,0.00045537972,0.0004554605,0.0,0.0004554938
264.3706,1.0,0.45251334,1.0,0.8172398,2015-02-03 21:00:00,5.0,0.00046991394,0.00046980847,0.0,0.00046964665
263.66675,1.0,0.5923403,1.0,0.06261784,2015-02-03 22:00:00,5.0,0.00032180594,0.00032171514,0.0,0.00032180594
263.76636,0.9467621,0.7898152,0.90172863,0.0,2015-02-03 23:00:00,5.0,0.00013048982,0.0001302897,0.0,0.00013048982
263.81885,0.8773343,0.74759156,0.80421066,0.0,2015-02-04 00:00:00,5.0,2.391488e-05,2.4153298e-05,0.0,2.391488e-05
263.4917,0.9422238,0.8720929,0.91274714,0.0,2015-02-04 01:00:00,5.0,7.3243136e-06,7.4126e-06,0.0,7.3243136e-06
263.38574,0.5012626,0.49625945,0.18823975,0.0,2015-02-04 02:00:00,0.0,9.728992e-07,1.1755874e-06,0.0,9.728992e-07
262.36816,0.067206085,0.053727347,0.013471484,0.0,2015-02-04 03:00:00,5.0,0.0,3.5810903e-08,0.0,0.0
262.52808,0.23143357,0.22807246,0.057802066,0.0,2015-02-04 04:00:00,5.0,0.0,9.773851e-08,0.0,0.0
262.13452,0.5017612,0.4247403,0.11556864,0.10855442,2015-02-04 05:00:00,5.0,0.0,5.9604645e-08,0.0,0.0
262.06665,0.46817005,0.21310294,0.06495851,0.33050454,2015-02-04 06:00:00,5.0,0.0,4.7667676e-08,0.0,0.0
261.8755,0.46151716,0.25798386,0.37070954,0.046151288,2015-02-04 07:00:00,5.0,2.0976977e-06,2.0120578e-06,0.0,2.0976977e-06
260.88086,0.80896187,0.44620025,0.6969825,0.1462676,2015-02-04 08:00:00,5.0,1.4493539e-05,1.4460375e-05,0.0,1.4398044e-05
259.86816,0.86986077,0.47864473,0.82082856,0.14631575,2015-02-04 09:00:00,5.0,2.2444656e-05,2.2556487e-05,0.0,2.2444656e-05
261.78174,0.9306182,0.6229203,0.90669894,0.0058244728,2015-02-04 10:00:00,5.0,1.1575463e-05,1.1542217e-05,0.0,1.1575463e-05
261.56226,0.90796727,0.61711854,0.86627686,0.21784586,2015-02-04 11:00:00,5.0,4.824765e-06,4.877401e-06,0.0,4.824765e-06
261.2273,0.8426757,0.57065964,0.74369264,0.2731812,2015-02-04 12:00:00,5.0,1.9259323e-06,1.9760837e-06,0.0,2.0214284e-06
260.8401,0.80838484,0.6941515,0.53440547,0.20129806,2015-02-04 13:00:00,0.0,5.9091695e-07,6.719923e-07,0.0,5.9091695e-07
260.46948,0.47400153,0.4729442,0.004767146,0.0010573287,2015-02-04 14:00:00,5.0,0.0,1.3819545e-07,0.0,0.0
261.29175,0.60764277,0.60764277,0.0,0.0,2015-02-04 15:00:00,5.0,2.2815959e-07,3.93197e-07,0.0,2.2815959e-07
261.69482,0.9942508,0.9942508,0.0,0.0,2015-02-04 16:00:00,5.0,5.797665e-06,5.897323e-06,0.0,5.6444833e-06
262.2024,1.0,1.0,0.0,0.0,2015-02-04 17:00:00,5.0,5.722036e-06,5.598181e-06,0.0,5.722036e-06
262.58618,1.0,1.0,0.0,0.0,2015-02-04 18:00:00,5.0,1.8503033e-06,1.9693516e-06,0.0,1.8503033e-06
262.99878,1.0,1.0,0.026925862,0.0,2015-02-04 19:00:00,5.0,5.873935e-06,5.957172e-06,0.0,5.873935e-06
263.01587,1.0,1.0,0.10990822,0.0,2015-02-04 20:00:00,5.0,1.0184695e-05,1.03063885e-05,0.0,1.0451957e-05
263.135,0.98799425,0.98799425,0.0,0.0,2015-02-04 21:00:00,5.0,3.9672277e-06,4.236489e-06,0.0,4.0813075e-06
261.6963,0.19287175,0.19287175,0.0,0.0,2015-02-04 22:00:00,0.0,1.9099144e-07,3.433667e-07,0.0,1.9099144e-07
261.01855,0.0,0.0,0.0,0.0,2015-02-04 23:00:00,0.0,0.0,0.0,0.0,0.0
260.23047,0.0,0.0,0.0,0.0,2015-02-05 00:00:00,0.0,0.0,0.0,0.0,0.0
259.57446,0.0,0.0,0.0,0.0,2015-02-05 01:00:00,0.0,0.0,0.0,0.0,0.0
258.88965,0.0,0.0,0.0,0.0,2015-02-05 02:00:00,0.0,0.0,0.0,0.0,0.0
257.28564,0.0,0.0,0.0,0.0,2015-02-05 03:00:00,0.0,0.0,0.0,0.0,0.0
256.88892,0.0,0.0,0.0,0.0,2015-02-05 04:00:00,0.0,0.0,0.0,0.0,0.0
255.9847,0.0,0.0,0.0,0.0,2015-02-05 05:00:00,0.0,0.0,0.0,0.0,0.0
255.17807,0.0,0.0,0.0,0.0,2015-02-05 06:00:00,0.0,0.0,0.0,0.0,0.0
254.80244,0.0,0.0,0.0,0.0,2015-02-05 07:00:00,0.0,0.0,0.0,0.0,0.0
255.12529,0.5367277,0.0,0.0,0.5367277,2015-02-05 08:00:00,0.0,0.0,0.0,0.0,0.0
255.37602,0.4002174,0.0,0.32295173,0.15950447,2015-02-05 09:00:00,0.0,0.0,0.0,0.0,0.0
252.18088,0.35806394,0.0,0.24346125,0.22067004,2015-02-05 10:00:00,0.0,0.0,0.0,0.0,0.0
252.32231,0.5481736,0.0,0.41620928,0.33262682,2015-02-05 11:00:00,0.0,0.0,0.0,0.0,0.0
252.70679,0.13845229,0.0,0.13845229,0.0033782488,2015-02-05 12:00:00,0.0,0.0,0.0,0.0,0.0
252.77815,0.07752097,0.0,0.07752097,0.0,2015-02-05 13:00:00,0.0,0.0,0.0,0.0,0.0
253.32632,0.20484418,0.0,0.20484418,0.0,2015-02-05 14:00:00,0.0,0.0,0.0,0.0,0.0
257.0149,0.1724984,0.0021207693,0.17037761,0.0,2015-02-05 15:00:00,0.0,0.0,0.0,0.0,0.0
259.03735,0.2137956,0.0,0.2137956,0.0,2015-02-05 16:00:00,0.0,0.0,0.0,0.0,0.0
261.448,0.07580155,0.0,0.07580155,0.0,2015-02-05 17:00:00,0.0,0.0,0.0,0.0,0.0
262.75537,0.011474017,0.0,0.011474017,0.0,2015-02-05 18:00:00,0.0,0.0,0.0,0.0,0.0
263.90625,0.12376523,0.0,0.0,0.12376523,2015-02-05 19:00:00,0.0,0.0,0.0,0.0,0.0
264.5569,0.4944293,0.0,0.0,0.4944293,2015-02-05 20:00:00,0.0,0.0,0.0,0.0,0.0
265.15527,0.16211677,0.0034282913,0.0,0.15868235,2015-02-05 21:00:00,0.0,0.0,0.0,0.0,0.0
264.96802,0.27531564,0.0044917315,0.0,0.2713629,2015-02-05 22:00:00,0.0,0.0,0.0,0.0,0.0
264.5713,0.65721315,0.012310833,0.0,0.6530054,2015-02-05 23:00:00,0.0,0.0,0.0,0.0,0.0
264.05396,0.027316462,0.0,0.0,0.027316462,2015-02-06 00:00:00,0.0,0.0,0.0,0.0,0.0
263.45898,0.22202045,0.0,0.0,0.22202045,2015-02-06 01:00:00,0.0,0.0,0.0,0.0,0.0
263.14624,0.6462777,0.0,0.0,0.6462777,2015-02-06 02:00:00,0.0,0.0,0.0,0.0,0.0
262.45386,0.8395398,0.0,0.0,0.8395398,2015-02-06 03:00:00,0.0,0.0,0.0,0.0,0.0
262.33887,0.11356437,0.0,0.0,0.11356437,2015-02-06 04:00:00,0.0,0.0,0.0,0.0,0.0
261.71265,0.9968219,0.0,0.0,0.9968219,2015-02-06 05:00:00,0.0,0.0,0.0,0.0,0.0
261.36182,1.0,0.0,0.0,1.0,2015-02-06 06:00:00,0.0,0.0,0.0,0.0,0.0
261.1443,1.0,0.0,0.103918314,1.0,2015-02-06 07:00:00,0.0,0.0,0.0,0.0,0.0
262.40063,1.0,0.0,0.96623045,0.99946827,2015-02-06 08:00:00,5.0,0.0,0.0,0.0,0.0
263.41846,0.9913481,0.0,0.92374223,0.98924416,2015-02-06 09:00:00,5.0,6.694954e-06,6.737896e-06,0.0,6.694954e-06
263.76367,0.98999023,0.0,0.97162277,0.8141429,2015-02-06 10:00:00,5.0,1.6401522e-05,1.6406324e-05,0.0,1.6134261e-05
263.65186,0.92821705,0.0,0.92821705,0.0,2015-02-06 11:00:00,5.0,7.322389e-06,7.3699766e-06,0.0,7.226893e-06
263.65356,0.9875357,0.0,0.9804314,0.28404355,2015-02-06 12:00:00,5.0,8.767626e-07,1.0151998e-06,0.0,9.72258e-07
263.8645,0.9905219,0.0,0.98999023,0.13000637,2015-02-06 13:00:00,5.0,5.4143984e-06,5.199854e-06,0.0,5.4143984e-06
264.02783,0.99946827,0.0,0.99946827,0.010728002,2015-02-06 14:00:00,5.0,6.289869e-06,6.4427277e-06,0.0,6.6526263e-06
265.75293,0.9989426,0.0,0.9989426,0.0,2015-02-06 15:00:00,5.0,2.0771804e-06,2.067728e-06,0.0,2.0771804e-06
266.10547,0.8519155,0.0,0.8519155,0.0,2015-02-06 16:00:00,0.0,2.2815959e-07,2.477106e-07,0.0,3.813414e-07
267.48828,0.22753239,0.0,0.22753239,0.0,2015-02-06 17:00:00,0.0,0.0,0.0,0.0,0.0
268.79346,0.27044934,0.0,0.10511482,0.19120753,2015-02-06 18:00:00,0.0,0.0,0.0,0.0,0.0
269.85278,0.6538852,0.0,0.032870322,0.6371604,2015-02-06 19:00:00,0.0,0.0,0.0,0.0,0.0
270.89868,0.61131054,0.0,0.02336726,0.6050467,2015-02-06 20:00:00,0.0,0.0,0.0,0.0,0.0
272.0044,0.77664495,0.0,0.0,0.77664495,2015-02-06 21:00:00,0.0,0.0,0.0,0.0,0.0
271.4585,0.22963697,0.0,0.0,0.22963697,2015-02-06 22:00:00,0.0,0.0,0.0,0.0,0.0
271.05933,0.0,0.0,0.0,0.0,2015-02-06 23:00:00,0.0,0.0,0.0,0.0,0.0
270.64062,0.9163852,0.0,0.0,0.9163852,2015-02-07 00:00:00,0.0,0.0,0.0,0.0,0.0
270.42944,0.9952497,0.0,0.0,0.9952497,2015-02-07 01:00:00,0.0,0.0,0.0,0.0,0.0
270.19653,1.0,0.0,0.0,1.0,2015-02-07 02:00:00,0.0,0.0,0.0,0.0,0.0
269.4331,0.98999023,0.0,0.24320757,0.98999023,2015-02-07 03:00:00,0.0,0.0,0.0,0.0,0.0
269.07764,0.99627113,0.0,0.36869377,0.99289286,2015-02-07 04:00:00,0.0,0.0,0.0,0.0,0.0
268.8684,0.9928895,0.0,0.20894212,0.99051857,2015-02-07 05:00:00,8.0,7.626828e-07,0.0,6.29052e-07,0.0
268.12207,0.9490994,0.0,0.16061938,0.9443575,2015-02-07 06:00:00,0.0,1.9211948e-05,0.0,1.9069033e-05,0.0
267.47583,0.94532365,0.0,0.087451816,0.9436987,2015-02-07 07:00:00,0.0,0.0,0.0,0.0,0.0
266.9629,0.5082868,0.00053172023,0.020210877,0.50156444,2015-02-07 08:00:00,0.0,0.0,0.0,0.0,0.0
266.43823,0.9862723,0.026624102,0.013471484,0.9862723,2015-02-07 09:00:00,0.0,0.0,0.0,0.0,0.0
266.34448,0.3721997,0.0079283565,0.10005677,0.31776428,2015-02-07 10:00:00,0.0,0.0,0.0,0.0,0.0
266.4917,0.8560593,0.026136927,0.022917971,0.83491206,2015-02-07 11:00:00,0.0,0.0,0.0,0.0,0.0
266.4629,0.997629,0.059221655,0.0,0.997629,2015-02-07 12:00:00,5.0,0.0,0.0,0.0,0.0
266.57983,0.9978961,0.081098855,0.0,0.9978961,2015-02-07 13:00:00,5.0,0.0,0.0,0.0,0.0
266.60718,0.9949934,0.13699508,0.0,0.989993,2015-02-07 14:00:00,5.0,0.0,0.0,0.0,0.0
268.99463,0.96685076,0.08133197,0.075051785,0.96184754,2015-02-07 15:00:00,0.0,0.0,0.0,0.0,0.0
269.71216,0.9839011,0.010919947,0.09100062,0.978915,2015-02-07 16:00:00,0.0,0.0,0.0,0.0,0.0
270.97876,0.943264,0.004307229,0.4381979,0.9290742,2015-02-07 17:00:00,0.0,0.0,0.0,0.0,0.0
272.10376,0.9552921,0.0,0.575288,0.9253565,2015-02-07 18:00:00,0.0,0.0,0.0,0.0,0.0
273.2434,0.72433805,0.0071128868,0.4475646,0.58145803,2015-02-07 19:00:00,0.0,0.0,0.0,0.0,0.0
274.13647,0.70740765,0.031326517,0.06934929,0.6850536,2015-02-07 20:00:00,0.0,0.0,0.0,0.0,0.0
275.1648,0.801477,0.0,0.0,0.801477,2015-02-07 21:00:00,0.0,0.0,0.0,0.0,0.0
275.39526,0.75489897,0.09241003,0.00998199,0.71805227,2015-02-07 22:00:00,0.0,0.0,0.0,0.0,0.0
275.15088,0.8966015,0.24600875,0.4852234,0.8507409,2015-02-07 23:00:00,0.0,0.0,0.0,0.0,0.0
274.16724,0.982365,0.20466954,0.69196224,0.9596991,2015-02-08 00:00:00,0.0,0.0,0.0,0.0,0.0
273.86328,0.92039233,0.12988931,0.5945177,0.8076347,2015-02-08 01:00:00,0.0,0.0,0.0,0.0,0.0
273.1411,0.96925515,0.060554016,0.7567253,0.96299136,2015-02-08 02:00:00,0.0,0.0,0.0,0.0,0.0
272.59106,0.9942508,0.114263535,0.9136321,0.9942508,2015-02-08 03:00:00,0.0,0.0,0.0,0.0,0.0
272.72437,1.0,0.10952163,0.9685342,1.0,2015-02-08 04:00:00,0.0,0.0,0.0,0.0,0.0
272.71802,1.0,0.2189703,1.0,1.0,2015-02-08 05:00:00,0.0,0.0,0.0,0.0,0.0
272.6162,1.0,0.24004257,1.0,1.0,2015-02-08 06:00:00,0.0,0.0,0.0,0.0,0.0
272.65625,1.0,0.34211504,1.0,1.0,2015-02-08 07:00:00,8.0,4.7683716e-07,1.4300298e-07,0.0,2.3841858e-07
272.25342,1.0,0.35566705,0.99675006,1.0,2015-02-08 08:00:00,8.0,0.0,1.2153225e-07,0.0,0.0
271.20532,1.0,0.3594846,0.96991104,1.0,2015-02-08 09:00:00,8.0,0.0,7.386461e-08,0.0,0.0
270.99097,1.0,0.4551763,1.0,1.0,2015-02-08 10:00:00,5.0,0.0,1.1936965e-08,0.0,0.0
271.14868,1.0,0.49637687,0.6079504,0.9949968,2015-02-08 11:00:00,5.0,0.0,1.1936965e-08,0.0,0.0
270.8545,0.978915,0.55215746,0.5253786,0.9590305,2015-02-08 12:00:00,8.0,1.14079796e-07,5.007088e-08,0.0,1.14079796e-07
270.7556,0.9803281,0.41175157,0.7573677,0.9761203,2015-02-08 13:00:00,8.0,4.7683716e-07,1.2161246e-07,0.0,4.7683716e-07
270.60913,0.9784159,0.52212894,0.51522434,0.9515716,2015-02-08 14:00:00,5.0,3.627573e-07,1.5269717e-07,0.0,3.627573e-07
271.25146,0.9849505,0.7231845,0.23979336,0.9635521,2015-02-08 15:00:00,5.0,9.549569e-08,8.347854e-08,0.0,9.549569e-08
271.4043,0.9928895,0.81004494,0.05067153,0.9586587,2015-02-08 16:00:00,5.0,9.549569e-08,2.169478e-07,0.0,9.549569e-08
272.125,0.99604,0.79542345,0.019590639,0.94364387,2015-02-08 17:00:00,5.0,2.0957555e-07,2.6701872e-07,0.0,2.0957555e-07
272.12622,0.9873607,0.7187936,0.02541269,0.9721103,2015-02-08 18:00:00,5.0,3.050713e-07,2.4322497e-07,0.0,3.909542e-07
271.91528,1.0,0.624435,0.099096894,0.9910368,2015-02-08 19:00:00,0.0,3.050713e-07,2.4322497e-07,0.0,3.050713e-07
271.7588,0.99337184,0.5873587,0.21251434,0.98165363,2015-02-08 20:00:00,0.0,0.0,1.1936965e-08,0.0,0.0
271.57373,0.9810683,0.5518533,0.22846514,0.9755862,2015-02-08 21:00:00,0.0,0.0,0.0,0.0,0.0
271.42505,1.0,0.47346377,0.018748626,0.9917264,2015-02-08 22:00:00,0.0,0.0,1.1936965e-08,0.0,0.0
271.09473,0.99451786,0.57330674,0.0015890491,0.9850642,2015-02-08 23:00:00,5.0,0.0,1.3587243e-07,0.0,0.0
270.99536,0.98999023,0.5662485,0.0,0.97745883,2015-02-09 00:00:00,5.0,3.050713e-07,4.9341895e-07,0.0,3.050713e-07
270.74658,0.9913792,0.57734436,0.0,0.97974443,2015-02-09 01:00:00,5.0,4.0056705e-07,4.815622e-07,0.0,4.0056705e-07
270.28564,0.97827536,0.5182962,0.0,0.9725433,2015-02-09 02:00:00,5.0,9.549569e-08,1.4316339e-07,0.0,9.549569e-08
269.62793,0.9805399,0.3551271,0.0,0.97369415,2015-02-09 03:00:00,5.0,0.0,8.580156e-08,0.0,0.0
269.44678,0.95865047,0.2528032,0.0,0.9411903,2015-02-09 04:00:00,5.0,0.0,1.1920929e-07,0.0,0.0
269.12695,0.9356413,0.11643398,0.004260551,0.92990917,2015-02-09 05:00:00,5.0,0.0,1.3114624e-07,0.0,0.0
268.69238,0.92574275,0.15326148,0.01799304,0.91948503,2015-02-09 06:00:00,5.0,0.0,5.9604645e-08,0.0,0.0
268.2588,0.63584733,0.105029345,0.16698498,0.5754025,2015-02-09 07:00:00,5.0,0.0,2.3873934e-08,0.0,0.0
268.0437,0.28457206,0.08094686,0.1779275,0.14252055,2015-02-09 08:00:00,5.0,2.6726156e-07,2.911355e-07,2.6726156e-07,0.0
267.1438,0.21715558,0.15952772,0.06672108,0.0033782488,2015-02-09 09:00:00,5.0,9.549569e-08,1.4308318e-07,0.0,9.549569e-08
268.00464,0.07469636,0.067956984,0.0067320913,0.0,2015-02-09 10:00:00,5.0,0.0,1.3114624e-07,0.0,0.0
268.0669,0.073685706,0.073685706,0.0033782488,0.0,2015-02-09 11:00:00,5.0,0.0,1.1448304e-07,0.0,0.0
268.12158,0.10729897,0.09009284,0.017206121,0.0,2015-02-09 12:00:00,5.0,0.0,1.4068002e-07,0.0,0.0
267.98755,0.08739251,0.08111769,0.006280929,0.0,2015-02-09 13:00:00,5.0,0.0,1.1920929e-07,0.0,0.0
267.69653,0.055610955,0.055610955,0.0,0.0,2015-02-09 14:00:00,0.0,0.0,0.0,0.0,0.0
268.2102,0.0,0.0,0.0,0.0,2015-02-09 15:00:00,0.0,0.0,0.0,0.0,0.0
269.17896,0.0,0.0,0.0,0.0,2015-02-09 16:00:00,0.0,0.0,0.0,0.0,0.0
270.073,0.0,0.0,0.0,0.0,2015-02-09 17:00:00,0.0,0.0,0.0,0.0,0.0
270.78906,0.0,0.0,0.0,0.0,2015-02-09 18:00:00,0.0,0.0,0.0,0.0,0.0
271.38257,0.0,0.0,0.0,0.0,2015-02-09 19:00:00,0.0,0.0,0.0,0.0,0.0
271.85327,0.0,0.0,0.0,0.0,2015-02-09 20:00:00,0.0,0.0,0.0,0.0,0.0
272.73218,0.0,0.0,0.0,0.0,2015-02-09 21:00:00,0.0,0.0,0.0,0.0,0.0
272.719,0.0,0.0,0.0,0.0,2015-02-09 22:00:00,0.0,0.0,0.0,0.0,0.0
272.3457,0.0,0.0,0.0,0.0,2015-02-09 23:00:00,0.0,0.0,0.0,0.0,0.0
270.8252,0.0,0.0,0.0,0.0,2015-02-10 00:00:00,0.0,0.0,0.0,0.0,0.0
270.677,0.0,0.0,0.0,0.0,2015-02-10 01:00:00,0.0,0.0,0.0,0.0,0.0
270.09692,0.0,0.0,0.0,0.0,2015-02-10 02:00:00,0.0,0.0,0.0,0.0,0.0
268.91846,0.0,0.0,0.0,0.0,2015-02-10 03:00:00,0.0,0.0,0.0,0.0,0.0
268.7207,0.051682565,0.0,0.0,0.051682565,2015-02-10 04:00:00,0.0,0.0,0.0,0.0,0.0
268.78687,0.49708754,0.0016249504,0.0,0.4954626,2015-02-10 05:00:00,0.0,0.0,0.0,0.0,0.0
269.0161,0.8941147,0.0037288337,0.0037288337,0.8941147,2015-02-10 06:00:00,0.0,0.0,0.0,0.0,0.0
268.95166,0.97373,0.00053172023,0.011203606,0.97000116,2015-02-10 07:00:00,0.0,0.0,0.0,0.0,0.0
268.96094,0.9847971,0.0036929322,0.3707947,0.9847971,2015-02-10 08:00:00,0.0,0.0,0.0,0.0,0.0
269.43994,0.9952605,0.012907263,0.943569,0.9952605,2015-02-10 09:00:00,0.0,0.0,0.0,0.0,0.0
269.12085,0.9957394,0.029910125,0.97598726,0.9373693,2015-02-10 10:00:00,0.0,0.0,0.0,0.0,0.0
269.05347,1.0,0.11647481,0.9494805,0.8628889,2015-02-10 11:00:00,5.0,0.0,0.0,0.0,0.0
269.06177,0.9989426,0.04866005,0.9625951,0.97745883,2015-02-10 12:00:00,5.0,0.0,0.0,0.0,0.0
269.43652,1.0,0.11308241,1.0,0.98927194,2015-02-10 13:00:00,8.0,0.0001586198,1.3363075e-07,0.00015810483,2.6726156e-07
269.53027,0.9957922,0.01871739,0.9460923,0.9931566,2015-02-10 14:00:00,8.0,0.00022175495,7.5045755e-05,0.00022051478,1.1831262e-06
270.02148,0.99609,0.008384813,0.8883158,0.9854159,2015-02-10 15:00:00,8.0,0.000261246,0.00015468123,0.0002459602,1.4989602e-05
270.2456,0.9800109,0.0452459,0.95788753,0.9265836,2015-02-10 16:00:00,5.0,0.0006561191,0.00062243664,0.0006013657,5.4581164e-05
270.14404,1.0,0.09414601,0.996307,0.9757504,2015-02-10 17:00:00,5.0,0.0011872477,0.0011831126,0.0010327101,0.00015472811
269.97266,0.98888505,0.474984,0.9331255,0.9271981,2015-02-10 18:00:00,5.0,0.00092306174,0.0009229332,0.0005880792,0.00033465796
269.61353,0.9703821,0.92472893,0.8627638,0.43422818,2015-02-10 19:00:00,5.0,0.00017370458,0.00017386208,0.0,0.00017370458
269.25635,0.99050504,0.9828521,0.95679826,0.19466889,2015-02-10 20:00:00,5.0,0.00023690551,0.00023683869,5.6990084e-06,0.00023102513
269.37402,0.95226943,0.8885464,0.8224283,0.4625877,2015-02-10 21:00:00,5.0,0.0003959462,0.00039583864,8.476959e-05,0.00031090924
269.16943,0.98663974,0.9286525,0.8418151,0.4948582,2015-02-10 22:00:00,5.0,0.0007681784,0.0007680971,0.00035031466,0.0004176821
269.03564,0.9802728,0.9535499,0.8681997,0.72119,2015-02-10 23:00:00,5.0,0.00052853324,0.0005283712,0.00013289887,0.0003959015
269.32568,1.0,0.98652846,0.9753944,0.9304204,2015-02-11 00:00:00,5.0,0.00029713078,0.00029715966,0.0,0.00029713078
269.57275,0.99946827,0.99736434,0.98465544,0.9514032,2015-02-11 01:00:00,5.0,0.00019691812,0.00019704933,0.0,0.0001970136
269.61816,0.998375,0.97454077,0.95973504,0.74549294,2015-02-11 02:00:00,5.0,0.00013551644,0.00013541382,0.0,0.00013542095
269.97363,1.0,0.9949968,0.99629015,0.06874347,2015-02-11 03:00:00,5.0,6.575085e-05,6.581527e-05,0.0,6.575085e-05
270.448,0.998375,0.99262583,0.9952138,0.0,2015-02-11 04:00:00,5.0,2.8891547e-05,2.7592745e-05,0.0,2.8891547e-05
270.68286,1.0,0.9797891,0.9835755,0.0,2015-02-11 05:00:00,5.0,2.7081624e-05,2.5563233e-05,0.0,2.7081624e-05
271.44067,0.97035694,0.9517954,0.9163162,0.0,2015-02-11 06:00:00,5.0,3.627484e-05,3.6072233e-05,0.0,3.627484e-05
271.7041,0.97121465,0.9336286,0.9412912,0.017241579,2015-02-11 07:00:00,5.0,4.727862e-05,4.728815e-05,0.0,4.727862e-05
271.77393,0.9653874,0.90784246,0.7548947,0.37139577,2015-02-11 08:00:00,5.0,3.978444e-05,3.9779552e-05,0.0,3.978444e-05
271.10596,0.93233293,0.929962,0.06486344,0.0,2015-02-11 09:00:00,5.0,2.1055792e-05,2.0910462e-05,0.0,2.1055792e-05
268.5503,0.9804249,0.9804249,0.0,0.0,2015-02-11 10:00:00,5.0,1.4382008e-05,1.4391299e-05,0.0,1.4382008e-05
268.45435,0.98230624,0.98230624,0.12949485,0.0,2015-02-11 11:00:00,5.0,1.0318642e-05,1.0244616e-05,0.0,1.0318642e-05
268.062,0.9659525,0.9659525,0.0,0.0,2015-02-11 12:00:00,5.0,6.293728e-06,6.3675925e-06,0.0,6.293728e-06
267.30908,0.9535098,0.9535098,0.0,0.0,2015-02-11 13:00:00,5.0,3.8717326e-06,3.9024135e-06,0.0,3.8717326e-06
265.95703,0.94717675,0.94717675,0.0,0.0,2015-02-11 14:00:00,5.0,1.9829677e-06,1.9473182e-06,0.0,1.9829677e-06
264.25342,0.920479,0.920479,0.0,0.0,2015-02-11 15:00:00,5.0,4.0056705e-07,4.5768826e-07,0.0,4.0056705e-07
263.99365,0.47105604,0.46358126,0.0,0.00956155,2015-02-11 16:00:00,0.0,0.0,5.239389e-08,0.0,0.0
264.05518,0.35724336,0.0100932345,0.0,0.34713304,2015-02-11 17:00:00,0.0,0.0,0.0,0.0,0.0
264.33496,0.025399562,0.0,0.0,0.025399562,2015-02-11 18:00:00,0.0,0.0,0.0,0.0,0.0
264.57007,0.0,0.0,0.0,0.0,2015-02-11 19:00:00,0.0,0.0,0.0,0.0,0.0
264.8943,0.0,0.0,0.0,0.0,2015-02-11 20:00:00,0.0,0.0,0.0,0.0,0.0
265.39844,0.0,0.0,0.0,0.0,2015-02-11 21:00:00,0.0,0.0,0.0,0.0,0.0
263.77148,0.26941085,0.2485823,0.035302483,0.0,2015-02-11 22:00:00,0.0,0.0,0.0,0.0,0.0
262.69922,0.35423642,0.18746412,0.29355717,0.0,2015-02-11 23:00:00,5.0,0.0,9.533534e-08,0.0,0.0
261.79834,0.7804397,0.5175447,0.6926111,0.0,2015-02-12 00:00:00,5.0,2.6700309e-06,2.6745165e-06,0.0,2.4790397e-06
261.03027,0.8053483,0.72135264,0.7452002,0.0,2015-02-12 01:00:00,5.0,2.1604399e-05,2.153279e-05,0.0,2.1604399e-05
260.2937,0.9538357,0.8892274,0.9333592,0.0,2015-02-12 02:00:00,5.0,4.2369837e-05,4.24413e-05,0.0,4.2369837e-05
258.35352,0.9577369,0.9039442,0.9140255,0.0,2015-02-12 03:00:00,5.0,3.144426e-05,3.124414e-05,0.0,3.144426e-05
258.37524,0.99946827,0.99946827,0.24579883,0.0,2015-02-12 04:00:00,5.0,1.5255553e-05,1.5327008e-05,0.0,1.5255553e-05
257.72192,0.9793574,0.9793574,0.0,0.0,2015-02-12 05:00:00,5.0,4.901676e-06,4.8872553e-06,0.0,4.901676e-06
257.22998,0.9952328,0.9952328,0.0,0.0,2015-02-12 06:00:00,5.0,1.5638161e-06,1.6689273e-06,0.0,1.5638161e-06
257.1399,0.9968219,0.9968219,0.0,0.0,2015-02-12 07:00:00,5.0,4.5825306e-07,3.55385e-07,0.0,4.5825306e-07
256.66675,0.9791426,0.9791426,0.0,0.0,2015-02-12 08:00:00,5.0,9.549569e-08,3.4096354e-07,0.0,9.549569e-08
255.91994,0.7413406,0.7413406,0.0,0.0,2015-02-12 09:00:00,5.0,1.9099144e-07,2.2407721e-07,0.0,9.549569e-08
254.40881,0.49374312,0.49374312,0.0,0.0,2015-02-12 10:00:00,0.0,0.0,7.394476e-08,0.0,0.0
254.34952,0.023276355,0.023276355,0.0,0.0,2015-02-12 11:00:00,0.0,0.0,0.0,0.0,0.0
254.2804,0.3108461,0.3108461,0.0,0.0,2015-02-12 12:00:00,0.0,0.0,0.0,0.0,0.0
254.17128,0.7085419,0.7085419,0.0,0.0,2015-02-12 13:00:00,5.0,0.0,0.0,0.0,0.0
254.30186,0.76220304,0.7507942,0.0,0.016283713,2015-02-12 14:00:00,0.0,0.0,0.0,0.0,0.0
255.77751,0.998375,0.998375,0.0016249504,0.011203606,2015-02-12 15:00:00,5.0,0.0,0.0,0.0,0.0
256.0957,0.8065986,0.010597732,0.35922992,0.7842025,2015-02-12 16:00:00,0.0,0.0,0.0,0.0,0.0
256.97437,0.9766327,0.0,0.6253575,0.9766327,2015-02-12 17:00:00,0.0,0.0,0.0,0.0,0.0
257.87012,0.98874027,0.0,0.7355712,0.98874027,2015-02-12 18:00:00,0.0,0.0,0.0,0.0,0.0
258.5569,1.0,0.0,1.0,1.0,2015-02-12 19:00:00,0.0,0.0,0.0,0.0,0.0
259.22217,1.0,0.0,0.99416727,1.0,2015-02-12 20:00:00,0.0,0.0,0.0,0.0,0.0
260.36206,1.0,0.0,0.952202,1.0,2015-02-12 21:00:00,0.0,0.0,0.0,0.0,0.0
260.04272,1.0,0.0,0.9949968,1.0,2015-02-12 22:00:00,0.0,0.0,0.0,0.0,0.0
260.4878,0.98675096,0.0,0.8377614,0.9611911,2015-02-12 23:00:00,0.0,0.0,0.0,0.0,0.0
259.9038,0.9363263,0.0,0.32080603,0.9133627,2015-02-13 00:00:00,0.0,0.0,0.0,0.0,0.0
259.06006,0.90473515,0.0,0.0010573287,0.90473515,2015-02-13 01:00:00,0.0,0.0,0.0,0.0,0.0
258.88672,0.95999146,0.0,0.0,0.95999146,2015-02-13 02:00:00,0.0,0.0,0.0,0.0,0.0
258.9619,0.9603664,0.0,0.0,0.9603664,2015-02-13 03:00:00,0.0,0.0,0.0,0.0,0.0
258.91235,0.7614776,0.0,0.011999037,0.7580994,2015-02-13 04:00:00,0.0,0.0,0.0,0.0,0.0
258.67285,0.36656332,0.0,0.25851828,0.13964665,2015-02-13 05:00:00,5.0,0.0,0.0,0.0,0.0
259.33862,0.8528118,0.0,0.82479984,0.3087275,2015-02-13 06:00:00,5.0,1.0690455e-06,9.639352e-07,0.0,1.0690455e-06
259.92993,0.81627375,0.06553173,0.7595189,0.22726494,2015-02-13 07:00:00,5.0,1.2972059e-06,1.3308554e-06,0.0,1.1831262e-06
260.59766,0.97579443,0.34887952,0.88166595,0.704496,2015-02-13 08:00:00,5.0,1.4039805e-05,1.4211248e-05,0.0,1.4039805e-05
261.69678,0.9681592,0.7898614,0.86999506,0.6797988,2015-02-13 09:00:00,5.0,4.4249726e-05,4.421128e-05,0.0,4.4249726e-05
262.6748,0.9417027,0.83350146,0.87406635,0.5057322,2015-02-13 10:00:00,5.0,6.7780056e-05,6.7751214e-05,4.7747868e-08,6.7512796e-05
262.95337,0.9548499,0.6891264,0.90944993,0.3970685,2015-02-13 11:00:00,5.0,5.507526e-05,5.5132303e-05,0.0,5.5284836e-05
263.1172,0.97417307,0.76493156,0.97417307,0.16452777,2015-02-13 12:00:00,5.0,2.3513669e-05,2.340888e-05,0.0,2.3513669e-05
263.40332,0.8035704,0.6495626,0.6097382,0.0,2015-02-13 13:00:00,5.0,8.677272e-06,8.78206e-06,0.0,8.677272e-06
263.96313,0.9944509,0.9865057,0.9477583,0.0,2015-02-13 14:00:00,5.0,5.0151148e-06,5.091706e-06,0.0,5.1682964e-06
266.29443,0.98738235,0.96340084,0.7793894,0.0,2015-02-13 15:00:00,5.0,6.35013e-06,6.230921e-06,0.0,6.35013e-06
266.875,0.9809984,0.9573845,0.7870597,0.0,2015-02-13 16:00:00,5.0,3.889675e-06,3.9901397e-06,0.0,4.0428567e-06
268.1433,0.9626401,0.952948,0.38775134,0.0,2015-02-13 17:00:00,5.0,1.7541661e-06,1.7256461e-06,0.0,1.7541661e-06
269.04395,0.9026132,0.9026132,0.0,0.0,2015-02-13 18:00:00,5.0,2.0957555e-07,2.2399706e-07,0.0,2.0957555e-07
270.1482,0.58483124,0.58483124,0.0,0.0,2015-02-13 19:00:00,5.0,1.7163566e-06,1.2396795e-06,0.0,1.3350154e-06
270.53857,0.09637427,0.09637427,0.0,0.0,2015-02-13 20:00:00,5.0,0.0,2.3873934e-08,0.0,0.0
271.45605,0.24874455,0.24874455,0.0,0.0,2015-02-13 21:00:00,0.0,0.0,0.0,0.0,0.0
270.58667,0.12832773,0.12832773,0.0,0.0,2015-02-13 22:00:00,0.0,0.0,0.0,0.0,0.0
269.9131,0.09413856,0.09413856,0.0,0.0,2015-02-13 23:00:00,0.0,0.0,0.0,0.0,0.0
269.08838,0.013733722,0.013733722,0.0,0.0,2015-02-14 00:00:00,0.0,0.0,0.0,0.0,0.0
268.12085,0.22436523,0.00053172023,0.0,0.2238335,2015-02-14 01:00:00,0.0,0.0,0.0,0.0,0.0
267.12476,0.20000958,0.0010573287,0.0,0.19895226,2015-02-14 02:00:00,0.0,0.0,0.0,0.0,0.0
264.88037,0.017279167,0.0067320913,0.0,0.010547075,2015-02-14 03:00:00,0.0,0.0,0.0,0.0,0.0
264.54565,0.18580967,0.17739415,0.008415531,0.0,2015-02-14 04:00:00,0.0,0.0,0.0,0.0,0.0
263.40894,0.59735036,0.59735036,0.0,0.0,2015-02-14 05:00:00,5.0,0.0,1.42599745e-08,0.0,0.0
262.9392,0.92091465,0.92091465,0.0,0.0,2015-02-14 06:00:00,5.0,1.14079796e-07,1.9771988e-07,0.0,1.14079796e-07
262.44702,0.9860805,0.9860805,0.0,0.0,2015-02-14 07:00:00,5.0,1.8868304e-06,1.8917981e-06,0.0,1.8868304e-06
261.7185,0.98895186,0.98895186,0.00053172023,0.0,2015-02-14 08:00:00,5.0,3.3737351e-06,3.552631e-06,0.0,3.5455014e-06
260.2036,0.97817385,0.97817385,0.0,0.0,2015-02-14 09:00:00,5.0,8.368333e-06,8.6426435e-06,0.0,8.635595e-06
255.68161,0.9875358,0.9875358,0.0,0.0,2015-02-14 10:00:00,5.0,1.2069592e-05,1.2034023e-05,0.0,1.2069592e-05
255.45657,0.97290385,0.97290385,0.0,0.0,2015-02-14 11:00:00,5.0,1.0527576e-05,1.0520527e-05,0.0,1.0527576e-05
255.33371,0.9662954,0.9662954,0.0,0.0,2015-02-14 12:00:00,5.0,3.623055e-06,3.7662994e-06,0.0,3.623055e-06
255.22844,0.96200234,0.96200234,0.0,0.0,2015-02-14 13:00:00,5.0,1.9637419e-06,1.7753136e-06,0.0,1.9637419e-06
254.92484,0.9828773,0.9828773,0.0,0.0,2015-02-14 14:00:00,5.0,1.658671e-06,1.5323312e-06,0.0,1.658671e-06
254.65196,0.8803162,0.8803162,0.0,0.0,2015-02-14 15:00:00,5.0,9.536743e-07,7.437757e-07,0.0,6.864127e-07
254.88197,0.6209398,0.6209398,0.0,0.0,2015-02-14 16:00:00,0.0,0.0,1.1920929e-07,0.0,0.0
255.39178,0.08130574,0.08130574,0.0,0.0,2015-02-14 17:00:00,0.0,0.0,0.0,0.0,0.0
255.92174,0.0,0.0,0.0,0.0,2015-02-14 18:00:00,0.0,0.0,0.0,0.0,0.0
256.26904,0.0,0.0,0.0,0.0,2015-02-14 19:00:00,0.0,0.0,0.0,0.0,0.0
256.8794,0.0,0.0,0.0,0.0,2015-02-14 20:00:00,0.0,0.0,0.0,0.0,0.0
257.65137,0.0,0.0,0.0,0.0,2015-02-14 21:00:00,0.0,0.0,0.0,0.0,0.0
257.18384,0.002103883,0.0,0.0,0.002103883,2015-02-14 22:00:00,0.0,0.0,0.0,0.0,0.0
257.05054,0.0,0.0,0.0,0.0,2015-02-14 23:00:00,0.0,0.0,0.0,0.0,0.0
256.52832,0.0,0.0,0.0,0.0,2015-02-15 00:00:00,0.0,0.0,0.0,0.0,0.0
256.36426,0.9989426,0.0,0.0,0.9989426,2015-02-15 01:00:00,0.0,0.0,0.0,0.0,0.0
256.20068,0.99576455,0.0,0.0,0.99576455,2015-02-15 02:00:00,0.0,0.0,0.0,0.0,0.0
255.8056,1.0,0.0,0.49678046,1.0,2015-02-15 03:00:00,0.0,0.0,0.0,0.0,0.0
255.99538,1.0,0.0,0.96495396,1.0,2015-02-15 04:00:00,0.0,0.0,0.0,0.0,0.0
255.71889,1.0,0.0,1.0,1.0,2015-02-15 05:00:00,0.0,0.0,0.0,0.0,0.0
255.87752,1.0,0.0,1.0,1.0,2015-02-15 06:00:00,5.0,0.0,0.0,0.0,0.0
255.85226,1.0,0.0,1.0,0.99336845,2015-02-15 07:00:00,5.0,0.0,3.3407698e-08,0.0,0.0
255.44495,1.0,0.0,1.0,0.96629137,2015-02-15 08:00:00,5.0,5.3452317e-07,8.9215104e-07,0.0,8.017848e-07
255.10806,1.0,0.0,1.0,0.9496644,2015-02-15 09:00:00,5.0,3.1673862e-06,3.567795e-06,0.0,3.5487274e-06
255.86133,0.99946827,0.0,0.9989426,0.89358824,2015-02-15 10:00:00,5.0,6.562932e-06,6.83484e-06,0.0,6.562932e-06
255.86809,1.0,0.0,1.0,0.90790313,2015-02-15 11:00:00,5.0,1.1637668e-05,1.1471033e-05,0.0,1.1637668e-05
255.6834,1.0,0.0,0.9957922,0.9517435,2015-02-15 12:00:00,5.0,1.6177873e-05,1.6320802e-05,0.0,1.6177873e-05
255.73119,0.97447604,0.0,0.964469,0.5722191,2015-02-15 13:00:00,5.0,1.6406033e-05,1.6396574e-05,0.0,1.6406033e-05
255.69841,0.9670515,0.0,0.9602694,0.20303535,2015-02-15 14:00:00,5.0,1.9801577e-05,1.9100742e-05,0.0,1.9801577e-05
256.55273,0.9357979,0.0,0.9357979,0.025942981,2015-02-15 15:00:00,5.0,2.2319073e-05,2.2452703e-05,0.0,2.2586333e-05
257.00903,0.9719158,0.0,0.95791286,0.26698148,2015-02-15 16:00:00,5.0,1.6175283e-05,1.6232647e-05,0.0,1.6175283e-05
257.62402,0.95477545,0.0,0.950521,0.12305415,2015-02-15 17:00:00,5.0,1.2513137e-05,1.2599344e-05,0.0,1.2684904e-05
258.0437,0.9569227,0.0,0.9474242,0.2974457,2015-02-15 18:00:00,5.0,1.6634192e-05,1.6743623e-05,0.0,1.684377e-05
258.65723,0.9527951,0.0,0.95226336,0.007945243,2015-02-15 19:00:00,5.0,1.2093987e-05,1.2270236e-05,0.0,1.2475328e-05
259.21216,0.9689598,0.0,0.9689598,0.0,2015-02-15 20:00:00,5.0,1.3027143e-05,1.28939955e-05,0.0,1.3027143e-05
260.14453,0.96599334,0.0,0.96599334,0.0,2015-02-15 21:00:00,5.0,1.08711165e-05,1.09664525e-05,0.0,1.08711165e-05
259.9856,0.9482588,0.0,0.9482588,0.0,2015-02-15 22:00:00,5.0,6.5218965e-06,6.541124e-06,0.0,6.5218965e-06
260.19678,0.910927,0.0111505985,0.910927,0.0,2015-02-15 23:00:00,5.0,2.6123453e-06,2.559951e-06,0.0,2.5168492e-06
260.69897,0.88139755,0.055953067,0.88139755,0.0,2015-02-16 00:00:00,5.0,1.2773289e-06,1.1057264e-06,0.0,1.2773289e-06
260.63208,0.8062764,0.2620691,0.80465144,0.0,2015-02-16 01:00:00,5.0,7.0499675e-07,6.4331084e-07,0.0,7.0499675e-07
260.68115,0.43848526,0.22640109,0.40950257,0.0,2015-02-16 02:00:00,0.0,1.14079796e-07,1.7624916e-07,0.0,1.14079796e-07
260.98486,0.3118525,0.25960886,0.21249259,0.0,2015-02-16 03:00:00,0.0,0.0,2.8519953e-08,0.0,0.0
261.0725,0.29353005,0.29015177,0.0881176,0.0,2015-02-16 04:00:00,0.0,0.0,0.0,0.0,0.0
260.9121,0.14930719,0.14720327,0.010939855,0.0,2015-02-16 05:00:00,0.0,0.0,0.0,0.0,0.0
260.84863,0.111477494,0.10237777,0.009099722,0.0,2015-02-16 06:00:00,0.0,0.0,0.0,0.0,0.0
260.7837,0.08447939,0.028640907,0.064563215,0.0,2015-02-16 07:00:00,5.0,0.0,0.0,0.0,0.0
260.74927,0.36984885,0.19246465,0.3535716,0.0,2015-02-16 08:00:00,5.0,3.813414e-07,3.4817543e-07,0.0,3.813414e-07
260.72266,0.82786137,0.32766497,0.8249587,0.0,2015-02-16 09:00:00,5.0,3.6435813e-06,3.6866832e-06,0.0,3.6435813e-06
261.44263,0.94161046,0.6151943,0.94108486,0.0,2015-02-16 10:00:00,5.0,7.76335e-06,8.092297e-06,0.0,8.0491955e-06
261.69043,0.9434977,0.74740976,0.9386057,0.0,2015-02-16 11:00:00,5.0,6.694304e-06,6.8899435e-06,0.0,6.8660693e-06
261.76147,0.8589673,0.77507,0.7938567,0.009895153,2015-02-16 12:00:00,5.0,4.5773795e-06,4.6297737e-06,0.0,4.5773795e-06
261.61963,0.6756047,0.630532,0.5200308,0.054440923,2015-02-16 13:00:00,5.0,4.1005424e-06,4.3150867e-06,0.0,4.1005424e-06
261.87012,0.6605732,0.6327421,0.16502625,0.08252007,2015-02-16 14:00:00,5.0,5.111903e-06,5.0255367e-06,0.0,4.9587206e-06
262.74463,0.766683,0.7532115,0.06906307,0.030304112,2015-02-16 15:00:00,5.0,5.5688633e-06,5.902618e-06,0.0,5.5688633e-06
263.3147,0.87327206,0.8682762,0.028326005,0.014873948,2015-02-16 16:00:00,5.0,6.312963e-06,6.3560647e-06,0.0,6.408458e-06
264.16577,0.8547649,0.84976166,0.01851124,0.028463978,2015-02-16 17:00:00,5.0,6.389874e-06,6.3754524e-06,0.0,6.389874e-06
264.8352,0.8488485,0.7946933,0.14266181,0.1766271,2015-02-16 18:00:00,5.0,5.913037e-06,5.669489e-06,0.0,5.7598554e-06
265.24,0.92341393,0.85713917,0.13345265,0.4719224,2015-02-16 19:00:00,5.0,1.7163566e-06,1.4971656e-06,0.0,1.3350154e-06
265.5559,0.92541003,0.5120931,0.09265286,0.88719314,2015-02-16 20:00:00,5.0,5.9091695e-07,4.6706162e-07,0.0,5.9091695e-07
266.1101,0.9403298,0.32541758,0.0116129555,0.90615106,2015-02-16 21:00:00,5.0,0.0,0.0,0.0,0.0
265.6079,0.88067824,0.80728513,0.015467491,0.59116465,2015-02-16 22:00:00,5.0,0.0,0.0,0.0,0.0
265.42993,0.67149,0.6549326,0.03453591,0.030343812,2015-02-16 23:00:00,5.0,0.0,5.239389e-08,0.0,0.0
265.0442,0.85603017,0.76436394,0.31474835,0.22238916,2015-02-17 00:00:00,5.0,2.0957555e-07,3.4320635e-07,0.0,2.0957555e-07
264.56128,0.9163871,0.6264965,0.6808379,0.6641541,2015-02-17 01:00:00,5.0,2.0957555e-07,1.5253562e-07,0.0,2.0957555e-07
264.09546,0.8008747,0.75823057,0.17502832,0.030198045,2015-02-17 02:00:00,5.0,0.0,2.3873934e-08,0.0,0.0
262.5547,0.87751716,0.87751716,0.0,0.0,2015-02-17 03:00:00,5.0,0.0,0.0,0.0,0.0
262.0315,0.8373269,0.8373269,0.0,0.0,2015-02-17 04:00:00,5.0,0.0,6.6815346e-08,0.0,0.0
261.61182,0.8617225,0.8617225,0.0,0.0,2015-02-17 05:00:00,5.0,2.6726156e-07,3.624354e-07,0.0,3.813414e-07
260.60742,0.78371066,0.78371066,0.0,0.0,2015-02-17 06:00:00,5.0,9.536743e-07,9.392528e-07,0.0,9.536743e-07
260.53027,0.76728535,0.76728535,0.0,0.0,2015-02-17 07:00:00,5.0,8.004925e-07,1.043798e-06,0.0,1.1632492e-06
260.31445,0.91772383,0.91772383,0.0,0.0,2015-02-17 08:00:00,5.0,1.3914087e-06,1.358243e-06,0.0,1.4869047e-06
259.81958,0.99159825,0.99159825,0.0,0.0,2015-02-17 09:00:00,5.0,1.658671e-06,1.849502e-06,0.0,1.7541661e-06
257.1914,0.99946827,0.99946827,0.0,0.0,2015-02-17 10:00:00,5.0,3.146868e-06,3.423259e-06,0.0,3.6237052e-06
257.1692,0.9612216,0.9612216,0.0,0.0,2015-02-17 11:00:00,5.0,6.369356e-06,6.546252e-06,0.0,6.4270425e-06
257.00952,0.9364823,0.9364823,0.0,0.0,2015-02-17 12:00:00,5.0,6.560348e-06,6.8705504e-06,0.0,6.8276095e-06
256.73877,0.9760793,0.9760793,0.0,0.0,2015-02-17 13:00:00,5.0,5.797665e-06,5.8452524e-06,0.0,5.797665e-06
256.51953,0.6918683,0.6918683,0.0,0.0,2015-02-17 14:00:00,5.0,6.2354e-06,6.197428e-06,0.0,6.2354e-06
257.05103,0.8459685,0.8459685,0.0,0.0,2015-02-17 15:00:00,5.0,4.9580703e-06,5.110929e-06,0.0,4.9580703e-06
257.5984,1.0,1.0,0.033227585,0.0,2015-02-17 16:00:00,5.0,2.936642e-06,3.3369697e-06,0.0,2.936642e-06
258.08813,1.0,1.0,0.4745611,0.0,2015-02-17 17:00:00,5.0,1.372825e-06,1.549397e-06,0.0,1.372825e-06
259.08374,0.98543525,0.9138062,0.8247689,0.0,2015-02-17 18:00:00,5.0,1.1818338e-06,1.2013843e-06,0.0,1.3350154e-06
259.50073,0.93521845,0.6585749,0.8433821,0.0,2015-02-17 19:00:00,5.0,1.7163566e-06,1.902381e-06,0.0,1.7349412e-06
259.76123,0.9733258,0.5080208,0.9585284,0.0,2015-02-17 20:00:00,5.0,3.2045546e-06,3.2045546e-06,0.0,2.7277174e-06
260.67163,0.99946827,0.9939192,0.9784219,0.0,2015-02-17 21:00:00,5.0,1.1521012e-05,1.1592957e-05,0.0,1.1521012e-05
260.26025,0.99946827,0.9989426,0.97214097,0.0,2015-02-17 22:00:00,5.0,2.6588808e-05,2.6508045e-05,0.0,2.6474721e-05
260.0786,1.0,1.0,0.97000116,0.0,2015-02-17 23:00:00,5.0,4.921037e-05,4.9217182e-05,0.0,4.932446e-05
259.54297,1.0,1.0,1.0,0.0,2015-02-18 00:00:00,5.0,5.9372614e-05,5.9475162e-05,0.0,5.9372614e-05
259.36353,0.9946291,0.98509824,0.9555272,0.0,2015-02-18 01:00:00,5.0,4.718377e-05,4.7177047e-05,0.0,4.6974194e-05
258.7661,0.98253256,0.9001092,0.93786263,0.0,2015-02-18 02:00:00,5.0,3.0858515e-05,3.0815572e-05,0.0,3.0858515e-05
256.92578,0.96608305,0.8127084,0.9455379,0.0,2015-02-18 03:00:00,5.0,1.903437e-05,1.9060317e-05,0.0,1.9148443e-05
256.52222,0.9194539,0.803056,0.8778425,0.0,2015-02-18 04:00:00,5.0,1.6173348e-05,1.6158927e-05,0.0,1.6173348e-05
256.1294,0.9145187,0.88429457,0.82956773,0.0,2015-02-18 05:00:00,5.0,1.2397115e-05,1.2244256e-05,0.0,1.2397115e-05
255.66716,0.90179944,0.8347157,0.7491045,0.0,2015-02-18 06:00:00,5.0,1.0526935e-05,1.0536387e-05,0.0,1.0355168e-05
255.394,0.9797182,0.9786609,0.48128062,0.0,2015-02-18 07:00:00,5.0,4.8830925e-06,4.820923e-06,0.0,4.8830925e-06
255.04033,0.96863854,0.9652774,0.16393507,0.0,2015-02-18 08:00:00,5.0,6.3680636e-06,6.4275882e-06,0.0,6.3680636e-06
253.67564,0.99946827,0.99946827,0.0,0.0,2015-02-18 09:00:00,5.0,5.528469e-06,5.4951433e-06,0.0,5.528469e-06
251.49582,0.8444524,0.8444524,0.0,0.0,2015-02-18 10:00:00,5.0,7.968408e-06,7.982829e-06,0.0,7.968408e-06
251.3808,0.6715013,0.6715013,0.0,0.0,2015-02-18 11:00:00,5.0,8.217085e-06,8.095552e-06,0.0,8.217085e-06
251.37033,0.7137554,0.7137554,0.0,0.0,2015-02-18 12:00:00,5.0,4.8625743e-06,4.9247437e-06,0.0,4.8625743e-06
251.04364,0.9530564,0.9530564,0.0,0.0,2015-02-18 13:00:00,5.0,2.3079156e-06,2.4413848e-06,0.0,2.3079156e-06
250.8199,0.97374934,0.97374934,0.0,0.0,2015-02-18 14:00:00,5.0,1.3542412e-06,1.468562e-06,0.0,1.3542412e-06
251.91791,0.6436114,0.63687193,0.059030343,0.0,2015-02-18 15:00:00,5.0,1.6215026e-06,1.5308133e-06,0.0,1.6215026e-06
252.46165,0.7595151,0.7504048,0.1627416,0.0,2015-02-18 16:00:00,5.0,2.6315702e-06,2.5005857e-06,0.0,2.4219953e-06
253.25887,0.8639013,0.84232676,0.2746427,0.0,2015-02-18 17:00:00,5.0,2.154733e-06,2.1736396e-06,0.0,2.154733e-06
253.58965,0.9853412,0.9853412,0.0,0.0,2015-02-18 18:00:00,5.0,6.864127e-07,8.3414193e-07,0.0,6.864127e-07
254.20229,0.8962185,0.8962185,0.0,0.0,2015-02-18 19:00:00,5.0,2.0957555e-07,3.193324e-07,0.0,2.0957555e-07
254.75644,0.7651937,0.7651937,0.0,0.0,2015-02-18 20:00:00,0.0,0.0,8.580156e-08,0.0,0.0
255.71857,0.17096138,0.17096138,0.0,0.0,2015-02-18 21:00:00,0.0,0.0,1.1936965e-08,0.0,0.0
255.57584,0.6838634,0.6838634,0.0,0.0,2015-02-18 22:00:00,5.0,0.0,3.8133912e-08,0.0,0.0
255.54283,0.9215992,0.9215992,0.0,0.0,2015-02-18 23:00:00,5.0,0.0,1.42599745e-08,0.0,0.0
255.19727,0.26300526,0.26300526,0.0,0.0,2015-02-19 00:00:00,0.0,0.0,0.0,0.0,0.0
254.91632,0.07045585,0.07045585,0.0,0.0,2015-02-19 01:00:00,0.0,0.0,0.0,0.0,0.0
254.66705,0.03516934,0.03516934,0.0,0.0,2015-02-19 02:00:00,0.0,0.0,0.0,0.0,0.0
253.89732,0.0,0.0,0.0,0.0,2015-02-19 03:00:00,0.0,0.0,0.0,0.0,0.0
253.6173,0.0,0.0,0.0,0.0,2015-02-19 04:00:00,0.0,0.0,0.0,0.0,0.0
252.99446,0.026925862,0.026925862,0.0,0.0,2015-02-19 05:00:00,0.0,0.0,0.0,0.0,0.0
252.48067,0.07520747,0.07520747,0.0,0.0,2015-02-19 06:00:00,0.0,0.0,0.0,0.0,0.0
252.4074,0.0,0.0,0.0,0.0,2015-02-19 07:00:00,0.0,0.0,0.0,0.0,0.0
252.16238,0.0,0.0,0.0,0.0,2015-02-19 08:00:00,0.0,0.0,0.0,0.0,0.0
250.8001,0.0,0.0,0.0,0.0,2015-02-19 09:00:00,0.0,0.0,0.0,0.0,0.0
250.05913,0.0,0.0,0.0,0.0,2015-02-19 10:00:00,0.0,0.0,0.0,0.0,0.0
250.17343,0.0,0.0,0.0,0.0,2015-02-19 11:00:00,0.0,0.0,0.0,0.0,0.0
250.33287,0.0,0.0,0.0,0.0,2015-02-19 12:00:00,0.0,0.0,0.0,0.0,0.0
250.39064,0.0,0.0,0.0,0.0,2015-02-19 13:00:00,0.0,0.0,0.0,0.0,0.0
250.7294,0.0,0.0,0.0,0.0,2015-02-19 14:00:00,0.0,0.0,0.0,0.0,0.0
253.04826,0.21213359,0.21213359,0.0,0.0,2015-02-19 15:00:00,0.0,0.0,0.0,0.0,0.0
253.86845,0.0,0.0,0.0,0.0,2015-02-19 16:00:00,0.0,0.0,0.0,0.0,0.0
255.17871,0.0,0.0,0.0,0.0,2015-02-19 17:00:00,0.0,0.0,0.0,0.0,0.0
256.35083,0.0,0.0,0.0,0.0,2015-02-19 18:00:00,0.0,0.0,0.0,0.0,0.0
257.18164,0.0,0.0,0.0,0.0,2015-02-19 19:00:00,0.0,0.0,0.0,0.0,0.0
258.12964,0.0,0.0,0.0,0.0,2015-02-19 20:00:00,0.0,0.0,0.0,0.0,0.0
259.1819,0.0,0.0,0.0,0.0,2015-02-19 21:00:00,0.0,0.0,0.0,0.0,0.0
258.92798,0.024511095,0.0,0.0,0.024511095,2015-02-19 22:00:00,0.0,0.0,0.0,0.0,0.0
259.32007,0.113968074,0.0,0.0,0.113968074,2015-02-19 23:00:00,0.0,0.0,0.0,0.0,0.0
257.88013,0.4874674,0.0,0.0,0.4874674,2015-02-20 00:00:00,0.0,0.0,0.0,0.0,0.0
257.71558,0.8716655,0.0,0.019140206,0.8716655,2015-02-20 01:00:00,0.0,0.0,0.0,0.0,0.0
258.25806,0.9550102,0.0,0.395378,0.9483787,2015-02-20 02:00:00,0.0,0.0,0.0,0.0,0.0
258.46606,0.9651758,0.0,0.85345113,0.9492634,2015-02-20 03:00:00,0.0,0.0,0.0,0.0,0.0
258.32495,0.987647,0.0,0.9671019,0.9676302,2015-02-20 04:00:00,0.0,0.0,0.0,0.0,0.0
258.46753,0.9766327,0.0,0.97082734,0.9085978,2015-02-20 05:00:00,0.0,0.0,0.0,0.0,0.0
258.76,0.9860805,0.0,0.97059613,0.7483291,2015-02-20 06:00:00,0.0,0.0,0.0,0.0,0.0
258.83813,1.0,0.0,0.99657166,0.8993282,2015-02-20 07:00:00,5.0,3.813414e-07,3.981661e-07,0.0,3.813414e-07
259.15796,1.0,0.007936597,0.99946827,0.83508533,2015-02-20 08:00:00,5.0,2.7866954e-06,2.877062e-06,0.0,2.7866954e-06
259.4724,1.0,0.30152798,0.9957394,0.85605997,2015-02-20 09:00:00,5.0,4.8694594e-05,4.8604066e-05,0.0,4.8694594e-05
260.18042,1.0,0.77806515,1.0,0.94070435,2015-02-20 10:00:00,5.0,0.00015612076,0.00015608255,0.0,0.00015621625
260.52002,0.99348307,0.6158714,0.97402304,0.9154864,2015-02-20 11:00:00,5.0,0.0001671712,0.00016709445,0.0,0.000167018
260.77222,0.9800082,0.57700217,0.95807207,0.8933935,2015-02-20 12:00:00,5.0,0.00012638488,0.0001264159,0.0,0.0001262894
260.95972,0.9587984,0.50007886,0.92850184,0.88882476,2015-02-20 13:00:00,5.0,6.186824e-05,6.199723e-05,0.0,6.175417e-05
261.32056,0.73367786,0.39172322,0.6688088,0.40242362,2015-02-20 14:00:00,5.0,2.8260227e-05,2.8203343e-05,0.0,2.824163e-05
263.07422,0.42907155,0.16194695,0.415892,0.019479007,2015-02-20 15:00:00,5.0,1.3271935e-05,1.3285871e-05,0.0,1.3118753e-05
264.1631,0.671287,0.00737416,0.6545321,0.041398462,2015-02-20 16:00:00,5.0,5.6444833e-06,5.5154987e-06,0.0,5.6444833e-06
264.9485,0.78078115,0.13124412,0.78078115,0.0,2015-02-20 17:00:00,5.0,2.345083e-06,2.3404373e-06,0.0,2.345083e-06
265.84155,0.95108217,0.5339395,0.9386946,0.020551655,2015-02-20 18:00:00,5.0,1.5631749e-06,1.3584058e-06,0.0,1.4490952e-06
266.79248,0.9920941,0.74058664,0.9820702,0.32199508,2015-02-20 19:00:00,5.0,7.856271e-06,8.1329845e-06,0.0,8.333108e-06
267.13257,0.9646685,0.7867857,0.9435477,0.3234694,2015-02-20 20:00:00,5.0,2.0023304e-05,2.0567037e-05,0.0,2.0595631e-05
268.52026,0.9799268,0.736926,0.96757567,0.3821146,2015-02-20 21:00:00,5.0,4.0123516e-05,4.032861e-05,0.0,4.0390776e-05
268.66626,0.9923612,0.6282594,0.97073305,0.33721977,2015-02-20 22:00:00,5.0,3.459117e-05,3.4696277e-05,0.0,3.485843e-05
268.87402,0.97316515,0.7399487,0.93280214,0.3598224,2015-02-20 23:00:00,5.0,1.3138648e-05,1.3198332e-05,0.0,1.3138648e-05
268.4646,0.9876192,0.87487024,0.9721017,0.39327008,2015-02-21 00:00:00,5.0,6.713539e-06,6.9521184e-06,0.0,7.09488e-06
268.73706,0.9776406,0.5895562,0.9382668,0.35668468,2015-02-21 01:00:00,5.0,3.7482998e-05,3.766165e-05,0.0,3.7597085e-05
268.70117,0.9410808,0.22247386,0.91000366,0.3684945,2015-02-21 02:00:00,5.0,6.4453736e-05,6.4332286e-05,0.0,6.4244174e-05
268.48657,0.52059835,0.12035,0.36277258,0.23722547,2015-02-21 03:00:00,5.0,3.0177878e-05,3.0172756e-05,0.0,3.0177878e-05
267.9619,0.22629571,0.11311948,0.0767107,0.07025176,2015-02-21 04:00:00,0.0,3.987746e-06,4.0592067e-06,0.0,4.1595113e-06
267.37842,0.25311136,0.18300909,0.07595205,0.0,2015-02-21 05:00:00,0.0,9.549569e-08,8.115552e-08,0.0,9.549569e-08
266.91602,0.20300561,0.20300561,0.0,0.0,2015-02-21 06:00:00,0.0,0.0,0.0,0.0,0.0
267.15942,0.34529203,0.34529203,0.0,0.0,2015-02-21 07:00:00,5.0,4.7683716e-07,6.628618e-07,0.0,4.7683716e-07
266.85205,0.35201478,0.34062302,0.016283713,0.0,2015-02-21 08:00:00,5.0,5.7233285e-07,6.2008075e-07,0.0,5.7233285e-07
265.23193,0.8103559,0.49042487,0.4846909,0.0,2015-02-21 09:00:00,5.0,1.1446655e-06,1.0493304e-06,0.0,1.1446655e-06
265.03296,0.96442974,0.5651336,0.939605,0.0,2015-02-21 10:00:00,5.0,4.6357072e-06,4.5024e-06,0.0,4.6357072e-06
265.2644,0.9647469,0.6368332,0.9252017,0.0,2015-02-21 11:00:00,5.0,2.9909366e-05,2.9995252e-05,0.0,2.9909366e-05
265.19995,0.96903753,0.7833342,0.931022,0.0,2015-02-21 12:00:00,5.0,6.784804e-05,6.801964e-05,0.0,6.784804e-05
265.13696,0.9835194,0.7754743,0.9504299,0.0,2015-02-21 13:00:00,5.0,7.805134e-05,7.807024e-05,0.0,7.7879566e-05
265.07104,0.9911112,0.94218063,0.9650258,0.0082530975,2015-02-21 14:00:00,5.0,6.7137895e-05,6.716128e-05,0.0,6.725198e-05
265.03687,0.99550825,0.97991836,0.94945544,0.016977832,2015-02-21 15:00:00,5.0,3.627548e-05,3.670009e-05,0.0,3.627548e-05
265.25903,0.9932679,0.932645,0.9778543,0.07687211,2015-02-21 16:00:00,5.0,8.467697e-06,8.138265e-06,0.0,8.124164e-06
265.4839,0.9989426,0.9978792,0.9024384,0.0,2015-02-21 17:00:00,5.0,1.372825e-06,1.4871475e-06,0.0,1.1818338e-06
265.60474,0.9015911,0.88239485,0.2247113,0.0,2015-02-21 18:00:00,5.0,3.813414e-07,4.1466774e-07,0.0,5.9091695e-07
265.9563,0.6057478,0.6057478,0.0021207693,0.0,2015-02-21 19:00:00,5.0,6.864127e-07,6.4339105e-07,0.0,6.864127e-07
265.97168,0.2484293,0.2484293,0.0,0.0,2015-02-21 20:00:00,0.0,0.0,2.6196943e-08,0.0,0.0
265.9524,0.28556705,0.28556705,0.0,0.0,2015-02-21 21:00:00,0.0,0.0,5.007088e-08,0.0,0.0
264.7837,0.34726983,0.34726983,0.0,0.0,2015-02-21 22:00:00,5.0,0.0,1.9547707e-07,0.0,9.549569e-08
264.3003,0.14983988,0.14983988,0.0,0.0,2015-02-21 23:00:00,0.0,0.0,0.0,0.0,0.0
263.57715,0.04150865,0.04150865,0.0,0.0,2015-02-22 00:00:00,0.0,0.0,0.0,0.0,0.0
262.48682,0.0021207693,0.0021207693,0.0,0.0,2015-02-22 01:00:00,0.0,0.0,0.0,0.0,0.0
261.54053,0.0,0.0,0.0,0.0,2015-02-22 02:00:00,0.0,0.0,0.0,0.0,0.0
259.03394,0.0016249504,0.0016249504,0.0,0.0,2015-02-22 03:00:00,5.0,0.0,0.0,0.0,0.0
258.62573,0.008357041,0.008357041,0.0,0.0,2015-02-22 04:00:00,5.0,0.0,4.7667676e-08,0.0,0.0
257.56616,0.1415844,0.1415844,0.0,0.0,2015-02-22 05:00:00,5.0,0.0,2.669385e-07,0.0,2.0957555e-07
256.55322,0.78963524,0.78963524,0.0,0.0,2015-02-22 06:00:00,5.0,5.9091695e-07,5.9091695e-07,0.0,5.9091695e-07
256.08276,0.94129246,0.94129246,0.0,0.0,2015-02-22 07:00:00,5.0,9.72258e-07,1.0843369e-06,0.0,1.067754e-06
255.66144,0.9511509,0.9511509,0.0,0.0,2015-02-22 08:00:00,5.0,1.7541661e-06,1.7111452e-06,0.0,1.7541661e-06
254.05447,0.90775156,0.90669423,0.0,0.0026463778,2015-02-22 09:00:00,5.0,2.440579e-06,2.414141e-06,0.0,2.440579e-06
251.91527,0.8231629,0.8231629,0.0,0.00053172023,2015-02-22 10:00:00,5.0,3.031496e-06,2.9408866e-06,0.0,3.031496e-06
251.8246,0.6003179,0.6003179,0.0,0.0,2015-02-22 11:00:00,5.0,2.6501548e-06,2.7909964e-06,0.0,2.6501548e-06
251.80786,0.6195715,0.6195715,0.0,0.0,2015-02-22 12:00:00,5.0,3.508333e-06,3.4653112e-06,0.0,3.508333e-06
251.56902,0.79448986,0.79448986,0.0,0.0,2015-02-22 13:00:00,5.0,3.3942533e-06,3.289143e-06,0.0,3.3942533e-06
251.23735,0.82289076,0.82289076,0.0,0.0,2015-02-22 14:00:00,5.0,1.8496621e-06,1.9973913e-06,0.0,1.8496621e-06
251.90497,0.65463656,0.65463656,0.0,0.0,2015-02-22 15:00:00,5.0,1.372825e-06,1.2297414e-06,0.0,1.372825e-06
252.22891,0.6546851,0.6546851,0.0,0.0,2015-02-22 16:00:00,5.0,7.626828e-07,5.479755e-07,0.0,7.626828e-07
253.08052,0.47667593,0.47667593,0.0,0.0,2015-02-22 17:00:00,0.0,0.0,2.8519953e-08,0.0,0.0
253.80182,0.20618612,0.20618612,0.0,0.0,2015-02-22 18:00:00,0.0,0.0,0.0,0.0,0.0
254.22452,0.0,0.0,0.0,0.0,2015-02-22 19:00:00,0.0,0.0,0.0,0.0,0.0
254.86064,0.0,0.0,0.0,0.0,2015-02-22 20:00:00,0.0,0.0,0.0,0.0,0.0
255.76076,0.0,0.0,0.0,0.0,2015-02-22 21:00:00,0.0,0.0,0.0,0.0,0.0
255.06033,0.0,0.0,0.0,0.0,2015-02-22 22:00:00,0.0,0.0,0.0,0.0,0.0
255.00877,0.0,0.0,0.0,0.0,2015-02-22 23:00:00,0.0,0.0,0.0,0.0,0.0
254.71565,0.0,0.0,0.0,0.0,2015-02-23 00:00:00,0.0,0.0,0.0,0.0,0.0
254.25851,0.0,0.0,0.0,0.0,2015-02-23 01:00:00,0.0,0.0,0.0,0.0,0.0
253.68918,0.0,0.0,0.0,0.0,2015-02-23 02:00:00,0.0,0.0,0.0,0.0,0.0
252.40501,0.0,0.0,0.0,0.0,2015-02-23 03:00:00,0.0,0.0,0.0,0.0,0.0
252.35341,0.0,0.0,0.0,0.0,2015-02-23 04:00:00,0.0,0.0,0.0,0.0,0.0
251.75052,0.0,0.0,0.0,0.0,2015-02-23 05:00:00,0.0,0.0,0.0,0.0,0.0
251.28542,0.0,0.0,0.0,0.0,2015-02-23 06:00:00,0.0,0.0,0.0,0.0,0.0
251.1622,0.0,0.0,0.0,0.0,2015-02-23 07:00:00,0.0,0.0,0.0,0.0,0.0
250.87955,0.0,0.0,0.0,0.0,2015-02-23 08:00:00,0.0,0.0,0.0,0.0,0.0
250.34839,0.0,0.0,0.0,0.0,2015-02-23 09:00:00,0.0,0.0,0.0,0.0,0.0
249.66405,0.0,0.0,0.0,0.0,2015-02-23 10:00:00,0.0,0.0,0.0,0.0,0.0
249.64413,0.0,0.0,0.0,0.0,2015-02-23 11:00:00,0.0,0.0,0.0,0.0,0.0
249.63776,0.0,0.0,0.0,0.0,2015-02-23 12:00:00,0.0,0.0,0.0,0.0,0.0
249.73119,0.0,0.0,0.0,0.0,2015-02-23 13:00:00,0.0,0.0,0.0,0.0,0.0
250.15044,0.0,0.0,0.0,0.0,2015-02-23 14:00:00,0.0,0.0,0.0,0.0,0.0
253.28181,0.0,0.0,0.0,0.0,2015-02-23 15:00:00,0.0,0.0,0.0,0.0,0.0
256.04785,0.0,0.0,0.0,0.0,2015-02-23 16:00:00,0.0,0.0,0.0,0.0,0.0
257.84888,0.05197112,0.0,0.0,0.05197112,2015-02-23 17:00:00,0.0,0.0,0.0,0.0,0.0
259.40137,0.0010573287,0.0,0.0,0.0010573287,2015-02-23 18:00:00,0.0,0.0,0.0,0.0,0.0
260.58765,0.49592036,0.0,0.019988392,0.49592036,2015-02-23 19:00:00,0.0,0.0,0.0,0.0,0.0
262.437,0.97702426,0.0,0.043337926,0.97702426,2015-02-23 20:00:00,0.0,0.0,0.0,0.0,0.0
264.20264,1.0,0.0,0.26934487,1.0,2015-02-23 21:00:00,0.0,0.0,0.0,0.0,0.0
264.91162,1.0,0.0,0.73557377,1.0,2015-02-23 22:00:00,0.0,0.0,0.0,0.0,0.0
265.10815,1.0,0.0,0.97624236,1.0,2015-02-23 23:00:00,0.0,0.0,0.0,0.0,0.0
265.35474,1.0,0.0,0.9989426,1.0,2015-02-24 00:00:00,0.0,0.0,0.0,0.0,0.0
265.79443,1.0,0.0,1.0,0.97577965,2015-02-24 01:00:00,0.0,0.0,0.0,0.0,0.0
265.80933,1.0,0.0,1.0,0.46096778,2015-02-24 02:00:00,0.0,0.0,0.0,0.0,0.0
266.5381,0.9912679,0.0,0.9912679,0.0,2015-02-24 03:00:00,0.0,0.0,0.0,0.0,0.0
266.72925,0.949831,0.0,0.949831,0.0,2015-02-24 04:00:00,0.0,0.0,0.0,0.0,0.0
267.26904,0.86833584,0.0,0.86833584,0.0,2015-02-24 05:00:00,0.0,0.0,9.533534e-08,0.0,0.0
267.69482,0.82921594,0.0,0.827112,0.012623299,2015-02-24 06:00:00,0.0,0.0,2.8519953e-08,0.0,0.0
268.63623,0.81365794,0.0,0.70033014,0.35027915,2015-02-24 07:00:00,0.0,0.0,0.0,0.0,0.0
269.10718,0.9531734,0.083729565,0.7310123,0.84986603,2015-02-24 08:00:00,0.0,0.0,0.0,0.0,0.0
270.37036,0.8814182,0.32716036,0.69106275,0.7353372,2015-02-24 09:00:00,5.0,0.0,0.0,0.0,0.0
271.30005,0.96529096,0.86910146,0.87183404,0.50984174,2015-02-24 10:00:00,5.0,0.0,0.0,0.0,0.0
271.01685,0.9237296,0.8563727,0.84368074,0.005298864,2015-02-24 11:00:00,5.0,2.3835437e-06,2.3218581e-06,0.0,2.269464e-06
270.75854,0.9904384,0.95332676,0.97827697,0.0,2015-02-24 12:00:00,5.0,3.8201455e-05,3.812999e-05,0.0,3.8201455e-05
270.6892,0.9989426,0.99604,0.9680243,0.0,2015-02-24 13:00:00,5.0,0.00011062871,0.00011077164,0.0,0.00011053322
271.09717,0.78146315,0.66710865,0.7176647,0.0,2015-02-24 14:00:00,5.0,0.00011166815,0.00011167793,0.0,0.00011166815
271.9331,0.2564035,0.17450619,0.20787132,0.0,2015-02-24 15:00:00,5.0,4.0372266e-05,4.0371946e-05,2.2901411e-05,1.7546787e-05
272.16235,0.5754964,0.5754964,0.00053172023,0.0,2015-02-24 16:00:00,5.0,1.6291902e-05,1.6792139e-05,9.958758e-06,7.0577025e-06
271.85132,0.30594665,0.30594665,0.0,0.0,2015-02-24 17:00:00,0.0,1.5638161e-06,1.8448536e-06,0.0,1.7733919e-06
271.67725,0.18263793,0.18263793,0.0,0.0,2015-02-24 18:00:00,0.0,0.0,2.3873934e-08,0.0,0.0
271.77124,0.08337659,0.08337659,0.0,0.0,2015-02-24 19:00:00,0.0,0.0,0.0,0.0,0.0
271.81665,0.0,0.0,0.0,0.0,2015-02-24 20:00:00,0.0,0.0,0.0,0.0,0.0
271.61572,0.010491136,0.010491136,0.0,0.0,2015-02-24 21:00:00,0.0,0.0,0.0,0.0,0.0
269.32275,0.0,0.0,0.0,0.0,2015-02-24 22:00:00,0.0,0.0,0.0,0.0,0.0
268.51587,0.0,0.0,0.0,0.0,2015-02-24 23:00:00,0.0,0.0,0.0,0.0,0.0
267.5,0.0,0.0,0.0,0.0,2015-02-25 00:00:00,0.0,0.0,0.0,0.0,0.0
267.11768,0.0,0.0,0.0,0.0,2015-02-25 01:00:00,0.0,0.0,0.0,0.0,0.0
266.50977,0.0,0.0,0.0,0.0,2015-02-25 02:00:00,0.0,0.0,0.0,0.0,0.0
264.5271,0.0,0.0,0.0,0.0,2015-02-25 03:00:00,0.0,0.0,0.0,0.0,0.0
263.87964,0.0032499009,0.0,0.0,0.0032499009,2015-02-25 04:00:00,0.0,0.0,0.0,0.0,0.0
263.17725,0.28720915,0.0,0.015464123,0.28383088,2015-02-25 05:00:00,0.0,0.0,0.0,0.0,0.0
262.50488,0.27216643,0.0,0.042412933,0.25605685,2015-02-25 06:00:00,0.0,0.0,0.0,0.0,0.0
262.13525,0.5437506,0.0,0.53364027,0.037438683,2015-02-25 07:00:00,0.0,0.0,0.0,0.0,0.0
262.14185,0.94606084,0.0,0.942332,0.39446306,2015-02-25 08:00:00,0.0,0.0,0.0,0.0,0.0
261.74756,0.99393946,0.0,0.98238194,0.8736131,2015-02-25 09:00:00,5.0,0.0,6.6815346e-08,0.0,0.0
261.02344,0.9966217,0.0,0.9966217,0.9644187,2015-02-25 10:00:00,5.0,3.4154218e-06,3.425197e-06,0.0,3.4154218e-06
260.9048,1.0,0.0,1.0,0.9814164,2015-02-25 11:00:00,5.0,2.7111848e-05,2.6964117e-05,0.0,2.7111848e-05
260.8684,1.0,0.0065169036,1.0,0.98552626,2015-02-25 12:00:00,5.0,9.3502545e-05,9.3636176e-05,0.0,9.3502545e-05
260.70752,1.0,0.0047394857,1.0,0.99946827,2015-02-25 13:00:00,5.0,0.00016831986,0.00016855828,0.0,0.00016831986
260.61353,1.0,0.08490789,1.0,0.99841094,2015-02-25 14:00:00,5.0,0.00017940502,0.00017922363,0.0,0.00017940502
260.70752,1.0,0.4615026,1.0,1.0,2015-02-25 15:00:00,5.0,0.00016173958,0.00016175416,0.0,0.00016173958
260.8142,1.0,0.6847886,1.0,0.9750078,2015-02-25 16:00:00,5.0,0.00015139589,0.00015152952,0.0,0.00015139589
261.27808,1.0,0.52981323,1.0,0.9711155,2015-02-25 17:00:00,5.0,0.00010791648,0.00010795942,0.0,0.00010791648
261.78442,1.0,0.31929654,0.99262583,0.98999023,2015-02-25 18:00:00,5.0,5.3339114e-05,5.3748983e-05,0.0,5.34532e-05
262.4873,1.0,0.25320023,0.9867931,0.98498976,2015-02-25 19:00:00,5.0,4.8301546e-05,4.8573944e-05,0.0,4.8550224e-05
262.98145,0.9710296,0.055002015,0.93469626,0.6164626,2015-02-25 20:00:00,5.0,3.288701e-05,3.3104123e-05,0.0,3.315427e-05
263.57373,0.9171487,0.109435916,0.8987249,0.19934857,2015-02-25 21:00:00,5.0,1.34104e-05,1.3524963e-05,0.0,1.3505895e-05
263.0725,0.9576489,0.02066375,0.9126033,0.484981,2015-02-25 22:00:00,5.0,3.262231e-06,3.1906093e-06,0.0,3.262231e-06
262.86475,0.9067964,0.0,0.86103463,0.35913998,2015-02-25 23:00:00,5.0,3.8198294e-07,6.678286e-07,0.0,6.678286e-07
262.2981,0.034914747,0.0,0.015364882,0.02696339,2015-02-26 00:00:00,0.0,0.0,7.16218e-08,0.0,9.549569e-08
261.8291,0.0026463778,0.0,0.0026463778,0.0,2015-02-26 01:00:00,0.0,0.0,1.1936965e-08,0.0,0.0
261.11475,0.02630004,0.0,0.02630004,0.0,2015-02-26 02:00:00,0.0,0.0,0.0,0.0,0.0
259.63794,0.041872244,0.0,0.041872244,0.0,2015-02-26 03:00:00,0.0,0.0,0.0,0.0,0.0
259.32104,0.06134483,0.0,0.06134483,0.0,2015-02-26 04:00:00,5.0,0.0,0.0,0.0,0.0
258.47876,0.0021207693,0.0,0.0021207693,0.0,2015-02-26 05:00:00,5.0,0.0,2.8519953e-08,0.0,0.0
257.948,0.0,0.0,0.0,0.0,2015-02-26 06:00:00,5.0,1.14079796e-07,2.669385e-07,0.0,1.14079796e-07
257.26636,0.0,0.0,0.0,0.0,2015-02-26 07:00:00,0.0,0.0,0.0,0.0,0.0
256.86523,0.0,0.0,0.0,0.0,2015-02-26 08:00:00,0.0,0.0,0.0,0.0,0.0
255.67863,0.0,0.0,0.0,0.0,2015-02-26 09:00:00,0.0,0.0,0.0,0.0,0.0
253.91574,0.0,0.0,0.0,0.0,2015-02-26 10:00:00,0.0,0.0,0.0,0.0,0.0
253.80363,0.0,0.0,0.0,0.0,2015-02-26 11:00:00,0.0,0.0,0.0,0.0,0.0
253.70691,0.0,0.0,0.0,0.0,2015-02-26 12:00:00,5.0,0.0,0.0,0.0,0.0
253.57933,0.0,0.0,0.0,0.0,2015-02-26 13:00:00,5.0,0.0,0.0,0.0,0.0
253.88603,0.05259708,0.05259708,0.0,0.0,2015-02-26 14:00:00,5.0,0.0,0.0,0.0,0.0
256.0122,0.88214713,0.88214713,0.0,0.0,2015-02-26 15:00:00,5.0,2.6726156e-07,2.290463e-07,0.0,2.6726156e-07
256.9812,0.7918422,0.7918422,0.0,0.0,2015-02-26 16:00:00,5.0,6.300189e-07,6.059834e-07,0.0,6.300189e-07
258.00244,0.85693944,0.85693944,0.0,0.0,2015-02-26 17:00:00,5.0,1.2023511e-06,1.2952833e-06,0.0,1.2023511e-06
258.94092,0.995108,0.995108,0.0,0.0,2015-02-26 18:00:00,5.0,1.3164308e-06,1.1757511e-06,0.0,1.1735083e-06
259.21704,0.65181553,0.65181553,0.0,0.0,2015-02-26 19:00:00,5.0,0.0,3.5298183e-07,0.0,3.627573e-07
259.88843,0.819579,0.819579,0.0,0.0,2015-02-26 20:00:00,0.0,0.0,1.1456325e-07,0.0,9.549569e-08
260.69458,0.33614057,0.33614057,0.0,0.0,2015-02-26 21:00:00,0.0,0.0,4.7747868e-08,0.0,9.549569e-08
260.44507,0.052107308,0.052107308,0.0,0.0,2015-02-26 22:00:00,0.0,0.0,0.0,0.0,0.0
260.0923,0.2608359,0.2608359,0.0,0.0,2015-02-26 23:00:00,0.0,0.0,0.0,0.0,0.0
259.61816,0.012712393,0.012712393,0.0,0.0,2015-02-27 00:00:00,0.0,0.0,0.0,0.0,0.0
259.01807,0.004767146,0.004767146,0.0,0.0,2015-02-27 01:00:00,0.0,0.0,0.0,0.0,0.0
258.6599,0.0031780982,0.0031780982,0.0,0.0,2015-02-27 02:00:00,0.0,0.0,0.0,0.0,0.0
257.46094,0.0,0.0,0.0,0.0,2015-02-27 03:00:00,0.0,0.0,0.0,0.0,0.0
257.07617,0.0,0.0,0.0,0.0,2015-02-27 04:00:00,0.0,0.0,0.0,0.0,0.0
256.07104,0.0,0.0,0.0,0.0,2015-02-27 05:00:00,0.0,0.0,0.0,0.0,0.0
255.57315,0.0,0.0,0.0,0.0,2015-02-27 06:00:00,0.0,0.0,0.0,0.0,0.0
255.53906,0.0,0.0,0.0,0.0,2015-02-27 07:00:00,0.0,0.0,0.0,0.0,0.0
254.75302,0.0,0.0,0.0,0.0,2015-02-27 08:00:00,0.0,0.0,0.0,0.0,0.0
254.31914,0.0,0.0,0.0,0.0,2015-02-27 09:00:00,0.0,0.0,0.0,0.0,0.0
253.24591,0.0,0.0,0.0,0.0,2015-02-27 10:00:00,0.0,0.0,0.0,0.0,0.0
253.29283,0.0,0.0,0.0,0.0,2015-02-27 11:00:00,0.0,0.0,0.0,0.0,0.0
253.15334,0.0,0.0,0.0,0.0,2015-02-27 12:00:00,0.0,0.0,0.0,0.0,0.0
252.96602,0.0,0.0,0.0,0.0,2015-02-27 13:00:00,0.0,0.0,0.0,0.0,0.0
253.38515,0.0,0.0,0.0,0.0,2015-02-27 14:00:00,0.0,0.0,0.0,0.0,0.0
256.20435,0.0,0.0,0.0,0.0,2015-02-27 15:00:00,0.0,0.0,0.0,0.0,0.0
258.35376,0.0,0.0,0.0,0.0,2015-02-27 16:00:00,0.0,0.0,0.0,0.0,0.0
259.8589,0.0,0.0,0.0,0.0,2015-02-27 17:00:00,0.0,0.0,0.0,0.0,0.0
260.97168,0.0,0.0,0.0,0.0,2015-02-27 18:00:00,0.0,0.0,0.0,0.0,0.0
261.89062,0.0,0.0,0.0,0.0,2015-02-27 19:00:00,0.0,0.0,0.0,0.0,0.0
263.01587,0.0,0.0,0.0,0.0,2015-02-27 20:00:00,0.0,0.0,0.0,0.0,0.0
263.76685,0.0,0.0,0.0,0.0,2015-02-27 21:00:00,0.0,0.0,0.0,0.0,0.0
263.35767,0.0,0.0,0.0,0.0,2015-02-27 22:00:00,0.0,0.0,0.0,0.0,0.0
263.28784,0.0,0.0,0.0,0.0,2015-02-27 23:00:00,0.0,0.0,0.0,0.0,0.0
262.56177,0.0,0.0,0.0,0.0,2015-02-28 00:00:00,0.0,0.0,0.0,0.0,0.0
261.98486,0.0,0.0,0.0,0.0,2015-02-28 01:00:00,0.0,0.0,0.0,0.0,0.0
261.60474,0.0,0.0,0.0,0.0,2015-02-28 02:00:00,0.0,0.0,0.0,0.0,0.0
260.06445,0.0,0.0,0.0,0.0,2015-02-28 03:00:00,0.0,0.0,0.0,0.0,0.0
259.69775,0.0,0.0,0.0,0.0,2015-02-28 04:00:00,0.0,0.0,0.0,0.0,0.0
258.76685,0.0,0.0,0.0,0.0,2015-02-28 05:00:00,0.0,0.0,0.0,0.0,0.0
258.0598,0.0,0.0,0.0,0.0,2015-02-28 06:00:00,0.0,0.0,0.0,0.0,0.0
257.92407,0.0,0.0,0.0,0.0,2015-02-28 07:00:00,0.0,0.0,0.0,0.0,0.0
257.5974,0.0,0.0,0.0,0.0,2015-02-28 08:00:00,0.0,0.0,0.0,0.0,0.0
257.27686,0.0,0.0,0.0,0.0,2015-02-28 09:00:00,0.0,0.0,0.0,0.0,0.0
255.46552,0.0,0.0,0.0,0.0,2015-02-28 10:00:00,0.0,0.0,0.0,0.0,0.0
255.53577,0.08477253,0.0,0.0,0.08477253,2015-02-28 11:00:00,0.0,0.0,0.0,0.0,0.0
255.45741,0.26791257,0.0,0.0,0.26791257,2015-02-28 12:00:00,0.0,0.0,0.0,0.0,0.0
255.27992,0.28632885,0.0026463778,0.0,0.28420806,2015-02-28 13:00:00,0.0,0.0,0.0,0.0,0.0
255.56796,0.050831437,0.0,0.0,0.050831437,2015-02-28 14:00:00,0.0,0.0,0.0,0.0,0.0
259.86816,0.5003289,0.0,0.0,0.5003289,2015-02-28 15:00:00,0.0,0.0,0.0,0.0,0.0
261.969,0.7991135,0.0,0.0,0.7991135,2015-02-28 16:00:00,0.0,0.0,0.0,0.0,0.0
264.08887,0.5181544,0.0,0.0,0.5181544,2015-02-28 17:00:00,0.0,0.0,0.0,0.0,0.0
265.23926,0.4146189,0.0,0.0,0.4146189,2015-02-28 18:00:00,0.0,0.0,0.0,0.0,0.0
266.22852,0.7344147,0.0,0.0,0.7344147,2015-02-28 19:00:00,0.0,0.0,0.0,0.0,0.0
266.489,0.6621914,0.0,0.0,0.6621914,2015-02-28 20:00:00,0.0,0.0,0.0,0.0,0.0
267.1787,0.5491847,0.0,0.0,0.5491847,2015-02-28 21:00:00,0.0,0.0,0.0,0.0,0.0
265.9087,0.5842126,0.0,0.1646685,0.5159952,2015-02-28 22:00:00,0.0,0.0,0.0,0.0,0.0
265.38916,0.82664627,0.0,0.66350704,0.55792004,2015-02-28 23:00:00,5.0,0.0,0.0,0.0,0.0
264.84595,0.9413618,0.011646636,0.89994884,0.51905745,2015-03-01 00:00:00,5.0,2.6726156e-07,2.0044615e-07,0.0,2.6726156e-07
264.66406,0.9385054,0.03884556,0.9208779,0.2780128,2015-03-01 01:00:00,5.0,2.1931937e-06,2.1695614e-06,0.0,2.1931937e-06
264.18945,0.68578905,0.09895116,0.6611611,0.09996611,2015-03-01 02:00:00,5.0,1.9637419e-06,2.111633e-06,0.0,1.9637419e-06
263.2373,0.19147497,0.08267015,0.18651497,0.0021207693,2015-03-01 03:00:00,0.0,8.9598825e-07,8.7940526e-07,0.0,7.8190845e-07
262.94043,0.105627656,0.056132175,0.105627656,0.0,2015-03-01 04:00:00,0.0,1.9099144e-07,2.6213098e-07,0.0,3.050713e-07
262.42114,0.05878702,0.011474017,0.022473656,0.036313366,2015-03-01 05:00:00,0.0,0.0,1.2393548e-07,0.0,9.549569e-08
262.3496,0.81101686,0.0,0.0016249504,0.81101686,2015-03-01 06:00:00,0.0,0.0,1.1936965e-08,0.0,0.0
262.5808,0.84994626,0.00998199,0.005003199,0.84994626,2015-03-01 07:00:00,0.0,0.0,0.0,0.0,0.0
262.63135,0.40195793,0.012130532,0.10236579,0.34383935,2015-03-01 08:00:00,0.0,0.0,0.0,0.0,0.0
262.74194,0.3446048,0.0021207693,0.11189914,0.30322158,2015-03-01 09:00:00,0.0,0.0,0.0,0.0,0.0
263.5525,0.62702364,0.0015890491,0.035945676,0.6227103,2015-03-01 10:00:00,0.0,0.0,0.0,0.0,0.0
263.7544,0.33420694,0.0021207693,0.0032499009,0.33208615,2015-03-01 11:00:00,5.0,0.0,0.0,0.0,0.0
263.6848,0.2408508,0.00816441,0.0,0.23268032,2015-03-01 12:00:00,5.0,0.0,0.0,0.0,0.0
263.81836,0.3475775,0.0029026829,0.14630598,0.28654498,2015-03-01 13:00:00,0.0,0.0,0.0,0.0,0.0
263.87134,0.9180375,0.0050234497,0.8745681,0.6991488,2015-03-01 14:00:00,0.0,0.0,0.0,0.0,0.0
265.22705,0.9946291,0.01879517,0.9917264,0.8059839,2015-03-01 15:00:00,0.0,0.0,0.0,0.0,0.0
265.4983,0.97801894,0.0,0.97801894,0.71254236,2015-03-01 16:00:00,0.0,0.0,0.0,0.0,0.0
266.3274,0.63072383,0.0,0.63072383,0.06003794,2015-03-01 17:00:00,0.0,0.0,0.0,0.0,0.0
267.2964,0.54936063,0.5099928,0.059791554,0.0,2015-03-01 18:00:00,0.0,0.0,0.0,0.0,0.0
268.27905,0.45084268,0.44867504,0.005370669,0.0,2015-03-01 19:00:00,0.0,0.0,2.8519953e-08,0.0,0.0
269.07935,0.8116162,0.8002073,0.07008982,0.0,2015-03-01 20:00:00,0.0,0.0,0.0,0.0,0.0
270.24585,0.74151844,0.32778054,0.7341802,0.0,2015-03-01 21:00:00,5.0,0.0,0.0,0.0,0.0
270.13477,0.7318795,0.24816579,0.71366507,0.0,2015-03-01 22:00:00,5.0,7.626828e-07,4.864522e-07,0.0,3.813414e-07
270.15015,0.8038516,0.591643,0.6800823,0.0,2015-03-01 23:00:00,5.0,2.0598882e-06,2.0123007e-06,0.0,2.1553842e-06
269.80298,0.093978405,0.093978405,0.0,0.0,2015-03-02 00:00:00,0.0,1.4112857e-06,1.2968821e-06,0.0,1.4112857e-06
269.0515,0.02167853,0.02167853,0.0,0.0,2015-03-02 01:00:00,0.0,0.0,0.0,0.0,0.0
268.59155,0.0,0.0,0.0,0.0,2015-03-02 02:00:00,0.0,0.0,0.0,0.0,0.0
267.43237,0.039316624,0.039316624,0.0,0.0,2015-03-02 03:00:00,0.0,0.0,0.0,0.0,0.0
266.94067,0.7433636,0.7433636,0.0,0.0,2015-03-02 04:00:00,0.0,0.0,0.0,0.0,0.0
266.36182,0.96726984,0.96726984,0.0,0.0,2015-03-02 05:00:00,0.0,0.0,0.0,0.0,0.0
265.73462,1.0,1.0,0.0,0.0,2015-03-02 06:00:00,0.0,0.0,0.0,0.0,0.0
264.9392,0.995108,0.995108,0.0,0.0,2015-03-02 07:00:00,5.0,1.3350154e-06,1.1393759e-06,0.0,1.1632492e-06
264.03955,0.9829084,0.9829084,0.0,0.0,2015-03-02 08:00:00,5.0,1.6400863e-06,1.549397e-06,0.0,1.2773289e-06
262.81274,0.86451674,0.86451674,0.0,0.0,2015-03-02 09:00:00,5.0,7.8190845e-07,9.057637e-07,0.0,7.8190845e-07
260.90454,0.6028296,0.6028296,0.0,0.0,2015-03-02 10:00:00,5.0,6.864127e-07,4.8628954e-07,0.0,4.7683716e-07
260.89722,0.42388237,0.42388237,0.0,0.0,2015-03-02 11:00:00,0.0,9.549569e-08,7.16218e-08,0.0,9.549569e-08
261.15918,0.21712065,0.21448505,0.0,0.003161212,2015-03-02 12:00:00,0.0,0.0,1.7160318e-07,0.0,0.0
259.84302,0.16203183,0.16203183,0.0,0.0,2015-03-02 13:00:00,0.0,0.0,1.4308318e-07,0.0,0.0
261.32178,0.30625308,0.11783624,0.0,0.2351231,2015-03-02 14:00:00,5.0,0.0,4.7747868e-08,0.0,0.0
265.05664,0.20243716,0.0951159,0.0,0.114965856,2015-03-02 15:00:00,0.0,0.0,5.239389e-08,0.0,0.0
266.05542,0.105560124,0.097195804,0.0,0.01173529,2015-03-02 16:00:00,0.0,0.0,0.0,0.0,0.0
267.43872,0.027078368,0.027078368,0.0,0.0,2015-03-02 17:00:00,0.0,0.0,0.0,0.0,0.0
268.32056,0.00053172023,0.0,0.00053172023,0.0,2015-03-02 18:00:00,0.0,0.0,0.0,0.0,0.0
268.92505,0.21939468,0.0,0.03708596,0.18707591,2015-03-02 19:00:00,0.0,0.0,0.0,0.0,0.0
269.32764,0.85111845,0.0,0.46089733,0.6571321,2015-03-02 20:00:00,0.0,0.0,0.0,0.0,0.0
270.44092,0.98773295,0.0,0.9280286,0.83480424,2015-03-02 21:00:00,0.0,0.0,0.0,0.0,0.0
269.90015,0.9660831,0.0,0.8355215,0.88705975,2015-03-02 22:00:00,0.0,0.0,0.0,0.0,0.0
269.74707,0.99627113,0.0,0.91039884,0.9905219,2015-03-02 23:00:00,0.0,0.0,0.0,0.0,0.0
269.5598,1.0,0.0,0.9826763,0.99657166,2015-03-03 00:00:00,0.0,0.0,0.0,0.0,0.0
269.55737,1.0,0.0,0.9408003,1.0,2015-03-03 01:00:00,0.0,0.0,0.0,0.0,0.0
269.28516,1.0,0.0,0.94627815,1.0,2015-03-03 02:00:00,0.0,0.0,2.3873934e-08,0.0,0.0
268.87598,1.0,0.0,0.9757932,1.0,2015-03-03 03:00:00,5.0,1.2215769e-06,1.2694063e-06,0.0,1.2215769e-06
268.4746,1.0,0.0,1.0,0.99409735,2015-03-03 04:00:00,5.0,1.526458e-05,1.5436177e-05,0.0,1.526458e-05
268.0244,1.0,0.0,1.0,0.9333731,2015-03-03 05:00:00,5.0,7.907883e-05,7.929826e-05,1.5367536e-05,6.384491e-05
267.64893,0.9946821,0.007457666,0.993093,0.80779636,2015-03-03 06:00:00,5.0,0.0004406739,0.00044059032,0.00033820583,0.000102200735
267.7334,0.96259356,0.0065169036,0.938357,0.72734505,2015-03-03 07:00:00,5.0,0.000117299904,0.0001172161,0.0,0.00011731849
267.78906,0.9453429,0.040558834,0.9060372,0.28849208,2015-03-03 08:00:00,5.0,4.891101e-05,4.8770482e-05,0.0,4.891101e-05
268.43384,0.9932679,0.030863717,0.9768864,0.80549705,2015-03-03 09:00:00,5.0,1.6877078e-05,1.6922175e-05,0.0,1.6991151e-05
267.90942,1.0,0.101747096,1.0,0.90217763,2015-03-03 10:00:00,5.0,1.2837444e-05,1.2732656e-05,0.0,1.2837444e-05
267.89697,0.9907832,0.33548975,0.95262504,0.9576817,2015-03-03 11:00:00,5.0,3.472071e-05,3.479216e-05,0.0,3.472071e-05
267.9934,1.0,0.7318273,0.99451786,1.0,2015-03-03 12:00:00,5.0,0.00011043853,0.0001105148,0.0,0.00011043853
267.9895,0.9989426,0.8803592,0.98655856,0.96852803,2015-03-03 13:00:00,5.0,0.00036669476,0.00036666612,6.241581e-05,0.00030441256
267.74487,0.97870064,0.8506083,0.9401806,0.53668624,2015-03-03 14:00:00,5.0,0.0009554054,0.00095547223,0.00029412983,0.00066154264
268.06323,0.9897759,0.736654,0.98740494,0.0066281483,2015-03-03 15:00:00,5.0,0.0011095998,0.0011093377,3.6051017e-05,0.0010733104
268.81396,1.0,0.9559472,0.9966217,0.1310519,2015-03-03 16:00:00,5.0,0.0005813923,0.0005819311,0.0,0.00058186916
270.02515,0.97523534,0.9482972,0.7507004,0.07280791,2015-03-03 17:00:00,5.0,0.00026151282,0.00026101223,0.0,0.00026115007
270.8274,0.97315997,0.94959277,0.49704623,0.3398835,2015-03-03 18:00:00,5.0,0.00015256729,0.00015254293,0.0,0.00015258587
271.43066,0.9800134,0.97128135,0.5251421,0.31287295,2015-03-03 19:00:00,5.0,5.4965727e-05,5.508974e-05,0.0,5.5061217e-05
270.93237,0.9703436,0.9703436,0.38987136,0.015734568,2015-03-03 20:00:00,5.0,3.81751e-05,3.8181504e-05,0.0,3.7926424e-05
270.39893,0.8766968,0.8766968,0.021050237,0.0,2015-03-03 21:00:00,5.0,7.4742693e-06,7.5647167e-06,0.0,7.760115e-06
268.2307,0.7341665,0.7341665,0.0,0.0,2015-03-03 22:00:00,5.0,3.8198294e-07,5.4124706e-07,0.0,4.0056705e-07
267.29004,0.6688854,0.6688854,0.0,0.0,2015-03-03 23:00:00,5.0,0.0,1.1936965e-08,0.0,0.0
265.91284,0.8967859,0.8967859,0.0,0.0,2015-03-04 00:00:00,5.0,0.0,1.1920929e-07,0.0,0.0
265.01953,0.3539443,0.3539443,0.0,0.0,2015-03-04 01:00:00,5.0,0.0,2.2399706e-07,0.0,0.0
263.79517,0.29071015,0.21365249,0.09189278,0.0,2015-03-04 02:00:00,0.0,0.0,2.8519953e-08,0.0,0.0
261.40015,0.13239199,0.13239199,0.0,0.0,2015-03-04 03:00:00,0.0,0.0,0.0,0.0,0.0
260.771,0.16192532,0.15330452,0.0,0.008620787,2015-03-04 04:00:00,0.0,0.0,0.0,0.0,0.0
260.00098,0.6810268,0.6810268,0.0,0.0,2015-03-04 05:00:00,0.0,0.0,0.0,0.0,0.0
259.26636,0.87498254,0.87498254,0.0,0.0,2015-03-04 06:00:00,0.0,0.0,0.0,0.0,0.0
258.66943,1.0,1.0,0.0033782488,0.00998199,2015-03-04 07:00:00,5.0,1.658671e-06,1.7302928e-06,0.0,1.658671e-06
257.81006,1.0,1.0,0.0,0.0,2015-03-04 08:00:00,5.0,1.372825e-06,1.3489507e-06,0.0,1.372825e-06
256.71265,0.79799294,0.79799294,0.0,0.0,2015-03-04 09:00:00,5.0,7.8190845e-07,7.960069e-07,0.0,7.8190845e-07
255.1623,0.04869343,0.04869343,0.0,0.0,2015-03-04 10:00:00,0.0,2.0957555e-07,3.0026484e-07,0.0,2.0957555e-07
255.02803,0.026181474,0.00053172023,0.00053172023,0.026181474,2015-03-04 11:00:00,0.0,0.0,2.3873934e-08,0.0,0.0
254.87213,0.0,0.0,0.0,0.0,2015-03-04 12:00:00,0.0,0.0,0.0,0.0,0.0
254.76126,0.0,0.0,0.0,0.0,2015-03-04 13:00:00,0.0,0.0,0.0,0.0,0.0
255.3331,0.04310395,0.0016249504,0.04310395,0.0,2015-03-04 14:00:00,0.0,0.0,0.0,0.0,0.0
257.45752,0.6443507,0.1694547,0.6097397,0.0,2015-03-04 15:00:00,0.0,0.0,0.0,0.0,0.0
258.45435,0.7005493,0.5085921,0.39447403,0.0,2015-03-04 16:00:00,5.0,0.0,1.9067068e-07,0.0,0.0
259.67847,0.7759076,0.76584154,0.04026406,0.0,2015-03-04 17:00:00,5.0,1.6022768e-06,1.778526e-06,0.0,1.6022768e-06
260.2119,1.0,1.0,0.0,0.0,2015-03-04 18:00:00,5.0,2.7078404e-06,2.5980835e-06,0.0,2.7078404e-06
260.41895,1.0,1.0,0.0,0.0,2015-03-04 19:00:00,5.0,6.675078e-06,6.6989523e-06,0.0,6.675078e-06
260.7854,1.0,1.0,0.0,0.0,2015-03-04 20:00:00,5.0,4.024272e-06,4.0720206e-06,0.0,4.024272e-06
260.90186,0.99841094,0.99841094,0.0,0.0,2015-03-04 21:00:00,5.0,1.6215026e-06,1.6593149e-06,0.0,1.6215026e-06
260.02148,0.90181094,0.90181094,0.0,0.0,2015-03-04 22:00:00,5.0,4.7683716e-07,6.3650333e-07,0.0,4.7683716e-07
259.4209,0.89242405,0.89242405,0.0,0.0,2015-03-04 23:00:00,5.0,3.627573e-07,3.0523393e-07,0.0,3.627573e-07
258.81152,0.93465465,0.93465465,0.0,0.0,2015-03-05 00:00:00,5.0,0.0,2.3609556e-07,0.0,0.0
257.88525,0.7768508,0.7768508,0.0,0.0,2015-03-05 01:00:00,5.0,0.0,7.154159e-08,0.0,0.0
257.1455,0.104124665,0.104124665,0.0,0.0,2015-03-05 02:00:00,5.0,0.0,0.0,0.0,0.0
255.56573,0.13258082,0.13258082,0.0,0.0,2015-03-05 03:00:00,0.0,0.0,0.0,0.0,0.0
254.8649,0.115962684,0.115962684,0.0,0.0,2015-03-05 04:00:00,0.0,0.0,0.0,0.0,0.0
253.4629,0.0,0.0,0.0,0.0,2015-03-05 05:00:00,0.0,0.0,0.0,0.0,0.0
252.75471,0.0,0.0,0.0,0.0,2015-03-05 06:00:00,0.0,0.0,0.0,0.0,0.0
252.9503,0.0,0.0,0.0,0.0,2015-03-05 07:00:00,0.0,0.0,0.0,0.0,0.0
252.42989,0.0,0.0,0.0,0.0,2015-03-05 08:00:00,0.0,0.0,0.0,0.0,0.0
252.12166,0.0,0.0,0.0,0.0,2015-03-05 09:00:00,0.0,0.0,0.0,0.0,0.0
251.44266,0.0,0.0,0.0,0.0,2015-03-05 10:00:00,0.0,0.0,0.0,0.0,0.0
251.64014,0.0,0.0,0.0,0.0,2015-03-05 11:00:00,0.0,0.0,0.0,0.0,0.0
252.07016,0.0,0.0,0.0,0.0,2015-03-05 12:00:00,0.0,0.0,0.0,0.0,0.0
251.81667,0.0,0.0,0.0,0.0,2015-03-05 13:00:00,0.0,0.0,0.0,0.0,0.0
252.1017,0.0,0.0,0.0,0.0,2015-03-05 14:00:00,0.0,0.0,0.0,0.0,0.0
255.64494,0.0,0.0,0.0,0.0,2015-03-05 15:00:00,0.0,0.0,0.0,0.0,0.0
257.27148,0.0,0.0,0.0,0.0,2015-03-05 16:00:00,0.0,0.0,0.0,0.0,0.0
258.81934,0.0,0.0,0.0,0.0,2015-03-05 17:00:00,0.0,0.0,0.0,0.0,0.0
259.5818,0.0,0.0,0.0,0.0,2015-03-05 18:00:00,0.0,0.0,0.0,0.0,0.0
260.3396,0.0,0.0,0.0,0.0,2015-03-05 19:00:00,0.0,0.0,0.0,0.0,0.0
261.2954,0.0,0.0,0.0,0.0,2015-03-05 20:00:00,0.0,0.0,0.0,0.0,0.0
262.80493,0.0,0.0,0.0,0.0,2015-03-05 21:00:00,0.0,0.0,0.0,0.0,0.0
263.12207,0.0,0.0,0.0,0.0,2015-03-05 22:00:00,0.0,0.0,0.0,0.0,0.0
263.32104,0.0,0.0,0.0,0.0,2015-03-05 23:00:00,0.0,0.0,0.0,0.0,0.0
262.9048,0.0,0.0,0.0,0.0,2015-03-06 00:00:00,0.0,0.0,0.0,0.0,0.0
262.0149,0.0,0.0,0.0,0.0,2015-03-06 01:00:00,0.0,0.0,0.0,0.0,0.0
261.4685,0.0,0.0,0.0,0.0,2015-03-06 02:00:00,0.0,0.0,0.0,0.0,0.0
260.3042,0.0,0.0,0.0,0.0,2015-03-06 03:00:00,0.0,0.0,0.0,0.0,0.0
260.2317,0.0,0.0,0.0,0.0,2015-03-06 04:00:00,0.0,0.0,0.0,0.0,0.0
260.14233,0.0,0.0,0.0,0.0,2015-03-06 05:00:00,0.0,0.0,0.0,0.0,0.0
259.8584,0.0,0.0,0.0,0.0,2015-03-06 06:00:00,0.0,0.0,0.0,0.0,0.0
260.04883,0.0065169036,0.0,0.0,0.0065169036,2015-03-06 07:00:00,0.0,0.0,0.0,0.0,0.0
260.3352,0.20657283,0.0,0.074677706,0.15855634,2015-03-06 08:00:00,0.0,0.0,0.0,0.0,0.0
261.47656,0.2362467,0.0,0.19963765,0.071192205,2015-03-06 09:00:00,0.0,0.0,0.0,0.0,0.0
262.00122,0.097257614,0.0,0.0869652,0.011355855,2015-03-06 10:00:00,0.0,0.0,0.0,0.0,0.0
262.19824,0.0,0.0,0.0,0.0,2015-03-06 11:00:00,0.0,0.0,0.0,0.0,0.0
262.23315,0.0048919544,0.0,0.0048919544,0.0,2015-03-06 12:00:00,0.0,0.0,0.0,0.0,0.0
262.43848,0.10447639,0.0,0.10447639,0.0,2015-03-06 13:00:00,0.0,0.0,0.0,0.0,0.0
263.16357,0.058542408,0.0,0.058542408,0.0,2015-03-06 14:00:00,0.0,0.0,0.0,0.0,0.0
267.02466,0.012531344,0.0,0.012531344,0.0,2015-03-06 15:00:00,0.0,0.0,0.0,0.0,0.0
269.4414,0.0,0.0,0.0,0.0,2015-03-06 16:00:00,0.0,0.0,0.0,0.0,0.0
270.94482,0.0,0.0,0.0,0.0,2015-03-06 17:00:00,0.0,0.0,0.0,0.0,0.0
272.26904,0.0,0.0,0.0,0.0,2015-03-06 18:00:00,0.0,0.0,0.0,0.0,0.0
273.10474,0.0,0.0,0.0,0.0,2015-03-06 19:00:00,0.0,0.0,0.0,0.0,0.0
274.23608,0.1779427,0.0,0.0,0.1779427,2015-03-06 20:00:00,0.0,0.0,0.0,0.0,0.0
275.10864,0.8205245,0.0,0.0,0.8205245,2015-03-06 21:00:00,0.0,0.0,0.0,0.0,0.0
274.98193,0.9071248,0.0,0.3487559,0.89166677,2015-03-06 22:00:00,0.0,0.0,0.0,0.0,0.0
274.68164,0.87963766,0.0,0.8317931,0.5786503,2015-03-06 23:00:00,0.0,0.0,0.0,0.0,0.0
274.3152,0.6374319,0.0,0.5199009,0.32101327,2015-03-07 00:00:00,0.0,0.0,0.0,0.0,0.0
273.42627,0.40532476,0.0,0.12481654,0.3899746,2015-03-07 01:00:00,0.0,0.0,0.0,0.0,0.0
272.69092,0.46248382,0.0,0.3143168,0.39785135,2015-03-07 02:00:00,0.0,0.0,0.0,0.0,0.0
271.46436,0.7780004,0.0,0.6917275,0.42148602,2015-03-07 03:00:00,0.0,0.0,0.0,0.0,0.0
271.54468,0.9749875,0.0,0.959654,0.4687137,2015-03-07 04:00:00,0.0,0.0,0.0,0.0,0.0
271.04395,0.8086196,0.0,0.79199046,0.2682727,2015-03-07 05:00:00,5.0,0.0,6.6815346e-08,0.0,0.0
271.0271,0.9878194,0.0,0.9878194,0.18829489,2015-03-07 06:00:00,5.0,5.0766776e-06,4.976213e-06,0.0,5.0766776e-06
271.14478,0.96173286,0.0016249504,0.96173286,0.025269609,2015-03-07 07:00:00,5.0,2.4976234e-06,2.3881894e-06,0.0,2.4976234e-06
271.26685,0.56553036,0.030122887,0.56553036,0.0,2015-03-07 08:00:00,0.0,3.813414e-07,3.7156587e-07,4.7747868e-08,3.813414e-07
271.57568,0.25362045,0.20224339,0.21980023,0.0,2015-03-07 09:00:00,5.0,0.0,0.0,0.0,0.0
272.62573,0.14107013,0.13107747,0.03061397,0.0,2015-03-07 10:00:00,5.0,0.0,0.0,0.0,0.0
272.80615,0.79912215,0.79912215,0.057755977,0.0,2015-03-07 11:00:00,5.0,0.0,0.0,0.0,0.0
273.26245,0.8126436,0.8126436,0.0047394857,0.0,2015-03-07 12:00:00,5.0,0.0,0.0,0.0,0.0
273.41113,0.6086438,0.6086438,0.0,0.0,2015-03-07 13:00:00,5.0,0.0,0.0,0.0,0.0
273.92065,0.6122984,0.6122984,0.0,0.0,2015-03-07 14:00:00,6.0,0.0,0.0,0.0,0.0
275.8811,0.68369365,0.68369365,0.0,0.0,2015-03-07 15:00:00,6.0,0.0,0.0,0.0,0.0
276.26392,0.32523507,0.32523507,0.0,0.0,2015-03-07 16:00:00,6.0,0.0,4.7667676e-08,0.0,0.0
277.1006,0.3481422,0.3481422,0.0,0.0,2015-03-07 17:00:00,6.0,0.0,0.0,0.0,0.0
277.64258,0.30906844,0.30906844,0.0,0.0,2015-03-07 18:00:00,6.0,0.0,0.0,0.0,0.0
277.82715,0.45768207,0.45768207,0.0,0.0,2015-03-07 19:00:00,0.0,0.0,0.0,0.0,0.0
278.27563,0.49550986,0.49550986,0.0,0.0,2015-03-07 20:00:00,0.0,0.0,0.0,0.0,0.0
278.62012,0.24567807,0.24567807,0.0,0.0,2015-03-07 21:00:00,0.0,0.0,0.0,0.0,0.0
277.1499,0.04944193,0.04454997,0.0,0.0048919544,2015-03-07 22:00:00,0.0,0.0,0.0,0.0,0.0
276.67236,0.00478616,0.00478616,0.0,0.0,2015-03-07 23:00:00,0.0,0.0,0.0,0.0,0.0
276.135,0.0057492107,0.0057492107,0.0,0.0,2015-03-08 00:00:00,0.0,0.0,0.0,0.0,0.0
275.25513,0.09378719,0.0,0.0016249504,0.09378719,2015-03-08 01:00:00,0.0,0.0,0.0,0.0,0.0
274.64453,0.67805547,0.0,0.37064284,0.6063023,2015-03-08 02:00:00,0.0,0.0,0.0,0.0,0.0
273.5691,0.9408672,0.0,0.8546669,0.9123342,2015-03-08 03:00:00,0.0,0.0,0.0,0.0,0.0
274.0244,0.97288364,0.0,0.9228714,0.9315233,2015-03-08 04:00:00,0.0,0.0,0.0,0.0,0.0
273.04883,0.9424567,0.0,0.93397975,0.20797592,2015-03-08 05:00:00,0.0,0.0,0.0,0.0,0.0
272.68286,1.0,0.0,1.0,0.6632792,2015-03-08 06:00:00,5.0,0.0,0.0,0.0,0.0
273.60522,1.0,0.0,1.0,0.8222118,2015-03-08 07:00:00,5.0,2.6726156e-07,2.0044615e-07,0.0,2.6726156e-07
273.7544,0.9090645,0.04927706,0.9090645,0.12763762,2015-03-08 08:00:00,5.0,9.350902e-07,1.0065514e-06,0.0,9.350902e-07
273.91943,0.4565317,0.09916091,0.44654244,0.0,2015-03-08 09:00:00,0.0,7.6332435e-07,7.6332435e-07,0.0,7.6332435e-07
273.83008,0.24733669,0.028086632,0.24733669,0.0,2015-03-08 10:00:00,0.0,9.549569e-08,3.5810903e-08,0.0,0.0
273.81104,0.015842445,0.0124641955,0.0100932345,0.0,2015-03-08 11:00:00,0.0,0.0,0.0,0.0,0.0
273.81982,0.0,0.0,0.0,0.0,2015-03-08 12:00:00,0.0,0.0,0.0,0.0,0.0
273.95508,0.0,0.0,0.0,0.0,2015-03-08 13:00:00,0.0,0.0,0.0,0.0,0.0
274.7046,0.0,0.0,0.0,0.0,2015-03-08 14:00:00,0.0,0.0,0.0,0.0,0.0
277.02246,0.00998199,0.00998199,0.0,0.0,2015-03-08 15:00:00,0.0,0.0,0.0,0.0,0.0
278.04053,0.21562558,0.21562558,0.0,0.0,2015-03-08 16:00:00,0.0,0.0,0.0,0.0,0.0
279.15283,0.52925014,0.52424693,0.0,0.01336024,2015-03-08 17:00:00,0.0,0.0,0.0,0.0,0.0
279.69775,0.64531535,0.64531535,0.0,0.0,2015-03-08 18:00:00,0.0,0.0,0.0,0.0,0.0
280.08374,0.4277388,0.35563236,0.3474183,0.0,2015-03-08 19:00:00,0.0,0.0,0.0,0.0,0.0
280.46484,0.6531386,0.046422888,0.64996046,0.0,2015-03-08 20:00:00,0.0,0.0,0.0,0.0,0.0
281.11182,0.76055694,0.027600285,0.76055694,0.0,2015-03-08 21:00:00,0.0,0.0,0.0,0.0,0.0
280.66943,0.26914066,0.14067954,0.22855109,0.0,2015-03-08 22:00:00,0.0,0.0,0.0,0.0,0.0
280.38818,0.06501496,0.022920411,0.043151878,0.0,2015-03-08 23:00:00,0.0,0.0,0.0,0.0,0.0
279.01416,0.0,0.0,0.0,0.0,2015-03-09 00:00:00,0.0,0.0,0.0,0.0,0.0
279.20312,0.0,0.0,0.0,0.0,2015-03-09 01:00:00,0.0,0.0,0.0,0.0,0.0
277.7168,0.014570553,0.014570553,0.0,0.0,2015-03-09 02:00:00,0.0,0.0,0.0,0.0,0.0
275.87036,0.04972926,0.042379506,0.014723916,0.0,2015-03-09 03:00:00,0.0,0.0,0.0,0.0,0.0
275.30908,0.030377101,0.030377101,0.0,0.0,2015-03-09 04:00:00,0.0,0.0,0.0,0.0,0.0
275.3855,0.08905804,0.013919428,0.0,0.07516301,2015-03-09 05:00:00,0.0,0.0,0.0,0.0,0.0
275.30542,0.45097262,0.0,0.0,0.45097262,2015-03-09 06:00:00,0.0,0.0,0.0,0.0,0.0
274.8274,0.40654016,0.0,0.0,0.40654016,2015-03-09 07:00:00,0.0,0.0,0.0,0.0,0.0
274.56836,0.1774537,0.0,0.0,0.1774537,2015-03-09 08:00:00,0.0,0.0,0.0,0.0,0.0
274.13892,0.2633747,0.0,0.2633747,0.0,2015-03-09 09:00:00,0.0,0.0,0.0,0.0,0.0
274.09326,0.75535786,0.0,0.75535786,0.0,2015-03-09 10:00:00,0.0,0.0,0.0,0.0,0.0
274.09058,0.85601944,0.0,0.85601944,0.0,2015-03-09 11:00:00,0.0,0.0,0.0,0.0,0.0
274.14404,0.82257515,0.0,0.82257515,0.0,2015-03-09 12:00:00,0.0,0.0,0.0,0.0,0.0
274.56714,0.4349422,0.0,0.4349422,0.0,2015-03-09 13:00:00,0.0,0.0,0.0,0.0,0.0
275.54614,0.7230441,0.0,0.7230441,0.0,2015-03-09 14:00:00,0.0,0.0,0.0,0.0,0.0
278.9016,0.63219994,0.0,0.63219994,0.0,2015-03-09 15:00:00,0.0,0.0,0.0,0.0,0.0
280.84033,0.7347268,0.0,0.7347268,0.0,2015-03-09 16:00:00,0.0,0.0,0.0,0.0,0.0
282.50488,0.7721182,0.0,0.7721182,0.0,2015-03-09 17:00:00,0.0,0.0,0.0,0.0,0.0
283.64575,0.74197537,0.0,0.74197537,0.0,2015-03-09 18:00:00,0.0,0.0,0.0,0.0,0.0
284.71094,0.88010645,0.0,0.88010645,0.0,2015-03-09 19:00:00,0.0,0.0,0.0,0.0,0.0
285.76587,0.66448975,0.0,0.66448975,0.0,2015-03-09 20:00:00,0.0,0.0,0.0,0.0,0.0
286.90234,0.26887476,0.0,0.26887476,0.0,2015-03-09 21:00:00,0.0,0.0,0.0,0.0,0.0
286.55493,0.29838395,0.0,0.29838395,0.0,2015-03-09 22:00:00,0.0,0.0,0.0,0.0,0.0
286.1079,0.37091506,0.0,0.37091506,0.0,2015-03-09 23:00:00,0.0,0.0,0.0,0.0,0.0
284.77783,0.28439397,0.0,0.28439397,0.0,2015-03-10 00:00:00,0.0,0.0,0.0,0.0,0.0
283.95483,0.24236393,0.0,0.24236393,0.0,2015-03-10 01:00:00,0.0,0.0,0.0,0.0,0.0
282.88818,0.11133939,0.0,0.11133939,0.0,2015-03-10 02:00:00,0.0,0.0,0.0,0.0,0.0
281.09058,0.017589804,0.0,0.017589804,0.0,2015-03-10 03:00:00,0.0,0.0,0.0,0.0,0.0
280.42358,0.0,0.0,0.0,0.0,2015-03-10 04:00:00,0.0,0.0,0.0,0.0,0.0
279.26855,0.0,0.0,0.0,0.0,2015-03-10 05:00:00,0.0,0.0,0.0,0.0,0.0
278.7832,0.0,0.0,0.0,0.0,2015-03-10 06:00:00,0.0,0.0,0.0,0.0,0.0
277.96265,0.0,0.0,0.0,0.0,2015-03-10 07:00:00,0.0,0.0,0.0,0.0,0.0
277.7461,0.0,0.0,0.0,0.0,2015-03-10 08:00:00,0.0,0.0,0.0,0.0,0.0
276.05786,0.0,0.0,0.0,0.0,2015-03-10 09:00:00,0.0,0.0,0.0,0.0,0.0
275.7163,0.0,0.0,0.0,0.0,2015-03-10 10:00:00,0.0,0.0,0.0,0.0,0.0
275.54443,0.0,0.0,0.0,0.0,2015-03-10 11:00:00,0.0,0.0,0.0,0.0,0.0
275.094,0.0,0.0,0.0,0.0,2015-03-10 12:00:00,0.0,0.0,0.0,0.0,0.0
275.08765,0.0,0.0,0.0,0.0,2015-03-10 13:00:00,0.0,0.0,0.0,0.0,0.0
276.53784,0.0,0.0,0.0,0.0,2015-03-10 14:00:00,0.0,0.0,0.0,0.0,0.0
280.35547,0.0,0.0,0.0,0.0,2015-03-10 15:00:00,0.0,0.0,0.0,0.0,0.0
282.93628,0.0,0.0,0.0,0.0,2015-03-10 16:00:00,0.0,0.0,0.0,0.0,0.0
285.7522,0.0,0.0,0.0,0.0,2015-03-10 17:00:00,0.0,0.0,0.0,0.0,0.0
287.74902,0.0,0.0,0.0,0.0,2015-03-10 18:00:00,0.0,0.0,0.0,0.0,0.0
289.20947,0.0,0.0,0.0,0.0,2015-03-10 19:00:00,0.0,0.0,0.0,0.0,0.0
290.34814,0.0,0.0,0.0,0.0,2015-03-10 20:00:00,0.0,0.0,0.0,0.0,0.0
290.8872,0.0,0.0,0.0,0.0,2015-03-10 21:00:00,0.0,0.0,0.0,0.0,0.0
288.9104,0.0,0.0,0.0,0.0,2015-03-10 22:00:00,0.0,0.0,0.0,0.0,0.0
288.03613,0.0,0.0,0.0,0.0,2015-03-10 23:00:00,0.0,0.0,0.0,0.0,0.0
286.36768,0.0,0.0,0.0,0.0,2015-03-11 00:00:00,0.0,0.0,0.0,0.0,0.0
284.22095,0.0,0.0,0.0,0.0,2015-03-11 01:00:00,0.0,0.0,0.0,0.0,0.0
282.33813,0.0,0.0,0.0,0.0,2015-03-11 02:00:00,0.0,0.0,0.0,0.0,0.0
279.34326,0.0,0.0,0.0,0.0,2015-03-11 03:00:00,0.0,0.0,0.0,0.0,0.0
278.7168,0.0,0.0,0.0,0.0,2015-03-11 04:00:00,0.0,0.0,0.0,0.0,0.0
276.604,0.0,0.0,0.0,0.0,2015-03-11 05:00:00,0.0,0.0,0.0,0.0,0.0
275.41333,0.011408862,0.0,0.0,0.011408862,2015-03-11 06:00:00,0.0,0.0,0.0,0.0,0.0
274.18677,0.0,0.0,0.0,0.0,2015-03-11 07:00:00,0.0,0.0,0.0,0.0,0.0
274.03198,0.0,0.0,0.0,0.0,2015-03-11 08:00:00,0.0,0.0,0.0,0.0,0.0
272.5232,0.0,0.0,0.0,0.0,2015-03-11 09:00:00,0.0,0.0,0.0,0.0,0.0
271.8308,0.0,0.0,0.0,0.0,2015-03-11 10:00:00,0.0,0.0,0.0,0.0,0.0
271.8252,0.0,0.0,0.0,0.0,2015-03-11 11:00:00,0.0,0.0,0.0,0.0,0.0
271.71777,0.0,0.0,0.0,0.0,2015-03-11 12:00:00,0.0,0.0,0.0,0.0,0.0
271.82324,0.0,0.0,0.0,0.0,2015-03-11 13:00:00,0.0,0.0,0.0,0.0,0.0
274.29565,0.0,0.0,0.0,0.0,2015-03-11 14:00:00,0.0,0.0,0.0,0.0,0.0
279.6809,0.0,0.0,0.0,0.0,2015-03-11 15:00:00,0.0,0.0,0.0,0.0,0.0
281.64917,0.0,0.0,0.0,0.0,2015-03-11 16:00:00,0.0,0.0,0.0,0.0,0.0
283.55078,0.0,0.0,0.0,0.0,2015-03-11 17:00:00,0.0,0.0,0.0,0.0,0.0
284.22485,0.033063464,0.0,0.029317524,0.0037288337,2015-03-11 18:00:00,0.0,0.0,0.0,0.0,0.0
285.01514,0.66591907,0.0,0.54614323,0.33930606,2015-03-11 19:00:00,0.0,0.0,0.0,0.0,0.0
285.60303,0.9978792,0.0,0.8236617,0.9764653,2015-03-11 20:00:00,0.0,0.0,0.0,0.0,0.0
286.49854,0.967519,0.0,0.14335483,0.96262705,2015-03-11 21:00:00,0.0,0.0,0.0,0.0,0.0
285.9536,0.99368834,0.0,0.0,0.99368834,2015-03-11 22:00:00,0.0,0.0,0.0,0.0,0.0
285.31445,0.9771089,0.0,0.0,0.9771089,2015-03-11 23:00:00,0.0,0.0,0.0,0.0,0.0
283.60864,0.9633365,0.0,0.005003199,0.9633365,2015-03-12 00:00:00,0.0,0.0,0.0,0.0,0.0
282.6255,0.99736434,0.0,0.014456838,0.99736434,2015-03-12 01:00:00,0.0,0.0,0.0,0.0,0.0
281.66382,0.9939861,0.0,0.0023709626,0.9939861,2015-03-12 02:00:00,0.0,0.0,0.0,0.0,0.0
280.11182,0.99946827,0.0,0.0,0.99946827,2015-03-12 03:00:00,0.0,0.0,0.0,0.0,0.0
279.6167,0.9299111,0.0,0.0,0.9299111,2015-03-12 04:00:00,0.0,0.0,0.0,0.0,0.0
278.50464,0.9172553,0.0,0.0,0.9172553,2015-03-12 05:00:00,0.0,0.0,0.0,0.0,0.0
277.9392,0.98047775,0.0,0.0,0.98047775,2015-03-12 06:00:00,0.0,0.0,0.0,0.0,0.0
278.00146,1.0,0.0,0.0,1.0,2015-03-12 07:00:00,0.0,0.0,0.0,0.0,0.0
277.80664,1.0,0.0,0.0,1.0,2015-03-12 08:00:00,0.0,0.0,0.0,0.0,0.0
277.14453,1.0,0.0,0.0,1.0,2015-03-12 09:00:00,0.0,0.0,0.0,0.0,0.0
277.65503,1.0,0.0,0.0,1.0,2015-03-12 10:00:00,0.0,0.0,0.0,0.0,0.0
277.65234,1.0,0.0,0.0,1.0,2015-03-12 11:00:00,0.0,0.0,0.0,0.0,0.0
277.51733,1.0,0.0,0.0,1.0,2015-03-12 12:00:00,0.0,0.0,0.0,0.0,0.0
277.4917,1.0,0.0,0.0,1.0,2015-03-12 13:00:00,0.0,0.0,0.0,0.0,0.0
278.52686,1.0,0.0,0.0,1.0,2015-03-12 14:00:00,0.0,0.0,0.0,0.0,0.0
281.58618,1.0,0.0,0.0,1.0,2015-03-12 15:00:00,0.0,0.0,0.0,0.0,0.0
283.21948,1.0,0.0,0.0,1.0,2015-03-12 16:00:00,0.0,0.0,0.0,0.0,0.0
285.0083,1.0,0.0,0.0,1.0,2015-03-12 17:00:00,0.0,0.0,0.0,0.0,0.0
286.08643,1.0,0.0,0.0,1.0,2015-03-12 18:00:00,0.0,0.0,0.0,0.0,0.0
287.0642,1.0,0.0,0.0,1.0,2015-03-12 19:00:00,0.0,0.0,0.0,0.0,0.0
287.865,1.0,0.0,0.0,1.0,2015-03-12 20:00:00,0.0,0.0,0.0,0.0,0.0
289.26367,0.995108,0.0,0.0,0.995108,2015-03-12 21:00:00,0.0,0.0,0.0,0.0,0.0
288.98633,0.9418408,0.0,0.0,0.9418408,2015-03-12 22:00:00,0.0,0.0,0.0,0.0,0.0
288.76392,1.0,0.0,0.0,1.0,2015-03-12 23:00:00,0.0,0.0,0.0,0.0,0.0
288.19922,0.99946827,0.0,0.0,0.99946827,2015-03-13 00:00:00,0.0,0.0,0.0,0.0,0.0
287.5464,0.9934043,0.0,0.0,0.9934043,2015-03-13 01:00:00,0.0,0.0,0.0,0.0,0.0
287.23755,0.9793545,0.0,0.0,0.9793545,2015-03-13 02:00:00,0.0,0.0,0.0,0.0,0.0
285.68677,0.9900261,0.0,0.002103883,0.9900261,2015-03-13 03:00:00,0.0,0.0,0.0,0.0,0.0
285.06055,0.9915292,0.0,0.010991752,0.9915292,2015-03-13 04:00:00,0.0,0.0,0.0,0.0,0.0
284.59302,0.98440796,0.0,0.082090676,0.98440796,2015-03-13 05:00:00,0.0,0.0,0.0,0.0,0.0
284.24194,0.96340555,0.0,0.28513932,0.9539275,2015-03-13 06:00:00,0.0,0.0,0.0,0.0,0.0
284.12378,0.98999023,0.0,0.36838442,0.98999023,2015-03-13 07:00:00,0.0,0.0,0.0,0.0,0.0
283.7207,0.989993,0.0,0.6694098,0.978411,2015-03-13 08:00:00,0.0,0.0,0.0,0.0,0.0
282.30713,0.9867931,0.0,0.8220435,0.9867931,2015-03-13 09:00:00,0.0,0.0,0.0,0.0,0.0
281.83008,0.99841094,0.0,0.8711457,0.9957286,2015-03-13 10:00:00,0.0,0.0,0.0,0.0,0.0
281.31006,0.94049096,0.0,0.77996314,0.79262733,2015-03-13 11:00:00,0.0,0.0,0.0,0.0,0.0
280.6604,0.9288107,0.0,0.6341364,0.89569867,2015-03-13 12:00:00,0.0,0.0,0.0,0.0,0.0
279.8916,0.9251437,0.0,0.44840437,0.8591713,2015-03-13 13:00:00,0.0,0.0,0.0,0.0,0.0
280.57983,0.6676109,0.0,0.06750411,0.654167,2015-03-13 14:00:00,0.0,0.0,0.0,0.0,0.0
283.3274,0.7715992,0.0,0.0,0.7715992,2015-03-13 15:00:00,0.0,0.0,0.0,0.0,0.0
285.97192,0.7153889,0.0,0.0,0.7153889,2015-03-13 16:00:00,0.0,0.0,0.0,0.0,0.0
287.40747,0.9587538,0.0,0.0,0.9587538,2015-03-13 17:00:00,0.0,0.0,0.0,0.0,0.0
288.271,0.95118135,0.0,0.0,0.95118135,2015-03-13 18:00:00,0.0,0.0,0.0,0.0,0.0
288.8418,0.79074204,0.0,0.0,0.79074204,2015-03-13 19:00:00,0.0,0.0,0.0,0.0,0.0
288.88916,0.28952116,0.0,0.0,0.28952116,2015-03-13 20:00:00,0.0,0.0,0.0,0.0,0.0
288.6333,0.012712393,0.0,0.0,0.012712393,2015-03-13 21:00:00,0.0,0.0,0.0,0.0,0.0
286.6223,0.0,0.0,0.0,0.0,2015-03-13 22:00:00,0.0,0.0,0.0,0.0,0.0
285.87866,0.0,0.0,0.0,0.0,2015-03-13 23:00:00,0.0,0.0,0.0,0.0,0.0
284.5481,0.0057492107,0.0057492107,0.0,0.0,2015-03-14 00:00:00,0.0,0.0,0.0,0.0,0.0
283.1914,0.0,0.0,0.0,0.0,2015-03-14 01:00:00,0.0,0.0,0.0,0.0,0.0
282.56763,0.053950813,0.0,0.0,0.053950813,2015-03-14 02:00:00,0.0,0.0,0.0,0.0,0.0
280.0857,0.34235865,0.018346336,0.0,0.32399517,2015-03-14 03:00:00,0.0,0.0,0.0,0.0,0.0
278.63843,0.50937456,0.028680138,0.0,0.4969104,2015-03-14 04:00:00,0.0,0.0,0.0,0.0,0.0
277.94043,0.445351,0.0032499009,0.0,0.44372606,2015-03-14 05:00:00,0.0,0.0,0.0,0.0,0.0
277.06567,0.32125223,0.017946329,0.0,0.3054037,2015-03-14 06:00:00,0.0,0.0,0.0,0.0,0.0
276.80054,0.039381042,0.0,0.0,0.039381042,2015-03-14 07:00:00,0.0,0.0,0.0,0.0,0.0
276.12793,0.0010573287,0.0,0.0,0.0010573287,2015-03-14 08:00:00,0.0,0.0,0.0,0.0,0.0
274.6494,0.00053172023,0.0,0.0,0.00053172023,2015-03-14 09:00:00,0.0,0.0,0.0,0.0,0.0
274.27588,0.0,0.0,0.0,0.0,2015-03-14 10:00:00,0.0,0.0,0.0,0.0,0.0
274.29443,0.0,0.0,0.0,0.0,2015-03-14 11:00:00,0.0,0.0,0.0,0.0,0.0
274.41895,0.0,0.0,0.0,0.0,2015-03-14 12:00:00,0.0,0.0,0.0,0.0,0.0
274.58545,0.0,0.0,0.0,0.0,2015-03-14 13:00:00,0.0,0.0,0.0,0.0,0.0
276.08228,0.0,0.0,0.0,0.0,2015-03-14 14:00:00,0.0,0.0,0.0,0.0,0.0
280.0327,0.0,0.0,0.0,0.0,2015-03-14 15:00:00,0.0,0.0,0.0,0.0,0.0
282.30933,0.0,0.0,0.0,0.0,2015-03-14 16:00:00,0.0,0.0,0.0,0.0,0.0
284.46313,0.0,0.0,0.0,0.0,2015-03-14 17:00:00,0.0,0.0,0.0,0.0,0.0
286.04028,0.0,0.0,0.0,0.0,2015-03-14 18:00:00,0.0,0.0,0.0,0.0,0.0
286.73364,0.0,0.0,0.0,0.0,2015-03-14 19:00:00,0.0,0.0,0.0,0.0,0.0
287.78857,0.0,0.0,0.0,0.0,2015-03-14 20:00:00,0.0,0.0,0.0,0.0,0.0
288.7815,0.0,0.0,0.0,0.0,2015-03-14 21:00:00,0.0,0.0,0.0,0.0,0.0
288.36426,0.0,0.0,0.0,0.0,2015-03-14 22:00:00,0.0,0.0,0.0,0.0,0.0
288.12524,0.0,0.0,0.0,0.0,2015-03-14 23:00:00,0.0,0.0,0.0,0.0,0.0
286.21436,0.0,0.0,0.0,0.0,2015-03-15 00:00:00,0.0,0.0,0.0,0.0,0.0
285.49878,0.0,0.0,0.0,0.0,2015-03-15 01:00:00,0.0,0.0,0.0,0.0,0.0
283.7251,0.0,0.0,0.0,0.0,2015-03-15 02:00:00,0.0,0.0,0.0,0.0,0.0
278.9895,0.0135127455,0.0,0.0,0.0135127455,2015-03-15 03:00:00,0.0,0.0,0.0,0.0,0.0
278.9048,0.49260038,0.0,0.0,0.49260038,2015-03-15 04:00:00,0.0,0.0,0.0,0.0,0.0
278.01953,0.8843198,0.0,0.0,0.8843198,2015-03-15 05:00:00,0.0,0.0,0.0,0.0,0.0
277.375,0.99946827,0.0,0.0,0.99946827,2015-03-15 06:00:00,0.0,0.0,0.0,0.0,0.0
277.05713,1.0,0.0,0.0,1.0,2015-03-15 07:00:00,0.0,0.0,0.0,0.0,0.0
277.24146,0.99946827,0.0,0.0,0.99946827,2015-03-15 08:00:00,0.0,0.0,0.0,0.0,0.0
277.85913,0.9949934,0.0,0.0,0.9949934,2015-03-15 09:00:00,0.0,0.0,0.0,0.0,0.0
279.15942,0.98999023,0.0,0.0,0.98999023,2015-03-15 10:00:00,0.0,0.0,0.0,0.0,0.0
279.39355,1.0,0.0,0.026077554,1.0,2015-03-15 11:00:00,0.0,0.0,0.0,0.0,0.0
279.73145,1.0,0.0,0.1282587,1.0,2015-03-15 12:00:00,0.0,0.0,0.0,0.0,0.0
280.22192,1.0,0.0,0.73866063,1.0,2015-03-15 13:00:00,0.0,1.3363078e-06,0.0,1.4699381e-06,0.0
281.2649,1.0,0.0,0.96103466,1.0,2015-03-15 14:00:00,0.0,1.8112014e-06,0.0,1.7634538e-06,0.0
284.82617,1.0,0.0,0.9899067,1.0,2015-03-15 15:00:00,0.0,0.0,0.0,0.0,0.0
286.3191,1.0,0.0,0.9812859,0.998375,2015-03-15 16:00:00,0.0,0.0,0.0,0.0,0.0
287.31714,0.99675006,0.0,0.95772934,0.9897542,2015-03-15 17:00:00,0.0,0.0,0.0,0.0,0.0
288.4895,0.98626137,0.0,0.78096306,0.96254355,2015-03-15 18:00:00,0.0,0.0,0.0,0.0,0.0
289.74854,0.97798723,0.0,0.13096255,0.97798723,2015-03-15 19:00:00,0.0,0.0,0.0,0.0,0.0
290.8645,1.0,0.0,0.01530863,1.0,2015-03-15 20:00:00,0.0,0.0,0.0,0.0,0.0
292.50952,0.9696,0.0,0.004741922,0.9696,2015-03-15 21:00:00,0.0,0.0,0.0,0.0,0.0
292.8479,0.9792622,0.0,0.0,0.9792622,2015-03-15 22:00:00,0.0,0.0,0.0,0.0,0.0
292.87476,0.9850114,0.0,0.0,0.9850114,2015-03-15 23:00:00,0.0,0.0,0.0,0.0,0.0
290.90112,0.9683762,0.0,0.0,0.9683762,2015-03-16 00:00:00,0.0,0.0,0.0,0.0,0.0
289.5105,0.9800109,0.0,0.0,0.9800109,2015-03-16 01:00:00,0.0,0.0,0.0,0.0,0.0
288.88525,0.9920993,0.0,0.0,0.9920993,2015-03-16 02:00:00,0.0,0.0,0.0,0.0,0.0
287.17163,1.0,0.0,0.0,1.0,2015-03-16 03:00:00,0.0,0.0,0.0,0.0,0.0
286.85132,0.9989426,0.0,0.0,0.9989426,2015-03-16 04:00:00,0.0,0.0,0.0,0.0,0.0
285.97754,0.997629,0.0,0.19656491,0.997629,2015-03-16 05:00:00,0.0,0.0,0.0,0.0,0.0
285.46802,1.0,0.0,0.24188727,1.0,2015-03-16 06:00:00,0.0,0.0,0.0,0.0,0.0
284.99,1.0,0.0,0.13510251,1.0,2015-03-16 07:00:00,0.0,0.0,0.0,0.0,0.0
284.28833,0.99683875,0.0,0.63817126,0.99683875,2015-03-16 08:00:00,0.0,0.0,0.0,0.0,0.0
282.65674,0.99841094,0.0,0.83827454,0.99841094,2015-03-16 09:00:00,0.0,0.0,0.0,0.0,0.0
281.49512,0.99841094,0.0,0.008401699,0.99841094,2015-03-16 10:00:00,0.0,0.0,0.0,0.0,0.0
281.61792,0.993669,0.0,0.004741922,0.993669,2015-03-16 11:00:00,0.0,0.0,0.0,0.0,0.0
281.37695,1.0,0.0,0.06535488,1.0,2015-03-16 12:00:00,0.0,0.0,0.0,0.0,0.0
282.2058,0.98104906,0.0,0.0,0.98104906,2015-03-16 13:00:00,0.0,0.0,0.0,0.0,0.0
283.0642,0.9882981,0.0,0.08156055,0.9882981,2015-03-16 14:00:00,0.0,0.0,0.0,0.0,0.0
285.76392,0.9989426,0.0,0.9461779,0.9944678,2015-03-16 15:00:00,0.0,0.0,0.0,0.0,0.0
286.6848,1.0,0.0,0.92705995,1.0,2015-03-16 16:00:00,1.0,4.0074432e-05,0.0,4.0122177e-05,0.0
287.57983,0.9949968,0.0,0.57529706,0.9949968,2015-03-16 17:00:00,0.0,0.00018252265,0.0,0.00018252265,0.0
288.21802,1.0,0.0,0.77298456,1.0,2015-03-16 18:00:00,0.0,0.0,0.0,0.0,0.0
287.8225,1.0,0.0,0.70833486,1.0,2015-03-16 19:00:00,1.0,4.954212e-07,0.0,4.3838128e-07,0.0
287.06055,1.0,0.0,0.3820685,1.0,2015-03-16 20:00:00,1.0,3.3538681e-06,0.0,3.1061581e-06,0.0
285.62793,1.0,0.05915994,0.3454811,1.0,2015-03-16 21:00:00,1.0,5.8401623e-05,0.0,0.0,5.8401623e-05
281.53052,1.0,0.721499,0.6992147,0.99736434,2015-03-16 22:00:00,1.0,0.00021431764,0.0,0.0,0.00021431764
279.98193,1.0,0.933424,0.8880691,0.9970973,2015-03-16 23:00:00,1.0,0.00027771876,0.0,0.0,0.00027781446
279.18237,1.0,0.7730914,0.7588446,1.0,2015-03-17 00:00:00,1.0,0.00016475859,0.0,0.0,0.00016500727
279.08228,1.0,0.42701197,0.8966625,0.9910503,2015-03-17 01:00:00,1.0,5.625903e-05,0.0,0.0,5.63731e-05
278.70117,0.99946827,0.14714819,0.9735272,0.99946827,2015-03-17 02:00:00,0.0,1.0299407e-05,0.0,0.0,1.0299407e-05
277.23682,1.0,0.027336847,0.5213754,1.0,2015-03-17 03:00:00,0.0,9.549569e-08,0.0,0.0,1.9099144e-07
276.81543,0.82377285,0.025722574,0.053955674,0.8208836,2015-03-17 04:00:00,0.0,0.0,0.0,0.0,0.0
275.35278,0.6595269,0.011150561,0.020132028,0.65899515,2015-03-17 05:00:00,0.0,0.0,0.0,0.0,0.0
274.2395,0.42443305,0.021697853,0.005006563,0.40852344,2015-03-17 06:00:00,0.0,0.0,0.0,0.0,0.0
273.57666,0.16700804,0.0015890491,0.0,0.16595072,2015-03-17 07:00:00,0.0,0.0,0.0,0.0,0.0
273.0066,0.55180126,0.0,0.0,0.55180126,2015-03-17 08:00:00,0.0,0.0,0.0,0.0,0.0
270.8977,0.025062714,0.0,0.0,0.025062714,2015-03-17 09:00:00,0.0,0.0,0.0,0.0,0.0
270.24023,0.13545102,0.0,0.0,0.13545102,2015-03-17 10:00:00,0.0,0.0,0.0,0.0,0.0
270.26147,0.06691092,0.0,0.0,0.06691092,2015-03-17 11:00:00,0.0,0.0,0.0,0.0,0.0
270.09106,0.0,0.0,0.0,0.0,2015-03-17 12:00:00,0.0,0.0,0.0,0.0,0.0
270.32178,0.0,0.0,0.0,0.0,2015-03-17 13:00:00,0.0,0.0,0.0,0.0,0.0
271.8894,0.0,0.0,0.0,0.0,2015-03-17 14:00:00,0.0,0.0,0.0,0.0,0.0
275.688,0.09471375,0.0,0.0,0.09471375,2015-03-17 15:00:00,0.0,0.0,0.0,0.0,0.0
276.677,0.33512157,0.0,0.0,0.33512157,2015-03-17 16:00:00,0.0,0.0,0.0,0.0,0.0
277.6775,0.6056799,0.0,0.0,0.6056799,2015-03-17 17:00:00,0.0,0.0,0.0,0.0,0.0
278.55396,0.049918342,0.0,0.0,0.049918342,2015-03-17 18:00:00,0.0,0.0,0.0,0.0,0.0
278.9209,0.0,0.0,0.0,0.0,2015-03-17 19:00:00,0.0,0.0,0.0,0.0,0.0
279.58105,0.0,0.0,0.0,0.0,2015-03-17 20:00:00,0.0,0.0,0.0,0.0,0.0
280.1499,0.002103883,0.0,0.0,0.002103883,2015-03-17 21:00:00,0.0,0.0,0.0,0.0,0.0
279.49805,0.0016249504,0.0,0.0,0.0016249504,2015-03-17 22:00:00,0.0,0.0,0.0,0.0,0.0
279.23267,0.5413817,0.0,0.0,0.5413817,2015-03-17 23:00:00,0.0,0.0,0.0,0.0,0.0
277.6853,0.07379931,0.0,0.0,0.07379931,2015-03-18 00:00:00,0.0,0.0,0.0,0.0,0.0
276.44336,0.97687376,0.0,0.00053172023,0.97687376,2015-03-18 01:00:00,0.0,0.0,0.0,0.0,0.0
275.99634,0.98798066,0.0,0.05322033,0.98798066,2015-03-18 02:00:00,0.0,0.0,0.0,0.0,0.0
274.64722,0.9989426,0.0,0.31281507,0.9989426,2015-03-18 03:00:00,0.0,0.0,0.0,0.0,0.0
274.10107,0.99683875,0.0,0.61335576,0.99683875,2015-03-18 04:00:00,0.0,0.0,0.0,0.0,0.0
273.34375,0.998375,0.0,0.86212045,0.998375,2015-03-18 05:00:00,0.0,0.0,0.0,0.0,0.0
273.43506,0.99289286,0.0,0.9101365,0.97843266,2015-03-18 06:00:00,0.0,0.0,0.0,0.0,0.0
273.2876,0.9970973,0.0,0.9525338,0.9970973,2015-03-18 07:00:00,0.0,0.0,0.0,0.0,0.0
273.2566,1.0,0.0,0.96317834,0.9885823,2015-03-18 08:00:00,0.0,0.0,0.0,0.0,0.0
272.79004,0.98554313,0.0,0.94975924,0.9563154,2015-03-18 09:00:00,0.0,0.0,0.0,0.0,0.0
271.54272,0.988368,0.0,0.9541792,0.9817365,2015-03-18 10:00:00,0.0,0.0,0.0,0.0,0.0
271.3318,0.9989426,0.0,0.9469488,0.9889295,2015-03-18 11:00:00,0.0,0.0,0.0,0.0,0.0
271.29834,1.0,0.0,0.9698731,0.99315417,2015-03-18 12:00:00,0.0,0.0,0.0,0.0,0.0
271.80322,1.0,0.0,1.0,0.99946827,2015-03-18 13:00:00,0.0,0.0,0.0,0.0,0.0
273.23315,1.0,0.0,1.0,1.0,2015-03-18 14:00:00,0.0,0.0,0.0,0.0,0.0
276.39673,1.0,0.0,0.99262583,1.0,2015-03-18 15:00:00,0.0,0.0,0.0,0.0,0.0
277.8164,1.0,0.0,1.0,0.9894646,2015-03-18 16:00:00,0.0,0.0,0.0,0.0,0.0
279.23267,1.0,0.0,0.9876192,0.98999023,2015-03-18 17:00:00,0.0,0.0,0.0,0.0,0.0
279.83496,1.0,0.0,1.0,0.9799832,2015-03-18 18:00:00,0.0,0.0,0.0,0.0,0.0
280.41748,1.0,0.0,0.9800109,0.9949968,2015-03-18 19:00:00,0.0,0.0,0.0,0.0,0.0
280.4319,1.0,0.0,1.0,0.97000116,2015-03-18 20:00:00,0.0,0.0,0.0,0.0,0.0
280.813,1.0,0.0,1.0,0.9949934,2015-03-18 21:00:00,0.0,0.0,0.0,0.0,0.0
280.16602,1.0,0.0,1.0,0.9978961,2015-03-18 22:00:00,0.0,2.6726156e-07,0.0,0.0,2.6726156e-07
279.93457,1.0,0.0,1.0,0.99946827,2015-03-18 23:00:00,1.0,3.7801128e-06,0.0,0.0,3.7801128e-06
279.05078,1.0,0.0,1.0,0.98780036,2015-03-19 00:00:00,1.0,1.4849958e-05,0.0,0.0,1.4849958e-05
278.20166,1.0,0.0,1.0,0.9978433,2015-03-19 01:00:00,7.0,3.1355346e-05,4.109146e-06,0.0,3.1355346e-05
277.9309,1.0,0.0,1.0,0.98520404,2015-03-19 02:00:00,6.0,4.2609085e-05,1.6085833e-05,0.0,4.2341824e-05
276.4978,1.0,0.0,1.0,0.9858102,2015-03-19 03:00:00,6.0,3.5447505e-05,1.9400279e-05,0.0,3.5447505e-05
275.906,1.0,0.0,0.9797551,0.9920941,2015-03-19 04:00:00,6.0,2.1628133e-05,1.4784685e-05,0.0,2.1628133e-05
275.448,1.0,0.0026356035,0.95486885,0.99001795,2015-03-19 05:00:00,6.0,6.9974412e-06,5.0562894e-06,0.0,6.9974412e-06
274.896,0.9949968,0.0068433695,0.8341027,0.97553337,2015-03-19 06:00:00,6.0,1.258104e-06,1.3056097e-06,0.0,1.258104e-06
274.16846,0.9902548,0.026481833,0.8035626,0.9452675,2015-03-19 07:00:00,0.0,0.0,0.0,0.0,0.0
274.8662,0.99946827,0.04274201,0.895257,0.9850114,2015-03-19 08:00:00,0.0,0.0,0.0,0.0,0.0
275.02515,0.98626137,0.05906114,0.955737,0.9379269,2015-03-19 09:00:00,0.0,0.0,0.0,0.0,0.0
274.86182,0.96885157,0.066328466,0.9130794,0.7609431,2015-03-19 10:00:00,0.0,0.0,0.0,0.0,0.0
275.26636,0.95888984,0.031362418,0.8225643,0.68729067,2015-03-19 11:00:00,0.0,0.0,0.0,0.0,0.0
275.5066,0.9539384,0.025942981,0.80699205,0.70405674,2015-03-19 12:00:00,0.0,0.0,0.0,0.0,0.0
275.6128,0.93932194,0.0067320913,0.86271113,0.6201513,2015-03-19 13:00:00,0.0,0.0,0.0,0.0,0.0
275.8938,0.9421262,0.0,0.91551775,0.31538135,2015-03-19 14:00:00,0.0,0.0,0.0,0.0,0.0
278.6084,0.9624413,0.0,0.8380188,0.7819742,2015-03-19 15:00:00,0.0,0.0,0.0,0.0,0.0
279.7561,0.88555,0.0,0.5734724,0.7818314,2015-03-19 16:00:00,0.0,0.0,0.0,0.0,0.0
280.52197,0.60516375,0.0,0.3937503,0.4037475,2015-03-19 17:00:00,0.0,0.0,0.0,0.0,0.0
281.45947,0.6552589,0.0,0.632342,0.14456642,2015-03-19 18:00:00,0.0,0.0,0.0,0.0,0.0
281.92383,0.5720418,0.0,0.54450357,0.087417364,2015-03-19 19:00:00,0.0,0.0,0.0,0.0,0.0
282.28613,0.40839463,0.0,0.40839463,0.005003199,2015-03-19 20:00:00,0.0,0.0,0.0,0.0,0.0
283.14917,0.34360802,0.00053172023,0.34360802,0.0,2015-03-19 21:00:00,0.0,0.0,0.0,0.0,0.0
282.10034,0.1531241,0.010536302,0.14890558,0.0015890491,2015-03-19 22:00:00,0.0,0.0,0.0,0.0,0.0
281.73096,0.3730209,0.29097325,0.20047808,0.0,2015-03-19 23:00:00,0.0,0.0,0.0,0.0,0.0
281.18994,0.7914081,0.76114815,0.53766745,0.0,2015-03-20 00:00:00,0.0,0.0,0.0,0.0,0.0
280.67603,0.8143836,0.69702864,0.77960896,0.0,2015-03-20 01:00:00,0.0,0.0,0.0,0.0,0.0
280.4314,0.9470173,0.8434611,0.9402217,0.0,2015-03-20 02:00:00,0.0,0.0,0.0,0.0,0.0
279.21118,0.9989426,0.91636103,0.9989426,0.0,2015-03-20 03:00:00,1.0,8.017848e-07,0.0,0.0,8.017848e-07
278.95776,0.9804393,0.94075423,0.96904755,0.0,2015-03-20 04:00:00,1.0,1.4944839e-05,0.0,0.0,1.4944839e-05
278.76123,0.8427553,0.7696293,0.7671481,0.0,2015-03-20 05:00:00,1.0,1.9881089e-05,0.0,0.0,1.9881089e-05
278.7041,0.49746728,0.44720477,0.4294492,0.0,2015-03-20 06:00:00,0.0,6.139904e-06,0.0,0.0,6.139904e-06
277.85156,0.27335894,0.22546417,0.22739923,0.0,2015-03-20 07:00:00,0.0,4.9587115e-06,0.0,0.0,4.9587115e-06
277.45312,0.09930962,0.09432012,0.05049668,0.0,2015-03-20 08:00:00,0.0,1.5061305e-06,0.0,0.0,1.5061305e-06
275.54712,0.013193667,0.013193667,0.0063309744,0.0,2015-03-20 09:00:00,0.0,0.0,0.0,0.0,0.0
274.03125,0.0,0.0,0.0,0.0,2015-03-20 10:00:00,0.0,0.0,0.0,0.0,0.0
273.78076,0.0,0.0,0.0,0.0,2015-03-20 11:00:00,0.0,0.0,0.0,0.0,0.0
273.3496,0.0,0.0,0.0,0.0,2015-03-20 12:00:00,0.0,0.0,0.0,0.0,0.0
273.54688,0.9172843,0.0,0.3772245,0.9118022,2015-03-20 13:00:00,0.0,0.0,0.0,0.0,0.0
274.6223,0.9989426,0.0,0.9240682,0.9955644,2015-03-20 14:00:00,0.0,0.0,0.0,0.0,0.0
277.52686,0.97193,0.0,0.9650746,0.7909285,2015-03-20 15:00:00,0.0,0.0,0.0,0.0,0.0
279.72852,0.92568964,0.0,0.9222552,0.020002566,2015-03-20 16:00:00,0.0,0.0,0.0,0.0,0.0
281.4756,0.99130046,0.0,0.99130046,0.10019863,2015-03-20 17:00:00,0.0,0.0,0.0,0.0,0.0
282.45923,1.0,0.0,0.99841094,0.07198858,2015-03-20 18:00:00,0.0,0.0,0.0,0.0,0.0
283.22607,0.97735274,0.0,0.9762954,0.007945243,2015-03-20 19:00:00,1.0,7.3236906e-06,0.0,0.0,7.3236906e-06
283.69897,0.90891635,0.0,0.90144163,0.07463658,2015-03-20 20:00:00,0.0,2.5272922e-05,0.0,0.0,2.5272922e-05
285.03564,0.6986481,0.0,0.5758478,0.4011187,2015-03-20 21:00:00,0.0,7.851761e-06,0.0,4.486402e-07,7.507909e-06
284.19775,0.61848015,0.0,0.6128666,0.018254671,2015-03-20 22:00:00,0.0,0.00022156296,0.0,0.00022150594,0.0
284.35083,0.6818553,0.015352879,0.6818553,0.0,2015-03-20 23:00:00,0.0,0.0,0.0,0.0,0.0
283.4353,0.8198643,0.0067320913,0.8198643,0.0,2015-03-21 00:00:00,0.0,0.0,0.0,0.0,0.0
282.96484,0.7279474,0.0,0.7258264,0.012623299,2015-03-21 01:00:00,1.0,2.6726156e-07,0.0,1.3363075e-07,0.0
281.09595,0.5836209,0.04398434,0.38728023,0.30828744,2015-03-21 02:00:00,0.0,5.389328e-05,0.0,5.389328e-05,0.0
278.15527,0.5803526,0.25555652,0.21884918,0.35938615,2015-03-21 03:00:00,1.0,9.680265e-06,0.0,8.937132e-06,8.767626e-07
277.12207,0.7212919,0.7139708,0.08801532,0.0015890491,2015-03-21 04:00:00,1.0,4.954212e-07,0.0,0.0,4.954212e-07
276.0891,0.9547316,0.9547316,0.0,0.0,2015-03-21 05:00:00,1.0,5.9091695e-07,0.0,0.0,5.9091695e-07
274.94604,0.86835784,0.79666394,0.0,0.39780515,2015-03-21 06:00:00,6.0,9.549569e-08,0.0,0.0,9.549569e-08
274.33667,0.90623474,0.43720633,0.0,0.84770083,2015-03-21 07:00:00,6.0,0.0,0.0,0.0,0.0
273.7224,0.83932316,0.2549016,0.0,0.7776781,2015-03-21 08:00:00,5.0,0.0,1.42599745e-08,0.0,0.0
271.72778,0.53653944,0.16204745,0.0,0.44401205,2015-03-21 09:00:00,5.0,0.0,1.42599745e-08,0.0,0.0
270.38818,0.4185683,0.08658576,0.0,0.36172843,2015-03-21 10:00:00,5.0,0.0,0.0,0.0,0.0
270.2124,0.98392904,0.048717,0.0,0.9833973,2015-03-21 11:00:00,5.0,0.0,0.0,0.0,0.0
269.8767,0.99155676,0.013193667,0.0,0.99102503,2015-03-21 12:00:00,0.0,0.0,0.0,0.0,0.0
269.76758,0.04882582,0.00053172023,0.0,0.04882582,2015-03-21 13:00:00,0.0,0.0,0.0,0.0,0.0
270.51465,0.002103883,0.0,0.0,0.002103883,2015-03-21 14:00:00,0.0,0.0,0.0,0.0,0.0
272.7141,0.041764777,0.0,0.0,0.041764777,2015-03-21 15:00:00,0.0,0.0,0.0,0.0,0.0
273.16895,0.012136124,0.0,0.0,0.012136124,2015-03-21 16:00:00,0.0,0.0,0.0,0.0,0.0
273.7876,0.0,0.0,0.0,0.0,2015-03-21 17:00:00,0.0,0.0,0.0,0.0,0.0
274.63623,0.011408862,0.0,0.011408862,0.0,2015-03-21 18:00:00,0.0,0.0,0.0,0.0,0.0
275.4568,0.11978871,0.0,0.11978871,0.0,2015-03-21 19:00:00,0.0,0.0,0.0,0.0,0.0
276.05786,0.3403285,0.0,0.3403285,0.0,2015-03-21 20:00:00,0.0,0.0,0.0,0.0,0.0
276.76636,0.75290734,0.0,0.75290734,0.0,2015-03-21 21:00:00,0.0,0.0,0.0,0.0,0.0
276.01953,0.9263307,0.0,0.9263307,0.0,2015-03-21 22:00:00,0.0,0.0,0.0,0.0,0.0
275.73926,0.9618392,0.0,0.9618392,0.0,2015-03-21 23:00:00,1.0,0.0,0.0,0.0,0.0
275.5232,0.8616145,0.0,0.8616145,0.0,2015-03-22 00:00:00,0.0,0.0,0.0,0.0,0.0
275.04492,0.8953156,0.0,0.8953156,0.0,2015-03-22 01:00:00,1.0,6.300189e-07,0.0,4.486402e-07,0.0
274.9043,0.9225841,0.0,0.9225841,0.0,2015-03-22 02:00:00,8.0,3.4910418e-06,0.0,3.5003332e-06,0.0
273.3086,0.95158434,0.0,0.95158434,0.0,2015-03-22 03:00:00,5.0,6.7519895e-06,1.7037919e-06,6.704242e-06,0.0
272.71387,0.9736824,0.0,0.9736824,0.13731396,2015-03-22 04:00:00,5.0,9.17141e-06,6.755032e-06,9.200253e-06,0.0
272.4734,0.9153228,0.0,0.89142376,0.7723557,2015-03-22 05:00:00,5.0,9.419446e-06,9.433545e-06,9.524234e-06,0.0
272.40356,0.9640199,0.0,0.86919034,0.90616566,2015-03-22 06:00:00,5.0,4.4421404e-06,4.4519156e-06,4.5757715e-06,0.0
272.62476,0.9736824,0.0,0.9731507,0.8430646,2015-03-22 07:00:00,5.0,1.258104e-06,1.1342481e-06,1.1244729e-06,0.0
272.69702,0.9849002,0.0,0.9660912,0.95407754,2015-03-22 08:00:00,5.0,3.813414e-07,3.4304594e-07,1.9067068e-07,1.14079796e-07
272.64697,0.97020733,0.0,0.9428647,0.79650116,2015-03-22 09:00:00,5.0,4.954212e-07,4.954212e-07,1.14079796e-07,4.954212e-07
272.34668,0.60491925,0.0,0.520474,0.24626225,2015-03-22 10:00:00,5.0,1.9816844e-06,2.0484995e-06,1.4292236e-06,6.0950106e-07
272.37573,0.8694763,0.0,0.76338094,0.5217757,2015-03-22 11:00:00,5.0,1.3721838e-06,1.381959e-06,0.0,1.3721838e-06
272.29663,0.97616816,0.0,0.9378261,0.76724553,2015-03-22 12:00:00,5.0,1.5450423e-05,1.557461e-05,0.0,1.5450423e-05
272.15527,0.99683875,0.0,0.9750078,0.8983865,2015-03-22 13:00:00,5.0,5.4956792e-05,5.4989956e-05,0.0,5.4956792e-05
272.09912,0.9949934,0.0,0.9833648,0.9288819,2015-03-22 14:00:00,5.0,9.394785e-05,9.408148e-05,0.0,9.394785e-05
273.13403,0.9966217,0.0,0.9832581,0.9771089,2015-03-22 15:00:00,5.0,9.326593e-05,9.3418304e-05,0.0,9.326593e-05
273.23657,0.9850148,0.0,0.905564,0.97500503,2015-03-22 16:00:00,5.0,4.456828e-05,4.488745e-05,0.0,4.494963e-05
273.29053,1.0,0.0,0.92496085,0.9870936,2015-03-22 17:00:00,6.0,1.2478536e-05,1.3055837e-05,0.0,1.2841293e-05
273.96948,1.0,0.010307562,0.9151057,1.0,2015-03-22 18:00:00,6.0,5.5528553e-06,5.30979e-06,0.0,5.5528553e-06
273.9319,0.99609,0.012199592,0.9310491,0.9920941,2015-03-22 19:00:00,6.0,8.207519e-06,7.802143e-06,0.0,7.730682e-06
274.53125,1.0,0.009481411,0.96342313,1.0,2015-03-22 20:00:00,6.0,3.160465e-05,3.1783056e-05,0.0,3.190973e-05
275.26978,1.0,0.015011147,0.99576455,1.0,2015-03-22 21:00:00,6.0,3.7651014e-05,3.7676975e-05,0.0,3.7651014e-05
274.5569,1.0,0.014771726,1.0,1.0,2015-03-22 22:00:00,6.0,6.598829e-05,6.583343e-05,0.0,6.598829e-05
273.86304,1.0,0.010563962,1.0,1.0,2015-03-22 23:00:00,6.0,0.00020762773,0.00020682804,2.0722568e-05,0.00018690516
273.36084,1.0,0.050900027,1.0,0.99946827,2015-03-23 00:00:00,6.0,0.00042182067,0.00042197085,1.7714454e-05,0.00040426804
272.9961,1.0,0.3123421,1.0,0.98273003,2015-03-23 01:00:00,5.0,0.0006536825,0.0006537037,6.0639795e-06,0.0006475707
272.54907,0.99946827,0.36119682,0.9989426,0.98152465,2015-03-23 02:00:00,5.0,0.000842361,0.0008423396,1.3703981e-05,0.00082877115
272.21387,1.0,0.56119716,0.9978961,0.9749766,2015-03-23 03:00:00,5.0,0.0007515531,0.00075169187,3.7275924e-05,0.00071427715
271.9331,1.0,0.5815343,1.0,0.9841433,2015-03-23 04:00:00,5.0,0.00053093256,0.00053085154,9.056643e-06,0.0005218759
271.97876,1.0,0.7268486,1.0,0.9870903,2015-03-23 05:00:00,5.0,0.0004160758,0.00041595218,0.0,0.00041586626
272.21118,1.0,0.7366275,1.0,0.9946821,2015-03-23 06:00:00,5.0,0.00043384545,0.00043392438,0.0,0.00043384545
272.3252,1.0,0.64611065,1.0,0.9753861,2015-03-23 07:00:00,5.0,0.00045528705,0.00045545632,0.0,0.00045555434
272.34058,0.99416727,0.6208281,0.9833313,0.94644463,2015-03-23 08:00:00,5.0,0.00037017162,0.0003701714,0.0,0.00036990433
272.1001,0.97489315,0.84017247,0.94358593,0.6855703,2015-03-23 09:00:00,5.0,0.00023820113,0.00023850381,0.0,0.00023858248
271.9143,0.9712789,0.8786322,0.96309423,0.55911463,2015-03-23 10:00:00,5.0,0.00013132681,0.00013115497,0.0,0.00013105955
271.85132,0.87672573,0.7494172,0.82164913,0.17459178,2015-03-23 11:00:00,5.0,6.401146e-05,6.374187e-05,0.0,6.37442e-05
271.81787,0.8080418,0.7888382,0.6296216,0.0,2015-03-23 12:00:00,5.0,3.37394e-05,3.3753662e-05,0.0,3.37394e-05
271.87573,0.9335931,0.9185137,0.6747713,0.0,2015-03-23 13:00:00,5.0,1.9454805e-05,1.939488e-05,0.0,1.9473402e-05
271.95654,0.97500503,0.9700189,0.6160653,0.0,2015-03-23 14:00:00,5.0,8.468979e-06,8.626323e-06,0.0,8.564475e-06
272.7671,0.9978792,0.9978792,0.6192229,0.0,2015-03-23 15:00:00,5.0,7.0577025e-06,6.776503e-06,0.0,7.0577025e-06
272.85278,1.0,1.0,0.5435622,0.0,2015-03-23 16:00:00,5.0,8.429245e-06,7.943116e-06,0.0,7.952408e-06
272.8911,1.0,1.0,0.46494615,0.0,2015-03-23 17:00:00,6.0,1.10422325e-05,1.1018438e-05,0.0,1.10422325e-05
273.18115,0.9949765,0.9949765,0.24731475,0.0,2015-03-23 18:00:00,6.0,8.677914e-06,8.520408e-06,0.0,8.677914e-06
273.18335,0.9989426,0.9989426,0.07744813,0.0,2015-03-23 19:00:00,6.0,9.549569e-08,1.9083109e-07,0.0,9.549569e-08
273.31934,0.9891773,0.9891773,0.0,0.0,2015-03-23 20:00:00,6.0,0.0,0.0,0.0,0.0
273.89697,0.81729275,0.81729275,0.0,0.0,2015-03-23 21:00:00,6.0,0.0,0.0,0.0,0.0
273.8181,0.8605625,0.8605625,0.065820456,0.0,2015-03-23 22:00:00,6.0,0.0,0.0,0.0,0.0
273.70142,0.9000688,0.8984268,0.17876923,0.0,2015-03-23 23:00:00,6.0,0.0,0.0,0.0,0.0
272.52368,0.9482651,0.9183176,0.57690585,0.00053172023,2015-03-24 00:00:00,6.0,0.0,0.0,0.0,0.0
272.63013,0.9648943,0.8970628,0.8149625,0.0,2015-03-24 01:00:00,5.0,0.0,0.0,0.0,0.0
272.30054,0.9705764,0.8654794,0.85141265,0.0,2015-03-24 02:00:00,0.0,0.0,0.0,0.0,0.0
271.5791,0.9810288,0.8591763,0.9277248,0.009008683,2015-03-24 03:00:00,0.0,0.0,0.0,0.0,0.0
271.06836,0.97232026,0.78168744,0.9166393,0.24645054,2015-03-24 04:00:00,0.0,0.0,0.0,0.0,0.0
270.62402,0.922616,0.6613558,0.4086939,0.643227,2015-03-24 05:00:00,0.0,0.0,0.0,0.0,0.0
270.36426,0.9932679,0.5623257,0.081100404,0.976428,2015-03-24 06:00:00,0.0,0.0,0.0,0.0,0.0
270.14746,0.9970973,0.51396537,0.033460498,0.9947263,2015-03-24 07:00:00,5.0,0.0,1.1920929e-07,0.0,0.0
270.00195,1.0,0.71360743,0.023339909,0.997629,2015-03-24 08:00:00,5.0,2.6726156e-07,2.0989859e-07,0.0,2.6726156e-07
269.7329,1.0,0.8479617,0.015099801,1.0,2015-03-24 09:00:00,5.0,4.7683716e-07,3.2910788e-07,0.0,4.7683716e-07
269.75635,0.99525803,0.76160926,0.0,0.98892707,2015-03-24 10:00:00,5.0,0.0,3.3375392e-07,0.0,4.7683716e-07
269.7898,0.8513723,0.80934995,0.0,0.14161462,2015-03-24 11:00:00,5.0,0.0,2.1454463e-07,0.0,3.813414e-07
269.97925,0.85026306,0.85026306,0.0,0.0,2015-03-24 12:00:00,5.0,2.6726156e-07,1.8602464e-07,0.0,2.6726156e-07
270.15845,0.93085164,0.91750586,0.0,0.18742377,2015-03-24 13:00:00,5.0,0.0,2.3841858e-07,0.0,2.6726156e-07
270.46655,0.9685152,0.8582916,0.0,0.7144195,2015-03-24 14:00:00,5.0,0.0,1.1456325e-07,0.0,0.0
272.01074,0.9509549,0.62198293,0.0,0.88438743,2015-03-24 15:00:00,0.0,0.0,7.16218e-08,0.0,0.0
272.54785,0.92297804,0.11330044,0.0,0.9182215,2015-03-24 16:00:00,0.0,0.0,0.0,0.0,0.0
273.30322,1.0,0.015909411,0.0,1.0,2015-03-24 17:00:00,0.0,0.0,0.0,0.0,0.0
273.6892,1.0,0.12657857,0.0,1.0,2015-03-24 18:00:00,0.0,0.0,0.0,0.0,0.0
274.48926,1.0,0.0,0.0,1.0,2015-03-24 19:00:00,0.0,0.0,0.0,0.0,0.0
275.52417,0.99946827,0.019988392,0.010519415,0.99946827,2015-03-24 20:00:00,0.0,0.0,0.0,0.0,0.0
276.9961,1.0,0.0,0.16488123,1.0,2015-03-24 21:00:00,0.0,0.0,0.0,0.0,0.0
276.17432,0.9905219,0.0,0.338026,0.9810683,2015-03-24 22:00:00,0.0,0.0,0.0,0.0,0.0
276.02856,1.0,0.0,0.62283874,1.0,2015-03-24 23:00:00,0.0,0.0,0.0,0.0,0.0
275.87573,1.0,0.0,0.9308994,1.0,2015-03-25 00:00:00,0.0,0.0,0.0,0.0,0.0
275.74414,1.0,0.0036929322,1.0,1.0,2015-03-25 01:00:00,0.0,5.2522655e-06,0.0,5.204517e-06,9.549569e-08
275.729,1.0,0.040162954,1.0,0.9957922,2015-03-25 02:00:00,6.0,1.2597766e-05,9.747555e-06,0.0,1.2597766e-05
274.8689,1.0,0.18731248,1.0,0.98940843,2015-03-25 03:00:00,6.0,0.00011643236,0.000116348645,0.0,0.00011643236
273.96582,1.0,0.576923,1.0,1.0,2015-03-25 04:00:00,6.0,0.00027824542,0.0002781169,0.0,0.00027824542
273.39624,1.0,0.86976844,1.0,1.0,2015-03-25 05:00:00,6.0,0.0004922645,0.0004923553,0.0,0.0004922645
273.1748,1.0,0.9587189,0.9978961,0.9978961,2015-03-25 06:00:00,6.0,0.0005662143,0.0005661878,0.0,0.0005662143
273.365,1.0,0.96236515,0.91757,1.0,2015-03-25 07:00:00,5.0,0.00045836903,0.00045817555,0.0,0.00045800628
273.01416,0.98888505,0.91871506,0.30218154,0.8747409,2015-03-25 08:00:00,5.0,5.9404483e-05,5.948507e-05,0.0,5.9404483e-05
272.92456,0.8472031,0.83136433,0.0100932345,0.14346033,2015-03-25 09:00:00,5.0,4.3081845e-06,4.4988547e-06,0.0,4.3081845e-06
273.87402,0.990789,0.990789,0.0067320913,0.0,2015-03-25 10:00:00,5.0,1.7163566e-06,1.3157878e-06,0.0,1.7163566e-06
274.05542,0.95714915,0.95714915,0.0,0.0,2015-03-25 11:00:00,6.0,1.7163566e-06,1.5971473e-06,0.0,1.2395194e-06
274.17017,0.9295514,0.9295514,0.0,0.0,2015-03-25 12:00:00,6.0,7.8588555e-06,7.949705e-06,0.0,7.954351e-06
274.46533,0.89022595,0.89022595,0.0,0.0,2015-03-25 13:00:00,1.0,1.7773054e-05,1.4638517e-05,0.0,1.7773054e-05
274.8755,0.9771141,0.9771141,0.0100932345,0.0,2015-03-25 14:00:00,1.0,3.908259e-06,0.0,4.7747868e-08,3.794179e-06
275.6709,0.91195244,0.91195244,0.0,0.0,2015-03-25 15:00:00,0.0,1.1818338e-06,0.0,0.0,7.0499675e-07
275.72412,1.0,1.0,0.0,0.0,2015-03-25 16:00:00,0.0,0.0,0.0,0.0,0.0
275.98926,1.0,1.0,0.0,0.0,2015-03-25 17:00:00,0.0,0.0,0.0,0.0,0.0
276.09033,1.0,1.0,0.0,0.0,2015-03-25 18:00:00,0.0,0.0,0.0,0.0,0.0
275.94727,1.0,1.0,0.0,0.0,2015-03-25 19:00:00,0.0,0.0,0.0,0.0,0.0
276.2295,1.0,1.0,0.0,0.0,2015-03-25 20:00:00,0.0,0.0,0.0,0.0,0.0
276.5144,0.98893285,0.98893285,0.0,0.018542979,2015-03-25 21:00:00,0.0,0.0,0.0,0.0,0.0
275.9641,0.97640485,0.97640485,0.0,0.0,2015-03-25 22:00:00,0.0,0.0,0.0,0.0,0.0
275.91797,0.867475,0.867475,0.0,0.0,2015-03-25 23:00:00,0.0,0.0,0.0,0.0,0.0
275.94556,0.94981,0.94981,0.0,0.0,2015-03-26 00:00:00,0.0,0.0,0.0,0.0,0.0
276.02124,0.5051773,0.5051773,0.0,0.0,2015-03-26 01:00:00,0.0,0.0,0.0,0.0,0.0
275.9558,0.082728565,0.065897524,0.0,0.016831063,2015-03-26 02:00:00,0.0,0.0,0.0,0.0,0.0
274.79395,0.1504603,0.1504603,0.0,0.0,2015-03-26 03:00:00,0.0,0.0,0.0,0.0,0.0
274.2788,0.34987128,0.34987128,0.0,0.0,2015-03-26 04:00:00,0.0,0.0,0.0,0.0,0.0
273.50977,0.547043,0.54492223,0.0,0.0037098185,2015-03-26 05:00:00,0.0,0.0,0.0,0.0,0.0
272.8994,0.42381716,0.42381716,0.0,0.0,2015-03-26 06:00:00,0.0,0.0,0.0,0.0,0.0
272.53418,0.61185896,0.61185896,0.0,0.0,2015-03-26 07:00:00,5.0,0.0,4.7667676e-08,0.0,0.0
272.23218,0.7892591,0.7892591,0.0,0.0,2015-03-26 08:00:00,5.0,0.0,1.4068002e-07,0.0,0.0
271.38867,0.8787947,0.8787947,0.0,0.0,2015-03-26 09:00:00,5.0,0.0,2.3841858e-07,0.0,0.0
271.52734,0.9667192,0.9667192,0.0,0.0,2015-03-26 10:00:00,5.0,9.549569e-08,2.7655244e-07,0.0,1.14079796e-07
271.4685,0.9752908,0.9752908,0.0,0.0,2015-03-26 11:00:00,5.0,4.7683716e-07,3.7661403e-07,0.0,4.7683716e-07
271.24683,0.9932679,0.9932679,0.0,0.0,2015-03-26 12:00:00,5.0,7.8190845e-07,9.966143e-07,0.0,7.8190845e-07
271.26123,0.9878722,0.9878722,0.0,0.0,2015-03-26 13:00:00,5.0,2.3264993e-06,2.1957549e-06,0.0,2.2124195e-06
271.46338,1.0,1.0,0.0,0.0,2015-03-26 14:00:00,5.0,1.086979e-06,1.1279208e-06,0.0,1.086979e-06
272.8457,1.0,1.0,0.0,0.0,2015-03-26 15:00:00,5.0,9.549569e-08,2.7903587e-07,0.0,9.549569e-08
273.31177,1.0,1.0,0.0,0.0,2015-03-26 16:00:00,0.0,0.0,1.1936965e-08,0.0,0.0
273.9978,1.0,1.0,0.0,0.0,2015-03-26 17:00:00,6.0,3.5467938e-06,3.4273426e-06,0.0,3.5467938e-06
274.4297,0.9957922,0.9957922,0.033665255,0.0,2015-03-26 18:00:00,6.0,6.7327555e-06,6.7995707e-06,0.0,6.7327555e-06
274.67603,1.0,1.0,0.65108526,0.0,2015-03-26 19:00:00,6.0,8.467697e-06,8.259799e-06,0.0,8.219019e-06
274.79297,0.998375,0.9755744,0.9770691,0.0,2015-03-26 20:00:00,6.0,4.615831e-06,4.413143e-06,0.0,4.234489e-06
275.14038,0.886302,0.17038506,0.886302,0.0,2015-03-26 21:00:00,0.0,2.7084825e-06,2.5178115e-06,0.0,2.3271405e-06
274.24048,0.5401321,0.52362525,0.4077019,0.0,2015-03-26 22:00:00,0.0,1.0498115e-06,8.826127e-07,0.0,9.543155e-07
274.1704,0.12772208,0.12772208,0.013775833,0.0,2015-03-26 23:00:00,0.0,9.549569e-08,8.3558746e-08,0.0,9.549569e-08
273.85205,0.01960031,0.01960031,0.0,0.0,2015-03-27 00:00:00,0.0,0.0,0.0,0.0,0.0
272.83423,0.00053172023,0.00053172023,0.0,0.0,2015-03-27 01:00:00,0.0,0.0,0.0,0.0,0.0
272.36108,0.0,0.0,0.0,0.0,2015-03-27 02:00:00,0.0,0.0,0.0,0.0,0.0
270.54492,0.0,0.0,0.0,0.0,2015-03-27 03:00:00,0.0,0.0,0.0,0.0,0.0
269.8723,0.0,0.0,0.0,0.0,2015-03-27 04:00:00,0.0,0.0,0.0,0.0,0.0
269.38037,0.0,0.0,0.0,0.0,2015-03-27 05:00:00,0.0,0.0,0.0,0.0,0.0
269.271,0.0,0.0,0.0,0.0,2015-03-27 06:00:00,0.0,0.0,0.0,0.0,0.0
268.81787,0.0,0.0,0.0,0.0,2015-03-27 07:00:00,0.0,0.0,0.0,0.0,0.0
268.3152,0.0,0.0,0.0,0.0,2015-03-27 08:00:00,0.0,0.0,0.0,0.0,0.0
266.8711,0.0,0.0,0.0,0.0,2015-03-27 09:00:00,0.0,0.0,0.0,0.0,0.0
265.0337,0.0,0.0,0.0,0.0,2015-03-27 10:00:00,0.0,0.0,0.0,0.0,0.0
265.02002,0.0,0.0,0.0,0.0,2015-03-27 11:00:00,0.0,0.0,0.0,0.0,0.0
264.67505,0.0,0.0,0.0,0.0,2015-03-27 12:00:00,0.0,0.0,0.0,0.0,0.0
265.69922,0.0,0.0,0.0,0.0,2015-03-27 13:00:00,0.0,0.0,0.0,0.0,0.0
266.90405,0.0,0.0,0.0,0.0,2015-03-27 14:00:00,0.0,0.0,0.0,0.0,0.0
270.21924,0.0,0.0,0.0,0.0,2015-03-27 15:00:00,0.0,0.0,0.0,0.0,0.0
270.80884,0.020765156,0.0,0.0,0.020765156,2015-03-27 16:00:00,0.0,0.0,0.0,0.0,0.0
271.83643,0.19601184,0.0,0.0032499009,0.19601184,2015-03-27 17:00:00,0.0,0.0,0.0,0.0,0.0
272.48853,0.7713211,0.0,0.46505666,0.7314193,2015-03-27 18:00:00,0.0,0.0,0.0,0.0,0.0
273.23438,0.84382576,0.0,0.7431568,0.7758388,2015-03-27 19:00:00,0.0,0.0,0.0,0.0,0.0
273.96777,0.9807292,0.0,0.9757863,0.79197645,2015-03-27 20:00:00,0.0,0.0,0.0,0.0,0.0
274.92017,0.99609,0.0,0.99609,0.75766104,2015-03-27 21:00:00,0.0,0.0,0.0,0.0,0.0
274.0127,1.0,0.0,1.0,0.80937374,2015-03-27 22:00:00,0.0,0.0,0.0,0.0,0.0
273.69434,1.0,0.0,1.0,0.8862864,2015-03-27 23:00:00,0.0,0.0,0.0,0.0,0.0
272.64917,1.0,0.0,1.0,0.7915546,2015-03-28 00:00:00,0.0,0.0,0.0,0.0,0.0
271.37915,1.0,0.0,1.0,0.7791479,2015-03-28 01:00:00,0.0,0.0,0.0,0.0,0.0
271.21362,1.0,0.0,1.0,0.65698415,2015-03-28 02:00:00,0.0,0.0,0.0,0.0,0.0
270.479,1.0,0.0,1.0,0.21397507,2015-03-28 03:00:00,0.0,0.0,0.0,0.0,0.0
270.33716,1.0,0.0,1.0,0.08676165,2015-03-28 04:00:00,0.0,0.0,0.0,0.0,0.0
269.69385,1.0,0.0,1.0,0.0,2015-03-28 05:00:00,0.0,0.0,0.0,0.0,0.0
269.52466,0.9891975,0.0,0.9891975,0.0,2015-03-28 06:00:00,0.0,0.0,0.0,0.0,0.0
268.98828,0.75896245,0.0,0.75896245,0.0,2015-03-28 07:00:00,0.0,0.0,0.0,0.0,0.0
268.50977,0.05193402,0.0,0.05193402,0.0,2015-03-28 08:00:00,0.0,0.0,0.0,0.0,0.0
268.41895,0.0,0.0,0.0,0.0,2015-03-28 09:00:00,0.0,0.0,0.0,0.0,0.0
265.7019,0.0,0.0,0.0,0.0,2015-03-28 10:00:00,0.0,0.0,0.0,0.0,0.0
265.7837,0.0,0.0,0.0,0.0,2015-03-28 11:00:00,0.0,0.0,0.0,0.0,0.0
265.58228,0.0,0.0,0.0,0.0,2015-03-28 12:00:00,0.0,0.0,0.0,0.0,0.0
267.60132,0.0,0.0,0.0,0.0,2015-03-28 13:00:00,0.0,0.0,0.0,0.0,0.0
269.58496,0.0,0.0,0.0,0.0,2015-03-28 14:00:00,0.0,0.0,0.0,0.0,0.0
274.08862,0.0,0.0,0.0,0.0,2015-03-28 15:00:00,0.0,0.0,0.0,0.0,0.0
275.583,0.0,0.0,0.0,0.0,2015-03-28 16:00:00,0.0,0.0,0.0,0.0,0.0
276.625,0.048211213,0.0,0.0,0.048211213,2015-03-28 17:00:00,0.0,0.0,0.0,0.0,0.0
277.38818,0.037043504,0.0,0.0,0.037043504,2015-03-28 18:00:00,0.0,0.0,0.0,0.0,0.0
277.89087,0.014453504,0.0,0.0,0.014453504,2015-03-28 19:00:00,0.0,0.0,0.0,0.0,0.0
278.56616,0.051368397,0.0,0.0,0.051368397,2015-03-28 20:00:00,0.0,0.0,0.0,0.0,0.0
279.3352,0.0,0.0,0.0,0.0,2015-03-28 21:00:00,0.0,0.0,0.0,0.0,0.0
278.71973,0.0,0.0,0.0,0.0,2015-03-28 22:00:00,0.0,0.0,0.0,0.0,0.0
278.55566,0.0,0.0,0.0,0.0,2015-03-28 23:00:00,0.0,0.0,0.0,0.0,0.0
277.70264,0.01173529,0.0,0.0,0.01173529,2015-03-29 00:00:00,0.0,0.0,0.0,0.0,0.0
276.66992,0.41642207,0.0,0.16335928,0.36688125,2015-03-29 01:00:00,0.0,0.0,0.0,0.0,0.0
276.12817,0.7267375,0.0,0.6955318,0.3570348,2015-03-29 02:00:00,0.0,0.0,0.0,0.0,0.0
275.36768,0.4805839,0.0,0.40924406,0.19269234,2015-03-29 03:00:00,0.0,0.0,0.0,0.0,0.0
275.00586,0.23300415,0.0,0.0,0.23300415,2015-03-29 04:00:00,0.0,0.0,0.0,0.0,0.0
274.7661,0.82197136,0.0,0.0,0.82197136,2015-03-29 05:00:00,0.0,0.0,0.0,0.0,0.0
274.8164,0.959962,0.0,0.0,0.959962,2015-03-29 06:00:00,0.0,0.0,0.0,0.0,0.0
274.8877,0.94710225,0.0,0.0,0.94710225,2015-03-29 07:00:00,0.0,0.0,0.0,0.0,0.0
275.1543,0.97337943,0.0,0.04378096,0.97337943,2015-03-29 08:00:00,0.0,0.0,0.0,0.0,0.0
274.8518,0.9870936,0.0,0.36133778,0.98498976,2015-03-29 09:00:00,1.0,0.0001670385,0.0,0.00016717213,0.0
274.99072,1.0,0.0016249504,0.8401455,1.0,2015-03-29 10:00:00,1.0,0.00020134651,0.0,0.00017503517,2.619726e-05
275.0703,0.60647184,0.04285743,0.38294238,0.41240013,2015-03-29 11:00:00,1.0,0.000512253,8.547542e-05,0.00047460268,3.740283e-05
275.07056,0.28913385,0.28133833,0.08049321,0.0067320913,2015-03-29 12:00:00,1.0,7.47093e-05,4.4925197e-05,6.435669e-05,1.0772395e-05
275.86865,0.44192398,0.4217041,0.09750056,0.0,2015-03-29 13:00:00,1.0,1.2587452e-06,0.0,0.0,9.728992e-07
276.34473,0.9196419,0.9061291,0.84181017,0.0,2015-03-29 14:00:00,1.0,1.1350538e-05,0.0,3.2241005e-06,8.107532e-06
279.1084,0.34917974,0.27813846,0.21261334,0.0,2015-03-29 15:00:00,1.0,0.00039991038,0.0,0.00037416792,2.6200345e-05
281.01514,0.9836282,0.9791499,0.53929746,0.307692,2015-03-29 16:00:00,1.0,8.8706816e-05,0.0,3.3634235e-05,5.514917e-05
279.01416,1.0,1.0,0.99416727,0.9562056,2015-03-29 17:00:00,1.0,0.00086336513,0.0,0.00021829025,0.00064514205
277.28467,1.0,0.99946827,0.51760995,0.3331195,2015-03-29 18:00:00,1.0,0.0009266797,0.0,8.815319e-05,0.00083849765
279.64355,0.8506552,0.8506552,0.0,0.0,2015-03-29 19:00:00,0.0,7.216814e-05,0.0,2.6089765e-05,4.559224e-05
281.6848,0.20426571,0.20426571,0.0,0.0,2015-03-29 20:00:00,0.0,1.9099144e-07,0.0,1.432436e-07,0.0
283.76245,0.24979931,0.15277082,0.19754732,0.0,2015-03-29 21:00:00,0.0,0.0,0.0,0.0,0.0
284.15503,0.06060099,0.013244111,0.047356874,0.0,2015-03-29 22:00:00,0.0,0.0,0.0,0.0,0.0
284.18652,0.0,0.0,0.0,0.0,2015-03-29 23:00:00,0.0,0.0,0.0,0.0,0.0
283.60156,0.0,0.0,0.0,0.0,2015-03-30 00:00:00,0.0,0.0,0.0,0.0,0.0
282.5039,0.0,0.0,0.0,0.0,2015-03-30 01:00:00,0.0,0.0,0.0,0.0,0.0
281.26904,0.0,0.0,0.0,0.0,2015-03-30 02:00:00,0.0,0.0,0.0,0.0,0.0
278.73853,0.0,0.0,0.0,0.0,2015-03-30 03:00:00,0.0,0.0,0.0,0.0,0.0
277.9026,0.0,0.0,0.0,0.0,2015-03-30 04:00:00,0.0,0.0,0.0,0.0,0.0
277.6172,0.0,0.0,0.0,0.0,2015-03-30 05:00:00,0.0,0.0,0.0,0.0,0.0
277.09277,0.066260576,0.0,0.066260576,0.0,2015-03-30 06:00:00,0.0,0.0,0.0,0.0,0.0
276.97485,0.26200116,0.0,0.26200116,0.0,2015-03-30 07:00:00,1.0,0.0,0.0,0.0,0.0
276.7141,0.26477903,0.0,0.26477903,0.0,2015-03-30 08:00:00,0.0,1.0863378e-06,0.0,1.1722204e-06,0.0
275.28442,0.3222463,0.0,0.3222463,0.0,2015-03-30 09:00:00,0.0,6.0950106e-07,0.0,6.0950106e-07,0.0
274.7036,0.41343278,0.0,0.31712097,0.20792568,2015-03-30 10:00:00,0.0,0.0,0.0,0.0,0.0
274.5005,0.72220176,0.0,0.57687414,0.47300893,2015-03-30 11:00:00,0.0,0.0,0.0,0.0,0.0
274.45483,0.9357155,0.0,0.6619037,0.9257587,2015-03-30 12:00:00,0.0,0.0,0.0,0.0,0.0
275.2339,0.9730956,0.0,0.7068384,0.9545781,2015-03-30 13:00:00,0.0,0.0,0.0,0.0,0.0
276.25,0.9878363,0.0,0.7733674,0.9728477,2015-03-30 14:00:00,1.0,0.0,0.0,2.6726156e-07,0.0
280.00708,0.97790706,0.0,0.95840174,0.97337943,2015-03-30 15:00:00,0.0,2.55531e-06,0.0,2.6030575e-06,0.0
281.06885,0.9952605,0.0,0.9831529,0.91766584,2015-03-30 16:00:00,0.0,0.0,0.0,0.0,0.0
282.48682,1.0,0.0,1.0,0.32158798,2015-03-30 17:00:00,0.0,0.0,0.0,0.0,0.0
283.39355,0.95235276,0.0,0.91996354,0.4271912,2015-03-30 18:00:00,0.0,0.0,0.0,0.0,0.0
284.56665,0.78672403,0.0,0.69570845,0.48968798,2015-03-30 19:00:00,0.0,0.0005049547,0.0,0.0005049547,0.0
285.2666,0.36163992,0.0,0.279509,0.21061736,2015-03-30 20:00:00,0.0,0.00020581594,0.0,0.00020587299,0.0
285.8694,0.27874708,0.0,0.26564813,0.09731054,2015-03-30 21:00:00,0.0,1.8812658e-05,0.0,1.8812658e-05,0.0
286.2644,0.14804852,0.0,0.14804852,0.0124641955,2015-03-30 22:00:00,0.0,0.0,0.0,0.0,0.0
286.35815,0.35790902,0.0,0.35790902,0.0,2015-03-30 23:00:00,0.0,0.0,0.0,0.0,0.0
285.37158,0.10456586,0.007457666,0.10456586,0.0,2015-03-31 00:00:00,0.0,0.0,0.0,0.0,0.0
283.59692,0.106957376,0.025296085,0.106957376,0.0,2015-03-31 01:00:00,0.0,0.0,0.0,0.0,0.0
281.27124,0.056405198,0.041027326,0.045680527,0.0,2015-03-31 02:00:00,0.0,0.0,0.0,0.0,0.0
278.96436,0.041372184,0.041372184,0.0057492107,0.0,2015-03-31 03:00:00,0.0,0.0,0.0,0.0,0.0
278.3352,0.0,0.0,0.0,0.0,2015-03-31 04:00:00,0.0,0.0,0.0,0.0,0.0
276.44727,0.0,0.0,0.0,0.0,2015-03-31 05:00:00,0.0,0.0,0.0,0.0,0.0
274.08667,0.0,0.0,0.0,0.0,2015-03-31 06:00:00,0.0,0.0,0.0,0.0,0.0
274.9497,0.026821923,0.026821923,0.0,0.0,2015-03-31 07:00:00,0.0,0.0,0.0,0.0,0.0
273.5398,0.36823004,0.36233354,0.019242998,0.0,2015-03-31 08:00:00,0.0,0.0,0.0,0.0,0.0
272.12842,0.7980999,0.7954643,0.061830994,0.0,2015-03-31 09:00:00,0.0,0.0,0.0,0.0,0.0
272.50903,0.6359352,0.6359352,0.028465848,0.0,2015-03-31 10:00:00,0.0,0.0,0.0,0.0,0.0
272.80664,0.74183017,0.74183017,0.0,0.0,2015-03-31 11:00:00,0.0,0.0,0.0,0.0,0.0
273.2058,0.66004014,0.66004014,0.0,0.0,2015-03-31 12:00:00,0.0,0.0,0.0,0.0,0.0
273.6621,0.35327584,0.35327584,0.0,0.0,2015-03-31 13:00:00,1.0,0.0,0.0,0.0,0.0
276.3186,0.27257752,0.27098852,0.0,0.0015890491,2015-03-31 14:00:00,0.0,0.0,0.0,0.0,0.0
281.65527,0.0033782488,0.0033782488,0.0,0.0,2015-03-31 15:00:00,0.0,0.0,0.0,0.0,0.0
284.8816,0.024974484,0.005003199,0.0,0.019988392,2015-03-31 16:00:00,0.0,0.0,0.0,0.0,0.0
286.79004,0.14415193,0.0,0.0,0.14415193,2015-03-31 17:00:00,0.0,0.0,0.0,0.0,0.0
288.15112,0.10711354,0.0,0.0,0.10711354,2015-03-31 18:00:00,0.0,0.0,0.0,0.0,0.0
289.37158,0.11420834,0.0,0.0,0.11420834,2015-03-31 19:00:00,0.0,0.0,0.0,0.0,0.0
290.125,0.12085301,0.005003199,0.02334797,0.09575176,2015-03-31 20:00:00,0.0,0.0,0.0,0.0,0.0
290.7439,0.1799041,0.0033782488,0.065099776,0.12280595,2015-03-31 21:00:00,0.0,0.0,0.0,0.0,0.0
290.85107,0.037461273,0.0,0.017378744,0.023460776,2015-03-31 22:00:00,0.0,0.0,0.0,0.0,0.0
290.66968,0.0,0.0,0.0,0.0,2015-03-31 23:00:00,0.0,0.0,0.0,0.0,0.0
290.3037,0.0,0.0,0.0,0.0,2015-04-01 00:00:00,0.0,0.0,0.0,0.0,0.0
288.7461,0.0,0.0,0.0,0.0,2015-04-01 01:00:00,0.0,0.0,0.0,0.0,0.0
284.88892,0.056261353,0.0,0.056261353,0.0,2015-04-01 02:00:00,0.0,0.0,0.0,0.0,0.0
282.09497,0.06836933,0.0,0.06836933,0.0,2015-04-01 03:00:00,0.0,0.0,0.0,0.0,0.0
281.61377,0.08479053,0.0,0.08479053,0.0,2015-04-01 04:00:00,0.0,0.0,0.0,0.0,0.0
280.7146,0.16196859,0.0,0.16196859,0.0,2015-04-01 05:00:00,0.0,0.0,0.0,0.0,0.0
279.90186,0.29283285,0.0,0.29071188,0.004207764,2015-04-01 06:00:00,0.0,0.0,0.0,0.0,0.0
279.5254,0.5111943,0.0,0.3986839,0.25869453,2015-04-01 07:00:00,0.0,7.165024e-05,0.0,7.1840914e-05,0.0
279.17163,0.8494785,0.0,0.07471788,0.84474385,2015-04-01 08:00:00,0.0,0.0,0.0,0.0,0.0
278.2693,0.8102468,0.0,0.0,0.8102468,2015-04-01 09:00:00,0.0,0.0,0.0,0.0,0.0
279.99,0.8444663,0.0,0.103893995,0.82109904,2015-04-01 10:00:00,0.0,0.0,0.0,0.0,0.0
280.18457,0.8318259,0.0,0.078252554,0.8265547,2015-04-01 11:00:00,0.0,0.0,0.0,0.0,0.0
280.323,0.07075149,0.0,0.06403655,0.014985189,2015-04-01 12:00:00,0.0,0.0,0.0,0.0,0.0
281.17383,0.5682437,0.0,0.4067875,0.48335415,2015-04-01 13:00:00,0.0,0.0,0.0,0.0,0.0
283.3662,0.8653251,0.0,0.68045026,0.8009944,2015-04-01 14:00:00,0.0,0.0,0.0,0.0,0.0
287.64038,0.91472083,0.0,0.6944688,0.8687936,2015-04-01 15:00:00,0.0,0.0,0.0,0.0,0.0
291.3711,0.98631626,0.0,0.2663232,0.98525894,2015-04-01 16:00:00,0.0,0.0,0.0,0.0,0.0
293.74072,0.98304605,0.0,0.7031031,0.9658865,2015-04-01 17:00:00,0.0,0.0,0.0,0.0,0.0
296.01733,0.9211525,0.0,0.73497015,0.6658448,2015-04-01 18:00:00,0.0,0.0,0.0,0.0,0.0
297.2566,1.0,0.0,0.5887001,1.0,2015-04-01 19:00:00,0.0,0.0,0.0,0.0,0.0
298.10278,0.9817365,0.0,0.79762983,0.95879066,2015-04-01 20:00:00,0.0,0.0,0.0,0.0,0.0
299.09497,0.7641195,0.0,0.69082355,0.5797969,2015-04-01 21:00:00,0.0,0.0,0.0,0.0,0.0
298.06396,0.49097347,0.0,0.09364486,0.47693706,2015-04-01 22:00:00,0.0,0.0,0.0,0.0,0.0
297.6045,0.60323155,0.0,0.03923324,0.59497845,2015-04-01 23:00:00,0.0,0.0,0.0,0.0,0.0
297.02466,0.9894646,0.0,0.4121604,0.9894646,2015-04-02 00:00:00,0.0,0.0,0.0,0.0,0.0
294.47754,1.0,0.0048919544,0.47639853,1.0,2015-04-02 01:00:00,1.0,0.0003919159,0.0,0.00039187795,0.0
290.47168,1.0,0.03467134,0.52868026,1.0,2015-04-02 02:00:00,1.0,0.0024178335,0.0,0.002416688,1.0690455e-06
288.615,1.0,0.030254725,0.70198417,1.0,2015-04-02 03:00:00,1.0,0.0015714949,0.0,0.0014319373,0.0001395004
288.187,1.0,0.04648273,0.1586746,1.0,2015-04-02 04:00:00,1.0,0.00015784797,0.0,1.3711921e-05,0.00014406971
287.6538,1.0,0.0055490583,0.078116655,1.0,2015-04-02 05:00:00,0.0,2.9001734e-05,0.0,0.0,2.9001734e-05
286.41138,1.0,0.0,0.20050329,1.0,2015-04-02 06:00:00,0.0,4.392804e-06,0.0,0.0,4.4113876e-06
285.53027,1.0,0.0,0.20362014,1.0,2015-04-02 07:00:00,0.0,1.9099144e-07,0.0,0.0,1.9099144e-07
284.5515,1.0,0.0,0.15102243,1.0,2015-04-02 08:00:00,0.0,5.1567695e-06,0.0,5.109022e-06,0.0
282.74463,1.0,0.0,0.1277591,1.0,2015-04-02 09:00:00,0.0,0.0,0.0,0.0,0.0
281.4607,1.0,0.0,0.8089762,1.0,2015-04-02 10:00:00,0.0,0.0,0.0,0.0,0.0
281.18066,1.0,0.0,0.82413685,1.0,2015-04-02 11:00:00,0.0,0.0,0.0,0.0,0.0
280.59766,0.998375,0.0,0.016015299,0.998375,2015-04-02 12:00:00,0.0,0.0,0.0,0.0,0.0
280.74536,0.9978792,0.0,0.0,0.9978792,2015-04-02 13:00:00,0.0,0.0,0.0,0.0,0.0
282.32715,0.40052074,0.0,0.0,0.40052074,2015-04-02 14:00:00,0.0,0.0,0.0,0.0,0.0
286.2129,0.4333325,0.0,0.0,0.4333325,2015-04-02 15:00:00,0.0,0.0,0.0,0.0,0.0
287.75903,0.05003822,0.0,0.0,0.05003822,2015-04-02 16:00:00,0.0,0.0,0.0,0.0,0.0
289.0652,0.7346752,0.0,0.0,0.7346752,2015-04-02 17:00:00,0.0,0.0,0.0,0.0,0.0
289.80127,0.25366533,0.0,0.0,0.25366533,2015-04-02 18:00:00,0.0,0.0,0.0,0.0,0.0
290.73218,0.0,0.0,0.0,0.0,2015-04-02 19:00:00,0.0,0.0,0.0,0.0,0.0
290.88794,0.16158807,0.0,0.16158807,0.0,2015-04-02 20:00:00,0.0,0.0,0.0,0.0,0.0
290.7871,0.0643273,0.0,0.005003199,0.059324127,2015-04-02 21:00:00,0.0,0.0,0.0,0.0,0.0
288.83545,0.538059,0.0,0.008100629,0.5347051,2015-04-02 22:00:00,0.0,0.0,0.0,0.0,0.0
287.8567,0.7764008,0.0,0.0058962777,0.7764008,2015-04-02 23:00:00,0.0,0.0,0.0,0.0,0.0
286.4668,0.83988124,0.0,0.0,0.83988124,2015-04-03 00:00:00,0.0,0.0,0.0,0.0,0.0
285.22314,0.511391,0.0,0.004474845,0.511391,2015-04-03 01:00:00,0.0,0.0,0.0,0.0,0.0
284.29468,0.11566222,0.0,0.0,0.11566222,2015-04-03 02:00:00,0.0,0.0,0.0,0.0,0.0
280.87183,0.9088357,0.0,0.012436975,0.9088357,2015-04-03 03:00:00,0.0,0.0,0.0,0.0,0.0
279.44507,0.98338985,0.17721021,0.12664169,0.98176485,2015-04-03 04:00:00,0.0,0.0,0.0,0.0,0.0
276.91724,0.98368436,0.7761226,0.07238394,0.8642259,2015-04-03 05:00:00,0.0,0.0,0.0,0.0,0.0
275.739,1.0,0.9353996,0.0069069304,1.0,2015-04-03 06:00:00,0.0,0.0,0.0,0.0,0.0
274.6079,1.0,0.98999023,0.01109812,1.0,2015-04-03 07:00:00,6.0,0.0,0.0,0.0,0.0
273.93164,0.98578,0.98340905,0.007945243,0.1122213,2015-04-03 08:00:00,5.0,0.0,0.0,0.0,0.0
272.33008,0.99342126,0.99078566,0.014301442,0.26208097,2015-04-03 09:00:00,5.0,0.0,0.0,0.0,0.0
270.71704,0.9786531,0.95363796,0.0031780982,0.55615336,2015-04-03 10:00:00,5.0,0.0,0.0,0.0,0.0
270.75757,0.9500573,0.90952843,0.02089085,0.39777946,2015-04-03 11:00:00,5.0,0.0,0.0,0.0,0.0
270.74805,0.83970207,0.83574206,0.0,0.06834555,2015-04-03 12:00:00,5.0,0.0,0.0,0.0,0.0
270.6477,0.9607019,0.9607019,0.0,0.022970855,2015-04-03 13:00:00,5.0,0.0,0.0,0.0,0.0
270.95752,0.9899067,0.9899067,0.013033811,0.007138107,2015-04-03 14:00:00,5.0,0.0,0.0,0.0,0.0
272.75122,1.0,1.0,0.13830566,0.0,2015-04-03 15:00:00,0.0,0.0,0.0,0.0,0.0
273.11328,0.968295,0.81070036,0.62404454,0.18802404,2015-04-03 16:00:00,0.0,0.0,0.0,0.0,0.0
274.3911,0.9400859,0.2548741,0.90630704,0.47118372,2015-04-03 17:00:00,0.0,0.0,0.0,0.0,0.0
275.2566,0.941995,0.08427447,0.9409377,0.0,2015-04-03 18:00:00,0.0,0.0,0.0,0.0,0.0
276.0127,0.8398104,0.023502573,0.8330221,0.04040465,2015-04-03 19:00:00,0.0,0.0,0.0,0.0,0.0
277.0327,0.4331432,0.0,0.40344805,0.08821249,2015-04-03 20:00:00,0.0,0.0,0.0,0.0,0.0
278.0681,0.00053172023,0.0,0.0,0.00053172023,2015-04-03 21:00:00,0.0,0.0,0.0,0.0,0.0
278.42944,0.0,0.0,0.0,0.0,2015-04-03 22:00:00,0.0,0.0,0.0,0.0,0.0
278.49585,0.0,0.0,0.0,0.0,2015-04-03 23:00:00,0.0,0.0,0.0,0.0,0.0
277.85742,0.0048919544,0.0,0.0048919544,0.0,2015-04-04 00:00:00,0.0,0.0,0.0,0.0,0.0
276.28467,0.029931594,0.0,0.029931594,0.0,2015-04-04 01:00:00,0.0,0.0,0.0,0.0,0.0
276.28296,0.0,0.0,0.0,0.0,2015-04-04 02:00:00,0.0,0.0,0.0,0.0,0.0
274.17847,0.0048919544,0.0,0.0048919544,0.0,2015-04-04 03:00:00,0.0,0.0,0.0,0.0,0.0
273.52368,0.12634236,0.0,0.12634236,0.0,2015-04-04 04:00:00,0.0,0.0,0.0,0.0,0.0
273.68555,0.75296456,0.0,0.75296456,0.0,2015-04-04 05:00:00,0.0,0.0,0.0,0.0,0.0
273.58276,0.8469333,0.0,0.8469333,0.018457577,2015-04-04 06:00:00,8.0,0.00010116954,7.907995e-07,0.000101493846,0.0
273.4834,0.5960253,0.0,0.5960253,0.0,2015-04-04 07:00:00,0.0,0.00016750462,7.917771e-06,0.00016756167,0.0
273.6565,0.0757156,0.0,0.0757156,0.0,2015-04-04 08:00:00,0.0,9.549569e-08,0.0,4.7747868e-08,0.0
273.9348,0.0,0.0,0.0,0.0,2015-04-04 09:00:00,0.0,0.0,0.0,0.0,0.0
273.1748,0.0,0.0,0.0,0.0,2015-04-04 10:00:00,0.0,0.0,0.0,0.0,0.0
273.05884,0.0,0.0,0.0,0.0,2015-04-04 11:00:00,0.0,0.0,0.0,0.0,0.0
272.9109,0.0,0.0,0.0,0.0,2015-04-04 12:00:00,0.0,0.0,0.0,0.0,0.0
273.66748,0.0,0.0,0.0,0.0,2015-04-04 13:00:00,0.0,0.0,0.0,0.0,0.0
275.3435,0.0,0.0,0.0,0.0,2015-04-04 14:00:00,0.0,0.0,0.0,0.0,0.0
279.14722,0.0,0.0,0.0,0.0,2015-04-04 15:00:00,0.0,0.0,0.0,0.0,0.0
280.22314,0.0026356035,0.0,0.0,0.0026356035,2015-04-04 16:00:00,0.0,0.0,0.0,0.0,0.0
281.46924,0.007457666,0.0,0.007457666,0.0,2015-04-04 17:00:00,0.0,0.0,0.0,0.0,0.0
282.239,0.26914728,0.0,0.26914728,0.0,2015-04-04 18:00:00,0.0,0.0,0.0,0.0,0.0
283.2185,0.87554055,0.0021207693,0.87554055,0.0,2015-04-04 19:00:00,0.0,4.9657783e-06,0.0,5.013526e-06,0.0
283.66528,0.99946827,0.020832565,0.99946827,0.002103883,2015-04-04 20:00:00,0.0,1.9464505e-06,0.0,1.9464505e-06,0.0
284.12695,0.9364628,0.0,0.9364628,0.0,2015-04-04 21:00:00,0.0,1.5830419e-06,0.0,1.4587031e-06,0.0
283.84546,0.9452642,0.004207764,0.9452642,0.0,2015-04-04 22:00:00,0.0,0.0,0.0,0.0,0.0
283.9104,0.8877607,0.004207764,0.8877607,0.0068879165,2015-04-04 23:00:00,0.0,0.0,0.0,0.0,0.0
283.34375,0.83503675,0.0,0.6936646,0.5263934,2015-04-05 00:00:00,1.0,0.0,0.0,0.0,0.0
282.45166,0.97068626,0.0,0.8585353,0.85260093,2015-04-05 01:00:00,0.0,2.8864248e-05,0.0,2.8730617e-05,0.0
281.87134,0.9630087,0.0,0.7441559,0.877073,2015-04-05 02:00:00,0.0,4.794961e-05,0.0,4.7854104e-05,0.0
279.54517,0.9066159,0.0,0.42731273,0.88217926,2015-04-05 03:00:00,1.0,7.4737574e-05,0.0,7.477602e-05,0.0
278.72388,0.91481423,0.0,0.6368449,0.8721743,2015-04-05 04:00:00,0.0,5.170479e-05,0.0,5.15907e-05,0.0
277.7666,0.95721936,0.0,0.20443034,0.9493367,2015-04-05 05:00:00,0.0,8.361654e-05,0.0,8.361654e-05,0.0
277.01318,0.9076977,0.0,0.10265851,0.8938512,2015-04-05 06:00:00,0.0,8.690112e-06,0.0,8.73786e-06,0.0
276.77954,0.5190473,0.0,0.08120036,0.47440666,2015-04-05 07:00:00,0.0,0.0,0.0,0.0,0.0
275.938,0.6844977,0.0,0.007368978,0.68343425,2015-04-05 08:00:00,0.0,0.0,0.0,0.0,0.0
274.89282,0.66673565,0.0,0.10153991,0.6645619,2015-04-05 09:00:00,0.0,0.0,0.0,0.0,0.0
273.88843,0.93619394,0.0,0.6979433,0.9023744,2015-04-05 10:00:00,0.0,0.0,0.0,0.0,0.0
273.93872,0.53419346,0.0,0.20113009,0.5140045,2015-04-05 11:00:00,0.0,0.0,0.0,0.0,0.0
273.8811,0.03655424,0.0,0.0,0.03655424,2015-04-05 12:00:00,0.0,0.0,0.0,0.0,0.0
274.11865,0.99609,0.0,0.22453314,0.99609,2015-04-05 13:00:00,0.0,0.0,0.0,0.0,0.0
275.02808,0.9949934,0.0,0.5477985,0.9949934,2015-04-05 14:00:00,0.0,0.0,0.0,0.0,0.0
278.79297,0.947904,0.0,0.90666485,0.75132877,2015-04-05 15:00:00,0.0,0.0,0.0,0.0,0.0
280.07202,0.9227201,0.0,0.9177169,0.14610755,2015-04-05 16:00:00,0.0,1.9099144e-07,0.0,0.0,1.9099144e-07
281.27002,0.88779575,0.0,0.8690289,0.17884767,2015-04-05 17:00:00,0.0,5.7297444e-07,0.0,0.0,5.7297444e-07
281.9314,0.9882613,0.0,0.97154266,0.43113083,2015-04-05 18:00:00,0.0,2.864872e-07,0.0,0.0,2.864872e-07
282.80884,0.95442706,0.0,0.95283806,0.11861372,2015-04-05 19:00:00,0.0,0.0,0.0,0.0,0.0
283.14062,0.97994626,0.0,0.97994626,0.16637433,2015-04-05 20:00:00,0.0,0.0,0.0,0.0,0.0
283.21167,0.976258,0.0,0.9699463,0.54478234,2015-04-05 21:00:00,1.0,0.0,0.0,0.0,0.0
282.5791,1.0,0.0,0.970054,0.99576455,2015-04-05 22:00:00,0.0,0.00013282901,0.0,0.00013296264,0.0
281.99634,0.99519694,0.0,0.9843945,0.98468053,2015-04-05 23:00:00,0.0,0.00015173455,0.0,0.00015155316,0.0
281.17944,0.9989426,0.0,0.98993397,0.99130046,2015-04-06 00:00:00,0.0,3.1036107e-05,0.0,3.098836e-05,0.0
280.84644,0.79490215,0.0,0.69814706,0.7137153,2015-04-06 01:00:00,0.0,1.9003652e-05,0.0,1.9003652e-05,0.0
280.2671,0.9989426,0.0,0.7256066,0.99683875,2015-04-06 02:00:00,0.0,2.4160414e-05,0.0,2.4160414e-05,0.0
278.73657,0.9850114,0.0,0.92789966,0.9417119,2015-04-06 03:00:00,0.0,0.00033038761,0.0,0.00033038761,0.0
278.50073,0.78210384,0.0,0.74656665,0.4709456,2015-04-06 04:00:00,1.0,3.4027267e-05,0.0,3.4103854e-05,0.0
277.86426,0.5393592,0.0,0.5316176,0.06584954,2015-04-06 05:00:00,1.0,0.00010473505,0.0,0.000104925726,0.0
277.60474,0.25605798,0.0,0.25443304,0.0016249504,2015-04-06 06:00:00,1.0,0.00017550815,0.0,0.00017457435,6.0950106e-07
277.23975,0.10218203,0.024095546,0.0848186,0.0,2015-04-06 07:00:00,1.0,3.813414e-07,0.0,0.0,3.813414e-07
277.17407,0.28315407,0.20307648,0.14961314,0.018934947,2015-04-06 08:00:00,1.0,1.1440234e-06,0.0,0.0,1.1440234e-06
276.34424,0.9202798,0.16318172,0.6832595,0.8885185,2015-04-06 09:00:00,1.0,4.4620165e-06,0.0,0.0,4.4620165e-06
276.30542,0.9872876,0.2801059,0.9822641,0.96256423,2015-04-06 10:00:00,1.0,0.00015095917,0.0,0.00014458851,6.3706575e-06
276.26074,0.99576455,0.62941456,0.9947011,0.9751008,2015-04-06 11:00:00,1.0,0.00089998264,0.00012637072,0.0008384655,6.1631305e-05
276.0581,0.9957922,0.7049394,0.9303666,0.9517876,2015-04-06 12:00:00,7.0,0.00084992265,0.00033565727,0.000630755,0.00021908183
275.81445,0.985192,0.8395528,0.9106474,0.9316931,2015-04-06 13:00:00,7.0,0.0006106398,0.00028801034,0.00020046449,0.00040999404
275.51685,0.98304605,0.9343223,0.92971736,0.79208374,2015-04-06 14:00:00,7.0,0.0006563659,0.0003937101,0.00015631373,0.0005001661
276.2024,0.9740435,0.95125896,0.9240014,0.6700488,2015-04-06 15:00:00,7.0,0.00059376773,0.00037234905,0.00019086333,0.0004027707
276.6455,0.95973593,0.94755524,0.8360825,0.6469184,2015-04-06 16:00:00,1.0,0.0005603754,0.00027610525,0.00032323762,0.00023687069
276.9751,0.9856267,0.953219,0.8636497,0.5797642,2015-04-06 17:00:00,1.0,0.00025822246,2.679165e-06,0.000122828,0.00013552813
277.57788,0.9923504,0.95481676,0.942591,0.30444658,2015-04-06 18:00:00,1.0,0.00016884063,0.0,6.3607426e-05,0.00010492846
278.24585,0.9909913,0.9533797,0.8778672,0.27813274,2015-04-06 19:00:00,1.0,6.2333624e-05,0.0,3.1115196e-05,3.150459e-05
278.5188,0.9989426,0.97086537,0.90119076,0.65452725,2015-04-06 20:00:00,1.0,4.615198e-06,0.0,0.0,4.615198e-06
279.06934,0.99841094,0.9676155,0.94088644,0.753107,2015-04-06 21:00:00,1.0,1.1831262e-06,0.0,0.0,1.1831262e-06
278.3567,0.9806561,0.94397044,0.8987945,0.16426724,2015-04-06 22:00:00,1.0,1.80005e-05,0.0,1.6282851e-05,1.717649e-06
278.47192,0.91850144,0.60230345,0.89704335,0.0,2015-04-06 23:00:00,1.0,1.1906863e-05,0.0,2.339645e-06,9.614965e-06
278.45776,0.8757101,0.17393857,0.86581683,0.0,2015-04-07 00:00:00,1.0,2.9557501e-05,0.0,0.0,2.9634408e-05
278.33984,0.9003741,0.3334803,0.8785119,0.0,2015-04-07 01:00:00,1.0,1.3696273e-05,0.0,0.0,1.36007775e-05
278.19604,0.9387066,0.4416417,0.9147906,0.096111536,2015-04-07 02:00:00,1.0,1.7547485e-05,0.0,0.0,1.7547485e-05
277.3103,0.9578836,0.58849734,0.88990283,0.1784563,2015-04-07 03:00:00,1.0,3.3997712e-05,0.0,0.0,3.3997712e-05
277.16504,1.0,0.82827103,0.9851396,0.31285298,2015-04-07 04:00:00,1.0,5.7964528e-05,0.0,0.0,5.7964528e-05
276.91992,1.0,1.0,0.9857155,0.0,2015-04-07 05:00:00,1.0,0.00010432725,0.0,0.0,0.00010432725
276.8777,1.0,1.0,1.0,0.0,2015-04-07 06:00:00,1.0,9.247303e-05,0.0,0.0,9.274029e-05
276.5442,1.0,1.0,0.9978961,0.0010573287,2015-04-07 07:00:00,1.0,0.00014829508,0.0,0.0,0.00014829508
276.5725,1.0,1.0,0.9947349,0.0108024515,2015-04-07 08:00:00,1.0,9.4494506e-05,0.0,0.0,9.4494506e-05
276.36255,1.0,1.0,0.996307,0.16913205,2015-04-07 09:00:00,1.0,5.4859935e-05,0.0,0.0,5.4859935e-05
275.94043,1.0,1.0,0.9728704,0.20169175,2015-04-07 10:00:00,1.0,1.996626e-05,0.0,0.0,1.996626e-05
275.99854,1.0,1.0,1.0,0.8809295,2015-04-07 11:00:00,1.0,1.2305505e-05,0.0,0.0,1.2305505e-05
276.07178,1.0,1.0,1.0,0.9387105,2015-04-07 12:00:00,1.0,5.5471493e-05,0.0,0.0,5.5471493e-05
276.0227,1.0,0.9800109,0.98438,0.8922873,2015-04-07 13:00:00,1.0,3.9252554e-05,0.0,0.0,3.9252554e-05
276.13647,1.0,1.0,1.0,0.9386421,2015-04-07 14:00:00,1.0,1.0114886e-05,0.0,0.0,1.0114886e-05
277.04102,1.0,1.0,0.9978961,0.98642206,2015-04-07 15:00:00,0.0,4.7722388e-06,0.0,0.0,4.7722388e-06
277.5,1.0,1.0,1.0,1.0,2015-04-07 16:00:00,0.0,1.2600376e-06,0.0,0.0,1.2600376e-06
278.0918,1.0,1.0,1.0,1.0,2015-04-07 17:00:00,0.0,0.0,0.0,0.0,0.0
278.65234,1.0,0.99946827,0.98917973,1.0,2015-04-07 18:00:00,0.0,0.0,0.0,0.0,0.0
278.9038,1.0,0.98862034,0.97094345,1.0,2015-04-07 19:00:00,1.0,5.03885e-06,0.0,1.3363075e-07,4.943354e-06
278.76147,1.0,0.63477,0.96073264,1.0,2015-04-07 20:00:00,1.0,8.422605e-05,0.0,8.210816e-05,1.9849103e-06
278.27466,1.0,0.83449817,0.99102265,1.0,2015-04-07 21:00:00,1.0,0.0002460226,0.0,0.000244505,1.8708306e-06
278.52148,0.9860254,0.016498897,0.7900792,0.9789183,2015-04-07 22:00:00,1.0,0.00021415214,0.0,0.00020790164,6.622552e-06
278.42773,0.9288305,0.2598148,0.69147205,0.76340365,2015-04-07 23:00:00,1.0,0.00019099795,0.0,0.0001852368,5.6656518e-06
278.3152,0.8936518,0.83787376,0.2700191,0.09275174,2015-04-08 00:00:00,0.0,8.107949e-05,0.0,7.744714e-05,3.5275589e-06
278.25635,0.9159632,0.8906444,0.1762259,0.05874195,2015-04-08 01:00:00,0.0,4.7683716e-07,0.0,0.0,4.7683716e-07
278.1997,0.8717579,0.826905,0.17144746,0.19367117,2015-04-08 02:00:00,0.0,1.9099144e-07,0.0,0.0,1.9099144e-07
278.01367,0.9490396,0.9308313,0.28750163,0.0,2015-04-08 03:00:00,0.0,2.9738103e-06,0.0,0.0,2.9738103e-06
277.7107,0.98627204,0.98627204,0.3409121,0.004767146,2015-04-08 04:00:00,1.0,1.0789036e-05,0.0,0.0,1.0789036e-05
277.18628,1.0,1.0,0.349383,0.036874015,2015-04-08 05:00:00,1.0,1.08884e-05,0.0,0.0,1.08884e-05
277.04272,0.9966217,0.9966217,0.32055706,0.06745124,2015-04-08 06:00:00,0.0,2.5174904e-06,0.0,1.3363075e-07,2.5174904e-06
276.8401,0.99221057,0.99221057,0.24035263,0.12237024,2015-04-08 07:00:00,1.0,9.549569e-08,0.0,0.0,9.549569e-08
276.84692,0.9966217,0.9942508,0.1387828,0.37783593,2015-04-08 08:00:00,0.0,0.0,0.0,0.0,0.0
276.60303,1.0,1.0,0.2839188,0.711864,2015-04-08 09:00:00,0.0,0.0,0.0,0.0,0.0
276.1223,1.0,1.0,0.08074242,0.7945041,2015-04-08 10:00:00,1.0,1.5061305e-06,0.0,0.0,1.5061305e-06
276.07715,1.0,1.0,0.14372784,0.88742906,2015-04-08 11:00:00,1.0,9.269481e-06,0.0,0.0,9.269481e-06
275.90747,1.0,0.9860302,0.8173041,0.9493617,2015-04-08 12:00:00,0.0,1.4696134e-06,0.0,0.0,1.4119269e-06
276.40405,1.0,1.0,0.92935103,0.9558963,2015-04-08 13:00:00,0.0,1.9099144e-07,0.0,0.0,1.9099144e-07
276.5852,1.0,1.0,0.010112811,0.41040236,2015-04-08 14:00:00,0.0,0.0,0.0,0.0,0.0
278.15234,1.0,1.0,0.0,0.2413972,2015-04-08 15:00:00,0.0,0.0,0.0,0.0,0.0
278.69287,1.0,1.0,0.14614648,0.2919621,2015-04-08 16:00:00,0.0,0.0,0.0,0.0,0.0
279.1416,1.0,1.0,0.37965757,0.16606885,2015-04-08 17:00:00,0.0,0.0,0.0,0.0,0.0
279.88574,1.0,1.0,0.34085143,0.40705365,2015-04-08 18:00:00,0.0,0.0,0.0,0.0,0.0
280.3694,1.0,1.0,0.4107405,0.5158201,2015-04-08 19:00:00,0.0,0.0,0.0,0.0,0.0
281.021,1.0,1.0,0.8567071,0.5768826,2015-04-08 20:00:00,0.0,0.0,0.0,0.0,0.0
281.4707,1.0,1.0,0.8659166,0.01299791,2015-04-08 21:00:00,0.0,0.0,0.0,0.0,0.0
281.22705,1.0,0.9920941,0.72119707,0.4964884,2015-04-08 22:00:00,0.0,0.0,0.0,0.0,0.0
281.19067,0.9889187,0.9320103,0.58405197,0.9256215,2015-04-08 23:00:00,1.0,2.4733949e-05,0.0,2.4638444e-05,0.0
281.0149,0.92647415,0.8342216,0.45930678,0.60296285,2015-04-09 00:00:00,0.0,3.511466e-05,0.0,3.527649e-05,2.6726156e-07
280.98267,0.9529332,0.9379407,0.16022354,0.11043745,2015-04-09 01:00:00,0.0,9.680265e-06,0.0,9.680265e-06,0.0
280.68213,0.9934043,0.9934043,0.059932694,0.0,2015-04-09 02:00:00,0.0,0.0,0.0,0.0,0.0
279.76953,0.997629,0.99315417,0.42540592,0.006854143,2015-04-09 03:00:00,1.0,5.377231e-06,0.0,0.0,5.377231e-06
279.3269,1.0,1.0,0.8513122,0.30485672,2015-04-09 04:00:00,1.0,2.3564397e-05,0.0,0.0,2.3564397e-05
278.92065,1.0,1.0,1.0,0.6774424,2015-04-09 05:00:00,1.0,4.88745e-05,0.0,0.0,4.88745e-05
278.41895,1.0,1.0,0.99368834,0.4342602,2015-04-09 06:00:00,1.0,2.2791355e-05,0.0,0.0,2.2791355e-05
278.19263,1.0,1.0,0.983259,0.017089073,2015-04-09 07:00:00,1.0,7.523502e-05,0.0,0.0,7.5195916e-05
277.9812,1.0,1.0,0.96144277,0.139651,2015-04-09 08:00:00,1.0,6.697152e-05,0.0,0.0,6.670426e-05
277.17163,1.0,1.0,0.9973536,0.49952996,2015-04-09 09:00:00,1.0,8.775716e-05,0.0,0.0,8.8138506e-05
276.74683,1.0,1.0,0.99576455,0.48121393,2015-04-09 10:00:00,1.0,3.2489028e-05,0.0,0.0,3.2489028e-05
276.66333,1.0,1.0,0.96852225,0.9932679,2015-04-09 11:00:00,1.0,2.2201144e-05,0.0,0.0,2.2201144e-05
276.4375,1.0,1.0,0.97131985,1.0,2015-04-09 12:00:00,1.0,8.991604e-05,0.0,0.0,8.991604e-05
276.05054,1.0,1.0,0.91811097,1.0,2015-04-09 13:00:00,1.0,0.0009446966,0.0,0.0002498366,0.0006949841
276.17798,1.0,1.0,0.989539,0.9920106,2015-04-09 14:00:00,1.0,0.0018861445,0.0,0.0008283262,0.0010573987
276.24878,1.0,1.0,0.94621783,0.8675149,2015-04-09 15:00:00,1.0,0.0019241578,0.0,0.00069467514,0.0012295397
276.39893,1.0,1.0,0.4222899,0.23731196,2015-04-09 16:00:00,1.0,0.00068764295,0.0,5.6149293e-05,0.00063155056
276.69507,1.0,1.0,0.46966064,0.2478416,2015-04-09 17:00:00,1.0,0.00011410538,0.0,0.0,0.00011399129
276.8374,1.0,1.0,0.5170588,0.037426315,2015-04-09 18:00:00,1.0,5.0555012e-05,0.0,3.7482067e-05,1.3330271e-05
277.0681,1.0,1.0,0.42839885,0.0,2015-04-09 19:00:00,1.0,7.744766e-06,0.0,0.0,7.858846e-06
277.16895,1.0,1.0,0.69414794,0.004207764,2015-04-09 20:00:00,1.0,3.090719e-05,0.0,2.0083826e-05,1.0566055e-05
276.81763,1.0,1.0,0.97568095,0.24452496,2015-04-09 21:00:00,1.0,0.00028620893,0.0,0.00020066196,8.561379e-05
275.84692,0.9932679,0.9211112,0.9932679,0.4862206,2015-04-09 22:00:00,1.0,0.0008166684,0.0,0.00046815397,0.00034838053
275.5735,1.0,0.9905161,1.0,0.93982637,2015-04-09 23:00:00,1.0,0.00080793304,0.0,0.000371699,0.00043612905
275.46143,0.99946827,0.9455184,0.9989426,0.987563,2015-04-10 00:00:00,1.0,0.0007805133,4.574885e-05,0.0004512095,0.00032900833
276.03613,1.0,0.115050256,0.99841094,0.9973536,2015-04-10 01:00:00,1.0,0.00045810337,3.3985285e-05,0.00026753568,0.00019067257
276.323,1.0,0.11734843,1.0,1.0,2015-04-10 02:00:00,1.0,0.00017053171,8.2126335e-06,5.331589e-05,0.00011715878
275.82715,1.0,0.0021207693,1.0,1.0,2015-04-10 03:00:00,0.0,3.9062055e-05,0.0,0.0,3.9062055e-05
275.30127,1.0,0.0031780982,0.630403,1.0,2015-04-10 04:00:00,0.0,4.1216836e-06,0.0,0.0,4.1216836e-06
274.167,1.0,0.0015890491,0.0044917315,1.0,2015-04-10 05:00:00,0.0,0.0,0.0,0.0,0.0
273.72144,1.0,0.0,0.0,1.0,2015-04-10 06:00:00,0.0,0.0,0.0,0.0,0.0
273.1687,0.9978961,0.0,0.0,0.9978961,2015-04-10 07:00:00,0.0,0.0,0.0,0.0,0.0
273.08716,0.7653332,0.0,0.0,0.7653332,2015-04-10 08:00:00,0.0,0.0,0.0,0.0,0.0
272.72485,0.26364243,0.0,0.0974471,0.16618794,2015-04-10 09:00:00,0.0,0.0,0.0,0.0,0.0
273.14844,0.44100088,0.0,0.44100088,0.0,2015-04-10 10:00:00,0.0,1.5253654e-06,0.0,1.2010642e-06,0.0
273.74292,0.6361488,0.33834344,0.4610489,0.0,2015-04-10 11:00:00,6.0,1.3416758e-05,3.3407698e-08,1.3121299e-05,1.14079796e-07
274.1006,0.57837516,0.35550153,0.39154983,0.0,2015-04-10 12:00:00,6.0,2.7691683e-05,8.679529e-07,2.4279478e-05,3.4307805e-06
274.5249,0.5196747,0.38371527,0.36409354,0.0,2015-04-10 13:00:00,7.0,9.634954e-05,7.2021736e-05,8.77335e-05,8.215802e-06
274.47266,0.8543368,0.8161279,0.6775896,0.0,2015-04-10 14:00:00,6.0,0.0003258509,0.00025561033,0.0002917468,3.4552722e-05
275.40503,0.9317973,0.7153472,0.8925075,0.0,2015-04-10 15:00:00,1.0,0.00050512655,0.0003324896,0.00035720528,0.00014818861
277.40967,0.7988302,0.57883894,0.5839223,0.0,2015-04-10 16:00:00,1.0,0.00048574503,0.00024343334,0.00037149386,0.00011454662
280.16455,0.5342821,0.52162594,0.10276985,0.0,2015-04-10 17:00:00,0.0,1.6062448e-05,0.0,0.0,1.6062448e-05
282.8186,0.54718626,0.53061825,0.29036212,0.0,2015-04-10 18:00:00,0.0,1.0388488e-05,0.0,1.0292992e-05,9.549569e-08
283.86255,0.770243,0.15140158,0.74934244,0.0,2015-04-10 19:00:00,0.0,3.813414e-07,0.0,3.0475053e-07,0.0
284.68066,0.9568202,0.048044607,0.9568202,0.0,2015-04-10 20:00:00,0.0,0.0,0.0,0.0,0.0
285.5808,0.98639685,0.010271661,0.98639685,0.0,2015-04-10 21:00:00,0.0,2.939877e-06,0.0,2.939877e-06,0.0
285.8435,0.76622444,0.016600195,0.76622444,0.0,2015-04-10 22:00:00,0.0,7.750586e-06,0.0,7.6169554e-06,0.0
286.11304,0.5101938,0.0071128868,0.5101938,0.0,2015-04-10 23:00:00,0.0,0.0,0.0,0.0,0.0
285.73218,0.14198345,0.004207764,0.14198345,0.0,2015-04-11 00:00:00,0.0,0.0,0.0,0.0,0.0
284.36646,0.0,0.0,0.0,0.0,2015-04-11 01:00:00,0.0,0.0,0.0,0.0,0.0
282.75293,0.0,0.0,0.0,0.0,2015-04-11 02:00:00,0.0,0.0,0.0,0.0,0.0
280.2976,0.0023709626,0.0,0.0023709626,0.0,2015-04-11 03:00:00,0.0,0.0,0.0,0.0,0.0
278.6438,0.0,0.0,0.0,0.0,2015-04-11 04:00:00,0.0,0.0,0.0,0.0,0.0
276.70483,0.0,0.0,0.0,0.0,2015-04-11 05:00:00,0.0,0.0,0.0,0.0,0.0
277.20117,0.0,0.0,0.0,0.0,2015-04-11 06:00:00,0.0,0.0,0.0,0.0,0.0
277.10303,0.0,0.0,0.0,0.0,2015-04-11 07:00:00,0.0,0.0,0.0,0.0,0.0
275.68677,0.0,0.0,0.0,0.0,2015-04-11 08:00:00,0.0,0.0,0.0,0.0,0.0
274.04053,0.0,0.0,0.0,0.0,2015-04-11 09:00:00,0.0,0.0,0.0,0.0,0.0
274.2749,0.0,0.0,0.0,0.0,2015-04-11 10:00:00,0.0,0.0,0.0,0.0,0.0
274.4917,0.0,0.0,0.0,0.0,2015-04-11 11:00:00,0.0,0.0,0.0,0.0,0.0
274.70996,0.0,0.0,0.0,0.0,2015-04-11 12:00:00,0.0,0.0,0.0,0.0,0.0
276.64648,0.0,0.0,0.0,0.0,2015-04-11 13:00:00,0.0,0.0,0.0,0.0,0.0
279.03027,0.0,0.0,0.0,0.0,2015-04-11 14:00:00,0.0,0.0,0.0,0.0,0.0
284.29663,0.0,0.0,0.0,0.0,2015-04-11 15:00:00,0.0,0.0,0.0,0.0,0.0
287.18115,0.0,0.0,0.0,0.0,2015-04-11 16:00:00,0.0,0.0,0.0,0.0,0.0
289.25732,0.0,0.0,0.0,0.0,2015-04-11 17:00:00,0.0,0.0,0.0,0.0,0.0
290.25146,0.0,0.0,0.0,0.0,2015-04-11 18:00:00,0.0,0.0,0.0,0.0,0.0
290.98218,0.0,0.0,0.0,0.0,2015-04-11 19:00:00,0.0,0.0,0.0,0.0,0.0
291.89648,0.0,0.0,0.0,0.0,2015-04-11 20:00:00,0.0,0.0,0.0,0.0,0.0
292.8689,0.0,0.0,0.0,0.0,2015-04-11 21:00:00,0.0,0.0,0.0,0.0,0.0
292.98096,0.0,0.0,0.0,0.0,2015-04-11 22:00:00,0.0,0.0,0.0,0.0,0.0
292.82837,0.0,0.0,0.0,0.0,2015-04-11 23:00:00,0.0,0.0,0.0,0.0,0.0
292.0979,0.0,0.0,0.0,0.0,2015-04-12 00:00:00,0.0,0.0,0.0,0.0,0.0
290.78125,0.0,0.0,0.0,0.0,2015-04-12 01:00:00,0.0,0.0,0.0,0.0,0.0
289.86206,0.009766806,0.0,0.0,0.009766806,2015-04-12 02:00:00,0.0,0.0,0.0,0.0,0.0
288.0874,0.05890246,0.0,0.0,0.05890246,2015-04-12 03:00:00,0.0,0.0,0.0,0.0,0.0
287.49194,0.23047042,0.0,0.0,0.23047042,2015-04-12 04:00:00,0.0,0.0,0.0,0.0,0.0
286.7002,0.5884558,0.0,0.0,0.5884558,2015-04-12 05:00:00,0.0,0.0,0.0,0.0,0.0
286.6765,0.6811631,0.0,0.0,0.6811631,2015-04-12 06:00:00,0.0,0.0,0.0,0.0,0.0
286.44043,0.48028082,0.0,0.0,0.48028082,2015-04-12 07:00:00,0.0,0.0,0.0,0.0,0.0
286.43237,0.08542448,0.0,0.0,0.08542448,2015-04-12 08:00:00,0.0,0.0,0.0,0.0,0.0
285.8391,0.016832627,0.0,0.0,0.016832627,2015-04-12 09:00:00,0.0,0.0,0.0,0.0,0.0
285.114,0.0010573287,0.0,0.0010573287,0.0,2015-04-12 10:00:00,0.0,0.0,0.0,0.0,0.0
284.92578,0.06801665,0.0,0.06801665,0.0,2015-04-12 11:00:00,0.0,0.0,0.0,0.0,0.0
284.70752,0.08042121,0.0,0.08042121,0.0,2015-04-12 12:00:00,0.0,0.0,0.0,0.0,0.0
285.2146,0.10037565,0.0,0.10037565,0.0,2015-04-12 13:00:00,0.0,0.0,0.0,0.0,0.0
286.40308,0.056541562,0.0,0.056541562,0.0,2015-04-12 14:00:00,0.0,0.0,0.0,0.0,0.0
290.72778,0.17270309,0.0010573287,0.17270309,0.00053172023,2015-04-12 15:00:00,0.0,0.0,0.0,0.0,0.0
292.427,0.21577823,0.0039600097,0.21577823,0.0033782488,2015-04-12 16:00:00,0.0,0.0,0.0,0.0,0.0
293.96606,0.1690892,0.0055321716,0.09270227,0.0790298,2015-04-12 17:00:00,0.0,0.0,0.0,0.0,0.0
295.0791,0.32922363,0.0,0.048574694,0.30968213,2015-04-12 18:00:00,0.0,0.0,0.0,0.0,0.0
296.04297,0.28298253,0.0,0.027842108,0.27297884,2015-04-12 19:00:00,0.0,0.0,0.0,0.0,0.0
296.53906,0.0348907,0.0,0.018633887,0.016262922,2015-04-12 20:00:00,0.0,0.0,0.0,0.0,0.0
296.92725,0.036857452,0.036857452,0.0,0.0,2015-04-12 21:00:00,0.0,0.0,0.0,0.0,0.0
296.1538,0.15874243,0.02565711,0.05945608,0.12352377,2015-04-12 22:00:00,0.0,0.0,0.0,0.0,0.0
295.30933,0.73353136,0.14622176,0.43868965,0.53064,2015-04-12 23:00:00,0.0,0.0,0.0,0.0,0.0
294.31226,0.83085144,0.16555381,0.6006218,0.5566219,2015-04-13 00:00:00,1.0,0.00010717189,0.0,0.00010690463,0.0
292.98755,0.8681527,0.17507726,0.72826636,0.55520314,2015-04-13 01:00:00,1.0,0.0004651784,0.0,0.00043251622,3.245272e-05
290.9397,0.99946827,0.6233301,0.9989426,0.7866326,2015-04-13 02:00:00,1.0,0.0021318623,0.0,0.0020183004,0.00011325722
288.12964,1.0,0.91634357,0.9795911,0.9743624,2015-04-13 03:00:00,1.0,0.0028210194,0.0,0.0024155937,0.00040533976
287.67676,0.99946827,0.80666065,0.9741614,0.99393606,2015-04-13 04:00:00,1.0,0.0016590424,0.0,0.0010202071,0.00063865376
286.333,1.0,0.2874211,1.0,1.0,2015-04-13 05:00:00,1.0,0.0009062842,0.0,0.00039285352,0.0005135734
284.22925,1.0,0.5699451,1.0,1.0,2015-04-13 06:00:00,1.0,0.0012518496,0.0,0.00039195945,0.0008601572
283.0869,1.0,0.045198433,0.9966217,1.0,2015-04-13 07:00:00,1.0,0.00091258413,0.0,1.031354e-05,0.00090265204
283.25732,0.9713341,0.0,0.86527705,0.9537553,2015-04-13 08:00:00,0.0,0.00035921484,0.0,0.0,0.00035959622
281.66943,0.1375854,0.0033782488,0.0731681,0.119847536,2015-04-13 09:00:00,0.0,1.4240958e-05,0.0,0.0,1.4355038e-05
280.49658,0.29334074,0.020440593,0.28938073,0.0,2015-04-13 10:00:00,0.0,0.0,0.0,0.0,0.0
280.35425,0.14847732,0.0023709626,0.14847732,0.0,2015-04-13 11:00:00,0.0,0.0,0.0,0.0,0.0
280.28613,0.0,0.0,0.0,0.0,2015-04-13 12:00:00,0.0,0.0,0.0,0.0,0.0
281.09473,0.0,0.0,0.0,0.0,2015-04-13 13:00:00,0.0,0.0,0.0,0.0,0.0
282.40698,0.0,0.0,0.0,0.0,2015-04-13 14:00:00,0.0,0.0,0.0,0.0,0.0
286.2129,0.0,0.0,0.0,0.0,2015-04-13 15:00:00,0.0,0.0,0.0,0.0,0.0
287.23706,0.04309685,0.0,0.04309685,0.0,2015-04-13 16:00:00,0.0,1.0557027e-05,0.0,1.0614067e-05,0.0
288.22852,0.29225415,0.0067320913,0.29225415,0.0,2015-04-13 17:00:00,0.0,4.2800428e-05,0.0,4.3038846e-05,0.0
288.7832,0.27380455,0.0,0.27380455,0.0,2015-04-13 18:00:00,0.0,0.0,0.0,0.0,0.0
288.97656,0.06490588,0.0,0.06490588,0.0,2015-04-13 19:00:00,0.0,0.0,0.0,0.0,0.0
289.20654,0.9769942,0.0,0.9769942,0.0,2015-04-13 20:00:00,0.0,0.0,0.0,0.0,0.0
289.7102,0.9968219,0.0,0.9968219,0.0,2015-04-13 21:00:00,0.0,0.0,0.0,0.0,0.0
289.87744,0.68098116,0.0,0.68098116,0.0,2015-04-13 22:00:00,0.0,0.0,0.0,0.0,0.0
290.24463,0.0,0.0,0.0,0.0,2015-04-13 23:00:00,0.0,0.0,0.0,0.0,0.0
289.75586,0.0,0.0,0.0,0.0,2015-04-14 00:00:00,0.0,0.0,0.0,0.0,0.0
288.68262,0.0,0.0,0.0,0.0,2015-04-14 01:00:00,0.0,0.0,0.0,0.0,0.0
286.72388,0.0,0.0,0.0,0.0,2015-04-14 02:00:00,0.0,0.0,0.0,0.0,0.0
283.56934,0.0,0.0,0.0,0.0,2015-04-14 03:00:00,0.0,0.0,0.0,0.0,0.0
282.36377,0.0,0.0,0.0,0.0,2015-04-14 04:00:00,0.0,0.0,0.0,0.0,0.0
280.5464,0.0,0.0,0.0,0.0,2015-04-14 05:00:00,0.0,0.0,0.0,0.0,0.0
279.9812,0.0,0.0,0.0,0.0,2015-04-14 06:00:00,0.0,0.0,0.0,0.0,0.0
280.062,0.0010573287,0.0,0.0,0.0010573287,2015-04-14 07:00:00,0.0,0.0,0.0,0.0,0.0
281.27173,0.058569875,0.0,0.0,0.058569875,2015-04-14 08:00:00,0.0,0.0,0.0,0.0,0.0
279.55957,0.4754516,0.0,0.0,0.4754516,2015-04-14 09:00:00,0.0,0.0,0.0,0.0,0.0
276.78735,0.4226297,0.0,0.0,0.4226297,2015-04-14 10:00:00,0.0,0.0,0.0,0.0,0.0
275.16602,0.120797396,0.0,0.0,0.120797396,2015-04-14 11:00:00,0.0,0.0,0.0,0.0,0.0
275.53638,0.016371764,0.0,0.0,0.016371764,2015-04-14 12:00:00,0.0,0.0,0.0,0.0,0.0
278.18384,0.0029026829,0.0,0.0,0.0029026829,2015-04-14 13:00:00,0.0,0.0,0.0,0.0,0.0
282.37036,0.0,0.0,0.0,0.0,2015-04-14 14:00:00,0.0,0.0,0.0,0.0,0.0
287.59058,0.0055321716,0.0,0.0,0.0055321716,2015-04-14 15:00:00,0.0,0.0,0.0,0.0,0.0
290.10498,0.00998199,0.0,0.0,0.00998199,2015-04-14 16:00:00,0.0,0.0,0.0,0.0,0.0
291.52148,0.0021207693,0.0,0.0,0.0021207693,2015-04-14 17:00:00,0.0,0.0,0.0,0.0,0.0
292.33813,0.0,0.0,0.0,0.0,2015-04-14 18:00:00,0.0,0.0,0.0,0.0,0.0
293.06396,0.0,0.0,0.0,0.0,2015-04-14 19:00:00,0.0,0.0,0.0,0.0,0.0
293.41675,0.0010573287,0.0,0.0,0.0010573287,2015-04-14 20:00:00,0.0,0.0,0.0,0.0,0.0
294.44458,0.0068879165,0.0,0.0,0.0068879165,2015-04-14 21:00:00,0.0,0.0,0.0,0.0,0.0
294.46997,0.0148079395,0.0,0.0,0.0148079395,2015-04-14 22:00:00,0.0,0.0,0.0,0.0,0.0
294.51465,0.0227363,0.0,0.0,0.0227363,2015-04-14 23:00:00,0.0,0.0,0.0,0.0,0.0
293.63184,0.08748478,0.0,0.0,0.08748478,2015-04-15 00:00:00,0.0,0.0,0.0,0.0,0.0
291.8606,0.07133722,0.0,0.0,0.07133722,2015-04-15 01:00:00,0.0,0.0,0.0,0.0,0.0
289.79736,0.0055321716,0.0,0.0,0.0055321716,2015-04-15 02:00:00,0.0,0.0,0.0,0.0,0.0
287.2522,0.0010573287,0.0,0.0,0.0010573287,2015-04-15 03:00:00,0.0,0.0,0.0,0.0,0.0
285.9712,0.0063561946,0.0,0.0,0.0063561946,2015-04-15 04:00:00,0.0,0.0,0.0,0.0,0.0
284.36792,0.016922597,0.0,0.0,0.016922597,2015-04-15 05:00:00,0.0,0.0,0.0,0.0,0.0
283.41064,0.047533184,0.0,0.0,0.047533184,2015-04-15 06:00:00,0.0,0.0,0.0,0.0,0.0
282.70728,0.09546441,0.0,0.0,0.09546441,2015-04-15 07:00:00,0.0,0.0,0.0,0.0,0.0
281.8601,0.23476201,0.0,0.0,0.23476201,2015-04-15 08:00:00,0.0,0.0,0.0,0.0,0.0
280.62305,0.3134653,0.0,0.0,0.3134653,2015-04-15 09:00:00,0.0,0.0,0.0,0.0,0.0
279.99023,0.5054265,0.0,0.0,0.5054265,2015-04-15 10:00:00,0.0,0.0,0.0,0.0,0.0
280.03125,0.7217915,0.0,0.0,0.7217915,2015-04-15 11:00:00,0.0,0.0,0.0,0.0,0.0
279.90063,0.6744566,0.0,0.0,0.6744566,2015-04-15 12:00:00,0.0,0.0,0.0,0.0,0.0
281.68042,0.5928669,0.0,0.0,0.5928669,2015-04-15 13:00:00,0.0,0.0,0.0,0.0,0.0
284.34155,0.7057152,0.0,0.0,0.7057152,2015-04-15 14:00:00,0.0,0.0,0.0,0.0,0.0
289.0437,0.866592,0.0,0.0,0.866592,2015-04-15 15:00:00,0.0,0.0,0.0,0.0,0.0
290.4829,0.9500128,0.0,0.0,0.9500128,2015-04-15 16:00:00,0.0,0.0,0.0,0.0,0.0
291.94824,0.9268115,0.0,0.00053172023,0.9268115,2015-04-15 17:00:00,0.0,0.0,0.0,0.0,0.0
292.57373,0.94165844,0.0,0.0055321716,0.94165844,2015-04-15 18:00:00,0.0,0.0,0.0,0.0,0.0
293.01587,0.9750044,0.0,0.0,0.9750044,2015-04-15 19:00:00,0.0,0.0,0.0,0.0,0.0
293.29712,0.9259114,0.0,0.01714513,0.9259114,2015-04-15 20:00:00,0.0,0.0,0.0,0.0,0.0
293.59204,0.88179535,0.0,0.16137516,0.86345357,2015-04-15 21:00:00,0.0,0.0,0.0,0.0,0.0
293.05908,0.8310925,0.0,0.03475346,0.8266176,2015-04-15 22:00:00,0.0,0.0,0.0,0.0,0.0
292.2871,0.77244467,0.0,0.021592315,0.7700737,2015-04-15 23:00:00,0.0,0.0,0.0,0.0,0.0
291.28052,0.80799425,0.0,0.26833993,0.75867677,2015-04-16 00:00:00,0.0,0.0,0.0,0.0,0.0
289.85132,0.8861224,0.0,0.2929684,0.8702128,2015-04-16 01:00:00,0.0,0.0,0.0,0.0,0.0
288.90967,0.9248997,0.0,0.05472015,0.9141644,2015-04-16 02:00:00,0.0,0.0,0.0,0.0,0.0
287.208,0.9134184,0.0,0.0,0.9134184,2015-04-16 03:00:00,0.0,0.0,0.0,0.0,0.0
286.8789,0.91261536,0.0,0.10149062,0.9041777,2015-04-16 04:00:00,0.0,6.2027593e-06,0.0,6.059837e-06,0.0
285.39746,0.7468715,0.0,0.15810663,0.73208874,2015-04-16 05:00:00,0.0,8.194001e-06,0.0,8.194001e-06,0.0
285.2937,0.6083866,0.0,0.3120209,0.45926142,2015-04-16 06:00:00,0.0,0.0,0.0,0.0,0.0
285.2395,0.84228534,0.0,0.4555629,0.7286787,2015-04-16 07:00:00,0.0,0.0,0.0,0.0,0.0
284.65894,0.8830379,0.0,0.38853884,0.8441085,2015-04-16 08:00:00,0.0,0.0,0.0,0.0,0.0
283.88843,0.9212314,0.0,0.39638686,0.88425344,2015-04-16 09:00:00,0.0,0.0,0.0,0.0,0.0
284.333,0.8707809,0.0,0.5522534,0.771707,2015-04-16 10:00:00,0.0,0.0,0.0,0.0,0.0
283.92798,0.8095287,0.0,0.7235618,0.48178077,2015-04-16 11:00:00,0.0,0.0,0.0,0.0,0.0
283.85303,0.34556437,0.0,0.3421861,0.040293407,2015-04-16 12:00:00,0.0,0.0,0.0,0.0,0.0
284.24658,0.30295396,0.0,0.30295396,0.0100932345,2015-04-16 13:00:00,0.0,0.0,0.0,0.0,0.0
285.2229,0.22036391,0.0,0.22036391,0.0,2015-04-16 14:00:00,0.0,0.0,0.0,0.0,0.0
288.4756,0.45520872,0.023400757,0.45520872,0.0,2015-04-16 15:00:00,0.0,0.0,0.0,0.0,0.0
289.81934,0.52463263,0.021390855,0.52463263,0.0,2015-04-16 16:00:00,0.0,0.0,0.0,0.0,0.0
291.00122,0.0032499009,0.0032499009,0.0,0.0,2015-04-16 17:00:00,0.0,0.0,0.0,0.0,0.0
291.802,0.06610352,0.013033811,0.031876806,0.029327456,2015-04-16 18:00:00,0.0,0.0,0.0,0.0,0.0
293.04443,0.31861085,0.10292095,0.108505905,0.23418707,2015-04-16 19:00:00,0.0,0.0,0.0,0.0,0.0
292.91602,0.65002275,0.12292278,0.3669259,0.46134925,2015-04-16 20:00:00,0.0,0.0,0.0,0.0,0.0
293.3191,0.9899067,0.2441234,0.9899067,0.27875924,2015-04-16 21:00:00,1.0,0.0,0.0,1.3363075e-07,0.0
294.7036,0.9978961,0.6116288,0.9925423,0.22649455,2015-04-16 22:00:00,0.0,1.3363078e-06,0.0,1.2026767e-06,0.0
294.2815,0.94233257,0.27580017,0.94022864,0.069654405,2015-04-16 23:00:00,0.0,0.0,0.0,0.0,0.0
293.5542,0.69328636,0.17069644,0.63613945,0.08627629,2015-04-17 00:00:00,0.0,0.0,0.0,0.0,0.0
292.85815,0.6638181,0.0074196346,0.17435282,0.604556,2015-04-17 01:00:00,0.0,0.0,0.0,0.0,0.0
291.45923,0.86678016,0.06236608,0.07983941,0.8509532,2015-04-17 02:00:00,0.0,0.0,0.0,0.0,0.0
289.39233,0.13462901,0.058347132,0.1229108,0.016721383,2015-04-17 03:00:00,0.0,0.0,0.0,0.0,0.0
288.06982,0.041371208,0.013471484,0.041371208,0.0,2015-04-17 04:00:00,0.0,0.0,0.0,0.0,0.0
286.37012,0.033619907,0.0,0.013363607,0.0202563,2015-04-17 05:00:00,0.0,0.0,0.0,0.0,0.0
285.32178,0.16986763,0.0,0.0,0.16986763,2015-04-17 06:00:00,0.0,0.0,0.0,0.0,0.0
284.3623,0.057600085,0.0,0.0,0.057600085,2015-04-17 07:00:00,0.0,0.0,0.0,0.0,0.0
284.29468,0.0060638934,0.0,0.0,0.0060638934,2015-04-17 08:00:00,0.0,0.0,0.0,0.0,0.0
282.05518,0.22730851,0.0,0.018346336,0.20896214,2015-04-17 09:00:00,0.0,0.0,0.0,0.0,0.0
282.3479,0.98047775,0.0,0.0,0.98047775,2015-04-17 10:00:00,0.0,0.0,0.0,0.0,0.0
282.1809,0.71943367,0.0,0.0,0.71943367,2015-04-17 11:00:00,0.0,0.0,0.0,0.0,0.0
282.23657,0.68611217,0.0,0.0,0.68611217,2015-04-17 12:00:00,0.0,0.0,0.0,0.0,0.0
283.61987,0.81790304,0.0033782488,0.0033782488,0.81790304,2015-04-17 13:00:00,0.0,0.0,0.0,0.0,0.0
285.84717,0.8718319,0.0,0.0,0.8718319,2015-04-17 14:00:00,0.0,0.0,0.0,0.0,0.0
290.41528,0.7482076,0.0,0.0,0.7482076,2015-04-17 15:00:00,0.0,0.0,0.0,0.0,0.0
292.0315,0.5324683,0.0,0.0,0.5324683,2015-04-17 16:00:00,0.0,0.0,0.0,0.0,0.0
294.1643,0.20791435,0.0,0.0,0.20791435,2015-04-17 17:00:00,0.0,0.0,0.0,0.0,0.0
294.80054,0.03469128,0.0,0.0,0.03469128,2015-04-17 18:00:00,0.0,0.0,0.0,0.0,0.0
295.5244,0.047510173,0.0,0.0,0.047510173,2015-04-17 19:00:00,0.0,0.0,0.0,0.0,0.0
295.98535,0.24324578,0.007903136,0.0,0.2403431,2015-04-17 20:00:00,0.0,0.0,0.0,0.0,0.0
296.55054,0.4290688,0.04873008,0.0,0.40378845,2015-04-17 21:00:00,0.0,0.0,0.0,0.0,0.0
296.71143,0.2340346,0.0,0.0,0.2340346,2015-04-17 22:00:00,0.0,0.0,0.0,0.0,0.0
296.4912,0.3467574,0.0,0.0,0.3467574,2015-04-17 23:00:00,0.0,0.0,0.0,0.0,0.0
295.48584,0.3806209,0.0,0.0,0.3806209,2015-04-18 00:00:00,0.0,0.0,0.0,0.0,0.0
292.46924,0.40709,0.0,0.0,0.40709,2015-04-18 01:00:00,0.0,0.0,0.0,0.0,0.0
290.47168,0.46426976,0.0,0.0,0.46426976,2015-04-18 02:00:00,0.0,0.0,0.0,0.0,0.0
288.07495,0.53103083,0.0,0.0,0.53103083,2015-04-18 03:00:00,0.0,0.0,0.0,0.0,0.0
286.18384,0.9112767,0.0,0.0,0.9112767,2015-04-18 04:00:00,0.0,0.0,0.0,0.0,0.0
286.36914,0.81069887,0.0,0.0,0.81069887,2015-04-18 05:00:00,0.0,0.0,0.0,0.0,0.0
285.79883,0.48317093,0.0,0.0,0.48317093,2015-04-18 06:00:00,0.0,0.0,0.0,0.0,0.0
284.70386,0.3871677,0.0,0.0,0.3871677,2015-04-18 07:00:00,0.0,0.0,0.0,0.0,0.0
284.6399,0.4487486,0.0,0.0,0.4487486,2015-04-18 08:00:00,0.0,0.0,0.0,0.0,0.0
281.89648,0.5642876,0.0,0.0,0.5642876,2015-04-18 09:00:00,0.0,0.0,0.0,0.0,0.0
282.7527,0.45713347,0.0,0.0,0.45713347,2015-04-18 10:00:00,0.0,0.0,0.0,0.0,0.0
282.32422,0.5995412,0.0,0.0,0.5995412,2015-04-18 11:00:00,0.0,0.0,0.0,0.0,0.0
282.31372,0.8678969,0.0,0.0,0.8678969,2015-04-18 12:00:00,0.0,0.0,0.0,0.0,0.0
283.47925,0.9534088,0.0,0.0,0.9534088,2015-04-18 13:00:00,0.0,0.0,0.0,0.0,0.0
284.7793,0.94340235,0.0,0.0,0.94340235,2015-04-18 14:00:00,0.0,0.0,0.0,0.0,0.0
288.01367,0.95023817,0.0,0.0,0.95023817,2015-04-18 15:00:00,0.0,0.0,0.0,0.0,0.0
290.52905,0.9925423,0.0,0.004767146,0.9925423,2015-04-18 16:00:00,0.0,0.0,0.0,0.0,0.0
292.03003,0.86884165,0.0,0.007920023,0.8677843,2015-04-18 17:00:00,0.0,0.0,0.0,0.0,0.0
293.32837,0.6362504,0.0,0.0,0.6362504,2015-04-18 18:00:00,0.0,0.0,0.0,0.0,0.0
294.00317,0.8617184,0.0,0.0,0.8617184,2015-04-18 19:00:00,0.0,0.0,0.0,0.0,0.0
294.73096,0.9899067,0.0,0.0,0.9899067,2015-04-18 20:00:00,0.0,0.0,0.0,0.0,0.0
295.19678,1.0,0.0,0.011627402,1.0,2015-04-18 21:00:00,0.0,0.0,0.0,0.0,0.0
294.48315,0.97667116,0.0,0.1692574,0.9743075,2015-04-18 22:00:00,0.0,0.0,0.0,0.0,0.0
294.01758,1.0,0.0,0.26966316,1.0,2015-04-18 23:00:00,0.0,0.0,0.0,0.0,0.0
293.25073,0.9966217,0.0,0.7941108,0.9949968,2015-04-19 00:00:00,0.0,0.0,0.0,0.0,0.0
292.46997,1.0,0.00053172023,0.98892707,0.99214685,2015-04-19 01:00:00,0.0,0.0,0.0,0.0,0.0
291.5442,1.0,0.021072619,0.9771884,1.0,2015-04-19 02:00:00,0.0,0.0,0.0,0.0,0.0
289.1775,1.0,0.030028872,0.96439725,1.0,2015-04-19 03:00:00,1.0,3.6051124e-06,0.0,2.44057e-06,1.1645416e-06
288.19043,1.0,0.0063116476,0.99342126,1.0,2015-04-19 04:00:00,1.0,4.4285058e-05,0.0,1.2518246e-05,3.164247e-05
286.47852,0.998375,0.06311649,0.99627113,0.9744164,2015-04-19 05:00:00,1.0,0.00013538972,0.0,1.2977093e-05,0.00012199284
285.13354,0.9978961,0.029591203,0.96310675,0.98021436,2015-04-19 06:00:00,1.0,0.00013995166,0.0,0.0,0.00013989396
284.6006,1.0,0.029759083,0.9531273,0.98999023,2015-04-19 07:00:00,1.0,0.00017169176,0.0,0.0,0.00017207311
283.73315,1.0,0.05332083,0.9934077,0.9970973,2015-04-19 08:00:00,1.0,6.142998e-05,0.0,1.7315731e-05,4.410495e-05
283.20093,1.0,0.024709173,1.0,1.0,2015-04-19 09:00:00,1.0,0.0005685396,0.0,0.0002678046,0.00030049658
281.6255,1.0,0.3426016,1.0,1.0,2015-04-19 10:00:00,1.0,0.0017278211,0.0,0.0008215627,0.0009057245
281.6101,1.0,0.7061058,0.9989426,1.0,2015-04-19 11:00:00,1.0,0.0028911477,0.0,0.0013993173,0.0014915632
281.78687,1.0,0.99627113,0.9973536,1.0,2015-04-19 12:00:00,1.0,0.00193398,0.0,0.0005359056,0.0013980742
282.14087,1.0,0.8691675,0.96348256,0.9966217,2015-04-19 13:00:00,1.0,0.00084743276,0.0,7.186043e-05,0.0007755435
282.77734,0.9957922,0.60593677,0.8285357,0.9799991,2015-04-19 14:00:00,1.0,0.0001515188,0.0,0.0,0.0001515188
285.29663,1.0,0.6011331,0.5954419,0.9970973,2015-04-19 15:00:00,1.0,8.063894e-06,0.0,0.0,8.063894e-06
286.8628,1.0,0.99576455,0.18140572,0.9693582,2015-04-19 16:00:00,1.0,2.832705e-05,0.0,2.4479654e-05,3.647422e-06
287.71924,0.99946827,0.9989426,0.09631246,0.848843,2015-04-19 17:00:00,1.0,0.00023397335,0.0,0.00013504452,9.879519e-05
287.68555,0.9741771,0.9356144,0.23937559,0.6334111,2015-04-19 18:00:00,1.0,0.00091179693,0.0,0.00083916937,7.26556e-05
286.69678,0.9113449,0.7643486,0.38010848,0.53496194,2015-04-19 19:00:00,1.0,0.0005184114,0.0,0.00041711936,0.00010119658
286.07056,0.9708406,0.73725927,0.7178896,0.64939266,2015-04-19 20:00:00,1.0,0.00077832607,0.0,0.0005153422,0.00026300317
285.44165,0.9989426,0.9973536,0.9225259,0.67675793,2015-04-19 21:00:00,1.0,0.00017893629,0.0,4.582788e-05,0.00013316513
283.4934,0.99946827,0.96185666,0.87473583,0.9300626,2015-04-19 22:00:00,1.0,0.00012144333,0.0,5.4961027e-05,6.6692504e-05
283.09912,1.0,1.0,1.0,0.9918798,2015-04-19 23:00:00,1.0,0.00039475434,0.0,0.00023596297,0.00015855349
282.5725,1.0,1.0,0.99371904,0.9916152,2015-04-20 00:00:00,1.0,0.0003471237,0.0,0.00017704642,0.00017002954
282.1819,0.998375,0.78239346,0.99164295,0.9511805,2015-04-20 01:00:00,1.0,0.0002838266,0.0,7.119238e-05,0.00021238653
281.9497,1.0,0.62484884,0.9942508,0.58431226,2015-04-20 02:00:00,1.0,0.00024640514,0.0,0.0,0.0002465006
281.0818,1.0,0.72567856,1.0,0.51660335,2015-04-20 03:00:00,1.0,0.00022491919,0.0,0.0,0.00022530054
280.46094,1.0,0.9686313,0.99946827,0.9932679,2015-04-20 04:00:00,1.0,0.0001902434,0.0,0.0,0.00018997614
279.90698,1.0,0.9925423,0.96917725,1.0,2015-04-20 05:00:00,1.0,0.00018027854,0.0,5.703991e-08,0.00018039263
279.5647,1.0,0.99841094,0.99368834,1.0,2015-04-20 06:00:00,1.0,0.00013450607,0.0,0.0,0.000134392
279.58813,1.0,0.99604,0.9871714,1.0,2015-04-20 07:00:00,1.0,0.00024858327,0.0,1.4494117e-06,0.00024700025
279.54858,1.0,0.9705746,0.9788565,1.0,2015-04-20 08:00:00,1.0,0.00023662197,0.0,4.7747868e-08,0.00023681232
278.4192,1.0,0.96214235,0.96057355,1.0,2015-04-20 09:00:00,1.0,0.00017102886,0.0,0.0,0.00017114294
276.95898,1.0,0.9621005,0.918595,1.0,2015-04-20 10:00:00,1.0,9.0600006e-05,0.0,3.4320635e-07,9.075318e-05
276.92822,1.0,0.9480629,0.7802246,1.0,2015-04-20 11:00:00,0.0,2.7034752e-05,0.0,9.2515205e-07,2.5585017e-05
276.68506,1.0,0.97480667,0.4949628,1.0,2015-04-20 12:00:00,0.0,1.7932589e-06,0.0,3.9127497e-07,1.5644582e-06
276.3142,1.0,0.99841094,0.2046063,1.0,2015-04-20 13:00:00,0.0,9.549569e-08,0.0,4.7747868e-08,0.0
276.34253,0.99627113,0.9905219,0.018745128,0.79948956,2015-04-20 14:00:00,0.0,0.0,0.0,0.0,0.0
276.93457,1.0,1.0,0.0,0.1982587,2015-04-20 15:00:00,0.0,0.0,0.0,0.0,0.0
277.27686,0.997629,0.997629,0.021567252,0.04204851,2015-04-20 16:00:00,1.0,3.1673862e-06,0.0,0.0,3.1673862e-06
277.45972,0.9876051,0.9876051,0.026915345,0.019106742,2015-04-20 17:00:00,1.0,1.4248069e-05,0.0,4.387021e-07,1.3828919e-05
277.78638,0.81039155,0.81039155,0.0023709626,0.0,2015-04-20 18:00:00,1.0,2.0635358e-05,0.0,2.0688549e-06,1.8328079e-05
278.34888,1.0,1.0,0.42562175,0.0,2015-04-20 19:00:00,1.0,1.2474668e-05,0.0,3.2510006e-06,9.2714145e-06
278.71753,1.0,1.0,0.9966217,0.0,2015-04-20 20:00:00,1.0,1.724175e-05,0.0,0.0,1.7623097e-05
279.03613,1.0,0.921107,1.0,0.0,2015-04-20 21:00:00,1.0,2.490831e-05,0.0,0.0,2.4926892e-05
278.4546,0.9882539,0.77767295,0.98666483,0.0,2015-04-20 22:00:00,0.0,2.937032e-05,0.0,3.3103133e-06,2.5936315e-05
278.4292,1.0,0.9299892,1.0,0.0,2015-04-20 23:00:00,1.0,2.7747446e-05,0.0,2.7490125e-05,2.0957555e-07
278.48706,1.0,0.97411126,1.0,0.0,2015-04-21 00:00:00,0.0,1.7271857e-05,0.0,1.7100087e-05,0.0
278.01904,0.9749781,0.8961912,0.9749781,0.0,2015-04-21 01:00:00,0.0,1.8457562e-05,0.0,1.8457562e-05,0.0
277.6765,0.9618656,0.61892205,0.95524025,0.12500769,2015-04-21 02:00:00,1.0,1.3666077e-05,0.0,1.34183665e-05,0.0
276.29883,1.0,0.717283,1.0,0.3527643,2015-04-21 03:00:00,1.0,1.9296494e-05,0.0,9.93248e-06,9.382919e-06
276.0454,0.95445925,0.6466187,0.9455732,0.4106571,2015-04-21 04:00:00,1.0,2.5229398e-05,0.0,9.05733e-06,1.5904807e-05
275.448,0.99946827,0.5447759,0.99393606,0.7907736,2015-04-21 05:00:00,0.0,3.1424395e-05,0.0,2.2795837e-05,8.809927e-06
275.1311,1.0,0.89560366,0.98517525,0.8624041,2015-04-21 06:00:00,0.0,1.0925532e-05,0.0,8.227633e-06,2.4976143e-06
275.10034,0.9932679,0.9608074,0.8859203,0.7531995,2015-04-21 07:00:00,6.0,1.0103275e-05,7.350096e-06,0.0,1.0103275e-05
274.88647,0.99214685,0.97696114,0.7934827,0.75861627,2015-04-21 08:00:00,6.0,5.929687e-06,5.8031874e-06,0.0,6.025183e-06
274.6184,1.0,0.97706753,0.6208517,0.7307509,2015-04-21 09:00:00,6.0,1.1212064e-05,1.0939996e-05,1.9067068e-07,1.1326144e-05
274.70947,0.9805366,0.96584123,0.6227201,0.730192,2015-04-21 10:00:00,6.0,2.415842e-05,2.413454e-05,1.0478777e-07,2.415842e-05
274.64624,0.9869369,0.9561287,0.6244039,0.29312438,2015-04-21 11:00:00,6.0,3.9512073e-05,3.603335e-05,3.636228e-06,3.619086e-05
274.49463,0.9710613,0.9627911,0.7672313,0.011655062,2015-04-21 12:00:00,7.0,6.349357e-05,5.336771e-05,1.0216067e-05,5.3448617e-05
274.42896,0.9552308,0.6479671,0.9486556,0.0,2015-04-21 13:00:00,6.0,0.00015130258,6.69795e-05,8.566897e-05,6.567205e-05
274.9297,0.9647327,0.40256876,0.95472294,0.0,2015-04-21 14:00:00,7.0,0.00014007401,8.410003e-05,6.7959205e-05,7.191452e-05
276.08374,0.9893079,0.548037,0.9848833,0.0,2015-04-21 15:00:00,7.0,0.00014975111,5.452888e-05,0.00010124387,4.8707196e-05
276.81567,1.0,0.53125286,1.0,0.0,2015-04-21 16:00:00,7.0,0.00018482168,5.1714742e-05,0.00013310253,5.2005315e-05
276.44287,1.0,0.44057125,1.0,0.0,2015-04-21 17:00:00,1.0,0.00015251871,6.162842e-05,8.964483e-05,6.2682884e-05
276.5769,0.99946827,0.95800626,0.99946827,0.019877147,2015-04-21 18:00:00,7.0,0.0001951663,5.00866e-05,0.00013568411,5.948219e-05
277.02075,0.9857324,0.43904084,0.98410743,0.2636304,2015-04-21 19:00:00,1.0,0.0001071608,2.5739413e-05,6.985503e-05,3.776369e-05
277.13477,0.96527976,0.145571,0.9499117,0.6648002,2015-04-21 20:00:00,1.0,0.00018595086,9.834204e-06,0.00016327256,2.2430584e-05
276.64648,0.94325227,0.4373216,0.9263874,0.5336845,2015-04-21 21:00:00,1.0,0.00012892671,3.0971887e-06,0.00011281071,1.6249629e-05
276.6682,1.0,0.8943562,0.99409735,0.9651445,2015-04-21 22:00:00,1.0,7.618147e-05,2.5915888e-06,6.356741e-05,1.2890611e-05
276.20947,0.9825541,0.8362097,0.9580518,0.90169835,2015-04-21 23:00:00,1.0,2.5099289e-05,3.4874993e-06,1.5660611e-05,9.438671e-06
276.06348,0.9701198,0.8075922,0.90989757,0.6421459,2015-04-22 00:00:00,6.0,6.310387e-06,4.46e-06,0.0,6.310387e-06
275.81836,0.86036426,0.7441097,0.54678947,0.3558796,2015-04-22 01:00:00,6.0,3.1077661e-06,2.8431523e-06,0.0,3.1077661e-06
275.4087,0.9056916,0.76305145,0.12487954,0.55185413,2015-04-22 02:00:00,6.0,3.1084073e-06,2.8843306e-06,0.0,2.8988325e-06
274.51123,0.8935366,0.70799774,0.036296032,0.57160985,2015-04-22 03:00:00,0.0,1.372825e-06,1.1464235e-06,0.0,1.2010587e-06
274.26758,0.9220922,0.8261396,0.010009766,0.41128087,2015-04-22 04:00:00,6.0,0.0,8.580156e-08,0.0,0.0
273.98413,1.0,1.0,0.06262833,0.082555056,2015-04-22 05:00:00,6.0,5.9091695e-07,6.336969e-07,0.0,5.9091695e-07
274.16382,0.9839522,0.9839522,0.16233093,0.0,2015-04-22 06:00:00,6.0,1.658671e-06,1.6251815e-06,0.0,1.658671e-06
274.4292,0.95282197,0.95282197,0.29183686,0.0,2015-04-22 07:00:00,6.0,9.037454e-06,8.880273e-06,5.703991e-08,8.827878e-06
274.47656,0.7881543,0.7766803,0.25470877,0.0,2015-04-22 08:00:00,6.0,1.3439842e-05,1.0113774e-05,3.240105e-06,1.0066106e-05
273.9973,0.893616,0.893616,0.14117134,0.0,2015-04-22 09:00:00,6.0,1.0389111e-05,8.50709e-06,2.0967263e-06,8.483054e-06
273.5625,0.9018921,0.9018921,0.013471484,0.0,2015-04-22 10:00:00,6.0,5.1464867e-06,4.4652024e-06,4.4799413e-07,4.536985e-06
273.47144,0.84287494,0.83949673,0.0531311,0.0,2015-04-22 11:00:00,6.0,2.0009102e-06,2.2038394e-06,0.0,2.3636676e-06
273.40576,0.7007675,0.67394555,0.053660948,0.0,2015-04-22 12:00:00,6.0,1.3914087e-06,1.5820797e-06,0.0,1.6772547e-06
273.6499,0.24764526,0.22293204,0.043662,0.0,2015-04-22 13:00:00,6.0,7.0499675e-07,6.194369e-07,0.0,7.0499675e-07
274.14697,0.55031914,0.40133274,0.24803549,0.037043504,2015-04-22 14:00:00,6.0,1.4676789e-06,1.3008821e-06,0.0,1.4676789e-06
277.21338,0.7983517,0.63449115,0.47502267,0.0,2015-04-22 15:00:00,6.0,3.031496e-06,3.1576747e-06,0.0,3.1455756e-06
278.35132,0.6559361,0.6543112,0.119288266,0.0,2015-04-22 16:00:00,6.0,2.4591636e-06,2.5593054e-06,0.0,2.4591636e-06
279.3235,0.8221058,0.43954366,0.7987251,0.0,2015-04-22 17:00:00,0.0,1.0863378e-06,9.506261e-07,0.0,1.0863378e-06
280.17822,0.85385376,0.033684317,0.8514828,0.0,2015-04-22 18:00:00,0.0,0.0,0.0,0.0,0.0
280.8933,0.88664687,0.0049672946,0.88664687,0.0,2015-04-22 19:00:00,0.0,0.0,0.0,0.0,0.0
281.38037,0.8692585,0.0,0.8692585,0.0100932345,2015-04-22 20:00:00,0.0,0.0,0.0,0.0,0.0
282.06177,0.7055533,0.0,0.7055533,0.0,2015-04-22 21:00:00,0.0,0.0,0.0,0.0,0.0
281.94434,0.02731796,0.0,0.013839174,0.013471484,2015-04-22 22:00:00,0.0,0.0,0.0,0.0,0.0
281.70532,0.0,0.0,0.0,0.0,2015-04-22 23:00:00,0.0,0.0,0.0,0.0,0.0
281.0813,0.046153862,0.0,0.046153862,0.0,2015-04-23 00:00:00,0.0,0.0,0.0,0.0,0.0
279.87622,0.0,0.0,0.0,0.0,2015-04-23 01:00:00,0.0,0.0,0.0,0.0,0.0
279.43433,0.0,0.0,0.0,0.0,2015-04-23 02:00:00,0.0,0.0,0.0,0.0,0.0
277.2351,0.0,0.0,0.0,0.0,2015-04-23 03:00:00,0.0,0.0,0.0,0.0,0.0
276.10815,0.0,0.0,0.0,0.0,2015-04-23 04:00:00,0.0,0.0,0.0,0.0,0.0
274.72803,0.0,0.0,0.0,0.0,2015-04-23 05:00:00,0.0,0.0,0.0,0.0,0.0
274.18286,0.0,0.0,0.0,0.0,2015-04-23 06:00:00,0.0,0.0,0.0,0.0,0.0
273.89062,0.0,0.0,0.0,0.0,2015-04-23 07:00:00,0.0,0.0,0.0,0.0,0.0
273.55518,0.0,0.0,0.0,0.0,2015-04-23 08:00:00,0.0,0.0,0.0,0.0,0.0
271.9685,0.0,0.0,0.0,0.0,2015-04-23 09:00:00,0.0,0.0,0.0,0.0,0.0
271.35864,0.0,0.0,0.0,0.0,2015-04-23 10:00:00,0.0,0.0,0.0,0.0,0.0
271.17554,0.0,0.0,0.0,0.0,2015-04-23 11:00:00,0.0,0.0,0.0,0.0,0.0
271.40918,0.0,0.0,0.0,0.0,2015-04-23 12:00:00,0.0,0.0,0.0,0.0,0.0
273.33203,0.0,0.0,0.0,0.0,2015-04-23 13:00:00,0.0,0.0,0.0,0.0,0.0
275.42554,0.0,0.0,0.0,0.0,2015-04-23 14:00:00,0.0,0.0,0.0,0.0,0.0
279.69653,0.0,0.0,0.0,0.0,2015-04-23 15:00:00,0.0,0.0,0.0,0.0,0.0
280.61035,0.0,0.0,0.0,0.0,2015-04-23 16:00:00,0.0,0.0,0.0,0.0,0.0
281.5559,0.0,0.0,0.0,0.0,2015-04-23 17:00:00,0.0,0.0,0.0,0.0,0.0
282.51245,0.0,0.0,0.0,0.0,2015-04-23 18:00:00,0.0,0.0,0.0,0.0,0.0
283.52295,0.0,0.0,0.0,0.0,2015-04-23 19:00:00,0.0,0.0,0.0,0.0,0.0
284.37622,0.0,0.0,0.0,0.0,2015-04-23 20:00:00,0.0,0.0,0.0,0.0,0.0
285.33252,0.0,0.0,0.0,0.0,2015-04-23 21:00:00,0.0,0.0,0.0,0.0,0.0
285.3523,0.14946067,0.0,0.0,0.14946067,2015-04-23 22:00:00,0.0,0.0,0.0,0.0,0.0
285.3877,0.4215737,0.0,0.0,0.4215737,2015-04-23 23:00:00,0.0,0.0,0.0,0.0,0.0
285.0149,0.43551773,0.0,0.0,0.43551773,2015-04-24 00:00:00,0.0,0.0,0.0,0.0,0.0
285.00952,0.059110392,0.0,0.00998199,0.054114494,2015-04-24 01:00:00,0.0,0.0,0.0,0.0,0.0
282.14282,0.41261327,0.0,0.13640147,0.39561105,2015-04-24 02:00:00,0.0,0.0,0.0,0.0,0.0
279.39673,0.6646646,0.0,0.3618179,0.6404904,2015-04-24 03:00:00,0.0,0.0,0.0,0.0,0.0
278.6797,0.74926573,0.0,0.6778733,0.32738465,2015-04-24 04:00:00,0.0,0.0,0.0,0.0,0.0
277.99976,0.9089202,0.0,0.90282047,0.22988755,2015-04-24 05:00:00,0.0,0.0,0.0,0.0,0.0
277.7146,0.7190823,0.0,0.7125036,0.16033578,2015-04-24 06:00:00,0.0,0.0,0.0,0.0,0.0
277.97827,0.88484436,0.0,0.88484436,0.06129312,2015-04-24 07:00:00,0.0,0.0,0.0,0.0,0.0
278.21045,0.91711223,0.0,0.91711223,0.0,2015-04-24 08:00:00,0.0,0.0,0.0,0.0,0.0
279.03687,0.877445,0.0,0.8711333,0.065068424,2015-04-24 09:00:00,0.0,0.0,0.0,0.0,0.0
278.9856,0.93944174,0.0,0.9313289,0.2934162,2015-04-24 10:00:00,0.0,0.0,0.0,0.0,0.0
279.01514,0.9929119,0.026093993,0.9929119,0.04669907,2015-04-24 11:00:00,0.0,2.4392939e-05,0.0,2.4278866e-05,0.0
278.8496,0.96867675,0.014985189,0.96867675,0.027345449,2015-04-24 12:00:00,0.0,0.00010678927,0.0,0.00010648453,0.0
279.5818,0.975988,0.0,0.9738841,0.18828285,2015-04-24 13:00:00,0.0,0.0,0.0,0.0,0.0
280.62866,0.97998923,0.004207764,0.8901204,0.82787937,2015-04-24 14:00:00,0.0,0.0,0.0,0.0,0.0
282.4392,0.95676476,0.021670014,0.8976679,0.774887,2015-04-24 15:00:00,0.0,0.0,0.0,0.0,0.0
282.4104,0.8906628,0.19821966,0.81994104,0.6802595,2015-04-24 16:00:00,0.0,5.3452317e-07,0.0,0.0,2.6726156e-07
282.958,0.8520401,0.2724986,0.77441657,0.51044524,2015-04-24 17:00:00,0.0,0.0,0.0,0.0,0.0
283.2212,0.89738137,0.14205849,0.8748764,0.25961924,2015-04-24 18:00:00,1.0,0.00025391905,0.0,0.00025306945,8.40236e-07
283.14014,0.9281246,0.021567252,0.7362076,0.5287112,2015-04-24 19:00:00,1.0,0.00040942896,0.0,0.0003796434,2.9823597e-05
283.16724,0.9949934,0.06405991,0.80728775,0.9949934,2015-04-24 20:00:00,1.0,0.00044563296,0.0,0.000433448,1.2366408e-05
282.77075,0.9955251,0.29240704,0.85969085,0.9949934,2015-04-24 21:00:00,1.0,0.00040888553,0.0,0.0003935413,1.5229319e-05
281.43408,1.0,0.9918581,0.998375,0.99946827,2015-04-24 22:00:00,1.0,0.00045030098,0.0,0.00041938177,3.0547046e-05
281.0232,1.0,0.92518944,0.95053625,1.0,2015-04-24 23:00:00,1.0,0.0005136619,0.0,0.00045149052,6.2591265e-05
280.60938,1.0,0.77770627,0.8758548,1.0,2015-04-25 00:00:00,1.0,0.00044490304,0.0,0.00031539076,0.00012960775
280.45142,1.0,0.983605,0.37428308,0.98841804,2015-04-25 01:00:00,1.0,0.0003265473,0.0,0.00020393266,0.00012222382
280.26782,1.0,0.99946827,0.8480638,0.99342126,2015-04-25 02:00:00,1.0,0.00027769664,0.0,0.00021840217,5.8779653e-05
279.82153,1.0,1.0,0.8348062,0.98682654,2015-04-25 03:00:00,1.0,2.1318527e-05,0.0,0.0,2.1051266e-05
279.89697,0.99946827,0.99946827,0.34470052,0.83466905,2015-04-25 04:00:00,1.0,2.0784637e-06,0.0,0.0,2.0784637e-06
279.854,1.0,1.0,0.78070277,0.45154256,2015-04-25 05:00:00,1.0,3.050713e-07,0.0,0.0,3.050713e-07
279.56763,1.0,1.0,0.99675006,0.0,2015-04-25 06:00:00,1.0,1.6977729e-06,0.0,0.0,1.793268e-06
279.3833,1.0,1.0,0.9531225,0.014240008,2015-04-25 07:00:00,0.0,0.0,0.0,0.0,0.0
279.2295,1.0,1.0,0.95740706,0.0699206,2015-04-25 08:00:00,1.0,0.0,0.0,0.0,0.0
279.04614,1.0,1.0,0.99001795,0.084100366,2015-04-25 09:00:00,1.0,0.0,0.0,0.0,0.0
278.91968,1.0,0.99841094,0.95541716,0.011072896,2015-04-25 10:00:00,1.0,1.9099144e-07,0.0,0.0,5.7233285e-07
278.85938,0.99946827,0.99946827,0.788113,0.0016249504,2015-04-25 11:00:00,1.0,7.2551467e-07,0.0,0.0,7.6332435e-07
278.8042,0.98652846,0.9751636,0.56933326,0.59125334,2015-04-25 12:00:00,0.0,6.678286e-07,0.0,0.0,6.678286e-07
278.9297,1.0,0.8075227,0.32141954,1.0,2015-04-25 13:00:00,0.0,0.0,0.0,0.0,9.549569e-08
279.47534,0.6497798,0.33950788,0.16130358,0.46983528,2015-04-25 14:00:00,0.0,0.0,0.0,0.0,0.0
282.6814,0.39025074,0.1492886,0.10460627,0.26646852,2015-04-25 15:00:00,0.0,0.0,0.0,0.0,0.0
284.15356,0.24211311,0.07327747,0.17338336,0.05551665,2015-04-25 16:00:00,0.0,0.0,0.0,0.0,0.0
285.31348,0.40489155,0.08137554,0.18849641,0.21033162,2015-04-25 17:00:00,0.0,0.0,0.0,0.0,0.0
286.30054,0.5861113,0.31636518,0.20598304,0.27789444,2015-04-25 18:00:00,0.0,0.0,0.0,0.0,0.0
287.33716,0.57407266,0.5170295,0.1141029,0.30812442,2015-04-25 19:00:00,0.0,0.0,0.0,0.0,0.0
287.9419,0.31531358,0.12315071,0.061389588,0.22915238,2015-04-25 20:00:00,0.0,0.0,0.0,0.0,0.0
289.0835,0.14717889,0.038658123,0.018189244,0.13767838,2015-04-25 21:00:00,0.0,0.0,0.0,0.0,0.0
288.98755,0.0,0.0,0.0,0.0,2015-04-25 22:00:00,0.0,0.0,0.0,0.0,0.0
289.0166,0.0,0.0,0.0,0.0,2015-04-25 23:00:00,0.0,0.0,0.0,0.0,0.0
288.5996,0.0,0.0,0.0,0.0,2015-04-26 00:00:00,0.0,0.0,0.0,0.0,0.0
286.51636,0.0,0.0,0.0,0.0,2015-04-26 01:00:00,0.0,0.0,0.0,0.0,0.0
285.1682,0.0,0.0,0.0,0.0,2015-04-26 02:00:00,0.0,0.0,0.0,0.0,0.0
283.40747,0.0,0.0,0.0,0.0,2015-04-26 03:00:00,0.0,0.0,0.0,0.0,0.0
282.1709,0.0067320913,0.0,0.0067320913,0.0,2015-04-26 04:00:00,0.0,0.0,0.0,0.0,0.0
280.53833,0.0,0.0,0.0,0.0,2015-04-26 05:00:00,0.0,0.0,0.0,0.0,0.0
279.77563,0.0,0.0,0.0,0.0,2015-04-26 06:00:00,0.0,0.0,0.0,0.0,0.0
279.05054,0.0,0.0,0.0,0.0,2015-04-26 07:00:00,0.0,0.0,0.0,0.0,0.0
278.2666,0.0,0.0,0.0,0.0,2015-04-26 08:00:00,0.0,0.0,0.0,0.0,0.0
276.36475,0.0,0.0,0.0,0.0,2015-04-26 09:00:00,0.0,0.0,0.0,0.0,0.0
275.35522,0.0,0.0,0.0,0.0,2015-04-26 10:00:00,0.0,0.0,0.0,0.0,0.0
275.22852,0.0,0.0,0.0,0.0,2015-04-26 11:00:00,0.0,0.0,0.0,0.0,0.0
275.32983,0.0,0.0,0.0,0.0,2015-04-26 12:00:00,0.0,0.0,0.0,0.0,0.0
276.9939,0.0,0.0,0.0,0.0,2015-04-26 13:00:00,0.0,0.0,0.0,0.0,0.0
279.15405,0.0,0.0,0.0,0.0,2015-04-26 14:00:00,0.0,0.0,0.0,0.0,0.0
283.38818,0.0,0.0,0.0,0.0,2015-04-26 15:00:00,0.0,0.0,0.0,0.0,0.0
284.75732,0.0,0.0,0.0,0.0,2015-04-26 16:00:00,0.0,0.0,0.0,0.0,0.0
285.86353,0.0,0.0,0.0,0.0,2015-04-26 17:00:00,0.0,0.0,0.0,0.0,0.0
286.84644,0.0,0.0,0.0,0.0,2015-04-26 18:00:00,0.0,0.0,0.0,0.0,0.0
287.5598,0.0,0.0,0.0,0.0,2015-04-26 19:00:00,0.0,0.0,0.0,0.0,0.0
288.43872,0.0,0.0,0.0,0.0,2015-04-26 20:00:00,0.0,0.0,0.0,0.0,0.0
289.62622,0.08692831,0.0,0.0,0.08692831,2015-04-26 21:00:00,0.0,0.0,0.0,0.0,0.0
289.59204,0.45566446,0.0,0.0,0.45566446,2015-04-26 22:00:00,0.0,0.0,0.0,0.0,0.0
289.48145,0.6281064,0.0,0.0,0.6281064,2015-04-26 23:00:00,0.0,0.0,0.0,0.0,0.0
289.17065,0.7023379,0.0,0.0,0.7023379,2015-04-27 00:00:00,0.0,0.0,0.0,0.0,0.0
287.9397,0.46052808,0.0,0.0,0.46052808,2015-04-27 01:00:00,0.0,0.0,0.0,0.0,0.0
286.35352,0.29598004,0.0,0.0,0.29598004,2015-04-27 02:00:00,0.0,0.0,0.0,0.0,0.0
284.53516,0.19965577,0.0,0.0,0.19965577,2015-04-27 03:00:00,0.0,0.0,0.0,0.0,0.0
283.53198,0.09285128,0.0,0.0,0.09285128,2015-04-27 04:00:00,0.0,0.0,0.0,0.0,0.0
281.5481,0.007903136,0.0,0.0,0.007903136,2015-04-27 05:00:00,0.0,0.0,0.0,0.0,0.0
279.60986,0.0,0.0,0.0,0.0,2015-04-27 06:00:00,0.0,0.0,0.0,0.0,0.0
278.458,0.0,0.0,0.0,0.0,2015-04-27 07:00:00,0.0,0.0,0.0,0.0,0.0
276.69458,0.0,0.0,0.0,0.0,2015-04-27 08:00:00,0.0,0.0,0.0,0.0,0.0
276.24243,0.0,0.0,0.0,0.0,2015-04-27 09:00:00,0.0,0.0,0.0,0.0,0.0
275.89575,0.0,0.0,0.0,0.0,2015-04-27 10:00:00,0.0,0.0,0.0,0.0,0.0
276.01807,0.0,0.0,0.0,0.0,2015-04-27 11:00:00,0.0,0.0,0.0,0.0,0.0
276.72412,0.0,0.0,0.0,0.0,2015-04-27 12:00:00,0.0,0.0,0.0,0.0,0.0
279.01685,0.0,0.0,0.0,0.0,2015-04-27 13:00:00,0.0,0.0,0.0,0.0,0.0
281.83398,0.0,0.0,0.0,0.0,2015-04-27 14:00:00,0.0,0.0,0.0,0.0,0.0
287.0769,0.0,0.0,0.0,0.0,2015-04-27 15:00:00,0.0,0.0,0.0,0.0,0.0
288.47632,0.0,0.0,0.0,0.0,2015-04-27 16:00:00,0.0,0.0,0.0,0.0,0.0
289.5415,0.0,0.0,0.0,0.0,2015-04-27 17:00:00,0.0,0.0,0.0,0.0,0.0
290.55103,0.0,0.0,0.0,0.0,2015-04-27 18:00:00,0.0,0.0,0.0,0.0,0.0
291.11304,0.0,0.0,0.0,0.0,2015-04-27 19:00:00,0.0,0.0,0.0,0.0,0.0
292.0061,0.104184926,0.0,0.0,0.104184926,2015-04-27 20:00:00,0.0,0.0,0.0,0.0,0.0
293.22803,0.019550718,0.0,0.0,0.019550718,2015-04-27 21:00:00,0.0,0.0,0.0,0.0,0.0
293.4182,0.56139195,0.0,0.0,0.56139195,2015-04-27 22:00:00,0.0,0.0,0.0,0.0,0.0
293.48193,0.7173935,0.0,0.0,0.7173935,2015-04-27 23:00:00,0.0,0.0,0.0,0.0,0.0
292.84375,0.45575297,0.0,0.0,0.45575297,2015-04-28 00:00:00,0.0,0.0,0.0,0.0,0.0
291.1411,0.0,0.0,0.0,0.0,2015-04-28 01:00:00,0.0,0.0,0.0,0.0,0.0
287.79956,0.0,0.0,0.0,0.0,2015-04-28 02:00:00,0.0,0.0,0.0,0.0,0.0
286.2151,0.0827356,0.0,0.0,0.0827356,2015-04-28 03:00:00,0.0,0.0,0.0,0.0,0.0
285.948,0.71544975,0.0,0.0,0.71544975,2015-04-28 04:00:00,0.0,0.0,0.0,0.0,0.0
285.54907,0.9876051,0.0,0.0,0.9876051,2015-04-28 05:00:00,0.0,0.0,0.0,0.0,0.0
284.3811,0.99289286,0.0,0.0,0.99289286,2015-04-28 06:00:00,0.0,0.0,0.0,0.0,0.0
282.95825,0.9816893,0.0,0.0,0.9816893,2015-04-28 07:00:00,0.0,0.0,0.0,0.0,0.0
281.79395,0.94268805,0.0,0.0,0.94268805,2015-04-28 08:00:00,0.0,0.0,0.0,0.0,0.0
280.10278,0.90835273,0.0,0.0,0.90835273,2015-04-28 09:00:00,0.0,0.0,0.0,0.0,0.0
279.48242,0.85853165,0.0,0.0,0.85853165,2015-04-28 10:00:00,0.0,0.0,0.0,0.0,0.0
279.20264,0.8267936,0.0,0.0032499009,0.82516867,2015-04-28 11:00:00,0.0,0.0,0.0,0.0,0.0
279.9485,0.91012657,0.0,0.0065169036,0.91012657,2015-04-28 12:00:00,0.0,0.0,0.0,0.0,0.0
282.3606,0.8547487,0.0,0.05067619,0.8427668,2015-04-28 13:00:00,0.0,0.0,0.0,0.0,0.0
283.96436,0.83103746,0.0,0.3030743,0.81120247,2015-04-28 14:00:00,0.0,0.0,0.0,0.0,0.0
288.00024,0.9186847,0.0,0.64482087,0.9031931,2015-04-28 15:00:00,0.0,0.0,0.0,0.0,0.0
288.86914,0.91582215,0.0,0.8241987,0.73835194,2015-04-28 16:00:00,0.0,0.0,0.0,0.0,0.0
289.73462,0.92702395,0.0,0.91590804,0.34462857,2015-04-28 17:00:00,0.0,0.0,0.0,0.0,0.0
290.54443,0.89504504,0.0,0.88879466,0.080455005,2015-04-28 18:00:00,0.0,0.0,0.0,0.0,0.0
290.61816,0.67797184,0.0032499009,0.67797184,0.1590854,2015-04-28 19:00:00,0.0,1.6035687e-05,0.0,1.6169317e-05,0.0
290.95264,0.8010274,0.21741349,0.7858672,0.141581,2015-04-28 20:00:00,0.0,0.00010688642,0.0,0.00010692455,0.0
291.55225,1.0,0.46104628,1.0,0.053644065,2015-04-28 21:00:00,0.0,0.00012416144,0.0,0.0001244287,0.0
291.5183,0.6277467,0.17174208,0.62612176,0.0063116476,2015-04-28 22:00:00,0.0,1.0422551e-05,0.0,1.0536631e-05,0.0
291.00098,0.7647328,0.44201082,0.6991854,0.0,2015-04-28 23:00:00,0.0,2.2495788e-06,0.0,2.288034e-06,0.0
290.40918,0.40816522,0.31953174,0.32403016,0.0,2015-04-29 00:00:00,0.0,0.0,0.0,0.0,0.0
289.7942,0.029192884,0.0016249504,0.029192884,0.0,2015-04-29 01:00:00,0.0,0.0,0.0,0.0,0.0
288.85034,0.13468248,0.029864877,0.13257861,0.0,2015-04-29 02:00:00,0.0,0.0,0.0,0.0,0.0
285.99927,0.037459385,0.0,0.0,0.037459385,2015-04-29 03:00:00,0.0,0.0,0.0,0.0,0.0
284.47705,0.7976873,0.0,0.0,0.7976873,2015-04-29 04:00:00,0.0,0.0,0.0,0.0,0.0
283.94385,0.9240691,0.0,0.012831885,0.9240691,2015-04-29 05:00:00,0.0,0.0,0.0,0.0,0.0
283.77393,0.8696253,0.0,0.004474845,0.8696253,2015-04-29 06:00:00,0.0,0.0,0.0,0.0,0.0
283.39673,0.803186,0.0,0.0,0.803186,2015-04-29 07:00:00,0.0,0.0,0.0,0.0,0.0
282.63452,0.8078038,0.0,0.04003544,0.8078038,2015-04-29 08:00:00,0.0,0.0,0.0,0.0,0.0
281.21704,0.33651936,0.0,0.04294646,0.30860335,2015-04-29 09:00:00,0.0,0.0,0.0,0.0,0.0
279.7671,0.36610997,0.0034282913,0.01714513,0.3500222,2015-04-29 10:00:00,0.0,0.0,0.0,0.0,0.0
279.48096,0.31099755,0.0,0.0,0.31099755,2015-04-29 11:00:00,0.0,0.0,0.0,0.0,0.0
279.42407,0.5975455,0.0,0.0,0.5975455,2015-04-29 12:00:00,0.0,0.0,0.0,0.0,0.0
281.0254,0.51960784,0.0,0.0,0.51960784,2015-04-29 13:00:00,0.0,0.0,0.0,0.0,0.0
282.64307,0.0,0.0,0.0,0.0,2015-04-29 14:00:00,0.0,0.0,0.0,0.0,0.0
286.53467,0.0,0.0,0.0,0.0,2015-04-29 15:00:00,0.0,0.0,0.0,0.0,0.0
287.6482,0.0,0.0,0.0,0.0,2015-04-29 16:00:00,0.0,0.0,0.0,0.0,0.0
289.34692,0.0,0.0,0.0,0.0,2015-04-29 17:00:00,0.0,0.0,0.0,0.0,0.0
290.57935,0.016078457,0.0,0.0,0.016078457,2015-04-29 18:00:00,0.0,0.0,0.0,0.0,0.0
291.32422,0.17085052,0.0,0.0,0.17085052,2015-04-29 19:00:00,0.0,0.0,0.0,0.0,0.0
291.61206,0.13294554,0.0,0.0,0.13294554,2015-04-29 20:00:00,0.0,0.0,0.0,0.0,0.0
292.20215,0.12850446,0.0,0.10557836,0.022943195,2015-04-29 21:00:00,0.0,0.0,0.0,0.0,0.0
292.7173,0.408957,0.0,0.408957,0.0,2015-04-29 22:00:00,0.0,0.0,0.0,0.0,0.0
292.38892,0.76072276,0.0,0.76072276,0.0,2015-04-29 23:00:00,0.0,0.0,0.0,0.0,0.0
292.14722,0.0,0.0,0.0,0.0,2015-04-30 00:00:00,0.0,0.0,0.0,0.0,0.0
291.06274,0.0,0.0,0.0,0.0,2015-04-30 01:00:00,0.0,0.0,0.0,0.0,0.0
289.4336,0.0,0.0,0.0,0.0,2015-04-30 02:00:00,0.0,0.0,0.0,0.0,0.0
287.01538,0.0010573287,0.0,0.0010573287,0.0,2015-04-30 03:00:00,0.0,0.0,0.0,0.0,0.0
285.86328,0.0,0.0,0.0,0.0,2015-04-30 04:00:00,0.0,0.0,0.0,0.0,0.0
284.43994,0.016832627,0.0,0.016832627,0.0,2015-04-30 05:00:00,0.0,0.0,0.0,0.0,0.0
284.10986,0.039937995,0.0,0.039937995,0.0,2015-04-30 06:00:00,0.0,0.0,0.0,0.0,0.0
283.81177,0.1404255,0.0,0.1404255,0.0,2015-04-30 07:00:00,0.0,0.0,0.0,0.0,0.0
283.51074,0.17663836,0.0,0.17663836,0.0,2015-04-30 08:00:00,0.0,0.0,0.0,0.0,0.0
281.79175,0.1726389,0.0,0.1726389,0.0,2015-04-30 09:00:00,0.0,0.0,0.0,0.0,0.0
280.7893,0.19086641,0.0,0.18924141,0.0016249504,2015-04-30 10:00:00,0.0,0.0,0.0,0.0,0.0
280.53345,0.27505565,0.0,0.17189544,0.123824716,2015-04-30 11:00:00,0.0,0.0,0.0,0.0,0.0
280.5381,0.15245992,0.0,0.15245992,0.0,2015-04-30 12:00:00,0.0,0.0,0.0,0.0,0.0
281.2422,0.058667514,0.0,0.043782897,0.01490172,2015-04-30 13:00:00,0.0,0.0,0.0,0.0,0.0
282.76587,0.6871956,0.0,0.011474017,0.6871956,2015-04-30 14:00:00,0.0,0.0,0.0,0.0,0.0
286.25195,0.843844,0.0,0.0,0.843844,2015-04-30 15:00:00,0.0,0.0,0.0,0.0,0.0
287.18164,0.87371445,0.0,0.0,0.87371445,2015-04-30 16:00:00,0.0,0.0,0.0,0.0,0.0
288.64722,0.9365349,0.0,0.0,0.9365349,2015-04-30 17:00:00,0.0,0.0,0.0,0.0,0.0
289.72046,0.99627113,0.0,0.0,0.99627113,2015-04-30 18:00:00,0.0,0.0,0.0,0.0,0.0
290.53613,0.9800109,0.0,0.0,0.9800109,2015-04-30 19:00:00,0.0,0.0,0.0,0.0,0.0
291.17456,0.9588982,0.0,0.0,0.9588982,2015-04-30 20:00:00,0.0,0.0,0.0,0.0,0.0
292.03174,0.863875,0.0,0.0,0.863875,2015-04-30 21:00:00,0.0,0.0,0.0,0.0,0.0
292.17236,0.62501526,0.0,0.0,0.62501526,2015-04-30 22:00:00,0.0,0.0,0.0,0.0,0.0
292.1687,0.1818915,0.0,0.0,0.1818915,2015-04-30 23:00:00,0.0,0.0,0.0,0.0,0.0
291.57104,0.04763354,0.0,0.0,0.04763354,2015-05-01 00:00:00,0.0,0.0,0.0,0.0,0.0
290.31006,0.0033782488,0.0,0.0,0.0033782488,2015-05-01 01:00:00,0.0,0.0,0.0,0.0,0.0
287.79224,0.0,0.0,0.0,0.0,2015-05-01 02:00:00,0.0,0.0,0.0,0.0,0.0
284.6819,0.0,0.0,0.0,0.0,2015-05-01 03:00:00,0.0,0.0,0.0,0.0,0.0
284.4265,0.0,0.0,0.0,0.0,2015-05-01 04:00:00,0.0,0.0,0.0,0.0,0.0
283.95825,0.0,0.0,0.0,0.0,2015-05-01 05:00:00,0.0,0.0,0.0,0.0,0.0
282.8994,0.0,0.0,0.0,0.0,2015-05-01 06:00:00,0.0,0.0,0.0,0.0,0.0
282.74487,0.17875415,0.0,0.0,0.17875415,2015-05-01 07:00:00,0.0,0.0,0.0,0.0,0.0
282.3484,0.43711644,0.0,0.0,0.43711644,2015-05-01 08:00:00,0.0,0.0,0.0,0.0,0.0
281.29468,0.67559814,0.0,0.0,0.67559814,2015-05-01 09:00:00,0.0,0.0,0.0,0.0,0.0
281.64526,0.9736546,0.0,0.0,0.9736546,2015-05-01 10:00:00,0.0,0.0,0.0,0.0,0.0
281.91016,0.9952605,0.0,0.09849644,0.9952605,2015-05-01 11:00:00,0.0,0.0,0.0,0.0,0.0
282.22754,0.9693389,0.0,0.647551,0.9688133,2015-05-01 12:00:00,0.0,6.0805818e-05,0.0,6.05956e-05,0.0
283.40332,1.0,0.0,0.99946827,1.0,2015-05-01 13:00:00,1.0,4.9919458e-05,0.0,4.9785827e-05,0.0
284.44165,0.8387101,0.0,0.6122304,0.75229543,2015-05-01 14:00:00,1.0,0.00011061369,0.0,0.00011046116,0.0
287.58252,0.86747783,0.0,0.78490365,0.71218777,2015-05-01 15:00:00,1.0,0.00049635954,0.0,0.00049566245,8.017848e-07
288.58887,0.9444234,0.0,0.90937495,0.49120754,2015-05-01 16:00:00,1.0,0.001074926,0.0,0.0010651709,9.8886785e-06
288.55078,0.8511857,0.0,0.82230794,0.18007523,2015-05-01 17:00:00,1.0,0.00091361976,0.0,0.0008953123,1.8441046e-05
288.906,0.81946784,0.0,0.8093746,0.12506086,2015-05-01 18:00:00,1.0,3.4828437e-05,0.0,2.024509e-05,1.45833465e-05
289.87183,0.70838904,0.31594348,0.54462487,0.08895409,2015-05-01 19:00:00,0.0,0.0006160536,0.0,0.00060361973,1.2052318e-05
290.29736,0.991504,0.9835587,0.6433003,0.0148079395,2015-05-01 20:00:00,1.0,4.9077382e-05,0.0,4.6980334e-05,2.0015514e-06
290.51294,1.0,1.0,0.58792406,0.0,2015-05-01 21:00:00,0.0,4.067865e-06,0.0,4.0201176e-06,9.549569e-08
290.8203,0.88080645,0.87526816,0.41306084,0.0,2015-05-01 22:00:00,0.0,0.0,0.0,0.0,0.0
291.0083,0.75314254,0.74649394,0.61747694,0.0,2015-05-01 23:00:00,0.0,0.0,0.0,0.0,0.0
291.03882,0.6507125,0.4253533,0.62152106,0.0,2015-05-02 00:00:00,0.0,6.101426e-07,0.0,6.101426e-07,0.0
290.9878,0.47891933,0.15571159,0.46405977,0.0,2015-05-02 01:00:00,0.0,1.2202845e-06,0.0,1.2202845e-06,0.0
289.9768,0.50186235,0.040278953,0.44716042,0.07115412,2015-05-02 02:00:00,0.0,0.0,0.0,4.7747868e-08,0.0
288.20093,0.56319445,0.038965322,0.4344623,0.2411272,2015-05-02 03:00:00,0.0,0.0,0.0,0.0,0.0
287.7744,0.49385893,0.0063561946,0.32208812,0.24132603,2015-05-02 04:00:00,0.0,0.0,0.0,0.0,0.0
287.1089,0.51443225,0.036326386,0.29284227,0.2701646,2015-05-02 05:00:00,0.0,0.0,0.0,0.0,0.0
286.7483,0.35323167,0.0,0.18754774,0.20789647,2015-05-02 06:00:00,0.0,9.549569e-08,0.0,1.0478777e-07,0.0
286.29712,0.26345623,0.0068626925,0.18219489,0.107361615,2015-05-02 07:00:00,0.0,0.0,0.0,0.0,0.0
286.04858,0.15072036,0.0010573287,0.1372416,0.020210877,2015-05-02 08:00:00,0.0,0.0,0.0,0.0,0.0
285.09473,0.060684655,0.0010573287,0.060684655,0.0,2015-05-02 09:00:00,0.0,0.0,0.0,0.0,0.0
284.35645,0.115701616,0.010563962,0.114112616,0.0,2015-05-02 10:00:00,0.0,0.0,0.0,0.0,0.0
284.02515,0.030739915,0.004741922,0.030739915,0.0,2015-05-02 11:00:00,0.0,0.0,0.0,0.0,0.0
283.95923,0.0031780982,0.0,0.0031780982,0.0,2015-05-02 12:00:00,0.0,0.0,0.0,0.0,0.0
285.62842,0.0010573287,0.0,0.0010573287,0.0,2015-05-02 13:00:00,0.0,0.0,0.0,0.0,0.0
287.49854,0.013438053,0.0,0.008434854,0.005003199,2015-05-02 14:00:00,0.0,0.0,0.0,0.0,0.0
292.69043,0.13497484,0.0,0.00053172023,0.13444924,2015-05-02 15:00:00,0.0,0.0,0.0,0.0,0.0
295.05664,0.32003796,0.0,0.004741922,0.31767434,2015-05-02 16:00:00,0.0,0.0,0.0,0.0,0.0
296.90283,0.57213676,0.0,0.0,0.57213676,2015-05-02 17:00:00,0.0,0.0,0.0,0.0,0.0
298.09204,0.5112602,0.010724671,0.0065169036,0.5054275,2015-05-02 18:00:00,0.0,0.0,0.0,0.0,0.0
299.13403,0.18345255,0.0611059,0.1714468,0.0,2015-05-02 19:00:00,0.0,0.0,0.0,0.0,0.0
299.64795,0.16422981,0.004741922,0.16422981,0.0,2015-05-02 20:00:00,0.0,0.0,0.0,0.0,0.0
299.56934,0.17041993,0.0,0.17041993,0.0,2015-05-02 21:00:00,0.0,0.0,0.0,0.0,0.0
299.68726,0.13358867,0.0,0.13358867,0.0,2015-05-02 22:00:00,1.0,1.9099144e-07,0.0,2.4803137e-07,0.0
299.6587,0.031904947,0.0,0.031904947,0.0,2015-05-02 23:00:00,0.0,0.0,0.0,1.3363075e-07,0.0
298.5791,0.011901792,0.0,0.005273644,0.0066281483,2015-05-03 00:00:00,0.0,0.0,0.0,0.0,0.0
296.33008,0.12908578,0.0,0.0,0.12908578,2015-05-03 01:00:00,0.0,0.0,0.0,0.0,0.0
295.5625,0.16319454,0.0,0.0,0.16319454,2015-05-03 02:00:00,0.0,0.0,0.0,0.0,0.0
293.0078,0.006364435,0.00053172023,0.0,0.005832717,2015-05-03 03:00:00,0.0,0.0,0.0,0.0,0.0
292.35352,0.0,0.0,0.0,0.0,2015-05-03 04:00:00,0.0,0.0,0.0,0.0,0.0
291.29028,0.0048919544,0.0,0.0,0.0048919544,2015-05-03 05:00:00,0.0,0.0,0.0,0.0,0.0
290.05127,0.09155798,0.0,0.0,0.09155798,2015-05-03 06:00:00,0.0,0.0,0.0,0.0,0.0
289.9319,0.05467693,0.0,0.0,0.05467693,2015-05-03 07:00:00,0.0,0.0,0.0,0.0,0.0
289.23218,0.6787373,0.0,0.0,0.6787373,2015-05-03 08:00:00,0.0,0.0,0.0,0.0,0.0
288.0266,0.52287686,0.0,0.0,0.52287686,2015-05-03 09:00:00,0.0,0.0,0.0,0.0,0.0
287.15625,0.7604241,0.0,0.005003199,0.7604241,2015-05-03 10:00:00,0.0,0.0,0.0,0.0,0.0
287.0857,0.91374815,0.0,0.035282046,0.91374815,2015-05-03 11:00:00,0.0,0.0,0.0,0.0,0.0
287.17456,0.9062278,0.0,0.14128524,0.9046029,2015-05-03 12:00:00,1.0,0.0,0.0,0.0,0.0
287.8745,0.9071055,0.0,0.11317444,0.90546346,2015-05-03 13:00:00,0.0,2.6726156e-07,0.0,0.0,2.6726156e-07
289.29834,0.5999636,0.0,0.05578,0.5744518,2015-05-03 14:00:00,0.0,0.0,0.0,0.0,0.0
293.2307,0.49278086,0.0,0.2685398,0.33461946,2015-05-03 15:00:00,0.0,0.0,0.0,0.0,0.0
295.56323,0.4359762,0.0,0.19465649,0.28572023,2015-05-03 16:00:00,0.0,0.0,0.0,0.0,0.0
296.82935,0.32549006,0.0,0.013471484,0.3221118,2015-05-03 17:00:00,0.0,3.6288375e-06,0.0,3.676586e-06,0.0
297.94604,0.6201087,0.0,0.0,0.6201087,2015-05-03 18:00:00,0.0,4.144515e-05,0.0,4.154064e-05,0.0
299.44214,0.7984941,0.004307229,0.04840893,0.7908052,2015-05-03 19:00:00,0.0,0.0,0.0,0.0,0.0
299.81982,0.7611039,0.0063309744,0.17649442,0.7158255,2015-05-03 20:00:00,1.0,6.49118e-06,0.0,6.49118e-06,0.0
299.6223,0.44210112,0.044399496,0.15642613,0.33446646,2015-05-03 21:00:00,1.0,1.3401531e-05,0.0,1.3220152e-05,0.0
296.23022,0.9245373,0.09589362,0.563606,0.8469892,2015-05-03 22:00:00,1.0,0.001497989,0.0,0.0014831068,1.4958868e-05
292.98926,0.94436514,0.0074494258,0.5629976,0.9035176,2015-05-03 23:00:00,0.0,0.0013880397,0.0,0.0013013398,8.6699816e-05
293.4519,0.5477062,0.006481003,0.109342456,0.50399953,2015-05-04 00:00:00,0.0,3.212373e-05,0.0,3.0797368e-05,1.0690364e-06
291.6648,0.77332073,0.010822706,0.22354633,0.6941494,2015-05-04 01:00:00,1.0,2.5122587e-05,0.0,2.5256217e-05,0.0
290.53638,0.9114713,0.004767146,0.07946277,0.9114713,2015-05-04 02:00:00,0.0,8.292822e-05,0.0,8.292822e-05,0.0
288.16797,0.7047041,0.00053172023,0.01571609,0.69331235,2015-05-04 03:00:00,0.0,1.7378843e-05,0.0,1.7264756e-05,0.0
287.68604,0.06035074,0.0,0.0,0.06035074,2015-05-04 04:00:00,0.0,0.0,0.0,0.0,0.0
287.08032,0.21242577,0.0,0.0,0.21242577,2015-05-04 05:00:00,0.0,0.0,0.0,0.0,0.0
286.4453,0.024559904,0.0,0.0,0.024559904,2015-05-04 06:00:00,0.0,0.0,0.0,0.0,0.0
285.9099,0.0,0.0,0.0,0.0,2015-05-04 07:00:00,0.0,0.0,0.0,0.0,0.0
285.396,0.0,0.0,0.0,0.0,2015-05-04 08:00:00,0.0,0.0,0.0,0.0,0.0
284.32397,0.0,0.0,0.0,0.0,2015-05-04 09:00:00,0.0,0.0,0.0,0.0,0.0
283.6836,0.13995767,0.0,0.0,0.13995767,2015-05-04 10:00:00,0.0,0.0,0.0,0.0,0.0
283.36572,0.4651966,0.0,0.0,0.4651966,2015-05-04 11:00:00,0.0,0.0,0.0,0.0,0.0
283.57202,0.0044917315,0.0,0.0,0.0044917315,2015-05-04 12:00:00,0.0,0.0,0.0,0.0,0.0
284.55664,0.012186784,0.0,0.0,0.012186784,2015-05-04 13:00:00,0.0,0.0,0.0,0.0,0.0
286.36548,0.18698412,0.0,0.0,0.18698412,2015-05-04 14:00:00,0.0,0.0,0.0,0.0,0.0
290.23706,0.25261587,0.0,0.0,0.25261587,2015-05-04 15:00:00,0.0,0.0,0.0,0.0,0.0
291.35864,0.36949462,0.0,0.0,0.36949462,2015-05-04 16:00:00,0.0,0.0,0.0,0.0,0.0
291.96045,0.748686,0.0,0.031091385,0.7413192,2015-05-04 17:00:00,0.0,0.0,0.0,0.0,0.0
291.6714,0.68277895,0.0,0.0023709626,0.68277895,2015-05-04 18:00:00,0.0,0.0,0.0,0.0,0.0
292.71606,0.63860875,0.0,0.02312705,0.6353588,2015-05-04 19:00:00,0.0,0.0,0.0,0.0,0.0
293.5254,0.874629,0.0,0.18241745,0.8479012,2015-05-04 20:00:00,0.0,0.0,0.0,0.0,0.0
294.06665,0.97340053,0.0,0.6366116,0.9517872,2015-05-04 21:00:00,0.0,0.0,0.0,0.0,0.0
293.94043,0.98498976,0.0,0.8464976,0.9485196,2015-05-04 22:00:00,0.0,0.0,0.0,0.0,0.0
293.55542,0.89898384,0.0,0.85469854,0.521429,2015-05-04 23:00:00,0.0,0.0,0.0,0.0,0.0
292.51196,0.8805859,0.0,0.57047844,0.54455006,2015-05-05 00:00:00,0.0,0.0,0.0,0.0,0.0
291.6018,0.94807523,0.0,0.0048919544,0.94807523,2015-05-05 01:00:00,0.0,0.0,0.0,0.0,0.0
289.74,0.18852067,0.0,0.0,0.18852067,2015-05-05 02:00:00,0.0,0.0,0.0,0.0,0.0
286.94092,0.6759495,0.0,0.0,0.6759495,2015-05-05 03:00:00,0.0,0.0,0.0,0.0,0.0
286.21338,0.78240466,0.0,0.0,0.78240466,2015-05-05 04:00:00,0.0,0.0,0.0,0.0,0.0
285.40283,0.747748,0.0,0.0,0.747748,2015-05-05 05:00:00,0.0,0.0,0.0,0.0,0.0
283.8081,0.8775607,0.0,0.0,0.8775607,2015-05-05 06:00:00,0.0,0.0,0.0,0.0,0.0
284.14648,0.9218879,0.0,0.0,0.9218879,2015-05-05 07:00:00,0.0,0.0,0.0,0.0,0.0
283.87744,0.8954127,0.0,0.0,0.8954127,2015-05-05 08:00:00,0.0,0.0,0.0,0.0,0.0
283.4973,0.75429225,0.0,0.0,0.75429225,2015-05-05 09:00:00,0.0,0.0,0.0,0.0,0.0
283.21582,0.5513834,0.0,0.013469081,0.5490124,2015-05-05 10:00:00,0.0,0.0,0.0,0.0,0.0
283.14722,0.58445555,0.0,0.004235424,0.58445555,2015-05-05 11:00:00,0.0,0.0,0.0,0.0,0.0
283.68286,0.923762,0.0,0.0010573287,0.923762,2015-05-05 12:00:00,0.0,0.0,0.0,0.0,0.0
284.98438,0.98165363,0.0,0.0044917315,0.98165363,2015-05-05 13:00:00,0.0,0.0,0.0,0.0,0.0
286.90942,0.527948,0.00053172023,0.0037098185,0.5268907,2015-05-05 14:00:00,0.0,0.0,0.0,0.0,0.0
290.47314,0.2664529,0.0034282913,0.029816665,0.25404114,2015-05-05 15:00:00,0.0,0.0,0.0,0.0,0.0
291.8318,0.42722517,0.0,0.03746717,0.42485416,2015-05-05 16:00:00,0.0,0.0,0.0,0.0,0.0
292.90527,0.5682658,0.0,0.036408592,0.5629946,2015-05-05 17:00:00,0.0,0.0,0.0,0.0,0.0
293.67017,0.735793,0.0,0.021631055,0.735793,2015-05-05 18:00:00,0.0,0.0,0.0,0.0,0.0
293.74243,0.92787397,0.0,0.13672489,0.92289513,2015-05-05 19:00:00,0.0,0.0,0.0,0.0,0.0
293.52222,0.89896876,0.0074196346,0.25556046,0.8854816,2015-05-05 20:00:00,0.0,4.583795e-06,0.0,4.5360475e-06,0.0
292.88208,0.9152926,0.009008683,0.28446037,0.89540815,2015-05-05 21:00:00,0.0,2.4351408e-05,0.0,1.833518e-05,6.016231e-06
291.1765,0.9602555,0.013244111,0.28190333,0.9602555,2015-05-05 22:00:00,0.0,0.00022462253,0.0,0.00018845049,3.5971752e-05
290.5625,1.0,0.013155017,0.47354692,1.0,2015-05-05 23:00:00,0.0,0.00039302697,0.0,0.00034257188,5.0426883e-05
289.56494,1.0,0.07857531,0.5046376,1.0,2015-05-06 00:00:00,1.0,0.000350944,0.0,0.00027788547,7.301061e-05
289.10596,1.0,0.17896074,0.5675156,1.0,2015-05-06 01:00:00,0.0,2.7276401e-05,0.0,0.0,2.7276401e-05
288.1748,1.0,0.022354204,0.3963272,1.0,2015-05-06 02:00:00,1.0,7.838942e-06,0.0,0.0,7.838942e-06
286.95044,0.99130046,0.011364888,0.10579896,0.9891966,2015-05-06 03:00:00,1.0,3.7589352e-06,0.0,0.0,3.7589352e-06
286.87427,0.96844673,0.012616701,0.09466696,0.96844673,2015-05-06 04:00:00,1.0,5.705386e-06,0.0,0.0,5.705386e-06
286.88867,0.9524307,0.03390267,0.19978309,0.9524307,2015-05-06 05:00:00,1.0,3.7763108e-05,0.0,2.3052286e-05,1.4710823e-05
286.50098,0.943072,0.05692844,0.22965306,0.93809325,2015-05-06 06:00:00,1.0,5.5333658e-05,0.0,2.812894e-05,2.6880414e-05
286.46875,0.98044926,0.045491297,0.034206543,0.98044926,2015-05-06 07:00:00,0.0,0.0,0.0,0.0,0.0
286.13696,1.0,0.090575874,0.10983473,1.0,2015-05-06 08:00:00,0.0,0.0,0.0,0.0,0.0
285.7456,0.9955251,0.152946,0.1091423,0.9915292,2015-05-06 09:00:00,1.0,5.0245173e-05,0.0,5.0111543e-05,0.0
285.97827,0.9865057,0.14304823,0.15691781,0.9843849,2015-05-06 10:00:00,1.0,0.00024781376,0.0,0.00024737534,2.6726156e-07
285.98242,0.99657166,0.19347811,0.16691959,0.99657166,2015-05-06 11:00:00,0.0,2.9803472e-05,0.0,2.9365096e-05,0.0
285.87354,0.9907832,0.42815584,0.56918687,0.98740494,2015-05-06 12:00:00,0.0,2.4828887e-06,0.0,2.4351411e-06,0.0
285.9624,1.0,0.5136257,0.9529467,1.0,2015-05-06 13:00:00,0.0,5.760105e-05,0.0,5.7439218e-05,0.0
286.27734,1.0,0.6210129,0.9632237,1.0,2015-05-06 14:00:00,1.0,0.00035886606,0.0,0.0003489419,1.0057851e-05
288.0503,1.0,0.44999152,0.818655,1.0,2015-05-06 15:00:00,1.0,0.00064623845,0.0,0.00062158564,2.4929497e-05
289.02124,1.0,0.34792233,0.48498136,0.9954723,2015-05-06 16:00:00,1.0,0.00050466275,0.0,0.0004912601,1.286882e-05
291.23682,0.9966217,0.55489,0.28385252,0.9888494,2015-05-06 17:00:00,0.0,4.4913628e-05,0.0,4.4093904e-05,8.767626e-07
292.63257,0.9978961,0.16944379,0.016832627,0.9978961,2015-05-06 18:00:00,0.0,0.0,0.0,0.0,0.0
294.11987,0.9894646,0.0,0.019092347,0.9894646,2015-05-06 19:00:00,0.0,0.0,0.0,0.0,0.0
295.1194,1.0,0.0,0.008432418,1.0,2015-05-06 20:00:00,0.0,0.0,0.0,0.0,0.0
296.00513,0.9949934,0.0,0.1410389,0.9949934,2015-05-06 21:00:00,0.0,0.0,0.0,0.0,0.0
296.3557,0.9932679,0.19458926,0.85568696,0.9421063,2015-05-06 22:00:00,1.0,1.5042268e-05,0.0,1.4956386e-05,0.0
295.5984,1.0,0.21795052,0.997629,0.97809356,2015-05-06 23:00:00,1.0,0.00011639664,0.0,8.342597e-05,3.280818e-05
294.96753,0.99627113,0.04858807,0.5088589,0.9939002,2015-05-07 00:00:00,1.0,0.00010255695,0.0,0.0,0.000102652455
294.3745,0.9165611,0.015734568,0.30709022,0.89924365,2015-05-07 01:00:00,0.0,1.2615624e-05,0.0,0.0,1.2501544e-05
294.0547,0.5980891,0.046308666,0.18917346,0.49882025,2015-05-07 02:00:00,0.0,0.0,0.0,0.0,0.0
292.8059,0.5823763,0.024466604,0.55042285,0.06260812,2015-05-07 03:00:00,0.0,0.0,0.0,0.0,0.0
292.4917,0.5980723,0.060798865,0.34430057,0.4371364,2015-05-07 04:00:00,0.0,0.0,0.0,0.0,0.0
291.81714,0.11926043,0.0345944,0.09113014,0.0026356035,2015-05-07 05:00:00,0.0,0.0,0.0,0.0,0.0
291.25806,0.41353834,0.012828555,0.36492902,0.07192868,2015-05-07 06:00:00,1.0,0.0,0.0,0.0,0.0
291.12354,0.71243334,0.029497188,0.27349102,0.58271396,2015-05-07 07:00:00,0.0,2.6726156e-07,0.0,0.0,0.0
290.938,0.92690605,0.04192222,0.12762421,0.9235278,2015-05-07 08:00:00,0.0,0.0,0.0,0.0,0.0
290.37915,0.9864052,0.0,0.20011866,0.9864052,2015-05-07 09:00:00,0.0,0.0,0.0,0.0,0.0
290.87305,0.9612984,0.028701756,0.43917614,0.93943185,2015-05-07 10:00:00,1.0,8.41874e-05,0.0,8.405377e-05,0.0
290.98462,0.95822185,0.117969215,0.80187225,0.86518914,2015-05-07 11:00:00,1.0,0.00025017024,0.0,0.0002455979,4.5434463e-06
291.2561,0.9709386,0.026038766,0.9267453,0.88500327,2015-05-07 12:00:00,1.0,0.0004644408,0.0,0.00040025334,6.4273496e-05
291.46167,0.95700526,0.14857537,0.5090055,0.8957137,2015-05-07 13:00:00,1.0,0.0010170846,0.0,0.00081235194,0.00020463724
291.5415,0.956111,0.1948908,0.17229909,0.9348717,2015-05-07 14:00:00,1.0,0.00052186917,0.0,0.0002526485,0.0002695357
292.8899,0.9283224,0.18349546,0.20313853,0.91648066,2015-05-07 15:00:00,1.0,0.00020719676,0.0,0.00012747629,7.954934e-05
293.6809,1.0,1.0,0.4708826,0.9925423,2015-05-07 16:00:00,1.0,1.1374942e-05,0.0,0.0,1.1374942e-05
294.04395,0.99104196,0.8774088,0.49695402,0.8845551,2015-05-07 17:00:00,0.0,3.627573e-07,0.0,4.7747868e-08,0.0
294.07812,0.95797193,0.69162685,0.43693608,0.8477027,2015-05-07 18:00:00,1.0,2.3814995e-05,0.0,2.399573e-05,0.0
294.10693,0.7301994,0.4184463,0.573998,0.321245,2015-05-07 19:00:00,1.0,0.00017840619,0.0,0.000111368645,6.7256406e-05
294.7837,0.60461736,0.31032407,0.5099341,0.17183334,2015-05-07 20:00:00,1.0,5.1118972e-05,0.0,3.6512967e-05,1.5092137e-05
295.50464,0.6284061,0.10694212,0.30869544,0.46948946,2015-05-07 21:00:00,1.0,7.1703194e-05,0.0,6.499281e-05,6.9488005e-06
295.43066,0.9770163,0.88756084,0.8234945,0.7281818,2015-05-07 22:00:00,1.0,0.0012396853,0.0,0.0012283553,1.1244203e-05
293.98804,0.8541949,0.50768155,0.25904465,0.73137045,2015-05-07 23:00:00,1.0,0.0002931247,0.0,0.0002612481,3.212437e-05
294.3474,0.84540975,0.348503,0.2613991,0.7853571,2015-05-08 00:00:00,1.0,0.00031630346,0.0,0.00029903138,1.694767e-05
293.3103,1.0,0.98859113,0.40898925,0.9949968,2015-05-08 01:00:00,1.0,0.0017607971,0.0,0.001617685,0.00014339823
292.63623,1.0,0.97680414,0.19554096,0.99206334,2015-05-08 02:00:00,1.0,0.00049265847,0.0,0.00029134215,0.0002013452
291.0891,0.99519694,0.9030968,0.3183267,0.9519066,2015-05-08 03:00:00,1.0,0.00014407435,0.0,7.208598e-05,7.2245355e-05
290.40625,0.98506755,0.8402658,0.55494887,0.5467098,2015-05-08 04:00:00,1.0,0.0001521024,0.0,7.2853276e-05,7.8886354e-05
290.0681,0.72032773,0.65191555,0.024978511,0.18252671,2015-05-08 05:00:00,1.0,0.00023561093,0.0,0.00020032268,3.5212288e-05
288.77808,0.97731906,0.97312844,0.18480378,0.093922555,2015-05-08 06:00:00,1.0,0.00021322466,0.0,0.00017076719,4.2648127e-05
287.5569,1.0,1.0,0.23075986,0.1149683,2015-05-08 07:00:00,1.0,0.00013565017,0.0,0.00012543888,9.8392475e-06
286.51636,1.0,0.9978961,0.19226778,0.0744074,2015-05-08 08:00:00,1.0,8.925317e-06,0.0,8.482404e-07,7.743483e-06
284.44824,1.0,1.0,0.1443919,0.047775105,2015-05-08 09:00:00,1.0,3.909551e-06,0.0,4.7747868e-08,3.909551e-06
283.2854,1.0,1.0,0.69878805,0.04841647,2015-05-08 10:00:00,1.0,2.3271496e-06,0.0,0.0,2.3271496e-06
282.9004,1.0,1.0,0.060372338,0.06721681,2015-05-08 11:00:00,1.0,2.785403e-06,0.0,0.0,3.071249e-06
282.6167,1.0,1.0,0.22520918,0.014189757,2015-05-08 12:00:00,0.0,7.626828e-07,0.0,0.0,1.3535991e-06
282.85498,1.0,1.0,0.3379923,0.0,2015-05-08 13:00:00,0.0,0.0,0.0,0.0,0.0
283.08496,1.0,1.0,0.26038355,0.0,2015-05-08 14:00:00,0.0,0.0,0.0,0.0,0.0
283.90186,1.0,1.0,0.11382586,0.0,2015-05-08 15:00:00,0.0,0.0,0.0,0.0,0.0
284.198,1.0,1.0,0.031537835,0.0,2015-05-08 16:00:00,0.0,0.0,0.0,0.0,0.0
285.09302,1.0,1.0,0.0015890491,0.00053172023,2015-05-08 17:00:00,0.0,0.0,0.0,0.0,0.0
285.2461,1.0,1.0,0.006854143,0.0,2015-05-08 18:00:00,0.0,0.0,0.0,0.0,0.0
285.3247,1.0,1.0,0.21393365,0.0,2015-05-08 19:00:00,0.0,0.0,0.0,0.0,0.0
285.45654,1.0,1.0,0.39220613,0.0,2015-05-08 20:00:00,0.0,0.0,0.0,0.0,0.0
286.12573,0.8882375,0.8828666,0.2500416,0.0,2015-05-08 21:00:00,0.0,0.0,0.0,0.0,0.0
287.00317,0.6008572,0.58801806,0.16202188,0.0,2015-05-08 22:00:00,0.0,0.0,0.0,0.0,0.0
287.64917,0.32107025,0.3136961,0.054664865,0.0,2015-05-08 23:00:00,0.0,0.0,0.0,0.0,0.0
287.70093,0.5794824,0.5794824,0.043461297,0.0,2015-05-09 00:00:00,0.0,0.0,0.0,0.0,0.0
286.87158,0.3074233,0.3047877,0.030303836,0.0,2015-05-09 01:00:00,0.0,0.0,0.0,0.0,0.0
285.58057,0.03877384,0.03877384,0.01000702,0.0,2015-05-09 02:00:00,0.0,0.0,0.0,0.0,0.0
283.59058,0.054005314,0.053479705,0.01000702,0.0,2015-05-09 03:00:00,0.0,0.0,0.0,0.0,0.0
283.14355,0.20644677,0.15645653,0.022435352,0.05288955,2015-05-09 04:00:00,0.0,0.0,0.0,0.0,0.0
282.5918,0.1864686,0.15613055,0.024433173,0.034980882,2015-05-09 05:00:00,0.0,0.0,0.0,0.0,0.0
281.73804,0.19640803,0.13764894,0.00053172023,0.06687921,2015-05-09 06:00:00,0.0,0.0,0.0,0.0,0.0
281.3308,0.15060478,0.079167664,0.0298842,0.05768297,2015-05-09 07:00:00,0.0,0.0,0.0,0.0,0.0
280.79785,0.16846949,0.09944606,0.035813767,0.05131219,2015-05-09 08:00:00,0.0,0.0,0.0,0.0,0.0
280.11987,0.26877427,0.19639349,0.058556274,0.061202213,2015-05-09 09:00:00,0.0,0.0,0.0,0.0,0.0
280.3352,0.22847307,0.118416846,0.01998901,0.15811658,2015-05-09 10:00:00,0.0,0.0,0.0,0.0,0.0
280.18042,0.43761832,0.021339063,0.0067320913,0.42698604,2015-05-09 11:00:00,0.0,7.626828e-07,0.0,0.0,7.626828e-07
280.33496,0.37972897,0.005298864,0.0,0.37867165,2015-05-09 12:00:00,0.0,0.0,0.0,0.0,0.0
281.25366,0.10370326,0.007088065,0.0,0.09768963,2015-05-09 13:00:00,0.0,1.2202845e-06,0.0,0.0,1.2202845e-06
282.5022,0.34572464,0.016538337,0.0,0.33078516,2015-05-09 14:00:00,0.0,0.0,0.0,0.0,0.0
286.05347,0.13335693,0.0,0.0,0.13335693,2015-05-09 15:00:00,0.0,0.0,0.0,0.0,0.0
287.4458,0.014726561,0.010240942,0.0,0.0044917315,2015-05-09 16:00:00,0.0,0.0,0.0,0.0,0.0
288.8955,0.048969902,0.018989298,0.0,0.029963497,2015-05-09 17:00:00,0.0,0.0,0.0,0.0,0.0
289.84253,0.049081195,0.046184625,0.0,0.0029026829,2015-05-09 18:00:00,0.0,0.0,0.0,0.0,0.0
290.57373,0.45601225,0.45601225,0.0,0.0,2015-05-09 19:00:00,0.0,0.0,0.0,0.0,0.0
291.48584,0.40987074,0.40987074,0.020324476,0.0,2015-05-09 20:00:00,0.0,0.0,0.0,0.0,0.0
292.15747,0.51980126,0.5044364,0.05328568,0.0,2015-05-09 21:00:00,0.0,0.0,0.0,0.0,0.0
292.67188,0.09011632,0.08522439,0.0048919544,0.0,2015-05-09 22:00:00,0.0,0.0,0.0,0.0,0.0
292.4348,0.00715987,0.00053172023,0.0066281483,0.0,2015-05-09 23:00:00,0.0,0.0,0.0,0.0,0.0
291.67725,0.71526134,0.013891961,0.0,0.7079902,2015-05-10 00:00:00,0.0,0.0,0.0,0.0,0.0
291.02808,0.87154824,0.028995696,0.0,0.87154824,2015-05-10 01:00:00,0.0,0.0,0.0,0.0,0.0
290.22217,0.7686273,0.1759314,0.0,0.70045173,2015-05-10 02:00:00,0.0,0.0,0.0,0.0,0.0
287.76147,0.99174684,0.120340884,0.0,0.99174684,2015-05-10 03:00:00,0.0,0.0,0.0,0.0,0.0
286.72876,1.0,0.13172299,0.0,1.0,2015-05-10 04:00:00,0.0,0.0,0.0,0.0,0.0
285.99805,0.9810288,0.31353784,0.0,0.97785074,2015-05-10 05:00:00,0.0,0.0,0.0,0.0,0.0
284.40332,0.8997119,0.37678927,0.0,0.797765,2015-05-10 06:00:00,0.0,9.549569e-08,0.0,9.549569e-08,0.0
284.21753,0.9360233,0.73151606,0.1730721,0.8063626,2015-05-10 07:00:00,1.0,1.6971217e-06,0.0,3.909542e-07,1.1247894e-06
283.94604,1.0,0.96860874,0.40219557,1.0,2015-05-10 08:00:00,1.0,4.5369943e-06,0.0,4.8042566e-06,0.0
284.25366,1.0,0.8990893,0.59954554,1.0,2015-05-10 09:00:00,1.0,2.8975492e-06,0.0,2.8975492e-06,0.0
282.58545,1.0,0.79328,0.61005896,0.99368834,2015-05-10 10:00:00,1.0,3.5461517e-06,0.0,3.6031925e-06,0.0
282.89136,0.98868173,0.8641443,0.015575368,0.9215897,2015-05-10 11:00:00,1.0,3.9665956e-06,0.0,3.7188847e-06,0.0
282.97437,0.9697262,0.9012597,0.0023709626,0.70606375,2015-05-10 12:00:00,0.0,1.1831262e-06,0.0,1.1635748e-06,0.0
283.61694,0.9771994,0.9178366,0.33119947,0.5769786,2015-05-10 13:00:00,0.0,0.0,0.0,5.703991e-08,0.0
284.02173,0.9962183,0.9390365,0.8116094,0.78040045,2015-05-10 14:00:00,0.0,0.0,0.0,1.9067068e-07,0.0
286.01,0.9770169,0.7438746,0.28116214,0.87097716,2015-05-10 15:00:00,0.0,2.972527e-06,0.0,5.703991e-08,2.972527e-06
286.92163,0.5887699,0.4218387,0.26472962,0.15768027,2015-05-10 16:00:00,0.0,2.2815959e-07,0.0,0.0,3.813414e-07
287.052,0.6328182,0.24013221,0.37623382,0.33552933,2015-05-10 17:00:00,0.0,0.0,0.0,0.0,0.0
287.68774,0.99289286,0.29908007,0.47832257,0.98254323,2015-05-10 18:00:00,0.0,0.0,0.0,0.0,0.0
288.00586,1.0,0.5173288,0.5974777,1.0,2015-05-10 19:00:00,0.0,4.4287162e-06,0.0,0.0,4.4287162e-06
288.68042,1.0,0.30492336,0.6674584,1.0,2015-05-10 20:00:00,0.0,0.0,0.0,0.0,0.0
288.85425,1.0,0.51019585,0.43089736,1.0,2015-05-10 21:00:00,1.0,5.073643e-05,0.0,2.2205393e-05,2.8692855e-05
288.37378,1.0,0.356946,0.46185648,1.0,2015-05-10 22:00:00,0.0,0.00020026533,0.0,0.00019981734,5.9091695e-07
287.85718,1.0,0.9770568,0.4608894,1.0,2015-05-10 23:00:00,0.0,4.8272515e-05,0.0,4.662985e-05,1.7951934e-06
287.8413,1.0,1.0,0.9406791,0.9912646,2015-05-11 00:00:00,1.0,8.093637e-05,0.0,4.209389e-05,3.8632905e-05
287.26343,1.0,1.0,0.8827563,0.95644104,2015-05-11 01:00:00,1.0,0.00027586496,0.0,0.00017363415,0.00010241222
286.7837,1.0,1.0,0.70649683,0.95891416,2015-05-11 02:00:00,1.0,0.00046666083,0.0,0.00033004186,0.00013684701
285.78613,0.9970973,0.9794253,0.6640437,0.8049588,2015-05-11 03:00:00,1.0,0.0005069792,0.0,0.000420362,8.7017936e-05
285.24854,0.97892493,0.9436253,0.8198069,0.3967234,2015-05-11 04:00:00,1.0,0.0001277609,0.0,4.3097665e-05,8.457733e-05
284.906,1.0,1.0,0.43364912,0.23924047,2015-05-11 05:00:00,1.0,0.0026666685,0.0,0.00075810077,0.001908777
285.31372,0.919198,0.80134517,0.4530517,0.3230723,2015-05-11 06:00:00,1.0,0.006119821,0.0,0.0009786983,0.005140826
284.8496,1.0,1.0,0.18526542,0.16652691,2015-05-11 07:00:00,1.0,0.0026387784,0.0,0.0025453493,9.390603e-05
284.7561,1.0,1.0,0.39999986,0.06309736,2015-05-11 08:00:00,1.0,0.0007861634,0.0,0.0006968321,8.9712616e-05
285.4248,0.9957922,0.9957922,0.38377374,0.0067320913,2015-05-11 09:00:00,1.0,3.688682e-05,0.0,2.3543427e-05,1.34199845e-05
285.0276,1.0,1.0,0.28786612,0.04591649,2015-05-11 10:00:00,1.0,5.3598895e-05,0.0,0.0,5.3598895e-05
285.31494,1.0,1.0,0.15743011,0.2629724,2015-05-11 11:00:00,1.0,0.00016417382,0.0,1.6513168e-06,0.00016245618
285.72314,0.98527277,0.9747088,0.4646849,0.6227165,2015-05-11 12:00:00,1.0,0.00034401426,0.0,5.484585e-06,0.00033842493
285.25952,0.84254533,0.70307314,0.31987953,0.45896542,2015-05-11 13:00:00,1.0,0.0001701816,0.0,9.48449e-06,0.00016106917
284.31738,0.8957804,0.8425009,0.047144044,0.37802732,2015-05-11 14:00:00,1.0,1.6694365e-05,0.0,2.6726156e-07,1.615983e-05
283.89917,0.8650415,0.8650415,0.0,0.0,2015-05-11 15:00:00,0.0,3.2071384e-06,0.0,2.6726156e-07,2.6726157e-06
283.48584,1.0,1.0,0.0,0.0,2015-05-11 16:00:00,0.0,1.0690455e-06,0.0,0.0,1.3363078e-06
282.98633,1.0,1.0,0.0,0.0037288337,2015-05-11 17:00:00,1.0,1.2600376e-06,0.0,1.9067068e-07,1.5458827e-06
282.97095,1.0,1.0,0.0,0.0065169036,2015-05-11 18:00:00,0.0,7.483324e-06,0.0,0.0,7.483324e-06
283.03955,1.0,1.0,0.0,0.0,2015-05-11 19:00:00,1.0,1.9838742e-05,0.0,2.477106e-07,1.9610583e-05
282.95972,1.0,1.0,0.03201401,0.0,2015-05-11 20:00:00,0.0,5.573391e-06,0.0,0.0,5.573391e-06
283.24292,1.0,1.0,0.2305525,0.0,2015-05-11 21:00:00,1.0,0.0,0.0,0.0,0.0
282.84692,1.0,1.0,0.55507845,0.0,2015-05-11 22:00:00,1.0,4.8460628e-05,0.0,2.1308442e-05,2.6818263e-05
282.75903,1.0,1.0,0.80765057,0.00053172023,2015-05-11 23:00:00,1.0,7.603502e-05,0.0,1.1195488e-05,6.502091e-05
282.5703,1.0,1.0,0.80799586,0.007945243,2015-05-12 00:00:00,1.0,0.00017735493,0.0,1.1508573e-05,0.00016571273
281.97217,1.0,1.0,0.6598867,0.0,2015-05-12 01:00:00,1.0,0.00012869712,0.0,5.0824616e-05,7.802504e-05
281.47876,1.0,1.0,0.73084253,0.0,2015-05-12 02:00:00,1.0,8.146737e-05,0.0,3.1890973e-05,4.927066e-05
281.1194,1.0,1.0,0.7179284,0.0,2015-05-12 03:00:00,1.0,8.291453e-05,0.0,2.800097e-05,5.5065757e-05
281.12842,1.0,1.0,0.8131541,0.00053172023,2015-05-12 04:00:00,1.0,0.00010292906,0.0,1.5445927e-05,8.738763e-05
280.93433,1.0,1.0,0.91917753,0.0,2015-05-12 05:00:00,1.0,0.000108323875,0.0,7.5498983e-06,0.0001012508
279.9331,1.0,1.0,0.9397468,0.0,2015-05-12 06:00:00,1.0,6.698858e-05,0.0,7.053176e-07,6.5978515e-05
279.33545,1.0,1.0,0.92596847,0.0,2015-05-12 07:00:00,1.0,8.43469e-05,0.0,1.6109225e-06,8.3050996e-05
278.79102,1.0,0.99289286,0.85758626,0.0,2015-05-12 08:00:00,1.0,7.2126684e-05,0.0,0.0,7.2126684e-05
278.4004,1.0,1.0,0.38743,0.0,2015-05-12 09:00:00,1.0,5.929114e-05,0.0,0.0,5.929114e-05
277.55737,0.997629,0.997629,0.2841338,0.0,2015-05-12 10:00:00,1.0,2.7000817e-05,0.0,0.0,2.7000817e-05
277.47778,1.0,1.0,0.14163339,0.0,2015-05-12 11:00:00,1.0,6.3475463e-06,0.0,0.0,6.3475463e-06
277.46582,0.9918581,0.9918581,0.0,0.0,2015-05-12 12:00:00,1.0,4.657527e-06,0.0,4.0089235e-06,6.4860296e-07
277.43848,0.89745176,0.89745176,0.0067320913,0.0,2015-05-12 13:00:00,1.0,7.7125864e-05,0.0,6.713151e-05,1.0567338e-05
277.9922,0.9479761,0.9479761,0.010491136,0.0,2015-05-12 14:00:00,0.0,6.124779e-05,0.0,4.7813708e-05,1.3748762e-05
280.8855,1.0,1.0,0.0,0.0,2015-05-12 15:00:00,0.0,5.2531337e-05,0.0,4.1759296e-05,1.0963359e-05
281.4756,1.0,1.0,0.0,0.0,2015-05-12 16:00:00,0.0,1.1588237e-05,0.0,5.5832643e-06,5.7572615e-06
282.04175,1.0,1.0,0.0,0.0,2015-05-12 17:00:00,0.0,0.0,0.0,0.0,0.0
282.792,1.0,1.0,0.0033782488,0.0,2015-05-12 18:00:00,0.0,0.0,0.0,0.0,0.0
283.11792,0.9957922,0.9957922,0.0,0.0,2015-05-12 19:00:00,0.0,0.0,0.0,0.0,0.0
284.12598,0.98456097,0.98456097,0.0,0.0,2015-05-12 20:00:00,0.0,0.0,0.0,0.0,0.0
285.49194,0.87476814,0.87476814,0.0016249504,0.0,2015-05-12 21:00:00,0.0,0.0,0.0,0.0,0.0
285.68286,0.34486336,0.32592845,0.03359371,0.0,2015-05-12 22:00:00,0.0,0.0,0.0,0.0,0.0
285.92554,0.040132742,0.03776178,0.0067320913,0.0023709626,2015-05-12 23:00:00,0.0,0.0,0.0,0.0,0.0
285.65063,0.0,0.0,0.0,0.0,2015-05-13 00:00:00,0.0,0.0,0.0,0.0,0.0
284.75684,0.0,0.0,0.0,0.0,2015-05-13 01:00:00,0.0,0.0,0.0,0.0,0.0
283.8015,0.020210877,0.0,0.0,0.020210877,2015-05-13 02:00:00,0.0,0.0,0.0,0.0,0.0
281.58423,0.0,0.0,0.0,0.0,2015-05-13 03:00:00,0.0,0.0,0.0,0.0,0.0
280.8789,0.023737997,0.0,0.023737997,0.0,2015-05-13 04:00:00,0.0,0.0,0.0,0.0,0.0
280.32056,0.24571264,0.0,0.24571264,0.0,2015-05-13 05:00:00,0.0,0.0,0.0,0.0,0.0
279.22705,0.65133566,0.0,0.65133566,0.0,2015-05-13 06:00:00,0.0,0.0,0.0,0.0,0.0
279.87622,0.6770251,0.0,0.64251924,0.078529716,2015-05-13 07:00:00,0.0,0.0,0.0,0.0,0.0
280.2058,0.6709212,0.0,0.42715132,0.48980826,2015-05-13 08:00:00,0.0,0.0,0.0,0.0,0.0
280.24707,0.6766006,0.0,0.23852515,0.5641701,2015-05-13 09:00:00,0.0,0.0,0.0,0.0,0.0
279.36475,0.36484784,0.0,0.35363358,0.04987967,2015-05-13 10:00:00,0.0,0.0,0.0,0.0,0.0
279.3059,0.6935418,0.0,0.6924845,0.0010573287,2015-05-13 11:00:00,0.0,0.0,0.0,0.0,0.0
279.35962,0.4968801,0.0,0.43342477,0.18946016,2015-05-13 12:00:00,0.0,0.0,0.0,0.0,0.0
279.95142,0.792011,0.0,0.6274192,0.4438125,2015-05-13 13:00:00,0.0,0.0,0.0,0.0,0.0
280.89575,0.7131045,0.0,0.68933445,0.15375108,2015-05-13 14:00:00,0.0,0.0,0.0,0.0,0.0
284.19287,0.6137686,0.0,0.61214364,0.0065169036,2015-05-13 15:00:00,0.0,0.0,0.0,0.0,0.0
285.47803,0.51889265,0.0,0.36763328,0.23894554,2015-05-13 16:00:00,0.0,0.0,0.0,0.0,0.0
286.87378,0.5477618,0.0,0.39171237,0.2531209,2015-05-13 17:00:00,0.0,0.0,0.0,0.0,0.0
288.39453,0.128743,0.0,0.06605512,0.062687814,2015-05-13 18:00:00,0.0,0.0,0.0,0.0,0.0
289.61694,0.5828812,0.0,0.0033782488,0.5795274,2015-05-13 19:00:00,0.0,0.0,0.0,0.0,0.0
290.5161,0.9686002,0.0,0.0,0.9686002,2015-05-13 20:00:00,0.0,0.0,0.0,0.0,0.0
291.45703,0.96565866,0.0,0.0,0.96565866,2015-05-13 21:00:00,0.0,0.0,0.0,0.0,0.0
291.62817,0.8148574,0.0037288337,0.0,0.8132154,2015-05-13 22:00:00,0.0,0.0,0.0,0.0,0.0
291.55054,0.42675334,0.011102993,0.026934844,0.41035837,2015-05-13 23:00:00,0.0,0.0,0.0,0.0,0.0
291.156,1.0,0.009478044,0.29965538,1.0,2015-05-14 00:00:00,0.0,0.0,0.0,0.0,0.0
290.4358,1.0,0.0,0.3616897,1.0,2015-05-14 01:00:00,0.0,0.0,0.0,0.0,0.0
289.76538,1.0,0.0,0.3354572,1.0,2015-05-14 02:00:00,0.0,0.0,0.0,0.0,0.0
288.47314,1.0,0.0,0.1899851,1.0,2015-05-14 03:00:00,0.0,0.0,0.0,0.0,0.0
287.9104,1.0,0.0,0.24211514,1.0,2015-05-14 04:00:00,0.0,0.0,0.0,0.0,0.0
286.91113,1.0,0.0,0.14314902,1.0,2015-05-14 05:00:00,0.0,0.0,0.0,0.0,0.0
286.2434,1.0,0.0,0.0065169036,1.0,2015-05-14 06:00:00,0.0,0.0,0.0,0.0,0.0
286.1167,1.0,0.0,0.110994935,1.0,2015-05-14 07:00:00,0.0,0.0,0.0,0.0,0.0
285.75684,1.0,0.0,0.74499595,1.0,2015-05-14 08:00:00,0.0,0.0,0.0,0.0,0.0
284.86084,1.0,0.0,0.9916152,1.0,2015-05-14 09:00:00,0.0,0.0,0.0,0.0,0.0
284.9143,1.0,0.0,0.9942508,1.0,2015-05-14 10:00:00,0.0,0.0,0.0,0.0,0.0
284.83472,1.0,0.0,0.9882613,1.0,2015-05-14 11:00:00,1.0,1.0404581e-05,0.0,0.0,1.0404581e-05
284.7505,1.0,0.0,1.0,1.0,2015-05-14 12:00:00,1.0,8.171282e-05,0.0,0.0,8.171282e-05
284.29492,1.0,0.0,1.0,1.0,2015-05-14 13:00:00,1.0,0.00020159992,0.0,0.0,0.00020169542
283.8584,1.0,0.0,0.98999023,1.0,2015-05-14 14:00:00,1.0,0.00042292965,0.0,0.0,0.0004230251
284.1687,1.0,0.0065956153,1.0,1.0,2015-05-14 15:00:00,1.0,0.0005345857,0.0,0.0,0.00053496705
283.5437,1.0,0.3129171,1.0,1.0,2015-05-14 16:00:00,1.0,0.000713757,0.0,0.0,0.000713757
284.021,1.0,0.81280833,1.0,1.0,2015-05-14 17:00:00,1.0,0.0012078467,0.0,0.0,0.0012078467
284.18335,1.0,0.94933957,1.0,1.0,2015-05-14 18:00:00,1.0,0.001462538,0.0,0.0,0.0014626337
284.61572,1.0,0.94300586,1.0,1.0,2015-05-14 19:00:00,1.0,0.0016101485,0.0,0.0,0.0016101485
284.76147,1.0,1.0,1.0,1.0,2015-05-14 20:00:00,1.0,0.0015429228,0.0,0.0,0.0015429228
285.33765,1.0,1.0,1.0,1.0,2015-05-14 21:00:00,1.0,0.0012036199,0.0,0.0,0.0012038297
285.23364,1.0,1.0,1.0,1.0,2015-05-14 22:00:00,1.0,0.0012478237,0.0,0.0,0.0012480333
285.29126,1.0,1.0,1.0,1.0,2015-05-14 23:00:00,1.0,0.0015498269,0.0,0.0,0.0015498269
285.20117,1.0,1.0,1.0,0.99946827,2015-05-15 00:00:00,1.0,0.001624726,0.0,0.0,0.0016246119
285.2959,1.0,1.0,1.0,1.0,2015-05-15 01:00:00,1.0,0.0015100793,0.0,0.0,0.0015100793
285.32422,1.0,1.0,1.0,0.9571941,2015-05-15 02:00:00,1.0,0.000986632,0.0,0.0,0.000986632
285.3452,1.0,1.0,1.0,0.79371816,2015-05-15 03:00:00,1.0,0.00036436808,0.0,0.0,0.00036436808
285.34497,1.0,1.0,1.0,0.6346806,2015-05-15 04:00:00,1.0,0.00010644911,0.0,0.0,0.00010656318
285.37793,1.0,1.0,0.9989426,0.14781463,2015-05-15 05:00:00,1.0,4.71323e-05,0.0,0.0,4.7455964e-05
285.64697,1.0,1.0,0.7216741,0.0,2015-05-15 06:00:00,1.0,5.909169e-06,0.0,0.0,5.9277536e-06
285.77954,1.0,1.0,0.24941528,0.0,2015-05-15 07:00:00,0.0,1.7157063e-06,0.0,0.0,1.829786e-06
285.9021,1.0,1.0,0.02243806,0.0,2015-05-15 08:00:00,0.0,0.0,0.0,0.0,0.0
285.71875,1.0,1.0,0.064876854,0.0,2015-05-15 09:00:00,0.0,0.0,0.0,0.0,0.0
285.31885,1.0,1.0,0.0,0.0,2015-05-15 10:00:00,1.0,2.6726156e-07,0.0,0.0,2.6726156e-07
285.20386,1.0,1.0,0.0,0.0,2015-05-15 11:00:00,1.0,1.1446655e-06,0.0,1.432436e-07,9.536743e-07
285.0774,1.0,1.0,0.0,0.0,2015-05-15 12:00:00,1.0,3.6083293e-06,0.0,2.864872e-07,3.4173372e-06
285.1604,1.0,1.0,0.0,0.004750259,2015-05-15 13:00:00,1.0,6.166205e-06,0.0,1.9576619e-06,4.2562906e-06
285.3318,1.0,1.0,0.0,0.12582242,2015-05-15 14:00:00,1.0,2.0556632e-05,0.0,1.3846875e-06,1.91242e-05
286.7085,0.9905161,0.9905161,0.0,0.034849647,2015-05-15 15:00:00,1.0,1.1567153e-05,0.0,5.9492577e-06,5.5701466e-06
287.24072,1.0,1.0,0.0,0.5657391,2015-05-15 16:00:00,1.0,1.8420309e-05,0.0,1.8118526e-06,1.6703954e-05
287.60278,1.0,1.0,0.0,0.875108,2015-05-15 17:00:00,0.0,9.3604585e-06,0.0,3.0475053e-07,8.865038e-06
288.0149,1.0,1.0,0.0037288337,0.8943736,2015-05-15 18:00:00,0.0,2.972527e-06,0.0,0.0,2.972527e-06
288.42017,1.0,1.0,0.0,1.0,2015-05-15 19:00:00,0.0,1.2202845e-06,0.0,0.0,1.2202845e-06
289.11816,1.0,1.0,0.0,1.0,2015-05-15 20:00:00,0.0,0.0,0.0,0.0,0.0
290.38965,1.0,0.96633786,0.0,1.0,2015-05-15 21:00:00,0.0,0.0,0.0,0.0,0.0
290.41748,1.0,0.98106354,0.0,0.99627113,2015-05-15 22:00:00,0.0,0.0,0.0,0.0,0.0
290.51855,1.0,0.98038083,0.0015890491,0.99262583,2015-05-15 23:00:00,0.0,0.0,0.0,0.0,0.0
290.24072,1.0,0.9721434,0.0,1.0,2015-05-16 00:00:00,0.0,0.0,0.0,0.0,0.0
289.85254,1.0,0.84722304,0.00053172023,1.0,2015-05-16 01:00:00,0.0,0.0,0.0,0.0,0.0
289.083,0.99156755,0.8186231,0.019270774,0.98045266,2015-05-16 02:00:00,0.0,0.0,0.0,0.0,0.0
287.82983,0.73240656,0.5889379,0.17804962,0.29688966,2015-05-16 03:00:00,0.0,0.0,0.0,0.0,0.0
287.344,0.7182794,0.40549856,0.23359168,0.48182005,2015-05-16 04:00:00,0.0,0.0,0.0,0.0,0.0
286.78833,0.73919535,0.35497457,0.35312486,0.4754933,2015-05-16 05:00:00,0.0,0.0,0.0,0.0,0.0
285.8672,0.8719305,0.6570621,0.61757165,0.24709517,2015-05-16 06:00:00,0.0,0.0,0.0,0.0,0.0
285.83936,0.62026227,0.09931004,0.51442194,0.16483825,2015-05-16 07:00:00,1.0,0.00023828064,0.0,0.00023760319,5.3452317e-07
286.10156,0.5030435,0.12354076,0.34524035,0.20313305,2015-05-16 08:00:00,0.0,2.6726156e-07,0.0,0.0,2.6726156e-07
285.69214,0.7728365,0.15388149,0.33532768,0.6699998,2015-05-16 09:00:00,0.0,0.0,0.0,0.0,0.0
286.37354,0.94230354,0.09735739,0.04975562,0.91406494,2015-05-16 10:00:00,0.0,0.0,0.0,0.0,0.0
286.37964,0.88622314,0.061352096,0.11890328,0.844991,2015-05-16 11:00:00,0.0,0.0,0.0,0.0,0.0
286.70044,0.8354556,0.059047043,0.23971176,0.76243395,2015-05-16 12:00:00,1.0,0.0,0.0,0.0,0.0
287.62793,0.84406954,0.10942501,0.32222086,0.7877508,2015-05-16 13:00:00,1.0,0.0,0.0,0.0,0.0
289.10718,0.9039805,0.14191836,0.20452315,0.8715438,2015-05-16 14:00:00,1.0,1.0305857e-06,0.0,0.0,1.0882713e-06
292.51978,0.9384625,0.2029047,0.21028447,0.90852493,2015-05-16 15:00:00,0.0,1.4875468e-06,0.0,0.0,1.4875468e-06
293.66748,0.97403055,0.3611846,0.23989111,0.9613207,2015-05-16 16:00:00,0.0,9.914838e-07,0.0,0.0,9.914838e-07
294.83154,0.9745095,0.59163606,0.28418267,0.9536021,2015-05-16 17:00:00,0.0,1.3039333e-05,0.0,1.2122831e-05,8.5946164e-07
295.0349,0.99174684,0.81269157,0.31714422,0.91470224,2015-05-16 18:00:00,1.0,5.9393104e-05,0.0,2.6745256e-05,3.2676675e-05
295.32568,0.9809314,0.9756325,0.20559806,0.7335396,2015-05-16 19:00:00,1.0,1.4599336e-05,0.0,1.4590045e-05,0.0
295.6692,0.9247924,0.91291237,0.21822011,0.19641757,2015-05-16 20:00:00,1.0,1.9079947e-05,0.0,1.9118088e-05,0.0
297.04834,0.8386025,0.6264008,0.22630537,0.47904277,2015-05-16 21:00:00,1.0,1.3929547e-05,0.0,1.40343345e-05,2.6726156e-07
297.13232,0.9989426,0.97222334,0.80661637,0.7771515,2015-05-16 22:00:00,0.0,1.4375008e-05,0.0,1.4241377e-05,0.0
297.4712,0.941042,0.5431493,0.5122899,0.8783778,2015-05-16 23:00:00,0.0,0.0,0.0,0.0,0.0
297.3694,0.845484,0.15331107,0.2359851,0.7909278,2015-05-17 00:00:00,0.0,0.0,0.0,0.0,0.0
296.93945,0.7629037,0.16973126,0.07875705,0.6981769,2015-05-17 01:00:00,1.0,0.0,0.0,0.0,0.0
296.58447,0.87104374,0.075992525,0.11793065,0.8542805,2015-05-17 02:00:00,1.0,1.0690455e-06,0.0,0.0,1.0690455e-06
294.75073,1.0,0.042508442,0.31626058,0.9955251,2015-05-17 03:00:00,1.0,3.869807e-06,0.0,0.0,3.869807e-06
294.33423,0.9385427,0.05792913,0.2054612,0.9038573,2015-05-17 04:00:00,1.0,4.7973648e-05,0.0,4.2871383e-05,5.3599206e-06
293.3977,0.6396294,0.17849755,0.1421544,0.5107669,2015-05-17 05:00:00,1.0,0.0009854326,0.0,0.0009800442,5.5502796e-06
292.48462,0.77251905,0.2905634,0.12077361,0.65637594,2015-05-17 06:00:00,1.0,0.0011467484,0.0,0.0011347844,1.2326674e-05
292.26855,0.90032256,0.16909564,0.14928025,0.8777578,2015-05-17 07:00:00,1.0,0.0010197887,0.0,0.0009844182,3.522751e-05
292.0857,1.0,0.37145752,0.3138619,1.0,2015-05-17 08:00:00,1.0,0.0007258286,0.0,0.0007029986,2.2915818e-05
291.63916,1.0,0.5304392,0.3845603,1.0,2015-05-17 09:00:00,1.0,0.0016780752,0.0,0.0016155334,6.2751846e-05
292.64453,1.0,0.5363817,0.45544928,1.0,2015-05-17 10:00:00,1.0,0.00073115644,0.0,0.00064441096,8.656415e-05
292.5149,1.0,0.28653467,0.7234714,1.0,2015-05-17 11:00:00,1.0,0.00017861088,0.0,4.430677e-05,0.00013417048
292.6499,1.0,0.2746384,0.7768356,1.0,2015-05-17 12:00:00,1.0,0.0003867133,0.0,0.00023238394,0.00015410026
292.43262,1.0,0.82768494,0.47626525,1.0,2015-05-17 13:00:00,1.0,6.6979206e-05,0.0,2.9157745e-05,3.838417e-05
292.8667,1.0,0.9726495,0.8750938,0.99627113,2015-05-17 14:00:00,1.0,0.0006454573,0.0,0.00053129625,0.00011395084
293.44214,0.98307747,0.63314986,0.9518921,0.5754508,2015-05-17 15:00:00,1.0,0.00096099474,0.0,0.0008000068,0.00016135069
293.60986,0.9907832,0.979465,0.93479884,0.011474017,2015-05-17 16:00:00,1.0,0.0004942473,0.0,0.0003475251,0.0001468462
294.17407,0.5709436,0.4478258,0.34863913,0.0063116476,2015-05-17 17:00:00,1.0,0.0005242422,0.0,0.00027383538,0.00025010156
293.53198,0.23311579,0.07214171,0.18724906,0.09846628,2015-05-17 18:00:00,1.0,0.0012770637,0.0,0.0011619099,0.00011452389
293.6338,0.7107622,0.043343052,0.31498057,0.6167851,2015-05-17 19:00:00,0.0,1.4972934e-05,0.0,1.4429444e-05,1.9099144e-07
295.17407,0.80883974,0.11699557,0.43281,0.7353736,2015-05-17 20:00:00,0.0,0.0005100714,0.0,0.0005059496,3.949918e-06
295.6233,0.48748583,0.29753244,0.27159476,0.1736452,2015-05-17 21:00:00,1.0,0.00014075353,0.0,0.00012068385,1.9936051e-05
292.17847,0.39202958,0.07483506,0.18474889,0.25346363,2015-05-17 22:00:00,1.0,2.8462862e-05,0.0,2.5733229e-05,2.7866863e-06
292.71045,0.83150715,0.33455485,0.4507345,0.63812137,2015-05-17 23:00:00,1.0,0.0008239085,0.0,0.0008129799,1.11865265e-05
291.86206,0.5576882,0.087525904,0.3032676,0.40015626,2015-05-18 00:00:00,1.0,0.002705242,0.0,0.0025527724,0.00015259376
291.91284,0.588385,0.3420381,0.4455827,0.12362236,2015-05-18 01:00:00,1.0,6.841068e-05,0.0,1.32130535e-05,5.513098e-05
290.55127,0.98230386,0.98230386,0.10062307,0.011520103,2015-05-18 02:00:00,0.0,1.4947293e-05,0.0,1.3038973e-05,2.3662524e-06
287.05933,0.9897759,0.9897759,0.019460037,0.0066281483,2015-05-18 03:00:00,0.0,0.0,0.0,1.9067068e-07,0.0
285.50977,0.9918153,0.9918153,0.044439558,0.0,2015-05-18 04:00:00,0.0,2.2815959e-07,0.0,4.2908925e-07,0.0
283.9402,0.7278515,0.7278515,0.0,0.0,2015-05-18 05:00:00,0.0,0.0,0.0,0.0,0.0
282.28125,0.45438302,0.45438302,0.0,0.0,2015-05-18 06:00:00,0.0,0.0,0.0,0.0,0.0
281.87036,0.9227153,0.9227153,0.0,0.0,2015-05-18 07:00:00,0.0,0.0,0.0,0.0,0.0
281.5166,0.99525803,0.99525803,0.0,0.016762644,2015-05-18 08:00:00,0.0,0.0,0.0,0.0,0.0
280.11646,0.99525803,0.99525803,0.009766806,0.33061105,2015-05-18 09:00:00,0.0,0.0,0.0,0.0,0.0
278.6687,1.0,1.0,0.13859141,0.44106507,2015-05-18 10:00:00,0.0,0.0,0.0,0.0,0.0
278.5349,1.0,1.0,0.083752096,0.0021207693,2015-05-18 11:00:00,0.0,0.0,0.0,0.0,0.0
278.29907,1.0,1.0,0.23860455,0.026803128,2015-05-18 12:00:00,0.0,0.0,0.0,0.0,0.0
278.17603,1.0,1.0,0.3597114,0.0,2015-05-18 13:00:00,0.0,0.0,0.0,0.0,0.0
278.18774,1.0,1.0,0.7029315,0.0,2015-05-18 14:00:00,0.0,0.0,0.0,0.0,0.0
278.64795,1.0,1.0,0.80707914,0.0197488,2015-05-18 15:00:00,0.0,0.0,0.0,0.0,0.0
279.01782,1.0,1.0,0.80051655,0.019737925,2015-05-18 16:00:00,0.0,0.0,0.0,0.0,0.0
279.1853,1.0,1.0,0.7808472,0.03396574,2015-05-18 17:00:00,0.0,0.0,0.0,0.0,0.0
279.82446,1.0,1.0,0.63071215,0.0,2015-05-18 18:00:00,0.0,0.0,0.0,0.0,0.0
280.02148,1.0,1.0,0.84448797,0.0,2015-05-18 19:00:00,0.0,0.0,0.0,0.0,0.0
280.13647,1.0,1.0,0.9978792,0.0,2015-05-18 20:00:00,0.0,2.2815959e-07,0.0,0.0,3.813414e-07
280.2561,1.0,1.0,1.0,0.0,2015-05-18 21:00:00,1.0,9.908417e-07,0.0,0.0,9.908417e-07
279.9016,1.0,1.0,1.0,0.0,2015-05-18 22:00:00,1.0,1.1267184e-05,0.0,0.0,1.1744021e-05
279.66553,1.0,0.99675006,1.0,0.0,2015-05-18 23:00:00,1.0,1.7234677e-05,0.0,0.0,1.7234677e-05
279.79663,1.0,0.9966217,0.9949968,0.0,2015-05-19 00:00:00,1.0,3.5076919e-06,0.0,0.0,3.5076919e-06
279.5017,1.0,0.985362,0.998375,0.0,2015-05-19 01:00:00,1.0,9.177221e-06,0.0,5.623947e-07,8.185736e-06
279.24536,1.0,1.0,0.979661,0.0,2015-05-19 02:00:00,1.0,2.8833878e-05,0.0,0.0,2.9119721e-05
278.4182,1.0,1.0,0.96821195,0.0,2015-05-19 03:00:00,1.0,2.0131556e-05,0.0,0.0,1.9864296e-05
278.35376,1.0,1.0,0.98999023,0.0,2015-05-19 04:00:00,0.0,4.5741535e-06,0.0,0.0,4.5741535e-06
277.99,1.0,1.0,0.9548989,0.0,2015-05-19 05:00:00,0.0,0.0,0.0,0.0,0.0
277.5813,1.0,0.9978961,0.9820871,0.0032499009,2015-05-19 06:00:00,0.0,0.0,0.0,0.0,0.0
277.59497,0.98821795,0.9710704,0.9762719,0.060066614,2015-05-19 07:00:00,0.0,9.908417e-07,0.0,0.0,9.908417e-07
277.32568,0.8095812,0.7802557,0.5488082,0.0,2015-05-19 08:00:00,0.0,0.0,0.0,0.0,0.0
277.01904,0.38017905,0.3772825,0.019318685,0.0,2015-05-19 09:00:00,0.0,0.0,0.0,0.0,0.0
275.84302,0.2300641,0.2300641,0.0021207693,0.0,2015-05-19 10:00:00,0.0,0.0,0.0,0.0,0.0
275.739,0.15152574,0.15152574,0.0,0.0,2015-05-19 11:00:00,0.0,0.0,0.0,0.0,0.0
275.9524,0.12720889,0.12720889,0.0,0.0,2015-05-19 12:00:00,0.0,0.0,0.0,0.0,0.0
276.45776,0.6407943,0.6407943,0.0,0.0,2015-05-19 13:00:00,0.0,0.0,0.0,0.0,0.0
277.2749,0.9640646,0.9640646,0.0,0.0,2015-05-19 14:00:00,0.0,0.0,0.0,0.0,0.0
279.8269,0.8979659,0.8979659,0.0,0.0,2015-05-19 15:00:00,0.0,0.0,0.0,0.0,0.0
280.93457,0.8218641,0.6021099,0.0,0.49662244,2015-05-19 16:00:00,0.0,0.0,0.0,0.0,0.0
281.83643,0.9727329,0.0,0.0,0.9727329,2015-05-19 17:00:00,0.0,0.0,0.0,0.0,0.0
283.323,0.34462267,0.290443,0.0,0.070851564,2015-05-19 18:00:00,0.0,0.0,0.0,0.0,0.0
284.3855,0.3858347,0.37923098,0.0,0.024095546,2015-05-19 19:00:00,0.0,0.0,0.0,0.0,0.0
285.0144,0.4903366,0.4813617,0.0,0.020551655,2015-05-19 20:00:00,0.0,0.0,0.0,0.0,0.0
286.24854,0.7818359,0.13854063,0.0,0.7723594,2015-05-19 21:00:00,0.0,0.0,0.0,0.0,0.0
286.22632,0.9850148,0.0,0.0,0.9850148,2015-05-19 22:00:00,0.0,0.0,0.0,0.0,0.0
286.2544,0.14777863,0.0,0.0,0.14777863,2015-05-19 23:00:00,0.0,0.0,0.0,0.0,0.0
286.19604,0.99001795,0.0,0.0,0.99001795,2015-05-20 00:00:00,0.0,0.0,0.0,0.0,0.0
285.5298,0.94342285,0.0,0.0,0.94342285,2015-05-20 01:00:00,0.0,0.0,0.0,0.0,0.0
283.92822,0.5506033,0.0,0.0,0.5506033,2015-05-20 02:00:00,0.0,0.0,0.0,0.0,0.0
281.7832,0.66540253,0.0,0.0,0.66540253,2015-05-20 03:00:00,0.0,0.0,0.0,0.0,0.0
281.16797,0.9566614,0.0,0.0,0.9566614,2015-05-20 04:00:00,0.0,0.0,0.0,0.0,0.0
280.58105,0.94318956,0.0,0.0,0.94318956,2015-05-20 05:00:00,0.0,0.0,0.0,0.0,0.0
279.71826,0.5190526,0.0,0.0,0.5190526,2015-05-20 06:00:00,0.0,0.0,0.0,0.0,0.0
278.94873,0.39327848,0.0,0.0058244728,0.39327848,2015-05-20 07:00:00,0.0,0.0,0.0,0.0,0.0
278.83594,0.73070526,0.0,0.03390786,0.73070526,2015-05-20 08:00:00,0.0,0.0,0.0,0.0,0.0
278.0022,0.98527604,0.0,0.18952978,0.98527604,2015-05-20 09:00:00,0.0,0.0,0.0,0.0,0.0
278.9585,0.99609,0.0,0.9425933,0.99609,2015-05-20 10:00:00,0.0,0.0,0.0,0.0,0.0
279.18384,0.8801545,0.0,0.8764257,0.5528593,2015-05-20 11:00:00,0.0,0.0,0.0,0.0,0.0
279.8191,0.99368834,0.0,0.97579473,0.90248865,2015-05-20 12:00:00,0.0,0.0,0.0,0.0,0.0
280.98267,0.97262985,0.0,0.9692687,0.96103376,2015-05-20 13:00:00,0.0,0.0,0.0,0.0,0.0
282.58496,1.0,0.0,1.0,0.99576455,2015-05-20 14:00:00,0.0,1.6035692e-06,0.0,1.7371995e-06,0.0
285.60742,0.9970973,0.0,0.9970973,0.9026831,2015-05-20 15:00:00,1.0,0.0,0.0,2.6726156e-07,0.0
286.54663,0.9973536,0.0,0.99397534,0.78045183,2015-05-20 16:00:00,0.0,2.2815959e-07,0.0,1.9067068e-07,0.0
286.65503,1.0,0.0,1.0,0.8957469,2015-05-20 17:00:00,0.0,0.0,0.0,0.0,0.0
287.2412,1.0,0.0,1.0,0.84922975,2015-05-20 18:00:00,0.0,1.661625e-05,0.0,1.6663995e-05,0.0
287.58936,1.0,0.0026463778,1.0,0.76954734,2015-05-20 19:00:00,0.0,0.0,0.0,0.0,0.0
288.38477,0.9949934,0.031363588,0.9949934,0.7489973,2015-05-20 20:00:00,0.0,0.0,0.0,0.0,0.0
288.6665,0.99946827,0.045120113,0.9928895,0.8052554,2015-05-20 21:00:00,0.0,0.0,0.0,0.0,0.0
288.60645,0.97583723,0.01237312,0.94025415,0.7939719,2015-05-20 22:00:00,0.0,0.0,0.0,0.0,0.0
288.71265,0.08829349,0.0,0.08829349,0.0,2015-05-20 23:00:00,0.0,0.0,0.0,0.0,0.0
288.45874,0.004207764,0.0,0.004207764,0.0,2015-05-21 00:00:00,0.0,0.0,0.0,0.0,0.0
287.239,0.005003199,0.0,0.0,0.005003199,2015-05-21 01:00:00,0.0,0.0,0.0,0.0,0.0
286.17993,0.0,0.0,0.0,0.0,2015-05-21 02:00:00,0.0,0.0,0.0,0.0,0.0
283.17554,0.0,0.0,0.0,0.0,2015-05-21 03:00:00,0.0,0.0,0.0,0.0,0.0
282.77954,0.0,0.0,0.0,0.0,2015-05-21 04:00:00,0.0,0.0,0.0,0.0,0.0
281.94922,0.0,0.0,0.0,0.0,2015-05-21 05:00:00,0.0,0.0,0.0,0.0,0.0
281.76978,0.0,0.0,0.0,0.0,2015-05-21 06:00:00,0.0,0.0,0.0,0.0,0.0
281.9541,0.0,0.0,0.0,0.0,2015-05-21 07:00:00,0.0,0.0,0.0,0.0,0.0
281.49243,0.0,0.0,0.0,0.0,2015-05-21 08:00:00,0.0,0.0,0.0,0.0,0.0
280.63232,0.0067320913,0.0,0.0067320913,0.0,2015-05-21 09:00:00,0.0,0.0,0.0,0.0,0.0
280.43872,0.0048919544,0.0,0.0048919544,0.0,2015-05-21 10:00:00,0.0,0.0,0.0,0.0,0.0
280.33057,0.128492,0.0,0.128492,0.0,2015-05-21 11:00:00,0.0,0.0,0.0,0.0,0.0
280.97046,0.38456756,0.0,0.38456756,0.0,2015-05-21 12:00:00,0.0,0.0,0.0,0.0,0.0
282.57812,0.2985807,0.0,0.2985807,0.0,2015-05-21 13:00:00,0.0,0.0,0.0,0.0,0.0
285.28052,0.07602149,0.0,0.07602149,0.0,2015-05-21 14:00:00,0.0,0.0,0.0,0.0,0.0
289.594,0.0021207693,0.0,0.0021207693,0.0,2015-05-21 15:00:00,0.0,0.0,0.0,0.0,0.0
291.66528,0.0,0.0,0.0,0.0,2015-05-21 16:00:00,0.0,0.0,0.0,0.0,0.0
293.24414,0.0,0.0,0.0,0.0,2015-05-21 17:00:00,0.0,0.0,0.0,0.0,0.0
294.14502,0.059690557,0.04720925,0.015842445,0.0,2015-05-21 18:00:00,0.0,0.0,0.0,0.0,0.0
294.89917,0.09059793,0.041835472,0.08716965,0.0,2015-05-21 19:00:00,0.0,0.0,0.0,0.0,0.0
295.2578,0.09198636,0.0,0.09198636,0.0,2015-05-21 20:00:00,0.0,0.0,0.0,0.0,0.0
295.69727,0.09383273,0.0,0.09383273,0.0,2015-05-21 21:00:00,0.0,0.0,0.0,0.0,0.0
295.43164,0.0,0.0,0.0,0.0,2015-05-21 22:00:00,0.0,0.0,0.0,0.0,0.0
295.15674,0.0,0.0,0.0,0.0,2015-05-21 23:00:00,0.0,0.0,0.0,0.0,0.0
294.56836,0.0,0.0,0.0,0.0,2015-05-22 00:00:00,0.0,0.0,0.0,0.0,0.0
293.4082,0.0,0.0,0.0,0.0,2015-05-22 01:00:00,0.0,0.0,0.0,0.0,0.0
290.65332,0.0,0.0,0.0,0.0,2015-05-22 02:00:00,0.0,0.0,0.0,0.0,0.0
287.1233,0.0,0.0,0.0,0.0,2015-05-22 03:00:00,0.0,0.0,0.0,0.0,0.0
286.21997,0.0,0.0,0.0,0.0,2015-05-22 04:00:00,0.0,0.0,0.0,0.0,0.0
285.51196,0.0,0.0,0.0,0.0,2015-05-22 05:00:00,0.0,0.0,0.0,0.0,0.0
284.14453,0.0,0.0,0.0,0.0,2015-05-22 06:00:00,0.0,0.0,0.0,0.0,0.0
283.8506,0.0,0.0,0.0,0.0,2015-05-22 07:00:00,0.0,0.0,0.0,0.0,0.0
282.82153,0.0,0.0,0.0,0.0,2015-05-22 08:00:00,0.0,0.0,0.0,0.0,0.0
280.61035,0.0,0.0,0.0,0.0,2015-05-22 09:00:00,0.0,0.0,0.0,0.0,0.0
281.0022,0.0,0.0,0.0,0.0,2015-05-22 10:00:00,0.0,0.0,0.0,0.0,0.0
281.05127,0.0,0.0,0.0,0.0,2015-05-22 11:00:00,0.0,0.0,0.0,0.0,0.0
282.08325,0.0,0.0,0.0,0.0,2015-05-22 12:00:00,0.0,0.0,0.0,0.0,0.0
284.07324,0.0,0.0,0.0,0.0,2015-05-22 13:00:00,0.0,0.0,0.0,0.0,0.0
287.45142,0.0,0.0,0.0,0.0,2015-05-22 14:00:00,0.0,0.0,0.0,0.0,0.0
291.81152,0.0,0.0,0.0,0.0,2015-05-22 15:00:00,0.0,0.0,0.0,0.0,0.0
293.04907,0.0,0.0,0.0,0.0,2015-05-22 16:00:00,0.0,0.0,0.0,0.0,0.0
293.80127,0.0,0.0,0.0,0.0,2015-05-22 17:00:00,0.0,0.0,0.0,0.0,0.0
294.41992,0.010519415,0.0,0.0,0.010519415,2015-05-22 18:00:00,0.0,0.0,0.0,0.0,0.0
294.75122,0.091124,0.0,0.0,0.091124,2015-05-22 19:00:00,0.0,0.0,0.0,0.0,0.0
295.1443,0.31814212,0.0,0.0,0.31814212,2015-05-22 20:00:00,0.0,0.0,0.0,0.0,0.0
295.64185,0.08391988,0.0,0.0,0.08391988,2015-05-22 21:00:00,0.0,0.0,0.0,0.0,0.0
295.64526,0.42663383,0.0,0.0,0.42663383,2015-05-22 22:00:00,0.0,0.0,0.0,0.0,0.0
295.65698,0.93188554,0.0,0.0,0.93188554,2015-05-22 23:00:00,0.0,0.0,0.0,0.0,0.0
295.49,0.9913737,0.0,0.0,0.9913737,2015-05-23 00:00:00,0.0,0.0,0.0,0.0,0.0
294.26538,0.99946827,0.0,0.0,0.99946827,2015-05-23 01:00:00,0.0,0.0,0.0,0.0,0.0
291.17114,1.0,0.0,0.0,1.0,2015-05-23 02:00:00,0.0,0.0,0.0,0.0,0.0
288.68774,0.9978961,0.0,0.0,0.9978961,2015-05-23 03:00:00,0.0,0.0,0.0,0.0,0.0
288.14575,0.9949934,0.0,0.0,0.9949934,2015-05-23 04:00:00,0.0,0.0,0.0,0.0,0.0
287.2102,0.9673445,0.0,0.0,0.9673445,2015-05-23 05:00:00,0.0,0.0,0.0,0.0,0.0
286.03442,0.7439886,0.0,0.0,0.7439886,2015-05-23 06:00:00,0.0,0.0,0.0,0.0,0.0
285.7473,0.019251551,0.0,0.00053172023,0.01871983,2015-05-23 07:00:00,0.0,0.0,0.0,0.0,0.0
285.13037,0.057527684,0.0,0.0,0.057527684,2015-05-23 08:00:00,0.0,0.0,0.0,0.0,0.0
284.28687,0.24151123,0.0,0.008432418,0.23308492,2015-05-23 09:00:00,0.0,0.0,0.0,0.0,0.0
284.72168,0.3804369,0.0,0.093476236,0.3380553,2015-05-23 10:00:00,0.0,0.0,0.0,0.0,0.0
284.5703,0.5355488,0.0,0.29099596,0.46714592,2015-05-23 11:00:00,0.0,0.0,0.0,0.0,0.0
285.43506,0.80186945,0.0,0.69854164,0.52726746,2015-05-23 12:00:00,0.0,0.0,0.0,0.0,0.0
286.79858,0.9673656,0.0,0.9673656,0.8365277,2015-05-23 13:00:00,0.0,0.0,0.0,0.0,0.0
288.43555,1.0,0.0,1.0,0.9634225,2015-05-23 14:00:00,0.0,0.0,0.0,0.0,0.0
291.73267,0.98902726,0.0,0.9819229,0.87572163,2015-05-23 15:00:00,0.0,0.0,0.0,0.0,0.0
292.7666,0.9715164,0.0,0.9415725,0.7869714,2015-05-23 16:00:00,0.0,1.0957725e-05,0.0,1.0957725e-05,0.0
293.28516,1.0,0.0,0.9942508,0.9613363,2015-05-23 17:00:00,0.0,0.00012207519,0.0,0.00012207519,0.0
293.97266,1.0,0.0,0.59960955,1.0,2015-05-23 18:00:00,0.0,0.0002828336,0.0,0.00028239517,0.0
293.92627,1.0,0.0,0.88657165,1.0,2015-05-23 19:00:00,0.0,0.0,0.0,0.0,0.0
294.57324,1.0,0.00053172023,0.9949968,0.89967465,2015-05-23 20:00:00,0.0,0.0,0.0,0.0,0.0
294.7046,1.0,0.0,0.89218533,1.0,2015-05-23 21:00:00,1.0,0.00024053163,0.0,0.00024025477,0.0
293.84033,0.79650724,0.0071128868,0.7383611,0.26840216,2015-05-23 22:00:00,1.0,0.00035023177,0.0,0.0003502888,0.0
293.29126,1.0,0.0,0.5723651,1.0,2015-05-23 23:00:00,0.0,0.00022075807,0.0,0.00022075807,0.0
293.09692,1.0,0.0,0.28469056,1.0,2015-05-24 00:00:00,0.0,0.0,0.0,0.0,0.0
292.63672,0.8259906,0.0,0.18189538,0.76073,2015-05-24 01:00:00,0.0,0.0,0.0,0.0,0.0
291.90747,1.0,0.0,0.17062187,1.0,2015-05-24 02:00:00,0.0,0.0,0.0,0.0,0.0
290.32227,1.0,0.0063116476,0.4832096,1.0,2015-05-24 03:00:00,0.0,0.0,0.0,0.0,0.0
289.63477,1.0,0.013307486,0.43505305,1.0,2015-05-24 04:00:00,1.0,6.635985e-05,0.0,6.622622e-05,0.0
289.4956,1.0,0.004207764,0.45061284,1.0,2015-05-24 05:00:00,0.0,0.00011292126,0.0,0.00011315968,0.0
288.8662,1.0,0.018420115,0.49805325,1.0,2015-05-24 06:00:00,0.0,0.00017074205,0.0,0.00017074205,0.0
287.94458,0.97896683,0.004207764,0.5862908,0.9444697,2015-05-24 07:00:00,1.0,0.00022546788,0.0,0.00022548743,0.0
287.63013,1.0,0.012144364,0.5291024,1.0,2015-05-24 08:00:00,0.0,0.00031634304,0.0,0.00031639077,0.0
287.3816,1.0,0.0037288337,0.6523176,1.0,2015-05-24 09:00:00,0.0,0.000106073276,0.0,0.00010610212,0.0
288.33398,1.0,0.0,0.96784306,1.0,2015-05-24 10:00:00,0.0,3.7449485e-05,0.0,3.749723e-05,0.0
288.45605,1.0,0.0032499009,0.95487463,1.0,2015-05-24 11:00:00,0.0,0.0,0.0,0.0,0.0
288.9231,1.0,0.0065169036,0.99348307,1.0,2015-05-24 12:00:00,0.0,0.0,0.0,0.0,0.0
289.54468,1.0,0.008732032,0.89544874,1.0,2015-05-24 13:00:00,0.0,0.0,0.0,0.0,0.0
290.20483,1.0,0.029998776,1.0,1.0,2015-05-24 14:00:00,0.0,0.0,0.0,0.0,0.0
291.45166,1.0,0.033349253,0.9966217,1.0,2015-05-24 15:00:00,0.0,8.917582e-06,0.0,8.689422e-06,0.0
291.52954,1.0,0.12811512,1.0,1.0,2015-05-24 16:00:00,0.0,1.9099144e-07,0.0,0.0,1.9099144e-07
291.77686,1.0,0.18300551,1.0,1.0,2015-05-24 17:00:00,0.0,1.5279311e-06,0.0,0.0,1.432436e-06
291.71558,1.0,0.29496914,1.0,1.0,2015-05-24 18:00:00,0.0,9.777733e-06,0.0,0.0,9.873229e-06
291.01172,1.0,0.7210498,0.9828788,0.97549146,2015-05-24 19:00:00,1.0,0.00078962836,0.0,6.0322154e-06,0.0007835487
290.31128,1.0,0.8552213,0.9810635,0.99736434,2015-05-24 20:00:00,1.0,0.0011989493,0.0,6.517066e-06,0.0011925087
289.76587,1.0,0.82824177,0.9978961,0.9857852,2015-05-24 21:00:00,1.0,0.0012354637,0.0,9.3380254e-07,0.0012342054
288.92432,1.0,1.0,1.0,1.0,2015-05-24 22:00:00,1.0,0.0011698119,0.0,0.0,0.0011695446
288.7871,1.0,1.0,1.0,1.0,2015-05-24 23:00:00,1.0,0.0017539314,0.0,0.0,0.0017539498
288.72583,1.0,1.0,1.0,1.0,2015-05-25 00:00:00,1.0,0.0016779227,0.0,1.3363075e-07,0.0016777508
288.72192,1.0,1.0,1.0,0.99627113,2015-05-25 01:00:00,1.0,0.0014497298,0.0,2.978505e-05,0.0014201261
288.60938,1.0,1.0,1.0,1.0,2015-05-25 02:00:00,1.0,0.0014456206,0.0,0.00019752483,0.0012483622
288.12622,1.0,1.0,0.9949765,1.0,2015-05-25 03:00:00,1.0,0.0014506741,0.0,0.00018815768,0.0012624117
288.08594,1.0,1.0,0.9966217,1.0,2015-05-25 04:00:00,1.0,0.0020437709,0.0,0.00022668185,0.001817032
288.05103,1.0,0.98599917,0.99946827,0.99657166,2015-05-25 05:00:00,1.0,0.0019303376,0.0,0.00025467644,0.0016757378
287.91895,1.0,0.9978792,0.9989426,0.998375,2015-05-25 06:00:00,1.0,0.0009281044,0.0,0.00015163755,0.0007763908
287.92383,1.0,1.0,0.9811232,0.9978961,2015-05-25 07:00:00,1.0,0.0009579805,0.0,0.00011934276,0.000838981
287.85864,1.0,1.0,0.9430023,0.7964572,2015-05-25 08:00:00,1.0,0.00072619994,0.0,9.947372e-05,0.0006267361
287.8545,1.0,1.0,0.87519073,0.71017635,2015-05-25 09:00:00,1.0,0.00043267012,0.0,4.9268012e-05,0.00038361154
288.01758,1.0,0.9947011,0.6822471,0.97511965,2015-05-25 10:00:00,1.0,0.00029892777,0.0,2.9299787e-05,0.00026970357
288.04175,0.99604,0.9638354,0.51308644,0.9068807,2015-05-25 11:00:00,1.0,0.00012832419,0.0,0.0,0.00012811461
288.239,1.0,0.99946827,0.39883435,0.40200186,2015-05-25 12:00:00,1.0,8.959031e-05,0.0,0.0,8.995306e-05
288.8755,0.97986794,0.9766898,0.34839588,0.08024305,2015-05-25 13:00:00,1.0,2.1737098e-05,0.0,4.20118e-07,2.0916079e-05
289.32544,0.9878132,0.9766898,0.37635648,0.26478165,2015-05-25 14:00:00,1.0,2.2851003e-05,0.0,8.620856e-06,1.3924442e-05
290.74463,0.99946827,0.9989426,0.42073208,0.16644007,2015-05-25 15:00:00,1.0,3.963773e-05,0.0,2.6626905e-05,1.3048311e-05
291.59985,1.0,1.0,0.097643495,0.21385568,2015-05-25 16:00:00,1.0,0.00010581808,0.0,8.727232e-05,1.883191e-05
291.96973,0.97667116,0.97667116,0.07315868,0.08997953,2015-05-25 17:00:00,1.0,0.00011216181,0.0,0.0001032695,9.178485e-06
292.44482,0.95358384,0.95358384,0.04535413,0.0010573287,2015-05-25 18:00:00,1.0,5.112549e-05,0.0,5.117325e-05,0.0
293.35986,0.9978792,0.9978792,0.13829225,0.043127842,2015-05-25 19:00:00,1.0,1.2777183e-05,0.0,1.2672394e-05,0.0
293.68994,0.9365157,0.9338693,0.20049345,0.025785826,2015-05-25 20:00:00,0.0,2.5705594e-05,0.0,2.5610105e-05,0.0
294.36035,0.8403219,0.80068254,0.33056533,0.016847022,2015-05-25 21:00:00,1.0,0.0,0.0,0.0,0.0
294.14453,0.9121095,0.8619831,0.5375826,0.120426714,2015-05-25 22:00:00,0.0,0.0,0.0,0.0,0.0
295.06836,0.8445825,0.73378175,0.47589684,0.17710996,2015-05-25 23:00:00,1.0,5.7297444e-07,0.0,5.7297444e-07,0.0
294.989,0.8618772,0.6811641,0.14273417,0.4390325,2015-05-26 00:00:00,0.0,0.0,0.0,0.0,0.0
294.36768,0.36078417,0.086215675,0.17116976,0.18137479,2015-05-26 01:00:00,0.0,0.0,0.0,0.0,0.0
293.09546,0.37378258,0.20657253,0.24373323,0.09070104,2015-05-26 02:00:00,0.0,6.1091514e-06,0.0,6.061404e-06,0.0
291.41113,0.32917976,0.21454376,0.1713925,0.05010178,2015-05-26 03:00:00,1.0,4.4763176e-05,0.0,4.3303182e-05,1.1645325e-06
290.87598,0.52226233,0.04514127,0.06113426,0.4673379,2015-05-26 04:00:00,1.0,9.697242e-05,0.0,8.164765e-05,1.5353595e-05
290.3943,0.9910368,0.031853616,0.02235417,0.99050504,2015-05-26 05:00:00,0.0,7.098748e-06,0.0,4.0089236e-07,6.8314857e-06
289.59033,1.0,0.09516078,0.0060138516,1.0,2015-05-26 06:00:00,0.0,0.0,0.0,0.0,0.0
288.96533,0.59932965,0.1011855,0.0,0.5480813,2015-05-26 07:00:00,0.0,0.0,0.0,0.0,0.0
288.04712,0.99946827,0.026728407,0.0,0.99946827,2015-05-26 08:00:00,0.0,0.0,0.0,0.0,0.0
287.7307,0.9954723,0.007905882,0.0,0.9954723,2015-05-26 09:00:00,0.0,0.0,0.0,0.0,0.0
286.69336,1.0,0.013033811,0.007900696,1.0,2015-05-26 10:00:00,1.0,0.0,0.0,0.0,1.14079796e-07
286.8247,1.0,0.071119964,0.05630812,1.0,2015-05-26 11:00:00,1.0,1.2004175e-06,0.0,0.0,1.1818338e-06
286.9817,1.0,0.2084254,0.25315875,0.997629,2015-05-26 12:00:00,1.0,1.3548824e-06,0.0,0.0,1.1831162e-06
287.33765,1.0,0.41764885,0.3595972,1.0,2015-05-26 13:00:00,1.0,2.5556292e-05,0.0,4.9657783e-06,2.0609106e-05
287.97266,1.0,0.55753577,0.66800976,1.0,2015-05-26 14:00:00,1.0,0.00021200533,0.0,9.048589e-05,0.000121710094
288.80835,1.0,0.37357563,0.911029,1.0,2015-05-26 15:00:00,1.0,0.00046332204,0.0,0.00013526659,0.0003279508
288.95044,1.0,0.2088759,0.9978961,1.0,2015-05-26 16:00:00,1.0,0.00046881428,0.0,9.026544e-05,0.00037883501
289.51367,1.0,0.08762181,0.9923612,1.0,2015-05-26 17:00:00,1.0,0.00029640715,0.0,0.0,0.00029629306
289.72852,1.0,0.13620687,1.0,0.9949765,2015-05-26 18:00:00,1.0,0.0002767814,0.0,6.0149665e-07,0.0002763993
289.58374,1.0,0.19151217,0.997629,1.0,2015-05-26 19:00:00,1.0,0.0015367488,0.0,0.0002752589,0.0012616711
289.4021,1.0,0.19401342,1.0,1.0,2015-05-26 20:00:00,1.0,0.0021149684,0.0,0.00031485315,0.0018002582
289.50366,1.0,0.1434164,1.0,0.9947263,2015-05-26 21:00:00,1.0,0.0027657368,0.0,0.00038639293,0.002379
288.16455,1.0,0.12586457,1.0,1.0,2015-05-26 22:00:00,1.0,0.0023718562,0.0,5.7741796e-05,0.002314783
287.8745,1.0,0.048834726,1.0,1.0,2015-05-26 23:00:00,1.0,0.0014912379,0.0,7.988893e-06,0.0014831151
287.8164,0.99946827,0.03752111,0.9989426,0.99946827,2015-05-27 00:00:00,1.0,0.00080111856,0.0,0.0,0.000801214
287.96265,1.0,0.021569714,0.9926617,0.9885259,2015-05-27 01:00:00,1.0,0.00061265705,0.0,1.4711068e-05,0.0005980225
288.0896,1.0,0.023210272,1.0,1.0,2015-05-27 02:00:00,1.0,0.00052054785,0.0,4.861292e-07,0.0005200524
287.47412,1.0,0.14798677,1.0,0.9989426,2015-05-27 03:00:00,1.0,0.00030023162,0.0,0.0,0.00030013616
287.39478,1.0,0.101358294,1.0,1.0,2015-05-27 04:00:00,1.0,0.00012893857,0.0,0.0,0.00012893857
287.45093,1.0,0.010021467,0.99262583,1.0,2015-05-27 05:00:00,0.0,6.626861e-05,0.0,0.0,6.626861e-05
287.2583,1.0,0.0,1.0,1.0,2015-05-27 06:00:00,0.0,1.7811442e-05,0.0,0.0,1.7811442e-05
287.094,1.0,0.0,0.9815424,0.998375,2015-05-27 07:00:00,0.0,5.92507e-05,0.0,0.0,5.92507e-05
286.63232,0.97143203,0.0,0.7751653,0.956998,2015-05-27 08:00:00,0.0,1.9099143e-06,0.0,0.0,1.9099143e-06
286.1228,0.99164295,0.0016249504,0.621619,0.9790432,2015-05-27 09:00:00,0.0,0.0,0.0,0.0,0.0
285.87427,0.9704442,0.006099794,0.37435794,0.96544105,2015-05-27 10:00:00,0.0,0.0,0.0,0.0,0.0
285.84058,0.9725301,0.0010573287,0.20660257,0.9725301,2015-05-27 11:00:00,1.0,0.0,0.0,0.0,0.0
286.2893,0.9643828,0.0,0.05024156,0.96100456,2015-05-27 12:00:00,1.0,1.7639264e-05,0.0,1.7639264e-05,0.0
287.8064,0.8839893,0.0010573287,0.0010573287,0.8839893,2015-05-27 13:00:00,0.0,5.3452313e-05,0.0,5.3185053e-05,0.0
289.52808,0.43080604,0.0,0.0,0.43080604,2015-05-27 14:00:00,0.0,2.8713868e-05,0.0,2.8695285e-05,0.0
294.53687,0.058609772,0.0,0.0,0.058609772,2015-05-27 15:00:00,0.0,5.7297444e-07,0.0,5.7297444e-07,0.0
295.88623,0.0021207693,0.0,0.0,0.0021207693,2015-05-27 16:00:00,0.0,0.0,0.0,0.0,0.0
297.08447,0.0,0.0,0.0,0.0,2015-05-27 17:00:00,0.0,0.0,0.0,0.0,0.0
298.16333,0.081531286,0.0,0.0,0.081531286,2015-05-27 18:00:00,1.0,9.464349e-06,0.0,9.464349e-06,0.0
299.53027,0.15122879,0.0067320913,0.03500198,0.122882724,2015-05-27 19:00:00,1.0,5.0690825e-05,0.0,5.0824456e-05,0.0
300.50537,0.14693063,0.033377025,0.023717847,0.103568256,2015-05-27 20:00:00,1.0,3.3340126e-05,0.0,3.348304e-05,0.0
301.23315,0.20930332,0.0,0.19850475,0.014534652,2015-05-27 21:00:00,0.0,1.2473385e-05,0.0,1.2473385e-05,0.0
301.47388,0.36994243,0.0,0.36994243,0.0,2015-05-27 22:00:00,0.0,7.8255e-07,0.0,6.777622e-07,0.0
301.23584,0.44240928,0.0,0.44240928,0.0,2015-05-27 23:00:00,0.0,1.14079796e-07,0.0,2.477106e-07,0.0
300.76562,0.22852546,0.0,0.22852546,0.0,2015-05-28 00:00:00,0.0,0.0,0.0,0.0,0.0
299.74072,0.117953956,0.0,0.101670206,0.019550718,2015-05-28 01:00:00,0.0,0.0,0.0,0.0,0.0
296.96826,0.1461398,0.0,0.080029964,0.074362874,2015-05-28 02:00:00,0.0,0.0,0.0,0.0,0.0
294.38696,0.06332064,0.0,0.056477312,0.0068433695,2015-05-28 03:00:00,0.0,0.0,0.0,0.0,0.0
293.14844,0.0016249504,0.0,0.0016249504,0.0,2015-05-28 04:00:00,0.0,0.0,0.0,0.0,0.0
291.53223,0.034777395,0.0,0.015842445,0.018934947,2015-05-28 05:00:00,0.0,0.0,0.0,0.0,0.0
291.35205,0.6142885,0.0,0.0,0.6142885,2015-05-28 06:00:00,0.0,0.0,0.0,0.0,0.0
291.2036,0.5845361,0.0,0.003909968,0.5840105,2015-05-28 07:00:00,0.0,0.0,0.0,0.0,0.0
291.03638,0.029014401,0.0,0.00053172023,0.02848268,2015-05-28 08:00:00,0.0,0.0,0.0,0.0,0.0
289.84644,0.104344726,0.0,0.0010573287,0.10381305,2015-05-28 09:00:00,0.0,0.0,0.0,0.0,0.0
289.53052,0.51658285,0.0,0.39546013,0.22157484,2015-05-28 10:00:00,0.0,0.0,0.0,0.0,0.0
289.2727,0.6696541,0.0,0.4926089,0.3377595,2015-05-28 11:00:00,0.0,0.0,0.0,0.0,0.0
289.93262,0.53974724,0.0,0.27321756,0.39136833,2015-05-28 12:00:00,0.0,0.0,0.0,0.0,0.0
291.82104,0.9498813,0.0,0.53375006,0.8825972,2015-05-28 13:00:00,0.0,0.0,0.0,0.0,0.0
293.4817,0.8911861,0.0,0.2841323,0.8247751,2015-05-28 14:00:00,0.0,0.0,0.0,0.0,0.0
297.38037,0.43552166,0.0,0.09417105,0.3686942,2015-05-28 15:00:00,0.0,0.0,0.0,0.0,0.0
298.74487,0.64048076,0.0,0.005003199,0.6388558,2015-05-28 16:00:00,0.0,0.0,0.0,0.0,0.0
299.7771,0.8076578,0.0,0.12680048,0.77366644,2015-05-28 17:00:00,0.0,0.0,0.0,0.0,0.0
300.6123,0.35709846,0.0,0.32134902,0.089681566,2015-05-28 18:00:00,0.0,0.0,0.0,0.0,0.0
301.06616,0.6841732,0.0033782488,0.23032922,0.6087342,2015-05-28 19:00:00,0.0,0.0,0.0,0.0,0.0
301.20142,0.54832083,0.0,0.29151887,0.39840293,2015-05-28 20:00:00,0.0,0.0,0.0,0.0,0.0
301.05615,0.88892823,0.0,0.37558973,0.82492244,2015-05-28 21:00:00,0.0,0.00014332151,0.0,0.00014364581,0.0
300.12036,0.71664745,0.0,0.30939597,0.6085003,2015-05-28 22:00:00,0.0,5.3310563e-05,0.0,5.3329146e-05,0.0
299.57593,0.21614176,0.002103883,0.117449164,0.112523556,2015-05-28 23:00:00,0.0,0.0,0.0,0.0,0.0
298.69287,0.3420729,0.0,0.043934528,0.313318,2015-05-29 00:00:00,0.0,0.0,0.0,0.0,0.0
297.92285,0.49252355,0.0,0.007905882,0.4846238,2015-05-29 01:00:00,0.0,0.0,0.0,0.0,0.0
296.9475,0.6534806,0.0,0.0,0.6534806,2015-05-29 02:00:00,0.0,0.0,0.0,0.0,0.0
295.08032,0.98663634,0.0,0.0,0.98663634,2015-05-29 03:00:00,0.0,0.0,0.0,0.0,0.0
294.36548,0.9763623,0.0,0.03878324,0.9742415,2015-05-29 04:00:00,0.0,0.0,0.0,0.0,0.0
292.72705,0.9581516,0.0,0.0148079395,0.9581516,2015-05-29 05:00:00,0.0,1.3177141e-06,0.0,0.0,1.3177141e-06
292.2517,0.94522834,0.0,0.22084302,0.936251,2015-05-29 06:00:00,1.0,6.4905675e-05,0.0,1.6759499e-05,4.8289425e-05
291.55176,0.988393,0.24556041,0.38625884,0.97290385,2015-05-29 07:00:00,1.0,6.8126974e-05,0.0,3.8939877e-05,2.9187097e-05
290.92847,0.98652846,0.9242295,0.6820019,0.9284171,2015-05-29 08:00:00,1.0,0.00035697455,0.0,0.00020154333,0.00015501148
290.28442,0.99946827,0.89552414,0.93538314,0.7901634,2015-05-29 09:00:00,1.0,0.00038021593,0.0,0.00016044911,0.000219748
291.0249,0.75313985,0.2373833,0.43783104,0.44914746,2015-05-29 10:00:00,1.0,0.00023379133,0.0,0.00017211294,6.174504e-05
291.0664,0.89883643,0.11530429,0.22543412,0.8678688,2015-05-29 11:00:00,1.0,6.993853e-05,0.0,5.8907768e-05,1.1259561e-05
291.50537,0.9858903,0.31596553,0.12014431,0.9829938,2015-05-29 12:00:00,1.0,0.00013656354,0.0,0.0001195778,1.6728402e-05
292.12817,0.98999023,0.35184014,0.065796435,0.98999023,2015-05-29 13:00:00,1.0,3.9373626e-05,0.0,3.0295167e-05,8.54459e-06
292.25488,0.97827476,0.5602682,0.23885584,0.977743,2015-05-29 14:00:00,1.0,6.646497e-05,0.0,6.2459934e-05,4.233839e-06
293.76855,1.0,0.9724544,0.2684511,1.0,2015-05-29 15:00:00,1.0,9.931972e-05,0.0,9.7267184e-05,2.329084e-06
293.87134,1.0,0.9952328,0.5068029,1.0,2015-05-29 16:00:00,1.0,0.00018886,0.0,0.00011239575,7.6569035e-05
293.9756,1.0,0.9925423,0.60423464,0.9957394,2015-05-29 17:00:00,1.0,0.00038236543,0.0,0.00010919319,0.00027323863
293.57324,1.0,1.0,0.64692616,1.0,2015-05-29 18:00:00,1.0,0.0018555394,0.0,0.0015157314,0.00033976045
293.4558,1.0,0.9587038,0.6590773,1.0,2015-05-29 19:00:00,1.0,0.000786657,0.0,0.00060199667,0.0001844311
292.86743,1.0,0.97986794,0.9243498,1.0,2015-05-29 20:00:00,1.0,0.0012438509,0.0,0.00048352312,0.00076051825
291.85132,1.0,0.87846684,0.85589504,1.0,2015-05-29 21:00:00,1.0,0.002379359,0.0,0.0011030019,0.001276195
290.2024,1.0,0.73952377,0.9645596,1.0,2015-05-29 22:00:00,1.0,0.0027210799,0.0,0.0006871687,0.0020335775
289.54468,1.0,1.0,1.0,1.0,2015-05-29 23:00:00,1.0,0.0036584719,0.0,0.00062769325,0.0030308454
288.83472,1.0,1.0,0.99841094,0.9989426,2015-05-30 00:00:00,1.0,0.004110407,0.0,0.00032573333,0.0037848072
287.81128,1.0,1.0,0.99736434,1.0,2015-05-30 01:00:00,1.0,0.0031635293,0.0,0.00034724036,0.0028158978
287.32666,1.0,1.0,0.9418502,0.9271377,2015-05-30 02:00:00,1.0,0.0019939416,0.0,0.00041530677,0.0015787685
285.84204,1.0,1.0,0.9066099,0.7947687,2015-05-30 03:00:00,1.0,0.001045902,0.0,0.00035609072,0.00069015427
285.58105,1.0,1.0,0.72200495,0.6881385,2015-05-30 04:00:00,1.0,0.00076383585,0.0,0.0004974669,0.00026636873
285.20728,1.0,1.0,0.36237615,0.7489431,2015-05-30 05:00:00,1.0,0.00051487144,0.0,0.00042375922,9.120777e-05
285.04053,1.0,1.0,0.06170255,0.75310004,2015-05-30 06:00:00,1.0,0.0003009939,0.0,0.00026958808,3.1405812e-05
284.688,0.96741545,0.95438164,0.0057992525,0.21681237,2015-05-30 07:00:00,0.0,3.8198294e-07,0.0,4.7747868e-08,2.864872e-07
284.24365,0.9086592,0.8858586,0.0029026829,0.28307885,2015-05-30 08:00:00,0.0,9.549569e-08,0.0,0.0,9.549569e-08
283.18945,0.8682848,0.81927973,0.0,0.49944526,2015-05-30 09:00:00,0.0,9.549569e-08,0.0,0.0,9.549569e-08
282.33643,0.8942297,0.5731895,0.00956155,0.810927,2015-05-30 10:00:00,0.0,2.6726156e-07,0.0,0.0,2.6726156e-07
282.25708,0.9263248,0.24122566,0.09132868,0.8775535,2015-05-30 11:00:00,0.0,2.2309941e-06,0.0,0.0,2.135499e-06
282.13794,0.7313389,0.117260575,0.08743012,0.67334634,2015-05-30 12:00:00,0.0,0.0,0.0,0.0,0.0
282.65576,0.6796647,0.111987114,0.07299763,0.64207715,2015-05-30 13:00:00,0.0,0.0,0.0,0.0,0.0
283.59717,0.6632917,0.4867254,0.083249986,0.34045738,2015-05-30 14:00:00,0.0,0.0,0.0,0.0,0.0
285.6577,0.46249992,0.39412963,0.1104337,0.1268096,2015-05-30 15:00:00,0.0,0.0,0.0,0.0,0.0
286.57324,0.33965057,0.23777431,0.0,0.11642051,2015-05-30 16:00:00,0.0,0.0,0.0,0.0,0.0
287.21045,0.35590374,0.24547565,0.0,0.15896517,2015-05-30 17:00:00,0.0,0.0,0.0,0.0,0.0
287.65405,0.55556995,0.20649654,0.00053172023,0.4173271,2015-05-30 18:00:00,0.0,0.0,0.0,0.0,0.0
288.23877,0.5165274,0.14869756,0.0,0.41379267,2015-05-30 19:00:00,0.0,0.0,0.0,0.0,0.0
288.65234,0.24696833,0.06649113,0.0,0.18259794,2015-05-30 20:00:00,0.0,0.0,0.0,0.0,0.0
289.85742,0.15074426,0.15074426,0.0,0.0,2015-05-30 21:00:00,0.0,0.0,0.0,0.0,0.0
289.97192,0.121224344,0.121224344,0.0,0.0,2015-05-30 22:00:00,0.0,0.0,0.0,0.0,0.0
289.739,0.039590377,0.039590377,0.0,0.0,2015-05-30 23:00:00,0.0,0.0,0.0,0.0,0.0
289.42896,0.009008683,0.009008683,0.0,0.0,2015-05-31 00:00:00,0.0,0.0,0.0,0.0,0.0
288.68433,0.007945243,0.007945243,0.0,0.0,2015-05-31 01:00:00,0.0,0.0,0.0,0.0,0.0
287.36304,0.004235424,0.004235424,0.0,0.0,2015-05-31 02:00:00,0.0,0.0,0.0,0.0,0.0
284.9895,0.0026463778,0.0026463778,0.0,0.0,2015-05-31 03:00:00,0.0,0.0,0.0,0.0,0.0
284.21265,0.00053172023,0.00053172023,0.0,0.0,2015-05-31 04:00:00,0.0,0.0,0.0,0.0,0.0
282.79736,0.0,0.0,0.0,0.0,2015-05-31 05:00:00,0.0,0.0,0.0,0.0,0.0
281.2976,0.0,0.0,0.0,0.0,2015-05-31 06:00:00,0.0,0.0,0.0,0.0,0.0
280.5288,0.00053172023,0.00053172023,0.0,0.0,2015-05-31 07:00:00,0.0,0.0,0.0,0.0,0.0
280.22314,0.0,0.0,0.0,0.0,2015-05-31 08:00:00,0.0,0.0,0.0,0.0,0.0
279.11743,0.0015890491,0.0015890491,0.0,0.0,2015-05-31 09:00:00,0.0,0.0,0.0,0.0,0.0
279.54688,0.0021207693,0.0021207693,0.0,0.0,2015-05-31 10:00:00,0.0,0.0,0.0,0.0,0.0
279.62158,0.0015890491,0.0015890491,0.0,0.0,2015-05-31 11:00:00,0.0,0.0,0.0,0.0,0.0
280.35083,0.10130978,0.0010573287,0.0,0.10025245,2015-05-31 12:00:00,0.0,0.0,0.0,0.0,0.0
281.1704,0.53257895,0.00053172023,0.0,0.53257895,2015-05-31 13:00:00,0.0,0.0,0.0,0.0,0.0
282.54785,0.49926102,0.00053172023,0.0,0.49926102,2015-05-31 14:00:00,0.0,0.0,0.0,0.0,0.0
285.89575,0.402103,0.0,0.0,0.402103,2015-05-31 15:00:00,0.0,0.0,0.0,0.0,0.0
287.0547,0.3985228,0.0,0.0,0.3985228,2015-05-31 16:00:00,0.0,0.0,0.0,0.0,0.0
287.94043,0.88231975,0.0,0.0,0.88231975,2015-05-31 17:00:00,0.0,0.0,0.0,0.0,0.0
288.44653,1.0,0.0,0.07463312,1.0,2015-05-31 18:00:00,0.0,0.0,0.0,0.0,0.0
288.81738,1.0,0.0,0.17940158,1.0,2015-05-31 19:00:00,0.0,0.0,0.0,0.0,0.0
289.18237,1.0,0.0,0.5653935,1.0,2015-05-31 20:00:00,0.0,0.0,0.0,0.0,0.0
289.73877,0.998375,0.0,0.87423784,0.998375,2015-05-31 21:00:00,0.0,0.0,0.0,0.0,0.0
289.65894,0.93953705,0.0,0.7988158,0.8902975,2015-05-31 22:00:00,0.0,0.0,0.0,0.0,0.0
289.8379,0.44989824,0.0,0.3511138,0.29854786,2015-05-31 23:00:00,0.0,0.0,0.0,0.0,0.0
289.64575,0.0044917315,0.0,0.0023709626,0.0021207693,2015-06-01 00:00:00,0.0,0.0,0.0,0.0,0.0
289.00952,0.0,0.0,0.0,0.0,2015-06-01 01:00:00,0.0,0.0,0.0,0.0,0.0
287.74585,0.0,0.0,0.0,0.0,2015-06-01 02:00:00,0.0,0.0,0.0,0.0,0.0
285.7439,0.0,0.0,0.0,0.0,2015-06-01 03:00:00,0.0,0.0,0.0,0.0,0.0
284.83594,0.0,0.0,0.0,0.0,2015-06-01 04:00:00,0.0,0.0,0.0,0.0,0.0
283.8811,0.0,0.0,0.0,0.0,2015-06-01 05:00:00,0.0,0.0,0.0,0.0,0.0
283.6206,0.0,0.0,0.0,0.0,2015-06-01 06:00:00,0.0,0.0,0.0,0.0,0.0
283.62744,0.0,0.0,0.0,0.0,2015-06-01 07:00:00,0.0,0.0,0.0,0.0,0.0
283.46777,0.0,0.0,0.0,0.0,2015-06-01 08:00:00,0.0,0.0,0.0,0.0,0.0
282.76318,0.0,0.0,0.0,0.0,2015-06-01 09:00:00,0.0,0.0,0.0,0.0,0.0
283.1897,0.0067320913,0.0,0.0067320913,0.0,2015-06-01 10:00:00,0.0,0.0,0.0,0.0,0.0
282.8767,0.012199592,0.0,0.00894969,0.0032499009,2015-06-01 11:00:00,0.0,0.0,0.0,0.0,0.0
283.10352,0.041837152,0.0,0.041837152,0.0,2015-06-01 12:00:00,0.0,0.0,0.0,0.0,0.0
283.87622,0.12165809,0.0,0.113233864,0.0084314905,2015-06-01 13:00:00,0.0,0.0,0.0,0.0,0.0
285.01343,0.25493103,0.0,0.24182475,0.014723916,2015-06-01 14:00:00,0.0,0.0,0.0,0.0,0.0
288.34277,0.46035564,0.0,0.43700433,0.05211299,2015-06-01 15:00:00,0.0,0.0,0.0,0.0,0.0
289.36646,0.5209951,0.0,0.40695763,0.2036587,2015-06-01 16:00:00,0.0,0.0,0.0,0.0,0.0
290.4214,0.47392535,0.0,0.041202348,0.44619447,2015-06-01 17:00:00,0.0,0.0,0.0,0.0,0.0
291.51416,0.34675962,0.0,0.008732032,0.3380105,2015-06-01 18:00:00,0.0,0.0,0.0,0.0,0.0
291.66895,0.15912211,0.0,0.021928277,0.1425476,2015-06-01 19:00:00,0.0,0.0,0.0,0.0,0.0
292.48022,0.3921293,0.0,0.057328664,0.35399365,2015-06-01 20:00:00,0.0,0.0,0.0,0.0,0.0
293.5791,0.5535547,0.0,0.08911973,0.52023494,2015-06-01 21:00:00,0.0,0.0,0.0,0.0,0.0
293.75366,0.4699571,0.0,0.062070336,0.4413919,2015-06-01 22:00:00,0.0,0.0,0.0,0.0,0.0
293.7588,0.5116235,0.0,0.10055679,0.47507674,2015-06-01 23:00:00,0.0,0.0,0.0,0.0,0.0
293.37598,0.93669873,0.0,0.19241333,0.92653835,2015-06-02 00:00:00,0.0,0.0,0.0,0.0,0.0
292.85205,0.9916152,0.0,0.12417692,0.9916152,2015-06-02 01:00:00,0.0,0.0,0.0,0.0,0.0
291.80347,0.3069046,0.0,0.0938583,0.2275402,2015-06-02 02:00:00,0.0,0.0,0.0,0.0,0.0
289.29126,0.03363121,0.0,0.00926375,0.024899177,2015-06-02 03:00:00,0.0,0.0,0.0,0.0,0.0
288.35693,0.067000926,0.0,0.0048919544,0.062126085,2015-06-02 04:00:00,0.0,0.0,0.0,0.0,0.0
287.51294,0.17044431,0.0,0.024553917,0.15078235,2015-06-02 05:00:00,0.0,0.0,0.0,0.0,0.0
286.76953,0.6576082,0.0,0.02323829,0.6576082,2015-06-02 06:00:00,0.0,0.0,0.0,0.0,0.0
286.5017,0.85835737,0.0,0.041017007,0.8512036,2015-06-02 07:00:00,0.0,0.0,0.0,0.0,0.0
285.68652,0.9791675,0.0,0.025985137,0.9791675,2015-06-02 08:00:00,0.0,0.0,0.0,0.0,0.0
285.19458,1.0,0.0,0.002103883,1.0,2015-06-02 09:00:00,0.0,0.0,0.0,0.0,0.0
285.72534,0.99946827,0.0,0.04014502,0.99946827,2015-06-02 10:00:00,0.0,0.0,0.0,0.0,0.0
285.70337,1.0,0.0,0.02363434,1.0,2015-06-02 11:00:00,0.0,0.0,0.0,0.0,0.0
286.35156,1.0,0.0,0.031724304,1.0,2015-06-02 12:00:00,0.0,0.0,0.0,0.0,0.0
287.63428,0.7506343,0.0,0.006099794,0.7506343,2015-06-02 13:00:00,0.0,0.0,0.0,0.0,0.0
289.17334,0.880913,0.0,0.0,0.880913,2015-06-02 14:00:00,0.0,0.0,0.0,0.0,0.0
292.90186,0.97815484,0.0,0.0,0.97815484,2015-06-02 15:00:00,0.0,0.0,0.0,0.0,0.0
293.9458,0.9819984,0.009759266,0.0,0.9819984,2015-06-02 16:00:00,0.0,0.0,0.0,0.0,0.0
295.09717,0.9350712,0.11731279,0.0,0.9350712,2015-06-02 17:00:00,0.0,0.0,0.0,0.0,0.0
295.45752,0.9567943,0.15726501,0.0,0.9473129,2015-06-02 18:00:00,0.0,0.0,0.0,0.0,0.0
295.9629,0.9540388,0.22813302,0.0,0.95067763,2015-06-02 19:00:00,0.0,0.0,0.0,0.0,0.0
296.2915,0.9010932,0.056247097,0.0,0.9010932,2015-06-02 20:00:00,0.0,0.0,0.0,0.0,0.0
296.8557,0.9012036,0.0,0.0,0.9012036,2015-06-02 21:00:00,0.0,0.0,0.0,0.0,0.0
296.4214,0.66341174,0.0,0.0,0.66341174,2015-06-02 22:00:00,0.0,0.0,0.0,0.0,0.0
296.5454,0.36596793,0.0,0.019661963,0.35455906,2015-06-02 23:00:00,0.0,0.0,0.0,0.0,0.0
296.22876,0.43880832,0.0,0.05185299,0.43672156,2015-06-03 00:00:00,0.0,0.0,0.0,0.0,0.0
295.7473,0.0,0.0,0.0,0.0,2015-06-03 01:00:00,0.0,0.0,0.0,0.0,0.0
294.74976,0.07681376,0.0,0.0,0.07681376,2015-06-03 02:00:00,0.0,0.0,0.0,0.0,0.0
292.59595,0.21839458,0.0,0.032911085,0.20257986,2015-06-03 03:00:00,0.0,0.0,0.0,0.0,0.0
291.82227,0.27800018,0.0,0.054915026,0.2511831,2015-06-03 04:00:00,0.0,0.0,0.0,0.0,0.0
290.98315,0.9371396,0.0,0.20029962,0.9275048,2015-06-03 05:00:00,0.0,0.0,0.0,0.0,0.0
289.82397,0.99946827,0.0,0.0,0.99946827,2015-06-03 06:00:00,0.0,0.0,0.0,0.0,0.0
290.20166,0.996307,0.0037288337,0.0,0.996307,2015-06-03 07:00:00,0.0,0.0,0.0,0.0,0.0
289.9287,0.9798383,0.010009766,0.002103883,0.9798383,2015-06-03 08:00:00,0.0,0.0,0.0,0.0,0.0
289.73633,0.8816755,0.07154834,0.0,0.87720674,2015-06-03 09:00:00,1.0,0.0,0.0,0.0,0.0
290.15845,1.0,0.14058203,0.07164103,1.0,2015-06-03 10:00:00,1.0,2.6726156e-07,0.0,0.0,3.813414e-07
290.26416,1.0,0.19755119,0.288139,1.0,2015-06-03 11:00:00,1.0,0.000395108,0.0,0.00039465935,2.6726156e-07
290.22705,1.0,0.17965633,0.26114672,1.0,2015-06-03 12:00:00,1.0,0.0011133652,0.0,0.0011129931,4.7683716e-07
289.9441,1.0,0.011579797,0.085630536,1.0,2015-06-03 13:00:00,1.0,0.00041502458,0.0,0.00041400432,9.536743e-07
290.61792,1.0,0.0049672946,0.05566252,1.0,2015-06-03 14:00:00,1.0,0.0004629565,0.0,0.00046267058,0.0
291.3462,1.0,0.0,0.7042684,1.0,2015-06-03 15:00:00,1.0,0.0011206386,0.0,0.0011197985,1.0305857e-06
291.83423,1.0,0.024357442,0.8520701,1.0,2015-06-03 16:00:00,1.0,8.963768e-06,0.0,0.0,8.963768e-06
292.6333,0.99946827,0.06537181,0.77314895,0.99946827,2015-06-03 17:00:00,1.0,3.8520244e-05,0.0,3.4476732e-05,4.3107684e-06
292.37305,1.0,0.9788243,0.85042435,0.98843706,2015-06-03 18:00:00,1.0,0.00011024508,0.0,0.00010794451,2.4053543e-06
292.27002,1.0,0.976428,0.8233672,0.9944509,2015-06-03 19:00:00,1.0,0.0022342238,0.0,0.0019719077,0.00026216358
292.6162,1.0,0.97614205,0.98415995,0.99946827,2015-06-03 20:00:00,1.0,0.0025417656,0.0,0.0016856452,0.00085623446
292.2859,1.0,0.78329796,0.9929119,0.9941755,2015-06-03 21:00:00,1.0,0.0012209518,0.0,0.000120227676,0.0011014589
292.01196,1.0,1.0,0.7879845,0.86271846,2015-06-03 22:00:00,1.0,0.0006279729,0.0,3.6204947e-05,0.0005916632
292.14404,1.0,1.0,0.9797891,0.36789542,2015-06-03 23:00:00,1.0,0.0011659451,0.0,0.00035095727,0.0008153119
291.8308,1.0,1.0,0.9830797,0.37791753,2015-06-04 00:00:00,1.0,0.0023189308,0.0,0.0005023959,0.0018167731
291.8711,0.99416727,0.9920106,0.8283102,0.163872,2015-06-04 01:00:00,1.0,0.0035061971,0.0,0.0012639291,0.002242163
291.6953,0.25822103,0.21257722,0.10377973,0.030354153,2015-06-04 02:00:00,1.0,0.00197107,0.0,0.0002909887,0.0016801578
290.28223,0.035377607,0.02865532,0.0,0.0067320913,2015-06-04 03:00:00,0.0,0.00067280116,0.0,1.9246445e-06,0.00067081954
289.98828,0.03394221,0.032317262,0.0016249504,0.0,2015-06-04 04:00:00,1.0,1.5836165e-05,0.0,0.0,1.5836165e-05
289.93115,0.038237173,0.03395973,0.0016249504,0.0026463778,2015-06-04 05:00:00,1.0,3.1083982e-06,0.0,0.0,3.1083982e-06
289.7168,0.034488477,0.014637973,0.0,0.019856613,2015-06-04 06:00:00,0.0,9.131648e-06,0.0,0.0,9.131648e-06
289.45605,0.03409774,0.03356602,0.0,0.00053172023,2015-06-04 07:00:00,1.0,0.0,0.0,0.0,0.0
289.17163,0.046398215,0.046398215,0.0,0.0,2015-06-04 08:00:00,0.0,0.0,0.0,0.0,0.0
288.281,0.46098363,0.46098363,0.0,0.0,2015-06-04 09:00:00,0.0,0.0,0.0,0.0,0.0
289.3374,0.7339514,0.7339514,0.0,0.0,2015-06-04 10:00:00,0.0,0.0,0.0,0.0,0.0
289.62012,0.7991411,0.7991411,0.0,0.0010573287,2015-06-04 11:00:00,1.0,0.0,0.0,0.0,0.0
289.8562,0.93673736,0.9338347,0.08906239,0.012904838,2015-06-04 12:00:00,1.0,2.6726156e-07,0.0,0.0,2.6726156e-07
289.91797,0.96863514,0.9615222,0.07049358,0.08656889,2015-06-04 13:00:00,1.0,7.626828e-07,0.0,0.0,6.4860296e-07
290.19678,1.0,1.0,0.18784463,0.5545277,2015-06-04 14:00:00,1.0,4.325238e-05,0.0,4.339531e-05,1.9099144e-07
292.21753,1.0,1.0,0.31622893,0.1648295,2015-06-04 15:00:00,1.0,6.675464e-05,0.0,6.655436e-05,4.5825306e-07
292.67383,1.0,1.0,0.27666777,0.17473882,2015-06-04 16:00:00,1.0,7.775138e-05,0.0,7.723576e-05,8.017848e-07
293.19824,1.0,1.0,0.27604777,0.72572905,2015-06-04 17:00:00,1.0,0.00018567065,0.0,0.00014879006,3.7414444e-05
293.3523,1.0,1.0,0.22205889,1.0,2015-06-04 18:00:00,1.0,8.827956e-05,0.0,6.514686e-05,2.3266315e-05
294.0354,1.0,1.0,0.0026356035,0.9899067,2015-06-04 19:00:00,1.0,1.8787629e-05,0.0,1.8883133e-05,0.0
294.8545,1.0,1.0,0.03240568,0.37171412,2015-06-04 20:00:00,1.0,5.13197e-05,0.0,5.118607e-05,2.6726156e-07
295.9453,0.98652846,0.9625509,0.0037288337,0.64228386,2015-06-04 21:00:00,1.0,1.8998486e-05,0.0,1.8207618e-05,6.0950106e-07
295.3103,0.98027617,0.9233977,0.005003199,0.62585104,2015-06-04 22:00:00,0.0,1.4284587e-05,0.0,1.425639e-05,2.0957555e-07
295.4458,0.73987955,0.67479885,0.0032499009,0.15982354,2015-06-04 23:00:00,1.0,8.642029e-06,0.0,8.127381e-06,6.101426e-07
295.43335,0.81642354,0.53743774,0.01173529,0.6368347,2015-06-05 00:00:00,1.0,1.1040904e-05,0.0,1.4407697e-06,9.45721e-06
294.96777,0.943413,0.71576977,0.21547705,0.7615893,2015-06-05 01:00:00,0.0,3.627573e-07,0.0,4.486402e-07,0.0
294.44727,0.9811219,0.70775795,0.099693894,0.92843485,2015-06-05 02:00:00,0.0,9.549569e-08,0.0,0.0,9.549569e-08
293.24756,0.9942508,0.20094973,0.17306185,0.9942508,2015-06-05 03:00:00,0.0,0.0,0.0,0.0,0.0
292.7307,1.0,0.04868688,0.04140228,1.0,2015-06-05 04:00:00,0.0,0.0,0.0,0.0,0.0
291.8318,0.995108,0.080388606,0.06165504,0.995108,2015-06-05 05:00:00,0.0,0.0,0.0,0.0,0.0
291.44507,0.9889464,0.009898521,0.07253742,0.9889464,2015-06-05 06:00:00,0.0,0.0,0.0,0.0,0.0
290.79956,0.9666809,0.0033782488,0.028454274,0.9666809,2015-06-05 07:00:00,1.0,0.0,0.0,0.0,0.0
290.41968,0.5928761,0.0067320913,0.01336024,0.5928761,2015-06-05 08:00:00,0.0,0.0,0.0,0.0,0.0
289.85327,0.13956147,0.02745669,0.0016249504,0.11047983,2015-06-05 09:00:00,0.0,0.0,0.0,0.0,0.0
289.01733,0.26404607,0.123393774,0.1520136,0.017804991,2015-06-05 10:00:00,0.0,0.0,0.0,0.0,0.0
288.89844,0.3480364,0.18116242,0.25828457,0.0,2015-06-05 11:00:00,0.0,0.0,0.0,0.0,0.0
288.88354,0.42664403,0.19874793,0.37933964,0.0,2015-06-05 12:00:00,0.0,0.0,0.0,0.0,0.0
288.91577,0.50048286,0.22698122,0.42904478,0.0,2015-06-05 13:00:00,0.0,0.0,0.0,0.0,0.0
289.7732,0.46538353,0.3288436,0.3606286,0.0,2015-06-05 14:00:00,1.0,0.0,0.0,1.3363075e-07,0.0
291.51,0.3945639,0.2631111,0.26353228,0.0,2015-06-05 15:00:00,0.0,0.0,0.0,1.3363075e-07,0.0
292.23975,0.6407495,0.44758946,0.2817176,0.0,2015-06-05 16:00:00,0.0,0.0,0.0,0.0,0.0
293.20142,0.65012896,0.49591815,0.23792738,0.0,2015-06-05 17:00:00,0.0,0.0,0.0,0.0,0.0
294.26807,0.57648486,0.5660239,0.07496518,0.0,2015-06-05 18:00:00,0.0,2.864872e-07,0.0,2.864872e-07,0.0
295.04053,0.34673655,0.32023126,0.05543707,0.032584533,2015-06-05 19:00:00,0.0,4.6203404e-06,0.0,4.4293483e-06,2.864872e-07
295.88037,0.26355916,0.25682706,0.047072724,0.0,2015-06-05 20:00:00,0.0,9.549569e-08,0.0,4.7747868e-08,0.0
296.7583,0.277156,0.2526946,0.037693597,0.0,2015-06-05 21:00:00,0.0,0.0,0.0,0.0,0.0
297.22632,0.7397415,0.5698528,0.078202784,0.3617146,2015-06-05 22:00:00,0.0,0.0,0.0,0.0,0.0
297.01392,0.64196754,0.1073786,0.034209877,0.6034649,2015-06-05 23:00:00,0.0,0.0,0.0,0.0,0.0
296.66602,0.9124845,0.0997054,0.029600546,0.9058591,2015-06-06 00:00:00,0.0,0.0,0.0,0.0,0.0
295.9546,0.871153,0.08792251,0.070474446,0.86900246,2015-06-06 01:00:00,0.0,0.0,0.0,0.0,0.0
294.74365,0.91164905,0.03162373,0.042052362,0.90899634,2015-06-06 02:00:00,0.0,0.0,0.0,0.0,0.0
292.37695,0.66959625,0.0036929322,0.0,0.666435,2015-06-06 03:00:00,0.0,0.0,0.0,0.0,0.0
291.5652,0.17316473,0.004474845,0.004750259,0.16603738,2015-06-06 04:00:00,0.0,0.0,0.0,0.0,0.0
290.8921,0.81168455,0.015873197,0.009828627,0.81168455,2015-06-06 05:00:00,0.0,0.0,0.0,0.0,0.0
290.23438,0.955878,0.011682536,0.021157619,0.9492526,2015-06-06 06:00:00,0.0,0.0,0.0,0.0,0.0
289.89185,0.90510935,0.025421135,0.030900303,0.8939883,2015-06-06 07:00:00,0.0,0.0,0.0,0.0,0.0
289.5774,0.8448961,0.015110828,0.022746667,0.8382646,2015-06-06 08:00:00,0.0,0.0,0.0,0.0,0.0
288.3296,0.9428309,0.05212517,0.029906757,0.9372987,2015-06-06 09:00:00,0.0,0.0,0.0,0.0,0.0
288.63525,0.6563635,0.08810675,0.08927077,0.59184784,2015-06-06 10:00:00,0.0,0.0,0.0,0.0,0.0
288.6687,0.4132859,0.07930422,0.061358795,0.35783857,2015-06-06 11:00:00,0.0,0.0,0.0,0.0,0.0
288.8352,0.5473295,0.05486286,0.09208089,0.51311773,2015-06-06 12:00:00,0.0,0.0,0.0,0.0,0.0
289.30664,0.97917145,0.06593603,0.19215083,0.969165,2015-06-06 13:00:00,0.0,0.0,0.0,0.0,0.0
290.0371,0.85828954,0.08398247,0.16838264,0.8328288,2015-06-06 14:00:00,0.0,0.0,0.0,0.0,0.0
292.76416,0.94285583,0.010009766,0.15293181,0.9327626,2015-06-06 15:00:00,0.0,0.0,0.0,0.0,0.0
294.02588,0.9835843,0.0,0.10128522,0.9835843,2015-06-06 16:00:00,0.0,0.0,0.0,0.0,0.0
294.97754,0.9421388,0.0,0.027632996,0.9421388,2015-06-06 17:00:00,0.0,0.0,0.0,0.0,0.0
295.81226,0.71293277,0.0,0.00737416,0.71293277,2015-06-06 18:00:00,0.0,0.0,0.0,0.0,0.0
296.6101,0.39188284,0.110884905,0.0,0.3189206,2015-06-06 19:00:00,0.0,0.0,0.0,0.0,0.0
297.07764,0.6200192,0.46333146,0.14612383,0.29586184,2015-06-06 20:00:00,0.0,0.0,0.0,0.0,0.0
296.8501,0.99368834,0.8625429,0.21779597,0.81318605,2015-06-06 21:00:00,1.0,3.665392e-06,0.0,3.703527e-06,9.549569e-08
298.25513,0.9550371,0.54560477,0.5706115,0.84467065,2015-06-06 22:00:00,1.0,5.775789e-05,0.0,3.723643e-05,2.057913e-05
298.00098,0.97241884,0.77449524,0.36618173,0.7990593,2015-06-06 23:00:00,1.0,3.260591e-05,0.0,1.4756427e-05,1.7906525e-05
297.7168,0.99368834,0.98527277,0.48122305,0.70302045,2015-06-07 00:00:00,0.0,3.202776e-05,0.0,2.3398796e-05,8.285109e-06
297.61548,0.998375,0.8822372,0.59320134,0.93207353,2015-06-07 01:00:00,0.0,0.0,0.0,1.9067068e-07,0.0
297.08472,1.0,0.46674597,0.61383724,1.0,2015-06-07 02:00:00,0.0,0.0,0.0,0.0,0.0
295.70996,1.0,0.6634566,0.5030814,1.0,2015-06-07 03:00:00,1.0,0.00022991827,0.0,0.00022453556,5.1920497e-06
294.74487,1.0,0.97031254,0.42171788,1.0,2015-06-07 04:00:00,1.0,0.001604087,0.0,0.0014478152,0.00015624276
293.73755,1.0,0.78297585,0.22918332,1.0,2015-06-07 05:00:00,1.0,0.0025849855,0.0,0.0021225878,0.00046220678
291.54517,1.0,0.44632834,0.10129106,1.0,2015-06-07 06:00:00,1.0,0.0032302684,0.0,0.0026056967,0.00062434236
291.28296,1.0,0.7287967,0.15809268,1.0,2015-06-07 07:00:00,1.0,0.0030387389,0.0,0.0028418694,0.00019657402
291.10815,1.0,0.97351176,0.2993874,1.0,2015-06-07 08:00:00,1.0,0.0037202928,0.0,0.002802623,0.00091771735
290.69824,1.0,1.0,0.8584096,1.0,2015-06-07 09:00:00,1.0,0.0030264903,0.0,0.0019697044,0.0010565093
292.2622,0.9859465,0.7134781,0.734922,0.9538749,2015-06-07 10:00:00,1.0,0.0012193175,0.0,0.00035853987,0.0008609495
292.5271,0.8637846,0.7747288,0.31962055,0.3656723,2015-06-07 11:00:00,1.0,0.00021186746,0.0,4.667566e-05,0.00016491524
292.82812,0.7103105,0.7050393,0.076952934,0.0,2015-06-07 12:00:00,1.0,1.3465529e-05,0.0,2.355022e-06,1.1158255e-05
292.93872,0.72843957,0.7268505,0.0055490583,0.0010573287,2015-06-07 13:00:00,1.0,3.5858902e-05,0.0,2.1339365e-05,1.4863391e-05
292.99536,0.81152976,0.81152976,0.0010573287,0.0065169036,2015-06-07 14:00:00,1.0,1.9378509e-05,0.0,1.1702359e-05,7.5146454e-06
294.77075,0.7352592,0.6755712,0.0,0.18646556,2015-06-07 15:00:00,0.0,6.4821434e-06,0.0,4.689842e-06,1.944516e-06
295.6648,0.20942682,0.08021265,0.0,0.14266849,2015-06-07 16:00:00,0.0,6.101426e-07,0.0,8.4856117e-07,0.0
296.83984,0.44420707,0.008487642,0.037459385,0.42919272,2015-06-07 17:00:00,0.0,0.0,0.0,0.0,0.0
298.2578,0.73379713,0.052127577,0.41940683,0.60181767,2015-06-07 18:00:00,0.0,2.726067e-05,0.0,2.726067e-05,0.0
299.1128,0.9771475,0.06067058,0.43234485,0.97371316,2015-06-07 19:00:00,0.0,3.718426e-05,0.0,3.6698126e-05,0.0
299.34033,1.0,0.062074624,0.4285338,0.9966217,2015-06-07 20:00:00,0.0,1.9795145e-05,0.0,1.9461237e-05,0.0
299.62793,0.998375,0.07406497,0.23790985,0.998375,2015-06-07 21:00:00,0.0,1.015594e-05,0.0,9.8886785e-06,0.0
298.7649,0.94714594,0.057374354,0.513612,0.90741223,2015-06-07 22:00:00,1.0,5.07797e-06,0.0,5.07797e-06,0.0
298.84473,0.9661693,0.037998762,0.39841485,0.9621734,2015-06-07 23:00:00,1.0,0.00010003519,0.0,0.000100082936,0.0
297.50586,0.9521076,0.0031780982,0.31707722,0.9483788,2015-06-08 00:00:00,0.0,0.00020152118,0.0,0.00020139683,0.0
296.45044,0.4707409,0.0,0.26208347,0.34159666,2015-06-08 01:00:00,0.0,1.14079796e-07,0.0,1.9067068e-07,0.0
295.90576,0.4983049,0.0,0.06523222,0.45610565,2015-06-08 02:00:00,0.0,0.0,0.0,0.0,0.0
293.3037,0.30382746,0.0,0.055737004,0.25988644,2015-06-08 03:00:00,0.0,0.0,0.0,0.0,0.0
292.6101,0.19949108,0.0,0.122586966,0.08771604,2015-06-08 04:00:00,0.0,0.0,0.0,0.0,0.0
291.38843,0.13078094,0.0,0.11155963,0.020278681,2015-06-08 05:00:00,0.0,0.0,0.0,0.0,0.0
291.35034,0.14105839,0.0,0.14105839,0.0,2015-06-08 06:00:00,0.0,0.0,0.0,0.0,0.0
291.1577,0.109267056,0.0,0.109267056,0.0,2015-06-08 07:00:00,0.0,0.0,0.0,0.0,0.0
291.1753,0.02595504,0.0033782488,0.02433009,0.0016249504,2015-06-08 08:00:00,0.0,0.0,0.0,0.0,0.0
289.96143,0.027330019,0.0,0.02232682,0.005003199,2015-06-08 09:00:00,0.0,0.0,0.0,0.0,0.0
289.7881,0.13735539,0.0,0.012380727,0.124997854,2015-06-08 10:00:00,0.0,0.0,0.0,0.0,0.0
289.77808,0.023898982,0.0,0.023898982,0.0,2015-06-08 11:00:00,0.0,0.0,0.0,0.0,0.0
290.06323,0.01788513,0.0,0.01788513,0.0,2015-06-08 12:00:00,0.0,0.0,0.0,0.0,0.0
290.9673,0.0,0.0,0.0,0.0,2015-06-08 13:00:00,0.0,0.0,0.0,0.0,0.0
292.18335,0.0,0.0,0.0,0.0,2015-06-08 14:00:00,0.0,0.0,0.0,0.0,0.0
295.79053,0.040334668,0.0,0.0,0.040334668,2015-06-08 15:00:00,1.0,1.0449399e-05,0.0,1.0392359e-05,0.0
296.6316,0.1344763,0.030530497,0.01788513,0.09710342,2015-06-08 16:00:00,1.0,9.234676e-05,0.0,9.247109e-05,0.0
297.8562,0.1777463,0.072288156,0.040008545,0.09763569,2015-06-08 17:00:00,1.0,7.122231e-05,0.0,7.1251154e-05,0.0
298.58374,0.2538879,0.1687975,0.041580707,0.08709365,2015-06-08 18:00:00,1.0,6.1193365e-05,0.0,6.1193365e-05,0.0
298.8352,0.39308017,0.26215565,0.27909076,0.061945707,2015-06-08 19:00:00,1.0,2.0884705e-05,0.0,2.1208994e-05,0.0
299.34155,0.32650483,0.22424483,0.21331877,0.0071571246,2015-06-08 20:00:00,1.0,1.9151688e-05,0.0,1.9227635e-05,0.0
299.60327,0.42778885,0.24246734,0.13793647,0.18314499,2015-06-08 21:00:00,1.0,2.322912e-05,0.0,2.3753702e-05,0.0
299.64868,0.34259093,0.005370889,0.31112027,0.06040594,2015-06-08 22:00:00,0.0,2.5178786e-05,0.0,2.5121757e-05,0.0
299.5056,0.26283216,0.0,0.26283216,0.00053172023,2015-06-08 23:00:00,0.0,0.0,0.0,0.0,0.0
299.11108,0.20277476,0.0,0.20277476,0.0,2015-06-09 00:00:00,0.0,2.972527e-06,0.0,3.3538681e-06,0.0
298.09888,0.24456817,0.0,0.24456817,0.0,2015-06-09 01:00:00,0.0,0.0,0.0,5.703991e-08,0.0
296.28516,0.31302476,0.0,0.3065079,0.011408862,2015-06-09 02:00:00,0.0,0.0,0.0,0.0,0.0
294.65015,0.35610068,0.0,0.3495838,0.0065169036,2015-06-09 03:00:00,0.0,0.0,0.0,0.0,0.0
294.32056,0.4986081,0.0,0.2727769,0.3109675,2015-06-09 04:00:00,0.0,0.0,0.0,0.0,0.0
292.79688,0.26856846,0.0,0.22001177,0.06757569,2015-06-09 05:00:00,0.0,0.0,0.0,0.0,0.0
291.52905,0.476569,0.0,0.07874268,0.42083198,2015-06-09 06:00:00,0.0,0.0,0.0,0.0,0.0
291.3723,0.39405912,0.0,0.062368486,0.3670404,2015-06-09 07:00:00,0.0,0.0,0.0,0.0,0.0
291.01367,0.15584111,0.0,0.08999634,0.068463266,2015-06-09 08:00:00,0.0,0.0,0.0,0.0,0.0
290.1819,0.03131241,0.0,0.027934164,0.0033782488,2015-06-09 09:00:00,0.0,0.0,0.0,0.0,0.0
290.6433,0.041841418,0.0,0.01836406,0.025848314,2015-06-09 10:00:00,0.0,0.0,0.0,0.0,0.0
290.3911,0.004741922,0.0,0.004741922,0.0,2015-06-09 11:00:00,0.0,0.0,0.0,0.0,0.0
291.00293,0.0,0.0,0.0,0.0,2015-06-09 12:00:00,0.0,0.0,0.0,0.0,0.0
292.6289,0.0,0.0,0.0,0.0,2015-06-09 13:00:00,0.0,0.0,0.0,0.0,0.0
294.06592,0.03676677,0.0,0.0,0.03676677,2015-06-09 14:00:00,0.0,0.0,0.0,0.0,0.0
298.83716,0.0124641955,0.0,0.0,0.0124641955,2015-06-09 15:00:00,0.0,0.0,0.0,0.0,0.0
300.71484,0.030677605,0.0,0.0,0.030677605,2015-06-09 16:00:00,0.0,0.0,0.0,0.0,0.0
302.24976,0.0,0.0,0.0,0.0,2015-06-09 17:00:00,0.0,0.0,0.0,0.0,0.0
302.9558,0.037691798,0.0,0.00998199,0.027702503,2015-06-09 18:00:00,0.0,0.0,0.0,0.0,0.0
303.7151,0.17205578,0.0,0.0,0.17205578,2015-06-09 19:00:00,0.0,0.0,0.0,0.0,0.0
304.4353,0.027117189,0.0,0.0,0.027117189,2015-06-09 20:00:00,0.0,0.0,0.0,0.0,0.0
305.50513,0.0032499009,0.0,0.0032499009,0.0,2015-06-09 21:00:00,0.0,0.0,0.0,0.0,0.0
305.72437,0.022660516,0.0,0.022660516,0.0016249504,2015-06-09 22:00:00,0.0,0.0,0.0,0.0,0.0
305.94922,0.09496683,0.0,0.08916998,0.01000458,2015-06-09 23:00:00,0.0,0.0,0.0,0.0,0.0
305.1897,0.12928253,0.0,0.07428819,0.0681653,2015-06-10 00:00:00,0.0,0.0,0.0,0.0,0.0
303.7068,0.40435636,0.0,0.34894627,0.08289337,2015-06-10 01:00:00,0.0,0.00022343069,0.0,0.00022343069,0.0
301.4121,0.4405383,0.0,0.3793522,0.089441955,2015-06-10 02:00:00,0.0,0.0,0.0,0.0,0.0
299.0376,0.22769582,0.0,0.21689248,0.01186071,2015-06-10 03:00:00,0.0,0.0,0.0,0.0,0.0
298.75635,0.026401568,0.0,0.025338128,0.0010573287,2015-06-10 04:00:00,0.0,0.0,0.0,0.0,0.0
297.969,0.0,0.0,0.0,0.0,2015-06-10 05:00:00,0.0,0.0,0.0,0.0,0.0
296.68213,0.0021566707,0.0021566707,0.0,0.0,2015-06-10 06:00:00,0.0,0.0,0.0,0.0,0.0
295.45728,0.0,0.0,0.0,0.0,2015-06-10 07:00:00,0.0,0.0,0.0,0.0,0.0
294.74658,0.040539876,0.0015890491,0.0,0.038950827,2015-06-10 08:00:00,0.0,0.0,0.0,0.0,0.0
292.5515,0.09674877,0.0,0.0,0.09674877,2015-06-10 09:00:00,0.0,0.0,0.0,0.0,0.0
290.93896,0.679481,0.0,0.0,0.679481,2015-06-10 10:00:00,0.0,0.0,0.0,0.0,0.0
290.79224,0.6564763,0.0,0.0015890491,0.655419,2015-06-10 11:00:00,0.0,0.0,0.0,0.0,0.0
291.34595,0.78447497,0.0,0.0,0.78447497,2015-06-10 12:00:00,0.0,0.0,0.0,0.0,0.0
292.04077,0.9641685,0.0,0.0,0.9641685,2015-06-10 13:00:00,0.0,0.0,0.0,0.0,0.0
293.0066,0.91167384,0.0,0.0,0.91167384,2015-06-10 14:00:00,0.0,0.0,0.0,0.0,0.0
295.58154,0.49636167,0.0,0.0,0.49636167,2015-06-10 15:00:00,0.0,0.0,0.0,0.0,0.0
296.37207,0.116469085,0.0,0.0,0.116469085,2015-06-10 16:00:00,0.0,0.0,0.0,0.0,0.0
296.96582,0.0033782488,0.0033782488,0.0,0.0,2015-06-10 17:00:00,0.0,0.0,0.0,0.0,0.0
297.45288,0.16809535,0.0100932345,0.0,0.16136324,2015-06-10 18:00:00,0.0,0.0,0.0,0.0,0.0
298.14258,0.51082504,0.0,0.0,0.51082504,2015-06-10 19:00:00,0.0,0.0,0.0,0.0,0.0
298.57983,0.993669,0.0033782488,0.0,0.993669,2015-06-10 20:00:00,0.0,0.0,0.0,0.0,0.0
298.8789,1.0,0.0,0.0,1.0,2015-06-10 21:00:00,0.0,0.0,0.0,0.0,0.0
297.89014,0.9978961,0.0,0.0,0.9978961,2015-06-10 22:00:00,0.0,0.0,0.0,0.0,0.0
297.64136,1.0,0.0,0.016610142,1.0,2015-06-10 23:00:00,0.0,0.0,0.0,0.0,0.0
296.67944,1.0,0.0,0.0048919544,1.0,2015-06-11 00:00:00,0.0,0.0,0.0,0.0,0.0
296.0918,1.0,0.0,0.2845996,1.0,2015-06-11 01:00:00,0.0,0.0,0.0,0.0,0.0
295.65552,0.9973536,0.0,0.5929204,0.9973536,2015-06-11 02:00:00,0.0,0.0,0.0,0.0,0.0
293.06348,1.0,0.0,0.7564937,1.0,2015-06-11 03:00:00,0.0,0.0,0.0,0.0,0.0
292.26367,0.98038083,0.0,0.1438964,0.98038083,2015-06-11 04:00:00,1.0,1.0646834e-05,0.0,1.0637542e-05,0.0
291.4402,1.0,0.0,0.41017818,1.0,2015-06-11 05:00:00,1.0,1.8714622e-05,0.0,1.8838968e-05,0.0
290.56177,0.986376,0.0,0.57500046,0.97476906,2015-06-11 06:00:00,1.0,3.4723285e-05,0.0,3.477103e-05,0.0
290.72534,1.0,0.0,0.4934339,1.0,2015-06-11 07:00:00,1.0,0.00012107761,0.0,0.00012097282,0.0
290.6228,0.99675006,0.0,0.42819506,0.99675006,2015-06-11 08:00:00,0.0,2.6498368e-05,0.0,2.6316993e-05,0.0
289.52588,1.0,0.0,0.81383944,1.0,2015-06-11 09:00:00,0.0,0.0,0.0,0.0,0.0
290.1543,1.0,0.0,1.0,1.0,2015-06-11 10:00:00,1.0,1.48300805e-05,0.0,0.0,1.48300805e-05
290.07593,1.0,0.0,1.0,1.0,2015-06-11 11:00:00,1.0,0.00016687287,0.0,0.0,0.00016687287
289.8225,1.0,0.0,0.9989426,1.0,2015-06-11 12:00:00,1.0,0.000497608,0.0,7.639659e-07,0.0004967486
289.2539,1.0,0.0,1.0,1.0,2015-06-11 13:00:00,1.0,0.0011751407,0.0,8.743289e-06,0.0011660347
289.34033,1.0,0.0,1.0,1.0,2015-06-11 14:00:00,1.0,0.0019385745,0.0,2.2200707e-05,0.0019165457
289.64258,1.0,0.0,0.998375,1.0,2015-06-11 15:00:00,1.0,0.0022565005,0.0,8.836121e-05,0.0021686826
289.8789,1.0,0.0065169036,0.99569273,1.0,2015-06-11 16:00:00,1.0,0.0027306182,0.0,6.393736e-05,0.0026669959
289.8794,1.0,0.12050766,0.99675006,1.0,2015-06-11 17:00:00,1.0,0.003125335,0.0,5.9800013e-06,0.0031194028
289.96216,1.0,0.24491012,0.96258456,1.0,2015-06-11 18:00:00,1.0,0.0026536982,0.0,4.0694125e-05,0.0026128134
290.16235,0.9905219,0.26841038,0.96906346,0.98999023,2015-06-11 19:00:00,1.0,0.00035740063,0.0,3.736539e-05,0.00032002595
289.84058,1.0,0.44420618,0.97360593,1.0,2015-06-11 20:00:00,1.0,0.0005067496,0.0,4.8107086e-06,0.00050193886
289.93066,1.0,0.5414524,0.941892,0.998375,2015-06-11 21:00:00,1.0,0.00046046497,0.0,1.2026767e-06,0.00045939581
289.98413,1.0,0.69022936,0.5908983,1.0,2015-06-11 22:00:00,1.0,0.00028531253,0.0,2.6726156e-07,0.00028504524
289.97437,1.0,0.3851595,0.2690786,1.0,2015-06-11 23:00:00,1.0,0.00015617693,0.0,0.0,0.0001557001
289.98657,1.0,0.2827937,0.24823153,1.0,2015-06-12 00:00:00,0.0,8.604152e-05,0.0,0.0,8.604152e-05
290.1333,1.0,0.0771175,0.03674669,1.0,2015-06-12 01:00:00,0.0,6.0671096e-05,0.0,0.0,6.0671096e-05
289.81934,0.99675006,0.058447193,0.035496913,0.99675006,2015-06-12 02:00:00,0.0,3.9546707e-05,0.0,0.0,3.9546707e-05
288.73193,0.9810107,0.043940105,0.03708596,0.9804851,2015-06-12 03:00:00,0.0,1.603621e-05,0.0,0.0,1.603621e-05
288.4077,0.99001795,0.03602252,0.031255372,0.99001795,2015-06-12 04:00:00,0.0,4.679291e-06,0.0,0.0,4.679291e-06
287.89673,0.9823207,0.055853914,0.0037098185,0.9823207,2015-06-12 05:00:00,0.0,2.2918975e-06,0.0,1.432436e-07,2.1964015e-06
287.68457,0.70830536,0.10876995,0.004235424,0.6922284,2015-06-12 06:00:00,0.0,2.960368e-06,0.0,9.549569e-08,2.864872e-06
287.5957,0.7304454,0.2514109,0.015364882,0.55640846,2015-06-12 07:00:00,0.0,3.5493686e-06,0.0,0.0,3.5493686e-06
286.9629,0.9416356,0.4835651,0.01801126,0.8780677,2015-06-12 08:00:00,1.0,4.4434146e-06,0.0,0.0,4.4434146e-06
285.65845,0.58645445,0.46518517,0.023841847,0.3475598,2015-06-12 09:00:00,1.0,5.400333e-06,0.0,0.0,5.400333e-06
286.4585,0.3502186,0.34625858,0.12906575,0.004235424,2015-06-12 10:00:00,0.0,8.090223e-06,0.0,0.0,8.090223e-06
286.44897,0.09838241,0.09308356,0.049798355,0.0,2015-06-12 11:00:00,0.0,0.0,0.0,0.0,0.0
286.98877,0.040190924,0.011581928,0.028608993,0.0,2015-06-12 12:00:00,0.0,0.0,0.0,0.0,0.0
288.60815,0.007945243,0.0,0.0037098185,0.005298864,2015-06-12 13:00:00,0.0,9.549569e-08,0.0,9.549569e-08,0.0
289.9546,0.017204124,0.0,0.0,0.017204124,2015-06-12 14:00:00,0.0,0.0,0.0,0.0,0.0
293.55493,0.033219717,0.0,0.0,0.033219717,2015-06-12 15:00:00,0.0,0.0,0.0,0.0,0.0
294.56494,0.31122494,0.0,0.0,0.31122494,2015-06-12 16:00:00,0.0,0.0,0.0,0.0,0.0
295.74658,0.30263025,0.0,0.0,0.30263025,2015-06-12 17:00:00,0.0,0.0,0.0,0.0,0.0
296.6172,0.0,0.0,0.0,0.0,2015-06-12 18:00:00,0.0,0.0,0.0,0.0,0.0
297.59033,0.05297645,0.0,0.0,0.05297645,2015-06-12 19:00:00,0.0,0.0,0.0,0.0,0.0
298.39478,0.6368027,0.0,0.0,0.6368027,2015-06-12 20:00:00,0.0,0.0,0.0,0.0,0.0
298.76978,1.0,0.0,0.0,1.0,2015-06-12 21:00:00,0.0,0.0,0.0,0.0,0.0
298.60718,0.96797687,0.0,0.0,0.96797687,2015-06-12 22:00:00,0.0,0.0,0.0,0.0,0.0
298.56104,0.9797078,0.0,0.0,0.9797078,2015-06-12 23:00:00,0.0,0.0,0.0,0.0,0.0
297.84863,0.90363973,0.0,0.0,0.90363973,2015-06-13 00:00:00,0.0,0.0,0.0,0.0,0.0
296.8645,0.94235855,0.0010573287,0.0010573287,0.94235855,2015-06-13 01:00:00,0.0,0.0,0.0,0.0,0.0
295.74805,1.0,0.0031780982,0.004235424,1.0,2015-06-13 02:00:00,0.0,0.0,0.0,0.0,0.0
294.09937,0.9870936,0.0021207693,0.0031780982,0.9870936,2015-06-13 03:00:00,0.0,0.0,0.0,0.0,0.0
293.4182,0.9955251,0.0076360554,0.01714513,0.9955251,2015-06-13 04:00:00,0.0,0.0,0.0,0.0,0.0
292.35425,0.9955251,0.0,0.037984442,0.9955251,2015-06-13 05:00:00,0.0,0.0,0.0,0.0,0.0
292.1394,0.98293257,0.0021207693,0.078614175,0.98003596,2015-06-13 06:00:00,0.0,0.0,0.0,0.0,0.0
291.9104,0.99946827,0.028209798,0.115784764,0.99841094,2015-06-13 07:00:00,0.0,0.0,0.0,0.0,0.0
291.6775,0.99262244,0.012656141,0.043457054,0.99262244,2015-06-13 08:00:00,1.0,2.6726156e-07,0.0,0.0,2.6726156e-07
291.29785,0.998375,0.045152325,0.22533208,0.9920941,2015-06-13 09:00:00,1.0,6.101426e-07,0.0,0.0,6.678286e-07
290.86084,1.0,0.6165991,1.0,0.9773226,2015-06-13 10:00:00,1.0,1.3356566e-06,0.0,1.432436e-07,1.3542412e-06
290.80103,1.0,0.71686125,0.9909913,0.9734295,2015-06-13 11:00:00,1.0,1.3356566e-06,0.0,1.0478777e-07,1.6215026e-06
290.58984,1.0,0.73736846,0.87595105,0.9957394,2015-06-13 12:00:00,1.0,1.6440637e-05,0.0,1.2939672e-05,3.8159797e-06
290.3894,0.9966217,0.7306364,0.67055476,0.984458,2015-06-13 13:00:00,1.0,4.445613e-05,0.0,3.794962e-05,6.4680507e-06
290.04858,1.0,0.71379644,0.83241475,0.98578244,2015-06-13 14:00:00,0.0,0.00011215985,0.0,0.0001047471,7.5941234e-06
291.19116,1.0,0.717929,0.8443023,0.98900735,2015-06-13 15:00:00,1.0,0.00016576952,0.0,0.00014734178,1.8475475e-05
290.86914,1.0,0.998375,0.77826566,0.998375,2015-06-13 16:00:00,1.0,0.00013118029,0.0,0.00011040688,2.0639782e-05
291.17676,1.0,1.0,0.6241512,0.9328036,2015-06-13 17:00:00,1.0,6.9475995e-05,0.0,4.8608374e-05,2.0915366e-05
291.13306,1.0,1.0,0.077571034,0.60488325,2015-06-13 18:00:00,1.0,4.8567483e-05,0.0,2.4611654e-05,2.3974411e-05
291.8181,1.0,0.998375,0.22908247,0.30205464,2015-06-13 19:00:00,1.0,4.3906766e-05,0.0,4.2733256e-05,8.7804574e-07
291.7473,1.0,1.0,0.45021552,0.0,2015-06-13 20:00:00,1.0,4.251412e-05,0.0,4.247598e-05,0.0
292.4663,1.0,1.0,0.4951558,0.0,2015-06-13 21:00:00,1.0,2.5589572e-05,0.0,2.582799e-05,0.0
293.8042,1.0,1.0,0.055989556,0.0,2015-06-13 22:00:00,1.0,1.9355473e-05,0.0,1.9546133e-05,0.0
294.1062,0.99364376,0.99364376,0.01979762,0.0,2015-06-13 23:00:00,1.0,9.745686e-06,0.0,9.564307e-06,0.0
293.86694,0.76507926,0.76507926,0.0010573287,0.0,2015-06-14 00:00:00,1.0,2.689907e-06,0.0,2.5758272e-06,0.0
293.76025,0.632462,0.632462,0.0010573287,0.0,2015-06-14 01:00:00,0.0,8.2101036e-07,0.0,9.546411e-07,0.0
293.7173,0.5078059,0.5078059,0.0,0.0,2015-06-14 02:00:00,0.0,5.7297444e-07,0.0,6.207223e-07,0.0
292.8589,0.66246283,0.66246283,0.020210877,0.0,2015-06-14 03:00:00,0.0,9.549569e-08,0.0,1.432436e-07,0.0
292.59058,0.7044167,0.7044167,0.0,0.0,2015-06-14 04:00:00,1.0,1.6208514e-06,0.0,1.7256398e-06,0.0
292.198,0.88464427,0.8830193,0.0,0.0065169036,2015-06-14 05:00:00,1.0,2.098981e-06,0.0,9.056011e-07,1.3356566e-06
292.13013,0.83899754,0.83899754,0.0,0.0,2015-06-14 06:00:00,1.0,1.2816917e-05,0.0,4.517444e-06,8.165842e-06
291.9319,0.7508054,0.7508054,0.0,0.0,2015-06-14 07:00:00,1.0,1.5638161e-06,0.0,4.7683716e-07,1.6215026e-06
291.44678,0.66723067,0.66723067,0.0,0.0,2015-06-14 08:00:00,1.0,4.191511e-07,0.0,2.9545845e-07,5.9091695e-07
290.28223,0.6111339,0.6111339,0.0,0.0,2015-06-14 09:00:00,1.0,9.92125e-07,0.0,1.020001e-06,1.9099144e-07
290.74658,0.61386436,0.6133326,0.0060638934,0.0,2015-06-14 10:00:00,1.0,5.032398e-06,0.0,2.5453573e-06,2.535433e-06
290.70117,0.5800331,0.5800331,0.013244111,0.0,2015-06-14 11:00:00,1.0,3.357718e-06,0.0,2.9856683e-06,2.6726156e-07
290.8474,0.56478727,0.56478727,0.0021207693,0.0,2015-06-14 12:00:00,1.0,4.9221944e-06,0.0,1.2215723e-06,3.1090585e-06
291.39917,0.5332448,0.5332448,0.0,0.0,2015-06-14 13:00:00,1.0,4.578672e-06,0.0,6.585366e-07,3.6435813e-06
292.83032,0.54139227,0.54139227,0.008468319,0.0,2015-06-14 14:00:00,1.0,2.0611715e-06,0.0,5.630408e-07,1.6791882e-06
295.99683,0.40637898,0.39312267,0.0,0.022331614,2015-06-14 15:00:00,0.0,0.0,0.0,1.3363075e-07,0.0
296.9878,0.11004484,0.09583068,0.0,0.015814707,2015-06-14 16:00:00,0.0,4.774154e-06,0.0,3.6378178e-06,9.549567e-07
297.99194,0.32234657,0.31535077,0.01608536,0.011203606,2015-06-14 17:00:00,1.0,7.6332435e-07,0.0,5.726536e-07,0.0
299.08984,0.6559664,0.63478327,0.32847208,0.0,2015-06-14 18:00:00,0.0,2.7110482e-06,0.0,2.8735221e-06,0.0
299.7212,0.6720519,0.48561376,0.5680585,0.051383413,2015-06-14 19:00:00,0.0,1.8330029e-06,0.0,1.775963e-06,0.0
300.20068,0.7644908,0.69708985,0.26582664,0.15346473,2015-06-14 20:00:00,0.0,1.1459488e-06,0.0,1.1936963e-06,0.0
300.7273,0.96601325,0.9419945,0.6814282,0.036107253,2015-06-14 21:00:00,0.0,1.9099144e-07,0.0,1.5253562e-07,0.0
301.72095,0.86154497,0.4714929,0.8107618,0.18152171,2015-06-14 22:00:00,0.0,0.0,0.0,0.0,0.0
301.53052,0.9375676,0.1847207,0.8233565,0.731275,2015-06-14 23:00:00,0.0,2.939877e-06,0.0,2.939877e-06,0.0
301.2151,0.9880009,0.15840197,0.36533535,0.98563,2015-06-15 00:00:00,0.0,0.0,0.0,0.0,0.0
300.68408,0.9966217,0.02686628,0.005423676,0.9966217,2015-06-15 01:00:00,0.0,0.0,0.0,0.0,0.0
299.49243,0.9978961,0.008732032,0.08835113,0.9978961,2015-06-15 02:00:00,0.0,0.0,0.0,0.0,0.0
296.57104,0.9543205,0.050474264,0.14228898,0.95378876,2015-06-15 03:00:00,0.0,0.0,0.0,0.0,0.0
296.4475,0.8574863,0.066323996,0.22931212,0.84774756,2015-06-15 04:00:00,0.0,0.0,0.0,0.0,0.0
295.9187,1.0,0.07763642,0.1844809,1.0,2015-06-15 05:00:00,0.0,0.0,0.0,0.0,0.0
295.84473,0.97798723,0.09959853,0.28185898,0.9725222,2015-06-15 06:00:00,0.0,0.0,0.0,0.0,0.0
295.61768,0.9587382,0.11171496,0.3869202,0.95188624,2015-06-15 07:00:00,0.0,0.0,0.0,0.0,0.0
295.22876,0.9682122,0.11468351,0.31597966,0.9418978,2015-06-15 08:00:00,0.0,0.0,0.0,0.0,0.0
294.0918,0.99657166,0.112810194,0.25119567,0.99209684,2015-06-15 09:00:00,1.0,0.0,0.0,0.0,0.0
292.76685,0.99946827,0.024435498,0.59491324,0.9805366,2015-06-15 10:00:00,1.0,0.00010724041,0.0,0.00010737404,0.0
292.3706,0.99946827,0.002103883,0.61607385,0.9949934,2015-06-15 11:00:00,1.0,0.000433092,0.0,0.0004329395,0.0
291.92505,0.9816332,0.0,0.19025952,0.97663,2015-06-15 12:00:00,0.0,0.0008922389,0.0,0.0008923155,0.0
291.94263,1.0,0.023468804,0.24485481,1.0,2015-06-15 13:00:00,0.0,0.000340197,0.0,0.00034032133,0.0
292.45068,1.0,0.05537552,0.22701639,1.0,2015-06-15 14:00:00,0.0,0.0,0.0,0.0,0.0
294.14673,1.0,0.00897735,0.3113383,1.0,2015-06-15 15:00:00,0.0,6.961639e-05,0.0,6.961639e-05,0.0
294.8252,1.0,0.0010573287,0.16948223,1.0,2015-06-15 16:00:00,0.0,0.00011556383,0.0,0.00011542058,1.9099144e-07
295.2854,1.0,0.0,0.16401428,1.0,2015-06-15 17:00:00,0.0,9.702367e-05,0.0,9.40633e-05,3.055863e-06
295.9873,1.0,0.0,0.1129657,1.0,2015-06-15 18:00:00,0.0,2.6738795e-05,0.0,2.3396453e-05,3.3423503e-06
296.5559,1.0,0.0,0.083464384,1.0,2015-06-15 19:00:00,0.0,0.0,0.0,0.0,0.0
297.07544,1.0,0.0,0.032229733,1.0,2015-06-15 20:00:00,0.0,0.0,0.0,0.0,0.0
296.95703,1.0,0.0,0.004767146,1.0,2015-06-15 21:00:00,0.0,0.0,0.0,0.0,0.0
296.8667,1.0,0.0,0.0,1.0,2015-06-15 22:00:00,0.0,0.0,0.0,0.0,0.0
296.75415,0.8433337,0.0,0.0,0.8433337,2015-06-15 23:00:00,0.0,0.0,0.0,0.0,0.0
296.39502,0.39252496,0.0,0.0,0.39252496,2015-06-16 00:00:00,0.0,0.0,0.0,0.0,0.0
295.72852,0.047804702,0.0,0.0,0.047804702,2015-06-16 01:00:00,0.0,0.0,0.0,0.0,0.0
293.9419,0.0,0.0,0.0,0.0,2015-06-16 02:00:00,0.0,0.0,0.0,0.0,0.0
291.3401,0.0,0.0,0.0,0.0,2015-06-16 03:00:00,0.0,0.0,0.0,0.0,0.0
291.1482,0.0,0.0,0.0,0.0,2015-06-16 04:00:00,0.0,0.0,0.0,0.0,0.0
290.3921,0.003161212,0.0,0.0,0.003161212,2015-06-16 05:00:00,0.0,0.0,0.0,0.0,0.0
288.7273,0.0,0.0,0.0,0.0,2015-06-16 06:00:00,0.0,0.0,0.0,0.0,0.0
288.49927,0.0,0.0,0.0,0.0,2015-06-16 07:00:00,0.0,0.0,0.0,0.0,0.0
287.80542,0.0,0.0,0.0,0.0,2015-06-16 08:00:00,0.0,0.0,0.0,0.0,0.0
286.5078,0.0,0.0,0.0,0.0,2015-06-16 09:00:00,0.0,0.0,0.0,0.0,0.0
286.52246,0.0,0.0,0.0,0.0,2015-06-16 10:00:00,0.0,0.0,0.0,0.0,0.0
286.3955,0.0,0.0,0.0,0.0,2015-06-16 11:00:00,0.0,0.0,0.0,0.0,0.0
287.1128,0.0,0.0,0.0,0.0,2015-06-16 12:00:00,0.0,0.0,0.0,0.0,0.0
288.08032,0.0,0.0,0.0,0.0,2015-06-16 13:00:00,0.0,0.0,0.0,0.0,0.0
289.0442,0.016939044,0.016939044,0.0,0.0,2015-06-16 14:00:00,0.0,0.0,0.0,0.0,0.0
291.50708,0.057753034,0.021289654,0.0,0.038851444,2015-06-16 15:00:00,0.0,0.0,0.0,0.0,0.0
292.18457,0.21691984,0.0015890491,0.0,0.21533078,2015-06-16 16:00:00,0.0,0.0,0.0,0.0,0.0
293.02417,0.9660921,0.0,0.0,0.9660921,2015-06-16 17:00:00,0.0,0.0,0.0,0.0,0.0
293.65088,1.0,0.0,0.010009766,1.0,2015-06-16 18:00:00,0.0,0.0,0.0,0.0,0.0
293.70288,1.0,0.0010573287,0.0,1.0,2015-06-16 19:00:00,0.0,0.0,0.0,0.0,0.0
293.85254,0.9785543,0.0044917315,0.051521044,0.97696525,2015-06-16 20:00:00,0.0,0.0,0.0,0.0,0.0
293.96606,0.9345501,0.0057968125,0.23558843,0.9305901,2015-06-16 21:00:00,0.0,0.0,0.0,0.0,0.0
293.90625,0.9968219,0.0057992525,0.74862546,0.9968219,2015-06-16 22:00:00,0.0,0.0,0.0,0.0,0.0
293.70947,1.0,0.008184664,0.989152,1.0,2015-06-16 23:00:00,1.0,1.0690455e-06,0.0,0.0,1.0690455e-06
292.41113,1.0,0.03380676,0.9910503,1.0,2015-06-17 00:00:00,1.0,5.245488e-05,0.0,0.0,5.245488e-05
291.03882,0.9978961,0.109466314,0.9839011,0.98017555,2015-06-17 01:00:00,1.0,0.00019783912,0.0,1.5756796e-06,0.0001962157
289.9795,0.99262583,0.0060638934,0.99262583,0.55536336,2015-06-17 02:00:00,1.0,0.00022369625,0.0,0.0,0.00022369625
288.47974,0.9813661,0.019505318,0.97175455,0.79045427,2015-06-17 03:00:00,0.0,3.8488448e-05,0.0,0.0,3.8488448e-05
288.36792,1.0,0.05336106,0.9932679,0.9901048,2015-06-17 04:00:00,0.0,0.0,0.0,0.0,0.0
288.4629,1.0,0.09670377,0.94700646,0.9901048,2015-06-17 05:00:00,1.0,0.00044173142,0.0,0.00044168346,0.0
288.5056,1.0,0.11216313,0.83734274,0.988393,2015-06-17 06:00:00,1.0,0.0009329652,0.0,0.0009329559,0.0
287.51123,0.9949968,0.05239584,0.79850173,0.95970654,2015-06-17 07:00:00,0.0,0.0001711906,0.0,0.00017137197,0.0
287.34448,0.9894863,0.010866944,0.7002839,0.9488845,2015-06-17 08:00:00,1.0,0.0006574113,0.0,0.00065769744,0.0
287.53027,0.97007173,0.05639752,0.5540146,0.9452374,2015-06-17 09:00:00,1.0,0.0008350983,0.0,0.0008351938,0.0
288.5288,0.97195506,0.18084651,0.5150429,0.8819764,2015-06-17 10:00:00,0.0,0.0008626464,0.0,0.0008566384,5.8553505e-06
288.98584,0.9135369,0.084016204,0.5199061,0.7926035,2015-06-17 11:00:00,1.0,8.49912e-05,0.0,8.507709e-05,0.0
289.5979,0.7595944,0.013148423,0.5500956,0.53443706,2015-06-17 12:00:00,1.0,0.00054675736,0.0,0.00050796056,3.874903e-05
290.0017,0.8197944,0.005584959,0.7649616,0.26046777,2015-06-17 13:00:00,1.0,0.000834977,0.0,0.0006092917,0.00022577964
291.27344,0.80889493,0.058499314,0.75255966,0.23218888,2015-06-17 14:00:00,1.0,0.00043355976,0.0,0.00034598797,8.719051e-05
294.4187,0.78266686,0.05671655,0.7035524,0.36434573,2015-06-17 15:00:00,1.0,0.00014279294,0.0,9.11362e-05,5.1923984e-05
295.61743,0.68370765,0.43858504,0.50846475,0.058981456,2015-06-17 16:00:00,1.0,0.00018706014,0.0,0.00017879014,8.31774e-06
296.17432,0.62954044,0.3527845,0.5682505,0.03772349,2015-06-17 17:00:00,1.0,0.00029664743,0.0,0.00025562546,4.0583574e-05
296.4978,0.92902786,0.62446123,0.9068451,0.04165122,2015-06-17 18:00:00,1.0,0.00037363614,0.0,0.0002530769,0.00012112208
296.1433,0.99235535,0.72756803,0.98524976,0.23411435,2015-06-17 19:00:00,1.0,0.0010640554,0.0,0.0007502411,0.00031396677
295.48096,1.0,0.99576455,0.9604244,0.33151072,2015-06-17 20:00:00,1.0,0.0028548408,0.0,0.0026481266,0.00020653298
295.02515,0.9860317,0.9638932,0.8472529,0.16449356,2015-06-17 21:00:00,1.0,0.0028496718,0.0,0.0026551827,0.00019450876
293.4458,0.9809818,0.9511808,0.8321769,0.12034136,2015-06-17 22:00:00,1.0,0.002329278,0.0,0.0021878062,0.00014114748
293.0681,0.77735305,0.67668885,0.56713295,0.02333735,2015-06-17 23:00:00,1.0,0.0014089418,0.0,0.0010432024,0.00036570127
293.0786,0.9677899,0.9436984,0.63680214,0.026925862,2015-06-18 00:00:00,1.0,0.0008484293,0.0,0.00068238704,0.00016587034
293.21118,0.8302033,0.76994556,0.43976194,0.0,2015-06-18 01:00:00,1.0,0.0001412383,0.0,5.259554e-05,8.9081135e-05
292.71558,0.8557144,0.79855895,0.4066546,0.0,2015-06-18 02:00:00,1.0,6.7502086e-05,0.0,2.3292421e-05,4.3808774e-05
291.50024,0.85204726,0.8464623,0.24557859,0.0,2015-06-18 03:00:00,1.0,1.3970637e-05,0.0,7.349693e-06,6.6013927e-06
290.9231,0.61892045,0.6062284,0.1899054,0.0010573287,2015-06-18 04:00:00,0.0,3.855742e-06,0.0,3.608031e-06,5.9091695e-07
290.4392,0.5514889,0.5322574,0.055138133,0.057687525,2015-06-18 05:00:00,1.0,2.7681108e-06,0.0,2.6726157e-06,9.549569e-08
290.00977,0.77814716,0.7229403,0.11663884,0.21031779,2015-06-18 06:00:00,1.0,1.9663266e-06,0.0,1.4699381e-06,6.300189e-07
290.3921,0.88231015,0.8606685,0.1993742,0.18013501,2015-06-18 07:00:00,1.0,1.07634705e-05,0.0,5.190748e-06,5.5727223e-06
290.37378,0.9797891,0.976428,0.338296,0.5835867,2015-06-18 08:00:00,1.0,8.208821e-06,0.0,7.979374e-06,5.537488e-07
289.86914,1.0,0.99525803,0.53857964,0.35464847,2015-06-18 09:00:00,1.0,7.979378e-06,0.0,7.864977e-06,9.549569e-08
289.69482,0.9232072,0.85906017,0.3677978,0.6092513,2015-06-18 10:00:00,0.0,8.017848e-07,0.0,6.68154e-07,0.0
289.77368,0.97500503,0.6342574,0.4396388,0.8857305,2015-06-18 11:00:00,0.0,0.0,0.0,0.0,0.0
290.00464,0.9894863,0.3535216,0.2897002,0.98448306,2015-06-18 12:00:00,0.0,0.0,0.0,0.0,0.0
290.6587,0.987647,0.21617562,0.34516072,0.9724164,2015-06-18 13:00:00,0.0,0.0,0.0,0.0,0.0
291.54004,0.9978961,0.093897104,0.09670341,0.9978961,2015-06-18 14:00:00,0.0,0.0,0.0,0.0,0.0
294.3506,0.96307254,0.051939458,0.0,0.96307254,2015-06-18 15:00:00,0.0,0.0,0.0,0.0,0.0
295.25098,0.8917981,0.079852104,0.053660948,0.87529916,2015-06-18 16:00:00,1.0,0.0,0.0,0.0,0.0
296.1101,0.3645693,0.16768962,0.21464431,0.06049493,2015-06-18 17:00:00,0.0,6.2924537e-06,0.0,6.0924913e-06,0.0
296.65088,0.38881648,0.14610451,0.37188596,0.0,2015-06-18 18:00:00,1.0,2.516208e-06,0.0,2.8975492e-06,0.0
297.11987,0.33808893,0.124362946,0.334396,0.0,2015-06-18 19:00:00,1.0,1.8337028e-05,0.0,1.8470659e-05,0.0
297.40283,0.389426,0.1284157,0.37675297,0.0,2015-06-18 20:00:00,1.0,2.0484804e-05,0.0,2.029413e-05,0.0
298.07056,0.4215479,0.16097033,0.34422112,0.0,2015-06-18 21:00:00,0.0,1.3919282e-05,0.0,1.3881147e-05,0.0
297.63086,0.24263793,0.10265046,0.22265226,0.0,2015-06-18 22:00:00,0.0,0.0,0.0,0.0,0.0
297.44873,0.2956546,0.12400341,0.27588135,0.0,2015-06-18 23:00:00,0.0,0.0,0.0,0.0,0.0
297.1748,0.1892013,0.1130991,0.17531025,0.0,2015-06-19 00:00:00,0.0,0.0,0.0,0.0,0.0
296.53638,0.12024766,0.08703619,0.07792097,0.0,2015-06-19 01:00:00,0.0,0.0,0.0,0.0,0.0
295.30762,0.04087994,0.038759172,0.035130728,0.0,2015-06-19 02:00:00,0.0,0.0,0.0,0.0,0.0
292.59106,0.014214784,0.014214784,0.00921433,0.0,2015-06-19 03:00:00,0.0,0.0,0.0,0.0,0.0
291.88135,0.00053172023,0.0,0.00053172023,0.0,2015-06-19 04:00:00,0.0,0.0,0.0,0.0,0.0
289.9392,0.005006563,0.0029026829,0.005006563,0.0,2015-06-19 05:00:00,0.0,0.0,0.0,0.0,0.0
289.5249,0.018123847,0.0,0.0,0.018123847,2015-06-19 06:00:00,0.0,0.0,0.0,0.0,0.0
289.12134,0.1977678,0.004207764,0.005003199,0.19356006,2015-06-19 07:00:00,0.0,0.0,0.0,0.0,0.0
288.78638,0.35241836,0.002103883,0.0,0.3503145,2015-06-19 08:00:00,0.0,0.0,0.0,0.0,0.0
288.10327,0.61814064,0.00737416,0.0,0.61315453,2015-06-19 09:00:00,0.0,0.0,0.0,0.0,0.0
287.62793,0.40447253,0.027988411,0.0,0.37811518,2015-06-19 10:00:00,0.0,0.0,0.0,0.0,0.0
287.56787,0.30811703,0.051941022,0.005003199,0.26742965,2015-06-19 11:00:00,0.0,0.0,0.0,0.0,0.0
288.22095,0.2217356,0.12418419,0.014985189,0.11843979,2015-06-19 12:00:00,0.0,0.0,0.0,0.0,0.0
289.25708,0.47121078,0.12212378,0.0033782488,0.38233173,2015-06-19 13:00:00,0.0,0.0,0.0,0.0,0.0
290.6494,0.70290923,0.1155349,0.005003199,0.6675079,2015-06-19 14:00:00,0.0,0.0,0.0,0.0,0.0
294.62524,0.7339114,0.14181119,0.029417016,0.6892466,2015-06-19 15:00:00,0.0,0.0,0.0,0.0,0.0
295.45776,0.7304491,0.018524725,0.0071571246,0.7237097,2015-06-19 16:00:00,0.0,0.0,0.0,0.0,0.0
296.43335,0.7151705,0.24142087,0.0,0.6032571,2015-06-19 17:00:00,0.0,0.0,0.0,4.7747868e-08,0.0
297.4641,0.9019623,0.7734365,0.16060811,0.5114224,2015-06-19 18:00:00,0.0,1.9099144e-07,0.0,5.434899e-07,0.0
297.08643,0.9909913,0.9878132,0.7659091,0.71582586,2015-06-19 19:00:00,0.0,7.626828e-07,0.0,6.8609194e-07,0.0
297.01562,0.9931458,0.96756285,0.88225853,0.8105815,2015-06-19 20:00:00,0.0,6.101426e-07,0.0,7.0563834e-07,0.0
297.43896,0.92893845,0.8188522,0.58550674,0.33021855,2015-06-19 21:00:00,0.0,0.0,0.0,0.0,0.0
297.76123,0.532315,0.089874804,0.41598606,0.2068038,2015-06-19 22:00:00,0.0,0.0,0.0,0.0,0.0
297.88843,0.9873269,0.84712416,0.36851382,0.88514656,2015-06-19 23:00:00,0.0,0.0,0.0,0.0,0.0
297.59326,0.97125936,0.5976172,0.17657888,0.88634485,2015-06-20 00:00:00,0.0,0.0,0.0,0.0,0.0
297.031,0.9426223,0.2502228,0.058820743,0.92146015,2015-06-20 01:00:00,0.0,0.0,0.0,0.0,0.0
296.44824,0.72370476,0.05934014,0.024196777,0.712963,2015-06-20 02:00:00,0.0,0.0,0.0,0.0,0.0
295.1394,0.2871971,0.0,0.021299314,0.26752275,2015-06-20 03:00:00,0.0,3.714935e-05,0.0,3.714935e-05,0.0
294.43018,0.84769744,0.0032499009,0.03299605,0.8439937,2015-06-20 04:00:00,0.0,0.00030079437,0.0,0.0003008037,0.0
294.09937,0.9805164,0.02323829,0.11817706,0.9760247,2015-06-20 05:00:00,1.0,0.00053666043,0.0,0.00053604064,0.0
292.89795,0.99946827,0.03649459,0.26154387,0.99946827,2015-06-20 06:00:00,1.0,0.0007875147,0.0,0.00078740995,0.0
293.08276,1.0,0.010356981,0.15179336,1.0,2015-06-20 07:00:00,0.0,0.0,0.0,0.0,0.0
292.88745,1.0,0.0032499009,0.14893794,1.0,2015-06-20 08:00:00,0.0,0.0,0.0,0.0,0.0
292.05054,1.0,0.0,0.70216584,1.0,2015-06-20 09:00:00,0.0,0.0,0.0,0.0,0.0
291.77246,1.0,0.0,0.9869043,1.0,2015-06-20 10:00:00,1.0,2.138092e-06,0.0,0.0,2.138092e-06
291.6621,1.0,0.06295401,0.99420315,1.0,2015-06-20 11:00:00,1.0,0.00017853893,0.0,0.0,0.00017853893
291.0515,1.0,0.027670346,0.4532454,1.0,2015-06-20 12:00:00,1.0,0.0010279263,0.0,0.00021157412,0.00081618037
290.43896,1.0,0.48716855,0.9534293,1.0,2015-06-20 13:00:00,1.0,0.0028761902,0.0,0.0018499317,0.0010265547
290.48242,0.998375,0.9739323,0.96188617,0.783988,2015-06-20 14:00:00,1.0,0.0036761027,0.0,0.0028175025,0.0008588766
292.85156,0.8709618,0.7842237,0.4272812,0.35986525,2015-06-20 15:00:00,1.0,0.0041402318,0.0,0.002731743,0.0014084999
293.94775,0.9672505,0.96301514,0.0548671,0.045164783,2015-06-20 16:00:00,1.0,0.0027899656,0.0,0.0006820869,0.0021081648
294.34302,0.8020523,0.78778696,0.2110675,0.0063561946,2015-06-20 17:00:00,1.0,0.00093132467,0.0,0.0,0.00093132467
294.82544,0.7172264,0.7145907,0.04317765,0.0,2015-06-20 18:00:00,1.0,0.00021371851,0.0,0.0,0.00021371851
295.5874,0.51459336,0.48466665,0.079554856,0.0,2015-06-20 19:00:00,1.0,1.6139442e-05,0.0,1.6149046e-05,0.0
296.0569,0.28837907,0.118169665,0.22719264,0.0,2015-06-20 20:00:00,1.0,5.0401513e-06,0.0,5.126034e-06,0.0
297.26025,0.2898997,0.0023709626,0.2898997,0.0,2015-06-20 21:00:00,0.0,1.25247225e-05,0.0,1.2075761e-05,1.9099144e-07
300.09497,0.4507876,0.09835589,0.4507876,0.0,2015-06-20 22:00:00,1.0,5.499037e-06,0.0,5.403541e-06,0.0
300.0962,0.23725277,0.012661949,0.20468533,0.03583443,2015-06-20 23:00:00,0.0,5.3452313e-06,0.0,5.3452313e-06,0.0
299.97412,0.16699785,0.09182352,0.15326262,0.0,2015-06-21 00:00:00,0.0,3.019131e-05,0.0,3.0305397e-05,0.0
299.46582,0.1891247,0.1322164,0.16545695,0.0,2015-06-21 01:00:00,0.0,7.626828e-07,0.0,1.0869835e-06,0.0
297.78687,0.26084214,0.09129095,0.08784205,0.16873616,2015-06-21 02:00:00,0.0,0.0,0.0,0.0,0.0
294.8855,0.18906146,0.074962854,0.1575566,0.0,2015-06-21 03:00:00,0.0,0.0,0.0,0.0,0.0
294.68335,0.18204445,0.05850912,0.070378006,0.11109054,2015-06-21 04:00:00,0.0,0.0,0.0,0.0,0.0
293.2881,0.65569675,0.033305015,0.014301002,0.64273405,2015-06-21 05:00:00,0.0,0.0,0.0,0.0,0.0
291.46387,0.0124641955,0.0057492107,0.0,0.0067320913,2015-06-21 06:00:00,0.0,0.0,0.0,0.0,0.0
291.17212,0.021277633,0.0033782488,0.0,0.017899383,2015-06-21 07:00:00,0.0,0.0,0.0,0.0,0.0
290.4038,0.0649184,0.0,0.02286904,0.048361033,2015-06-21 08:00:00,0.0,0.0,0.0,0.0,0.0
290.02612,0.14098513,0.0016249504,0.123582184,0.024490133,2015-06-21 09:00:00,0.0,0.0,0.0,0.0,0.0
291.01172,0.19375688,0.025660444,0.19002807,0.0,2015-06-21 10:00:00,0.0,0.0,0.0,0.0,0.0
291.10132,0.13711774,0.08401281,0.11111301,0.0,2015-06-21 11:00:00,0.0,0.0,0.0,0.0,0.0
291.54077,0.105436146,0.100443006,0.022891697,0.0,2015-06-21 12:00:00,0.0,0.0,0.0,0.0,0.0
292.70605,0.06032909,0.058740042,0.0010573287,0.0010573287,2015-06-21 13:00:00,0.0,3.9173494e-05,0.0,3.9316743e-05,0.0
293.8755,0.06453663,0.017133426,0.00053172023,0.0468727,2015-06-21 14:00:00,0.0,1.796917e-05,0.0,1.774005e-05,9.549569e-08
297.20996,0.12882167,0.12511796,0.017134354,0.0026463778,2015-06-21 15:00:00,1.0,0.00010870764,0.0,0.00010799174,8.017848e-07
298.06616,0.19116664,0.08593327,0.15877295,0.0,2015-06-21 16:00:00,1.0,0.00016880725,0.0,0.00016752895,1.4503876e-06
299.03906,0.2537756,0.051017802,0.24986559,0.0,2015-06-21 17:00:00,1.0,0.00017724218,0.0,0.00017694672,0.0
299.9297,0.20616776,0.062300082,0.18621123,0.0,2015-06-21 18:00:00,1.0,5.3917014e-05,0.0,5.4155433e-05,0.0
300.8567,0.19513172,0.014456838,0.17762303,0.011408862,2015-06-21 19:00:00,0.0,0.0,0.0,0.0,0.0
301.49634,0.4433151,0.023948323,0.21732551,0.27142274,2015-06-21 20:00:00,0.0,0.0,0.0,0.0,0.0
302.06738,0.7337191,0.0026463778,0.13666195,0.6984672,2015-06-21 21:00:00,0.0,0.0,0.0,0.0,0.0
302.1582,0.44624805,0.0,0.38381112,0.1061964,2015-06-21 22:00:00,0.0,0.0,0.0,0.0,0.0
301.8523,0.25948524,0.0,0.23777932,0.029712409,2015-06-21 23:00:00,0.0,0.0,0.0,0.0,0.0
301.6538,0.57811856,0.0,0.364801,0.34498042,2015-06-22 00:00:00,0.0,0.0,0.0,0.0,0.0
300.65088,0.8514401,0.0,0.43831778,0.75476766,2015-06-22 01:00:00,0.0,0.0,0.0,0.0,0.0
298.74878,0.6321835,0.0,0.41674525,0.3683818,2015-06-22 02:00:00,0.0,0.0,0.0,0.0,0.0
296.18384,0.5063422,0.0,0.34790218,0.24661279,2015-06-22 03:00:00,0.0,0.0,0.0,0.0,0.0
295.26123,0.9871681,0.0,0.100438595,0.9871681,2015-06-22 04:00:00,0.0,0.0,0.0,0.0,0.0
294.7732,0.998375,0.0,0.07770908,0.99289286,2015-06-22 05:00:00,0.0,0.0,0.0,0.0,0.0
294.49976,0.996307,0.0,0.03710586,0.996307,2015-06-22 06:00:00,0.0,0.0,0.0,0.0,0.0
294.3584,1.0,0.0,0.029469803,1.0,2015-06-22 07:00:00,0.0,0.0,0.0,0.0,0.0
294.32617,1.0,0.0,0.0066281483,1.0,2015-06-22 08:00:00,0.0,0.0,0.0,0.0,0.0
293.813,1.0,0.0026356035,0.30057633,1.0,2015-06-22 09:00:00,0.0,0.0,0.0,0.0,0.0
293.86353,1.0,0.0023709626,0.022580475,1.0,2015-06-22 10:00:00,0.0,0.0,0.0,0.0,0.0
294.0984,1.0,0.0026356035,0.8506759,1.0,2015-06-22 11:00:00,1.0,5.0309114e-05,0.0,0.0,4.992778e-05
293.99268,1.0,0.19440049,0.9881393,1.0,2015-06-22 12:00:00,1.0,0.002593764,0.0,0.0018957953,0.000697874
293.01172,1.0,0.5386238,0.96030253,1.0,2015-06-22 13:00:00,1.0,0.005248297,0.0,0.003226076,0.002022508
292.6709,1.0,0.17146617,0.23813021,1.0,2015-06-22 14:00:00,1.0,0.0010681907,0.0,0.00011262149,0.0009560839
294.8059,1.0,0.71123767,0.12879634,0.99627113,2015-06-22 15:00:00,1.0,0.000103189,0.0,8.767626e-07,0.00010219816
296.0254,0.98039967,0.9602676,0.14008605,0.20867383,2015-06-22 16:00:00,1.0,0.0005885067,0.0,0.00016221257,0.0004265043
297.73828,0.92462426,0.92462426,0.039248977,0.0,2015-06-22 17:00:00,1.0,0.0008313749,0.0,0.00023134105,0.00059974776
298.48804,0.63291264,0.62393767,0.04595711,0.0,2015-06-22 18:00:00,1.0,0.0007926414,0.0,0.00040907692,0.00038384134
298.66772,0.17823172,0.13702089,0.108221054,0.0021207693,2015-06-22 19:00:00,1.0,6.8751644e-05,0.0,5.2385687e-05,1.6022736e-05
300.08496,0.16673702,0.1197297,0.10106379,0.0,2015-06-22 20:00:00,0.0,1.4758831e-05,0.0,1.4291932e-05,8.9598825e-07
300.75464,0.22224444,0.21689868,0.03725763,0.0,2015-06-22 21:00:00,0.0,1.1459488e-06,0.0,1.1552402e-06,0.0
299.5254,0.13664144,0.10137659,0.11456448,0.0,2015-06-22 22:00:00,0.0,0.0,0.0,0.0,0.0
299.25244,0.107616365,0.092413485,0.09234053,0.0,2015-06-22 23:00:00,0.0,0.0,0.0,0.0,0.0
298.29565,0.06181038,0.03250625,0.040511064,0.0,2015-06-23 00:00:00,0.0,0.0,0.0,0.0,0.0
297.17017,0.05172372,0.05172372,0.01648058,0.0,2015-06-23 01:00:00,0.0,0.0,0.0,0.0,0.0
296.0647,0.03524702,0.03524702,0.0,0.0,2015-06-23 02:00:00,0.0,0.0,0.0,0.0,0.0
293.31958,0.015060566,0.015060566,0.0,0.0,2015-06-23 03:00:00,0.0,0.0,0.0,0.0,0.0
292.43604,0.0010573287,0.0010573287,0.0,0.0,2015-06-23 04:00:00,0.0,0.0,0.0,0.0,0.0
290.4956,0.0,0.0,0.0,0.0,2015-06-23 05:00:00,0.0,0.0,0.0,0.0,0.0
290.16235,0.0,0.0,0.0,0.0,2015-06-23 06:00:00,0.0,0.0,0.0,0.0,0.0
289.9944,0.0,0.0,0.0,0.0,2015-06-23 07:00:00,0.0,0.0,0.0,0.0,0.0
289.9331,0.0,0.0,0.0,0.0,2015-06-23 08:00:00,0.0,0.0,0.0,0.0,0.0
288.91992,0.0,0.0,0.0,0.0,2015-06-23 09:00:00,0.0,0.0,0.0,0.0,0.0
289.17236,0.0,0.0,0.0,0.0,2015-06-23 10:00:00,0.0,0.0,0.0,0.0,0.0
289.11108,0.0,0.0,0.0,0.0,2015-06-23 11:00:00,0.0,0.0,0.0,0.0,0.0
289.63647,0.0,0.0,0.0,0.0,2015-06-23 12:00:00,0.0,0.0,0.0,0.0,0.0
290.8943,0.0,0.0,0.0,0.0,2015-06-23 13:00:00,0.0,0.0,0.0,0.0,0.0
292.53613,0.0,0.0,0.0,0.0,2015-06-23 14:00:00,0.0,0.0,0.0,0.0,0.0
295.7251,0.0,0.0,0.0,0.0,2015-06-23 15:00:00,0.0,0.0,0.0,0.0,0.0
296.48608,0.19317633,0.040256046,0.0,0.15607053,2015-06-23 16:00:00,0.0,0.0,0.0,0.0,0.0
297.32397,0.47276396,0.07875556,0.02005371,0.4390431,2015-06-23 17:00:00,0.0,0.0,0.0,0.0,0.0
298.0066,0.5427408,0.08701825,0.06916845,0.48058516,2015-06-23 18:00:00,0.0,0.0,0.0,0.0,0.0
298.57227,0.5089791,0.016339242,0.3003958,0.310822,2015-06-23 19:00:00,0.0,0.0,0.0,0.0,0.0
298.65527,0.6715781,0.0063561946,0.6681498,0.032185186,2015-06-23 20:00:00,0.0,0.0,0.0,0.0,0.0
299.37598,0.8693816,0.0,0.8693816,0.0,2015-06-23 21:00:00,0.0,0.0,0.0,0.0,0.0
299.13867,0.56400734,0.0,0.56400734,0.0,2015-06-23 22:00:00,0.0,0.0,0.0,0.0,0.0
299.0359,0.6892381,0.0,0.6836827,0.015892524,2015-06-23 23:00:00,0.0,0.0,0.0,0.0,0.0
298.79224,0.7044813,0.0,0.70022076,0.021183055,2015-06-24 00:00:00,0.0,0.0,0.0,0.0,0.0
297.86963,0.5720498,0.0,0.5720498,0.0,2015-06-24 01:00:00,0.0,0.0,0.0,0.0,0.0
296.61914,0.56622463,0.0,0.538853,0.04502894,2015-06-24 02:00:00,0.0,0.0,0.0,0.0,0.0
293.62402,0.5456328,0.0,0.507865,0.089411855,2015-06-24 03:00:00,0.0,0.0,0.0,0.0,0.0
293.21704,0.12288964,0.0,0.0056208633,0.11727607,2015-06-24 04:00:00,0.0,0.0,0.0,0.0,0.0
292.6316,0.10369903,0.0,0.0,0.10369903,2015-06-24 05:00:00,0.0,0.0,0.0,0.0,0.0
291.39624,0.04477145,0.0,0.0,0.04477145,2015-06-24 06:00:00,0.0,0.0,0.0,0.0,0.0
290.927,0.004207764,0.0,0.004207764,0.0,2015-06-24 07:00:00,0.0,0.0,0.0,0.0,0.0
290.59106,0.03898437,0.0,0.009478044,0.03898437,2015-06-24 08:00:00,0.0,0.0,0.0,0.0,0.0
290.219,0.008384813,0.0,0.008384813,0.0,2015-06-24 09:00:00,0.0,0.0,0.0,0.0,0.0
289.53833,0.0026463778,0.0,0.0,0.0026463778,2015-06-24 10:00:00,0.0,0.0,0.0,0.0,0.0
289.75586,0.039513357,0.0,0.005298864,0.03421449,2015-06-24 11:00:00,0.0,0.0,0.0,0.0,0.0
290.3955,0.17255813,0.0,0.010066014,0.1624921,2015-06-24 12:00:00,0.0,0.0,0.0,0.0,0.0
291.96704,0.9861608,0.0,0.007945243,0.9861608,2015-06-24 13:00:00,0.0,0.0,0.0,0.0,0.0
293.73804,0.9800116,0.0,0.0058244728,0.9800116,2015-06-24 14:00:00,0.0,0.0,0.0,0.0,0.0
296.69458,1.0,0.0,0.005298864,1.0,2015-06-24 15:00:00,0.0,0.0,0.0,0.0,0.0
297.38184,1.0,0.041413892,0.26369274,1.0,2015-06-24 16:00:00,0.0,0.0,0.0,0.0,0.0
297.98022,1.0,0.024095546,0.211137,1.0,2015-06-24 17:00:00,0.0,0.0,0.0,0.0,0.0
298.0105,0.9850148,0.0,0.019092347,0.9850148,2015-06-24 18:00:00,0.0,0.0,0.0,0.0,0.0
298.33618,1.0,0.019988392,0.0,1.0,2015-06-24 19:00:00,0.0,0.0,0.0,0.0,0.0
298.26074,0.8241627,0.026925862,0.06502086,0.8174306,2015-06-24 20:00:00,0.0,0.0,0.0,0.0,0.0
298.59473,0.45521128,0.0,0.22510892,0.34864396,2015-06-24 21:00:00,0.0,0.0,0.0,0.0,0.0
297.6504,0.47147852,0.0,0.3980968,0.17084467,2015-06-24 22:00:00,0.0,0.0,0.0,0.0,0.0
297.55762,0.30279744,0.0,0.18351501,0.15827715,2015-06-24 23:00:00,0.0,0.0,0.0,0.0,0.0
297.22144,0.14174408,0.0,0.09045327,0.053418864,2015-06-25 00:00:00,0.0,0.0,0.0,0.0,0.0
296.64697,0.15149915,0.0,0.14598411,0.0055321716,2015-06-25 01:00:00,0.0,0.0,0.0,0.0,0.0
295.56006,0.13994086,0.0,0.13994086,0.0,2015-06-25 02:00:00,0.0,0.0,0.0,0.0,0.0
293.47998,0.0637297,0.0,0.0637297,0.0,2015-06-25 03:00:00,0.0,0.0,0.0,0.0,0.0
292.93042,0.5523735,0.0026356035,0.32536477,0.34012163,2015-06-25 04:00:00,0.0,0.0,0.0,0.0,0.0
292.32544,0.3969258,0.0,0.38944048,0.008548766,2015-06-25 05:00:00,0.0,0.0,0.0,0.0,0.0
291.25,0.3254478,0.0,0.3249222,0.00053172023,2015-06-25 06:00:00,0.0,0.0,0.0,0.0,0.0
290.81006,0.22459728,0.0,0.22459728,0.0,2015-06-25 07:00:00,0.0,0.0,0.0,0.0,0.0
290.49487,0.11468792,0.0,0.11468792,0.0,2015-06-25 08:00:00,0.0,0.0,0.0,0.0,0.0
289.63208,0.03965372,0.0,0.03965372,0.0,2015-06-25 09:00:00,0.0,0.0,0.0,0.0,0.0
291.01587,0.032563865,0.00053172023,0.032563865,0.0,2015-06-25 10:00:00,0.0,0.0,0.0,0.0,0.0
290.9734,0.10393834,0.005298864,0.09917116,0.0,2015-06-25 11:00:00,0.0,0.0,0.0,0.0,0.0
291.75293,0.14824563,0.006024625,0.142232,0.0,2015-06-25 12:00:00,0.0,0.0,0.0,0.0,0.0
292.88403,0.12415427,0.0010573287,0.12309688,0.0,2015-06-25 13:00:00,0.0,0.0,0.0,0.0,0.0
294.49902,0.16621405,0.00053172023,0.16568232,0.0,2015-06-25 14:00:00,0.0,0.0,0.0,0.0,0.0
297.75806,0.16731203,0.0,0.16731203,0.0,2015-06-25 15:00:00,1.0,0.0,0.0,0.0,0.0
298.61426,0.14373368,0.079790354,0.11651838,0.0058244728,2015-06-25 16:00:00,1.0,3.0135625e-06,0.0,2.622609e-06,0.0
299.37012,0.24158859,0.18395066,0.1868217,0.015364882,2015-06-25 17:00:00,1.0,1.32784235e-05,0.0,1.2763451e-05,5.3452317e-07
299.59253,0.38469082,0.14648956,0.37294823,0.0,2015-06-25 18:00:00,1.0,2.8232156e-05,0.0,2.8385344e-05,0.0
299.5974,0.75221264,0.12361878,0.7061935,0.3030976,2015-06-25 19:00:00,1.0,2.9683171e-05,0.0,2.952134e-05,0.0
299.4231,1.0,0.0781036,0.6869393,1.0,2015-06-25 20:00:00,0.0,1.9986139e-05,0.0,2.0176813e-05,0.0
299.594,0.9966217,0.07363218,0.5005445,0.9966217,2015-06-25 21:00:00,1.0,7.4717036e-06,0.0,6.7471556e-06,0.0
299.18677,0.88221574,0.013844978,0.48914546,0.79057944,2015-06-25 22:00:00,1.0,4.6363484e-06,0.0,4.559758e-06,0.0
299.44165,0.6733738,0.038200326,0.40351963,0.48621672,2015-06-25 23:00:00,1.0,1.4832693e-05,0.0,1.5223647e-05,0.0
298.97388,0.577305,0.0055490583,0.25180024,0.43411767,2015-06-26 00:00:00,0.0,1.1224986e-05,0.0,1.1091356e-05,0.0
297.99316,0.18379724,0.0,0.14353925,0.050891582,2015-06-26 01:00:00,0.0,0.0,0.0,0.0,0.0
296.73804,0.111050606,0.0,0.09182131,0.022975016,2015-06-26 02:00:00,0.0,0.0,0.0,0.0,0.0
294.5984,1.0,0.0,0.028421432,1.0,2015-06-26 03:00:00,0.0,0.0,0.0,0.0,0.0
293.53418,0.99946827,0.0,0.01189661,0.99946827,2015-06-26 04:00:00,0.0,0.0,0.0,0.0,0.0
292.49805,1.0,0.0,0.025785826,1.0,2015-06-26 05:00:00,0.0,0.0,0.0,0.0,0.0
291.99268,0.99289286,0.0,0.01107046,0.99289286,2015-06-26 06:00:00,0.0,0.0,0.0,0.0,0.0
291.64014,0.9846364,0.0,0.005006563,0.9846364,2015-06-26 07:00:00,0.0,0.0,0.0,0.0,0.0
291.22656,0.9978961,0.0,0.0,0.9978961,2015-06-26 08:00:00,0.0,0.0,0.0,0.0,0.0
290.80566,0.9917963,0.0,0.0,0.9917963,2015-06-26 09:00:00,0.0,0.0,0.0,0.0,0.0
290.63672,0.9978961,0.0,0.0,0.9978961,2015-06-26 10:00:00,0.0,0.0,0.0,0.0,0.0
290.74463,0.96816194,0.0063561946,0.0037098185,0.96816194,2015-06-26 11:00:00,0.0,0.0,0.0,0.0,0.0
291.0298,0.98222333,0.0063561946,0.007138107,0.98222333,2015-06-26 12:00:00,0.0,0.0,0.0,0.0,0.0
292.00024,0.9747907,0.0057992525,0.015297551,0.9747907,2015-06-26 13:00:00,0.0,0.0,0.0,0.0,0.0
293.20264,0.9621122,0.012377981,0.0010573287,0.9621122,2015-06-26 14:00:00,0.0,0.0,0.0,0.0,0.0
296.14844,0.9481702,0.054988552,0.056719296,0.9410631,2015-06-26 15:00:00,1.0,2.4563473e-05,0.0,2.4153298e-05,0.0
297.0503,0.98365355,0.046606597,0.22186029,0.98038656,2015-06-26 16:00:00,1.0,6.16381e-05,0.0,5.463876e-05,7.2095736e-06
297.38745,0.9483008,0.09693992,0.1475231,0.92951226,2015-06-26 17:00:00,0.0,3.011756e-05,0.0,3.0174604e-05,0.0
298.28784,0.9098062,0.17800987,0.09779072,0.88608897,2015-06-26 18:00:00,0.0,1.9304789e-05,0.0,1.9295505e-05,0.0
298.98633,0.82517827,0.1709094,0.052211467,0.79135156,2015-06-26 19:00:00,0.0,5.7297444e-07,0.0,6.207223e-07,0.0
299.2356,0.4961694,0.07492924,0.08110106,0.38195688,2015-06-26 20:00:00,1.0,3.8198294e-07,0.0,3.3423504e-07,0.0
299.583,0.23512,0.121666014,0.09676242,0.05155663,2015-06-26 21:00:00,0.0,2.138092e-06,0.0,2.0044617e-06,0.0
298.33472,0.48146296,0.10356516,0.42056644,0.15247232,2015-06-26 22:00:00,0.0,2.0957555e-07,0.0,2.573234e-07,0.0
296.92212,0.48865253,0.02312624,0.3932475,0.17783034,2015-06-26 23:00:00,0.0,0.00041587208,0.0,0.00041565252,0.0
297.03394,0.48589802,0.062188737,0.31242335,0.2647823,2015-06-27 00:00:00,0.0,9.549569e-08,0.0,9.549569e-08,0.0
296.1704,0.59522665,0.052040964,0.29714918,0.40844566,2015-06-27 01:00:00,0.0,0.0,0.0,0.0,0.0
295.44775,0.45281953,0.049269516,0.28715658,0.26814425,2015-06-27 02:00:00,0.0,0.0,0.0,0.0,0.0
293.17383,0.27431536,0.0,0.2052514,0.092889726,2015-06-27 03:00:00,0.0,0.0,0.0,0.0,0.0
292.60034,0.109461665,0.014498752,0.10893601,0.0,2015-06-27 04:00:00,0.0,0.0,0.0,0.0,0.0
292.06226,0.0048919544,0.0,0.0,0.0048919544,2015-06-27 05:00:00,0.0,0.0,0.0,0.0,0.0
291.07642,0.013471484,0.0,0.0,0.013471484,2015-06-27 06:00:00,0.0,0.0,0.0,0.0,0.0
291.33252,0.0,0.0,0.0,0.0,2015-06-27 07:00:00,0.0,0.0,0.0,0.0,0.0
290.70972,0.0,0.0,0.0,0.0,2015-06-27 08:00:00,0.0,0.0,0.0,0.0,0.0
290.11353,0.0,0.0,0.0,0.0,2015-06-27 09:00:00,0.0,0.0,0.0,0.0,0.0
288.81128,0.0067320913,0.0067320913,0.0,0.0,2015-06-27 10:00:00,0.0,0.0,0.0,0.0,0.0
288.5625,0.1242761,0.011474017,0.0,0.1161803,2015-06-27 11:00:00,0.0,0.0,0.0,0.0,0.0
290.1316,0.28602296,0.0,0.0,0.28602296,2015-06-27 12:00:00,0.0,0.0,0.0,0.0,0.0
291.4436,0.1556918,0.0,0.0,0.1556918,2015-06-27 13:00:00,0.0,0.0,0.0,0.0,0.0
293.27246,0.033370465,0.0,0.0,0.033370465,2015-06-27 14:00:00,0.0,0.0,0.0,0.0,0.0
297.56714,0.45015872,0.0,0.0,0.45015872,2015-06-27 15:00:00,1.0,0.0,0.0,0.0,0.0
298.46265,0.68913645,0.0,0.0,0.68913645,2015-06-27 16:00:00,1.0,3.7786944e-05,0.0,3.77299e-05,0.0
299.1997,0.5873166,0.013705134,0.22048432,0.46599913,2015-06-27 17:00:00,1.0,2.2943437e-05,0.0,2.2714303e-05,0.0
299.52246,0.5226954,0.019466668,0.42353052,0.17467421,2015-06-27 18:00:00,1.0,7.0615706e-06,0.0,7.385872e-06,0.0
299.93555,0.5746343,0.004207764,0.47594053,0.17588615,2015-06-27 19:00:00,1.0,1.0690455e-06,0.0,1.0690455e-06,0.0
300.07178,0.5042852,0.0,0.39892828,0.19025868,2015-06-27 20:00:00,0.0,5.3452317e-07,0.0,6.68154e-07,0.0
300.4453,0.50135905,0.0,0.36575812,0.21137106,2015-06-27 21:00:00,0.0,0.0,0.0,0.0,0.0
300.1001,0.5902593,0.0,0.29333103,0.4834292,2015-06-27 22:00:00,0.0,0.0,0.0,0.0,0.0
299.7727,0.7793488,0.0,0.17148846,0.7482927,2015-06-27 23:00:00,0.0,0.0,0.0,0.0,0.0
299.2766,0.24342328,0.0,0.025738224,0.23661673,2015-06-28 00:00:00,0.0,0.0,0.0,0.0,0.0
298.3452,0.87045413,0.0,0.13335878,0.85971546,2015-06-28 01:00:00,0.0,0.0,0.0,0.0,0.0
297.16162,0.9870936,0.0,0.028373826,0.9870936,2015-06-28 02:00:00,0.0,0.0,0.0,0.0,0.0
295.2124,1.0,0.0,0.07187307,1.0,2015-06-28 03:00:00,0.0,0.0,0.0,0.0,0.0
294.54883,1.0,0.0,0.24021041,1.0,2015-06-28 04:00:00,0.0,0.0,0.0,0.0,0.0
294.2085,1.0,0.0,0.37865245,1.0,2015-06-28 05:00:00,0.0,0.0,0.0,0.0,0.0
293.05884,1.0,0.0016249504,0.74857014,1.0,2015-06-28 06:00:00,1.0,2.9131508e-05,0.0,2.9131508e-05,0.0
292.1189,0.9946291,0.039486356,0.9243985,0.9774933,2015-06-28 07:00:00,1.0,0.00022906247,0.0,0.00018625389,4.2713073e-05
291.34033,0.98892707,0.06482327,0.9636678,0.8888568,2015-06-28 08:00:00,1.0,0.0011474818,0.0,0.0006212315,0.0005260315
290.74805,1.0,0.6658613,1.0,0.9286818,2015-06-28 09:00:00,1.0,0.00223291,0.0,0.0008188081,0.0014140061
290.90845,0.99348307,0.11654496,0.87111574,0.97974443,2015-06-28 10:00:00,1.0,0.003947463,0.0,0.0017714675,0.0021764734
290.79272,0.8973456,0.1370681,0.73559725,0.7658189,2015-06-28 11:00:00,1.0,0.004165858,0.0,0.001804058,0.0023614878
290.812,0.7226155,0.50366765,0.6625884,0.3767348,2015-06-28 12:00:00,1.0,0.0034862512,0.0,0.0013584145,0.002127789
291.06934,0.5118906,0.109963536,0.45163333,0.05870414,2015-06-28 13:00:00,1.0,0.0021802394,0.0,0.00061185285,0.0015683481
291.79224,0.39339328,0.0,0.39339328,0.0,2015-06-28 14:00:00,1.0,0.0014868847,0.0,0.0003165477,0.0011704129
293.9314,0.30644798,0.0,0.30644798,0.0,2015-06-28 15:00:00,1.0,0.0008258559,0.0,5.5806435e-05,0.0007704308
294.64917,0.14312887,0.05849198,0.07357788,0.025824472,2015-06-28 16:00:00,1.0,0.00047425274,0.0,3.644779e-05,0.00043817703
295.00293,0.17775738,0.10117495,0.027892455,0.06752843,2015-06-28 17:00:00,1.0,0.00017911226,0.0,4.2271713e-05,0.00013701199
295.5437,0.3261642,0.2289648,0.08664328,0.08055413,2015-06-28 18:00:00,1.0,0.00019376248,0.0,7.1124596e-05,0.00012284744
296.15845,0.41387987,0.24720019,0.13270032,0.12992948,2015-06-28 19:00:00,1.0,9.7514685e-06,0.0,9.64636e-06,1.9099144e-07
296.00586,0.509296,0.24043435,0.41427195,0.13881701,2015-06-28 20:00:00,1.0,2.6537571e-05,0.0,1.904495e-05,7.483324e-06
295.76733,0.6925965,0.08373511,0.4478202,0.46547985,2015-06-28 21:00:00,1.0,2.272788e-05,0.0,2.259425e-05,0.0
295.53784,0.71417964,0.04637357,0.3076797,0.61998516,2015-06-28 22:00:00,1.0,0.0014665751,0.0,0.0014656687,8.774042e-07
295.34546,0.58100635,0.11544156,0.35603374,0.3464517,2015-06-28 23:00:00,0.0,0.0009785916,0.0,0.0009679517,1.0887758e-05
295.74048,0.4918182,0.06370628,0.3925317,0.15121299,2015-06-29 00:00:00,1.0,0.000101298385,0.0,9.753049e-05,3.758285e-06
294.7859,0.2727481,0.017448418,0.1726157,0.11142212,2015-06-29 01:00:00,1.0,0.00018292732,0.0,0.00015823357,2.4732202e-05
294.3462,0.2480368,0.019270774,0.17733955,0.07931191,2015-06-29 02:00:00,1.0,0.0001857107,0.0,0.00015659195,2.8871029e-05
292.84814,0.45477957,0.0053178817,0.11491072,0.3886711,2015-06-29 03:00:00,0.0,6.9980642e-06,0.0,4.985928e-06,1.9073486e-06
292.2422,0.4686513,0.012144364,0.15535396,0.3612342,2015-06-29 04:00:00,0.0,7.029905e-05,0.0,6.711439e-05,3.127624e-06
291.45435,0.42986655,0.0159931,0.17965537,0.30594045,2015-06-29 05:00:00,1.0,5.4130272e-05,0.0,5.3529424e-05,5.915585e-07
290.96045,0.2288552,0.016741857,0.16879088,0.065081835,2015-06-29 06:00:00,1.0,1.1117806e-05,0.0,6.0536777e-06,5.111875e-06
290.99194,0.16731596,0.003909968,0.09463519,0.07213193,2015-06-29 07:00:00,0.0,0.0,0.0,0.0,0.0
291.00684,0.21201181,0.03873414,0.070007324,0.14663273,2015-06-29 08:00:00,0.0,0.0,0.0,0.0,0.0
290.5852,0.18888342,0.00053172023,0.09947437,0.11214399,2015-06-29 09:00:00,0.0,0.0,0.0,0.0,0.0
291.2749,0.23631245,0.11392951,0.21613914,0.0,2015-06-29 10:00:00,0.0,0.0,0.0,0.0,0.0
291.39795,0.3374855,0.024867758,0.32921922,0.011203606,2015-06-29 11:00:00,0.0,0.0,0.0,0.0,0.0
291.8059,0.4117102,0.005003199,0.4117102,0.0,2015-06-29 12:00:00,0.0,0.0,0.0,0.0,0.0
292.8452,0.288253,0.007457666,0.288253,0.0,2015-06-29 13:00:00,0.0,0.0,0.0,0.0,0.0
294.00146,0.35096294,0.030828293,0.34096044,0.0,2015-06-29 14:00:00,0.0,0.0,0.0,0.0,0.0
296.9839,0.23825389,0.008384813,0.23825389,0.0,2015-06-29 15:00:00,1.0,0.0,0.0,0.0,0.0
298.20117,0.14998907,0.0033782488,0.13319719,0.016791899,2015-06-29 16:00:00,1.0,5.1329072e-05,0.0,5.1652736e-05,0.0
299.22412,0.15929383,0.057049938,0.03497188,0.0677976,2015-06-29 17:00:00,1.0,2.1049971e-05,0.0,2.1374275e-05,0.0
299.8501,0.34923893,0.22295868,0.022145681,0.14307207,2015-06-29 18:00:00,0.0,8.275403e-06,0.0,7.951102e-06,0.0
300.7334,0.3400098,0.13285637,0.042695213,0.20155656,2015-06-29 19:00:00,1.0,1.102428e-05,0.0,1.1081321e-05,0.0
300.8191,0.32765317,0.08848852,0.10751301,0.22727317,2015-06-29 20:00:00,1.0,1.3750715e-05,0.0,1.3721872e-05,0.0
301.0559,0.42301762,0.14699817,0.1714617,0.2985248,2015-06-29 21:00:00,1.0,1.6500242e-05,0.0,1.6500242e-05,0.0
299.8191,0.54519176,0.0,0.42643613,0.29761404,2015-06-29 22:00:00,1.0,1.8673541e-05,0.0,1.877833e-05,0.0
300.09497,0.5224987,0.024201963,0.2657029,0.41385674,2015-06-29 23:00:00,1.0,6.805346e-05,0.0,6.756732e-05,3.813414e-07
296.02783,0.6388837,0.15606219,0.2883435,0.5056673,2015-06-30 00:00:00,1.0,0.002119789,0.0,0.0021170333,2.631561e-06
293.9629,0.25799036,0.08230072,0.21982652,0.050785292,2015-06-30 01:00:00,0.0,0.00086558936,0.0,0.0008631763,2.5944028e-06
293.8579,0.11900824,0.032976724,0.11794484,0.0,2015-06-30 02:00:00,0.0,1.661625e-05,0.0,1.661625e-05,0.0
291.42334,0.16709018,0.013755485,0.16603285,0.0,2015-06-30 03:00:00,0.0,0.0,0.0,0.0,0.0
291.39893,0.28366047,0.023256019,0.28366047,0.0,2015-06-30 04:00:00,0.0,0.0,0.0,0.0,0.0
291.43726,0.16694629,0.012002405,0.16694629,0.0,2015-06-30 05:00:00,0.0,0.0,0.0,0.0,0.0
291.4192,0.086559296,0.005832717,0.086559296,0.0,2015-06-30 06:00:00,0.0,0.0,0.0,0.0,0.0
291.20142,0.03794056,0.0066281483,0.036315612,0.0,2015-06-30 07:00:00,0.0,0.0,0.0,0.0,0.0
290.97876,0.029520992,0.0,0.019942336,0.00956155,2015-06-30 08:00:00,0.0,0.0,0.0,0.0,0.0
290.55176,0.07261443,0.0067320913,0.0,0.065882325,2015-06-30 09:00:00,1.0,0.0,0.0,0.0,0.0
289.9629,0.29070103,0.020103,0.0,0.27060413,2015-06-30 10:00:00,1.0,0.0,0.0,0.0,0.0
289.77148,0.3160603,0.12665087,0.0,0.19476318,2015-06-30 11:00:00,0.0,0.0,0.0,0.0,0.0
289.83228,0.8471276,0.47912145,0.0,0.735996,2015-06-30 12:00:00,1.0,2.0957555e-07,0.0,0.0,9.549569e-08
290.14233,0.92817277,0.5279532,0.0,0.83328074,2015-06-30 13:00:00,1.0,7.440987e-07,0.0,8.0113864e-07,0.0
291.0774,0.7903037,0.4455288,0.0,0.6675517,2015-06-30 14:00:00,1.0,7.078871e-06,0.0,6.354324e-06,9.72258e-07
293.11987,0.381158,0.37726516,0.0,0.0072638094,2015-06-30 15:00:00,1.0,1.6497012e-05,0.0,1.1463326e-05,5.3009608e-06
293.8313,0.58195716,0.46424925,0.0,0.187392,2015-06-30 16:00:00,1.0,2.5747911e-05,0.0,2.0407868e-05,5.9309705e-06
294.48633,0.87378454,0.4847588,0.0,0.74337536,2015-06-30 17:00:00,1.0,4.2082203e-05,0.0,4.190051e-05,9.549569e-08
295.08716,0.99089694,0.33058488,0.0,0.9846331,2015-06-30 18:00:00,0.0,2.3609158e-05,0.0,2.3427783e-05,0.0
295.50513,0.99627113,0.28075314,0.0,0.99627113,2015-06-30 19:00:00,0.0,0.0,0.0,0.0,0.0
296.17578,0.9824286,0.1263308,0.0,0.9824286,2015-06-30 20:00:00,0.0,0.0,0.0,0.0,0.0
296.45288,0.97657657,0.115852,0.0,0.97657657,2015-06-30 21:00:00,0.0,0.0,0.0,0.0,0.0
296.1123,0.9866318,0.0,0.0,0.9866318,2015-06-30 22:00:00,0.0,0.0,0.0,0.0,0.0
295.9839,0.8791516,0.0,0.0,0.8791516,2015-06-30 23:00:00,0.0,0.0,0.0,0.0,0.0
295.4231,0.9801975,0.0,0.0,0.9801975,2015-07-01 00:00:00,0.0,0.0,0.0,0.0,0.0
294.64185,0.95513505,0.0,0.005832717,0.95513505,2015-07-01 01:00:00,0.0,0.0,0.0,0.0,0.0
293.90015,0.86432004,0.0,0.002103883,0.8622162,2015-07-01 02:00:00,0.0,0.0,0.0,0.0,0.0
291.6797,0.9431686,0.0,0.0032499009,0.9431686,2015-07-01 03:00:00,0.0,0.0,0.0,0.0,0.0
290.8042,0.7828543,0.0,0.012828555,0.7828543,2015-07-01 04:00:00,0.0,0.0,0.0,0.0,0.0
289.80566,0.43996227,0.0,0.22444844,0.41091812,2015-07-01 05:00:00,0.0,0.0,0.0,0.0,0.0
288.65308,0.5386053,0.0,0.43615538,0.39930862,2015-07-01 06:00:00,0.0,0.0,0.0,0.0,0.0
288.5432,0.59775484,0.0,0.55348843,0.4467175,2015-07-01 07:00:00,0.0,0.0,0.0,0.0,0.0
288.17065,0.78962857,0.0,0.6416698,0.6546064,2015-07-01 08:00:00,0.0,0.0,0.0,0.0,0.0
287.35132,0.83597827,0.0,0.7410986,0.6713963,2015-07-01 09:00:00,0.0,0.0,0.0,0.0,0.0
287.49268,0.5928391,0.0,0.38618082,0.40984893,2015-07-01 10:00:00,0.0,0.0,0.0,0.0,0.0
287.11304,0.71249735,0.0032499009,0.42359394,0.58869296,2015-07-01 11:00:00,0.0,0.0,0.0,0.0,0.0
287.3059,0.9429888,0.022198688,0.30911237,0.918666,2015-07-01 12:00:00,0.0,0.0,0.0,0.0,0.0
287.88745,0.889326,0.026136044,0.10458398,0.87338287,2015-07-01 13:00:00,0.0,0.0,0.0,0.0,0.0
288.63867,0.4293641,0.011203606,0.14150423,0.3975901,2015-07-01 14:00:00,0.0,0.0,0.0,0.0,0.0
290.53052,0.4155802,0.0037288337,0.24774617,0.33403558,2015-07-01 15:00:00,0.0,0.0,0.0,0.0,0.0
290.86768,0.17359805,0.0,0.12526953,0.10367209,2015-07-01 16:00:00,0.0,0.0,0.0,0.0,0.0
291.87842,0.23270357,0.0,0.2311145,0.026044779,2015-07-01 17:00:00,0.0,0.0,0.0,0.0,0.0
292.6692,0.1402269,0.0,0.13522035,0.019980881,2015-07-01 18:00:00,0.0,0.0,0.0,0.0,0.0
293.312,0.011838328,0.0,0.008460078,0.0033782488,2015-07-01 19:00:00,0.0,0.0,0.0,0.0,0.0
294.1123,0.0,0.0,0.0,0.0,2015-07-01 20:00:00,0.0,0.0,0.0,0.0,0.0
294.90234,0.0,0.0,0.0,0.0,2015-07-01 21:00:00,0.0,0.0,0.0,0.0,0.0
295.05103,0.012267008,0.01173529,0.00053172023,0.0,2015-07-01 22:00:00,0.0,0.0,0.0,0.0,0.0
295.0349,0.005003199,0.005003199,0.0,0.0,2015-07-01 23:00:00,0.0,0.0,0.0,0.0,0.0
294.99414,0.005003199,0.005003199,0.0,0.0,2015-07-02 00:00:00,0.0,0.0,0.0,0.0,0.0
294.28125,0.0,0.0,0.0,0.0,2015-07-02 01:00:00,0.0,0.0,0.0,0.0,0.0
292.69482,0.0,0.0,0.0,0.0,2015-07-02 02:00:00,0.0,0.0,0.0,0.0,0.0
290.41138,0.0,0.0,0.0,0.0,2015-07-02 03:00:00,0.0,0.0,0.0,0.0,0.0
290.0393,0.0,0.0,0.0,0.0,2015-07-02 04:00:00,0.0,0.0,0.0,0.0,0.0
288.93872,0.029327456,0.0,0.0,0.029327456,2015-07-02 05:00:00,0.0,0.0,0.0,0.0,0.0
287.93286,0.09507096,0.0,0.0,0.09507096,2015-07-02 06:00:00,0.0,0.0,0.0,0.0,0.0
287.5017,0.010624062,0.0,0.0,0.010624062,2015-07-02 07:00:00,0.0,0.0,0.0,0.0,0.0
287.3003,0.0,0.0,0.0,0.0,2015-07-02 08:00:00,0.0,0.0,0.0,0.0,0.0
288.27466,0.0,0.0,0.0,0.0,2015-07-02 09:00:00,0.0,0.0,0.0,0.0,0.0
287.7815,0.013307486,0.0,0.0,0.013307486,2015-07-02 10:00:00,0.0,0.0,0.0,0.0,0.0
287.29346,0.23245823,0.0,0.0,0.23245823,2015-07-02 11:00:00,0.0,0.0,0.0,0.0,0.0
287.5642,0.56958383,0.0,0.0,0.56958383,2015-07-02 12:00:00,0.0,0.0,0.0,0.0,0.0
289.3462,0.88946706,0.0,0.0,0.88946706,2015-07-02 13:00:00,0.0,0.0,0.0,0.0,0.0
291.14575,0.9252785,0.0,0.0,0.9252785,2015-07-02 14:00:00,0.0,0.0,0.0,0.0,0.0
294.39258,0.93688786,0.0,0.0,0.93688786,2015-07-02 15:00:00,0.0,0.0,0.0,0.0,0.0
295.2185,0.9426371,0.0,0.0,0.9426371,2015-07-02 16:00:00,0.0,0.0,0.0,0.0,0.0
295.80518,0.82282305,0.14117634,0.0,0.8071123,2015-07-02 17:00:00,0.0,0.0,0.0,0.0,0.0
296.43994,0.74628705,0.28499717,0.10771847,0.6439597,2015-07-02 18:00:00,0.0,0.0,0.0,0.0,0.0
296.7561,0.62258023,0.31920516,0.3592872,0.3837849,2015-07-02 19:00:00,0.0,0.0,0.0,0.0,0.0
297.0022,0.55525076,0.22896618,0.2862035,0.3094446,2015-07-02 20:00:00,0.0,0.0,0.0,0.0,0.0
297.229,0.48611307,0.14379579,0.4597512,0.03527145,2015-07-02 21:00:00,0.0,0.0,0.0,0.0,0.0
297.38306,0.20908284,0.017626498,0.14142478,0.059232693,2015-07-02 22:00:00,0.0,0.0,0.0,0.0,0.0
297.24634,0.085840344,0.0,0.047144044,0.038696356,2015-07-02 23:00:00,0.0,0.0,0.0,0.0,0.0
296.76538,0.0042713284,0.0,0.0,0.0042713284,2015-07-03 00:00:00,0.0,0.0,0.0,0.0,0.0
295.875,0.0,0.0,0.0,0.0,2015-07-03 01:00:00,0.0,0.0,0.0,0.0,0.0
295.44922,0.0026463778,0.0,0.0,0.0026463778,2015-07-03 02:00:00,0.0,0.0,0.0,0.0,0.0
292.88477,0.0026463778,0.0,0.0,0.0026463778,2015-07-03 03:00:00,0.0,0.0,0.0,0.0,0.0
292.09668,0.0010573287,0.0,0.0,0.0010573287,2015-07-03 04:00:00,0.0,0.0,0.0,0.0,0.0
290.62402,0.0,0.0,0.0,0.0,2015-07-03 05:00:00,0.0,0.0,0.0,0.0,0.0
290.27002,0.0,0.0,0.0,0.0,2015-07-03 06:00:00,0.0,0.0,0.0,0.0,0.0
290.3152,0.03028692,0.00053172023,0.0,0.029755197,2015-07-03 07:00:00,0.0,0.0,0.0,0.0,0.0
290.08057,0.0016249504,0.0,0.0,0.0016249504,2015-07-03 08:00:00,0.0,0.0,0.0,0.0,0.0
288.9756,0.0033782488,0.0,0.0,0.0033782488,2015-07-03 09:00:00,0.0,0.0,0.0,0.0,0.0
287.91748,0.086628854,0.0,0.0,0.086628854,2015-07-03 10:00:00,0.0,0.0,0.0,0.0,0.0
287.8745,0.2469706,0.0,0.0,0.2469706,2015-07-03 11:00:00,0.0,0.0,0.0,0.0,0.0
288.3098,0.4036649,0.0,0.0,0.4036649,2015-07-03 12:00:00,0.0,0.0,0.0,0.0,0.0
289.52344,0.58149844,0.0,0.0,0.58149844,2015-07-03 13:00:00,0.0,0.0,0.0,0.0,0.0
291.63892,0.78330773,0.0,0.0,0.78330773,2015-07-03 14:00:00,0.0,0.0,0.0,0.0,0.0
295.26025,0.46076208,0.0,0.0,0.46076208,2015-07-03 15:00:00,0.0,0.0,0.0,0.0,0.0
296.48462,0.44398832,0.0057992525,0.005003199,0.43608248,2015-07-03 16:00:00,0.0,0.0,0.0,0.0,0.0
297.62256,0.41971523,0.020815585,0.019988392,0.3918237,2015-07-03 17:00:00,0.0,0.0,0.0,0.0,0.0
298.08472,0.44237608,0.3445105,0.060388353,0.17533255,2015-07-03 18:00:00,0.0,0.0,0.0,0.0,0.0
298.61743,0.8384816,0.76534504,0.63170207,0.088638425,2015-07-03 19:00:00,0.0,0.0,0.0,0.0,0.0
299.3833,0.9904657,0.98602396,0.95533323,0.13393492,2015-07-03 20:00:00,0.0,0.0,0.0,0.0,0.0
299.7522,0.99001795,0.9762827,0.9762876,0.08085734,2015-07-03 21:00:00,0.0,2.138092e-06,0.0,2.138092e-06,0.0
299.26245,0.641256,0.51347417,0.4322012,0.12428677,2015-07-03 22:00:00,0.0,2.7482347e-06,0.0,3.0436931e-06,0.0
298.95093,0.2519126,0.22365361,0.09179574,0.02045748,2015-07-03 23:00:00,0.0,1.430385e-05,0.0,1.4399345e-05,0.0
298.16992,0.15164661,0.11881906,0.10094613,0.0,2015-07-04 00:00:00,0.0,9.452105e-06,0.0,9.184843e-06,0.0
297.63843,0.10336465,0.016977832,0.08832097,0.011682536,2015-07-04 01:00:00,0.0,0.0,0.0,0.0,0.0
296.5105,0.1031723,0.021613963,0.07427263,0.031471513,2015-07-04 02:00:00,0.0,0.0,0.0,0.0,0.0
294.05078,0.15669161,0.045448236,0.15031004,0.005832717,2015-07-04 03:00:00,0.0,0.0,0.0,0.0,0.0
293.6399,0.11515868,0.06045536,0.08260465,0.0,2015-07-04 04:00:00,1.0,0.0,0.0,0.0,0.0
293.2815,0.13880527,0.1141603,0.10102874,0.0,2015-07-04 05:00:00,1.0,1.27694475e-05,0.0,1.26069735e-05,0.0
292.4768,0.18252349,0.17516303,0.066314936,0.0,2015-07-04 06:00:00,1.0,1.1674817e-05,0.0,1.1226177e-05,0.0
292.18896,0.07334334,0.07334334,0.011106361,0.0,2015-07-04 07:00:00,0.0,0.0,0.0,0.0,0.0
291.39087,0.09106845,0.08838618,0.049987793,0.0016249504,2015-07-04 08:00:00,0.0,0.0,0.0,0.0,0.0
290.85156,0.053983703,0.033248678,0.042379506,0.0,2015-07-04 09:00:00,0.0,0.0,0.0,0.0,0.0
290.59082,0.013098966,0.013098966,0.0057492107,0.0,2015-07-04 10:00:00,0.0,0.0,0.0,0.0,0.0
290.74365,0.023717847,0.023717847,0.0,0.0,2015-07-04 11:00:00,0.0,0.0,0.0,0.0,0.0
291.04858,0.40859377,0.40859377,0.0,0.0,2015-07-04 12:00:00,0.0,0.0,0.0,0.0,0.0
292.01587,0.015007779,0.015007779,0.0,0.0,2015-07-04 13:00:00,0.0,0.0,0.0,0.0,0.0
293.44897,0.002103883,0.002103883,0.0,0.0,2015-07-04 14:00:00,0.0,0.0,0.0,0.0,0.0
297.32373,0.02204289,0.02204289,0.0,0.0,2015-07-04 15:00:00,1.0,1.0690455e-06,0.0,9.354155e-07,0.0
298.82202,0.5366201,0.13452488,0.51213914,0.0,2015-07-04 16:00:00,0.0,3.360161e-05,0.0,3.3849312e-05,0.0
299.93164,0.5209976,0.3431548,0.42459834,0.0,2015-07-04 17:00:00,1.0,1.2892536e-05,0.0,1.2969127e-05,0.0
300.1538,0.48336786,0.27301288,0.43879956,0.0,2015-07-04 18:00:00,1.0,6.598799e-06,0.0,6.694295e-06,0.0
301.07837,0.57963115,0.41269773,0.5315354,0.0,2015-07-04 19:00:00,0.0,2.6726156e-07,0.0,0.0,2.6726156e-07
301.1819,0.549425,0.16083443,0.52909076,0.0,2015-07-04 20:00:00,0.0,4.959372e-06,0.0,5.1977904e-06,0.0
301.2119,0.6483265,0.20603192,0.6201636,0.0,2015-07-04 21:00:00,0.0,2.1785861e-05,0.0,2.1910193e-05,0.0
301.11377,0.39649928,0.025504608,0.39649928,0.0,2015-07-04 22:00:00,1.0,3.738418e-06,0.0,3.518583e-06,9.549569e-08
301.14038,0.14286429,0.03556352,0.14076042,0.0,2015-07-04 23:00:00,0.0,3.813414e-07,0.0,2.9545845e-07,0.0
300.64917,0.06595135,0.03017478,0.03740884,0.0,2015-07-05 00:00:00,0.0,0.0,0.0,0.0,0.0
299.93237,0.0082530975,0.0032499009,0.005003199,0.0,2015-07-05 01:00:00,0.0,0.0,0.0,0.0,0.0
298.739,0.005003199,0.0,0.005003199,0.0,2015-07-05 02:00:00,0.0,0.0,0.0,0.0,0.0
296.66284,0.0,0.0,0.0,0.0,2015-07-05 03:00:00,0.0,0.0,0.0,0.0,0.0
295.98755,0.0,0.0,0.0,0.0,2015-07-05 04:00:00,0.0,0.0,0.0,0.0,0.0
294.95605,0.0,0.0,0.0,0.0,2015-07-05 05:00:00,0.0,0.0,0.0,0.0,0.0
293.97754,0.0,0.0,0.0,0.0,2015-07-05 06:00:00,0.0,0.0,0.0,0.0,0.0
293.48267,0.0,0.0,0.0,0.0,2015-07-05 07:00:00,0.0,0.0,0.0,0.0,0.0
293.09473,0.002103883,0.0,0.0,0.002103883,2015-07-05 08:00:00,0.0,0.0,0.0,0.0,0.0
292.45337,0.05604708,0.0,0.0,0.05604708,2015-07-05 09:00:00,0.0,0.0,0.0,0.0,0.0
291.87793,0.4787779,0.0,0.0,0.4787779,2015-07-05 10:00:00,0.0,0.0,0.0,0.0,0.0
291.83374,0.6050591,0.0,0.0,0.6050591,2015-07-05 11:00:00,0.0,0.0,0.0,0.0,0.0
291.95557,0.93742174,0.0,0.0,0.93742174,2015-07-05 12:00:00,0.0,0.0,0.0,0.0,0.0
293.16968,0.9810683,0.0,0.012464233,0.9810683,2015-07-05 13:00:00,0.0,0.0,0.0,0.0,0.0
294.5205,0.967391,0.014585219,0.029834747,0.96366215,2015-07-05 14:00:00,0.0,0.0,0.0,0.0,0.0
297.93628,0.8781813,0.073919296,0.059577115,0.8660676,2015-07-05 15:00:00,0.0,0.0,0.0,0.0,0.0
298.94873,0.9124752,0.0,0.0,0.9124752,2015-07-05 16:00:00,0.0,0.0,0.0,0.0,0.0
300.40576,0.98290753,0.009530831,0.0,0.98290753,2015-07-05 17:00:00,0.0,0.0,0.0,0.0,0.0
301.0232,0.95800126,0.042034306,0.040514927,0.95800126,2015-07-05 18:00:00,0.0,0.0,0.0,0.0,0.0
301.69995,0.23982453,0.034028117,0.03436509,0.20417029,2015-07-05 19:00:00,0.0,0.0,0.0,0.0,0.0
302.4602,0.16416425,0.10104942,0.006556347,0.06982452,2015-07-05 20:00:00,0.0,0.0,0.0,0.0,0.0
302.7268,0.28309023,0.15977114,0.0016249504,0.14351285,2015-07-05 21:00:00,0.0,0.0,0.0,0.0,0.0
302.93994,0.36485445,0.1313225,0.09826803,0.2728191,2015-07-05 22:00:00,0.0,0.0,0.0,0.0,0.0
302.54688,0.68538445,0.31360656,0.12796783,0.52777255,2015-07-05 23:00:00,0.0,1.5501166e-05,0.0,1.5634796e-05,0.0
302.23193,0.8599358,0.25482106,0.21272385,0.78855914,2015-07-06 00:00:00,0.0,0.0,0.0,0.0,0.0
301.77148,0.9835791,0.032616794,0.14011854,0.9835791,2015-07-06 01:00:00,0.0,0.0,0.0,0.0,0.0
300.87183,0.9805366,0.014085814,0.077120185,0.9805366,2015-07-06 02:00:00,0.0,0.0,0.0,0.0,0.0
298.9978,1.0,0.0037288337,0.13536721,1.0,2015-07-06 03:00:00,0.0,1.3897602e-05,0.0,1.3763972e-05,0.0
298.2766,1.0,0.027608525,0.5529014,1.0,2015-07-06 04:00:00,0.0,6.3330255e-05,0.0,6.328251e-05,0.0
298.04248,1.0,0.14300156,0.45333964,1.0,2015-07-06 05:00:00,1.0,0.00022628008,0.0,0.00021947421,6.9488005e-06
297.11084,1.0,0.22582656,0.24183333,1.0,2015-07-06 06:00:00,1.0,0.00016915047,0.0,3.7560298e-05,0.00013132291
296.20654,1.0,0.85838485,0.17697847,1.0,2015-07-06 07:00:00,1.0,0.008069307,0.0,0.008017667,5.1753595e-05
295.08447,1.0,0.9629309,0.22532749,1.0,2015-07-06 08:00:00,1.0,0.0063251257,0.0,0.0061347224,0.00019010752
294.33936,1.0,0.9687446,0.39615655,1.0,2015-07-06 09:00:00,1.0,0.006301306,0.0,0.005724188,0.00057733944
294.19263,1.0,1.0,0.83463997,1.0,2015-07-06 10:00:00,1.0,0.0080138855,0.0,0.007469259,0.00054465374
294.38037,1.0,1.0,0.9775788,1.0,2015-07-06 11:00:00,1.0,0.004651349,0.0,0.0040574446,0.0005936562
294.47998,1.0,0.8497642,0.9469014,1.0,2015-07-06 12:00:00,1.0,0.0026519012,0.0,0.0020279684,0.0006237512
294.62524,1.0,0.2779311,0.63321674,1.0,2015-07-06 13:00:00,1.0,0.0021918695,0.0,0.000939782,0.0012515818
294.9878,1.0,0.8301626,0.67515105,1.0,2015-07-06 14:00:00,1.0,0.0028353746,0.0,0.0004912147,0.002344207
295.34058,1.0,0.9342269,0.7736336,1.0,2015-07-06 15:00:00,1.0,0.0026471708,0.0,0.00038868166,0.0022583462
294.86768,1.0,0.99675006,0.8772599,1.0,2015-07-06 16:00:00,1.0,0.0027270264,0.0,0.0006584632,0.0020682104
291.74414,1.0,0.7948423,0.8260991,1.0,2015-07-06 17:00:00,1.0,0.0029495638,0.0,0.0009971815,0.0019525439
290.79932,1.0,0.38231438,0.7050577,0.98811996,2015-07-06 18:00:00,0.0,0.0012361333,0.0,0.0003083977,0.0009276399
291.67358,0.997629,0.1949346,0.82889867,0.9817637,2015-07-06 19:00:00,1.0,0.0005016448,0.0,0.0001314097,0.0003703779
293.51855,0.97435397,0.3520127,0.8924839,0.92601657,2015-07-06 20:00:00,0.0,8.775182e-05,0.0,1.4260852e-05,7.3490955e-05
294.54517,0.967995,0.15581298,0.9600584,0.28113335,2015-07-06 21:00:00,0.0,2.154733e-06,0.0,1.4862635e-06,7.8255e-07
295.12646,0.59633595,0.59633595,0.0,0.0,2015-07-06 22:00:00,0.0,1.4510197e-06,0.0,1.6128479e-06,0.0
295.1277,0.28698736,0.28698736,0.0,0.0,2015-07-06 23:00:00,0.0,0.0,0.0,0.0,0.0
294.55737,0.4045937,0.4045937,0.0,0.0,2015-07-07 00:00:00,0.0,0.0,0.0,0.0,0.0
294.0454,0.544803,0.54142475,0.10731399,0.0,2015-07-07 01:00:00,0.0,0.0,0.0,0.0,0.0
292.67798,0.7247311,0.7202562,0.051927503,0.0,2015-07-07 02:00:00,0.0,0.0,0.0,0.0,0.0
290.17358,0.5680619,0.5680619,0.0,0.0,2015-07-07 03:00:00,0.0,0.0,0.0,0.0,0.0
289.61646,0.2410664,0.2410664,0.0,0.0,2015-07-07 04:00:00,0.0,0.0,0.0,0.0,0.0
288.48877,0.35012364,0.35012364,0.0029026829,0.0,2015-07-07 05:00:00,0.0,0.0,0.0,0.0,0.0
287.95703,0.39345926,0.39345926,0.0,0.0,2015-07-07 06:00:00,0.0,0.0,0.0,0.0,0.0
287.67505,0.2729618,0.2729618,0.0037288337,0.0,2015-07-07 07:00:00,0.0,0.0,0.0,0.0,0.0
287.34058,0.1470139,0.1470139,0.0016249504,0.0,2015-07-07 08:00:00,0.0,0.0,0.0,0.0,0.0
286.18408,0.08304119,0.08304119,0.0,0.0,2015-07-07 09:00:00,0.0,0.0,0.0,0.0,0.0
285.2295,0.0034282913,0.0034282913,0.0,0.0,2015-07-07 10:00:00,0.0,0.0,0.0,0.0,0.0
285.1975,0.0033782488,0.0033782488,0.0,0.0,2015-07-07 11:00:00,0.0,0.0,0.0,0.0,0.0
285.5686,0.006280929,0.006280929,0.0,0.0,2015-07-07 12:00:00,0.0,0.0,0.0,0.0,0.0
286.4104,0.0,0.0,0.0,0.0,2015-07-07 13:00:00,0.0,0.0,0.0,0.0,0.0
287.8235,0.30992937,0.30992937,0.0,0.0,2015-07-07 14:00:00,0.0,0.0,0.0,0.0,0.0
290.6162,0.5806429,0.5806429,0.0,0.0,2015-07-07 15:00:00,0.0,0.0,0.0,0.0,0.0
290.979,0.6284649,0.6284649,0.0,0.0,2015-07-07 16:00:00,0.0,0.0,0.0,0.0,0.0
291.74,0.62924844,0.62924844,0.0,0.0,2015-07-07 17:00:00,0.0,0.0,0.0,0.0,0.0
292.45825,0.4392454,0.4392454,0.0,0.0,2015-07-07 18:00:00,0.0,0.0,0.0,0.0,0.0
293.0559,0.54173946,0.54173946,0.0,0.0,2015-07-07 19:00:00,0.0,0.0,0.0,0.0,0.0
293.5515,0.7211913,0.7211913,0.0,0.0,2015-07-07 20:00:00,0.0,0.0,0.0,0.0,0.0
294.11523,0.750863,0.750863,0.0,0.0,2015-07-07 21:00:00,0.0,0.0,0.0,0.0,0.0
294.5298,0.8408942,0.8408942,0.0,0.013494305,2015-07-07 22:00:00,0.0,0.0,0.0,0.0,0.0
294.43726,0.35458177,0.23920685,0.0,0.12210703,2015-07-07 23:00:00,0.0,0.0,0.0,0.0,0.0
294.3252,0.24180198,0.0,0.0,0.24180198,2015-07-08 00:00:00,0.0,0.0,0.0,0.0,0.0
293.80518,0.5694365,0.0,0.0,0.5694365,2015-07-08 01:00:00,0.0,0.0,0.0,0.0,0.0
292.26807,0.90518713,0.0,0.0,0.90518713,2015-07-08 02:00:00,0.0,0.0,0.0,0.0,0.0
289.6858,0.9747649,0.0,0.0,0.9747649,2015-07-08 03:00:00,0.0,0.0,0.0,0.0,0.0
288.94946,0.9630882,0.0,0.0,0.9630882,2015-07-08 04:00:00,0.0,0.0,0.0,0.0,0.0
288.25024,0.89597124,0.0068626925,0.0,0.8930758,2015-07-08 05:00:00,0.0,0.0,0.0,0.0,0.0
286.75415,0.6415555,0.02103946,0.0,0.63628185,2015-07-08 06:00:00,0.0,0.0,0.0,0.0,0.0
286.7727,0.40366852,0.1199038,0.0,0.34589964,2015-07-08 07:00:00,0.0,0.0,0.0,0.0,0.0
286.64014,0.257226,0.15540081,0.0,0.12261367,2015-07-08 08:00:00,0.0,0.0,0.0,0.0,0.0
286.04248,0.45565116,0.16189307,0.0,0.3533159,2015-07-08 09:00:00,0.0,0.0,0.0,0.0,0.0
286.07593,0.64674234,0.23078406,0.00998199,0.52803916,2015-07-08 10:00:00,0.0,0.0,0.0,0.0,0.0
286.1101,0.7323725,0.24081206,0.0,0.65852404,2015-07-08 11:00:00,0.0,0.0,0.0,0.0,0.0
287.1228,0.7020619,0.2780602,0.0,0.5840648,2015-07-08 12:00:00,0.0,0.0,0.0,0.0,0.0
288.54126,0.6862368,0.3192041,0.0,0.548117,2015-07-08 13:00:00,0.0,0.0,0.0,0.0,0.0
290.1648,0.5469908,0.40205598,0.022911862,0.2476694,2015-07-08 14:00:00,0.0,0.0,0.0,0.0,0.0
293.0708,0.6940894,0.5907677,0.28250122,0.14637995,2015-07-08 15:00:00,0.0,0.0,0.0,0.0,0.0
293.44604,0.9302667,0.83555496,0.59718937,0.23844147,2015-07-08 16:00:00,0.0,0.0,0.0,0.0,0.0
293.9707,0.9880594,0.9376596,0.75807226,0.35866934,2015-07-08 17:00:00,0.0,0.0,0.0,0.0,0.0
294.2849,0.9929872,0.9757349,0.7888043,0.38229972,2015-07-08 18:00:00,0.0,0.0,0.0,0.0,0.0
294.4768,0.93727344,0.79197294,0.72063345,0.39621013,2015-07-08 19:00:00,0.0,0.0,0.0,0.0,0.0
294.6233,0.83496964,0.4874081,0.43607616,0.58665633,2015-07-08 20:00:00,0.0,0.0,0.0,0.0,0.0
294.81372,0.83849335,0.5245777,0.3032481,0.5688027,2015-07-08 21:00:00,0.0,0.0,0.0,0.0,0.0
295.10522,0.98498976,0.5581706,0.042651426,0.92719334,2015-07-08 22:00:00,0.0,0.0,0.0,0.0,0.0
295.25415,0.985126,0.64412284,0.0,0.9773293,2015-07-08 23:00:00,0.0,0.0,0.0,0.0,0.0
294.89185,0.998375,0.5682928,0.0026463778,0.99289286,2015-07-09 00:00:00,0.0,0.0,0.0,0.0,0.0
294.10596,1.0,0.15876108,0.029517714,1.0,2015-07-09 01:00:00,0.0,0.0,0.0,0.0,0.0
292.77246,0.97376114,0.014000803,0.021724582,0.97376114,2015-07-09 02:00:00,0.0,0.0,0.0,0.0,0.0
290.72217,0.6924895,0.0026463778,0.07007909,0.68010604,2015-07-09 03:00:00,0.0,0.0,0.0,0.0,0.0
289.97925,0.26384622,0.004527632,0.16649526,0.12335223,2015-07-09 04:00:00,0.0,0.0,0.0,0.0,0.0
288.7527,0.30538464,0.0032499009,0.24855804,0.08104205,2015-07-09 05:00:00,0.0,0.0,0.0,0.0,0.0
288.57373,0.6442301,0.043329768,0.1858784,0.54439765,2015-07-09 06:00:00,0.0,0.0,0.0,0.0,0.0
288.86426,0.7327286,0.07242119,0.089256346,0.7064023,2015-07-09 07:00:00,0.0,0.0,0.0,0.0,0.0
288.21704,0.7497441,0.18323827,0.17168468,0.68661237,2015-07-09 08:00:00,0.0,0.0,0.0,0.0,0.0
287.47803,0.7412806,0.16583514,0.18073416,0.69608235,2015-07-09 09:00:00,0.0,0.0,0.0,0.0,0.0
287.69385,0.6532001,0.5114605,0.33244097,0.1993661,2015-07-09 10:00:00,0.0,0.0,0.0,0.0,0.0
287.70166,0.55755985,0.4976467,0.3160503,0.10515666,2015-07-09 11:00:00,0.0,0.0,0.0,0.0,0.0
288.48804,0.5172595,0.4031254,0.2572651,0.15124547,2015-07-09 12:00:00,0.0,0.0,0.0,0.0,0.0
289.84106,0.37030303,0.011008635,0.045048267,0.33662355,2015-07-09 13:00:00,0.0,0.0,0.0,0.0,0.0
291.57544,0.69420815,0.010724671,0.019196324,0.6825978,2015-07-09 14:00:00,0.0,0.0,0.0,0.0,0.0
295.33618,0.7649273,0.08217257,0.008203678,0.74604374,2015-07-09 15:00:00,0.0,0.0,0.0,0.0,0.0
296.78247,0.6599171,0.0929696,0.0,0.62225765,2015-07-09 16:00:00,0.0,0.0,0.0,0.0,0.0
297.57764,0.6245068,0.18008864,0.014316995,0.5655588,2015-07-09 17:00:00,0.0,0.0,0.0,0.0,0.0
298.27246,0.53715765,0.4273293,0.255935,0.11499745,2015-07-09 18:00:00,0.0,5.206116e-06,0.0,5.3874937e-06,0.0
298.98755,0.93917745,0.9375525,0.83575886,0.0,2015-07-09 19:00:00,1.0,5.396447e-06,0.0,5.434903e-06,0.0
299.12573,0.93096524,0.8092725,0.9027937,0.0010573287,2015-07-09 20:00:00,1.0,6.868645e-06,0.0,7.002276e-06,0.0
299.95703,0.91664815,0.43763566,0.8787612,0.0,2015-07-09 21:00:00,0.0,0.0,0.0,0.0,0.0
299.8208,0.43460047,0.33953303,0.37572354,0.0,2015-07-09 22:00:00,1.0,1.9816844e-06,0.0,2.2489457e-06,0.0
299.6941,0.57370394,0.545239,0.21615005,0.0,2015-07-09 23:00:00,0.0,2.3630255e-06,0.0,8.1972274e-07,1.9816844e-06
299.42896,0.46998662,0.43537492,0.1173923,0.0,2015-07-10 00:00:00,0.0,0.0,0.0,0.0,0.0
298.396,0.36843193,0.34412938,0.075182915,0.0,2015-07-10 01:00:00,0.0,0.0,0.0,0.0,0.0
297.05273,0.400711,0.3600909,0.1301179,0.0,2015-07-10 02:00:00,0.0,0.0,0.0,0.0,0.0
294.77588,0.37065566,0.34246022,0.126338,0.0,2015-07-10 03:00:00,0.0,0.0,0.0,0.0,0.0
294.15088,0.3205418,0.3205418,0.14663517,0.0,2015-07-10 04:00:00,0.0,0.0,0.0,0.0,0.0
293.4099,0.24866992,0.23972023,0.07693744,0.0,2015-07-10 05:00:00,0.0,0.0,0.0,0.0,0.0
292.979,0.1082567,0.08930361,0.049483277,0.0,2015-07-10 06:00:00,0.0,0.0,0.0,0.0,0.0
292.80005,0.06369954,0.045266032,0.025795218,0.0,2015-07-10 07:00:00,0.0,0.0,0.0,0.0,0.0
292.15796,0.062368486,0.061836768,0.005534917,0.0,2015-07-10 08:00:00,0.0,0.0,0.0,0.0,0.0
291.34937,0.13512647,0.13512647,0.01998901,0.0,2015-07-10 09:00:00,0.0,0.0,0.0,0.0,0.0
291.083,0.2868833,0.2818874,0.026510745,0.0,2015-07-10 10:00:00,0.0,0.0,0.0,0.0,0.0
291.0266,0.2254247,0.22489297,0.0052650943,0.0,2015-07-10 11:00:00,0.0,0.0,0.0,0.0,0.0
291.48608,0.21638238,0.21638238,0.013212681,0.0,2015-07-10 12:00:00,0.0,0.0,0.0,0.0,0.0
292.75537,0.14685667,0.14685667,0.0023709626,0.0,2015-07-10 13:00:00,0.0,0.0,0.0,4.7747868e-08,0.0
294.31494,0.12948531,0.12948531,0.018848214,0.0,2015-07-10 14:00:00,0.0,0.0,0.0,0.0,0.0
297.7412,0.06422675,0.06422675,0.012199592,0.0,2015-07-10 15:00:00,0.0,0.0,0.0,0.0,0.0
299.1089,0.030260984,0.029729262,0.006631516,0.0,2015-07-10 16:00:00,0.0,0.0,0.0,0.0,0.0
300.39893,0.47431576,0.014508732,0.47431576,0.0,2015-07-10 17:00:00,1.0,5.969817e-05,0.0,5.9755213e-05,0.0
301.04565,0.3729415,0.074955046,0.36506003,0.0,2015-07-10 18:00:00,1.0,3.1003976e-05,0.0,3.0842144e-05,0.0
301.57422,0.4613071,0.10422796,0.4516223,0.0,2015-07-10 19:00:00,0.0,5.7297444e-07,0.0,7.8255e-07,0.0
301.38745,0.42811054,0.08534074,0.41656327,0.0,2015-07-10 20:00:00,0.0,2.079746e-06,0.0,2.270417e-06,0.0
301.29932,0.61551267,0.23650306,0.5421231,0.0,2015-07-10 21:00:00,0.0,7.0563834e-07,0.0,7.0563834e-07,0.0
301.39868,0.24027056,0.028717227,0.23527014,0.0,2015-07-10 22:00:00,0.0,0.0,0.0,0.0,0.0
301.26758,0.1326102,0.06711388,0.03729271,0.053876862,2015-07-10 23:00:00,0.0,6.8705424e-07,0.0,6.9634626e-07,0.0
300.82666,0.28504372,0.1695252,0.06333077,0.1119104,2015-07-11 00:00:00,0.0,1.5830419e-06,0.0,1.4016632e-06,9.549569e-08
300.29517,0.22846228,0.16045576,0.060747065,0.06610823,2015-07-11 01:00:00,0.0,0.0,0.0,0.0,0.0
299.03467,0.5904361,0.11270845,0.08846402,0.5420896,2015-07-11 02:00:00,0.0,0.0,0.0,0.0,0.0
296.9624,0.5580312,0.06487709,0.09426236,0.5180208,2015-07-11 03:00:00,0.0,0.0,0.0,0.0,0.0
296.62646,0.32728356,0.11458284,0.18708348,0.15015191,2015-07-11 04:00:00,0.0,0.0,0.0,0.0,0.0
295.35352,0.56095904,0.06315559,0.07392782,0.5183796,2015-07-11 05:00:00,0.0,0.0,0.0,0.0,0.0
294.80054,0.78657514,0.021586612,0.02020605,0.7762983,2015-07-11 06:00:00,0.0,0.0,0.0,0.0,0.0
294.0923,0.90679014,0.051387757,0.0033782488,0.90625846,2015-07-11 07:00:00,0.0,0.0,0.0,0.0,0.0
293.5835,0.9553325,0.04057613,0.0033782488,0.95296156,2015-07-11 08:00:00,0.0,0.0,0.0,0.0,0.0
292.7749,0.94617844,0.07441497,0.015989766,0.9445535,2015-07-11 09:00:00,0.0,0.0,0.0,0.0,0.0
292.9204,0.78291833,0.034629103,0.09247178,0.76491916,2015-07-11 10:00:00,1.0,0.0,0.0,0.0,0.0
292.64893,0.08218235,0.01375274,0.052754816,0.020159248,2015-07-11 11:00:00,1.0,9.549569e-08,0.0,0.0,9.549569e-08
293.08057,0.55069566,0.040008545,0.0015890491,0.53762645,2015-07-11 12:00:00,1.0,4.0056705e-07,0.0,0.0,4.0056705e-07
293.98657,0.8814109,0.06526619,0.51447666,0.816612,2015-07-11 13:00:00,1.0,1.2023536e-05,0.0,9.755047e-06,2.4021183e-06
295.16772,0.8889355,0.16057414,0.13611245,0.8526116,2015-07-11 14:00:00,0.0,7.559334e-05,0.0,7.3496936e-05,2.210486e-06
297.6875,0.80258155,0.3243348,0.027838774,0.7257532,2015-07-11 15:00:00,0.0,1.6567632e-05,0.0,1.5167253e-05,1.3721838e-06
298.4319,0.79514635,0.47240484,0.050559796,0.585406,2015-07-11 16:00:00,1.0,5.2119167e-06,0.0,5.2119167e-06,0.0
298.80713,0.98652846,0.83176917,0.3616107,0.9001854,2015-07-11 17:00:00,1.0,8.531843e-06,0.0,8.341173e-06,0.0
299.4497,0.9968219,0.98887664,0.49484384,0.88638216,2015-07-11 18:00:00,1.0,1.5417783e-05,0.0,1.5446625e-05,0.0
299.5515,0.96386313,0.8299992,0.22548205,0.7405506,2015-07-11 19:00:00,1.0,0.00019630323,0.0,0.00012397005,7.236202e-05
299.51636,0.9557125,0.70373785,0.31814694,0.80696946,2015-07-11 20:00:00,1.0,0.000116540556,0.0,7.198453e-05,4.4584216e-05
299.56372,0.9103536,0.420021,0.37398154,0.8587051,2015-07-11 21:00:00,1.0,0.00010104853,0.0,9.63792e-05,4.917044e-06
299.88208,0.81440985,0.26661426,0.32331872,0.65835434,2015-07-11 22:00:00,1.0,6.971297e-05,0.0,6.130294e-05,8.3151745e-06
299.5869,0.53335017,0.19214743,0.2703343,0.31167728,2015-07-11 23:00:00,0.0,7.259636e-05,0.0,6.0217484e-05,1.2359324e-05
299.45728,0.36890447,0.0732919,0.2657268,0.16688669,2015-07-12 00:00:00,0.0,9.020126e-06,0.0,5.9399235e-06,3.1660848e-06
299.0608,0.28964835,0.105367005,0.23696738,0.073779285,2015-07-12 01:00:00,0.0,0.0,0.0,0.0,0.0
298.17578,0.25048923,0.15791976,0.14856547,0.050040133,2015-07-12 02:00:00,0.0,0.0,0.0,0.0,0.0
296.89355,0.29032868,0.25347924,0.08593899,0.01753547,2015-07-12 03:00:00,0.0,0.0,0.0,0.0,0.0
296.40063,0.4148262,0.38106507,0.09673357,0.046117477,2015-07-12 04:00:00,0.0,0.0,0.0,0.0,0.0
295.81934,0.6398146,0.6025573,0.010728002,0.0573784,2015-07-12 05:00:00,0.0,0.0,0.0,0.0,0.0
295.33276,0.577494,0.46250635,0.026728407,0.17683506,2015-07-12 06:00:00,0.0,9.549569e-08,0.0,0.0,9.549569e-08
295.25952,0.45242953,0.36379755,0.015467491,0.12449026,2015-07-12 07:00:00,1.0,2.6726156e-07,0.0,0.0,2.6726156e-07
294.9004,0.50090766,0.4706394,0.014420934,0.09430325,2015-07-12 08:00:00,1.0,2.6726156e-07,0.0,0.0,2.6726156e-07
294.15527,0.51668644,0.51668644,0.008470759,0.0,2015-07-12 09:00:00,1.0,1.4112857e-06,0.0,0.0,1.4112857e-06
294.49878,0.6739803,0.13283193,0.0,0.6349288,2015-07-12 10:00:00,1.0,2.0598882e-06,0.0,0.0,2.0598882e-06
294.27734,0.8690904,0.20973492,0.016394954,0.81453544,2015-07-12 11:00:00,1.0,0.0003360866,0.0,0.00031042262,2.5816611e-05
294.2981,0.90330744,0.5963215,0.0,0.6140376,2015-07-12 12:00:00,1.0,0.0014595157,0.0,0.0013801912,7.9323814e-05
294.2915,0.998375,0.9918581,0.0010573287,0.43758756,2015-07-12 13:00:00,1.0,0.001359811,0.0,0.0013369897,2.2811335e-05
294.68237,0.98948056,0.97422165,0.083132386,0.70382756,2015-07-12 14:00:00,1.0,3.9528793e-05,0.0,2.4751658e-05,1.4890901e-05
297.20752,0.99946827,0.99946827,0.0130091645,0.49237937,2015-07-12 15:00:00,1.0,5.6810095e-06,0.0,1.4862635e-06,4.4620074e-06
298.2622,0.94588226,0.9426153,0.005006563,0.30951136,2015-07-12 16:00:00,1.0,2.6495136e-06,0.0,0.0,2.6495136e-06
299.43652,0.9064028,0.9064028,0.00053172023,0.04851752,2015-07-12 17:00:00,0.0,2.2130607e-06,0.0,7.530654e-07,1.4888383e-06
299.89697,0.8987758,0.8987758,0.0049672946,0.0,2015-07-12 18:00:00,0.0,2.5924683e-06,0.0,7.626782e-07,1.8868304e-06
300.7876,0.86090434,0.86090434,0.039787963,0.0,2015-07-12 19:00:00,0.0,2.8210838e-05,0.0,2.810605e-05,0.0
301.9121,0.30990106,0.30779713,0.0,0.002103883,2015-07-12 20:00:00,0.0,0.0,0.0,0.0,0.0
302.97754,0.08570653,0.00879918,0.0,0.07692444,2015-07-12 21:00:00,0.0,0.0,0.0,0.0,0.0
303.4973,0.6973736,0.032559004,0.107248664,0.6611317,2015-07-12 22:00:00,0.0,0.0,0.0,0.0,0.0
303.52466,0.99683875,0.09267169,0.08387476,0.99683875,2015-07-12 23:00:00,0.0,0.0,0.0,0.0,0.0
302.6067,0.9831303,0.0589191,0.080323815,0.98102635,2015-07-13 00:00:00,0.0,0.0,0.0,0.0,0.0
302.2036,0.9776005,0.0033782488,0.065295756,0.9681264,2015-07-13 01:00:00,0.0,0.0,0.0,0.0,0.0
301.4353,0.98315203,0.0100932345,0.04585562,0.98315203,2015-07-13 02:00:00,1.0,0.0024019766,0.0,0.002392489,9.621417e-06
298.2566,0.95779943,0.079960465,0.04737996,0.95463824,2015-07-13 03:00:00,1.0,0.0077431165,0.0,0.0075283013,0.00021470875
297.71753,0.98624104,0.08268821,0.11040121,0.9841371,2015-07-13 04:00:00,1.0,0.00024488592,0.0,2.6726156e-07,0.00024461886
296.17627,0.9978792,0.54434806,0.37192768,0.9973536,2015-07-13 05:00:00,0.0,5.2101284e-05,0.0,0.0,5.2101284e-05
295.90576,1.0,0.94804496,0.19364524,1.0,2015-07-13 06:00:00,0.0,0.0,0.0,0.0,0.0
295.25,1.0,0.5661229,0.112318575,1.0,2015-07-13 07:00:00,0.0,0.0018346158,0.0,0.0018191123,1.540812e-05
295.25732,0.981034,0.31122506,0.00737416,0.91415465,2015-07-13 08:00:00,0.0,1.4510197e-06,0.0,0.0,1.4510197e-06
294.51807,0.70974886,0.22901273,0.0,0.5202018,2015-07-13 09:00:00,0.0,0.0,0.0,0.0,0.0
292.07202,0.3565272,0.10826969,0.03128457,0.26020157,2015-07-13 10:00:00,1.0,0.0,0.0,0.0,0.0
292.14624,0.21395063,0.071199656,0.15675265,0.0,2015-07-13 11:00:00,1.0,0.0,0.0,0.0,0.0
292.89355,0.10035092,0.10035092,0.0,0.0,2015-07-13 12:00:00,1.0,3.813414e-07,0.0,0.0,3.813414e-07
293.71533,0.54121643,0.54121643,0.0,0.0,2015-07-13 13:00:00,1.0,2.0957555e-07,0.0,0.0,2.0957555e-07
294.81006,0.41937417,0.41937417,0.0057492107,0.0,2015-07-13 14:00:00,1.0,3.813414e-07,0.0,0.0,3.813414e-07
297.4922,0.08522135,0.08522135,0.0,0.0,2015-07-13 15:00:00,0.0,8.5817857e-07,0.0,0.0,8.5817857e-07
298.6936,0.117231786,0.0972361,0.0,0.02161334,2015-07-13 16:00:00,0.0,2.0957555e-07,0.0,2.3841858e-07,0.0
299.7102,0.4224065,0.07860649,0.042761855,0.36311918,2015-07-13 17:00:00,0.0,0.0,0.0,4.7747868e-08,0.0
300.5813,0.70191324,0.093604326,0.10167402,0.66044647,2015-07-13 18:00:00,0.0,0.0,0.0,0.0,0.0
301.2954,0.34985632,0.08914989,0.022955462,0.27812022,2015-07-13 19:00:00,1.0,1.0410297e-05,0.0,1.03532575e-05,0.0
302.38232,0.18764585,0.09096128,0.05924459,0.07664877,2015-07-13 20:00:00,0.0,3.6243564e-06,0.0,3.5477651e-06,0.0
302.70923,0.1558466,0.066244006,0.080624044,0.074864626,2015-07-13 21:00:00,0.0,3.813414e-07,0.0,2.477106e-07,0.0
302.13232,0.5197957,0.16596681,0.19254744,0.34777027,2015-07-13 22:00:00,0.0,3.813414e-07,0.0,1.9067068e-07,0.0
300.99756,0.60069394,0.13595253,0.2610305,0.43656462,2015-07-13 23:00:00,0.0,0.00026061735,0.0,0.0002587121,1.9816844e-06
300.93628,0.62143946,0.011281386,0.20743394,0.5326874,2015-07-14 00:00:00,0.0,0.0,0.0,0.0,0.0
300.52295,0.659404,0.0,0.12209898,0.62554955,2015-07-14 01:00:00,1.0,5.6124927e-06,0.0,5.6124927e-06,0.0
299.25708,0.51832014,0.029469803,0.27131122,0.34081376,2015-07-14 02:00:00,1.0,0.00030943216,0.0,0.00029195403,1.7535247e-05
296.60718,0.2555226,0.0084314905,0.15782672,0.111129105,2015-07-14 03:00:00,1.0,0.0002854606,0.0,0.0002552541,3.0263662e-05
296.10278,0.19880188,0.0015890491,0.16064578,0.04329914,2015-07-14 04:00:00,0.0,4.993305e-06,0.0,0.0,4.993305e-06
295.22266,0.10098714,0.0,0.09424776,0.0067320913,2015-07-14 05:00:00,1.0,0.0,0.0,0.0,0.0
294.52417,0.06260115,0.0,0.04199844,0.022244778,2015-07-14 06:00:00,0.0,0.0,0.0,0.0,0.0
294.5249,0.116600215,0.0,0.0,0.116600215,2015-07-14 07:00:00,0.0,0.0,0.0,0.0,0.0
294.2395,0.119529784,0.0,0.0,0.119529784,2015-07-14 08:00:00,0.0,0.0,0.0,0.0,0.0
293.69116,0.32009423,0.0,0.0,0.32009423,2015-07-14 09:00:00,0.0,1.14079796e-07,0.0,0.0,1.14079796e-07
293.52734,0.50273913,0.0100932345,0.0,0.49599975,2015-07-14 10:00:00,1.0,1.0863378e-06,0.0,0.0,1.0863378e-06
293.6399,0.4959662,0.15719676,0.0,0.46823627,2015-07-14 11:00:00,1.0,1.5638161e-06,0.0,0.0,1.5638161e-06
293.97998,0.48307943,0.43854898,0.0,0.097970724,2015-07-14 12:00:00,0.0,4.5825306e-07,0.0,0.0,4.5825306e-07
294.91357,0.35883325,0.3054409,0.014723916,0.053500287,2015-07-14 13:00:00,1.0,3.4314216e-06,0.0,3.4314216e-06,0.0
295.62793,0.4199716,0.39070463,0.0,0.03999499,2015-07-14 14:00:00,1.0,1.6699487e-05,0.0,1.6585414e-05,0.0
297.83838,0.26701236,0.22547138,0.040675845,0.013977904,2015-07-14 15:00:00,1.0,6.4154374e-05,0.0,6.0741557e-05,3.412828e-06
298.68652,0.27711183,0.24395871,0.13556355,0.0,2015-07-14 16:00:00,1.0,0.00015271915,0.0,0.000115384275,3.740152e-05
299.36743,0.25072795,0.24072433,0.100406945,0.0,2015-07-14 17:00:00,1.0,6.412636e-05,0.0,4.6021232e-05,1.8400591e-05
299.6875,0.33637214,0.29639864,0.20932323,0.0,2015-07-14 18:00:00,1.0,2.9060873e-05,0.0,2.8745868e-05,5.3452317e-07
300.08887,0.23713362,0.2170952,0.13663834,0.0,2015-07-14 19:00:00,1.0,5.7248588e-05,0.0,5.30721e-05,4.3479185e-06
300.6333,0.20899266,0.1025306,0.18098986,0.0,2015-07-14 20:00:00,1.0,4.4706074e-05,0.0,3.551219e-05,9.364995e-06
300.95898,0.17348772,0.077828825,0.13656747,0.0,2015-07-14 21:00:00,1.0,3.4215613e-05,0.0,2.6788752e-05,7.3986685e-06
300.40576,0.22419333,0.13461375,0.16193992,0.0067320913,2015-07-14 22:00:00,0.0,3.892901e-06,0.0,3.949941e-06,0.0
300.2893,0.20712364,0.096903384,0.13543868,0.035005342,2015-07-14 23:00:00,0.0,0.0,0.0,0.0,0.0
299.51904,0.29520535,0.055667594,0.21624547,0.08288252,2015-07-15 00:00:00,0.0,0.0,0.0,0.0,0.0
298.78638,0.2013166,0.059070628,0.16969287,0.035800777,2015-07-15 01:00:00,0.0,0.0,0.0,0.0,0.0
297.75928,0.15083325,0.00956155,0.14163935,0.007107079,2015-07-15 02:00:00,0.0,0.0,0.0,0.0,0.0
295.29492,0.16485077,0.0032499009,0.12528533,0.045030504,2015-07-15 03:00:00,0.0,0.0,0.0,0.0,0.0
294.84326,0.107061565,0.021081656,0.09997159,0.0,2015-07-15 04:00:00,0.0,0.0,0.0,0.0,0.0
293.74072,0.10622722,0.011203606,0.10622722,0.0,2015-07-15 05:00:00,0.0,0.0,0.0,0.0,0.0
292.50952,0.14056534,0.002103883,0.14056534,0.0,2015-07-15 06:00:00,0.0,0.0,0.0,0.0,0.0
292.1819,0.19951636,0.048235018,0.19951636,0.0,2015-07-15 07:00:00,0.0,0.0,0.0,0.0,0.0
291.92358,0.38775492,0.042712726,0.26649266,0.11892426,2015-07-15 08:00:00,0.0,0.0,0.0,0.0,0.0
290.927,0.18268013,0.03119262,0.1740514,0.008651894,2015-07-15 09:00:00,0.0,0.0,0.0,0.0,0.0
290.18213,0.16245991,0.047867022,0.14981455,0.0026356035,2015-07-15 10:00:00,0.0,0.0,0.0,0.0,0.0
290.07812,0.22752029,0.07107943,0.17623788,0.047300626,2015-07-15 11:00:00,0.0,0.0,0.0,0.0,0.0
290.4707,0.45375472,0.084175944,0.20376623,0.2896617,2015-07-15 12:00:00,0.0,0.0,0.0,0.0,0.0
291.24756,0.9764015,0.11037785,0.18092108,0.96514183,2015-07-15 13:00:00,0.0,0.0,0.0,0.0,0.0
292.406,0.9841575,0.09391832,0.09367508,0.9841575,2015-07-15 14:00:00,0.0,0.0,0.0,0.0,0.0
295.2942,0.98999023,0.11020237,0.11888158,0.9705329,2015-07-15 15:00:00,0.0,0.0,0.0,0.0,0.0
296.68823,1.0,0.083002925,0.11593449,1.0,2015-07-15 16:00:00,0.0,0.0,0.0,0.0,0.0
297.9563,1.0,0.06742507,0.027096093,1.0,2015-07-15 17:00:00,0.0,0.0,0.0,0.0,0.0
298.9414,1.0,0.020473126,0.00737416,1.0,2015-07-15 18:00:00,0.0,0.0,0.0,0.0,0.0
299.57764,1.0,0.029731698,0.023717847,1.0,2015-07-15 19:00:00,0.0,0.0,0.0,0.0,0.0
299.5161,1.0,0.013518196,0.029044177,1.0,2015-07-15 20:00:00,0.0,3.8198294e-07,0.0,1.9099144e-07,1.9099144e-07
299.5525,1.0,0.044063393,0.073140204,1.0,2015-07-15 21:00:00,0.0,3.741662e-06,0.0,3.8752924e-06,0.0
299.3152,1.0,0.15102917,0.13187468,1.0,2015-07-15 22:00:00,1.0,1.6035692e-06,0.0,1.6035692e-06,0.0
299.00317,1.0,0.2768476,0.31623268,1.0,2015-07-15 23:00:00,1.0,2.6726156e-07,0.0,4.0089236e-07,0.0
298.51587,1.0,0.17847836,0.38550812,1.0,2015-07-16 00:00:00,0.0,2.6726156e-07,0.0,0.0,0.0
298.24268,0.99627113,0.15701556,0.32703638,0.99416727,2015-07-16 01:00:00,0.0,0.0,0.0,0.0,0.0
297.52246,0.8941048,0.26518542,0.35206872,0.85360557,2015-07-16 02:00:00,0.0,0.0,0.0,0.0,0.0
295.9309,0.41639352,0.07402903,0.2157588,0.25295162,2015-07-16 03:00:00,0.0,0.0,0.0,0.0,0.0
295.28906,0.3132584,0.11290604,0.13582581,0.16028178,2015-07-16 04:00:00,0.0,0.0,0.0,0.0,0.0
294.6604,0.43051863,0.20818633,0.08402109,0.26456636,2015-07-16 05:00:00,0.0,0.0,0.0,0.0,0.0
293.74854,0.40829915,0.1939215,0.12070823,0.26517308,2015-07-16 06:00:00,0.0,0.0,0.0,0.0,0.0
293.58545,0.23070824,0.005003199,0.18662024,0.11106402,2015-07-16 07:00:00,0.0,0.0,0.0,0.0,0.0
293.04443,0.32054287,0.028084159,0.2765792,0.081629455,2015-07-16 08:00:00,0.0,0.0,0.0,0.0,0.0
292.60376,0.105199575,0.022977017,0.0,0.08221525,2015-07-16 09:00:00,0.0,0.0,0.0,0.0,0.0
293.1311,0.75121146,0.044701602,0.112844884,0.68227774,2015-07-16 10:00:00,0.0,0.0,0.0,0.0,0.0
293.10693,0.9651303,0.020717297,0.010009766,0.9651303,2015-07-16 11:00:00,0.0,0.0,0.0,0.0,0.0
293.18823,1.0,0.039612457,0.040905196,1.0,2015-07-16 12:00:00,0.0,0.0,0.0,0.0,0.0
293.63745,0.995108,0.39630878,0.13749367,0.995108,2015-07-16 13:00:00,0.0,0.0,0.0,0.0,0.0
294.14893,0.98627204,0.48591542,0.30220854,0.9809182,2015-07-16 14:00:00,0.0,0.0,0.0,0.0,9.549569e-08
295.00488,1.0,0.71397257,0.66651994,0.9949968,2015-07-16 15:00:00,0.0,1.3369399e-06,0.0,0.0,1.3369399e-06
295.44678,0.9966217,0.5913624,0.5807427,0.99337184,2015-07-16 16:00:00,1.0,2.1580752e-05,0.0,1.6558246e-05,5.3278936e-06
295.2102,1.0,0.13428438,0.60993636,0.99946827,2015-07-16 17:00:00,1.0,0.0004663004,0.0,0.00044243713,2.379695e-05
294.29468,1.0,0.28418326,0.871775,1.0,2015-07-16 18:00:00,0.0,0.00023066674,0.0,0.00021296648,1.7833881e-05
293.86865,1.0,0.5118019,0.9047257,1.0,2015-07-16 19:00:00,1.0,0.0007963795,0.0,0.00064931484,0.00014688326
293.72827,1.0,1.0,0.7637476,0.970054,2015-07-16 20:00:00,1.0,0.00011788518,0.0,6.767764e-05,5.0121656e-05
293.51514,1.0,1.0,0.7323684,0.75693923,2015-07-16 21:00:00,1.0,9.18741e-05,0.0,7.7294175e-07,9.10345e-05
292.5415,1.0,1.0,0.87273705,0.037922133,2015-07-16 22:00:00,1.0,0.00013838698,0.0,1.0110343e-06,0.00013762366
292.29736,1.0,1.0,0.59309715,0.008460078,2015-07-16 23:00:00,1.0,0.00021065792,0.0,2.477106e-07,0.00021042976
292.48584,1.0,1.0,0.26554275,0.016315613,2015-07-17 00:00:00,1.0,0.00012396861,0.0,7.0953334e-05,5.301526e-05
292.94116,0.9989426,0.9989426,0.06633669,0.005003199,2015-07-17 01:00:00,0.0,1.3571904e-05,0.0,5.7774923e-06,7.746663e-06
292.77295,1.0,1.0,0.018848177,0.039512724,2015-07-17 02:00:00,0.0,3.050713e-07,0.0,0.0,2.0957555e-07
292.47046,1.0,1.0,0.0,0.050061893,2015-07-17 03:00:00,0.0,0.0,0.0,0.0,0.0
292.4121,1.0,1.0,0.0,0.103984654,2015-07-17 04:00:00,0.0,0.0,0.0,0.0,0.0
292.49585,0.99946827,0.99946827,0.004207764,0.09350145,2015-07-17 05:00:00,1.0,0.0,0.0,0.0,0.0
292.604,0.9820058,0.9820058,0.011631969,0.016852826,2015-07-17 06:00:00,0.0,2.0957555e-07,0.0,0.0,2.0957555e-07
292.30396,0.8610685,0.8119908,0.118746996,0.076370955,2015-07-17 07:00:00,1.0,2.729651e-06,0.0,0.0,2.729651e-06
292.1565,0.6748827,0.53599197,0.2315237,0.11287928,2015-07-17 08:00:00,1.0,9.158646e-07,0.0,0.0,9.158646e-07
291.44727,0.4396398,0.34311247,0.10429633,0.05164752,2015-07-17 09:00:00,1.0,9.72258e-07,0.0,0.0,9.72258e-07
291.98755,0.86228657,0.85739464,0.030808385,0.0031780982,2015-07-17 10:00:00,1.0,4.0056705e-07,0.0,0.0,4.0056705e-07
291.88892,1.0,1.0,0.015366878,0.0,2015-07-17 11:00:00,1.0,0.0,0.0,0.0,0.0
292.35693,1.0,1.0,0.022252798,0.0,2015-07-17 12:00:00,0.0,0.0,0.0,0.0,0.0
293.32935,0.9519907,0.9519907,0.0063561946,0.0,2015-07-17 13:00:00,0.0,0.0,0.0,0.0,0.0
294.61914,0.9626388,0.9626388,0.00053172023,0.0,2015-07-17 14:00:00,0.0,0.0,0.0,0.0,0.0
298.08496,0.99409735,0.99409735,0.0,0.0,2015-07-17 15:00:00,0.0,0.0,0.0,0.0,0.0
299.5586,0.8158427,0.8158427,0.0,0.0,2015-07-17 16:00:00,1.0,2.1661457e-05,0.0,2.1098735e-05,3.813414e-07
300.48242,0.65569985,0.65569985,0.0,0.0,2015-07-17 17:00:00,0.0,6.897836e-05,0.0,6.785389e-05,1.3721838e-06
301.72266,0.32421696,0.32421696,0.0,0.0,2015-07-17 18:00:00,0.0,8.997051e-06,0.0,8.710884e-06,0.0
302.4485,0.16066015,0.16066015,0.0,0.0,2015-07-17 19:00:00,0.0,0.0,0.0,0.0,0.0
303.1748,0.12646896,0.12646896,0.0,0.0,2015-07-17 20:00:00,0.0,0.0,0.0,0.0,0.0
303.87988,0.0021207693,0.0021207693,0.0,0.0,2015-07-17 21:00:00,0.0,0.0,0.0,0.0,0.0
303.85205,0.0,0.0,0.0,0.0,2015-07-17 22:00:00,0.0,0.0,0.0,0.0,0.0
303.84668,0.0,0.0,0.0,0.0,2015-07-17 23:00:00,0.0,0.0,0.0,0.0,0.0
303.51733,0.017835084,0.0,0.0,0.017835084,2015-07-18 00:00:00,0.0,0.0,0.0,0.0,0.0
302.61597,0.030666973,0.0,0.0,0.030666973,2015-07-18 01:00:00,0.0,0.0,0.0,0.0,0.0
300.47998,0.0,0.0,0.0,0.0,2015-07-18 02:00:00,0.0,0.0,0.0,0.0,0.0
298.76733,0.028966706,0.0037288337,0.027341757,0.0016249504,2015-07-18 03:00:00,0.0,0.0,0.0,0.0,0.0
298.07446,0.8385483,0.012639254,0.022145681,0.8380227,2015-07-18 04:00:00,0.0,0.0,0.0,0.0,0.0
298.07178,1.0,0.08949375,0.15041846,1.0,2015-07-18 05:00:00,1.0,0.0006365243,0.0,0.00063658133,0.0
295.0569,1.0,0.19111347,0.4565676,1.0,2015-07-18 06:00:00,1.0,0.007950939,0.0,0.007949192,1.8708306e-06
293.9004,1.0,0.32448077,0.5619057,1.0,2015-07-18 07:00:00,1.0,0.012417629,0.0,0.012177911,0.00023960519
294.00635,1.0,0.1967519,0.14241964,1.0,2015-07-18 08:00:00,1.0,0.0019977598,0.0,0.001675962,0.00032175006
294.00195,0.73499876,0.08131832,0.0,0.7048445,2015-07-18 09:00:00,1.0,1.4664618e-05,0.0,0.0,1.4550538e-05
293.58765,0.89799035,0.5302714,0.19888085,0.7614624,2015-07-18 10:00:00,1.0,2.9457617e-05,0.0,2.92099e-05,3.813414e-07
293.68604,0.9264619,0.78849727,0.0,0.6809699,2015-07-18 11:00:00,0.0,4.349911e-05,0.0,4.3689783e-05,0.0
293.97925,0.989643,0.84393454,0.0,0.9218867,2015-07-18 12:00:00,1.0,0.0,0.0,0.0,0.0
295.1748,0.9586734,0.7516802,0.0,0.8409912,2015-07-18 13:00:00,1.0,5.07797e-06,0.0,4.944339e-06,0.0
296.02466,0.54651374,0.5431355,0.0,0.013471484,2015-07-18 14:00:00,1.0,0.000119094126,0.0,9.853607e-05,2.0567342e-05
299.17896,0.4889112,0.4889112,0.0,0.0,2015-07-18 15:00:00,1.0,9.318409e-05,0.0,6.318257e-05,3.0058553e-05
300.18848,0.34066278,0.34066278,0.012130227,0.0,2015-07-18 16:00:00,0.0,1.172475e-05,0.0,4.500129e-06,7.0339493e-06
301.28345,0.20813799,0.20813799,0.0,0.0,2015-07-18 17:00:00,0.0,1.774034e-06,0.0,1.5926553e-06,9.549569e-08
302.34375,0.10940385,0.10940385,0.0,0.0,2015-07-18 18:00:00,0.0,0.0,0.0,0.0,0.0
302.5608,0.069646776,0.069646776,0.0,0.0,2015-07-18 19:00:00,0.0,0.0,0.0,0.0,0.0
303.45166,0.021325234,0.0,0.0,0.021325234,2015-07-18 20:00:00,0.0,0.0,0.0,0.0,0.0
303.84155,0.06278044,0.0,0.051957775,0.010822706,2015-07-18 21:00:00,0.0,0.0,0.0,0.0,0.0
302.11816,0.0671131,0.0,0.060225196,0.0068879165,2015-07-18 22:00:00,0.0,0.0,0.0,0.0,0.0
301.8938,0.06479794,0.0,0.06479794,0.0,2015-07-18 23:00:00,0.0,0.0,0.0,0.0,0.0
301.49023,0.019699138,0.0,0.019699138,0.0,2015-07-19 00:00:00,0.0,0.0,0.0,0.0,0.0
300.8269,0.0,0.0,0.0,0.0,2015-07-19 01:00:00,0.0,0.0,0.0,0.0,0.0
299.67847,0.0068433695,0.0,0.0,0.0068433695,2015-07-19 02:00:00,0.0,0.0,0.0,0.0,0.0
296.53442,0.0031780982,0.0,0.0,0.0031780982,2015-07-19 03:00:00,0.0,0.0,0.0,0.0,0.0
295.68896,0.00053172023,0.0,0.0,0.00053172023,2015-07-19 04:00:00,0.0,0.0,0.0,0.0,0.0
294.92505,0.0,0.0,0.0,0.0,2015-07-19 05:00:00,0.0,0.0,0.0,0.0,0.0
293.94336,0.0,0.0,0.0,0.0,2015-07-19 06:00:00,0.0,0.0,0.0,0.0,0.0
292.82617,0.28520775,0.0,0.0,0.28520775,2015-07-19 07:00:00,0.0,0.0,0.0,0.0,0.0
292.05884,0.9618742,0.0,0.0,0.9618742,2015-07-19 08:00:00,0.0,0.0,0.0,0.0,0.0
291.14307,0.9978792,0.0,0.0,0.9978792,2015-07-19 09:00:00,0.0,0.0,0.0,0.0,0.0
290.77002,0.9689086,0.0,0.0,0.9689086,2015-07-19 10:00:00,0.0,0.0,0.0,0.0,0.0
290.8462,0.9367455,0.0,0.0,0.9367455,2015-07-19 11:00:00,0.0,0.0,0.0,0.0,0.0
291.0144,0.4740637,0.0,0.0,0.4740637,2015-07-19 12:00:00,0.0,0.0,0.0,0.0,0.0
291.8794,0.02366447,0.0,0.0,0.02366447,2015-07-19 13:00:00,0.0,0.0,0.0,0.0,0.0
293.71265,0.59271556,0.0,0.0,0.59271556,2015-07-19 14:00:00,0.0,0.0,0.0,0.0,0.0
297.30664,0.26086837,0.0,0.0,0.26086837,2015-07-19 15:00:00,0.0,0.0,0.0,0.0,0.0
298.38257,0.0,0.0,0.0,0.0,2015-07-19 16:00:00,0.0,0.0,0.0,0.0,0.0
299.57275,0.0,0.0,0.0,0.0,2015-07-19 17:00:00,0.0,0.0,0.0,0.0,0.0
300.0381,0.0,0.0,0.0,0.0,2015-07-19 18:00:00,0.0,0.0,0.0,0.0,0.0
300.3413,0.0,0.0,0.0,0.0,2015-07-19 19:00:00,0.0,0.0,0.0,0.0,0.0
300.64966,0.0,0.0,0.0,0.0,2015-07-19 20:00:00,0.0,0.0,0.0,0.0,0.0
301.12988,0.0,0.0,0.0,0.0,2015-07-19 21:00:00,0.0,0.0,0.0,0.0,0.0
300.89087,0.00956155,0.005370889,0.0063116476,0.0,2015-07-19 22:00:00,0.0,0.0,0.0,0.0,0.0
300.83423,0.004207764,0.0,0.004207764,0.0,2015-07-19 23:00:00,0.0,0.0,0.0,0.0,0.0
300.67847,0.0,0.0,0.0,0.0,2015-07-20 00:00:00,0.0,0.0,0.0,0.0,0.0
299.95972,0.05510285,0.0,0.0,0.05510285,2015-07-20 01:00:00,0.0,0.0,0.0,0.0,0.0
298.48315,0.0,0.0,0.0,0.0,2015-07-20 02:00:00,0.0,0.0,0.0,0.0,0.0
296.48413,0.0,0.0,0.0,0.0,2015-07-20 03:00:00,0.0,0.0,0.0,0.0,0.0
295.97168,0.0,0.0,0.0,0.0,2015-07-20 04:00:00,0.0,0.0,0.0,0.0,0.0
295.7893,0.0015890491,0.0,0.0,0.0015890491,2015-07-20 05:00:00,0.0,0.0,0.0,0.0,0.0
295.4431,0.010536302,0.0,0.0,0.010536302,2015-07-20 06:00:00,0.0,0.0,0.0,0.0,0.0
295.53833,0.08648002,0.0,0.005003199,0.08147681,2015-07-20 07:00:00,0.0,0.0,0.0,0.0,0.0
295.2644,0.0795666,0.0,0.056066494,0.024033047,2015-07-20 08:00:00,0.0,0.0,0.0,0.0,0.0
294.7832,0.34818488,0.0,0.3384388,0.009739939,2015-07-20 09:00:00,0.0,8.017848e-07,0.0,8.017848e-07,0.0
294.91577,0.4551896,0.0,0.38634998,0.13597614,2015-07-20 10:00:00,0.0,5.3452317e-07,0.0,4.0089236e-07,0.0
294.87598,0.5414958,0.0,0.21530133,0.41331625,2015-07-20 11:00:00,0.0,0.0,0.0,0.0,0.0
294.9048,0.18571019,0.0,0.020325974,0.17041498,2015-07-20 12:00:00,0.0,0.0,0.0,0.0,0.0
295.21997,0.16175222,0.0,0.052419208,0.11798692,2015-07-20 13:00:00,0.0,0.0,0.0,0.0,0.0
295.948,0.32598817,0.0,0.031605553,0.3162421,2015-07-20 14:00:00,0.0,0.0,0.0,0.0,0.0
297.1748,0.1252644,0.0,0.06876224,0.07022023,2015-07-20 15:00:00,0.0,0.0,0.0,0.0,0.0
297.39478,0.014276218,0.00053172023,0.0057992525,0.008476965,2015-07-20 16:00:00,0.0,0.0,0.0,0.0,0.0
298.34546,0.06814182,0.06814182,0.0,0.0,2015-07-20 17:00:00,0.0,0.0,0.0,0.0,0.0
298.98218,0.33598006,0.31660682,0.18004197,0.0,2015-07-20 18:00:00,0.0,0.0,0.0,0.0,0.0
299.0901,0.32873297,0.07790154,0.3094839,0.0,2015-07-20 19:00:00,0.0,0.0,0.0,0.0,0.0
299.05127,0.33207822,0.20691556,0.31580466,0.0,2015-07-20 20:00:00,0.0,0.0,0.0,0.0,0.0
299.23315,0.2849397,0.21675158,0.229379,0.0,2015-07-20 21:00:00,0.0,0.0,0.0,0.0,0.0
298.32153,0.27785265,0.17795026,0.16828316,0.0,2015-07-20 22:00:00,0.0,0.0,0.0,0.0,0.0
297.51416,0.084026694,0.007945243,0.07819611,0.0,2015-07-20 23:00:00,0.0,0.0,0.0,0.0,0.0
296.95142,0.08904129,0.013244111,0.0757972,0.0,2015-07-21 00:00:00,0.0,0.0,0.0,0.0,0.0
296.1438,0.09277338,0.0079283565,0.08643407,0.0,2015-07-21 01:00:00,0.0,0.0,0.0,0.0,0.0
295.02588,0.047652766,0.0,0.047652766,0.0,2015-07-21 02:00:00,0.0,0.0,0.0,0.0,0.0
291.94165,0.0,0.0,0.0,0.0,2015-07-21 03:00:00,0.0,0.0,0.0,0.0,0.0
290.8672,0.0,0.0,0.0,0.0,2015-07-21 04:00:00,0.0,0.0,0.0,0.0,0.0
290.0254,0.0,0.0,0.0,0.0,2015-07-21 05:00:00,0.0,0.0,0.0,0.0,0.0
289.35864,0.0,0.0,0.0,0.0,2015-07-21 06:00:00,0.0,0.0,0.0,0.0,0.0
289.33618,0.0,0.0,0.0,0.0,2015-07-21 07:00:00,0.0,0.0,0.0,0.0,0.0
289.14917,0.0,0.0,0.0,0.0,2015-07-21 08:00:00,0.0,0.0,0.0,0.0,0.0
288.92944,0.0,0.0,0.0,0.0,2015-07-21 09:00:00,0.0,0.0,0.0,0.0,0.0
288.55444,0.0,0.0,0.0,0.0,2015-07-21 10:00:00,0.0,0.0,0.0,0.0,0.0
288.46606,0.0,0.0,0.0,0.0,2015-07-21 11:00:00,0.0,0.0,0.0,0.0,0.0
289.187,0.0,0.0,0.0,0.0,2015-07-21 12:00:00,0.0,0.0,0.0,0.0,0.0
290.68872,0.0,0.0,0.0,0.0,2015-07-21 13:00:00,0.0,0.0,0.0,0.0,0.0
292.68945,0.0,0.0,0.0,0.0,2015-07-21 14:00:00,0.0,0.0,0.0,0.0,0.0
296.31885,0.0,0.0,0.0,0.0,2015-07-21 15:00:00,0.0,0.0,0.0,0.0,0.0
297.04395,0.0,0.0,0.0,0.0,2015-07-21 16:00:00,0.0,0.0,0.0,0.0,0.0
298.10425,0.024965484,0.024965484,0.0,0.0,2015-07-21 17:00:00,0.0,0.0,0.0,0.0,0.0
298.65967,0.6536185,0.0063561946,0.6530868,0.0,2015-07-21 18:00:00,0.0,0.0,0.0,0.0,0.0
299.13965,0.9890601,0.013521526,0.98569894,0.0,2015-07-21 19:00:00,0.0,0.0,0.0,0.0,0.0
299.12573,0.95802456,0.0,0.95802456,0.0,2015-07-21 20:00:00,0.0,0.0,0.0,0.0,0.0
299.42407,0.8181029,0.0,0.8181029,0.0,2015-07-21 21:00:00,0.0,0.0,0.0,0.0,0.0
299.59717,0.6221049,0.0063116476,0.6221049,0.0,2015-07-21 22:00:00,0.0,0.0,0.0,0.0,0.0
299.46436,0.38758874,0.0,0.38758874,0.0,2015-07-21 23:00:00,0.0,0.0,0.0,0.0,0.0
299.03784,0.17761797,0.0,0.17761797,0.0,2015-07-22 00:00:00,0.0,0.0,0.0,0.0,0.0
298.14746,0.09239268,0.016832627,0.08923149,0.003161212,2015-07-22 01:00:00,0.0,0.0,0.0,0.0,0.0
296.56445,0.16809171,0.0,0.020210877,0.14789796,2015-07-22 02:00:00,0.0,0.0,0.0,0.0,0.0
293.50024,0.7135149,0.0,0.0,0.7135149,2015-07-22 03:00:00,0.0,0.0,0.0,0.0,0.0
293.42993,0.062485762,0.0033782488,0.0033782488,0.05913192,2015-07-22 04:00:00,0.0,0.0,0.0,0.0,0.0
292.49683,0.08897972,0.0100932345,0.0033782488,0.07887918,2015-07-22 05:00:00,0.0,0.0,0.0,0.0,0.0
291.57495,0.29992366,0.0067320913,0.0033782488,0.29318428,2015-07-22 06:00:00,0.0,0.0,0.0,0.0,0.0
291.53564,0.33087242,0.028941415,0.019203588,0.30764848,2015-07-22 07:00:00,0.0,0.0,0.0,0.0,0.0
290.99146,0.23943394,0.024817154,0.028941415,0.2145961,2015-07-22 08:00:00,0.0,0.0,0.0,0.0,0.0
290.28564,0.40411854,0.026205234,0.07920241,0.33177286,2015-07-22 09:00:00,0.0,0.0,0.0,0.0,0.0
291.3877,0.5727018,0.016832627,0.025563166,0.56532156,2015-07-22 10:00:00,0.0,0.0,0.0,0.0,0.0
291.30713,0.27957213,0.0,0.02544859,0.2695657,2015-07-22 11:00:00,0.0,0.0,0.0,0.0,0.0
291.70776,0.4574321,0.0033782488,0.039274503,0.44870007,2015-07-22 12:00:00,0.0,0.0,0.0,0.0,0.0
292.72437,0.5158906,0.03019287,0.32251918,0.37654853,2015-07-22 13:00:00,0.0,0.0,0.0,0.0,0.0
294.1377,0.50898755,0.031929065,0.41894436,0.20493186,2015-07-22 14:00:00,0.0,0.0,0.0,0.0,0.0
297.44287,0.24387568,0.0,0.19612002,0.080581725,2015-07-22 15:00:00,0.0,0.0,0.0,0.0,0.0
298.79248,0.16582447,0.0,0.05402763,0.118701875,2015-07-22 16:00:00,0.0,0.0,0.0,0.0,0.0
299.36646,0.37775785,0.31707108,0.10769844,0.01844462,2015-07-22 17:00:00,0.0,0.0,0.0,0.0,0.0
300.0254,0.76468045,0.5579552,0.7245728,0.007945243,2015-07-22 18:00:00,0.0,0.0,0.0,0.0,0.0
300.04614,0.99841094,0.81688696,0.99841094,0.0010573287,2015-07-22 19:00:00,0.0,0.0,0.0,0.0,0.0
300.2798,1.0,0.606389,1.0,0.0,2015-07-22 20:00:00,0.0,0.0,0.0,0.0,0.0
300.66992,0.9842045,0.51314425,0.9842045,0.0032499009,2015-07-22 21:00:00,0.0,0.0,0.0,0.0,0.0
300.0559,0.81504923,0.19518745,0.80230695,0.087962866,2015-07-22 22:00:00,0.0,0.0,0.0,0.0,0.0
299.4961,0.5190274,0.13745695,0.40270668,0.15070844,2015-07-22 23:00:00,0.0,0.0,0.0,0.0,0.0
299.1919,0.40101588,0.13867801,0.25415957,0.10557687,2015-07-23 00:00:00,0.0,0.0,0.0,0.0,0.0
298.59082,0.26700604,0.0,0.23560286,0.034774132,2015-07-23 01:00:00,0.0,0.0,0.0,0.0,0.0
297.42554,0.14301515,0.0,0.1310103,0.01871983,2015-07-23 02:00:00,0.0,0.0,0.0,0.0,0.0
295.4353,0.07354081,0.0,0.063447595,0.0100932345,2015-07-23 03:00:00,0.0,0.0,0.0,0.0,0.0
294.62866,0.022932425,0.0,0.016210135,0.0067320913,2015-07-23 04:00:00,0.0,0.0,0.0,0.0,0.0
293.70483,0.0037288337,0.0,0.0037288337,0.0,2015-07-23 05:00:00,0.0,0.0,0.0,0.0,0.0
292.82935,0.007107079,0.0016249504,0.007107079,0.0,2015-07-23 06:00:00,0.0,0.0,0.0,0.0,0.0
292.4519,0.007107079,0.0,0.007107079,0.0,2015-07-23 07:00:00,0.0,0.0,0.0,0.0,0.0
292.07275,0.0,0.0,0.0,0.0,2015-07-23 08:00:00,0.0,0.0,0.0,0.0,0.0
291.34497,0.0,0.0,0.0,0.0,2015-07-23 09:00:00,0.0,0.0,0.0,0.0,0.0
291.2146,0.0,0.0,0.0,0.0,2015-07-23 10:00:00,0.0,0.0,0.0,0.0,0.0
291.05005,0.0,0.0,0.0,0.0,2015-07-23 11:00:00,0.0,0.0,0.0,0.0,0.0
291.5188,0.0,0.0,0.0,0.0,2015-07-23 12:00:00,0.0,0.0,0.0,0.0,0.0
292.8916,0.0,0.0,0.0,0.0,2015-07-23 13:00:00,0.0,0.0,0.0,0.0,0.0
294.8064,0.0,0.0,0.0,0.0,2015-07-23 14:00:00,0.0,0.0,0.0,0.0,0.0
298.03906,0.0,0.0,0.0,0.0,2015-07-23 15:00:00,0.0,0.0,0.0,0.0,0.0
299.02368,0.101695,0.101695,0.0,0.0,2015-07-23 16:00:00,0.0,0.0,0.0,0.0,0.0
299.61328,0.22801155,0.22801155,0.0,0.0,2015-07-23 17:00:00,0.0,0.0,0.0,0.0,0.0
300.10864,0.12586993,0.12586993,0.0,0.0,2015-07-23 18:00:00,0.0,0.0,0.0,0.0,0.0
300.60083,0.03113363,0.03113363,0.0,0.0,2015-07-23 19:00:00,0.0,0.0,0.0,0.0,0.0
300.94556,0.0,0.0,0.0,0.0,2015-07-23 20:00:00,0.0,0.0,0.0,0.0,0.0
301.4922,0.0,0.0,0.0,0.0,2015-07-23 21:00:00,0.0,0.0,0.0,0.0,0.0
301.47998,0.0,0.0,0.0,0.0,2015-07-23 22:00:00,0.0,0.0,0.0,0.0,0.0
301.32935,0.0,0.0,0.0,0.0,2015-07-23 23:00:00,0.0,0.0,0.0,0.0,0.0
300.78076,0.0,0.0,0.0,0.0,2015-07-24 00:00:00,0.0,0.0,0.0,0.0,0.0
300.04858,0.04869077,0.0,0.0,0.04869077,2015-07-24 01:00:00,0.0,0.0,0.0,0.0,0.0
298.65356,0.13142419,0.0,0.0,0.13142419,2015-07-24 02:00:00,0.0,0.0,0.0,0.0,0.0
296.60522,0.3846724,0.0,0.00998199,0.37631536,2015-07-24 03:00:00,0.0,0.0,0.0,0.0,0.0
296.31787,0.5936799,0.0,0.0,0.5936799,2015-07-24 04:00:00,0.0,0.0,0.0,0.0,0.0
295.59985,0.7268559,0.0,0.0,0.7268559,2015-07-24 05:00:00,0.0,0.0,0.0,0.0,0.0
294.9502,0.98057,0.0,0.0037288337,0.98057,2015-07-24 06:00:00,0.0,0.0,0.0,0.0,0.0
294.9812,0.9989426,0.0,0.0037288337,0.9989426,2015-07-24 07:00:00,0.0,0.0,0.0,0.0,0.0
294.80347,1.0,0.012828555,0.031876806,1.0,2015-07-24 08:00:00,0.0,0.0,0.0,0.0,0.0
294.16943,1.0,0.03801007,0.10163361,1.0,2015-07-24 09:00:00,0.0,0.0,0.0,0.0,0.0
294.0542,1.0,0.002103883,0.8734037,1.0,2015-07-24 10:00:00,1.0,0.0017213831,0.0,0.0017152848,5.8309743e-06
293.9839,1.0,0.007638801,0.8773469,1.0,2015-07-24 11:00:00,1.0,0.008746568,0.0,0.008709025,3.7437523e-05
293.0979,0.959999,0.013811734,0.68625134,0.954534,2015-07-24 12:00:00,1.0,0.0096295215,0.0,0.009485804,0.00014384212
293.05566,0.73015577,0.04676187,0.40563875,0.5604649,2015-07-24 13:00:00,1.0,0.0034584336,0.0,0.0032932651,0.00016537799
293.20264,0.3686359,0.021567252,0.31163603,0.07558966,2015-07-24 14:00:00,1.0,0.00046001957,0.0,0.0004128758,4.7210124e-05
296.0166,0.04043461,0.0033782488,0.03708077,0.0,2015-07-24 15:00:00,1.0,6.393723e-06,0.0,0.0,5.916886e-06
298.052,0.13196003,0.13196003,0.0,0.0,2015-07-24 16:00:00,1.0,1.9099144e-07,0.0,0.0,2.864872e-07
300.13647,0.3973657,0.3973657,0.0032499009,0.0,2015-07-24 17:00:00,1.0,3.8544495e-06,0.0,2.8049544e-06,1.2600376e-06
300.9851,0.93992794,0.93992794,0.07542527,0.0,2015-07-24 18:00:00,1.0,7.332924e-05,0.0,5.2032075e-05,2.1173139e-05
301.09692,0.88075286,0.87441576,0.10384357,0.0,2015-07-24 19:00:00,1.0,4.4267697e-05,0.0,2.8331779e-05,1.5879195e-05
301.625,0.59734124,0.55386245,0.29399514,0.0,2015-07-24 20:00:00,1.0,3.6231868e-05,0.0,1.8552018e-05,1.7326369e-05
302.292,0.18794036,0.13578826,0.17026109,0.0,2015-07-24 21:00:00,0.0,0.00014588221,0.0,0.00012769486,1.8263294e-05
302.59375,0.2561043,0.11912167,0.24925852,0.0,2015-07-24 22:00:00,0.0,2.6424605e-05,0.0,2.0505191e-05,6.2142317e-06
303.42456,0.2641986,0.18212259,0.17682207,0.0,2015-07-24 23:00:00,0.0,2.536066e-06,0.0,2.536066e-06,0.0
302.76514,0.31060612,0.21072614,0.266671,0.0,2015-07-25 00:00:00,0.0,0.0,0.0,0.0,0.0
302.11646,0.23956984,0.16449499,0.22256094,0.0,2015-07-25 01:00:00,0.0,0.0,0.0,0.0,0.0
300.7163,0.19290668,0.1788004,0.11361039,0.0,2015-07-25 02:00:00,0.0,0.0,0.0,0.0,0.0
297.9453,0.10709119,0.10709119,0.03798813,0.0,2015-07-25 03:00:00,0.0,0.0,0.0,0.0,0.0
297.20483,0.04783723,0.04783723,0.0033782488,0.0,2015-07-25 04:00:00,0.0,0.0,0.0,0.0,0.0
296.01074,0.0049672946,0.0044355765,0.0033782488,0.00053172023,2015-07-25 05:00:00,0.0,0.0,0.0,0.0,0.0
295.23682,0.00053172023,0.00053172023,0.0,0.0,2015-07-25 06:00:00,0.0,0.0,0.0,0.0,0.0
294.83057,0.0,0.0,0.0,0.0,2015-07-25 07:00:00,0.0,0.0,0.0,0.0,0.0
294.33936,0.0,0.0,0.0,0.0,2015-07-25 08:00:00,0.0,0.0,0.0,0.0,0.0
293.3059,0.0,0.0,0.0,0.0,2015-07-25 09:00:00,0.0,0.0,0.0,0.0,0.0
293.34692,0.0,0.0,0.0,0.0,2015-07-25 10:00:00,0.0,0.0,0.0,0.0,0.0
292.7002,0.00053172023,0.0,0.0,0.00053172023,2015-07-25 11:00:00,0.0,0.0,0.0,0.0,0.0
293.56274,0.0,0.0,0.0,0.0,2015-07-25 12:00:00,0.0,0.0,0.0,0.0,0.0
294.79272,0.05675728,0.0,0.0,0.05675728,2015-07-25 13:00:00,0.0,0.0,0.0,0.0,0.0
296.03198,0.1272282,0.0,0.0,0.1272282,2015-07-25 14:00:00,0.0,0.0,0.0,0.0,0.0
299.0918,0.25772905,0.0,0.0,0.25772905,2015-07-25 15:00:00,0.0,0.0,0.0,0.0,0.0
300.1372,0.3405499,0.0,0.0,0.3405499,2015-07-25 16:00:00,0.0,0.0,0.0,0.0,0.0
300.83545,0.086520255,0.0,0.0,0.086520255,2015-07-25 17:00:00,0.0,0.0,0.0,0.0,0.0
301.38135,0.025778316,0.0,0.0,0.025778316,2015-07-25 18:00:00,0.0,0.0,0.0,0.0,0.0
301.85083,0.4931277,0.0,0.0,0.4931277,2015-07-25 19:00:00,0.0,0.0,0.0,0.0,0.0
302.25415,0.016582921,0.0,0.0,0.016582921,2015-07-25 20:00:00,0.0,0.0,0.0,0.0,0.0
302.7124,0.11693668,0.0,0.030942477,0.08599424,2015-07-25 21:00:00,0.0,0.0,0.0,0.0,0.0
302.06372,0.18495649,0.0,0.17227054,0.0137445,2015-07-25 22:00:00,0.0,0.0,0.0,0.0,0.0
301.65454,0.3029012,0.0,0.11917597,0.20048785,2015-07-25 23:00:00,0.0,0.0,0.0,0.0,0.0
301.52734,0.7193449,0.0,0.14842975,0.68756056,2015-07-26 00:00:00,0.0,0.0,0.0,0.0,0.0
300.77295,0.99312896,0.0,0.35602838,0.991504,2015-07-26 01:00:00,0.0,0.0,0.0,0.0,0.0
299.30908,0.9978433,0.0,0.014229234,0.9978433,2015-07-26 02:00:00,0.0,0.0,0.0,0.0,0.0
297.70068,1.0,0.0,0.0026356035,1.0,2015-07-26 03:00:00,0.0,0.0,0.0,0.0,0.0
297.1194,1.0,0.0,0.056939982,1.0,2015-07-26 04:00:00,0.0,0.0,0.0,0.0,0.0
296.75415,1.0,0.0,0.14172053,1.0,2015-07-26 05:00:00,0.0,0.0,0.0,0.0,0.0
295.82666,1.0,0.0,0.2884463,1.0,2015-07-26 06:00:00,0.0,0.0,0.0,0.0,0.0
295.6223,1.0,0.0,0.30535215,1.0,2015-07-26 07:00:00,0.0,0.0,0.0,0.0,0.0
295.17554,1.0,0.0,0.063176274,1.0,2015-07-26 08:00:00,0.0,0.0,0.0,0.0,0.0
294.114,0.9801228,0.0,0.261374,0.97024477,2015-07-26 09:00:00,0.0,0.0,0.0,0.0,0.0
294.59546,0.9809182,0.0,0.38209748,0.9651904,2015-07-26 10:00:00,0.0,0.0,0.0,0.0,0.0
294.7019,0.9579704,0.0,0.832452,0.7217169,2015-07-26 11:00:00,0.0,1.9099144e-07,0.0,0.0,1.9099144e-07
294.4895,1.0,0.0,1.0,0.0803895,2015-07-26 12:00:00,0.0,3.947536e-05,0.0,3.92847e-05,0.0
294.78223,0.9506322,0.0,0.9506322,0.00053172023,2015-07-26 13:00:00,0.0,1.159271e-05,0.0,1.1859324e-05,0.0
295.76367,0.6500521,0.0,0.6500521,0.0,2015-07-26 14:00:00,0.0,1.6035692e-06,0.0,1.6035692e-06,0.0
298.1587,0.8494567,0.0,0.8494567,0.0,2015-07-26 15:00:00,0.0,6.6847015e-06,0.0,6.6847015e-06,0.0
298.7627,0.9269948,0.0,0.9269948,0.0,2015-07-26 16:00:00,0.0,0.0,0.0,0.0,0.0
299.60693,0.89292514,0.0,0.89292514,0.0,2015-07-26 17:00:00,0.0,1.2414439e-06,0.0,1.1936963e-06,0.0
300.6687,0.75873756,0.0026356035,0.75873756,0.0,2015-07-26 18:00:00,0.0,0.0,0.0,0.0,0.0
301.6797,0.10852927,0.011646416,0.10529816,0.0,2015-07-26 19:00:00,0.0,8.5946164e-07,0.0,8.117138e-07,0.0
301.97095,0.05252083,0.037434407,0.031713247,0.0,2015-07-26 20:00:00,0.0,2.2918975e-06,0.0,2.2918975e-06,0.0
302.79883,0.13235003,0.048822504,0.09188181,0.0,2015-07-26 21:00:00,0.0,3.8198294e-07,0.0,5.633616e-07,0.0
302.87085,0.1361047,0.02579438,0.13447976,0.0,2015-07-26 22:00:00,0.0,9.549569e-08,0.0,1.8137865e-07,0.0
302.23486,0.15225077,0.04901785,0.1351198,0.0,2015-07-26 23:00:00,0.0,2.0649342e-05,0.0,2.0706386e-05,0.0
301.6775,0.22661859,0.070427,0.21607375,0.0,2015-07-27 00:00:00,0.0,4.980614e-05,0.0,4.980614e-05,0.0
300.93384,0.23178089,0.09924221,0.18926007,0.036607604,2015-07-27 01:00:00,0.0,0.0,0.0,0.0,0.0
299.91724,0.19681346,0.08448315,0.08202356,0.08349794,2015-07-27 02:00:00,0.0,0.0,0.0,0.0,0.0
297.73364,0.04867357,0.013248995,0.026450694,0.022677403,2015-07-27 03:00:00,0.0,0.0,0.0,0.0,0.0
296.82397,0.014106289,0.0,0.014106289,0.0,2015-07-27 04:00:00,0.0,0.0,0.0,0.0,0.0
296.33105,0.051933687,0.0,0.0037288337,0.048204854,2015-07-27 05:00:00,0.0,0.0,0.0,0.0,0.0
295.41602,0.84365,0.0057992525,0.0,0.84365,2015-07-27 06:00:00,0.0,0.0,0.0,0.0,0.0
294.76074,0.9629152,0.008910421,0.0,0.9629152,2015-07-27 07:00:00,0.0,0.0,0.0,0.0,0.0
294.30835,0.9550371,0.02579438,0.0,0.9550371,2015-07-27 08:00:00,0.0,0.0,0.0,0.0,0.0
293.84204,0.91006994,0.010535371,0.0,0.90296286,2015-07-27 09:00:00,0.0,0.0,0.0,0.0,0.0
294.1836,0.4926936,0.006280929,0.0,0.48696154,2015-07-27 10:00:00,0.0,0.0,0.0,0.0,0.0
294.09082,0.5472249,0.0026356035,0.0,0.5472249,2015-07-27 11:00:00,0.0,0.0,0.0,0.0,0.0
294.42554,0.6495945,0.00053172023,0.0067320913,0.64906275,2015-07-27 12:00:00,0.0,0.0,0.0,0.0,0.0
295.23584,0.74340814,0.0057992525,0.0,0.7376028,2015-07-27 13:00:00,0.0,0.0,0.0,0.0,0.0
296.48462,1.0,0.09126049,0.0,1.0,2015-07-27 14:00:00,0.0,0.0,0.0,0.0,0.0
299.3479,0.9899067,0.2940731,0.017362785,0.98663974,2015-07-27 15:00:00,1.0,1.0462285e-05,0.0,9.965897e-06,8.972805e-07
300.33862,0.9901048,0.3084842,0.086331844,0.9835011,2015-07-27 16:00:00,1.0,8.900974e-05,0.0,6.5630564e-05,2.323625e-05
300.98462,0.86347485,0.2477678,0.22100425,0.80752355,2015-07-27 17:00:00,1.0,1.8882507e-05,0.0,8.4798985e-06,1.06410325e-05
301.302,0.7522438,0.090713024,0.14722437,0.70941776,2015-07-27 18:00:00,1.0,7.939643e-06,0.0,7.5387507e-06,0.0
301.3391,0.8927747,0.07871157,0.29806644,0.87419724,2015-07-27 19:00:00,0.0,5.3452317e-07,0.0,2.6726156e-07,0.0
301.87646,0.9274884,0.059284113,0.5687793,0.9128139,2015-07-27 20:00:00,0.0,0.0,0.0,0.0,0.0
302.11548,0.86918545,0.041121237,0.7843256,0.56747955,2015-07-27 21:00:00,0.0,0.0,0.0,0.0,0.0
302.13452,0.74698436,0.42022955,0.4512694,0.20094872,2015-07-27 22:00:00,0.0,0.0,0.0,0.0,0.0
302.02246,0.3040707,0.15106118,0.18707556,0.11653668,2015-07-27 23:00:00,0.0,0.0,0.0,0.0,0.0
301.62207,0.29111183,0.052704543,0.13560241,0.16527987,2015-07-28 00:00:00,0.0,0.0,0.0,0.0,0.0
301.15674,0.7831952,0.10743362,0.18958247,0.74613714,2015-07-28 01:00:00,0.0,0.0,0.0,0.0,0.0
300.32104,0.9968219,0.069175005,0.19785553,0.9868121,2015-07-28 02:00:00,0.0,0.0,0.0,0.0,0.0
298.60205,0.98527604,0.06191436,0.2157287,0.98189783,2015-07-28 03:00:00,0.0,0.0,0.0,0.0,0.0
297.91846,0.998375,0.051663242,0.054042466,0.998375,2015-07-28 04:00:00,0.0,0.0,0.0,0.0,0.0
297.6726,0.9039624,0.1605652,0.13164914,0.8976507,2015-07-28 05:00:00,0.0,0.0,0.0,0.0,0.0
296.42212,0.5843896,0.17071658,0.10765064,0.49432212,2015-07-28 06:00:00,0.0,0.0,0.0,0.0,0.0
296.29688,0.9343004,0.15140265,0.11061323,0.9309222,2015-07-28 07:00:00,0.0,0.0,0.0,0.0,0.0
296.2317,1.0,0.10931891,0.24385178,1.0,2015-07-28 08:00:00,1.0,0.0,0.0,0.0,0.0
295.6875,1.0,0.057548814,0.19375747,1.0,2015-07-28 09:00:00,0.0,0.0,0.0,0.0,0.0
296.0332,1.0,0.09852266,0.4655115,1.0,2015-07-28 10:00:00,0.0,2.0957555e-07,0.0,0.0,2.0957555e-07
296.12256,1.0,0.59504044,0.5556005,0.998375,2015-07-28 11:00:00,1.0,0.000118664146,0.0,0.000115590636,3.2071384e-06
295.6482,1.0,0.9978961,0.6923519,1.0,2015-07-28 12:00:00,1.0,0.0025863878,0.0,0.0025305669,5.5734985e-05
295.02563,1.0,0.81673807,0.6528664,1.0,2015-07-28 13:00:00,1.0,0.0035803684,0.0,0.0034220929,0.00015841846
295.03662,1.0,0.99451786,0.30715013,1.0,2015-07-28 14:00:00,1.0,0.00020606046,0.0,0.0,0.00020606046
296.06787,1.0,0.9825204,0.01646879,1.0,2015-07-28 15:00:00,1.0,0.0010134531,0.0,0.00077142124,0.00024180273
296.51587,1.0,0.96983325,0.037118725,1.0,2015-07-28 16:00:00,1.0,0.002770924,0.0,0.0025499996,0.00022120029
297.0598,1.0,0.97298,0.21335304,1.0,2015-07-28 17:00:00,1.0,0.001453436,0.0,0.0013342756,0.000119227
298.5266,1.0,0.998375,0.43822205,1.0,2015-07-28 18:00:00,1.0,2.6161855e-05,0.0,5.6819963e-06,2.0527616e-05
300.94116,1.0,0.9905161,0.3016842,0.959722,2015-07-28 19:00:00,1.0,4.1863706e-05,0.0,3.577411e-05,6.7000774e-06
301.45386,0.985126,0.97024477,0.18263519,0.6151152,2015-07-28 20:00:00,1.0,4.9984723e-05,0.0,5.0251983e-05,2.6726156e-07
302.0044,0.85435814,0.82511276,0.08312458,0.12713313,2015-07-28 21:00:00,0.0,9.760058e-05,0.0,9.765827e-05,0.0
301.62915,0.68895936,0.6756485,0.111001134,0.013738599,2015-07-28 22:00:00,1.0,1.8499239e-05,0.0,1.5802303e-05,2.4585215e-06
301.40088,0.8712602,0.8369734,0.82404906,0.032826085,2015-07-28 23:00:00,1.0,0.00013945755,0.0,9.2236965e-05,4.71065e-05
300.7378,0.99946827,0.9970973,0.9978792,0.0752154,2015-07-29 00:00:00,1.0,0.00033598742,0.0,0.00015370795,0.00018205034
300.18433,0.9902332,0.92805743,0.97997034,0.5898778,2015-07-29 01:00:00,1.0,0.00040578446,0.0,0.0001912934,0.00021436677
298.84277,0.76143104,0.45468003,0.6213446,0.45140797,2015-07-29 02:00:00,0.0,0.00016902779,0.0,0.00014794197,2.1238346e-05
296.38696,0.32696724,0.08318132,0.13059461,0.23715454,2015-07-29 03:00:00,0.0,9.735413e-07,0.0,9.828327e-07,0.0
296.0454,0.252639,0.0,0.00053172023,0.252639,2015-07-29 04:00:00,0.0,0.0,0.0,0.0,0.0
294.60278,0.32110095,0.0,0.0,0.32110095,2015-07-29 05:00:00,0.0,0.0,0.0,0.0,0.0
293.57983,0.07182211,0.0,0.0,0.07182211,2015-07-29 06:00:00,0.0,0.0,0.0,0.0,0.0
293.27588,0.0050234497,0.0,0.0,0.0050234497,2015-07-29 07:00:00,0.0,0.0,0.0,0.0,0.0
293.1587,0.0,0.0,0.0,0.0,2015-07-29 08:00:00,0.0,0.0,0.0,0.0,0.0
292.1018,0.0034282913,0.0,0.0,0.0034282913,2015-07-29 09:00:00,0.0,0.0,0.0,0.0,0.0
291.78955,0.031499136,0.0,0.0,0.031499136,2015-07-29 10:00:00,0.0,0.0,0.0,0.0,0.0
291.94824,0.0026463778,0.0,0.0,0.0026463778,2015-07-29 11:00:00,0.0,0.0,0.0,0.0,0.0
292.11646,0.0,0.0,0.0,0.0,2015-07-29 12:00:00,0.0,0.0,0.0,0.0,0.0
292.844,0.0010573287,0.0,0.0,0.0010573287,2015-07-29 13:00:00,0.0,0.0,0.0,0.0,0.0
293.8755,0.0,0.0,0.0,0.0,2015-07-29 14:00:00,0.0,0.0,0.0,0.0,0.0
296.93213,0.0,0.0,0.0,0.0,2015-07-29 15:00:00,0.0,0.0,0.0,0.0,0.0
297.64868,0.0,0.0,0.0,0.0,2015-07-29 16:00:00,0.0,0.0,0.0,0.0,0.0
298.56006,0.05299349,0.0,0.05299349,0.0,2015-07-29 17:00:00,0.0,0.0,0.0,0.0,0.0
299.32764,0.20929474,0.004741922,0.20929474,0.0,2015-07-29 18:00:00,0.0,0.0,0.0,0.0,0.0
299.875,0.327029,0.0,0.327029,0.0,2015-07-29 19:00:00,0.0,0.0,0.0,0.0,0.0
300.18042,0.28421962,0.0,0.28421962,0.0,2015-07-29 20:00:00,0.0,0.0,0.0,0.0,0.0
300.49463,0.38313025,0.0,0.38313025,0.0,2015-07-29 21:00:00,0.0,0.0,0.0,0.0,0.0
300.48096,0.1014936,0.0,0.1014936,0.0,2015-07-29 22:00:00,0.0,0.0,0.0,0.0,0.0
300.58765,0.04523753,0.0,0.04523753,0.0,2015-07-29 23:00:00,0.0,0.0,0.0,0.0,0.0
300.04712,0.029560573,0.0,0.029560573,0.0,2015-07-30 00:00:00,0.0,0.0,0.0,0.0,0.0
299.10962,0.046623137,0.0,0.046623137,0.0,2015-07-30 01:00:00,0.0,0.0,0.0,0.0,0.0
297.719,0.0,0.0,0.0,0.0,2015-07-30 02:00:00,0.0,0.0,0.0,0.0,0.0
295.08423,0.0,0.0,0.0,0.0,2015-07-30 03:00:00,0.0,0.0,0.0,0.0,0.0
294.57227,0.0,0.0,0.0,0.0,2015-07-30 04:00:00,0.0,0.0,0.0,0.0,0.0
293.417,0.0,0.0,0.0,0.0,2015-07-30 05:00:00,0.0,0.0,0.0,0.0,0.0
292.4038,0.0,0.0,0.0,0.0,2015-07-30 06:00:00,0.0,0.0,0.0,0.0,0.0
291.99292,0.0,0.0,0.0,0.0,2015-07-30 07:00:00,0.0,0.0,0.0,0.0,0.0
291.37012,0.0,0.0,0.0,0.0,2015-07-30 08:00:00,0.0,0.0,0.0,0.0,0.0
290.78125,0.0,0.0,0.0,0.0,2015-07-30 09:00:00,0.0,0.0,0.0,0.0,0.0
290.89233,0.0,0.0,0.0,0.0,2015-07-30 10:00:00,0.0,0.0,0.0,0.0,0.0
290.69922,0.0,0.0,0.0,0.0,2015-07-30 11:00:00,0.0,0.0,0.0,0.0,0.0
291.12793,0.0,0.0,0.0,0.0,2015-07-30 12:00:00,0.0,0.0,0.0,0.0,0.0
292.69385,0.0,0.0,0.0,0.0,2015-07-30 13:00:00,0.0,0.0,0.0,0.0,0.0
294.35034,0.0,0.0,0.0,0.0,2015-07-30 14:00:00,0.0,0.0,0.0,0.0,0.0
298.11426,0.0,0.0,0.0,0.0,2015-07-30 15:00:00,0.0,0.0,0.0,0.0,0.0
299.6577,0.0,0.0,0.0,0.0,2015-07-30 16:00:00,0.0,0.0,0.0,0.0,0.0
300.69995,0.0067320913,0.0067320913,0.0033782488,0.0,2015-07-30 17:00:00,0.0,0.0,0.0,0.0,0.0
301.18066,0.0100932345,0.0100932345,0.0,0.0,2015-07-30 18:00:00,0.0,0.0,0.0,0.0,0.0
301.45386,0.09904337,0.0,0.09904337,0.0,2015-07-30 19:00:00,0.0,0.0,0.0,0.0,0.0
301.65796,0.23652703,0.0,0.23652703,0.0,2015-07-30 20:00:00,0.0,0.0,0.0,0.0,0.0
301.79175,0.329706,0.0,0.329706,0.0,2015-07-30 21:00:00,0.0,0.0,0.0,0.0,0.0
301.16968,0.41065234,0.0,0.41065234,0.0,2015-07-30 22:00:00,0.0,0.0,0.0,0.0,0.0
301.03247,0.3616619,0.0015890491,0.3616619,0.0,2015-07-30 23:00:00,0.0,0.0,0.0,0.0,0.0
300.62793,0.26398933,0.0,0.26398933,0.0,2015-07-31 00:00:00,0.0,0.0,0.0,0.0,0.0
299.7832,0.124434054,0.0,0.124434054,0.0,2015-07-31 01:00:00,0.0,0.0,0.0,0.0,0.0
298.0813,0.08664584,0.0,0.08664584,0.0,2015-07-31 02:00:00,0.0,0.0,0.0,0.0,0.0
295.34253,0.03500198,0.0,0.03500198,0.0,2015-07-31 03:00:00,0.0,0.0,0.0,0.0,0.0
295.13696,0.022841651,0.0,0.022841651,0.0,2015-07-31 04:00:00,0.0,0.0,0.0,0.0,0.0
294.26025,0.02336726,0.0,0.02336726,0.0,2015-07-31 05:00:00,0.0,0.0,0.0,0.0,0.0
293.94946,0.043097746,0.0,0.043097746,0.0,2015-07-31 06:00:00,0.0,0.0,0.0,0.0,0.0
293.52686,0.012380727,0.0,0.012380727,0.0,2015-07-31 07:00:00,0.0,0.0,0.0,0.0,0.0
292.8999,0.0,0.0,0.0,0.0,2015-07-31 08:00:00,0.0,0.0,0.0,0.0,0.0
292.0371,0.0,0.0,0.0,0.0,2015-07-31 09:00:00,0.0,0.0,0.0,0.0,0.0
291.6223,0.0,0.0,0.0,0.0,2015-07-31 10:00:00,0.0,0.0,0.0,0.0,0.0
291.4453,0.0,0.0,0.0,0.0,2015-07-31 11:00:00,0.0,0.0,0.0,0.0,0.0
291.57935,0.0,0.0,0.0,0.0,2015-07-31 12:00:00,0.0,0.0,0.0,0.0,0.0
292.67432,0.0,0.0,0.0,0.0,2015-07-31 13:00:00,0.0,0.0,0.0,0.0,0.0
294.18433,0.0,0.0,0.0,0.0,2015-07-31 14:00:00,0.0,0.0,0.0,0.0,0.0
297.15967,0.0,0.0,0.0,0.0,2015-07-31 15:00:00,0.0,0.0,0.0,0.0,0.0
298.1167,0.0100932345,0.0100932345,0.0,0.0,2015-07-31 16:00:00,0.0,0.0,0.0,0.0,0.0
298.9463,0.065805316,0.065805316,0.0,0.0,2015-07-31 17:00:00,0.0,0.0,0.0,0.0,0.0
299.35596,0.04746653,0.0109926425,0.04483093,0.0,2015-07-31 18:00:00,0.0,0.0,0.0,0.0,0.0
299.7754,0.11524141,0.0,0.11524141,0.0,2015-07-31 19:00:00,0.0,0.0,0.0,0.0,0.0
300.31787,0.1861108,0.0,0.1861108,0.0,2015-07-31 20:00:00,0.0,0.0,0.0,0.0,0.0
300.6306,0.08017379,0.0,0.08017379,0.0,2015-07-31 21:00:00,0.0,0.0,0.0,0.0,0.0
300.5017,0.06911749,0.0,0.06911749,0.0,2015-07-31 22:00:00,0.0,0.0,0.0,0.0,0.0
300.17358,0.14222115,0.0,0.14222115,0.0,2015-07-31 23:00:00,0.0,0.0,0.0,0.0,0.0
299.5371,0.052197468,0.0,0.052197468,0.0,2015-08-01 00:00:00,0.0,0.0,0.0,0.0,0.0
298.5205,0.022309933,0.0,0.022309933,0.0,2015-08-01 01:00:00,0.0,0.0,0.0,0.0,0.0
296.8562,0.03394798,0.0,0.03394798,0.0,2015-08-01 02:00:00,0.0,0.0,0.0,0.0,0.0
294.0857,0.014189757,0.0,0.014189757,0.0,2015-08-01 03:00:00,0.0,0.0,0.0,0.0,0.0
293.57495,0.0067320913,0.0,0.0067320913,0.0,2015-08-01 04:00:00,0.0,0.0,0.0,0.0,0.0
292.98486,0.0,0.0,0.0,0.0,2015-08-01 05:00:00,0.0,0.0,0.0,0.0,0.0
292.1516,0.053436268,0.0,0.053436268,0.0,2015-08-01 06:00:00,0.0,0.0,0.0,0.0,0.0
292.22314,0.17631465,0.0,0.17631465,0.0,2015-08-01 07:00:00,0.0,0.0,0.0,0.0,0.0
291.38306,0.23961937,0.0,0.23961937,0.0,2015-08-01 08:00:00,0.0,0.0,0.0,0.0,0.0
290.3684,0.23133844,0.0,0.23133844,0.0,2015-08-01 09:00:00,0.0,0.0,0.0,0.0,0.0
290.74707,0.038878888,0.0,0.038878888,0.0,2015-08-01 10:00:00,0.0,0.0,0.0,0.0,0.0
290.73413,0.00053172023,0.0,0.00053172023,0.0,2015-08-01 11:00:00,0.0,0.0,0.0,0.0,0.0
291.1255,0.0,0.0,0.0,0.0,2015-08-01 12:00:00,0.0,0.0,0.0,0.0,0.0
292.54932,0.0,0.0,0.0,0.0,2015-08-01 13:00:00,0.0,0.0,0.0,0.0,0.0
294.2356,0.01083928,0.0,0.01083928,0.0,2015-08-01 14:00:00,0.0,0.0,0.0,0.0,0.0
297.62305,0.08468348,0.0,0.08468348,0.0,2015-08-01 15:00:00,0.0,0.0,0.0,0.0,0.0
298.8911,0.20913589,0.0,0.20913589,0.0,2015-08-01 16:00:00,0.0,0.0,0.0,0.0,0.0
299.88135,0.20167774,0.0,0.20167774,0.0,2015-08-01 17:00:00,0.0,0.0,0.0,0.0,0.0
300.3833,0.14809042,0.0,0.14809042,0.0,2015-08-01 18:00:00,0.0,0.0,0.0,0.0,0.0
300.89087,0.16464692,0.0,0.16464692,0.0,2015-08-01 19:00:00,0.0,4.0089235e-06,0.0,4.0089235e-06,0.0
301.46606,0.34692788,0.0,0.34692788,0.0,2015-08-01 20:00:00,0.0,0.0,0.0,0.0,0.0
301.95068,0.38930225,0.0,0.36441302,0.07792634,2015-08-01 21:00:00,0.0,0.0,0.0,0.0,0.0
301.4519,0.36416578,0.0,0.3281669,0.084486365,2015-08-01 22:00:00,0.0,0.0,0.0,0.0,0.0
301.62207,0.42282933,0.0,0.22611427,0.27037233,2015-08-01 23:00:00,0.0,0.0,0.0,0.0,0.0
301.31567,0.3588118,0.0,0.060755905,0.32025456,2015-08-02 00:00:00,0.0,0.0,0.0,0.0,0.0
300.63745,0.5318668,0.0,0.039977405,0.5185032,2015-08-02 01:00:00,0.0,0.0,0.0,0.0,0.0
299.5122,0.84883267,0.0,0.03567354,0.8459373,2015-08-02 02:00:00,0.0,0.0,0.0,0.0,0.0
298.261,0.98227257,0.0,0.019988392,0.98227257,2015-08-02 03:00:00,1.0,0.00025649485,0.0,0.00025630416,0.0
296.06128,0.7622624,0.014985189,0.07212597,0.75117654,2015-08-02 04:00:00,0.0,0.0019338687,0.0,0.001933821,0.0
294.90967,0.9068827,0.0066281483,0.03132593,0.9068827,2015-08-02 05:00:00,0.0,0.00084278034,0.0,0.0008429233,0.0
293.80225,0.77037364,0.024302572,0.06771761,0.7448631,2015-08-02 06:00:00,0.0,0.0,0.0,0.0,0.0
294.7273,0.1733861,0.0026356035,0.027313754,0.15179712,2015-08-02 07:00:00,0.0,0.0,0.0,0.0,0.0
295.4309,0.03949371,0.0,0.033212777,0.008384813,2015-08-02 08:00:00,0.0,0.0,0.0,0.0,0.0
295.84546,0.035930336,0.0,0.016045887,0.019877147,2015-08-02 09:00:00,0.0,0.0,0.0,0.0,0.0
294.87964,0.27654374,0.0,0.26269263,0.06772107,2015-08-02 10:00:00,0.0,0.0,0.0,0.0,0.0
294.76807,0.2940172,0.0,0.28066677,0.025085729,2015-08-02 11:00:00,0.0,0.0,0.0,0.0,0.0
294.57422,0.23185563,0.0,0.21687043,0.026599433,2015-08-02 12:00:00,0.0,0.0,0.0,0.0,0.0
295.50317,0.44064736,0.0,0.43228304,0.02129684,2015-08-02 13:00:00,0.0,0.0,0.0,0.0,0.0
296.65527,0.1784783,0.0,0.17358637,0.014873948,2015-08-02 14:00:00,0.0,0.0,0.0,0.0,0.0
299.39575,0.21670467,0.0,0.013393819,0.20333523,2015-08-02 15:00:00,0.0,0.0,0.0,0.0,0.0
300.1023,0.5275266,0.00053172023,0.0,0.527001,2015-08-02 16:00:00,0.0,0.0,0.0,0.0,0.0
300.7964,0.59513617,0.040293407,0.0,0.5699392,2015-08-02 17:00:00,0.0,0.0,0.0,0.0,0.0
301.03882,0.3044259,0.07235134,0.07384819,0.22860944,2015-08-02 18:00:00,1.0,5.2670275e-06,0.0,3.6830088e-06,1.717649e-06
300.86084,0.3005371,0.0587789,0.23103923,0.080468714,2015-08-02 19:00:00,1.0,8.846426e-06,0.0,9.1229795e-06,0.0
300.86035,0.14136195,0.063658535,0.13090098,0.0,2015-08-02 20:00:00,1.0,5.0708486e-06,0.0,5.0426515e-06,0.0
301.13428,0.26533043,0.13203663,0.23426586,0.0,2015-08-02 21:00:00,1.0,1.6394451e-06,0.0,1.4965226e-06,0.0
299.89355,0.20392835,0.037187755,0.1719994,0.0,2015-08-02 22:00:00,0.0,1.4862635e-06,0.0,1.6769336e-06,0.0
299.52905,0.073906004,0.073906004,0.004207764,0.0,2015-08-02 23:00:00,0.0,0.0,0.0,0.0,0.0
299.0681,0.00608078,0.00608078,0.0,0.0,2015-08-03 00:00:00,0.0,0.0,0.0,0.0,0.0
298.13086,0.0010573287,0.0010573287,0.0,0.0,2015-08-03 01:00:00,0.0,0.0,0.0,0.0,0.0
296.39868,0.0,0.0,0.0,0.0,2015-08-03 02:00:00,0.0,0.0,0.0,0.0,0.0
293.62744,0.0,0.0,0.0,0.0,2015-08-03 03:00:00,0.0,0.0,0.0,0.0,0.0
292.93652,0.015842445,0.015842445,0.0,0.0,2015-08-03 04:00:00,0.0,0.0,0.0,0.0,0.0
291.50537,0.017467394,0.017467394,0.0,0.0,2015-08-03 05:00:00,0.0,0.0,0.0,0.0,0.0
290.2688,0.0,0.0,0.0,0.0,2015-08-03 06:00:00,0.0,0.0,0.0,0.0,0.0
289.62866,0.0,0.0,0.0,0.0,2015-08-03 07:00:00,0.0,0.0,0.0,0.0,0.0
289.41187,0.00737416,0.0,0.00737416,0.0,2015-08-03 08:00:00,0.0,0.0,0.0,0.0,0.0
288.75635,0.005003199,0.0,0.005003199,0.0,2015-08-03 09:00:00,0.0,0.0,0.0,0.0,0.0
288.24023,0.0,0.0,0.0,0.0,2015-08-03 10:00:00,0.0,0.0,0.0,0.0,0.0
288.11816,0.0,0.0,0.0,0.0,2015-08-03 11:00:00,0.0,0.0,0.0,0.0,0.0
288.56543,0.0,0.0,0.0,0.0,2015-08-03 12:00:00,0.0,0.0,0.0,0.0,0.0
290.0984,0.0,0.0,0.0,0.0,2015-08-03 13:00:00,0.0,0.0,0.0,0.0,0.0
291.9563,0.0,0.0,0.0,0.0,2015-08-03 14:00:00,0.0,0.0,0.0,0.0,0.0
295.71997,0.0,0.0,0.0,0.0,2015-08-03 15:00:00,0.0,0.0,0.0,0.0,0.0
296.4934,0.0,0.0,0.0,0.0,2015-08-03 16:00:00,0.0,0.0,0.0,0.0,0.0
297.13013,0.010112811,0.010112811,0.0,0.0,2015-08-03 17:00:00,0.0,0.0,0.0,0.0,0.0
297.41943,0.106847346,0.08665359,0.0420296,0.0,2015-08-03 18:00:00,0.0,0.0,0.0,0.0,0.0
298.2539,0.36073434,0.030556455,0.355967,0.0,2015-08-03 19:00:00,0.0,0.0,0.0,0.0,0.0
298.4077,0.5921428,0.0,0.5921428,0.0,2015-08-03 20:00:00,0.0,0.0,0.0,0.0,0.0
298.69434,0.5493327,0.0,0.5493327,0.0,2015-08-03 21:00:00,0.0,0.0,0.0,0.0,0.0
298.70752,0.49219978,0.0,0.49219978,0.0,2015-08-03 22:00:00,0.0,0.0,0.0,0.0,0.0
298.51562,0.29369128,0.0,0.29369128,0.0,2015-08-03 23:00:00,0.0,0.0,0.0,0.0,0.0
297.6714,0.4311412,0.0,0.4311412,0.0,2015-08-04 00:00:00,0.0,0.0,0.0,0.0,0.0
296.78198,0.38278615,0.0010573287,0.38278615,0.0,2015-08-04 01:00:00,0.0,0.0,0.0,0.0,0.0
295.4917,0.2602918,0.0,0.2602918,0.0,2015-08-04 02:00:00,0.0,0.0,0.0,0.0,0.0
292.5647,0.13740116,0.021463308,0.13740116,0.0,2015-08-04 03:00:00,0.0,0.0,0.0,0.0,0.0
291.44702,0.15771651,0.09856576,0.13499314,0.0,2015-08-04 04:00:00,0.0,0.0,0.0,0.0,0.0
290.1892,0.25951862,0.14043021,0.22190315,0.0,2015-08-04 05:00:00,0.0,0.0,0.0,0.0,0.0
289.781,0.26787984,0.2267282,0.17391133,0.0,2015-08-04 06:00:00,0.0,0.0,0.0,0.0,0.0
289.79248,0.17721766,0.17721766,0.018654052,0.0,2015-08-04 07:00:00,0.0,0.0,0.0,0.0,0.0
288.5581,0.050853286,0.050853286,0.0,0.0,2015-08-04 08:00:00,0.0,0.0,0.0,0.0,0.0
288.802,0.0,0.0,0.0,0.0,2015-08-04 09:00:00,0.0,0.0,0.0,0.0,0.0
287.52368,0.0,0.0,0.0,0.0,2015-08-04 10:00:00,0.0,0.0,0.0,0.0,0.0
286.58765,0.0,0.0,0.0,0.0,2015-08-04 11:00:00,0.0,0.0,0.0,0.0,0.0
287.44043,0.0,0.0,0.0,0.0,2015-08-04 12:00:00,0.0,0.0,0.0,0.0,0.0
289.56567,0.0,0.0,0.0,0.0,2015-08-04 13:00:00,0.0,0.0,0.0,0.0,0.0
291.9536,0.015801396,0.0,0.0,0.015801396,2015-08-04 14:00:00,0.0,0.0,0.0,0.0,0.0
295.95947,0.3199501,0.0,0.0,0.3199501,2015-08-04 15:00:00,0.0,0.0,0.0,0.0,0.0
296.85547,0.5587564,0.0,0.0,0.5587564,2015-08-04 16:00:00,0.0,0.0,0.0,0.0,0.0
297.89893,0.70117843,0.002103883,0.037043504,0.6856202,2015-08-04 17:00:00,0.0,0.0,0.0,0.0,0.0
298.62915,0.76402545,0.11131722,0.38513857,0.5447465,2015-08-04 18:00:00,0.0,0.0,0.0,0.0,0.0
299.26685,0.52715296,0.027411915,0.3480975,0.22725785,2015-08-04 19:00:00,0.0,0.0,0.0,0.0,0.0
299.60913,0.598134,0.0,0.57218826,0.03758391,2015-08-04 20:00:00,0.0,0.0,0.0,0.0,0.0
300.0337,0.7618689,0.0,0.7613372,0.00053172023,2015-08-04 21:00:00,0.0,0.0,0.0,0.0,0.0
299.58862,0.5538895,0.0,0.48413706,0.14605159,2015-08-04 22:00:00,0.0,0.0,0.0,0.0,0.0
299.4944,0.34162903,0.0,0.29352897,0.05285053,2015-08-04 23:00:00,0.0,0.0,0.0,0.0,0.0
298.63525,0.0921396,0.0,0.013471484,0.07866812,2015-08-05 00:00:00,0.0,0.0,0.0,0.0,0.0
297.33936,0.04095552,0.009099722,0.024817154,0.010288548,2015-08-05 01:00:00,0.0,0.0,0.0,0.0,0.0
295.51587,0.067744136,0.05186568,0.06143252,0.0,2015-08-05 02:00:00,0.0,0.0,0.0,0.0,0.0
293.10767,0.12521178,0.09896451,0.09964532,0.014727183,2015-08-05 03:00:00,0.0,0.0,0.0,0.0,0.0
292.19653,0.38003045,0.06592411,0.07175344,0.3202117,2015-08-05 04:00:00,0.0,0.0,0.0,0.0,0.0
291.2251,0.4092527,0.004741922,0.0,0.4092527,2015-08-05 05:00:00,0.0,0.0,0.0,0.0,0.0
290.66235,0.40483242,0.0,0.0,0.40483242,2015-08-05 06:00:00,0.0,0.0,0.0,0.0,0.0
290.29395,0.09289205,0.00053172023,0.0,0.09289205,2015-08-05 07:00:00,0.0,0.0,0.0,0.0,0.0
289.42847,0.123328924,0.0033782488,0.0,0.11995065,2015-08-05 08:00:00,0.0,0.0,0.0,0.0,0.0
288.60547,0.14678675,0.0,0.0,0.14678675,2015-08-05 09:00:00,0.0,0.0,0.0,0.0,0.0
287.6819,0.23788518,0.048546508,0.0,0.19269979,2015-08-05 10:00:00,0.0,0.0,0.0,0.0,0.0
287.2461,0.22216278,0.0100932345,0.0,0.2154234,2015-08-05 11:00:00,0.0,0.0,0.0,0.0,0.0
287.9148,0.0,0.0,0.0,0.0,2015-08-05 12:00:00,0.0,0.0,0.0,0.0,0.0
289.61792,0.22691762,0.0,0.0,0.22691762,2015-08-05 13:00:00,0.0,0.0,0.0,0.0,0.0
291.55835,0.5701883,0.0,0.0,0.5701883,2015-08-05 14:00:00,0.0,0.0,0.0,0.0,0.0
295.39404,0.8493369,0.0,0.0,0.8493369,2015-08-05 15:00:00,0.0,0.0,0.0,0.0,0.0
296.5747,0.85281223,0.0,0.0,0.85281223,2015-08-05 16:00:00,0.0,0.0,0.0,0.0,0.0
297.94385,0.92574316,0.0,0.0,0.92574316,2015-08-05 17:00:00,0.0,0.0,0.0,0.0,0.0
298.60425,0.9346904,0.16129678,0.012153011,0.92336875,2015-08-05 18:00:00,0.0,0.0,0.0,0.0,0.0
299.03687,0.9131676,0.4005195,0.25473344,0.83257097,2015-08-05 19:00:00,0.0,0.0,0.0,0.0,0.0
299.33936,0.900169,0.022109158,0.5847624,0.7207025,2015-08-05 20:00:00,0.0,0.0,0.0,0.0,0.0
299.88452,0.7940364,0.0033782488,0.6579083,0.45311254,2015-08-05 21:00:00,0.0,0.0,0.0,0.0,0.0
299.28223,0.6513399,0.0033782488,0.1728338,0.581009,2015-08-05 22:00:00,0.0,0.0,0.0,0.0,0.0
298.96802,0.73752075,0.0,0.0,0.73752075,2015-08-05 23:00:00,0.0,0.0,0.0,0.0,0.0
298.385,0.8006148,0.0065169036,0.0,0.79898983,2015-08-06 00:00:00,0.0,0.0,0.0,0.0,0.0
297.35767,0.8452625,0.0048919544,0.0,0.8452625,2015-08-06 01:00:00,0.0,0.0,0.0,0.0,0.0
295.9458,0.64516306,0.016498897,0.0,0.6385349,2015-08-06 02:00:00,0.0,0.0,0.0,0.0,0.0
293.65186,0.76431835,0.0,0.0,0.76431835,2015-08-06 03:00:00,0.0,0.0,0.0,0.0,0.0
293.23022,0.8555909,0.0,0.0,0.8555909,2015-08-06 04:00:00,0.0,0.0,0.0,0.0,0.0
292.4673,0.31858402,0.0,0.0,0.31858402,2015-08-06 05:00:00,0.0,0.0,0.0,0.0,0.0
291.86353,0.04927199,0.0,0.0,0.04927199,2015-08-06 06:00:00,0.0,0.0,0.0,0.0,0.0
291.33398,0.42064875,0.0,0.0,0.42064875,2015-08-06 07:00:00,0.0,0.0,0.0,0.0,0.0
290.74634,0.98279387,0.0,0.0,0.98279387,2015-08-06 08:00:00,0.0,0.0,0.0,0.0,0.0
290.24536,0.9583641,0.0,0.0016249504,0.9583641,2015-08-06 09:00:00,0.0,0.0,0.0,0.0,0.0
290.53955,1.0,0.025983576,0.012085874,1.0,2015-08-06 10:00:00,0.0,0.0,0.0,0.0,0.0
290.51025,1.0,0.042009246,0.02286904,1.0,2015-08-06 11:00:00,0.0,0.0,0.0,0.0,0.0
290.74634,1.0,0.10688138,0.15590626,1.0,2015-08-06 12:00:00,0.0,0.0,0.0,0.0,0.0
291.50195,0.9970973,0.24531949,0.33498877,0.9970973,2015-08-06 13:00:00,0.0,0.0,0.0,0.0,0.0
292.48975,1.0,0.14196432,0.6241241,1.0,2015-08-06 14:00:00,1.0,2.9131508e-05,0.0,2.8997878e-05,0.0
294.22217,1.0,0.44918615,0.8526732,1.0,2015-08-06 15:00:00,1.0,0.00027565425,0.0,0.00021198903,6.3608255e-05
294.27637,1.0,0.53678983,0.7902117,1.0,2015-08-06 16:00:00,1.0,0.00079571526,0.0,0.00064596673,0.00014996731
294.1941,0.977105,0.44437695,0.93311197,0.73682255,2015-08-06 17:00:00,1.0,0.0007229252,0.0,0.0004239143,0.00029905862
295.13208,0.9698622,0.093209326,0.9582741,0.28943163,2015-08-06 18:00:00,1.0,0.00057334965,0.0,0.00034442358,0.00022908836
295.36304,0.88045305,0.03592753,0.8607116,0.2819441,2015-08-06 19:00:00,1.0,0.00034737354,0.0,0.00025389553,9.32198e-05
295.77002,0.9057032,0.13511401,0.8565398,0.5784975,2015-08-06 20:00:00,1.0,0.00030146516,0.0,6.4540916e-05,0.00023679993
295.87598,0.9787559,0.15015179,0.9222388,0.9619079,2015-08-06 21:00:00,1.0,0.00046249432,0.0,0.00011119498,0.00035148067
295.51245,0.96270484,0.07309979,0.8432999,0.69555825,2015-08-06 22:00:00,1.0,0.000205061,0.0,4.0665574e-05,0.00016439543
296.03662,0.9728953,0.5064083,0.6581892,0.8429906,2015-08-06 23:00:00,0.0,7.5306634e-06,0.0,0.0,7.740238e-06
296.17114,0.99262583,0.5714249,0.45341504,0.9011793,2015-08-07 00:00:00,0.0,4.1966796e-06,0.0,0.0,4.6735167e-06
295.87207,0.9705456,0.34092337,0.6355307,0.9210476,2015-08-07 01:00:00,1.0,2.9917528e-06,0.0,0.0,2.877673e-06
295.3806,0.9025702,0.2615599,0.5192191,0.7707825,2015-08-07 02:00:00,1.0,1.8528139e-05,0.0,8.953263e-06,9.441256e-06
294.59033,0.95413464,0.5944815,0.5123825,0.7645726,2015-08-07 03:00:00,1.0,0.00037519098,0.0,0.00034665386,2.871854e-05
294.5122,1.0,0.56152767,0.35765427,0.9899067,2015-08-07 04:00:00,1.0,0.00030260556,0.0,0.00028343778,1.8814637e-05
294.20337,1.0,0.9094613,0.6070819,1.0,2015-08-07 05:00:00,1.0,0.0020992295,0.0,0.002075948,2.3090819e-05
293.64966,0.99946827,0.7188334,0.2124539,0.9899067,2015-08-07 06:00:00,1.0,0.0053669885,0.0,0.005310826,5.6210483e-05
293.56738,1.0,0.94816995,0.094094455,0.9781195,2015-08-07 07:00:00,1.0,0.007860031,0.0,0.007774487,8.511399e-05
293.06006,1.0,1.0,0.24127537,0.9295229,2015-08-07 08:00:00,1.0,0.0031109594,0.0,0.0028749069,0.0002362339
292.6338,1.0,1.0,0.35642266,0.7474757,2015-08-07 09:00:00,1.0,0.00046166545,0.0,0.00017739597,0.00028408808
292.92236,0.9707807,0.86670864,0.38403803,0.6326104,2015-08-07 10:00:00,1.0,2.3814879e-05,0.0,0.0,2.3814879e-05
293.18066,0.9365547,0.87073505,0.20323825,0.37955254,2015-08-07 11:00:00,1.0,9.908417e-07,0.0,0.0,9.908417e-07
293.4038,0.82644105,0.80083936,0.10027647,0.103898704,2015-08-07 12:00:00,1.0,9.549569e-08,0.0,0.0,9.549569e-08
293.78125,0.85781914,0.85781914,0.0185811,0.008701935,2015-08-07 13:00:00,1.0,7.36232e-05,0.0,6.619893e-05,7.45311e-06
294.46436,0.37423813,0.37423813,0.0,0.0,2015-08-07 14:00:00,1.0,0.00016630699,0.0,0.00013189824,3.4485347e-05
296.01123,0.97366756,0.97366756,0.0,0.0,2015-08-07 15:00:00,1.0,0.00011883254,0.0,0.00010282711,1.617719e-05
296.86084,0.9769257,0.9769257,0.0,0.0,2015-08-07 16:00:00,1.0,0.0001705416,0.0,0.00015700783,1.3695595e-05
297.8318,0.98316735,0.98316735,0.0,0.0,2015-08-07 17:00:00,1.0,0.00017849886,0.0,0.00014492302,3.3394448e-05
298.30908,0.99164295,0.99164295,0.0,0.0,2015-08-07 18:00:00,1.0,6.670643e-05,0.0,6.5772634e-05,8.767626e-07
298.4558,1.0,1.0,0.0,0.002103883,2015-08-07 19:00:00,1.0,3.900951e-05,0.0,3.864708e-05,0.0
299.0652,0.96741545,0.96741545,0.0,0.0,2015-08-07 20:00:00,0.0,1.6012433e-05,0.0,1.671807e-05,0.0
299.9331,0.87646997,0.87646997,0.0,0.0,2015-08-07 21:00:00,0.0,5.948904e-06,0.0,6.0629836e-06,0.0
299.69946,0.554665,0.554665,0.0,0.0,2015-08-07 22:00:00,0.0,0.0,0.0,0.0,0.0
299.63965,0.24393326,0.23089945,0.0,0.01465876,2015-08-07 23:00:00,0.0,0.0,0.0,0.0,0.0
299.05518,0.6443078,0.046327207,0.0,0.6245652,2015-08-08 00:00:00,0.0,0.0,0.0,0.0,0.0
297.79004,0.8560315,0.0067320913,0.0,0.8560315,2015-08-08 01:00:00,0.0,0.0,0.0,0.0,0.0
296.5442,0.17763585,0.0054821298,0.0,0.17217082,2015-08-08 02:00:00,0.0,0.0,0.0,0.0,0.0
294.39038,0.927774,0.0054821298,0.0,0.927774,2015-08-08 03:00:00,0.0,0.0,0.0,0.0,0.0
294.03784,0.9717626,0.0,0.0,0.9717626,2015-08-08 04:00:00,0.0,0.0,0.0,0.0,0.0
293.8745,0.89012194,0.0,0.0,0.89012194,2015-08-08 05:00:00,0.0,0.0,0.0,0.0,0.0
293.1797,0.96314126,0.0,0.011051133,0.96314126,2015-08-08 06:00:00,0.0,0.0,0.0,0.0,0.0
292.62646,0.9837398,0.0,0.055625692,0.9837398,2015-08-08 07:00:00,0.0,0.0,0.0,0.0,0.0
292.34326,0.5782095,0.0,0.16861755,0.492292,2015-08-08 08:00:00,0.0,0.0,0.0,0.0,0.0
292.2998,0.68451715,0.0,0.059087373,0.6578787,2015-08-08 09:00:00,0.0,0.0,0.0,0.0,0.0
292.19995,0.99371904,0.0,0.23270226,0.99371904,2015-08-08 10:00:00,0.0,0.0,0.0,0.0,0.0
292.1548,1.0,0.0,0.691432,1.0,2015-08-08 11:00:00,0.0,0.0,0.0,0.0,0.0
292.18408,0.92472875,0.0,0.4426955,0.8601184,2015-08-08 12:00:00,0.0,0.0,0.0,0.0,0.0
292.3457,0.8434973,0.0,0.1844607,0.79332554,2015-08-08 13:00:00,0.0,0.0,0.0,0.0,0.0
292.71753,0.945068,0.00053172023,0.5518654,0.91454893,2015-08-08 14:00:00,0.0,0.0,0.0,0.0,0.0
294.69092,0.98363674,0.0,0.8370895,0.97571063,2015-08-08 15:00:00,0.0,0.0,0.0,0.0,0.0
295.80884,0.9936079,0.0,0.71970946,0.9920188,2015-08-08 16:00:00,0.0,0.0,0.0,0.0,0.0
296.83984,0.9622142,0.0037288337,0.789413,0.95569724,2015-08-08 17:00:00,0.0,0.0,0.0,0.0,0.0
297.5913,0.7938353,0.06373227,0.6876789,0.70177525,2015-08-08 18:00:00,1.0,0.0,0.0,0.0,0.0
298.88257,0.51890963,0.19219118,0.288764,0.36109328,2015-08-08 19:00:00,1.0,2.4429028e-05,0.0,1.2160402e-05,1.2402265e-05
299.72095,0.5589418,0.48356378,0.1938858,0.16109473,2015-08-08 20:00:00,1.0,5.913427e-05,0.0,4.452061e-05,1.4814592e-05
300.60352,0.9644549,0.7035496,0.1472531,0.8364896,2015-08-08 21:00:00,1.0,5.9793238e-05,0.0,5.6038814e-05,3.964653e-06
299.4065,0.98893285,0.48299617,0.14578307,0.9771083,2015-08-08 22:00:00,1.0,7.829633e-05,0.0,7.203524e-05,5.879755e-06
299.2141,0.77959985,0.24061346,0.10698098,0.7099887,2015-08-08 23:00:00,1.0,0.00027945475,0.0,0.00027960748,2.6726156e-07
298.62915,0.9912679,0.2651642,0.15351284,0.9812859,2015-08-09 00:00:00,1.0,0.0005467769,0.0,0.00054385676,2.6726157e-06
298.0901,0.9910503,0.14436108,0.24139869,0.98104054,2015-08-09 01:00:00,1.0,0.0007070014,0.0,0.00067825173,2.8921655e-05
297.2561,0.9978961,0.4471032,0.11720735,0.98626137,2015-08-09 02:00:00,1.0,0.00057437527,0.0,0.00052350014,5.0951552e-05
295.88843,0.9064913,0.13476092,0.21830326,0.88904434,2015-08-09 03:00:00,0.0,3.84929e-06,0.0,2.477106e-07,3.4679479e-06
295.812,0.60079956,0.046769172,0.395181,0.38351917,2015-08-09 04:00:00,0.0,0.0,0.0,0.0,0.0
295.19556,0.40336996,0.055605236,0.35428846,0.06854153,2015-08-09 05:00:00,1.0,0.0,0.0,0.0,0.0
294.39404,0.4678378,0.040065847,0.41578627,0.09324974,2015-08-09 06:00:00,1.0,0.0,0.0,0.0,0.0
294.07666,0.45047688,0.034802847,0.39051205,0.15819323,2015-08-09 07:00:00,0.0,0.0,0.0,0.0,0.0
293.56543,0.14840269,0.005003199,0.09003121,0.070521116,2015-08-09 08:00:00,0.0,0.0,0.0,0.0,0.0
293.45728,0.08657187,0.023349535,0.018346336,0.05995537,2015-08-09 09:00:00,0.0,0.0,0.0,0.0,0.0
293.66553,0.28897995,0.05244522,0.102632344,0.21285301,2015-08-09 10:00:00,0.0,0.0,0.0,0.0,0.0
293.4353,0.48736817,0.25558454,0.2557187,0.21211433,2015-08-09 11:00:00,0.0,0.0,0.0,0.0,0.0
293.6477,0.6275472,0.05535615,0.29477888,0.48347157,2015-08-09 12:00:00,0.0,0.0,0.0,0.0,0.0
294.04346,0.59316635,0.0,0.2517751,0.5215613,2015-08-09 13:00:00,1.0,0.0,0.0,0.0,0.0
295.083,0.45961064,0.008357041,0.13944626,0.37348765,2015-08-09 14:00:00,1.0,0.0,0.0,0.0,0.0
297.5952,0.75682014,0.49897766,0.498847,0.31085235,2015-08-09 15:00:00,1.0,5.527837e-06,0.0,5.280126e-06,0.0
298.35742,0.8777511,0.48683047,0.7441244,0.43082005,2015-08-09 16:00:00,1.0,3.3522156e-05,0.0,1.9658633e-05,1.3920574e-05
299.32324,0.9646734,0.43215013,0.9153876,0.4666704,2015-08-09 17:00:00,1.0,6.820055e-05,0.0,5.6967634e-05,1.115633e-05
299.50244,0.9888494,0.37902063,0.98493946,0.14572155,2015-08-09 18:00:00,1.0,5.512139e-05,0.0,4.8147296e-05,7.078871e-06
298.90698,0.9670305,0.33258772,0.9486429,0.22366017,2015-08-09 19:00:00,1.0,0.0010363497,0.0,0.0009066325,0.00012961245
298.73584,0.7366308,0.15280002,0.442733,0.34897268,2015-08-09 20:00:00,1.0,0.0014452664,0.0,0.001383015,6.2174775e-05
298.57544,0.73134613,0.418814,0.4363951,0.34047896,2015-08-09 21:00:00,1.0,0.0010846963,0.0,0.0010036253,8.06895e-05
296.1858,0.8065909,0.37666965,0.4469552,0.46209055,2015-08-09 22:00:00,1.0,0.00038702367,0.0,0.0003267976,6.04167e-05
296.54126,0.69766426,0.22455317,0.43679684,0.4169491,2015-08-09 23:00:00,0.0,5.703452e-06,0.0,0.0,5.4547745e-06
296.17627,0.54233074,0.27352303,0.26201934,0.28544194,2015-08-10 00:00:00,0.0,0.0,0.0,0.0,0.0
296.05273,0.6063395,0.06587809,0.06641382,0.5660896,2015-08-10 01:00:00,0.0,0.0,0.0,0.0,0.0
295.302,0.98924416,0.060170658,0.08626413,0.98924416,2015-08-10 02:00:00,0.0,0.0,0.0,0.0,0.0
293.72583,0.914088,0.0060638934,0.08349228,0.9044099,2015-08-10 03:00:00,0.0,0.0,0.0,0.0,0.0
293.31226,0.53273076,0.0029026829,0.10318059,0.47353017,2015-08-10 04:00:00,0.0,0.0,0.0,0.0,0.0
292.41016,0.43437892,0.0010573287,0.114551485,0.3600405,2015-08-10 05:00:00,0.0,0.0,0.0,0.0,0.0
292.24316,0.40733683,0.00053172023,0.1302793,0.35619098,2015-08-10 06:00:00,0.0,0.0,0.0,0.0,0.0
291.5205,0.5747555,0.0,0.33971953,0.39939582,2015-08-10 07:00:00,0.0,0.0,0.0,0.0,0.0
291.5996,0.6317804,0.0,0.39590186,0.3928305,2015-08-10 08:00:00,0.0,0.0,0.0,0.0,0.0
291.00342,0.609303,0.0,0.439521,0.27450424,2015-08-10 09:00:00,0.0,0.0,0.0,0.0,0.0
291.79443,0.7759492,0.0,0.7093551,0.13489443,2015-08-10 10:00:00,0.0,0.0,0.0,0.0,0.0
291.7837,0.45447606,0.0,0.44497406,0.015572965,2015-08-10 11:00:00,0.0,0.0,0.0,0.0,0.0
291.76978,0.261791,0.015731238,0.261791,0.0,2015-08-10 12:00:00,0.0,0.0,0.0,0.0,0.0
292.7749,0.024802946,0.0,0.024802946,0.0,2015-08-10 13:00:00,0.0,0.0,0.0,0.0,0.0
294.18213,0.014957212,0.0,0.014957212,0.0,2015-08-10 14:00:00,0.0,0.0,0.0,0.0,0.0
297.13184,0.09228283,0.0,0.09228283,0.0,2015-08-10 15:00:00,1.0,3.9108403e-05,0.0,3.828772e-05,5.3452317e-07
297.80908,0.30085158,0.03379232,0.28346765,0.0,2015-08-10 16:00:00,1.0,1.2892527e-05,0.0,1.0680437e-05,2.1931846e-06
298.54663,0.35509747,0.20541638,0.30996907,0.0,2015-08-10 17:00:00,1.0,2.440579e-06,0.0,2.6415091e-06,0.0
299.1577,0.36266696,0.21187013,0.33131045,0.0,2015-08-10 18:00:00,0.0,1.5067808e-06,0.0,1.3254021e-06,0.0
299.17847,0.38925016,0.23197353,0.36650562,0.0,2015-08-10 19:00:00,0.0,0.0,0.0,0.0,0.0
299.67822,0.45664197,0.25805086,0.43327475,0.0,2015-08-10 20:00:00,0.0,0.0,0.0,0.0,0.0
300.1582,0.5121732,0.08688223,0.5100165,0.0,2015-08-10 21:00:00,0.0,0.0,0.0,0.0,0.0
299.5835,0.33085907,0.12353349,0.28372234,0.0,2015-08-10 22:00:00,0.0,0.0,0.0,0.0,0.0
299.33838,0.1503107,0.0067320913,0.1503107,0.0,2015-08-10 23:00:00,0.0,0.0,0.0,0.0,0.0
298.79712,0.0136999525,0.0,0.0136999525,0.0,2015-08-11 00:00:00,0.0,0.0,0.0,0.0,0.0
297.61963,0.0,0.0,0.0,0.0,2015-08-11 01:00:00,0.0,0.0,0.0,0.0,0.0
295.99097,0.012085874,0.0,0.012085874,0.0,2015-08-11 02:00:00,0.0,0.0,0.0,0.0,0.0
293.46313,0.02398767,0.0,0.02398767,0.0,2015-08-11 03:00:00,0.0,0.0,0.0,0.0,0.0
292.67163,0.010009766,0.0,0.010009766,0.0,2015-08-11 04:00:00,0.0,0.0,0.0,0.0,0.0
292.23608,0.010009766,0.0,0.010009766,0.0,2015-08-11 05:00:00,0.0,0.0,0.0,0.0,0.0
290.8208,0.0,0.0,0.0,0.0,2015-08-11 06:00:00,0.0,0.0,0.0,0.0,0.0
290.7173,0.024410482,0.014932439,0.009478044,0.0,2015-08-11 07:00:00,0.0,0.0,0.0,0.0,0.0
290.51782,0.034450967,0.034450967,0.02068165,0.0,2015-08-11 08:00:00,0.0,0.0,0.0,0.0,0.0
289.78394,0.0753513,0.0753513,0.0037288337,0.0,2015-08-11 09:00:00,0.0,0.0,0.0,0.0,0.0
289.49243,0.11535293,0.113249004,0.002103883,0.0,2015-08-11 10:00:00,0.0,0.0,0.0,0.0,0.0
289.42065,0.03595713,0.03595713,0.0,0.0,2015-08-11 11:00:00,0.0,0.0,0.0,0.0,0.0
289.77368,0.0155428685,0.0155428685,0.0,0.0,2015-08-11 12:00:00,0.0,0.0,0.0,0.0,0.0
290.86084,0.002103883,0.002103883,0.0,0.0,2015-08-11 13:00:00,0.0,0.0,0.0,0.0,0.0
292.68262,0.0,0.0,0.0,0.0,2015-08-11 14:00:00,0.0,0.0,0.0,0.0,0.0
296.5105,0.0,0.0,0.0,0.0,2015-08-11 15:00:00,0.0,0.0,0.0,0.0,0.0
297.47363,0.0,0.0,0.0,0.0,2015-08-11 16:00:00,0.0,0.0,0.0,0.0,0.0
298.34912,0.11653334,0.11653334,0.0,0.0,2015-08-11 17:00:00,0.0,0.0,0.0,0.0,0.0
299.19946,0.22958642,0.21371323,0.09513199,0.0,2015-08-11 18:00:00,0.0,0.0,0.0,0.0,0.0
299.54175,0.38856143,0.1721968,0.36224335,0.0,2015-08-11 19:00:00,0.0,0.0,0.0,0.0,0.0
300.05737,0.6299407,0.097530425,0.62366587,0.0,2015-08-11 20:00:00,0.0,0.0,0.0,0.0,0.0
300.0769,0.5136807,0.013137512,0.5136807,0.0,2015-08-11 21:00:00,0.0,0.0,0.0,0.0,0.0
299.43823,0.3790912,0.05905241,0.3790912,0.0,2015-08-11 22:00:00,0.0,0.0,0.0,0.0,0.0
299.32202,0.0021207693,0.0,0.0021207693,0.0,2015-08-11 23:00:00,0.0,0.0,0.0,0.0,0.0
298.6902,0.00053172023,0.0,0.00053172023,0.0,2015-08-12 00:00:00,0.0,0.0,0.0,0.0,0.0
297.62427,0.0,0.0,0.0,0.0,2015-08-12 01:00:00,0.0,0.0,0.0,0.0,0.0
295.79614,0.0,0.0,0.0,0.0,2015-08-12 02:00:00,0.0,0.0,0.0,0.0,0.0
293.43555,0.0,0.0,0.0,0.0,2015-08-12 03:00:00,0.0,0.0,0.0,0.0,0.0
294.11646,0.0,0.0,0.0,0.0,2015-08-12 04:00:00,0.0,0.0,0.0,0.0,0.0
293.69922,0.0,0.0,0.0,0.0,2015-08-12 05:00:00,0.0,0.0,0.0,0.0,0.0
292.43164,0.0,0.0,0.0,0.0,2015-08-12 06:00:00,0.0,0.0,0.0,0.0,0.0
291.62695,0.0,0.0,0.0,0.0,2015-08-12 07:00:00,0.0,0.0,0.0,0.0,0.0
291.0869,0.0,0.0,0.0,0.0,2015-08-12 08:00:00,0.0,0.0,0.0,0.0,0.0
290.7041,0.0,0.0,0.0,0.0,2015-08-12 09:00:00,0.0,0.0,0.0,0.0,0.0
288.8838,0.0,0.0,0.0,0.0,2015-08-12 10:00:00,0.0,0.0,0.0,0.0,0.0
288.69165,0.0033782488,0.0,0.0033782488,0.0,2015-08-12 11:00:00,0.0,0.0,0.0,0.0,0.0
289.38623,0.039195042,0.0,0.039195042,0.0,2015-08-12 12:00:00,0.0,0.0,0.0,0.0,0.0
291.1228,0.07777655,0.0,0.07777655,0.0,2015-08-12 13:00:00,0.0,0.0,0.0,0.0,0.0
293.65063,0.0,0.0,0.0,0.0,2015-08-12 14:00:00,0.0,0.0,0.0,0.0,0.0
298.0835,0.0,0.0,0.0,0.0,2015-08-12 15:00:00,0.0,0.0,0.0,0.0,0.0
299.31543,0.006280929,0.0,0.0,0.006280929,2015-08-12 16:00:00,0.0,0.0,0.0,0.0,0.0
300.0669,0.0,0.0,0.0,0.0,2015-08-12 17:00:00,0.0,0.0,0.0,0.0,0.0
300.80908,0.028463978,0.0,0.0,0.028463978,2015-08-12 18:00:00,0.0,0.0,0.0,0.0,0.0
301.13916,0.0067320913,0.0,0.0,0.0067320913,2015-08-12 19:00:00,0.0,0.0,0.0,0.0,0.0
301.45605,0.015842445,0.0,0.0,0.015842445,2015-08-12 20:00:00,0.0,0.0,0.0,0.0,0.0
302.03955,0.022520639,0.0,0.0,0.022520639,2015-08-12 21:00:00,0.0,0.0,0.0,0.0,0.0
301.49243,0.11268109,0.0,0.0,0.11268109,2015-08-12 22:00:00,0.0,0.0,0.0,0.0,0.0
301.13086,0.26976824,0.0,0.0,0.26976824,2015-08-12 23:00:00,0.0,0.0,0.0,0.0,0.0
300.3811,0.56809425,0.0,0.0,0.56809425,2015-08-13 00:00:00,0.0,0.0,0.0,0.0,0.0
299.50366,0.6661436,0.0,0.0,0.6661436,2015-08-13 01:00:00,0.0,0.0,0.0,0.0,0.0
298.39014,0.834639,0.0,0.00998199,0.83127785,2015-08-13 02:00:00,0.0,0.0,0.0,0.0,0.0
296.6328,0.735392,0.0,0.0,0.735392,2015-08-13 03:00:00,0.0,0.0,0.0,0.0,0.0
296.25684,0.040913723,0.0,0.0,0.040913723,2015-08-13 04:00:00,0.0,0.0,0.0,0.0,0.0
295.64136,0.0,0.0,0.0,0.0,2015-08-13 05:00:00,0.0,0.0,0.0,0.0,0.0
295.25415,0.0066281483,0.0,0.0066281483,0.0,2015-08-13 06:00:00,0.0,0.0,0.0,0.0,0.0
295.5791,0.049070034,0.0,0.03919198,0.014873948,2015-08-13 07:00:00,0.0,0.0,0.0,0.0,0.0
295.50537,0.14253026,0.0,0.010009766,0.1325205,2015-08-13 08:00:00,0.0,1.14079796e-07,0.0,1.14079796e-07,0.0
294.8579,0.806435,0.0,0.029998776,0.8014345,2015-08-13 09:00:00,0.0,0.0,0.0,0.0,0.0
294.93506,0.81229126,0.0,0.32601678,0.7609537,2015-08-13 10:00:00,0.0,0.0,0.0,0.0,0.0
294.76367,0.7760581,0.0,0.2158457,0.72801363,2015-08-13 11:00:00,0.0,0.0,0.0,0.0,0.0
294.70972,0.97914016,0.0,0.049222533,0.97914016,2015-08-13 12:00:00,1.0,0.0,0.0,0.0,0.0
295.09424,0.98948056,0.0,0.027363174,0.98948056,2015-08-13 13:00:00,1.0,0.0013020928,0.0,0.0013020451,0.0
295.7522,0.846435,0.0,0.0,0.846435,2015-08-13 14:00:00,0.0,0.0005195176,0.0,0.0005196417,0.0
298.36548,0.91164297,0.0,0.002103883,0.91164297,2015-08-13 15:00:00,0.0,0.0,0.0,0.0,0.0
299.52808,0.9970973,0.0,0.012144364,0.9970973,2015-08-13 16:00:00,0.0,0.0,0.0,0.0,0.0
300.52563,1.0,0.0,0.0,1.0,2015-08-13 17:00:00,0.0,0.0,0.0,0.0,0.0
300.9624,1.0,0.0,0.0,1.0,2015-08-13 18:00:00,0.0,0.0,0.0,0.0,0.0
301.06665,1.0,0.0,0.018934947,1.0,2015-08-13 19:00:00,0.0,0.0,0.0,0.0,0.0
300.7378,1.0,0.0,0.052393295,1.0,2015-08-13 20:00:00,0.0,0.0,0.0,0.0,0.0
300.44165,1.0,0.0,0.20228195,1.0,2015-08-13 21:00:00,0.0,0.0,0.0,0.0,0.0
300.32275,1.0,0.0,0.16141158,1.0,2015-08-13 22:00:00,0.0,0.0,0.0,0.0,0.0
300.20996,0.99736434,0.0,0.39966857,0.99736434,2015-08-13 23:00:00,0.0,0.0,0.0,0.0,0.0
299.82617,0.9925423,0.0,0.51802456,0.98963964,2015-08-14 00:00:00,0.0,0.0,0.0,0.0,0.0
299.31738,0.87486166,0.0,0.1084798,0.86950785,2015-08-14 01:00:00,0.0,0.0,0.0,0.0,0.0
298.66113,0.75047046,0.0,0.29433048,0.65287215,2015-08-14 02:00:00,0.0,6.1470164e-06,0.0,5.879755e-06,0.0
297.65918,0.61749685,0.0,0.40948492,0.38826555,2015-08-14 03:00:00,0.0,4.004364e-05,0.0,3.9995895e-05,0.0
297.3506,0.74514925,0.0,0.44340575,0.5465528,2015-08-14 04:00:00,1.0,8.285334e-05,0.0,8.298697e-05,0.0
296.60547,0.66960293,0.0,0.31357604,0.5269529,2015-08-14 05:00:00,0.0,0.00023306298,0.0,0.00023284346,0.0
296.396,0.61303866,0.0,0.39610142,0.40901333,2015-08-14 06:00:00,0.0,2.0153282e-05,0.0,2.0096239e-05,0.0
296.26172,0.5551812,0.0,0.55355626,0.0032499009,2015-08-14 07:00:00,0.0,0.0,0.0,0.0,0.0
296.10083,0.19350594,0.0,0.19350594,0.0,2015-08-14 08:00:00,0.0,0.0,0.0,0.0,0.0
295.00244,0.020614248,0.0,0.020614248,0.0,2015-08-14 09:00:00,0.0,0.0,0.0,0.0,0.0
294.5039,0.040597755,0.0,0.040597755,0.0,2015-08-14 10:00:00,0.0,0.0,0.0,0.0,0.0
294.29102,0.022523526,0.0,0.0042713284,0.018235091,2015-08-14 11:00:00,0.0,0.0,0.0,0.0,0.0
294.32007,0.03881196,0.0,0.0,0.03881196,2015-08-14 12:00:00,0.0,0.0,0.0,0.0,0.0
295.21313,0.016610142,0.0,0.016610142,0.0,2015-08-14 13:00:00,0.0,0.0,0.0,0.0,0.0
296.72363,0.031924237,0.0,0.031924237,0.0,2015-08-14 14:00:00,0.0,0.0,0.0,0.0,0.0
300.80737,0.03521627,0.0,0.03521627,0.0,2015-08-14 15:00:00,0.0,0.0,0.0,0.0,0.0
301.92456,0.008701935,0.0,0.008701935,0.0,2015-08-14 16:00:00,0.0,0.0,0.0,0.0,0.0
303.0608,0.010356981,0.0,0.010356981,0.0,2015-08-14 17:00:00,0.0,0.0,0.0,0.0,0.0
304.0796,0.0,0.0,0.0,0.0,2015-08-14 18:00:00,0.0,3.5333424e-06,0.0,3.4855939e-06,0.0
304.80664,0.05703006,0.00053172023,0.004207764,0.054926176,2015-08-14 19:00:00,0.0,2.2149952e-06,0.0,2.2149952e-06,0.0
305.74658,0.2532618,0.007457666,0.0052650943,0.24262583,2015-08-14 20:00:00,0.0,3.3734817e-05,0.0,3.381142e-05,0.0
306.11987,0.17075968,0.0082530975,0.04903834,0.12845683,2015-08-14 21:00:00,0.0,1.7841608e-05,0.0,1.7707978e-05,0.0
305.33423,0.08310747,0.0,0.029091481,0.06064021,2015-08-14 22:00:00,0.0,9.908417e-07,0.0,1.1815127e-06,0.0
305.3567,0.044763602,0.0015890491,0.033696506,0.010009766,2015-08-14 23:00:00,0.0,0.0,0.0,0.0,0.0
304.70337,0.049317155,0.0044355765,0.047728106,0.0010573287,2015-08-15 00:00:00,0.0,0.0,0.0,0.0,0.0
302.96826,0.016574241,0.0033782488,0.016574241,0.0,2015-08-15 01:00:00,0.0,0.0,0.0,0.0,0.0
301.72803,0.022359975,0.00053172023,0.022359975,0.0,2015-08-15 02:00:00,0.0,0.0,0.0,0.0,0.0
298.58765,0.0,0.0,0.0,0.0,2015-08-15 03:00:00,0.0,0.0,0.0,0.0,0.0
297.99292,0.0010573287,0.0,0.0010573287,0.0,2015-08-15 04:00:00,0.0,0.0,0.0,0.0,0.0
297.5786,0.0,0.0,0.0,0.0,2015-08-15 05:00:00,0.0,0.0,0.0,0.0,0.0
296.96265,0.0,0.0,0.0,0.0,2015-08-15 06:00:00,0.0,0.0,0.0,0.0,0.0
296.71558,0.0016249504,0.0,0.0,0.0016249504,2015-08-15 07:00:00,0.0,0.0,0.0,0.0,0.0
296.4121,0.16343379,0.0,0.0,0.16343379,2015-08-15 08:00:00,0.0,0.0,0.0,0.0,0.0
295.39478,0.25268453,0.0,0.0,0.25268453,2015-08-15 09:00:00,0.0,0.0,0.0,0.0,0.0
294.833,0.62523144,0.0,0.0,0.62523144,2015-08-15 10:00:00,0.0,0.0,0.0,0.0,0.0
294.7837,0.17537332,0.0,0.0,0.17537332,2015-08-15 11:00:00,0.0,0.0,0.0,0.0,0.0
294.59253,0.0031780982,0.0,0.0,0.0031780982,2015-08-15 12:00:00,0.0,0.0,0.0,0.0,0.0
295.59814,0.0,0.0,0.0,0.0,2015-08-15 13:00:00,0.0,0.0,0.0,0.0,0.0
297.1172,0.0,0.0,0.0,0.0,2015-08-15 14:00:00,0.0,0.0,0.0,0.0,0.0
300.93823,0.0,0.0,0.0,0.0,2015-08-15 15:00:00,0.0,0.0,0.0,0.0,0.0
302.08936,0.008141857,0.0,0.0,0.008141857,2015-08-15 16:00:00,0.0,0.0,0.0,0.0,0.0
303.02124,0.0023709626,0.0,0.0,0.0023709626,2015-08-15 17:00:00,0.0,0.0,0.0,0.0,0.0
303.5691,0.008120172,0.008120172,0.0,0.0,2015-08-15 18:00:00,0.0,0.0,0.0,0.0,0.0
304.06567,0.013471484,0.013471484,0.0,0.0,2015-08-15 19:00:00,0.0,0.0,0.0,0.0,0.0
304.3506,0.0,0.0,0.0,0.0,2015-08-15 20:00:00,0.0,0.0,0.0,0.0,0.0
304.7173,0.0,0.0,0.0,0.0,2015-08-15 21:00:00,0.0,0.0,0.0,0.0,0.0
303.82104,0.0,0.0,0.0,0.0,2015-08-15 22:00:00,0.0,0.0,0.0,0.0,0.0
303.24,0.0,0.0,0.0,0.0,2015-08-15 23:00:00,0.0,0.0,0.0,0.0,0.0
302.4065,0.0,0.0,0.0,0.0,2015-08-16 00:00:00,0.0,0.0,0.0,0.0,0.0
301.34302,0.0,0.0,0.0,0.0,2015-08-16 01:00:00,0.0,0.0,0.0,0.0,0.0
300.58545,0.0,0.0,0.0,0.0,2015-08-16 02:00:00,0.0,0.0,0.0,0.0,0.0
298.69043,0.021984398,0.0,0.0,0.021984398,2015-08-16 03:00:00,0.0,0.0,0.0,0.0,0.0
297.73145,0.128034,0.0,0.0,0.128034,2015-08-16 04:00:00,0.0,0.0,0.0,0.0,0.0
297.1953,0.9039808,0.0,0.0,0.9039808,2015-08-16 05:00:00,0.0,0.0,0.0,0.0,0.0
296.40918,1.0,0.0,0.0,1.0,2015-08-16 06:00:00,0.0,0.0,0.0,0.0,0.0
296.6084,0.986376,0.0,0.0,0.986376,2015-08-16 07:00:00,0.0,0.0,0.0,0.0,0.0
296.4392,0.85502046,0.0,0.0,0.85502046,2015-08-16 08:00:00,0.0,0.0,0.0,0.0,0.0
295.8872,0.5752341,0.0,0.0,0.5752341,2015-08-16 09:00:00,0.0,0.0,0.0,0.0,0.0
295.6587,0.6346809,0.0,0.0,0.6346809,2015-08-16 10:00:00,0.0,0.0,0.0,0.0,0.0
295.72534,0.5846809,0.0,0.0032499009,0.5846809,2015-08-16 11:00:00,0.0,0.0,0.0,0.0,0.0
295.8645,0.91035795,0.0,0.0,0.91035795,2015-08-16 12:00:00,0.0,0.0,0.0,0.0,0.0
296.11035,1.0,0.009759266,0.0,1.0,2015-08-16 13:00:00,0.0,0.0,0.0,0.0,0.0
296.53174,1.0,0.10823554,0.008415531,1.0,2015-08-16 14:00:00,0.0,0.0,0.0,0.0,0.0
298.2495,1.0,0.21610332,0.023823638,1.0,2015-08-16 15:00:00,0.0,0.0,0.0,0.0,0.0
298.80615,1.0,0.27775586,0.07163143,1.0,2015-08-16 16:00:00,0.0,0.0,0.0,0.0,0.0
299.54785,1.0,0.583906,0.2968309,1.0,2015-08-16 17:00:00,0.0,0.0,0.0,0.0,0.0
300.1714,1.0,0.993112,0.76522714,1.0,2015-08-16 18:00:00,0.0,0.0,0.0,0.0,0.0
300.4143,1.0,0.82387066,0.53777915,1.0,2015-08-16 19:00:00,0.0,3.141696e-05,0.0,3.1206742e-05,0.0
299.96533,1.0,0.8324889,0.49324447,1.0,2015-08-16 20:00:00,0.0,1.717649e-06,0.0,1.717649e-06,0.0
298.3352,1.0,0.7487587,0.28233725,0.99416727,2015-08-16 21:00:00,1.0,0.00032544578,0.0,0.000302759,2.2581968e-05
297.3943,1.0,0.78067636,0.91779953,1.0,2015-08-16 22:00:00,1.0,0.0015426301,0.0,0.0013425227,0.00020032615
296.24097,1.0,0.16999137,0.7290684,1.0,2015-08-16 23:00:00,1.0,0.0026424928,0.0,0.002330333,0.00031207362
295.9702,0.99675006,0.12908113,0.25142622,0.99675006,2015-08-17 00:00:00,1.0,0.0028820862,0.0,0.002401578,0.00048068003
295.75415,1.0,0.22061211,0.8672485,0.995108,2015-08-17 01:00:00,1.0,0.0022892721,0.0,0.0017511924,0.0005380509
295.50586,1.0,0.55251527,0.98148835,0.98370636,2015-08-17 02:00:00,1.0,0.0022168583,0.0,0.0013635489,0.0008530326
294.29785,1.0,0.7115493,0.9720017,1.0,2015-08-17 03:00:00,1.0,0.0021033222,0.0,0.001555684,0.0005469518
293.62305,1.0,0.7071883,0.86805,0.997629,2015-08-17 04:00:00,1.0,0.0019484186,0.0,0.001623804,0.00032500597
293.03394,1.0,0.9634457,0.93982214,1.0,2015-08-17 05:00:00,1.0,0.0016395955,0.0,0.001129121,0.0005108556
292.3806,1.0,1.0,0.9899067,1.0,2015-08-17 06:00:00,1.0,0.0013788752,0.0,0.0010059348,0.00037299702
292.39697,1.0,1.0,0.99946827,1.0,2015-08-17 07:00:00,1.0,0.001024652,0.0,0.00095604337,6.8704176e-05
292.23828,1.0,0.9788243,0.94709086,1.0,2015-08-17 08:00:00,0.0,0.00015685087,0.0,0.00012605854,3.045873e-05
291.36255,1.0,0.97871304,0.91942894,1.0,2015-08-17 09:00:00,0.0,7.639659e-07,0.0,0.0,7.639659e-07
290.7776,1.0,0.2371819,0.5163666,1.0,2015-08-17 10:00:00,0.0,9.549569e-08,0.0,0.0,9.549569e-08
290.81665,1.0,0.023977738,0.34201896,1.0,2015-08-17 11:00:00,0.0,1.9099144e-07,0.0,0.0,1.9099144e-07
290.83984,1.0,0.0034282913,0.12146908,1.0,2015-08-17 12:00:00,0.0,0.0,0.0,0.0,0.0
290.94897,1.0,0.00053172023,0.3276981,1.0,2015-08-17 13:00:00,0.0,0.00012786045,0.0,0.00012788865,0.0
291.26465,1.0,0.0010573287,0.48038638,1.0,2015-08-17 14:00:00,0.0,0.0001261362,0.0,0.00012622209,0.0
292.4497,1.0,0.005534917,0.32549125,1.0,2015-08-17 15:00:00,0.0,3.9699255e-05,0.0,3.95275e-05,0.0
293.28955,1.0,0.030341197,0.1904189,1.0,2015-08-17 16:00:00,0.0,2.6487527e-05,0.0,2.6325695e-05,0.0
294.03687,0.998375,0.0055490583,0.18521005,0.99675006,2015-08-17 17:00:00,0.0,2.1687141e-05,0.0,2.1486208e-05,0.0
294.49512,0.9867931,0.055751313,0.4486969,0.9742651,2015-08-17 18:00:00,0.0,1.8054401e-05,0.0,1.825468e-05,0.0
295.16553,0.99675006,0.0,0.5163912,0.9901048,2015-08-17 19:00:00,1.0,4.875929e-05,0.0,4.8949965e-05,0.0
295.30005,0.99001795,0.15447599,0.5771299,0.9850148,2015-08-17 20:00:00,0.0,6.0592734e-05,0.0,6.041136e-05,0.0
295.57617,1.0,0.0072638094,0.66050094,1.0,2015-08-17 21:00:00,0.0,0.00011020366,0.0,0.000110718625,0.0
294.18604,1.0,0.0,0.89747,0.998375,2015-08-17 22:00:00,1.0,1.0605808e-05,0.0,1.0987149e-05,0.0
293.50073,1.0,0.0,0.97911125,1.0,2015-08-17 23:00:00,1.0,7.074651e-05,0.0,7.044175e-05,0.0
292.73267,1.0,0.0,0.93826056,1.0,2015-08-18 00:00:00,1.0,0.00018902333,0.0,0.00018910856,0.0
292.10498,1.0,0.0010573287,0.8364825,0.998375,2015-08-18 01:00:00,1.0,0.00011146325,0.0,0.00011164464,0.0
291.81543,1.0,0.0010573287,0.7504018,0.99627113,2015-08-18 02:00:00,1.0,0.00013579792,0.0,0.0001358838,0.0
290.8418,0.96938413,0.0,0.7032721,0.91874903,2015-08-18 03:00:00,1.0,0.00020486493,0.0,0.00020486493,0.0
290.58862,0.98163646,0.0010573287,0.86600083,0.83878016,2015-08-18 04:00:00,0.0,0.00021229452,0.0,0.00021224677,0.0
290.48022,0.71666616,0.00053172023,0.6130653,0.30516702,2015-08-18 05:00:00,1.0,0.0006209607,0.0,0.00058154133,3.9333463e-05
290.21143,0.7737772,0.012739614,0.45879644,0.6317555,2015-08-18 06:00:00,1.0,0.0006321834,0.0,0.0005321326,0.00010018458
289.86133,0.7346494,0.03552764,0.45065624,0.53814226,2015-08-18 07:00:00,0.0,4.794287e-05,0.0,4.4918095e-05,3.0725223e-06
289.6245,0.925117,0.047083646,0.40784818,0.8468695,2015-08-18 08:00:00,0.0,0.00023672983,0.0,0.00023313239,3.4160548e-06
289.4431,0.9722868,0.03419414,0.33252084,0.9640337,2015-08-18 09:00:00,1.0,0.00047663576,0.0,0.0004665202,1.0019995e-05
289.6726,0.9579364,0.02312705,0.5372104,0.9521872,2015-08-18 10:00:00,1.0,0.0007812858,0.0,0.0007546011,2.6693859e-05
289.58545,0.5829576,0.026960641,0.093351364,0.54017603,2015-08-18 11:00:00,1.0,0.0006399874,0.0,0.0005941191,4.5791632e-05
289.88574,0.9077125,0.06980747,0.3790093,0.87597907,2015-08-18 12:00:00,1.0,0.0003894791,0.0,0.00028105266,0.00010836958
290.37183,0.990789,0.10990554,0.6274543,0.98498976,2015-08-18 13:00:00,1.0,0.0008457387,0.0,0.0007394606,0.000106030406
290.70532,1.0,0.1868732,0.7711151,1.0,2015-08-18 14:00:00,1.0,0.0014348694,0.0,0.0011118439,0.00032267277
291.22412,1.0,0.43064916,0.6605529,1.0,2015-08-18 15:00:00,1.0,0.0020249619,0.0,0.0014159454,0.0006091499
291.17822,1.0,0.46859276,0.7861834,1.0,2015-08-18 16:00:00,1.0,0.0021914796,0.0,0.0014928745,0.0006985669
290.99658,1.0,0.71072406,0.9932679,1.0,2015-08-18 17:00:00,1.0,0.0032298723,0.0,0.0026499715,0.0005799767
290.7854,1.0,0.9634626,1.0,1.0,2015-08-18 18:00:00,1.0,0.003968898,0.0,0.003221278,0.0007473363
290.59375,1.0,0.94281334,1.0,1.0,2015-08-18 19:00:00,1.0,0.0021104496,0.0,5.464244e-05,0.0020558734
290.48315,1.0,1.0,1.0,1.0,2015-08-18 20:00:00,1.0,0.0048230626,0.0,0.0006651287,0.00415818
290.77954,1.0,1.0,1.0,1.0,2015-08-18 21:00:00,1.0,0.0066709407,0.0,0.00038866792,0.0062821396
290.91846,1.0,0.84347737,0.99946827,1.0,2015-08-18 22:00:00,1.0,0.00647917,0.0,0.00016021491,0.0063189864
291.03638,1.0,1.0,1.0,1.0,2015-08-18 23:00:00,1.0,0.007159788,0.0,0.00026701973,0.006892856
291.27515,1.0,0.962914,0.98948056,1.0,2015-08-19 00:00:00,1.0,0.0075546578,0.0,0.0006472857,0.0069072694
291.34546,0.99946827,0.9470235,0.91749346,0.9781009,2015-08-19 01:00:00,1.0,0.0042239837,0.0,0.00043101376,0.0037932473
291.46875,0.94374204,0.89463407,0.6141752,0.46276617,2015-08-19 02:00:00,1.0,0.0010923729,0.0,3.601579e-06,0.0010888095
290.92554,0.77257794,0.75306064,0.24038494,0.034387425,2015-08-19 03:00:00,1.0,0.000290951,0.0,0.0,0.000290951
290.80737,0.6331421,0.5746034,0.12481952,0.0,2015-08-19 04:00:00,1.0,4.3498585e-05,0.0,0.0,4.3117238e-05
290.05908,0.5186404,0.48262954,0.21523976,0.0,2015-08-19 05:00:00,1.0,2.1807558e-05,0.0,0.0,2.1807558e-05
289.9231,0.4720766,0.4562341,0.16009587,0.0,2015-08-19 06:00:00,1.0,1.4315981e-05,0.0,1.2972059e-06,1.3286037e-05
290.09473,0.46280473,0.4611798,0.037007608,0.0,2015-08-19 07:00:00,1.0,3.1709773e-05,0.0,5.2116e-06,2.6880487e-05
290.38696,0.46501803,0.46291417,0.06873858,0.0,2015-08-19 08:00:00,1.0,2.0138672e-05,0.0,8.715425e-06,1.1938229e-05
289.09912,0.5647453,0.56138414,0.041993577,0.0,2015-08-19 09:00:00,1.0,7.471812e-05,0.0,5.5451674e-05,1.926643e-05
288.30103,0.59500754,0.59500754,0.0016249504,0.0,2015-08-19 10:00:00,1.0,0.0001429427,0.0,7.7509074e-05,6.51763e-05
288.01147,0.8826807,0.8826807,0.08396506,0.006099794,2015-08-19 11:00:00,1.0,0.00010216434,0.0,3.8068814e-05,6.4095526e-05
287.56274,0.8270273,0.8169097,0.12436497,0.027188115,2015-08-19 12:00:00,1.0,6.6693814e-05,0.0,1.4186902e-05,5.2611707e-05
287.5371,1.0,1.0,0.35053134,0.016832627,2015-08-19 13:00:00,1.0,5.7788056e-05,0.0,1.3632713e-05,4.4422603e-05
287.8047,0.99946827,0.99946827,0.5744595,0.05918397,2015-08-19 14:00:00,1.0,6.318824e-05,0.0,5.3872005e-05,9.231012e-06
289.2871,1.0,1.0,0.7893727,0.09493625,2015-08-19 15:00:00,1.0,0.00011833121,0.0,0.0001030064,1.5563215e-05
290.55542,1.0,1.0,0.7699845,0.01983836,2015-08-19 16:00:00,1.0,0.00046115625,0.0,0.00036632828,9.465666e-05
290.02295,0.9920547,0.98993397,0.443749,0.0,2015-08-19 17:00:00,1.0,0.00017346417,0.0,0.00013846581,3.47311e-05
289.75977,0.7968067,0.7772354,0.16159219,0.0,2015-08-19 18:00:00,1.0,0.00030324468,0.0,0.0001580476,0.0001452065
289.58008,0.70682895,0.69766855,0.33811176,0.0,2015-08-19 19:00:00,0.0,0.00033984147,0.0,0.00024039789,9.9482204e-05
290.2683,0.50290805,0.3918876,0.46909535,0.0,2015-08-19 20:00:00,1.0,0.00022109538,0.0,0.0001469402,7.3869e-05
291.1267,0.9920993,0.6496935,0.99156755,0.0,2015-08-19 21:00:00,1.0,8.979325e-05,0.0,6.362243e-05,2.6323338e-05
290.13574,1.0,0.9261673,1.0,0.0048919544,2015-08-19 22:00:00,1.0,4.9203867e-05,0.0,4.8794012e-05,4.0056705e-07
289.92944,1.0,0.75363827,1.0,0.016283713,2015-08-19 23:00:00,1.0,3.927677e-05,0.0,3.4586308e-05,4.767061e-06
289.46924,1.0,0.49872935,1.0,0.11670011,2015-08-20 00:00:00,1.0,9.558679e-05,0.0,5.689815e-05,3.866908e-05
289.11426,0.98578,0.7071975,0.9678614,0.30414832,2015-08-20 01:00:00,0.0,6.322372e-05,0.0,5.4022865e-05,9.382232e-06
288.55396,0.99946827,0.86969316,0.99841094,0.52537787,2015-08-20 02:00:00,0.0,4.0809813e-05,0.0,4.0809813e-05,0.0
287.66724,1.0,1.0,1.0,0.3839355,2015-08-20 03:00:00,0.0,4.9546637e-05,0.0,4.9489594e-05,0.0
287.15503,1.0,0.9957922,1.0,0.2244029,2015-08-20 04:00:00,1.0,3.9899634e-05,0.0,3.9899634e-05,0.0
286.64258,1.0,1.0,1.0,0.15518183,2015-08-20 05:00:00,0.0,2.4824854e-05,0.0,2.4881883e-05,0.0
286.3003,0.9957922,0.98948056,0.99416727,0.036063604,2015-08-20 06:00:00,1.0,4.191511e-07,0.0,5.527819e-07,0.0
286.24634,0.96960336,0.86947,0.9578913,0.020210877,2015-08-20 07:00:00,0.0,6.6346656e-06,0.0,5.527819e-07,5.738678e-06
286.10254,0.91140664,0.74873185,0.84997845,0.03603622,2015-08-20 08:00:00,0.0,1.3914087e-06,0.0,7.0499675e-07,8.004925e-07
285.83765,0.72222805,0.5005276,0.6046486,0.0,2015-08-20 09:00:00,0.0,4.954212e-07,0.0,4.954212e-07,0.0
285.3164,0.45849323,0.3400833,0.3547657,0.01336024,2015-08-20 10:00:00,0.0,1.2414439e-06,0.0,0.0,1.2414439e-06
285.2417,0.4112634,0.35910296,0.30920142,0.0,2015-08-20 11:00:00,0.0,2.1009055e-06,0.0,0.0,2.1009055e-06
285.02026,0.48828512,0.4602037,0.3542763,0.0,2015-08-20 12:00:00,1.0,3.627573e-07,0.0,0.0,3.627573e-07
285.70898,0.2967639,0.2088266,0.248335,0.0,2015-08-20 13:00:00,1.0,1.0690455e-06,0.0,0.0,1.0690455e-06
286.98193,0.30231863,0.2897873,0.027898226,0.0,2015-08-20 14:00:00,1.0,7.8190845e-07,0.0,0.0,7.8190845e-07
290.24414,0.8200003,0.8200003,0.0,0.0,2015-08-20 15:00:00,0.0,9.395702e-06,0.0,8.909573e-06,0.0
290.5381,0.64888424,0.64888424,0.0,0.0,2015-08-20 16:00:00,0.0,0.0,0.0,0.0,0.0
292.3274,0.2648998,0.2648998,0.0,0.0,2015-08-20 17:00:00,0.0,2.2815959e-07,0.0,3.0475053e-07,0.0
293.5857,0.027796675,0.027796675,0.0,0.0,2015-08-20 18:00:00,0.0,0.0,0.0,0.0,0.0
294.72754,0.08123082,0.08123082,0.0,0.0,2015-08-20 19:00:00,0.0,0.0,0.0,0.0,0.0
295.30225,0.11949539,0.11949539,0.0067320913,0.0,2015-08-20 20:00:00,0.0,0.0,0.0,0.0,0.0
296.0266,0.3553295,0.023142714,0.34901786,0.0,2015-08-20 21:00:00,0.0,0.0,0.0,0.0,0.0
296.0918,0.44127727,0.0029026829,0.44127727,0.0,2015-08-20 22:00:00,0.0,0.0,0.0,0.0,0.0
295.8606,0.30045962,0.0,0.30045962,0.0,2015-08-20 23:00:00,0.0,0.0,0.0,0.0,0.0
295.22388,0.037212275,0.0,0.037212275,0.0,2015-08-21 00:00:00,0.0,0.0,0.0,0.0,0.0
293.95264,0.00053172023,0.0,0.00053172023,0.0,2015-08-21 01:00:00,0.0,0.0,0.0,0.0,0.0
291.47192,0.013738599,0.0,0.013738599,0.0,2015-08-21 02:00:00,0.0,0.0,0.0,0.0,0.0
289.29053,0.022999607,0.0,0.022999607,0.0,2015-08-21 03:00:00,0.0,0.0,0.0,0.0,0.0
288.46875,0.11245847,0.0,0.11245847,0.0,2015-08-21 04:00:00,0.0,0.0,0.0,0.0,0.0
287.62573,0.17446882,0.0015890491,0.17393714,0.0,2015-08-21 05:00:00,0.0,0.0,0.0,0.0,0.0
287.60083,0.21849287,0.005003199,0.21849287,0.0,2015-08-21 06:00:00,0.0,0.0,0.0,0.0,0.0
287.74756,0.11706507,0.0,0.11706507,0.0,2015-08-21 07:00:00,0.0,0.0,0.0,0.0,0.0
287.61328,0.26024258,0.02792085,0.25524944,0.0,2015-08-21 08:00:00,0.0,0.0,0.0,0.0,0.0
287.56128,0.47372085,0.031576123,0.47372085,0.0,2015-08-21 09:00:00,0.0,0.0,0.0,0.0,0.0
288.58838,0.7661748,0.0,0.7661748,0.0,2015-08-21 10:00:00,0.0,0.0,0.0,0.0,0.0
289.0481,0.66112727,0.0,0.63613564,0.062805235,2015-08-21 11:00:00,0.0,0.0,0.0,0.0,0.0
288.93457,0.71650213,0.0,0.55455095,0.2912467,2015-08-21 12:00:00,0.0,0.0,0.0,0.0,0.0
289.8296,0.63189065,0.0,0.54142225,0.23581272,2015-08-21 13:00:00,0.0,0.0,0.0,0.0,0.0
291.29663,0.7071037,0.0,0.39140135,0.49383032,2015-08-21 14:00:00,0.0,0.0,0.0,0.0,0.0
295.00195,0.7576373,0.0,0.16507858,0.7259787,2015-08-21 15:00:00,0.0,0.0,0.0,0.0,0.0
296.30835,0.84738284,0.0,0.07608652,0.8235058,2015-08-21 16:00:00,0.0,0.0,0.0,0.0,0.0
297.42358,0.8369496,0.017206121,0.24411112,0.80931044,2015-08-21 17:00:00,0.0,0.0,0.0,0.0,0.0
297.7273,0.76104206,0.0033782488,0.38372868,0.60308903,2015-08-21 18:00:00,0.0,5.7297444e-07,0.0,6.207223e-07,0.0
298.21973,0.6700239,0.009745125,0.34140766,0.51667047,2015-08-21 19:00:00,0.0,1.7922328e-05,0.0,1.7960774e-05,0.0
298.52417,0.6308358,0.0016249504,0.25446898,0.5063431,2015-08-21 20:00:00,0.0,1.6035692e-06,0.0,1.7371995e-06,0.0
299.46655,0.34568572,0.0,0.10186297,0.2665779,2015-08-21 21:00:00,0.0,0.0,0.0,0.0,0.0
299.0061,0.5695729,0.46205878,0.10062069,0.021331362,2015-08-21 22:00:00,0.0,0.0,0.0,0.0,0.0
298.85547,0.46662968,0.41966772,0.062636435,0.0,2015-08-21 23:00:00,0.0,0.0,0.0,0.0,0.0
298.26636,0.27423203,0.26400816,0.012611903,0.0,2015-08-22 00:00:00,0.0,0.0,0.0,0.0,0.0
297.3108,0.15375042,0.15322483,0.0029026829,0.0,2015-08-22 01:00:00,0.0,0.0,0.0,0.0,0.0
296.3379,0.04401741,0.04401741,0.0,0.0,2015-08-22 02:00:00,0.0,0.0,0.0,0.0,0.0
294.4956,0.0281954,0.0281954,0.0,0.0,2015-08-22 03:00:00,0.0,0.0,0.0,0.0,0.0
294.01074,0.0033782488,0.0033782488,0.0,0.0,2015-08-22 04:00:00,0.0,0.0,0.0,0.0,0.0
293.89038,0.0,0.0,0.0,0.0,2015-08-22 05:00:00,0.0,0.0,0.0,0.0,0.0
293.05493,0.0,0.0,0.0,0.0,2015-08-22 06:00:00,0.0,0.0,0.0,0.0,0.0
292.8098,0.0,0.0,0.0,0.0,2015-08-22 07:00:00,0.0,0.0,0.0,0.0,0.0
292.52148,0.0,0.0,0.0,0.0,2015-08-22 08:00:00,0.0,0.0,0.0,0.0,0.0
292.1223,0.0,0.0,0.0,0.0,2015-08-22 09:00:00,0.0,0.0,0.0,0.0,0.0
292.3662,0.0016249504,0.0016249504,0.0,0.0,2015-08-22 10:00:00,0.0,0.0,0.0,0.0,0.0
292.2854,0.0,0.0,0.0,0.0,2015-08-22 11:00:00,0.0,0.0,0.0,0.0,0.0
292.2107,0.0,0.0,0.0,0.0,2015-08-22 12:00:00,0.0,0.0,0.0,0.0,0.0
292.43677,0.0,0.0,0.0,0.0,2015-08-22 13:00:00,0.0,0.0,0.0,0.0,0.0
293.58203,0.0,0.0,0.0,0.0,2015-08-22 14:00:00,0.0,0.0,0.0,0.0,0.0
295.96216,0.0032139996,0.0032139996,0.0,0.0,2015-08-22 15:00:00,0.0,0.0,0.0,0.0,0.0
296.97144,0.016577605,0.016577605,0.0,0.0,2015-08-22 16:00:00,0.0,0.0,0.0,0.0,0.0
298.49487,0.0033782488,0.0033782488,0.0,0.0,2015-08-22 17:00:00,0.0,0.0,0.0,0.0,0.0
299.18823,0.027716503,0.027716503,0.0,0.0,2015-08-22 18:00:00,0.0,0.0,0.0,0.0,0.0
299.60156,0.40703028,0.40703028,0.0,0.0,2015-08-22 19:00:00,1.0,0.0,0.0,0.0,0.0
299.54175,0.494296,0.48730016,0.0,0.006995838,2015-08-22 20:00:00,0.0,0.0,0.0,1.9067068e-07,0.0
299.58228,0.9279107,0.9120203,0.018581133,0.088698566,2015-08-22 21:00:00,1.0,5.3452317e-07,0.0,6.68154e-07,0.0
298.95483,0.9775885,0.9272786,0.16970098,0.6250939,2015-08-22 22:00:00,1.0,2.6726156e-07,0.0,1.3363075e-07,0.0
298.3169,1.0,0.7090784,0.23140705,0.9899067,2015-08-22 23:00:00,1.0,0.0007420357,0.0,0.0006955322,4.6770772e-05
296.28662,1.0,0.30586785,0.13223845,1.0,2015-08-23 00:00:00,1.0,0.0040385053,0.0,0.0032712487,0.000767438
295.2727,1.0,0.7792523,0.023005776,0.9748218,2015-08-23 01:00:00,1.0,0.007382922,0.0,0.0054180697,0.001964727
293.82544,1.0,0.9745691,0.10220915,0.94436514,2015-08-23 02:00:00,1.0,0.0043114237,0.0,0.003493509,0.00081785955
292.34888,1.0,1.0,0.55536246,0.66734785,2015-08-23 03:00:00,1.0,0.0007663376,0.0,0.0007182765,4.7965543e-05
292.02563,0.9564171,0.93430066,0.80293846,0.5962445,2015-08-23 04:00:00,1.0,2.0036183e-05,0.0,3.0475053e-07,1.965485e-05
291.95215,0.7745436,0.6039479,0.49389738,0.30580884,2015-08-23 05:00:00,1.0,3.061362e-05,0.0,0.0,3.061362e-05
290.6079,0.17442572,0.0057492107,0.14303207,0.032520562,2015-08-23 06:00:00,0.0,2.4999914e-05,0.0,6.1300043e-06,1.9003535e-05
289.8694,0.058301527,0.0010573287,0.058301527,0.0,2015-08-23 07:00:00,0.0,0.0,0.0,0.0,0.0
288.7329,0.0068065375,0.0,0.0068065375,0.0,2015-08-23 08:00:00,0.0,0.0,0.0,0.0,0.0
287.3999,0.17687005,0.17687005,0.0,0.0,2015-08-23 09:00:00,0.0,0.0,0.0,0.0,0.0
286.89966,0.98429054,0.9785584,0.0,0.24077499,2015-08-23 10:00:00,0.0,0.0,0.0,0.0,0.0
287.34766,1.0,1.0,0.0,0.63918144,2015-08-23 11:00:00,0.0,0.0,0.0,0.0,0.0
287.8623,1.0,1.0,0.20196259,0.947675,2015-08-23 12:00:00,1.0,0.0,0.0,0.0,0.0
288.1892,1.0,1.0,0.8805666,0.16859096,2015-08-23 13:00:00,1.0,2.519434e-06,0.0,2.519434e-06,0.0
288.26807,1.0,1.0,1.0,0.0,2015-08-23 14:00:00,0.0,3.0729017e-05,0.0,3.0251525e-05,5.3452317e-07
289.09204,1.0,0.9989426,1.0,0.0,2015-08-23 15:00:00,0.0,1.9816844e-06,0.0,1.9153522e-06,0.0
289.35815,0.81504893,0.8043413,0.13364077,0.0,2015-08-23 16:00:00,1.0,0.0,0.0,0.0,0.0
290.58203,0.99946827,0.99946827,0.010356981,0.0,2015-08-23 17:00:00,1.0,3.5660196e-06,0.0,3.64261e-06,0.0
291.5276,1.0,1.0,0.12829548,0.0,2015-08-23 18:00:00,1.0,2.0892316e-05,0.0,2.0787527e-05,0.0
291.9165,0.9398445,0.93747354,0.23129904,0.0,2015-08-23 19:00:00,0.0,1.2806616e-05,0.0,1.2815907e-05,0.0
292.511,0.9087039,0.90534276,0.43529093,0.0,2015-08-23 20:00:00,0.0,9.908417e-07,0.0,9.908417e-07,0.0
292.90308,0.81073654,0.79577076,0.6174492,0.0,2015-08-23 21:00:00,0.0,0.0,0.0,0.0,0.0
292.59448,0.9497261,0.7813441,0.9409941,0.0,2015-08-23 22:00:00,0.0,0.0,0.0,0.0,0.0
292.271,0.8944204,0.41312164,0.8944204,0.0,2015-08-23 23:00:00,0.0,0.0,0.0,0.0,0.0
292.06445,0.91503733,0.5768739,0.90924054,0.0,2015-08-24 00:00:00,0.0,0.0,0.0,0.0,0.0
292.15674,0.8631979,0.390074,0.86029524,0.0,2015-08-24 01:00:00,0.0,0.0,0.0,0.0,0.0
290.8567,0.8315421,0.1568889,0.8315421,0.0,2015-08-24 02:00:00,0.0,0.0,0.0,0.0,0.0
289.0193,0.86875165,0.020149674,0.86875165,0.0,2015-08-24 03:00:00,0.0,0.0,0.0,0.0,0.0
289.00366,0.3210321,0.0,0.3210321,0.0,2015-08-24 04:00:00,0.0,0.0,0.0,0.0,0.0
288.7998,0.0100932345,0.0,0.0100932345,0.0,2015-08-24 05:00:00,0.0,0.0,0.0,0.0,0.0
287.68237,0.016348869,0.0033782488,0.016348869,0.0,2015-08-24 06:00:00,0.0,0.0,0.0,0.0,0.0
287.5244,0.00998199,0.0066281483,0.00998199,0.0,2015-08-24 07:00:00,0.0,0.0,0.0,0.0,0.0
286.87012,0.11652887,0.11652887,0.00737416,0.0,2015-08-24 08:00:00,0.0,0.0,0.0,0.0,0.0
286.03198,0.3829226,0.3829226,0.0,0.0,2015-08-24 09:00:00,0.0,0.0,0.0,0.0,0.0
285.4734,0.36195266,0.36195266,0.0,0.0,2015-08-24 10:00:00,0.0,0.0,0.0,0.0,0.0
285.27222,0.4333269,0.4333269,0.0100932345,0.0,2015-08-24 11:00:00,0.0,0.0,0.0,0.0,0.0
285.07788,0.8877116,0.8877116,0.04540785,0.0,2015-08-24 12:00:00,0.0,0.0,0.0,0.0,0.0
285.3523,0.73711056,0.73711056,0.0033782488,0.0,2015-08-24 13:00:00,0.0,0.0,0.0,0.0,0.0
285.76196,0.8942209,0.8942209,0.026925862,0.0,2015-08-24 14:00:00,0.0,9.908417e-07,0.0,7.431318e-07,0.0
287.6975,0.98316735,0.98316735,0.047144044,0.0,2015-08-24 15:00:00,0.0,3.9633696e-06,0.0,4.1540397e-06,0.0
288.47974,1.0,1.0,0.026925862,0.0,2015-08-24 16:00:00,0.0,9.680265e-06,0.0,9.813895e-06,0.0
289.46143,1.0,1.0,0.044149093,0.0,2015-08-24 17:00:00,0.0,1.9816844e-06,0.0,2.4200663e-06,0.0
290.0205,1.0,1.0,0.16375875,0.0,2015-08-24 18:00:00,0.0,0.0,0.0,0.0,0.0
290.50513,1.0,1.0,0.53804,0.0,2015-08-24 19:00:00,0.0,5.7168945e-06,0.0,5.5262244e-06,0.0
291.03613,1.0,1.0,0.7568889,0.0,2015-08-24 20:00:00,0.0,8.689422e-06,0.0,8.632383e-06,0.0
291.18213,1.0,0.9978961,1.0,0.0,2015-08-24 21:00:00,0.0,5.7168945e-06,0.0,5.8309743e-06,0.0
291.18213,1.0,0.9889488,0.9882647,0.0,2015-08-24 22:00:00,0.0,2.0214193e-06,0.0,2.0784591e-06,0.0
291.30176,0.63392735,0.03658146,0.63392735,0.0,2015-08-24 23:00:00,0.0,9.549569e-08,0.0,4.7747868e-08,0.0
290.9956,0.32305038,0.06797254,0.31633538,0.0,2015-08-25 00:00:00,0.0,0.0,0.0,0.0,0.0
290.36035,0.35324854,0.13607943,0.34350342,0.0,2015-08-25 01:00:00,0.0,0.0,0.0,0.0,0.0
289.7417,0.43439984,0.13987893,0.4186015,0.0,2015-08-25 02:00:00,0.0,0.0,0.0,0.0,0.0
288.38086,0.31231415,0.08978927,0.29732442,0.0,2015-08-25 03:00:00,0.0,0.0,0.0,0.0,0.0
287.99072,0.19667035,0.09117824,0.19240981,0.0,2015-08-25 04:00:00,0.0,0.0,0.0,0.0,0.0
287.22168,0.050572336,0.0010573287,0.049515005,0.0,2015-08-25 05:00:00,0.0,0.0,0.0,0.0,0.0
286.80347,0.0033782488,0.0033782488,0.0,0.0,2015-08-25 06:00:00,0.0,0.0,0.0,0.0,0.0
286.66553,0.03794872,0.03794872,0.0,0.0,2015-08-25 07:00:00,0.0,0.0,0.0,0.0,0.0
286.0691,0.054150444,0.054150444,0.0,0.0,2015-08-25 08:00:00,0.0,0.0,0.0,0.0,0.0
284.49878,0.105356336,0.105356336,0.0,0.0,2015-08-25 09:00:00,0.0,0.0,0.0,0.0,0.0
284.77344,0.3850482,0.3850482,0.017999116,0.0,2015-08-25 10:00:00,0.0,0.0,0.0,0.0,0.0
284.66382,0.18784171,0.1841129,0.02056146,0.0,2015-08-25 11:00:00,0.0,0.0,0.0,0.0,0.0
284.60474,0.12599409,0.12263292,0.024206791,0.0,2015-08-25 12:00:00,0.0,0.0,0.0,0.0,0.0
285.52588,0.13187253,0.12614042,0.021463308,0.0,2015-08-25 13:00:00,0.0,0.0,0.0,0.0,0.0
287.03735,0.08895308,0.08895308,0.026885133,0.0,2015-08-25 14:00:00,0.0,0.0,0.0,0.0,0.0
289.81982,0.028487507,0.02743018,0.012531344,0.0,2015-08-25 15:00:00,0.0,0.0,0.0,0.0,0.0
290.81274,0.0,0.0,0.0,0.0,2015-08-25 16:00:00,0.0,0.0,0.0,0.0,0.0
292.0398,0.06871128,0.06871128,0.0,0.0,2015-08-25 17:00:00,0.0,0.0,0.0,0.0,0.0
293.14404,0.08279705,0.08279705,0.0,0.0,2015-08-25 18:00:00,0.0,0.0,0.0,0.0,0.0
293.82812,0.31624418,0.31624418,0.0,0.0,2015-08-25 19:00:00,0.0,0.0,0.0,0.0,0.0
294.72534,0.33860648,0.33860648,0.0,0.0,2015-08-25 20:00:00,0.0,0.0,0.0,0.0,0.0
295.5144,0.13968861,0.13968861,0.0,0.0,2015-08-25 21:00:00,0.0,0.0,0.0,0.0,0.0
295.261,0.064692736,0.064692736,0.0,0.0,2015-08-25 22:00:00,0.0,0.0,0.0,0.0,0.0
295.0857,0.1051532,0.1051532,0.0,0.0,2015-08-25 23:00:00,0.0,0.0,0.0,0.0,0.0
294.33838,0.13949758,0.13949758,0.0,0.0,2015-08-26 00:00:00,0.0,0.0,0.0,0.0,0.0
292.72534,0.06681317,0.06681317,0.0,0.0,2015-08-26 01:00:00,0.0,0.0,0.0,0.0,0.0
291.2439,0.01833671,0.01833671,0.0,0.0,2015-08-26 02:00:00,0.0,0.0,0.0,0.0,0.0
288.4524,0.012531344,0.012531344,0.0,0.0,2015-08-26 03:00:00,0.0,0.0,0.0,0.0,0.0
287.79004,0.01879517,0.01879517,0.0,0.0,2015-08-26 04:00:00,0.0,0.0,0.0,0.0,0.0
286.70825,0.008701935,0.008701935,0.0,0.0,2015-08-26 05:00:00,0.0,0.0,0.0,0.0,0.0
285.67847,0.0,0.0,0.0,0.0,2015-08-26 06:00:00,0.0,0.0,0.0,0.0,0.0
285.4724,0.0,0.0,0.0,0.0,2015-08-26 07:00:00,0.0,0.0,0.0,0.0,0.0
284.719,0.0,0.0,0.0,0.0,2015-08-26 08:00:00,0.0,0.0,0.0,0.0,0.0
283.75415,0.0,0.0,0.0,0.0,2015-08-26 09:00:00,0.0,0.0,0.0,0.0,0.0
284.23828,0.0,0.0,0.0,0.0,2015-08-26 10:00:00,0.0,0.0,0.0,0.0,0.0
284.20728,0.0,0.0,0.0,0.0,2015-08-26 11:00:00,0.0,0.0,0.0,0.0,0.0
283.7412,0.0,0.0,0.0,0.0,2015-08-26 12:00:00,0.0,0.0,0.0,0.0,0.0
284.86816,0.0016249504,0.0,0.0,0.0016249504,2015-08-26 13:00:00,0.0,0.0,0.0,0.0,0.0
287.50366,0.012531344,0.0,0.0,0.012531344,2015-08-26 14:00:00,0.0,0.0,0.0,0.0,0.0
291.7766,0.0,0.0,0.0,0.0,2015-08-26 15:00:00,0.0,0.0,0.0,0.0,0.0
292.93213,0.0023709626,0.0023709626,0.0,0.0,2015-08-26 16:00:00,0.0,0.0,0.0,0.0,0.0
294.0083,0.019961659,0.019961659,0.0,0.0,2015-08-26 17:00:00,0.0,0.0,0.0,0.0,0.0
294.812,0.019513652,0.01109812,0.0,0.008415531,2015-08-26 18:00:00,0.0,0.0,0.0,0.0,0.0
295.44727,0.061434977,0.03165727,0.0063116476,0.02770434,2015-08-26 19:00:00,0.0,0.0,0.0,0.0,0.0
296.14014,0.0108561665,0.0016249504,0.0047394857,0.0044917315,2015-08-26 20:00:00,0.0,0.0,0.0,0.0,0.0
296.7749,0.0010573287,0.0010573287,0.0,0.0,2015-08-26 21:00:00,0.0,0.0,0.0,0.0,0.0
296.239,0.16359329,0.0,0.00998199,0.16359329,2015-08-26 22:00:00,0.0,0.0,0.0,0.0,0.0
296.01025,0.011581928,0.0,0.011581928,0.0,2015-08-26 23:00:00,0.0,0.0,0.0,0.0,0.0
295.15112,0.020731691,0.0,0.017481793,0.0032499009,2015-08-27 00:00:00,0.0,0.0,0.0,0.0,0.0
292.94678,0.06082371,0.0,0.06082371,0.0,2015-08-27 01:00:00,0.0,0.0,0.0,0.0,0.0
291.70776,0.020384476,0.0,0.020384476,0.0,2015-08-27 02:00:00,0.0,0.0,0.0,0.0,0.0
289.5979,0.038965356,0.0,0.038965356,0.0,2015-08-27 03:00:00,0.0,0.0,0.0,0.0,0.0
288.85718,0.080498934,0.0,0.080498934,0.0,2015-08-27 04:00:00,0.0,0.0,0.0,0.0,0.0
288.12427,0.10614848,0.0,0.10614848,0.0,2015-08-27 05:00:00,0.0,0.0,0.0,0.0,0.0
287.7959,0.1912049,0.0,0.1912049,0.0,2015-08-27 06:00:00,0.0,0.0,0.0,0.0,0.0
287.94702,0.14657176,0.0,0.13335294,0.022148948,2015-08-27 07:00:00,0.0,0.0,0.0,0.0,0.0
287.71436,0.5779484,0.0,0.3322541,0.3815443,2015-08-27 08:00:00,0.0,0.0,0.0,0.0,0.0
287.44116,0.8122031,0.0,0.25594187,0.73983926,2015-08-27 09:00:00,0.0,0.0,0.0,0.0,0.0
287.55005,0.9311505,0.0,0.74628776,0.8340628,2015-08-27 10:00:00,0.0,0.0,0.0,0.0,0.0
287.48315,0.83797455,0.053418107,0.16212875,0.79916734,2015-08-27 11:00:00,0.0,0.0,0.0,0.0,0.0
287.38867,0.6851192,0.11988729,0.25371575,0.55595213,2015-08-27 12:00:00,0.0,0.0,0.0,0.0,0.0
288.26782,0.84447926,0.3878228,0.67025864,0.64985365,2015-08-27 13:00:00,0.0,0.0,0.0,0.0,0.0
290.12915,1.0,0.59369814,0.96838725,0.94060194,2015-08-27 14:00:00,0.0,0.0,0.0,0.0,0.0
293.3047,1.0,0.48534143,0.9433449,0.9949968,2015-08-27 15:00:00,0.0,0.0,0.0,0.0,0.0
294.77515,0.99657166,0.46326303,0.6356749,0.96754193,2015-08-27 16:00:00,0.0,0.0,0.0,0.0,0.0
295.739,0.8988988,0.0,0.0,0.8988988,2015-08-27 17:00:00,0.0,0.0,0.0,0.0,0.0
296.3213,0.6376029,0.0,0.0032499009,0.635978,2015-08-27 18:00:00,0.0,0.0,0.0,0.0,0.0
296.28125,0.3849212,0.038762987,0.0015890491,0.37355018,2015-08-27 19:00:00,0.0,0.0,0.0,0.0,0.0
296.76196,0.6164852,0.13795632,0.075924695,0.5602023,2015-08-27 20:00:00,0.0,0.0,0.0,0.0,0.0
297.00342,0.9100584,0.649469,0.39149404,0.7396646,2015-08-27 21:00:00,0.0,0.0,0.0,0.0,0.0
295.78784,1.0,0.3914594,0.11354399,1.0,2015-08-27 22:00:00,0.0,0.0,0.0,0.0,0.0
295.43896,0.99604,0.27902973,0.2090187,0.9944509,2015-08-27 23:00:00,0.0,0.0,0.0,0.0,0.0
294.68506,0.9978792,0.10747951,0.088268995,0.9978792,2015-08-28 00:00:00,0.0,0.0,0.0,0.0,0.0
294.07788,1.0,0.013471484,0.0100932345,1.0,2015-08-28 01:00:00,0.0,0.0,0.0,0.0,0.0
293.26392,1.0,0.0,0.0,1.0,2015-08-28 02:00:00,0.0,0.0,0.0,0.0,0.0
292.29907,1.0,0.0,0.0,1.0,2015-08-28 03:00:00,0.0,0.0,0.0,0.0,0.0
291.8457,1.0,0.0,0.0,1.0,2015-08-28 04:00:00,0.0,0.0,0.0,0.0,0.0
291.52148,1.0,0.0,0.004235424,1.0,2015-08-28 05:00:00,0.0,0.0,0.0,0.0,0.0
291.22412,0.9955251,0.0,0.0,0.9955251,2015-08-28 06:00:00,0.0,0.0,0.0,0.0,0.0
291.23364,0.9706448,0.0,0.00053172023,0.9706448,2015-08-28 07:00:00,0.0,0.0,0.0,0.0,0.0
291.1631,0.8800349,0.0,0.010066014,0.8800349,2015-08-28 08:00:00,0.0,0.0,0.0,0.0,0.0
291.0686,0.86927956,0.004741922,0.03380432,0.864273,2015-08-28 09:00:00,0.0,0.0,0.0,0.0,0.0
290.60718,1.0,0.0168278,0.049686477,1.0,2015-08-28 10:00:00,1.0,9.549569e-08,0.0,0.0,9.549569e-08
290.48462,0.998375,0.0033782488,0.052394286,0.998375,2015-08-28 11:00:00,1.0,6.416166e-06,0.0,0.0,6.416166e-06
290.54688,0.9966217,0.002103883,0.062193222,0.9966217,2015-08-28 12:00:00,1.0,1.4397432e-05,0.0,0.0,1.4397432e-05
291.02246,0.9835011,0.0037288337,0.07113558,0.9835011,2015-08-28 13:00:00,1.0,2.52615e-05,0.0,0.0,2.5165995e-05
291.70142,1.0,0.002103883,0.17456931,1.0,2015-08-28 14:00:00,1.0,3.7344565e-05,0.0,0.0,3.7344565e-05
293.49512,0.998375,0.004207764,0.24825037,0.998375,2015-08-28 15:00:00,0.0,7.7851495e-05,0.0,1.6703838e-05,6.128127e-05
293.865,0.9901048,0.0,0.26357818,0.9901048,2015-08-28 16:00:00,0.0,7.539532e-05,0.0,0.0,7.5644e-05
294.12085,0.97260666,0.0,0.21176523,0.97260666,2015-08-28 17:00:00,0.0,8.940244e-05,0.0,3.6479367e-05,5.319032e-05
294.8235,0.8240477,0.0,0.100373745,0.82167673,2015-08-28 18:00:00,0.0,3.189227e-05,0.0,0.0,3.2101845e-05
295.17822,0.4596529,0.0,0.0,0.4596529,2015-08-28 19:00:00,0.0,1.0536549e-05,0.0,0.0,1.0441053e-05
295.58936,0.13985103,0.0,0.0,0.13985103,2015-08-28 20:00:00,0.0,7.639659e-07,0.0,0.0,6.6847014e-07
295.54443,0.059398454,0.0023709626,0.0,0.057027493,2015-08-28 21:00:00,0.0,0.0,0.0,0.0,0.0
294.1328,0.00053172023,0.0,0.0,0.00053172023,2015-08-28 22:00:00,0.0,0.0,0.0,0.0,0.0
293.67822,0.00053172023,0.0,0.0,0.00053172023,2015-08-28 23:00:00,0.0,0.0,0.0,0.0,0.0
292.74976,0.0010573287,0.0,0.0,0.0010573287,2015-08-29 00:00:00,0.0,0.0,0.0,0.0,0.0
291.74023,0.0037457198,0.0015890491,0.0016249504,0.00053172023,2015-08-29 01:00:00,0.0,0.0,0.0,0.0,0.0
290.68848,0.010316208,0.010316208,0.0,0.0,2015-08-29 02:00:00,0.0,0.0,0.0,0.0,0.0
288.8994,0.035536047,0.024033047,0.0,0.011520103,2015-08-29 03:00:00,0.0,0.0,0.0,0.0,0.0
288.55566,0.078373075,0.0010573287,0.0016249504,0.075690806,2015-08-29 04:00:00,0.0,0.0,0.0,0.0,0.0
288.23926,0.07586163,0.016647182,0.0016249504,0.05759681,2015-08-29 05:00:00,0.0,0.0,0.0,0.0,0.0
287.45483,0.026148953,0.026148953,0.0,0.0,2015-08-29 06:00:00,0.0,0.0,0.0,0.0,0.0
287.17212,0.00053172023,0.00053172023,0.0,0.0,2015-08-29 07:00:00,0.0,0.0,0.0,0.0,0.0
287.1057,0.005273644,0.005273644,0.0,0.0,2015-08-29 08:00:00,0.0,0.0,0.0,0.0,0.0
287.07568,0.011298269,0.011298269,0.0,0.0,2015-08-29 09:00:00,0.0,0.0,0.0,0.0,0.0
286.115,0.004235424,0.004235424,0.0,0.0,2015-08-29 10:00:00,0.0,0.0,0.0,0.0,0.0
286.1521,0.0031780982,0.0031780982,0.0,0.0,2015-08-29 11:00:00,0.0,0.0,0.0,0.0,0.0
286.27246,0.022894535,0.009534292,0.0,0.01336024,2015-08-29 12:00:00,0.0,0.0,0.0,0.0,0.0
287.02466,0.17678869,0.03284442,0.0,0.146065,2015-08-29 13:00:00,0.0,0.0,0.0,0.0,0.0
287.84497,0.533102,0.48560733,0.0,0.111284256,2015-08-29 14:00:00,0.0,0.0,0.0,0.0,0.0
290.4641,0.2753821,0.2753821,0.0,0.0,2015-08-29 15:00:00,0.0,0.0,0.0,0.0,0.0
291.2478,0.2739343,0.26021618,0.0,0.013727929,2015-08-29 16:00:00,0.0,0.0,0.0,0.0,0.0
292.6421,0.33790362,0.21300006,0.0,0.12727445,2015-08-29 17:00:00,0.0,0.0,0.0,0.0,0.0
293.50342,0.063334465,0.058442544,0.0,0.0048919544,2015-08-29 18:00:00,0.0,0.0,0.0,0.0,0.0
294.28662,0.0362155,0.011072896,0.0,0.027520861,2015-08-29 19:00:00,0.0,0.0,0.0,0.0,0.0
294.8733,0.12929207,0.004741922,0.0,0.124550164,2015-08-29 20:00:00,0.0,0.0,0.0,0.0,0.0
295.86377,0.28303146,0.004235424,0.0,0.27932775,2015-08-29 21:00:00,0.0,0.0,0.0,0.0,0.0
295.80127,0.8496422,0.0,0.0,0.8496422,2015-08-29 22:00:00,0.0,0.0,0.0,0.0,0.0
295.63477,0.9599881,0.0,0.0,0.9599881,2015-08-29 23:00:00,0.0,0.0,0.0,0.0,0.0
295.32568,0.662232,0.0,0.0,0.662232,2015-08-30 00:00:00,0.0,0.0,0.0,0.0,0.0
294.19092,0.06451917,0.0,0.0,0.06451917,2015-08-30 01:00:00,0.0,0.0,0.0,0.0,0.0
293.40503,0.013033811,0.0,0.0,0.013033811,2015-08-30 02:00:00,0.0,0.0,0.0,0.0,0.0
291.5835,0.16037023,0.0,0.0,0.16037023,2015-08-30 03:00:00,0.0,0.0,0.0,0.0,0.0
291.31787,0.0,0.0,0.0,0.0,2015-08-30 04:00:00,0.0,0.0,0.0,0.0,0.0
290.69922,0.0,0.0,0.0,0.0,2015-08-30 05:00:00,0.0,0.0,0.0,0.0,0.0
290.43677,0.0,0.0,0.0,0.0,2015-08-30 06:00:00,0.0,0.0,0.0,0.0,0.0
290.28027,0.0,0.0,0.0,0.0,2015-08-30 07:00:00,0.0,0.0,0.0,0.0,0.0
290.06226,0.0,0.0,0.0,0.0,2015-08-30 08:00:00,0.0,0.0,0.0,0.0,0.0
289.46094,0.052256547,0.0,0.0,0.052256547,2015-08-30 09:00:00,0.0,0.0,0.0,0.0,0.0
289.32935,0.08439994,0.00737416,0.0,0.07704288,2015-08-30 10:00:00,0.0,0.0,0.0,0.0,0.0
289.4734,0.18522245,0.099200964,0.0032499009,0.093000114,2015-08-30 11:00:00,0.0,0.0,0.0,0.0,0.0
289.60376,0.25241786,0.21422744,0.030135289,0.036385115,2015-08-30 12:00:00,0.0,0.0,0.0,0.0,0.0
289.93115,0.5022042,0.49637145,0.018661272,0.0,2015-08-30 13:00:00,0.0,0.0,0.0,0.0,0.0
290.40454,0.31988502,0.31988502,0.0,0.0,2015-08-30 14:00:00,0.0,0.0,0.0,0.0,0.0
292.75464,0.28424984,0.029948734,0.0,0.259672,2015-08-30 15:00:00,0.0,0.0,0.0,0.0,0.0
294.0647,0.4994505,0.0057492107,0.0,0.4937184,2015-08-30 16:00:00,0.0,0.0,0.0,0.0,0.0
295.55664,0.40088397,0.0,0.0,0.40088397,2015-08-30 17:00:00,0.0,0.0,0.0,0.0,0.0
296.4546,0.17514414,0.0,0.0,0.17514414,2015-08-30 18:00:00,0.0,0.0,0.0,0.0,0.0
297.69482,0.116532445,0.0,0.0,0.116532445,2015-08-30 19:00:00,0.0,0.0,0.0,0.0,0.0
298.5,0.18400896,0.0,0.0,0.18400896,2015-08-30 20:00:00,0.0,0.0,0.0,0.0,0.0
299.3496,0.26474863,0.0,0.0,0.26474863,2015-08-30 21:00:00,0.0,0.0,0.0,0.0,0.0
298.63135,0.37581062,0.0,0.0,0.37581062,2015-08-30 22:00:00,0.0,0.0,0.0,0.0,0.0
298.27124,0.5271768,0.0,0.0,0.5271768,2015-08-30 23:00:00,0.0,0.0,0.0,0.0,0.0
297.3252,0.6948037,0.0,0.0,0.6948037,2015-08-31 00:00:00,0.0,0.0,0.0,0.0,0.0
296.28833,0.6244212,0.0,0.0,0.6244212,2015-08-31 01:00:00,0.0,0.0,0.0,0.0,0.0
295.45117,0.4467731,0.0,0.0,0.4467731,2015-08-31 02:00:00,0.0,0.0,0.0,0.0,0.0
293.6775,0.17646807,0.0,0.0,0.17646807,2015-08-31 03:00:00,0.0,0.0,0.0,0.0,0.0
293.09668,0.2605154,0.0,0.0,0.2605154,2015-08-31 04:00:00,0.0,0.0,0.0,0.0,0.0
292.7207,0.6116137,0.0,0.0,0.6116137,2015-08-31 05:00:00,0.0,0.0,0.0,0.0,0.0
291.70264,0.62391174,0.0,0.0,0.62391174,2015-08-31 06:00:00,0.0,0.0,0.0,0.0,0.0
291.76392,0.0032499009,0.0,0.0,0.0032499009,2015-08-31 07:00:00,0.0,0.0,0.0,0.0,0.0
291.4458,0.12486088,0.0,0.0,0.12486088,2015-08-31 08:00:00,0.0,0.0,0.0,0.0,0.0
291.23877,0.5953954,0.0,0.0,0.5953954,2015-08-31 09:00:00,0.0,0.0,0.0,0.0,0.0
291.2832,0.8712114,0.10437912,0.0,0.8638616,2015-08-31 10:00:00,0.0,0.0,0.0,0.0,0.0
291.46606,0.85588205,0.031520646,0.0,0.85588205,2015-08-31 11:00:00,0.0,0.0,0.0,0.0,0.0
291.72314,0.7995871,0.06626278,0.0,0.7922129,2015-08-31 12:00:00,0.0,0.0,0.0,0.0,0.0
292.47974,0.59660476,0.12171954,0.0,0.5614087,2015-08-31 13:00:00,0.0,0.0,0.0,0.0,0.0
293.49976,0.45368165,0.16736048,0.0,0.36613297,2015-08-31 14:00:00,0.0,0.0,0.0,0.0,0.0
296.59717,0.48794496,0.25580359,0.0,0.33529663,2015-08-31 15:00:00,0.0,0.0,0.0,0.0,0.0
297.4995,0.4983393,0.0033782488,0.0,0.49496102,2015-08-31 16:00:00,0.0,0.0,0.0,0.0,0.0
299.05396,0.37498242,0.008910421,0.0,0.37445682,2015-08-31 17:00:00,0.0,0.0,0.0,0.0,0.0
299.98926,0.46145618,0.19303751,0.0,0.32893527,2015-08-31 18:00:00,0.0,0.0,0.0,0.0,0.0
300.54004,0.33751726,0.17641681,0.0,0.19102865,2015-08-31 19:00:00,0.0,0.0,0.0,0.0,0.0
300.96753,0.32695127,0.23996037,0.0,0.10214579,2015-08-31 20:00:00,0.0,0.0,0.0,0.0,0.0
301.8313,0.55624515,0.5341287,0.0,0.06882948,2015-08-31 21:00:00,0.0,0.0,0.0,0.0,0.0
301.50903,0.48302108,0.40445554,0.0,0.12871993,2015-08-31 22:00:00,0.0,9.549569e-08,0.0,4.7747868e-08,0.0
301.02563,0.7064689,0.28617465,0.0,0.5402412,2015-08-31 23:00:00,0.0,0.0,0.0,0.0,0.0
300.43823,0.8023139,0.10077417,0.0,0.78713965,2015-09-01 00:00:00,0.0,0.0,0.0,0.0,0.0
299.57104,0.82582116,0.044497494,0.0,0.81477237,2015-09-01 01:00:00,0.0,0.0,0.0,0.0,0.0
298.65088,0.80635643,0.037905246,0.0,0.78703564,2015-09-01 02:00:00,0.0,0.0,0.0,0.0,0.0
296.896,0.48559815,0.043955002,0.0,0.46893227,2015-09-01 03:00:00,0.0,0.0,0.0,0.0,0.0
296.5381,0.55822676,0.028109185,0.0,0.5505822,2015-09-01 04:00:00,1.0,0.0,0.0,0.0,0.0
295.98267,0.51512635,0.0147983655,0.0,0.5032318,2015-09-01 05:00:00,0.0,3.813414e-07,0.0,0.0,3.813414e-07
295.26025,0.52173316,0.01675785,0.009099722,0.5061851,2015-09-01 06:00:00,0.0,9.549569e-08,0.0,0.0,9.549569e-08
295.136,0.894298,0.020354968,0.020202715,0.894298,2015-09-01 07:00:00,0.0,1.14079796e-07,0.0,0.0,1.14079796e-07
294.46875,0.850144,0.04945657,0.08324909,0.83816206,2015-09-01 08:00:00,0.0,8.9598825e-07,0.0,0.0,6.864127e-07
293.27295,0.9742017,0.16685653,0.1699667,0.9708406,2015-09-01 09:00:00,0.0,6.101426e-07,0.0,0.0,4.9606274e-07
293.85815,0.99946827,0.13670576,0.016206805,0.99946827,2015-09-01 10:00:00,0.0,9.908417e-07,0.0,0.0,9.908417e-07
293.82153,1.0,0.17915672,0.024435498,1.0,2015-09-01 11:00:00,0.0,1.1818338e-06,0.0,0.0,1.2004175e-06
293.61914,0.90335834,0.26866257,0.027817115,0.88926584,2015-09-01 12:00:00,1.0,0.0,0.0,1.3363075e-07,0.0
294.21924,0.9970973,0.46501786,0.064002454,0.9894646,2015-09-01 13:00:00,1.0,5.3452317e-07,0.0,6.68154e-07,0.0
295.2661,0.99627113,0.58501905,0.009973861,0.99627113,2015-09-01 14:00:00,1.0,5.3452317e-07,0.0,4.0089236e-07,0.0
298.4756,0.97017956,0.094427764,0.0,0.96680135,2015-09-01 15:00:00,0.0,5.3452317e-07,0.0,2.6726156e-07,0.0
299.85425,0.9750044,0.00053172023,0.03627214,0.97337943,2015-09-01 16:00:00,0.0,0.0,0.0,0.0,0.0
300.95557,0.9707222,0.0,0.3418429,0.9673683,2015-09-01 17:00:00,0.0,0.0,0.0,0.0,0.0
301.92603,0.9831351,0.0,0.4782883,0.9583966,2015-09-01 18:00:00,0.0,0.0,0.0,0.0,0.0
302.615,0.97325593,0.0054990165,0.37105483,0.9643599,2015-09-01 19:00:00,0.0,0.0,0.0,0.0,0.0
302.88135,0.9446469,0.012127787,0.3397678,0.9390915,2015-09-01 20:00:00,0.0,6.9711887e-06,0.0,7.0189362e-06,0.0
302.87378,0.925199,0.04608591,0.3218012,0.9098272,2015-09-01 21:00:00,1.0,2.7875009e-05,0.0,2.7884293e-05,0.0
301.77222,0.99410367,0.015508477,0.18367398,0.98461956,2015-09-01 22:00:00,0.0,0.00011831557,0.0,0.00011561638,2.3841758e-06
301.46997,0.9949968,0.072355986,0.19191658,0.99393946,2015-09-01 23:00:00,0.0,0.0003089544,0.0,0.0003089544,0.0
300.98315,0.99946827,0.09947848,0.049184423,0.99946827,2015-09-02 00:00:00,1.0,0.00158186,0.0,0.0015812202,4.5825306e-07
299.7793,0.9947263,0.20469302,0.29990888,0.98924416,2015-09-02 01:00:00,0.0,0.00059722946,0.0,0.0005969433,9.549569e-08
299.50854,0.94581896,0.33958852,0.15675181,0.92497,2015-09-02 02:00:00,0.0,9.549567e-07,0.0,1.0027052e-06,0.0
297.7505,0.7426193,0.17817533,0.07936388,0.6904956,2015-09-02 03:00:00,1.0,0.0,0.0,0.0,0.0
297.198,0.8414275,0.11417323,0.26552147,0.79840523,2015-09-02 04:00:00,0.0,2.4588066e-05,0.0,2.4454435e-05,0.0
296.50317,0.9500131,0.055652093,0.81561387,0.8808493,2015-09-02 05:00:00,0.0,2.2716573e-05,0.0,2.283066e-05,0.0
296.47266,0.9694194,0.025085729,0.7665793,0.94338876,2015-09-02 06:00:00,0.0,6.0950106e-07,0.0,6.0950106e-07,0.0
296.51416,0.8909538,0.01173529,0.5489048,0.8239466,2015-09-02 07:00:00,0.0,0.00017439842,0.0,0.00017427409,0.0
296.0979,0.86479586,0.010460924,0.39860398,0.8054159,2015-09-02 08:00:00,0.0,6.1202896e-05,0.0,6.1069266e-05,0.0
295.0515,0.97455615,0.00774185,0.43354952,0.95299226,2015-09-02 09:00:00,1.0,0.00012694925,0.0,0.00012681562,0.0
294.6233,1.0,0.002103883,0.20835733,1.0,2015-09-02 10:00:00,1.0,2.9159375e-05,0.0,2.8796625e-05,0.0
294.67725,1.0,0.0,0.66568834,1.0,2015-09-02 11:00:00,0.0,2.6449605e-05,0.0,2.6201888e-05,0.0
294.55176,1.0,0.007936597,0.663857,1.0,2015-09-02 12:00:00,1.0,6.887449e-05,0.0,6.8693116e-05,3.813414e-07
294.65405,0.9957922,0.048438236,0.62292045,0.9889488,2015-09-02 13:00:00,1.0,2.2726717e-06,0.0,2.0054104e-06,2.6726156e-07
295.30396,0.94712645,0.14069164,0.70513165,0.7972055,2015-09-02 14:00:00,1.0,2.539301e-06,0.0,0.0,2.634797e-06
296.49585,0.74424976,0.4625569,0.668985,0.32094347,2015-09-02 15:00:00,1.0,5.5362043e-06,0.0,0.0,5.5362043e-06
296.49023,0.48713803,0.32374746,0.40041083,0.14102149,2015-09-02 16:00:00,1.0,0.00013873675,0.0,0.0001349089,3.932644e-06
296.9043,0.73851633,0.62312555,0.24260354,0.0124641955,2015-09-02 17:00:00,1.0,0.00021119574,0.0,0.00019857491,1.2363182e-05
297.03394,0.9899067,0.98652846,0.13585675,0.0,2015-09-02 18:00:00,1.0,7.7624805e-05,0.0,3.7005724e-05,4.0666826e-05
297.3352,0.8989871,0.8922477,0.047144044,0.0,2015-09-02 19:00:00,1.0,0.0010871417,0.0,0.0006585249,0.00042857835
296.84253,0.9174625,0.90898556,0.09942281,0.0,2015-09-02 20:00:00,1.0,0.0003757209,0.0,0.00028827647,8.7578126e-05
297.69897,0.6615742,0.65047604,0.09982824,0.0,2015-09-02 21:00:00,1.0,8.345248e-05,0.0,2.2851673e-05,6.0362392e-05
297.12964,0.7273736,0.72500265,0.0057992525,0.0029026829,2015-09-02 22:00:00,1.0,2.7482256e-06,0.0,0.0,2.7482256e-06
297.94385,0.43969405,0.43969405,0.0,0.0,2015-09-02 23:00:00,0.0,4.0056705e-07,0.0,3.050713e-07,2.0957555e-07
297.38452,0.1867392,0.1867392,0.0,0.0,2015-09-03 00:00:00,0.0,3.050713e-07,0.0,4.7747868e-08,9.549569e-08
296.24072,0.037342843,0.032603357,0.0,0.0047394857,2015-09-03 01:00:00,0.0,0.0,0.0,0.0,0.0
295.83276,0.18030673,0.010009766,0.0,0.1703031,2015-09-03 02:00:00,0.0,0.0,0.0,0.0,9.549569e-08
294.40625,0.6010174,0.054225516,0.0,0.5697744,2015-09-03 03:00:00,0.0,0.0,0.0,0.0,0.0
294.13013,0.6793409,0.07085723,0.0,0.6553919,2015-09-03 04:00:00,0.0,0.0,0.0,0.0,0.0
294.0205,0.30562347,0.114999175,0.0,0.22019655,2015-09-03 05:00:00,0.0,0.0,0.0,0.0,0.0
293.71582,0.4590879,0.15490943,0.0,0.35130733,2015-09-03 06:00:00,0.0,0.0,0.0,0.0,0.0
293.29663,0.59885776,0.17255926,0.0,0.53115153,2015-09-03 07:00:00,0.0,0.0,0.0,0.0,0.0
293.00024,0.5561223,0.17294288,0.0,0.48622227,2015-09-03 08:00:00,1.0,4.191511e-07,0.0,0.0,4.191511e-07
292.66846,0.33885676,0.057455435,0.0,0.30884463,2015-09-03 09:00:00,1.0,0.0,0.0,0.0,0.0
292.69653,0.9483165,0.9483165,0.0,0.0,2015-09-03 10:00:00,0.0,0.0,0.0,0.0,1.14079796e-07
292.7329,1.0,1.0,0.0,0.0,2015-09-03 11:00:00,0.0,0.0,0.0,0.0,0.0
292.75098,1.0,1.0,0.0,0.0,2015-09-03 12:00:00,0.0,0.0,0.0,0.0,0.0
293.28467,1.0,1.0,0.0,0.0,2015-09-03 13:00:00,0.0,0.0,0.0,0.0,0.0
294.16113,1.0,1.0,0.0,0.0,2015-09-03 14:00:00,0.0,0.0,0.0,0.0,0.0
297.156,0.9966217,0.9966217,0.0,0.0,2015-09-03 15:00:00,0.0,0.0,0.0,0.0,0.0
298.34595,1.0,1.0,0.0,0.0,2015-09-03 16:00:00,0.0,0.0,0.0,0.0,0.0
299.2688,0.9928871,0.9928871,0.0,0.0,2015-09-03 17:00:00,0.0,0.0,0.0,1.0478777e-07,0.0
300.27832,0.98815244,0.98815244,0.0,0.0,2015-09-03 18:00:00,1.0,7.0499675e-07,0.0,1.0482026e-06,0.0
300.9934,0.99736434,0.99736434,0.0,0.0,2015-09-03 19:00:00,0.0,5.495169e-06,0.0,5.7999196e-06,0.0
301.97607,1.0,1.0,0.0,0.0,2015-09-03 20:00:00,1.0,1.2359296e-05,0.0,1.2149075e-05,0.0
302.6526,0.9968219,0.9968219,0.0,0.0,2015-09-03 21:00:00,0.0,1.3462908e-05,0.0,1.3653578e-05,0.0
301.55615,0.6881911,0.6881911,0.0,0.0,2015-09-03 22:00:00,0.0,5.3002914e-06,0.0,5.290999e-06,0.0
301.25684,0.41081184,0.41081184,0.0,0.0,2015-09-03 23:00:00,0.0,0.0,0.0,0.0,0.0
300.55737,0.1964696,0.1964696,0.0,0.0,2015-09-04 00:00:00,0.0,0.0,0.0,0.0,0.0
299.6565,0.10190749,0.10190749,0.0,0.0,2015-09-04 01:00:00,1.0,0.0,0.0,0.0,0.0
299.12402,0.05503443,0.05503443,0.0,0.0,2015-09-04 02:00:00,0.0,0.0,0.0,0.0,0.0
297.51196,0.014637973,0.014637973,0.0,0.0,2015-09-04 03:00:00,1.0,9.549569e-08,0.0,1.5253562e-07,0.0
297.24902,0.03421173,0.03421173,0.0,0.0,2015-09-04 04:00:00,0.0,3.2224789e-06,0.0,2.6882808e-06,4.0056705e-07
296.69458,0.03035207,0.029820353,0.00053172023,0.0,2015-09-04 05:00:00,1.0,6.101426e-07,0.0,0.0,6.101426e-07
296.38086,0.042676426,0.04055566,0.0021207693,0.0,2015-09-04 06:00:00,1.0,5.374005e-06,0.0,5.703991e-08,5.3554204e-06
295.95557,0.016832627,0.016832627,0.0,0.0,2015-09-04 07:00:00,1.0,3.813414e-07,0.0,0.0,3.813414e-07
295.4065,0.016721383,0.016721383,0.0,0.0,2015-09-04 08:00:00,1.0,0.0,0.0,0.0,0.0
294.77026,0.016832627,0.016832627,0.0,0.0,2015-09-04 09:00:00,1.0,0.0,0.0,0.0,0.0
294.48804,0.0133997165,0.0033782488,0.0037098185,0.0063116476,2015-09-04 10:00:00,0.0,0.0,0.0,0.0,0.0
294.4065,0.021853898,0.020264849,0.0021207693,0.0,2015-09-04 11:00:00,0.0,1.14079796e-07,0.0,0.0,1.14079796e-07
294.36304,0.05425561,0.05425561,0.0,0.0,2015-09-04 12:00:00,0.0,0.0,0.0,0.0,0.0
294.68433,0.031015638,0.029952198,0.0015890491,0.0,2015-09-04 13:00:00,0.0,0.0,0.0,0.0,0.0
295.5393,0.054459304,0.0,0.0,0.054459304,2015-09-04 14:00:00,0.0,0.0,0.0,0.0,0.0
298.65454,0.107996464,0.01000702,0.06690806,0.03662696,2015-09-04 15:00:00,0.0,0.0,0.0,0.0,0.0
300.12573,0.11725682,0.004741922,0.06936675,0.04788391,2015-09-04 16:00:00,0.0,0.0,0.0,0.0,0.0
301.18555,0.10368359,0.0,0.052628577,0.051061146,2015-09-04 17:00:00,0.0,0.0,0.0,0.0,0.0
302.1194,0.3640712,0.0,0.038308214,0.33403927,2015-09-04 18:00:00,0.0,0.0,0.0,0.0,0.0
302.74902,0.6012725,0.0,0.06649178,0.5870123,2015-09-04 19:00:00,0.0,0.0,0.0,0.0,0.0
303.13525,0.78699315,0.0021207693,0.05654414,0.7746558,2015-09-04 20:00:00,0.0,0.0,0.0,0.0,0.0
303.9746,0.97686875,0.017036323,0.07142228,0.976337,2015-09-04 21:00:00,0.0,0.0,0.0,0.0,0.0
303.51538,0.94038576,0.1214329,0.23180842,0.92296034,2015-09-04 22:00:00,1.0,1.7639264e-05,0.0,1.7772894e-05,0.0
302.5769,0.9607283,0.05516309,0.20885491,0.95107526,2015-09-04 23:00:00,1.0,0.0005141911,0.0,0.0004986173,1.5764424e-05
301.2046,0.9897759,0.08901358,0.24845779,0.98189443,2015-09-05 00:00:00,1.0,0.002733839,0.0,0.002725965,7.587726e-06
299.77124,1.0,0.057030436,0.07879269,1.0,2015-09-05 01:00:00,1.0,0.0038428067,0.0,0.0038425112,1.14079796e-07
298.85718,1.0,0.03091126,0.016739111,1.0,2015-09-05 02:00:00,1.0,0.0029208674,0.0,0.002904452,1.6205362e-05
297.70166,0.9957922,0.04642817,0.025986906,0.9957922,2015-09-05 03:00:00,0.0,0.00063646724,0.0,0.00063419645,2.3277826e-06
297.92383,0.85495436,0.1336925,0.12691188,0.82255405,2015-09-05 04:00:00,1.0,4.874404e-05,0.0,4.607081e-05,2.5777426e-06
297.06934,0.62711984,0.061429664,0.20204306,0.47195756,2015-09-05 05:00:00,0.0,5.582301e-05,0.0,5.2720658e-05,3.150094e-06
296.36768,0.3460902,0.021567252,0.13135993,0.25002283,2015-09-05 06:00:00,0.0,3.0507217e-06,0.0,3.021879e-06,0.0
296.44336,0.16750902,0.0033782488,0.01606511,0.15144396,2015-09-05 07:00:00,0.0,0.0,0.0,0.0,0.0
296.51318,0.23984438,0.0,0.060293224,0.18061459,2015-09-05 08:00:00,0.0,0.0,0.0,0.0,0.0
296.2832,0.43858278,0.0,0.007438652,0.43699372,2015-09-05 09:00:00,0.0,0.0,0.0,0.0,0.0
296.5005,0.91249907,0.0,0.5165056,0.783714,2015-09-05 10:00:00,0.0,0.0,0.0,0.0,0.0
296.3335,0.9933218,0.07892084,0.36193776,0.98184776,2015-09-05 11:00:00,0.0,0.0,0.0,0.0,0.0
296.1609,0.998375,0.0515627,0.17661357,0.998375,2015-09-05 12:00:00,0.0,0.0,0.0,0.0,0.0
296.3286,1.0,0.18126333,0.24741286,0.9978961,2015-09-05 13:00:00,0.0,0.0,0.0,0.0,0.0
296.73926,0.9973536,0.0680033,0.7149265,0.9968219,2015-09-05 14:00:00,0.0,0.0,0.0,0.0,0.0
299.1338,1.0,0.0342292,0.47728574,1.0,2015-09-05 15:00:00,0.0,0.0,0.0,0.0,0.0
300.4851,0.98006094,0.0033782488,0.010624956,0.98006094,2015-09-05 16:00:00,0.0,0.0,0.0,0.0,0.0
301.89697,0.9344175,0.0,0.0,0.9344175,2015-09-05 17:00:00,0.0,0.0,0.0,0.0,0.0
302.68823,0.95839757,0.0032499009,0.010360349,0.95839757,2015-09-05 18:00:00,0.0,0.0,0.0,0.0,0.0
302.8086,0.9265003,0.035017315,0.011102993,0.9137553,2015-09-05 19:00:00,0.0,2.172355e-05,0.0,2.185718e-05,0.0
303.11108,0.98788387,0.053876135,0.029995412,0.98788387,2015-09-05 20:00:00,0.0,1.7760176e-05,0.0,1.7760176e-05,0.0
303.41064,0.99156755,0.008357041,0.018931683,0.99156755,2015-09-05 21:00:00,0.0,0.0,0.0,0.0,0.0
303.8108,0.97238535,0.00053172023,0.00053172023,0.97238535,2015-09-05 22:00:00,0.0,0.0,0.0,0.0,0.0
303.39185,0.89249724,0.0026822793,0.0021207693,0.89249724,2015-09-05 23:00:00,0.0,0.0,0.0,0.0,0.0
302.72046,0.41395205,0.004307229,0.010160383,0.41126364,2015-09-06 00:00:00,0.0,0.0,0.0,0.0,0.0
301.8274,0.17156643,0.00053172023,0.0,0.1710347,2015-09-06 01:00:00,0.0,0.0,0.0,0.0,0.0
301.17114,0.69165903,0.0,0.0,0.69165903,2015-09-06 02:00:00,0.0,0.0,0.0,0.0,0.0
300.29907,0.9884039,0.0016249504,0.0,0.9884039,2015-09-06 03:00:00,0.0,0.0,0.0,0.0,0.0
299.95117,0.9989426,0.0,0.0,0.9989426,2015-09-06 04:00:00,0.0,0.0,0.0,0.0,0.0
299.6089,0.9716454,0.0,0.11926693,0.9716454,2015-09-06 05:00:00,0.0,0.0,0.0,0.0,0.0
298.96484,0.8500568,0.0,0.45540887,0.7347166,2015-09-06 06:00:00,0.0,0.0,0.0,0.0,0.0
298.71484,0.9568045,0.0,0.88334715,0.58937526,2015-09-06 07:00:00,0.0,0.0,0.0,0.0,0.0
298.21704,0.88945913,0.0,0.77994674,0.5779242,2015-09-06 08:00:00,0.0,0.0,0.0,0.0,0.0
297.9087,0.85819805,0.0,0.68456346,0.52079827,2015-09-06 09:00:00,0.0,7.109158e-05,0.0,7.109158e-05,0.0
297.75635,0.7327409,0.0,0.56112474,0.51822823,2015-09-06 10:00:00,0.0,0.0,0.0,0.0,0.0
297.88623,0.96502185,0.0,0.9391044,0.53219086,2015-09-06 11:00:00,0.0,0.0,0.0,0.0,0.0
297.56372,0.954327,0.0,0.837533,0.74557,2015-09-06 12:00:00,0.0,0.0,0.0,0.0,0.0
297.68115,0.8879048,0.0032499009,0.25915647,0.8608638,2015-09-06 13:00:00,0.0,0.0,0.0,0.0,0.0
297.8877,0.8409297,0.0,0.22795087,0.81278455,2015-09-06 14:00:00,0.0,0.0,0.0,0.0,0.0
299.40137,0.4618569,0.0,0.1697846,0.41476446,2015-09-06 15:00:00,0.0,0.0,0.0,0.0,0.0
300.19043,0.47850287,0.0,0.27495474,0.35644722,2015-09-06 16:00:00,0.0,0.0,0.0,0.0,0.0
300.67383,0.5054059,0.0066281483,0.36912006,0.34260774,2015-09-06 17:00:00,0.0,0.0,0.0,0.0,0.0
300.94678,0.59673953,0.20020199,0.44743526,0.26204044,2015-09-06 18:00:00,0.0,0.0,0.0,0.0,0.0
301.25977,0.7456641,0.42818522,0.5868937,0.1039986,2015-09-06 19:00:00,1.0,0.00044714613,0.0,0.0004464693,8.1971814e-07
301.3523,0.75827074,0.26512545,0.6900663,0.29608476,2015-09-06 20:00:00,0.0,0.00020130497,0.0,0.00020115243,9.549569e-08
300.9619,0.8704071,0.21764225,0.867229,0.12562478,2015-09-06 21:00:00,0.0,0.00032331236,0.0,0.00031474466,8.56771e-06
300.47363,0.85383415,0.03554567,0.67223835,0.5747119,2015-09-06 22:00:00,0.0,0.00038812123,0.0,0.0003879876,0.0
300.22778,0.6855696,0.0016249504,0.5521216,0.36687654,2015-09-06 23:00:00,1.0,0.0006323182,0.0,0.0006321657,9.549569e-08
299.896,0.44745642,0.0,0.32424778,0.18884861,2015-09-07 00:00:00,1.0,7.0665905e-05,0.0,6.929309e-05,1.3157805e-06
299.3916,0.18851197,0.0,0.14903569,0.06000089,2015-09-07 01:00:00,1.0,8.5817857e-07,0.0,0.0,8.5817857e-07
298.5205,0.037443236,0.0016249504,0.035818286,0.0,2015-09-07 02:00:00,1.0,2.4027695e-06,0.0,0.0,2.4027695e-06
296.72754,0.018655568,0.016498897,0.012138661,0.0,2015-09-07 03:00:00,1.0,4.3141903e-05,0.0,3.86193e-05,4.3889722e-06
296.26196,0.033706516,0.030345373,0.00998199,0.0,2015-09-07 04:00:00,1.0,0.0002189017,0.0,0.00021748945,1.5458827e-06
295.10205,0.1968627,0.18740177,0.05559934,0.0,2015-09-07 05:00:00,1.0,5.107394e-06,0.0,4.535382e-06,3.813414e-07
294.18506,0.16389674,0.14131486,0.054174464,0.0,2015-09-07 06:00:00,0.0,0.0,0.0,0.0,0.0
293.9939,0.13670689,0.11544013,0.06356841,0.0,2015-09-07 07:00:00,0.0,8.774042e-07,0.0,0.0,8.774042e-07
293.5464,0.14166123,0.1264584,0.046726808,0.0,2015-09-07 08:00:00,1.0,3.813414e-07,0.0,0.0,3.813414e-07
293.44653,0.10072583,0.10072583,0.03173497,0.0,2015-09-07 09:00:00,0.0,0.0,0.0,0.0,0.0
292.6499,0.026046962,0.013842538,0.017679248,0.0,2015-09-07 10:00:00,0.0,0.0,0.0,0.0,0.0
292.49,0.023537096,0.023537096,0.0,0.0,2015-09-07 11:00:00,0.0,0.0,0.0,0.0,0.0
292.1316,0.015294183,0.015294183,0.0,0.0,2015-09-07 12:00:00,0.0,0.0,0.0,0.0,0.0
292.07812,0.020796567,0.020796567,0.0,0.0,2015-09-07 13:00:00,0.0,0.0,0.0,0.0,0.0
293.05005,0.007945243,0.007945243,0.0,0.0,2015-09-07 14:00:00,0.0,0.0,0.0,0.0,0.0
294.85913,0.0068879165,0.0068879165,0.0,0.0,2015-09-07 15:00:00,0.0,0.0,0.0,0.0,0.0
295.83716,0.14455837,0.00053172023,0.0,0.14403272,2015-09-07 16:00:00,0.0,0.0,0.0,0.0,9.549569e-08
296.8423,0.08701295,0.0,0.0,0.08701295,2015-09-07 17:00:00,0.0,0.0,0.0,0.0,0.0
297.77954,0.024515357,0.0010573287,0.0,0.023458026,2015-09-07 18:00:00,0.0,0.0,0.0,0.0,0.0
298.38867,0.031922042,0.0031780982,0.0037288337,0.025529727,2015-09-07 19:00:00,0.0,0.0,0.0,0.0,0.0
298.57153,0.28921896,0.005298864,0.12247729,0.27235162,2015-09-07 20:00:00,0.0,0.0,0.0,0.0,0.0
299.34937,0.2315216,0.0063561946,0.010356981,0.21746206,2015-09-07 21:00:00,0.0,0.0,0.0,0.0,0.0
298.646,0.095436335,0.012968697,0.06456214,0.024782438,2015-09-07 22:00:00,0.0,0.0,0.0,0.0,0.0
298.0869,0.15043956,0.023468804,0.13341022,0.011408862,2015-09-07 23:00:00,0.0,0.0,0.0,0.0,0.0
296.72607,0.57955784,0.013483532,0.40215743,0.4288839,2015-09-08 00:00:00,0.0,0.0,0.0,0.0,0.0
296.24292,0.42177302,0.010066014,0.28760386,0.28121477,2015-09-08 01:00:00,0.0,0.0,0.0,0.0,0.0
295.78613,0.40312612,0.014276218,0.23989654,0.35596412,2015-09-08 02:00:00,0.0,0.0,0.0,0.0,0.0
294.64282,0.37275553,0.005298864,0.23149353,0.27003038,2015-09-08 03:00:00,0.0,0.0,0.0,0.0,0.0
294.4607,0.32354534,0.00053172023,0.30954456,0.06153506,2015-09-08 04:00:00,0.0,5.6342487e-06,0.0,5.64354e-06,0.0
293.5515,0.4546939,0.0,0.434106,0.046177443,2015-09-08 05:00:00,0.0,0.0,0.0,0.0,0.0
293.26733,0.6359548,0.0052650943,0.37274325,0.4082706,2015-09-08 06:00:00,0.0,1.7380211e-05,0.0,1.742797e-05,0.0
293.17017,0.85614586,0.0063285343,0.19950616,0.79472953,2015-09-08 07:00:00,0.0,3.160909e-05,0.0,3.156133e-05,0.0
292.34155,0.7736613,0.32923734,0.1572693,0.6380929,2015-09-08 08:00:00,0.0,0.0008704816,0.0,0.00083035603,3.9916078e-05
291.87964,0.8619784,0.59838027,0.58880144,0.45181125,2015-09-08 09:00:00,1.0,0.0038867043,0.0,0.00380343,8.327479e-05
291.51123,1.0,0.53906715,0.88779825,1.0,2015-09-08 10:00:00,1.0,0.0042108744,0.0,0.0039952546,0.00021510576
290.97168,0.98578763,0.0047394857,0.92870635,0.96497965,2015-09-08 11:00:00,1.0,0.002118647,0.0,0.0019007514,0.00021802934
290.6819,0.89092034,0.0023709626,0.67896813,0.7763706,2015-09-08 12:00:00,0.0,0.0001231901,0.0,7.731072e-05,4.5669804e-05
290.69702,0.95662683,0.0037288337,0.9460604,0.5201866,2015-09-08 13:00:00,0.0,2.1647531e-05,0.0,2.071276e-05,1.0683952e-06
291.20825,0.7231783,0.0037288337,0.69619346,0.2834944,2015-09-08 14:00:00,0.0,1.9099144e-07,0.0,0.0,2.0957555e-07
294.05103,0.26800472,0.035228327,0.03959008,0.21892935,2015-09-08 15:00:00,0.0,0.0,0.0,0.0,2.0957555e-07
295.40112,0.4912899,0.064789474,0.069702804,0.44526213,2015-09-08 16:00:00,0.0,0.0,0.0,0.0,0.0
296.44604,0.48181248,0.13854659,0.21911305,0.34406233,2015-09-08 17:00:00,0.0,0.0,0.0,0.0,0.0
297.46338,0.10661656,0.027834795,0.10237503,0.004235424,2015-09-08 18:00:00,1.0,5.3452317e-07,0.0,6.68154e-07,0.0
297.99316,0.049418077,0.031207066,0.005298864,0.017671987,2015-09-08 19:00:00,0.0,0.0,0.0,0.0,0.0
298.09644,0.01343656,0.012904838,0.0,0.00053172023,2015-09-08 20:00:00,0.0,0.0,0.0,0.0,0.0
298.69678,0.0,0.0,0.0,0.0,2015-09-08 21:00:00,0.0,0.0,0.0,0.0,0.0
297.16504,0.00053172023,0.0,0.0,0.00053172023,2015-09-08 22:00:00,0.0,0.0,0.0,0.0,0.0
296.42163,0.0010573287,0.0010573287,0.0,0.0,2015-09-08 23:00:00,0.0,0.0,0.0,0.0,0.0
295.36035,0.0,0.0,0.0,0.0,2015-09-09 00:00:00,0.0,0.0,0.0,0.0,0.0
293.52954,0.0,0.0,0.0,0.0,2015-09-09 01:00:00,0.0,0.0,0.0,0.0,0.0
291.9956,0.0,0.0,0.0,0.0,2015-09-09 02:00:00,0.0,0.0,0.0,0.0,0.0
289.52295,0.0,0.0,0.0,0.0,2015-09-09 03:00:00,0.0,0.0,0.0,0.0,0.0
288.7727,0.0,0.0,0.0,0.0,2015-09-09 04:00:00,0.0,0.0,0.0,0.0,0.0
287.8047,0.0,0.0,0.0,0.0,2015-09-09 05:00:00,0.0,0.0,0.0,0.0,0.0
286.94092,0.0,0.0,0.0,0.0,2015-09-09 06:00:00,0.0,0.0,0.0,0.0,0.0
287.4065,0.0,0.0,0.0,0.0,2015-09-09 07:00:00,0.0,0.0,0.0,0.0,0.0
286.82275,0.0,0.0,0.0,0.0,2015-09-09 08:00:00,0.0,0.0,0.0,0.0,0.0
285.93262,0.0,0.0,0.0,0.0,2015-09-09 09:00:00,0.0,0.0,0.0,0.0,0.0
285.34326,0.0,0.0,0.0,0.0,2015-09-09 10:00:00,0.0,0.0,0.0,0.0,0.0
285.2754,0.12859428,0.0,0.12859428,0.0,2015-09-09 11:00:00,0.0,0.0,0.0,0.0,0.0
285.26147,0.47286046,0.0,0.47286046,0.005003199,2015-09-09 12:00:00,0.0,0.0,0.0,0.0,0.0
286.2793,0.8833144,0.0,0.8833144,0.0,2015-09-09 13:00:00,0.0,0.0,0.0,0.0,0.0
288.2605,0.9689405,0.0,0.9689405,0.0,2015-09-09 14:00:00,0.0,0.0,0.0,0.0,0.0
291.94434,0.7064889,0.0,0.7064889,0.0,2015-09-09 15:00:00,0.0,0.0,0.0,0.0,0.0
293.271,0.9303716,0.0,0.9303716,0.0,2015-09-09 16:00:00,0.0,0.0,0.0,0.0,0.0
293.7351,1.0,0.0,1.0,0.0015890491,2015-09-09 17:00:00,0.0,0.0,0.0,0.0,0.0
292.7041,0.9943791,0.0,0.9943791,0.00053172023,2015-09-09 18:00:00,1.0,0.0,0.0,0.0,0.0
292.80957,0.85655874,0.0,0.85655874,0.0,2015-09-09 19:00:00,0.0,2.3791814e-05,0.0,0.0,2.3524553e-05
293.48755,0.4317729,0.021452677,0.4085377,0.069957614,2015-09-09 20:00:00,0.0,2.6068257e-05,0.0,2.6011214e-05,3.813414e-07
294.13892,0.515414,0.08593404,0.5085261,0.024609003,2015-09-09 21:00:00,0.0,6.147576e-05,0.0,6.1552346e-05,0.0
294.46118,0.36258972,0.06979954,0.29894507,0.057077147,2015-09-09 22:00:00,1.0,1.8004474e-05,0.0,1.7927872e-05,0.0
294.2444,0.34209347,0.20801282,0.26833057,0.0151669495,2015-09-09 23:00:00,1.0,8.870504e-05,0.0,8.8648e-05,0.0
293.24756,0.50565606,0.3713627,0.42632967,0.0,2015-09-10 00:00:00,1.0,0.00029229093,0.0,0.0002778233,1.4191062e-05
292.66284,0.45128632,0.38193595,0.3136323,0.0,2015-09-10 01:00:00,1.0,0.0005509008,0.0,0.00049778586,5.3029027e-05
291.8767,0.2119295,0.08659744,0.15712917,0.0,2015-09-10 02:00:00,1.0,0.0016268138,0.0,0.001563214,6.327608e-05
290.25806,0.3438648,0.090236664,0.3028255,0.0023709626,2015-09-10 03:00:00,1.0,0.0017836834,0.0,0.0017388857,4.53214e-05
289.67627,0.60188437,0.28974032,0.51414645,0.026841775,2015-09-10 04:00:00,1.0,0.0006848334,0.0,0.0005901791,9.472134e-05
289.58228,0.27908063,0.033610076,0.18563151,0.10658121,2015-09-10 05:00:00,1.0,0.0003252593,0.0,0.00024924753,7.568751e-05
289.06836,0.25231546,0.00053172023,0.005298864,0.24701661,2015-09-10 06:00:00,1.0,0.000121092235,0.0,2.0750027e-05,0.000100008285
289.1726,0.4383651,0.0,0.028567918,0.435004,2015-09-10 07:00:00,0.0,0.0,0.0,0.0,0.0
288.6941,0.7386199,0.0067320913,0.1401242,0.73188055,2015-09-10 08:00:00,0.0,0.0,0.0,0.0,0.0
287.92065,0.65458953,0.3414604,0.31786704,0.31708926,2015-09-10 09:00:00,0.0,0.0,0.0,0.0,0.0
287.42212,0.89434755,0.013471484,0.8792511,0.3121428,2015-09-10 10:00:00,0.0,0.0,0.0,0.0,0.0
287.93872,0.9369107,0.11333841,0.9369107,0.2868694,2015-09-10 11:00:00,0.0,0.0,0.0,0.0,0.0
288.06543,0.21070766,0.064995706,0.14945781,0.0,2015-09-10 12:00:00,0.0,4.58253e-06,0.0,4.2197726e-06,0.0
288.062,0.10308713,0.04227403,0.064258456,0.0,2015-09-10 13:00:00,0.0,7.257676e-06,0.0,7.3054234e-06,0.0
288.3418,0.1568991,0.07285881,0.109312296,0.0,2015-09-10 14:00:00,0.0,2.864872e-06,0.0,2.864872e-06,0.0
290.63574,0.07425755,0.04842373,0.032157525,0.0,2015-09-10 15:00:00,0.0,0.0,0.0,0.0,0.0
291.6819,0.08424425,0.010316208,0.023972861,0.054196727,2015-09-10 16:00:00,0.0,3.8198294e-07,0.0,3.3423504e-07,0.0
292.7666,0.13750309,0.007138107,0.0055490583,0.13142228,2015-09-10 17:00:00,0.0,1.9099144e-07,0.0,1.9099144e-07,0.0
293.2229,0.07221818,0.0026463778,0.004767146,0.067451,2015-09-10 18:00:00,0.0,1.9099144e-07,0.0,1.432436e-07,0.0
293.75342,0.025701623,0.025176015,0.0026463778,0.0,2015-09-10 19:00:00,0.0,1.0504527e-06,0.0,1.0504527e-06,0.0
294.1223,0.26102173,0.01905347,0.26049006,0.0,2015-09-10 20:00:00,0.0,0.0,0.0,0.0,0.0
294.01318,0.28643668,0.0063116476,0.28643668,0.0,2015-09-10 21:00:00,0.0,0.0,0.0,0.0,0.0
292.37524,0.019877147,0.0,0.019877147,0.0,2015-09-10 22:00:00,0.0,0.0,0.0,0.0,0.0
291.67676,0.03457544,0.0,0.031929065,0.0026463778,2015-09-10 23:00:00,0.0,0.0,0.0,0.0,0.0
290.72925,0.056877073,0.05013768,0.030088928,0.0,2015-09-11 00:00:00,0.0,0.0,0.0,0.0,0.0
289.4441,0.08897698,0.08224487,0.026319366,0.0,2015-09-11 01:00:00,0.0,0.0,0.0,0.0,0.0
288.76465,0.09549594,0.04795303,0.0617748,0.0,2015-09-11 02:00:00,0.0,0.0,0.0,0.0,0.0
286.42554,0.025994625,0.011894479,0.017008934,0.0,2015-09-11 03:00:00,0.0,0.0,0.0,0.0,0.0
285.85718,0.021770898,0.012934923,0.008835975,0.0,2015-09-11 04:00:00,0.0,0.0,0.0,0.0,0.0
284.8374,0.069013536,0.06501764,0.014005676,0.0,2015-09-11 05:00:00,0.0,0.0,0.0,0.0,0.0
284.29688,0.11318183,0.0964427,0.025359903,0.0,2015-09-11 06:00:00,0.0,0.0,0.0,0.0,0.0
284.16235,0.029469803,0.029469803,0.0016249504,0.0,2015-09-11 07:00:00,0.0,0.0,0.0,0.0,0.0
283.86035,0.044570226,0.036741536,0.014935769,0.0,2015-09-11 08:00:00,0.0,0.0,0.0,0.0,0.0
283.0349,0.0674687,0.0674687,0.01610956,0.0,2015-09-11 09:00:00,0.0,0.0,0.0,0.0,0.0
282.00098,0.06969553,0.060241945,0.054441545,0.0,2015-09-11 10:00:00,0.0,0.0,0.0,0.0,0.0
282.0127,0.1523655,0.0869655,0.15183377,0.0,2015-09-11 11:00:00,0.0,0.0,0.0,0.0,0.0
282.01514,0.16628933,0.08313221,0.16340005,0.0,2015-09-11 12:00:00,0.0,0.0,0.0,0.0,0.0
282.82446,0.1373108,0.009678118,0.1373108,0.0,2015-09-11 13:00:00,0.0,0.0,0.0,0.0,0.0
284.24316,0.06681222,0.03119262,0.059354592,0.0,2015-09-11 14:00:00,0.0,0.0,0.0,0.0,0.0
287.1277,0.17921096,0.13410473,0.122921765,0.0,2015-09-11 15:00:00,0.0,0.0,0.0,1.3363075e-07,0.0
288.24487,0.50248504,0.37456673,0.42011416,0.0,2015-09-11 16:00:00,1.0,1.2692666e-05,0.0,1.2701958e-05,0.0
288.97705,0.7445425,0.6791829,0.62640476,0.0,2015-09-11 17:00:00,0.0,0.00010671362,0.0,0.00010679949,0.0
288.7849,0.9723074,0.95438164,0.7630263,0.065972984,2015-09-11 18:00:00,0.0,7.212837e-06,0.0,7.0792057e-06,0.0
288.69556,0.995161,0.9868908,0.84809524,0.32691687,2015-09-11 19:00:00,0.0,3.6433208e-05,0.0,3.632842e-05,0.0
289.36353,0.90873915,0.7704555,0.73134303,0.4882139,2015-09-11 20:00:00,0.0,3.426832e-05,0.0,3.4154247e-05,0.0
289.70386,0.7944811,0.47945064,0.75379395,0.18094385,2015-09-11 21:00:00,1.0,3.4122233e-05,0.0,3.4017445e-05,0.0
289.49194,0.4068811,0.0068626925,0.4068811,0.0,2015-09-11 22:00:00,0.0,3.0539537e-05,0.0,3.0272262e-05,0.0
289.10425,0.45652896,0.052871425,0.45652896,0.0,2015-09-11 23:00:00,0.0,4.8107086e-06,0.0,4.944339e-06,0.0
288.6084,0.5847241,0.05182162,0.58099526,0.0063116476,2015-09-12 00:00:00,0.0,3.741662e-06,0.0,3.4743998e-06,0.0
287.7495,0.4580372,0.09474957,0.45255506,0.0,2015-09-12 01:00:00,0.0,0.0,0.0,0.0,0.0
286.6233,0.31245977,0.12657624,0.26618737,0.0,2015-09-12 02:00:00,0.0,0.0,0.0,0.0,0.0
284.7412,0.2044155,0.087625325,0.19440573,0.0,2015-09-12 03:00:00,0.0,0.0,0.0,0.0,0.0
284.19653,0.14471096,0.10309285,0.13327616,0.0,2015-09-12 04:00:00,0.0,0.0,0.0,0.0,0.0
284.04932,0.10281283,0.053477284,0.09443408,0.0,2015-09-12 05:00:00,0.0,0.0,0.0,0.0,0.0
283.87817,0.10342318,0.033377025,0.10342318,0.0,2015-09-12 06:00:00,0.0,0.0,0.0,0.0,0.0
283.37866,0.14629877,0.03382822,0.13254303,0.0,2015-09-12 07:00:00,0.0,0.0,0.0,0.0,0.0
282.6106,0.17520285,0.12258452,0.1470074,0.0,2015-09-12 08:00:00,0.0,0.0,0.0,0.0,0.0
282.38452,0.16781354,0.13456482,0.14943606,0.0,2015-09-12 09:00:00,0.0,0.0,0.0,0.0,0.0
280.80322,0.2581808,0.17185724,0.25244868,0.0,2015-09-12 10:00:00,0.0,0.0,0.0,0.0,0.0
280.9602,0.29584223,0.17176938,0.2784717,0.0,2015-09-12 11:00:00,0.0,0.0,0.0,0.0,0.0
281.35938,0.40923572,0.17087549,0.40138263,0.0,2015-09-12 12:00:00,0.0,0.0,0.0,0.0,0.0
281.87646,0.38090628,0.030942477,0.38090628,0.0,2015-09-12 13:00:00,0.0,0.0,0.0,0.0,0.0
284.48535,0.31212807,0.019550718,0.31212807,0.0,2015-09-12 14:00:00,0.0,0.0,0.0,0.0,0.0
288.6831,0.24808794,0.013033811,0.24808794,0.0,2015-09-12 15:00:00,0.0,0.0,0.0,0.0,0.0
290.42847,0.1024968,0.039785262,0.0919556,0.0,2015-09-12 16:00:00,0.0,0.0,0.0,0.0,0.0
291.35498,0.043869913,0.008651894,0.043869913,0.0,2015-09-12 17:00:00,0.0,0.0,0.0,0.0,0.0
291.7268,0.7046509,0.35406476,0.66418505,0.0,2015-09-12 18:00:00,0.0,0.0,0.0,0.0,0.0
292.13086,0.92918843,0.27290374,0.92918843,0.0,2015-09-12 19:00:00,1.0,7.176961e-06,0.0,7.148117e-06,0.0
292.44116,0.87200624,0.028857864,0.8703813,0.012828555,2015-09-12 20:00:00,0.0,4.3107684e-06,0.0,4.0919012e-06,0.0
292.83276,0.70666564,0.032797355,0.70403004,0.025451854,2015-09-12 21:00:00,0.0,0.0,0.0,1.3363075e-07,0.0
292.3318,0.6453933,0.019491065,0.6453933,0.0,2015-09-12 22:00:00,0.0,0.0,0.0,0.0,0.0
292.39526,0.68695295,0.023938213,0.68695295,0.0,2015-09-12 23:00:00,0.0,0.0,0.0,0.0,0.0
291.37036,0.013307486,0.0,0.0,0.013307486,2015-09-13 00:00:00,0.0,0.0,0.0,0.0,0.0
288.96045,0.21740127,0.0,0.0,0.21740127,2015-09-13 01:00:00,0.0,0.0,0.0,0.0,0.0
287.49634,0.29893607,0.0,0.0,0.29893607,2015-09-13 02:00:00,0.0,0.0,0.0,0.0,0.0
285.36304,0.0,0.0,0.0,0.0,2015-09-13 03:00:00,0.0,0.0,0.0,0.0,0.0
284.92065,0.0,0.0,0.0,0.0,2015-09-13 04:00:00,0.0,0.0,0.0,0.0,0.0
284.52197,0.0,0.0,0.0,0.0,2015-09-13 05:00:00,0.0,0.0,0.0,0.0,0.0
284.27246,0.0,0.0,0.0,0.0,2015-09-13 06:00:00,0.0,0.0,0.0,0.0,0.0
284.07812,0.0,0.0,0.0,0.0,2015-09-13 07:00:00,0.0,0.0,0.0,0.0,0.0
283.8645,0.0,0.0,0.0,0.0,2015-09-13 08:00:00,0.0,0.0,0.0,0.0,0.0
283.25366,0.0,0.0,0.0,0.0,2015-09-13 09:00:00,0.0,0.0,0.0,0.0,0.0
282.9619,0.0,0.0,0.0,0.0,2015-09-13 10:00:00,0.0,0.0,0.0,0.0,0.0
282.8794,0.0,0.0,0.0,0.0,2015-09-13 11:00:00,0.0,0.0,0.0,0.0,0.0
282.69263,0.0,0.0,0.0,0.0,2015-09-13 12:00:00,0.0,0.0,0.0,0.0,0.0
283.3501,0.0,0.0,0.0,0.0,2015-09-13 13:00:00,0.0,0.0,0.0,0.0,0.0
285.885,0.0,0.0,0.0,0.0,2015-09-13 14:00:00,0.0,0.0,0.0,0.0,0.0
290.7141,0.0,0.0,0.0,0.0,2015-09-13 15:00:00,0.0,0.0,0.0,0.0,0.0
292.3579,0.0,0.0,0.0,0.0,2015-09-13 16:00:00,0.0,0.0,0.0,0.0,0.0
293.80664,0.0,0.0,0.0,0.0,2015-09-13 17:00:00,0.0,0.0,0.0,0.0,0.0
294.92603,0.0,0.0,0.0,0.0,2015-09-13 18:00:00,0.0,0.0,0.0,0.0,0.0
295.43115,0.0,0.0,0.0,0.0,2015-09-13 19:00:00,0.0,0.0,0.0,0.0,0.0
296.0652,0.0,0.0,0.0,0.0,2015-09-13 20:00:00,0.0,0.0,0.0,0.0,0.0
296.5056,0.0,0.0,0.0,0.0,2015-09-13 21:00:00,0.0,0.0,0.0,0.0,0.0
296.00146,0.0,0.0,0.0,0.0,2015-09-13 22:00:00,0.0,0.0,0.0,0.0,0.0
295.5276,0.0,0.0,0.0,0.0,2015-09-13 23:00:00,0.0,0.0,0.0,0.0,0.0
294.5581,0.0,0.0,0.0,0.0,2015-09-14 00:00:00,0.0,0.0,0.0,0.0,0.0
293.21777,0.0,0.0,0.0,0.0,2015-09-14 01:00:00,0.0,0.0,0.0,0.0,0.0
292.33105,0.0,0.0,0.0,0.0,2015-09-14 02:00:00,0.0,0.0,0.0,0.0,0.0
290.77612,0.0,0.0,0.0,0.0,2015-09-14 03:00:00,0.0,0.0,0.0,0.0,0.0
290.3208,0.0,0.0,0.0,0.0,2015-09-14 04:00:00,0.0,0.0,0.0,0.0,0.0
290.09033,0.0,0.0,0.0,0.0,2015-09-14 05:00:00,0.0,0.0,0.0,0.0,0.0
289.66113,0.0,0.0,0.0,0.0,2015-09-14 06:00:00,0.0,0.0,0.0,0.0,0.0
289.29126,0.0,0.0,0.0,0.0,2015-09-14 07:00:00,0.0,0.0,0.0,0.0,0.0
288.87402,0.0,0.0,0.0,0.0,2015-09-14 08:00:00,0.0,0.0,0.0,0.0,0.0
287.99927,0.0,0.0,0.0,0.0,2015-09-14 09:00:00,0.0,0.0,0.0,0.0,0.0
287.5952,0.0,0.0,0.0,0.0,2015-09-14 10:00:00,0.0,0.0,0.0,0.0,0.0
287.43628,0.0,0.0,0.0,0.0,2015-09-14 11:00:00,0.0,0.0,0.0,0.0,0.0
287.39087,0.0,0.0,0.0,0.0,2015-09-14 12:00:00,0.0,0.0,0.0,0.0,0.0
288.29492,0.0,0.0,0.0,0.0,2015-09-14 13:00:00,0.0,0.0,0.0,0.0,0.0
289.73486,0.0,0.0,0.0,0.0,2015-09-14 14:00:00,0.0,0.0,0.0,0.0,0.0
293.95117,0.0,0.0,0.0,0.0,2015-09-14 15:00:00,0.0,0.0,0.0,0.0,0.0
295.30225,0.0,0.0,0.0,0.0,2015-09-14 16:00:00,0.0,0.0,0.0,0.0,0.0
296.6875,0.0,0.0,0.0,0.0,2015-09-14 17:00:00,0.0,0.0,0.0,0.0,0.0
297.79346,0.019550718,0.0,0.019550718,0.0,2015-09-14 18:00:00,0.0,0.0,0.0,0.0,0.0
298.71802,0.11602527,0.0,0.11602527,0.0,2015-09-14 19:00:00,0.0,0.0,0.0,0.0,0.0
299.5542,0.24198931,0.0,0.24198931,0.0,2015-09-14 20:00:00,0.0,0.0,0.0,0.0,0.0
300.28687,0.3722133,0.0,0.3553807,0.12458485,2015-09-14 21:00:00,0.0,0.0,0.0,0.0,0.0
300.04468,0.09056842,0.0,0.09056842,0.0,2015-09-14 22:00:00,0.0,0.0,0.0,0.0,0.0
299.57617,0.095968425,0.0,0.095968425,0.0,2015-09-14 23:00:00,0.0,0.0,0.0,0.0,0.0
298.62573,0.028463978,0.0,0.028463978,0.0,2015-09-15 00:00:00,0.0,0.0,0.0,0.0,0.0
297.39795,0.015096433,0.0,0.015096433,0.0,2015-09-15 01:00:00,0.0,0.0,0.0,0.0,0.0
296.8728,0.0,0.0,0.0,0.0,2015-09-15 02:00:00,0.0,0.0,0.0,0.0,0.0
295.13818,0.0,0.0,0.0,0.0,2015-09-15 03:00:00,0.0,0.0,0.0,0.0,0.0
294.81616,0.0,0.0,0.0,0.0,2015-09-15 04:00:00,0.0,0.0,0.0,0.0,0.0
294.44214,0.006854143,0.0,0.0057968125,0.0026463778,2015-09-15 05:00:00,0.0,0.0,0.0,0.0,0.0
294.36035,0.062436584,0.0,0.04499304,0.03191811,2015-09-15 06:00:00,0.0,0.0,0.0,0.0,0.0
294.65454,0.009492185,0.0,0.004750259,0.004741922,2015-09-15 07:00:00,0.0,0.0,0.0,0.0,0.0
294.35596,0.014276218,0.0,0.014276218,0.0,2015-09-15 08:00:00,0.0,0.0,0.0,0.0,0.0
293.62134,0.024748031,0.0,0.017379053,0.012667846,2015-09-15 09:00:00,0.0,0.0,0.0,0.0,0.0
292.90674,0.45549864,0.0,0.30609667,0.34455323,2015-09-15 10:00:00,0.0,0.0,0.0,0.0,0.0
292.813,0.13962555,0.0,0.13962555,0.0,2015-09-15 11:00:00,0.0,0.0,0.0,0.0,0.0
292.4702,0.0010573287,0.0,0.0,0.0010573287,2015-09-15 12:00:00,0.0,0.0,0.0,0.0,0.0
292.78125,0.012428332,0.0,0.00053172023,0.012428332,2015-09-15 13:00:00,0.0,0.0,0.0,0.0,0.0
293.6931,0.04122233,0.0,0.0,0.04122233,2015-09-15 14:00:00,0.0,0.0,0.0,0.0,0.0
296.54614,0.0,0.0,0.0,0.0,2015-09-15 15:00:00,0.0,0.0,0.0,0.0,0.0
297.60547,0.00053172023,0.0,0.0,0.00053172023,2015-09-15 16:00:00,0.0,0.0,0.0,0.0,0.0
298.93335,0.025091622,0.0,0.004235424,0.024028182,2015-09-15 17:00:00,0.0,8.1971814e-07,0.0,7.626782e-07,0.0
299.4668,0.087991774,0.0,0.03304617,0.064570606,2015-09-15 18:00:00,0.0,0.0,0.0,0.0,0.0
300.24512,0.04359441,0.0,0.0,0.04359441,2015-09-15 19:00:00,0.0,0.0,0.0,0.0,0.0
300.90454,0.05798527,0.0,0.05639622,0.004767146,2015-09-15 20:00:00,0.0,0.0,0.0,0.0,0.0
301.87964,0.112736344,0.0,0.10877025,0.02269544,2015-09-15 21:00:00,0.0,0.0,0.0,0.0,0.0
301.54004,0.08228004,0.0,0.08069104,0.007920023,2015-09-15 22:00:00,0.0,0.0,0.0,0.0,0.0
301.14478,0.029469803,0.0,0.029469803,0.0,2015-09-15 23:00:00,0.0,0.0,0.0,0.0,0.0
300.1455,0.0341188,0.0,0.014568079,0.019550718,2015-09-16 00:00:00,0.0,0.0,0.0,0.0,0.0
299.3098,0.3831054,0.0,0.0,0.3831054,2015-09-16 01:00:00,0.0,0.0,0.0,0.0,0.0
298.81885,0.87303483,0.0,0.0,0.87303483,2015-09-16 02:00:00,0.0,0.0,0.0,0.0,0.0
297.25244,0.8985296,0.0,0.004207764,0.8985296,2015-09-16 03:00:00,0.0,0.0,0.0,0.0,0.0
297.01782,0.9724728,0.0,0.07938337,0.9724728,2015-09-16 04:00:00,0.0,0.0,0.0,0.0,0.0
296.34937,1.0,0.0,0.08225095,1.0,2015-09-16 05:00:00,0.0,0.0,0.0,0.0,0.0
295.92554,0.9879141,0.0,0.08435768,0.98738235,2015-09-16 06:00:00,0.0,0.0,0.0,0.0,0.0
295.56104,0.881425,0.0,0.21186876,0.85593367,2015-09-16 07:00:00,0.0,4.0603598e-05,0.0,4.0460684e-05,0.0
294.9668,0.643285,0.0,0.27088207,0.59502476,2015-09-16 08:00:00,0.0,4.5369943e-06,0.0,4.594034e-06,0.0
294.10962,0.31521004,0.0,0.09785241,0.29705453,2015-09-16 09:00:00,0.0,0.0,0.0,0.0,0.0
292.74976,0.31853592,0.0,0.06813204,0.30505025,2015-09-16 10:00:00,0.0,0.0,0.0,0.0,0.0
292.6941,0.32460332,0.0,0.024974484,0.31462133,2015-09-16 11:00:00,0.0,0.0,0.0,0.0,0.0
292.6377,0.59230065,0.0,0.0016249504,0.59230065,2015-09-16 12:00:00,0.0,0.0,0.0,0.0,0.0
292.77734,0.65686697,0.0,0.17121339,0.60303825,2015-09-16 13:00:00,0.0,0.0,0.0,0.0,0.0
293.75977,0.5972218,0.0,0.26243478,0.4565701,2015-09-16 14:00:00,0.0,0.0,0.0,0.0,0.0
296.4004,0.6808142,0.0,0.46078843,0.40197313,2015-09-16 15:00:00,0.0,0.0,0.0,0.0,0.0
297.68213,0.43965077,0.0,0.15210587,0.3379445,2015-09-16 16:00:00,0.0,0.0,0.0,0.0,0.0
299.0708,0.31710732,0.0,0.10697168,0.23822379,2015-09-16 17:00:00,0.0,0.0,0.0,0.0,0.0
299.8269,0.51352787,0.0,0.24605113,0.3894413,2015-09-16 18:00:00,0.0,0.0,0.0,0.0,0.0
300.13647,0.69217867,0.0,0.20343012,0.63034785,2015-09-16 19:00:00,0.0,0.0,0.0,0.0,0.0
300.40015,0.64679873,0.010009766,0.13595766,0.59925395,2015-09-16 20:00:00,0.0,0.0,0.0,0.0,0.0
300.94727,0.5157432,0.010009766,0.40910316,0.17538315,2015-09-16 21:00:00,0.0,0.0,0.0,0.0,0.0
300.9939,0.39170736,0.0,0.26413453,0.22315997,2015-09-16 22:00:00,0.0,0.0,0.0,0.0,0.0
300.4851,0.34606922,0.0037288337,0.16142774,0.252971,2015-09-16 23:00:00,0.0,0.0,0.0,0.0,0.0
300.07373,0.4079939,0.010009766,0.12957853,0.36490285,2015-09-17 00:00:00,0.0,0.0,0.0,0.0,0.0
299.58008,0.6098957,0.004260551,0.19729042,0.56869006,2015-09-17 01:00:00,0.0,0.0,0.0,0.0,0.0
298.91724,0.6160955,0.008415531,0.28138793,0.49538422,2015-09-17 02:00:00,1.0,3.7857535e-05,0.0,3.7723905e-05,0.0
297.9109,0.6230757,0.07396716,0.31586987,0.462842,2015-09-17 03:00:00,1.0,0.00014152231,0.0,0.00014168414,0.0
297.24512,0.66285753,0.16034687,0.116224945,0.5681142,2015-09-17 04:00:00,1.0,0.0006185996,0.0,0.0006169961,1.8708306e-06
296.81738,0.716977,0.25693852,0.2256223,0.6267512,2015-09-17 05:00:00,1.0,0.00037004007,0.0,0.00034148898,2.8894312e-05
296.7827,0.81420326,0.09774375,0.39971536,0.7218431,2015-09-17 06:00:00,1.0,6.0195016e-05,0.0,4.025144e-05,1.9991305e-05
296.68457,0.87829375,0.03943679,0.39241052,0.7953771,2015-09-17 07:00:00,0.0,7.804339e-05,0.0,7.515191e-05,2.8821914e-06
296.7495,0.9492876,0.023693759,0.36995602,0.9280423,2015-09-17 08:00:00,0.0,6.1052255e-05,0.0,6.0956765e-05,0.0
296.4392,0.99946827,0.06685305,0.18894029,0.99841094,2015-09-17 09:00:00,1.0,4.201812e-06,0.0,4.2495603e-06,0.0
296.06104,1.0,1.0,0.7716295,0.9806512,2015-09-17 10:00:00,1.0,0.0010092163,0.0,0.0010090251,2.864872e-07
295.73462,0.98543525,0.4655202,0.30169147,0.97790766,2015-09-17 11:00:00,0.0,8.380423e-05,0.0,8.117937e-05,2.5771014e-06
295.5647,0.9207472,0.7545001,0.7565818,0.6671394,2015-09-17 12:00:00,1.0,4.9606274e-07,0.0,0.0,2.864872e-07
295.60034,0.8790532,0.8244413,0.52514404,0.42074496,2015-09-17 13:00:00,0.0,3.813414e-07,0.0,0.0,1.14079796e-07
295.78442,0.89694005,0.8357008,0.54325145,0.4424321,2015-09-17 14:00:00,1.0,0.00026339106,0.0,0.00026325742,0.0
296.1123,0.80385274,0.43491393,0.16328567,0.5980492,2015-09-17 15:00:00,1.0,0.001159251,0.0,0.0011591369,0.0
296.06323,0.65831417,0.09630346,0.10455334,0.60426474,2015-09-17 16:00:00,1.0,0.001349672,0.0,0.0013437804,5.7579027e-06
296.6145,0.6063613,0.375951,0.13221061,0.30135924,2015-09-17 17:00:00,1.0,0.00084936223,0.0,0.0007956552,5.3954776e-05
297.14648,0.6594793,0.5605598,0.18695545,0.1605283,2015-09-17 18:00:00,1.0,7.7051445e-05,0.0,4.3076914e-05,3.3736113e-05
297.14136,0.6448201,0.4789605,0.27854413,0.25443512,2015-09-17 19:00:00,1.0,0.001562668,0.0,0.0014801926,8.300926e-05
297.0415,0.8279921,0.5146312,0.5903014,0.3835017,2015-09-17 20:00:00,1.0,0.0037903502,0.0,0.0037521536,3.8387385e-05
295.14966,0.9754361,0.5979917,0.35416114,0.92810535,2015-09-17 21:00:00,1.0,0.00303367,0.0,0.0028892616,0.00014416996
295.14038,0.8603968,0.107730865,0.24391514,0.7889281,2015-09-17 22:00:00,1.0,0.00012709702,0.0,9.129393e-05,3.5803096e-05
295.62988,0.72058725,0.21241957,0.15294361,0.59753984,2015-09-17 23:00:00,1.0,2.233457e-05,0.0,1.510028e-05,7.1006725e-06
295.56836,0.47101092,0.06698561,0.0255632,0.44156438,2015-09-18 00:00:00,0.0,1.8688879e-06,0.0,0.0,1.6593121e-06
295.1848,0.19855607,0.008476965,0.0,0.19219989,2015-09-18 01:00:00,0.0,1.1818338e-06,0.0,0.0,1.0863378e-06
293.83936,0.016772885,0.0021207693,0.0057492107,0.008927308,2015-09-18 02:00:00,0.0,5.9110853e-06,0.0,0.0,6.12066e-06
291.16235,0.011471577,0.011471577,0.0,0.0,2015-09-18 03:00:00,0.0,9.549569e-08,0.0,0.0,9.549569e-08
290.30273,0.005006563,0.005006563,0.0,0.0,2015-09-18 04:00:00,0.0,0.0,0.0,0.0,0.0
289.81372,0.0,0.0,0.0,0.0,2015-09-18 05:00:00,0.0,0.0,0.0,0.0,0.0
288.7295,0.0,0.0,0.0,0.0,2015-09-18 06:00:00,0.0,0.0,0.0,0.0,0.0
288.1797,0.0,0.0,0.0,0.0,2015-09-18 07:00:00,0.0,0.0,0.0,0.0,0.0
287.56665,0.022627879,0.0,0.0,0.022627879,2015-09-18 08:00:00,0.0,0.0,0.0,0.0,0.0
286.6814,0.7086518,0.0,0.0,0.7086518,2015-09-18 09:00:00,0.0,0.0,0.0,0.0,0.0
285.46338,0.0,0.0,0.0,0.0,2015-09-18 10:00:00,0.0,0.0,0.0,0.0,0.0
285.40308,0.13550496,0.0,0.0,0.13550496,2015-09-18 11:00:00,0.0,0.0,0.0,0.0,0.0
285.2644,0.7459218,0.0,0.0,0.7459218,2015-09-18 12:00:00,0.0,0.0,0.0,0.0,0.0
285.91382,1.0,0.0,0.5167214,1.0,2015-09-18 13:00:00,0.0,0.0,0.0,0.0,0.0
286.49292,0.9671118,0.0,0.3889683,0.9626443,2015-09-18 14:00:00,0.0,0.0,0.0,0.0,0.0
287.90796,0.9955644,0.21619308,0.8042282,0.9877357,2015-09-18 15:00:00,0.0,0.0,0.0,0.0,0.0
288.55322,1.0,0.67498505,0.9794253,1.0,2015-09-18 16:00:00,0.0,1.3178412e-05,0.0,1.3082916e-05,0.0
289.02222,1.0,0.7452174,0.98415506,1.0,2015-09-18 17:00:00,0.0,6.4859933e-06,0.0,0.0,6.639175e-06
289.5725,0.99946827,0.55350554,0.99946827,0.8162547,2015-09-18 18:00:00,0.0,3.2615808e-06,0.0,0.0,3.2615808e-06
289.8352,0.9952328,0.4593131,0.991523,0.42268914,2015-09-18 19:00:00,1.0,1.5424695e-05,0.0,0.0,1.5634272e-05
290.03125,0.90974873,0.4008971,0.7383973,0.6764166,2015-09-18 20:00:00,1.0,8.963251e-05,0.0,3.090476e-05,5.8852078e-05
289.74097,0.93441534,0.25773174,0.68024087,0.7797969,2015-09-18 21:00:00,1.0,0.00032407907,0.0,0.0002690924,5.4900636e-05
288.03955,0.9612468,0.10650855,0.92405015,0.85781276,2015-09-18 22:00:00,1.0,0.00025437237,0.0,0.00017600416,7.831125e-05
287.67236,0.98625547,0.12054086,0.9754401,0.93070745,2015-09-18 23:00:00,1.0,0.00036840187,0.0,0.00025179726,0.000116928786
287.48682,0.9989426,0.042754088,0.99841094,0.5790454,2015-09-19 00:00:00,1.0,0.00030254852,0.0,6.944353e-05,0.00023291436
287.20337,0.9742608,0.0068065375,0.97263587,0.6581892,2015-09-19 01:00:00,1.0,0.000710292,0.0,0.00016309564,0.0005472158
286.98584,0.98919415,0.056104507,0.98919415,0.15395951,2015-09-19 02:00:00,1.0,0.001128929,0.0,0.0004898396,0.00063882186
286.14844,0.98653334,0.013839208,0.98653334,0.2091763,2015-09-19 03:00:00,1.0,0.00037300028,0.0,3.8876504e-05,0.00033386634
286.03125,0.4979831,0.016174268,0.48813736,0.0032499009,2015-09-19 04:00:00,1.0,0.0001902633,0.0,4.638215e-05,0.00014407182
285.5559,0.9004151,0.0,0.9004151,0.0,2015-09-19 05:00:00,1.0,5.627898e-05,0.0,5.4788625e-06,5.0666495e-05
285.05493,0.52868485,0.0016249504,0.52868485,0.0,2015-09-19 06:00:00,0.0,1.151456e-05,0.0,0.0,1.151456e-05
284.69336,0.011408862,0.011408862,0.0,0.0,2015-09-19 07:00:00,0.0,0.0,0.0,0.0,0.0
283.75293,0.0054821298,0.0054821298,0.0,0.0,2015-09-19 08:00:00,0.0,0.0,0.0,0.0,0.0
283.28296,0.009103052,0.009103052,0.0,0.0,2015-09-19 09:00:00,0.0,0.0,0.0,0.0,0.0
281.97656,0.0,0.0,0.0,0.0,2015-09-19 10:00:00,0.0,0.0,0.0,0.0,0.0
281.90112,0.0,0.0,0.0,0.0,2015-09-19 11:00:00,0.0,0.0,0.0,0.0,0.0
281.73218,0.0,0.0,0.0,0.0,2015-09-19 12:00:00,0.0,0.0,0.0,0.0,0.0
282.36523,0.0,0.0,0.0,0.0,2015-09-19 13:00:00,0.0,0.0,0.0,0.0,0.0
284.02515,0.0,0.0,0.0,0.0,2015-09-19 14:00:00,0.0,0.0,0.0,0.0,0.0
287.72168,0.0,0.0,0.0,0.0,2015-09-19 15:00:00,0.0,0.0,0.0,0.0,0.0
289.56763,0.0,0.0,0.0,0.0,2015-09-19 16:00:00,0.0,0.0,0.0,0.0,0.0
290.83105,0.01681481,0.01681481,0.0,0.0,2015-09-19 17:00:00,0.0,0.0,0.0,0.0,0.0
291.5974,0.09299266,0.087638855,0.0,0.005370889,2015-09-19 18:00:00,0.0,0.0,0.0,0.0,0.0
292.29492,0.33952403,0.080949605,0.0,0.27315962,2015-09-19 19:00:00,0.0,0.0,0.0,0.0,0.0
292.64648,1.0,0.012214005,0.0,1.0,2015-09-19 20:00:00,0.0,0.0,0.0,0.0,0.0
293.28613,1.0,0.0,0.0,1.0,2015-09-19 21:00:00,0.0,0.0,0.0,0.0,0.0
292.63135,1.0,0.0,0.0,1.0,2015-09-19 22:00:00,0.0,0.0,0.0,0.0,0.0
292.05566,0.99946827,0.0,0.0,0.99946827,2015-09-19 23:00:00,0.0,0.0,0.0,0.0,0.0
291.16748,0.9952138,0.0,0.0,0.9952138,2015-09-20 00:00:00,0.0,0.0,0.0,0.0,0.0
290.00977,0.979532,0.0,0.0,0.979532,2015-09-20 01:00:00,0.0,0.0,0.0,0.0,0.0
288.8452,0.94799995,0.0,0.0,0.94799995,2015-09-20 02:00:00,0.0,0.0,0.0,0.0,0.0
287.09058,0.93617296,0.0,0.0,0.93617296,2015-09-20 03:00:00,0.0,0.0,0.0,0.0,0.0
286.65625,0.8783239,0.0,0.0,0.8783239,2015-09-20 04:00:00,0.0,0.0,0.0,0.0,0.0
286.10767,0.7733807,0.0,0.0,0.7733807,2015-09-20 05:00:00,0.0,0.0,0.0,0.0,0.0
285.22217,0.67476386,0.0,0.0,0.67476386,2015-09-20 06:00:00,0.0,0.0,0.0,0.0,0.0
285.01392,0.3844509,0.0,0.0,0.3844509,2015-09-20 07:00:00,0.0,0.0,0.0,0.0,0.0
284.48853,0.29434228,0.0,0.0,0.29434228,2015-09-20 08:00:00,0.0,0.0,0.0,0.0,0.0
284.14404,0.2657104,0.0,0.0,0.2657104,2015-09-20 09:00:00,0.0,0.0,0.0,0.0,0.0
283.07593,0.23717862,0.0,0.0,0.23717862,2015-09-20 10:00:00,0.0,0.0,0.0,0.0,0.0
283.04224,0.12866741,0.0,0.0097927265,0.12603182,2015-09-20 11:00:00,0.0,0.0,0.0,0.0,0.0
282.9441,0.10747212,0.0,0.08169091,0.03475874,2015-09-20 12:00:00,0.0,0.0,0.0,0.0,0.0
283.60156,0.22085929,0.0,0.20442897,0.021956384,2015-09-20 13:00:00,0.0,0.0,0.0,0.0,0.0
285.03467,0.33580792,0.0,0.33580792,0.0,2015-09-20 14:00:00,0.0,0.0,0.0,0.0,0.0
289.8098,0.32746667,0.0,0.32746667,0.0068433695,2015-09-20 15:00:00,0.0,0.0,0.0,0.0,0.0
291.44263,0.028023023,0.0,0.028023023,0.0021207693,2015-09-20 16:00:00,0.0,0.0,0.0,0.0,0.0
292.8777,0.10978633,0.0,0.10819727,0.0058244728,2015-09-20 17:00:00,0.0,0.0,0.0,0.0,0.0
293.7588,0.101548016,0.0,0.099184334,0.014532525,2015-09-20 18:00:00,0.0,0.0,0.0,0.0,0.0
294.23315,0.08271116,0.0,0.08271116,0.0,2015-09-20 19:00:00,0.0,0.0,0.0,0.0,0.0
294.54077,0.12549734,0.0,0.12549734,0.0,2015-09-20 20:00:00,0.0,0.0,0.0,0.0,0.0
295.00366,0.07499212,0.0,0.07499212,0.0,2015-09-20 21:00:00,0.0,0.0,0.0,0.0,0.0
292.96484,0.28386474,0.0,0.28386474,0.0,2015-09-20 22:00:00,0.0,3.741662e-06,0.0,3.8752924e-06,0.0
291.97607,0.1988061,0.0016249504,0.1988061,0.0,2015-09-20 23:00:00,0.0,0.00013317443,0.0,0.00013267805,0.0
291.36426,0.15013844,0.038690925,0.14314258,0.0,2015-09-21 00:00:00,0.0,2.2918975e-06,0.0,2.244149e-06,0.0
290.92334,0.21970499,0.047281086,0.21970499,0.0,2015-09-21 01:00:00,0.0,1.8786479e-05,0.0,1.873872e-05,0.0
290.2439,0.43929142,0.07372826,0.4371875,0.0,2015-09-21 02:00:00,0.0,3.4043696e-05,0.0,3.3890523e-05,0.0
288.9641,0.40788692,0.096549034,0.40415812,0.0,2015-09-21 03:00:00,0.0,6.263149e-05,0.0,6.276512e-05,0.0
288.46655,0.2788415,0.11216974,0.2788415,0.0,2015-09-21 04:00:00,0.0,3.4718068e-06,0.0,3.4718068e-06,0.0
288.3164,0.21345651,0.106769025,0.19300294,0.0,2015-09-21 05:00:00,0.0,4.3447108e-06,0.0,4.3447108e-06,0.0
288.19434,0.14709967,0.04359839,0.13303542,0.0,2015-09-21 06:00:00,0.0,6.0238817e-06,0.0,5.7377156e-06,0.0
287.9231,0.033786375,0.028769035,0.03272905,0.0,2015-09-21 07:00:00,0.0,0.0,0.0,0.0,0.0
287.646,0.019254196,0.0055490583,0.019254196,0.0,2015-09-21 08:00:00,0.0,0.0,0.0,0.0,0.0
287.17944,0.0044917315,0.0034282913,0.0044917315,0.0,2015-09-21 09:00:00,0.0,0.0,0.0,0.0,0.0
286.708,0.046032608,0.046032608,0.0034282913,0.0,2015-09-21 10:00:00,0.0,0.0,0.0,0.0,0.0
286.68848,0.079440355,0.079440355,0.0015890491,0.0,2015-09-21 11:00:00,0.0,0.0,0.0,0.0,0.0
286.57544,0.14724088,0.14724088,0.00053172023,0.0,2015-09-21 12:00:00,0.0,0.0,0.0,0.0,0.0
287.24927,0.078677595,0.078677595,0.015781246,0.0,2015-09-21 13:00:00,0.0,0.0,0.0,0.0,0.0
288.69824,0.060425922,0.0559044,0.005053241,0.0,2015-09-21 14:00:00,0.0,0.0,0.0,0.0,0.0
292.4878,0.051421314,0.051421314,0.0,0.0,2015-09-21 15:00:00,0.0,0.0,0.0,0.0,0.0
294.47925,0.06461257,0.06461257,0.004527632,0.0,2015-09-21 16:00:00,0.0,0.0,0.0,0.0,0.0
296.3579,0.031056106,0.031056106,0.011067092,0.0,2015-09-21 17:00:00,0.0,0.0,0.0,0.0,0.0
297.53882,0.0,0.0,0.0,0.0,2015-09-21 18:00:00,0.0,0.0,0.0,0.0,0.0
298.333,0.022891697,0.009442143,0.022891697,0.0,2015-09-21 19:00:00,0.0,0.0,0.0,0.0,0.0
298.86597,0.011281386,0.0,0.011281386,0.0,2015-09-21 20:00:00,0.0,0.0,0.0,0.0,0.0
299.3506,0.0037288337,0.0037288337,0.0,0.0,2015-09-21 21:00:00,0.0,0.0,0.0,0.0,0.0
298.66357,0.01998901,0.01998901,0.0,0.0,2015-09-21 22:00:00,0.0,0.0,0.0,0.0,0.0
298.18872,0.041285854,0.041285854,0.0,0.0,2015-09-21 23:00:00,0.0,0.0,0.0,0.0,0.0
297.16162,0.029469803,0.029469803,0.0,0.0,2015-09-22 00:00:00,0.0,0.0,0.0,0.0,0.0
295.83594,0.009478044,0.009478044,0.0,0.0,2015-09-22 01:00:00,0.0,0.0,0.0,0.0,0.0
295.1936,0.005003199,0.005003199,0.0,0.0,2015-09-22 02:00:00,0.0,0.0,0.0,0.0,0.0
293.41016,0.0,0.0,0.0,0.0,2015-09-22 03:00:00,0.0,0.0,0.0,0.0,0.0
292.9712,0.0066281483,0.0,0.0,0.0066281483,2015-09-22 04:00:00,0.0,0.0,0.0,0.0,0.0
292.31787,0.08237654,0.0,0.0,0.08237654,2015-09-22 05:00:00,0.0,0.0,0.0,0.0,0.0
291.88086,0.23649836,0.0,0.0,0.23649836,2015-09-22 06:00:00,0.0,3.813414e-07,0.0,0.0,3.813414e-07
291.7019,0.31925172,0.056853767,0.0032499009,0.28391463,2015-09-22 07:00:00,0.0,0.0,0.0,0.0,0.0
291.46484,0.29135996,0.21889484,0.037785813,0.094240844,2015-09-22 08:00:00,1.0,0.0,0.0,0.0,0.0
290.84473,0.3048305,0.27563757,0.08631241,0.0010573287,2015-09-22 09:00:00,1.0,0.0,0.0,0.0,0.0
290.98145,0.33079022,0.3079486,0.074127436,0.0,2015-09-22 10:00:00,1.0,4.4069056e-06,0.0,4.302118e-06,0.0
291.26367,0.31969535,0.30844176,0.029099368,0.0,2015-09-22 11:00:00,1.0,4.2921665e-06,0.0,4.339914e-06,0.0
291.46045,0.2819628,0.2819628,0.0,0.0,2015-09-22 12:00:00,0.0,2.864872e-07,0.0,2.864872e-07,0.0
291.6548,0.66628414,0.6639132,0.0057492107,0.0,2015-09-22 13:00:00,1.0,0.0,0.0,0.0,0.0
292.28784,0.9623884,0.9623884,0.0033782488,0.0,2015-09-22 14:00:00,1.0,0.0,0.0,0.0,0.0
293.40918,1.0,1.0,0.00053172023,0.0,2015-09-22 15:00:00,1.0,1.5253654e-06,0.0,1.3917343e-06,0.0
293.24634,0.998375,0.998375,0.0,0.0,2015-09-22 16:00:00,0.0,1.586377e-05,0.0,1.4977726e-05,9.908417e-07
293.64917,0.9949968,0.9949968,0.0,0.0,2015-09-22 17:00:00,0.0,5.5651297e-05,0.0,5.3686585e-05,1.6022768e-06
294.42578,0.9942508,0.9942508,0.0,0.0,2015-09-22 18:00:00,0.0,6.856174e-05,0.0,6.540399e-05,3.5487092e-06
294.87012,1.0,1.0,0.0,0.0,2015-09-22 19:00:00,1.0,5.6515582e-06,0.0,3.426313e-06,2.1009055e-06
295.11084,1.0,1.0,0.0,0.0,2015-09-22 20:00:00,1.0,2.5305664e-05,0.0,1.163895e-05,1.3457143e-05
295.62622,1.0,1.0,0.0,0.0,2015-09-22 21:00:00,0.0,5.275967e-05,0.0,1.35764385e-05,3.9364604e-05
294.97437,0.9773494,0.9773494,0.0,0.0,2015-09-22 22:00:00,0.0,3.772319e-05,0.0,1.269329e-06,3.646314e-05
294.61694,0.89339286,0.89339286,0.0,0.0,2015-09-22 23:00:00,0.0,8.504828e-06,0.0,0.0,8.88617e-06
294.1045,0.823102,0.823102,0.0,0.0,2015-09-23 00:00:00,0.0,6.6385337e-06,0.0,0.0,6.6571174e-06
293.47192,0.41379398,0.41379398,0.0,0.0,2015-09-23 01:00:00,0.0,1.0416081e-05,0.0,0.0,1.01488195e-05
292.94482,0.29671925,0.29671925,0.0,0.0,2015-09-23 02:00:00,1.0,9.323308e-06,0.0,0.0,9.323308e-06
291.97583,0.3746766,0.3746766,0.01000702,0.0,2015-09-23 03:00:00,1.0,7.191017e-06,0.0,4.7747868e-08,7.3627834e-06
291.5332,0.42110503,0.42110503,0.01527486,0.0,2015-09-23 04:00:00,1.0,1.7329003e-05,0.0,2.9863231e-06,1.4562205e-05
291.4182,0.5270638,0.5270638,0.025527298,0.0,2015-09-23 05:00:00,1.0,4.4193468e-05,0.0,2.1211235e-05,2.309728e-05
291.01514,0.82296455,0.79641294,0.045765527,0.15572613,2015-09-23 06:00:00,1.0,4.6378773e-05,0.0,4.1284162e-05,4.770305e-06
290.63135,0.87888867,0.69406605,0.08695501,0.6078701,2015-09-23 07:00:00,1.0,1.6016265e-06,0.0,1.4013431e-06,9.549569e-08
290.32764,0.9580687,0.5533007,0.08427727,0.86657846,2015-09-23 08:00:00,1.0,1.7740431e-06,0.0,4.3838128e-07,1.2786213e-06
290.0962,0.9871681,0.50217783,0.054934025,0.9454939,2015-09-23 09:00:00,1.0,8.017848e-07,0.0,0.0,8.017848e-07
290.21045,0.99946827,0.3067987,0.37969452,0.9926617,2015-09-23 10:00:00,1.0,7.440987e-07,0.0,1.3363075e-07,4.7683716e-07
290.20166,1.0,0.2684211,0.05294814,1.0,2015-09-23 11:00:00,1.0,3.4230354e-05,0.0,2.9870542e-05,4.1402955e-06
290.37427,1.0,0.29574805,0.14089608,1.0,2015-09-23 12:00:00,1.0,3.4924975e-05,0.0,3.1902775e-05,2.8603718e-06
290.74878,0.99384737,0.09210622,0.029998776,0.99384737,2015-09-23 13:00:00,1.0,2.2873974e-06,0.0,2.0489788e-06,9.549569e-08
291.42944,0.989539,0.005003199,0.0,0.989539,2015-09-23 14:00:00,0.0,9.549569e-08,0.0,0.0,9.549569e-08
294.1814,0.9932679,0.0065169036,0.0016249504,0.9932679,2015-09-23 15:00:00,0.0,0.0,0.0,0.0,0.0
295.46362,0.9932679,0.17351109,0.10346639,0.9832786,2015-09-23 16:00:00,0.0,0.0,0.0,0.0,0.0
296.313,1.0,0.28838748,0.25937504,1.0,2015-09-23 17:00:00,0.0,0.0,0.0,0.0,0.0
296.93286,1.0,0.7664374,0.713969,1.0,2015-09-23 18:00:00,0.0,0.0,0.0,0.0,0.0
296.92578,1.0,1.0,0.9117659,1.0,2015-09-23 19:00:00,1.0,0.0019408199,0.0,0.0018620745,7.879328e-05
296.75952,1.0,0.9941863,0.9882647,1.0,2015-09-23 20:00:00,1.0,0.0010521542,0.0,0.0009161227,0.00013647082
295.687,1.0,0.92085636,0.99084747,1.0,2015-09-23 21:00:00,1.0,0.00035736058,0.0,5.703245e-05,0.00030041393
293.40308,1.0,0.31429756,0.997629,1.0,2015-09-23 22:00:00,1.0,0.00044831168,0.0,9.590844e-05,0.00035243132
293.09985,1.0,0.26879323,0.9920941,1.0,2015-09-23 23:00:00,1.0,0.0006141348,0.0,0.00025366363,0.00036049075
292.37622,1.0,0.23314303,0.995108,1.0,2015-09-24 00:00:00,1.0,0.00088075316,0.0,0.0003970433,0.00048375735
291.8894,1.0,0.11797136,0.9978961,1.0,2015-09-24 01:00:00,1.0,0.0013012472,0.0,0.00046734093,0.0008337633
291.78516,1.0,0.124182105,1.0,1.0,2015-09-24 02:00:00,1.0,0.0016669382,0.0,0.00042094663,0.0012460102
291.58862,1.0,0.11842084,0.99946827,1.0,2015-09-24 03:00:00,1.0,0.0020784521,0.0,0.0004967116,0.0015816926
291.39062,1.0,0.045977738,1.0,1.0,2015-09-24 04:00:00,1.0,0.0022764094,0.0,0.00048759487,0.0017887857
291.28345,1.0,0.04797187,1.0,1.0,2015-09-24 05:00:00,1.0,0.0024200678,0.0,0.0004812854,0.0019386108
291.42017,1.0,0.08030832,1.0,1.0,2015-09-24 06:00:00,1.0,0.002656458,0.0,0.0004579369,0.002198492
291.5249,1.0,0.072722256,0.9899424,1.0,2015-09-24 07:00:00,1.0,0.00019867095,0.0,3.4964076e-05,0.00016366874
291.2019,1.0,0.14043206,0.99368834,0.99946827,2015-09-24 08:00:00,1.0,0.00019809048,0.0,2.6317502e-05,0.00017202068
290.7566,1.0,0.09159052,1.0,0.9916152,2015-09-24 09:00:00,1.0,0.00035448023,0.0,2.0262494e-05,0.0003341895
290.47217,1.0,0.07810116,1.0,1.0,2015-09-24 10:00:00,1.0,0.0005443047,0.0,2.9702089e-05,0.00051464094
290.46167,1.0,0.019192956,1.0,1.0,2015-09-24 11:00:00,1.0,0.0007664773,0.0,1.3521295e-05,0.0007531084
290.45654,1.0,0.011999037,1.0,1.0,2015-09-24 12:00:00,1.0,0.00095712184,0.0,1.4651956e-05,0.0009427655
290.2998,1.0,0.0,0.9970973,1.0,2015-09-24 13:00:00,1.0,0.0006815912,0.0,4.357852e-06,0.0006773195
290.32764,1.0,0.0,0.9902407,1.0,2015-09-24 14:00:00,1.0,0.00037157466,0.0,2.566856e-06,0.00036882632
291.02368,1.0,0.0,0.91262597,1.0,2015-09-24 15:00:00,1.0,0.00022598552,0.0,5.2605756e-06,0.00022083904
291.57642,1.0,0.0,0.9242602,1.0,2015-09-24 16:00:00,1.0,0.00013586952,0.0,2.6726156e-07,0.00013586952
292.01367,1.0,0.0,0.9483872,1.0,2015-09-24 17:00:00,1.0,5.674643e-05,0.0,0.0,5.674643e-05
292.54712,1.0,0.0,0.9067385,0.9949968,2015-09-24 18:00:00,1.0,2.9626928e-05,0.0,0.0,2.9626928e-05
293.07227,1.0,0.0,0.968748,0.9973177,2015-09-24 19:00:00,1.0,4.9404e-05,0.0,6.185467e-06,4.2951273e-05
293.3286,1.0,0.0,0.937178,1.0,2015-09-24 20:00:00,0.0,1.5254939e-05,0.0,0.0,1.52363555e-05
293.7339,1.0,0.0,0.9854422,1.0,2015-09-24 21:00:00,0.0,0.0,0.0,0.0,0.0
293.40015,0.99946827,0.0,0.532851,0.9989426,2015-09-24 22:00:00,0.0,0.0,0.0,0.0,0.0
292.99072,1.0,0.0,0.5256107,1.0,2015-09-24 23:00:00,0.0,5.3452317e-07,0.0,0.0,5.3452317e-07
292.5923,1.0,0.0015890491,0.6275861,1.0,2015-09-25 00:00:00,0.0,2.0674634e-05,0.0,0.0,2.0674634e-05
292.26587,0.9966217,0.014782716,0.7080254,0.98453003,2015-09-25 01:00:00,0.0,3.4872122e-05,0.0,0.0,3.4872122e-05
291.91235,0.6863617,0.016121574,0.66993946,0.25738943,2015-09-25 02:00:00,0.0,1.8399995e-05,0.0,0.0,1.8609571e-05
291.4917,0.9394627,0.058714498,0.9281,0.24480015,2015-09-25 03:00:00,0.0,1.6035692e-06,0.0,0.0,1.3363078e-06
291.23145,0.85952514,0.08101201,0.8395015,0.21716785,2015-09-25 04:00:00,0.0,0.0,0.0,0.0,0.0
291.1106,0.50718385,0.096760154,0.46079838,0.094727874,2015-09-25 05:00:00,0.0,0.0,0.0,0.0,0.0
290.27783,0.6059625,0.16012114,0.53989166,0.18311447,2015-09-25 06:00:00,0.0,0.0,0.0,0.0,0.0
290.0481,0.60370046,0.15604627,0.4773473,0.31219524,2015-09-25 07:00:00,0.0,0.0,0.0,0.0,0.0
289.95386,0.65758544,0.14581954,0.4454546,0.4795708,2015-09-25 08:00:00,0.0,0.0,0.0,0.0,0.0
289.78125,0.7671032,0.14614367,0.5129278,0.6137574,2015-09-25 09:00:00,0.0,0.0,0.0,0.0,0.0
289.74194,0.8971684,0.09709519,0.5468286,0.81863016,2015-09-25 10:00:00,0.0,0.0,0.0,0.0,0.0
289.64624,0.92941546,0.099241376,0.45205832,0.9089408,2015-09-25 11:00:00,0.0,0.0,0.0,0.0,0.0
289.6084,0.9280456,0.0015890491,0.2799818,0.9235878,2015-09-25 12:00:00,0.0,0.0,0.0,0.0,0.0
289.68384,0.9005772,0.0,0.19147629,0.8979416,2015-09-25 13:00:00,0.0,0.0,0.0,0.0,0.0
290.51807,0.89750093,0.022979904,0.18825269,0.894251,2015-09-25 14:00:00,0.0,0.0,0.0,0.0,0.0
292.7329,0.84410924,0.005003199,0.05501629,0.8309076,2015-09-25 15:00:00,0.0,0.0,0.0,0.0,0.0
293.71362,0.7986365,0.0,0.02551917,0.7954753,2015-09-25 16:00:00,0.0,0.0,0.0,0.0,0.0
294.89355,0.71245384,0.0,0.06329024,0.7006651,2015-09-25 17:00:00,0.0,0.0,0.0,0.0,0.0
296.0747,0.8114735,0.0,0.06561118,0.7903098,2015-09-25 18:00:00,1.0,5.7168945e-06,0.0,5.5832643e-06,0.0
296.9702,0.86169195,0.03051361,0.06293839,0.851335,2015-09-25 19:00:00,1.0,2.0611784e-05,0.0,2.0745414e-05,0.0
297.5066,0.8908884,0.018664602,0.15161258,0.86353844,2015-09-25 20:00:00,1.0,2.4112378e-05,0.0,1.8638355e-05,5.416983e-06
298.20142,0.83649176,0.017723843,0.09471059,0.82520133,2015-09-25 21:00:00,0.0,5.3452317e-07,0.0,2.6726156e-07,0.0
297.0625,0.8994032,0.0016249504,0.04636378,0.89567435,2015-09-25 22:00:00,0.0,0.0,0.0,0.0,0.0
296.41797,0.8532495,0.0,0.05742218,0.8495206,2015-09-25 23:00:00,0.0,0.0,0.0,0.0,0.0
294.90332,0.77184546,0.0,0.054061037,0.75890565,2015-09-26 00:00:00,0.0,0.0,0.0,0.0,0.0
292.98804,0.57632565,0.0,0.019935638,0.56349707,2015-09-26 01:00:00,0.0,0.0,0.0,0.0,0.0
292.177,0.23906797,0.0,0.005832717,0.23323524,2015-09-26 02:00:00,0.0,0.0,0.0,0.0,0.0
290.5166,0.02332883,0.0067320913,0.0,0.016589437,2015-09-26 03:00:00,0.0,0.0,0.0,0.0,0.0
290.0896,0.0033782488,0.0033782488,0.0,0.0,2015-09-26 04:00:00,0.0,0.0,0.0,0.0,0.0
289.80396,0.009103052,0.009103052,0.0,0.0,2015-09-26 05:00:00,0.0,0.0,0.0,0.0,0.0
289.47974,0.0033782488,0.0033782488,0.0,0.0,2015-09-26 06:00:00,0.0,0.0,0.0,0.0,0.0
289.0703,0.0,0.0,0.0,0.0,2015-09-26 07:00:00,0.0,0.0,0.0,0.0,0.0
288.6958,0.0,0.0,0.0,0.0,2015-09-26 08:00:00,0.0,0.0,0.0,0.0,0.0
288.17188,0.0,0.0,0.0,0.0,2015-09-26 09:00:00,0.0,0.0,0.0,0.0,0.0
287.19897,0.0,0.0,0.0,0.0,2015-09-26 10:00:00,0.0,0.0,0.0,0.0,0.0
287.24365,0.0,0.0,0.0,0.0,2015-09-26 11:00:00,0.0,0.0,0.0,0.0,0.0
286.97168,0.005370889,0.005370889,0.0,0.0,2015-09-26 12:00:00,0.0,0.0,0.0,0.0,0.0
287.73218,0.0065169036,0.0065169036,0.0,0.0,2015-09-26 13:00:00,0.0,0.0,0.0,0.0,0.0
288.78955,0.0,0.0,0.0,0.0,2015-09-26 14:00:00,0.0,0.0,0.0,0.0,0.0
292.39258,0.0,0.0,0.0,0.0,2015-09-26 15:00:00,0.0,0.0,0.0,0.0,0.0
293.92554,0.0,0.0,0.0,0.0,2015-09-26 16:00:00,0.0,0.0,0.0,0.0,0.0
295.06226,0.032901462,0.032901462,0.0,0.0,2015-09-26 17:00:00,0.0,0.0,0.0,0.0,0.0
295.989,0.11126721,0.11126721,0.0,0.0,2015-09-26 18:00:00,0.0,0.0,0.0,0.0,0.0
296.82104,0.27540845,0.27540845,0.0,0.0,2015-09-26 19:00:00,0.0,1.9099144e-07,0.0,3.050713e-07,0.0
297.52563,0.43058145,0.43058145,0.0,0.0,2015-09-26 20:00:00,0.0,0.0,0.0,0.0,0.0
298.05908,0.52092713,0.52092713,0.0,0.0,2015-09-26 21:00:00,0.0,0.0,0.0,0.0,0.0
297.37817,0.12420261,0.12420261,0.0,0.0,2015-09-26 22:00:00,0.0,0.0,0.0,0.0,0.0
296.79614,0.09581435,0.09581435,0.0,0.0,2015-09-26 23:00:00,0.0,0.0,0.0,0.0,0.0
295.1621,0.062117845,0.062117845,0.0,0.0,2015-09-27 00:00:00,0.0,0.0,0.0,0.0,0.0
293.583,0.039298985,0.039298985,0.0,0.0,2015-09-27 01:00:00,0.0,0.0,0.0,0.0,0.0
293.0896,0.0057492107,0.0057492107,0.0,0.0,2015-09-27 02:00:00,0.0,0.0,0.0,0.0,0.0
291.47607,0.0067320913,0.0067320913,0.0,0.0,2015-09-27 03:00:00,0.0,0.0,0.0,0.0,0.0
291.16797,0.0,0.0,0.0,0.0,2015-09-27 04:00:00,0.0,0.0,0.0,0.0,0.0
290.79736,0.0,0.0,0.0,0.0,2015-09-27 05:00:00,0.0,0.0,0.0,0.0,0.0
289.9431,0.0,0.0,0.0,0.0,2015-09-27 06:00:00,0.0,0.0,0.0,0.0,0.0
289.49194,0.0,0.0,0.0,0.0,2015-09-27 07:00:00,0.0,0.0,0.0,0.0,0.0
289.13892,0.0,0.0,0.0,0.0,2015-09-27 08:00:00,0.0,0.0,0.0,0.0,0.0
288.67188,0.0,0.0,0.0,0.0,2015-09-27 09:00:00,0.0,0.0,0.0,0.0,0.0
288.04443,0.0,0.0,0.0,0.0,2015-09-27 10:00:00,0.0,0.0,0.0,0.0,0.0
288.01636,0.0,0.0,0.0,0.0,2015-09-27 11:00:00,0.0,0.0,0.0,0.0,0.0
287.83765,0.0,0.0,0.0,0.0,2015-09-27 12:00:00,0.0,0.0,0.0,0.0,0.0
288.34595,0.0,0.0,0.0,0.0,2015-09-27 13:00:00,0.0,0.0,0.0,0.0,0.0
290.05835,0.0,0.0,0.0,0.0,2015-09-27 14:00:00,0.0,0.0,0.0,0.0,0.0
294.54004,0.0,0.0,0.0,0.0,2015-09-27 15:00:00,0.0,0.0,0.0,0.0,0.0
296.4756,0.0,0.0,0.0,0.0,2015-09-27 16:00:00,0.0,0.0,0.0,0.0,0.0
297.74268,0.0,0.0,0.0,0.0,2015-09-27 17:00:00,0.0,0.0,0.0,0.0,0.0
298.97583,0.0,0.0,0.0,0.0,2015-09-27 18:00:00,0.0,0.0,0.0,0.0,0.0
299.35693,0.0,0.0,0.0,0.0,2015-09-27 19:00:00,0.0,0.0,0.0,0.0,0.0
299.93042,0.006280929,0.006280929,0.0,0.0,2015-09-27 20:00:00,0.0,0.0,0.0,0.0,0.0
300.2793,0.012531344,0.012531344,0.0,0.0,2015-09-27 21:00:00,0.0,0.0,0.0,0.0,0.0
299.53394,0.08352947,0.08352947,0.0,0.0,2015-09-27 22:00:00,0.0,0.0,0.0,0.0,0.0
299.18042,0.09552544,0.09552544,0.036515683,0.0,2015-09-27 23:00:00,0.0,0.0,0.0,0.0,0.0
297.5796,0.10499549,0.09837127,0.061208107,0.0,2015-09-28 00:00:00,0.0,0.0,0.0,0.0,0.0
296.13647,0.019638427,0.013363607,0.009634774,0.0,2015-09-28 01:00:00,0.0,0.0,0.0,0.0,0.0
295.49976,0.010009766,0.005006563,0.010009766,0.0,2015-09-28 02:00:00,0.0,0.0,0.0,0.0,0.0
294.15088,0.064633906,0.0078530945,0.064633906,0.0,2015-09-28 03:00:00,0.0,0.0,0.0,0.0,0.0
293.78833,0.16014546,0.018260118,0.16014546,0.0,2015-09-28 04:00:00,0.0,0.0,0.0,0.0,0.0
293.61572,0.42632192,0.029704042,0.42632192,0.0,2015-09-28 05:00:00,1.0,9.549569e-08,0.0,1.0478777e-07,0.0
293.28394,0.87169725,0.0078530945,0.8711655,0.008673575,2015-09-28 06:00:00,1.0,4.3870386e-06,0.0,4.5684174e-06,0.0
293.30908,0.95833063,0.01998901,0.9339786,0.21300447,2015-09-28 07:00:00,1.0,3.9262013e-06,0.0,3.887745e-06,0.0
293.2334,0.99001795,0.007107079,0.9018258,0.6747802,2015-09-28 08:00:00,1.0,1.0967264e-05,0.0,1.1100894e-05,0.0
292.38208,0.98411536,0.032406535,0.7566004,0.88030404,2015-09-28 09:00:00,0.0,2.0453415e-05,0.0,1.703063e-05,3.3179922e-06
292.062,0.9436166,0.053583667,0.5194174,0.8824863,2015-09-28 10:00:00,1.0,3.4235432e-05,0.0,2.7959322e-05,6.619317e-06
291.91992,0.87283766,0.10436177,0.45673662,0.77053696,2015-09-28 11:00:00,1.0,1.121463e-05,0.0,1.0412846e-05,8.017848e-07
291.76025,0.87748414,0.072172284,0.46195793,0.78728724,2015-09-28 12:00:00,1.0,7.612798e-05,0.0,7.547873e-05,8.017848e-07
291.74146,0.9144602,0.03551681,0.39238262,0.8564921,2015-09-28 13:00:00,1.0,0.0002938162,0.0,0.0002927184,1.4503876e-06
292.12842,0.9744749,0.014381703,0.48606014,0.9368271,2015-09-28 14:00:00,1.0,0.00064594694,0.0,0.0006319466,1.4076973e-05
293.70068,0.96401894,0.0,0.6382229,0.9460651,2015-09-28 15:00:00,1.0,0.001043923,0.0,0.00085062254,0.00019350999
293.8125,0.95641756,0.0,0.78590834,0.88386095,2015-09-28 16:00:00,1.0,0.0013382342,0.0,0.001006654,0.0003317995
293.94434,0.8489601,0.0,0.7076202,0.5270695,2015-09-28 17:00:00,1.0,0.00091682794,0.0,0.0008279453,8.898755e-05
294.57104,0.8810806,0.27479166,0.5616363,0.7169488,2015-09-28 18:00:00,1.0,0.0004652578,0.0,0.0004484367,1.6954567e-05
294.8291,1.0,0.23718977,0.93216634,0.97505397,2015-09-28 19:00:00,0.0,2.7160495e-05,0.0,2.7160495e-05,0.0
294.5979,0.9638485,0.13199675,0.8553214,0.81322134,2015-09-28 20:00:00,0.0,0.000100092686,0.0,7.358176e-05,2.6730428e-05
294.70557,0.91979504,0.11726725,0.83328426,0.48750424,2015-09-28 21:00:00,0.0,2.627344e-05,0.0,1.9505416e-05,6.682135e-06
294.1848,0.9647478,0.029242821,0.66516095,0.9101293,2015-09-28 22:00:00,0.0,6.472551e-06,0.0,3.9419137e-06,2.4828887e-06
293.76465,0.91280663,0.017933153,0.5463976,0.8163491,2015-09-28 23:00:00,0.0,6.6847014e-07,0.0,0.0,6.6847014e-07
292.6184,0.6266569,0.0010573287,0.22947228,0.5246505,2015-09-29 00:00:00,0.0,0.0,0.0,0.0,0.0
291.83594,0.3086232,0.0010573287,0.09254068,0.23256773,2015-09-29 01:00:00,0.0,0.0,0.0,0.0,0.0
291.26172,0.28235626,0.0010573287,0.046475995,0.2603435,2015-09-29 02:00:00,0.0,0.0,0.0,0.0,0.0
289.6289,0.79118425,0.0,0.01490172,0.7906586,2015-09-29 03:00:00,0.0,0.0,0.0,0.0,0.0
289.1206,0.99657166,0.0,0.03906571,0.99657166,2015-09-29 04:00:00,0.0,0.0,0.0,0.0,0.0
288.89648,0.997629,0.0,0.004750259,0.997629,2015-09-29 05:00:00,0.0,0.0,0.0,0.0,0.0
288.15845,1.0,0.0,0.14675903,1.0,2015-09-29 06:00:00,0.0,0.0,0.0,0.0,0.0
287.76343,0.9901048,0.0,0.1909188,0.9901048,2015-09-29 07:00:00,0.0,0.0,0.0,0.0,0.0
286.99,0.9013197,0.0,0.10691315,0.89107394,2015-09-29 08:00:00,0.0,0.0,0.0,0.0,0.0
285.5515,0.46308178,0.0,0.10039216,0.4224611,2015-09-29 09:00:00,0.0,0.0,0.0,0.0,0.0
283.20508,0.24649584,0.0,0.075862825,0.22082031,2015-09-29 10:00:00,0.0,0.0,0.0,0.0,0.0
282.85693,0.19748807,0.0,0.007945243,0.19642466,2015-09-29 11:00:00,0.0,0.0,0.0,0.0,0.0
282.3108,0.18638378,0.0,0.0026356035,0.18374813,2015-09-29 12:00:00,0.0,0.0,0.0,0.0,0.0
281.99805,0.012968697,0.0,0.00053172023,0.012968697,2015-09-29 13:00:00,0.0,0.0,0.0,0.0,0.0
283.54028,0.0,0.0,0.0,0.0,2015-09-29 14:00:00,0.0,0.0,0.0,0.0,0.0
286.17114,0.0,0.0,0.0,0.0,2015-09-29 15:00:00,0.0,0.0,0.0,0.0,0.0
287.35962,0.0,0.0,0.0,0.0,2015-09-29 16:00:00,0.0,0.0,0.0,0.0,0.0
288.18628,0.0,0.0,0.0,0.0,2015-09-29 17:00:00,0.0,0.0,0.0,0.0,0.0
288.35693,0.0,0.0,0.0,0.0,2015-09-29 18:00:00,0.0,0.0,0.0,0.0,0.0
289.0918,0.0,0.0,0.0,0.0,2015-09-29 19:00:00,0.0,0.0,0.0,0.0,0.0
289.57056,0.0,0.0,0.0,0.0,2015-09-29 20:00:00,0.0,0.0,0.0,0.0,0.0
290.02368,0.0,0.0,0.0,0.0,2015-09-29 21:00:00,0.0,0.0,0.0,0.0,0.0
288.90405,0.0,0.0,0.0,0.0,2015-09-29 22:00:00,0.0,0.0,0.0,0.0,0.0
288.5144,0.0,0.0,0.0,0.0,2015-09-29 23:00:00,0.0,0.0,0.0,0.0,0.0
286.1775,0.0,0.0,0.0,0.0,2015-09-30 00:00:00,0.0,0.0,0.0,0.0,0.0
284.63306,0.0,0.0,0.0,0.0,2015-09-30 01:00:00,0.0,0.0,0.0,0.0,0.0
283.95923,0.0,0.0,0.0,0.0,2015-09-30 02:00:00,0.0,0.0,0.0,0.0,0.0
282.06445,0.0,0.0,0.0,0.0,2015-09-30 03:00:00,0.0,0.0,0.0,0.0,0.0
281.6067,0.0,0.0,0.0,0.0,2015-09-30 04:00:00,0.0,0.0,0.0,0.0,0.0
280.67773,0.0,0.0,0.0,0.0,2015-09-30 05:00:00,0.0,0.0,0.0,0.0,0.0
280.16675,0.0,0.0,0.0,0.0,2015-09-30 06:00:00,0.0,0.0,0.0,0.0,0.0
280.1267,0.0,0.0,0.0,0.0,2015-09-30 07:00:00,0.0,0.0,0.0,0.0,0.0
279.74072,0.0,0.0,0.0,0.0,2015-09-30 08:00:00,0.0,0.0,0.0,0.0,0.0
279.4209,0.0,0.0,0.0,0.0,2015-09-30 09:00:00,0.0,0.0,0.0,0.0,0.0
278.062,0.0,0.0,0.0,0.0,2015-09-30 10:00:00,0.0,0.0,0.0,0.0,0.0
277.9624,0.0,0.0,0.0,0.0,2015-09-30 11:00:00,0.0,0.0,0.0,0.0,0.0
277.6687,0.0,0.0,0.0,0.0,2015-09-30 12:00:00,0.0,0.0,0.0,0.0,0.0
278.37134,0.0,0.0,0.0,0.0,2015-09-30 13:00:00,0.0,0.0,0.0,0.0,0.0
280.6543,0.0,0.0,0.0,0.0,2015-09-30 14:00:00,0.0,0.0,0.0,0.0,0.0
284.89307,0.0,0.0,0.0,0.0,2015-09-30 15:00:00,0.0,0.0,0.0,0.0,0.0
286.86304,0.0,0.0,0.0,0.0,2015-09-30 16:00:00,0.0,0.0,0.0,0.0,0.0
288.1787,0.0,0.0,0.0,0.0,2015-09-30 17:00:00,0.0,0.0,0.0,0.0,0.0
288.8413,0.0,0.0,0.0,0.0,2015-09-30 18:00:00,0.0,0.0,0.0,0.0,0.0
289.65576,0.0,0.0,0.0,0.0,2015-09-30 19:00:00,0.0,0.0,0.0,0.0,0.0
290.01733,0.0,0.0,0.0,0.0,2015-09-30 20:00:00,0.0,0.0,0.0,0.0,0.0
290.59595,0.0,0.0,0.0,0.0,2015-09-30 21:00:00,0.0,0.0,0.0,0.0,0.0
289.48804,0.0,0.0,0.0,0.0,2015-09-30 22:00:00,0.0,0.0,0.0,0.0,0.0
288.70557,0.0,0.0,0.0,0.0,2015-09-30 23:00:00,0.0,0.0,0.0,0.0,0.0
286.98022,0.0,0.0,0.0,0.0,2015-10-01 00:00:00,0.0,0.0,0.0,0.0,0.0
285.41602,0.0,0.0,0.0,0.0,2015-10-01 01:00:00,0.0,0.0,0.0,0.0,0.0
284.17065,0.0,0.0,0.0,0.0,2015-10-01 02:00:00,0.0,0.0,0.0,0.0,0.0
282.26587,0.0,0.0,0.0,0.0,2015-10-01 03:00:00,0.0,0.0,0.0,0.0,0.0
281.84644,0.0,0.0,0.0,0.0,2015-10-01 04:00:00,0.0,0.0,0.0,0.0,0.0
281.41797,0.0,0.0,0.0,0.0,2015-10-01 05:00:00,0.0,0.0,0.0,0.0,0.0
280.81763,0.0,0.0,0.0,0.0,2015-10-01 06:00:00,0.0,0.0,0.0,0.0,0.0
280.87354,0.0,0.0,0.0,0.0,2015-10-01 07:00:00,0.0,0.0,0.0,0.0,0.0
280.7478,0.0,0.0,0.0,0.0,2015-10-01 08:00:00,0.0,0.0,0.0,0.0,0.0
280.312,0.0048919544,0.0,0.0,0.0048919544,2015-10-01 09:00:00,0.0,0.0,0.0,0.0,0.0
279.17554,0.0,0.0,0.0,0.0,2015-10-01 10:00:00,0.0,0.0,0.0,0.0,0.0
278.9458,0.0,0.0,0.0,0.0,2015-10-01 11:00:00,0.0,0.0,0.0,0.0,0.0
278.65063,0.0,0.0,0.0,0.0,2015-10-01 12:00:00,0.0,0.0,0.0,0.0,0.0
279.46362,0.002103883,0.0,0.0,0.002103883,2015-10-01 13:00:00,0.0,0.0,0.0,0.0,0.0
281.3838,0.04187632,0.0,0.0,0.04187632,2015-10-01 14:00:00,0.0,0.0,0.0,0.0,0.0
285.1521,0.19772816,0.0,0.0,0.19772816,2015-10-01 15:00:00,0.0,0.0,0.0,0.0,0.0
286.62646,0.2617274,0.0,0.0,0.2617274,2015-10-01 16:00:00,0.0,0.0,0.0,0.0,0.0
287.79224,0.1836136,0.0015890491,0.0,0.18202454,2015-10-01 17:00:00,0.0,0.0,0.0,0.0,0.0
288.98535,0.106565475,0.07373822,0.0,0.043625787,2015-10-01 18:00:00,0.0,0.0,0.0,0.0,0.0
289.25854,0.04701945,0.044642378,0.0,0.0023709626,2015-10-01 19:00:00,0.0,0.0,0.0,0.0,0.0
289.6765,0.026925862,0.0,0.0,0.026925862,2015-10-01 20:00:00,0.0,0.0,0.0,0.0,0.0
290.27295,0.012214005,0.0021207693,0.0,0.0100932345,2015-10-01 21:00:00,0.0,0.0,0.0,0.0,0.0
289.1306,0.0,0.0,0.0,0.0,2015-10-01 22:00:00,0.0,0.0,0.0,0.0,0.0
288.5984,0.0,0.0,0.0,0.0,2015-10-01 23:00:00,0.0,0.0,0.0,0.0,0.0
286.73315,0.0,0.0,0.0,0.0,2015-10-02 00:00:00,0.0,0.0,0.0,0.0,0.0
285.3789,0.0,0.0,0.0,0.0,2015-10-02 01:00:00,0.0,0.0,0.0,0.0,0.0
284.34888,0.0,0.0,0.0,0.0,2015-10-02 02:00:00,0.0,0.0,0.0,0.0,0.0
282.7705,0.0,0.0,0.0,0.0,2015-10-02 03:00:00,0.0,0.0,0.0,0.0,0.0
282.22095,0.0,0.0,0.0,0.0,2015-10-02 04:00:00,0.0,0.0,0.0,0.0,0.0
281.3015,0.0,0.0,0.0,0.0,2015-10-02 05:00:00,0.0,0.0,0.0,0.0,0.0
281.10522,0.0,0.0,0.0,0.0,2015-10-02 06:00:00,0.0,0.0,0.0,0.0,0.0
280.36865,0.0,0.0,0.0,0.0,2015-10-02 07:00:00,0.0,0.0,0.0,0.0,0.0
280.0122,0.0,0.0,0.0,0.0,2015-10-02 08:00:00,0.0,0.0,0.0,0.0,0.0
279.3335,0.0,0.0,0.0,0.0,2015-10-02 09:00:00,0.0,0.0,0.0,0.0,0.0
277.5813,0.0,0.0,0.0,0.0,2015-10-02 10:00:00,0.0,0.0,0.0,0.0,0.0
277.48364,0.0,0.0,0.0,0.0,2015-10-02 11:00:00,0.0,0.0,0.0,0.0,0.0
277.01562,0.0,0.0,0.0,0.0,2015-10-02 12:00:00,0.0,0.0,0.0,0.0,0.0
277.12402,0.0,0.0,0.0,0.0,2015-10-02 13:00:00,0.0,0.0,0.0,0.0,0.0
279.27783,0.0,0.0,0.0,0.0,2015-10-02 14:00:00,0.0,0.0,0.0,0.0,0.0
282.99927,0.0,0.0,0.0,0.0,2015-10-02 15:00:00,0.0,0.0,0.0,0.0,0.0
285.01294,0.0,0.0,0.0,0.0,2015-10-02 16:00:00,0.0,0.0,0.0,0.0,0.0
286.20776,0.00053172023,0.00053172023,0.0,0.0,2015-10-02 17:00:00,0.0,0.0,0.0,0.0,0.0
287.13965,0.0016249504,0.0016249504,0.0,0.0,2015-10-02 18:00:00,0.0,0.0,0.0,0.0,0.0
288.18994,0.0,0.0,0.0,0.0,2015-10-02 19:00:00,0.0,0.0,0.0,0.0,0.0
288.9707,0.0,0.0,0.0,0.0,2015-10-02 20:00:00,0.0,0.0,0.0,0.0,0.0
289.64648,0.002103883,0.0,0.0,0.002103883,2015-10-02 21:00:00,0.0,0.0,0.0,0.0,0.0
288.76465,0.0,0.0,0.0,0.0,2015-10-02 22:00:00,0.0,0.0,0.0,0.0,0.0
288.37476,0.0,0.0,0.0,0.0,2015-10-02 23:00:00,0.0,0.0,0.0,0.0,0.0
286.67432,0.0,0.0,0.0,0.0,2015-10-03 00:00:00,0.0,0.0,0.0,0.0,0.0
285.8423,0.0,0.0,0.0,0.0,2015-10-03 01:00:00,0.0,0.0,0.0,0.0,0.0
285.32837,0.0,0.0,0.0,0.0,2015-10-03 02:00:00,0.0,0.0,0.0,0.0,0.0
284.2268,0.0,0.0,0.0,0.0,2015-10-03 03:00:00,0.0,0.0,0.0,0.0,0.0
283.86963,0.0,0.0,0.0,0.0,2015-10-03 04:00:00,0.0,0.0,0.0,0.0,0.0
281.2815,0.0,0.0,0.0,0.0,2015-10-03 05:00:00,0.0,0.0,0.0,0.0,0.0
280.29858,0.0,0.0,0.0,0.0,2015-10-03 06:00:00,0.0,0.0,0.0,0.0,0.0
280.02466,0.0,0.0,0.0,0.0,2015-10-03 07:00:00,0.0,0.0,0.0,0.0,0.0
279.81592,0.0,0.0,0.0,0.0,2015-10-03 08:00:00,0.0,0.0,0.0,0.0,0.0
279.64136,0.0,0.0,0.0,0.0,2015-10-03 09:00:00,0.0,0.0,0.0,0.0,0.0
278.43433,0.0,0.0,0.0,0.0,2015-10-03 10:00:00,0.0,0.0,0.0,0.0,0.0
278.3628,0.0,0.0,0.0,0.0,2015-10-03 11:00:00,0.0,0.0,0.0,0.0,0.0
278.07227,0.0,0.0,0.0,0.0,2015-10-03 12:00:00,0.0,0.0,0.0,0.0,0.0
278.26514,0.0,0.0,0.0,0.0,2015-10-03 13:00:00,0.0,0.0,0.0,0.0,0.0
279.90942,0.0,0.0,0.0,0.0,2015-10-03 14:00:00,0.0,0.0,0.0,0.0,0.0
283.23853,0.0,0.0,0.0,0.0,2015-10-03 15:00:00,0.0,0.0,0.0,0.0,0.0
284.7461,0.007789418,0.007789418,0.0,0.0,2015-10-03 16:00:00,0.0,0.0,0.0,0.0,0.0
285.94556,0.08708203,0.08708203,0.0,0.0,2015-10-03 17:00:00,0.0,0.0,0.0,0.0,0.0
286.72437,0.04272916,0.04272916,0.0,0.0,2015-10-03 18:00:00,0.0,0.0,0.0,0.0,0.0
287.41357,0.0032499009,0.0032499009,0.0,0.0,2015-10-03 19:00:00,0.0,0.0,0.0,0.0,0.0
287.99292,0.0026356035,0.0026356035,0.0,0.0,2015-10-03 20:00:00,0.0,0.0,0.0,0.0,0.0
288.7163,0.0016249504,0.0016249504,0.0,0.0,2015-10-03 21:00:00,0.0,0.0,0.0,0.0,0.0
287.45386,0.0,0.0,0.0,0.0,2015-10-03 22:00:00,0.0,0.0,0.0,0.0,0.0
286.78564,0.11735833,0.0071128868,0.0,0.11025274,2015-10-03 23:00:00,0.0,0.0,0.0,0.0,0.0
285.27246,0.44780213,0.0,0.0,0.44780213,2015-10-04 00:00:00,0.0,0.0,0.0,0.0,0.0
284.29053,0.9806958,0.0,0.0,0.9806958,2015-10-04 01:00:00,0.0,0.0,0.0,0.0,0.0
283.89893,0.87498623,0.012531344,0.0,0.87498623,2015-10-04 02:00:00,0.0,0.0,0.0,0.0,0.0
282.99097,0.88280034,0.012005735,0.0,0.88280034,2015-10-04 03:00:00,0.0,0.0,0.0,0.0,0.0
282.25928,0.9103801,0.010009766,0.0,0.9103801,2015-10-04 04:00:00,0.0,0.0,0.0,0.0,0.0
281.55884,0.8840149,0.0,0.0,0.8840149,2015-10-04 05:00:00,0.0,0.0,0.0,0.0,0.0
280.99463,0.9195538,0.0,0.0,0.9195538,2015-10-04 06:00:00,0.0,0.0,0.0,0.0,0.0
280.4673,0.9276518,0.0,0.0037288337,0.9276518,2015-10-04 07:00:00,0.0,0.0,0.0,0.0,0.0
280.44116,0.99025726,0.0,0.020202715,0.99025726,2015-10-04 08:00:00,0.0,0.0,0.0,0.0,0.0
279.7329,0.89319247,0.0,0.04213766,0.89319247,2015-10-04 09:00:00,0.0,0.0,0.0,0.0,0.0
278.7954,0.8578387,0.0,0.0063116476,0.8536138,2015-10-04 10:00:00,0.0,0.0,0.0,0.0,0.0
278.59985,0.69088113,0.0,0.0,0.69088113,2015-10-04 11:00:00,0.0,0.0,0.0,0.0,0.0
278.04126,0.41491067,0.0,0.0,0.41491067,2015-10-04 12:00:00,0.0,0.0,0.0,0.0,0.0
278.34595,0.7713192,0.0,0.0,0.7713192,2015-10-04 13:00:00,0.0,0.0,0.0,0.0,0.0
279.761,0.96129024,0.0,0.0,0.96129024,2015-10-04 14:00:00,0.0,0.0,0.0,0.0,0.0
282.3557,0.99841094,0.0,0.0,0.99841094,2015-10-04 15:00:00,0.0,0.0,0.0,0.0,0.0
283.61133,0.9850114,0.1919496,0.0,0.9850114,2015-10-04 16:00:00,0.0,0.0,0.0,0.0,0.0
284.70947,0.9920106,0.6157597,0.0010573287,0.94971496,2015-10-04 17:00:00,0.0,0.0,0.0,0.0,0.0
284.9817,0.89724845,0.6817141,0.0026356035,0.7667499,2015-10-04 18:00:00,0.0,0.0,0.0,0.0,0.0
285.73804,0.73546994,0.4442497,0.04284506,0.57431996,2015-10-04 19:00:00,0.0,0.0,0.0,0.0,0.0
286.1853,0.8220994,0.26256424,0.0015890491,0.71060544,2015-10-04 20:00:00,0.0,0.0,0.0,0.0,0.0
286.23242,0.6947252,0.0031780982,0.0021207693,0.6947252,2015-10-04 21:00:00,0.0,0.0,0.0,0.0,0.0
285.94458,0.54354376,0.0,0.013485879,0.537711,2015-10-04 22:00:00,0.0,0.0,0.0,0.0,0.0
285.36035,0.50272113,0.0,0.0015890491,0.50272113,2015-10-04 23:00:00,0.0,0.0,0.0,0.0,0.0
284.65063,0.58108044,0.004741922,0.027357403,0.5627697,2015-10-05 00:00:00,0.0,0.0,0.0,0.0,0.0
283.26123,0.6214285,0.024765551,0.48259968,0.27995235,2015-10-05 01:00:00,0.0,0.0,0.0,0.0,0.0
282.6245,0.30979043,0.007920023,0.16791803,0.15947175,2015-10-05 02:00:00,0.0,0.0,0.0,0.0,0.0
281.99023,0.17904848,0.020047814,0.084248185,0.09141886,2015-10-05 03:00:00,0.0,0.0,0.0,0.0,0.0
281.63696,0.2623245,0.007669829,0.25306565,0.004235424,2015-10-05 04:00:00,0.0,0.0,0.0,0.0,0.0
281.59595,0.45755273,0.038771193,0.43921602,0.0,2015-10-05 05:00:00,0.0,0.0,0.0,0.0,0.0
282.01514,0.41008556,0.020659637,0.40016812,0.0,2015-10-05 06:00:00,0.0,0.0,0.0,0.0,0.0
282.11987,0.46224725,0.044520188,0.42397743,0.0,2015-10-05 07:00:00,0.0,0.0,0.0,0.0,0.0
281.94482,0.37433863,0.07454646,0.32695848,0.0,2015-10-05 08:00:00,1.0,0.0,0.0,0.0,0.0
281.50586,0.38897163,0.061616525,0.3689714,0.0,2015-10-05 09:00:00,0.0,0.0,0.0,0.0,0.0
280.68164,0.7375226,0.027497109,0.73119897,0.0,2015-10-05 10:00:00,0.0,0.0,0.0,0.0,0.0
280.8723,0.8561712,0.010541178,0.8561712,0.0,2015-10-05 11:00:00,0.0,0.0,0.0,0.0,0.0
280.76733,0.7976339,0.0023709626,0.7976339,0.0,2015-10-05 12:00:00,0.0,0.0,0.0,0.0,0.0
281.40503,0.85127866,0.0,0.85127866,0.0,2015-10-05 13:00:00,0.0,0.0,0.0,0.0,0.0
281.95557,0.9544287,0.0,0.9544287,0.0,2015-10-05 14:00:00,0.0,0.0,0.0,0.0,0.0
284.22437,0.9188985,0.0,0.9188985,0.0,2015-10-05 15:00:00,0.0,0.0,0.0,0.0,0.0
285.08228,0.9389618,0.0,0.9389618,0.0,2015-10-05 16:00:00,0.0,0.0,0.0,0.0,0.0
285.9165,0.977528,0.0,0.977528,0.0,2015-10-05 17:00:00,0.0,0.0,0.0,0.0,0.0
286.79932,0.8066501,0.0,0.8066501,0.0,2015-10-05 18:00:00,0.0,0.0,0.0,0.0,0.0
287.54834,0.5319679,0.0,0.5319679,0.0,2015-10-05 19:00:00,0.0,0.0,0.0,0.0,0.0
288.21753,0.3176443,0.0,0.3176443,0.0,2015-10-05 20:00:00,0.0,0.0,0.0,0.0,0.0
289.22266,0.5054586,0.0,0.5054586,0.0,2015-10-05 21:00:00,0.0,0.0,0.0,0.0,0.0
288.42407,0.579074,0.0,0.579074,0.0,2015-10-05 22:00:00,0.0,0.0,0.0,0.0,0.0
288.07397,0.5403519,0.0,0.5403519,0.0,2015-10-05 23:00:00,0.0,0.0,0.0,0.0,0.0
286.67114,0.2810617,0.0,0.2810617,0.0,2015-10-06 00:00:00,0.0,0.0,0.0,0.0,0.0
285.90527,0.36035872,0.0,0.36035872,0.0,2015-10-06 01:00:00,0.0,0.0,0.0,0.0,0.0
285.59277,0.6564937,0.0,0.6564937,0.00053172023,2015-10-06 02:00:00,0.0,0.0,0.0,0.0,0.0
284.63696,0.963627,0.0,0.9625635,0.0015890491,2015-10-06 03:00:00,0.0,0.0,0.0,0.0,0.0
284.7876,1.0,0.0,1.0,0.0015890491,2015-10-06 04:00:00,0.0,0.0,0.0,0.0,0.0
285.12744,1.0,0.0,1.0,0.0,2015-10-06 05:00:00,0.0,2.6726156e-07,0.0,1.3363075e-07,0.0
285.3152,0.9968219,0.0026356035,0.9968219,0.0,2015-10-06 06:00:00,0.0,3.813414e-07,0.0,3.813414e-07,0.0
285.50537,1.0,0.053166002,1.0,0.0,2015-10-06 07:00:00,0.0,0.0,0.0,0.0,0.0
285.28125,0.9836392,0.07944614,0.9836392,0.030942477,2015-10-06 08:00:00,0.0,0.0,0.0,0.0,0.0
285.54297,0.9968219,0.064697266,0.99629015,0.25221962,2015-10-06 09:00:00,0.0,0.0,0.0,0.0,0.0
284.92603,0.82706535,0.07558322,0.81717205,0.00998199,2015-10-06 10:00:00,0.0,0.0,0.0,0.0,0.0
285.0652,0.993669,0.008701935,0.993669,0.005003199,2015-10-06 11:00:00,0.0,0.0,0.0,0.0,0.0
285.08423,0.9704826,0.0,0.9704826,0.0,2015-10-06 12:00:00,0.0,0.0,0.0,0.0,0.0
285.31226,0.9483082,0.0,0.9483082,0.0,2015-10-06 13:00:00,0.0,0.0,0.0,0.0,0.0
285.64526,0.976044,0.0,0.976044,0.0,2015-10-06 14:00:00,0.0,0.0,0.0,0.0,0.0
288.1726,0.9879859,0.02068165,0.9879859,0.0,2015-10-06 15:00:00,0.0,0.0,0.0,0.0,0.0
289.47827,0.9625269,0.023305438,0.9625269,0.0,2015-10-06 16:00:00,0.0,0.0,0.0,0.0,0.0
290.656,0.9761201,0.051922597,0.9761201,0.0,2015-10-06 17:00:00,0.0,0.0,0.0,0.0,0.0
291.52148,0.8869343,0.024248943,0.8869343,0.0,2015-10-06 18:00:00,0.0,0.0,0.0,0.0,0.0
292.02368,0.7670092,0.033973597,0.76200604,0.0,2015-10-06 19:00:00,0.0,0.0,0.0,0.0,0.0
292.8711,0.68773043,0.059332877,0.68773043,0.0,2015-10-06 20:00:00,0.0,0.0,0.0,0.0,0.0
293.3125,0.3466364,0.059909318,0.34327525,0.0,2015-10-06 21:00:00,0.0,0.0,0.0,0.0,0.0
292.69263,0.72368765,0.6363009,0.6203437,0.0,2015-10-06 22:00:00,0.0,2.0957555e-07,0.0,2.0957555e-07,0.0
291.8872,0.68245256,0.01450159,0.68245256,0.0,2015-10-06 23:00:00,0.0,4.0056705e-07,0.0,2.9577922e-07,0.0
290.6985,0.119787335,0.0065169036,0.119787335,0.0,2015-10-07 00:00:00,0.0,0.0,0.0,0.0,0.0
289.72656,0.06844491,0.032032147,0.06008058,0.0,2015-10-07 01:00:00,0.0,0.0,0.0,0.0,0.0
288.90796,0.064983845,0.05734781,0.064983845,0.0,2015-10-07 02:00:00,0.0,0.0,0.0,0.0,0.0
286.5686,0.041298922,0.032360114,0.02976875,0.0,2015-10-07 03:00:00,0.0,0.0,0.0,0.0,0.0
285.74634,0.01986942,0.016619522,0.015909411,0.0,2015-10-07 04:00:00,0.0,0.0,0.0,0.0,0.0
284.0415,0.0010573287,0.0010573287,0.0,0.0,2015-10-07 05:00:00,0.0,0.0,0.0,0.0,0.0
282.6726,0.0010573287,0.0010573287,0.0,0.0,2015-10-07 06:00:00,0.0,0.0,0.0,0.0,0.0
281.69946,0.0,0.0,0.0,0.0,2015-10-07 07:00:00,0.0,0.0,0.0,0.0,0.0
281.10815,0.0,0.0,0.0,0.0,2015-10-07 08:00:00,0.0,0.0,0.0,0.0,0.0
279.66895,0.0,0.0,0.0,0.0,2015-10-07 09:00:00,0.0,0.0,0.0,0.0,0.0
277.6709,0.0,0.0,0.0,0.0,2015-10-07 10:00:00,0.0,0.0,0.0,0.0,0.0
277.33154,0.088253915,0.0,0.0,0.088253915,2015-10-07 11:00:00,0.0,0.0,0.0,0.0,0.0
277.02075,0.15742743,0.0,0.0,0.15742743,2015-10-07 12:00:00,0.0,0.0,0.0,0.0,0.0
277.67773,0.28906578,0.0,0.0,0.28906578,2015-10-07 13:00:00,0.0,0.0,0.0,0.0,0.0
280.34058,0.5033667,0.0,0.0,0.5033667,2015-10-07 14:00:00,0.0,0.0,0.0,0.0,0.0
284.3391,0.7830128,0.0,0.0,0.7830128,2015-10-07 15:00:00,0.0,0.0,0.0,0.0,0.0
285.6963,0.9300238,0.0,0.0,0.9300238,2015-10-07 16:00:00,0.0,0.0,0.0,0.0,0.0
286.68848,0.9221673,0.0,0.0,0.9221673,2015-10-07 17:00:00,0.0,0.0,0.0,0.0,0.0
287.71216,0.95088047,0.0,0.0,0.95088047,2015-10-07 18:00:00,0.0,0.0,0.0,0.0,0.0
288.4878,0.8897316,0.0,0.0,0.8897316,2015-10-07 19:00:00,0.0,0.0,0.0,0.0,0.0
288.88086,0.75036776,0.0,0.0,0.75036776,2015-10-07 20:00:00,0.0,0.0,0.0,0.0,0.0
289.6941,0.5204773,0.0,0.0,0.5204773,2015-10-07 21:00:00,0.0,0.0,0.0,0.0,0.0
288.69165,0.3502428,0.0,0.039621707,0.34603506,2015-10-07 22:00:00,0.0,0.0,0.0,0.0,0.0
287.90088,0.4850132,0.0,0.4552763,0.28653985,2015-10-07 23:00:00,0.0,0.0,0.0,0.0,0.0
286.59717,0.4798565,0.0,0.40759557,0.31699133,2015-10-08 00:00:00,0.0,0.0,0.0,0.0,0.0
285.87646,0.5725106,0.008468319,0.52384394,0.24859971,2015-10-08 01:00:00,0.0,0.0,0.0,0.0,0.0
285.72803,0.78000367,0.06896335,0.3291713,0.72767013,2015-10-08 02:00:00,0.0,0.0002346926,0.0,0.00023463558,0.0
285.36987,0.91940457,0.13834143,0.4442106,0.8893324,2015-10-08 03:00:00,1.0,5.3452317e-07,0.0,6.68154e-07,0.0
285.54907,0.9889043,0.09681523,0.7924222,0.9572818,2015-10-08 04:00:00,0.0,0.0,0.0,1.9067068e-07,0.0
285.58057,0.99683875,0.14693463,0.5431294,0.9952497,2015-10-08 05:00:00,0.0,0.0,0.0,0.0,0.0
285.6953,1.0,0.060985163,0.8277094,0.9978433,2015-10-08 06:00:00,0.0,0.0,0.0,0.0,0.0
286.45386,1.0,0.056994263,0.6950213,1.0,2015-10-08 07:00:00,1.0,0.0007941548,0.0,0.0007877953,5.873302e-06
286.97168,1.0,0.033448163,0.944266,1.0,2015-10-08 08:00:00,1.0,0.0017103935,0.0,0.0017016802,8.617671e-06
287.7495,0.9757863,0.037364528,0.8005349,0.9210515,2015-10-08 09:00:00,1.0,0.0024447313,0.0,0.002431808,1.3037359e-05
287.0249,0.9946291,0.08453035,0.80576295,0.98273003,2015-10-08 10:00:00,1.0,0.00273758,0.0,0.002725936,1.1701051e-05
287.24365,1.0,0.28740937,0.5202507,1.0,2015-10-08 11:00:00,1.0,0.0011518439,0.0,0.001148964,2.8033364e-06
287.48145,0.9807542,0.22737867,0.11455846,0.97575104,2015-10-08 12:00:00,1.0,5.17195e-05,0.0,5.148108e-05,4.7683716e-07
287.82617,0.9684155,0.032389957,0.0,0.9684155,2015-10-08 13:00:00,0.0,1.6016265e-06,0.0,0.0,1.7733919e-06
288.83887,0.9294863,0.021263376,0.0,0.9294863,2015-10-08 14:00:00,1.0,9.549569e-08,0.0,0.0,9.549569e-08
290.57227,0.970563,0.06131736,0.0,0.9673131,2015-10-08 15:00:00,0.0,5.9091695e-07,0.0,0.0,5.9091695e-07
291.00488,0.9820478,0.18549842,0.0,0.9786695,2015-10-08 16:00:00,1.0,0.0,0.0,0.0,0.0
290.8352,1.0,0.53045106,0.0,1.0,2015-10-08 17:00:00,0.0,3.813414e-07,0.0,0.0,3.813414e-07
290.97095,1.0,0.64110357,0.0026463778,1.0,2015-10-08 18:00:00,0.0,9.158646e-07,0.0,0.0,9.158646e-07
290.09106,1.0,0.8787542,0.0031780982,0.9898872,2015-10-08 19:00:00,1.0,2.0207863e-06,0.0,1.3151439e-06,6.4860296e-07
288.92407,1.0,0.99576455,0.0058244728,0.8472394,2015-10-08 20:00:00,1.0,7.5101634e-06,0.0,3.231784e-06,4.326127e-06
287.66162,1.0,1.0,0.005003199,0.35184914,2015-10-08 21:00:00,1.0,6.963225e-05,0.0,2.7174538e-06,6.635208e-05
286.1577,1.0,1.0,0.01483516,0.12603438,2015-10-08 22:00:00,0.0,4.23467e-05,0.0,2.3460416e-06,3.9752937e-05
285.83496,1.0,1.0,0.0,0.0,2015-10-08 23:00:00,0.0,7.3717556e-06,0.0,4.7747868e-08,7.16218e-06
285.4961,1.0,1.0,0.0,0.0,2015-10-09 00:00:00,0.0,6.4924456e-07,0.0,3.3391427e-07,2.864872e-07
285.3484,1.0,1.0,0.0,0.005298864,2015-10-09 01:00:00,0.0,1.6265127e-05,0.0,7.3512746e-07,1.5444122e-05
285.03003,0.998375,0.998375,0.0,0.00053172023,2015-10-09 02:00:00,0.0,9.165061e-07,0.0,3.8198294e-07,5.3452317e-07
284.61182,0.9561506,0.9540296,0.0,0.035128728,2015-10-09 03:00:00,0.0,9.549569e-08,0.0,9.549569e-08,0.0
284.03125,0.99214685,0.99214685,0.0,0.039632484,2015-10-09 04:00:00,0.0,0.0,0.0,0.0,0.0
283.5442,0.9714864,0.9714864,0.0,0.0037098185,2015-10-09 05:00:00,0.0,0.0,0.0,0.0,0.0
283.4646,0.9643156,0.9643156,0.0,0.0,2015-10-09 06:00:00,0.0,0.0,0.0,0.0,0.0
283.261,0.9820913,0.9820913,0.0,0.0,2015-10-09 07:00:00,0.0,0.0,0.0,0.0,0.0
282.7417,0.99300414,0.99300414,0.0,0.0,2015-10-09 08:00:00,0.0,0.0,0.0,0.0,0.0
282.083,0.9690575,0.9690575,0.0,0.0,2015-10-09 09:00:00,0.0,0.0,0.0,0.0,0.0
280.7473,0.8903296,0.8903296,0.0,0.0,2015-10-09 10:00:00,0.0,0.0,0.0,0.0,0.0
280.86768,0.66854274,0.66854274,0.0,0.0,2015-10-09 11:00:00,0.0,1.14079796e-07,0.0,0.0,1.14079796e-07
280.56787,0.5474266,0.5474266,0.0,0.0,2015-10-09 12:00:00,0.0,0.0,0.0,0.0,0.0
281.12134,0.58870614,0.58870614,0.0,0.0,2015-10-09 13:00:00,0.0,0.0,0.0,0.0,0.0
282.23438,0.5864412,0.5864412,0.0,0.0,2015-10-09 14:00:00,0.0,0.0,0.0,0.0,0.0
285.20142,0.74124753,0.74124753,0.0,0.0,2015-10-09 15:00:00,0.0,0.0,0.0,0.0,0.0
285.68994,0.9902332,0.9902332,0.0,0.0,2015-10-09 16:00:00,0.0,0.0,0.0,0.0,0.0
286.38843,1.0,1.0,0.0,0.0,2015-10-09 17:00:00,0.0,0.0,0.0,0.0,0.0
286.74072,1.0,1.0,0.0,0.0,2015-10-09 18:00:00,0.0,0.0,0.0,0.0,0.0
287.0774,1.0,1.0,0.0,0.21157569,2015-10-09 19:00:00,0.0,0.0,0.0,0.0,0.0
287.12646,0.99841094,0.99841094,0.0,0.34105092,2015-10-09 20:00:00,0.0,0.0,0.0,0.0,0.0
287.3015,0.9851668,0.77155054,0.0,0.9819887,2015-10-09 21:00:00,0.0,0.0,0.0,0.0,0.0
286.3999,1.0,0.36804295,0.0,1.0,2015-10-09 22:00:00,0.0,0.0,0.0,0.0,0.0
285.78467,1.0,0.31432903,0.0,1.0,2015-10-09 23:00:00,0.0,0.0,0.0,0.0,0.0
284.75928,1.0,0.0,0.0,1.0,2015-10-10 00:00:00,0.0,0.0,0.0,0.0,0.0
283.2041,1.0,0.0,0.0,1.0,2015-10-10 01:00:00,0.0,0.0,0.0,0.0,0.0
282.74805,0.87181515,0.0,0.0,0.87181515,2015-10-10 02:00:00,0.0,0.0,0.0,0.0,0.0
281.29443,0.0,0.0,0.0,0.0,2015-10-10 03:00:00,0.0,0.0,0.0,0.0,0.0
280.6255,0.0,0.0,0.0,0.0,2015-10-10 04:00:00,0.0,0.0,0.0,0.0,0.0
280.54907,0.0,0.0,0.0,0.0,2015-10-10 05:00:00,0.0,0.0,0.0,0.0,0.0
280.46582,0.0,0.0,0.0,0.0,2015-10-10 06:00:00,0.0,0.0,0.0,0.0,0.0
280.45532,0.0,0.0,0.0,0.0,2015-10-10 07:00:00,0.0,0.0,0.0,0.0,0.0
280.36963,0.0,0.0,0.0,0.0,2015-10-10 08:00:00,0.0,0.0,0.0,0.0,0.0
280.17163,0.98597395,0.0,0.0,0.98597395,2015-10-10 09:00:00,0.0,0.0,0.0,0.0,0.0
279.61426,0.99364376,0.0,0.0,0.99364376,2015-10-10 10:00:00,0.0,0.0,0.0,0.0,0.0
279.79834,0.9904384,0.0,0.0,0.9904384,2015-10-10 11:00:00,0.0,0.0,0.0,0.0,0.0
279.88892,0.9165782,0.0,0.0,0.9165782,2015-10-10 12:00:00,0.0,0.0,0.0,0.0,0.0
280.55493,0.995108,0.0,0.0,0.995108,2015-10-10 13:00:00,0.0,0.0,0.0,0.0,0.0
282.29297,0.8349313,0.0,0.0,0.8349313,2015-10-10 14:00:00,0.0,0.0,0.0,0.0,0.0
287.25757,0.78719467,0.0,0.0,0.78719467,2015-10-10 15:00:00,0.0,0.0,0.0,0.0,0.0
289.50098,0.8384477,0.0,0.0,0.8384477,2015-10-10 16:00:00,0.0,0.0,0.0,0.0,0.0
291.1853,0.6412049,0.0,0.0,0.6412049,2015-10-10 17:00:00,0.0,0.0,0.0,0.0,0.0
292.6377,0.2900524,0.0,0.0,0.2900524,2015-10-10 18:00:00,0.0,0.0,0.0,0.0,0.0
293.8667,0.92901003,0.0,0.0,0.92901003,2015-10-10 19:00:00,0.0,0.0,0.0,0.0,0.0
294.7893,1.0,0.0,0.0,1.0,2015-10-10 20:00:00,0.0,0.0,0.0,0.0,0.0
295.97754,0.9827938,0.0,0.0057492107,0.9827938,2015-10-10 21:00:00,0.0,0.0,0.0,0.0,0.0
295.13013,0.97433954,0.0,0.0,0.97433954,2015-10-10 22:00:00,0.0,0.0,0.0,0.0,0.0
294.49487,0.9146072,0.0,0.0,0.9146072,2015-10-10 23:00:00,0.0,0.0,0.0,0.0,0.0
293.6206,0.68258256,0.0,0.0,0.68258256,2015-10-11 00:00:00,0.0,0.0,0.0,0.0,0.0
293.1731,0.78021306,0.0,0.0,0.78021306,2015-10-11 01:00:00,0.0,0.0,0.0,0.0,0.0
292.92822,0.7063434,0.0,0.0,0.7063434,2015-10-11 02:00:00,0.0,0.0,0.0,0.0,0.0
291.81543,0.35512352,0.0,0.0,0.35512352,2015-10-11 03:00:00,0.0,0.0,0.0,0.0,0.0
291.47705,0.054645993,0.0,0.0,0.054645993,2015-10-11 04:00:00,0.0,0.0,0.0,0.0,0.0
290.67603,0.0,0.0,0.0,0.0,2015-10-11 05:00:00,0.0,0.0,0.0,0.0,0.0
289.89307,0.0,0.0,0.0,0.0,2015-10-11 06:00:00,0.0,0.0,0.0,0.0,0.0
289.6765,0.0,0.0,0.0,0.0,2015-10-11 07:00:00,0.0,0.0,0.0,0.0,0.0
289.39258,0.0,0.0,0.0,0.0,2015-10-11 08:00:00,0.0,0.0,0.0,0.0,0.0
288.36426,0.0,0.0,0.0,0.0,2015-10-11 09:00:00,0.0,0.0,0.0,0.0,0.0
287.00098,0.0,0.0,0.0,0.0,2015-10-11 10:00:00,0.0,0.0,0.0,0.0,0.0
286.8208,0.0,0.0,0.0,0.0,2015-10-11 11:00:00,0.0,0.0,0.0,0.0,0.0
286.54614,0.0,0.0,0.0,0.0,2015-10-11 12:00:00,0.0,0.0,0.0,0.0,0.0
286.68506,0.0,0.0,0.0,0.0,2015-10-11 13:00:00,0.0,0.0,0.0,0.0,0.0
288.45605,0.0,0.0,0.0,0.0,2015-10-11 14:00:00,0.0,0.0,0.0,0.0,0.0
291.8423,0.0,0.0,0.0,0.0,2015-10-11 15:00:00,0.0,0.0,0.0,0.0,0.0
294.688,0.0,0.0,0.0,0.0,2015-10-11 16:00:00,0.0,0.0,0.0,0.0,0.0
296.23975,0.0,0.0,0.0,0.0,2015-10-11 17:00:00,0.0,0.0,0.0,0.0,0.0
297.8252,0.0,0.0,0.0,0.0,2015-10-11 18:00:00,0.0,0.0,0.0,0.0,0.0
299.2876,0.0,0.0,0.0,0.0,2015-10-11 19:00:00,0.0,0.0,0.0,0.0,0.0
300.39575,0.0,0.0,0.0,0.0,2015-10-11 20:00:00,0.0,0.0,0.0,0.0,0.0
301.67505,0.0,0.0,0.0,0.0,2015-10-11 21:00:00,0.0,0.0,0.0,0.0,0.0
300.86475,0.0,0.0,0.0,0.0,2015-10-11 22:00:00,0.0,0.0,0.0,0.0,0.0
299.56104,0.0,0.0,0.0,0.0,2015-10-11 23:00:00,0.0,0.0,0.0,0.0,0.0
297.6775,0.0,0.0,0.0,0.0,2015-10-12 00:00:00,0.0,0.0,0.0,0.0,0.0
297.09888,0.0,0.0,0.0,0.0,2015-10-12 01:00:00,0.0,0.0,0.0,0.0,0.0
297.0371,0.30552882,0.0,0.0,0.30552882,2015-10-12 02:00:00,0.0,0.0,0.0,0.0,0.0
295.27417,0.22451848,0.0,0.0,0.22451848,2015-10-12 03:00:00,0.0,0.0,0.0,0.0,0.0
294.9807,0.29284835,0.013368163,0.0,0.28449404,2015-10-12 04:00:00,0.0,0.0,0.0,0.0,0.0
293.2141,0.3915828,0.0,0.0,0.3915828,2015-10-12 05:00:00,0.0,0.0,0.0,0.0,0.0
291.5669,0.97718006,0.0,0.0,0.97718006,2015-10-12 06:00:00,0.0,0.0,0.0,0.0,0.0
291.2522,0.9962183,0.0,0.0,0.9962183,2015-10-12 07:00:00,0.0,0.0,0.0,0.0,0.0
290.7588,0.69603056,0.0,0.0,0.69603056,2015-10-12 08:00:00,0.0,0.0,0.0,0.0,0.0
288.45142,0.01505813,0.0,0.0,0.01505813,2015-10-12 09:00:00,0.0,0.0,0.0,0.0,0.0
286.93115,0.0,0.0,0.0,0.0,2015-10-12 10:00:00,0.0,0.0,0.0,0.0,0.0
286.86768,0.0,0.0,0.0,0.0,2015-10-12 11:00:00,0.0,0.0,0.0,0.0,0.0
286.8081,0.002103883,0.002103883,0.0,0.0,2015-10-12 12:00:00,0.0,0.0,0.0,0.0,0.0
287.35327,0.34374672,0.34268326,0.010788232,0.0,2015-10-12 13:00:00,0.0,0.0,0.0,0.0,0.0
288.06152,0.9722872,0.9722872,0.768179,0.0,2015-10-12 14:00:00,0.0,0.0,0.0,0.0,0.0
287.85596,1.0,1.0,1.0,0.10471821,2015-10-12 15:00:00,1.0,1.8911873e-05,0.0,1.884457e-05,0.0
286.75708,1.0,1.0,0.98400414,0.4861285,2015-10-12 16:00:00,1.0,1.4055813e-05,0.0,1.2768866e-05,1.1440234e-06
285.69458,1.0,0.997629,1.0,0.43815666,2015-10-12 17:00:00,1.0,6.475487e-05,0.0,4.328278e-05,2.164417e-05
285.08154,1.0,0.98042285,0.98927194,0.8246914,2015-10-12 18:00:00,1.0,0.00015890237,0.0,2.9187562e-05,0.000129295
284.1631,0.998375,0.88945323,0.998375,0.6881521,2015-10-12 19:00:00,1.0,0.00054734526,0.0,6.104175e-05,0.00048637087
283.74976,0.9932679,0.8232662,0.9882647,0.01803701,2015-10-12 20:00:00,1.0,0.0005916096,0.0,0.00034210575,0.00024900748
283.26196,1.0,0.987338,1.0,0.0,2015-10-12 21:00:00,1.0,0.00024696696,0.0,1.925927e-05,0.00022752637
282.1521,1.0,0.99164295,1.0,0.0,2015-10-12 22:00:00,1.0,0.00017833449,0.0,2.898828e-06,0.00017505368
281.94824,1.0,1.0,1.0,0.0,2015-10-12 23:00:00,1.0,6.5745684e-05,0.0,8.4856117e-07,6.4925975e-05
282.03857,1.0,1.0,0.9897114,0.0,2015-10-13 00:00:00,0.0,7.1095874e-06,0.0,0.0,7.319163e-06
282.04907,1.0,1.0,0.9313973,0.0,2015-10-13 01:00:00,0.0,0.0,0.0,0.0,0.0
282.12573,1.0,1.0,0.8209179,0.0,2015-10-13 02:00:00,0.0,0.0,0.0,0.0,0.0
281.5752,1.0,1.0,0.3878348,0.0,2015-10-13 03:00:00,0.0,0.0,0.0,0.0,0.0
281.4851,1.0,1.0,0.0100932345,0.0,2015-10-13 04:00:00,0.0,0.0,0.0,0.0,0.0
281.27466,1.0,1.0,0.0,0.0,2015-10-13 05:00:00,0.0,0.0,0.0,0.0,0.0
280.6355,0.88504356,0.88504356,0.0,0.0,2015-10-13 06:00:00,0.0,0.0,0.0,0.0,0.0
280.35352,0.06685895,0.06685895,0.0,0.0,2015-10-13 07:00:00,0.0,0.0,0.0,0.0,0.0
279.9292,0.6883318,0.6883318,0.0,0.0,2015-10-13 08:00:00,0.0,0.0,0.0,0.0,0.0
278.91602,0.7729175,0.7729175,0.0,0.0,2015-10-13 09:00:00,0.0,0.0,0.0,0.0,0.0
279.354,0.7940162,0.6467596,0.0,0.40404016,2015-10-13 10:00:00,0.0,0.0,0.0,0.0,0.0
279.27124,0.9496063,0.70023614,0.02528942,0.7345267,2015-10-13 11:00:00,0.0,0.0,0.0,0.0,0.0
279.12476,0.9919827,0.7271445,0.2536965,0.9315336,2015-10-13 12:00:00,0.0,0.0,0.0,0.0,0.0
279.21265,0.8816689,0.7851498,0.0,0.3762126,2015-10-13 13:00:00,0.0,3.2071384e-06,0.0,8.017848e-07,2.4053543e-06
279.39746,0.9946821,0.895266,0.055043057,0.943336,2015-10-13 14:00:00,0.0,1.4510288e-06,0.0,9.354155e-07,3.8198294e-07
280.81738,1.0,0.9025908,0.45329309,0.97947925,2015-10-13 15:00:00,0.0,0.0,0.0,0.0,9.549569e-08
281.58813,0.7908671,0.4558096,0.23482144,0.6411258,2015-10-13 16:00:00,0.0,0.0,0.0,0.0,0.0
282.83447,0.34333718,0.3230188,0.0,0.035307344,2015-10-13 17:00:00,0.0,0.0,0.0,0.0,0.0
284.20898,0.02087973,0.02087973,0.0,0.0,2015-10-13 18:00:00,0.0,0.0,0.0,0.0,0.0
285.5498,0.023464143,0.023464143,0.0,0.0,2015-10-13 19:00:00,0.0,0.0,0.0,0.0,0.0
286.56763,0.028262585,0.028262585,0.0,0.0,2015-10-13 20:00:00,0.0,0.0,0.0,0.0,0.0
288.13672,0.0052650943,0.0052650943,0.0,0.0,2015-10-13 21:00:00,0.0,0.0,0.0,0.0,0.0
287.26514,0.0067320913,0.0067320913,0.0,0.0,2015-10-13 22:00:00,0.0,0.0,0.0,0.0,0.0
286.48608,0.004260551,0.004260551,0.0,0.0,2015-10-13 23:00:00,0.0,0.0,0.0,0.0,0.0
284.53052,0.0,0.0,0.0,0.0,2015-10-14 00:00:00,0.0,0.0,0.0,0.0,0.0
283.09692,0.0,0.0,0.0,0.0,2015-10-14 01:00:00,0.0,0.0,0.0,0.0,0.0
282.34058,0.0,0.0,0.0,0.0,2015-10-14 02:00:00,0.0,0.0,0.0,0.0,0.0
280.3667,0.14045131,0.0,0.0,0.14045131,2015-10-14 03:00:00,0.0,0.0,0.0,0.0,0.0
279.5581,0.69175166,0.0,0.0,0.69175166,2015-10-14 04:00:00,0.0,0.0,0.0,0.0,0.0
278.5559,0.86507744,0.0,0.0,0.86507744,2015-10-14 05:00:00,0.0,0.0,0.0,0.0,0.0
278.75977,0.5500772,0.0,0.0,0.5500772,2015-10-14 06:00:00,0.0,0.0,0.0,0.0,0.0
278.4275,0.0,0.0,0.0,0.0,2015-10-14 07:00:00,0.0,0.0,0.0,0.0,0.0
277.8684,0.0,0.0,0.0,0.0,2015-10-14 08:00:00,0.0,0.0,0.0,0.0,0.0
275.57104,0.0,0.0,0.0,0.0,2015-10-14 09:00:00,0.0,0.0,0.0,0.0,0.0
276.61768,0.0,0.0,0.0,0.0,2015-10-14 10:00:00,0.0,0.0,0.0,0.0,0.0
276.81592,0.005003199,0.005003199,0.0,0.0,2015-10-14 11:00:00,0.0,0.0,0.0,0.0,0.0
277.0879,0.005003199,0.005003199,0.0033782488,0.0,2015-10-14 12:00:00,0.0,0.0,0.0,0.0,0.0
277.71436,0.022932425,0.004474845,0.022932425,0.0,2015-10-14 13:00:00,0.0,0.0,0.0,0.0,0.0
280.1316,0.028680138,0.0,0.028680138,0.0,2015-10-14 14:00:00,0.0,0.0,0.0,0.0,0.0
285.42456,0.0,0.0,0.0,0.0,2015-10-14 15:00:00,0.0,0.0,0.0,0.0,0.0
287.69702,0.0,0.0,0.0,0.0,2015-10-14 16:00:00,0.0,0.0,0.0,0.0,0.0
289.8916,0.0,0.0,0.0,0.0,2015-10-14 17:00:00,0.0,0.0,0.0,0.0,0.0
291.11792,0.0,0.0,0.0,0.0,2015-10-14 18:00:00,0.0,0.0,0.0,0.0,0.0
291.26367,0.0,0.0,0.0,0.0,2015-10-14 19:00:00,0.0,0.0,0.0,0.0,0.0
292.3208,0.0,0.0,0.0,0.0,2015-10-14 20:00:00,0.0,0.0,0.0,0.0,0.0
292.70532,0.0,0.0,0.0,0.0,2015-10-14 21:00:00,0.0,0.0,0.0,0.0,0.0
291.09766,0.32927418,0.0,0.32927418,0.0,2015-10-14 22:00:00,0.0,0.0,0.0,0.0,0.0
289.9348,0.20786631,0.0,0.20786631,0.0,2015-10-14 23:00:00,0.0,0.0,0.0,0.0,0.0
287.58838,0.2382285,0.0,0.2382285,0.0,2015-10-15 00:00:00,0.0,0.0,0.0,0.0,0.0
287.01758,0.3149492,0.0,0.3149492,0.0,2015-10-15 01:00:00,0.0,0.0,0.0,0.0,0.0
286.4519,0.29984355,0.0,0.29984355,0.0,2015-10-15 02:00:00,0.0,0.0,0.0,0.0,0.0
285.33374,0.16459614,0.0,0.16459614,0.0,2015-10-15 03:00:00,0.0,0.0,0.0,0.0,0.0
285.30957,0.047118653,0.0,0.047118653,0.0,2015-10-15 04:00:00,0.0,0.0,0.0,0.0,0.0
284.76245,0.0023709626,0.0,0.0023709626,0.0,2015-10-15 05:00:00,0.0,0.0,0.0,0.0,0.0
284.10205,0.0,0.0,0.0,0.0,2015-10-15 06:00:00,0.0,0.0,0.0,0.0,0.0
283.40186,0.0,0.0,0.0,0.0,2015-10-15 07:00:00,0.0,0.0,0.0,0.0,0.0
282.15796,0.0,0.0,0.0,0.0,2015-10-15 08:00:00,0.0,0.0,0.0,0.0,0.0
280.90088,0.0,0.0,0.0,0.0,2015-10-15 09:00:00,0.0,0.0,0.0,0.0,0.0
281.0713,0.0,0.0,0.0,0.0,2015-10-15 10:00:00,0.0,0.0,0.0,0.0,0.0
281.1621,0.0,0.0,0.0,0.0,2015-10-15 11:00:00,0.0,0.0,0.0,0.0,0.0
280.91064,0.0,0.0,0.0,0.0,2015-10-15 12:00:00,0.0,0.0,0.0,0.0,0.0
280.72754,0.0,0.0,0.0,0.0,2015-10-15 13:00:00,0.0,0.0,0.0,0.0,0.0
282.36133,0.0,0.0,0.0,0.0,2015-10-15 14:00:00,0.0,0.0,0.0,0.0,0.0
285.16138,0.00053172023,0.0,0.00053172023,0.0,2015-10-15 15:00:00,0.0,0.0,0.0,0.0,0.0
286.3235,0.0,0.0,0.0,0.0,2015-10-15 16:00:00,0.0,0.0,0.0,0.0,0.0
287.0603,0.5169469,0.052087232,0.5101404,0.0,2015-10-15 17:00:00,0.0,3.1462087e-06,0.0,3.2032485e-06,0.0
287.60474,0.0609827,0.027567934,0.0609827,0.0,2015-10-15 18:00:00,0.0,7.874845e-06,0.0,8.151399e-06,0.0
287.635,0.26753712,0.078883946,0.26120615,0.0,2015-10-15 19:00:00,0.0,0.0,0.0,0.0,0.0
287.39062,0.74714833,0.0,0.74714833,0.0,2015-10-15 20:00:00,0.0,0.0,0.0,0.0,0.0
287.68042,0.75861573,0.01709488,0.75861573,0.0,2015-10-15 21:00:00,0.0,0.0,0.0,0.0,0.0
286.05054,0.5671694,0.0016249504,0.5671694,0.0,2015-10-15 22:00:00,0.0,0.0,0.0,0.0,0.0
286.03198,0.079634726,0.0,0.079634726,0.0,2015-10-15 23:00:00,0.0,1.7535249e-06,0.0,1.6769336e-06,0.0
284.58374,0.008732032,0.0033782488,0.008732032,0.0,2015-10-16 00:00:00,0.0,0.0,0.0,0.0,0.0
283.87915,0.0033782488,0.0033782488,0.0,0.0,2015-10-16 01:00:00,0.0,0.0,0.0,0.0,0.0
283.10522,0.03408484,0.03408484,0.0,0.0,2015-10-16 02:00:00,0.0,0.0,0.0,0.0,0.0
281.3723,0.15646178,0.15646178,0.0,0.0,2015-10-16 03:00:00,0.0,0.0,0.0,0.0,0.0
280.2959,0.63068056,0.63068056,0.0,0.0,2015-10-16 04:00:00,0.0,0.0,0.0,0.0,0.0
279.14307,0.67354375,0.67354375,0.0,0.0,2015-10-16 05:00:00,0.0,0.0,0.0,0.0,0.0
277.83936,0.55374867,0.55374867,0.0,0.0,2015-10-16 06:00:00,0.0,0.0,0.0,0.0,0.0
277.5996,0.5119802,0.5119802,0.0,0.0,2015-10-16 07:00:00,0.0,0.0,0.0,0.0,0.0
277.17163,0.446198,0.446198,0.0,0.0,2015-10-16 08:00:00,0.0,0.0,0.0,0.0,0.0
276.1228,0.47973263,0.47973263,0.0,0.0,2015-10-16 09:00:00,0.0,0.0,0.0,0.0,0.0
274.3767,0.30171084,0.30171084,0.0,0.0,2015-10-16 10:00:00,0.0,0.0,0.0,0.0,0.0
274.18066,0.16796428,0.16796428,0.0,0.0,2015-10-16 11:00:00,0.0,0.0,0.0,0.0,0.0
273.78613,0.1736927,0.1736927,0.0,0.0,2015-10-16 12:00:00,0.0,0.0,0.0,0.0,0.0
273.64258,0.07312548,0.07312548,0.0,0.0,2015-10-16 13:00:00,0.0,0.0,0.0,0.0,0.0
274.87183,0.41111517,0.042282227,0.0,0.38606352,2015-10-16 14:00:00,0.0,0.0,0.0,0.0,0.0
277.39404,0.39954287,0.25945497,0.009939872,0.20923436,2015-10-16 15:00:00,0.0,0.0,0.0,0.0,0.0
278.1057,0.807177,0.74160844,0.047287785,0.23801345,2015-10-16 16:00:00,0.0,0.0,0.0,0.0,0.0
279.0581,0.819595,0.75388587,0.3814987,0.11176157,2015-10-16 17:00:00,0.0,0.0,0.0,0.0,0.0
279.61475,0.9233045,0.9233045,0.17747444,0.05453506,2015-10-16 18:00:00,0.0,0.0,0.0,0.0,0.0
279.9558,0.97838485,0.9715415,0.09556049,0.08737552,2015-10-16 19:00:00,0.0,0.0,0.0,0.0,0.0
280.50366,0.83072096,0.82861704,0.0063285343,0.002103883,2015-10-16 20:00:00,0.0,0.0,0.0,0.0,0.0
280.6455,0.8584494,0.8584494,0.013033811,0.0,2015-10-16 21:00:00,0.0,0.0,0.0,0.0,0.0
279.3982,0.9904657,0.9904657,0.7767701,0.0,2015-10-16 22:00:00,0.0,0.0,0.0,0.0,0.0
279.073,0.95905524,0.89455295,0.93741244,0.0,2015-10-16 23:00:00,0.0,0.0,0.0,0.0,0.0
278.3423,0.95705515,0.37999785,0.93593913,0.0,2015-10-17 00:00:00,0.0,0.0,0.0,0.0,0.0
277.39185,0.90964466,0.24722058,0.90964466,0.0,2015-10-17 01:00:00,0.0,0.0,0.0,0.0,0.0
276.62573,0.8128107,0.11880618,0.8128107,0.0,2015-10-17 02:00:00,0.0,0.0,0.0,0.0,0.0
276.10767,0.5170774,0.04948402,0.5170774,0.0,2015-10-17 03:00:00,0.0,0.0,0.0,0.0,0.0
275.88477,0.0,0.0,0.0,0.0,2015-10-17 04:00:00,0.0,0.0,0.0,0.0,0.0
274.76123,0.0,0.0,0.0,0.0,2015-10-17 05:00:00,0.0,0.0,0.0,0.0,0.0
273.3357,0.0067320913,0.0067320913,0.0,0.0,2015-10-17 06:00:00,0.0,0.0,0.0,0.0,0.0
273.26025,0.016832627,0.016832627,0.0,0.0,2015-10-17 07:00:00,0.0,0.0,0.0,0.0,0.0
273.3562,0.08991963,0.08991963,0.0033782488,0.0,2015-10-17 08:00:00,0.0,0.0,0.0,0.0,0.0
273.3623,0.036409713,0.036409713,0.0,0.0,2015-10-17 09:00:00,0.0,0.0,0.0,0.0,0.0
273.46313,0.122960925,0.025326297,0.11111337,0.0,2015-10-17 10:00:00,0.0,0.0,0.0,0.0,0.0
273.50586,0.11848271,0.019460037,0.116378844,0.0,2015-10-17 11:00:00,0.0,0.0,0.0,0.0,0.0
273.21948,0.06813645,0.032723036,0.062735975,0.0,2015-10-17 12:00:00,0.0,0.0,0.0,0.0,0.0
272.5598,0.10272992,0.043452535,0.0758875,0.0,2015-10-17 13:00:00,0.0,0.0,0.0,0.0,0.0
275.12915,0.049953256,0.017799184,0.03610678,0.0,2015-10-17 14:00:00,0.0,0.0,0.0,0.0,0.0
279.5244,0.021724582,0.021724582,0.0,0.0,2015-10-17 15:00:00,0.0,0.0,0.0,0.0,0.0
281.20264,0.0,0.0,0.0,0.0,2015-10-17 16:00:00,0.0,0.0,0.0,0.0,0.0
283.052,0.0,0.0,0.0,0.0,2015-10-17 17:00:00,0.0,0.0,0.0,0.0,0.0
284.19092,0.17455393,0.0,0.0,0.17455393,2015-10-17 18:00:00,0.0,0.0,0.0,0.0,0.0
284.9563,0.21909112,0.0033782488,0.0,0.21572995,2015-10-17 19:00:00,0.0,0.0,0.0,0.0,0.0
285.4441,0.3038947,0.056646038,0.0100932345,0.26345146,2015-10-17 20:00:00,0.0,0.0,0.0,0.0,0.0
286.00488,0.249205,0.028938081,0.0067320913,0.22353393,2015-10-17 21:00:00,0.0,0.0,0.0,0.0,0.0
285.10474,0.16044545,0.005273644,0.0,0.15754277,2015-10-17 22:00:00,0.0,0.0,0.0,0.0,0.0
284.69604,0.019203588,0.0,0.0,0.019203588,2015-10-17 23:00:00,0.0,0.0,0.0,0.0,0.0
283.82617,0.0033782488,0.0,0.0033782488,0.0,2015-10-18 00:00:00,0.0,0.0,0.0,0.0,0.0
281.5271,0.0,0.0,0.0,0.0,2015-10-18 01:00:00,0.0,0.0,0.0,0.0,0.0
279.67676,0.0,0.0,0.0,0.0,2015-10-18 02:00:00,0.0,0.0,0.0,0.0,0.0
277.19702,0.0,0.0,0.0,0.0,2015-10-18 03:00:00,0.0,0.0,0.0,0.0,0.0
276.80566,0.0,0.0,0.0,0.0,2015-10-18 04:00:00,0.0,0.0,0.0,0.0,0.0
275.6245,0.0,0.0,0.0,0.0,2015-10-18 05:00:00,0.0,0.0,0.0,0.0,0.0
274.6914,0.0,0.0,0.0,0.0,2015-10-18 06:00:00,0.0,0.0,0.0,0.0,0.0
274.41162,0.0,0.0,0.0,0.0,2015-10-18 07:00:00,0.0,0.0,0.0,0.0,0.0
274.43652,0.0,0.0,0.0,0.0,2015-10-18 08:00:00,0.0,0.0,0.0,0.0,0.0
274.4956,0.0,0.0,0.0,0.0,2015-10-18 09:00:00,0.0,0.0,0.0,0.0,0.0
274.2063,0.0,0.0,0.0,0.0,2015-10-18 10:00:00,0.0,0.0,0.0,0.0,0.0
274.31934,0.0,0.0,0.0,0.0,2015-10-18 11:00:00,0.0,0.0,0.0,0.0,0.0
274.56787,0.0,0.0,0.0,0.0,2015-10-18 12:00:00,0.0,0.0,0.0,0.0,0.0
274.8777,0.0,0.0,0.0,0.0,2015-10-18 13:00:00,0.0,0.0,0.0,0.0,0.0
276.7605,0.00053172023,0.0,0.00053172023,0.0,2015-10-18 14:00:00,0.0,0.0,0.0,0.0,0.0
282.35718,0.0010573287,0.0,0.0010573287,0.0,2015-10-18 15:00:00,0.0,0.0,0.0,0.0,0.0
285.1128,0.0,0.0,0.0,0.0,2015-10-18 16:00:00,0.0,0.0,0.0,0.0,0.0
287.04004,0.00053172023,0.0,0.00053172023,0.0,2015-10-18 17:00:00,0.0,0.0,0.0,0.0,0.0
288.4712,0.005006563,0.002103883,0.005006563,0.0,2015-10-18 18:00:00,0.0,0.0,0.0,0.0,0.0
288.94653,0.0,0.0,0.0,0.0,2015-10-18 19:00:00,0.0,0.0,0.0,0.0,0.0
289.56616,0.010009766,0.010009766,0.0,0.0,2015-10-18 20:00:00,0.0,0.0,0.0,0.0,0.0
290.02563,0.0023709626,0.0023709626,0.0,0.0,2015-10-18 21:00:00,0.0,0.0,0.0,0.0,0.0
288.61646,0.0,0.0,0.0,0.0,2015-10-18 22:00:00,0.0,0.0,0.0,0.0,0.0
287.76318,0.0,0.0,0.0,0.0,2015-10-18 23:00:00,0.0,0.0,0.0,0.0,0.0
286.60522,0.0,0.0,0.0,0.0,2015-10-19 00:00:00,0.0,0.0,0.0,0.0,0.0
286.07544,0.0,0.0,0.0,0.0,2015-10-19 01:00:00,0.0,0.0,0.0,0.0,0.0
285.8723,0.0,0.0,0.0,0.0,2015-10-19 02:00:00,0.0,0.0,0.0,0.0,0.0
285.36694,0.0,0.0,0.0,0.0,2015-10-19 03:00:00,0.0,0.0,0.0,0.0,0.0
285.15527,0.0,0.0,0.0,0.0,2015-10-19 04:00:00,0.0,0.0,0.0,0.0,0.0
284.833,0.0,0.0,0.0,0.0,2015-10-19 05:00:00,0.0,0.0,0.0,0.0,0.0
284.8313,0.08513689,0.0,0.0,0.08513689,2015-10-19 06:00:00,0.0,0.0,0.0,0.0,0.0
284.91504,0.058700535,0.0,0.0,0.058700535,2015-10-19 07:00:00,0.0,0.0,0.0,0.0,0.0
284.8064,0.4434958,0.0,0.0,0.4434958,2015-10-19 08:00:00,0.0,0.0,0.0,0.0,0.0
285.64258,0.69827807,0.0,0.0,0.69827807,2015-10-19 09:00:00,0.0,0.0,0.0,0.0,0.0
285.84082,0.740729,0.0,0.004207764,0.740729,2015-10-19 10:00:00,0.0,0.0,0.0,0.0,0.0
285.76514,0.8853158,0.0,0.3759355,0.8648445,2015-10-19 11:00:00,0.0,0.0,0.0,0.0,0.0
286.167,0.9352283,0.0,0.7924369,0.9157232,2015-10-19 12:00:00,0.0,0.0,0.0,0.0,0.0
286.57397,0.8687339,0.0,0.79471236,0.75707716,2015-10-19 13:00:00,0.0,0.0,0.0,0.0,0.0
287.2561,0.7842754,0.0,0.54195994,0.67726916,2015-10-19 14:00:00,0.0,0.0,0.0,0.0,0.0
290.45557,0.96121013,0.0,0.6333257,0.9405934,2015-10-19 15:00:00,0.0,0.0,0.0,0.0,0.0
292.3291,0.8716662,0.0,0.6348682,0.70851177,2015-10-19 16:00:00,0.0,0.0,0.0,0.0,0.0
293.20142,0.8296352,0.0,0.7302639,0.41534323,2015-10-19 17:00:00,0.0,9.7405655e-06,0.0,9.788313e-06,0.0
293.75073,0.66639155,0.0,0.4046226,0.47782153,2015-10-19 18:00:00,0.0,2.1662636e-05,0.0,2.1510088e-05,0.0
294.64697,0.52890545,0.0,0.33997333,0.3972308,2015-10-19 19:00:00,1.0,0.00048692292,0.0,0.00048705656,0.0
295.32666,0.40497255,0.0,0.35958982,0.123640835,2015-10-19 20:00:00,0.0,0.0004288857,0.0,0.0004287043,0.0
296.50488,0.21963972,0.0,0.13339722,0.10810095,2015-10-19 21:00:00,0.0,0.0,0.0,0.0,0.0
295.15063,0.09106302,0.0,0.028081402,0.07240331,2015-10-19 22:00:00,0.0,2.7821792e-05,0.0,2.8069495e-05,0.0
293.88403,0.04034255,0.0,0.03480763,0.012138661,2015-10-19 23:00:00,0.0,3.0544295e-05,0.0,3.0430208e-05,0.0
291.62158,0.007388301,0.0,0.007388301,0.0,2015-10-20 00:00:00,0.0,0.0,0.0,0.0,0.0
290.45386,0.02318887,0.0,0.02318887,0.0,2015-10-20 01:00:00,0.0,0.0,0.0,0.0,0.0
289.54077,0.00737416,0.0,0.00737416,0.0,2015-10-20 02:00:00,0.0,0.0,0.0,0.0,0.0
287.6692,0.0,0.0,0.0,0.0,2015-10-20 03:00:00,0.0,0.0,0.0,0.0,0.0
286.97412,0.0016249504,0.0,0.0,0.0016249504,2015-10-20 04:00:00,0.0,0.0,0.0,0.0,0.0
286.0979,0.12650162,0.0,0.0,0.12650162,2015-10-20 05:00:00,0.0,0.0,0.0,0.0,0.0
285.41357,0.084162116,0.0,0.0,0.084162116,2015-10-20 06:00:00,0.0,0.0,0.0,0.0,0.0
284.8357,0.29554307,0.0,0.0,0.29554307,2015-10-20 07:00:00,0.0,0.0,0.0,0.0,0.0
284.35522,0.8452067,0.0,0.0,0.8452067,2015-10-20 08:00:00,0.0,0.0,0.0,0.0,0.0
283.78638,0.9693223,0.0,0.0,0.9693223,2015-10-20 09:00:00,0.0,0.0,0.0,0.0,0.0
283.29834,0.9894646,0.0,0.0,0.9894646,2015-10-20 10:00:00,0.0,0.0,0.0,0.0,0.0
283.22827,0.9760617,0.0,0.0048919544,0.9760617,2015-10-20 11:00:00,0.0,0.0,0.0,0.0,0.0
283.48413,0.9883533,0.0,0.021502096,0.9883533,2015-10-20 12:00:00,0.0,0.0,0.0,0.0,0.0
283.10425,0.97873324,0.0,0.0,0.97873324,2015-10-20 13:00:00,0.0,0.0,0.0,0.0,0.0
284.26123,0.9878863,0.0,0.0,0.9878863,2015-10-20 14:00:00,0.0,0.0,0.0,0.0,0.0
286.64746,0.96709853,0.0,0.05701891,0.9620953,2015-10-20 15:00:00,0.0,0.0,0.0,0.0,0.0
288.31836,0.97495836,0.0,0.0991745,0.97495836,2015-10-20 16:00:00,0.0,0.0,0.0,0.0,0.0
289.8711,0.99736434,0.0,0.14025366,0.9878863,2015-10-20 17:00:00,0.0,0.0,0.0,0.0,0.0
290.7373,0.9800109,0.0,0.103346944,0.9716466,2015-10-20 18:00:00,0.0,0.0,0.0,0.0,0.0
291.5354,0.9871153,0.0,0.16642952,0.9871153,2015-10-20 19:00:00,0.0,0.0,0.0,0.0,0.0
292.37036,0.998375,0.0,0.19986439,0.998375,2015-10-20 20:00:00,0.0,0.0,0.0,0.0,0.0
293.06128,0.9662595,0.0,0.056099284,0.9662595,2015-10-20 21:00:00,0.0,0.0,0.0,0.0,0.0
292.37622,0.45004642,0.0,0.010822706,0.44714987,2015-10-20 22:00:00,0.0,0.0,0.0,0.0,0.0
291.2942,0.057917744,0.0,0.018225458,0.042877685,2015-10-20 23:00:00,0.0,0.0,0.0,0.0,0.0
290.14893,0.14479977,0.0,0.0031780982,0.14162165,2015-10-21 00:00:00,0.0,0.0,0.0,0.0,0.0
289.41113,0.63192207,0.0,0.010536302,0.6298182,2015-10-21 01:00:00,0.0,0.0,0.0,0.0,0.0
289.1516,0.8344017,0.0,0.074395,0.8201842,2015-10-21 02:00:00,0.0,0.0,0.0,0.0,0.0
287.7788,0.8694862,0.0,0.2531094,0.8223291,2015-10-21 03:00:00,0.0,0.0,0.0,0.0,0.0
287.2942,0.71437514,0.0,0.49093944,0.5103384,2015-10-21 04:00:00,0.0,0.0,0.0,0.0,0.0
287.1338,0.98023486,0.0,0.79273367,0.9269815,2015-10-21 05:00:00,0.0,0.0001384415,0.0,0.0001384415,0.0
286.54297,0.74083185,0.0,0.4576717,0.6762759,2015-10-21 06:00:00,0.0,0.00017054459,0.0,0.00017066828,0.0
286.12402,0.97782654,0.0,0.685303,0.97782654,2015-10-21 07:00:00,0.0,9.1360096e-05,0.0,9.130305e-05,0.0
285.83203,0.9949968,0.0,0.7349894,0.9800116,2015-10-21 08:00:00,0.0,0.00011713487,0.0,0.00011723004,0.0
285.3728,1.0,0.0,0.59237564,1.0,2015-10-21 09:00:00,0.0,1.4897335e-05,0.0,1.4849587e-05,0.0
284.89038,0.9519768,0.0,0.0128620975,0.9462447,2015-10-21 10:00:00,0.0,0.0,0.0,0.0,0.0
284.71606,0.92161244,0.0,0.0,0.92161244,2015-10-21 11:00:00,0.0,0.0,0.0,0.0,0.0
284.4673,0.15524733,0.0,0.0,0.15524733,2015-10-21 12:00:00,0.0,0.0,0.0,0.0,0.0
284.91162,0.8967715,0.0,0.028941449,0.8967715,2015-10-21 13:00:00,0.0,0.0,0.0,0.0,0.0
285.5542,0.93597394,0.0052650943,0.048129085,0.93333834,2015-10-21 14:00:00,0.0,0.0,0.0,0.0,0.0
286.61255,0.89251435,0.017470762,0.004235424,0.89251435,2015-10-21 15:00:00,0.0,0.0,0.0,0.0,0.0
287.2373,0.9146792,0.38035083,0.0,0.848587,2015-10-21 16:00:00,0.0,0.0,0.0,0.0,0.0
288.3103,0.7460467,0.34934968,0.0,0.6332084,2015-10-21 17:00:00,0.0,0.0,0.0,0.0,0.0
288.42676,0.41269797,0.11911267,0.0,0.3105548,2015-10-21 18:00:00,0.0,0.0,0.0,0.0,0.0
289.27808,0.35483265,0.26197714,0.0,0.09390545,2015-10-21 19:00:00,0.0,0.0,0.0,0.0,0.0
289.25903,0.5431207,0.29814857,0.0,0.2639324,2015-10-21 20:00:00,0.0,0.0,0.0,0.0,0.0
288.61743,0.327466,0.26536858,0.0,0.06207299,2015-10-21 21:00:00,0.0,0.0,0.0,0.0,0.0
286.96167,0.6307387,0.1659444,0.0,0.48938537,2015-10-21 22:00:00,0.0,0.0,0.0,0.0,0.0
285.8235,0.7629023,0.15784925,0.0,0.68892556,2015-10-21 23:00:00,0.0,0.0,0.0,0.0,0.0
284.83276,0.93651026,0.09534317,0.0,0.9207888,2015-10-22 00:00:00,0.0,0.0,0.0,0.0,0.0
283.66333,0.9799798,0.0720287,0.0,0.9799798,2015-10-22 01:00:00,0.0,0.0,0.0,0.0,0.0
283.32227,0.5670483,0.052270513,0.0,0.52534515,2015-10-22 02:00:00,0.0,0.0,0.0,0.0,0.0
281.55103,0.5851608,0.028306644,0.0,0.5683209,2015-10-22 03:00:00,0.0,0.0,0.0,0.0,0.0
280.5664,0.70274943,0.0033782488,0.0,0.6993956,2015-10-22 04:00:00,0.0,0.0,0.0,0.0,0.0
279.01807,0.5213485,0.0,0.0,0.5213485,2015-10-22 05:00:00,0.0,0.0,0.0,0.0,0.0
279.02124,0.37913263,0.0,0.0,0.37913263,2015-10-22 06:00:00,0.0,0.0,0.0,0.0,0.0
278.8098,0.45687813,0.0,0.0,0.45687813,2015-10-22 07:00:00,0.0,0.0,0.0,0.0,0.0
276.63892,0.6002834,0.0,0.0,0.6002834,2015-10-22 08:00:00,0.0,0.0,0.0,0.0,0.0
276.0996,0.87433904,0.0,0.0,0.87433904,2015-10-22 09:00:00,0.0,0.0,0.0,0.0,0.0
275.6814,0.30757767,0.0,0.0,0.30757767,2015-10-22 10:00:00,0.0,0.0,0.0,0.0,0.0
275.46045,0.24869585,0.0,0.0,0.24869585,2015-10-22 11:00:00,0.0,0.0,0.0,0.0,0.0
275.4702,0.7521174,0.0,0.0,0.7521174,2015-10-22 12:00:00,0.0,0.0,0.0,0.0,0.0
275.56665,0.004207764,0.0,0.0,0.004207764,2015-10-22 13:00:00,0.0,0.0,0.0,0.0,0.0
277.4978,0.0,0.0,0.0,0.0,2015-10-22 14:00:00,0.0,0.0,0.0,0.0,0.0
282.6543,0.2992723,0.0,0.0,0.2992723,2015-10-22 15:00:00,0.0,0.0,0.0,0.0,0.0
285.2544,0.23587334,0.0,0.0,0.23587334,2015-10-22 16:00:00,0.0,0.0,0.0,0.0,0.0
287.33105,0.39481872,0.0,0.0,0.39481872,2015-10-22 17:00:00,0.0,0.0,0.0,0.0,0.0
288.6433,0.5858397,0.0,0.0,0.5858397,2015-10-22 18:00:00,0.0,0.0,0.0,0.0,0.0
289.08936,0.75218844,0.0,0.0,0.75218844,2015-10-22 19:00:00,0.0,0.0,0.0,0.0,0.0
289.5393,0.89761585,0.0,0.0,0.89761585,2015-10-22 20:00:00,0.0,0.0,0.0,0.0,0.0
289.87085,0.81534845,0.0,0.0,0.81534845,2015-10-22 21:00:00,0.0,0.0,0.0,0.0,0.0
288.5149,0.01024574,0.0,0.0,0.01024574,2015-10-22 22:00:00,0.0,0.0,0.0,0.0,0.0
286.54224,0.0,0.0,0.0,0.0,2015-10-22 23:00:00,0.0,0.0,0.0,0.0,0.0
284.62085,0.8264951,0.0,0.0,0.8264951,2015-10-23 00:00:00,0.0,0.0,0.0,0.0,0.0
283.92505,0.99337184,0.0,0.0,0.99337184,2015-10-23 01:00:00,0.0,0.0,0.0,0.0,0.0
283.43652,1.0,0.0,0.00053172023,1.0,2015-10-23 02:00:00,0.0,0.0,0.0,0.0,0.0
283.0713,1.0,0.0,0.020009164,1.0,2015-10-23 03:00:00,0.0,0.0,0.0,0.0,0.0
283.2041,1.0,0.0,0.38085258,1.0,2015-10-23 04:00:00,0.0,0.0,0.0,0.0,0.0
283.37207,1.0,0.0,0.92729276,1.0,2015-10-23 05:00:00,0.0,0.0,0.0,0.0,0.0
283.78125,1.0,0.0,1.0,1.0,2015-10-23 06:00:00,0.0,0.0,0.0,0.0,0.0
284.1311,1.0,0.010271661,0.91881055,1.0,2015-10-23 07:00:00,0.0,0.0,0.0,0.0,0.0
284.31836,1.0,0.17881656,0.8865245,1.0,2015-10-23 08:00:00,1.0,2.4603243e-05,0.0,2.431708e-05,0.0
284.50757,1.0,0.5380857,0.93317384,1.0,2015-10-23 09:00:00,0.0,3.7534133e-05,0.0,3.791548e-05,0.0
284.3357,0.99627113,0.16967434,0.97764,0.99627113,2015-10-23 10:00:00,0.0,0.0,0.0,0.0,0.0
284.34473,0.963387,0.097608685,0.88993806,0.85445505,2015-10-23 11:00:00,1.0,1.76982e-05,0.0,1.7745944e-05,0.0
284.06616,0.7907473,0.16299397,0.7506372,0.26888418,2015-10-23 12:00:00,1.0,0.00036510592,0.0,0.00035402738,1.080194e-05
282.87134,0.98498976,0.11518395,0.9820871,0.46895933,2015-10-23 13:00:00,1.0,0.00076643354,0.0,0.0006848769,8.165209e-05
282.68677,0.96840876,0.01652667,0.90248173,0.8489486,2015-10-23 14:00:00,1.0,0.00041922554,0.0,0.00032084459,9.893467e-05
282.96313,0.97306085,0.017568007,0.6648045,0.96328694,2015-10-23 15:00:00,1.0,0.00019289853,0.0,0.00014728431,4.5232868e-05
283.1963,0.9872687,0.05158167,0.9610666,0.9241002,2015-10-23 16:00:00,1.0,0.00043578912,0.0,0.00030030496,0.00013488278
283.3955,0.9926617,0.06907582,0.969077,0.9672601,2015-10-23 17:00:00,1.0,0.0007985446,0.0,0.00052821706,0.00027046027
283.32983,1.0,0.3531056,0.99946827,0.99319345,2015-10-23 18:00:00,1.0,0.00070747035,0.0,1.9633342e-05,0.00068764645
283.0786,1.0,0.7894799,0.9966217,1.0,2015-10-23 19:00:00,1.0,0.0025535342,0.0,0.0013887987,0.0011652124
283.073,1.0,0.4511081,1.0,0.9025777,2015-10-23 20:00:00,1.0,0.0016795308,0.0,0.0004723256,0.0012070911
283.20264,1.0,1.0,1.0,0.13984561,2015-10-23 21:00:00,1.0,0.00093107205,0.0,0.00024684682,0.00068415864
283.16846,1.0,1.0,0.9952605,0.15393418,2015-10-23 22:00:00,1.0,0.00027872995,0.0,4.95742e-07,0.00027829222
283.3816,1.0,1.0,0.83734715,0.2861609,2015-10-23 23:00:00,1.0,0.00017260264,0.0,0.0,0.0001721258
283.87207,1.0,1.0,0.6302318,0.49564606,2015-10-24 00:00:00,1.0,3.54051e-05,0.0,0.0,3.5614677e-05
284.18774,1.0,1.0,0.9010532,0.9347477,2015-10-24 01:00:00,1.0,1.8736304e-05,0.0,0.0,1.8736304e-05
284.38403,0.9952328,0.9883449,0.88504726,0.8878366,2015-10-24 02:00:00,1.0,2.578758e-05,0.0,0.0,2.5997157e-05
284.9619,1.0,0.973934,0.93755203,0.85071117,2015-10-24 03:00:00,1.0,2.5253961e-05,0.0,1.8307415e-05,7.0801725e-06
284.90845,1.0,1.0,0.9853313,0.53277826,2015-10-24 04:00:00,1.0,0.00052199746,0.0,0.00048053544,4.1672072e-05
285.1079,1.0,1.0,0.98441875,0.12614554,2015-10-24 05:00:00,1.0,0.0009761485,0.0,0.0007555019,0.00022063738
285.34595,1.0,1.0,0.9371075,0.0066281483,2015-10-24 06:00:00,1.0,0.0013696903,0.0,0.00068670535,0.000683252
285.30078,1.0,1.0,0.8664103,0.0,2015-10-24 07:00:00,1.0,0.00082218973,0.0,0.00030293548,0.00051934016
285.24048,1.0,1.0,0.85575646,0.0,2015-10-24 08:00:00,1.0,0.0006255831,0.0,0.00027270522,0.00035274425
284.96362,1.0,1.0,0.9694097,0.0,2015-10-24 09:00:00,1.0,0.00030853413,0.0,0.0001639843,0.00014472165
282.56543,1.0,1.0,1.0,0.0,2015-10-24 10:00:00,1.0,0.00037438166,0.0,5.6306264e-05,0.000318171
282.72046,1.0,1.0,0.99946827,0.116821826,2015-10-24 11:00:00,1.0,0.0001544642,0.0,8.2305605e-06,0.00014626248
282.511,1.0,1.0,0.98506755,0.019976202,2015-10-24 12:00:00,1.0,5.91719e-05,0.0,8.545249e-06,5.0893912e-05
281.97217,1.0,1.0,0.75302017,0.0,2015-10-24 13:00:00,1.0,2.0901309e-05,0.0,4.6539617e-06,1.6075268e-05
282.0437,1.0,1.0,0.27993906,0.0,2015-10-24 14:00:00,1.0,6.865419e-06,0.0,1.688476e-06,4.9196187e-06
282.97778,0.9796299,0.9796299,0.0063309744,0.0,2015-10-24 15:00:00,0.0,4.1582107e-06,0.0,2.6139487e-06,1.4112766e-06
283.52417,1.0,1.0,0.0,0.0,2015-10-24 16:00:00,0.0,0.0,0.0,0.0,0.0
283.95435,0.8385141,0.8140885,0.0,0.035945676,2015-10-24 17:00:00,0.0,0.0,0.0,0.0,0.0
284.63037,0.39430726,0.26412308,0.0,0.16331607,2015-10-24 18:00:00,0.0,0.0,0.0,0.0,0.0
285.3142,0.5950919,0.04980842,0.0,0.56822205,2015-10-24 19:00:00,0.0,0.0,0.0,0.0,0.0
285.91626,0.73707116,0.07206261,0.0,0.73020846,2015-10-24 20:00:00,0.0,0.0,0.0,0.0,0.0
286.28662,0.7016103,0.09782088,0.017946362,0.67927146,2015-10-24 21:00:00,0.0,0.0,0.0,0.0,0.0
285.18335,0.17579931,0.012427401,0.035583705,0.1594863,2015-10-24 22:00:00,0.0,0.0,0.0,0.0,0.0
284.2932,0.0,0.0,0.0,0.0,2015-10-24 23:00:00,0.0,0.0,0.0,0.0,0.0
282.4978,0.0,0.0,0.0,0.0,2015-10-25 00:00:00,0.0,0.0,0.0,0.0,0.0
281.53467,0.0,0.0,0.0,0.0,2015-10-25 01:00:00,0.0,0.0,0.0,0.0,0.0
280.99854,0.0,0.0,0.0,0.0,2015-10-25 02:00:00,0.0,0.0,0.0,0.0,0.0
279.91992,0.0057492107,0.0057492107,0.0,0.0,2015-10-25 03:00:00,0.0,0.0,0.0,0.0,0.0
279.65454,0.0,0.0,0.0,0.0,2015-10-25 04:00:00,0.0,0.0,0.0,0.0,0.0
279.67114,0.0,0.0,0.0,0.0,2015-10-25 05:00:00,0.0,0.0,0.0,0.0,0.0
278.82446,0.0,0.0,0.0,0.0,2015-10-25 06:00:00,0.0,0.0,0.0,0.0,0.0
278.92676,0.0,0.0,0.0,0.0,2015-10-25 07:00:00,0.0,0.0,0.0,0.0,0.0
278.35474,0.0,0.0,0.0,0.0,2015-10-25 08:00:00,0.0,0.0,0.0,0.0,0.0
276.52148,0.0,0.0,0.0,0.0,2015-10-25 09:00:00,0.0,0.0,0.0,0.0,0.0
276.33032,0.012623299,0.0,0.012623299,0.0,2015-10-25 10:00:00,0.0,0.0,0.0,0.0,0.0
275.9956,0.11362678,0.0,0.11362678,0.0,2015-10-25 11:00:00,0.0,0.0,0.0,0.0,0.0
276.0017,0.111805916,0.0,0.0988996,0.019217987,2015-10-25 12:00:00,0.0,0.0,0.0,0.0,0.0
275.9004,0.14074558,0.0,0.06734133,0.079732955,2015-10-25 13:00:00,0.0,0.0,0.0,0.0,0.0
278.11426,0.347992,0.0,0.14138293,0.2490722,2015-10-25 14:00:00,0.0,0.0,0.0,0.0,0.0
281.62427,0.6914219,0.0,0.61426646,0.21939385,2015-10-25 15:00:00,0.0,0.0,0.0,0.0,0.0
282.5,0.9712419,0.0,0.969138,0.042625014,2015-10-25 16:00:00,0.0,0.0,0.0,0.0,0.0
283.28833,0.98102045,0.0,0.98102045,0.0,2015-10-25 17:00:00,0.0,0.0,0.0,0.0,0.0
283.76953,0.8266526,0.0,0.8266526,0.0,2015-10-25 18:00:00,0.0,0.0,0.0,0.0,0.0
284.24487,0.543815,0.0,0.543815,0.0,2015-10-25 19:00:00,0.0,0.0,0.0,0.0,0.0
284.82495,0.5414899,0.0,0.5414899,0.0,2015-10-25 20:00:00,0.0,0.0,0.0,0.0,0.0
285.63623,0.7555331,0.0,0.7555331,0.0,2015-10-25 21:00:00,0.0,0.0,0.0,0.0,0.0
284.7046,1.0,0.0,1.0,0.0,2015-10-25 22:00:00,0.0,0.0,0.0,0.0,0.0
283.9297,0.9792539,0.0,0.9792539,0.0,2015-10-25 23:00:00,0.0,0.0,0.0,0.0,0.0
283.61255,0.99841094,0.0,0.99841094,0.02211643,2015-10-26 00:00:00,0.0,0.0,0.0,0.0,0.0
283.51514,1.0,0.0,1.0,0.019550718,2015-10-26 01:00:00,0.0,0.0,0.0,0.0,0.0
283.375,0.98921347,0.0065169036,0.98921347,0.0,2015-10-26 02:00:00,0.0,0.0,0.0,0.0,0.0
282.78027,0.9905161,0.00998199,0.9905161,0.0,2015-10-26 03:00:00,0.0,2.1194992e-06,0.0,2.1194992e-06,0.0
282.57642,1.0,0.039959677,1.0,0.0,2015-10-26 04:00:00,1.0,2.70952e-05,0.0,2.1946762e-05,5.3201957e-06
282.07812,1.0,0.03344277,1.0,0.0,2015-10-26 05:00:00,1.0,4.9594193e-05,0.0,4.1044195e-06,4.5012945e-05
282.09692,0.99946827,0.00998199,0.99946827,0.0,2015-10-26 06:00:00,1.0,0.00013911052,0.0,0.0,0.00013911052
281.72266,0.9978961,0.0,0.9978961,0.009895153,2015-10-26 07:00:00,1.0,0.00012606835,0.0,0.0,0.00012608693
281.44604,0.98889697,0.0,0.98889697,0.0,2015-10-26 08:00:00,1.0,0.00013565872,0.0,9.086893e-06,0.00012636224
281.21118,0.9689664,0.0032499009,0.9689664,0.0,2015-10-26 09:00:00,1.0,8.253746e-05,0.0,3.1236224e-05,5.1224648e-05
281.35767,0.9333662,0.0039959103,0.9333662,0.0,2015-10-26 10:00:00,1.0,4.9531387e-05,0.0,2.3147659e-05,2.6297828e-05
281.45752,0.960137,0.013741035,0.95849496,0.026067626,2015-10-26 11:00:00,1.0,4.0147817e-05,0.0,2.1656388e-06,3.8163562e-05
281.4082,0.97841007,0.02245349,0.97603303,0.0962491,2015-10-26 12:00:00,1.0,2.172678e-05,0.0,0.0,2.1345433e-05
281.50732,0.972764,0.016610142,0.9185613,0.54225224,2015-10-26 13:00:00,0.0,8.689422e-06,0.0,4.287671e-06,4.3447108e-06
281.78833,0.9797484,0.0067320913,0.7865802,0.8711449,2015-10-26 14:00:00,1.0,9.680265e-06,0.0,9.947526e-06,0.0
283.36694,0.78910726,0.016832627,0.7838084,0.022778407,2015-10-26 15:00:00,1.0,5.3452317e-07,0.0,6.68154e-07,0.0
284.28418,0.7566531,0.0,0.54758334,0.44114327,2015-10-26 16:00:00,1.0,7.626828e-07,0.0,7.626828e-07,0.0
284.96265,0.98663974,0.0,0.38845003,0.96991104,2015-10-26 17:00:00,1.0,3.1257086e-06,0.0,3.2397884e-06,0.0
286.15283,1.0,0.0,0.37261868,1.0,2015-10-26 18:00:00,0.0,2.2489457e-06,0.0,2.1919059e-06,0.0
286.96655,1.0,0.0,0.31900418,1.0,2015-10-26 19:00:00,0.0,0.0,0.0,0.0,0.0
287.3208,0.9905219,0.0,0.24285352,0.9905219,2015-10-26 20:00:00,0.0,0.0,0.0,0.0,0.0
287.7832,1.0,0.0,0.1974209,1.0,2015-10-26 21:00:00,0.0,0.0,0.0,0.0,0.0
286.92944,1.0,0.0,0.88706774,1.0,2015-10-26 22:00:00,0.0,0.0,0.0,0.0,0.0
285.97754,1.0,0.0,0.99736434,1.0,2015-10-26 23:00:00,0.0,0.0,0.0,0.0,0.0
285.5476,1.0,0.0,0.9889295,1.0,2015-10-27 00:00:00,0.0,0.0,0.0,0.0,0.0
285.08643,1.0,0.0,0.98919415,0.9905219,2015-10-27 01:00:00,0.0,0.0,0.0,0.0,0.0
284.91992,1.0,0.0,0.98952216,1.0,2015-10-27 02:00:00,0.0,0.0,0.0,0.0,0.0
284.21167,0.98999023,0.0,0.98262125,0.98663634,2015-10-27 03:00:00,0.0,0.0,0.0,0.0,0.0
284.08032,0.99026,0.0,0.9802469,0.98709273,2015-10-27 04:00:00,0.0,0.0,0.0,0.0,0.0
283.31543,0.9970973,0.0,0.9884039,0.97373337,2015-10-27 05:00:00,0.0,0.0,0.0,0.0,0.0
283.24072,1.0,0.0,0.99393606,0.98999023,2015-10-27 06:00:00,0.0,0.0,0.0,0.0,0.0
282.85864,1.0,0.0,0.98524827,1.0,2015-10-27 07:00:00,0.0,0.0,0.0,0.0,0.0
282.85376,1.0,0.0,0.9569909,1.0,2015-10-27 08:00:00,0.0,0.0,0.0,0.0,0.0
282.14062,1.0,0.0,0.9792146,1.0,2015-10-27 09:00:00,0.0,0.0,0.0,0.0,0.0
281.9961,1.0,0.0,0.9359126,1.0,2015-10-27 10:00:00,0.0,0.0,0.0,0.0,0.0
281.94385,0.9862641,0.0,0.42806047,0.98389316,2015-10-27 11:00:00,0.0,0.0,0.0,0.0,0.0
281.87183,0.998375,0.0,0.25238037,0.998375,2015-10-27 12:00:00,0.0,0.0,0.0,0.0,0.0
281.8667,0.9949968,0.0,0.32264954,0.9949968,2015-10-27 13:00:00,0.0,0.0,0.0,0.0,0.0
281.9663,1.0,0.0,0.2649539,1.0,2015-10-27 14:00:00,0.0,0.0,0.0,0.0,0.0
283.5127,1.0,0.0,0.3752551,1.0,2015-10-27 15:00:00,0.0,0.0,0.0,0.0,0.0
284.11084,0.99627113,0.0,0.54002196,0.99627113,2015-10-27 16:00:00,0.0,0.0,0.0,0.0,0.0
284.43872,0.9912679,0.0,0.6284937,0.9850114,2015-10-27 17:00:00,0.0,0.0,0.0,0.0,0.0
285.14478,0.9925423,0.0,0.57848924,0.9800109,2015-10-27 18:00:00,0.0,0.0,0.0,0.0,0.0
285.75684,0.98999023,0.01998901,0.2456221,0.98999023,2015-10-27 19:00:00,0.0,0.0,0.0,0.0,0.0
286.11572,0.98999023,0.030530497,0.15651786,0.98999023,2015-10-27 20:00:00,0.0,0.0,0.0,0.0,0.0
286.34204,1.0,0.037699543,0.2174856,1.0,2015-10-27 21:00:00,0.0,0.0,0.0,0.0,0.0
285.4568,1.0,0.18967527,0.5752411,1.0,2015-10-27 22:00:00,0.0,0.0,0.0,0.0,0.0
285.22754,1.0,0.1260848,0.7013163,0.99627113,2015-10-27 23:00:00,1.0,0.00013256408,0.0,0.00012637928,6.2232493e-06
284.44702,1.0,0.036285516,0.9528635,1.0,2015-10-28 00:00:00,1.0,0.00068133953,0.0,0.0005259856,0.00015536335
283.75732,1.0,0.2375822,0.99262583,1.0,2015-10-28 01:00:00,1.0,0.0006487747,0.0,3.3900988e-06,0.00064552785
283.2207,1.0,0.90571916,1.0,0.98999023,2015-10-28 02:00:00,1.0,0.0010420678,0.0,4.082739e-05,0.0010007066
282.5923,1.0,1.0,1.0,1.0,2015-10-28 03:00:00,1.0,0.0013799474,0.0,9.442997e-05,0.0012857362
282.29248,1.0,1.0,1.0,1.0,2015-10-28 04:00:00,1.0,0.00188066,0.0,0.00014465694,0.001736003
281.9519,1.0,1.0,1.0,0.99371904,2015-10-28 05:00:00,1.0,0.002002589,0.0,9.434334e-05,0.001908513
282.06836,1.0,1.0,1.0,1.0,2015-10-28 06:00:00,1.0,0.0019837627,0.0,0.0,0.0019833813
281.71558,1.0,1.0,1.0,1.0,2015-10-28 07:00:00,1.0,0.00089104334,0.0,0.0,0.00089077605
281.43774,1.0,1.0,1.0,1.0,2015-10-28 08:00:00,1.0,0.0007392941,0.0,0.0,0.0007392941
281.2876,1.0,1.0,1.0,1.0,2015-10-28 09:00:00,1.0,0.0008098711,0.0,0.0,0.0008098711
280.9165,1.0,1.0,1.0,1.0,2015-10-28 10:00:00,1.0,0.0011705162,0.0,0.0,0.0011705162
280.9431,1.0,1.0,1.0,1.0,2015-10-28 11:00:00,1.0,0.0014658072,0.0,0.0,0.0014657495
280.8943,1.0,1.0,0.99946827,1.0,2015-10-28 12:00:00,1.0,0.0012714025,0.0,1.3363075e-07,0.0012714025
280.82812,1.0,1.0,0.95195043,1.0,2015-10-28 13:00:00,1.0,0.0007667104,0.0,5.82271e-07,0.0007661758
280.9143,1.0,1.0,0.871553,0.98683417,2015-10-28 14:00:00,1.0,0.00036933203,0.0,2.0670414e-05,0.00034826063
280.10718,1.0,0.94612384,0.9423338,0.7219352,2015-10-28 15:00:00,1.0,0.00026637968,0.0,7.5573276e-05,0.00019062519
278.5359,1.0,1.0,1.0,0.211119,2015-10-28 16:00:00,1.0,0.00019872564,0.0,1.611239e-06,0.00019729578
276.78223,1.0,0.97706765,1.0,0.0100932345,2015-10-28 17:00:00,1.0,0.00019949547,0.0,0.0,0.00019949547
276.521,1.0,0.9978961,1.0,0.0,2015-10-28 18:00:00,1.0,0.0002552683,0.0,1.2026767e-06,0.00025393208
276.16724,0.9970973,0.9712587,0.9970973,0.005003199,2015-10-28 19:00:00,1.0,0.00057823816,7.8951765e-05,1.834934e-05,0.00055965036
276.11768,0.99577534,0.9371114,0.9926141,0.0,2015-10-28 20:00:00,1.0,0.0005653964,7.609029e-05,5.0626273e-05,0.000514684
275.97388,0.9884232,0.8616481,0.9867983,0.0,2015-10-28 21:00:00,1.0,0.0005821467,7.127867e-05,5.285931e-05,0.0005296313
275.1941,0.99368834,0.7522127,0.9931566,0.13825703,2015-10-28 22:00:00,1.0,0.0005913384,6.429471e-05,5.526567e-05,0.0005360923
274.813,0.9989426,0.77455044,0.9989426,0.5904395,2015-10-28 23:00:00,7.0,0.00058739213,7.687081e-05,0.0,0.00058739213
274.61328,0.99946827,0.92055136,0.99946827,0.9561103,2015-10-29 00:00:00,7.0,0.0006628628,0.00016944954,0.0,0.0006628628
274.667,1.0,0.9989426,1.0,0.892716,2015-10-29 01:00:00,7.0,0.0006779006,0.00025559543,0.0,0.0006779006
274.6477,1.0,1.0,1.0,0.63150007,2015-10-29 02:00:00,7.0,0.0006766047,0.00026088767,0.0,0.0006766047
274.61963,1.0,1.0,0.99451786,0.64136046,2015-10-29 03:00:00,7.0,0.00068748277,0.00023345668,0.0,0.00068748277
274.55493,1.0,1.0,1.0,0.23543471,2015-10-29 04:00:00,7.0,0.00076674926,0.00026414986,0.0,0.0007666352
274.58203,1.0,1.0,0.9970973,0.30986577,2015-10-29 05:00:00,1.0,0.0007792341,0.00024629897,0.0,0.0007792341
274.89746,1.0,1.0,1.0,0.51055676,2015-10-29 06:00:00,1.0,0.00061673275,6.4375214e-05,0.0,0.00061673275
275.36523,1.0,1.0,0.98438,0.5180566,2015-10-29 07:00:00,1.0,0.00039694877,1.969599e-06,0.0,0.00039694877
275.77466,1.0,1.0,0.9729373,0.4603179,2015-10-29 08:00:00,1.0,0.000328355,0.0,0.0,0.0003285266
276.26172,1.0,1.0,0.9793713,0.77633744,2015-10-29 09:00:00,1.0,0.00029134238,0.0,0.0,0.00029134238
277.50464,1.0,1.0,0.93064564,0.6818677,2015-10-29 10:00:00,1.0,0.00024120146,0.0,0.0,0.00024120146
277.65454,1.0,1.0,0.9750044,0.96149796,2015-10-29 11:00:00,1.0,0.00020065677,0.0,0.0,0.00020065677
278.1714,1.0,1.0,0.96658367,0.058635052,2015-10-29 12:00:00,1.0,0.00017715454,0.0,0.0,0.00017715454
278.70288,1.0,1.0,0.85666835,0.32853556,2015-10-29 13:00:00,1.0,0.00013490501,0.0,0.0,0.00013490501
279.01904,1.0,1.0,0.33256197,0.0078530945,2015-10-29 14:00:00,1.0,4.9233306e-05,0.0,4.9465325e-06,4.4125263e-05
280.4209,1.0,1.0,0.06571305,0.0,2015-10-29 15:00:00,1.0,2.0751351e-05,0.0,1.09111625e-05,9.954592e-06
280.86572,0.94063646,0.94063646,0.0507534,0.0,2015-10-29 16:00:00,1.0,7.611269e-05,0.0,6.56886e-05,1.0471833e-05
281.45337,0.94880986,0.94880986,0.023828465,0.0,2015-10-29 17:00:00,1.0,0.00012735573,0.0,0.00010664281,2.0769949e-05
281.77612,1.0,1.0,0.0956437,0.0,2015-10-29 18:00:00,0.0,0.00012866684,0.0,0.0001256629,2.7084825e-06
281.44385,1.0,1.0,0.19087374,0.0,2015-10-29 19:00:00,1.0,4.788494e-05,0.0,4.1315318e-05,6.444976e-06
281.25928,1.0,1.0,0.21855104,0.0,2015-10-29 20:00:00,0.0,4.3107502e-06,0.0,3.252614e-06,1.0292933e-06
281.05713,1.0,1.0,0.2343002,0.0,2015-10-29 21:00:00,0.0,0.0,0.0,4.7747868e-08,0.0
280.52734,1.0,1.0,0.6934967,0.0,2015-10-29 22:00:00,0.0,0.0,0.0,0.0,0.0
280.2566,1.0,1.0,0.7282955,0.0,2015-10-29 23:00:00,0.0,0.0,0.0,0.0,0.0
280.135,1.0,1.0,0.72087085,0.0,2015-10-30 00:00:00,0.0,0.0,0.0,0.0,0.0
280.02222,0.9966217,0.9932679,0.57305074,0.0,2015-10-30 01:00:00,0.0,0.0,0.0,0.0,0.0
279.84814,0.9949968,0.9949968,0.4939617,0.0,2015-10-30 02:00:00,1.0,2.6726156e-07,0.0,0.0,2.6726156e-07
279.76392,0.998375,0.998375,0.3763829,0.0,2015-10-30 03:00:00,1.0,2.6726156e-07,0.0,0.0,2.6726156e-07
279.70068,0.9901713,0.9901713,0.25439572,0.0,2015-10-30 04:00:00,0.0,0.0,0.0,0.0,0.0
279.51367,0.98831743,0.98831743,0.08331406,0.0,2015-10-30 05:00:00,0.0,0.0,0.0,0.0,0.0
279.5332,0.98569894,0.98569894,0.0364395,0.0,2015-10-30 06:00:00,1.0,3.1494528e-06,0.0,0.0,3.1494528e-06
279.13818,0.9946291,0.9946291,0.053522322,0.0,2015-10-30 07:00:00,1.0,3.0334295e-06,0.0,0.0,2.766168e-06
279.07446,0.99946827,0.99946827,0.007638801,0.0,2015-10-30 08:00:00,1.0,6.25721e-06,0.0,1.9067068e-07,5.8758687e-06
278.6145,0.9775788,0.9775788,0.010009766,0.0,2015-10-30 09:00:00,1.0,1.5904778e-05,0.0,1.8137865e-07,1.5370257e-05
278.65503,0.9852173,0.9852173,0.010009766,0.0,2015-10-30 10:00:00,1.0,2.7367409e-05,0.0,2.3841858e-07,2.6986061e-05
278.39136,0.99368834,0.99368834,0.0,0.0,2015-10-30 11:00:00,0.0,4.6927335e-06,0.0,2.9545845e-07,4.6927335e-06
278.2119,0.9485193,0.9485193,0.0,0.0,2015-10-30 12:00:00,1.0,1.2381115e-05,0.0,7.908797e-07,1.1790198e-05
278.34644,0.9351132,0.9131062,0.0,0.1717133,2015-10-30 13:00:00,1.0,1.6889331e-05,0.0,2.3841858e-07,1.6889331e-05
278.29443,0.9650247,0.79167086,0.0,0.8437823,2015-10-30 14:00:00,1.0,4.542796e-06,0.0,0.0,4.6568757e-06
279.75586,0.8298237,0.6432574,0.006631516,0.5705734,2015-10-30 15:00:00,0.0,1.4881971e-06,0.0,0.0,1.4881971e-06
280.38745,0.76772624,0.639403,0.07381225,0.35490173,2015-10-30 16:00:00,0.0,0.0,0.0,0.0,0.0
281.26245,0.60558885,0.51485527,0.1829676,0.08415151,2015-10-30 17:00:00,0.0,0.0,0.0,0.0,0.0
282.25293,0.3914556,0.3914556,0.0,0.0,2015-10-30 18:00:00,0.0,0.0,0.0,0.0,0.0
283.05078,0.46420532,0.42315692,0.069529176,0.0,2015-10-30 19:00:00,0.0,0.0,0.0,0.0,0.0
283.448,0.2934326,0.23222876,0.09760487,0.0,2015-10-30 20:00:00,0.0,0.0,0.0,0.0,0.0
284.06177,0.83744997,0.10250682,0.3411485,0.7340636,2015-10-30 21:00:00,0.0,0.0,0.0,0.0,0.0
283.56274,1.0,0.00053172023,0.9405565,1.0,2015-10-30 22:00:00,0.0,0.0,0.0,0.0,0.0
283.12915,0.9639493,0.01998901,0.71578693,0.8496147,2015-10-30 23:00:00,0.0,0.0,0.0,0.0,0.0
282.88086,1.0,0.010009766,0.93697613,1.0,2015-10-31 00:00:00,1.0,0.00065308274,0.0,0.000636501,1.6467602e-05
282.76782,1.0,0.0,1.0,1.0,2015-10-31 01:00:00,1.0,0.00021860465,0.0,0.0,0.00021860465
282.23633,1.0,0.011203606,1.0,1.0,2015-10-31 02:00:00,1.0,0.00033268915,0.0,0.0,0.0003324796
281.43652,1.0,0.59695154,0.99946827,1.0,2015-10-31 03:00:00,1.0,0.00057530985,0.0,1.106856e-06,0.0005744125
281.17773,1.0,1.0,0.9978961,1.0,2015-10-31 04:00:00,1.0,0.0006834809,0.0,1.3278712e-05,0.00067018275
280.54126,1.0,1.0,1.0,1.0,2015-10-31 05:00:00,1.0,0.00053304876,0.0,1.3555912e-05,0.00051967404
280.54297,1.0,1.0,0.9989426,1.0,2015-10-31 06:00:00,1.0,0.0006005834,0.0,5.248109e-06,0.0005954688
280.469,1.0,0.9978792,1.0,1.0,2015-10-31 07:00:00,1.0,0.00059382385,0.0,2.3841858e-07,0.00059355656
280.66406,1.0,0.98893803,1.0,1.0,2015-10-31 08:00:00,1.0,0.0006592632,0.0,1.0113554e-06,0.0006581559
280.7461,1.0,0.99946827,1.0,1.0,2015-10-31 09:00:00,1.0,0.0009303598,0.0,3.472127e-06,0.000926811
280.47925,1.0,1.0,0.99289286,1.0,2015-10-31 10:00:00,1.0,0.0011170381,0.0,6.9029084e-06,0.0011100401
280.45947,1.0,1.0,1.0,1.0,2015-10-31 11:00:00,1.0,0.00093538174,0.0,4.2325555e-06,0.00093132094
280.4685,1.0,1.0,1.0,1.0,2015-10-31 12:00:00,1.0,0.00081515196,0.0,4.3565733e-06,0.00081067136
280.56982,1.0,1.0,1.0,1.0,2015-10-31 13:00:00,1.0,0.0008345847,0.0,7.777761e-06,0.0008269502
280.6587,1.0,1.0,1.0,0.9594104,2015-10-31 14:00:00,1.0,0.0009007375,0.0,6.8026065e-06,0.00089386804
281.0857,1.0,1.0,0.9978961,0.59819865,2015-10-31 15:00:00,1.0,0.0009323596,0.0,1.3920508e-06,0.0009302986
281.31323,1.0,1.0,0.9864872,0.05203086,2015-10-31 16:00:00,1.0,0.0007700219,0.0,1.2106766e-06,0.000768458
281.49536,1.0,1.0,0.32201314,0.02318554,2015-10-31 17:00:00,1.0,0.00034887088,0.0,1.3363075e-07,0.0003483363
281.85205,1.0,1.0,0.24746543,0.52946734,2015-10-31 18:00:00,1.0,5.27339e-05,0.0,8.017848e-07,5.155077e-05
282.03027,1.0,1.0,0.21118355,0.5769984,2015-10-31 19:00:00,1.0,9.158646e-07,0.0,9.729038e-07,0.0
282.4751,1.0,1.0,0.4830755,0.7861359,2015-10-31 20:00:00,0.0,7.1429284e-05,0.0,6.912007e-05,2.2521717e-06
283.1494,0.9946291,0.9946291,0.2864915,0.071519256,2015-10-31 21:00:00,0.0,0.0003443719,0.0,0.00034165638,2.4771061e-06
282.98682,0.86230487,0.860201,0.054432094,0.0,2015-10-31 22:00:00,0.0,0.0,0.0,0.0,0.0
282.95435,0.52575463,0.47694457,0.2263602,0.005003199,2015-10-31 23:00:00,1.0,1.0690455e-06,0.0,1.2026767e-06,0.0
282.45142,0.41427922,0.05997643,0.39092964,0.029977683,2015-11-01 00:00:00,1.0,3.1646894e-05,0.0,3.1780524e-05,0.0
282.2942,0.34572572,0.10757947,0.32051647,0.033554014,2015-11-01 01:00:00,0.0,7.7828154e-05,0.0,7.811432e-05,0.0
282.51758,0.5285058,0.27610892,0.51065636,0.0,2015-11-01 02:00:00,0.0,4.349202e-06,0.0,4.1107833e-06,0.0
281.36133,0.76163274,0.11127275,0.76110107,0.0,2015-11-01 03:00:00,0.0,0.0,0.0,0.0,0.0
281.1516,0.3367539,0.0,0.3367539,0.0,2015-11-01 04:00:00,0.0,0.0,0.0,0.0,0.0
281.0188,0.14233041,0.106918156,0.07897991,0.0,2015-11-01 05:00:00,0.0,0.0,0.0,0.0,0.0
281.4026,0.28069133,0.2586485,0.12702292,0.0,2015-11-01 06:00:00,0.0,0.0,0.0,0.0,0.0
281.7522,0.23807436,0.23807436,0.016832627,0.0,2015-11-01 07:00:00,0.0,0.0,0.0,0.0,0.0
281.26074,0.061142113,0.061142113,0.0,0.0,2015-11-01 08:00:00,0.0,0.0,0.0,0.0,0.0
280.81592,0.14536941,0.14536941,0.0,0.0,2015-11-01 09:00:00,0.0,0.0,0.0,0.0,0.0
279.69507,0.030304112,0.030304112,0.0,0.0,2015-11-01 10:00:00,0.0,0.0,0.0,0.0,0.0
279.48486,0.019203588,0.019203588,0.0,0.0,2015-11-01 11:00:00,0.0,0.0,0.0,0.0,0.0
279.25977,0.013471484,0.013471484,0.0,0.0,2015-11-01 12:00:00,0.0,0.0,0.0,0.0,0.0
278.94214,0.016832627,0.016832627,0.0,0.0,2015-11-01 13:00:00,0.0,0.0,0.0,0.0,0.0
279.08667,0.0033782488,0.0033782488,0.0,0.0,2015-11-01 14:00:00,1.0,0.0,0.0,0.0,0.0
281.34326,0.76349086,0.021835826,0.0,0.7601297,2015-11-01 15:00:00,1.0,0.0,0.0,0.0,0.0
282.2517,0.9148567,0.0,0.0,0.9148567,2015-11-01 16:00:00,0.0,0.0,0.0,0.0,0.0
283.2522,0.98788387,0.0,0.0,0.98788387,2015-11-01 17:00:00,0.0,0.0,0.0,0.0,0.0
284.1941,0.9810683,0.0,0.0,0.9810683,2015-11-01 18:00:00,0.0,0.0,0.0,0.0,0.0
284.63354,0.99289286,0.0,0.0,0.99289286,2015-11-01 19:00:00,0.0,0.0,0.0,0.0,0.0
285.2312,1.0,0.0,0.28731632,1.0,2015-11-01 20:00:00,0.0,0.0,0.0,0.0,0.0
285.7588,1.0,0.0,0.95134735,1.0,2015-11-01 21:00:00,0.0,0.0,0.0,0.0,0.0
285.03198,1.0,0.0,1.0,1.0,2015-11-01 22:00:00,0.0,0.0,0.0,0.0,0.0
284.57495,0.98048264,0.0,0.24568206,0.9285973,2015-11-01 23:00:00,0.0,0.0,0.0,0.0,0.0
283.74268,1.0,0.0,0.42066407,1.0,2015-11-02 00:00:00,0.0,0.0,0.0,0.0,0.0
283.57715,0.99289286,0.0,0.2089302,0.99289286,2015-11-02 01:00:00,0.0,0.0,0.0,0.0,0.0
283.39136,0.97636807,0.0,0.5169761,0.9678973,2015-11-02 02:00:00,0.0,0.0,0.0,0.0,0.0
282.8806,0.9613758,0.0,0.5364578,0.9389987,2015-11-02 03:00:00,0.0,0.0,0.0,0.0,0.0
282.82153,0.97843605,0.0,0.23551542,0.9763322,2015-11-02 04:00:00,0.0,0.0,0.0,0.0,0.0
282.396,0.8619978,0.0,0.28982157,0.83263713,2015-11-02 05:00:00,0.0,0.0,0.0,0.0,0.0
282.052,0.755076,0.0,0.08792883,0.73156065,2015-11-02 06:00:00,0.0,0.0,0.0,0.0,0.0
281.8557,0.87103295,0.0,0.12499261,0.8689291,2015-11-02 07:00:00,0.0,0.0,0.0,0.0,0.0
281.56226,0.58122844,0.0,0.052056972,0.56805384,2015-11-02 08:00:00,0.0,0.0,0.0,0.0,0.0
280.26904,0.11086553,0.0,0.0,0.11086553,2015-11-02 09:00:00,0.0,0.0,0.0,0.0,0.0
279.88965,0.6659072,0.0,0.0065169036,0.6659072,2015-11-02 10:00:00,0.0,0.0,0.0,0.0,0.0
280.32568,0.6566111,0.0,0.21436477,0.5739539,2015-11-02 11:00:00,0.0,0.0,0.0,0.0,0.0
280.30176,0.46917284,0.0,0.41541296,0.23565406,2015-11-02 12:00:00,0.0,1.0423201e-05,0.0,1.0423201e-05,0.0
280.2439,0.22608608,0.0,0.22608608,0.0033782488,2015-11-02 13:00:00,1.0,2.231008e-05,0.0,2.2367123e-05,0.0
280.8098,0.0100932345,0.0,0.0100932345,0.0,2015-11-02 14:00:00,0.0,3.2071384e-06,0.0,3.0735082e-06,0.0
284.62646,0.0016249504,0.0,0.0016249504,0.0,2015-11-02 15:00:00,0.0,0.0,0.0,0.0,0.0
287.00293,0.26083785,0.0,0.26083785,0.0067320913,2015-11-02 16:00:00,0.0,0.0,0.0,0.0,0.0
288.83374,0.1759094,0.0,0.14332485,0.055385154,2015-11-02 17:00:00,0.0,0.0,0.0,0.0,0.0
290.0581,0.6191967,0.0,0.56847644,0.22439313,2015-11-02 18:00:00,0.0,0.0,0.0,0.0,0.0
291.25952,0.5855573,0.0,0.57209563,0.067243636,2015-11-02 19:00:00,0.0,0.0,0.0,0.0,0.0
291.80957,0.260889,0.0,0.260889,0.0,2015-11-02 20:00:00,0.0,0.0,0.0,0.0,0.0
292.46484,0.0911507,0.0,0.08638334,0.004750259,2015-11-02 21:00:00,0.0,0.0,0.0,0.0,0.0
291.04297,0.007789418,0.0,0.0067320913,0.0010573287,2015-11-02 22:00:00,0.0,0.0,0.0,0.0,0.0
289.89893,0.10641235,0.0,0.08958131,0.02103883,2015-11-02 23:00:00,0.0,0.0,0.0,0.0,0.0
287.2356,0.04024806,0.0,0.008460078,0.031787977,2015-11-03 00:00:00,0.0,0.0,0.0,0.0,0.0
285.9348,0.031602636,0.0,0.0,0.031602636,2015-11-03 01:00:00,0.0,0.0,0.0,0.0,0.0
285.20947,0.20425475,0.0,0.044587027,0.16366363,2015-11-03 02:00:00,0.0,0.0,0.0,0.0,0.0
283.15723,0.32316583,0.0,0.0010573287,0.32210237,2015-11-03 03:00:00,0.0,0.0,0.0,0.0,0.0
282.58057,0.7085991,0.0,0.0,0.7085991,2015-11-03 04:00:00,0.0,0.0,0.0,0.0,0.0
281.57324,0.4084018,0.0,0.0,0.4084018,2015-11-03 05:00:00,0.0,0.0,0.0,0.0,0.0
281.42114,0.39841604,0.0,0.10028279,0.32857275,2015-11-03 06:00:00,0.0,0.0,0.0,0.0,0.0
281.3274,0.15585107,0.0,0.053083673,0.11349541,2015-11-03 07:00:00,0.0,0.0,0.0,0.0,0.0
281.49634,0.04070569,0.0,0.0023709626,0.038334727,2015-11-03 08:00:00,0.0,0.0,0.0,0.0,0.0
280.58447,0.0033782488,0.0,0.0,0.0033782488,2015-11-03 09:00:00,0.0,0.0,0.0,0.0,0.0
280.19116,0.24575633,0.0,0.07369059,0.24575633,2015-11-03 10:00:00,0.0,0.0,0.0,0.0,0.0
280.1892,0.19216323,0.0,0.13136065,0.18900204,2015-11-03 11:00:00,0.0,0.0,0.0,0.0,0.0
280.04736,0.20224684,0.0,0.115296304,0.18390328,2015-11-03 12:00:00,0.0,0.0,0.0,0.0,0.0
280.08984,0.14854437,0.0,0.07401514,0.12609553,2015-11-03 13:00:00,0.0,0.0,0.0,0.0,0.0
281.56128,0.21715564,0.0,0.20642763,0.13141519,2015-11-03 14:00:00,0.0,0.0,0.0,0.0,0.0
285.87378,0.17401618,0.0,0.17401618,0.026727784,2015-11-03 15:00:00,0.0,0.0,0.0,0.0,0.0
287.62964,0.02357202,0.0,0.02357202,0.0,2015-11-03 16:00:00,0.0,0.0,0.0,0.0,0.0
289.8872,0.0,0.0,0.0,0.0,2015-11-03 17:00:00,0.0,0.0,0.0,0.0,0.0
291.31445,0.0,0.0,0.0,0.0,2015-11-03 18:00:00,0.0,0.0,0.0,0.0,0.0
292.74585,0.01998901,0.01998901,0.0,0.0,2015-11-03 19:00:00,0.0,0.0,0.0,0.0,0.0
293.4912,0.0016249504,0.0016249504,0.0,0.0,2015-11-03 20:00:00,0.0,0.0,0.0,0.0,0.0
294.11816,0.015995845,0.015995845,0.0,0.0,2015-11-03 21:00:00,0.0,0.0,0.0,0.0,0.0
292.37744,0.0067320913,0.0067320913,0.0,0.0,2015-11-03 22:00:00,0.0,0.0,0.0,0.0,0.0
291.17456,0.0,0.0,0.0,0.0,2015-11-03 23:00:00,0.0,0.0,0.0,0.0,0.0
290.1006,0.0,0.0,0.0,0.0,2015-11-04 00:00:00,0.0,0.0,0.0,0.0,0.0
289.48315,0.0,0.0,0.0,0.0,2015-11-04 01:00:00,0.0,0.0,0.0,0.0,0.0
288.96362,0.0,0.0,0.0,0.0,2015-11-04 02:00:00,0.0,0.0,0.0,0.0,0.0
287.9536,0.0,0.0,0.0,0.0,2015-11-04 03:00:00,0.0,0.0,0.0,0.0,0.0
287.42017,0.0,0.0,0.0,0.0,2015-11-04 04:00:00,0.0,0.0,0.0,0.0,0.0
286.50195,0.0,0.0,0.0,0.0,2015-11-04 05:00:00,0.0,0.0,0.0,0.0,0.0
286.1765,0.0,0.0,0.0,0.0,2015-11-04 06:00:00,0.0,0.0,0.0,0.0,0.0
286.1172,0.0,0.0,0.0,0.0,2015-11-04 07:00:00,1.0,0.0,0.0,0.0,0.0
285.8755,0.0,0.0,0.0,0.0,2015-11-04 08:00:00,0.0,0.0,0.0,0.0,0.0
285.48438,0.0,0.0,0.0,0.0,2015-11-04 09:00:00,0.0,0.0,0.0,0.0,0.0
285.1914,0.0,0.0,0.0,0.0,2015-11-04 10:00:00,0.0,0.0,0.0,0.0,0.0
285.1057,0.047037505,0.047037505,0.0,0.0,2015-11-04 11:00:00,0.0,0.0,0.0,0.0,0.0
284.95825,0.09628326,0.09628326,0.0,0.0,2015-11-04 12:00:00,0.0,0.0,0.0,0.0,0.0
285.0061,0.2137891,0.2137891,0.0,0.0,2015-11-04 13:00:00,0.0,0.0,0.0,0.0,0.0
285.45947,1.0,1.0,0.0,0.0,2015-11-04 14:00:00,0.0,0.0,0.0,0.0,0.0
287.30908,1.0,1.0,0.0,0.0,2015-11-04 15:00:00,0.0,0.0,0.0,0.0,0.0
288.17847,1.0,1.0,0.0,0.0,2015-11-04 16:00:00,0.0,0.0,0.0,0.0,0.0
288.85913,1.0,1.0,0.0,0.0,2015-11-04 17:00:00,0.0,0.0,0.0,0.0,0.0
289.5122,1.0,1.0,0.0,0.0,2015-11-04 18:00:00,0.0,0.0,0.0,0.0,0.0
289.77808,1.0,1.0,0.0,0.0,2015-11-04 19:00:00,1.0,4.1459018e-05,0.0,1.982963e-06,3.9704857e-05
289.99487,1.0,1.0,0.0,0.0,2015-11-04 20:00:00,1.0,2.8261653e-05,0.0,5.53839e-06,2.2580018e-05
290.75537,0.9942508,0.9942508,0.0,0.0,2015-11-04 21:00:00,1.0,6.866051e-06,0.0,1.9156687e-06,4.8644997e-06
289.0918,0.99338746,0.99338746,0.0,0.0,2015-11-04 22:00:00,1.0,1.1598556e-05,0.0,0.0,1.1598556e-05
288.87598,0.92027336,0.92027336,0.0,0.0,2015-11-04 23:00:00,1.0,2.1863394e-05,0.0,0.0,2.1863394e-05
288.74487,0.79275936,0.79275936,0.0,0.0,2015-11-05 00:00:00,1.0,3.020621e-05,0.0,2.6726156e-07,3.020621e-05
288.54956,0.76070976,0.76070976,0.0,0.0,2015-11-05 01:00:00,1.0,5.6596444e-05,0.0,5.3452317e-07,5.6271485e-05
288.84424,0.7134044,0.69847196,0.0,0.051734667,2015-11-05 02:00:00,1.0,0.0001055654,0.0,1.2786213e-06,0.00010401952
288.93872,0.46384335,0.39591497,0.0,0.11549699,2015-11-05 03:00:00,1.0,2.6550275e-05,0.0,6.1976e-07,2.5806177e-05
288.7339,0.5326413,0.17520964,0.0,0.41093647,2015-11-05 04:00:00,1.0,1.4880673e-05,0.0,0.0,1.4880673e-05
288.26074,0.53764147,0.10811281,0.0,0.45905793,2015-11-05 05:00:00,1.0,1.5797166e-05,0.0,0.0,1.5968937e-05
287.97412,0.29764432,0.07536197,0.008620787,0.22481734,2015-11-05 06:00:00,1.0,7.8229705e-06,0.0,0.0,7.918466e-06
287.6631,0.4466145,0.111006975,0.009210963,0.38347727,2015-11-05 07:00:00,1.0,7.016667e-06,0.0,0.0,6.9025873e-06
287.45972,0.7871426,0.2008304,0.040937744,0.73761815,2015-11-05 08:00:00,0.0,0.0,0.0,0.0,0.0
287.77832,0.954538,0.50251144,0.20310056,0.92216974,2015-11-05 09:00:00,1.0,0.0,0.0,0.0,0.0
288.15894,0.9910895,0.7266414,0.86619985,0.8534543,2015-11-05 10:00:00,1.0,1.2023511e-06,0.0,1.9067068e-07,9.927762e-07
288.34326,0.9180036,0.48952383,0.6570034,0.7679748,2015-11-05 11:00:00,1.0,0.0005603249,0.0,0.00055823545,2.1752512e-06
288.20068,0.40201694,0.00053172023,0.20915931,0.29101962,2015-11-05 12:00:00,1.0,0.00050475006,0.0,0.0005004674,4.425481e-06
288.2246,0.502637,0.17969483,0.25107396,0.30754662,2015-11-05 13:00:00,0.0,6.2365376e-05,0.0,5.968605e-05,2.6700309e-06
288.47388,0.6650743,0.45565337,0.3021307,0.13168257,2015-11-05 14:00:00,1.0,2.8225713e-06,0.0,0.0,2.8225713e-06
289.2295,0.9095502,0.8955819,0.3408746,0.012005735,2015-11-05 15:00:00,1.0,1.2247829e-05,0.0,7.0824317e-06,5.299027e-06
289.3855,0.9899592,0.9899592,0.1330033,0.0,2015-11-05 16:00:00,1.0,1.1658194e-05,0.0,6.547909e-06,4.976654e-06
289.77124,0.9928871,0.9928871,0.24560541,0.0,2015-11-05 17:00:00,1.0,3.6821177e-05,0.0,3.4343102e-05,2.725783e-06
290.63916,1.0,1.0,0.42439163,0.0,2015-11-05 18:00:00,1.0,9.72258e-07,0.0,0.0,9.72258e-07
291.28027,0.97044796,0.9693845,0.39189333,0.0,2015-11-05 19:00:00,1.0,0.0004317474,0.0,0.00035585207,7.5628646e-05
290.78857,0.96690536,0.96082455,0.44335926,0.0,2015-11-05 20:00:00,1.0,0.0006385483,0.0,0.0003510993,0.00028744945
288.25903,0.9724544,0.97086537,0.1434834,0.0,2015-11-05 21:00:00,1.0,0.00048216642,0.0,0.00033014477,0.00015176383
284.68042,0.99946827,0.99946827,0.068802714,0.0,2015-11-05 22:00:00,1.0,4.0671468e-05,0.0,6.2123163e-06,3.4726414e-05
283.49805,0.997629,0.997629,0.33373713,0.0,2015-11-05 23:00:00,0.0,2.961255e-05,0.0,0.0,2.961255e-05
282.70898,0.99273705,0.9911121,0.4438492,0.0,2015-11-06 00:00:00,0.0,1.2010587e-06,0.0,0.0,1.2010587e-06
282.14966,0.9884232,0.9884232,0.62018275,0.0,2015-11-06 01:00:00,0.0,0.0,0.0,0.0,0.0
281.72168,0.993112,0.993112,0.024844926,0.0,2015-11-06 02:00:00,0.0,0.0,0.0,0.0,0.0
280.24146,0.9763288,0.9763288,0.0071104467,0.03199142,2015-11-06 03:00:00,0.0,0.0,0.0,0.0,0.0
280.09424,1.0,1.0,0.11148,0.050458696,2015-11-06 04:00:00,0.0,0.0,0.0,0.0,0.0
279.50977,0.99946827,0.99736434,0.567972,0.12224913,2015-11-06 05:00:00,0.0,0.0,0.0,0.0,0.0
279.0625,1.0,1.0,0.6874392,0.43820655,2015-11-06 06:00:00,0.0,0.0,0.0,0.0,0.0
279.0996,0.9989426,0.9989426,0.27321452,0.084380925,2015-11-06 07:00:00,0.0,0.0,0.0,0.0,0.0
278.90747,1.0,1.0,0.14256895,0.0,2015-11-06 08:00:00,1.0,0.0,0.0,0.0,2.6726156e-07
278.19824,1.0,1.0,0.29831398,0.0,2015-11-06 09:00:00,1.0,7.324332e-06,0.0,0.0,7.4384116e-06
278.35498,1.0,1.0,0.9528654,0.0,2015-11-06 10:00:00,0.0,6.6917282e-06,0.0,0.0,6.7872243e-06
278.54248,0.9655753,0.9655753,0.0,0.0,2015-11-06 11:00:00,0.0,0.0,0.0,0.0,0.0
278.6267,0.9194042,0.9194042,0.0,0.0,2015-11-06 12:00:00,0.0,0.0,0.0,0.0,0.0
278.44165,0.9094624,0.9094624,0.0,0.0,2015-11-06 13:00:00,0.0,0.0,0.0,0.0,0.0
278.4563,0.89918953,0.89918953,0.0,0.0,2015-11-06 14:00:00,0.0,0.0,0.0,0.0,0.0
279.2444,0.84820336,0.84820336,0.0,0.0,2015-11-06 15:00:00,0.0,0.0,0.0,0.0,0.0
279.3391,0.6771508,0.67552584,0.01234962,0.0,2015-11-06 16:00:00,0.0,0.0,0.0,0.0,0.0
280.1543,0.9932679,0.9932679,0.15865701,0.0,2015-11-06 17:00:00,1.0,5.3452317e-07,0.0,0.0,5.3452317e-07
280.41113,1.0,0.997629,0.62944674,0.0,2015-11-06 18:00:00,1.0,1.6427846e-05,0.0,0.0,1.6160586e-05
280.50488,1.0,1.0,0.8259086,0.0,2015-11-06 19:00:00,1.0,1.40475395e-05,0.0,2.3873935e-07,1.3856548e-05
280.16382,0.779098,0.5620742,0.6880405,0.0,2015-11-06 20:00:00,1.0,4.8948277e-05,0.0,8.358781e-06,4.0265193e-05
280.3977,0.6856067,0.6573393,0.4495219,0.0,2015-11-06 21:00:00,1.0,7.825252e-05,0.0,3.179458e-05,4.626726e-05
279.66553,0.6747408,0.6364174,0.26350868,0.0,2015-11-06 22:00:00,1.0,1.717826e-05,0.0,1.8493411e-06,1.5252336e-05
279.46484,0.21696138,0.21696138,0.0,0.0,2015-11-06 23:00:00,0.0,2.1726764e-06,0.0,1.5817586e-06,5.9091695e-07
278.60327,0.10810745,0.10810745,0.0,0.0,2015-11-07 00:00:00,0.0,0.0,0.0,0.0,0.0
278.1089,0.036171492,0.034546543,0.0016249504,0.0,2015-11-07 01:00:00,0.0,0.0,0.0,0.0,0.0
277.92847,0.028428078,0.011203606,0.020970412,0.0,2015-11-07 02:00:00,0.0,0.0,0.0,0.0,0.0
277.32446,0.04812833,0.04812833,0.018842995,0.0,2015-11-07 03:00:00,0.0,0.0,0.0,0.0,0.0
277.4253,0.0,0.0,0.0,0.0,2015-11-07 04:00:00,0.0,0.0,0.0,0.0,0.0
277.10132,0.0,0.0,0.0,0.0,2015-11-07 05:00:00,0.0,0.0,0.0,0.0,0.0
276.57983,0.0032499009,0.0032499009,0.0,0.0,2015-11-07 06:00:00,0.0,0.0,0.0,0.0,0.0
276.4646,0.22222096,0.22222096,0.0,0.0,2015-11-07 07:00:00,0.0,0.0,0.0,0.0,0.0
276.47412,0.5256278,0.5256278,0.0,0.0,2015-11-07 08:00:00,0.0,0.0,0.0,0.0,0.0
275.865,0.64502335,0.64502335,0.0,0.0,2015-11-07 09:00:00,0.0,0.0,0.0,0.0,0.0
274.42285,0.5290226,0.5290226,0.0,0.0,2015-11-07 10:00:00,6.0,0.0,0.0,0.0,0.0
274.2456,0.18041486,0.17227304,0.013033811,0.0,2015-11-07 11:00:00,0.0,0.0,0.0,0.0,0.0
274.13574,0.5076457,0.16781056,0.4623615,0.0,2015-11-07 12:00:00,0.0,0.0,0.0,0.0,0.0
273.989,0.32152838,0.15898466,0.2319411,0.0,2015-11-07 13:00:00,0.0,0.0,0.0,0.0,0.0
274.41968,0.06743479,0.054553498,0.030087467,0.0,2015-11-07 14:00:00,0.0,0.0,0.0,0.0,0.0
276.95044,0.014456838,0.0016249504,0.014456838,0.0,2015-11-07 15:00:00,0.0,0.0,0.0,0.0,0.0
278.63257,0.05340194,0.026727784,0.05340194,0.0,2015-11-07 16:00:00,0.0,0.0,0.0,0.0,0.0
279.9873,0.011474017,0.0,0.011474017,0.0,2015-11-07 17:00:00,0.0,0.0,0.0,0.0,0.0
280.75317,0.0,0.0,0.0,0.0,2015-11-07 18:00:00,0.0,0.0,0.0,0.0,0.0
281.27393,0.10437399,0.10437399,0.0,0.0,2015-11-07 19:00:00,0.0,0.0,0.0,0.0,0.0
281.82153,0.1971792,0.1971792,0.0,0.0,2015-11-07 20:00:00,0.0,0.0,0.0,0.0,0.0
282.68335,0.0029026829,0.0029026829,0.0,0.0,2015-11-07 21:00:00,0.0,0.0,0.0,0.0,0.0
281.04492,0.00998199,0.00998199,0.0,0.0,2015-11-07 22:00:00,0.0,0.0,0.0,0.0,0.0
279.95532,0.0,0.0,0.0,0.0,2015-11-07 23:00:00,0.0,0.0,0.0,0.0,0.0
278.99536,0.0,0.0,0.0,0.0,2015-11-08 00:00:00,0.0,0.0,0.0,0.0,0.0
278.50684,0.0,0.0,0.0,0.0,2015-11-08 01:00:00,0.0,0.0,0.0,0.0,0.0
278.125,0.0,0.0,0.0,0.0,2015-11-08 02:00:00,0.0,0.0,0.0,0.0,0.0
277.15283,0.0,0.0,0.0,0.0,2015-11-08 03:00:00,0.0,0.0,0.0,0.0,0.0
277.23486,0.0,0.0,0.0,0.0,2015-11-08 04:00:00,0.0,0.0,0.0,0.0,0.0
276.93774,0.0,0.0,0.0,0.0,2015-11-08 05:00:00,0.0,0.0,0.0,0.0,0.0
276.9702,0.0,0.0,0.0,0.0,2015-11-08 06:00:00,0.0,0.0,0.0,0.0,0.0
276.90088,0.0,0.0,0.0,0.0,2015-11-08 07:00:00,0.0,0.0,0.0,0.0,0.0
277.2644,0.0,0.0,0.0,0.0,2015-11-08 08:00:00,0.0,0.0,0.0,0.0,0.0
277.15527,0.0,0.0,0.0,0.0,2015-11-08 09:00:00,0.0,0.0,0.0,0.0,0.0
277.79932,0.0,0.0,0.0,0.0,2015-11-08 10:00:00,0.0,0.0,0.0,0.0,0.0
277.94873,0.0,0.0,0.0,0.0,2015-11-08 11:00:00,0.0,0.0,0.0,0.0,0.0
278.0078,0.0,0.0,0.0,0.0,2015-11-08 12:00:00,0.0,0.0,0.0,0.0,0.0
277.90405,0.0,0.0,0.0,0.0,2015-11-08 13:00:00,0.0,0.0,0.0,0.0,0.0
278.50977,0.0,0.0,0.0,0.0,2015-11-08 14:00:00,0.0,0.0,0.0,0.0,0.0
282.21753,0.0,0.0,0.0,0.0,2015-11-08 15:00:00,0.0,0.0,0.0,0.0,0.0
283.7351,0.0,0.0,0.0,0.0,2015-11-08 16:00:00,0.0,0.0,0.0,0.0,0.0
285.4607,0.0,0.0,0.0,0.0,2015-11-08 17:00:00,0.0,0.0,0.0,0.0,0.0
286.47803,0.0,0.0,0.0,0.0,2015-11-08 18:00:00,0.0,0.0,0.0,0.0,0.0
287.43408,0.0,0.0,0.0,0.0,2015-11-08 19:00:00,0.0,0.0,0.0,0.0,0.0
287.81104,0.0,0.0,0.0,0.0,2015-11-08 20:00:00,0.0,0.0,0.0,0.0,0.0
288.3694,0.0,0.0,0.0,0.0,2015-11-08 21:00:00,0.0,0.0,0.0,0.0,0.0
286.65698,0.0,0.0,0.0,0.0,2015-11-08 22:00:00,0.0,0.0,0.0,0.0,0.0
285.604,0.0,0.0,0.0,0.0,2015-11-08 23:00:00,0.0,0.0,0.0,0.0,0.0
284.80615,0.0,0.0,0.0,0.0,2015-11-09 00:00:00,0.0,0.0,0.0,0.0,0.0
284.3994,0.0,0.0,0.0,0.0,2015-11-09 01:00:00,0.0,0.0,0.0,0.0,0.0
283.81763,0.0,0.0,0.0,0.0,2015-11-09 02:00:00,0.0,0.0,0.0,0.0,0.0
282.37378,0.0,0.0,0.0,0.0,2015-11-09 03:00:00,0.0,0.0,0.0,0.0,0.0
282.18408,0.0,0.0,0.0,0.0,2015-11-09 04:00:00,0.0,0.0,0.0,0.0,0.0
281.69727,0.0,0.0,0.0,0.0,2015-11-09 05:00:00,0.0,0.0,0.0,0.0,0.0
280.99707,0.0,0.0,0.0,0.0,2015-11-09 06:00:00,0.0,0.0,0.0,0.0,0.0
280.79468,0.0,0.0,0.0,0.0,2015-11-09 07:00:00,0.0,0.0,0.0,0.0,0.0
280.44873,0.0,0.0,0.0,0.0,2015-11-09 08:00:00,0.0,0.0,0.0,0.0,0.0
279.76538,0.0,0.0,0.0,0.0,2015-11-09 09:00:00,0.0,0.0,0.0,0.0,0.0
279.29907,0.0,0.0,0.0,0.0,2015-11-09 10:00:00,0.0,0.0,0.0,0.0,0.0
279.22607,0.0,0.0,0.0,0.0,2015-11-09 11:00:00,0.0,0.0,0.0,0.0,0.0
279.20728,0.0,0.0,0.0,0.0,2015-11-09 12:00:00,0.0,0.0,0.0,0.0,0.0
278.98267,0.0,0.0,0.0,0.0,2015-11-09 13:00:00,0.0,0.0,0.0,0.0,0.0
279.52808,0.0,0.0,0.0,0.0,2015-11-09 14:00:00,0.0,0.0,0.0,0.0,0.0
282.68896,0.0,0.0,0.0,0.0,2015-11-09 15:00:00,0.0,0.0,0.0,0.0,0.0
284.16382,0.0,0.0,0.0,0.0,2015-11-09 16:00:00,0.0,0.0,0.0,0.0,0.0
285.86206,0.0,0.0,0.0,0.0,2015-11-09 17:00:00,0.0,0.0,0.0,0.0,0.0
286.7798,0.0,0.0,0.0,0.0,2015-11-09 18:00:00,0.0,0.0,0.0,0.0,0.0
287.91162,0.0,0.0,0.0,0.0,2015-11-09 19:00:00,0.0,0.0,0.0,0.0,0.0
288.7395,0.0,0.0,0.0,0.0,2015-11-09 20:00:00,0.0,0.0,0.0,0.0,0.0
289.44873,0.0,0.0,0.0,0.0,2015-11-09 21:00:00,0.0,0.0,0.0,0.0,0.0
287.78735,0.0,0.0,0.0,0.0,2015-11-09 22:00:00,0.0,0.0,0.0,0.0,0.0
286.29297,0.0,0.0,0.0,0.0,2015-11-09 23:00:00,0.0,0.0,0.0,0.0,0.0
285.03418,0.0,0.0,0.0,0.0,2015-11-10 00:00:00,0.0,0.0,0.0,0.0,0.0
284.2588,0.0,0.0,0.0,0.0,2015-11-10 01:00:00,0.0,0.0,0.0,0.0,0.0
283.68652,0.0,0.0,0.0,0.0,2015-11-10 02:00:00,0.0,0.0,0.0,0.0,0.0
281.5652,0.0118877925,0.0,0.0,0.0118877925,2015-11-10 03:00:00,0.0,0.0,0.0,0.0,0.0
281.19092,0.33741015,0.0,0.0,0.33741015,2015-11-10 04:00:00,0.0,0.0,0.0,0.0,0.0
280.94897,0.75220186,0.0,0.0,0.75220186,2015-11-10 05:00:00,0.0,0.0,0.0,0.0,0.0
279.77954,0.0016249504,0.0,0.0,0.0016249504,2015-11-10 06:00:00,0.0,0.0,0.0,0.0,0.0
279.2671,0.3096099,0.0,0.0,0.3096099,2015-11-10 07:00:00,0.0,0.0,0.0,0.0,0.0
279.23584,0.85894936,0.0,0.0,0.85894936,2015-11-10 08:00:00,0.0,0.0,0.0,0.0,0.0
277.84277,1.0,0.0,0.0,1.0,2015-11-10 09:00:00,0.0,0.0,0.0,0.0,0.0
277.5923,0.99627113,0.0,0.0,0.99627113,2015-11-10 10:00:00,0.0,0.0,0.0,0.0,0.0
277.5398,0.9775894,0.0,0.0,0.9775894,2015-11-10 11:00:00,0.0,0.0,0.0,0.0,0.0
277.39697,0.94072795,0.0,0.0,0.94072795,2015-11-10 12:00:00,0.0,0.0,0.0,0.0,0.0
277.32202,0.9272064,0.0,0.0,0.9272064,2015-11-10 13:00:00,0.0,0.0,0.0,0.0,0.0
277.34033,0.91858965,0.0,0.0,0.91858965,2015-11-10 14:00:00,0.0,0.0,0.0,0.0,0.0
281.28613,0.8237,0.0,0.0,0.8237,2015-11-10 15:00:00,0.0,0.0,0.0,0.0,0.0
283.39282,0.8375625,0.0,0.0,0.8375625,2015-11-10 16:00:00,0.0,0.0,0.0,0.0,0.0
285.43726,0.36967355,0.0,0.0,0.36967355,2015-11-10 17:00:00,0.0,0.0,0.0,0.0,0.0
286.7173,0.02638122,0.0,0.013769314,0.012611903,2015-11-10 18:00:00,0.0,0.0,0.0,0.0,0.0
287.77563,0.07388604,0.0,0.07388604,0.0,2015-11-10 19:00:00,0.0,0.0,0.0,0.0,0.0
287.79297,0.23191464,0.043834656,0.23191464,0.0,2015-11-10 20:00:00,0.0,0.0,0.0,0.0,0.0
287.7163,0.405585,0.10910481,0.40396005,0.0,2015-11-10 21:00:00,0.0,0.0,0.0,0.0,0.0
286.4961,0.43608427,0.19542241,0.41897357,0.0,2015-11-10 22:00:00,0.0,0.0,0.0,0.0,0.0
285.29102,0.2698921,0.13499075,0.25466484,0.0,2015-11-10 23:00:00,0.0,0.0,0.0,0.0,0.0
284.75732,0.17061245,0.054833025,0.15765578,0.0,2015-11-11 00:00:00,0.0,0.0,0.0,0.0,0.0
284.72144,0.15000677,0.14374906,0.067976,0.0,2015-11-11 01:00:00,0.0,0.0,0.0,0.0,0.0
284.0459,0.31933713,0.31163114,0.1063357,0.0032499009,2015-11-11 02:00:00,0.0,0.0,0.0,0.0,0.0
283.2256,0.7753849,0.7464151,0.2734999,0.0,2015-11-11 03:00:00,0.0,0.0,0.0,0.0,0.0
283.3921,0.6955339,0.67762494,0.3306889,0.0,2015-11-11 04:00:00,0.0,0.0,0.0,0.0,0.0
283.33643,0.69023174,0.6823117,0.24510258,0.0,2015-11-11 05:00:00,0.0,0.0,0.0,0.0,0.0
282.94336,0.5790875,0.556076,0.24944627,0.0,2015-11-11 06:00:00,0.0,0.0,0.0,0.0,0.0
282.51782,0.45840663,0.44765818,0.20382303,0.0,2015-11-11 07:00:00,0.0,0.0,0.0,0.0,0.0
281.87427,0.45687538,0.43869543,0.1772703,0.0,2015-11-11 08:00:00,0.0,0.0,0.0,0.0,0.0
280.47217,0.62608784,0.60385656,0.2947514,0.0,2015-11-11 09:00:00,0.0,0.0,0.0,0.0,0.0
279.28467,0.40462273,0.3944562,0.24979043,0.0,2015-11-11 10:00:00,0.0,0.0,0.0,0.0,0.0
279.14648,0.25128442,0.23827142,0.08505672,0.0,2015-11-11 11:00:00,0.0,0.0,0.0,0.0,0.0
279.00122,0.35360712,0.34614944,0.11456239,0.0,2015-11-11 12:00:00,0.0,0.0,0.0,0.0,0.0
279.09814,0.59551215,0.57941204,0.16240644,0.019460037,2015-11-11 13:00:00,0.0,0.0,0.0,0.0,0.0
279.59253,0.74713993,0.7291574,0.31478393,0.0,2015-11-11 14:00:00,0.0,0.0,0.0,0.0,0.0
281.7522,0.75434494,0.68505055,0.51636994,0.0,2015-11-11 15:00:00,0.0,0.0,0.0,0.0,0.0
282.29077,0.68390024,0.4545824,0.6433685,0.0,2015-11-11 16:00:00,0.0,1.3741083e-06,0.0,1.364816e-06,0.0
283.25342,0.7852157,0.15130681,0.7796808,0.0052650943,2015-11-11 17:00:00,1.0,1.508892e-05,0.0,1.5041172e-05,0.0
283.96118,0.9799908,0.39479762,0.9799908,0.02899149,2015-11-11 18:00:00,0.0,2.9613162e-05,0.0,2.959426e-05,0.0
283.88232,0.7362934,0.16596085,0.6328312,0.256306,2015-11-11 19:00:00,1.0,0.00027026935,0.0,0.00026933383,9.543155e-07
283.97046,0.9858937,0.124975085,0.43987322,0.9809076,2015-11-11 20:00:00,1.0,0.0006772289,0.0,0.0006732978,3.9691704e-06
283.72412,1.0,0.48567075,0.15259951,1.0,2015-11-11 21:00:00,1.0,0.0024018188,0.0,0.0023892242,1.2679744e-05
281.91406,1.0,0.074498534,0.9856821,1.0,2015-11-11 22:00:00,1.0,0.0033172609,0.0,0.0032613417,5.6081743e-05
281.44653,1.0,0.17083043,0.98246545,1.0,2015-11-11 23:00:00,1.0,0.0028308032,0.0,0.002652777,0.00017792154
281.24146,1.0,0.97143203,1.0,1.0,2015-11-12 00:00:00,1.0,0.0026197366,0.0,0.00233373,0.00028566294
281.16797,1.0,1.0,1.0,1.0,2015-11-12 01:00:00,1.0,0.0024599156,0.0,0.0020493048,0.00041098753
281.30493,1.0,1.0,1.0,1.0,2015-11-12 02:00:00,1.0,0.002527704,0.0,0.0017911359,0.00073662493
281.3235,1.0,1.0,1.0,1.0,2015-11-12 03:00:00,1.0,0.0030076161,0.0,0.0014940067,0.0015136185
281.15894,1.0,1.0,1.0,1.0,2015-11-12 04:00:00,1.0,0.0035515327,0.0,0.0010325615,0.0025189712
280.68506,1.0,1.0,1.0,0.9989426,2015-11-12 05:00:00,1.0,0.004061982,0.0,0.00041706045,0.0036449803
280.19482,1.0,1.0,1.0,0.98862034,2015-11-12 06:00:00,1.0,0.004228797,0.0,0.00022208909,0.0040065944
280.03345,1.0,1.0,1.0,0.99550825,2015-11-12 07:00:00,1.0,0.0022698636,0.0,0.0,0.0022698636
280.3059,1.0,1.0,1.0,0.99946827,2015-11-12 08:00:00,1.0,0.0017774012,0.0,1.8131359e-06,0.0017753786
280.12817,1.0,1.0,1.0,1.0,2015-11-12 09:00:00,1.0,0.0013734847,0.0,7.231398e-06,0.0013661962
279.44287,1.0,1.0,0.97644675,1.0,2015-11-12 10:00:00,1.0,0.0008184076,0.0,7.266609e-06,0.000811141
279.22607,1.0,1.0,0.98253256,1.0,2015-11-12 11:00:00,1.0,0.00032114075,0.0,2.4979354e-06,0.0003188334
279.2212,1.0,1.0,0.972432,0.94138193,2015-11-12 12:00:00,1.0,9.215948e-05,0.0,0.0,9.215948e-05
279.03662,1.0,1.0,0.8608169,0.9298124,2015-11-12 13:00:00,1.0,1.4167291e-05,0.0,0.0,1.3995525e-05
278.60352,1.0,1.0,0.9239858,0.6832009,2015-11-12 14:00:00,0.0,8.004925e-07,0.0,0.0,8.004925e-07
278.26196,0.992631,0.9905271,0.87378585,0.20164102,2015-11-12 15:00:00,0.0,0.0,0.0,0.0,0.0
277.63428,0.9957922,0.9957922,0.7876707,0.02217342,2015-11-12 16:00:00,0.0,0.0,0.0,0.0,0.0
277.9121,0.99342126,0.9896924,0.839484,0.0,2015-11-12 17:00:00,0.0,0.0,0.0,0.0,0.0
278.84546,0.9536524,0.89648277,0.8626794,0.0,2015-11-12 18:00:00,0.0,0.0,0.0,0.0,0.0
278.79272,0.93822414,0.9271796,0.5594187,0.0,2015-11-12 19:00:00,1.0,7.01345e-06,0.0,0.0,7.4902873e-06
278.80005,0.8656346,0.8495528,0.33752948,0.0,2015-11-12 20:00:00,1.0,8.882989e-06,0.0,0.0,8.882989e-06
278.59937,0.8797043,0.81904554,0.74502474,0.0,2015-11-12 21:00:00,0.0,2.8584473e-06,0.0,0.0,2.8584473e-06
278.0603,0.9331301,0.8848665,0.9283207,0.0,2015-11-12 22:00:00,0.0,0.0,0.0,0.0,0.0
277.94165,0.97447264,0.6012513,0.97447264,0.0,2015-11-12 23:00:00,0.0,0.0,0.0,0.0,0.0
277.2942,0.9213411,0.7106514,0.8787478,0.0,2015-11-13 00:00:00,0.0,0.0,0.0,0.0,0.0
276.8025,0.72296405,0.72296405,0.0,0.0,2015-11-13 01:00:00,0.0,0.0,0.0,0.0,0.0
276.4292,0.5047978,0.5047978,0.0,0.0,2015-11-13 02:00:00,0.0,0.0,0.0,0.0,0.0
275.70947,0.7342675,0.7342675,0.0033782488,0.0,2015-11-13 03:00:00,0.0,0.0,0.0,0.0,0.0
275.87524,0.9745286,0.9745286,0.0033782488,0.0,2015-11-13 04:00:00,0.0,0.0,0.0,0.0,0.0
275.84985,0.9955251,0.9955251,0.0067320913,0.0,2015-11-13 05:00:00,0.0,0.0,0.0,0.0,0.0
275.91406,0.9895088,0.9895088,0.013471484,0.0,2015-11-13 06:00:00,0.0,0.0,0.0,0.0,0.0
275.88696,0.98626655,0.98626655,0.0033782488,0.0,2015-11-13 07:00:00,0.0,0.0,0.0,0.0,0.0
275.6565,0.92971766,0.92971766,0.0067320913,0.0,2015-11-13 08:00:00,0.0,0.0,0.0,0.0,0.0
275.09155,0.77976286,0.77976286,0.0,0.0,2015-11-13 09:00:00,0.0,0.0,0.0,0.0,0.0
274.12573,0.27711344,0.27711344,0.0,0.0,2015-11-13 10:00:00,0.0,0.0,0.0,0.0,0.0
274.12085,0.0010573287,0.0010573287,0.0,0.0,2015-11-13 11:00:00,0.0,0.0,0.0,0.0,0.0
273.86548,0.019092347,0.019092347,0.0,0.0,2015-11-13 12:00:00,0.0,0.0,0.0,0.0,0.0
273.6272,0.066990435,0.066990435,0.0,0.0,2015-11-13 13:00:00,0.0,0.0,0.0,0.0,0.0
273.89087,0.035355892,0.035355892,0.0,0.0,2015-11-13 14:00:00,0.0,0.0,0.0,0.0,0.0
275.75513,0.035971686,0.035971686,0.0,0.0,2015-11-13 15:00:00,0.0,0.0,0.0,0.0,0.0
276.427,0.14348346,0.14348346,0.0,0.0,2015-11-13 16:00:00,0.0,0.0,0.0,0.0,0.0
277.34937,0.1958738,0.1958738,0.0,0.0,2015-11-13 17:00:00,0.0,0.0,0.0,0.0,0.0
278.1665,0.099160075,0.099160075,0.0,0.0,2015-11-13 18:00:00,0.0,0.0,0.0,0.0,0.0
278.91626,0.079644084,0.079644084,0.0,0.0,2015-11-13 19:00:00,0.0,0.0,0.0,0.0,0.0
279.32788,0.02574066,0.02574066,0.0,0.0,2015-11-13 20:00:00,0.0,0.0,0.0,0.0,0.0
279.98193,0.0,0.0,0.0,0.0,2015-11-13 21:00:00,0.0,0.0,0.0,0.0,0.0
278.07764,0.0,0.0,0.0,0.0,2015-11-13 22:00:00,0.0,0.0,0.0,0.0,0.0
276.78638,0.0,0.0,0.0,0.0,2015-11-13 23:00:00,0.0,0.0,0.0,0.0,0.0
275.89795,0.0,0.0,0.0,0.0,2015-11-14 00:00:00,0.0,0.0,0.0,0.0,0.0
275.011,0.0,0.0,0.0,0.0,2015-11-14 01:00:00,0.0,0.0,0.0,0.0,0.0
274.37842,0.0,0.0,0.0,0.0,2015-11-14 02:00:00,0.0,0.0,0.0,0.0,0.0
273.27393,0.0,0.0,0.0,0.0,2015-11-14 03:00:00,0.0,0.0,0.0,0.0,0.0
273.115,0.0,0.0,0.0,0.0,2015-11-14 04:00:00,0.0,0.0,0.0,0.0,0.0
273.01367,0.0,0.0,0.0,0.0,2015-11-14 05:00:00,0.0,0.0,0.0,0.0,0.0
272.66406,0.17388678,0.0,0.0,0.17388678,2015-11-14 06:00:00,0.0,0.0,0.0,0.0,0.0
272.98364,0.56890047,0.0,0.0,0.56890047,2015-11-14 07:00:00,0.0,0.0,0.0,0.0,0.0
273.1963,0.11632824,0.0,0.0,0.11632824,2015-11-14 08:00:00,0.0,0.0,0.0,0.0,0.0
273.40088,0.15819436,0.0,0.0,0.15819436,2015-11-14 09:00:00,0.0,0.0,0.0,0.0,0.0
273.99146,0.59650487,0.0,0.005003199,0.59650487,2015-11-14 10:00:00,0.0,0.0,0.0,0.0,0.0
274.12354,0.8298693,0.0,0.0,0.8298693,2015-11-14 11:00:00,0.0,0.0,0.0,0.0,0.0
274.1277,1.0,0.0,0.0,1.0,2015-11-14 12:00:00,0.0,0.0,0.0,0.0,0.0
274.2561,0.95613605,0.0,0.0,0.95613605,2015-11-14 13:00:00,0.0,0.0,0.0,0.0,0.0
274.92505,0.72566366,0.0,0.0,0.72566366,2015-11-14 14:00:00,0.0,0.0,0.0,0.0,0.0
277.87036,0.7823842,0.0,0.0,0.7823842,2015-11-14 15:00:00,0.0,0.0,0.0,0.0,0.0
279.67603,0.7543973,0.0,0.0,0.7543973,2015-11-14 16:00:00,0.0,0.0,0.0,0.0,0.0
281.45947,0.7596049,0.0,0.0,0.7596049,2015-11-14 17:00:00,0.0,0.0,0.0,0.0,0.0
282.90527,0.66829115,0.0,0.0,0.66829115,2015-11-14 18:00:00,0.0,0.0,0.0,0.0,0.0
284.38013,0.6925964,0.0,0.0,0.6925964,2015-11-14 19:00:00,0.0,0.0,0.0,0.0,0.0
285.35205,0.69932055,0.0,0.0,0.69932055,2015-11-14 20:00:00,0.0,0.0,0.0,0.0,0.0
286.5681,0.7640348,0.0,0.0,0.7640348,2015-11-14 21:00:00,0.0,0.0,0.0,0.0,0.0
285.2085,0.4058702,0.0,0.0,0.4058702,2015-11-14 22:00:00,0.0,0.0,0.0,0.0,0.0
284.07568,0.332641,0.0,0.0,0.332641,2015-11-14 23:00:00,0.0,0.0,0.0,0.0,0.0
283.1819,0.011384215,0.0,0.0,0.011384215,2015-11-15 00:00:00,0.0,0.0,0.0,0.0,0.0
282.37476,0.0,0.0,0.0,0.0,2015-11-15 01:00:00,0.0,0.0,0.0,0.0,0.0
281.68604,0.0,0.0,0.0,0.0,2015-11-15 02:00:00,0.0,0.0,0.0,0.0,0.0
280.79517,0.0,0.0,0.0,0.0,2015-11-15 03:00:00,0.0,0.0,0.0,0.0,0.0
280.8142,0.04669907,0.0,0.0,0.04669907,2015-11-15 04:00:00,0.0,0.0,0.0,0.0,0.0
280.396,0.05415886,0.0,0.0,0.05415886,2015-11-15 05:00:00,0.0,0.0,0.0,0.0,0.0
279.47803,0.025824472,0.0,0.0,0.025824472,2015-11-15 06:00:00,0.0,0.0,0.0,0.0,0.0
279.19482,0.059844125,0.0,0.0,0.059844125,2015-11-15 07:00:00,0.0,0.0,0.0,0.0,0.0
278.7307,0.0,0.0,0.0,0.0,2015-11-15 08:00:00,0.0,0.0,0.0,0.0,0.0
277.4319,0.0,0.0,0.0,0.0,2015-11-15 09:00:00,0.0,0.0,0.0,0.0,0.0
277.28394,0.0,0.0,0.0,0.0,2015-11-15 10:00:00,0.0,0.0,0.0,0.0,0.0
277.3025,0.0,0.0,0.0,0.0,2015-11-15 11:00:00,0.0,0.0,0.0,0.0,0.0
277.34644,0.0032499009,0.0,0.0,0.0032499009,2015-11-15 12:00:00,0.0,0.0,0.0,0.0,0.0
277.5183,0.0,0.0,0.0,0.0,2015-11-15 13:00:00,0.0,0.0,0.0,0.0,0.0
278.24,0.0,0.0,0.0,0.0,2015-11-15 14:00:00,0.0,0.0,0.0,0.0,0.0
282.38184,0.0,0.0,0.0,0.0,2015-11-15 15:00:00,0.0,0.0,0.0,0.0,0.0
284.29858,0.0,0.0,0.0,0.0,2015-11-15 16:00:00,0.0,0.0,0.0,0.0,0.0
285.93896,0.0,0.0,0.0,0.0,2015-11-15 17:00:00,0.0,0.0,0.0,0.0,0.0
286.8418,0.0,0.0,0.0,0.0,2015-11-15 18:00:00,0.0,0.0,0.0,0.0,0.0
287.73682,0.0,0.0,0.0,0.0,2015-11-15 19:00:00,0.0,0.0,0.0,0.0,0.0
288.6421,0.0,0.0,0.0,0.0,2015-11-15 20:00:00,0.0,0.0,0.0,0.0,0.0
289.34863,0.0,0.0,0.0,0.0,2015-11-15 21:00:00,0.0,0.0,0.0,0.0,0.0
287.61694,0.0,0.0,0.0,0.0,2015-11-15 22:00:00,0.0,0.0,0.0,0.0,0.0
286.04907,0.0,0.0,0.0,0.0,2015-11-15 23:00:00,0.0,0.0,0.0,0.0,0.0
284.83545,0.0,0.0,0.0,0.0,2015-11-16 00:00:00,0.0,0.0,0.0,0.0,0.0
284.531,0.0,0.0,0.0,0.0,2015-11-16 01:00:00,0.0,0.0,0.0,0.0,0.0
283.9519,0.023729969,0.023729969,0.0,0.0,2015-11-16 02:00:00,0.0,0.0,0.0,0.0,0.0
283.13867,0.16328925,0.16328925,0.0,0.0,2015-11-16 03:00:00,0.0,0.0,0.0,0.0,0.0
283.0498,0.5733227,0.5733227,0.0,0.0,2015-11-16 04:00:00,0.0,0.0,0.0,0.0,0.0
282.92944,0.7948863,0.7948863,0.0,0.0,2015-11-16 05:00:00,0.0,0.0,0.0,0.0,0.0
283.18018,0.9334502,0.9334502,0.0,0.0,2015-11-16 06:00:00,0.0,0.0,0.0,0.0,0.0
283.76343,0.97853667,0.97853667,0.06839585,0.0,2015-11-16 07:00:00,0.0,3.8198294e-07,0.0,0.0,3.8198294e-07
284.1189,0.9966217,0.9932679,0.24130183,0.0032499009,2015-11-16 08:00:00,0.0,3.8198294e-07,0.0,0.0,3.8198294e-07
284.44214,1.0,1.0,0.23837942,0.26365554,2015-11-16 09:00:00,0.0,6.678286e-07,0.0,0.0,6.678286e-07
284.3081,1.0,1.0,0.038100835,0.9379404,2015-11-16 10:00:00,1.0,2.3656012e-06,0.0,0.0,2.3656012e-06
284.26,1.0,1.0,0.026602354,0.98841804,2015-11-16 11:00:00,1.0,2.4053543e-06,0.0,2.6726156e-07,2.138092e-06
284.32617,1.0,1.0,0.2039482,0.9712789,2015-11-16 12:00:00,0.0,1.9663266e-06,0.0,1.3363075e-07,1.6990653e-06
284.2566,1.0,0.99841094,0.6597567,0.9908225,2015-11-16 13:00:00,0.0,4.1856503e-05,0.0,4.111175e-05,1.0690455e-06
284.03418,1.0,1.0,0.9590169,0.9755015,2015-11-16 14:00:00,1.0,0.00028857496,0.0,0.00028854609,5.3452317e-07
283.42944,1.0,1.0,0.7952516,0.9577691,2015-11-16 15:00:00,1.0,0.0003843247,0.0,0.00038311328,7.626828e-07
283.37842,0.9966217,0.9206312,0.5277286,0.95228875,2015-11-16 16:00:00,1.0,0.00039974228,0.0,0.00039837928,1.0863378e-06
283.0503,1.0,1.0,0.8253845,0.9654067,2015-11-16 17:00:00,1.0,0.0008858091,0.0,0.00082741445,5.8528094e-05
282.61963,1.0,1.0,1.0,0.55065525,2015-11-16 18:00:00,1.0,0.001313753,0.0,0.0009318921,0.00038190838
282.36865,1.0,1.0,0.8821046,0.07538009,2015-11-16 19:00:00,1.0,0.0012327072,0.0,0.0001651207,0.001067481
282.27686,1.0,1.0,1.0,0.0,2015-11-16 20:00:00,1.0,0.0005414693,0.0,0.0,0.00054131635
282.45605,1.0,1.0,1.0,0.0,2015-11-16 21:00:00,1.0,0.00030126655,0.0,0.0,0.00030138064
282.42114,1.0,1.0,0.99736434,0.010724671,2015-11-16 22:00:00,1.0,0.00029641227,0.0,0.0,0.0002958777
282.54468,1.0,1.0,0.952224,0.061469078,2015-11-16 23:00:00,1.0,0.00018326685,0.0,0.0,0.00018330466
282.75,1.0,1.0,0.9732722,0.0,2015-11-17 00:00:00,1.0,2.4922498e-05,0.0,0.0,2.5132074e-05
282.7163,1.0,1.0,0.970899,0.005003199,2015-11-17 01:00:00,1.0,0.00014316672,0.0,0.0,0.00014307123
282.7832,1.0,1.0,0.66052115,0.07187021,2015-11-17 02:00:00,1.0,0.0001434815,0.0,0.0,0.0001434815
282.88428,1.0,1.0,0.39396405,0.7688197,2015-11-17 03:00:00,1.0,0.0001103666,0.0,0.0,0.00011027111
282.7356,1.0,1.0,0.093599916,0.9970973,2015-11-17 04:00:00,1.0,0.00013007723,0.0,0.0,0.00012996315
282.66748,1.0,1.0,0.03690779,0.97947925,2015-11-17 05:00:00,1.0,0.000136752,0.0,0.0,0.00013692377
282.46826,1.0,1.0,0.16199052,1.0,2015-11-17 06:00:00,1.0,0.00022168693,0.0,0.0,0.00022168693
282.30566,1.0,1.0,0.39806694,0.9978792,2015-11-17 07:00:00,1.0,0.00017387675,0.0,0.0,0.00017387675
282.24805,1.0,1.0,0.5723136,1.0,2015-11-17 08:00:00,1.0,7.379068e-05,0.0,0.0,7.379068e-05
282.43848,1.0,1.0,0.3253898,1.0,2015-11-17 09:00:00,1.0,4.975646e-05,0.0,0.0,4.987055e-05
282.62817,1.0,1.0,0.77449626,1.0,2015-11-17 10:00:00,1.0,0.00019412019,0.0,0.0,0.00019412019
282.65747,1.0,1.0,0.78785706,0.99336845,2015-11-17 11:00:00,1.0,0.0004803124,0.0,0.00019612485,0.0002842734
282.65625,1.0,1.0,0.87866247,1.0,2015-11-17 12:00:00,1.0,0.000970809,0.0,0.0006708391,0.00029974082
282.77612,1.0,1.0,0.9571382,0.9978961,2015-11-17 13:00:00,1.0,0.0010086526,0.0,0.0007287136,0.000280082
282.9397,1.0,1.0,0.9846351,1.0,2015-11-17 14:00:00,1.0,0.0007542416,0.0,0.00048047001,0.00027397182
283.35278,1.0,1.0,0.477709,1.0,2015-11-17 15:00:00,1.0,0.00068975263,0.0,0.00049229106,0.00019735665
283.48047,1.0,1.0,0.98187613,1.0,2015-11-17 16:00:00,1.0,0.00058935117,0.0,0.00039499393,0.00019414765
283.75952,1.0,1.0,1.0,1.0,2015-11-17 17:00:00,1.0,0.0005231218,0.0,0.00034582196,0.00017729975
283.77197,1.0,1.0,0.9978961,1.0,2015-11-17 18:00:00,1.0,0.0013306588,0.0,0.00091332337,0.00041709677
284.0227,1.0,1.0,1.0,1.0,2015-11-17 19:00:00,1.0,0.0010529642,0.0,0.00014694183,0.0009060127
284.23926,1.0,1.0,1.0,1.0,2015-11-17 20:00:00,1.0,0.0008252547,0.0,0.0,0.000825522
284.47314,1.0,1.0,1.0,1.0,2015-11-17 21:00:00,1.0,0.0002820301,0.0,0.0,0.0002820301
284.81055,1.0,1.0,0.9973536,1.0,2015-11-17 22:00:00,1.0,0.00023562588,0.0,0.0,0.00023553039
284.90283,1.0,1.0,0.99683875,1.0,2015-11-17 23:00:00,1.0,0.0003094757,0.0,0.0,0.0003094757
285.16675,1.0,1.0,0.8523858,1.0,2015-11-18 00:00:00,1.0,0.00031251553,0.0,0.0,0.00031268736
285.37012,1.0,1.0,0.72386914,1.0,2015-11-18 01:00:00,1.0,0.00050449325,0.0,0.0,0.00050449325
285.5725,1.0,1.0,0.93194944,1.0,2015-11-18 02:00:00,1.0,0.000472337,0.0,0.0,0.000472337
285.5686,1.0,1.0,0.8924063,1.0,2015-11-18 03:00:00,1.0,0.0007025497,0.0,0.0,0.0007026638
285.5979,1.0,0.9942007,0.0909217,1.0,2015-11-18 04:00:00,1.0,0.0006949224,0.0,0.0,0.0006949224
285.37402,1.0,0.99525803,0.5188725,1.0,2015-11-18 05:00:00,1.0,0.00038187858,0.0,0.0,0.00038208812
285.219,1.0,1.0,0.9727179,1.0,2015-11-18 06:00:00,1.0,0.0006445665,0.0,2.0178239e-05,0.0006246173
285.2307,1.0,1.0,0.9475324,0.98948056,2015-11-18 07:00:00,1.0,0.00088659604,0.0,0.00041003944,0.0004764041
285.27515,1.0,1.0,0.79071647,0.9862307,2015-11-18 08:00:00,1.0,0.0004700278,0.0,0.00035622786,0.00011375213
285.5061,1.0,0.99946827,0.15338725,0.9521409,2015-11-18 09:00:00,1.0,3.0763214e-05,0.0,1.8441046e-05,1.2684922e-05
286.84766,0.82839924,0.65850556,0.49217004,0.17361552,2015-11-18 10:00:00,1.0,0.00032619503,0.0,0.00031212438,1.3641758e-05
287.12012,1.0,0.20332259,1.0,0.49987078,2015-11-18 11:00:00,1.0,0.0011386517,0.0,0.0008086844,0.00033040554
286.8838,0.9664099,0.15280217,0.96060234,0.17357212,2015-11-18 12:00:00,1.0,0.0010576625,0.0,0.00030492502,0.0007528423
286.62793,0.23985487,0.12890404,0.1410349,0.0,2015-11-18 13:00:00,1.0,0.00013586915,0.0,8.55345e-05,5.025805e-05
286.04126,0.26236564,0.25326258,0.023088261,0.0,2015-11-18 14:00:00,1.0,6.0950106e-07,0.0,0.0,4.954212e-07
285.02734,0.41045702,0.41045702,0.0,0.0,2015-11-18 15:00:00,1.0,9.733545e-06,0.0,0.0,9.733545e-06
284.7129,0.7398284,0.7398284,0.027462587,0.0,2015-11-18 16:00:00,1.0,3.656186e-05,0.0,1.4122434e-06,3.5283243e-05
284.58398,0.65901864,0.64844614,0.2165097,0.0,2015-11-18 17:00:00,1.0,1.5314494e-05,0.0,1.1575752e-05,3.7583031e-06
284.4441,0.4568993,0.21264595,0.37828517,0.02586237,2015-11-18 18:00:00,0.0,4.919026e-05,0.0,4.5604378e-05,3.5858775e-06
283.9585,0.7365584,0.37359,0.64326096,0.13376105,2015-11-18 19:00:00,1.0,0.00017309698,0.0,0.0001029047,7.031663e-05
282.98926,0.9505445,0.28807175,0.9141627,0.257128,2015-11-18 20:00:00,1.0,0.00040351902,0.0,0.00019412515,0.00020926035
281.96143,0.8774746,0.66320866,0.64292365,0.0033782488,2015-11-18 21:00:00,1.0,0.00023222114,0.0,3.443932e-05,0.00019769593
280.8108,1.0,1.0,0.7665575,0.61826295,2015-11-18 22:00:00,1.0,0.00023190242,0.0,9.506632e-05,0.00013688383
280.22485,1.0,1.0,1.0,0.98493946,2015-11-18 23:00:00,1.0,0.00055687735,0.0,8.602151e-05,0.00047085574
279.44067,1.0,1.0,0.9608994,0.14549947,2015-11-19 00:00:00,1.0,0.0008360902,0.0,9.627073e-05,0.00073966687
279.01978,0.9431103,0.7591958,0.58496743,0.6917067,2015-11-19 01:00:00,1.0,0.00019722925,0.0,6.661905e-06,0.00019063368
279.18506,0.8369992,0.49684584,0.74668556,0.13305414,2015-11-19 02:00:00,1.0,3.241023e-05,0.0,0.0,3.1933392e-05
279.07886,0.966481,0.966481,0.90914536,0.05685638,2015-11-19 03:00:00,1.0,4.884634e-05,0.0,0.0,4.857908e-05
278.97095,0.96859926,0.965221,0.2925982,0.021164134,2015-11-19 04:00:00,0.0,1.46389775e-05,0.0,2.315599e-06,1.25432125e-05
277.61792,0.98550457,0.98550457,0.30760145,0.19043767,2015-11-19 05:00:00,1.0,0.0,0.0,0.0,0.0
276.44995,1.0,1.0,0.93751657,0.04835951,2015-11-19 06:00:00,7.0,2.9007751e-06,0.0,0.0,2.7475935e-06
275.82275,0.9978961,0.9862307,0.9978961,0.13000488,2015-11-19 07:00:00,6.0,0.000119489356,4.8338887e-05,0.0,0.000119489356
275.54053,0.9189034,0.7860285,0.87919056,0.014106251,2015-11-19 08:00:00,6.0,9.202234e-05,8.364585e-05,0.0,9.202234e-05
274.35596,0.47602296,0.44759637,0.11882424,0.0,2015-11-19 09:00:00,0.0,1.5936166e-05,1.5850208e-05,0.0,1.5936166e-05
272.16748,0.010460924,0.0067320913,0.0037288337,0.0,2015-11-19 10:00:00,0.0,0.0,4.7667676e-08,0.0,0.0
271.91455,0.008737836,0.008737836,0.0,0.0,2015-11-19 11:00:00,0.0,0.0,0.0,0.0,0.0
272.05835,0.25953007,0.25953007,0.011408862,0.0,2015-11-19 12:00:00,0.0,0.0,0.0,0.0,0.0
272.20654,0.78393084,0.4573695,0.75534344,0.0,2015-11-19 13:00:00,0.0,0.0,0.0,0.0,0.0
272.51367,0.75507665,0.15878558,0.75507665,0.0,2015-11-19 14:00:00,5.0,1.3721838e-06,1.5343339e-06,1.5628539e-06,0.0
273.01807,0.8844776,0.21144068,0.88230383,0.0,2015-11-19 15:00:00,5.0,2.8434617e-05,2.3852903e-05,2.6346534e-05,2.269464e-06
272.84692,0.79204,0.41450393,0.76315254,0.0,2015-11-19 16:00:00,6.0,5.5856697e-05,4.7549867e-05,4.8313173e-05,7.2480616e-06
272.74707,0.9418441,0.48470157,0.94021916,0.0,2015-11-19 17:00:00,6.0,3.9022416e-05,3.7856924e-05,8.904108e-06,3.0175346e-05
272.7605,1.0,0.9978792,1.0,0.0,2015-11-19 18:00:00,6.0,5.9239974e-05,5.8614765e-05,2.2717231e-06,5.7101875e-05
272.8037,1.0,1.0,0.998375,0.0,2015-11-19 19:00:00,6.0,3.432583e-05,3.4034863e-05,0.0,3.405857e-05
272.76123,1.0,0.99946827,1.0,0.013033811,2015-11-19 20:00:00,6.0,1.7621162e-05,1.7983679e-05,0.0,1.7983926e-05
273.54272,0.9978792,0.982037,0.9978792,0.029192884,2015-11-19 21:00:00,6.0,1.476015e-05,1.4719613e-05,0.0,1.476015e-05
273.82007,0.994718,0.809527,0.99024314,0.0,2015-11-19 22:00:00,6.0,1.0278266e-05,1.0318966e-05,0.0,1.006869e-05
273.8296,0.7518928,0.3040297,0.7408929,0.0,2015-11-19 23:00:00,6.0,1.9073486e-06,1.8166593e-06,0.0,2.0214284e-06
273.72803,0.12919354,0.088033676,0.11183739,0.0,2015-11-20 00:00:00,0.0,0.0,2.3873934e-08,0.0,0.0
273.73218,0.052337162,0.04897602,0.020210877,0.0,2015-11-20 01:00:00,0.0,0.0,0.0,0.0,0.0
273.54248,0.02357202,0.02357202,0.0,0.0,2015-11-20 02:00:00,0.0,0.0,0.0,0.0,0.0
272.6521,0.0,0.0,0.0,0.0,2015-11-20 03:00:00,0.0,0.0,0.0,0.0,0.0
272.49243,0.018457577,0.018457577,0.0,0.0,2015-11-20 04:00:00,0.0,0.0,0.0,0.0,0.0
272.05127,0.03530731,0.03530731,0.0,0.0,2015-11-20 05:00:00,0.0,0.0,0.0,0.0,0.0
271.15625,0.016721383,0.016721383,0.0,0.0,2015-11-20 06:00:00,0.0,0.0,0.0,0.0,0.0
271.20752,0.014637973,0.014637973,0.0,0.0,2015-11-20 07:00:00,0.0,0.0,0.0,0.0,0.0
270.8147,0.0,0.0,0.0,0.0,2015-11-20 08:00:00,0.0,0.0,0.0,0.0,0.0
270.6504,0.0067320913,0.0067320913,0.0,0.0,2015-11-20 09:00:00,0.0,0.0,0.0,0.0,0.0
269.31445,0.0,0.0,0.0,0.0,2015-11-20 10:00:00,0.0,0.0,0.0,0.0,0.0
269.32178,0.0015890491,0.0,0.0015890491,0.0,2015-11-20 11:00:00,0.0,0.0,0.0,0.0,0.0
269.20337,1.0,0.0,0.606299,1.0,2015-11-20 12:00:00,0.0,0.0,0.0,0.0,0.0
269.26025,1.0,0.0,1.0,1.0,2015-11-20 13:00:00,0.0,0.0,0.0,0.0,0.0
269.3711,1.0,0.0,1.0,1.0,2015-11-20 14:00:00,0.0,0.0,0.0,0.0,0.0
270.23218,1.0,0.0,1.0,1.0,2015-11-20 15:00:00,0.0,0.0,0.0,0.0,0.0
270.92798,1.0,0.0,1.0,1.0,2015-11-20 16:00:00,0.0,0.0,0.0,0.0,0.0
271.38037,1.0,0.0033782488,1.0,1.0,2015-11-20 17:00:00,0.0,9.549569e-08,1.1456325e-07,0.0,9.549569e-08
271.57202,1.0,0.0,1.0,1.0,2015-11-20 18:00:00,5.0,9.549569e-08,3.0539434e-07,0.0,9.549569e-08
271.87598,1.0,0.0,1.0,1.0,2015-11-20 19:00:00,5.0,1.1104427e-05,1.1099781e-05,0.0,1.1104427e-05
271.95044,1.0,0.0,1.0,1.0,2015-11-20 20:00:00,5.0,2.2551088e-05,2.2655877e-05,0.0,2.2646578e-05
272.10376,1.0,0.0,1.0,0.92443615,2015-11-20 21:00:00,5.0,3.43227e-05,3.4413053e-05,0.0,3.4532262e-05
271.38867,1.0,0.0,1.0,0.995108,2015-11-20 22:00:00,5.0,3.474248e-05,3.5085686e-05,0.0,3.4952056e-05
271.32373,1.0,0.0,1.0,1.0,2015-11-20 23:00:00,5.0,3.1424483e-05,3.1357675e-05,0.0,3.1424483e-05
271.3103,1.0,0.0,1.0,0.99675006,2015-11-21 00:00:00,5.0,4.1267573e-05,4.1425083e-05,0.0,4.1267573e-05
271.04785,1.0,0.0,1.0,0.9373008,2015-11-21 01:00:00,5.0,4.0045343e-05,4.0021143e-05,0.0,4.0045343e-05
270.93262,1.0,0.0,1.0,0.94900155,2015-11-21 02:00:00,5.0,3.1612886e-05,3.1429343e-05,0.0,3.1612886e-05
270.27563,1.0,0.0,1.0,0.8649885,2015-11-21 03:00:00,5.0,2.2131251e-05,2.2090637e-05,0.0,2.2131251e-05
269.99463,1.0,0.0,1.0,0.74889624,2015-11-21 04:00:00,5.0,1.2668226e-05,1.2658774e-05,0.0,1.2668226e-05
269.8213,1.0,0.0,1.0,0.7799943,2015-11-21 05:00:00,5.0,7.2884286e-06,7.3741485e-06,0.0,7.3839246e-06
269.2224,1.0,0.0,1.0,0.76209986,2015-11-21 06:00:00,0.0,3.8544313e-06,3.8924036e-06,0.0,3.8544313e-06
268.99658,0.99675006,0.0,0.995108,0.7953811,2015-11-21 07:00:00,0.0,9.549569e-08,7.16218e-08,0.0,9.549569e-08
268.65527,0.91742766,0.0,0.91742766,0.5793443,2015-11-21 08:00:00,0.0,0.0,0.0,0.0,0.0
267.9568,0.2964139,0.0,0.29404294,0.042437755,2015-11-21 09:00:00,0.0,0.0,0.0,0.0,0.0
265.14136,0.1786834,0.04177813,0.13689798,0.036913913,2015-11-21 10:00:00,0.0,0.0,0.0,0.0,0.0
265.00952,0.048307672,0.039298985,0.009008683,0.0,2015-11-21 11:00:00,0.0,0.0,0.0,0.0,0.0
264.80518,0.2315253,0.2315253,0.0,0.0,2015-11-21 12:00:00,5.0,0.0,2.8519953e-08,0.0,0.0
264.66797,0.419694,0.419694,0.0,0.0,2015-11-21 13:00:00,5.0,1.14079796e-07,9.533534e-08,0.0,1.14079796e-07
264.8877,0.65212464,0.65212464,0.0,0.0,2015-11-21 14:00:00,5.0,0.0,1.4772922e-07,0.0,1.14079796e-07
266.24512,0.67514694,0.67514694,0.0,0.0,2015-11-21 15:00:00,5.0,0.0,2.4306456e-07,0.0,2.2815959e-07
266.99512,0.740468,0.740468,0.0,0.0,2015-11-21 16:00:00,5.0,1.4099933e-06,1.4865836e-06,0.0,1.4099933e-06
268.28467,0.7994756,0.7994756,0.0,0.0,2015-11-21 17:00:00,5.0,1.944516e-06,1.9206427e-06,0.0,1.944516e-06
268.9231,0.67801297,0.67801297,0.0,0.0,2015-11-21 18:00:00,5.0,1.4676789e-06,1.2343899e-06,0.0,1.3535991e-06
269.3777,0.8102139,0.8102139,0.0,0.0,2015-11-21 19:00:00,5.0,2.1162823e-06,2.0594025e-06,0.0,2.2117783e-06
269.82104,0.8415185,0.8415185,0.0048919544,0.0,2015-11-21 20:00:00,5.0,1.2395194e-06,1.1727043e-06,0.0,1.2395194e-06
270.53882,0.9389074,0.9389074,0.16939515,0.0,2015-11-21 21:00:00,5.0,6.4860296e-07,5.388461e-07,0.0,3.813414e-07
269.06763,0.6554149,0.6532643,0.13000315,0.0,2015-11-21 22:00:00,5.0,2.6726156e-07,3.3407696e-07,0.0,2.6726156e-07
267.83472,0.5394242,0.5356953,0.15037262,0.0,2015-11-21 23:00:00,5.0,2.6726156e-07,2.0044615e-07,0.0,2.6726156e-07
267.3452,0.09748435,0.017008934,0.08547127,0.0,2015-11-22 00:00:00,0.0,0.0,0.0,0.0,0.0
267.53003,0.2923951,0.011051133,0.29186952,0.0,2015-11-22 01:00:00,0.0,0.0,0.0,0.0,0.0
267.3142,0.7809188,0.019646797,0.7803871,0.0,2015-11-22 02:00:00,5.0,0.0,6.6815346e-08,0.0,0.0
266.4336,1.0,0.17923868,1.0,0.0,2015-11-22 03:00:00,5.0,2.9776866e-06,2.8442173e-06,0.0,2.8636068e-06
266.9756,0.987647,0.5245723,0.987647,0.0,2015-11-22 04:00:00,5.0,1.4866617e-05,1.4940804e-05,0.0,1.5038382e-05
266.30444,0.973416,0.7691475,0.96789813,0.0,2015-11-22 05:00:00,5.0,2.1367974e-05,2.1332162e-05,0.0,2.1272484e-05
265.76758,0.96507245,0.9094576,0.94401765,0.0,2015-11-22 06:00:00,5.0,5.4013653e-05,5.3870812e-05,4.239747e-05,1.1806848e-05
265.5979,0.955215,0.9274347,0.8118208,0.0,2015-11-22 07:00:00,5.0,3.0004841e-05,3.0026553e-05,0.0,3.0272102e-05
265.42212,0.8281182,0.8132757,0.43699348,0.0,2015-11-22 08:00:00,5.0,3.0816824e-05,3.0640338e-05,1.4795514e-06,2.9289527e-05
265.71118,0.5606227,0.5506334,0.11376464,0.0,2015-11-22 09:00:00,5.0,2.0211039e-05,2.0072519e-05,1.6612457e-06,1.8549792e-05
265.92358,0.28337413,0.2554474,0.081801414,0.0,2015-11-22 10:00:00,5.0,8.50228e-06,8.583436e-06,7.626782e-07,8.063903e-06
265.8418,0.17890847,0.087435186,0.124715805,0.0,2015-11-22 11:00:00,5.0,1.9829677e-06,2.1116302e-06,0.0,1.9829677e-06
265.45093,0.10861939,0.07775372,0.048012037,0.0,2015-11-22 12:00:00,5.0,3.8198294e-07,4.6497922e-07,0.0,4.0056705e-07
265.28784,0.024184376,0.023658767,0.0010573287,0.0,2015-11-22 13:00:00,5.0,0.0,1.0014173e-07,0.0,9.549569e-08
265.91992,0.021390855,0.014873948,0.0065169036,0.0,2015-11-22 14:00:00,5.0,0.0,0.0,0.0,0.0
268.10352,0.0065169036,0.0,0.0016249504,0.0065169036,2015-11-22 15:00:00,0.0,0.0,0.0,0.0,0.0
268.8977,0.64895904,0.0,0.6357487,0.51204455,2015-11-22 16:00:00,0.0,0.0,0.0,0.0,0.0
270.14038,0.95575595,0.0,0.9552242,0.49880224,2015-11-22 17:00:00,0.0,0.0,0.0,0.0,0.0
270.79517,0.9761813,0.0,0.9761813,0.1853298,2015-11-22 18:00:00,0.0,0.0,0.0,0.0,0.0
271.47852,1.0,0.0,1.0,0.08014369,2015-11-22 19:00:00,0.0,0.0,0.0,0.0,0.0
272.37207,1.0,0.0,1.0,0.021567252,2015-11-22 20:00:00,5.0,0.0,1.1448304e-07,0.0,2.6726156e-07
273.15747,1.0,0.0,1.0,0.0,2015-11-22 21:00:00,5.0,3.6057718e-06,3.3747247e-06,0.0,3.6057718e-06
272.58667,0.99627113,0.0,0.99627113,0.0067320913,2015-11-22 22:00:00,5.0,2.2644686e-05,2.2635228e-05,0.0,2.2549197e-05
272.3938,0.93419236,0.005370889,0.93419236,0.0,2015-11-22 23:00:00,5.0,7.020465e-05,7.026931e-05,0.0,7.020465e-05
271.95166,0.79099125,0.04667926,0.79099125,0.0,2015-11-23 00:00:00,5.0,6.42575e-05,6.432888e-05,0.0,6.42575e-05
271.84448,0.53362405,0.0037288337,0.53362405,0.0,2015-11-23 01:00:00,5.0,1.1247931e-05,1.140271e-05,0.0,1.1247931e-05
271.3418,0.5278601,0.05778331,0.52250636,0.0,2015-11-23 02:00:00,5.0,1.5817586e-06,1.5914529e-06,0.0,1.5817586e-06
270.78516,0.5912288,0.24833769,0.57719237,0.0,2015-11-23 03:00:00,0.0,7.0499675e-07,7.599554e-07,0.0,8.004925e-07
270.36353,0.1644718,0.042021085,0.16132158,0.0,2015-11-23 04:00:00,0.0,0.0,2.6196943e-08,0.0,0.0
269.8806,0.0029026829,0.00053172023,0.0029026829,0.0,2015-11-23 05:00:00,0.0,0.0,0.0,0.0,0.0
269.3423,0.0,0.0,0.0,0.0,2015-11-23 06:00:00,0.0,0.0,0.0,0.0,0.0
270.19873,0.03586159,0.011203606,0.03586159,0.0,2015-11-23 07:00:00,0.0,0.0,0.0,0.0,0.0
270.46045,0.6370035,0.47865278,0.61089027,0.0,2015-11-23 08:00:00,8.0,1.1254397e-06,1.1685424e-06,0.0,1.1254397e-06
271.77905,0.82650745,0.6885827,0.73118335,0.0,2015-11-23 09:00:00,8.0,0.00016868295,7.0745926e-05,0.0001519382,1.6973863e-05
271.9878,0.52460915,0.004767146,0.52460915,0.0,2015-11-23 10:00:00,8.0,0.0003673653,0.00019663076,0.00032463134,4.2409607e-05
271.67456,0.38877994,0.031747837,0.38505107,0.0,2015-11-23 11:00:00,5.0,0.00029098615,0.00024995534,0.00026794174,2.2710607e-05
271.83374,0.40432143,0.124601364,0.36606663,0.0,2015-11-23 12:00:00,5.0,5.3037627e-05,5.2416435e-05,4.5506647e-05,7.778699e-06
271.85596,0.30099195,0.2889362,0.06807071,0.0,2015-11-23 13:00:00,0.0,1.5824007e-06,1.5346523e-06,0.0,1.5824007e-06
272.3767,0.24051869,0.24051869,0.0,0.0,2015-11-23 14:00:00,0.0,1.14079796e-07,2.2399706e-07,0.0,1.14079796e-07
275.0874,0.10009152,0.10009152,0.0,0.0,2015-11-23 15:00:00,0.0,0.0,5.239389e-08,0.0,0.0
276.06494,0.029927917,0.029927917,0.0,0.0,2015-11-23 16:00:00,0.0,0.0,0.0,0.0,0.0
277.35742,0.045144137,0.045144137,0.0,0.0,2015-11-23 17:00:00,0.0,0.0,0.0,0.0,0.0
278.22534,0.4641683,0.4641683,0.0,0.0,2015-11-23 18:00:00,0.0,0.0,0.0,0.0,0.0
279.27856,0.5267395,0.5267395,0.0,0.0,2015-11-23 19:00:00,0.0,0.0,0.0,0.0,0.0
279.62402,0.6511044,0.6511044,0.0,0.0,2015-11-23 20:00:00,0.0,0.0,0.0,0.0,0.0
279.54517,0.4688735,0.4688735,0.0,0.0,2015-11-23 21:00:00,0.0,0.0,0.0,0.0,0.0
277.88232,0.6228391,0.5943233,0.0,0.095207095,2015-11-23 22:00:00,0.0,0.0,0.0,0.0,0.0
276.38037,0.71363294,0.6317817,0.0,0.17698485,2015-11-23 23:00:00,0.0,0.0,0.0,0.0,0.0
276.2461,0.8885405,0.8061336,0.0,0.37652487,2015-11-24 00:00:00,0.0,0.0,0.0,0.0,0.0
275.8567,0.94045746,0.7928947,0.0,0.6396085,2015-11-24 01:00:00,0.0,0.0,0.0,0.0,0.0
275.03223,0.95314807,0.77372074,0.002103883,0.8143556,2015-11-24 02:00:00,0.0,0.0,0.0,0.0,0.0
273.62036,0.99446505,0.8912854,0.0037288337,0.915228,2015-11-24 03:00:00,0.0,0.0,0.0,0.0,0.0
273.1089,0.98153013,0.79276294,0.02811845,0.9342215,2015-11-24 04:00:00,5.0,0.0,0.0,0.0,0.0
273.0371,0.99450094,0.8329163,0.057338927,0.936009,2015-11-24 05:00:00,1.0,0.0,0.0,0.0,0.0
272.86475,0.984458,0.75666404,0.2939666,0.9565909,2015-11-24 06:00:00,6.0,0.0,0.0,0.0,0.0
272.97363,0.9688347,0.67146784,0.4425738,0.9052702,2015-11-24 07:00:00,0.0,0.0,0.0,0.0,0.0
272.88647,0.9716466,0.78627336,0.79052067,0.79318464,2015-11-24 08:00:00,5.0,0.0,0.0,0.0,0.0
272.30396,0.9691798,0.6806408,0.84503764,0.61199236,2015-11-24 09:00:00,5.0,0.0,0.0,0.0,0.0
272.54614,0.9304273,0.5619054,0.5242208,0.7723153,2015-11-24 10:00:00,5.0,0.0,0.0,0.0,0.0
272.50806,0.75720793,0.35929102,0.3004077,0.5955727,2015-11-24 11:00:00,5.0,0.0,0.0,0.0,0.0
272.31226,0.63268715,0.3010525,0.31902057,0.35560036,2015-11-24 12:00:00,5.0,0.0,0.0,0.0,0.0
272.3313,0.358568,0.2256077,0.18362874,0.070225,2015-11-24 13:00:00,0.0,0.0,0.0,0.0,0.0
272.37793,0.18068522,0.16657168,0.019092347,0.0066281483,2015-11-24 14:00:00,0.0,0.0,0.0,0.0,0.0
274.77734,0.06975597,0.06813103,0.0,0.0016249504,2015-11-24 15:00:00,0.0,0.0,0.0,0.0,0.0
276.14575,0.049725894,0.04682321,0.0,0.0029026829,2015-11-24 16:00:00,0.0,0.0,0.0,0.0,0.0
277.4109,0.050741427,0.027830184,0.0,0.022894133,2015-11-24 17:00:00,0.0,0.0,0.0,0.0,0.0
278.55103,0.020325627,0.0100932345,0.0,0.010215286,2015-11-24 18:00:00,0.0,0.0,0.0,0.0,0.0
279.1328,0.04480512,0.003909968,0.0,0.04142687,2015-11-24 19:00:00,0.0,0.0,0.0,0.0,0.0
279.41675,0.09095913,0.0,0.0,0.09095913,2015-11-24 20:00:00,0.0,0.0,0.0,0.0,0.0
279.69556,0.07007867,0.02579438,0.0,0.044259895,2015-11-24 21:00:00,0.0,0.0,0.0,0.0,0.0
278.64282,0.079151094,0.045468744,0.0,0.033665255,2015-11-24 22:00:00,0.0,0.0,0.0,0.0,0.0
277.59277,0.02552393,0.02552393,0.0,0.0,2015-11-24 23:00:00,0.0,0.0,0.0,0.0,0.0
276.89648,0.026353657,0.010009766,0.0,0.01687561,2015-11-25 00:00:00,0.0,0.0,0.0,0.0,0.0
276.70947,0.23040128,0.0,0.0,0.23040128,2015-11-25 01:00:00,0.0,0.0,0.0,0.0,0.0
276.33813,0.9060318,0.0,0.0,0.9060318,2015-11-25 02:00:00,0.0,0.0,0.0,0.0,0.0
275.73438,0.98782796,0.0,0.0,0.98782796,2015-11-25 03:00:00,0.0,0.0,0.0,0.0,0.0
275.58716,0.98865163,0.0,0.0,0.98865163,2015-11-25 04:00:00,0.0,0.0,0.0,0.0,0.0
275.02637,0.955166,0.010009766,0.0,0.955166,2015-11-25 05:00:00,0.0,0.0,0.0,0.0,0.0
274.323,0.64953804,0.024781287,0.0,0.64294237,2015-11-25 06:00:00,0.0,0.0,0.0,0.0,0.0
274.20483,0.98251843,0.058598638,0.0,0.97565573,2015-11-25 07:00:00,0.0,0.0,0.0,0.0,0.0
274.6162,0.8721674,0.3313933,0.012611903,0.77734786,2015-11-25 08:00:00,0.0,0.0,0.0,0.0,0.0
275.7173,0.8347751,0.39256376,0.045065116,0.7328458,2015-11-25 09:00:00,0.0,0.0,0.0,0.0,0.0
276.9336,0.851458,0.42863506,0.07466966,0.70889497,2015-11-25 10:00:00,0.0,0.0,0.0,0.0,0.0
277.19604,0.9989426,0.54768914,0.5511417,0.99576455,2015-11-25 11:00:00,0.0,0.0,0.0,0.0,0.0
277.45532,1.0,0.9567079,0.61938834,1.0,2015-11-25 12:00:00,1.0,6.142489e-06,0.0,6.1517812e-06,0.0
277.6775,1.0,0.9957922,0.6286446,0.9865619,2015-11-25 13:00:00,1.0,2.841666e-05,0.0,2.8541006e-05,0.0
278.61133,1.0,0.8738183,0.42599577,0.98999023,2015-11-25 14:00:00,0.0,4.1948777e-05,0.0,4.2387153e-05,0.0
280.08105,1.0,0.9767035,0.62828314,0.98999023,2015-11-25 15:00:00,0.0,2.0357766e-05,0.0,2.0768915e-05,0.0
280.74,1.0,1.0,0.29885066,0.9820536,2015-11-25 16:00:00,0.0,5.2605574e-06,0.0,5.66145e-06,0.0
281.91626,1.0,1.0,0.10973501,0.7653789,2015-11-25 17:00:00,1.0,2.364951e-06,0.0,1.5253563e-06,5.3452317e-07
282.5774,1.0,1.0,0.012531344,0.6616482,2015-11-25 18:00:00,1.0,8.7528915e-06,0.0,7.741531e-06,1.1645416e-06
282.87378,1.0,1.0,0.006280929,0.46915257,2015-11-25 19:00:00,1.0,2.8150826e-05,0.0,0.0,2.8150826e-05
282.70752,1.0,1.0,0.0,0.7734518,2015-11-25 20:00:00,1.0,4.861185e-05,0.0,0.0,4.861185e-05
282.6145,1.0,1.0,0.0,0.9595869,2015-11-25 21:00:00,1.0,0.000101470374,0.0,0.0,0.000101470374
281.11182,1.0,1.0,0.021869786,0.9949968,2015-11-25 22:00:00,1.0,0.00010515272,0.0,0.0,0.00010503865
280.32837,1.0,1.0,0.06883258,1.0,2015-11-25 23:00:00,1.0,0.0001114663,0.0,0.0,0.0001114663
279.7705,1.0,1.0,0.077085674,0.9841853,2015-11-26 00:00:00,1.0,6.252703e-05,0.0,0.0,6.252703e-05
279.25024,1.0,1.0,0.19018883,0.9811109,2015-11-26 01:00:00,1.0,5.0395334e-05,0.0,0.0,5.0395334e-05
278.7207,1.0,1.0,0.542301,0.8994888,2015-11-26 02:00:00,1.0,4.7126698e-05,0.0,0.0,4.7126698e-05
277.9651,1.0,0.99451786,0.7557479,0.9118118,2015-11-26 03:00:00,1.0,2.5998525e-05,0.0,0.0,2.5998525e-05
277.66968,1.0,0.9821006,0.606128,0.9741697,2015-11-26 04:00:00,1.0,2.7434871e-05,0.0,0.0,2.7434871e-05
277.05835,1.0,0.99348307,0.7792172,0.99289286,2015-11-26 05:00:00,1.0,3.2512835e-05,0.0,0.0,3.2512835e-05
276.51,1.0,0.9859142,0.85236734,0.9792649,2015-11-26 06:00:00,1.0,3.6733152e-05,0.0,0.0,3.6733152e-05
275.9043,1.0,0.99289286,0.95554435,0.998375,2015-11-26 07:00:00,1.0,7.775141e-05,0.0,0.0,7.775141e-05
275.76025,1.0,0.98889697,0.9392769,0.9989426,2015-11-26 08:00:00,1.0,9.7370925e-05,0.0,0.0,9.725685e-05
274.79395,1.0,0.9909002,1.0,0.99946827,2015-11-26 09:00:00,1.0,5.680781e-05,0.0,0.0,5.6903315e-05
274.75708,1.0,0.9859142,0.9873607,1.0,2015-11-26 10:00:00,1.0,2.2124863e-05,0.0,0.0,2.2506196e-05
274.73804,0.9932679,0.95413345,0.9460663,0.9875358,2015-11-26 11:00:00,6.0,1.701554e-05,2.2717231e-06,0.0,1.701554e-05
274.7373,1.0,0.9351776,0.98527604,0.98999023,2015-11-26 12:00:00,6.0,7.767837e-05,5.0364455e-05,0.0,7.767837e-05
274.47437,1.0,0.9734295,1.0,1.0,2015-11-26 13:00:00,5.0,0.00020152137,0.00018591525,0.0,0.00020152137
274.18945,1.0,0.82389605,1.0,1.0,2015-11-26 14:00:00,5.0,0.00017593235,0.00017439945,2.3841858e-07,0.00017631368
273.4734,1.0,0.24838442,1.0,1.0,2015-11-26 15:00:00,5.0,0.00016288988,0.00016206871,5.7297444e-07,0.0001624124
273.17334,1.0,0.36222285,0.99675006,0.99627113,2015-11-26 16:00:00,5.0,0.00018162944,0.00018147675,0.0,0.00018162944
273.0747,1.0,0.87597066,0.9932679,1.0,2015-11-26 17:00:00,6.0,0.0001292106,0.00012901977,0.0,0.0001292106
272.99194,0.998375,0.87900573,0.989643,0.99675006,2015-11-26 18:00:00,6.0,0.00012241829,0.00012127428,1.4776078e-06,0.000120683355
272.68286,1.0,0.7014313,1.0,1.0,2015-11-26 19:00:00,5.0,0.0004932163,0.0004933069,0.0,0.0004932163
272.46167,1.0,0.60481364,0.9314162,0.99627113,2015-11-26 20:00:00,5.0,0.0004720604,0.00047200336,1.8137865e-07,0.00047179312
272.5547,1.0,0.9546823,0.9504137,1.0,2015-11-26 21:00:00,5.0,0.00021851796,0.00021860865,4.579323e-07,0.0002182507
271.69946,1.0,0.87464595,0.8506456,1.0,2015-11-26 22:00:00,5.0,9.441358e-05,9.4536954e-05,4.2908925e-07,9.4164905e-05
271.917,0.9904384,0.09407818,0.01727083,0.98879635,2015-11-26 23:00:00,5.0,2.3000932e-05,2.2843422e-05,0.0,2.2733671e-05
271.729,0.9423634,0.02857766,0.010582976,0.9423634,2015-11-27 00:00:00,0.0,1.6593121e-06,1.5354572e-06,0.0,1.6593121e-06
271.37744,1.0,0.010066014,0.02861856,1.0,2015-11-27 01:00:00,0.0,9.549569e-08,7.16218e-08,0.0,9.549569e-08
271.16797,1.0,0.0282542,0.08493149,1.0,2015-11-27 02:00:00,0.0,0.0,0.0,0.0,0.0
270.08667,1.0,0.097902894,0.2293154,1.0,2015-11-27 03:00:00,5.0,0.0,0.0,0.0,0.0
269.94238,1.0,0.09305674,0.07533157,1.0,2015-11-27 04:00:00,5.0,0.0,1.1936965e-08,0.0,0.0
269.46997,1.0,0.04670674,0.08804172,1.0,2015-11-27 05:00:00,5.0,0.0,0.0,0.0,0.0
269.18457,0.9902332,0.010101914,0.18020093,0.98811215,2015-11-27 06:00:00,5.0,0.0,0.0,0.0,0.0
269.1599,0.21995944,0.011284053,0.16173542,0.06586707,2015-11-27 07:00:00,0.0,0.0,0.0,0.0,0.0
268.59253,0.13206911,0.013476625,0.12018156,0.0039959103,2015-11-27 08:00:00,0.0,0.0,0.0,0.0,0.0
267.81372,0.031696774,0.022850022,0.010939855,0.0021207693,2015-11-27 09:00:00,5.0,0.0,0.0,0.0,0.0
266.7688,0.023495425,0.023495425,0.0,0.0,2015-11-27 10:00:00,0.0,0.0,0.0,0.0,0.0
266.64697,0.0015890491,0.0015890491,0.0,0.0,2015-11-27 11:00:00,0.0,0.0,0.0,0.0,0.0
266.45605,0.1218043,0.0,0.09236556,0.065666854,2015-11-27 12:00:00,0.0,0.0,0.0,0.0,0.0
266.30127,0.010728002,0.010728002,0.0,0.0,2015-11-27 13:00:00,0.0,0.0,0.0,0.0,0.0
265.9961,0.05261408,0.048406314,0.004207764,0.0,2015-11-27 14:00:00,0.0,0.0,0.0,0.0,0.0
266.58838,0.09584272,0.07518512,0.021721076,0.0,2015-11-27 15:00:00,0.0,0.0,0.0,0.0,0.0
266.96216,0.050648533,0.050648533,0.0,0.0,2015-11-27 16:00:00,0.0,0.0,0.0,0.0,0.0
267.50732,0.04213372,0.03167279,0.0,0.010460924,2015-11-27 17:00:00,0.0,0.0,0.0,0.0,0.0
268.42554,0.019856613,0.019856613,0.0,0.0,2015-11-27 18:00:00,0.0,0.0,0.0,0.0,0.0
269.14648,0.0,0.0,0.0,0.0,2015-11-27 19:00:00,0.0,0.0,0.0,0.0,0.0
269.47583,0.0,0.0,0.0,0.0,2015-11-27 20:00:00,0.0,0.0,0.0,0.0,0.0
270.07324,0.0,0.0,0.0,0.0,2015-11-27 21:00:00,0.0,0.0,0.0,0.0,0.0
269.16406,0.0,0.0,0.0,0.0,2015-11-27 22:00:00,0.0,0.0,0.0,0.0,0.0
267.84888,0.0,0.0,0.0,0.0,2015-11-27 23:00:00,0.0,0.0,0.0,0.0,0.0
267.56714,0.0,0.0,0.0,0.0,2015-11-28 00:00:00,0.0,0.0,0.0,0.0,0.0
267.13257,0.0,0.0,0.0,0.0,2015-11-28 01:00:00,0.0,0.0,0.0,0.0,0.0
267.58643,0.0,0.0,0.0,0.0,2015-11-28 02:00:00,0.0,0.0,0.0,0.0,0.0
266.46094,0.0,0.0,0.0,0.0,2015-11-28 03:00:00,0.0,0.0,0.0,0.0,0.0
265.7881,0.0,0.0,0.0,0.0,2015-11-28 04:00:00,0.0,0.0,0.0,0.0,0.0
265.0713,0.0,0.0,0.0,0.0,2015-11-28 05:00:00,0.0,0.0,0.0,0.0,0.0
264.25928,0.0,0.0,0.0,0.0,2015-11-28 06:00:00,0.0,0.0,0.0,0.0,0.0
264.64355,0.0,0.0,0.0,0.0,2015-11-28 07:00:00,0.0,0.0,0.0,0.0,0.0
264.11523,0.0,0.0,0.0,0.0,2015-11-28 08:00:00,0.0,0.0,0.0,0.0,0.0
263.62354,0.0,0.0,0.0,0.0,2015-11-28 09:00:00,0.0,0.0,0.0,0.0,0.0
262.65332,0.15331155,0.15331155,0.0,0.0,2015-11-28 10:00:00,0.0,0.0,0.0,0.0,0.0
262.60596,0.0023709626,0.0023709626,0.0,0.0,2015-11-28 11:00:00,0.0,0.0,0.0,0.0,0.0
262.50146,0.0,0.0,0.0,0.0,2015-11-28 12:00:00,0.0,0.0,0.0,0.0,0.0
262.49658,0.0,0.0,0.0,0.0,2015-11-28 13:00:00,0.0,0.0,0.0,0.0,0.0
262.70483,0.0,0.0,0.0,0.0,2015-11-28 14:00:00,0.0,0.0,0.0,0.0,0.0
266.42822,0.0,0.0,0.0,0.0,2015-11-28 15:00:00,0.0,0.0,0.0,0.0,0.0
267.70312,0.0,0.0,0.0,0.0,2015-11-28 16:00:00,0.0,0.0,0.0,0.0,0.0
269.56836,0.0,0.0,0.0,0.0,2015-11-28 17:00:00,0.0,0.0,0.0,0.0,0.0
270.67212,0.0,0.0,0.0,0.0,2015-11-28 18:00:00,0.0,0.0,0.0,0.0,0.0
271.60767,0.0,0.0,0.0,0.0,2015-11-28 19:00:00,0.0,0.0,0.0,0.0,0.0
272.3098,0.0,0.0,0.0,0.0,2015-11-28 20:00:00,0.0,0.0,0.0,0.0,0.0
273.05444,0.0,0.0,0.0,0.0,2015-11-28 21:00:00,0.0,0.0,0.0,0.0,0.0
271.36133,0.0,0.0,0.0,0.0,2015-11-28 22:00:00,0.0,0.0,0.0,0.0,0.0
270.53296,0.0,0.0,0.0,0.0,2015-11-28 23:00:00,0.0,0.0,0.0,0.0,0.0
269.76196,0.0,0.0,0.0,0.0,2015-11-29 00:00:00,0.0,0.0,0.0,0.0,0.0
269.07202,0.0,0.0,0.0,0.0,2015-11-29 01:00:00,0.0,0.0,0.0,0.0,0.0
268.5608,0.0,0.0,0.0,0.0,2015-11-29 02:00:00,0.0,0.0,0.0,0.0,0.0
267.53223,0.0,0.0,0.0,0.0,2015-11-29 03:00:00,0.0,0.0,0.0,0.0,0.0
267.27686,0.0,0.0,0.0,0.0,2015-11-29 04:00:00,0.0,0.0,0.0,0.0,0.0
266.771,0.014328916,0.0,0.014328916,0.0,2015-11-29 05:00:00,0.0,0.0,0.0,0.0,0.0
266.29004,0.038347725,0.0,0.038347725,0.0,2015-11-29 06:00:00,0.0,0.0,0.0,0.0,0.0
266.01147,0.09191573,0.0,0.09191573,0.0,2015-11-29 07:00:00,0.0,0.0,0.0,0.0,0.0
266.2893,0.14703989,0.0,0.14703989,0.0,2015-11-29 08:00:00,0.0,0.0,0.0,0.0,0.0
266.04712,0.2804852,0.0,0.2804852,0.0,2015-11-29 09:00:00,0.0,0.0,0.0,0.0,0.0
266.81128,0.5984971,0.0,0.5984971,0.0,2015-11-29 10:00:00,0.0,0.0,0.0,0.0,0.0
266.69458,0.77694446,0.0,0.76869136,0.052573048,2015-11-29 11:00:00,0.0,0.0,0.0,0.0,0.0
266.89136,0.86437017,0.0,0.7254229,0.4509138,2015-11-29 12:00:00,0.0,0.0,0.0,0.0,0.0
267.57666,0.94313717,0.0,0.7584965,0.6158663,2015-11-29 13:00:00,0.0,0.0,0.0,0.0,0.0
268.13965,0.96424866,0.0,0.71874696,0.54953456,2015-11-29 14:00:00,0.0,0.0,0.0,0.0,0.0
270.15674,0.9709061,0.0,0.8449114,0.58274704,2015-11-29 15:00:00,0.0,0.0,0.0,0.0,0.0
271.29395,0.9916152,0.0,0.9732688,0.33817697,2015-11-29 16:00:00,0.0,0.0,0.0,0.0,0.0
272.2832,0.82663995,0.0026356035,0.8200289,0.0595104,2015-11-29 17:00:00,0.0,0.0,0.0,0.0,0.0
273.18262,0.9062925,0.010536302,0.90028477,0.030208193,2015-11-29 18:00:00,0.0,0.0,0.0,0.0,0.0
273.82178,0.9310852,0.0047394857,0.93055964,0.0057492107,2015-11-29 19:00:00,0.0,0.0,0.0,0.0,0.0
274.30835,0.9061488,0.002103883,0.9061488,0.0,2015-11-29 20:00:00,0.0,0.0,0.0,0.0,0.0
274.73535,0.9685143,0.007457666,0.9685143,0.0,2015-11-29 21:00:00,0.0,0.0,0.0,0.0,0.0
273.7517,0.9191525,0.007905882,0.9191525,0.0,2015-11-29 22:00:00,0.0,0.0,0.0,0.0,0.0
273.23975,0.8395544,0.08737093,0.8395544,0.0,2015-11-29 23:00:00,0.0,0.0,0.0,0.0,0.0
272.93115,0.8966469,0.31884843,0.8966469,0.0,2015-11-30 00:00:00,0.0,0.0,0.0,0.0,0.0
272.8357,0.7717242,0.1448822,0.7684572,0.0048919544,2015-11-30 01:00:00,0.0,0.0,0.0,0.0,0.0
272.8755,0.940434,0.11753684,0.91107243,0.4063723,2015-11-30 02:00:00,0.0,0.0,0.0,0.0,0.0
272.78223,0.97026,0.23181939,0.912395,0.77864367,2015-11-30 03:00:00,0.0,0.0,0.0,0.0,0.0
272.6709,0.99946827,0.48844934,0.9452368,0.8889283,2015-11-30 04:00:00,0.0,0.0,0.0,0.0,0.0
272.69727,0.995108,0.6844506,0.9686021,0.7919978,2015-11-30 05:00:00,0.0,0.0,0.0,0.0,0.0
272.39087,1.0,0.96495396,0.99946827,0.8235661,2015-11-30 06:00:00,5.0,6.300189e-07,5.82271e-07,0.0,6.300189e-07
272.51416,0.9949968,0.97002226,0.97242,0.77569085,2015-11-30 07:00:00,5.0,2.1454602e-05,2.1137268e-05,0.0,2.1454602e-05
272.66284,0.9989426,0.8513016,0.99550825,0.76394147,2015-11-30 08:00:00,5.0,7.807647e-05,7.819326e-05,0.0,7.807647e-05
272.5957,0.99946827,0.78121305,0.99946827,0.19660914,2015-11-30 09:00:00,5.0,8.6730666e-05,8.668781e-05,4.7270383e-05,3.946027e-05
272.3291,0.9784626,0.5882271,0.9784626,0.398376,2015-11-30 10:00:00,5.0,5.280529e-05,5.2967123e-05,8.889768e-06,4.407736e-05
272.21655,0.9595631,0.39382184,0.9099097,0.7456229,2015-11-30 11:00:00,5.0,0.00015705753,0.00015710095,3.2906202e-05,0.0001243045
271.9485,1.0,0.08292973,0.95227885,0.81676686,2015-11-30 12:00:00,5.0,0.0004067244,0.00040663918,0.0001983548,0.00020815076
271.8369,0.98732966,0.0,0.96094966,0.6993117,2015-11-30 13:00:00,5.0,0.00042307726,0.00042291987,0.00026321108,0.00015953256
271.78833,0.8151178,0.18391132,0.5644204,0.5915726,2015-11-30 14:00:00,5.0,0.00011091502,0.00011091014,0.0,0.00011091502
272.3706,0.9978433,0.81261677,0.9914151,0.72362643,2015-11-30 15:00:00,5.0,0.00012408895,0.0001240795,0.0,0.00012387938
272.43872,1.0,0.9411282,0.9860523,0.9344355,2015-11-30 16:00:00,5.0,0.00020128525,0.00020154323,0.0,0.00020155251
272.8899,0.998375,0.9109607,0.9683284,0.9699677,2015-11-30 17:00:00,5.0,0.000149983,0.0001496015,0.0,0.00014962025
273.2566,1.0,0.88642454,0.9949968,0.9653061,2015-11-30 18:00:00,5.0,8.0181635e-05,8.012941e-05,0.0,8.016305e-05
273.64893,0.99736434,0.8027732,0.983099,0.7983245,2015-11-30 19:00:00,5.0,0.00022966789,0.00022990615,0.0,0.00022993515
274.2107,0.989539,0.8337606,0.9650791,0.8251074,2015-11-30 20:00:00,5.0,0.00035481504,0.00035357033,1.8317241e-06,0.0003530404
274.6892,0.9842045,0.7542004,0.9489562,0.8957809,2015-11-30 21:00:00,5.0,0.000739618,0.00073237624,0.00030366983,0.00043607247
274.22583,1.0,0.77766144,1.0,0.9932679,2015-11-30 22:00:00,6.0,0.0010028188,0.0009840126,0.0001255826,0.00087696966
274.29834,0.99946827,0.6143551,0.99319345,0.9968219,2015-11-30 23:00:00,6.0,0.0013514361,0.0012912408,0.0004864214,0.0008653577
274.22168,0.9908225,0.76370233,0.9884515,0.69840026,2015-12-01 00:00:00,6.0,0.0010964633,0.0010242574,0.00059538893,0.00050095934
274.1853,0.99001795,0.7380473,0.987647,0.4554423,2015-12-01 01:00:00,6.0,0.0008768139,0.0007840111,0.00049545313,0.00038143666
274.12402,0.9869034,0.6881501,0.96278554,0.55814475,2015-12-01 02:00:00,6.0,0.0011659404,0.0010704806,0.00045319716,0.00071265735
274.08008,0.99337184,0.92472565,0.9736532,0.22764999,2015-12-01 03:00:00,6.0,0.0015332722,0.001477703,0.00034231227,0.0011907502
274.13647,1.0,1.0,0.9989426,0.113064766,2015-12-01 04:00:00,6.0,0.0010002935,0.00098614,4.7863185e-05,0.0009526976
274.14966,1.0,1.0,1.0,0.0100932345,2015-12-01 05:00:00,6.0,0.0004087207,0.0004032352,0.0,0.0004087207
274.25854,0.9944678,0.9589492,0.98946124,0.0,2015-12-01 06:00:00,6.0,0.00026903814,0.00025469624,0.0,0.0002689804
274.28857,0.9931566,0.87824494,0.98684496,0.0,2015-12-01 07:00:00,6.0,0.0007320312,0.000697667,0.00016187946,0.00057012285
274.3369,1.0,0.98696613,0.996307,0.0,2015-12-01 08:00:00,6.0,0.0006986214,0.00065715774,0.000105301064,0.00059332047
274.5044,1.0,1.0,0.8159983,0.0,2015-12-01 09:00:00,6.0,0.00036306004,0.00031492114,1.0289571e-05,0.000352751
274.29395,1.0,1.0,0.7157895,0.0,2015-12-01 10:00:00,7.0,0.00015352033,9.5376105e-05,0.0,0.00015331076
274.2129,1.0,1.0,0.9194633,0.0,2015-12-01 11:00:00,6.0,0.00011761594,6.9461734e-05,0.0,0.00011761594
274.2434,1.0,0.99362475,0.94783586,0.0,2015-12-01 12:00:00,6.0,9.356387e-05,5.8898542e-05,0.0,9.356387e-05
274.12402,1.0,0.9728189,1.0,0.0,2015-12-01 13:00:00,6.0,6.020836e-05,4.0910134e-05,1.3363075e-07,6.020836e-05
274.04858,0.996307,0.9270155,0.996307,0.0,2015-12-01 14:00:00,6.0,3.9838327e-05,3.341066e-05,0.0,3.9838327e-05
273.79614,0.97695243,0.8169579,0.96840346,0.0,2015-12-01 15:00:00,6.0,3.1887845e-05,2.9515359e-05,1.9067068e-07,3.1887845e-05
273.75928,0.8922902,0.84247476,0.8371317,0.0,2015-12-01 16:00:00,6.0,5.3684533e-05,5.3713535e-05,0.0,5.3684533e-05
273.30054,0.88503903,0.854476,0.7757489,0.0,2015-12-01 17:00:00,6.0,6.188433e-05,6.1583734e-05,0.0,6.188433e-05
273.05225,0.8058973,0.8058973,0.4873997,0.0021207693,2015-12-01 18:00:00,6.0,5.3777432e-05,5.3415162e-05,0.0,5.351017e-05
272.99072,0.89645416,0.88591266,0.30109227,0.007138107,2015-12-01 19:00:00,6.0,2.0253385e-05,2.01816e-05,4.7747868e-08,1.989062e-05
272.96338,0.91004264,0.897645,0.45156062,0.0,2015-12-01 20:00:00,6.0,3.696642e-05,3.6470024e-05,2.2912645e-06,3.442647e-05
272.78223,0.822126,0.783594,0.4164737,0.005298864,2015-12-01 21:00:00,5.0,3.2844735e-05,3.294472e-05,0.0,3.2844735e-05
272.03418,0.9376479,0.93262446,0.62897456,0.009766806,2015-12-01 22:00:00,5.0,1.0833958e-05,1.09531675e-05,0.0,1.0833958e-05
271.5078,0.8750802,0.8647125,0.742281,0.08609831,2015-12-01 23:00:00,5.0,1.6215026e-06,1.6069207e-06,0.0,1.5260066e-06
271.18066,0.9154939,0.83790386,0.87794924,0.21608084,2015-12-02 00:00:00,5.0,8.774042e-07,7.868752e-07,0.0,8.774042e-07
271.09692,0.8318454,0.8170854,0.64569294,0.13756043,2015-12-02 01:00:00,5.0,4.0056705e-07,4.8644995e-07,0.0,4.0056705e-07
270.73047,0.7360467,0.5719909,0.4000184,0.2548493,2015-12-02 02:00:00,5.0,2.6726156e-07,1.8137865e-07,0.0,2.6726156e-07
270.3225,0.66541266,0.5098019,0.44395047,0.21450472,2015-12-02 03:00:00,5.0,8.017848e-07,9.49514e-07,0.0,8.017848e-07
269.96094,0.5775699,0.46643698,0.41877717,0.16571474,2015-12-02 04:00:00,5.0,8.3959446e-07,8.583389e-07,0.0,8.3959446e-07
269.82153,0.5920031,0.49373662,0.40617985,0.16849798,2015-12-02 05:00:00,5.0,1.1446655e-06,1.2255796e-06,0.0,1.1446655e-06
269.30835,0.5250785,0.37070656,0.48898852,0.086245656,2015-12-02 06:00:00,5.0,7.8190845e-07,8.2020387e-07,0.0,7.8190845e-07
269.74536,0.7021972,0.5644668,0.58884996,0.10658133,2015-12-02 07:00:00,5.0,1.2786213e-06,1.1449911e-06,0.0,1.2786213e-06
269.41724,0.94449234,0.89763,0.7848451,0.049321584,2015-12-02 08:00:00,5.0,3.4154218e-06,3.4295208e-06,0.0,3.4154218e-06
269.52173,0.9755966,0.96374494,0.9205211,0.0,2015-12-02 09:00:00,5.0,4.808124e-06,5.147007e-06,0.0,5.170881e-06
269.24,0.96424407,0.80996215,0.90571,0.017241579,2015-12-02 10:00:00,5.0,8.777945e-06,8.797174e-06,0.0,8.873441e-06
269.09473,0.9826356,0.7905995,0.9486167,0.07402235,2015-12-02 11:00:00,5.0,1.6065096e-05,1.6151142e-05,0.0,1.6065096e-05
269.35156,0.998375,0.9723074,0.9807123,0.0,2015-12-02 12:00:00,5.0,1.543443e-05,1.5472731e-05,0.0,1.543443e-05
269.58545,0.98044926,0.9560237,0.92812586,0.0,2015-12-02 13:00:00,5.0,1.1119144e-05,1.0990642e-05,0.0,1.1119144e-05
269.79492,0.995108,0.9918581,0.8545687,0.0,2015-12-02 14:00:00,5.0,6.3321877e-06,6.2414983e-06,0.0,6.3321877e-06
270.91162,0.98554647,0.96313924,0.8380831,0.043449167,2015-12-02 15:00:00,5.0,3.2045546e-06,2.8373115e-06,0.0,2.9372923e-06
271.9873,0.99609,0.97878355,0.865008,0.041858304,2015-12-02 16:00:00,6.0,1.7163566e-06,1.6022768e-06,0.0,1.7163566e-06
273.2229,0.9825938,0.9815303,0.83347875,0.0,2015-12-02 17:00:00,1.0,9.536743e-07,6.913818e-07,0.0,9.536743e-07
274.1123,0.9704925,0.9546874,0.7324781,0.0,2015-12-02 18:00:00,1.0,2.6726157e-06,4.7747868e-08,0.0,2.6726157e-06
274.6306,0.997629,0.997629,0.28522158,0.0,2015-12-02 19:00:00,0.0,0.0,4.7747868e-08,0.0,9.549569e-08
274.90918,1.0,1.0,0.0,0.0,2015-12-02 20:00:00,0.0,0.0,1.1936965e-08,0.0,0.0
275.3213,0.95290875,0.95290875,0.0,0.0,2015-12-02 21:00:00,0.0,0.0,0.0,0.0,0.0
274.97974,0.92745334,0.92745334,0.0,0.0,2015-12-02 22:00:00,0.0,9.549569e-08,0.0,0.0,9.549569e-08
274.98657,0.83191216,0.83191216,0.0,0.0,2015-12-02 23:00:00,1.0,0.0,0.0,0.0,9.549569e-08
274.48535,0.64970386,0.64970386,0.0,0.0,2015-12-03 00:00:00,8.0,0.0,0.0,0.0,0.0
274.31714,0.3009956,0.3009956,0.0,0.0,2015-12-03 01:00:00,0.0,0.0,1.3363075e-07,0.0,2.6726156e-07
273.85278,0.14079767,0.14079767,0.0,0.0,2015-12-03 02:00:00,0.0,0.0,1.4772922e-07,0.0,0.0
272.93848,0.034575474,0.034575474,0.0,0.0,2015-12-03 03:00:00,0.0,1.9099144e-07,2.7639095e-07,0.0,2.0957555e-07
272.61963,0.0066124983,0.0066124983,0.0,0.0,2015-12-03 04:00:00,0.0,0.0,1.0014173e-07,0.0,9.549569e-08
271.9729,0.0021207693,0.0021207693,0.0,0.0,2015-12-03 05:00:00,0.0,0.0,2.3873934e-08,0.0,0.0
270.41675,0.00053172023,0.00053172023,0.0,0.0,2015-12-03 06:00:00,0.0,0.0,0.0,0.0,0.0
270.10474,0.0,0.0,0.0,0.0,2015-12-03 07:00:00,0.0,0.0,2.3873934e-08,0.0,0.0
269.45703,0.0,0.0,0.0,0.0,2015-12-03 08:00:00,0.0,0.0,0.0,0.0,0.0
267.51147,0.0,0.0,0.0,0.0,2015-12-03 09:00:00,0.0,0.0,0.0,0.0,0.0
268.16504,0.0,0.0,0.0,0.0,2015-12-03 10:00:00,0.0,0.0,0.0,0.0,0.0
268.08325,0.0,0.0,0.0,0.0,2015-12-03 11:00:00,0.0,0.0,0.0,0.0,0.0
267.8181,0.0016249504,0.0016249504,0.0,0.0,2015-12-03 12:00:00,0.0,0.0,0.0,0.0,0.0
267.45532,0.011408862,0.011408862,0.0,0.0,2015-12-03 13:00:00,0.0,0.0,0.0,0.0,0.0
267.49243,0.013248995,0.013248995,0.0,0.0,2015-12-03 14:00:00,0.0,0.0,0.0,0.0,0.0
268.3755,0.0,0.0,0.0,0.0,2015-12-03 15:00:00,0.0,0.0,0.0,0.0,0.0
269.12085,0.016498897,0.0,0.0,0.016498897,2015-12-03 16:00:00,0.0,0.0,0.0,0.0,0.0
270.3069,0.31733745,0.0,0.0,0.31733745,2015-12-03 17:00:00,0.0,0.0,0.0,0.0,0.0
271.56372,0.5654796,0.0,0.0,0.5654796,2015-12-03 18:00:00,0.0,0.0,0.0,0.0,0.0
272.30322,0.9166675,0.0,0.0,0.9166675,2015-12-03 19:00:00,0.0,0.0,0.0,0.0,0.0
273.38208,0.9699699,0.0,0.0,0.9699699,2015-12-03 20:00:00,0.0,0.0,0.0,0.0,0.0
274.4585,0.99024653,0.0,0.0,0.99024653,2015-12-03 21:00:00,0.0,0.0,0.0,0.0,0.0
273.30542,0.9805366,0.005003199,0.0,0.9805366,2015-12-03 22:00:00,0.0,0.0,0.0,0.0,0.0
272.76367,0.81295925,0.007107079,0.0,0.80750155,2015-12-03 23:00:00,0.0,0.0,0.0,0.0,0.0
272.22998,0.2686296,0.009478044,0.0,0.25915152,2015-12-04 00:00:00,0.0,0.0,0.0,0.0,0.0
272.0957,0.014540859,0.002103883,0.0,0.012436975,2015-12-04 01:00:00,0.0,0.0,0.0,0.0,0.0
271.63037,0.0,0.0,0.0,0.0,2015-12-04 02:00:00,0.0,0.0,0.0,0.0,0.0
270.865,0.0,0.0,0.0,0.0,2015-12-04 03:00:00,0.0,0.0,0.0,0.0,0.0
270.60205,0.0,0.0,0.0,0.0,2015-12-04 04:00:00,0.0,0.0,0.0,0.0,0.0
270.14624,0.0,0.0,0.0,0.0,2015-12-04 05:00:00,0.0,0.0,0.0,0.0,0.0
269.45215,0.0,0.0,0.0,0.0,2015-12-04 06:00:00,0.0,0.0,0.0,0.0,0.0
268.59106,0.0,0.0,0.0,0.0,2015-12-04 07:00:00,0.0,0.0,0.0,0.0,0.0
268.37476,0.0,0.0,0.0,0.0,2015-12-04 08:00:00,0.0,0.0,0.0,0.0,0.0
267.93506,0.0,0.0,0.0,0.0,2015-12-04 09:00:00,0.0,0.0,0.0,0.0,0.0
267.53198,0.0,0.0,0.0,0.0,2015-12-04 10:00:00,0.0,0.0,0.0,0.0,0.0
267.28003,0.0,0.0,0.0,0.0,2015-12-04 11:00:00,0.0,0.0,0.0,0.0,0.0
266.8142,0.0,0.0,0.0,0.0,2015-12-04 12:00:00,0.0,0.0,0.0,0.0,0.0
266.65063,0.0,0.0,0.0,0.0,2015-12-04 13:00:00,0.0,0.0,0.0,0.0,0.0
267.42383,0.0,0.0,0.0,0.0,2015-12-04 14:00:00,0.0,0.0,0.0,0.0,0.0
271.479,0.0,0.0,0.0,0.0,2015-12-04 15:00:00,0.0,0.0,0.0,0.0,0.0
273.62695,0.0,0.0,0.0,0.0,2015-12-04 16:00:00,0.0,0.0,0.0,0.0,0.0
275.49854,0.0,0.0,0.0,0.0,2015-12-04 17:00:00,0.0,0.0,0.0,0.0,0.0
276.9922,0.0,0.0,0.0,0.0,2015-12-04 18:00:00,0.0,0.0,0.0,0.0,0.0
278.01562,0.0,0.0,0.0,0.0,2015-12-04 19:00:00,0.0,0.0,0.0,0.0,0.0
278.98315,0.0,0.0,0.0,0.0,2015-12-04 20:00:00,0.0,0.0,0.0,0.0,0.0
279.74048,0.0,0.0,0.0,0.0,2015-12-04 21:00:00,0.0,0.0,0.0,0.0,0.0
278.41968,0.0,0.0,0.0,0.0,2015-12-04 22:00:00,0.0,0.0,0.0,0.0,0.0
276.9165,0.0,0.0,0.0,0.0,2015-12-04 23:00:00,0.0,0.0,0.0,0.0,0.0
276.6001,0.0,0.0,0.0,0.0,2015-12-05 00:00:00,0.0,0.0,0.0,0.0,0.0
275.99487,0.0,0.0,0.0,0.0,2015-12-05 01:00:00,0.0,0.0,0.0,0.0,0.0
275.85938,0.0,0.0,0.0,0.0,2015-12-05 02:00:00,0.0,0.0,0.0,0.0,0.0
275.8296,0.0,0.0,0.0,0.0,2015-12-05 03:00:00,0.0,0.0,0.0,0.0,0.0
275.92163,0.0,0.0,0.0,0.0,2015-12-05 04:00:00,0.0,0.0,0.0,0.0,0.0
275.91406,0.0,0.0,0.0,0.0,2015-12-05 05:00:00,0.0,0.0,0.0,0.0,0.0
276.33936,0.050810646,0.0,0.0,0.050810646,2015-12-05 06:00:00,0.0,0.0,0.0,0.0,0.0
276.4004,0.30197394,0.0,0.0,0.30197394,2015-12-05 07:00:00,0.0,0.0,0.0,0.0,0.0
276.37988,0.68217796,0.0,0.0,0.68217796,2015-12-05 08:00:00,0.0,0.0,0.0,0.0,0.0
276.1941,0.22228587,0.0,0.0,0.22228587,2015-12-05 09:00:00,0.0,0.0,0.0,0.0,0.0
276.35693,0.18685919,0.0,0.0,0.18685919,2015-12-05 10:00:00,0.0,0.0,0.0,0.0,0.0
276.39258,0.5845528,0.0,0.0,0.5845528,2015-12-05 11:00:00,0.0,0.0,0.0,0.0,0.0
276.4419,0.8710873,0.0,0.0,0.8710873,2015-12-05 12:00:00,0.0,0.0,0.0,0.0,0.0
276.39136,0.86204255,0.0,0.0,0.86204255,2015-12-05 13:00:00,0.0,0.0,0.0,0.0,0.0
276.44092,0.89581144,0.0,0.0,0.89581144,2015-12-05 14:00:00,0.0,0.0,0.0,0.0,0.0
277.3037,0.8678671,0.0,0.0,0.8678671,2015-12-05 15:00:00,0.0,0.0,0.0,0.0,0.0
278.14624,0.9445779,0.0,0.0,0.9445779,2015-12-05 16:00:00,0.0,0.0,0.0,0.0,0.0
278.6731,0.96627235,0.0,0.0,0.96627235,2015-12-05 17:00:00,0.0,0.0,0.0,0.0,0.0
279.229,0.9590589,0.0,0.0,0.9590589,2015-12-05 18:00:00,0.0,0.0,0.0,0.0,0.0
279.30347,0.98320806,0.0,0.032695774,0.98320806,2015-12-05 19:00:00,0.0,0.0,0.0,0.0,0.0
279.01294,1.0,0.0,0.06758082,1.0,2015-12-05 20:00:00,0.0,0.0,0.0,0.0,0.0
279.13574,1.0,0.0,0.04528362,1.0,2015-12-05 21:00:00,0.0,0.0,0.0,0.0,0.0
277.8916,1.0,0.016206805,0.0,1.0,2015-12-05 22:00:00,0.0,0.0,0.0,0.0,0.0
277.38672,0.9870936,0.06999278,0.0,0.9870936,2015-12-05 23:00:00,0.0,0.0,0.0,0.0,0.0
277.04395,1.0,0.22618306,0.0,1.0,2015-12-06 00:00:00,0.0,0.0,0.0,0.0,0.0
277.0857,1.0,0.7506928,0.0,1.0,2015-12-06 01:00:00,0.0,0.0,0.0,0.0,0.0
277.1455,1.0,0.8971331,0.0422145,0.99214685,2015-12-06 02:00:00,0.0,0.0,0.0,0.0,0.0
277.17188,1.0,0.9722944,0.48972946,0.97337943,2015-12-06 03:00:00,0.0,0.0,0.0,0.0,0.0
277.35938,1.0,0.9913481,0.8858508,0.9816359,2015-12-06 04:00:00,1.0,0.0,0.0,0.0,0.0
277.09766,1.0,1.0,0.94144535,0.9607534,2015-12-06 05:00:00,1.0,2.4803321e-06,0.0,0.0,2.4803321e-06
276.65747,1.0,1.0,0.85682935,0.95627856,2015-12-06 06:00:00,1.0,1.21882085e-05,0.0,0.0,1.21882085e-05
277.21338,1.0,1.0,0.32376772,0.88411987,2015-12-06 07:00:00,1.0,2.1915446e-05,0.0,2.1915446e-05,0.0
276.9287,1.0,1.0,0.16030473,0.86726177,2015-12-06 08:00:00,1.0,0.00010701416,0.0,0.00010710966,0.0
276.27832,1.0,0.99627113,0.49875808,0.9312535,2015-12-06 09:00:00,1.0,2.7371367e-05,0.0,2.7104106e-05,0.0
276.21313,0.9810683,0.9678614,0.27968544,0.8744902,2015-12-06 10:00:00,1.0,8.5817857e-07,0.0,0.0,8.5817857e-07
275.9944,0.998375,0.99300414,0.21061164,0.7605185,2015-12-06 11:00:00,1.0,1.9650251e-06,0.0,0.0,1.9650251e-06
275.50806,0.9390558,0.934848,0.014532525,0.2294873,2015-12-06 12:00:00,1.0,2.8834556e-06,0.0,1.7666707e-06,1.1645325e-06
275.56226,0.9300107,0.92947894,0.0021207693,0.0301476,2015-12-06 13:00:00,0.0,4.0056705e-07,0.0,0.0,4.0056705e-07
275.59204,0.9583162,0.9583162,0.00053172023,0.0,2015-12-06 14:00:00,1.0,0.0,0.0,0.0,0.0
275.83618,0.993112,0.993112,0.0,0.0,2015-12-06 15:00:00,1.0,1.0690455e-06,0.0,0.0,1.0690455e-06
275.71387,1.0,1.0,0.0,0.0,2015-12-06 16:00:00,1.0,5.3452317e-07,0.0,0.0,5.3452317e-07
275.39966,1.0,1.0,0.0,0.0,2015-12-06 17:00:00,1.0,0.0,0.0,0.0,0.0
275.1311,1.0,1.0,0.0,0.0,2015-12-06 18:00:00,1.0,0.0,0.0,0.0,0.0
274.97656,1.0,1.0,0.0,0.0,2015-12-06 19:00:00,1.0,2.3444418e-06,0.0,0.0,2.1726764e-06
274.85498,1.0,1.0,0.0,0.0,2015-12-06 20:00:00,1.0,4.191511e-07,0.0,0.0,6.101426e-07
275.00684,1.0,1.0,0.0,0.0,2015-12-06 21:00:00,1.0,0.0,0.0,0.0,0.0
274.31445,1.0,1.0,0.0,0.0,2015-12-06 22:00:00,0.0,9.549569e-08,0.0,0.0,9.549569e-08
274.4724,1.0,1.0,0.0,0.0,2015-12-06 23:00:00,1.0,0.0,0.0,0.0,0.0
274.32397,1.0,1.0,0.0,0.0,2015-12-07 00:00:00,1.0,0.0,0.0,0.0,0.0
274.21265,1.0,1.0,0.0,0.0,2015-12-07 01:00:00,6.0,0.0,0.0,0.0,9.549569e-08
273.875,1.0,1.0,0.0,0.0,2015-12-07 02:00:00,5.0,2.0957555e-07,0.0,0.0,9.549569e-08
273.54248,1.0,1.0,0.0,0.0,2015-12-07 03:00:00,5.0,2.2815959e-07,9.533534e-08,0.0,3.813414e-07
273.56934,1.0,1.0,0.0,0.0,2015-12-07 04:00:00,5.0,4.191511e-07,4.3838128e-07,0.0,5.9091695e-07
273.1963,1.0,1.0,0.0,0.0,2015-12-07 05:00:00,5.0,9.536743e-07,6.2440597e-07,0.0,5.9091695e-07
272.91357,1.0,1.0,0.0,0.0,2015-12-07 06:00:00,5.0,9.536743e-07,7.2454776e-07,0.0,8.5817857e-07
272.7771,1.0,1.0,0.0,0.0,2015-12-07 07:00:00,5.0,1.4676789e-06,1.3869258e-06,0.0,1.4490952e-06
272.53906,1.0,1.0,0.0,0.034389146,2015-12-07 08:00:00,5.0,1.6772547e-06,1.6916765e-06,0.0,1.5631749e-06
272.73096,1.0,1.0,0.0,0.3202716,2015-12-07 09:00:00,5.0,4.191511e-07,6.194369e-07,0.0,5.9091695e-07
272.8086,1.0,1.0,0.0,0.56240594,2015-12-07 10:00:00,5.0,0.0,3.0987997e-07,0.0,0.0
272.88037,1.0,1.0,0.0,0.7660083,2015-12-07 11:00:00,5.0,5.3452317e-07,7.444218e-07,0.0,8.017848e-07
272.9563,1.0,0.9810144,0.0,0.9631385,2015-12-07 12:00:00,5.0,3.817281e-06,3.2925336e-06,0.0,3.5500198e-06
273.0193,0.9978961,0.9529013,0.093162596,0.93675137,2015-12-07 13:00:00,5.0,3.96852e-06,3.6868396e-06,0.0,3.873024e-06
273.27417,0.997629,0.83169436,0.4187293,0.9801352,2015-12-07 14:00:00,5.0,4.5799643e-06,3.8355447e-06,0.0,4.694044e-06
274.47852,1.0,0.8264066,0.7342654,1.0,2015-12-07 15:00:00,1.0,3.5865369e-06,1.7926268e-06,0.0,4.253724e-06
274.84058,1.0,0.4793049,0.7454649,1.0,2015-12-07 16:00:00,1.0,2.6700309e-06,0.0,0.0,2.6886155e-06
275.5266,0.98882985,0.33326334,0.545354,0.9882981,2015-12-07 17:00:00,1.0,1.8317287e-06,0.0,0.0,1.8317287e-06
277.0088,0.5144538,0.1072076,0.16156816,0.46849024,2015-12-07 18:00:00,1.0,7.626828e-07,0.0,0.0,7.626828e-07
278.25342,0.07346904,0.07346904,0.0,0.0,2015-12-07 19:00:00,0.0,0.0,0.0,0.0,0.0
278.88257,0.048867173,0.048867173,0.0,0.0,2015-12-07 20:00:00,0.0,0.0,0.0,0.0,0.0
279.43066,0.04418281,0.04418281,0.0,0.0,2015-12-07 21:00:00,0.0,0.0,0.0,0.0,0.0
278.41602,0.3037545,0.3037545,0.0,0.0,2015-12-07 22:00:00,0.0,0.0,0.0,0.0,0.0
278.1333,0.700713,0.700713,0.0,0.0,2015-12-07 23:00:00,0.0,0.0,0.0,0.0,0.0
277.93066,0.6037579,0.6037579,0.0,0.0,2015-12-08 00:00:00,0.0,0.0,0.0,0.0,0.0
277.81372,0.20777965,0.20777965,0.0,0.0,2015-12-08 01:00:00,1.0,0.0,0.0,0.0,0.0
277.21484,0.11395949,0.09182596,0.0,0.02211643,2015-12-08 02:00:00,0.0,0.0,0.0,0.0,0.0
275.57373,0.2133568,0.038502965,0.0,0.18494707,2015-12-08 03:00:00,0.0,0.0,0.0,0.0,0.0
275.29248,0.41606677,0.0,0.0,0.41606677,2015-12-08 04:00:00,0.0,0.0,0.0,0.0,0.0
274.7268,0.7135338,0.0,0.0,0.7135338,2015-12-08 05:00:00,0.0,0.0,0.0,0.0,0.0
273.7798,0.5875186,0.0,0.076120496,0.58589363,2015-12-08 06:00:00,0.0,0.0,0.0,0.0,0.0
273.36035,0.23133284,0.0,0.013471484,0.23133284,2015-12-08 07:00:00,0.0,0.0,0.0,0.0,0.0
273.42432,0.23291099,0.0,0.0,0.23291099,2015-12-08 08:00:00,0.0,0.0,0.0,0.0,0.0
272.65503,0.97526145,0.0,0.0,0.97526145,2015-12-08 09:00:00,0.0,0.0,0.0,0.0,0.0
272.32568,1.0,0.0,0.0,1.0,2015-12-08 10:00:00,0.0,0.0,0.0,0.0,0.0
272.45532,0.9889488,0.0,0.0,0.9889488,2015-12-08 11:00:00,0.0,0.0,0.0,0.0,0.0
272.58325,0.98189783,0.0,0.0,0.98189783,2015-12-08 12:00:00,0.0,0.0,0.0,0.0,0.0
272.4607,1.0,0.0,0.048096623,1.0,2015-12-08 13:00:00,0.0,0.0,0.0,0.0,0.0
272.83325,1.0,0.0,0.36760104,1.0,2015-12-08 14:00:00,0.0,0.0,0.0,0.0,0.0
275.02856,1.0,0.0,0.7056665,1.0,2015-12-08 15:00:00,0.0,0.0,0.0,0.0,0.0
275.97876,1.0,0.0,0.90311235,1.0,2015-12-08 16:00:00,0.0,0.0,0.0,0.0,0.0
276.58716,1.0,0.0,0.9966217,1.0,2015-12-08 17:00:00,1.0,2.8238546e-06,0.0,0.0,2.8238546e-06
277.54932,1.0,0.0,1.0,1.0,2015-12-08 18:00:00,1.0,4.296025e-05,0.0,0.0,4.296025e-05
278.07227,1.0,0.0,1.0,1.0,2015-12-08 19:00:00,1.0,5.2966134e-05,0.0,0.0,5.317571e-05
278.27588,1.0,0.0,1.0,0.99629015,2015-12-08 20:00:00,1.0,0.00014869374,0.0,0.0,0.00014852197
278.43628,1.0,0.0032499009,1.0,0.99286187,2015-12-08 21:00:00,1.0,0.00019960242,0.0,0.0,0.00019948834
277.99512,1.0,0.61346793,1.0,1.0,2015-12-08 22:00:00,1.0,0.00028363988,0.0,0.0,0.00028373534
277.8318,1.0,0.7127275,0.998375,1.0,2015-12-08 23:00:00,1.0,0.00035922555,0.0,0.0,0.00035922555
277.57324,1.0,0.76515186,0.9699298,1.0,2015-12-09 00:00:00,1.0,0.00027374108,0.0,0.0,0.00027374108
277.25342,0.9946291,0.44356406,0.8281304,0.9946291,2015-12-09 01:00:00,1.0,8.02538e-05,0.0,0.0,7.977696e-05
276.56104,0.90872425,0.07382667,0.40148097,0.877535,2015-12-09 02:00:00,0.0,7.5671896e-06,0.0,0.0,7.4716936e-06
275.28638,0.58121145,0.034020934,0.10671294,0.5515852,2015-12-09 03:00:00,0.0,5.9091695e-07,0.0,0.0,5.9091695e-07
275.11987,0.14075291,0.0,0.008620787,0.13213211,2015-12-09 04:00:00,0.0,0.0,0.0,0.0,0.0
275.15356,0.2689582,0.008620787,0.2689582,0.0,2015-12-09 05:00:00,0.0,0.0,0.0,0.0,0.0
275.0713,0.48997122,0.05449517,0.48624235,0.0,2015-12-09 06:00:00,0.0,0.0,0.0,0.0,0.0
274.47925,0.006364435,0.006364435,0.0,0.0,2015-12-09 07:00:00,0.0,0.0,0.0,0.0,0.0
274.1599,0.29139638,0.0,0.0,0.29139638,2015-12-09 08:00:00,0.0,0.0,0.0,0.0,0.0
273.12964,0.23369586,0.0,0.0,0.23369586,2015-12-09 09:00:00,0.0,0.0,0.0,0.0,0.0
272.3606,0.9949968,0.0,0.0,0.9949968,2015-12-09 10:00:00,0.0,0.0,0.0,0.0,0.0
272.19214,0.44658518,0.0,0.0,0.44658518,2015-12-09 11:00:00,0.0,0.0,0.0,0.0,0.0
272.16284,0.008170214,0.0,0.0,0.008170214,2015-12-09 12:00:00,0.0,0.0,0.0,0.0,0.0
271.9077,0.8123633,0.0,0.0,0.8123633,2015-12-09 13:00:00,0.0,0.0,0.0,0.0,0.0
271.84253,0.72661227,0.0,0.0,0.72661227,2015-12-09 14:00:00,0.0,0.0,0.0,0.0,0.0
273.88818,0.5416414,0.0,0.0,0.5416414,2015-12-09 15:00:00,0.0,0.0,0.0,0.0,0.0
275.18018,0.2502349,0.0,0.0,0.2502349,2015-12-09 16:00:00,0.0,0.0,0.0,0.0,0.0
276.3794,0.64193976,0.0,0.041256636,0.636586,2015-12-09 17:00:00,0.0,0.0,0.0,0.0,0.0
277.11743,0.96342003,0.0,0.86521626,0.74053323,2015-12-09 18:00:00,0.0,0.0,0.0,0.0,0.0
277.92407,0.5404991,0.0,0.37179452,0.34519154,2015-12-09 19:00:00,0.0,0.0,0.0,0.0,0.0
278.79492,0.5511895,0.0,0.2665376,0.456724,2015-12-09 20:00:00,0.0,0.0,0.0,0.0,0.0
279.77588,0.3917113,0.0,0.3654161,0.074703455,2015-12-09 21:00:00,0.0,0.0,0.0,0.0,0.0
279.46436,0.55579555,0.0,0.30705243,0.38516432,2015-12-09 22:00:00,0.0,0.0,0.0,0.0,0.0
279.167,0.60690504,0.0,0.15023357,0.54368734,2015-12-09 23:00:00,0.0,0.0,0.0,0.0,0.0
278.99194,0.9973536,0.0,0.21633089,0.9795425,2015-12-10 00:00:00,0.0,0.0,0.0,0.0,0.0
279.3313,1.0,0.0,0.33443117,0.99289286,2015-12-10 01:00:00,0.0,0.0,0.0,0.0,0.0
279.4729,1.0,0.0,0.8422313,0.998375,2015-12-10 02:00:00,0.0,0.0,0.0,0.0,0.0
279.99902,1.0,0.0,0.938357,0.99627113,2015-12-10 03:00:00,0.0,0.0,0.0,0.0,0.0
280.1582,0.99164295,0.0,0.8856787,0.96282834,2015-12-10 04:00:00,0.0,0.0,0.0,0.0,0.0
279.99805,1.0,0.0,0.97265244,0.9470037,2015-12-10 05:00:00,0.0,0.0,0.0,0.0,0.0
279.5537,0.9978961,0.0,0.85743386,0.98227614,2015-12-10 06:00:00,0.0,0.0,0.0,0.0,0.0
279.6433,0.9949968,0.0,0.3320138,0.989643,2015-12-10 07:00:00,1.0,5.3452317e-07,0.0,2.6726156e-07,0.0
279.50903,1.0,0.0,0.06933439,1.0,2015-12-10 08:00:00,1.0,6.46422e-06,0.0,6.3783364e-06,0.0
279.2307,0.9872021,0.0,0.6710635,0.9627081,2015-12-10 09:00:00,0.0,8.017848e-07,0.0,9.924552e-07,0.0
278.99585,0.8967119,0.0,0.8132962,0.60185075,2015-12-10 10:00:00,0.0,0.0,0.0,0.0,0.0
279.0183,0.9913481,0.0,0.5799854,0.98799425,2015-12-10 11:00:00,0.0,0.0,0.0,0.0,0.0
278.7776,1.0,0.0,0.9596189,1.0,2015-12-10 12:00:00,0.0,0.0,0.0,0.0,0.0
278.8125,0.9978961,0.0,0.76200867,0.9957922,2015-12-10 13:00:00,0.0,0.0,0.0,0.0,0.0
278.59766,0.677326,0.0,0.3719216,0.58025396,2015-12-10 14:00:00,0.0,5.879755e-06,0.0,5.879755e-06,0.0
279.10596,0.9095819,0.0,0.7208679,0.8658494,2015-12-10 15:00:00,0.0,0.0,0.0,0.0,0.0
279.9043,0.98999023,0.007457666,0.9412985,0.98204494,2015-12-10 16:00:00,1.0,2.9085917e-05,0.0,2.9085917e-05,5.3452317e-07
279.8203,0.9808561,0.5785515,0.8261894,0.93123233,2015-12-10 17:00:00,1.0,0.00031014113,0.0,0.00028268318,2.7457965e-05
279.57788,1.0,0.979919,0.98831767,0.9555564,2015-12-10 18:00:00,1.0,0.00087374356,0.0,0.00052890903,0.00034503452
279.2561,1.0,0.60396534,1.0,0.9966217,2015-12-10 19:00:00,1.0,0.0014835857,0.0,0.00014878252,0.001334717
279.87134,1.0,0.156187,1.0,1.0,2015-12-10 20:00:00,1.0,0.0010304719,0.0,1.9915882e-05,0.0010106608
280.5149,1.0,0.019463405,0.9818005,1.0,2015-12-10 21:00:00,0.0,0.0002061147,0.0,0.0,0.00020621018
279.94263,0.042051226,0.042051226,0.0,0.0,2015-12-10 22:00:00,0.0,8.823369e-06,0.0,0.0,8.823369e-06
279.6123,0.14766324,0.1276437,0.10445398,0.0,2015-12-10 23:00:00,0.0,0.0,0.0,0.0,0.0
279.10986,0.27052706,0.25841343,0.1752423,0.0,2015-12-11 00:00:00,0.0,0.0,0.0,0.0,0.0
278.8733,0.47393435,0.46504444,0.15540004,0.0,2015-12-11 01:00:00,0.0,0.0,0.0,0.0,0.0
278.83325,0.7220823,0.72101885,0.16246355,0.0,2015-12-11 02:00:00,0.0,0.0,0.0,0.0,0.0
277.89917,0.64129555,0.64129555,0.19278544,0.0,2015-12-11 03:00:00,0.0,0.0,0.0,0.0,0.0
277.7307,0.38542527,0.3650936,0.18972152,0.0,2015-12-11 04:00:00,0.0,0.0,0.0,0.0,0.0
277.05005,0.4881916,0.4881916,0.04669907,0.0,2015-12-11 05:00:00,0.0,0.0,0.0,0.0,0.0
276.52246,0.6750958,0.6750958,0.0,0.0,2015-12-11 06:00:00,1.0,0.0,0.0,0.0,0.0
276.27734,0.6519108,0.6519108,0.0,0.0,2015-12-11 07:00:00,1.0,0.0,0.0,0.0,0.0
276.36255,0.78521526,0.7750976,0.0,0.050060213,2015-12-11 08:00:00,1.0,1.14079796e-07,0.0,0.0,1.14079796e-07
275.9065,0.91040987,0.91040987,0.0,0.0,2015-12-11 09:00:00,1.0,3.813414e-07,0.0,0.0,5.9091695e-07
275.83228,0.87403876,0.87403876,0.0,0.0,2015-12-11 10:00:00,1.0,1.14079796e-07,0.0,0.0,1.14079796e-07
275.7942,0.910394,0.910394,0.0,0.0,2015-12-11 11:00:00,1.0,0.0,0.0,0.0,0.0
275.7168,0.97167766,0.9695569,0.0,0.044952888,2015-12-11 12:00:00,1.0,0.0,0.0,0.0,0.0
275.80933,0.9704995,0.96943605,0.00053172023,0.10156286,2015-12-11 13:00:00,1.0,0.0,0.0,0.0,0.0
275.83667,0.86572975,0.8641048,0.0,0.009895153,2015-12-11 14:00:00,1.0,0.0,0.0,0.0,0.0
275.99414,0.85813254,0.851804,0.0,0.1295172,2015-12-11 15:00:00,1.0,0.0,0.0,0.0,0.0
275.9414,0.9765392,0.8232969,0.00053172023,0.895378,2015-12-11 16:00:00,1.0,7.626828e-07,0.0,0.0,1.4881971e-06
276.06763,1.0,0.98104656,0.14746112,0.93445337,2015-12-11 17:00:00,1.0,0.0,0.0,0.0,0.0
276.1189,0.9418727,0.8972482,0.36509705,0.79962194,2015-12-11 18:00:00,0.0,0.0,0.0,0.0,0.0
276.19116,0.9574556,0.47452122,0.0786311,0.7526223,2015-12-11 19:00:00,0.0,2.4608438e-05,0.0,2.4179346e-05,0.0
276.29175,0.9129898,0.44236964,0.26934588,0.60347635,2015-12-11 20:00:00,0.0,9.452105e-06,0.0,9.375514e-06,0.0
276.59717,0.91949105,0.3234408,0.014723916,0.83282495,2015-12-11 21:00:00,0.0,0.0,0.0,0.0,0.0
276.3877,0.9275363,0.4106362,0.009492185,0.90402436,2015-12-11 22:00:00,0.0,0.0,0.0,0.0,0.0
276.0327,0.56566626,0.32033098,0.00053172023,0.35383254,2015-12-11 23:00:00,1.0,0.0,0.0,0.0,0.0
275.8806,0.76039386,0.14097512,0.2557937,0.7473428,2015-12-12 00:00:00,0.0,0.0,0.0,0.0,0.0
275.9275,0.906733,0.041258197,0.4358245,0.8806975,2015-12-12 01:00:00,1.0,0.0,0.0,0.0,0.0
276.12964,0.89451927,0.005003199,0.26701152,0.87688226,2015-12-12 02:00:00,0.0,7.626828e-07,0.0,0.0,3.813414e-07
276.08276,0.95875835,0.0,0.32436913,0.9433982,2015-12-12 03:00:00,0.0,0.0,0.0,0.0,0.0
275.8125,0.9460135,0.019763846,0.13775337,0.9360144,2015-12-12 04:00:00,0.0,9.549569e-08,0.0,0.0,9.549569e-08
275.45215,0.9755367,0.09813702,0.0,0.9718079,2015-12-12 05:00:00,0.0,6.300189e-07,0.0,0.0,6.300189e-07
275.42285,0.9284624,0.33965117,0.0,0.9147597,2015-12-12 06:00:00,0.0,0.0,0.0,0.0,0.0
275.14917,0.9850148,0.5567,0.03159301,0.97500503,2015-12-12 07:00:00,0.0,0.0,0.0,0.0,9.549569e-08
275.2356,0.9949968,0.60336834,0.0,0.9949968,2015-12-12 08:00:00,1.0,0.0,0.0,0.0,0.0
275.0371,1.0,0.7476634,0.37162495,1.0,2015-12-12 09:00:00,1.0,0.0,0.0,0.0,0.0
275.0974,1.0,0.6922191,0.24097645,0.998375,2015-12-12 10:00:00,0.0,3.8198294e-07,0.0,0.0,3.8198294e-07
275.23096,1.0,0.7423859,0.2920605,1.0,2015-12-12 11:00:00,1.0,1.5149869e-05,0.0,0.0,1.5531201e-05
275.42676,1.0,0.783505,0.22881019,0.99946827,2015-12-12 12:00:00,1.0,2.6664406e-05,0.0,0.0,2.6664406e-05
275.39526,0.9879198,0.69138294,0.39905804,0.9527854,2015-12-12 13:00:00,1.0,1.2393898e-05,0.0,0.0,1.2012557e-05
275.38135,1.0,0.66320443,0.18577117,1.0,2015-12-12 14:00:00,0.0,0.0,0.0,0.0,9.549569e-08
276.25195,1.0,0.61408085,0.12465596,1.0,2015-12-12 15:00:00,0.0,0.0,0.0,0.0,0.0
276.65112,1.0,0.64315903,0.20657623,0.9989426,2015-12-12 16:00:00,0.0,0.0,0.0,0.0,0.0
277.0315,1.0,0.5932866,0.68151724,1.0,2015-12-12 17:00:00,0.0,0.0,0.0,0.0,0.0
277.35962,1.0,0.757209,0.8785714,0.98629725,2015-12-12 18:00:00,0.0,0.0,0.0,0.0,0.0
277.67505,1.0,0.99342126,0.7900482,0.97231823,2015-12-12 19:00:00,1.0,0.0,0.0,0.0,0.0
277.58496,1.0,1.0,0.45810074,0.97917753,2015-12-12 20:00:00,0.0,5.7297444e-07,0.0,0.0,5.7297444e-07
277.76025,1.0,1.0,0.16865402,0.97394705,2015-12-12 21:00:00,1.0,6.370621e-06,0.0,0.0,5.893784e-06
277.4331,1.0,1.0,0.15634584,0.99550825,2015-12-12 22:00:00,1.0,1.213241e-05,0.0,0.0,1.213241e-05
277.27637,1.0,1.0,0.07245016,0.97073305,2015-12-12 23:00:00,1.0,2.2905631e-05,0.0,0.0,2.2905631e-05
277.15747,1.0,1.0,0.039764963,0.9487428,2015-12-13 00:00:00,1.0,8.508696e-06,0.0,0.0,8.508696e-06
277.198,1.0,1.0,0.101009846,0.9734153,2015-12-13 01:00:00,1.0,1.9206753e-05,0.0,0.0,1.9206753e-05
277.21973,1.0,1.0,0.38838738,0.94798505,2015-12-13 02:00:00,1.0,2.0988577e-05,0.0,3.050713e-07,2.0893072e-05
277.2959,1.0,1.0,0.5226668,0.9409076,2015-12-13 03:00:00,1.0,2.9524148e-05,0.0,4.191511e-07,2.8837734e-05
277.24854,1.0,1.0,0.21609885,0.9942508,2015-12-13 04:00:00,1.0,4.459519e-05,0.0,2.2688137e-06,4.2593645e-05
277.06958,1.0,1.0,0.055097375,1.0,2015-12-13 05:00:00,1.0,1.1366529e-05,0.0,2.591827e-06,8.50744e-06
276.91724,1.0,1.0,0.04722263,1.0,2015-12-13 06:00:00,1.0,4.7545283e-05,0.0,2.0685247e-06,4.5257242e-05
277.01,1.0,1.0,0.09518641,1.0,2015-12-13 07:00:00,1.0,5.8042177e-05,0.0,3.0272146e-05,2.7770016e-05
276.99316,1.0,1.0,0.49125046,1.0,2015-12-13 08:00:00,1.0,8.834555e-05,0.0,1.8812658e-05,6.968608e-05
276.69482,1.0,1.0,0.83193666,1.0,2015-12-13 09:00:00,1.0,0.00027398253,0.0,3.418747e-05,0.00023979516
277.0359,1.0,1.0,1.0,1.0,2015-12-13 10:00:00,1.0,0.0008250943,0.0,5.5960496e-05,0.00076924777
276.9773,1.0,1.0,1.0,1.0,2015-12-13 11:00:00,1.0,0.0018656661,0.0,0.00027295668,0.0015931486
276.83667,1.0,1.0,1.0,0.99675006,2015-12-13 12:00:00,1.0,0.0015121957,0.0,0.0001571219,0.0013552927
276.6316,1.0,1.0,1.0,0.96371216,2015-12-13 13:00:00,1.0,0.0008689577,0.0,0.0,0.00086870906
276.42236,1.0,1.0,1.0,1.0,2015-12-13 14:00:00,1.0,0.00043430366,0.0,0.0,0.00043441914
276.18213,1.0,1.0,1.0,1.0,2015-12-13 15:00:00,1.0,0.0002630134,0.0,0.0,0.0002630134
276.1548,1.0,1.0,0.99167883,1.0,2015-12-13 16:00:00,1.0,5.262629e-05,0.0,0.0,5.262629e-05
276.18628,1.0,1.0,0.9561803,1.0,2015-12-13 17:00:00,1.0,4.0901577e-05,0.0,0.0,4.0692e-05
276.1521,1.0,1.0,0.82282585,1.0,2015-12-13 18:00:00,1.0,8.534994e-05,0.0,0.0,8.508268e-05
276.28882,1.0,1.0,0.7868738,1.0,2015-12-13 19:00:00,1.0,8.624104e-06,0.0,0.0,8.83368e-06
276.48926,1.0,1.0,0.30484957,1.0,2015-12-13 20:00:00,1.0,1.033916e-05,0.0,0.0,1.033916e-05
276.3728,1.0,1.0,0.29869062,1.0,2015-12-13 21:00:00,0.0,1.9457993e-06,0.0,0.0,1.9457993e-06
276.62622,1.0,1.0,0.18074644,1.0,2015-12-13 22:00:00,0.0,1.9099144e-07,0.0,0.0,1.9099144e-07
276.7588,1.0,1.0,0.0,1.0,2015-12-13 23:00:00,0.0,0.0,0.0,0.0,0.0
276.79663,1.0,1.0,0.22185266,1.0,2015-12-14 00:00:00,0.0,3.8198294e-07,0.0,0.0,3.8198294e-07
276.82056,1.0,1.0,0.37599373,1.0,2015-12-14 01:00:00,0.0,3.0930314e-06,0.0,0.0,3.2071111e-06
276.95605,1.0,1.0,0.5254948,1.0,2015-12-14 02:00:00,1.0,8.397191e-06,0.0,0.0,8.378607e-06
276.72583,1.0,1.0,0.687418,1.0,2015-12-14 03:00:00,1.0,1.2537468e-05,0.0,0.0,1.2747044e-05
276.66797,1.0,1.0,0.85468173,1.0,2015-12-14 04:00:00,1.0,1.537797e-05,0.0,0.0,1.51107115e-05
276.7339,1.0,1.0,0.9584682,1.0,2015-12-14 05:00:00,1.0,1.621498e-05,0.0,0.0,1.621498e-05
276.427,1.0,1.0,0.99675006,1.0,2015-12-14 06:00:00,1.0,3.6321595e-05,0.0,0.0,3.6321595e-05
276.2395,1.0,1.0,0.9931373,1.0,2015-12-14 07:00:00,1.0,0.00016905523,0.0,0.0,0.00016905523
275.9348,1.0,1.0,1.0,1.0,2015-12-14 08:00:00,1.0,0.00017658528,0.0,0.0,0.00017658528
275.78027,1.0,1.0,1.0,1.0,2015-12-14 09:00:00,1.0,0.00028055883,0.0,0.0,0.00028040563
275.25488,1.0,1.0,0.97405696,0.9905161,2015-12-14 10:00:00,1.0,0.0005677005,0.0,0.0,0.0005677005
275.21875,1.0,1.0,0.9734295,0.9668281,2015-12-14 11:00:00,1.0,0.00083505525,0.0,1.6317965e-05,0.0008186037
275.30005,1.0,1.0,1.0,1.0,2015-12-14 12:00:00,1.0,0.0014896702,0.0,3.9701627e-05,0.0014503119
275.0171,1.0,1.0,1.0,1.0,2015-12-14 13:00:00,1.0,0.002033315,0.0,0.0,0.0020334288
274.81592,1.0,1.0,1.0,1.0,2015-12-14 14:00:00,1.0,0.0022116054,2.6726156e-07,0.0,0.0022119682
274.42212,1.0,1.0,1.0,1.0,2015-12-14 15:00:00,1.0,0.002558146,5.3452317e-07,1.7082391e-05,0.0025411972
274.49487,1.0,1.0,1.0,1.0,2015-12-14 16:00:00,1.0,0.0033457065,4.7980036e-05,0.0,0.0033458977
274.1543,1.0,1.0,1.0,1.0,2015-12-14 17:00:00,1.0,0.0037667488,0.00053361524,0.0,0.0037667302
273.979,1.0,1.0,0.99675006,1.0,2015-12-14 18:00:00,1.0,0.0030099945,0.0010819971,0.0,0.0030098988
274.10596,1.0,1.0,0.9918581,1.0,2015-12-14 19:00:00,7.0,0.0014314153,0.0008795464,0.0,0.0014317781
274.0503,1.0,1.0,0.94050664,1.0,2015-12-14 20:00:00,7.0,0.00076986663,0.0005937908,0.0,0.00076986663
274.27124,1.0,0.9955251,0.9545909,1.0,2015-12-14 21:00:00,7.0,0.00042636972,0.00038651726,0.0,0.000426637
273.94165,0.99946827,0.9916152,0.8734226,0.90998137,2015-12-14 22:00:00,7.0,0.00015254263,0.00013001048,0.0,0.00015269581
274.04468,0.98199004,0.9216356,0.58637834,0.80996525,2015-12-14 23:00:00,6.0,2.787693e-05,2.2636392e-05,0.0,2.7723756e-05
273.97144,0.93169236,0.7549188,0.10733962,0.80331385,2015-12-15 00:00:00,6.0,2.364951e-06,2.2220302e-06,0.0,2.364951e-06
273.90747,0.98977834,0.9123998,0.018160656,0.8836323,2015-12-15 01:00:00,1.0,3.627573e-07,1.9323426e-07,0.0,4.5825306e-07
273.92334,0.99627113,0.9925423,0.018931683,0.9070884,2015-12-15 02:00:00,1.0,1.2786213e-06,3.5810903e-08,0.0,1.2786213e-06
273.76562,1.0,0.9978961,0.029024918,0.68275034,2015-12-15 03:00:00,0.0,4.7683716e-07,1.1936965e-08,0.0,4.7683716e-07
273.83228,0.99946827,0.99946827,0.08550084,0.24642771,2015-12-15 04:00:00,1.0,5.393872e-06,0.0,0.0,5.393872e-06
273.6057,1.0,1.0,0.10114777,0.0100932345,2015-12-15 05:00:00,7.0,0.0,3.8133912e-08,0.0,0.0
273.62476,0.9834785,0.9834785,0.012005735,0.0,2015-12-15 06:00:00,6.0,0.0,8.580156e-08,0.0,0.0
273.33936,0.94789803,0.94789803,0.0,0.0,2015-12-15 07:00:00,5.0,2.8994737e-06,9.162678e-07,0.0,2.8994737e-06
273.08545,0.96777976,0.96777976,0.00053172023,0.0,2015-12-15 08:00:00,5.0,7.2512785e-06,4.288122e-06,0.0,7.2512785e-06
272.97485,0.9651804,0.9651804,0.01483516,0.0,2015-12-15 09:00:00,5.0,8.579201e-06,5.569098e-06,0.0,8.674697e-06
272.57104,0.9358538,0.9358538,0.0,0.004207764,2015-12-15 10:00:00,5.0,1.0909577e-05,1.01079595e-05,0.0,1.0700001e-05
272.5266,0.9610832,0.9466126,0.0033782488,0.43626803,2015-12-15 11:00:00,5.0,4.0428567e-06,4.200523e-06,0.0,4.0428567e-06
272.49,0.99736434,0.99153167,0.0,0.5905134,2015-12-15 12:00:00,5.0,3.4339973e-06,2.835227e-06,0.0,3.4339973e-06
272.4817,0.9847217,0.9830797,0.0,0.09524965,2015-12-15 13:00:00,5.0,4.3876717e-06,4.380383e-06,0.0,4.3876717e-06
272.40552,0.98366165,0.98366165,0.0010573287,0.008120172,2015-12-15 14:00:00,5.0,6.8667114e-06,6.2873287e-06,0.0,6.8667114e-06
272.8855,0.97133666,0.97133666,0.0055321716,0.0,2015-12-15 15:00:00,6.0,4.996531e-06,4.653404e-06,0.0,4.996531e-06
273.26465,0.9478872,0.9478872,0.01000702,0.0,2015-12-15 16:00:00,6.0,3.5480862e-06,3.385855e-06,0.0,3.5480862e-06
273.6128,1.0,1.0,0.032106027,0.0,2015-12-15 17:00:00,6.0,9.158646e-07,1.1397806e-06,0.0,1.0299436e-06
273.729,1.0,1.0,0.042673938,0.0,2015-12-15 18:00:00,6.0,0.0,1.4789077e-07,0.0,0.0
273.78857,0.997629,0.997629,0.063030005,0.0,2015-12-15 19:00:00,6.0,5.206757e-06,5.111341e-06,0.0,5.206757e-06
273.75903,0.9978961,0.9978961,0.08906853,0.0,2015-12-15 20:00:00,6.0,2.2508802e-06,2.0028483e-06,0.0,2.1368005e-06
273.81348,0.993112,0.993112,0.15213388,0.0,2015-12-15 21:00:00,6.0,1.2786213e-06,1.0975655e-06,0.0,1.2786213e-06
273.5857,0.9689259,0.9689259,0.14906132,0.0,2015-12-15 22:00:00,6.0,0.0,6.6815346e-08,0.0,0.0
273.7229,0.94040877,0.94040877,0.055187557,0.0,2015-12-15 23:00:00,6.0,1.9099144e-07,9.533534e-08,0.0,1.9099144e-07
273.7439,0.703783,0.6964259,0.05354488,0.0,2015-12-16 00:00:00,7.0,9.165061e-07,1.6215074e-07,0.0,5.537488e-07
273.66626,0.36160105,0.3513553,0.03317471,0.0,2015-12-16 01:00:00,1.0,3.2237795e-06,2.0989859e-07,0.0,3.33786e-06
273.6482,0.30845988,0.30845988,0.0,0.0,2015-12-16 02:00:00,6.0,3.813414e-07,2.3112761e-07,0.0,3.813414e-07
273.91992,0.62067217,0.60459536,0.052437842,0.009483848,2015-12-16 03:00:00,1.0,0.0,5.9604645e-08,0.0,0.0
274.0022,0.9899067,0.9899067,0.23200297,0.0,2015-12-16 04:00:00,6.0,5.3452317e-07,5.9604645e-08,0.0,2.6726156e-07
274.20508,0.99683875,0.996307,0.4728806,0.0,2015-12-16 05:00:00,6.0,1.6035692e-06,1.2980117e-06,0.0,1.431803e-06
274.33643,0.94002336,0.92403585,0.688627,0.0,2015-12-16 06:00:00,1.0,9.12276e-06,3.6980755e-06,1.2122891e-06,7.5954613e-06
274.64697,0.9957922,0.9734021,0.9340215,0.0,2015-12-16 07:00:00,6.0,0.00014315918,0.00012731708,1.3130664e-05,0.00012998078
274.8562,0.98696613,0.92093885,0.9484181,0.035271414,2015-12-16 08:00:00,6.0,0.00060142996,0.0005263747,0.00027814414,0.0003228949
274.95215,1.0,1.0,0.93093127,0.20231932,2015-12-16 09:00:00,6.0,0.00075201597,0.00066496385,0.00035825954,0.0003938137
275.03833,0.99627113,0.98743516,0.76326543,0.0,2015-12-16 10:00:00,6.0,0.0005528629,0.00040546898,0.00019029353,0.00036256015
275.23486,0.9849035,0.9849035,0.12660438,0.0,2015-12-16 11:00:00,1.0,0.00017023578,9.021787e-05,0.0,0.00017023578
275.40967,1.0,1.0,0.017350968,0.0,2015-12-16 12:00:00,1.0,0.00010887922,4.4365413e-05,7.630317e-05,3.2328317e-05
275.98145,1.0,1.0,0.22486639,0.023074295,2015-12-16 13:00:00,1.0,0.00014255093,0.0,0.00011137212,3.1521995e-05
276.22363,0.9894588,0.98472416,0.6458357,0.017908663,2015-12-16 14:00:00,1.0,0.0005564734,0.0,0.0004791224,7.725472e-05
276.16748,0.9835778,0.97351176,0.75514036,0.09309417,2015-12-16 15:00:00,1.0,0.00070842984,0.0,0.00053695706,0.00017154939
276.0542,0.8234346,0.5811624,0.7050334,0.01465876,2015-12-16 16:00:00,1.0,0.00044536777,0.0,0.00024665915,0.0001985562
276.40552,0.7911152,0.50275457,0.7437724,0.005423676,2015-12-16 17:00:00,1.0,0.00027583074,0.0,0.00019428664,8.1334656e-05
275.55396,0.93520325,0.6714549,0.8782665,0.00053172023,2015-12-16 18:00:00,1.0,0.00022125356,6.2430336e-06,6.155792e-05,0.00015980972
275.00513,0.9886299,0.88234794,0.9556582,0.01465876,2015-12-16 19:00:00,7.0,0.00027912366,4.5632376e-05,0.00013665359,0.00014218404
274.9392,1.0,1.0,0.99629015,0.14166224,2015-12-16 20:00:00,7.0,0.00023802255,6.452351e-05,2.4049092e-05,0.00021399236
275.04077,1.0,1.0,0.99946827,0.33751565,2015-12-16 21:00:00,1.0,0.00018314019,2.690412e-05,0.0,0.00018340745
274.29224,0.96980125,0.96980125,0.11111337,0.0,2015-12-16 22:00:00,7.0,0.0001338541,4.42463e-06,0.0,0.00013358683
273.4768,0.99609,0.99609,0.059845265,0.0,2015-12-16 23:00:00,6.0,7.544852e-05,3.4667668e-05,4.7747868e-08,7.533445e-05
272.39893,0.998375,0.99675006,0.50306624,0.0,2015-12-17 00:00:00,5.0,5.1324023e-05,5.0871226e-05,0.0,5.143811e-05
271.64038,0.99100083,0.99100083,0.62247545,0.0,2015-12-17 01:00:00,5.0,4.1087435e-05,4.1275693e-05,0.0,4.129701e-05
270.92236,0.99243104,0.99243104,0.31322813,0.0,2015-12-17 02:00:00,5.0,3.0042633e-05,2.9982868e-05,0.0,3.0042633e-05
270.01514,0.9869034,0.9869034,0.09578025,0.0,2015-12-17 03:00:00,5.0,1.5410667e-05,1.5327023e-05,0.0,1.5410667e-05
269.89233,0.99243104,0.99243104,0.08008134,0.0,2015-12-17 04:00:00,5.0,1.174787e-05,1.1810281e-05,0.0,1.1824782e-05
269.72534,0.9819002,0.9819002,0.0033782488,0.0,2015-12-17 05:00:00,5.0,8.124164e-06,8.095483e-06,0.0,7.856903e-06
269.438,0.9801975,0.9801975,0.0,0.0,2015-12-17 06:00:00,5.0,5.5695054e-06,5.4478114e-06,0.0,5.5695054e-06
269.51196,0.98453337,0.98453337,0.0,0.0,2015-12-17 07:00:00,5.0,6.9814414e-06,7.0482574e-06,0.0,6.9814414e-06
269.70435,0.9978961,0.9978961,0.0,0.0,2015-12-17 08:00:00,5.0,1.5317768e-05,1.5413185e-05,0.0,1.5317768e-05
270.05713,0.92919576,0.92919576,0.0,0.0,2015-12-17 09:00:00,5.0,2.6836846e-05,2.7106187e-05,0.0,2.7313683e-05
270.16333,0.91094744,0.91094744,0.0033782488,0.0,2015-12-17 10:00:00,5.0,2.9849747e-05,2.9940522e-05,0.0,2.9849747e-05
270.27002,0.9667905,0.9667905,0.0,0.0,2015-12-17 11:00:00,5.0,4.0717627e-05,4.0552914e-05,0.0,4.0717627e-05
270.33618,0.8951204,0.8951204,0.0,0.0,2015-12-17 12:00:00,5.0,4.1478357e-05,4.1371008e-05,0.0,4.1478357e-05
270.36108,0.7700572,0.7700572,0.0,0.0,2015-12-17 13:00:00,5.0,4.771442e-05,4.7516703e-05,0.0,4.7600348e-05
270.4214,0.85667473,0.85667473,0.0,0.0,2015-12-17 14:00:00,5.0,5.9431593e-05,5.9479353e-05,0.0,5.9431593e-05
270.60522,0.92749166,0.92749166,0.0067320913,0.0,2015-12-17 15:00:00,5.0,3.6544676e-05,3.6823636e-05,4.5760692e-07,3.6125522e-05
270.61133,0.9814887,0.9814887,0.0,0.0,2015-12-17 16:00:00,5.0,3.2578755e-05,3.2303098e-05,0.0,3.2578755e-05
270.57886,0.96943355,0.96943355,0.015248939,0.0,2015-12-17 17:00:00,5.0,3.0673982e-05,3.072621e-05,9.354155e-07,2.9604926e-05
270.46533,0.9822795,0.9822795,0.39635658,0.0,2015-12-17 18:00:00,5.0,3.9451887e-05,3.9537525e-05,3.855742e-06,3.6244746e-05
270.4026,0.8790177,0.8706534,0.4389454,0.0,2015-12-17 19:00:00,5.0,5.7169134e-05,5.7133002e-05,9.127803e-06,4.830795e-05
269.9673,0.8571006,0.8571006,0.3155777,0.0,2015-12-17 20:00:00,5.0,2.8034658e-05,2.7624716e-05,1.7339735e-06,2.6052978e-05
269.5647,0.98836523,0.98836523,0.24106675,0.0,2015-12-17 21:00:00,5.0,1.1064674e-05,1.1088307e-05,0.0,1.135052e-05
268.68677,0.81505835,0.79721594,0.17170435,0.0,2015-12-17 22:00:00,5.0,6.638552e-06,6.4931446e-06,0.0,6.638552e-06
268.5127,0.6025804,0.59547335,0.040753547,0.0,2015-12-17 23:00:00,5.0,3.052014e-06,2.7374062e-06,0.0,2.766168e-06
268.34766,0.8054075,0.8054075,0.043407254,0.0,2015-12-18 00:00:00,5.0,9.549569e-08,1.4308318e-07,0.0,9.549569e-08
268.2605,0.9558127,0.9558127,0.0,0.0,2015-12-18 01:00:00,5.0,1.6208605e-06,1.4541456e-06,0.0,1.6208605e-06
267.88647,0.92454517,0.92454517,0.0016249504,0.0,2015-12-18 02:00:00,5.0,7.133982e-06,7.282033e-06,0.0,7.229478e-06
267.20605,0.95300096,0.95300096,0.026599433,0.0,2015-12-18 03:00:00,5.0,3.6317855e-05,3.6213067e-05,0.0,3.6032012e-05
267.12573,0.9620201,0.9620201,0.016721383,0.0,2015-12-18 04:00:00,5.0,4.0449726e-05,4.06811e-05,0.0,4.0449726e-05
266.73853,0.8808152,0.8808152,0.0,0.0,2015-12-18 05:00:00,5.0,2.3020839e-05,2.3221204e-05,0.0,2.3116343e-05
266.41943,0.88609487,0.88609487,0.0,0.0,2015-12-18 06:00:00,5.0,1.8483202e-05,1.8261446e-05,0.0,1.8483202e-05
266.12622,0.76714724,0.76714724,0.0,0.0,2015-12-18 07:00:00,5.0,1.363987e-05,1.3539566e-05,0.0,1.363987e-05
266.00464,0.79388964,0.79388964,0.0,0.0,2015-12-18 08:00:00,5.0,1.2532372e-05,1.2420374e-05,0.0,1.2436877e-05
265.66113,0.98939764,0.98939764,0.0,0.0,2015-12-18 09:00:00,5.0,1.1044175e-05,1.0894042e-05,0.0,1.0948679e-05
264.8152,0.9788243,0.9788243,0.0,0.0,2015-12-18 10:00:00,5.0,9.346402e-06,9.40841e-06,0.0,9.441897e-06
264.9668,0.9241474,0.9241474,0.0,0.0,2015-12-18 11:00:00,5.0,1.2854735e-05,1.3086024e-05,0.0,1.2854735e-05
265.06104,0.4737026,0.463395,0.012428548,0.0,2015-12-18 12:00:00,5.0,8.331156e-06,8.505243e-06,0.0,8.5984175e-06
265.02222,0.14129955,0.07688475,0.091938615,0.0,2015-12-18 13:00:00,5.0,8.3959446e-07,1.0111971e-06,0.0,1.0491694e-06
264.8911,0.46384287,0.39749408,0.16825837,0.0,2015-12-18 14:00:00,5.0,7.2551467e-07,1.1022094e-06,0.0,7.2551467e-07
266.13477,0.7578382,0.7314497,0.3198369,0.0,2015-12-18 15:00:00,5.0,4.0838922e-06,3.5809398e-06,0.0,3.6647407e-06
266.80298,0.8457218,0.84084696,0.42354685,0.0,2015-12-18 16:00:00,5.0,3.97134e-05,3.9758583e-05,3.0735082e-06,3.650626e-05
267.22705,0.7399911,0.67931575,0.54296213,0.0,2015-12-18 17:00:00,5.0,0.000102617414,0.000102460486,7.044613e-06,9.563017e-05
266.93726,0.6876859,0.67613745,0.19180381,0.0,2015-12-18 18:00:00,5.0,7.202028e-05,7.2199575e-05,1.432436e-07,7.182929e-05
266.43506,0.73068416,0.73068416,0.0066124983,0.0,2015-12-18 19:00:00,5.0,2.8570488e-05,2.8324692e-05,0.0,2.868456e-05
265.83667,0.8589682,0.8589682,0.0,0.0,2015-12-18 20:00:00,5.0,1.8615858e-05,1.8682273e-05,0.0,1.8615858e-05
265.4126,0.9643207,0.9643207,0.0,0.0,2015-12-18 21:00:00,5.0,6.5616305e-06,6.6809207e-06,0.0,6.5616305e-06
263.99512,0.8693344,0.8693344,0.0,0.0,2015-12-18 22:00:00,5.0,2.0983398e-06,1.9432382e-06,0.0,2.0983398e-06
263.5498,0.9342511,0.9342511,0.0,0.0,2015-12-18 23:00:00,5.0,1.9099144e-07,6.151128e-07,0.0,5.7233285e-07
263.17505,0.93329126,0.93329126,0.0,0.0,2015-12-19 00:00:00,5.0,0.0,2.169478e-07,0.0,9.549569e-08
262.80347,0.9262398,0.9262398,0.0,0.0,2015-12-19 01:00:00,5.0,0.0,1.1920929e-07,0.0,0.0
262.41406,0.8166816,0.8166816,0.0,0.0,2015-12-19 02:00:00,0.0,0.0,2.6196943e-08,0.0,0.0
261.61255,0.19012839,0.19012839,0.0,0.0,2015-12-19 03:00:00,0.0,0.0,0.0,0.0,0.0
261.63843,0.0,0.0,0.0,0.0,2015-12-19 04:00:00,0.0,0.0,0.0,0.0,0.0
261.29932,0.018586904,0.018586904,0.0,0.0,2015-12-19 05:00:00,0.0,0.0,0.0,0.0,0.0
260.63354,0.007644605,0.007644605,0.0,0.0,2015-12-19 06:00:00,0.0,0.0,0.0,0.0,0.0
260.63696,0.0100932345,0.0100932345,0.0,0.0,2015-12-19 07:00:00,0.0,0.0,0.0,0.0,0.0
260.20972,0.0124641955,0.0124641955,0.0,0.0,2015-12-19 08:00:00,0.0,0.0,0.0,0.0,0.0
260.5359,0.0,0.0,0.0,0.0,2015-12-19 09:00:00,0.0,0.0,0.0,0.0,0.0
260.40674,0.14970833,0.14970833,0.0,0.0,2015-12-19 10:00:00,0.0,0.0,0.0,0.0,0.0
260.489,0.0,0.0,0.0,0.0,2015-12-19 11:00:00,0.0,0.0,0.0,0.0,0.0
260.4973,0.0,0.0,0.0,0.0,2015-12-19 12:00:00,0.0,0.0,0.0,0.0,0.0
260.14355,0.0,0.0,0.0,0.0,2015-12-19 13:00:00,0.0,0.0,0.0,0.0,0.0
260.54077,0.0,0.0,0.0,0.0,2015-12-19 14:00:00,0.0,0.0,0.0,0.0,0.0
262.781,0.179609,0.0,0.0,0.179609,2015-12-19 15:00:00,0.0,0.0,0.0,0.0,0.0
263.6394,0.28889418,0.0,0.0,0.28889418,2015-12-19 16:00:00,0.0,0.0,0.0,0.0,0.0
264.88696,0.49214822,0.0,0.025785826,0.47844553,2015-12-19 17:00:00,0.0,0.0,0.0,0.0,0.0
265.75098,0.58863,0.0,0.33158553,0.4660223,2015-12-19 18:00:00,0.0,0.0,0.0,0.0,0.0
266.5227,0.97679067,0.0,0.8508052,0.8607357,2015-12-19 19:00:00,0.0,0.0,0.0,0.0,0.0
267.42163,0.95413285,0.0,0.729342,0.8125488,2015-12-19 20:00:00,0.0,0.0,0.0,0.0,0.0
268.82275,0.9029175,0.0,0.6231529,0.76241887,2015-12-19 21:00:00,0.0,0.0,0.0,0.0,0.0
269.18896,0.8371918,0.0,0.5908684,0.5942159,2015-12-19 22:00:00,0.0,0.0,0.0,0.0,0.0
269.18872,0.74305767,0.0,0.11938089,0.71275127,2015-12-19 23:00:00,0.0,0.0,0.0,0.0,0.0
269.05615,0.6234163,0.0,0.0,0.6234163,2015-12-20 00:00:00,0.0,0.0,0.0,0.0,0.0
269.0249,0.15606862,0.0,0.0,0.15606862,2015-12-20 01:00:00,0.0,0.0,0.0,0.0,0.0
269.06323,0.24013358,0.0,0.0,0.24013358,2015-12-20 02:00:00,0.0,0.0,0.0,0.0,0.0
269.65454,0.71592075,0.0,0.0,0.71592075,2015-12-20 03:00:00,0.0,0.0,0.0,0.0,0.0
269.82983,0.8609653,0.0,0.0,0.8609653,2015-12-20 04:00:00,0.0,0.0,0.0,0.0,0.0
270.12524,0.91053534,0.0,0.0,0.91053534,2015-12-20 05:00:00,0.0,0.0,0.0,0.0,0.0
270.55078,0.9354389,0.0,0.0,0.9354389,2015-12-20 06:00:00,0.0,0.0,0.0,0.0,0.0
270.75903,0.9278719,0.0,0.0,0.9278719,2015-12-20 07:00:00,0.0,0.0,0.0,0.0,0.0
270.88696,0.97601503,0.0,0.0,0.97601503,2015-12-20 08:00:00,0.0,0.0,0.0,0.0,0.0
271.219,0.9882647,0.008141857,0.0,0.9882647,2015-12-20 09:00:00,0.0,0.0,0.0,0.0,0.0
271.8506,0.9905219,0.0066281483,0.0,0.9905219,2015-12-20 10:00:00,0.0,0.0,0.0,0.0,0.0
272.00073,1.0,0.06583923,0.0,1.0,2015-12-20 11:00:00,0.0,0.0,0.0,0.0,0.0
272.16846,1.0,0.056277726,0.0,1.0,2015-12-20 12:00:00,0.0,0.0,0.0,0.0,0.0
272.36426,1.0,0.09744191,0.0,1.0,2015-12-20 13:00:00,0.0,0.0,0.0,0.0,0.0
272.4226,1.0,0.09083086,0.0,1.0,2015-12-20 14:00:00,8.0,0.0,0.0,0.0,0.0
273.75195,1.0,0.044962876,0.0,1.0,2015-12-20 15:00:00,0.0,0.0,0.0,0.0,0.0
274.68262,1.0,0.05332722,0.0,1.0,2015-12-20 16:00:00,1.0,0.0,0.0,0.0,0.0
275.79028,1.0,0.10841197,0.42837828,1.0,2015-12-20 17:00:00,0.0,0.0,0.0,0.0,0.0
276.6079,0.99736434,0.12021005,0.8486955,0.99736434,2015-12-20 18:00:00,0.0,0.0,0.0,0.0,0.0
277.03662,1.0,0.1349678,0.9106487,1.0,2015-12-20 19:00:00,1.0,0.0,0.0,0.0,0.0
277.0188,1.0,0.30341214,0.93226075,1.0,2015-12-20 20:00:00,1.0,0.0,0.0,0.0,0.0
276.59204,1.0,0.3821314,0.9595466,1.0,2015-12-20 21:00:00,1.0,0.0,0.0,0.0,0.0
275.82227,1.0,0.48357087,0.983105,1.0,2015-12-20 22:00:00,1.0,0.0,0.0,0.0,0.0
275.34424,1.0,0.8504664,0.9775885,0.9970973,2015-12-20 23:00:00,1.0,0.0,0.0,0.0,0.0
275.07495,1.0,0.96495664,0.9576054,0.99657166,2015-12-21 00:00:00,6.0,0.0,0.0,0.0,2.6726156e-07
274.8899,1.0,0.97412646,0.9660412,1.0,2015-12-21 01:00:00,5.0,5.3452317e-07,2.8152152e-07,0.0,6.4860296e-07
274.5442,1.0,0.98988736,0.98497283,0.9850642,2015-12-21 02:00:00,5.0,7.626828e-07,5.8667536e-07,0.0,6.4860296e-07
273.7351,1.0,0.98677623,0.96434087,0.9726368,2015-12-21 03:00:00,5.0,1.2972059e-06,9.612086e-07,0.0,9.158646e-07
273.75293,1.0,0.9753164,1.0,0.98841465,2015-12-21 04:00:00,5.0,6.4860296e-07,7.891215e-07,0.0,8.5817857e-07
273.4048,1.0,0.9837296,0.99946827,0.9273632,2015-12-21 05:00:00,5.0,2.7071992e-06,2.6714688e-06,0.0,2.7071992e-06
273.27686,1.0,0.9760793,0.87320185,0.59887904,2015-12-21 06:00:00,5.0,3.4339973e-06,3.0807732e-06,0.0,3.07124e-06
272.76294,0.99683875,0.9699542,0.786034,0.7414125,2015-12-21 07:00:00,5.0,8.5817857e-07,6.6750783e-07,0.0,9.536743e-07
272.63135,1.0,0.99609,0.59348536,0.8423832,2015-12-21 08:00:00,5.0,8.3959446e-07,7.0820647e-07,0.0,8.3959446e-07
272.04102,1.0,0.986325,0.036407672,0.9101616,2015-12-21 09:00:00,5.0,2.8033364e-06,2.4078163e-06,0.0,2.4219953e-06
272.4187,1.0,0.97458243,0.0031780982,0.9653093,2015-12-21 10:00:00,5.0,7.269863e-06,6.8809886e-06,0.0,7.269863e-06
272.48096,0.997629,0.9507648,0.062344953,0.97478735,2015-12-21 11:00:00,5.0,4.444707e-06,4.294494e-06,0.0,4.349211e-06
272.5171,1.0,0.97298735,0.113615334,1.0,2015-12-21 12:00:00,5.0,3.052014e-06,2.9828752e-06,0.0,3.052014e-06
272.4485,1.0,0.99284285,0.007789418,0.9251292,2015-12-21 13:00:00,5.0,6.598799e-06,6.7945175e-06,0.0,6.598799e-06
272.4934,0.9890082,0.9749884,0.0,0.5854172,2015-12-21 14:00:00,5.0,6.8705604e-06,7.4707696e-06,0.0,6.8705604e-06
272.46362,0.97630113,0.9752438,0.0,0.09435737,2015-12-21 15:00:00,5.0,5.1888055e-06,4.9271594e-06,0.0,5.1888055e-06
272.6704,0.99300414,0.99300414,0.0,0.0,2015-12-21 16:00:00,5.0,5.9514878e-06,5.3648137e-06,0.0,5.5887313e-06
273.14868,1.0,1.0,0.0,0.0,2015-12-21 17:00:00,5.0,1.2479205e-05,1.2550586e-05,0.0,1.2479205e-05
273.437,0.99946827,0.99946827,0.032132756,0.0,2015-12-21 18:00:00,6.0,6.316839e-06,6.3192438e-06,0.0,6.221343e-06
273.5327,0.99946827,0.99946827,0.13677227,0.0,2015-12-21 19:00:00,5.0,1.546269e-05,1.5634461e-05,0.0,1.5615879e-05
273.48047,0.9978792,0.9978792,0.041807115,0.06453264,2015-12-21 20:00:00,6.0,1.4894804e-06,1.5700707e-06,0.0,1.4317939e-06
273.74683,0.9942508,0.9926617,0.0,0.82914376,2015-12-21 21:00:00,5.0,1.5266487e-06,1.4096013e-06,0.0,1.3356566e-06
273.23633,1.0,1.0,0.14439648,1.0,2015-12-21 22:00:00,5.0,1.3933432e-06,1.2666005e-06,0.0,1.4119269e-06
272.76855,1.0,1.0,0.33359164,0.98999023,2015-12-21 23:00:00,5.0,4.3697382e-06,4.236108e-06,0.0,4.1601625e-06
272.79102,1.0,0.96333504,0.5595383,0.99946827,2015-12-22 00:00:00,5.0,4.9221944e-06,5.093798e-06,0.0,4.9221944e-06
272.65698,1.0,0.9400734,0.6832357,1.0,2015-12-22 01:00:00,5.0,2.5565923e-06,2.558916e-06,0.0,2.5565923e-06
272.68237,1.0,0.95224994,0.8703873,0.99946827,2015-12-22 02:00:00,5.0,2.9379344e-06,3.1026493e-06,0.0,2.9379344e-06
272.51245,0.9978961,0.97971374,0.9076895,0.95269424,2015-12-22 03:00:00,5.0,4.408189e-06,4.477004e-06,0.0,4.408189e-06
272.4458,0.99609,0.9724222,0.98536474,0.81370765,2015-12-22 04:00:00,5.0,2.0858482e-05,2.0905907e-05,0.0,2.0867781e-05
272.34082,0.99946827,0.96890795,0.99946827,0.31904554,2015-12-22 05:00:00,5.0,3.8903323e-05,3.886511e-05,0.0,3.8798535e-05
272.00928,0.9989426,0.8757997,0.9978792,0.0,2015-12-22 06:00:00,5.0,5.0951756e-05,5.073937e-05,0.0,5.0684495e-05
271.98657,0.7520237,0.41619396,0.66396135,0.0,2015-12-22 07:00:00,5.0,0.0001162956,0.00011608025,0.0,0.000115779665
272.0542,0.54960674,0.54960674,0.0,0.0,2015-12-22 08:00:00,5.0,3.1651914e-05,3.1398755e-05,0.0,3.1556425e-05
271.87866,0.9532533,0.9532533,0.0067320913,0.0,2015-12-22 09:00:00,5.0,3.1077661e-06,2.9481798e-06,0.0,3.1077661e-06
272.16528,0.9138294,0.9138294,0.0,0.0,2015-12-22 10:00:00,5.0,2.4982655e-06,2.4338533e-06,0.0,2.4982655e-06
272.3711,0.89050794,0.8878784,0.0026356035,0.0656836,2015-12-22 11:00:00,5.0,2.2495879e-06,2.2806726e-06,0.0,2.2495879e-06
271.97754,0.97172093,0.8681205,0.4798801,0.83792263,2015-12-22 12:00:00,5.0,1.1818338e-06,1.1484262e-06,0.0,1.1818338e-06
271.87744,1.0,0.84304196,0.94215906,0.9905219,2015-12-22 13:00:00,5.0,5.9091695e-07,5.526215e-07,0.0,7.0499675e-07
271.99023,0.9916152,0.82217145,0.9916152,0.9817444,2015-12-22 14:00:00,5.0,0.0,2.7158455e-07,0.0,2.2815959e-07
272.2256,0.98999023,0.7898592,0.9525676,0.9800109,2015-12-22 15:00:00,5.0,0.0,2.1454463e-07,0.0,0.0
272.16772,1.0,0.9005961,0.86287415,1.0,2015-12-22 16:00:00,5.0,0.0,9.533534e-08,0.0,0.0
272.36914,1.0,0.9051453,0.63047725,0.9874686,2015-12-22 17:00:00,5.0,0.0,2.8519953e-08,0.0,0.0
272.89258,1.0,0.57550114,0.93912363,1.0,2015-12-22 18:00:00,6.0,0.0,0.0,0.0,0.0
273.08032,1.0,0.16226411,0.9837398,0.9779043,2015-12-22 19:00:00,0.0,0.0,0.0,0.0,0.0
273.31934,1.0,0.013363607,0.9989426,0.9514037,2015-12-22 20:00:00,0.0,0.0,0.0,0.0,0.0
273.82275,0.9369764,0.005003199,0.9106862,0.8326301,2015-12-22 21:00:00,0.0,0.0,0.0,0.0,0.0
273.68384,0.5311589,0.04723256,0.5187613,0.015842445,2015-12-22 22:00:00,0.0,0.0,0.0,0.0,0.0
273.46997,0.8669214,0.16026402,0.19255143,0.8023964,2015-12-22 23:00:00,0.0,0.0,0.0,0.0,0.0
273.57812,0.997629,0.29092747,0.050032206,0.98972315,2015-12-23 00:00:00,0.0,0.0,0.0,0.0,0.0
273.6006,0.97580045,0.3803587,0.0,0.97079724,2015-12-23 01:00:00,0.0,0.0,0.0,0.0,0.0
273.81152,1.0,0.31744093,0.0,1.0,2015-12-23 02:00:00,0.0,0.0,0.0,0.0,0.0
274.29297,0.9949968,0.18572378,0.65707844,0.9949968,2015-12-23 03:00:00,0.0,0.0,0.0,0.0,0.0
274.54175,1.0,0.12580168,0.67715216,1.0,2015-12-23 04:00:00,6.0,0.0,0.0,0.0,0.0
274.7063,1.0,0.050312486,0.80491215,1.0,2015-12-23 05:00:00,7.0,8.774042e-07,4.337353e-07,0.0,8.774042e-07
275.04175,1.0,0.017323617,0.8897267,1.0,2015-12-23 06:00:00,1.0,1.1464591e-05,2.4868814e-06,0.0,1.1464591e-05
275.2588,1.0,0.08107495,0.97308224,1.0,2015-12-23 07:00:00,0.0,1.9099144e-07,0.0,0.0,1.9099144e-07
275.29736,1.0,0.025969401,0.96178466,1.0,2015-12-23 08:00:00,1.0,3.7397003e-06,0.0,0.0,3.7397003e-06
274.9143,1.0,0.06505412,0.9749842,1.0,2015-12-23 09:00:00,1.0,1.4802424e-05,0.0,0.0,1.4535162e-05
275.21655,1.0,0.14209151,0.9946291,1.0,2015-12-23 10:00:00,1.0,2.9794552e-05,0.0,0.0,2.9699047e-05
275.2229,1.0,0.11232644,0.995108,1.0,2015-12-23 11:00:00,8.0,5.9131504e-05,0.0,0.0,5.9245576e-05
275.16113,1.0,0.24765635,1.0,1.0,2015-12-23 12:00:00,8.0,0.00012588603,0.0,0.0,0.00012579054
275.15576,1.0,0.346501,1.0,1.0,2015-12-23 13:00:00,8.0,0.00024146124,0.0,0.0,0.00024146124
275.07544,1.0,0.775466,1.0,1.0,2015-12-23 14:00:00,8.0,0.0004346876,0.0,0.0,0.0004346876
274.958,1.0,1.0,1.0,1.0,2015-12-23 15:00:00,7.0,0.0007754667,0.00020575525,0.0,0.0007754667
274.9187,1.0,1.0,1.0,0.99946827,2015-12-23 16:00:00,6.0,0.0013900623,0.0009605228,0.0,0.0013898341
274.81177,1.0,1.0,1.0,0.98999023,2015-12-23 17:00:00,7.0,0.001468875,0.0010350582,0.0,0.001468875
274.56274,1.0,0.995108,1.0,0.99625427,2015-12-23 18:00:00,7.0,0.0010528646,0.0008248922,0.0,0.0010528646
274.4773,1.0,1.0,1.0,0.96143925,2015-12-23 19:00:00,6.0,0.0009884448,0.00094426866,0.0,0.000987968
274.27808,1.0,0.99627113,1.0,0.9741826,2015-12-23 20:00:00,6.0,0.0006854371,0.00063706934,0.0,0.0006855512
274.1433,1.0,0.822969,1.0,0.97558856,2015-12-23 21:00:00,6.0,0.00063175405,0.00059838104,1.8144183e-06,0.0006298255
274.03735,0.99946827,0.5969466,0.9978792,0.8992482,2015-12-23 22:00:00,6.0,0.000650818,0.0006406135,1.2175707e-05,0.00063848053
273.99634,0.99946827,0.30761224,0.9910895,0.83356935,2015-12-23 23:00:00,5.0,0.00058296975,0.0005827057,0.0,0.0005827602
273.78687,1.0,0.18627024,0.99627113,0.92393064,2015-12-24 00:00:00,5.0,0.00042733643,0.00042715273,0.0,0.00042733643
273.5088,1.0,0.27991098,0.9905219,0.9488228,2015-12-24 01:00:00,5.0,0.00024890597,0.000248963,0.0,0.00024890597
272.917,1.0,0.8209743,1.0,0.97862536,2015-12-24 02:00:00,5.0,8.32534e-05,8.335122e-05,0.0,8.33489e-05
271.4663,1.0,1.0,1.0,1.0,2015-12-24 03:00:00,5.0,1.6016944e-05,1.6193677e-05,0.0,1.6112448e-05
271.13867,1.0,0.9607869,0.9829636,1.0,2015-12-24 04:00:00,5.0,4.499817e-06,4.402159e-06,0.0,4.499817e-06
271.0017,1.0,0.9622731,0.42718387,0.97808164,2015-12-24 05:00:00,5.0,2.936642e-06,3.0676265e-06,0.0,2.936642e-06
270.5857,0.975319,0.9586945,0.0,0.1833204,2015-12-24 06:00:00,5.0,4.0813075e-06,4.445905e-06,0.0,4.0813075e-06
270.4641,0.998375,0.998375,0.0,0.0,2015-12-24 07:00:00,5.0,2.2885593e-05,2.2675376e-05,0.0,2.2732405e-05
269.98267,1.0,1.0,0.039809644,0.0,2015-12-24 08:00:00,5.0,1.6247039e-05,1.6328282e-05,0.0,1.6247039e-05
269.3711,0.98548466,0.98548466,0.01821341,0.0,2015-12-24 09:00:00,5.0,7.3601987e-06,7.3742967e-06,0.0,7.3601987e-06
269.17822,0.989539,0.989539,0.0,0.0,2015-12-24 10:00:00,5.0,1.4099933e-06,1.7395841e-06,0.0,1.4099933e-06
269.0891,0.9808899,0.9808899,0.0,0.0,2015-12-24 11:00:00,5.0,1.9099144e-07,1.5253562e-07,0.0,2.0957555e-07
269.17114,0.9733795,0.9733795,0.0,0.0,2015-12-24 12:00:00,5.0,3.050713e-07,3.194928e-07,0.0,3.050713e-07
269.24,1.0,0.9905161,0.44115782,0.96969587,2015-12-24 13:00:00,5.0,1.9099144e-07,5.864313e-07,0.0,4.7683716e-07
269.01294,1.0,0.96611077,0.8319246,1.0,2015-12-24 14:00:00,5.0,1.9099144e-07,2.3128797e-07,0.0,2.0957555e-07
269.0808,1.0,0.9811518,1.0,1.0,2015-12-24 15:00:00,0.0,0.0,2.3873934e-08,0.0,0.0
269.19043,1.0,1.0,1.0,0.9553179,2015-12-24 16:00:00,0.0,0.0,0.0,0.0,0.0
269.32544,1.0,0.9966217,1.0,0.99047434,2015-12-24 17:00:00,0.0,0.0,0.0,0.0,0.0
269.4043,1.0,0.9337329,0.99262583,0.8850359,2015-12-24 18:00:00,0.0,0.0,0.0,0.0,0.0
269.51562,1.0,0.90891725,1.0,0.9656927,2015-12-24 19:00:00,5.0,0.0,0.0,0.0,0.0
269.5747,1.0,0.669319,1.0,0.7427957,2015-12-24 20:00:00,0.0,0.0,5.9684794e-08,0.0,0.0
269.60962,1.0,0.3831597,1.0,0.34937996,2015-12-24 21:00:00,0.0,5.7297444e-07,8.5906066e-07,0.0,5.7297444e-07
269.073,1.0,0.5145745,0.998375,0.18735611,2015-12-24 22:00:00,0.0,1.1831162e-06,1.1810362e-06,0.0,1.1831162e-06
269.25952,0.93379456,0.32600838,0.9245836,0.015096433,2015-12-24 23:00:00,0.0,1.9099144e-07,3.3888108e-07,0.0,1.9099144e-07
269.3806,0.76226074,0.38696045,0.67495674,0.0,2015-12-25 00:00:00,0.0,0.0,2.3873934e-08,0.0,0.0
269.14355,0.783859,0.56518435,0.52417237,0.0,2015-12-25 01:00:00,0.0,0.0,0.0,0.0,0.0
269.177,0.66373074,0.585606,0.20503372,0.0,2015-12-25 02:00:00,0.0,0.0,0.0,0.0,0.0
269.2837,0.5765657,0.5573621,0.047661245,0.0,2015-12-25 03:00:00,0.0,0.0,0.0,0.0,0.0
269.1167,0.5093395,0.4992463,0.018457577,0.0,2015-12-25 04:00:00,0.0,0.0,0.0,0.0,0.0
269.11304,0.40003544,0.40003544,0.0,0.0,2015-12-25 05:00:00,0.0,0.0,0.0,0.0,0.0
268.94434,0.45682752,0.45682752,0.0,0.0,2015-12-25 06:00:00,0.0,0.0,0.0,0.0,0.0
268.9673,0.43592018,0.43592018,0.0,0.0,2015-12-25 07:00:00,5.0,9.549569e-08,1.9547707e-07,0.0,9.549569e-08
268.8672,0.40673268,0.40673268,0.0,0.0,2015-12-25 08:00:00,5.0,0.0,1.9547707e-07,0.0,9.549569e-08
268.5581,0.2299276,0.2299276,0.0,0.0,2015-12-25 09:00:00,5.0,0.0,2.3873934e-08,0.0,0.0
270.30957,0.35666102,0.35666102,0.0,0.0,2015-12-25 10:00:00,5.0,0.0,2.3873934e-08,0.0,0.0
270.13037,0.18440896,0.18440896,0.0,0.0,2015-12-25 11:00:00,5.0,0.0,0.0,0.0,0.0
270.1997,0.06994587,0.06994587,0.0,0.0,2015-12-25 12:00:00,0.0,0.0,0.0,0.0,0.0
270.36865,0.046803966,0.046803966,0.0,0.0,2015-12-25 13:00:00,0.0,0.0,0.0,0.0,0.0
270.45776,0.018848177,0.018848177,0.0,0.0,2015-12-25 14:00:00,0.0,0.0,0.0,0.0,0.0
271.04028,0.009103052,0.009103052,0.0,0.0,2015-12-25 15:00:00,0.0,0.0,0.0,0.0,0.0
271.32446,0.0033782488,0.0033782488,0.0,0.0,2015-12-25 16:00:00,5.0,0.0,0.0,0.0,0.0
271.4939,0.0023709626,0.0023709626,0.0,0.0,2015-12-25 17:00:00,0.0,0.0,0.0,0.0,0.0
271.64746,0.0063116476,0.0,0.0,0.0063116476,2015-12-25 18:00:00,0.0,0.0,0.0,0.0,0.0
271.7583,0.9532884,0.0,0.0,0.9532884,2015-12-25 19:00:00,0.0,0.0,0.0,0.0,0.0
271.77368,0.99550825,0.0,0.0,0.99550825,2015-12-25 20:00:00,0.0,0.0,0.0,0.0,0.0
271.9646,0.9910895,0.0,0.10251832,0.99055785,2015-12-25 21:00:00,0.0,0.0,0.0,0.0,0.0
271.91016,0.99946827,0.63406056,0.55135626,0.99946827,2015-12-25 22:00:00,0.0,0.0,0.0,0.0,0.0
271.86304,0.99657166,0.4157912,0.8227556,0.99604,2015-12-25 23:00:00,0.0,0.0,0.0,0.0,0.0
271.60938,0.9942007,0.2766869,0.93696326,0.9876051,2015-12-26 00:00:00,0.0,0.0,0.0,0.0,0.0
271.52637,1.0,0.04247251,1.0,0.99446505,2015-12-26 01:00:00,0.0,0.0,0.0,0.0,0.0
271.29053,1.0,0.011999037,1.0,1.0,2015-12-26 02:00:00,0.0,0.0,0.0,0.0,0.0
271.34863,1.0,0.0,1.0,1.0,2015-12-26 03:00:00,5.0,0.0,0.0,0.0,0.0
271.18726,1.0,0.0,1.0,1.0,2015-12-26 04:00:00,5.0,4.0838922e-06,4.1223484e-06,0.0,4.0838922e-06
271.23926,1.0,0.0,1.0,1.0,2015-12-26 05:00:00,5.0,2.9612653e-05,2.9347953e-05,0.0,2.9612653e-05
271.16748,1.0,0.0,1.0,1.0,2015-12-26 06:00:00,5.0,8.055224e-05,8.060879e-05,0.0,8.018948e-05
271.09692,1.0,0.0,1.0,0.9466315,2015-12-26 07:00:00,5.0,0.00024276091,0.00024275627,0.0,0.00024276091
271.1194,1.0,0.0,1.0,1.0,2015-12-26 08:00:00,5.0,0.00030055293,0.00030064862,0.0,0.00030082022
271.10278,1.0,0.0,1.0,0.99946827,2015-12-26 09:00:00,5.0,0.00044370862,0.0004436036,0.0,0.00044344156
270.84692,1.0,0.032449257,1.0,1.0,2015-12-26 10:00:00,5.0,0.0005307598,0.0005310029,0.0,0.00053123664
270.865,1.0,0.02824149,1.0,0.989993,2015-12-26 11:00:00,5.0,0.000552102,0.0005523453,0.0,0.0005523879
270.79785,1.0,0.0,0.99208,0.9501409,2015-12-26 12:00:00,5.0,0.0005227509,0.0005229388,1.2627153e-05,0.0005102379
270.84863,1.0,0.0,0.94212806,0.9788243,2015-12-26 13:00:00,5.0,0.0008005169,0.0008008864,0.00043888623,0.00036198343
270.87695,1.0,0.0,0.9580102,1.0,2015-12-26 14:00:00,5.0,0.00018052392,0.00018036136,1.2414446e-05,0.00016757495
271.35742,1.0,0.0032499009,0.99841094,1.0,2015-12-26 15:00:00,5.0,9.152324e-05,9.135131e-05,0.0,9.152324e-05
271.8037,1.0,0.061037768,0.986376,1.0,2015-12-26 16:00:00,5.0,6.795443e-05,6.785676e-05,2.0044617e-06,6.581633e-05
271.91333,1.0,0.18678361,0.9528656,1.0,2015-12-26 17:00:00,5.0,0.00012286518,0.00012282016,1.015594e-05,0.00011270924
272.01172,1.0,0.27132267,0.9380314,0.9989426,2015-12-26 18:00:00,5.0,0.00019352439,0.00019364376,1.015594e-05,0.00018336845
272.1023,1.0,0.50597477,0.98815095,0.98046696,2015-12-26 19:00:00,5.0,0.00017323748,0.00017337776,0.0,0.00017323748
272.29443,0.98630834,0.49346942,0.9400032,0.7976146,2015-12-26 20:00:00,5.0,0.00016553306,0.00016532325,0.0,0.0001652658
272.4983,0.99262583,0.5377734,0.9902548,0.6977075,2015-12-26 21:00:00,5.0,0.00018697145,0.00018726723,0.0,0.00018723871
271.8755,1.0,0.6369829,0.97574073,1.0,2015-12-26 22:00:00,5.0,0.00016922073,0.00016941156,0.0,0.00016931623
272.01343,1.0,0.54639685,0.95834655,1.0,2015-12-26 23:00:00,5.0,0.000105916144,0.000106063875,0.0,0.000105916144
272.04297,1.0,0.3601399,0.9668673,1.0,2015-12-27 00:00:00,5.0,6.4069245e-05,6.3683096e-05,0.0,6.359241e-05
272.12744,1.0,0.27002108,0.9594869,1.0,2015-12-27 01:00:00,5.0,3.4506622e-05,3.447778e-05,0.0,3.423936e-05
271.86182,1.0,0.14836526,0.20409536,1.0,2015-12-27 02:00:00,5.0,1.7834594e-05,1.7567654e-05,0.0,1.7453247e-05
271.53955,1.0,0.3018638,0.0,1.0,2015-12-27 03:00:00,5.0,3.8903163e-06,4.0100085e-06,0.0,4.043498e-06
271.43994,0.7728521,0.7686106,0.0,0.007945243,2015-12-27 04:00:00,5.0,1.1446655e-06,1.2018681e-06,0.0,1.3164308e-06
271.49683,0.9868063,0.9483202,0.0,0.31567252,2015-12-27 05:00:00,5.0,2.2508802e-06,2.0985044e-06,0.0,2.1368005e-06
271.0298,0.99525803,0.9891773,0.0,0.59577984,2015-12-27 06:00:00,5.0,3.8717417e-06,4.019794e-06,0.0,3.8717417e-06
271.18237,0.997629,0.9949467,0.0,0.39240247,2015-12-27 07:00:00,5.0,3.8909666e-06,3.8624466e-06,0.0,3.8909666e-06
270.70605,1.0,0.99569273,0.0,0.90747344,2015-12-27 08:00:00,5.0,2.0406533e-06,2.1504102e-06,0.0,2.3079156e-06
269.45386,1.0,0.9819648,0.0,0.99675006,2015-12-27 09:00:00,5.0,1.5452324e-06,1.6546664e-06,0.0,1.5452324e-06
267.38892,1.0,0.9852785,0.0,0.81404054,2015-12-27 10:00:00,5.0,2.7084825e-06,2.8752793e-06,0.0,2.7084825e-06
266.8108,0.98841804,0.97843266,0.0,0.19263822,2015-12-27 11:00:00,5.0,4.3485697e-06,4.496299e-06,0.0,4.3485697e-06
266.40063,0.83239824,0.83239824,0.0,0.0010573287,2015-12-27 12:00:00,5.0,3.2615899e-06,3.2995622e-06,0.0,3.2615899e-06
265.9944,0.5112994,0.42878157,0.0,0.15071625,2015-12-27 13:00:00,5.0,1.7355824e-06,1.4064744e-06,0.0,1.3542412e-06
264.93237,0.17330551,0.11928797,0.0,0.082312465,2015-12-27 14:00:00,5.0,5.7233285e-07,5.101635e-07,0.0,5.7233285e-07
264.02124,0.03274943,0.03009694,0.0,0.004235424,2015-12-27 15:00:00,0.0,1.9099144e-07,2.1470498e-07,0.0,1.9099144e-07
263.93066,0.005298864,0.0021207693,0.0,0.004235424,2015-12-27 16:00:00,0.0,0.0,2.3873934e-08,0.0,0.0
264.43994,0.10706973,0.0,0.0,0.10706973,2015-12-27 17:00:00,0.0,0.0,0.0,0.0,0.0
264.86475,0.5642131,0.016739111,0.0,0.5608349,2015-12-27 18:00:00,0.0,0.0,0.0,0.0,0.0
265.323,0.75154656,0.015434027,0.0,0.7481683,2015-12-27 19:00:00,0.0,0.0,0.0,0.0,0.0
265.4546,0.6109278,0.0,0.0,0.6109278,2015-12-27 20:00:00,0.0,0.0,0.0,0.0,0.0
265.56567,0.6721857,0.0,0.0,0.6721857,2015-12-27 21:00:00,0.0,0.0,0.0,0.0,0.0
264.60767,0.93378186,0.0,0.0,0.93378186,2015-12-27 22:00:00,0.0,0.0,0.0,0.0,0.0
263.8208,0.99051857,0.0,0.0,0.99051857,2015-12-27 23:00:00,0.0,0.0,0.0,0.0,0.0
263.2627,0.9729216,0.0,0.0,0.9729216,2015-12-28 00:00:00,0.0,0.0,0.0,0.0,0.0
262.53613,1.0,0.0,0.0,1.0,2015-12-28 01:00:00,0.0,0.0,0.0,0.0,0.0
262.0288,1.0,0.0,0.0,1.0,2015-12-28 02:00:00,0.0,0.0,0.0,0.0,0.0
261.13647,1.0,0.0,0.0,1.0,2015-12-28 03:00:00,0.0,0.0,0.0,0.0,0.0
260.5874,1.0,0.0,0.0,1.0,2015-12-28 04:00:00,0.0,0.0,0.0,0.0,0.0
260.0337,1.0,0.0,0.0,1.0,2015-12-28 05:00:00,0.0,0.0,0.0,0.0,0.0
259.26147,1.0,0.0,0.0,1.0,2015-12-28 06:00:00,0.0,0.0,0.0,0.0,0.0
259.50854,1.0,0.0,0.0,1.0,2015-12-28 07:00:00,0.0,0.0,0.0,0.0,0.0
259.4209,1.0,0.0,0.0,1.0,2015-12-28 08:00:00,0.0,0.0,0.0,0.0,0.0
260.1819,1.0,0.0,0.0,1.0,2015-12-28 09:00:00,0.0,0.0,0.0,0.0,0.0
261.8601,1.0,0.0,0.0,1.0,2015-12-28 10:00:00,0.0,0.0,0.0,0.0,0.0
262.02686,1.0,0.0,0.0,1.0,2015-12-28 11:00:00,5.0,0.0,0.0,0.0,0.0
262.33228,1.0,0.0016249504,0.0,1.0,2015-12-28 12:00:00,5.0,0.0,0.0,0.0,0.0
262.65405,1.0,0.0032499009,0.0,1.0,2015-12-28 13:00:00,5.0,0.0,0.0,0.0,0.0
263.03027,1.0,0.007107079,0.0,1.0,2015-12-28 14:00:00,5.0,0.0,0.0,0.0,0.0
264.3181,1.0,0.00053172023,0.0,1.0,2015-12-28 15:00:00,0.0,0.0,0.0,0.0,0.0
264.9297,1.0,0.0,0.038075957,1.0,2015-12-28 16:00:00,0.0,0.0,0.0,0.0,0.0
265.90723,1.0,0.0,0.3189742,1.0,2015-12-28 17:00:00,0.0,0.0,0.0,0.0,0.0
266.38354,1.0,0.0023709626,0.79592085,1.0,2015-12-28 18:00:00,0.0,0.0,0.0,0.0,0.0
266.74097,1.0,0.003909968,0.998375,1.0,2015-12-28 19:00:00,5.0,4.7914464e-06,4.6816895e-06,0.0,4.7914464e-06
267.1853,1.0,0.067082584,1.0,1.0,2015-12-28 20:00:00,5.0,1.9371495e-05,1.9352752e-05,0.0,1.9371495e-05
267.87476,1.0,0.043302406,1.0,1.0,2015-12-28 21:00:00,5.0,6.461397e-05,6.461861e-05,0.0,6.461397e-05
267.8064,1.0,0.0026463778,0.998375,1.0,2015-12-28 22:00:00,5.0,0.00015148419,0.0001513552,0.0,0.00015148419
267.94824,1.0,0.02194605,1.0,1.0,2015-12-28 23:00:00,5.0,0.00029652845,0.00029682904,0.0,0.0002968912
267.76562,1.0,0.1378324,0.9966217,1.0,2015-12-29 00:00:00,5.0,0.00042546797,0.00042547262,0.0,0.00042546797
267.49414,1.0,0.32623774,0.9966217,1.0,2015-12-29 01:00:00,5.0,0.0006249279,0.00062459894,0.0,0.0006249279
267.40698,1.0,0.6758177,1.0,1.0,2015-12-29 02:00:00,5.0,0.0009630509,0.0009630653,0.0,0.0009630509
267.1819,1.0,0.6638741,0.998375,1.0,2015-12-29 03:00:00,5.0,0.0012638799,0.001264042,0.0,0.0012638799
266.93115,1.0,0.7168806,1.0,1.0,2015-12-29 04:00:00,5.0,0.0014011615,0.0014011613,0.0,0.0014014472
266.7102,1.0,0.93513304,0.997629,1.0,2015-12-29 05:00:00,5.0,0.0012209918,0.0012210396,0.0,0.0012209918
266.51294,1.0,0.93488103,1.0,1.0,2015-12-29 06:00:00,5.0,0.0010563794,0.0010563412,0.0,0.0010563794
266.31348,1.0,0.8156855,0.9895088,1.0,2015-12-29 07:00:00,5.0,0.000488285,0.00048825168,0.0,0.000488285
266.385,1.0,0.6742083,0.9800116,1.0,2015-12-29 08:00:00,5.0,0.00021459736,0.00021441861,0.0,0.00021459736
266.43335,1.0,0.5521941,1.0,1.0,2015-12-29 09:00:00,5.0,0.00015722438,0.00015721709,0.0,0.00015722438
267.48633,1.0,0.9125068,1.0,0.99946827,2015-12-29 10:00:00,5.0,0.0002639864,0.00026397943,0.0,0.0002639864
267.62183,1.0,0.7017744,1.0,1.0,2015-12-29 11:00:00,5.0,0.00030791434,0.0003079502,0.0,0.00030791434
268.04126,1.0,0.88333344,1.0,0.99946827,2015-12-29 12:00:00,5.0,0.00024767965,0.00024747942,0.0,0.00024767965
268.39673,1.0,0.8757808,1.0,0.99946827,2015-12-29 13:00:00,5.0,0.00020491632,0.00020512845,0.0,0.00020491632
268.56348,1.0,0.19061571,1.0,1.0,2015-12-29 14:00:00,5.0,0.00019285757,0.00019299817,0.0,0.00019285757
269.25464,1.0,0.20411617,1.0,1.0,2015-12-29 15:00:00,5.0,0.00019491486,0.00019491478,0.0,0.00019491486
269.771,0.99946827,0.30494952,0.9989426,0.9973536,2015-12-29 16:00:00,5.0,0.00019369199,0.00019374471,0.0,0.00019395925
270.26587,1.0,0.64907986,1.0,0.98095906,2015-12-29 17:00:00,5.0,0.00018971834,0.00018973676,0.0,0.00018956515
270.0371,1.0,0.9725878,1.0,0.9656086,2015-12-29 18:00:00,5.0,0.0001822312,0.00018208275,0.0,0.00018207802
270.04028,1.0,0.96669704,1.0,0.92606276,2015-12-29 19:00:00,5.0,0.0001573229,0.00015748505,0.0,0.0001573229
269.969,1.0,0.90819937,0.99946827,0.83656317,2015-12-29 20:00:00,5.0,0.00013064247,0.00013045644,0.0,0.00013064247
270.12036,0.99946827,0.9029099,0.99841094,0.5676738,2015-12-29 21:00:00,5.0,0.000105541214,0.00010560338,0.0,0.000105541214
269.17773,0.9978792,0.558599,0.9973536,0.42932928,2015-12-29 22:00:00,5.0,6.8514564e-05,6.860317e-05,0.0,6.876324e-05
268.7837,0.98732966,0.21924132,0.98073405,0.27477795,2015-12-29 23:00:00,5.0,3.4941768e-05,3.4932324e-05,0.0,3.4941768e-05
268.49,0.99022627,0.10130644,0.98812234,0.0999223,2015-12-30 00:00:00,5.0,1.4283954e-05,1.4112512e-05,0.0,1.3998109e-05
268.22266,0.9640572,0.10317618,0.9564212,0.0,2015-12-30 01:00:00,5.0,5.968789e-06,5.9497215e-06,0.0,6.064285e-06
267.96118,0.9449885,0.096360385,0.9389417,0.0,2015-12-30 02:00:00,5.0,3.9473607e-06,3.899773e-06,0.0,3.9473607e-06
267.66333,0.8292742,0.13411129,0.8202968,0.0,2015-12-30 03:00:00,5.0,2.7841106e-06,2.8079849e-06,0.0,2.7841106e-06
267.50854,0.17947906,0.15361333,0.005006563,0.023015805,2015-12-30 04:00:00,5.0,8.5817857e-07,9.200249e-07,0.0,8.5817857e-07
267.20972,0.37326574,0.3171757,0.018380947,0.06484729,2015-12-30 05:00:00,5.0,1.14079796e-07,1.4772922e-07,0.0,1.14079796e-07
266.43115,0.4821517,0.47337085,0.011648856,0.0070486255,2015-12-30 06:00:00,0.0,0.0,0.0,0.0,0.0
265.02905,0.62895,0.58989215,0.0368909,0.12638783,2015-12-30 07:00:00,5.0,1.1818338e-06,1.1823167e-06,0.0,1.4305115e-06
264.1621,0.85268193,0.63236505,0.079511225,0.58121634,2015-12-30 08:00:00,5.0,1.7163566e-06,1.8829905e-06,0.0,1.7163566e-06
264.76685,0.988393,0.7844396,0.12993443,0.89644295,2015-12-30 09:00:00,5.0,1.7163566e-06,1.6969661e-06,0.0,1.658671e-06
265.44922,0.985126,0.8237461,0.20134181,0.9208582,2015-12-30 10:00:00,5.0,1.067754e-06,1.0486865e-06,0.0,1.067754e-06
265.7373,1.0,0.85627323,0.2756148,0.99946827,2015-12-30 11:00:00,5.0,2.8590885e-06,2.8211161e-06,0.0,2.8590885e-06
266.33472,0.9989426,0.80051374,0.66644984,0.9973536,2015-12-30 12:00:00,5.0,6.5385466e-06,6.629236e-06,0.0,6.5385466e-06
266.53394,1.0,0.84376556,0.93814296,0.9989426,2015-12-30 13:00:00,5.0,7.93189e-06,7.516899e-06,0.0,7.664628e-06
266.6006,0.9970973,0.60147035,0.94033307,0.99550825,2015-12-30 14:00:00,5.0,8.886847e-06,8.7057915e-06,0.0,8.677272e-06
266.9751,1.0,0.5141531,0.9640126,0.9831974,2015-12-30 15:00:00,5.0,1.0431439e-05,1.0202795e-05,0.0,1.0221863e-05
267.3645,0.9949934,0.47698432,0.39916557,0.9915651,2015-12-30 16:00:00,5.0,8.427953e-06,8.237282e-06,0.0,8.046612e-06
268.06396,0.98874027,0.5089644,0.26111042,0.98320806,2015-12-30 17:00:00,5.0,3.5455014e-06,3.7081354e-06,0.0,3.908259e-06
268.52637,0.99841094,0.91010714,0.31448132,0.99133974,2015-12-30 18:00:00,5.0,1.1818338e-06,1.4248981e-06,0.0,1.5631749e-06
268.87134,1.0,1.0,0.25327647,0.9651804,2015-12-30 19:00:00,5.0,1.3151393e-06,1.5203914e-06,0.0,1.4106345e-06
269.03613,1.0,1.0,0.17717516,0.91788197,2015-12-30 20:00:00,5.0,9.549569e-08,1.2866167e-07,0.0,9.549569e-08
269.28247,0.99946827,0.98448914,0.10154718,0.8334494,2015-12-30 21:00:00,5.0,0.0,2.3873934e-08,0.0,0.0
268.79492,0.930109,0.8629512,0.31203282,0.59170586,2015-12-30 22:00:00,5.0,3.813414e-07,4.9077516e-07,0.0,3.813414e-07
268.5664,0.9262852,0.7593995,0.6125264,0.4900155,2015-12-30 23:00:00,5.0,3.7358514e-06,3.5929288e-06,0.0,3.8313474e-06
268.10254,0.9636091,0.6942545,0.80776423,0.36636293,2015-12-31 00:00:00,5.0,3.4333552e-06,3.1950976e-06,0.0,3.052014e-06
267.78662,0.9254031,0.6925462,0.83315307,0.29390752,2015-12-31 01:00:00,5.0,1.0571205e-05,1.0394713e-05,0.0,1.039944e-05
267.09058,0.98338383,0.7027195,0.94399714,0.22165054,2015-12-31 02:00:00,5.0,2.8887167e-05,2.8897106e-05,0.0,2.867759e-05
265.8423,0.9989426,0.82729906,0.9691582,0.14108956,2015-12-31 03:00:00,5.0,5.349041e-05,5.3659285e-05,0.0,5.3776253e-05
265.47266,1.0,0.8437605,0.9801975,0.30191392,2015-12-31 04:00:00,5.0,6.5494576e-05,6.554664e-05,0.0,6.5494576e-05
265.19336,1.0,0.963432,0.9358531,0.44123858,2015-12-31 05:00:00,5.0,4.6377463e-05,4.6158122e-05,0.0,4.6167886e-05
264.4038,1.0,0.9709702,0.94267726,0.61902505,2015-12-31 06:00:00,5.0,1.8992694e-05,1.8997496e-05,0.0,1.9088184e-05
265.22852,0.9949968,0.94591916,0.910382,0.7903805,2015-12-31 07:00:00,5.0,1.12133475e-05,1.119428e-05,0.0,1.12133475e-05
265.53735,0.99336845,0.90498054,0.8265832,0.5696208,2015-12-31 08:00:00,5.0,7.019252e-06,6.4470787e-06,0.0,6.5424147e-06
265.61743,0.9465943,0.92150855,0.0,0.14371365,2015-12-31 09:00:00,5.0,7.134624e-06,6.900851e-06,0.0,6.7718665e-06
263.7019,0.89731044,0.8939493,0.0,0.040412135,2015-12-31 10:00:00,5.0,9.498292e-06,9.493646e-06,0.0,9.498292e-06
263.8208,0.7866997,0.7805999,0.0,0.0458796,2015-12-31 11:00:00,5.0,1.0755745e-05,1.0632373e-05,0.0,1.0755745e-05
263.55713,0.6866329,0.6866329,0.0,0.02209808,2015-12-31 12:00:00,5.0,9.87769e-06,9.768096e-06,0.0,9.87769e-06
262.92627,0.73306376,0.73306376,0.0,0.0,2015-12-31 13:00:00,5.0,5.6810095e-06,5.7436628e-06,0.0,5.6810095e-06
262.2246,0.7127775,0.7127775,0.0,0.0,2015-12-31 14:00:00,5.0,3.1263507e-06,3.4985596e-06,0.0,3.1263507e-06
262.4568,0.5678674,0.5678674,0.0,0.0,2015-12-31 15:00:00,5.0,2.3636676e-06,2.4831998e-06,0.0,2.1726764e-06
262.88892,0.63216823,0.63216823,0.0,0.0,2015-12-31 16:00:00,5.0,1.7535249e-06,1.9397103e-06,0.0,1.944516e-06
263.53857,0.58333635,0.58333635,0.0,0.0,2015-12-31 17:00:00,5.0,2.7071992e-06,2.3925131e-06,0.0,2.7071992e-06
264.58252,0.5991622,0.5991622,0.0,0.0,2015-12-31 18:00:00,5.0,1.5253654e-06,1.4821007e-06,0.0,1.258104e-06
264.88306,0.35784894,0.35784894,0.0,0.0,2015-12-31 19:00:00,5.0,2.2815959e-07,2.477106e-07,0.0,3.813414e-07
265.07568,0.14760798,0.14760798,0.011408862,0.0,2015-12-31 20:00:00,5.0,0.0,9.533534e-08,0.0,0.0
265.54346,0.13734925,0.10327989,0.06327933,0.0,2015-12-31 21:00:00,5.0,0.0,9.533534e-08,0.0,0.0
264.8689,0.5812958,0.16085601,0.5594648,0.0,2015-12-31 22:00:00,5.0,0.0,1.6215074e-07,0.0,0.0
264.41772,0.7170952,0.20889693,0.6894933,0.0,2015-12-31 23:00:00,5.0,1.1440234e-06,1.106212e-06,0.0,1.1254397e-06
