t2m,tcc,lcc,mcc,hcc,valid_time,ptype,tp,sf,cp,lsp
249.82239,0.0,0.0,0.0,0.0,2018-01-01 00:00:00,0.0,0.0,0.0,0.0,0.0
249.55092,0.0,0.0,0.0,0.0,2018-01-01 01:00:00,0.0,0.0,0.0,0.0,0.0
249.3851,0.0,0.0,0.0,0.0,2018-01-01 02:00:00,0.0,0.0,0.0,0.0,0.0
248.92459,0.0,0.0,0.0,0.0,2018-01-01 03:00:00,0.0,0.0,0.0,0.0,0.0
248.68443,0.0,0.0,0.0,0.0,2018-01-01 04:00:00,0.0,0.0,0.0,0.0,0.0
248.51369,0.0,0.0,0.0,0.0,2018-01-01 05:00:00,0.0,0.0,0.0,0.0,0.0
247.7418,0.0,0.0,0.0,0.0,2018-01-01 06:00:00,0.0,0.0,0.0,0.0,0.0
247.79977,0.0,0.0,0.0,0.0,2018-01-01 07:00:00,0.0,0.0,0.0,0.0,0.0
247.4843,0.0,0.0,0.0,0.0,2018-01-01 08:00:00,0.0,0.0,0.0,0.0,0.0
247.5965,0.0,0.0,0.0,0.0,2018-01-01 09:00:00,0.0,0.0,0.0,0.0,0.0
247.02382,0.0,0.0,0.0,0.0,2018-01-01 10:00:00,0.0,0.0,0.0,0.0,0.0
246.84476,0.0,0.0,0.0,0.0,2018-01-01 11:00:00,0.0,0.0,0.0,0.0,0.0
246.74377,0.0,0.0,0.0,0.0,2018-01-01 12:00:00,0.0,0.0,0.0,0.0,0.0
246.64258,0.04430833,0.04430833,0.0,0.0,2018-01-01 13:00:00,0.0,0.0,0.0,0.0,0.0
246.62701,0.010597732,0.010597732,0.0,0.0,2018-01-01 14:00:00,0.0,0.0,0.0,0.0,0.0
248.6987,0.0,0.0,0.0,0.0,2018-01-01 15:00:00,0.0,0.0,0.0,0.0,0.0
250.23747,0.0,0.0,0.0,0.0,2018-01-01 16:00:00,0.0,0.0,0.0,0.0,0.0
251.42465,0.0,0.0,0.0,0.0,2018-01-01 17:00:00,0.0,0.0,0.0,0.0,0.0
252.5672,0.0,0.0,0.0,0.0,2018-01-01 18:00:00,0.0,0.0,0.0,0.0,0.0
253.4498,0.0,0.0,0.0,0.0,2018-01-01 19:00:00,0.0,0.0,0.0,0.0,0.0
254.40976,0.0,0.0,0.0,0.0,2018-01-01 20:00:00,0.0,0.0,0.0,0.0,0.0
255.46165,0.0,0.0,0.0,0.0,2018-01-01 21:00:00,0.0,0.0,0.0,0.0,0.0
254.65047,0.0,0.0,0.0,0.0,2018-01-01 22:00:00,0.0,0.0,0.0,0.0,0.0
253.51938,0.0,0.0,0.0,0.0,2018-01-01 23:00:00,0.0,0.0,0.0,0.0,0.0
253.08536,0.0,0.0,0.0,0.0,2018-01-02 00:00:00,0.0,0.0,0.0,0.0,0.0
252.56197,0.0,0.0,0.0,0.0,2018-01-02 01:00:00,0.0,0.0,0.0,0.0,0.0
252.1396,0.0,0.0,0.0,0.0,2018-01-02 02:00:00,0.0,0.0,0.0,0.0,0.0
251.70728,0.0,0.0,0.0,0.0,2018-01-02 03:00:00,0.0,0.0,0.0,0.0,0.0
251.52043,0.0,0.0,0.0,0.0,2018-01-02 04:00:00,0.0,0.0,0.0,0.0,0.0
251.40137,0.02357202,0.0,0.0067320913,0.020210877,2018-01-02 05:00:00,0.0,0.0,0.0,0.0,0.0
251.03294,0.0,0.0,0.0,0.0,2018-01-02 06:00:00,0.0,0.0,0.0,0.0,0.0
250.93214,0.47669506,0.0,0.0,0.47669506,2018-01-02 07:00:00,0.0,0.0,0.0,0.0,0.0
250.88434,0.87389237,0.0,0.016740963,0.87389237,2018-01-02 08:00:00,0.0,0.0,0.0,0.0,0.0
250.89568,0.98864055,0.0,0.0071273334,0.98864055,2018-01-02 09:00:00,0.0,0.0,0.0,0.0,0.0
249.81595,0.97879505,0.0,0.00053172023,0.97879505,2018-01-02 10:00:00,0.0,0.0,0.0,0.0,0.0
249.51965,0.75318617,0.0,0.0,0.75318617,2018-01-02 11:00:00,0.0,0.0,0.0,0.0,0.0
249.16684,0.042726137,0.0,0.0,0.042726137,2018-01-02 12:00:00,0.0,0.0,0.0,0.0,0.0
248.86531,0.00998199,0.0,0.0,0.00998199,2018-01-02 13:00:00,0.0,0.0,0.0,0.0,0.0
249.21558,0.33674926,0.0,0.0,0.33674926,2018-01-02 14:00:00,0.0,0.0,0.0,0.0,0.0
251.85481,0.80549484,0.0,0.0,0.80549484,2018-01-02 15:00:00,0.0,0.0,0.0,0.0,0.0
254.27644,0.898655,0.0,0.0,0.898655,2018-01-02 16:00:00,0.0,0.0,0.0,0.0,0.0
256.4309,0.72034425,0.0,0.0,0.72034425,2018-01-02 17:00:00,0.0,0.0,0.0,0.0,0.0
258.46875,0.9018017,0.0,0.0,0.9018017,2018-01-02 18:00:00,0.0,0.0,0.0,0.0,0.0
260.18872,1.0,0.0,0.0,1.0,2018-01-02 19:00:00,0.0,0.0,0.0,0.0,0.0
260.95264,1.0,0.0,0.0,1.0,2018-01-02 20:00:00,0.0,0.0,0.0,0.0,0.0
261.7334,1.0,0.0,0.3481061,1.0,2018-01-02 21:00:00,5.0,2.6726156e-07,3.434492e-07,0.0,2.6726156e-07
261.91602,1.0,0.0,0.9754718,1.0,2018-01-02 22:00:00,5.0,1.9738116e-05,1.9528452e-05,0.0,1.9738116e-05
262.1206,0.98044926,0.031636596,0.9778029,0.589694,2018-01-02 23:00:00,5.0,4.5845503e-05,4.5976412e-05,0.0,4.5845503e-05
262.6101,0.96661866,0.67555493,0.96661866,0.0,2018-01-03 00:00:00,5.0,2.5404996e-05,2.545274e-05,0.0,2.5404996e-05
262.9309,0.8445985,0.7493796,0.7885795,0.0,2018-01-03 01:00:00,5.0,1.5448473e-05,1.551985e-05,0.0,1.5448473e-05
262.66504,0.48732746,0.4338014,0.2440651,0.0,2018-01-03 02:00:00,5.0,6.255267e-06,6.245975e-06,0.0,6.255267e-06
261.90747,0.81111014,0.81111014,0.008476965,0.0,2018-01-03 03:00:00,5.0,3.9089e-06,3.9089e-06,0.0,3.9089e-06
261.55078,0.88153106,0.88153106,0.0,0.0,2018-01-03 04:00:00,5.0,3.1462178e-06,3.2057424e-06,0.0,3.1462178e-06
261.17017,0.94145405,0.94145405,0.0,0.0,2018-01-03 05:00:00,5.0,1.5830419e-06,1.7210768e-06,0.0,1.5830419e-06
260.29102,0.988309,0.988309,0.0,0.0,2018-01-03 06:00:00,5.0,1.9265735e-06,1.9550935e-06,0.0,1.9265735e-06
260.02856,0.98887664,0.98887664,0.0,0.0,2018-01-03 07:00:00,5.0,6.618675e-06,6.725948e-06,0.0,6.618675e-06
259.13403,0.99576455,0.99576455,0.0,0.0,2018-01-03 08:00:00,5.0,4.0627237e-06,4.0650466e-06,0.0,4.0627237e-06
258.28027,0.9973536,0.9973536,0.0,0.0,2018-01-03 09:00:00,5.0,3.07124e-06,2.8852146e-06,0.0,3.07124e-06
255.91072,0.5482772,0.54491603,0.0,0.0057492107,2018-01-03 10:00:00,5.0,2.766168e-06,2.7206625e-06,0.0,2.766168e-06
255.86072,0.6173416,0.6173416,0.0,0.0,2018-01-03 11:00:00,5.0,1.9265735e-06,1.9097488e-06,0.0,1.9265735e-06
255.80893,0.812604,0.812604,0.0,0.0,2018-01-03 12:00:00,5.0,1.5452324e-06,1.6522645e-06,0.0,1.8310784e-06
255.71,0.9751838,0.9751838,0.0,0.0,2018-01-03 13:00:00,5.0,1.1446655e-06,1.330367e-06,0.0,1.3542412e-06
255.39969,0.99450094,0.99450094,0.0,0.0,2018-01-03 14:00:00,5.0,1.1446655e-06,1.1873635e-06,0.0,1.3542412e-06
255.95746,0.9970973,0.9970973,0.0,0.0,2018-01-03 15:00:00,5.0,1.1446655e-06,1.1992206e-06,0.0,1.2587452e-06
256.23047,0.9917984,0.9917984,0.0,0.0,2018-01-03 16:00:00,5.0,2.9943276e-06,2.7201786e-06,0.0,2.5174904e-06
256.93945,1.0,1.0,0.0,0.0,2018-01-03 17:00:00,5.0,4.825407e-06,4.922823e-06,0.0,4.9394866e-06
257.28784,1.0,1.0,0.0,0.0,2018-01-03 18:00:00,5.0,2.5174904e-06,2.5556246e-06,0.0,2.6129865e-06
257.76636,1.0,1.0,0.0,0.0,2018-01-03 19:00:00,5.0,1.3542412e-06,1.4042316e-06,0.0,1.3542412e-06
257.97314,1.0,1.0,0.0,0.0,2018-01-03 20:00:00,5.0,7.8190845e-07,7.6043773e-07,0.0,7.8190845e-07
258.21582,0.9582473,0.9582473,0.0,0.0,2018-01-03 21:00:00,5.0,9.549569e-08,3.194126e-07,0.0,9.549569e-08
256.83423,0.7168436,0.7168436,0.0,0.0,2018-01-03 22:00:00,5.0,0.0,1.2393548e-07,0.0,0.0
256.239,0.405617,0.405617,0.0,0.0,2018-01-03 23:00:00,5.0,9.549569e-08,2.4787096e-07,0.0,9.549569e-08
255.50525,0.30890816,0.30890816,0.0,0.0,2018-01-04 00:00:00,0.0,0.0,2.0973704e-07,0.0,2.0957555e-07
254.92703,0.08219814,0.08219814,0.0,0.0,2018-01-04 01:00:00,0.0,0.0,9.773851e-08,0.0,0.0
254.1605,0.0026463778,0.0026463778,0.0,0.0,2018-01-04 02:00:00,0.0,0.0,1.1936965e-08,0.0,0.0
253.09732,0.0010573287,0.0010573287,0.0,0.0,2018-01-04 03:00:00,0.0,0.0,0.0,0.0,0.0
252.56342,0.0,0.0,0.0,0.0,2018-01-04 04:00:00,0.0,0.0,0.0,0.0,0.0
251.10666,0.0,0.0,0.0,0.0,2018-01-04 05:00:00,0.0,0.0,0.0,0.0,0.0
249.76537,0.0,0.0,0.0,0.0,2018-01-04 06:00:00,0.0,0.0,0.0,0.0,0.0
249.66708,0.0,0.0,0.0,0.0,2018-01-04 07:00:00,0.0,0.0,0.0,0.0,0.0
250.28607,0.0,0.0,0.0,0.0,2018-01-04 08:00:00,0.0,0.0,0.0,0.0,0.0
249.19553,0.09706938,0.0,0.09706938,0.0,2018-01-04 09:00:00,0.0,0.0,0.0,0.0,0.0
251.62766,0.4262001,0.0,0.4262001,0.0,2018-01-04 10:00:00,0.0,0.0,0.0,0.0,0.0
251.7192,0.6460377,0.0,0.6460377,0.0,2018-01-04 11:00:00,0.0,0.0,0.0,0.0,0.0
251.22144,0.7368055,0.0,0.7368055,0.0,2018-01-04 12:00:00,0.0,0.0,0.0,0.0,0.0
251.17009,0.9097597,0.0,0.9097597,0.0,2018-01-04 13:00:00,0.0,0.0,0.0,0.0,0.0
251.00543,0.9159227,0.0,0.9159227,0.0,2018-01-04 14:00:00,0.0,0.0,0.0,0.0,0.0
251.55788,0.9126605,0.0,0.9126605,0.0,2018-01-04 15:00:00,5.0,0.0,0.0,0.0,0.0
253.21228,0.83997107,0.0,0.83997107,0.002103883,2018-01-04 16:00:00,0.0,0.0,0.0,0.0,0.0
254.26163,0.9114391,0.0,0.9114391,0.002103883,2018-01-04 17:00:00,0.0,0.0,0.0,0.0,0.0
255.07463,0.8203518,0.0,0.8203518,0.016557388,2018-01-04 18:00:00,0.0,0.0,0.0,0.0,0.0
255.6935,0.6891104,0.0,0.6891104,0.021906376,2018-01-04 19:00:00,0.0,0.0,0.0,0.0,0.0
256.23364,0.44343805,0.0,0.44343805,0.0,2018-01-04 20:00:00,0.0,0.0,0.0,0.0,0.0
256.96606,0.29404265,0.0,0.29404265,0.0,2018-01-04 21:00:00,0.0,0.0,0.0,0.0,0.0
255.82635,0.21973878,0.0,0.21973878,0.0,2018-01-04 22:00:00,0.0,0.0,0.0,0.0,0.0
256.23706,0.17185825,0.0,0.17185825,0.0,2018-01-04 23:00:00,0.0,0.0,0.0,0.0,0.0
255.40575,0.1245181,0.0,0.1245181,0.0,2018-01-05 00:00:00,0.0,0.0,0.0,0.0,0.0
254.78528,0.112071216,0.0,0.112071216,0.0,2018-01-05 01:00:00,0.0,0.0,0.0,0.0,0.0
254.26062,0.030562352,0.0,0.030562352,0.0,2018-01-05 02:00:00,0.0,0.0,0.0,0.0,0.0
253.6174,0.016333118,0.0,0.016333118,0.0,2018-01-05 03:00:00,0.0,0.0,0.0,0.0,0.0
253.32329,0.0,0.0,0.0,0.0,2018-01-05 04:00:00,0.0,0.0,0.0,0.0,0.0
252.28413,0.0,0.0,0.0,0.0,2018-01-05 05:00:00,0.0,0.0,0.0,0.0,0.0
250.26225,0.0,0.0,0.0,0.0,2018-01-05 06:00:00,0.0,0.0,0.0,0.0,0.0
249.25768,0.0,0.0,0.0,0.0,2018-01-05 07:00:00,0.0,0.0,0.0,0.0,0.0
249.13864,0.0,0.0,0.0,0.0,2018-01-05 08:00:00,0.0,0.0,0.0,0.0,0.0
248.30695,0.0,0.0,0.0,0.0,2018-01-05 09:00:00,0.0,0.0,0.0,0.0,0.0
248.10179,0.0,0.0,0.0,0.0,2018-01-05 10:00:00,0.0,0.0,0.0,0.0,0.0
247.83182,0.0,0.0,0.0,0.0,2018-01-05 11:00:00,0.0,0.0,0.0,0.0,0.0
247.67926,0.0,0.0,0.0,0.0,2018-01-05 12:00:00,0.0,0.0,0.0,0.0,0.0
247.44774,0.0,0.0,0.0,0.0,2018-01-05 13:00:00,0.0,0.0,0.0,0.0,0.0
246.94592,0.0,0.0,0.0,0.0,2018-01-05 14:00:00,0.0,0.0,0.0,0.0,0.0
248.78618,0.0,0.0,0.0,0.0,2018-01-05 15:00:00,0.0,0.0,0.0,0.0,0.0
251.62794,0.0,0.0,0.0,0.0,2018-01-05 16:00:00,0.0,0.0,0.0,0.0,0.0
252.9761,0.0,0.0,0.0,0.0,2018-01-05 17:00:00,0.0,0.0,0.0,0.0,0.0
254.32983,0.0,0.0,0.0,0.0,2018-01-05 18:00:00,0.0,0.0,0.0,0.0,0.0
255.13309,0.0,0.0,0.0,0.0,2018-01-05 19:00:00,0.0,0.0,0.0,0.0,0.0
255.87871,0.0,0.0,0.0,0.0,2018-01-05 20:00:00,0.0,0.0,0.0,0.0,0.0
256.57788,0.041244853,0.0,0.0,0.041244853,2018-01-05 21:00:00,0.0,0.0,0.0,0.0,0.0
254.59053,0.12322497,0.0,0.0,0.12322497,2018-01-05 22:00:00,0.0,0.0,0.0,0.0,0.0
254.1394,0.12885225,0.0,0.0,0.12885225,2018-01-05 23:00:00,0.0,0.0,0.0,0.0,0.0
254.02835,0.023790784,0.0,0.0,0.023790784,2018-01-06 00:00:00,0.0,0.0,0.0,0.0,0.0
253.66248,0.0,0.0,0.0,0.0,2018-01-06 01:00:00,0.0,0.0,0.0,0.0,0.0
253.64992,0.0,0.0,0.0,0.0,2018-01-06 02:00:00,0.0,0.0,0.0,0.0,0.0
253.62146,0.0,0.0,0.0,0.0,2018-01-06 03:00:00,0.0,0.0,0.0,0.0,0.0
253.03313,0.0,0.0,0.0,0.0,2018-01-06 04:00:00,0.0,0.0,0.0,0.0,0.0
252.16695,0.0,0.0,0.0,0.0,2018-01-06 05:00:00,0.0,0.0,0.0,0.0,0.0
251.6017,0.03418545,0.0,0.0,0.03418545,2018-01-06 06:00:00,0.0,0.0,0.0,0.0,0.0
251.27364,0.062082116,0.0,0.0,0.062082116,2018-01-06 07:00:00,0.0,0.0,0.0,0.0,0.0
251.69939,0.07842392,0.0,0.0,0.07842392,2018-01-06 08:00:00,0.0,0.0,0.0,0.0,0.0
250.64069,0.0,0.0,0.0,0.0,2018-01-06 09:00:00,0.0,0.0,0.0,0.0,0.0
248.80727,0.02429419,0.0067320913,0.0,0.017554797,2018-01-06 10:00:00,0.0,0.0,0.0,0.0,0.0
248.52313,0.15511394,0.05723728,0.0,0.10797721,2018-01-06 11:00:00,0.0,0.0,0.0,0.0,0.0
248.19214,0.077067316,0.020210877,0.0,0.056856476,2018-01-06 12:00:00,0.0,0.0,0.0,0.0,0.0
246.73177,0.4303475,0.1057722,0.0,0.3512751,2018-01-06 13:00:00,0.0,0.0,0.0,0.0,0.0
246.0641,0.44621772,0.08582258,0.06962937,0.39745617,2018-01-06 14:00:00,0.0,0.0,0.0,0.0,0.0
249.3289,0.11479157,0.0,0.0,0.11479157,2018-01-06 15:00:00,0.0,0.0,0.0,0.0,0.0
253.73863,0.10319936,0.0,0.0,0.10319936,2018-01-06 16:00:00,0.0,0.0,0.0,0.0,0.0
256.16455,0.18876791,0.0,0.0,0.18876791,2018-01-06 17:00:00,0.0,0.0,0.0,0.0,0.0
257.8579,0.008120172,0.0,0.0,0.008120172,2018-01-06 18:00:00,0.0,0.0,0.0,0.0,0.0
259.08545,0.059499335,0.005006563,0.049406096,0.0100932345,2018-01-06 19:00:00,0.0,0.0,0.0,0.0,0.0
259.99268,0.28657115,0.055556174,0.28657115,0.0,2018-01-06 20:00:00,0.0,0.0,0.0,0.0,0.0
261.0796,0.7005261,0.19275331,0.67052734,0.0,2018-01-06 21:00:00,5.0,0.0,0.0,0.0,0.0
260.8501,0.7726208,0.3492269,0.7447353,0.0,2018-01-06 22:00:00,5.0,0.0,3.3407698e-08,0.0,0.0
260.77856,0.8840476,0.80819875,0.658866,0.0,2018-01-06 23:00:00,5.0,8.767626e-07,9.34286e-07,4.954212e-07,3.813414e-07
260.6255,0.98498976,0.96474963,0.7637259,0.018661272,2018-01-07 00:00:00,5.0,2.36496e-06,2.202809e-06,0.0,2.36496e-06
260.96265,0.9820069,0.777805,0.8515682,0.69487387,2018-01-07 01:00:00,5.0,9.897575e-06,9.849828e-06,0.0,9.897575e-06
261.11548,0.99319345,0.37106246,0.94290173,0.90458435,2018-01-07 02:00:00,5.0,0.00018989561,0.00018985732,0.00017550703,1.4321774e-05
261.66577,0.9497198,0.035269056,0.58788985,0.92785436,2018-01-07 03:00:00,5.0,8.669584e-05,8.671972e-05,7.576865e-05,1.0793564e-05
261.6338,0.9803078,0.033412926,0.5492216,0.9652476,2018-01-07 04:00:00,5.0,0.0002165219,0.0002165747,0.00020382163,1.2643226e-05
261.8921,0.97041297,0.018931683,0.32000053,0.95839995,2018-01-07 05:00:00,5.0,4.543457e-05,4.538674e-05,3.5329038e-05,9.914858e-06
262.0559,0.9850114,0.008732032,0.27193648,0.9800109,2018-01-07 06:00:00,5.0,2.8597306e-06,2.8167888e-06,0.0,2.8597306e-06
262.28076,0.9878863,0.014369998,0.158768,0.97963595,2018-01-07 07:00:00,5.0,5.7297444e-07,6.0133397e-07,6.300143e-07,0.0
262.7444,0.9452197,0.021563921,0.07940143,0.9452197,2018-01-07 08:00:00,5.0,0.0,9.533534e-08,0.0,0.0
263.32886,0.8582599,0.005003199,0.22264475,0.8123242,2018-01-07 09:00:00,5.0,9.549569e-08,9.533534e-08,4.7747868e-08,0.0
263.71118,0.42808813,0.005003199,0.028109185,0.41360688,2018-01-07 10:00:00,5.0,4.0056705e-07,9.533534e-08,5.053548e-07,0.0
264.02856,0.6439084,0.029998776,0.02336726,0.6305375,2018-01-07 11:00:00,5.0,0.0,0.0,0.0,0.0
264.1482,0.9966217,0.039476823,0.009756826,0.9966217,2018-01-07 12:00:00,5.0,0.0,0.0,0.0,0.0
264.49268,1.0,0.005003199,0.26698607,1.0,2018-01-07 13:00:00,5.0,0.0,0.0,0.0,0.0
264.55298,0.99262583,0.022442859,0.7523486,0.99262583,2018-01-07 14:00:00,5.0,0.0,0.0,0.0,0.0
265.87256,0.97361875,0.06653249,0.50610644,0.9712478,2018-01-07 15:00:00,5.0,0.0,0.0,0.0,0.0
266.78784,0.97087675,0.0037288337,0.41541314,0.9671838,2018-01-07 16:00:00,5.0,0.0,0.0,0.0,0.0
268.07153,0.9915651,0.0,0.5778959,0.9741243,2018-01-07 17:00:00,0.0,0.0,0.0,0.0,0.0
269.01318,0.93618035,0.0,0.74543166,0.71116555,2018-01-07 18:00:00,0.0,7.639659e-07,0.0,7.639659e-07,0.0
269.7981,0.8131586,0.0,0.7763303,0.16127658,2018-01-07 19:00:00,0.0,0.0,0.0,0.0,0.0
270.40063,0.660411,0.0,0.65704983,0.005003199,2018-01-07 20:00:00,0.0,0.0,0.0,0.0,0.0
271.5752,0.19889694,0.0,0.19889694,0.0,2018-01-07 21:00:00,0.0,0.0,0.0,0.0,0.0
270.28442,0.14015883,0.016610142,0.021089505,0.107455075,2018-01-07 22:00:00,0.0,0.0,0.0,0.0,0.0
269.86157,0.8528971,0.014456838,0.053911097,0.8486258,2018-01-07 23:00:00,0.0,0.0,0.0,0.0,0.0
270.20142,0.8078767,0.21342397,0.54652494,0.6585327,2018-01-08 00:00:00,5.0,0.0,0.0,0.0,0.0
270.30664,0.56608015,0.22359514,0.4868273,0.06730056,2018-01-08 01:00:00,0.0,0.0,0.0,0.0,0.0
270.21362,0.7771306,0.00053172023,0.776605,0.0,2018-01-08 02:00:00,0.0,0.0,0.0,0.0,0.0
270.62915,0.52459204,0.0033782488,0.52459204,0.0,2018-01-08 03:00:00,5.0,0.0,0.0,0.0,0.0
270.7788,0.07867849,0.004741922,0.07867849,0.0,2018-01-08 04:00:00,0.0,0.0,0.0,0.0,0.0
270.55518,0.0,0.0,0.0,0.0,2018-01-08 05:00:00,0.0,0.0,0.0,0.0,0.0
270.09595,0.0,0.0,0.0,0.0,2018-01-08 06:00:00,0.0,0.0,0.0,0.0,0.0
269.81592,0.0,0.0,0.0,0.0,2018-01-08 07:00:00,0.0,0.0,0.0,0.0,0.0
269.61475,0.0,0.0,0.0,0.0,2018-01-08 08:00:00,0.0,0.0,0.0,0.0,0.0
268.19385,0.0,0.0,0.0,0.0,2018-01-08 09:00:00,0.0,0.0,0.0,0.0,0.0
268.86475,0.14034683,0.011999037,0.14034683,0.0,2018-01-08 10:00:00,0.0,0.0,0.0,0.0,0.0
268.96387,0.15017998,0.12311655,0.10726434,0.0,2018-01-08 11:00:00,0.0,0.0,0.0,0.0,0.0
268.97583,0.0029026829,0.0,0.0029026829,0.0,2018-01-08 12:00:00,0.0,0.0,0.0,0.0,0.0
268.76953,0.0,0.0,0.0,0.0,2018-01-08 13:00:00,0.0,0.0,0.0,0.0,0.0
268.85205,0.0,0.0,0.0,0.0,2018-01-08 14:00:00,0.0,0.0,0.0,0.0,0.0
270.36914,0.035766013,0.0,0.0,0.035766013,2018-01-08 15:00:00,0.0,0.0,0.0,0.0,0.0
271.8308,0.0,0.0,0.0,0.0,2018-01-08 16:00:00,0.0,0.0,0.0,0.0,0.0
272.94458,0.0,0.0,0.0,0.0,2018-01-08 17:00:00,0.0,0.0,0.0,0.0,0.0
273.8606,0.009745125,0.009745125,0.0,0.0,2018-01-08 18:00:00,0.0,0.0,0.0,0.0,0.0
274.15845,0.015060533,0.015060533,0.0,0.0,2018-01-08 19:00:00,0.0,0.0,0.0,0.0,0.0
274.48242,0.038093925,0.031577017,0.0,0.0065169036,2018-01-08 20:00:00,0.0,0.0,0.0,0.0,0.0
275.0205,0.45445,0.017356154,0.0,0.44036084,2018-01-08 21:00:00,0.0,0.0,0.0,0.0,0.0
273.21875,0.8214412,0.0,0.0,0.8214412,2018-01-08 22:00:00,0.0,0.0,0.0,0.0,0.0
272.04028,0.3208741,0.0,0.0,0.3208741,2018-01-08 23:00:00,0.0,0.0,0.0,0.0,0.0
270.51562,0.6043083,0.0,0.0,0.6043083,2018-01-09 00:00:00,0.0,0.0,0.0,0.0,0.0
269.4746,0.92637175,0.0,0.109018564,0.92637175,2018-01-09 01:00:00,0.0,0.0,0.0,0.0,0.0
269.65942,0.9690611,0.0,0.5561388,0.9690611,2018-01-09 02:00:00,0.0,0.0,0.0,0.0,0.0
269.88208,1.0,0.0,0.5815082,1.0,2018-01-09 03:00:00,0.0,0.0,0.0,0.0,0.0
270.32983,0.9966217,0.0,0.8114261,0.98652846,2018-01-09 04:00:00,0.0,0.0,0.0,0.0,0.0
270.14185,0.9903652,0.0,0.9782015,0.98768294,2018-01-09 05:00:00,5.0,3.813414e-07,3.9111688e-07,0.0,3.813414e-07
268.56885,1.0,0.0,1.0,0.97551924,2018-01-09 06:00:00,5.0,6.694954e-06,6.5518716e-06,0.0,6.694954e-06
269.04956,0.9949934,0.0,0.9670283,0.97000116,2018-01-09 07:00:00,5.0,3.567312e-06,3.824797e-06,0.0,3.948653e-06
269.2705,0.9618503,0.0,0.7982689,0.8695741,2018-01-09 08:00:00,5.0,9.440605e-06,9.0498115e-06,0.0,9.059264e-06
270.3308,0.9646797,0.0,0.954906,0.36508816,2018-01-09 09:00:00,5.0,1.8936305e-05,1.8979248e-05,0.0,1.8936305e-05
271.33374,0.84491885,0.0,0.8359163,0.026488226,2018-01-09 10:00:00,5.0,4.1537394e-05,2.2954337e-05,2.9030693e-05,1.26021905e-05
271.66357,0.4310255,0.0,0.4310255,0.0,2018-01-09 11:00:00,0.0,8.14931e-05,3.0465046e-05,8.0073165e-05,1.4676789e-06
271.9563,0.61519897,0.0,0.61519897,0.0,2018-01-09 12:00:00,0.0,0.0,0.0,0.0,0.0
272.2107,0.2780831,0.0,0.2780831,0.0,2018-01-09 13:00:00,0.0,0.0,0.0,0.0,0.0
272.28394,0.7324364,0.0,0.6051663,0.2783968,2018-01-09 14:00:00,0.0,0.0,0.0,0.0,0.0
273.90698,0.76364064,0.0,0.6650713,0.27884275,2018-01-09 15:00:00,0.0,0.0,0.0,0.0,0.0
274.3684,0.655825,0.0,0.62167543,0.10206962,2018-01-09 16:00:00,0.0,0.0,0.0,0.0,0.0
275.63086,0.34222895,0.0,0.34222895,0.0,2018-01-09 17:00:00,0.0,0.0,0.0,0.0,0.0
276.33276,0.11516428,0.0,0.10827637,0.0074196346,2018-01-09 18:00:00,0.0,0.0,0.0,0.0,0.0
277.0984,0.10631311,0.0,0.013471484,0.092841625,2018-01-09 19:00:00,0.0,0.0,0.0,0.0,0.0
277.59717,0.713772,0.0,0.0,0.713772,2018-01-09 20:00:00,0.0,0.0,0.0,0.0,0.0
278.05054,0.85955036,0.0010573287,0.0,0.8590186,2018-01-09 21:00:00,0.0,0.0,0.0,0.0,0.0
277.4541,0.537964,0.0,0.0,0.537964,2018-01-09 22:00:00,0.0,0.0,0.0,0.0,0.0
276.8579,0.18023604,0.0026463778,0.0,0.17811531,2018-01-09 23:00:00,0.0,0.0,0.0,0.0,0.0
276.4812,0.24314636,0.043436833,0.0,0.20471275,2018-01-10 00:00:00,0.0,0.0,0.0,0.0,0.0
276.25903,0.6468506,0.028373826,0.0,0.63814867,2018-01-10 01:00:00,0.0,0.0,0.0,0.0,0.0
275.72876,1.0,0.054994356,0.0026463778,1.0,2018-01-10 02:00:00,0.0,0.0,0.0,0.0,0.0
275.56177,0.905178,0.080518246,0.014000803,0.9046463,2018-01-10 03:00:00,0.0,0.0,0.0,0.0,0.0
275.44702,0.89019936,0.042905115,0.019461185,0.88650644,2018-01-10 04:00:00,0.0,0.0,0.0,0.0,0.0
275.06958,0.85256904,0.07410717,0.0,0.8446659,2018-01-10 05:00:00,0.0,0.0,0.0,0.0,0.0
274.55908,0.4924885,0.018683929,0.0,0.47705448,2018-01-10 06:00:00,0.0,0.0,0.0,0.0,0.0
274.2124,0.27619058,0.047322396,0.0,0.23696399,2018-01-10 07:00:00,0.0,0.0,0.0,0.0,0.0
274.0598,0.3125292,0.12054485,0.0,0.21920037,2018-01-10 08:00:00,0.0,0.0,0.0,0.0,0.0
273.93115,0.93663687,0.25673372,0.0,0.90243423,2018-01-10 09:00:00,0.0,0.0,0.0,0.0,0.0
274.39038,0.72897583,0.4153592,0.004207764,0.50235003,2018-01-10 10:00:00,0.0,0.0,0.0,0.0,0.0
274.5442,0.84704894,0.6150011,0.13973331,0.58614326,2018-01-10 11:00:00,0.0,0.0,0.0,0.0,0.0
274.6587,0.83696234,0.63783735,0.3642134,0.4714157,2018-01-10 12:00:00,0.0,0.0,0.0,0.0,0.0
274.74463,0.78379786,0.68758273,0.12558496,0.23869932,2018-01-10 13:00:00,0.0,0.0,0.0,0.0,0.0
274.82812,0.8582532,0.7442155,0.29726714,0.134076,2018-01-10 14:00:00,1.0,0.0,0.0,0.0,9.549569e-08
275.23657,1.0,0.7772453,0.34225637,0.9545035,2018-01-10 15:00:00,1.0,0.0,0.0,0.0,0.0
275.1394,1.0,0.7717732,0.06834173,0.99946827,2018-01-10 16:00:00,1.0,1.9099144e-07,0.0,0.0,2.0957555e-07
275.54468,1.0,0.86311275,0.06276029,0.9800109,2018-01-10 17:00:00,1.0,0.0,0.0,0.0,0.0
275.5735,0.9901713,0.39758807,0.055934068,0.98343927,2018-01-10 18:00:00,0.0,0.0,0.0,0.0,1.14079796e-07
275.78052,0.99600405,0.5823238,0.06636101,0.9811042,2018-01-10 19:00:00,1.0,5.879755e-06,0.0,5.879755e-06,0.0
275.75513,0.9978961,0.28882617,0.085801125,0.9917963,2018-01-10 20:00:00,0.0,1.1224986e-05,0.0,1.13586175e-05,0.0
275.9126,0.99451786,0.5303248,0.09822011,0.98765516,2018-01-10 21:00:00,1.0,0.0,0.0,0.0,0.0
275.35498,1.0,0.95612127,0.114685,0.98636097,2018-01-10 22:00:00,1.0,4.0056705e-07,0.0,0.0,4.0056705e-07
275.18164,1.0,0.9949968,0.046955515,0.9837398,2018-01-10 23:00:00,1.0,6.678286e-07,0.0,0.0,1.9099144e-07
274.99316,0.998375,0.998375,0.026244022,0.9894646,2018-01-11 00:00:00,1.0,1.3164308e-06,0.0,0.0,1.3164308e-06
275.01685,1.0,1.0,0.0037098185,0.9978433,2018-01-11 01:00:00,1.0,1.6215026e-06,0.0,0.0,1.6215026e-06
274.84155,1.0,1.0,0.0,0.95233995,2018-01-11 02:00:00,1.0,1.8310784e-06,0.0,1.3363075e-07,1.8310784e-06
274.6206,1.0,1.0,0.016560722,0.98367614,2018-01-11 03:00:00,1.0,8.81253e-06,0.0,5.3452317e-07,8.373502e-06
274.57056,1.0,1.0,0.011281386,0.98818684,2018-01-11 04:00:00,1.0,2.3950925e-05,0.0,1.2026767e-06,2.2881883e-05
274.36328,1.0,1.0,0.05722752,0.998375,2018-01-11 05:00:00,1.0,1.4785792e-05,0.0,2.6726156e-07,1.451853e-05
274.1499,1.0,1.0,0.20015305,1.0,2018-01-11 06:00:00,1.0,8.717395e-05,0.0,0.0,8.71262e-05
274.5349,1.0,1.0,0.31436735,0.9878863,2018-01-11 07:00:00,1.0,4.9090522e-05,0.0,0.0,4.9090522e-05
274.40942,0.9944678,0.9934043,0.17561746,0.9649946,2018-01-11 08:00:00,6.0,5.081002e-05,1.0857501e-05,3.3900988e-06,4.775352e-05
273.69946,1.0,1.0,0.15901935,0.9779571,2018-01-11 09:00:00,5.0,3.7857855e-05,2.1356405e-05,2.4351411e-06,3.5528137e-05
267.78784,1.0,0.9932679,0.39905256,0.97490716,2018-01-11 10:00:00,5.0,2.593761e-05,2.557045e-05,0.0,2.5556263e-05
266.47656,1.0,1.0,0.62744325,0.9957394,2018-01-11 11:00:00,5.0,4.5350112e-05,4.519301e-05,0.0,4.523604e-05
265.48413,1.0,0.99214685,0.91643083,0.9746294,2018-01-11 12:00:00,5.0,0.0001294958,0.0001299156,0.0,0.00012985856
265.0,1.0,0.9916152,0.967811,0.91740733,2018-01-11 13:00:00,5.0,0.00016291416,0.00016289037,0.0,0.00016291416
264.19678,1.0,1.0,0.9789225,0.5113746,2018-01-11 14:00:00,5.0,0.00022531376,0.00022545742,8.294465e-05,0.00014246526
262.56372,1.0,1.0,0.97709054,0.60643786,2018-01-11 15:00:00,5.0,0.00023569843,0.00023575562,7.844083e-05,0.00015710505
261.72095,1.0,1.0,0.9806731,0.99174684,2018-01-11 16:00:00,5.0,0.00024175183,0.00024175878,4.1425546e-06,0.00023774289
261.28687,1.0,0.9918798,1.0,0.9865619,2018-01-11 17:00:00,5.0,0.00023080752,0.00023075512,0.0,0.00023080752
260.8667,1.0,1.0,1.0,0.9989426,2018-01-11 18:00:00,5.0,0.0001953204,0.00019535406,0.0,0.0001953204
260.82104,1.0,1.0,1.0,0.9908225,2018-01-11 19:00:00,5.0,0.0010523614,0.0010523852,0.0,0.0010523614
260.48608,1.0,1.0,1.0,1.0,2018-01-11 20:00:00,5.0,0.0010858462,0.0010860653,0.0,0.0010858462
260.40674,1.0,1.0,0.9925423,1.0,2018-01-11 21:00:00,5.0,0.0008527322,0.0008528468,0.0,0.0008527322
259.88403,1.0,1.0,0.9551694,0.96301055,2018-01-11 22:00:00,5.0,0.00043963222,0.0004396562,0.0,0.00043963222
259.98315,1.0,1.0,0.5248605,0.27432424,2018-01-11 23:00:00,5.0,0.00016693061,0.00016673995,0.0,0.00016693061
259.97583,1.0,1.0,0.053536277,0.023910992,2018-01-12 00:00:00,5.0,6.791591e-05,6.7944435e-05,0.0,6.791591e-05
259.77808,0.99368834,0.992631,0.019669455,0.05062619,2018-01-12 01:00:00,5.0,2.7866117e-05,2.790906e-05,0.0,2.7866117e-05
259.1875,0.86669815,0.86669815,0.004767146,0.0,2018-01-12 02:00:00,5.0,7.265986e-06,7.1182567e-06,0.0,7.265986e-06
257.60913,0.6257608,0.6257608,0.0,0.0,2018-01-12 03:00:00,5.0,1.6593121e-06,1.8738565e-06,0.0,1.6593121e-06
257.12695,0.8362131,0.8362131,0.0,0.0,2018-01-12 04:00:00,5.0,1.7548082e-06,1.866726e-06,0.0,1.7548082e-06
256.1897,0.2266109,0.2266109,0.0,0.0,2018-01-12 05:00:00,5.0,8.774042e-07,9.2987824e-07,0.0,8.774042e-07
254.7273,0.1870982,0.1870982,0.0,0.0,2018-01-12 06:00:00,5.0,1.9099144e-07,3.6724066e-07,0.0,1.9099144e-07
254.12088,0.023985442,0.023985442,0.0,0.0,2018-01-12 07:00:00,0.0,9.549569e-08,8.5881766e-08,0.0,9.549569e-08
253.2534,0.0021207693,0.0021207693,0.0,0.0,2018-01-12 08:00:00,0.0,0.0,2.3873934e-08,0.0,0.0
252.1505,0.00053172023,0.00053172023,0.0,0.0,2018-01-12 09:00:00,0.0,0.0,0.0,0.0,0.0
251.19681,0.072398484,0.072398484,0.0,0.0,2018-01-12 10:00:00,0.0,0.0,0.0,0.0,0.0
250.94179,0.015269674,0.015269674,0.0,0.0,2018-01-12 11:00:00,0.0,0.0,0.0,0.0,0.0
250.87355,0.016394548,0.016394548,0.0,0.0,2018-01-12 12:00:00,0.0,0.0,0.0,0.0,0.0
250.63414,0.0063561946,0.0063561946,0.0,0.0,2018-01-12 13:00:00,0.0,0.0,0.0,0.0,0.0
250.30463,0.004235424,0.004235424,0.0,0.0,2018-01-12 14:00:00,0.0,0.0,0.0,0.0,0.0
251.33862,0.0,0.0,0.0,0.0,2018-01-12 15:00:00,0.0,0.0,0.0,0.0,0.0
252.02025,0.0,0.0,0.0,0.0,2018-01-12 16:00:00,0.0,0.0,0.0,0.0,0.0
253.46979,0.0,0.0,0.0,0.0,2018-01-12 17:00:00,0.0,0.0,0.0,0.0,0.0
254.19049,0.0,0.0,0.0,0.0,2018-01-12 18:00:00,0.0,0.0,0.0,0.0,0.0
254.85786,0.0,0.0,0.0,0.0,2018-01-12 19:00:00,0.0,0.0,0.0,0.0,0.0
255.61375,0.0,0.0,0.0,0.0,2018-01-12 20:00:00,0.0,0.0,0.0,0.0,0.0
256.50342,0.0,0.0,0.0,0.0,2018-01-12 21:00:00,0.0,0.0,0.0,0.0,0.0
256.1775,0.0,0.0,0.0,0.0,2018-01-12 22:00:00,0.0,0.0,0.0,0.0,0.0
254.4046,0.0,0.0,0.0,0.0,2018-01-12 23:00:00,0.0,0.0,0.0,0.0,0.0
253.3284,0.0,0.0,0.0,0.0,2018-01-13 00:00:00,0.0,0.0,0.0,0.0,0.0
253.18196,0.0,0.0,0.0,0.0,2018-01-13 01:00:00,0.0,0.0,0.0,0.0,0.0
252.72331,0.0,0.0,0.0,0.0,2018-01-13 02:00:00,0.0,0.0,0.0,0.0,0.0
251.89485,0.0,0.0,0.0,0.0,2018-01-13 03:00:00,0.0,0.0,0.0,0.0,0.0
251.95308,0.0,0.0,0.0,0.0,2018-01-13 04:00:00,0.0,0.0,0.0,0.0,0.0
251.74574,0.0,0.0,0.0,0.0,2018-01-13 05:00:00,0.0,0.0,0.0,0.0,0.0
251.69055,0.0,0.0,0.0,0.0,2018-01-13 06:00:00,0.0,0.0,0.0,0.0,0.0
251.557,0.0,0.0,0.0,0.0,2018-01-13 07:00:00,0.0,0.0,0.0,0.0,0.0
250.5623,0.0,0.0,0.0,0.0,2018-01-13 08:00:00,0.0,0.0,0.0,0.0,0.0
248.62697,0.0,0.0,0.0,0.0,2018-01-13 09:00:00,0.0,0.0,0.0,0.0,0.0
246.8146,0.0,0.0,0.0,0.0,2018-01-13 10:00:00,0.0,0.0,0.0,0.0,0.0
246.4356,0.0,0.0,0.0,0.0,2018-01-13 11:00:00,0.0,0.0,0.0,0.0,0.0
246.60602,0.0,0.0,0.0,0.0,2018-01-13 12:00:00,0.0,0.0,0.0,0.0,0.0
247.30493,0.0,0.0,0.0,0.0,2018-01-13 13:00:00,0.0,0.0,0.0,0.0,0.0
247.36258,0.0,0.0,0.0,0.0,2018-01-13 14:00:00,0.0,0.0,0.0,0.0,0.0
248.11057,0.0,0.0,0.0,0.0,2018-01-13 15:00:00,0.0,0.0,0.0,0.0,0.0
251.84502,0.0,0.0,0.0,0.0,2018-01-13 16:00:00,0.0,0.0,0.0,0.0,0.0
253.64331,0.0,0.0,0.0,0.0,2018-01-13 17:00:00,0.0,0.0,0.0,0.0,0.0
254.71486,0.0,0.0,0.0,0.0,2018-01-13 18:00:00,0.0,0.0,0.0,0.0,0.0
255.33003,0.0,0.0,0.0,0.0,2018-01-13 19:00:00,0.0,0.0,0.0,0.0,0.0
256.1267,0.0,0.0,0.0,0.0,2018-01-13 20:00:00,0.0,0.0,0.0,0.0,0.0
256.82202,0.0,0.0,0.0,0.0,2018-01-13 21:00:00,0.0,0.0,0.0,0.0,0.0
255.22504,0.0,0.0,0.0,0.0,2018-01-13 22:00:00,0.0,0.0,0.0,0.0,0.0
256.3921,0.0,0.0,0.0,0.0,2018-01-13 23:00:00,0.0,0.0,0.0,0.0,0.0
255.62009,0.0,0.0,0.0,0.0,2018-01-14 00:00:00,0.0,0.0,0.0,0.0,0.0
254.74632,0.0,0.0,0.0,0.0,2018-01-14 01:00:00,0.0,0.0,0.0,0.0,0.0
253.9453,0.0,0.0,0.0,0.0,2018-01-14 02:00:00,0.0,0.0,0.0,0.0,0.0
252.71298,0.0037288337,0.0,0.0,0.0037288337,2018-01-14 03:00:00,0.0,0.0,0.0,0.0,0.0
252.40483,0.15292245,0.0,0.0,0.15292245,2018-01-14 04:00:00,0.0,0.0,0.0,0.0,0.0
251.63356,0.22422099,0.0,0.0,0.22422099,2018-01-14 05:00:00,0.0,0.0,0.0,0.0,0.0
249.48802,0.22490501,0.0,0.0,0.22490501,2018-01-14 06:00:00,0.0,0.0,0.0,0.0,0.0
247.87656,0.23212963,0.0,0.012530759,0.23212963,2018-01-14 07:00:00,0.0,0.0,0.0,0.0,0.0
247.90639,0.27435303,0.0,0.1709311,0.23327625,2018-01-14 08:00:00,0.0,0.0,0.0,0.0,0.0
248.02106,0.38913488,0.0,0.3657542,0.1977936,2018-01-14 09:00:00,0.0,0.0,0.0,0.0,0.0
251.17203,0.34310442,0.0037288337,0.31363797,0.056436893,2018-01-14 10:00:00,0.0,0.0,0.0,0.0,0.0
251.45924,0.43097097,0.055286016,0.13482106,0.3443973,2018-01-14 11:00:00,5.0,0.0,6.6815346e-08,0.0,0.0
251.8454,0.66776955,0.21931386,0.017206121,0.55632395,2018-01-14 12:00:00,5.0,2.6726156e-07,3.625969e-07,0.0,2.6726156e-07
252.52896,0.6569909,0.47183055,0.00053172023,0.33940947,2018-01-14 13:00:00,5.0,7.440987e-07,9.539972e-07,0.0,7.440987e-07
253.63156,0.9078503,0.9000216,0.019254196,0.044469137,2018-01-14 14:00:00,5.0,2.2701051e-06,2.3987668e-06,0.0,2.2701051e-06
256.5464,0.93128973,0.91497165,0.072808325,0.1784451,2018-01-14 15:00:00,5.0,6.44756e-06,6.089609e-06,0.0,6.5616396e-06
258.19287,0.9779402,0.87356716,0.2781188,0.8122759,2018-01-14 16:00:00,5.0,8.3549085e-06,8.402333e-06,0.0,8.3549085e-06
259.70825,1.0,0.9310811,0.9460163,0.9844052,2018-01-14 17:00:00,5.0,1.1787623e-05,1.15256535e-05,0.0,1.1578048e-05
260.6682,1.0,0.9360205,0.99841094,0.9778902,2018-01-14 18:00:00,5.0,3.221599e-05,3.221631e-05,0.0,3.221599e-05
261.31934,1.0,0.900175,0.9800109,0.96289074,2018-01-14 19:00:00,5.0,3.9632578e-05,3.9246268e-05,0.0,3.9460807e-05
261.75317,0.9970973,0.98311937,0.9970973,0.97000116,2018-01-14 20:00:00,5.0,0.00011535875,0.00011535443,0.0,0.00011553052
262.3755,1.0,0.9579096,1.0,0.9721051,2018-01-14 21:00:00,5.0,0.0002347988,0.00023505645,0.0,0.00023478022
262.8296,1.0,0.9516781,1.0,0.941211,2018-01-14 22:00:00,5.0,0.0003645101,0.00036422885,0.0,0.0003645101
263.06592,1.0,0.97930086,0.998375,0.35299754,2018-01-14 23:00:00,5.0,0.0005888734,0.0005889076,0.0,0.00058883615
263.39185,1.0,0.99946827,1.0,0.010316208,2018-01-15 00:00:00,5.0,0.0005962909,0.0005958618,0.0,0.0005962909
263.75537,1.0,1.0,0.99627113,0.0,2018-01-15 01:00:00,5.0,0.0004467545,0.00044683553,0.0,0.0004467545
263.77124,1.0,1.0,0.9871714,0.0,2018-01-15 02:00:00,5.0,0.00035866257,0.00035870983,0.0,0.00035866257
263.52515,1.0,1.0,0.9601413,0.0,2018-01-15 03:00:00,5.0,0.00026445324,0.00026445324,0.0,0.00026445324
263.36353,1.0,1.0,0.9364434,0.0,2018-01-15 04:00:00,5.0,0.00015720788,0.0001573415,0.0,0.00015720788
262.98193,1.0,1.0,0.9358279,0.0,2018-01-15 05:00:00,5.0,8.459228e-05,8.453989e-05,0.0,8.459228e-05
262.14453,1.0,1.0,0.9486706,0.0,2018-01-15 06:00:00,5.0,6.4792126e-05,6.4725304e-05,0.0,6.4792126e-05
261.1775,1.0,1.0,0.9614715,0.0,2018-01-15 07:00:00,5.0,8.952545e-05,8.968296e-05,0.0,8.9602036e-05
260.39136,1.0,1.0,0.9634669,0.0,2018-01-15 08:00:00,5.0,8.782702e-05,8.7760214e-05,0.0,8.782702e-05
259.1831,1.0,1.0,0.956786,0.0,2018-01-15 09:00:00,5.0,8.728799e-05,8.712584e-05,0.0,8.728799e-05
258.72046,0.99946827,0.99946827,0.9753583,0.0,2018-01-15 10:00:00,5.0,8.517172e-05,8.493579e-05,0.0,8.496214e-05
258.4807,1.0,1.0,0.94264287,0.0,2018-01-15 11:00:00,5.0,7.769874e-05,7.7832214e-05,0.0,7.81179e-05
258.2456,1.0,1.0,0.96747684,0.0,2018-01-15 12:00:00,5.0,6.9118265e-05,6.94303e-05,0.0,6.892727e-05
257.8496,1.0,1.0,0.93991894,0.0,2018-01-15 13:00:00,5.0,5.6910198e-05,5.7459634e-05,0.0,5.7407553e-05
257.2517,1.0,1.0,0.94910544,0.0,2018-01-15 14:00:00,5.0,4.542894e-05,4.5321023e-05,0.0,4.542894e-05
256.83008,1.0,1.0,0.9232222,0.0,2018-01-15 15:00:00,5.0,3.4556535e-05,3.479993e-05,0.0,3.4709723e-05
256.70703,1.0,1.0,0.9377537,0.0,2018-01-15 16:00:00,5.0,2.738605e-05,2.715693e-05,0.0,2.70233e-05
257.04663,1.0,1.0,0.9516012,0.0,2018-01-15 17:00:00,5.0,2.1549931e-05,2.1514279e-05,0.0,2.1454427e-05
257.35986,1.0,1.0,0.9841575,0.0,2018-01-15 18:00:00,5.0,1.6095146e-05,1.6126229e-05,0.0,1.6095146e-05
257.84375,1.0,1.0,0.92907685,0.0,2018-01-15 19:00:00,5.0,2.0005988e-05,1.9910643e-05,0.0,2.0005988e-05
257.77148,1.0,1.0,0.9601656,0.0,2018-01-15 20:00:00,5.0,3.0630355e-05,3.066368e-05,0.0,3.0630355e-05
257.99414,1.0,1.0,0.9755108,0.0,2018-01-15 21:00:00,5.0,4.1254738e-05,4.1287974e-05,0.0,4.1426494e-05
257.55713,1.0,1.0,0.9267403,0.0,2018-01-15 22:00:00,5.0,4.216995e-05,4.237007e-05,0.0,4.2284024e-05
257.45386,0.99600405,0.98453003,0.94954526,0.0,2018-01-15 23:00:00,5.0,4.632752e-05,4.6699657e-05,0.0,4.649929e-05
257.38892,1.0,1.0,0.9838821,0.0,2018-01-16 00:00:00,5.0,7.884923e-05,7.89207e-05,0.0,7.884923e-05
257.5984,0.9761044,0.96374804,0.89862156,0.0,2018-01-16 01:00:00,5.0,9.1746944e-05,9.171346e-05,0.0,9.1746944e-05
257.40137,0.95609885,0.9426191,0.6895988,0.0,2018-01-16 02:00:00,5.0,7.8435914e-05,7.820221e-05,0.0,7.8435914e-05
257.4048,0.9966217,0.9932679,0.75407094,0.0,2018-01-16 03:00:00,5.0,6.188183e-05,6.201555e-05,0.0,6.188183e-05
257.42432,0.98927194,0.98527604,0.457708,0.0,2018-01-16 04:00:00,5.0,3.7012607e-05,3.678845e-05,0.0,3.7012607e-05
257.50098,0.97088015,0.97088015,0.079752564,0.0,2018-01-16 05:00:00,5.0,1.761096e-05,1.7577477e-05,0.0,1.761096e-05
257.85376,0.9865275,0.9865275,0.018431101,0.0,2018-01-16 06:00:00,5.0,9.157977e-06,9.017216e-06,0.0,9.157977e-06
257.4436,0.9395937,0.9395937,0.0071273334,0.0,2018-01-16 07:00:00,5.0,1.614196e-05,1.598445e-05,0.0,1.614196e-05
257.31152,0.7975057,0.7975057,0.0,0.0,2018-01-16 08:00:00,5.0,7.5185217e-06,7.470934e-06,0.0,7.5185217e-06
257.26416,0.4934631,0.4934631,0.00998199,0.0,2018-01-16 09:00:00,5.0,3.1295676e-06,3.0342317e-06,0.0,3.1295676e-06
255.47488,0.7555749,0.7555749,0.008357041,0.0,2018-01-16 10:00:00,5.0,1.3356566e-06,1.4692878e-06,0.0,1.3356566e-06
255.18343,0.8885852,0.88621426,0.0072629154,0.0,2018-01-16 11:00:00,5.0,1.0305857e-06,9.398966e-07,0.0,1.0305857e-06
254.84686,0.9295057,0.9295057,0.0,0.0,2018-01-16 12:00:00,5.0,9.350902e-07,8.397549e-07,0.0,9.350902e-07
254.54866,0.75188005,0.75188005,0.0,0.0,2018-01-16 13:00:00,5.0,4.5825306e-07,6.4892373e-07,0.0,4.5825306e-07
254.08154,0.5155712,0.5155712,0.0,0.0,2018-01-16 14:00:00,5.0,1.9099144e-07,6.3450227e-07,0.0,6.678286e-07
254.91153,0.584383,0.584383,0.0,0.0,2018-01-16 15:00:00,5.0,1.9099144e-07,6.2008075e-07,0.0,1.9099144e-07
255.45447,0.8680726,0.8680726,0.0,0.0,2018-01-16 16:00:00,5.0,1.9099144e-07,5.293914e-07,0.0,1.9099144e-07
256.46582,0.63712656,0.63712656,0.0,0.0,2018-01-16 17:00:00,5.0,1.9099144e-07,3.9584194e-07,0.0,1.9099144e-07
257.5581,0.7277883,0.7277883,0.0,0.0,2018-01-16 18:00:00,5.0,0.0,1.1928944e-07,0.0,0.0
257.97046,0.22882146,0.2112534,0.0066281483,0.03874368,2018-01-16 19:00:00,5.0,0.0,0.0,0.0,0.0
258.76465,0.18591541,0.009766806,0.18102348,0.019110072,2018-01-16 20:00:00,5.0,0.0,0.0,0.0,0.0
259.27075,0.40794373,0.4029405,0.005003199,0.0015890491,2018-01-16 21:00:00,5.0,0.0,0.0,0.0,0.0
258.33398,0.5463296,0.5463296,0.0,0.0,2018-01-16 22:00:00,5.0,0.0,0.0,0.0,0.0
257.39868,0.03040237,0.03040237,0.0,0.0,2018-01-16 23:00:00,5.0,0.0,0.0,0.0,0.0
256.66162,0.018457577,0.018457577,0.0,0.0,2018-01-17 00:00:00,5.0,0.0,0.0,0.0,0.0
256.18457,0.012831885,0.012831885,0.0,0.0,2018-01-17 01:00:00,0.0,0.0,0.0,0.0,0.0
255.88594,0.0,0.0,0.0,0.0,2018-01-17 02:00:00,0.0,0.0,0.0,0.0,0.0
255.3554,0.0,0.0,0.0,0.0,2018-01-17 03:00:00,0.0,0.0,0.0,0.0,0.0
255.079,0.0,0.0,0.0,0.0,2018-01-17 04:00:00,0.0,0.0,0.0,0.0,0.0
254.57666,0.0,0.0,0.0,0.0,2018-01-17 05:00:00,0.0,0.0,0.0,0.0,0.0
254.24814,0.0,0.0,0.0,0.0,2018-01-17 06:00:00,0.0,0.0,0.0,0.0,0.0
254.43533,0.0,0.0,0.0,0.0,2018-01-17 07:00:00,0.0,0.0,0.0,0.0,0.0
254.93906,0.0,0.0,0.0,0.0,2018-01-17 08:00:00,0.0,0.0,0.0,0.0,0.0
255.5661,0.0,0.0,0.0,0.0,2018-01-17 09:00:00,0.0,0.0,0.0,0.0,0.0
255.95491,0.027114313,0.0,0.0,0.027114313,2018-01-17 10:00:00,0.0,0.0,0.0,0.0,0.0
256.01904,0.13514912,0.0,0.0021207693,0.13302839,2018-01-17 11:00:00,0.0,0.0,0.0,0.0,0.0
256.26538,0.22468358,0.0,0.010728002,0.22132242,2018-01-17 12:00:00,0.0,0.0,0.0,0.0,0.0
256.61646,0.07314783,0.0,0.0015890491,0.07155883,2018-01-17 13:00:00,0.0,0.0,0.0,0.0,0.0
257.15088,0.36481416,0.0,0.0,0.36481416,2018-01-17 14:00:00,0.0,0.0,0.0,0.0,0.0
260.06152,0.6179511,0.0,0.13460654,0.59201014,2018-01-17 15:00:00,0.0,0.0,0.0,0.0,0.0
261.7766,0.64444953,0.0,0.31097865,0.53938425,2018-01-17 16:00:00,0.0,0.0,0.0,0.0,0.0
263.8501,0.1343736,0.0,0.10320139,0.052453592,2018-01-17 17:00:00,0.0,0.0,0.0,0.0,0.0
265.21265,0.034149237,0.0,0.013469081,0.020687453,2018-01-17 18:00:00,0.0,0.0,0.0,0.0,0.0
266.27515,0.0,0.0,0.0,0.0,2018-01-17 19:00:00,0.0,0.0,0.0,0.0,0.0
267.82886,0.0,0.0,0.0,0.0,2018-01-17 20:00:00,0.0,0.0,0.0,0.0,0.0
269.33594,0.0,0.0,0.0,0.0,2018-01-17 21:00:00,0.0,0.0,0.0,0.0,0.0
269.48145,0.0,0.0,0.0,0.0,2018-01-17 22:00:00,0.0,0.0,0.0,0.0,0.0
269.6975,0.0,0.0,0.0,0.0,2018-01-17 23:00:00,0.0,0.0,0.0,0.0,0.0
269.6875,0.0,0.0,0.0,0.0,2018-01-18 00:00:00,0.0,0.0,0.0,0.0,0.0
269.5769,0.0,0.0,0.0,0.0,2018-01-18 01:00:00,0.0,0.0,0.0,0.0,0.0
269.83057,0.0,0.0,0.0,0.0,2018-01-18 02:00:00,0.0,0.0,0.0,0.0,0.0
269.20654,0.0,0.0,0.0,0.0,2018-01-18 03:00:00,0.0,0.0,0.0,0.0,0.0
269.41797,0.0,0.0,0.0,0.0,2018-01-18 04:00:00,0.0,0.0,0.0,0.0,0.0
268.8523,0.0,0.0,0.0,0.0,2018-01-18 05:00:00,0.0,0.0,0.0,0.0,0.0
268.09155,0.0,0.0,0.0,0.0,2018-01-18 06:00:00,0.0,0.0,0.0,0.0,0.0
267.82788,0.021286912,0.0,0.0,0.021286912,2018-01-18 07:00:00,0.0,0.0,0.0,0.0,0.0
267.44702,0.23930049,0.0,0.0,0.23930049,2018-01-18 08:00:00,0.0,0.0,0.0,0.0,0.0
266.80103,0.78958565,0.0,0.0,0.78958565,2018-01-18 09:00:00,0.0,0.0,0.0,0.0,0.0
267.26172,0.97710806,0.0,0.18318963,0.97710806,2018-01-18 10:00:00,0.0,0.0,0.0,0.0,0.0
267.72583,0.9875338,0.0,0.9007829,0.977767,2018-01-18 11:00:00,0.0,0.0,0.0,0.0,0.0
267.979,0.5556931,0.0,0.5001705,0.17560977,2018-01-18 12:00:00,0.0,0.0,0.0,0.0,0.0
267.59106,0.028301805,0.0,0.028301805,0.0,2018-01-18 13:00:00,0.0,0.0,0.0,0.0,0.0
267.34717,0.053132597,0.0,0.053132597,0.0,2018-01-18 14:00:00,0.0,0.0,0.0,0.0,0.0
269.19507,0.0,0.0,0.0,0.0,2018-01-18 15:00:00,0.0,0.0,0.0,0.0,0.0
271.13403,0.0,0.0,0.0,0.0,2018-01-18 16:00:00,0.0,0.0,0.0,0.0,0.0
273.3203,0.0,0.0,0.0,0.0,2018-01-18 17:00:00,0.0,0.0,0.0,0.0,0.0
274.53955,0.0,0.0,0.0,0.0,2018-01-18 18:00:00,0.0,0.0,0.0,0.0,0.0
275.34692,0.0,0.0,0.0,0.0,2018-01-18 19:00:00,0.0,0.0,0.0,0.0,0.0
275.9629,0.70565,0.0,0.0,0.70565,2018-01-18 20:00:00,0.0,0.0,0.0,0.0,0.0
276.30078,1.0,0.0,0.0,1.0,2018-01-18 21:00:00,0.0,0.0,0.0,0.0,0.0
275.3213,0.9800109,0.0,0.0,0.9800109,2018-01-18 22:00:00,0.0,0.0,0.0,0.0,0.0
274.97485,1.0,0.0,0.0,1.0,2018-01-18 23:00:00,0.0,0.0,0.0,0.0,0.0
273.92993,0.9905219,0.0,0.0,0.9905219,2018-01-19 00:00:00,0.0,0.0,0.0,0.0,0.0
272.86572,0.99841094,0.0,0.0,0.99841094,2018-01-19 01:00:00,0.0,0.0,0.0,0.0,0.0
272.75928,1.0,0.0,0.0,1.0,2018-01-19 02:00:00,0.0,0.0,0.0,0.0,0.0
272.188,0.98554313,0.0,0.0,0.98554313,2018-01-19 03:00:00,0.0,0.0,0.0,0.0,0.0
271.95532,0.7798407,0.0,0.0,0.7798407,2018-01-19 04:00:00,0.0,0.0,0.0,0.0,0.0
271.9392,0.987272,0.0,0.0,0.987272,2018-01-19 05:00:00,0.0,0.0,0.0,0.0,0.0
271.2129,0.98999023,0.0,0.0,0.98999023,2018-01-19 06:00:00,0.0,0.0,0.0,0.0,0.0
271.20752,0.9831002,0.0,0.0,0.9831002,2018-01-19 07:00:00,0.0,0.0,0.0,0.0,0.0
271.19458,0.98893285,0.0,0.0,0.98893285,2018-01-19 08:00:00,0.0,0.0,0.0,0.0,0.0
270.79883,0.9912679,0.0,0.002103883,0.9912679,2018-01-19 09:00:00,0.0,0.0,0.0,0.0,0.0
271.25757,1.0,0.0,0.0,1.0,2018-01-19 10:00:00,0.0,0.0,0.0,0.0,0.0
271.2024,0.9989426,0.0,0.0,0.9989426,2018-01-19 11:00:00,0.0,0.0,0.0,0.0,0.0
271.1902,0.98378646,0.0,0.0,0.98378646,2018-01-19 12:00:00,0.0,0.0,0.0,0.0,0.0
271.42944,0.9949934,0.0,0.0,0.9949934,2018-01-19 13:00:00,0.0,0.0,0.0,0.0,0.0
271.66553,0.9989426,0.0,0.0,0.9989426,2018-01-19 14:00:00,0.0,0.0,0.0,0.0,0.0
272.91748,0.97000116,0.0,0.07358211,0.96736556,2018-01-19 15:00:00,0.0,0.0,0.0,0.0,0.0
273.62134,0.9949934,0.0,0.23876238,0.98999023,2018-01-19 16:00:00,0.0,0.0,0.0,0.0,0.0
274.82544,0.9894646,0.0,0.45210087,0.98046213,2018-01-19 17:00:00,0.0,0.0,0.0,0.0,0.0
275.50806,0.9469317,0.0,0.008120172,0.9435778,2018-01-19 18:00:00,0.0,0.0,0.0,0.0,0.0
276.05396,0.98498976,0.0,0.0,0.98498976,2018-01-19 19:00:00,0.0,0.0,0.0,0.0,0.0
276.59204,0.95120597,0.0,0.0,0.95120597,2018-01-19 20:00:00,0.0,0.0,0.0,0.0,0.0
277.66772,0.93858814,0.0,0.0,0.93858814,2018-01-19 21:00:00,0.0,0.0,0.0,0.0,0.0
277.37622,0.36057448,0.0,0.0,0.36057448,2018-01-19 22:00:00,0.0,0.0,0.0,0.0,0.0
277.07568,0.32977915,0.0,0.0,0.32977915,2018-01-19 23:00:00,0.0,0.0,0.0,0.0,0.0
276.14453,0.30502248,0.0,0.0,0.30502248,2018-01-20 00:00:00,0.0,0.0,0.0,0.0,0.0
275.5244,0.384677,0.0,0.0,0.384677,2018-01-20 01:00:00,0.0,0.0,0.0,0.0,0.0
275.365,0.85721934,0.0,0.0,0.85721934,2018-01-20 02:00:00,0.0,0.0,0.0,0.0,0.0
275.03955,0.84466195,0.0,0.0,0.84466195,2018-01-20 03:00:00,0.0,0.0,0.0,0.0,0.0
274.94873,0.9742056,0.0,0.033199225,0.9742056,2018-01-20 04:00:00,0.0,0.0,0.0,0.0,0.0
274.59668,0.98554313,0.0,0.025821108,0.98554313,2018-01-20 05:00:00,0.0,0.0,0.0,0.0,0.0
273.9673,0.9747407,0.0,0.45601106,0.9428999,2018-01-20 06:00:00,0.0,0.0,0.0,0.0,0.0
273.12085,0.7657184,0.0,0.338225,0.67910284,2018-01-20 07:00:00,0.0,0.0,0.0,0.0,0.0
271.99048,0.6825508,0.0,0.17518717,0.6176579,2018-01-20 08:00:00,0.0,0.0,0.0,0.0,0.0
269.56982,0.5904304,0.0,0.054979905,0.57926023,2018-01-20 09:00:00,0.0,0.0,0.0,0.0,0.0
270.24146,0.49830526,0.0,0.0,0.49830526,2018-01-20 10:00:00,0.0,0.0,0.0,0.0,0.0
269.99268,0.53823066,0.0,0.0,0.53823066,2018-01-20 11:00:00,0.0,0.0,0.0,0.0,0.0
270.34424,0.5297241,0.0,0.04228292,0.5084801,2018-01-20 12:00:00,0.0,0.0,0.0,0.0,0.0
270.0205,0.9101028,0.0,0.7993218,0.5530222,2018-01-20 13:00:00,0.0,0.0,0.0,0.0,0.0
269.8706,0.9655589,0.0,0.8558996,0.7157566,2018-01-20 14:00:00,0.0,0.0,0.0,0.0,0.0
272.36304,0.94838125,0.0,0.8449957,0.6701167,2018-01-20 15:00:00,0.0,0.0,0.0,0.0,0.0
273.4192,0.981619,0.0,0.9026597,0.66687703,2018-01-20 16:00:00,0.0,0.0,0.0,0.0,0.0
275.50073,0.9688407,0.0,0.8969532,0.5932038,2018-01-20 17:00:00,0.0,0.0,0.0,0.0,0.0
275.56665,0.9614959,0.0,0.856232,0.71995723,2018-01-20 18:00:00,0.0,0.0,0.0,0.0,0.0
276.11304,0.9545081,0.0,0.72225803,0.87883633,2018-01-20 19:00:00,0.0,0.0,0.0,0.0,0.0
276.7041,0.954091,0.009481411,0.6938034,0.8530426,2018-01-20 20:00:00,0.0,0.0,0.0,0.0,0.0
277.24927,0.9306235,0.0,0.6578723,0.80231357,2018-01-20 21:00:00,0.0,0.0,0.0,0.0,0.0
276.9319,0.98004687,0.0,0.7708563,0.8924757,2018-01-20 22:00:00,0.0,0.0,0.0,0.0,0.0
276.75366,0.949028,0.0,0.7672661,0.8780627,2018-01-20 23:00:00,0.0,0.0,0.0,0.0,0.0
276.1985,0.9841624,0.0,0.91926396,0.9622871,2018-01-21 00:00:00,0.0,0.0,0.0,0.0,0.0
275.70825,0.89044505,0.0,0.56638956,0.8195726,2018-01-21 01:00:00,0.0,0.0,0.0,0.0,0.0
275.71167,0.8627457,0.0,0.19428009,0.84879285,2018-01-21 02:00:00,0.0,3.813414e-07,0.0,0.0,3.813414e-07
274.54517,0.95069116,0.0,0.38224483,0.930814,2018-01-21 03:00:00,0.0,0.0,0.0,0.0,0.0
274.52002,0.9978961,0.0,0.80989015,0.9939002,2018-01-21 04:00:00,0.0,0.0,0.0,0.0,0.0
274.4265,0.990789,0.0,0.8059192,0.98370636,2018-01-21 05:00:00,0.0,0.0,0.0,0.0,0.0
274.19727,0.9966217,0.0,0.8266672,0.99164295,2018-01-21 06:00:00,0.0,0.0,0.0,0.0,0.0
273.76978,0.9989426,0.0,0.83053195,0.99130386,2018-01-21 07:00:00,0.0,0.0,0.0,0.0,0.0
273.7622,0.9949934,0.0,0.8107994,0.98999023,2018-01-21 08:00:00,0.0,0.0,0.0,0.0,0.0
273.54077,0.9978961,0.0,0.6105855,0.9923612,2018-01-21 09:00:00,0.0,0.0,0.0,0.0,0.0
273.27954,1.0,0.0,0.9257563,0.9923612,2018-01-21 10:00:00,7.0,0.0,9.533534e-08,0.0,0.0
273.333,1.0,0.0,0.92287385,0.9834007,2018-01-21 11:00:00,6.0,1.7926268e-06,1.9164818e-06,0.0,1.7926268e-06
273.26538,0.99946827,0.0,0.9777785,0.9870936,2018-01-21 12:00:00,5.0,1.4112857e-06,1.2206146e-06,0.0,1.4112857e-06
273.2744,0.99946827,0.0,0.9452303,0.98841465,2018-01-21 13:00:00,5.0,2.975753e-06,2.851898e-06,0.0,2.8616732e-06
273.33594,0.997629,0.0,0.93543434,0.9826188,2018-01-21 14:00:00,5.0,1.705144e-05,1.702756e-05,0.0,1.705144e-05
274.1079,0.99946827,0.0,0.9452938,0.9799832,2018-01-21 15:00:00,6.0,4.0108192e-05,4.0151135e-05,0.0,4.0108192e-05
274.58496,0.9989426,0.0,0.9835778,0.9742056,2018-01-21 16:00:00,6.0,4.73915e-05,4.7253212e-05,0.0,4.73915e-05
274.93726,0.997629,0.0,0.9022216,0.986901,2018-01-21 17:00:00,6.0,2.894993e-05,2.6985537e-05,0.0,2.894993e-05
275.44897,0.99946827,0.0,0.78709584,0.98836523,2018-01-21 18:00:00,7.0,1.3884698e-05,6.4118585e-06,0.0,1.3884698e-05
275.7351,0.9970973,0.0,0.7866849,0.98999023,2018-01-21 19:00:00,1.0,2.6726156e-07,0.0,1.3363075e-07,0.0
275.69287,0.99055785,0.0,0.79670584,0.94333345,2018-01-21 20:00:00,1.0,1.2972059e-06,0.0,0.0,1.1831262e-06
275.64404,0.9315498,0.0,0.6460284,0.8093427,2018-01-21 21:00:00,1.0,3.891618e-06,0.0,0.0,3.891618e-06
275.4397,0.61688095,0.0,0.5694259,0.15978736,2018-01-21 22:00:00,1.0,1.8317287e-06,0.0,0.0,1.678547e-06
275.22046,0.49471068,0.0,0.49471068,0.0,2018-01-21 23:00:00,6.0,6.4860296e-07,3.3407698e-08,0.0,6.4860296e-07
274.90063,0.4484372,0.0,0.4484372,0.0,2018-01-22 00:00:00,6.0,2.6726156e-07,2.5748608e-07,0.0,3.813414e-07
274.96924,0.6033218,0.0,0.6033218,0.0,2018-01-22 01:00:00,6.0,0.0,8.107537e-08,0.0,0.0
274.93286,0.76191884,0.01173529,0.7466325,0.12017608,2018-01-22 02:00:00,6.0,0.0,3.3407698e-08,0.0,0.0
274.8589,0.8724224,0.01609889,0.7424211,0.602281,2018-01-22 03:00:00,0.0,1.833518e-05,0.0,1.833518e-05,0.0
274.77588,0.9160543,0.0250809,0.81213677,0.70862246,2018-01-22 04:00:00,8.0,5.479672e-05,1.1936965e-08,5.4691933e-05,0.0
274.48706,0.98798066,0.0659439,0.71690327,0.97584814,2018-01-22 05:00:00,5.0,0.0003036107,1.9054642e-05,0.00030278042,8.3959446e-07
274.17432,0.99946827,0.12502599,0.99609,0.96205735,2018-01-22 06:00:00,8.0,0.00015583825,3.903282e-05,0.00015289038,2.99562e-06
273.8877,0.99604,0.22932029,0.9701927,0.9569875,2018-01-22 07:00:00,5.0,3.320878e-05,1.4393746e-05,1.4276613e-05,1.8979918e-05
273.7129,0.9970973,0.36493576,0.8570109,0.9805366,2018-01-22 08:00:00,5.0,0.000103281505,6.793611e-05,4.5203502e-05,5.8078003e-05
273.35205,1.0,0.4279676,0.96636564,1.0,2018-01-22 09:00:00,5.0,0.000105500876,9.652156e-05,2.2584733e-05,8.248705e-05
273.62036,1.0,0.6255677,0.9763418,1.0,2018-01-22 10:00:00,5.0,0.00017846591,0.00016958946,2.6738795e-05,0.0001517271
273.59497,1.0,0.81787956,0.9949968,1.0,2018-01-22 11:00:00,5.0,0.00035283365,0.00034522405,3.7351536e-05,0.00031553907
273.573,1.0,0.99262244,0.9689086,1.0,2018-01-22 12:00:00,5.0,0.00065335794,0.0006374121,0.00013373491,0.00051939394
273.385,1.0,0.93896085,0.99174684,1.0,2018-01-22 13:00:00,5.0,0.0009708707,0.0009653473,0.00016368079,0.000807161
273.2505,1.0,0.696706,1.0,1.0,2018-01-22 14:00:00,5.0,0.0010653276,0.0010653292,0.0,0.0010657089
272.74048,1.0,0.884598,1.0,1.0,2018-01-22 15:00:00,5.0,0.001443095,0.0014365902,0.00023572614,0.0012072641
272.55615,1.0,0.97156394,1.0,1.0,2018-01-22 16:00:00,5.0,0.0015078888,0.001507588,0.00019264076,0.0013155153
272.37354,1.0,0.97199047,1.0,1.0,2018-01-22 17:00:00,5.0,0.001499624,0.0014989604,0.0,0.001499624
272.08545,1.0,0.9500094,1.0,1.0,2018-01-22 18:00:00,5.0,0.0016559768,0.0016536564,5.4910042e-06,0.0016504382
271.92407,1.0,0.8850532,1.0,1.0,2018-01-22 19:00:00,5.0,0.002408138,0.0024078614,3.0081155e-06,0.002404701
271.7212,1.0,0.9942508,0.9942508,1.0,2018-01-22 20:00:00,5.0,0.0024256106,0.0024257202,0.0,0.0024258778
271.3452,1.0,0.99675006,1.0,1.0,2018-01-22 21:00:00,5.0,0.0031169425,0.0031168757,0.0,0.0031169425
270.80078,1.0,0.99675006,1.0,1.0,2018-01-22 22:00:00,5.0,0.0038887905,0.003889072,0.0,0.0038887905
270.67114,1.0,0.9898872,1.0,1.0,2018-01-22 23:00:00,5.0,0.00354577,0.0035456268,0.0,0.00354577
270.53198,1.0,0.9949968,0.9966217,0.9966217,2018-01-23 00:00:00,5.0,0.0023713359,0.0023712404,0.0,0.0023713359
270.3755,1.0,0.9771089,1.0,1.0,2018-01-23 01:00:00,5.0,0.0014075832,0.0014076361,0.0,0.0014075832
270.41333,1.0,0.9740676,1.0,1.0,2018-01-23 02:00:00,5.0,0.00087107485,0.0008711987,0.0,0.00087107485
269.937,1.0,0.99289286,0.997629,1.0,2018-01-23 03:00:00,5.0,0.00060612196,0.00060616946,0.0,0.00060612196
269.84155,1.0,0.97011244,1.0,1.0,2018-01-23 04:00:00,5.0,0.00042528147,0.00042519532,0.0,0.00042528147
269.1665,1.0,1.0,0.8720184,1.0,2018-01-23 05:00:00,5.0,0.00026038103,0.00026037171,0.0,0.00026038103
269.13672,0.99627113,0.8499193,0.6864746,0.9909002,2018-01-23 06:00:00,5.0,0.00012993986,0.00012972532,0.0,0.00012993986
268.8015,0.9788243,0.42261332,0.4872046,0.9788243,2018-01-23 07:00:00,5.0,8.191644e-05,8.1971e-05,0.0,8.183984e-05
268.2517,0.92439556,0.26051205,0.36802548,0.8864106,2018-01-23 08:00:00,5.0,4.6977293e-05,4.7013105e-05,0.0,4.6977293e-05
266.85693,0.93254125,0.5697025,0.19342113,0.8436189,2018-01-23 09:00:00,5.0,2.1344167e-05,2.1167507e-05,0.0,2.1344167e-05
265.54736,0.99525803,0.94936675,0.041446507,0.82228565,2018-01-23 10:00:00,5.0,8.392691e-06,8.578877e-06,0.0,8.392691e-06
265.3313,0.9989426,0.9917984,0.008701935,0.7090044,2018-01-23 11:00:00,5.0,4.0819496e-06,3.898328e-06,0.0,4.0819496e-06
265.1604,0.99273616,0.9911471,0.0,0.5254882,2018-01-23 12:00:00,5.0,3.8916087e-06,3.917725e-06,0.0,3.8916087e-06
265.14917,1.0,1.0,0.0,0.75984997,2018-01-23 13:00:00,5.0,7.019252e-06,7.1627383e-06,0.0,7.2679286e-06
264.81665,1.0,1.0,0.0,0.6566343,2018-01-23 14:00:00,5.0,9.0022195e-06,8.9594405e-06,0.0,9.0022195e-06
264.82275,0.9836258,0.9744727,0.0,0.17540437,2018-01-23 15:00:00,5.0,4.7683707e-06,4.448797e-06,0.0,4.7683707e-06
265.03345,0.90899193,0.90899193,0.0,0.032236736,2018-01-23 16:00:00,5.0,3.1282843e-06,3.106894e-06,0.0,3.1282843e-06
265.50024,0.88214713,0.8720539,0.0,0.080640495,2018-01-23 17:00:00,5.0,1.6791882e-06,1.6645254e-06,0.0,1.6791882e-06
266.17114,0.731623,0.590297,0.0,0.30608064,2018-01-23 18:00:00,5.0,6.678286e-07,6.9154214e-07,0.0,6.678286e-07
267.03882,0.7544926,0.3576972,0.0,0.5763954,2018-01-23 19:00:00,5.0,0.0,0.0,0.0,0.0
267.6194,0.8437871,0.16870713,0.0,0.76090264,2018-01-23 20:00:00,0.0,0.0,0.0,0.0,0.0
268.38037,0.40974927,0.080326915,0.0,0.33683586,2018-01-23 21:00:00,0.0,0.0,0.0,0.0,0.0
268.42456,0.08008009,0.0454425,0.0,0.03463762,2018-01-23 22:00:00,0.0,0.0,0.0,0.0,0.0
267.22852,0.10937798,0.009008683,0.0,0.100375414,2018-01-23 23:00:00,0.0,0.0,1.1936965e-08,0.0,0.0
266.60693,0.7381411,0.012420088,0.052718252,0.7272681,2018-01-24 00:00:00,0.0,0.0,1.1936965e-08,0.0,0.0
265.96582,0.9560281,0.0037098185,0.28085053,0.9560281,2018-01-24 01:00:00,0.0,0.0,0.0,0.0,0.0
266.32007,1.0,0.0015890491,0.6110967,1.0,2018-01-24 02:00:00,0.0,0.0,0.0,0.0,0.0
265.35107,1.0,0.00053172023,0.93815255,1.0,2018-01-24 03:00:00,5.0,0.0,0.0,0.0,0.0
265.27295,1.0,0.004307229,0.98786974,1.0,2018-01-24 04:00:00,5.0,0.0,6.6815346e-08,0.0,0.0
264.5791,1.0,0.0,1.0,0.99946827,2018-01-24 05:00:00,0.0,0.0,4.5344667e-08,0.0,0.0
264.0083,1.0,0.027924988,1.0,0.9989426,2018-01-24 06:00:00,0.0,0.0,1.1936965e-08,0.0,0.0
263.4856,0.9913792,0.067566395,0.9535349,0.98195416,2018-01-24 07:00:00,0.0,0.0,0.0,0.0,0.0
263.20605,0.88552845,0.041336283,0.48871303,0.87133133,2018-01-24 08:00:00,0.0,0.0,0.0,0.0,0.0
262.39795,0.3987602,0.009478044,0.07321733,0.38875043,2018-01-24 09:00:00,5.0,0.0,0.0,0.0,0.0
262.60522,0.11182952,0.097560585,0.0026463778,0.013218891,2018-01-24 10:00:00,5.0,1.14079796e-07,3.383999e-07,0.0,1.14079796e-07
262.61646,0.49258035,0.49258035,0.0,0.0,2018-01-24 11:00:00,5.0,0.0,2.3841858e-07,0.0,3.627573e-07
262.7788,0.5590942,0.5590942,0.0,0.0,2018-01-24 12:00:00,5.0,4.7683716e-07,3.8150176e-07,0.0,4.7683716e-07
262.8379,0.67990696,0.67990696,0.0,0.0,2018-01-24 13:00:00,5.0,4.7683716e-07,5.9124e-07,0.0,5.6272006e-07
263.23828,0.76515764,0.76515764,0.0,0.0,2018-01-24 14:00:00,5.0,8.5817857e-07,7.745384e-07,0.0,7.338398e-07
262.90698,0.8764178,0.8660369,0.0,0.058249515,2018-01-24 15:00:00,5.0,8.004925e-07,8.5785547e-07,0.0,8.004925e-07
264.1455,0.94920856,0.9368293,0.0,0.28876865,2018-01-24 16:00:00,5.0,6.864127e-07,7.340002e-07,0.0,7.722956e-07
266.11426,0.9679757,0.9342728,0.0,0.6427989,2018-01-24 17:00:00,5.0,6.864127e-07,5.57751e-07,0.0,7.722956e-07
267.0088,0.9164557,0.8769553,0.024269935,0.5347045,2018-01-24 18:00:00,5.0,2.0957555e-07,3.193324e-07,0.0,2.0957555e-07
267.76123,0.9941863,0.93217736,0.06388897,0.7546244,2018-01-24 19:00:00,5.0,0.0,5.239389e-08,0.0,0.0
268.22656,0.8825268,0.6119466,0.19653237,0.60485786,2018-01-24 20:00:00,5.0,0.0,0.0,0.0,0.0
268.50317,0.9740441,0.5149701,0.31648177,0.9179523,2018-01-24 21:00:00,5.0,0.0,0.0,0.0,0.0
268.72437,0.98578763,0.9354913,0.38783878,0.9024535,2018-01-24 22:00:00,5.0,0.0,2.3873934e-08,0.0,0.0
268.9087,0.89368284,0.783075,0.4434691,0.37908763,2018-01-24 23:00:00,5.0,0.0,1.1920929e-07,0.0,0.0
268.37646,0.8559585,0.5822932,0.00053172023,0.4205807,2018-01-25 00:00:00,5.0,0.0,2.1454463e-07,0.0,0.0
268.1289,0.9538461,0.3454836,0.00053172023,0.9033482,2018-01-25 01:00:00,5.0,0.0,1.6215074e-07,0.0,0.0
267.74365,0.9623841,0.18446916,0.0,0.9556447,2018-01-25 02:00:00,5.0,0.0,1.6215074e-07,0.0,0.0
267.20532,0.9061177,0.056183815,0.004207764,0.8993856,2018-01-25 03:00:00,0.0,0.0,2.8519953e-08,0.0,0.0
267.0393,0.9655993,0.053876135,0.10761732,0.9655993,2018-01-25 04:00:00,0.0,0.0,0.0,0.0,0.0
266.42993,0.4119423,0.033665255,0.25727522,0.2763825,2018-01-25 05:00:00,0.0,0.0,0.0,0.0,0.0
266.10962,0.0021207693,0.0,0.0021207693,0.0,2018-01-25 06:00:00,0.0,0.0,0.0,0.0,0.0
265.65088,0.0026463778,0.0,0.0026463778,0.0,2018-01-25 07:00:00,0.0,0.0,0.0,0.0,0.0
264.9917,0.0,0.0,0.0,0.0,2018-01-25 08:00:00,0.0,0.0,0.0,0.0,0.0
265.18652,0.0,0.0,0.0,0.0,2018-01-25 09:00:00,0.0,0.0,0.0,0.0,0.0
266.33984,0.01564255,0.0,0.0,0.01564255,2018-01-25 10:00:00,0.0,0.0,0.0,0.0,0.0
266.12842,0.3365556,0.0,0.0,0.3365556,2018-01-25 11:00:00,0.0,0.0,0.0,0.0,0.0
265.98145,0.9339527,0.0,0.0,0.9339527,2018-01-25 12:00:00,0.0,0.0,0.0,0.0,0.0
266.96484,0.9039764,0.0,0.0,0.9039764,2018-01-25 13:00:00,5.0,0.0,0.0,0.0,0.0
267.27295,0.5765454,0.0,0.008947253,0.5765454,2018-01-25 14:00:00,5.0,0.0,0.0,0.0,0.0
267.51465,0.44819796,0.21010578,0.028726228,0.29916722,2018-01-25 15:00:00,5.0,0.0,0.0,0.0,0.0
267.63452,0.11755204,0.056043748,0.042664368,0.04905022,2018-01-25 16:00:00,0.0,0.0,0.0,0.0,0.0
268.1006,0.16970593,0.0,0.0,0.16970593,2018-01-25 17:00:00,0.0,0.0,0.0,0.0,0.0
268.4978,0.36586618,0.0033782488,0.0,0.36251235,2018-01-25 18:00:00,0.0,0.0,0.0,0.0,0.0
268.8943,0.4659499,0.0,0.0,0.4659499,2018-01-25 19:00:00,0.0,0.0,0.0,0.0,0.0
269.20776,0.5135117,0.0,0.0,0.5135117,2018-01-25 20:00:00,0.0,0.0,0.0,0.0,0.0
269.71167,0.7411292,0.0,0.0,0.7411292,2018-01-25 21:00:00,0.0,0.0,0.0,0.0,0.0
269.83203,0.9936714,0.9243366,0.0,0.9510445,2018-01-25 22:00:00,0.0,0.0,0.0,0.0,0.0
269.98535,0.99736434,0.89358985,0.0,0.9721103,2018-01-25 23:00:00,0.0,0.0,0.0,0.0,0.0
270.12085,0.9812407,0.79616404,0.0,0.9390423,2018-01-26 00:00:00,0.0,0.0,0.0,0.0,0.0
270.427,0.98342234,0.4476152,0.0,0.95549154,2018-01-26 01:00:00,0.0,0.0,0.0,0.0,0.0
270.5901,0.8305302,0.112882555,0.0,0.81411815,2018-01-26 02:00:00,0.0,0.0,0.0,0.0,0.0
271.0852,0.6582701,0.011606943,0.0,0.6566451,2018-01-26 03:00:00,0.0,0.0,0.0,0.0,0.0
271.135,0.6595607,0.0,0.0,0.6595607,2018-01-26 04:00:00,0.0,0.0,0.0,0.0,0.0
271.5857,0.32514375,0.0,0.0,0.32514375,2018-01-26 05:00:00,0.0,0.0,0.0,0.0,0.0
271.68555,0.76677954,0.0,0.0,0.76677954,2018-01-26 06:00:00,0.0,0.0,0.0,0.0,0.0
271.7749,0.820193,0.0,0.0,0.820193,2018-01-26 07:00:00,0.0,0.0,0.0,0.0,0.0
272.1006,0.9128894,0.0,0.0,0.9128894,2018-01-26 08:00:00,0.0,0.0,0.0,0.0,0.0
273.0957,0.90033627,0.0,0.0,0.90033627,2018-01-26 09:00:00,0.0,0.0,0.0,0.0,0.0
274.5298,0.7353905,0.0,0.0,0.7353905,2018-01-26 10:00:00,0.0,0.0,0.0,0.0,0.0
275.167,0.62473315,0.0,0.0,0.62473315,2018-01-26 11:00:00,0.0,0.0,0.0,0.0,0.0
275.6289,0.36824846,0.0,0.0,0.36824846,2018-01-26 12:00:00,0.0,0.0,0.0,0.0,0.0
276.11572,0.33070296,0.0,0.0,0.33070296,2018-01-26 13:00:00,0.0,0.0,0.0,0.0,0.0
276.73438,0.091450036,0.0,0.0,0.091450036,2018-01-26 14:00:00,0.0,0.0,0.0,0.0,0.0
278.4497,0.0,0.0,0.0,0.0,2018-01-26 15:00:00,0.0,0.0,0.0,0.0,0.0
278.68042,0.004235424,0.0,0.004235424,0.0,2018-01-26 16:00:00,0.0,0.0,0.0,0.0,0.0
279.1548,0.0,0.0,0.0,0.0,2018-01-26 17:00:00,0.0,0.0,0.0,0.0,0.0
279.35815,0.07252878,0.0,0.0,0.07252878,2018-01-26 18:00:00,0.0,0.0,0.0,0.0,0.0
279.3789,0.4393155,0.0,0.0,0.4393155,2018-01-26 19:00:00,0.0,0.0,0.0,0.0,0.0
279.1333,0.6427642,0.0,0.0,0.6427642,2018-01-26 20:00:00,0.0,0.0,0.0,0.0,0.0
279.4099,0.80477273,0.0010573287,0.0,0.80477273,2018-01-26 21:00:00,0.0,0.0,0.0,0.0,0.0
277.59888,0.76254654,0.00053172023,0.23926514,0.7620148,2018-01-26 22:00:00,0.0,0.0,0.0,0.0,0.0
276.8672,0.8167943,0.0,0.7380589,0.7880757,2018-01-26 23:00:00,0.0,0.0,0.0,0.0,0.0
276.1079,0.99338746,0.0,0.99233013,0.96882755,2018-01-27 00:00:00,0.0,0.0,0.0,0.0,0.0
276.10083,1.0,0.015814707,1.0,0.9732065,2018-01-27 01:00:00,0.0,0.0,0.0,0.0,0.0
275.67554,1.0,0.0032499009,0.9978961,0.9777383,2018-01-27 02:00:00,0.0,0.0,0.0,0.0,0.0
274.80615,0.9735148,0.32554895,0.95810795,0.92100734,2018-01-27 03:00:00,0.0,0.0,0.0,0.0,0.0
274.54395,0.9912728,0.9659009,0.7950231,0.5589203,2018-01-27 04:00:00,6.0,0.0,1.42599745e-08,0.0,0.0
274.3003,1.0,1.0,0.7515767,0.10933077,2018-01-27 05:00:00,6.0,0.0,2.6196943e-08,0.0,0.0
273.9817,1.0,1.0,0.60874563,0.058635052,2018-01-27 06:00:00,6.0,0.0,4.7667676e-08,0.0,0.0
273.9973,0.9521034,0.9499995,0.10927737,0.0,2018-01-27 07:00:00,5.0,6.864127e-07,6.1014487e-07,0.0,6.864127e-07
273.27954,0.81096405,0.81096405,0.0,0.0,2018-01-27 08:00:00,5.0,8.004925e-07,7.721341e-07,0.0,8.004925e-07
272.25635,0.54982483,0.54982483,0.0,0.0,2018-01-27 09:00:00,5.0,2.0957555e-07,2.716647e-07,0.0,2.0957555e-07
269.68604,0.28676432,0.28676432,0.0,0.0,2018-01-27 10:00:00,5.0,0.0,5.239389e-08,0.0,0.0
269.42456,0.075122654,0.075122654,0.0,0.0,2018-01-27 11:00:00,5.0,0.0,1.1936965e-08,0.0,0.0
269.15112,0.010160383,0.010160383,0.0,0.0,2018-01-27 12:00:00,0.0,0.0,0.0,0.0,0.0
268.47705,0.0,0.0,0.0,0.0,2018-01-27 13:00:00,0.0,0.0,0.0,0.0,0.0
268.2068,0.0,0.0,0.0,0.0,2018-01-27 14:00:00,0.0,0.0,0.0,0.0,0.0
269.2163,0.0,0.0,0.0,0.0,2018-01-27 15:00:00,0.0,0.0,0.0,0.0,0.0
270.53247,0.03654578,0.0,0.03654578,0.0,2018-01-27 16:00:00,0.0,0.0,0.0,0.0,0.0
271.68335,0.3876354,0.0032499009,0.3876354,0.0,2018-01-27 17:00:00,0.0,0.0,0.0,0.0,0.0
272.18506,0.5653542,0.0032499009,0.5653542,0.0,2018-01-27 18:00:00,7.0,1.202612e-05,1.009296e-05,1.1749246e-05,5.3452317e-07
272.41333,0.4426515,0.004207764,0.4426515,0.0021207693,2018-01-27 19:00:00,6.0,8.6639484e-05,8.528019e-05,7.541651e-05,1.1499844e-05
272.45312,0.43706417,0.0010573287,0.4365325,0.0021207693,2018-01-27 20:00:00,6.0,7.0899405e-05,6.653079e-05,5.8103644e-05,1.2700261e-05
273.07617,0.43745124,0.0,0.43745124,0.0,2018-01-27 21:00:00,0.0,5.92898e-05,5.5958677e-05,5.139316e-05,7.839602e-06
272.0327,0.5447537,0.0,0.5447537,0.0071128868,2018-01-27 22:00:00,0.0,1.21356e-05,1.19188135e-05,9.922543e-06,2.1560163e-06
271.58374,0.23137987,0.0,0.23137987,0.0,2018-01-27 23:00:00,0.0,9.549569e-08,5.9684794e-08,0.0,9.549569e-08
270.0205,0.010302067,0.005003199,0.005298864,0.0,2018-01-28 00:00:00,0.0,0.0,0.0,0.0,0.0
269.19507,0.013471484,0.013471484,0.0,0.0,2018-01-28 01:00:00,0.0,0.0,0.0,0.0,0.0
268.62866,0.007107079,0.007107079,0.0037288337,0.0,2018-01-28 02:00:00,0.0,0.0,0.0,0.0,0.0
266.99756,0.21392924,0.09158707,0.20101678,0.0,2018-01-28 03:00:00,0.0,0.0,0.0,0.0,0.0
266.4912,0.8744958,0.5051318,0.8611249,0.0033782488,2018-01-28 04:00:00,0.0,0.0,0.0,0.0,0.0
264.60352,0.994415,0.77573496,0.9933516,0.0,2018-01-28 05:00:00,0.0,0.0,3.3407698e-08,0.0,0.0
263.3623,0.9949934,0.61165065,0.9949934,0.0,2018-01-28 06:00:00,5.0,2.634155e-06,2.5911331e-06,0.0,2.634155e-06
264.0642,1.0,0.5794422,1.0,0.0,2018-01-28 07:00:00,5.0,2.6062626e-05,2.6038746e-05,0.0,2.6062626e-05
263.91357,0.64929014,0.35317463,0.58836997,0.0,2018-01-28 08:00:00,5.0,1.0493615e-05,1.0360146e-05,0.0,1.028404e-05
263.25366,0.31483012,0.31483012,0.0,0.0,2018-01-28 09:00:00,5.0,1.0683952e-06,1.0279382e-06,0.0,1.0683952e-06
263.2517,0.6801385,0.53536636,0.23143953,0.0399068,2018-01-28 10:00:00,5.0,5.7233285e-07,5.626387e-07,0.0,5.7233285e-07
263.2798,0.71588254,0.6915333,0.004235424,0.17233205,2018-01-28 11:00:00,5.0,1.067754e-06,8.6995396e-07,0.0,8.5817857e-07
263.73535,0.84874827,0.8044928,0.0,0.24364328,2018-01-28 12:00:00,5.0,2.6123453e-06,2.3333077e-06,0.0,2.5168492e-06
263.85034,0.9682109,0.9682109,0.0,0.09401542,2018-01-28 13:00:00,5.0,4.8427073e-06,4.6089326e-06,0.0,4.670942e-06
264.36328,0.9577179,0.95436406,0.0,0.05277569,2018-01-28 14:00:00,5.0,4.9183272e-06,5.195363e-06,0.0,5.2810838e-06
264.43262,0.8567293,0.8567293,0.0,0.0,2018-01-28 15:00:00,5.0,6.1411965e-06,6.0026796e-06,0.0,6.0457005e-06
264.489,0.9804501,0.9804501,0.0,0.0,2018-01-28 16:00:00,5.0,1.1100559e-05,1.1124595e-05,0.0,1.1100559e-05
264.78638,1.0,1.0,0.0,0.0,2018-01-28 17:00:00,5.0,6.8282416e-06,6.9927155e-06,0.0,7.095503e-06
264.95825,1.0,1.0,0.0,0.0,2018-01-28 18:00:00,5.0,1.3356566e-06,1.2996034e-06,0.0,1.182475e-06
265.17798,1.0,1.0,0.0,0.0,2018-01-28 19:00:00,5.0,3.3385013e-06,3.014039e-06,0.0,2.9757439e-06
265.33252,1.0,1.0,0.0,0.021175668,2018-01-28 20:00:00,5.0,7.2551467e-07,8.514501e-07,0.0,9.350902e-07
265.35522,1.0,1.0,0.0,0.2339992,2018-01-28 21:00:00,5.0,1.9099144e-07,4.1266668e-07,0.0,5.7233285e-07
265.21777,0.97931254,0.9611887,0.0,0.34581572,2018-01-28 22:00:00,5.0,0.0,1.2401568e-07,0.0,9.549569e-08
264.94287,0.85365874,0.6557629,0.0,0.39664006,2018-01-28 23:00:00,5.0,0.0,1.2401568e-07,0.0,9.549569e-08
264.36035,0.44223177,0.17976701,0.0,0.28267562,2018-01-29 00:00:00,5.0,9.549569e-08,1.0014173e-07,0.0,9.549569e-08
263.90234,0.42269027,0.075897634,0.0,0.3636077,2018-01-29 01:00:00,0.0,9.549569e-08,1.2401568e-07,0.0,9.549569e-08
263.50415,0.7594241,0.065589845,0.0,0.7364601,2018-01-29 02:00:00,0.0,9.549569e-08,1.4788958e-07,0.0,9.549569e-08
262.02222,0.5815873,0.010847926,0.101579666,0.560975,2018-01-29 03:00:00,0.0,9.549569e-08,7.16218e-08,0.0,9.549569e-08
261.7434,0.4851781,0.005298864,0.41719913,0.31133395,2018-01-29 04:00:00,0.0,0.0,2.3873934e-08,0.0,0.0
261.2119,0.7915362,0.0021207693,0.76489544,0.44492197,2018-01-29 05:00:00,0.0,0.0,2.3873934e-08,0.0,0.0
259.78418,0.7486627,0.0,0.71619576,0.25358486,2018-01-29 06:00:00,0.0,0.0,1.1936965e-08,0.0,0.0
259.1897,0.88700914,0.0,0.8521152,0.60964507,2018-01-29 07:00:00,0.0,0.0,0.0,0.0,0.0
258.1953,0.94280905,0.0032499009,0.93780583,0.5379321,2018-01-29 08:00:00,5.0,0.0,0.0,0.0,0.0
256.90283,0.97947925,0.009766806,0.97947925,0.35686302,2018-01-29 09:00:00,5.0,0.0,0.0,0.0,0.0
257.65356,0.9056128,0.031903673,0.90234584,0.0,2018-01-29 10:00:00,5.0,0.0,1.6215074e-07,0.0,0.0
257.54834,0.9537911,0.25007677,0.93554866,0.0,2018-01-29 11:00:00,5.0,9.536743e-07,8.057847e-07,0.0,8.5817857e-07
257.47192,0.83680564,0.58537453,0.61390483,0.0,2018-01-29 12:00:00,5.0,8.5817857e-07,9.3444635e-07,0.0,9.536743e-07
256.48462,0.725129,0.725129,0.0,0.0,2018-01-29 13:00:00,0.0,0.0,1.4772922e-07,0.0,0.0
255.66866,0.43788755,0.43788755,0.0,0.0,2018-01-29 14:00:00,0.0,0.0,0.0,0.0,0.0
257.6526,0.19696909,0.19696909,0.0,0.0,2018-01-29 15:00:00,0.0,0.0,0.0,0.0,0.0
258.98682,0.57584643,0.57374257,0.002103883,0.0,2018-01-29 16:00:00,0.0,0.0,0.0,0.0,0.0
260.0598,0.07621473,0.05297645,0.02323829,0.0,2018-01-29 17:00:00,0.0,0.0,0.0,0.0,0.0
260.75757,0.05085568,0.05085568,0.0,0.0,2018-01-29 18:00:00,0.0,0.0,0.0,0.0,0.0
261.27612,0.013244111,0.013244111,0.0,0.0,2018-01-29 19:00:00,0.0,0.0,0.0,0.0,0.0
262.22046,0.004235424,0.004235424,0.0,0.0,2018-01-29 20:00:00,0.0,0.0,0.0,0.0,0.0
263.2107,0.013471484,0.0,0.013471484,0.0,2018-01-29 21:00:00,0.0,0.0,0.0,0.0,0.0
262.70996,0.0,0.0,0.0,0.0,2018-01-29 22:00:00,0.0,0.0,0.0,0.0,0.0
262.98633,0.11449164,0.0,0.11111337,0.08418751,2018-01-29 23:00:00,0.0,0.0,0.0,0.0,0.0
262.10425,0.0,0.0,0.0,0.0,2018-01-30 00:00:00,0.0,0.0,0.0,0.0,0.0
261.73413,0.0,0.0,0.0,0.0,2018-01-30 01:00:00,0.0,0.0,0.0,0.0,0.0
261.02954,0.0,0.0,0.0,0.0,2018-01-30 02:00:00,0.0,0.0,0.0,0.0,0.0
259.20508,0.03824695,0.0,0.0,0.03824695,2018-01-30 03:00:00,0.0,0.0,0.0,0.0,0.0
258.489,0.0929358,0.0,0.0,0.0929358,2018-01-30 04:00:00,0.0,0.0,0.0,0.0,0.0
257.62524,0.0,0.0,0.0,0.0,2018-01-30 05:00:00,0.0,0.0,0.0,0.0,0.0
256.5503,0.0,0.0,0.0,0.0,2018-01-30 06:00:00,0.0,0.0,0.0,0.0,0.0
256.00024,0.0,0.0,0.0,0.0,2018-01-30 07:00:00,0.0,0.0,0.0,0.0,0.0
255.32503,0.0,0.0,0.0,0.0,2018-01-30 08:00:00,0.0,0.0,0.0,0.0,0.0
253.10036,0.0,0.0,0.0,0.0,2018-01-30 09:00:00,0.0,0.0,0.0,0.0,0.0
252.64177,0.33065683,0.08244336,0.0,0.2748961,2018-01-30 10:00:00,5.0,0.0,2.3873934e-08,0.0,0.0
252.91756,0.8570743,0.08907318,0.0,0.8537205,2018-01-30 11:00:00,5.0,0.0,1.0478777e-07,0.0,9.549569e-08
253.77911,0.68824273,0.07553649,0.0,0.65404665,2018-01-30 12:00:00,5.0,0.0,1.4772922e-07,0.0,0.0
254.21431,0.98271227,0.056688365,0.0,0.98271227,2018-01-30 13:00:00,5.0,0.0,9.533534e-08,0.0,0.0
255.01451,1.0,0.034980882,0.024511095,1.0,2018-01-30 14:00:00,5.0,0.0,9.533534e-08,0.0,0.0
258.82178,1.0,0.0100932345,0.462982,1.0,2018-01-30 15:00:00,5.0,0.0,5.239389e-08,0.0,0.0
260.41138,0.9978433,0.033005334,0.99181867,0.9408681,2018-01-30 16:00:00,5.0,4.082609e-06,3.9826273e-06,0.0,4.082609e-06
261.7202,1.0,0.32275158,0.9957922,0.7851706,2018-01-30 17:00:00,5.0,4.0813145e-05,4.0708037e-05,0.0,4.0813145e-05
263.6438,0.9978961,0.36370927,0.9519896,0.9905219,2018-01-30 18:00:00,5.0,3.674008e-05,3.6735437e-05,0.0,3.674008e-05
264.48462,1.0,0.22705841,0.9531062,0.99371904,2018-01-30 19:00:00,5.0,4.816742e-05,4.8024667e-05,0.0,4.7957845e-05
265.52393,1.0,0.0033782488,0.9584024,1.0,2018-01-30 20:00:00,5.0,2.0719264e-05,2.0876527e-05,0.0,2.0719264e-05
266.9641,1.0,0.0,0.96736556,1.0,2018-01-30 21:00:00,5.0,7.3762076e-06,7.671828e-06,0.0,7.3762076e-06
268.12573,0.9978433,0.0,0.9877868,0.98999023,2018-01-30 22:00:00,0.0,3.813414e-07,4.3117052e-07,0.0,3.813414e-07
268.6006,0.9776406,0.0,0.46525943,0.9681592,2018-01-30 23:00:00,0.0,0.0,0.0,0.0,0.0
269.3933,0.97870314,0.0,0.2749409,0.97870314,2018-01-31 00:00:00,0.0,0.0,0.0,0.0,0.0
269.8999,1.0,0.0,1.0,0.981402,2018-01-31 01:00:00,0.0,0.0,0.0,0.0,0.0
270.30054,0.99336845,0.0,0.83391625,0.89626503,2018-01-31 02:00:00,0.0,0.0,0.0,0.0,0.0
270.98584,0.951096,0.0,0.0016249504,0.951096,2018-01-31 03:00:00,0.0,0.0,0.0,0.0,0.0
271.05273,0.997629,0.0,0.81748384,0.997629,2018-01-31 04:00:00,0.0,0.0,0.0,0.0,0.0
271.24707,1.0,0.0,1.0,1.0,2018-01-31 05:00:00,0.0,0.0,0.0,0.0,0.0
271.09253,1.0,0.0,1.0,0.959404,2018-01-31 06:00:00,5.0,2.6726156e-07,1.6703848e-07,0.0,2.6726156e-07
271.364,0.99946827,0.0,0.99629015,0.98734045,2018-01-31 07:00:00,5.0,7.6501005e-05,7.639598e-05,0.0,7.6501005e-05
271.2881,0.9978792,0.0078530945,0.99629015,0.9677654,2018-01-31 08:00:00,5.0,0.00038601272,0.00038620573,0.0,0.00038601272
271.80347,0.9978792,0.010847926,0.99629015,0.9872876,2018-01-31 09:00:00,5.0,0.0009284867,0.0009285726,9.7405655e-06,0.0009187462
271.5747,0.998375,0.0,0.99348307,0.70581996,2018-01-31 10:00:00,5.0,0.0006743788,0.0006746219,7.908729e-05,0.00059539615
271.92114,0.9949968,0.0,0.9949968,0.55915993,2018-01-31 11:00:00,5.0,0.00012135871,0.00012137313,3.0531053e-05,9.077061e-05
271.521,0.73868954,0.01575137,0.7173542,0.29500985,2018-01-31 12:00:00,0.0,1.7554494e-06,1.6742124e-06,0.0,1.583684e-06
270.51733,0.39909494,0.0010573287,0.3901176,0.015589852,2018-01-31 13:00:00,0.0,0.0,0.0,0.0,0.0
269.22314,0.0,0.0,0.0,0.0,2018-01-31 14:00:00,0.0,0.0,0.0,0.0,0.0
268.60278,0.0,0.0,0.0,0.0,2018-01-31 15:00:00,0.0,0.0,0.0,0.0,0.0
268.58496,0.011847511,0.011847511,0.0,0.0,2018-01-31 16:00:00,0.0,0.0,0.0,0.0,0.0
269.0984,0.0,0.0,0.0,0.0,2018-01-31 17:00:00,0.0,0.0,0.0,0.0,0.0
269.5393,0.0,0.0,0.0,0.0,2018-01-31 18:00:00,0.0,0.0,0.0,0.0,0.0
270.1228,0.0,0.0,0.0,0.0,2018-01-31 19:00:00,0.0,0.0,0.0,0.0,0.0
270.5232,0.0,0.0,0.0,0.0,2018-01-31 20:00:00,0.0,0.0,0.0,0.0,0.0
271.33984,0.12538469,0.0,0.091917515,0.07004857,2018-01-31 21:00:00,0.0,0.0,0.0,0.0,0.0
270.35278,0.6508276,0.0,0.63863045,0.24096769,2018-01-31 22:00:00,5.0,0.0,0.0,0.0,0.0
270.26343,0.9177941,0.029755197,0.9024677,0.34699494,2018-01-31 23:00:00,5.0,2.1819142e-05,2.190983e-05,2.07892e-05,1.0299436e-06
269.37744,0.9507618,0.62862694,0.9446693,0.054623123,2018-02-01 00:00:00,5.0,5.8574602e-05,5.8593752e-05,3.5762976e-05,2.2945242e-05
269.94434,0.99841094,0.9909913,0.9868063,0.0,2018-02-01 01:00:00,5.0,0.00010013132,0.00010021447,2.7031201e-05,7.302352e-05
270.0127,1.0,0.99946827,0.97764575,0.0,2018-02-01 02:00:00,5.0,0.00026773196,0.00026760553,0.0,0.00026773196
267.42334,0.99627113,0.99627113,0.41806442,0.0,2018-02-01 03:00:00,5.0,0.00015851992,0.00015869616,0.0,0.00015851992
264.65308,0.85789126,0.85789126,0.0,0.0,2018-02-01 04:00:00,5.0,1.3846825e-05,1.3636926e-05,0.0,1.3846825e-05
261.6704,0.998375,0.998375,0.0,0.0,2018-02-01 05:00:00,5.0,6.864127e-07,5.196159e-07,0.0,6.864127e-07
259.3374,0.7895774,0.7895774,0.0,0.0,2018-02-01 06:00:00,5.0,5.9091695e-07,3.717263e-07,0.0,5.9091695e-07
258.219,0.9968219,0.9968219,0.0,0.0,2018-02-01 07:00:00,5.0,1.372825e-06,1.1320835e-06,0.0,1.372825e-06
257.70483,1.0,1.0,0.01336024,0.0,2018-02-01 08:00:00,5.0,1.7541661e-06,1.5872893e-06,0.0,1.7541661e-06
255.51442,1.0,1.0,0.0,0.0,2018-02-01 09:00:00,5.0,1.7541661e-06,1.9163172e-06,0.0,1.7541661e-06
253.50964,1.0,1.0,0.0,0.0,2018-02-01 10:00:00,5.0,1.6400863e-06,1.4372372e-06,0.0,1.2773289e-06
253.51959,1.0,1.0,0.0,0.0,2018-02-01 11:00:00,5.0,7.8190845e-07,8.0802516e-07,0.0,7.8190845e-07
253.50645,1.0,1.0,0.0,0.0,2018-02-01 12:00:00,5.0,6.864127e-07,4.3141114e-07,0.0,3.050713e-07
253.31606,1.0,1.0,0.0,0.0,2018-02-01 13:00:00,5.0,6.864127e-07,4.5520488e-07,0.0,6.864127e-07
253.13123,0.648141,0.648141,0.0,0.0,2018-02-01 14:00:00,5.0,4.191511e-07,4.2412017e-07,0.0,6.864127e-07
254.16379,0.24863672,0.24863672,0.0,0.0,2018-02-01 15:00:00,5.0,5.9091695e-07,4.2412017e-07,0.0,5.9091695e-07
254.76411,0.9208985,0.9208985,0.0,0.0,2018-02-01 16:00:00,5.0,2.0957555e-07,3.717263e-07,0.0,2.0957555e-07
255.53427,1.0,1.0,0.0,0.0,2018-02-01 17:00:00,5.0,1.372825e-06,1.4442867e-06,0.0,1.372825e-06
256.00757,1.0,1.0,0.0,0.0,2018-02-01 18:00:00,5.0,6.864127e-07,7.1028666e-07,0.0,6.864127e-07
256.67212,0.78749067,0.78749067,0.0,0.0,2018-02-01 19:00:00,0.0,0.0,2.3873934e-08,0.0,0.0
257.28833,0.7529391,0.7529391,0.0,0.0,2018-02-01 20:00:00,0.0,0.0,0.0,0.0,0.0
258.54785,0.1880629,0.1880629,0.0,0.0,2018-02-01 21:00:00,0.0,0.0,0.0,0.0,0.0
258.31763,0.78509516,0.78509516,0.0,0.0,2018-02-01 22:00:00,0.0,0.0,0.0,0.0,0.0
257.74927,0.026763543,0.02066375,0.0,0.006631516,2018-02-01 23:00:00,0.0,0.0,0.0,0.0,0.0
256.8877,0.03496107,0.0,0.0,0.03496107,2018-02-02 00:00:00,0.0,0.0,0.0,0.0,0.0
256.28833,0.0,0.0,0.0,0.0,2018-02-02 01:00:00,0.0,0.0,0.0,0.0,0.0
255.37108,0.0,0.0,0.0,0.0,2018-02-02 02:00:00,0.0,0.0,0.0,0.0,0.0
253.9118,0.0,0.0,0.0,0.0,2018-02-02 03:00:00,0.0,0.0,0.0,0.0,0.0
253.58344,0.0,0.0,0.0,0.0,2018-02-02 04:00:00,0.0,0.0,0.0,0.0,0.0
252.02638,0.0,0.0,0.0,0.0,2018-02-02 05:00:00,0.0,0.0,0.0,0.0,0.0
250.40729,0.0,0.0,0.0,0.0,2018-02-02 06:00:00,0.0,0.0,0.0,0.0,0.0
250.07262,0.0,0.0,0.0,0.0,2018-02-02 07:00:00,0.0,0.0,0.0,0.0,0.0
249.5911,0.0,0.0,0.0,0.0,2018-02-02 08:00:00,0.0,0.0,0.0,0.0,0.0
248.5676,0.083839655,0.0,0.0,0.083839655,2018-02-02 09:00:00,0.0,0.0,0.0,0.0,0.0
249.0,0.80205053,0.0,0.109553635,0.80205053,2018-02-02 10:00:00,0.0,0.0,0.0,0.0,0.0
249.5086,0.78178567,0.0,0.5325776,0.7573775,2018-02-02 11:00:00,0.0,0.0,0.0,0.0,0.0
249.20364,0.35962903,0.0,0.34658307,0.16768223,2018-02-02 12:00:00,0.0,0.0,0.0,0.0,0.0
249.45276,0.0,0.0,0.0,0.0,2018-02-02 13:00:00,0.0,0.0,0.0,0.0,0.0
249.01212,0.0,0.0,0.0,0.0,2018-02-02 14:00:00,0.0,0.0,0.0,0.0,0.0
251.27763,0.0,0.0,0.0,0.0,2018-02-02 15:00:00,0.0,0.0,0.0,0.0,0.0
254.33098,0.0,0.0,0.0,0.0,2018-02-02 16:00:00,0.0,0.0,0.0,0.0,0.0
256.05444,0.9743624,0.0,0.029702444,0.9743624,2018-02-02 17:00:00,0.0,0.0,0.0,0.0,0.0
256.9414,0.9842654,0.0,0.15155709,0.9842654,2018-02-02 18:00:00,0.0,0.0,0.0,0.0,0.0
257.9895,0.95170975,0.0,0.25872803,0.9450816,2018-02-02 19:00:00,0.0,0.0,0.0,0.0,0.0
258.63037,0.5233654,0.0,0.3178836,0.2639982,2018-02-02 20:00:00,5.0,0.0,1.8610484e-07,0.0,3.627573e-07
259.62402,0.10331416,0.030564789,0.06554526,0.023349535,2018-02-02 21:00:00,5.0,1.1260809e-06,1.0808171e-06,0.0,1.1260809e-06
259.70947,0.742862,0.4208045,0.59551704,0.123645365,2018-02-02 22:00:00,5.0,1.2215769e-06,1.3265262e-06,0.0,1.2215769e-06
260.11475,0.9129134,0.8177586,0.50176495,0.39696473,2018-02-02 23:00:00,5.0,6.5642153e-06,6.5783133e-06,0.0,6.5642153e-06
260.50732,0.94327724,0.85475206,0.71662176,0.30583072,2018-02-03 00:00:00,5.0,3.0156094e-05,3.0265845e-05,0.0,3.0156094e-05
260.75586,0.96175873,0.9139353,0.8169581,0.0,2018-02-03 01:00:00,5.0,2.269201e-05,2.2486929e-05,0.0,2.2424749e-05
261.08105,0.94068575,0.9010354,0.7439402,0.04522513,2018-02-03 02:00:00,5.0,3.5455014e-06,3.712782e-06,0.0,3.698683e-06
261.33252,0.8627534,0.77058214,0.57230276,0.19446123,2018-02-03 03:00:00,5.0,2.2815959e-07,3.669199e-07,0.0,3.813414e-07
261.03442,0.87263554,0.6255131,0.21391433,0.6553224,2018-02-03 04:00:00,0.0,0.0,2.8519953e-08,0.0,0.0
261.32935,0.9776458,0.47786707,0.08403432,0.95536596,2018-02-03 05:00:00,0.0,0.0,0.0,0.0,0.0
260.52808,0.98611075,0.18546593,0.27692807,0.98611075,2018-02-03 06:00:00,0.0,0.0,0.0,0.0,0.0
260.92407,0.926192,0.10387123,0.6499371,0.9078313,2018-02-03 07:00:00,5.0,9.72258e-07,1.0344274e-06,0.0,9.72258e-07
259.86597,0.9347586,0.020210877,0.26810455,0.92801917,2018-02-03 08:00:00,5.0,1.067754e-06,1.082175e-06,0.0,1.067754e-06
258.5581,0.842267,0.00053172023,0.3219056,0.82642114,2018-02-03 09:00:00,5.0,0.0,7.154159e-08,0.0,0.0
261.55176,0.9603664,0.01604252,0.82017726,0.93583053,2018-02-03 10:00:00,5.0,1.9099144e-07,4.5825192e-07,0.0,1.9099144e-07
261.9912,0.9905219,0.039896943,0.8997879,0.97947925,2018-02-03 11:00:00,5.0,3.5878202e-06,3.9408023e-06,0.0,3.6833162e-06
261.95117,0.9905219,0.0743404,0.9167633,0.9810683,2018-02-03 12:00:00,5.0,1.3660369e-05,1.3536837e-05,0.0,1.354629e-05
262.0498,1.0,0.07998943,0.9493809,1.0,2018-02-03 13:00:00,5.0,2.7950751e-05,2.7931848e-05,0.0,2.8122522e-05
262.29175,0.9942508,0.19636828,0.98927194,0.9533301,2018-02-03 14:00:00,5.0,9.2127695e-05,9.223746e-05,0.0,9.2299466e-05
263.4524,1.0,0.5163608,1.0,0.9463474,2018-02-03 15:00:00,5.0,0.00025580823,0.00025552209,0.0,0.00025544548
264.7351,0.99289286,0.17701948,0.99289286,0.7565481,2018-02-03 16:00:00,5.0,0.00027939118,0.00027931016,0.0,0.0002792771
265.71924,0.9910895,0.14690942,0.99055785,0.7595145,2018-02-03 17:00:00,5.0,0.00011661473,0.0001166905,0.0,0.0001167288
265.79126,1.0,0.9106258,1.0,0.4520387,2018-02-03 18:00:00,5.0,0.00020897451,0.00020890986,0.0,0.00020897451
265.34448,1.0,0.93245244,1.0,0.9989426,2018-02-03 19:00:00,5.0,0.00064839213,0.00064869295,0.0,0.0006487549
264.65356,1.0,0.910787,1.0,1.0,2018-02-03 20:00:00,5.0,0.0005304401,0.00053016096,0.0,0.00053017284
264.437,1.0,0.9841657,0.9905219,0.9739193,2018-02-03 21:00:00,5.0,0.00045766332,0.00045765121,0.0,0.00045730057
263.17578,1.0,0.9966217,0.99214685,0.98326087,2018-02-03 22:00:00,5.0,0.00033165538,0.00033155805,0.0,0.0003315413
263.40967,1.0,1.0,0.98762196,0.99337184,2018-02-03 23:00:00,5.0,0.00018008096,0.00018008544,0.0,0.00018008096
263.38818,1.0,1.0,0.93632364,0.99174684,2018-02-04 00:00:00,5.0,9.496555e-05,9.4955685e-05,0.0,9.5079624e-05
263.60132,0.99946827,0.99946827,0.88758105,0.9595384,2018-02-04 01:00:00,5.0,4.6842804e-05,4.702882e-05,0.0,4.6842804e-05
263.05762,0.99946827,0.9822008,0.98185587,0.95445925,2018-02-04 02:00:00,5.0,3.7746388e-05,3.7541133e-05,0.0,3.7383637e-05
262.0393,1.0,0.99627113,0.9949968,0.961563,2018-02-04 03:00:00,5.0,4.9762166e-05,4.9566777e-05,0.0,4.9380833e-05
261.52637,1.0,1.0,0.97518617,0.97947925,2018-02-04 04:00:00,5.0,4.3033273e-05,4.3192937e-05,0.0,4.3033273e-05
260.8452,1.0,0.9966217,0.8771601,1.0,2018-02-04 05:00:00,5.0,2.8099428e-05,2.8120572e-05,0.0,2.8099428e-05
259.44067,1.0,0.85701275,0.95631295,0.98999023,2018-02-04 06:00:00,5.0,3.6950412e-05,3.703116e-05,0.0,3.7064485e-05
258.89917,1.0,0.90770274,0.9850642,0.9821615,2018-02-04 07:00:00,5.0,3.990819e-05,3.988415e-05,0.0,3.973642e-05
257.25952,0.998375,0.5276506,0.97122616,0.9973177,2018-02-04 08:00:00,5.0,2.407642e-05,2.4329347e-05,0.0,2.4171924e-05
255.56284,0.99627113,0.3113169,0.96445817,0.98674303,2018-02-04 09:00:00,5.0,1.5988146e-05,1.6083475e-05,0.0,1.5988146e-05
253.60034,0.99348307,0.07903832,0.98113346,0.93891895,2018-02-04 10:00:00,5.0,1.671238e-05,1.683399e-05,0.0,1.6921957e-05
253.53381,0.8843727,0.56483245,0.71347284,0.010847926,2018-02-04 11:00:00,5.0,2.7507864e-05,2.7772548e-05,0.0,2.7889197e-05
253.40549,0.9946291,0.7672239,0.96432644,0.053813808,2018-02-04 12:00:00,5.0,3.346063e-05,3.3277087e-05,0.0,3.3365126e-05
253.106,0.79208547,0.4056843,0.78129894,0.103420675,2018-02-04 13:00:00,5.0,1.5339538e-05,1.5663507e-05,0.0,1.5549114e-05
252.28647,0.38964587,0.3812135,0.11372125,0.0,2018-02-04 14:00:00,0.0,2.099623e-06,2.5022719e-06,0.0,2.309198e-06
252.13962,0.7324103,0.7324103,0.0,0.0,2018-02-04 15:00:00,5.0,1.9099144e-07,3.05313e-07,0.0,1.9099144e-07
252.77702,0.90715545,0.90715545,0.0,0.0,2018-02-04 16:00:00,0.0,0.0,1.8362033e-07,0.0,9.549569e-08
253.66072,0.42566317,0.42566317,0.0,0.0,2018-02-04 17:00:00,0.0,0.0,2.3873934e-08,0.0,0.0
254.45871,0.03284442,0.03284442,0.0,0.0,2018-02-04 18:00:00,0.0,0.0,0.0,0.0,0.0
255.08107,0.0021207693,0.0021207693,0.0,0.0,2018-02-04 19:00:00,0.0,0.0,0.0,0.0,0.0
255.80109,0.041259956,0.041259956,0.0,0.0,2018-02-04 20:00:00,0.0,0.0,0.0,0.0,0.0
256.6416,0.026488226,0.026488226,0.0,0.0,2018-02-04 21:00:00,0.0,0.0,0.0,0.0,0.0
256.5061,0.0,0.0,0.0,0.0,2018-02-04 22:00:00,0.0,0.0,0.0,0.0,0.0
256.2024,0.0,0.0,0.0,0.0,2018-02-04 23:00:00,0.0,0.0,0.0,0.0,0.0
255.30548,0.0,0.0,0.0,0.0,2018-02-05 00:00:00,0.0,0.0,0.0,0.0,0.0
254.73651,0.0,0.0,0.0,0.0,2018-02-05 01:00:00,0.0,0.0,0.0,0.0,0.0
254.2743,0.0,0.0,0.0,0.0,2018-02-05 02:00:00,0.0,0.0,0.0,0.0,0.0
253.4592,0.0,0.0,0.0,0.0,2018-02-05 03:00:00,0.0,0.0,0.0,0.0,0.0
253.12299,0.0,0.0,0.0,0.0,2018-02-05 04:00:00,0.0,0.0,0.0,0.0,0.0
253.04356,0.0,0.0,0.0,0.0,2018-02-05 05:00:00,0.0,0.0,0.0,0.0,0.0
252.84393,0.0,0.0,0.0,0.0,2018-02-05 06:00:00,0.0,0.0,0.0,0.0,0.0
252.60658,0.40326357,0.0,0.0,0.40326357,2018-02-05 07:00:00,0.0,0.0,0.0,0.0,0.0
252.28442,0.9731624,0.0,0.0,0.9731624,2018-02-05 08:00:00,0.0,0.0,0.0,0.0,0.0
252.12714,0.9874686,0.0,0.0,0.9874686,2018-02-05 09:00:00,0.0,0.0,0.0,0.0,0.0
252.86768,1.0,0.0,0.25847495,1.0,2018-02-05 10:00:00,0.0,0.0,0.0,0.0,0.0
253.0255,1.0,0.0,0.9184744,1.0,2018-02-05 11:00:00,0.0,0.0,0.0,0.0,0.0
253.46678,1.0,0.0,0.953741,1.0,2018-02-05 12:00:00,0.0,0.0,0.0,0.0,0.0
253.57219,1.0,0.0,0.9795268,1.0,2018-02-05 13:00:00,0.0,0.0,0.0,0.0,0.0
253.7423,1.0,0.0,0.8440444,1.0,2018-02-05 14:00:00,0.0,0.0,0.0,0.0,0.0
255.95195,1.0,0.0,0.81410664,1.0,2018-02-05 15:00:00,5.0,0.0,2.0525255e-07,0.0,3.627573e-07
257.14307,0.94734406,0.0,0.76840067,0.88068163,2018-02-05 16:00:00,5.0,3.015487e-06,3.2968474e-06,0.0,3.015487e-06
258.92065,0.6025079,0.0,0.07346815,0.569471,2018-02-05 17:00:00,5.0,7.0416845e-06,7.0801407e-06,0.0,7.1371805e-06
260.38257,0.73336387,0.009506632,0.0,0.73336387,2018-02-05 18:00:00,5.0,4.5812285e-06,4.766931e-06,0.0,4.5812285e-06
261.38403,0.46591723,0.44794673,0.0,0.074439764,2018-02-05 19:00:00,5.0,6.8705424e-07,7.921651e-07,0.0,6.8705424e-07
261.88403,0.6064635,0.6064635,0.0,0.014301442,2018-02-05 20:00:00,5.0,1.3362987e-06,1.4364405e-06,0.0,1.3362987e-06
262.4297,0.86142117,0.86142117,0.0,0.0015890491,2018-02-05 21:00:00,0.0,1.1453067e-06,1.1308857e-06,0.0,1.1453067e-06
262.1416,0.8250649,0.8250649,0.0,0.0,2018-02-05 22:00:00,0.0,4.9606274e-07,4.675428e-07,0.0,4.9606274e-07
261.70728,0.41448838,0.41448838,0.0,0.0,2018-02-05 23:00:00,0.0,2.864872e-07,2.9113323e-07,0.0,2.864872e-07
260.26562,0.3015241,0.3015241,0.0,0.0,2018-02-06 00:00:00,5.0,9.549569e-08,9.549569e-08,0.0,9.549569e-08
260.6194,0.32267112,0.32267112,0.0,0.0,2018-02-06 01:00:00,5.0,0.0,2.3873934e-08,0.0,0.0
260.04688,0.28649122,0.28649122,0.0,0.0,2018-02-06 02:00:00,5.0,0.0,2.8519953e-08,0.0,0.0
258.01978,0.101293564,0.101293564,0.0,0.0,2018-02-06 03:00:00,0.0,0.0,0.0,0.0,0.0
257.56323,0.024564765,0.024564765,0.0,0.0,2018-02-06 04:00:00,0.0,0.0,0.0,0.0,0.0
256.6765,0.0068626925,0.0068626925,0.0,0.0,2018-02-06 05:00:00,0.0,0.0,0.0,0.0,0.0
254.97693,0.00053172023,0.00053172023,0.0,0.0,2018-02-06 06:00:00,0.0,0.0,0.0,0.0,0.0
254.5249,0.0,0.0,0.0,0.0,2018-02-06 07:00:00,0.0,0.0,0.0,0.0,0.0
253.89772,0.0,0.0,0.0,0.0,2018-02-06 08:00:00,0.0,0.0,0.0,0.0,0.0
252.23132,0.0,0.0,0.0,0.0,2018-02-06 09:00:00,0.0,0.0,0.0,0.0,0.0
250.4761,0.0,0.0,0.0,0.0,2018-02-06 10:00:00,0.0,0.0,0.0,0.0,0.0
250.02072,0.0,0.0,0.0,0.0,2018-02-06 11:00:00,0.0,0.0,0.0,0.0,0.0
249.89055,0.041918356,0.0,0.0,0.041918356,2018-02-06 12:00:00,0.0,0.0,0.0,0.0,0.0
250.82254,0.0,0.0,0.0,0.0,2018-02-06 13:00:00,0.0,0.0,0.0,0.0,0.0
250.52539,0.0,0.0,0.0,0.0,2018-02-06 14:00:00,0.0,0.0,0.0,0.0,0.0
251.61037,0.2310369,0.2310369,0.0,0.0,2018-02-06 15:00:00,0.0,0.0,1.4772922e-07,0.0,0.0
254.91359,0.0,0.0,0.0,0.0,2018-02-06 16:00:00,0.0,0.0,5.239389e-08,0.0,0.0
256.5835,0.0,0.0,0.0,0.0,2018-02-06 17:00:00,0.0,0.0,0.0,0.0,0.0
257.77344,0.32266802,0.32054722,0.0,0.0021207693,2018-02-06 18:00:00,5.0,0.0,0.0,0.0,0.0
258.40234,0.6986413,0.6957386,0.0,0.008201547,2018-02-06 19:00:00,5.0,0.0,0.0,0.0,0.0
258.95898,0.7318795,0.73081607,0.0010573287,0.017429095,2018-02-06 20:00:00,5.0,0.0,0.0,0.0,0.0
259.35156,0.54567075,0.5371938,0.008476965,0.0,2018-02-06 21:00:00,5.0,0.0,0.0,0.0,0.0
259.17407,0.50428975,0.29943174,0.20960599,0.0,2018-02-06 22:00:00,0.0,0.0,0.0,0.0,0.0
258.87695,0.8603746,0.0,0.8603746,0.0,2018-02-06 23:00:00,5.0,3.627573e-07,3.627573e-07,0.0,3.627573e-07
258.29004,0.98238194,0.0,0.98238194,0.0068710297,2018-02-07 00:00:00,5.0,4.4466497e-06,4.3700584e-06,0.0,4.4466497e-06
258.66528,0.96880126,0.0,0.96827567,0.05639622,2018-02-07 01:00:00,5.0,8.624104e-06,8.719439e-06,0.0,8.624104e-06
258.35474,0.93741715,0.002103883,0.932467,0.1035977,2018-02-07 02:00:00,5.0,6.753924e-06,6.3248344e-06,0.0,6.277087e-06
257.8025,0.98172295,0.017729327,0.98172295,0.026805125,2018-02-07 03:00:00,5.0,8.089581e-06,8.284737e-06,0.0,8.279931e-06
257.48608,0.9597738,0.060992364,0.9597738,0.0015890491,2018-02-07 04:00:00,5.0,1.1464609e-05,1.1354852e-05,0.0,1.1464609e-05
257.25195,0.97609764,0.15795702,0.97609764,0.0,2018-02-07 05:00:00,5.0,3.595186e-05,3.5877907e-05,0.0,3.595186e-05
257.9519,0.99736434,0.28724122,0.99736434,0.0,2018-02-07 06:00:00,5.0,6.482548e-05,6.468968e-05,0.0,6.471139e-05
257.81372,0.98475856,0.4936607,0.9823876,0.0,2018-02-07 07:00:00,5.0,8.155257e-05,8.165256e-05,0.0,8.155257e-05
257.9602,0.9878915,0.66065204,0.9852559,0.0,2018-02-07 08:00:00,5.0,8.803407e-05,8.8272325e-05,0.0,8.803407e-05
257.81348,0.95794547,0.82526577,0.9488865,0.0,2018-02-07 09:00:00,5.0,0.00011037871,0.00011009294,0.0,0.00011016913
256.68042,0.8851037,0.7546093,0.86160105,0.0,2018-02-07 10:00:00,5.0,0.000108372624,0.00010838176,0.0,0.00010821945
256.42773,0.86989385,0.81661135,0.6624448,0.0,2018-02-07 11:00:00,5.0,4.357219e-05,4.3383843e-05,0.0,4.357219e-05
255.12672,0.5401404,0.5401404,0.0,0.0,2018-02-07 12:00:00,5.0,8.256187e-06,8.125121e-06,0.0,8.256187e-06
254.29738,0.22117716,0.22117716,0.0,0.0,2018-02-07 13:00:00,5.0,1.7541661e-06,1.7301309e-06,0.0,1.7541661e-06
254.50783,0.01939404,0.01939404,0.0,0.0,2018-02-07 14:00:00,0.0,2.0957555e-07,1.8586314e-07,0.0,2.0957555e-07
257.16113,0.0,0.0,0.0,0.0,2018-02-07 15:00:00,0.0,0.0,0.0,0.0,0.0
259.33887,0.0,0.0,0.0,0.0,2018-02-07 16:00:00,0.0,0.0,0.0,0.0,0.0
260.75195,0.0742929,0.0742929,0.0,0.0,2018-02-07 17:00:00,5.0,0.0,0.0,0.0,0.0
261.32544,0.4816773,0.4816773,0.0,0.0,2018-02-07 18:00:00,5.0,0.0,4.5344667e-08,0.0,0.0
261.82666,0.8208312,0.8208312,0.0,0.0,2018-02-07 19:00:00,5.0,0.0,2.5756628e-07,0.0,0.0
262.23828,1.0,1.0,0.0,0.0,2018-02-07 20:00:00,5.0,4.191511e-07,4.3389565e-07,0.0,6.864127e-07
262.64307,1.0,1.0,0.0,0.0,2018-02-07 21:00:00,5.0,6.864127e-07,3.6708025e-07,0.0,6.864127e-07
261.99536,0.471344,0.46971905,0.0016249504,0.0,2018-02-07 22:00:00,0.0,1.9099144e-07,2.7414814e-07,0.0,3.050713e-07
261.41406,0.11296421,0.038100835,0.07539624,0.0,2018-02-07 23:00:00,0.0,2.0957555e-07,1.5253562e-07,0.0,2.0957555e-07
259.57544,0.18234533,0.0063561946,0.17812067,0.061808046,2018-02-08 00:00:00,0.0,0.0,7.626778e-08,0.0,9.549569e-08
258.80908,0.28163397,0.004235424,0.2789815,0.004767146,2018-02-08 01:00:00,0.0,0.0,0.0,0.0,0.0
258.156,0.6427249,0.0074196346,0.64219314,0.0,2018-02-08 02:00:00,0.0,0.0,0.0,0.0,0.0
257.50537,0.9966217,0.008476965,0.9966217,0.0,2018-02-08 03:00:00,0.0,0.0,0.0,0.0,0.0
257.85767,1.0,0.009773713,1.0,0.0,2018-02-08 04:00:00,5.0,0.0,9.06893e-08,0.0,0.0
257.24854,1.0,0.0023709626,1.0,0.0,2018-02-08 05:00:00,5.0,9.165061e-07,1.0020658e-06,0.0,9.165061e-07
257.05933,1.0,0.0,1.0,0.0,2018-02-08 06:00:00,5.0,2.6341459e-06,2.9653365e-06,0.0,3.015487e-06
257.19556,0.99675006,0.0,0.99675006,0.0,2018-02-08 07:00:00,5.0,3.70645e-05,3.7240738e-05,0.0,3.717857e-05
257.79492,0.9502934,0.0,0.9502934,0.0,2018-02-08 08:00:00,5.0,3.77291e-05,3.7657883e-05,0.0,3.7615013e-05
258.01074,0.73048687,0.010669757,0.73048687,0.0,2018-02-08 09:00:00,5.0,1.2854726e-05,1.2718934e-05,0.0,1.2854726e-05
256.0254,0.10049999,0.0053347684,0.10049999,0.0,2018-02-08 10:00:00,5.0,1.8118526e-06,1.8236278e-06,0.0,1.8118526e-06
256.11182,0.0055490583,0.0010573287,0.0055490583,0.0,2018-02-08 11:00:00,0.0,6.864127e-07,5.316342e-07,0.0,6.864127e-07
256.22363,0.0,0.0,0.0,0.0,2018-02-08 12:00:00,0.0,0.0,5.007088e-08,0.0,0.0
256.11206,0.05670288,0.0,0.0,0.05670288,2018-02-08 13:00:00,0.0,0.0,0.0,0.0,0.0
256.04297,0.0,0.0,0.0,0.0,2018-02-08 14:00:00,0.0,0.0,0.0,0.0,0.0
258.5166,0.47839403,0.0021207693,0.2562436,0.44442296,2018-02-08 15:00:00,0.0,0.0,0.0,0.0,0.0
259.69287,0.81880754,0.0,0.7294887,0.79155016,2018-02-08 16:00:00,0.0,0.0,0.0,0.0,0.0
261.08252,0.8786773,0.0,0.32190675,0.86550295,2018-02-08 17:00:00,0.0,0.0,0.0,0.0,0.0
261.72534,0.73992205,0.0,0.0765028,0.7256483,2018-02-08 18:00:00,0.0,0.0,0.0,0.0,0.0
262.5166,0.98638,0.0,0.018542979,0.9847909,2018-02-08 19:00:00,0.0,0.0,0.0,0.0,0.0
262.73828,1.0,0.0,0.002103883,1.0,2018-02-08 20:00:00,0.0,0.0,0.0,0.0,0.0
262.93555,1.0,0.0,0.5857109,1.0,2018-02-08 21:00:00,0.0,0.0,0.0,0.0,0.0
262.51123,1.0,0.0,0.99089694,1.0,2018-02-08 22:00:00,5.0,0.0,0.0,0.0,0.0
262.36304,1.0,0.0,1.0,1.0,2018-02-08 23:00:00,5.0,1.106856e-06,1.0685599e-06,0.0,1.106856e-06
261.71436,1.0,0.0,1.0,1.0,2018-02-09 00:00:00,5.0,1.0531453e-05,1.0798874e-05,0.0,1.0626948e-05
261.8401,1.0,0.0,1.0,0.9844571,2018-02-09 01:00:00,5.0,4.0328654e-05,3.99236e-05,0.0,4.004281e-05
261.7771,1.0,0.0,0.99946827,0.99946827,2018-02-09 02:00:00,5.0,6.489795e-05,6.498632e-05,0.0,6.489795e-05
261.1731,1.0,0.0,1.0,1.0,2018-02-09 03:00:00,5.0,9.7193435e-05,9.724134e-05,0.0,9.7193435e-05
261.04932,1.0,0.0,1.0,0.9949968,2018-02-09 04:00:00,5.0,0.00015680192,0.00015685215,2.0448235e-05,0.00013650686
260.79663,1.0,0.0,1.0,0.9978961,2018-02-09 05:00:00,5.0,0.00015252961,0.00015241023,1.5743917e-06,0.00015096451
260.2483,0.99946827,0.0,0.99604,0.9570762,2018-02-09 06:00:00,5.0,0.00015988981,0.0001600852,0.0,0.00015988981
259.9441,1.0,0.0,0.99946827,0.8395135,2018-02-09 07:00:00,5.0,0.00011792366,0.00011784707,0.0,0.0001177519
259.35107,1.0,0.018723402,1.0,0.6651955,2018-02-09 08:00:00,5.0,0.00014817332,0.00014846414,0.0,0.00014834509
258.60815,0.9896755,0.029797338,0.9891438,0.03377804,2018-02-09 09:00:00,5.0,9.4612406e-05,9.48292e-05,0.0,9.487968e-05
256.47437,0.35209304,0.0031780982,0.33646947,0.015695337,2018-02-09 10:00:00,5.0,2.0619977e-05,2.0626947e-05,0.0,2.0524487e-05
256.19434,0.05501714,0.00053172023,0.00053172023,0.0539537,2018-02-09 11:00:00,0.0,1.086979e-06,1.070558e-06,0.0,1.086979e-06
255.90367,0.06399727,0.00053172023,0.0,0.063465595,2018-02-09 12:00:00,0.0,0.0,1.1936965e-08,0.0,0.0
255.23749,0.15994829,0.0,0.0033782488,0.15658718,2018-02-09 13:00:00,0.0,0.0,0.0,0.0,0.0
255.03206,0.015366878,0.0,0.0067320913,0.012005735,2018-02-09 14:00:00,0.0,0.0,0.0,0.0,0.0
256.823,0.0,0.0,0.0,0.0,2018-02-09 15:00:00,0.0,0.0,0.0,0.0,0.0
257.5359,0.0,0.0,0.0,0.0,2018-02-09 16:00:00,0.0,0.0,0.0,0.0,0.0
258.57153,0.0,0.0,0.0,0.0,2018-02-09 17:00:00,0.0,0.0,0.0,0.0,0.0
259.16528,0.0,0.0,0.0,0.0,2018-02-09 18:00:00,0.0,0.0,0.0,0.0,0.0
259.88794,0.0,0.0,0.0,0.0,2018-02-09 19:00:00,0.0,0.0,0.0,0.0,0.0
260.38306,0.0,0.0,0.0,0.0,2018-02-09 20:00:00,0.0,0.0,0.0,0.0,0.0
260.9038,0.0,0.0,0.0,0.0,2018-02-09 21:00:00,0.0,0.0,0.0,0.0,0.0
260.25757,0.0,0.0,0.0,0.0,2018-02-09 22:00:00,0.0,0.0,0.0,0.0,0.0
258.9292,0.0,0.0,0.0,0.0,2018-02-09 23:00:00,0.0,0.0,0.0,0.0,0.0
257.64868,0.021845885,0.0,0.0048919544,0.020203833,2018-02-10 00:00:00,0.0,0.0,0.0,0.0,0.0
257.1836,0.99286187,0.0,0.34937793,0.99286187,2018-02-10 01:00:00,0.0,0.0,0.0,0.0,0.0
256.63354,1.0,0.0,0.90682906,1.0,2018-02-10 02:00:00,0.0,0.0,0.0,0.0,0.0
257.80884,1.0,0.0,0.98165363,0.998375,2018-02-10 03:00:00,0.0,9.549569e-08,9.3092524e-08,0.0,9.549569e-08
257.89893,1.0,0.0,0.9966217,1.0,2018-02-10 04:00:00,0.0,7.4474025e-07,6.753601e-07,0.0,7.4474025e-07
257.44238,1.0,0.0,1.0,0.99181867,2018-02-10 05:00:00,0.0,5.7297444e-07,6.706328e-07,0.0,5.7297444e-07
257.30298,1.0,0.0,1.0,0.9333456,2018-02-10 06:00:00,0.0,3.8198294e-07,3.8430596e-07,0.0,3.8198294e-07
257.47998,1.0,0.0,1.0,0.7166468,2018-02-10 07:00:00,5.0,4.979871e-06,5.101726e-06,0.0,4.979871e-06
257.42432,1.0,0.0,1.0,0.6242011,2018-02-10 08:00:00,5.0,1.5266487e-06,1.5527648e-06,0.0,1.5266487e-06
256.61523,0.901727,0.0,0.8983561,0.20162785,2018-02-10 09:00:00,0.0,0.0,9.5415544e-08,0.0,0.0
255.08614,0.9322296,0.0,0.9322296,0.08125204,2018-02-10 10:00:00,0.0,0.0,0.0,0.0,0.0
255.3083,0.78642005,0.0,0.78642005,0.0,2018-02-10 11:00:00,0.0,0.0,0.0,0.0,0.0
254.98483,0.060946297,0.0,0.060946297,0.0,2018-02-10 12:00:00,0.0,0.0,0.0,0.0,0.0
254.08719,0.079161406,0.0,0.079161406,0.0,2018-02-10 13:00:00,0.0,0.0,0.0,0.0,0.0
253.74875,0.02219624,0.0,0.02219624,0.0,2018-02-10 14:00:00,0.0,0.0,0.0,0.0,0.0
256.4348,0.0,0.0,0.0,0.0,2018-02-10 15:00:00,0.0,0.0,0.0,0.0,0.0
258.20557,0.0,0.0,0.0,0.0,2018-02-10 16:00:00,0.0,0.0,0.0,0.0,0.0
259.64258,0.0015890491,0.0015890491,0.0,0.0,2018-02-10 17:00:00,0.0,0.0,0.0,0.0,0.0
260.28906,0.0,0.0,0.0,0.0,2018-02-10 18:00:00,0.0,0.0,0.0,0.0,0.0
261.17236,0.00053172023,0.00053172023,0.0,0.0,2018-02-10 19:00:00,0.0,0.0,0.0,0.0,0.0
261.92432,0.0,0.0,0.0,0.0,2018-02-10 20:00:00,0.0,0.0,0.0,0.0,0.0
262.24365,0.0,0.0,0.0,0.0,2018-02-10 21:00:00,0.0,0.0,0.0,0.0,0.0
261.47485,0.0,0.0,0.0,0.0,2018-02-10 22:00:00,0.0,0.0,0.0,0.0,0.0
260.10474,0.21946871,0.0,0.0,0.21946871,2018-02-10 23:00:00,0.0,0.0,0.0,0.0,0.0
259.0852,0.5207281,0.0,0.0,0.5207281,2018-02-11 00:00:00,0.0,0.0,0.0,0.0,0.0
258.40186,0.7601785,0.00053172023,0.0063561946,0.7601785,2018-02-11 01:00:00,0.0,0.0,0.0,0.0,0.0
257.94214,1.0,0.0021207693,0.0065956153,1.0,2018-02-11 02:00:00,0.0,0.0,0.0,0.0,0.0
256.78467,0.8379941,0.0,0.02475616,0.8379941,2018-02-11 03:00:00,0.0,0.0,0.0,0.0,0.0
256.06323,0.68443155,0.0,0.018736921,0.68443155,2018-02-11 04:00:00,0.0,0.0,0.0,0.0,0.0
256.27002,0.73950046,0.0,0.060145725,0.73950046,2018-02-11 05:00:00,0.0,0.0,0.0,0.0,0.0
255.9509,0.99001795,0.0,0.019549865,0.99001795,2018-02-11 06:00:00,0.0,9.549569e-08,3.5810903e-08,0.0,0.0
256.08765,1.0,0.0,0.020590615,1.0,2018-02-11 07:00:00,0.0,0.0,0.0,0.0,0.0
256.40576,0.9732722,0.0,0.06548077,0.9732722,2018-02-11 08:00:00,0.0,0.0,4.7747868e-08,0.0,9.549569e-08
255.72525,0.8792644,0.0,0.10073501,0.8792644,2018-02-11 09:00:00,0.0,0.0,9.781871e-08,0.0,9.549569e-08
254.66261,0.36466497,0.2222442,0.035132416,0.20484757,2018-02-11 10:00:00,0.0,0.0,8.5881766e-08,0.0,9.549569e-08
254.4172,0.03357789,0.0100932345,0.022420023,0.0010573287,2018-02-11 11:00:00,0.0,0.0,1.1936965e-08,0.0,0.0
254.20645,0.0,0.0,0.0,0.0,2018-02-11 12:00:00,0.0,0.0,0.0,0.0,0.0
253.859,0.0,0.0,0.0,0.0,2018-02-11 13:00:00,0.0,0.0,0.0,0.0,0.0
254.13866,0.0,0.0,0.0,0.0,2018-02-11 14:00:00,0.0,0.0,0.0,0.0,0.0
257.3225,0.0,0.0,0.0,0.0,2018-02-11 15:00:00,0.0,0.0,0.0,0.0,0.0
258.7522,0.0,0.0,0.0,0.0,2018-02-11 16:00:00,0.0,0.0,0.0,0.0,0.0
260.75464,0.0,0.0,0.0,0.0,2018-02-11 17:00:00,0.0,0.0,0.0,0.0,0.0
262.0686,0.0,0.0,0.0,0.0,2018-02-11 18:00:00,0.0,0.0,0.0,0.0,0.0
263.32227,0.0,0.0,0.0,0.0,2018-02-11 19:00:00,0.0,0.0,0.0,0.0,0.0
264.81665,0.0,0.0,0.0,0.0,2018-02-11 20:00:00,0.0,0.0,0.0,0.0,0.0
266.2317,0.075047076,0.075047076,0.0,0.0,2018-02-11 21:00:00,0.0,0.0,0.0,0.0,0.0
266.0161,0.334513,0.28237778,0.05213525,0.0,2018-02-11 22:00:00,0.0,0.0,0.0,0.0,0.0
265.677,0.1844384,0.0,0.1844384,0.0,2018-02-11 23:00:00,0.0,0.0,0.0,0.0,0.0
264.3767,0.0,0.0,0.0,0.0,2018-02-12 00:00:00,0.0,0.0,0.0,0.0,0.0
263.62744,0.0,0.0,0.0,0.0,2018-02-12 01:00:00,0.0,0.0,0.0,0.0,0.0
262.1189,0.0,0.0,0.0,0.0,2018-02-12 02:00:00,0.0,0.0,0.0,0.0,0.0
260.51147,0.0,0.0,0.0,0.0,2018-02-12 03:00:00,0.0,0.0,0.0,0.0,0.0
259.9502,0.0,0.0,0.0,0.0,2018-02-12 04:00:00,0.0,0.0,0.0,0.0,0.0
259.11963,0.0,0.0,0.0,0.0,2018-02-12 05:00:00,0.0,0.0,0.0,0.0,0.0
258.0056,0.0,0.0,0.0,0.0,2018-02-12 06:00:00,0.0,0.0,0.0,0.0,0.0
257.76782,0.0,0.0,0.0,0.0,2018-02-12 07:00:00,0.0,0.0,0.0,0.0,0.0
256.8838,0.0,0.0,0.0,0.0,2018-02-12 08:00:00,0.0,0.0,0.0,0.0,0.0
256.16528,0.0,0.0,0.0,0.0,2018-02-12 09:00:00,0.0,0.0,0.0,0.0,0.0
253.87321,0.0,0.0,0.0,0.0,2018-02-12 10:00:00,0.0,0.0,0.0,0.0,0.0
253.61046,0.0,0.0,0.0,0.0,2018-02-12 11:00:00,0.0,0.0,0.0,0.0,0.0
253.4487,0.0,0.0,0.0,0.0,2018-02-12 12:00:00,0.0,0.0,0.0,0.0,0.0
253.12329,0.7929808,0.0,0.0,0.7929808,2018-02-12 13:00:00,0.0,0.0,0.0,0.0,0.0
253.25043,0.9949968,0.0,0.0023709626,0.9949968,2018-02-12 14:00:00,0.0,0.0,0.0,0.0,0.0
255.89369,0.9498285,0.0,0.6837371,0.9223547,2018-02-12 15:00:00,0.0,0.0,0.0,0.0,0.0
257.03735,1.0,0.0,0.9012637,1.0,2018-02-12 16:00:00,0.0,0.0,0.0,0.0,0.0
258.42725,1.0,0.0,0.8466912,1.0,2018-02-12 17:00:00,0.0,0.0,0.0,0.0,0.0
259.20288,1.0,0.0,0.9451611,1.0,2018-02-12 18:00:00,0.0,0.0,0.0,0.0,0.0
259.7439,0.99946827,0.0,0.7363685,0.9973536,2018-02-12 19:00:00,0.0,0.0,0.0,0.0,0.0
260.35864,0.99550825,0.0,0.445872,0.966168,2018-02-12 20:00:00,0.0,0.0,0.0,0.0,0.0
260.82837,0.95381063,0.0,0.71968937,0.8529398,2018-02-12 21:00:00,0.0,0.0,0.0,0.0,0.0
261.16064,0.9882647,0.0,0.07387179,0.9882647,2018-02-12 22:00:00,0.0,0.0,0.0,0.0,0.0
261.4275,1.0,0.0,0.0,1.0,2018-02-12 23:00:00,0.0,0.0,0.0,0.0,0.0
260.39062,0.9978961,0.0,0.0,0.9978961,2018-02-13 00:00:00,0.0,0.0,0.0,0.0,0.0
258.39746,0.8083286,0.0,0.0,0.8083286,2018-02-13 01:00:00,0.0,0.0,0.0,0.0,0.0
258.01807,0.82554126,0.0,0.0037288337,0.82554126,2018-02-13 02:00:00,0.0,0.0,0.0,0.0,0.0
257.49487,0.9478154,0.0,0.21423441,0.94445425,2018-02-13 03:00:00,0.0,0.0,0.0,0.0,0.0
257.3589,0.97775185,0.0,0.4232521,0.9761269,2018-02-13 04:00:00,0.0,0.0,0.0,0.0,0.0
256.9619,1.0,0.0,0.8876845,0.99946827,2018-02-13 05:00:00,0.0,0.0,0.0,0.0,0.0
257.3794,1.0,0.0,1.0,1.0,2018-02-13 06:00:00,5.0,2.6726156e-07,2.243201e-07,0.0,2.6726156e-07
258.31592,1.0,0.0,1.0,0.76348203,2018-02-13 07:00:00,5.0,3.3577362e-06,3.4530713e-06,0.0,3.3577362e-06
259.24,0.99368834,0.0,0.99368834,0.020768795,2018-02-13 08:00:00,5.0,8.240829e-06,8.343617e-06,0.0,8.240829e-06
260.58252,0.99736434,0.0,0.96604455,0.94079304,2018-02-13 09:00:00,5.0,5.4182574e-06,5.671097e-06,0.0,5.4182574e-06
261.47412,0.9839432,0.011606943,0.9839432,0.7068813,2018-02-13 10:00:00,5.0,2.1480751e-05,2.122311e-05,0.0,2.1385262e-05
261.9331,0.9837291,0.0,0.9783582,0.34074223,2018-02-13 11:00:00,5.0,3.8657105e-05,3.8547674e-05,0.0,3.8657105e-05
261.91553,0.9036113,0.0,0.8755131,0.14189738,2018-02-13 12:00:00,5.0,9.894991e-06,9.923994e-06,0.0,9.894991e-06
262.24487,0.82983255,0.0,0.82983255,0.0,2018-02-13 13:00:00,0.0,4.954212e-07,5.5759057e-07,0.0,4.954212e-07
262.98267,0.9894646,0.0,0.9894646,0.64606404,2018-02-13 14:00:00,0.0,0.0,0.0,0.0,0.0
265.29736,0.95423293,0.0,0.85429287,0.7776581,2018-02-13 15:00:00,0.0,3.522019e-05,3.506732e-05,3.5095843e-05,0.0
265.8777,0.7918691,0.0,0.28352273,0.73738354,2018-02-13 16:00:00,0.0,4.201812e-06,4.1779385e-06,4.1540643e-06,0.0
267.1997,0.26096267,0.0,0.14475769,0.16419047,2018-02-13 17:00:00,0.0,1.4992831e-05,1.4968957e-05,1.4992831e-05,0.0
268.39062,0.035466205,0.0,0.035466205,0.0,2018-02-13 18:00:00,0.0,0.0,0.0,0.0,0.0
269.08423,0.0,0.0,0.0,0.0,2018-02-13 19:00:00,0.0,0.0,0.0,0.0,0.0
269.79907,0.0,0.0,0.0,0.0,2018-02-13 20:00:00,0.0,0.0,0.0,0.0,0.0
270.6211,0.0,0.0,0.0,0.0,2018-02-13 21:00:00,0.0,0.0,0.0,0.0,0.0
270.57153,0.0,0.0,0.0,0.0,2018-02-13 22:00:00,0.0,0.0,0.0,0.0,0.0
270.21143,0.0,0.0,0.0,0.0,2018-02-13 23:00:00,0.0,0.0,0.0,0.0,0.0
269.53906,0.0,0.0,0.0,0.0,2018-02-14 00:00:00,0.0,0.0,0.0,0.0,0.0
269.2871,0.0,0.0,0.0,0.0,2018-02-14 01:00:00,0.0,0.0,0.0,0.0,0.0
268.79395,0.0,0.0,0.0,0.0,2018-02-14 02:00:00,0.0,0.0,0.0,0.0,0.0
268.21558,0.0,0.0,0.0,0.0,2018-02-14 03:00:00,0.0,0.0,0.0,0.0,0.0
268.1765,0.0,0.0,0.0,0.0,2018-02-14 04:00:00,0.0,0.0,0.0,0.0,0.0
267.84595,0.0,0.0,0.0,0.0,2018-02-14 05:00:00,0.0,0.0,0.0,0.0,0.0
267.6306,0.0,0.0,0.0,0.0,2018-02-14 06:00:00,0.0,0.0,0.0,0.0,0.0
267.66235,0.0,0.0,0.0,0.0,2018-02-14 07:00:00,0.0,0.0,0.0,0.0,0.0
267.42212,0.0,0.0,0.0,0.0,2018-02-14 08:00:00,0.0,0.0,0.0,0.0,0.0
266.48022,0.0,0.0,0.0,0.0,2018-02-14 09:00:00,0.0,0.0,0.0,0.0,0.0
265.1914,0.0,0.0,0.0,0.0,2018-02-14 10:00:00,0.0,0.0,0.0,0.0,0.0
264.99072,0.0,0.0,0.0,0.0,2018-02-14 11:00:00,0.0,0.0,0.0,0.0,0.0
264.83447,0.0,0.0,0.0,0.0,2018-02-14 12:00:00,0.0,0.0,0.0,0.0,0.0
264.81616,0.0,0.0,0.0,0.0,2018-02-14 13:00:00,0.0,0.0,0.0,0.0,0.0
265.00977,0.0,0.0,0.0,0.0,2018-02-14 14:00:00,0.0,0.0,0.0,0.0,0.0
268.61255,0.0,0.0,0.0,0.0,2018-02-14 15:00:00,0.0,0.0,0.0,0.0,0.0
271.7649,0.0,0.0,0.0,0.0,2018-02-14 16:00:00,0.0,0.0,0.0,0.0,0.0
273.72925,0.0,0.0,0.0,0.0,2018-02-14 17:00:00,0.0,0.0,0.0,0.0,0.0
275.45923,0.0,0.0,0.0,0.0,2018-02-14 18:00:00,0.0,0.0,0.0,0.0,0.0
276.12793,0.0,0.0,0.0,0.0,2018-02-14 19:00:00,0.0,0.0,0.0,0.0,0.0
276.6604,0.0,0.0,0.0,0.0,2018-02-14 20:00:00,0.0,0.0,0.0,0.0,0.0
277.26562,0.0,0.0,0.0,0.0,2018-02-14 21:00:00,0.0,0.0,0.0,0.0,0.0
277.1394,0.0,0.0,0.0,0.0,2018-02-14 22:00:00,0.0,0.0,0.0,0.0,0.0
277.3379,0.0,0.0,0.0,0.0,2018-02-14 23:00:00,0.0,0.0,0.0,0.0,0.0
276.32202,0.08612102,0.0,0.0,0.08612102,2018-02-15 00:00:00,0.0,0.0,0.0,0.0,0.0
275.82446,0.14308167,0.0,0.0,0.14308167,2018-02-15 01:00:00,0.0,0.0,0.0,0.0,0.0
275.87842,0.0037098185,0.0,0.0,0.0037098185,2018-02-15 02:00:00,0.0,0.0,0.0,0.0,0.0
275.32666,0.0,0.0,0.0,0.0,2018-02-15 03:00:00,0.0,0.0,0.0,0.0,0.0
275.21948,0.0,0.0,0.0,0.0,2018-02-15 04:00:00,0.0,0.0,0.0,0.0,0.0
274.9568,0.0032499009,0.0,0.0032499009,0.0,2018-02-15 05:00:00,0.0,0.0,0.0,0.0,0.0
274.5952,0.121857405,0.0,0.121857405,0.0,2018-02-15 06:00:00,0.0,0.0,0.0,0.0,0.0
274.16968,0.0,0.0,0.0,0.0,2018-02-15 07:00:00,0.0,0.0,0.0,0.0,0.0
273.76733,0.021449346,0.0,0.021449346,0.0,2018-02-15 08:00:00,0.0,0.0,0.0,0.0,0.0
271.90674,0.07939482,0.0,0.07939482,0.0,2018-02-15 09:00:00,0.0,0.0,0.0,0.0,0.0
271.1294,0.17150176,0.0,0.061906748,0.1345622,2018-02-15 10:00:00,0.0,0.0,0.0,0.0,0.0
271.05054,0.72610974,0.0,0.34302974,0.6272068,2018-02-15 11:00:00,0.0,0.0,0.0,0.0,0.0
270.91992,0.03465498,0.0016249504,0.03196659,0.0068879165,2018-02-15 12:00:00,0.0,0.0,0.0,0.0,0.0
270.97412,0.009770345,0.005003199,0.0021207693,0.004767146,2018-02-15 13:00:00,5.0,0.0,0.0,0.0,0.0
271.0022,0.19801128,0.19801128,0.0,0.0,2018-02-15 14:00:00,5.0,0.0,0.0,0.0,0.0
273.53516,0.6523525,0.6523525,0.0,0.0,2018-02-15 15:00:00,5.0,0.0,1.1936965e-08,0.0,0.0
274.42993,0.9419219,0.9387438,0.039024778,0.03842928,2018-02-15 16:00:00,5.0,1.14079796e-07,1.454062e-07,0.0,1.14079796e-07
274.54297,0.98799425,0.960525,0.7650277,0.47411668,2018-02-15 17:00:00,5.0,0.0,0.0,0.0,0.0
274.2561,1.0,0.99287266,0.84458065,0.79423565,2018-02-15 18:00:00,5.0,0.0,7.154159e-08,0.0,0.0
274.12573,0.98578244,0.97742814,0.16995692,0.46807903,2018-02-15 19:00:00,6.0,0.0,0.0,0.0,0.0
273.98975,0.99262583,0.99262583,0.08749431,0.08136994,2018-02-15 20:00:00,6.0,0.0,0.0,0.0,0.0
274.00146,0.99420315,0.98715454,0.22126395,0.010316208,2018-02-15 21:00:00,6.0,0.0,1.5982772e-07,0.0,0.0
273.02954,0.9802168,0.9802168,0.12748462,0.022727963,2018-02-15 22:00:00,5.0,7.626828e-07,7.6084325e-07,0.0,7.440987e-07
272.72778,0.94599754,0.94274765,0.28401762,0.0063920952,2018-02-15 23:00:00,5.0,4.769022e-06,4.8190923e-06,0.0,4.864518e-06
272.08667,0.9818899,0.9141336,0.88899124,0.49245232,2018-02-16 00:00:00,5.0,4.051713e-05,4.030019e-05,0.0,4.024987e-05
271.67114,0.997629,0.9347035,0.99286187,0.6452607,2018-02-16 01:00:00,5.0,0.00018959738,0.00018953065,0.0,0.00018959738
270.79956,1.0,0.87266916,1.0,0.8340702,2018-02-16 02:00:00,5.0,0.00031323568,0.00031330506,0.0,0.00031323568
268.386,1.0,0.2611574,1.0,0.42880756,2018-02-16 03:00:00,5.0,0.00025122892,0.00025117164,0.0,0.00025122892
267.80835,0.9508558,0.40631407,0.9399805,0.16570419,2018-02-16 04:00:00,5.0,0.00012225476,0.0001223501,0.0,0.00012225476
265.55273,0.59081095,0.27028596,0.46260077,0.028081402,2018-02-16 05:00:00,5.0,2.6870737e-05,2.6835085e-05,0.0,2.6870737e-05
263.81616,0.20133775,0.19690216,0.0057492107,0.0015890491,2018-02-16 06:00:00,0.0,1.182475e-06,1.0920276e-06,0.0,1.182475e-06
262.82202,0.18029702,0.18029702,0.0,0.0,2018-02-16 07:00:00,0.0,9.549569e-08,8.5881766e-08,0.0,9.549569e-08
261.73804,0.064149916,0.064149916,0.0,0.0,2018-02-16 08:00:00,0.0,0.0,2.3873934e-08,0.0,0.0
258.6333,0.014184069,0.014184069,0.0,0.0,2018-02-16 09:00:00,0.0,0.0,1.1936965e-08,0.0,0.0
255.59102,0.0029026829,0.0029026829,0.0,0.0,2018-02-16 10:00:00,0.0,0.0,1.1936965e-08,0.0,0.0
255.329,0.00053172023,0.00053172023,0.0,0.0,2018-02-16 11:00:00,0.0,0.0,0.0,0.0,0.0
255.14728,0.0,0.0,0.0,0.0,2018-02-16 12:00:00,0.0,0.0,0.0,0.0,0.0
254.55545,0.0,0.0,0.0,0.0,2018-02-16 13:00:00,0.0,0.0,0.0,0.0,0.0
254.55316,0.0,0.0,0.0,0.0,2018-02-16 14:00:00,0.0,0.0,0.0,0.0,0.0
257.51245,0.0,0.0,0.0,0.0,2018-02-16 15:00:00,0.0,0.0,0.0,0.0,0.0
259.31616,0.0,0.0,0.0,0.0,2018-02-16 16:00:00,0.0,0.0,0.0,0.0,0.0
260.7434,0.0,0.0,0.0,0.0,2018-02-16 17:00:00,0.0,0.0,0.0,0.0,0.0
261.62476,0.0,0.0,0.0,0.0,2018-02-16 18:00:00,0.0,0.0,0.0,0.0,0.0
262.35522,0.0,0.0,0.0,0.0,2018-02-16 19:00:00,0.0,0.0,0.0,0.0,0.0
263.46582,0.00998199,0.0,0.0,0.00998199,2018-02-16 20:00:00,0.0,0.0,0.0,0.0,0.0
264.45044,0.50359064,0.0,0.0,0.50359064,2018-02-16 21:00:00,0.0,0.0,0.0,0.0,0.0
264.1682,0.8366359,0.0,0.0,0.8366359,2018-02-16 22:00:00,0.0,0.0,0.0,0.0,0.0
263.52075,0.98783964,0.0,0.0,0.98783964,2018-02-16 23:00:00,0.0,0.0,0.0,0.0,0.0
263.07373,0.9630719,0.0,0.0,0.9630719,2018-02-17 00:00:00,0.0,0.0,0.0,0.0,0.0
262.90503,0.8911531,0.0,0.0,0.8911531,2018-02-17 01:00:00,0.0,0.0,0.0,0.0,0.0
262.7339,0.605666,0.0,0.0,0.605666,2018-02-17 02:00:00,0.0,0.0,0.0,0.0,0.0
263.05176,0.22624171,0.0,0.039744493,0.21972477,2018-02-17 03:00:00,0.0,0.0,0.0,0.0,0.0
263.38672,0.0,0.0,0.0,0.0,2018-02-17 04:00:00,0.0,0.0,0.0,0.0,0.0
263.71606,0.016283713,0.0,0.0,0.016283713,2018-02-17 05:00:00,0.0,0.0,0.0,0.0,0.0
263.86475,0.98631626,0.0,0.05427543,0.9784937,2018-02-17 06:00:00,0.0,0.0,0.0,0.0,0.0
264.51587,0.96129924,0.0,0.21827024,0.96129924,2018-02-17 07:00:00,0.0,0.0,0.0,0.0,0.0
265.22607,1.0,0.0,0.54563797,0.99946827,2018-02-17 08:00:00,0.0,0.0,0.0,0.0,0.0
265.72705,1.0,0.0,0.9607675,1.0,2018-02-17 09:00:00,5.0,0.0,3.3407698e-08,0.0,0.0
267.5581,1.0,0.0,0.99841094,1.0,2018-02-17 10:00:00,5.0,1.4881971e-06,1.5190399e-06,0.0,1.6022768e-06
267.6792,1.0,0.0,1.0,1.0,2018-02-17 11:00:00,5.0,7.020534e-06,6.9319276e-06,0.0,6.943623e-06
267.75244,1.0,0.0016249504,1.0,1.0,2018-02-17 12:00:00,5.0,1.24375e-05,1.2418755e-05,0.0,1.232342e-05
267.97632,1.0,0.012085874,0.9949968,1.0,2018-02-17 13:00:00,5.0,2.6666967e-05,2.6385766e-05,0.0,2.6381123e-05
268.14258,1.0,0.038123034,1.0,1.0,2018-02-17 14:00:00,5.0,5.2303338e-05,5.2436968e-05,0.0,5.25706e-05
269.15674,1.0,0.20916653,0.9597426,0.99289286,2018-02-17 15:00:00,5.0,3.9393475e-05,3.9383696e-05,0.0,3.9393475e-05
269.93628,1.0,0.11095339,0.6020145,1.0,2018-02-17 16:00:00,0.0,7.4230084e-06,7.4754016e-06,0.0,7.5185035e-06
271.07397,0.99416727,0.2541042,0.7239679,0.9796025,2018-02-17 17:00:00,0.0,1.9099144e-07,2.6725928e-07,0.0,1.9099144e-07
272.04126,0.9644954,0.18725574,0.72779393,0.93125886,2018-02-17 18:00:00,0.0,0.0,0.0,0.0,0.0
272.86255,0.98743516,0.21608531,0.9278722,0.98743516,2018-02-17 19:00:00,0.0,2.7110482e-06,2.506119e-06,0.0,2.5014733e-06
273.4209,0.92367685,0.6310508,0.78117514,0.6927736,2018-02-17 20:00:00,6.0,1.9099144e-07,1.432436e-07,0.0,1.9099144e-07
274.22485,0.7753845,0.76897526,0.31375742,0.025598124,2018-02-17 21:00:00,6.0,4.9606274e-07,7.5835527e-07,0.0,7.0563834e-07
273.4673,0.14534914,0.14534914,0.023349535,0.0,2018-02-17 22:00:00,0.0,9.549569e-08,7.16218e-08,0.0,9.549569e-08
272.98193,0.037678275,0.037678275,0.0033782488,0.0,2018-02-17 23:00:00,0.0,0.0,0.0,0.0,0.0
271.7295,0.0,0.0,0.0,0.0,2018-02-18 00:00:00,0.0,0.0,0.0,0.0,0.0
270.66455,0.0,0.0,0.0,0.0,2018-02-18 01:00:00,0.0,0.0,0.0,0.0,0.0
268.64136,0.0,0.0,0.0,0.0,2018-02-18 02:00:00,0.0,0.0,0.0,0.0,0.0
265.5349,0.0,0.0,0.0,0.0,2018-02-18 03:00:00,0.0,0.0,0.0,0.0,0.0
266.68384,0.0,0.0,0.0,0.0,2018-02-18 04:00:00,0.0,0.0,0.0,0.0,0.0
267.30786,0.0,0.0,0.0,0.0,2018-02-18 05:00:00,0.0,0.0,0.0,0.0,0.0
266.38916,0.0,0.0,0.0,0.0,2018-02-18 06:00:00,0.0,0.0,0.0,0.0,0.0
264.47632,0.15291637,0.0,0.11090714,0.13148415,2018-02-18 07:00:00,0.0,0.0,0.0,0.0,0.0
259.45996,0.8429185,0.0,0.7545451,0.63359857,2018-02-18 08:00:00,0.0,0.0,0.0,0.0,0.0
261.36157,0.9899067,0.0,0.9882647,0.6096462,2018-02-18 09:00:00,5.0,2.6726156e-07,4.247663e-07,0.0,2.6726156e-07
264.739,1.0,0.0,1.0,0.99841094,2018-02-18 10:00:00,5.0,1.0073851e-05,9.983161e-06,0.0,1.0073851e-05
265.62378,0.9978961,0.0,0.99368834,0.9978961,2018-02-18 11:00:00,5.0,1.7623752e-05,1.8057486e-05,0.0,1.7623752e-05
265.88428,1.0,0.0,0.861502,0.99262583,2018-02-18 12:00:00,5.0,5.9860904e-06,6.100814e-06,0.0,5.9860904e-06
266.3501,0.998375,0.0,0.88378185,0.9973177,2018-02-18 13:00:00,0.0,2.2815959e-07,4.3838128e-07,0.0,3.813414e-07
267.09766,1.0,0.013185117,0.9966217,0.98663634,2018-02-18 14:00:00,5.0,0.0,0.0,0.0,0.0
269.64893,1.0,0.044197917,1.0,0.99657166,2018-02-18 15:00:00,5.0,0.0,0.0,0.0,0.0
271.27832,1.0,0.10694283,1.0,1.0,2018-02-18 16:00:00,5.0,0.0,6.6815346e-08,0.0,0.0
272.97607,1.0,0.10721809,0.9719653,0.9962183,2018-02-18 17:00:00,0.0,3.813414e-07,1.9067068e-07,0.0,3.813414e-07
274.6316,1.0,0.0794335,0.97000116,0.99946827,2018-02-18 18:00:00,0.0,0.0,0.0,0.0,0.0
275.8064,1.0,0.058170144,0.9949968,0.99946827,2018-02-18 19:00:00,0.0,2.2815959e-07,1.2385527e-07,0.0,3.813414e-07
276.6963,1.0,0.0,0.99946827,0.99055785,2018-02-18 20:00:00,0.0,0.0,0.0,0.0,0.0
277.72705,0.9968219,0.022173457,0.9656446,0.98843706,2018-02-18 21:00:00,0.0,0.0,0.0,0.0,0.0
278.0559,0.989152,0.060251046,0.2631414,0.98862034,2018-02-18 22:00:00,0.0,0.0,0.0,0.0,0.0
277.79736,0.9070377,0.03394798,0.352493,0.90047604,2018-02-18 23:00:00,0.0,0.0,0.0,0.0,0.0
276.86426,0.96964324,0.0033782488,0.8292653,0.95569396,2018-02-19 00:00:00,0.0,0.0,0.0,0.0,0.0
276.34814,0.9267489,0.025848314,0.4480713,0.92280227,2018-02-19 01:00:00,0.0,0.0,0.0,0.0,0.0
275.76587,0.5354284,0.117052674,0.22323537,0.39320582,2018-02-19 02:00:00,0.0,0.0,0.0,0.0,0.0
273.4348,0.48004526,0.18450087,0.07361978,0.36209017,2018-02-19 03:00:00,0.0,0.0,0.0,0.0,0.0
272.97583,0.52424335,0.361318,0.09982604,0.2699116,2018-02-19 04:00:00,5.0,2.735862e-05,0.0,2.7549293e-05,0.0
272.43604,0.8059509,0.6739141,0.38113356,0.24898994,2018-02-19 05:00:00,8.0,3.81664e-06,2.2896614e-07,3.6830088e-06,0.0
270.26953,0.9088558,0.8356594,0.41418982,0.6439577,2018-02-19 06:00:00,5.0,4.657527e-06,4.1085814e-06,4.0089235e-06,6.4860296e-07
270.03296,0.97911125,0.92876077,0.8963967,0.90617317,2018-02-19 07:00:00,5.0,2.7886039e-05,2.8053008e-05,0.0,2.7886039e-05
269.3291,0.99258035,0.9656697,0.51604134,0.5491035,2018-02-19 08:00:00,5.0,3.3069708e-05,3.3212622e-05,0.0,3.3069708e-05
268.281,0.9877773,0.9840377,0.39896834,0.47000313,2018-02-19 09:00:00,5.0,1.296624e-05,1.2866259e-05,0.0,1.3061735e-05
267.2395,0.99364376,0.9845103,0.6630808,0.49711382,2018-02-19 10:00:00,5.0,5.9694303e-06,6.2410154e-06,0.0,5.9694303e-06
266.92603,0.99625427,0.9903409,0.6892615,0.6679171,2018-02-19 11:00:00,5.0,1.19029955e-05,1.2079568e-05,0.0,1.2170257e-05
266.6089,0.9978433,0.9867452,0.5172831,0.83613014,2018-02-19 12:00:00,5.0,2.2926644e-05,2.2922002e-05,0.0,2.2926644e-05
266.36328,1.0,0.9883701,0.71102387,0.7272771,2018-02-19 13:00:00,5.0,2.369059e-05,2.3671528e-05,0.0,2.369059e-05
266.3064,0.99675006,0.98338985,0.87334985,0.46820915,2018-02-19 14:00:00,5.0,0.00012467439,0.00012475516,1.0690464e-05,0.00011426977
266.11816,0.9949968,0.8349354,0.99001795,0.61918527,2018-02-19 15:00:00,5.0,0.0005196773,0.0005199923,9.739941e-06,0.00051038596
266.0818,1.0,0.8902412,1.0,0.5969695,2018-02-19 16:00:00,5.0,0.0006690677,0.0006690009,3.007799e-06,0.0006661457
266.65796,1.0,0.8475633,1.0,0.19891512,2018-02-19 17:00:00,5.0,0.0006207533,0.00062070554,7.19613e-05,0.0005486675
266.8098,0.98642206,0.914089,0.9704442,0.0016249504,2018-02-19 18:00:00,5.0,0.00056922575,0.00056911586,4.802455e-05,0.00052107684
266.9839,0.9966217,0.9932679,0.9832786,0.0,2018-02-19 19:00:00,5.0,0.0005057021,0.0005055475,1.26105115e-05,0.0004929679
267.0437,0.9966217,0.983784,0.99289286,0.0,2018-02-19 20:00:00,5.0,0.00051345606,0.0005133867,6.1706814e-06,0.0005074283
267.15454,0.9942508,0.9824032,0.987647,0.0,2018-02-19 21:00:00,5.0,0.0006020474,0.0006016777,3.59306e-05,0.0005662984
266.88843,0.9913481,0.9869369,0.9694695,0.0,2018-02-19 22:00:00,5.0,0.0006881133,0.00068764575,3.5626756e-05,0.0006521051
266.89526,1.0,1.0,0.9785078,0.0,2018-02-19 23:00:00,5.0,0.0005173974,0.00051711383,4.784705e-06,0.00051225093
266.79858,0.9966217,0.9966217,0.94711286,0.0,2018-02-20 00:00:00,5.0,0.0003078829,0.0003080445,6.68154e-07,0.00030709966
266.7832,0.9932679,0.9932679,0.94583756,0.010597732,2018-02-20 01:00:00,5.0,0.00022405515,0.00022414103,0.0,0.00022405515
266.71094,0.98663974,0.98663974,0.26382965,0.1339615,2018-02-20 02:00:00,5.0,0.00014031763,0.00014016044,0.0,0.00014031763
266.60303,1.0,1.0,0.6699006,0.8392637,2018-02-20 03:00:00,5.0,9.6244854e-05,9.635942e-05,0.0,9.634036e-05
266.5542,1.0,0.9899733,0.9695327,0.92881054,2018-02-20 04:00:00,5.0,8.895644e-05,8.8856454e-05,0.0,8.895644e-05
266.41846,1.0,1.0,0.7951002,0.99289286,2018-02-20 05:00:00,5.0,6.639189e-05,6.6291905e-05,0.0,6.639189e-05
266.31982,1.0,0.9949968,0.23375332,0.996307,2018-02-20 06:00:00,5.0,4.0990068e-05,4.109004e-05,0.0,4.0990068e-05
266.292,1.0,1.0,0.13568741,1.0,2018-02-20 07:00:00,5.0,3.5351302e-05,3.522729e-05,0.0,3.5351302e-05
266.24463,1.0,0.9905219,0.15207106,0.993669,2018-02-20 08:00:00,5.0,2.4341149e-05,2.4274166e-05,0.0,2.4341149e-05
266.12207,1.0,0.98836523,0.7166827,0.94893885,2018-02-20 09:00:00,5.0,7.911034e-05,6.103319e-05,2.1438784e-05,5.7623794e-05
265.7566,0.9957922,0.94283575,0.96659464,0.29932457,2018-02-20 10:00:00,5.0,0.0012152274,0.001215256,0.00056284945,0.00065237796
265.573,0.9805451,0.9252258,0.85586405,0.08426595,2018-02-20 11:00:00,5.0,0.0008884305,0.0008884042,1.0957725e-05,0.0008774728
265.4878,0.9682614,0.90204114,0.85230803,0.056873266,2018-02-20 12:00:00,5.0,0.0002129422,0.00021289679,0.0,0.0002129422
265.4043,1.0,0.9978961,0.9817948,0.0,2018-02-20 13:00:00,5.0,3.5473087e-05,3.4993922e-05,0.0,3.499625e-05
265.3181,1.0,1.0,0.8199225,0.013218891,2018-02-20 14:00:00,5.0,1.5983009e-05,1.5980288e-05,0.0,1.6001592e-05
265.30713,0.99550825,0.99550825,0.69722253,0.0021207693,2018-02-20 15:00:00,5.0,2.6456153e-05,2.6215566e-05,0.0,2.6456153e-05
265.3152,1.0,1.0,0.76990134,0.00053172023,2018-02-20 16:00:00,5.0,2.742841e-05,2.7662172e-05,0.0,2.769567e-05
265.6665,1.0,1.0,0.6887754,0.0,2018-02-20 17:00:00,5.0,1.20145e-05,1.1914842e-05,0.0,1.20145e-05
266.10352,1.0,1.0,0.23858738,0.0,2018-02-20 18:00:00,5.0,1.5631749e-06,1.4321904e-06,0.0,1.5631749e-06
266.11597,0.98948056,0.98948056,0.023779046,0.0,2018-02-20 19:00:00,5.0,6.1014443e-06,6.07541e-06,0.0,6.2732097e-06
266.34424,0.7228785,0.71813655,0.0,0.042770915,2018-02-20 20:00:00,5.0,2.1739588e-06,2.2453405e-06,0.0,2.0784637e-06
266.60303,0.932207,0.69124407,0.0,0.81433773,2018-02-20 21:00:00,5.0,3.050713e-07,2.4795116e-07,0.0,3.050713e-07
266.34058,0.9338903,0.6527774,0.0,0.8115258,2018-02-20 22:00:00,5.0,3.813414e-07,3.2430148e-07,0.0,3.813414e-07
266.0813,0.9509827,0.85448605,0.0,0.62074286,2018-02-20 23:00:00,5.0,1.14079796e-07,1.9067068e-07,0.0,1.14079796e-07
265.09302,0.9258836,0.8726302,0.0,0.46823943,2018-02-21 00:00:00,5.0,3.813414e-07,2.9545845e-07,0.0,3.813414e-07
264.39917,0.96545166,0.5576242,0.0,0.9407865,2018-02-21 01:00:00,5.0,5.9091695e-07,5.0046935e-07,0.0,5.9091695e-07
263.57104,0.8540062,0.3007291,0.0,0.7973054,2018-02-21 02:00:00,5.0,3.813414e-07,2.7398772e-07,0.0,2.0957555e-07
261.88696,0.8241023,0.37187147,0.0,0.6657617,2018-02-21 03:00:00,5.0,2.0957555e-07,2.6205078e-07,0.0,2.0957555e-07
261.3684,0.37369204,0.090103745,0.0,0.30719858,2018-02-21 04:00:00,0.0,1.14079796e-07,1.4772922e-07,0.0,1.14079796e-07
260.66675,0.21731877,0.008651894,0.0,0.21158665,2018-02-21 05:00:00,0.0,0.0,1.42599745e-08,0.0,0.0
259.88013,0.2449441,0.0,0.0,0.2449441,2018-02-21 06:00:00,0.0,0.0,0.0,0.0,0.0
259.48145,0.02780186,0.0,0.0,0.02780186,2018-02-21 07:00:00,0.0,0.0,0.0,0.0,0.0
258.56738,0.014635228,0.0,0.0,0.014635228,2018-02-21 08:00:00,0.0,0.0,0.0,0.0,0.0
257.50977,0.0,0.0,0.0,0.0,2018-02-21 09:00:00,0.0,0.0,0.0,0.0,0.0
255.00409,0.0,0.0,0.0,0.0,2018-02-21 10:00:00,0.0,0.0,0.0,0.0,0.0
255.21944,0.0,0.0,0.0,0.0,2018-02-21 11:00:00,0.0,0.0,0.0,0.0,0.0
255.15915,0.0,0.0,0.0,0.0,2018-02-21 12:00:00,0.0,0.0,0.0,0.0,0.0
254.661,0.0,0.0,0.0,0.0,2018-02-21 13:00:00,0.0,0.0,0.0,0.0,0.0
255.0627,0.06457144,0.0,0.0,0.06457144,2018-02-21 14:00:00,0.0,0.0,0.0,0.0,0.0
259.31177,0.40159523,0.0,0.0,0.40159523,2018-02-21 15:00:00,0.0,0.0,0.0,0.0,0.0
261.03027,0.96042675,0.0,0.0,0.96042675,2018-02-21 16:00:00,0.0,0.0,0.0,0.0,0.0
262.50708,0.9808609,0.0,0.0,0.9808609,2018-02-21 17:00:00,0.0,0.0,0.0,0.0,0.0
263.6128,0.81486356,0.0,0.0,0.81486356,2018-02-21 18:00:00,0.0,0.0,0.0,0.0,0.0
264.22412,0.5196644,0.0,0.0,0.5196644,2018-02-21 19:00:00,0.0,0.0,0.0,0.0,0.0
265.07104,0.7506531,0.0,0.0,0.7506531,2018-02-21 20:00:00,0.0,0.0,0.0,0.0,0.0
265.61694,0.9846664,0.0,0.0,0.9846664,2018-02-21 21:00:00,0.0,0.0,0.0,0.0,0.0
265.41016,0.9066288,0.0,0.0,0.9066288,2018-02-21 22:00:00,0.0,0.0,0.0,0.0,0.0
264.92725,0.98696613,0.0,0.0,0.98696613,2018-02-21 23:00:00,0.0,0.0,0.0,0.0,0.0
263.19873,1.0,0.0,0.0,1.0,2018-02-22 00:00:00,0.0,0.0,0.0,0.0,0.0
263.06226,1.0,0.0,0.0,1.0,2018-02-22 01:00:00,0.0,0.0,0.0,0.0,0.0
261.43018,1.0,0.0,0.0,1.0,2018-02-22 02:00:00,0.0,0.0,0.0,0.0,0.0
260.07446,1.0,0.0,0.0,1.0,2018-02-22 03:00:00,0.0,0.0,0.0,0.0,0.0
261.344,1.0,0.0,0.0,1.0,2018-02-22 04:00:00,0.0,0.0,0.0,0.0,0.0
259.39844,0.9918581,0.0,0.011655062,0.9918581,2018-02-22 05:00:00,0.0,0.0,0.0,0.0,0.0
259.15112,0.2246356,0.0,0.052625474,0.1953569,2018-02-22 06:00:00,0.0,0.0,0.0,0.0,0.0
259.6897,0.04452674,0.0,0.04452674,0.0,2018-02-22 07:00:00,0.0,0.0,0.0,0.0,0.0
260.80273,0.3711508,0.0,0.3682481,0.022970855,2018-02-22 08:00:00,0.0,0.0,0.0,0.0,0.0
259.58887,0.9254609,0.0,0.91709656,0.2587049,2018-02-22 09:00:00,0.0,0.0,0.0,0.0,0.0
257.31494,0.98696613,0.0,0.98696613,0.0033782488,2018-02-22 10:00:00,0.0,0.0,0.0,0.0,0.0
257.60742,0.9802728,0.0,0.9752697,0.10478181,2018-02-22 11:00:00,0.0,0.0,0.0,0.0,0.0
257.7019,0.98768294,0.0,0.98430467,0.6092327,2018-02-22 12:00:00,0.0,0.0,0.0,0.0,0.0
258.62964,0.99569273,0.0,0.9906691,0.8791742,2018-02-22 13:00:00,0.0,0.0,0.0,0.0,0.0
259.82788,0.974259,0.0,0.6420216,0.93579227,2018-02-22 14:00:00,0.0,9.549569e-08,4.7747868e-08,0.0,9.549569e-08
263.22656,0.99289286,0.0,0.12855852,0.99289286,2018-02-22 15:00:00,0.0,9.549569e-08,1.384372e-07,0.0,9.549569e-08
265.52686,0.98629725,0.002103883,0.14669597,0.9857656,2018-02-22 16:00:00,5.0,1.0305857e-06,1.0998037e-06,0.0,1.0305857e-06
267.08105,0.9721017,0.020080965,0.20818102,0.9681978,2018-02-22 17:00:00,5.0,4.97988e-06,4.95136e-06,1.8137865e-07,4.97988e-06
268.23535,0.9918322,0.0048919544,0.15281749,0.99076873,2018-02-22 18:00:00,5.0,2.398093e-05,2.3766392e-05,5.8162493e-07,2.3390006e-05
269.08765,0.95238316,0.0021566707,0.48448646,0.94205594,2018-02-22 19:00:00,0.0,0.0,2.3873934e-08,0.0,0.0
270.08765,0.7809712,0.0026356035,0.72047997,0.32621282,2018-02-22 20:00:00,5.0,1.6990562e-06,1.9038253e-06,0.0,1.6990562e-06
270.6084,0.9932679,0.021954197,0.9382093,0.9086447,2018-02-22 21:00:00,5.0,2.5183283e-05,2.5111818e-05,0.0,2.5183283e-05
271.3506,0.99736434,0.7505804,0.99736434,0.6148569,2018-02-22 22:00:00,5.0,8.348048e-05,8.369502e-05,3.1779473e-06,8.025479e-05
271.09888,0.9685128,0.826115,0.9493692,0.4087469,2018-02-22 23:00:00,5.0,0.00018882884,0.00018887178,3.1090403e-06,0.0001857198
270.6089,0.9576256,0.7255898,0.937161,0.4358436,2018-02-23 00:00:00,5.0,0.00035161502,0.0003515482,3.8140803e-05,0.00031352183
270.43262,0.9955644,0.6544121,0.9861439,0.98172545,2018-02-23 01:00:00,5.0,0.0007005674,0.00070102955,0.00031930488,0.00038175774
270.03638,1.0,0.81622905,1.0,0.96654105,2018-02-23 02:00:00,5.0,0.000851976,0.0008522766,0.00038086576,0.00047120545
269.82153,1.0,0.88055104,0.99841094,0.52414554,2018-02-23 03:00:00,5.0,0.0011380482,0.0011380385,0.00036556995,0.00077270693
269.719,1.0,1.0,0.9949765,0.14827412,2018-02-23 04:00:00,5.0,0.0010132506,0.0010120336,0.00017089321,0.000842605
269.7898,1.0,0.9850148,0.98274684,0.3133685,2018-02-23 05:00:00,5.0,0.0007369665,0.0007342226,7.5264674e-05,0.0006614344
269.56738,1.0,0.9540255,1.0,0.55801564,2018-02-23 06:00:00,5.0,0.0011479058,0.0011457112,6.4588705e-05,0.0010835268
269.79688,0.9968219,0.47882277,0.9941755,0.9118913,2018-02-23 07:00:00,5.0,0.0013948702,0.0013948511,0.00054477295,0.00085011614
270.01855,1.0,0.9068032,1.0,0.21807456,2018-02-23 08:00:00,5.0,0.001596927,0.0015966694,0.0003383169,0.0012583239
270.3855,0.9957922,0.9915844,0.8976978,0.0,2018-02-23 09:00:00,5.0,0.00085888756,0.0008588212,0.0,0.00085886894
270.2495,1.0,1.0,0.76738626,0.0,2018-02-23 10:00:00,5.0,0.00022548916,0.00022517928,0.0,0.00022548916
270.42432,1.0,1.0,0.67660034,0.0,2018-02-23 11:00:00,5.0,8.76938e-05,8.7478766e-05,0.0,8.7331035e-05
270.5569,0.99206334,0.99206334,0.44111812,0.0,2018-02-23 12:00:00,5.0,6.174714e-05,6.175658e-05,0.0,6.157537e-05
270.52515,0.81611276,0.81611276,0.08058679,0.0,2018-02-23 13:00:00,5.0,1.7846105e-05,1.788199e-05,0.0,1.7941595e-05
270.28174,0.66320664,0.66320664,0.0,0.0,2018-02-23 14:00:00,5.0,3.8518647e-06,3.7182344e-06,0.0,3.5846033e-06
270.33105,0.96609056,0.96609056,0.0,0.0,2018-02-23 15:00:00,5.0,2.7456508e-06,2.6981443e-06,0.0,2.7456508e-06
270.38892,0.9970973,0.9970973,0.0,0.0,2018-02-23 16:00:00,5.0,6.101426e-07,8.746791e-07,0.0,6.101426e-07
270.9121,0.94379246,0.94379246,0.0,0.0,2018-02-23 17:00:00,5.0,0.0,2.3120782e-07,0.0,0.0
270.84326,1.0,1.0,0.0,0.0,2018-02-23 18:00:00,5.0,0.0,1.8345992e-07,0.0,1.14079796e-07
270.9944,1.0,1.0,0.0,0.0,2018-02-23 19:00:00,5.0,0.0,0.0,0.0,0.0
271.20923,1.0,1.0,0.0,0.0,2018-02-23 20:00:00,5.0,0.0,0.0,0.0,0.0
271.44946,1.0,1.0,0.0,0.0,2018-02-23 21:00:00,5.0,0.0,0.0,0.0,0.0
271.05786,0.8571138,0.8571138,0.0,0.0,2018-02-23 22:00:00,5.0,0.0,0.0,0.0,0.0
270.75293,0.7191741,0.7191741,0.0,0.0,2018-02-23 23:00:00,5.0,9.549569e-08,9.06893e-08,0.0,0.0
269.94556,0.6481262,0.6481262,0.0,0.0,2018-02-24 00:00:00,5.0,1.4119269e-06,1.2685205e-06,0.0,1.3542412e-06
269.23413,0.6624096,0.6624096,0.0,0.0,2018-02-24 01:00:00,5.0,2.2124195e-06,2.2362938e-06,0.0,2.2124195e-06
268.16968,0.6867521,0.6867521,0.0,0.0,2018-02-24 02:00:00,5.0,1.2587452e-06,1.1348902e-06,0.0,1.2587452e-06
266.68457,0.7675612,0.7675612,0.0,0.0,2018-02-24 03:00:00,5.0,6.300189e-07,8.062681e-07,0.0,6.300189e-07
266.3838,0.8951147,0.8951147,0.0,0.0,2018-02-24 04:00:00,5.0,3.627573e-07,5.5342804e-07,0.0,3.627573e-07
266.5481,0.94910634,0.94910634,0.0,0.0,2018-02-24 05:00:00,5.0,1.2786213e-06,1.3693107e-06,0.0,1.2786213e-06
266.25098,0.84385896,0.84385896,0.0,0.0,2018-02-24 06:00:00,5.0,2.3476678e-06,2.2379108e-06,0.0,2.3476678e-06
265.72583,0.6679549,0.6679549,0.0,0.0,2018-02-24 07:00:00,5.0,6.300189e-07,8.54016e-07,0.0,1.106856e-06
264.79053,0.5480801,0.5480801,0.0,0.0,2018-02-24 08:00:00,5.0,1.3164308e-06,1.2496157e-06,0.0,1.3164308e-06
264.23218,0.42045075,0.41834688,0.0,0.0065787286,2018-02-24 09:00:00,5.0,1.1446655e-06,1.1565226e-06,0.0,1.1446655e-06
260.8474,0.74622726,0.7456956,0.0,0.0010573287,2018-02-24 10:00:00,5.0,5.7233285e-07,7.822315e-07,0.0,5.7233285e-07
259.43164,0.9720922,0.80665,0.6206538,0.7362788,2018-02-24 11:00:00,5.0,7.8190845e-07,9.632868e-07,0.0,1.0491694e-06
259.14355,0.9888494,0.76795435,0.91147304,0.92346674,2018-02-24 12:00:00,5.0,3.627573e-07,3.3391427e-07,0.0,1.9099144e-07
259.3213,0.9952605,0.85944843,0.9723302,0.95937157,2018-02-24 13:00:00,5.0,1.9099144e-07,3.1004038e-07,0.0,1.9099144e-07
261.23926,0.9973536,0.984652,0.9365226,0.7146882,2018-02-24 14:00:00,5.0,1.9099144e-07,5.4845896e-07,0.0,5.7233285e-07
265.46606,1.0,1.0,0.7921228,0.6166395,2018-02-24 15:00:00,5.0,9.536743e-07,1.0775293e-06,0.0,9.536743e-07
266.40552,0.998375,0.9853412,0.9268184,0.33848685,2018-02-24 16:00:00,5.0,9.536743e-07,8.250126e-07,0.0,9.536743e-07
267.9275,1.0,0.9941755,0.9966217,0.39440894,2018-02-24 17:00:00,5.0,5.3452317e-07,4.1971703e-07,0.0,2.6726156e-07
269.49048,1.0,0.2620988,1.0,0.22762758,2018-02-24 18:00:00,5.0,5.3406948e-06,5.4121556e-06,3.3557835e-06,1.9849103e-06
270.19678,0.995161,0.0,0.9774947,0.91256046,2018-02-24 19:00:00,5.0,2.0871914e-05,2.1089028e-05,0.0,2.0871914e-05
270.89038,0.91773576,0.0,0.8779017,0.7827138,2018-02-24 20:00:00,5.0,0.00034702593,0.00034687598,0.00030461908,4.2387896e-05
271.29272,0.98520404,0.22624648,0.98520404,0.44807798,2018-02-24 21:00:00,5.0,0.0007902647,0.00079022394,0.0006590851,0.00013106561
270.9978,1.0,0.52053046,1.0,0.94428116,2018-02-24 22:00:00,5.0,0.0011686846,0.0011686224,0.0006189076,0.0005501013
271.42017,1.0,0.8990355,0.9942508,0.91352004,2018-02-24 23:00:00,5.0,0.00125755,0.0012574499,0.00038712262,0.00087018893
271.42578,0.97322035,0.83187926,0.9599488,0.15438634,2018-02-25 00:00:00,5.0,0.0013855677,0.0013854224,0.00029078103,0.0010948153
271.52002,0.95782286,0.71823907,0.91614264,0.49732083,2018-02-25 01:00:00,5.0,0.0017942982,0.0017943671,0.000767604,0.0010267317
271.65015,1.0,0.9214313,1.0,0.16642028,2018-02-25 02:00:00,5.0,0.0015270293,0.0015270624,0.00046424475,0.0010626602
271.11743,1.0,1.0,1.0,0.048283543,2018-02-25 03:00:00,5.0,0.0010462482,0.0010462864,0.0,0.0010462482
270.9912,0.99946827,0.9978792,0.98684496,0.0066281483,2018-02-25 04:00:00,5.0,0.0006524918,0.00065254164,0.0,0.0006524918
271.11597,0.99164295,0.9765392,0.67489386,0.0,2018-02-25 05:00:00,5.0,0.00042167446,0.00042176992,2.426737e-05,0.00039734994
270.2517,0.99577534,0.99577534,0.36397696,0.0,2018-02-25 06:00:00,5.0,0.00016456498,0.00016458429,0.0,0.00016456498
269.2788,0.9936331,0.9683865,0.32620263,0.0537602,2018-02-25 07:00:00,5.0,1.473835e-05,1.4697489e-05,0.0,1.473835e-05
268.23828,0.9573627,0.9573627,0.041807115,0.0,2018-02-25 08:00:00,5.0,7.3986594e-06,7.226894e-06,0.0,7.3986594e-06
266.6455,0.94366485,0.94366485,0.0,0.0,2018-02-25 09:00:00,5.0,5.9873737e-06,5.84429e-06,0.0,5.8918777e-06
265.8628,0.99946827,0.99946827,0.0,0.0,2018-02-25 10:00:00,5.0,5.187522e-06,5.2637897e-06,0.0,5.187522e-06
265.85913,1.0,1.0,0.0,0.0,2018-02-25 11:00:00,5.0,7.6293945e-06,8.0966165e-06,0.0,7.820386e-06
265.8723,0.97157526,0.97157526,0.0,0.0,2018-02-25 12:00:00,5.0,8.848397e-06,8.853042e-06,0.0,8.848397e-06
265.9126,0.6890351,0.6890351,0.0,0.0,2018-02-25 13:00:00,5.0,6.215533e-06,6.3631014e-06,0.0,6.3872985e-06
265.5852,0.29384774,0.29384774,0.0,0.0,2018-02-25 14:00:00,5.0,3.1263507e-06,3.24364e-06,0.0,3.4891073e-06
266.15332,0.14853036,0.14853036,0.0,0.0,2018-02-25 15:00:00,5.0,9.536743e-07,7.9360484e-07,0.0,5.9091695e-07
266.6577,0.004741922,0.004741922,0.0,0.0,2018-02-25 16:00:00,0.0,0.0,1.09595305e-07,0.0,0.0
267.63354,0.0,0.0,0.0,0.0,2018-02-25 17:00:00,0.0,0.0,0.0,0.0,0.0
268.72534,0.24037403,0.24037403,0.0,0.0,2018-02-25 18:00:00,5.0,0.0,0.0,0.0,0.0
269.46558,0.07857674,0.07857674,0.0,0.0,2018-02-25 19:00:00,5.0,0.0,0.0,0.0,0.0
270.20898,0.6706456,0.6706456,0.0,0.0,2018-02-25 20:00:00,5.0,1.5253654e-06,1.5490778e-06,0.0,1.7349412e-06
271.04028,0.7769102,0.7769102,0.0,0.0,2018-02-25 21:00:00,5.0,2.4790397e-06,2.6886155e-06,0.0,2.6886155e-06
271.19116,0.6769863,0.6769863,0.0,0.0,2018-02-25 22:00:00,5.0,7.626828e-07,9.959713e-07,0.0,8.767626e-07
271.21924,0.23124063,0.23124063,0.0,0.0,2018-02-25 23:00:00,5.0,0.0,0.0,0.0,0.0
270.7085,0.024290293,0.024290293,0.0,0.0,2018-02-26 00:00:00,0.0,0.0,0.0,0.0,0.0
270.21997,0.004741922,0.004741922,0.0,0.0,2018-02-26 01:00:00,0.0,0.0,0.0,0.0,0.0
269.59473,0.0,0.0,0.0,0.0,2018-02-26 02:00:00,0.0,0.0,0.0,0.0,0.0
268.1062,0.01483516,0.01483516,0.0,0.0,2018-02-26 03:00:00,0.0,0.0,0.0,0.0,0.0
267.48413,0.0,0.0,0.0,0.0,2018-02-26 04:00:00,0.0,0.0,0.0,0.0,0.0
267.08325,0.0,0.0,0.0,0.0,2018-02-26 05:00:00,0.0,0.0,0.0,0.0,0.0
266.08936,0.0,0.0,0.0,0.0,2018-02-26 06:00:00,0.0,0.0,0.0,0.0,0.0
265.5796,0.0,0.0,0.0,0.0,2018-02-26 07:00:00,0.0,0.0,0.0,0.0,0.0
265.364,0.0,0.0,0.0,0.0,2018-02-26 08:00:00,0.0,0.0,0.0,0.0,0.0
264.70337,0.0,0.0,0.0,0.0,2018-02-26 09:00:00,0.0,0.0,0.0,0.0,0.0
264.27148,0.0,0.0,0.0,0.0,2018-02-26 10:00:00,0.0,0.0,0.0,0.0,0.0
264.20044,0.0,0.0,0.0,0.0,2018-02-26 11:00:00,0.0,0.0,0.0,0.0,0.0
264.53564,0.0,0.0,0.0,0.0,2018-02-26 12:00:00,0.0,0.0,0.0,0.0,0.0
264.3308,0.0,0.0,0.0,0.0,2018-02-26 13:00:00,0.0,0.0,0.0,0.0,0.0
265.2666,0.0,0.0,0.0,0.0,2018-02-26 14:00:00,0.0,0.0,0.0,0.0,0.0
267.92017,0.0,0.0,0.0,0.0,2018-02-26 15:00:00,0.0,0.0,0.0,0.0,0.0
271.52808,0.13167918,0.0,0.0,0.13167918,2018-02-26 16:00:00,0.0,0.0,0.0,0.0,0.0
274.46533,0.22519666,0.0,0.0,0.22519666,2018-02-26 17:00:00,0.0,0.0,0.0,0.0,0.0
275.62793,0.21078587,0.0,0.18723655,0.03527481,2018-02-26 18:00:00,0.0,0.0,0.0,0.0,0.0
276.01367,0.025856018,0.0,0.0033782488,0.022477768,2018-02-26 19:00:00,0.0,0.0,0.0,0.0,0.0
276.50146,0.059059486,0.0,0.0,0.059059486,2018-02-26 20:00:00,0.0,0.0,0.0,0.0,0.0
276.89087,0.0,0.0,0.0,0.0,2018-02-26 21:00:00,0.0,0.0,0.0,0.0,0.0
277.60205,0.0,0.0,0.0,0.0,2018-02-26 22:00:00,0.0,0.0,0.0,0.0,0.0
277.1648,0.04349043,0.0,0.0,0.04349043,2018-02-26 23:00:00,0.0,0.0,0.0,0.0,0.0
276.09692,0.021390855,0.0,0.0,0.021390855,2018-02-27 00:00:00,0.0,0.0,0.0,0.0,0.0
275.31323,0.33575618,0.0,0.033320036,0.33575618,2018-02-27 01:00:00,0.0,0.0,0.0,0.0,0.0
274.82202,0.6481399,0.0,0.52519697,0.57607406,2018-02-27 02:00:00,0.0,0.0,0.0,0.0,0.0
273.81494,0.6266055,0.0,0.6092421,0.38985485,2018-02-27 03:00:00,0.0,0.0,0.0,0.0,0.0
273.88794,0.36440408,0.0,0.34625584,0.07831395,2018-02-27 04:00:00,0.0,0.0,0.0,0.0,0.0
273.45435,0.056436893,0.0,0.034934793,0.039959677,2018-02-27 05:00:00,0.0,0.0,0.0,0.0,0.0
273.1316,0.0,0.0,0.0,0.0,2018-02-27 06:00:00,0.0,0.0,0.0,0.0,0.0
272.75513,0.0,0.0,0.0,0.0,2018-02-27 07:00:00,0.0,0.0,0.0,0.0,0.0
271.69116,0.0032499009,0.0,0.0,0.0032499009,2018-02-27 08:00:00,0.0,0.0,0.0,0.0,0.0
271.29346,0.16967422,0.0,0.13633537,0.10643923,2018-02-27 09:00:00,0.0,0.0,0.0,0.0,0.0
268.7583,0.4124154,0.0,0.40635484,0.08447343,2018-02-27 10:00:00,0.0,0.0,0.0,0.0,0.0
268.15308,0.6799559,0.0,0.60670835,0.25328612,2018-02-27 11:00:00,0.0,0.0,0.0,0.0,0.0
267.13037,0.7906035,0.0,0.780654,0.10443497,2018-02-27 12:00:00,0.0,0.0,0.0,0.0,0.0
266.72314,0.85859436,0.0,0.8356524,0.24092138,2018-02-27 13:00:00,0.0,0.0,0.0,0.0,0.0
267.68433,0.85114145,0.0,0.61786556,0.72688514,2018-02-27 14:00:00,0.0,0.0,0.0,0.0,0.0
270.12744,0.93393517,0.0,0.28521323,0.92893195,2018-02-27 15:00:00,0.0,0.0,0.0,0.0,0.0
273.2107,0.8888856,0.0,0.1266501,0.8888856,2018-02-27 16:00:00,0.0,0.0,0.0,0.0,0.0
275.4602,0.77654296,0.0,0.12826818,0.7636368,2018-02-27 17:00:00,0.0,0.0,0.0,0.0,0.0
276.69287,0.94075316,0.0,0.37991714,0.9239613,2018-02-27 18:00:00,0.0,0.0,0.0,0.0,0.0
277.9182,0.92735976,0.0,0.47117734,0.8828764,2018-02-27 19:00:00,0.0,0.0,0.0,0.0,0.0
278.50854,0.87476087,0.00053172023,0.21171522,0.8723899,2018-02-27 20:00:00,0.0,0.0,0.0,0.0,0.0
279.0686,0.83389723,0.0063561946,0.0,0.8323082,2018-02-27 21:00:00,0.0,0.0,0.0,0.0,0.0
278.3379,0.27165824,0.036721464,0.0029026829,0.24022955,2018-02-27 22:00:00,0.0,0.0,0.0,0.0,0.0
278.43237,0.2117927,0.07881075,0.027612291,0.13873118,2018-02-27 23:00:00,0.0,0.0,0.0,0.0,0.0
277.80713,0.14442772,0.09438914,0.009483848,0.045296606,2018-02-28 00:00:00,0.0,0.0,0.0,0.0,0.0
276.72827,0.17160869,0.10700095,0.0,0.07472533,2018-02-28 01:00:00,0.0,0.0,0.0,0.0,0.0
275.73486,0.1582886,0.059870183,0.0,0.10849452,2018-02-28 02:00:00,0.0,0.0,0.0,0.0,0.0
273.86035,0.3866555,0.04871107,0.0,0.34802788,2018-02-28 03:00:00,0.0,0.0,0.0,0.0,0.0
273.56934,0.5347078,0.040120408,0.0,0.5099923,2018-02-28 04:00:00,0.0,0.0,0.0,0.0,0.0
272.8081,0.47504961,0.023337163,0.0,0.46371818,2018-02-28 05:00:00,0.0,0.0,0.0,0.0,0.0
272.11353,0.011281386,0.011281386,0.0,0.0,2018-02-28 06:00:00,0.0,0.0,0.0,0.0,0.0
271.6626,0.009939872,0.009939872,0.0,0.0,2018-02-28 07:00:00,0.0,0.0,0.0,0.0,0.0
270.87134,0.0,0.0,0.0,0.0,2018-02-28 08:00:00,0.0,0.0,0.0,0.0,0.0
269.20996,0.0,0.0,0.0,0.0,2018-02-28 09:00:00,0.0,0.0,0.0,0.0,0.0
268.8628,0.0,0.0,0.0,0.0,2018-02-28 10:00:00,0.0,0.0,0.0,0.0,0.0
268.81592,0.0,0.0,0.0,0.0,2018-02-28 11:00:00,0.0,0.0,0.0,0.0,0.0
268.60815,0.0,0.0,0.0,0.0,2018-02-28 12:00:00,0.0,0.0,0.0,0.0,0.0
268.0542,0.0,0.0,0.0,0.0,2018-02-28 13:00:00,0.0,0.0,0.0,0.0,0.0
268.9187,0.0,0.0,0.0,0.0,2018-02-28 14:00:00,0.0,0.0,0.0,0.0,0.0
271.91187,0.46918064,0.0,0.24967003,0.45448703,2018-02-28 15:00:00,0.0,0.0,0.0,0.0,0.0
274.29248,0.96547353,0.0,0.11468047,0.96547353,2018-02-28 16:00:00,0.0,0.0,0.0,0.0,0.0
275.7693,0.94222957,0.0,0.09527445,0.94064057,2018-02-28 17:00:00,0.0,0.0,0.0,0.0,0.0
276.65918,0.95095825,0.0,0.20272106,0.9504265,2018-02-28 18:00:00,0.0,0.0,0.0,0.0,0.0
276.9673,0.9357657,0.0,0.5469076,0.9191845,2018-02-28 19:00:00,0.0,0.0,0.0,0.0,0.0
277.9441,0.9570671,0.0,0.85084885,0.92201436,2018-02-28 20:00:00,0.0,0.0,0.0,0.0,0.0
278.82886,0.9771617,0.0,0.8999077,0.97164387,2018-02-28 21:00:00,0.0,0.0,0.0,0.0,0.0
278.29297,1.0,0.0,0.8519084,1.0,2018-02-28 22:00:00,0.0,0.0,0.0,0.0,0.0
277.9392,1.0,0.0,0.65685,0.99946827,2018-02-28 23:00:00,0.0,0.0,0.0,0.0,0.0
277.0996,0.9327854,0.0,0.63501745,0.9207863,2018-03-01 00:00:00,0.0,0.0,0.0,0.0,0.0
276.38965,0.7420668,0.0,0.59259874,0.6821603,2018-03-01 01:00:00,0.0,0.0,0.0,0.0,0.0
275.5913,0.7907269,0.0,0.7399098,0.294554,2018-03-01 02:00:00,0.0,0.0,0.0,0.0,0.0
274.2793,0.93618256,0.00053172023,0.8957709,0.41164166,2018-03-01 03:00:00,0.0,0.0,0.0,0.0,0.0
274.3235,0.8924748,0.004235424,0.87096816,0.23097932,2018-03-01 04:00:00,0.0,0.0,0.0,0.0,0.0
274.22314,0.95030034,0.007088065,0.9486754,0.11456299,2018-03-01 05:00:00,5.0,9.549569e-08,0.0,1.0478777e-07,0.0
274.13232,0.96421605,0.015116688,0.95476246,0.16678727,2018-03-01 06:00:00,5.0,9.536743e-07,4.864522e-07,4.387021e-07,3.813414e-07
274.05542,0.9466329,0.0068065375,0.9466329,0.011259723,2018-03-01 07:00:00,0.0,0.0,2.3873934e-08,0.0,0.0
273.1975,0.7481029,0.011022855,0.7481029,0.0,2018-03-01 08:00:00,0.0,9.549569e-08,9.549569e-08,0.0,9.549569e-08
271.5835,0.4651006,0.0068065375,0.4651006,0.0,2018-03-01 09:00:00,0.0,9.549569e-08,2.3873934e-08,4.7747868e-08,0.0
269.4275,0.045302503,0.009177502,0.036650605,0.0,2018-03-01 10:00:00,0.0,0.0,0.0,0.0,0.0
268.6875,0.011022855,0.011022855,0.0,0.0,2018-03-01 11:00:00,0.0,0.0,0.0,0.0,0.0
267.79932,0.0071128868,0.0071128868,0.0,0.0,2018-03-01 12:00:00,0.0,0.0,0.0,0.0,0.0
267.09644,0.0,0.0,0.0,0.0,2018-03-01 13:00:00,0.0,0.0,0.0,0.0,0.0
268.13818,0.0,0.0,0.0,0.0,2018-03-01 14:00:00,0.0,0.0,0.0,0.0,0.0
270.20312,0.0,0.0,0.0,0.0,2018-03-01 15:00:00,0.0,0.0,0.0,0.0,0.0
271.6526,0.0033782488,0.0033782488,0.0,0.0,2018-03-01 16:00:00,0.0,0.0,0.0,0.0,0.0
273.50977,0.0,0.0,0.0,0.0,2018-03-01 17:00:00,0.0,0.0,0.0,0.0,0.0
274.43408,0.0,0.0,0.0,0.0,2018-03-01 18:00:00,0.0,0.0,0.0,0.0,0.0
275.26196,0.0,0.0,0.0,0.0,2018-03-01 19:00:00,0.0,0.0,0.0,0.0,0.0
276.19556,0.0,0.0,0.0,0.0,2018-03-01 20:00:00,0.0,0.0,0.0,0.0,0.0
276.61108,0.0,0.0,0.0,0.0,2018-03-01 21:00:00,0.0,0.0,0.0,0.0,0.0
276.9065,0.0,0.0,0.0,0.0,2018-03-01 22:00:00,0.0,0.0,0.0,0.0,0.0
276.5669,0.0,0.0,0.0,0.0,2018-03-01 23:00:00,0.0,0.0,0.0,0.0,0.0
274.96582,0.0,0.0,0.0,0.0,2018-03-02 00:00:00,0.0,0.0,0.0,0.0,0.0
273.88208,0.0,0.0,0.0,0.0,2018-03-02 01:00:00,0.0,0.0,0.0,0.0,0.0
272.8518,0.0,0.0,0.0,0.0,2018-03-02 02:00:00,0.0,0.0,0.0,0.0,0.0
271.29932,0.0,0.0,0.0,0.0,2018-03-02 03:00:00,0.0,0.0,0.0,0.0,0.0
270.96338,0.0,0.0,0.0,0.0,2018-03-02 04:00:00,0.0,0.0,0.0,0.0,0.0
268.7317,0.0,0.0,0.0,0.0,2018-03-02 05:00:00,0.0,0.0,0.0,0.0,0.0
267.41748,0.23223889,0.0,0.057994284,0.22224623,2018-03-02 06:00:00,0.0,0.0,0.0,0.0,0.0
266.177,0.3665511,0.0,0.19021338,0.33655232,2018-03-02 07:00:00,0.0,0.0,0.0,0.0,0.0
265.87915,0.2006135,0.0,0.2006135,0.0,2018-03-02 08:00:00,0.0,0.0,0.0,0.0,0.0
265.0337,0.0,0.0,0.0,0.0,2018-03-02 09:00:00,0.0,0.0,0.0,0.0,0.0
264.00854,0.0067320913,0.0,0.0,0.0067320913,2018-03-02 10:00:00,0.0,0.0,0.0,0.0,0.0
263.5901,0.35214674,0.34725475,0.0082530975,0.0,2018-03-02 11:00:00,0.0,0.0,0.0,0.0,0.0
262.4204,0.4084335,0.33447778,0.061924476,0.057718083,2018-03-02 12:00:00,5.0,0.0,4.7667676e-08,0.0,0.0
261.38574,0.96611655,0.56073415,0.06427771,0.7671922,2018-03-02 13:00:00,5.0,0.0,7.386461e-08,0.0,0.0
262.5796,0.9978961,0.67976207,0.066491425,0.9824654,2018-03-02 14:00:00,5.0,0.0,2.1454463e-07,0.0,1.14079796e-07
265.1875,0.99946827,0.9470235,0.81056315,0.9870936,2018-03-02 15:00:00,5.0,0.0,1.4772922e-07,0.0,0.0
268.2495,1.0,0.092980266,0.9678412,1.0,2018-03-02 16:00:00,5.0,0.0,5.9604645e-08,0.0,0.0
271.42944,1.0,0.0,0.9800109,1.0,2018-03-02 17:00:00,0.0,0.0,0.0,0.0,0.0
273.7395,1.0,0.0,0.99946827,0.88070625,2018-03-02 18:00:00,0.0,0.0,0.0,0.0,0.0
275.2881,1.0,0.0,1.0,0.976428,2018-03-02 19:00:00,0.0,0.0,0.0,0.0,0.0
276.06787,1.0,0.0,1.0,0.9920993,2018-03-02 20:00:00,0.0,0.0,0.0,0.0,0.0
276.9961,0.9989426,0.0,0.9989426,0.5910138,2018-03-02 21:00:00,0.0,0.0,0.0,0.0,0.0
276.6316,1.0,0.0,1.0,0.04365455,2018-03-02 22:00:00,0.0,0.0,0.0,0.0,0.0
276.47412,0.9941863,0.0,0.9941863,0.0,2018-03-02 23:00:00,0.0,0.0,0.0,0.0,0.0
276.3828,0.9556379,0.0,0.950267,0.21911198,2018-03-03 00:00:00,0.0,0.0,0.0,0.0,0.0
276.05078,0.78216654,0.0,0.7704312,0.14051563,2018-03-03 01:00:00,0.0,0.0,0.0,0.0,0.0
275.83936,0.53043646,0.0,0.4634382,0.14193189,2018-03-03 02:00:00,0.0,0.0,0.0,0.0,0.0
274.99805,0.5209519,0.0,0.39238805,0.22662526,2018-03-03 03:00:00,0.0,0.0,0.0,0.0,0.0
274.64062,0.2827292,0.0,0.19715631,0.11652887,2018-03-03 04:00:00,0.0,0.0,0.0,0.0,0.0
274.11743,0.115933895,0.0,0.052513435,0.07015979,2018-03-03 05:00:00,0.0,0.0,0.0,0.0,0.0
273.0891,0.09173435,0.0,0.0067320913,0.08501208,2018-03-03 06:00:00,0.0,0.0,0.0,0.0,0.0
272.88452,0.10790241,0.0,0.0,0.10790241,2018-03-03 07:00:00,0.0,0.0,0.0,0.0,0.0
272.4453,0.0,0.0,0.0,0.0,2018-03-03 08:00:00,0.0,0.0,0.0,0.0,0.0
271.89502,0.04688459,0.0,0.04688459,0.0,2018-03-03 09:00:00,0.0,0.0,0.0,0.0,0.0
273.27515,0.32144415,0.0,0.32144415,0.0,2018-03-03 10:00:00,0.0,0.0,0.0,0.0,0.0
273.69897,0.6397804,0.0,0.6397804,0.0,2018-03-03 11:00:00,0.0,0.0,0.0,0.0,0.0
273.72998,0.7445914,0.0,0.7445914,0.0,2018-03-03 12:00:00,0.0,0.0,0.0,0.0,0.0
273.72754,0.48243624,0.0,0.48243624,0.0,2018-03-03 13:00:00,0.0,0.0,0.0,0.0,0.0
274.3723,0.20576417,0.0,0.20576417,0.0,2018-03-03 14:00:00,0.0,0.0,0.0,0.0,0.0
275.93213,0.18398511,0.0,0.18398511,0.0,2018-03-03 15:00:00,0.0,0.0,0.0,0.0,0.0
276.5193,0.60272276,0.0,0.60272276,0.0,2018-03-03 16:00:00,0.0,0.0,0.0,0.0,0.0
277.18066,0.61990756,0.0,0.61990756,0.0,2018-03-03 17:00:00,0.0,0.0,0.0,0.0,0.0
277.71094,0.71219903,0.0,0.71219903,0.0,2018-03-03 18:00:00,0.0,0.0,0.0,0.0,0.0
278.59766,0.71264905,0.0,0.71264905,0.0,2018-03-03 19:00:00,0.0,0.0,0.0,0.0,0.0
278.9485,0.774443,0.0,0.774443,0.0,2018-03-03 20:00:00,0.0,0.0,0.0,0.0,0.0
279.6184,0.41756856,0.0,0.41756856,0.0,2018-03-03 21:00:00,0.0,0.0,0.0,0.0,0.0
278.8816,0.15207142,0.0,0.15207142,0.0,2018-03-03 22:00:00,0.0,0.0,0.0,0.0,0.0
278.7212,0.042191688,0.0,0.022203296,0.024974484,2018-03-03 23:00:00,0.0,0.0,0.0,0.0,0.0
278.44507,0.27966052,0.0,0.14798802,0.1679076,2018-03-04 00:00:00,0.0,0.0,0.0,0.0,0.0
277.9524,0.79582983,0.0,0.77180606,0.12161571,2018-03-04 01:00:00,0.0,0.0,0.0,0.0,0.0
277.43433,0.8195767,0.0,0.80608714,0.12225467,2018-03-04 02:00:00,0.0,0.0,0.0,0.0,0.0
277.15405,0.9502766,0.007900696,0.9502766,0.07013911,2018-03-04 03:00:00,0.0,1.488188e-06,0.0,1.4404404e-06,0.0
277.28198,1.0,0.11201388,1.0,0.13515997,2018-03-04 04:00:00,7.0,5.9938347e-06,8.9182913e-07,0.0,5.9938347e-06
276.92847,1.0,0.39236248,1.0,0.1652708,2018-03-04 05:00:00,6.0,7.854683e-05,5.7646146e-05,0.0,7.854683e-05
276.0786,1.0,0.8811799,1.0,0.663755,2018-03-04 06:00:00,6.0,0.00014905441,0.00011344896,0.0,0.00014905441
275.8484,1.0,0.96361506,1.0,0.8816668,2018-03-04 07:00:00,7.0,0.00012901156,9.3941504e-05,1.0535284e-05,0.00011832311
275.43896,1.0,1.0,1.0,0.71442115,2018-03-04 08:00:00,7.0,4.9922237e-05,2.9079893e-05,9.324266e-06,4.0941188e-05
275.0935,1.0,0.9939861,1.0,0.36668432,2018-03-04 09:00:00,1.0,6.099447e-05,9.758135e-06,9.908417e-07,6.0213206e-05
274.68652,0.99675006,0.9552777,0.98696613,0.6211295,2018-03-04 10:00:00,1.0,0.00025270274,2.8589257e-06,0.0,0.00025270274
274.57422,1.0,0.9973536,0.9932679,0.86737996,2018-03-04 11:00:00,1.0,0.00056866277,1.8319533e-06,6.2535924e-05,0.000506127
274.46167,0.99946827,0.85164994,0.992631,0.9184158,2018-03-04 12:00:00,1.0,0.00058110175,2.7785747e-05,0.00013484326,0.00044609676
274.41333,0.9918322,0.36473745,0.9724524,0.9096689,2018-03-04 13:00:00,1.0,0.0007940803,0.00016836198,0.00047484436,0.0003187207
274.31836,0.9731004,0.124614656,0.88205117,0.85096675,2018-03-04 14:00:00,1.0,0.00026357314,4.037637e-06,6.60838e-05,0.00019780449
274.83862,0.9646318,0.09824425,0.8555354,0.7431488,2018-03-04 15:00:00,1.0,0.00014321855,9.908417e-07,2.1930013e-05,0.00012104947
274.98633,0.9857815,0.19735265,0.92881775,0.86755043,2018-03-04 16:00:00,1.0,6.2905805e-05,1.1146976e-06,3.295012e-05,2.9803472e-05
275.156,1.0,0.6399494,0.95712274,0.8381276,2018-03-04 17:00:00,0.0,1.5974001e-05,7.146119e-07,1.5098206e-05,9.908417e-07
275.4751,0.9966217,0.6747867,0.98652846,0.7136846,2018-03-04 18:00:00,0.0,2.4771061e-06,2.8519953e-08,2.6107364e-06,0.0
275.9253,0.9947011,0.113716185,0.9941755,0.27737856,2018-03-04 19:00:00,1.0,1.6922524e-05,0.0,1.6970269e-05,0.0
276.5171,0.99629015,0.053611528,0.9190197,0.87241954,2018-03-04 20:00:00,0.0,0.0,0.0,0.0,0.0
277.61377,0.99946827,0.0,0.6999111,0.9770805,2018-03-04 21:00:00,0.0,0.0,0.0,0.0,0.0
277.32544,0.9884012,0.0,0.5675761,0.9730977,2018-03-04 22:00:00,0.0,0.0,0.0,0.0,0.0
277.28076,0.7709295,0.0,0.34364766,0.7315447,2018-03-04 23:00:00,0.0,0.0,0.0,0.0,0.0
277.19873,0.8134916,0.0,0.275383,0.79134256,2018-03-05 00:00:00,0.0,0.0,0.0,0.0,0.0
277.0642,0.97452885,0.0,0.45359594,0.97063595,2018-03-05 01:00:00,0.0,2.4588066e-05,0.0,2.4588066e-05,0.0
276.70435,0.998375,0.027395029,0.6992216,0.99569273,2018-03-05 02:00:00,0.0,0.00018975572,0.0,0.00018975572,0.0
276.24536,0.997629,0.22279567,0.8047826,0.9817444,2018-03-05 03:00:00,1.0,0.00031728926,0.0,0.00031728926,0.0
275.97534,1.0,0.68534446,0.8758048,0.98815614,2018-03-05 04:00:00,1.0,0.00032891822,0.0,0.00032891822,0.0
275.67578,1.0,0.9259301,0.9894253,0.8966711,2018-03-05 05:00:00,1.0,0.00029477198,0.0,0.0002923666,2.4053543e-06
274.54004,1.0,1.0,0.99348307,0.6374338,2018-03-05 06:00:00,1.0,0.0011177231,9.654825e-06,0.0008933861,0.00022428922
274.42603,1.0,1.0,1.0,0.6904382,2018-03-05 07:00:00,1.0,0.0017645247,4.2928892e-05,0.0011451973,0.0006192322
274.271,1.0,1.0,1.0,0.888736,2018-03-05 08:00:00,1.0,0.0013823214,0.0,0.00090194494,0.00048043346
274.23877,1.0,0.98316735,1.0,0.7529814,2018-03-05 09:00:00,1.0,0.0012247406,0.0,0.00076979166,0.00045528216
274.43506,0.9932679,0.2244435,0.96859926,0.87759304,2018-03-05 10:00:00,6.0,0.0009107434,0.00012175835,0.00054724095,0.00036366493
274.6753,1.0,0.011593629,0.9343097,0.96340525,2018-03-05 11:00:00,6.0,0.0008477599,0.0006598646,0.0006113497,0.00023627654
274.74658,0.97233176,0.04055523,0.7901552,0.9167817,2018-03-05 12:00:00,6.0,0.0011111379,0.0010297436,0.00079105096,0.00032009627
274.7373,0.9576232,0.17576653,0.7101344,0.8100035,2018-03-05 13:00:00,6.0,0.0011625981,0.0011036547,0.0008282757,0.00033433153
274.61548,0.8888407,0.36850315,0.6622693,0.70062965,2018-03-05 14:00:00,5.0,0.0011256929,0.0010939627,0.00079631386,0.00032945536
274.32593,0.9679117,0.631997,0.81189865,0.86310714,2018-03-05 15:00:00,5.0,0.0012705256,0.0012527553,0.0009878972,0.00028257119
274.39575,0.96493226,0.7603384,0.90343875,0.65686846,2018-03-05 16:00:00,6.0,0.0009512177,0.00094164605,0.00062676426,0.0003248346
273.8921,0.99164295,0.8279897,0.988393,0.4948802,2018-03-05 17:00:00,5.0,0.0003736911,0.00037219794,3.3595716e-05,0.0003400382
273.8286,0.9966217,0.815175,0.9932679,0.75621665,2018-03-05 18:00:00,5.0,0.0004106462,0.00040368945,2.939877e-06,0.00040782033
274.10718,1.0,0.75187624,1.0,0.960042,2018-03-05 19:00:00,6.0,0.0004661833,0.00046621705,0.0,0.00046616467
274.09033,1.0,0.685298,1.0,0.9085868,2018-03-05 20:00:00,6.0,0.00057184836,0.00056268275,0.000118931406,0.00045264978
273.7444,0.9955251,0.6004857,0.9654616,0.89984095,2018-03-05 21:00:00,5.0,0.0011936899,0.0011733586,0.0006126994,0.00058108545
271.9226,0.99946827,0.9503916,0.9825709,0.70930135,2018-03-05 22:00:00,5.0,0.0009510312,0.0009498969,0.00022184853,0.00072915386
271.65576,0.9966217,0.85203695,0.96405935,0.76165706,2018-03-05 23:00:00,5.0,0.0007486737,0.00074847136,3.2983808e-05,0.0007154329
271.583,0.9949968,0.84671474,0.9802728,0.8747851,2018-03-06 00:00:00,5.0,0.0010409681,0.0010411872,0.0002479097,0.00079296296
271.35742,1.0,0.8790049,1.0,0.948959,2018-03-06 01:00:00,5.0,0.0012667398,0.0012666492,0.00023324025,0.0010332423
271.19824,1.0,0.9416695,0.9850148,0.9805399,2018-03-06 02:00:00,5.0,0.0013009422,0.0013004893,0.000114658586,0.0011858451
271.1145,1.0,1.0,0.985101,0.95656383,2018-03-06 03:00:00,5.0,0.0010490862,0.0010493055,0.0,0.0010493535
271.2964,1.0,1.0,0.99841094,0.67654467,2018-03-06 04:00:00,5.0,0.00076180976,0.000761457,0.0,0.0007613329
271.37524,1.0,1.0,0.96315664,0.4475236,2018-03-06 05:00:00,5.0,0.0005575947,0.00055745407,0.0,0.00055769016
271.44165,1.0,1.0,0.6585977,0.4125461,2018-03-06 06:00:00,5.0,0.00042723934,0.00042726332,0.0,0.00042723934
271.65942,1.0,1.0,0.47930366,0.43037677,2018-03-06 07:00:00,5.0,0.00014520333,0.00014562778,0.0,0.00014520333
271.52856,0.99946827,0.99946827,0.70709056,0.3627578,2018-03-06 08:00:00,5.0,0.00015148429,0.00015160085,0.0,0.00015148429
271.33105,0.99946827,0.99946827,0.6791584,0.5810371,2018-03-06 09:00:00,5.0,0.0001430691,0.0001429765,0.0,0.00014295503
271.17627,0.9978961,0.9955251,0.49875295,0.6487129,2018-03-06 10:00:00,5.0,0.00012325284,0.00012342204,0.0,0.00012325284
271.30054,0.997629,0.9970973,0.8777957,0.7851749,2018-03-06 11:00:00,5.0,0.00017523197,0.00017530336,0.0,0.00017523197
271.29858,1.0,0.99946827,0.90249527,0.79895264,2018-03-06 12:00:00,5.0,0.00020868046,0.00020864481,0.0,0.00020868046
271.14575,1.0,1.0,0.85538787,0.6080657,2018-03-06 13:00:00,5.0,0.00016578888,0.0001654408,0.0,0.00016578888
271.3391,1.0,0.9968219,0.9827938,0.7034248,2018-03-06 14:00:00,5.0,0.00017082578,0.00017098329,0.0,0.00017092128
271.60645,1.0,0.99089694,0.98283213,0.62997204,2018-03-06 15:00:00,5.0,0.00015544634,0.00015538641,0.0,0.00015538865
271.79248,1.0,0.9957922,0.96911407,0.574871,2018-03-06 16:00:00,5.0,8.892559e-05,8.898975e-05,0.0,8.913515e-05
272.5205,1.0,0.99841094,0.6665855,0.21761084,2018-03-06 17:00:00,5.0,2.6593902e-05,2.652219e-05,0.0,2.6593902e-05
273.05908,0.9973536,0.99576455,0.42716253,0.032128815,2018-03-06 18:00:00,5.0,1.2668867e-05,1.2644832e-05,0.0,1.2668867e-05
273.3286,1.0,1.0,0.30482495,0.00053172023,2018-03-06 19:00:00,5.0,1.1788888e-05,1.1678809e-05,0.0,1.1788888e-05
273.5432,0.9918798,0.9918798,0.047323547,0.0,2018-03-06 20:00:00,5.0,1.8350518e-05,1.8111925e-05,0.0,1.8350518e-05
273.25366,0.9897259,0.9897259,0.022321943,0.0,2018-03-06 21:00:00,5.0,9.577109e-06,9.522392e-06,0.0,9.577109e-06
272.05542,0.9296553,0.92912364,0.0037098185,0.0,2018-03-06 22:00:00,5.0,5.1138186e-06,5.040034e-06,0.0,5.1138186e-06
271.698,0.86760956,0.86760956,0.0,0.0,2018-03-06 23:00:00,5.0,2.4809642e-06,2.7362075e-06,0.0,2.4809642e-06
271.22852,0.8996951,0.8996951,0.0,0.0,2018-03-07 00:00:00,5.0,1.2401615e-06,1.1636512e-06,0.0,1.2401615e-06
270.51514,0.8951015,0.8951015,0.0,0.0,2018-03-07 01:00:00,5.0,4.138352e-06,4.066891e-06,0.0,4.138352e-06
269.97217,0.7061434,0.7061434,0.0,0.0,2018-03-07 02:00:00,5.0,7.8953635e-06,7.893122e-06,0.0,7.8953635e-06
268.70508,0.31858933,0.31858933,0.0,0.0,2018-03-07 03:00:00,5.0,1.0318651e-05,1.0344606e-05,0.0,1.0318651e-05
268.71997,0.08581251,0.08581251,0.0,0.0,2018-03-07 04:00:00,5.0,7.572349e-06,7.648699e-06,0.0,7.572349e-06
268.20947,0.07351154,0.07351154,0.0,0.0,2018-03-07 05:00:00,5.0,4.921544e-06,4.6828836e-06,0.0,4.921544e-06
267.11865,0.049764004,0.029877786,0.0,0.019886218,2018-03-07 06:00:00,5.0,2.7277083e-06,2.679879e-06,0.0,2.7277083e-06
266.85596,0.13165325,0.045539487,0.0,0.09283608,2018-03-07 07:00:00,5.0,1.14079796e-07,2.835215e-07,0.0,1.14079796e-07
265.8479,0.1851027,0.09473443,0.0,0.10182518,2018-03-07 08:00:00,5.0,5.9091695e-07,5.6944623e-07,0.0,5.9091695e-07
264.53223,0.19856036,0.11712211,0.0,0.099683404,2018-03-07 09:00:00,5.0,6.864127e-07,6.4347125e-07,0.0,6.864127e-07
261.64575,0.2739249,0.20243752,0.0,0.07885635,2018-03-07 10:00:00,5.0,1.3920508e-06,1.4182478e-06,0.0,1.3920508e-06
261.62036,0.17367244,0.15993387,0.0,0.01998901,2018-03-07 11:00:00,5.0,4.9606274e-07,6.2937164e-07,0.0,4.9606274e-07
261.30762,0.17304718,0.12236345,0.0,0.050666656,2018-03-07 12:00:00,5.0,4.0056705e-07,4.6730224e-07,0.0,4.0056705e-07
261.04224,0.19957703,0.115917385,0.0,0.08929026,2018-03-07 13:00:00,5.0,3.050713e-07,4.4334809e-07,0.0,5.7233285e-07
261.98975,0.41759688,0.10654509,0.0,0.33850932,2018-03-07 14:00:00,0.0,3.050713e-07,4.1955434e-07,0.0,3.050713e-07
264.42773,0.42362553,0.044293217,0.0,0.38904768,2018-03-07 15:00:00,0.0,1.9099144e-07,2.1951143e-07,0.0,1.9099144e-07
265.5398,0.60478497,0.017479539,0.0,0.59207255,2018-03-07 16:00:00,0.0,9.549569e-08,7.394476e-08,0.0,9.549569e-08
266.99,0.41501093,0.0021207693,0.0,0.4144792,2018-03-07 17:00:00,0.0,0.0,0.0,0.0,0.0
267.9546,0.3267269,0.004235424,0.0,0.32460618,2018-03-07 18:00:00,0.0,0.0,0.0,0.0,0.0
268.70483,0.044660587,0.020132028,0.0,0.028238375,2018-03-07 19:00:00,0.0,0.0,0.0,0.0,0.0
269.38647,0.14897335,0.14897335,0.0,0.0,2018-03-07 20:00:00,5.0,0.0,0.0,0.0,0.0
270.00244,0.27491987,0.27491987,0.0,0.0,2018-03-07 21:00:00,0.0,0.0,0.0,0.0,0.0
269.9734,0.8104418,0.8104418,0.0,0.0,2018-03-07 22:00:00,5.0,0.0,4.5344667e-08,0.0,0.0
269.66602,0.8358991,0.8358991,0.0,0.0,2018-03-07 23:00:00,5.0,6.4924456e-07,6.94509e-07,0.0,6.4924456e-07
269.14062,0.26950622,0.26950622,0.0,0.0,2018-03-08 00:00:00,5.0,3.3590195e-06,3.29685e-06,0.0,3.3590195e-06
268.1333,0.16246086,0.16246086,0.0016249504,0.0,2018-03-08 01:00:00,5.0,2.1752512e-06,2.108436e-06,0.0,2.1752512e-06
266.5332,0.07940596,0.041996296,0.037417002,0.0,2018-03-08 02:00:00,5.0,1.1446655e-06,1.0539761e-06,0.0,1.1446655e-06
264.98413,0.013680626,0.013680626,0.0,0.0,2018-03-08 03:00:00,5.0,1.0491694e-06,1.0491694e-06,0.0,1.0491694e-06
264.25195,0.04607505,0.014585219,0.0,0.03359371,2018-03-08 04:00:00,5.0,7.8190845e-07,7.43936e-07,0.0,7.8190845e-07
263.2766,0.22369784,0.0037288337,0.0,0.22369784,2018-03-08 05:00:00,5.0,6.678286e-07,7.248685e-07,0.0,6.678286e-07
263.1565,0.53238654,0.0,0.0057968125,0.53238654,2018-03-08 06:00:00,5.0,1.0491694e-06,1.0203266e-06,0.0,1.0491694e-06
262.9768,0.28443485,0.0,0.0,0.28443485,2018-03-08 07:00:00,0.0,0.0,0.0,0.0,0.0
262.1892,0.059068322,0.0,0.0,0.059068322,2018-03-08 08:00:00,0.0,0.0,0.0,0.0,0.0
261.07886,0.013844978,0.0,0.0,0.013844978,2018-03-08 09:00:00,0.0,0.0,0.0,0.0,0.0
260.12866,0.018441878,0.0,0.0,0.018441878,2018-03-08 10:00:00,0.0,0.0,0.0,0.0,0.0
259.97144,0.03820572,0.0,0.005832717,0.03820572,2018-03-08 11:00:00,0.0,0.0,0.0,0.0,0.0
259.96265,0.02864094,0.0,0.02864094,0.0021207693,2018-03-08 12:00:00,0.0,0.0,0.0,0.0,0.0
259.77026,0.008167777,0.002103883,0.0060638934,0.0,2018-03-08 13:00:00,5.0,0.0,0.0,0.0,0.0
261.16968,0.0,0.0,0.0,0.0,2018-03-08 14:00:00,5.0,0.0,0.0,0.0,0.0
264.4729,0.030448455,0.030448455,0.0,0.0,2018-03-08 15:00:00,5.0,0.0,1.00223076e-07,0.0,0.0
266.083,0.01709244,0.01709244,0.0,0.0,2018-03-08 16:00:00,5.0,0.0,6.6815346e-08,0.0,0.0
267.85107,0.0,0.0,0.0,0.0,2018-03-08 17:00:00,5.0,0.0,0.0,0.0,0.0
269.05957,0.0,0.0,0.0,0.0,2018-03-08 18:00:00,0.0,0.0,0.0,0.0,0.0
269.8296,0.29367298,0.29367298,0.0,0.0,2018-03-08 19:00:00,5.0,0.0,0.0,0.0,0.0
270.37524,0.45801896,0.45801896,0.0,0.0,2018-03-08 20:00:00,5.0,0.0,0.0,0.0,0.0
270.69507,0.5332881,0.5332881,0.0,0.0,2018-03-08 21:00:00,5.0,0.0,0.0,0.0,0.0
270.43994,0.5249852,0.5249852,0.0,0.0,2018-03-08 22:00:00,5.0,0.0,0.0,0.0,0.0
270.07935,0.41177487,0.41177487,0.0,0.0,2018-03-08 23:00:00,0.0,0.0,0.0,0.0,0.0
269.4856,0.099087834,0.099087834,0.0,0.0,2018-03-09 00:00:00,5.0,0.0,2.3873934e-08,0.0,0.0
268.48535,0.0467004,0.0467004,0.0,0.0,2018-03-09 01:00:00,5.0,9.549569e-08,1.4308318e-07,0.0,9.549569e-08
267.41357,0.028631516,0.020010725,0.008620787,0.0,2018-03-09 02:00:00,5.0,0.0,2.3873934e-08,0.0,0.0
265.39453,0.0010573287,0.0010573287,0.0,0.0,2018-03-09 03:00:00,0.0,9.549569e-08,1.1456325e-07,0.0,0.0
264.47827,0.007917583,0.007917583,0.0,0.0,2018-03-09 04:00:00,0.0,9.549569e-08,1.9083109e-07,0.0,9.549569e-08
264.8086,0.027675625,0.0089917965,0.011314847,0.010536302,2018-03-09 05:00:00,5.0,0.0,7.16218e-08,0.0,9.549569e-08
264.22388,0.094500124,0.010599863,0.04460812,0.051241565,2018-03-09 06:00:00,5.0,0.0,1.6695714e-07,0.0,9.549569e-08
263.45093,0.12363529,0.0065922476,0.08725464,0.042497523,2018-03-09 07:00:00,0.0,0.0,0.0,0.0,0.0
261.78394,0.24909824,0.0044355765,0.063021064,0.18604666,2018-03-09 08:00:00,0.0,0.0,0.0,0.0,0.0
262.10474,0.14572239,0.0,0.004750259,0.14413339,2018-03-09 09:00:00,0.0,0.0,0.0,0.0,0.0
262.44336,0.26247293,0.0,0.013182677,0.25983733,2018-03-09 10:00:00,0.0,0.0,0.0,0.0,0.0
262.27686,0.18055177,0.0,0.01685071,0.18055177,2018-03-09 11:00:00,0.0,0.0,0.0,0.0,0.0
262.14624,0.33347523,0.0,0.0,0.33347523,2018-03-09 12:00:00,0.0,0.0,4.7667676e-08,0.0,0.0
260.92725,0.5268532,0.0,0.0,0.5268532,2018-03-09 13:00:00,5.0,0.0,1.07272285e-07,0.0,0.0
261.854,0.7794959,0.0,0.0,0.7794959,2018-03-09 14:00:00,5.0,1.14079796e-07,2.1454463e-07,0.0,1.14079796e-07
264.91772,0.74718994,0.0,0.0,0.74718994,2018-03-09 15:00:00,5.0,1.14079796e-07,2.1454463e-07,0.0,1.14079796e-07
267.71484,0.65748227,0.0,0.0,0.65748227,2018-03-09 16:00:00,5.0,0.0,9.533534e-08,0.0,0.0
269.96997,0.5285948,0.0,0.0010573287,0.5285948,2018-03-09 17:00:00,0.0,0.0,0.0,0.0,0.0
271.07153,0.48797804,0.0,0.0,0.48797804,2018-03-09 18:00:00,0.0,0.0,0.0,0.0,0.0
271.5669,0.39275062,0.0,0.0026356035,0.39275062,2018-03-09 19:00:00,0.0,0.0,0.0,0.0,0.0
272.40967,0.39699394,0.0,0.030562352,0.39435834,2018-03-09 20:00:00,0.0,0.0,0.0,0.0,0.0
273.18726,0.28862774,0.0,0.057029832,0.279374,2018-03-09 21:00:00,0.0,0.0,0.0,0.0,0.0
273.03027,0.05459296,0.0,0.0,0.05459296,2018-03-09 22:00:00,0.0,0.0,0.0,0.0,0.0
273.14258,0.03517554,0.0,0.0,0.03517554,2018-03-09 23:00:00,0.0,0.0,0.0,0.0,0.0
272.57812,0.2142641,0.0,0.0,0.2142641,2018-03-10 00:00:00,0.0,0.0,0.0,0.0,0.0
272.04565,0.19934726,0.0,0.0,0.19934726,2018-03-10 01:00:00,0.0,0.0,0.0,0.0,0.0
270.8025,0.06955618,0.0,0.004207764,0.06745231,2018-03-10 02:00:00,0.0,0.0,0.0,0.0,0.0
267.7837,0.040056366,0.0,0.020943545,0.037935376,2018-03-10 03:00:00,0.0,0.0,0.0,0.0,0.0
265.69873,0.121688485,0.0,0.096990526,0.097638845,2018-03-10 04:00:00,0.0,0.0,0.0,0.0,0.0
264.47363,0.26314366,0.00956155,0.15590823,0.233576,2018-03-10 05:00:00,0.0,0.0,0.0,0.0,0.0
263.65527,0.4236502,0.058859944,0.27942294,0.31842005,2018-03-10 06:00:00,0.0,0.0,0.0,0.0,0.0
264.80103,0.52037424,0.11821753,0.39053053,0.31986684,2018-03-10 07:00:00,0.0,0.0,0.0,0.0,0.0
265.71533,0.5925372,0.088106155,0.5668855,0.07406986,2018-03-10 08:00:00,5.0,0.0,0.0,0.0,0.0
265.64062,0.74062437,0.01871854,0.7382534,0.0,2018-03-10 09:00:00,5.0,2.6726156e-07,3.0066929e-07,0.0,2.6726156e-07
267.0127,0.34386152,0.0,0.34050035,0.0033782488,2018-03-10 10:00:00,0.0,0.0,1.00223076e-07,0.0,0.0
266.6621,0.02894291,0.0,0.005370889,0.02357202,2018-03-10 11:00:00,5.0,0.0,0.0,0.0,0.0
266.85303,0.2599038,0.0,0.2599038,0.0,2018-03-10 12:00:00,5.0,3.813414e-07,4.458338e-07,0.0,3.813414e-07
267.52026,0.86429745,0.0063116476,0.86429745,0.0,2018-03-10 13:00:00,5.0,1.7163566e-06,1.5349779e-06,0.0,1.7163566e-06
268.79248,0.9655571,0.06337917,0.96393216,0.009766806,2018-03-10 14:00:00,5.0,2.8981904e-06,2.5286254e-06,0.0,2.8981904e-06
270.604,0.976488,0.064417124,0.9714848,0.13580024,2018-03-10 15:00:00,5.0,6.3680727e-06,5.84597e-06,0.0,5.6053905e-06
271.594,0.98663974,0.12067503,0.9832786,0.3796327,2018-03-10 16:00:00,5.0,1.2927138e-05,1.28294e-05,0.0,1.2927138e-05
272.3672,0.9966217,0.19093066,0.9966217,0.44037706,2018-03-10 17:00:00,5.0,2.055525e-05,2.0421852e-05,0.0,2.0287975e-05
273.39185,1.0,0.56341994,1.0,0.6572048,2018-03-10 18:00:00,6.0,1.586636e-05,1.5939979e-05,0.0,1.5980433e-05
273.46704,0.9957394,0.5850982,0.9957394,0.0,2018-03-10 19:00:00,6.0,2.0263047e-05,1.9943313e-05,0.0,1.9824016e-05
274.18555,0.9912646,0.6603219,0.9912646,0.0,2018-03-10 20:00:00,6.0,1.5739482e-05,1.5686775e-05,0.0,1.5643993e-05
274.82373,0.988393,0.5701142,0.94151866,0.6069946,2018-03-10 21:00:00,6.0,8.145334e-06,8.5314e-06,0.0,8.145334e-06
274.35962,0.9835011,0.3486671,0.90048355,0.6346252,2018-03-10 22:00:00,6.0,3.8518647e-06,3.957298e-06,0.0,3.833281e-06
274.5171,0.91928965,0.011203606,0.36590952,0.8491686,2018-03-10 23:00:00,0.0,1.1818338e-06,9.197029e-07,0.0,9.72258e-07
274.1123,0.96493226,0.20119703,0.6398624,0.8949053,2018-03-11 00:00:00,0.0,0.0,4.7667676e-08,0.0,0.0
274.1975,0.9418302,0.17637622,0.75602585,0.8321324,2018-03-11 01:00:00,0.0,0.0,2.3873934e-08,0.0,0.0
273.76562,0.87121993,0.17020857,0.7910378,0.36829948,2018-03-11 02:00:00,0.0,9.549569e-08,3.5810903e-08,0.0,9.549569e-08
273.3042,0.8679974,0.20745414,0.8213285,0.23664773,2018-03-11 03:00:00,5.0,9.549569e-08,4.7747868e-08,0.0,9.549569e-08
273.47437,0.96797687,0.47750098,0.96244806,0.14750242,2018-03-11 04:00:00,5.0,9.549569e-08,1.384372e-07,0.0,9.549569e-08
273.26685,0.960028,0.6769683,0.9530852,0.10241008,2018-03-11 05:00:00,5.0,1.9656754e-06,1.984823e-06,0.0,1.9656754e-06
272.78247,0.9725539,0.8406102,0.9469974,0.12563396,2018-03-11 06:00:00,5.0,9.693783e-06,9.622241e-06,0.0,9.693783e-06
272.3098,0.95775104,0.8160212,0.9064262,0.14541805,2018-03-11 07:00:00,5.0,1.6291931e-05,1.6394304e-05,0.0,1.6291931e-05
272.31226,0.9680709,0.9486205,0.8678524,0.08585185,2018-03-11 08:00:00,5.0,4.531753e-05,4.5276916e-05,0.0,4.531753e-05
271.83984,0.9923612,0.98900735,0.92986906,0.039537493,2018-03-11 09:00:00,5.0,7.650809e-05,7.661777e-05,0.0,7.650809e-05
271.82935,1.0,0.997629,0.9750427,0.004307229,2018-03-11 10:00:00,5.0,7.233377e-05,7.2512674e-05,0.0,7.233377e-05
271.6765,0.9786781,0.9742032,0.9008623,0.044371136,2018-03-11 11:00:00,5.0,4.6271147e-05,4.6363988e-05,0.0,4.6271147e-05
271.74268,0.94900393,0.9042079,0.9308584,0.00053172023,2018-03-11 12:00:00,5.0,2.8133392e-05,2.8297785e-05,0.0,2.8342969e-05
271.6643,0.9237365,0.803995,0.871918,0.0,2018-03-11 13:00:00,5.0,2.5940215e-05,2.6021284e-05,0.0,2.6226058e-05
272.52002,0.9612601,0.9089181,0.87896454,0.0,2018-03-11 14:00:00,5.0,3.1772477e-05,3.167994e-05,0.0,3.1925665e-05
273.39355,0.9978792,0.92596394,0.98734385,0.0,2018-03-11 15:00:00,5.0,4.1556617e-05,4.134688e-05,0.0,4.1556617e-05
273.8081,0.9764368,0.93235093,0.9156084,0.0,2018-03-11 16:00:00,5.0,4.7450434e-05,4.765528e-05,0.0,4.766001e-05
274.17505,0.9973536,0.993112,0.8942442,0.0,2018-03-11 17:00:00,6.0,3.1143092e-05,3.1391202e-05,0.0,3.1410353e-05
274.26392,1.0,1.0,0.8922085,0.09459782,2018-03-11 18:00:00,6.0,1.9167695e-05,1.9282248e-05,0.0,1.9263185e-05
274.3191,1.0,1.0,0.91892076,0.37501317,2018-03-11 19:00:00,1.0,4.8632164e-06,1.1159818e-06,0.0,4.7677204e-06
274.5952,1.0,1.0,0.92371094,0.09143436,2018-03-11 20:00:00,1.0,2.345083e-06,0.0,0.0,2.4982655e-06
274.4895,1.0,1.0,0.9484071,0.03373032,2018-03-11 21:00:00,1.0,5.2054647e-06,0.0,0.0,5.2054647e-06
274.73462,1.0,1.0,0.9434167,0.041258197,2018-03-11 22:00:00,1.0,5.8162486e-06,0.0,0.0,5.8162486e-06
274.7505,1.0,1.0,0.77190804,0.07846087,2018-03-11 23:00:00,1.0,4.4068966e-06,0.0,0.0,4.4068966e-06
274.66382,0.9793292,0.9793292,0.34611315,0.043954026,2018-03-12 00:00:00,1.0,2.5758181e-06,0.0,0.0,2.7475844e-06
274.51562,0.9408422,0.9374139,0.035810042,0.0,2018-03-12 01:00:00,6.0,1.7169987e-06,7.16218e-08,0.0,1.7169987e-06
274.0476,0.9708919,0.9708919,0.0021207693,0.0,2018-03-12 02:00:00,6.0,8.774042e-07,7.8687754e-07,0.0,8.774042e-07
273.5327,0.9140165,0.9140165,0.0,0.0,2018-03-12 03:00:00,6.0,6.864127e-07,6.8176666e-07,0.0,6.864127e-07
273.34033,0.9332399,0.9332399,0.0,0.0,2018-03-12 04:00:00,5.0,7.8190845e-07,7.2951457e-07,0.0,7.8190845e-07
272.5791,0.7716742,0.7716742,0.0,0.0,2018-03-12 05:00:00,5.0,5.7233285e-07,6.0341756e-07,0.0,5.7233285e-07
271.98242,0.38531786,0.38531786,0.0,0.0,2018-03-12 06:00:00,5.0,5.7233285e-07,6.392296e-07,0.0,5.7233285e-07
271.52588,0.1084854,0.1084854,0.0,0.0,2018-03-12 07:00:00,5.0,5.7233285e-07,4.935805e-07,0.0,5.7233285e-07
270.4878,0.011499237,0.011499237,0.0,0.0,2018-03-12 08:00:00,0.0,0.0,2.0501085e-07,0.0,1.14079796e-07
269.22095,0.006280929,0.006280929,0.0,0.0,2018-03-12 09:00:00,0.0,0.0,0.0,0.0,0.0
267.4668,0.0,0.0,0.0,0.0,2018-03-12 10:00:00,0.0,0.0,0.0,0.0,0.0
267.13843,0.0010573287,0.0010573287,0.0,0.0,2018-03-12 11:00:00,0.0,0.0,0.0,0.0,0.0
266.6753,0.0,0.0,0.0,0.0,2018-03-12 12:00:00,0.0,0.0,0.0,0.0,0.0
266.5464,0.0,0.0,0.0,0.0,2018-03-12 13:00:00,0.0,0.0,0.0,0.0,0.0
267.78516,0.0,0.0,0.0,0.0,2018-03-12 14:00:00,0.0,0.0,0.0,0.0,0.0
270.65576,0.0,0.0,0.0,0.0,2018-03-12 15:00:00,0.0,0.0,0.0,0.0,0.0
271.87817,0.0,0.0,0.0,0.0,2018-03-12 16:00:00,0.0,0.0,0.0,0.0,0.0
273.76782,0.0,0.0,0.0,0.0,2018-03-12 17:00:00,0.0,0.0,0.0,0.0,0.0
274.72144,0.0,0.0,0.0,0.0,2018-03-12 18:00:00,0.0,0.0,0.0,0.0,0.0
275.1819,0.0,0.0,0.0,0.0,2018-03-12 19:00:00,0.0,0.0,0.0,0.0,0.0
275.69043,0.1882227,0.1882227,0.0,0.0,2018-03-12 20:00:00,0.0,0.0,0.0,0.0,0.0
276.48877,0.2694161,0.2694161,0.0,0.0,2018-03-12 21:00:00,0.0,0.0,0.0,0.0,0.0
276.14355,0.035133168,0.035133168,0.0,0.0,2018-03-12 22:00:00,0.0,0.0,0.0,0.0,0.0
276.09546,0.03665546,0.0,0.0,0.03665546,2018-03-12 23:00:00,0.0,0.0,0.0,0.0,0.0
275.14258,0.23664218,0.004527632,0.006280929,0.23328102,2018-03-13 00:00:00,0.0,0.0,0.0,0.0,0.0
274.41357,0.7227321,0.005370889,0.012005735,0.7170073,2018-03-13 01:00:00,0.0,0.0,0.0,0.0,0.0
273.72778,0.45402575,0.0,0.0,0.45402575,2018-03-13 02:00:00,0.0,0.0,0.0,0.0,0.0
272.53174,0.018962607,0.0,0.0,0.018962607,2018-03-13 03:00:00,0.0,0.0,0.0,0.0,0.0
272.00244,0.0100932345,0.0100932345,0.0067320913,0.0,2018-03-13 04:00:00,0.0,0.0,0.0,0.0,0.0
270.57666,0.004741922,0.004741922,0.004741922,0.0,2018-03-13 05:00:00,0.0,0.0,0.0,0.0,0.0
270.4651,0.0033782488,0.0033782488,0.0,0.0,2018-03-13 06:00:00,0.0,0.0,0.0,0.0,0.0
269.95532,0.0,0.0,0.0,0.0,2018-03-13 07:00:00,0.0,0.0,0.0,0.0,0.0
269.0686,0.0,0.0,0.0,0.0,2018-03-13 08:00:00,0.0,0.0,0.0,0.0,0.0
268.364,0.0,0.0,0.0,0.0,2018-03-13 09:00:00,0.0,0.0,0.0,0.0,0.0
267.34082,0.0,0.0,0.0,0.0,2018-03-13 10:00:00,0.0,0.0,0.0,0.0,0.0
267.10596,0.00956155,0.0,0.0,0.00956155,2018-03-13 11:00:00,0.0,0.0,0.0,0.0,0.0
266.59375,0.020970412,0.0048919544,0.0,0.016078457,2018-03-13 12:00:00,0.0,0.0,2.8519953e-08,0.0,0.0
266.34082,0.25701088,0.045662835,0.0,0.22333604,2018-03-13 13:00:00,0.0,0.0,5.239389e-08,0.0,0.0
267.80884,0.9942508,0.06610066,0.2581374,0.9942508,2018-03-13 14:00:00,0.0,0.0,2.3873934e-08,0.0,0.0
269.7068,0.67769754,0.073936105,0.0,0.6598076,2018-03-13 15:00:00,0.0,0.0,4.7747868e-08,0.0,0.0
270.68628,0.4646253,0.25045037,0.0,0.259925,2018-03-13 16:00:00,5.0,5.9091695e-07,4.955816e-07,0.0,5.9091695e-07
271.4795,0.19235027,0.025710873,0.0,0.17453796,2018-03-13 17:00:00,0.0,0.0,0.0,0.0,0.0
272.3684,0.19817811,0.034720503,0.0048919544,0.17807114,2018-03-13 18:00:00,0.0,0.0,0.0,0.0,0.0
272.64844,0.64727163,0.08364195,0.0066124983,0.6237808,2018-03-13 19:00:00,0.0,0.0,0.0,0.0,0.0
273.35645,0.823738,0.0063309744,0.030343812,0.8208353,2018-03-13 20:00:00,0.0,0.0,0.0,0.0,0.0
274.21753,0.5084037,0.0,0.087432206,0.49057925,2018-03-13 21:00:00,0.0,0.0,0.0,0.0,0.0
274.07446,0.12522382,0.0,0.02103883,0.121016026,2018-03-13 22:00:00,0.0,0.0,0.0,0.0,0.0
274.16333,0.0,0.0,0.0,0.0,2018-03-13 23:00:00,0.0,0.0,0.0,0.0,0.0
272.2434,0.23693895,0.0,0.0,0.23693895,2018-03-14 00:00:00,0.0,0.0,0.0,0.0,0.0
271.36523,0.7576256,0.0,0.24903154,0.74725425,2018-03-14 01:00:00,0.0,0.0,0.0,0.0,0.0
271.09033,0.96285725,0.0,0.6776436,0.96179384,2018-03-14 02:00:00,0.0,0.0,0.0,0.0,0.0
270.35913,0.9747825,0.0,0.8711088,0.96905774,2018-03-14 03:00:00,0.0,0.0,0.0,0.0,0.0
270.22974,0.99841094,0.0,0.92296517,0.99841094,2018-03-14 04:00:00,0.0,0.0,0.0,0.0,0.0
269.1228,0.9829769,0.0,0.95410866,0.93317854,2018-03-14 05:00:00,0.0,0.0,0.0,0.0,0.0
269.14966,0.989152,0.0,0.96652555,0.8511967,2018-03-14 06:00:00,0.0,0.0,0.0,0.0,0.0
268.3374,0.84724647,0.0,0.8396776,0.3321612,2018-03-14 07:00:00,0.0,0.0,0.0,0.0,0.0
268.4502,0.8147597,0.0,0.8147597,0.2622493,2018-03-14 08:00:00,0.0,0.0,0.0,0.0,0.0
267.7578,0.5089585,0.0,0.4868629,0.25822455,2018-03-14 09:00:00,0.0,0.0,0.0,0.0,0.0
267.25708,0.008727156,0.0,0.0,0.008727156,2018-03-14 10:00:00,0.0,0.0,0.0,0.0,0.0
267.18506,0.0,0.0,0.0,0.0,2018-03-14 11:00:00,0.0,0.0,0.0,0.0,0.0
267.3557,0.0,0.0,0.0,0.0,2018-03-14 12:00:00,0.0,0.0,0.0,0.0,0.0
267.72607,0.0,0.0,0.0,0.0,2018-03-14 13:00:00,0.0,0.0,0.0,0.0,0.0
268.78076,0.26929218,0.0,0.0,0.26929218,2018-03-14 14:00:00,0.0,0.0,0.0,0.0,0.0
273.083,0.11208254,0.0,0.0,0.11208254,2018-03-14 15:00:00,0.0,0.0,0.0,0.0,0.0
274.54834,0.0,0.0,0.0,0.0,2018-03-14 16:00:00,0.0,0.0,0.0,0.0,0.0
275.7417,0.0,0.0,0.0,0.0,2018-03-14 17:00:00,0.0,0.0,0.0,0.0,0.0
276.61133,0.2072472,0.0,0.0,0.2072472,2018-03-14 18:00:00,0.0,0.0,0.0,0.0,0.0
277.4707,0.38255525,0.0,0.0,0.38255525,2018-03-14 19:00:00,0.0,0.0,0.0,0.0,0.0
278.312,0.6069041,0.0,0.0,0.6069041,2018-03-14 20:00:00,0.0,0.0,0.0,0.0,0.0
279.08496,0.57313734,0.0,0.0,0.57313734,2018-03-14 21:00:00,0.0,0.0,0.0,0.0,0.0
279.08154,0.60410136,0.0,0.0,0.60410136,2018-03-14 22:00:00,0.0,0.0,0.0,0.0,0.0
278.7456,0.31950855,0.0,0.0,0.31950855,2018-03-14 23:00:00,0.0,0.0,0.0,0.0,0.0
278.10107,0.024867438,0.0,0.0,0.024867438,2018-03-15 00:00:00,0.0,0.0,0.0,0.0,0.0
276.8308,0.0,0.0,0.0,0.0,2018-03-15 01:00:00,0.0,0.0,0.0,0.0,0.0
275.4812,0.0,0.0,0.0,0.0,2018-03-15 02:00:00,0.0,0.0,0.0,0.0,0.0
274.1621,0.0,0.0,0.0,0.0,2018-03-15 03:00:00,0.0,0.0,0.0,0.0,0.0
273.73047,0.0,0.0,0.0,0.0,2018-03-15 04:00:00,0.0,0.0,0.0,0.0,0.0
272.24146,0.0,0.0,0.0,0.0,2018-03-15 05:00:00,0.0,0.0,0.0,0.0,0.0
272.1543,0.0,0.0,0.0,0.0,2018-03-15 06:00:00,0.0,0.0,0.0,0.0,0.0
271.22144,0.0067320913,0.0067320913,0.0,0.0,2018-03-15 07:00:00,0.0,0.0,0.0,0.0,0.0
270.86597,0.0,0.0,0.0,0.0,2018-03-15 08:00:00,0.0,0.0,0.0,0.0,0.0
269.66724,0.010009766,0.010009766,0.0,0.0,2018-03-15 09:00:00,0.0,0.0,0.0,0.0,0.0
268.7422,0.009478044,0.009478044,0.0,0.0,2018-03-15 10:00:00,0.0,0.0,0.0,0.0,0.0
268.41553,0.010009766,0.010009766,0.0,0.0,2018-03-15 11:00:00,0.0,0.0,0.0,0.0,0.0
268.44458,0.008357041,0.008357041,0.0,0.0,2018-03-15 12:00:00,5.0,0.0,0.0,0.0,0.0
268.7351,0.016741857,0.016741857,0.0,0.0,2018-03-15 13:00:00,0.0,0.0,0.0,0.0,0.0
270.2312,0.015945528,0.015945528,0.0,0.0,2018-03-15 14:00:00,0.0,0.0,0.0,0.0,0.0
271.94946,0.0,0.0,0.0,0.0,2018-03-15 15:00:00,0.0,0.0,0.0,0.0,0.0
272.74976,0.052733764,0.052733764,0.0,0.0,2018-03-15 16:00:00,0.0,0.0,0.0,0.0,0.0
273.65063,0.025193293,0.025193293,0.0,0.0,2018-03-15 17:00:00,0.0,0.0,0.0,0.0,0.0
274.0149,0.0,0.0,0.0,0.0,2018-03-15 18:00:00,0.0,0.0,0.0,0.0,0.0
274.45068,0.009489745,0.0,0.0,0.009489745,2018-03-15 19:00:00,0.0,0.0,0.0,0.0,0.0
275.1267,0.074962676,0.0,0.0,0.074962676,2018-03-15 20:00:00,0.0,0.0,0.0,0.0,0.0
275.6526,0.31871915,0.0,0.0,0.31871915,2018-03-15 21:00:00,0.0,0.0,0.0,0.0,0.0
274.81055,0.7724962,0.0,0.0,0.7724962,2018-03-15 22:00:00,0.0,0.0,0.0,0.0,0.0
274.52075,0.90034616,0.0,0.0,0.90034616,2018-03-15 23:00:00,0.0,0.0,0.0,0.0,0.0
273.76538,0.9018599,0.0,0.0,0.9018599,2018-03-16 00:00:00,0.0,0.0,0.0,0.0,0.0
272.80884,0.6216327,0.0,0.0,0.6216327,2018-03-16 01:00:00,0.0,0.0,0.0,0.0,0.0
272.27808,0.0881086,0.0,0.0,0.0881086,2018-03-16 02:00:00,0.0,0.0,0.0,0.0,0.0
270.75928,0.01622184,0.0,0.0,0.01622184,2018-03-16 03:00:00,0.0,0.0,0.0,0.0,0.0
270.26953,0.013424534,0.0,0.0,0.013424534,2018-03-16 04:00:00,0.0,0.0,0.0,0.0,0.0
269.42456,0.012125351,0.0,0.0,0.012125351,2018-03-16 05:00:00,0.0,0.0,0.0,0.0,0.0
268.94092,0.061913464,0.0,0.0,0.061913464,2018-03-16 06:00:00,0.0,0.0,0.0,0.0,0.0
268.7207,0.17881668,0.0,0.0,0.17881668,2018-03-16 07:00:00,0.0,0.0,0.0,0.0,0.0
268.12354,0.13714242,0.0,0.0,0.13714242,2018-03-16 08:00:00,0.0,0.0,0.0,0.0,0.0
267.25024,0.3068478,0.0,0.0,0.3068478,2018-03-16 09:00:00,0.0,0.0,0.0,0.0,0.0
266.5791,0.15593141,0.0,0.0,0.15593141,2018-03-16 10:00:00,0.0,0.0,0.0,0.0,0.0
266.48584,0.41832632,0.0,0.0,0.41832632,2018-03-16 11:00:00,0.0,0.0,0.0,0.0,0.0
266.56836,0.84488434,0.0,0.0,0.84488434,2018-03-16 12:00:00,0.0,0.0,0.0,0.0,0.0
266.86597,0.9400058,0.0,0.0,0.9400058,2018-03-16 13:00:00,0.0,0.0,0.0,0.0,0.0
268.41943,0.9731983,0.0,0.0,0.9731983,2018-03-16 14:00:00,0.0,0.0,0.0,0.0,0.0
271.031,0.98999023,0.0,0.0,0.98999023,2018-03-16 15:00:00,0.0,0.0,0.0,0.0,0.0
272.20044,0.9850114,0.0,0.0,0.9850114,2018-03-16 16:00:00,0.0,0.0,0.0,0.0,0.0
273.38208,0.9816359,0.0,0.0,0.9816359,2018-03-16 17:00:00,0.0,0.0,0.0,0.0,0.0
274.67407,0.94105977,0.0,0.0,0.94105977,2018-03-16 18:00:00,0.0,0.0,0.0,0.0,0.0
275.3977,0.9612827,0.0,0.0,0.9612827,2018-03-16 19:00:00,0.0,0.0,0.0,0.0,0.0
276.14404,1.0,0.0,0.0,1.0,2018-03-16 20:00:00,0.0,0.0,0.0,0.0,0.0
276.76855,0.8487855,0.0,0.0,0.8487855,2018-03-16 21:00:00,0.0,0.0,0.0,0.0,0.0
276.4712,0.8088362,0.0,0.0,0.8088362,2018-03-16 22:00:00,0.0,0.0,0.0,0.0,0.0
276.2483,0.7923507,0.0,0.0,0.7923507,2018-03-16 23:00:00,0.0,0.0,0.0,0.0,0.0
275.24585,0.8782632,0.0,0.0,0.8782632,2018-03-17 00:00:00,0.0,0.0,0.0,0.0,0.0
274.344,0.9264386,0.0,0.0,0.9264386,2018-03-17 01:00:00,0.0,0.0,0.0,0.0,0.0
273.2998,0.9576482,0.0,0.0,0.9576482,2018-03-17 02:00:00,0.0,0.0,0.0,0.0,0.0
272.55713,0.9481702,0.0,0.0,0.9481702,2018-03-17 03:00:00,0.0,0.0,0.0,0.0,0.0
272.06714,0.96983355,0.0,0.0,0.96983355,2018-03-17 04:00:00,0.0,0.0,0.0,0.0,0.0
271.53296,0.9872601,0.0,0.0,0.9872601,2018-03-17 05:00:00,0.0,0.0,0.0,0.0,0.0
270.78662,0.9777552,0.0,0.0,0.9777552,2018-03-17 06:00:00,0.0,0.0,0.0,0.0,0.0
268.7744,0.95498043,0.0,0.00053172023,0.95498043,2018-03-17 07:00:00,0.0,0.0,0.0,0.0,0.0
268.52197,0.77975947,0.0,0.0026463778,0.77975947,2018-03-17 08:00:00,0.0,0.0,0.0,0.0,0.0
267.61792,0.30313748,0.0,0.0015890491,0.30313748,2018-03-17 09:00:00,0.0,0.0,0.0,0.0,0.0
266.9944,0.15062654,0.0,0.0015890491,0.15062654,2018-03-17 10:00:00,0.0,0.0,0.0,0.0,0.0
267.5647,0.0015890491,0.0,0.0010573287,0.0010573287,2018-03-17 11:00:00,0.0,0.0,0.0,0.0,0.0
267.32715,0.0021207693,0.0,0.0,0.0021207693,2018-03-17 12:00:00,0.0,0.0,0.0,0.0,0.0
266.71802,0.004767146,0.0,0.0,0.004767146,2018-03-17 13:00:00,0.0,0.0,0.0,0.0,0.0
269.5088,0.004235424,0.0,0.0,0.004235424,2018-03-17 14:00:00,0.0,0.0,0.0,0.0,0.0
273.9978,0.0,0.0,0.0,0.0,2018-03-17 15:00:00,0.0,0.0,0.0,0.0,0.0
276.00513,0.0,0.0,0.0,0.0,2018-03-17 16:00:00,0.0,0.0,0.0,0.0,0.0
277.48315,0.0,0.0,0.0,0.0,2018-03-17 17:00:00,0.0,0.0,0.0,0.0,0.0
278.4226,0.0,0.0,0.0,0.0,2018-03-17 18:00:00,0.0,0.0,0.0,0.0,0.0
278.9983,0.0,0.0,0.0,0.0,2018-03-17 19:00:00,0.0,0.0,0.0,0.0,0.0
280.25293,0.0,0.0,0.0,0.0,2018-03-17 20:00:00,0.0,0.0,0.0,0.0,0.0
280.6338,0.0,0.0,0.0,0.0,2018-03-17 21:00:00,0.0,0.0,0.0,0.0,0.0
280.31055,0.0,0.0,0.0,0.0,2018-03-17 22:00:00,0.0,0.0,0.0,0.0,0.0
280.64404,0.0,0.0,0.0,0.0,2018-03-17 23:00:00,0.0,0.0,0.0,0.0,0.0
280.73364,0.0,0.0,0.0,0.0,2018-03-18 00:00:00,0.0,0.0,0.0,0.0,0.0
279.9663,0.0,0.0,0.0,0.0,2018-03-18 01:00:00,0.0,0.0,0.0,0.0,0.0
278.86963,0.0,0.0,0.0,0.0,2018-03-18 02:00:00,0.0,0.0,0.0,0.0,0.0
276.81885,0.0,0.0,0.0,0.0,2018-03-18 03:00:00,0.0,0.0,0.0,0.0,0.0
275.18237,0.0,0.0,0.0,0.0,2018-03-18 04:00:00,0.0,0.0,0.0,0.0,0.0
273.72095,0.0,0.0,0.0,0.0,2018-03-18 05:00:00,0.0,0.0,0.0,0.0,0.0
273.77368,0.0,0.0,0.0,0.0,2018-03-18 06:00:00,0.0,0.0,0.0,0.0,0.0
273.3291,0.0,0.0,0.0,0.0,2018-03-18 07:00:00,0.0,0.0,0.0,0.0,0.0
272.5725,0.0,0.0,0.0,0.0,2018-03-18 08:00:00,0.0,0.0,0.0,0.0,0.0
271.10352,0.0,0.0,0.0,0.0,2018-03-18 09:00:00,0.0,0.0,0.0,0.0,0.0
269.39795,0.014248248,0.014248248,0.0,0.0,2018-03-18 10:00:00,0.0,0.0,0.0,0.0,0.0
269.73047,0.06409401,0.05373703,0.015710767,0.0,2018-03-18 11:00:00,0.0,0.0,0.0,0.0,0.0
269.89038,0.24832547,0.16108131,0.16316652,0.0,2018-03-18 12:00:00,0.0,0.0,0.0,0.0,0.0
270.2168,0.35894734,0.20799977,0.28977513,0.0,2018-03-18 13:00:00,0.0,0.0,0.0,0.0,0.0
271.0005,0.7746692,0.35163677,0.5440074,0.4534282,2018-03-18 14:00:00,5.0,0.0,0.0,1.3363075e-07,0.0
274.29004,0.9714311,0.56819916,0.7121509,0.8172017,2018-03-18 15:00:00,6.0,0.0,3.3407698e-08,1.0478777e-07,0.0
275.552,0.9887017,0.69049925,0.48643702,0.9110969,2018-03-18 16:00:00,6.0,5.3452317e-07,3.1004151e-07,0.0,5.3452317e-07
276.0271,0.9812983,0.66811913,0.311621,0.93137825,2018-03-18 17:00:00,6.0,0.0,6.6815346e-08,0.0,0.0
277.04956,0.9799304,0.69067675,0.24579626,0.9277363,2018-03-18 18:00:00,0.0,0.0,0.0,0.0,0.0
277.64404,0.9733707,0.7118896,0.25725335,0.85163677,2018-03-18 19:00:00,0.0,0.0,0.0,0.0,0.0
277.86523,0.90950966,0.70107085,0.36012334,0.52504075,2018-03-18 20:00:00,0.0,0.0,0.0,0.0,0.0
278.2229,0.7869182,0.7017603,0.21256733,0.2051487,2018-03-18 21:00:00,0.0,0.0,0.0,0.0,0.0
277.9497,0.9470783,0.9271696,0.46950293,0.10809255,2018-03-18 22:00:00,1.0,2.6726156e-07,0.0,0.0,2.6726156e-07
276.90088,0.9092019,0.8775568,0.50990736,0.15189761,2018-03-18 23:00:00,0.0,2.138092e-06,0.0,0.0,2.138092e-06
276.7251,0.91745216,0.8662681,0.40598828,0.18915701,2018-03-19 00:00:00,0.0,0.0,0.0,0.0,0.0
276.61523,0.8859601,0.8068608,0.20766753,0.475713,2018-03-19 01:00:00,0.0,0.0,0.0,0.0,0.0
276.56934,0.98999023,0.85766846,0.085336626,0.9597973,2018-03-19 02:00:00,0.0,0.0,0.0,0.0,0.0
276.38477,0.9884039,0.8054503,0.014156293,0.9305075,2018-03-19 03:00:00,0.0,0.0,0.0,0.0,0.0
276.05786,0.9834007,0.8092541,0.0054990165,0.94287395,2018-03-19 04:00:00,0.0,0.0,0.0,0.0,0.0
275.83325,0.99683875,0.80071706,0.0049672946,0.97184044,2018-03-19 05:00:00,0.0,0.0,0.0,0.0,0.0
275.47852,0.9873607,0.7422081,0.10210872,0.955044,2018-03-19 06:00:00,1.0,0.0,0.0,0.0,0.0
275.27734,0.9828331,0.7761688,0.22725803,0.92014575,2018-03-19 07:00:00,7.0,2.6726156e-07,4.7667676e-08,0.0,2.6726156e-07
275.10815,0.97857255,0.66763186,0.27637804,0.88443625,2018-03-19 08:00:00,6.0,6.4860296e-07,3.5282142e-07,1.3363075e-07,3.813414e-07
274.2871,0.94589037,0.48581177,0.40206677,0.88912725,2018-03-19 09:00:00,6.0,3.813414e-07,2.5748608e-07,0.0,3.813414e-07
273.63623,0.95842415,0.67080045,0.6168915,0.85754985,2018-03-19 10:00:00,5.0,3.813414e-07,2.5748608e-07,0.0,3.813414e-07
273.64185,0.9112292,0.5271262,0.67676365,0.7092856,2018-03-19 11:00:00,5.0,0.0,1.1448304e-07,0.0,0.0
273.72656,0.9070522,0.4492405,0.73868114,0.43315387,2018-03-19 12:00:00,5.0,0.0,8.107537e-08,0.0,0.0
273.7317,0.80922824,0.5829755,0.77944887,0.013033811,2018-03-19 13:00:00,5.0,0.0,8.107537e-08,0.0,0.0
274.21094,0.84679174,0.7149614,0.77687925,0.023828465,2018-03-19 14:00:00,6.0,0.0,6.6815346e-08,0.0,0.0
275.37354,0.9122745,0.3716737,0.79321384,0.524529,2018-03-19 15:00:00,6.0,0.0,3.3407698e-08,0.0,0.0
275.6682,0.9450499,0.22987783,0.74904656,0.82842463,2018-03-19 16:00:00,1.0,0.0,3.3407698e-08,0.0,0.0
276.41284,0.932527,0.16160768,0.7149524,0.8555839,2018-03-19 17:00:00,0.0,0.0,1.42599745e-08,0.0,0.0
276.83325,0.89013547,0.15681398,0.6214661,0.75430834,2018-03-19 18:00:00,0.0,0.0,0.0,0.0,0.0
277.3728,0.95210516,0.09985262,0.6657248,0.8455537,2018-03-19 19:00:00,0.0,3.813414e-07,0.0,3.813414e-07,0.0
278.02393,0.9615461,0.026719622,0.58662516,0.9294134,2018-03-19 20:00:00,0.0,0.0,0.0,0.0,0.0
278.43066,0.9913229,0.007457666,0.7273181,0.9787353,2018-03-19 21:00:00,0.0,0.0,0.0,0.0,0.0
277.97827,0.97075206,0.021563921,0.48237526,0.95915604,2018-03-19 22:00:00,0.0,0.0,0.0,0.0,0.0
277.63477,0.9812983,0.00998199,0.3897462,0.9750345,2018-03-19 23:00:00,0.0,0.0,0.0,0.0,0.0
276.97095,0.98927194,0.0,0.55229324,0.98927194,2018-03-20 00:00:00,0.0,0.0,0.0,0.0,0.0
276.54663,1.0,0.0,0.834355,1.0,2018-03-20 01:00:00,0.0,0.0,0.0,0.0,0.0
276.03735,1.0,0.0,0.93971515,1.0,2018-03-20 02:00:00,6.0,0.0,3.3407698e-08,0.0,0.0
274.6687,1.0,0.0032499009,0.8938898,1.0,2018-03-20 03:00:00,6.0,2.6726156e-07,2.1470612e-07,0.0,2.6726156e-07
274.333,1.0,0.009099722,0.9162098,1.0,2018-03-20 04:00:00,5.0,2.4418714e-06,1.9296285e-06,1.1446655e-06,1.2972059e-06
273.4397,1.0,0.011203606,0.99451786,1.0,2018-03-20 05:00:00,5.0,3.3577362e-06,3.016935e-06,4.0056705e-07,2.9571693e-06
272.99243,1.0,0.027860459,0.9806457,1.0,2018-03-20 06:00:00,5.0,8.797822e-06,8.959892e-06,0.0,8.797822e-06
272.49976,1.0,0.0048919544,0.9537383,1.0,2018-03-20 07:00:00,5.0,8.490808e-06,8.276344e-06,0.0,8.490808e-06
272.06543,1.0,0.0010573287,0.9442713,1.0,2018-03-20 08:00:00,5.0,1.21721905e-05,1.2079016e-05,0.0,1.21721905e-05
270.99316,1.0,0.0,0.9620953,1.0,2018-03-20 09:00:00,5.0,3.1114934e-05,3.1277086e-05,0.0,3.1114934e-05
270.9795,1.0,0.032344714,0.9838462,1.0,2018-03-20 10:00:00,5.0,5.7980054e-05,5.7946716e-05,0.0,5.7980054e-05
271.01147,1.0,0.034448594,0.99946827,1.0,2018-03-20 11:00:00,5.0,9.012947e-05,8.9915e-05,0.0,9.012947e-05
270.6316,1.0,0.061248977,0.9932679,1.0,2018-03-20 12:00:00,5.0,0.00012631658,0.00012632122,0.0,0.00012622107
270.4922,1.0,0.049515177,1.0,1.0,2018-03-20 13:00:00,5.0,0.00016883005,0.00016891603,0.0,0.00016883005
270.42456,1.0,0.056505386,1.0,1.0,2018-03-20 14:00:00,5.0,0.00020819603,0.00020788134,0.0,0.00020781468
271.1057,0.99209684,0.22254151,0.9889295,0.9724694,2018-03-20 15:00:00,5.0,0.00023408045,0.00023437111,0.0,0.0002344618
271.2412,0.9966217,0.6774517,0.9966217,0.9932679,2018-03-20 16:00:00,5.0,0.00025472837,0.00025479007,0.0,0.00025472837
271.3706,1.0,0.67709285,0.98498976,1.0,2018-03-20 17:00:00,5.0,0.00025169319,0.00025175535,0.0,0.00025169319
271.5061,1.0,0.49278015,0.9942508,1.0,2018-03-20 18:00:00,5.0,0.00021868756,0.00021911666,0.0,0.0002191644
271.89038,1.0,0.44176495,0.9800109,1.0,2018-03-20 19:00:00,5.0,0.00019061638,0.00019045656,0.0,0.00019061638
272.29126,1.0,0.55942804,0.97000116,1.0,2018-03-20 20:00:00,5.0,0.00020874185,0.00020857954,0.0,0.00020874185
272.29053,1.0,0.6357713,0.9805366,1.0,2018-03-20 21:00:00,5.0,0.00017082886,0.0001707836,0.0,0.0001705616
271.99316,1.0,0.9481005,0.98551536,1.0,2018-03-20 22:00:00,5.0,9.6352596e-05,9.662907e-05,0.0,9.6733944e-05
271.8506,1.0,0.9008034,1.0,1.0,2018-03-20 23:00:00,5.0,5.520742e-05,5.532663e-05,0.0,5.520742e-05
271.59375,1.0,0.19982952,0.99946827,1.0,2018-03-21 00:00:00,5.0,3.3745222e-05,3.3654534e-05,0.0,3.3745222e-05
271.5918,1.0,0.05279605,0.98999023,1.0,2018-03-21 01:00:00,5.0,2.388483e-05,2.3937217e-05,0.0,2.388483e-05
271.4148,0.998375,0.08672148,0.6631712,0.99627113,2018-03-21 02:00:00,5.0,2.054825e-05,2.0734282e-05,0.0,2.054825e-05
270.7102,0.6073286,0.10990012,0.03853842,0.50948083,2018-03-21 03:00:00,5.0,1.1162113e-05,1.1033451e-05,0.0,1.1162113e-05
270.4751,0.82464933,0.38186568,0.25999975,0.64565265,2018-03-21 04:00:00,5.0,2.5187828e-06,2.5476256e-06,0.0,2.5187828e-06
269.9619,0.7874925,0.4486841,0.41235024,0.46288878,2018-03-21 05:00:00,5.0,6.300189e-07,5.678495e-07,0.0,6.300189e-07
269.8667,0.6845679,0.45181924,0.3234982,0.2668941,2018-03-21 06:00:00,0.0,0.0,1.1936965e-08,0.0,0.0
269.30957,0.57004976,0.4930846,0.20177537,0.05864058,2018-03-21 07:00:00,5.0,2.6726156e-07,3.0066929e-07,0.0,2.6726156e-07
268.94604,0.5648642,0.541097,0.15094751,0.0,2018-03-21 08:00:00,5.0,0.0,0.0,0.0,0.0
268.74023,0.61393446,0.61128193,0.013775833,0.0,2018-03-21 09:00:00,5.0,0.0,0.0,0.0,0.0
268.65088,0.66492724,0.4927904,0.61234736,0.0,2018-03-21 10:00:00,5.0,0.0,0.0,0.0,0.0
268.59448,0.8203946,0.46465123,0.80043536,0.0,2018-03-21 11:00:00,5.0,0.0,0.0,0.0,0.0
268.86572,0.9274291,0.45972365,0.92405087,0.0,2018-03-21 12:00:00,5.0,0.0,6.6815346e-08,0.0,0.0
268.83154,0.9746578,0.45974296,0.9647626,0.07194394,2018-03-21 13:00:00,5.0,2.6726156e-07,5.55751e-07,0.0,7.440987e-07
269.18872,0.99397534,0.35334438,0.97476214,0.40891188,2018-03-21 14:00:00,5.0,2.6726156e-07,6.9875404e-07,0.0,7.440987e-07
270.97168,0.91042656,0.3738559,0.9019748,0.13550651,2018-03-21 15:00:00,5.0,0.0,2.7431076e-07,0.0,0.0
271.66846,0.95444727,0.37821466,0.95444727,0.0,2018-03-21 16:00:00,5.0,0.0,3.3407698e-08,0.0,0.0
272.96118,0.97961575,0.33460897,0.97961575,0.0,2018-03-21 17:00:00,0.0,0.0,0.0,0.0,0.0
273.7539,0.9528126,0.35011822,0.9405422,0.0,2018-03-21 18:00:00,0.0,0.0,0.0,0.0,0.0
274.59082,0.91789556,0.44596064,0.9047075,0.0,2018-03-21 19:00:00,6.0,1.5638161e-06,2.0214266e-06,0.0,2.2124195e-06
275.20996,0.7372062,0.7059959,0.4654938,0.0,2018-03-21 20:00:00,6.0,1.6791882e-06,1.8149813e-06,0.0,1.793268e-06
275.2671,0.9865754,0.9865754,0.43740648,0.0,2018-03-21 21:00:00,6.0,5.187522e-06,4.849122e-06,0.0,5.0734425e-06
275.55298,0.68552214,0.6721046,0.08288163,0.0,2018-03-21 22:00:00,6.0,7.0577025e-06,7.1003215e-06,0.0,7.1717823e-06
275.78906,0.369568,0.369568,0.028306644,0.0,2018-03-21 23:00:00,6.0,4.0806663e-06,4.2952106e-06,0.0,4.5575034e-06
275.48535,0.33266407,0.33266407,0.0,0.0,2018-03-22 00:00:00,6.0,9.72258e-07,8.793262e-07,0.0,1.067754e-06
275.7312,0.37300724,0.37300724,0.0,0.0,2018-03-22 01:00:00,6.0,0.0,0.0,0.0,0.0
275.0515,0.31854677,0.31854677,0.0,0.0,2018-03-22 02:00:00,5.0,0.0,0.0,0.0,0.0
273.7661,0.35594434,0.35594434,0.0,0.0,2018-03-22 03:00:00,0.0,0.0,0.0,0.0,0.0
273.1897,0.41814095,0.41814095,0.0,0.0,2018-03-22 04:00:00,0.0,0.0,0.0,0.0,0.0
272.01587,0.55816275,0.55816275,0.0,0.0,2018-03-22 05:00:00,0.0,0.0,0.0,0.0,0.0
271.49463,0.59207255,0.59207255,0.0016249504,0.0,2018-03-22 06:00:00,0.0,0.0,0.0,0.0,0.0
271.28687,0.5551031,0.55247366,0.0032499009,0.007368978,2018-03-22 07:00:00,5.0,0.0,0.0,0.0,0.0
270.86255,0.5392071,0.53289545,0.025246598,0.00053172023,2018-03-22 08:00:00,0.0,0.0,0.0,0.0,0.0
271.41626,0.50032324,0.46527606,0.07826394,0.0,2018-03-22 09:00:00,0.0,0.0,0.0,0.0,0.0
272.06616,0.7464708,0.6900193,0.31173688,0.0,2018-03-22 10:00:00,5.0,0.0,0.0,0.0,0.0
271.9663,0.8026284,0.76868045,0.33144683,0.0,2018-03-22 11:00:00,5.0,0.0,0.0,0.0,0.0
271.89355,0.8039663,0.79137707,0.35102254,0.0,2018-03-22 12:00:00,0.0,0.0,2.8519953e-08,0.0,0.0
272.24316,0.7386667,0.7299142,0.23062551,0.0,2018-03-22 13:00:00,0.0,0.0,2.8519953e-08,0.0,0.0
272.71558,0.6682319,0.62559694,0.34333122,0.0,2018-03-22 14:00:00,0.0,0.0,0.0,0.0,0.0
274.88745,0.5917569,0.4997931,0.36155546,0.0,2018-03-22 15:00:00,0.0,0.0,0.0,0.0,0.0
275.6504,0.73745376,0.61040795,0.5775618,0.0,2018-03-22 16:00:00,0.0,0.0,0.0,0.0,0.0
276.34863,0.7219562,0.5995555,0.5675155,0.0,2018-03-22 17:00:00,0.0,0.0,0.0,0.0,0.0
276.87427,0.71421206,0.6836877,0.43472427,0.0,2018-03-22 18:00:00,0.0,0.0,0.0,0.0,0.0
277.2317,0.85648006,0.8531189,0.28453052,0.0,2018-03-22 19:00:00,0.0,0.0,0.0,0.0,0.0
277.5962,0.93358773,0.93358773,0.13231885,0.0,2018-03-22 20:00:00,0.0,0.0,0.0,0.0,0.0
277.99634,0.93197924,0.93197924,0.0424202,0.0,2018-03-22 21:00:00,0.0,0.0,0.0,0.0,0.0
277.94775,0.79351,0.79351,0.0033782488,0.0,2018-03-22 22:00:00,0.0,0.0,0.0,0.0,0.0
277.93506,0.49238592,0.49238592,0.0,0.0,2018-03-22 23:00:00,0.0,0.0,0.0,0.0,0.0
277.55957,0.184843,0.184843,0.0,0.0,2018-03-23 00:00:00,0.0,0.0,0.0,0.0,0.0
276.25098,0.100643694,0.100643694,0.010939855,0.0,2018-03-23 01:00:00,0.0,0.0,0.0,0.0,0.0
275.66797,0.2212668,0.2212668,0.0,0.0,2018-03-23 02:00:00,0.0,0.0,0.0,0.0,0.0
273.35864,0.013360273,0.013360273,0.0,0.0,2018-03-23 03:00:00,0.0,0.0,0.0,0.0,0.0
272.55078,0.013155017,0.008947253,0.0,0.004207764,2018-03-23 04:00:00,0.0,0.0,0.0,0.0,0.0
271.15552,0.004307229,0.0032499009,0.0,0.0010573287,2018-03-23 05:00:00,0.0,0.0,0.0,0.0,0.0
270.8567,0.031253852,0.0,0.0,0.031253852,2018-03-23 06:00:00,0.0,0.0,0.0,0.0,0.0
270.68945,0.31889343,0.0,0.0,0.31889343,2018-03-23 07:00:00,0.0,0.0,0.0,0.0,0.0
270.10815,0.13098145,0.0,0.0,0.13098145,2018-03-23 08:00:00,0.0,0.0,0.0,0.0,0.0
270.29077,0.21758568,0.0,0.0,0.21758568,2018-03-23 09:00:00,0.0,0.0,0.0,0.0,0.0
269.5437,0.32956868,0.0,0.0,0.32956868,2018-03-23 10:00:00,0.0,0.0,0.0,0.0,0.0
269.43823,0.8484234,0.0,0.0,0.8484234,2018-03-23 11:00:00,0.0,0.0,0.0,0.0,0.0
269.60718,1.0,0.0,0.0,1.0,2018-03-23 12:00:00,0.0,0.0,0.0,0.0,0.0
270.66162,0.9427627,0.0,0.0,0.9427627,2018-03-23 13:00:00,0.0,0.0,0.0,0.0,0.0
272.19507,0.86218417,0.0,0.0,0.86218417,2018-03-23 14:00:00,0.0,0.0,0.0,0.0,0.0
274.98242,0.6731832,0.0,0.020009164,0.6731832,2018-03-23 15:00:00,0.0,0.0,0.0,0.0,0.0
275.9463,1.0,0.0,0.13705707,1.0,2018-03-23 16:00:00,0.0,0.0,0.0,0.0,0.0
276.66675,1.0,0.0,0.26045018,1.0,2018-03-23 17:00:00,0.0,0.0,0.0,0.0,0.0
277.2224,1.0,0.0,0.5308654,1.0,2018-03-23 18:00:00,0.0,0.0,0.0,0.0,0.0
277.3479,1.0,0.0,0.9009763,1.0,2018-03-23 19:00:00,0.0,0.0,0.0,0.0,0.0
277.69653,1.0,0.0,1.0,1.0,2018-03-23 20:00:00,0.0,0.0,0.0,0.0,0.0
278.3506,0.9957922,0.0,0.99368834,0.9915844,2018-03-23 21:00:00,0.0,0.0,0.0,0.0,0.0
277.58496,0.9949934,0.0,0.9949934,0.8732498,2018-03-23 22:00:00,0.0,0.0,0.0,0.0,0.0
277.62744,1.0,0.0,1.0,0.95009476,2018-03-23 23:00:00,0.0,0.0,0.0,0.0,0.0
276.86987,1.0,0.0,1.0,0.9905078,2018-03-24 00:00:00,0.0,0.0,0.0,0.0,0.0
276.66455,0.9966217,0.0,0.97800493,0.9833648,2018-03-24 01:00:00,0.0,0.0,0.0,0.0,0.0
276.4004,1.0,0.0,0.9966217,0.9949968,2018-03-24 02:00:00,6.0,0.0,6.6815346e-08,0.0,0.0
276.13306,1.0,0.0,0.9939861,1.0,2018-03-24 03:00:00,6.0,0.0,1.9091243e-07,0.0,0.0
275.96655,1.0,0.0,0.92966276,1.0,2018-03-24 04:00:00,0.0,0.0,0.0,0.0,0.0
275.41284,1.0,0.0,0.6510564,1.0,2018-03-24 05:00:00,0.0,8.2101036e-07,0.0,6.873796e-07,0.0
275.00195,1.0,0.0,0.6737581,1.0,2018-03-24 06:00:00,6.0,9.927762e-07,5.990144e-07,6.300189e-07,6.300189e-07
274.79468,1.0,0.0,0.66975176,1.0,2018-03-24 07:00:00,0.0,1.0882713e-06,1.0882713e-06,0.0,1.0882713e-06
274.19263,1.0,0.0,0.5960905,1.0,2018-03-24 08:00:00,0.0,3.627573e-07,3.0547568e-07,0.0,3.627573e-07
272.78687,1.0,0.0,0.59340894,1.0,2018-03-24 09:00:00,0.0,9.549569e-08,4.7747868e-08,0.0,0.0
271.74,1.0,0.0,0.42722982,1.0,2018-03-24 10:00:00,0.0,0.0,2.3873934e-08,0.0,0.0
271.51147,1.0,0.0,0.4399081,1.0,2018-03-24 11:00:00,0.0,4.5825306e-07,3.436898e-07,0.0,3.627573e-07
271.40503,1.0,0.0,0.46276897,1.0,2018-03-24 12:00:00,0.0,1.5465248e-06,1.5274572e-06,0.0,1.5465248e-06
271.25317,1.0,0.0,0.6317121,1.0,2018-03-24 13:00:00,0.0,1.2792634e-06,1.1885741e-06,0.0,1.2792634e-06
271.47583,1.0,0.0,0.832097,1.0,2018-03-24 14:00:00,0.0,4.5825306e-07,3.007483e-07,0.0,1.9099144e-07
272.78833,1.0,0.0,0.9005812,1.0,2018-03-24 15:00:00,0.0,1.9099144e-07,1.0502947e-07,0.0,0.0
273.46582,1.0,0.0,0.890721,1.0,2018-03-24 16:00:00,0.0,0.0,4.7747868e-08,0.0,0.0
274.7478,1.0,0.0,0.9131974,1.0,2018-03-24 17:00:00,0.0,0.0,2.3873934e-08,0.0,0.0
275.6377,1.0,0.0,0.8746968,1.0,2018-03-24 18:00:00,0.0,0.0,0.0,0.0,0.0
276.33228,1.0,0.0015890491,0.82836723,1.0,2018-03-24 19:00:00,0.0,0.0,0.0,0.0,0.0
276.8274,1.0,0.0052650943,0.8761228,1.0,2018-03-24 20:00:00,0.0,0.0,0.0,0.0,0.0
277.4746,1.0,0.0,0.8404065,1.0,2018-03-24 21:00:00,0.0,0.0,0.0,0.0,0.0
277.26562,1.0,0.0,0.065865755,1.0,2018-03-24 22:00:00,0.0,0.0,0.0,0.0,0.0
277.16016,0.8628744,0.0,0.0,0.8628744,2018-03-24 23:00:00,0.0,0.0,0.0,0.0,0.0
276.35376,0.20068294,0.0,0.0,0.20068294,2018-03-25 00:00:00,0.0,0.0,0.0,0.0,0.0
275.03174,0.0,0.0,0.0,0.0,2018-03-25 01:00:00,0.0,0.0,0.0,0.0,0.0
274.69727,0.0,0.0,0.0,0.0,2018-03-25 02:00:00,0.0,0.0,0.0,0.0,0.0
273.98413,0.002103883,0.0,0.002103883,0.0,2018-03-25 03:00:00,0.0,0.0,0.0,0.0,0.0
273.78735,0.029180687,0.0,0.0,0.029180687,2018-03-25 04:00:00,0.0,0.0,0.0,0.0,0.0
272.8777,0.40292335,0.0,0.0063116476,0.40081942,2018-03-25 05:00:00,0.0,0.0,0.0,0.0,0.0
272.3772,0.75543505,0.0,0.04040465,0.7453247,2018-03-25 06:00:00,0.0,0.0,0.0,0.0,0.0
272.09692,0.94369197,0.0,0.050497886,0.94369197,2018-03-25 07:00:00,0.0,0.0,0.0,0.0,0.0
271.8916,0.9554614,0.0,0.016107086,0.9554614,2018-03-25 08:00:00,0.0,0.0,0.0,0.0,0.0
271.6001,0.97965497,0.0,0.0096896775,0.97965497,2018-03-25 09:00:00,0.0,0.0,0.0,0.0,0.0
271.11963,0.9693582,0.0,0.025315654,0.9693582,2018-03-25 10:00:00,0.0,0.0,0.0,0.0,0.0
270.9773,0.97373,0.012906335,0.16957492,0.97373,2018-03-25 11:00:00,0.0,0.0,0.0,0.0,0.0
270.7854,0.97694737,0.023423415,0.16583252,0.95964086,2018-03-25 12:00:00,0.0,0.0,0.0,0.0,0.0
271.04102,0.9479951,0.012906335,0.26773375,0.93747807,2018-03-25 13:00:00,0.0,0.0,0.0,0.0,0.0
272.11914,0.957922,0.02363434,0.799035,0.8224229,2018-03-25 14:00:00,0.0,0.0,0.0,0.0,0.0
274.17383,0.9105226,0.042830665,0.88935614,0.39352554,2018-03-25 15:00:00,0.0,0.0,0.0,0.0,0.0
275.2622,0.9477757,0.0033782488,0.9461508,0.07295436,2018-03-25 16:00:00,0.0,0.0,0.0,0.0,0.0
276.55127,0.95719504,0.015734568,0.95341337,0.33008868,2018-03-25 17:00:00,0.0,0.0,0.0,0.0,0.0
277.50098,0.9151833,0.004527632,0.8340256,0.43874425,2018-03-25 18:00:00,0.0,0.0,0.0,0.0,0.0
278.29517,0.80236983,0.017406195,0.7999989,0.0023709626,2018-03-25 19:00:00,0.0,0.0,0.0,0.0,0.0
278.79346,0.6139026,0.0,0.6066376,0.017889958,2018-03-25 20:00:00,0.0,0.0,0.0,0.0,0.0
279.59155,0.5830013,0.006631516,0.47082257,0.20278323,2018-03-25 21:00:00,0.0,0.0,0.0,0.0,0.0
279.01855,0.5935643,0.0033782488,0.375404,0.35646427,2018-03-25 22:00:00,0.0,0.0,0.0,0.0,0.0
278.6587,0.76049495,0.0,0.51411104,0.5395932,2018-03-25 23:00:00,0.0,0.0,0.0,0.0,0.0
278.45166,0.92112565,0.0,0.5965181,0.7943383,2018-03-26 00:00:00,0.0,0.0,0.0,0.0,0.0
277.86084,0.9277907,0.0,0.581012,0.8137135,2018-03-26 01:00:00,0.0,0.0,0.0,0.0,0.0
277.94165,0.8472689,0.0,0.5620981,0.6698252,2018-03-26 02:00:00,0.0,0.0,0.0,0.0,0.0
277.41797,0.94561714,0.0152556375,0.7333286,0.81040716,2018-03-26 03:00:00,0.0,0.0,0.0,0.0,0.0
276.97827,0.9646965,0.0037288337,0.8412559,0.7904459,2018-03-26 04:00:00,0.0,0.0,0.0,0.0,0.0
276.3667,0.9579047,0.087727785,0.7421396,0.89056224,2018-03-26 05:00:00,0.0,0.0,0.0,0.0,0.0
275.7578,0.99262583,0.011520103,0.9183454,0.9905219,2018-03-26 06:00:00,0.0,0.0,0.0,0.0,0.0
275.40015,1.0,0.07871747,0.8674758,1.0,2018-03-26 07:00:00,7.0,0.00010911719,2.5980073e-05,0.000102304606,6.8314766e-06
274.76,1.0,0.07553452,0.9334727,0.97562295,2018-03-26 08:00:00,6.0,0.00045065815,0.00035321247,0.0002714442,0.0001791092
273.59424,0.98810333,0.085107446,0.7530854,0.94252676,2018-03-26 09:00:00,6.0,0.00059766625,0.00049692113,0.00034959638,0.00024806056
272.89795,1.0,0.8263567,0.66363007,1.0,2018-03-26 10:00:00,5.0,0.00039507519,0.00037110108,0.0003352512,6.0110193e-05
272.8086,0.9939192,0.81828356,0.5602324,0.9546594,2018-03-26 11:00:00,5.0,0.00020223352,0.00020091758,0.00019730396,4.9388536e-06
272.82422,0.9978792,0.8753388,0.7573543,0.95575017,2018-03-26 12:00:00,5.0,0.00011672634,0.0001159433,0.00011544708,1.4503876e-06
272.82568,0.99371904,0.67713726,0.8806468,0.95762044,2018-03-26 13:00:00,5.0,0.00018043461,0.0001275692,0.00017722747,3.2071384e-06
273.30957,0.9966217,0.58244705,0.87755704,0.987647,2018-03-26 14:00:00,5.0,0.0004390746,0.00041335193,0.00042745983,1.1700531e-05
274.16284,1.0,0.9851648,0.9815805,0.8281053,2018-03-26 15:00:00,6.0,0.00014134409,0.00012896239,7.295147e-05,6.831602e-05
274.66357,0.9932679,0.9320871,0.8610001,0.9404907,2018-03-26 16:00:00,6.0,5.746921e-05,5.1630006e-05,9.991207e-06,4.7716414e-05
274.96973,1.0,0.7549961,0.8910156,1.0,2018-03-26 17:00:00,6.0,5.570165e-06,3.0230176e-06,2.0598882e-06,3.6243564e-06
275.58423,1.0,0.32945597,0.7555699,1.0,2018-03-26 18:00:00,6.0,3.0002455e-05,1.15998755e-05,3.187908e-06,2.6490248e-05
276.0503,1.0,0.65101856,0.95110893,1.0,2018-03-26 19:00:00,6.0,0.00014884827,1.6473263e-05,7.987421e-05,6.9107686e-05
276.00098,0.998375,0.7886269,0.998375,0.89450693,2018-03-26 20:00:00,6.0,0.00023246065,9.02334e-05,6.184369e-05,0.00017029265
275.95703,0.998375,0.85627955,0.9901048,0.87075233,2018-03-26 21:00:00,1.0,0.00012037573,3.9303457e-05,0.0,0.00012037573
275.35986,1.0,1.0,0.9989426,0.9660111,2018-03-26 22:00:00,1.0,0.00013853928,1.3363078e-06,3.1513591e-06,0.00013538793
274.2749,1.0,1.0,0.9867931,0.9722609,2018-03-26 23:00:00,1.0,0.00072888844,4.822013e-05,0.00035141618,0.00037746294
274.3059,1.0,1.0,1.0,0.90153605,2018-03-27 00:00:00,1.0,0.00074269786,4.760218e-06,0.0003046163,0.00043818634
274.4087,1.0,1.0,1.0,0.6063065,2018-03-27 01:00:00,1.0,0.00050178147,2.0180247e-05,0.0001580366,0.00034393556
274.42944,1.0,1.0,1.0,0.2783025,2018-03-27 02:00:00,7.0,0.00045148353,1.5056534e-05,0.00020630952,0.00024515437
274.41016,1.0,1.0,0.9780717,0.5774095,2018-03-27 03:00:00,1.0,4.4294502e-05,3.1403233e-06,0.0,4.4294502e-05
274.32007,0.998375,0.99225813,0.7947173,0.70523405,2018-03-27 04:00:00,1.0,6.0655775e-06,0.0,0.0,5.8560017e-06
273.73755,0.9966217,0.9900601,0.47760487,0.4409824,2018-03-27 05:00:00,3.0,5.8361165e-06,0.0,0.0,5.473359e-06
273.75293,1.0,1.0,0.23771495,0.5787744,2018-03-27 06:00:00,3.0,1.6400863e-06,0.0,0.0,2.0028438e-06
273.76538,1.0,1.0,0.05870414,0.7579026,2018-03-27 07:00:00,5.0,9.536743e-07,7.1541837e-07,0.0,9.536743e-07
273.7046,1.0,0.998375,0.015099801,0.86421216,2018-03-27 08:00:00,5.0,1.6022768e-06,1.1730272e-06,0.0,1.8118526e-06
273.92432,1.0,0.9881067,0.0,0.91427654,2018-03-27 09:00:00,5.0,2.460455e-06,2.3986095e-06,0.0,2.3463754e-06
273.9226,0.98806745,0.9748293,0.0,0.5600561,2018-03-27 10:00:00,5.0,3.4141294e-06,3.2236221e-06,0.0,3.4141294e-06
273.9524,0.79041326,0.75117457,0.0026356035,0.17405784,2018-03-27 11:00:00,5.0,6.864127e-07,5.769789e-07,0.0,5.7233285e-07
273.9812,0.79245055,0.7867184,0.0,0.009478044,2018-03-27 12:00:00,5.0,9.549569e-08,1.6695714e-07,0.0,9.549569e-08
274.0088,0.9609002,0.9609002,0.013471484,0.0,2018-03-27 13:00:00,5.0,2.0957555e-07,2.4787096e-07,0.0,2.0957555e-07
274.05786,1.0,1.0,0.0,0.0,2018-03-27 14:00:00,6.0,1.3350154e-06,1.1443444e-06,0.0,1.3350154e-06
274.48926,1.0,1.0,0.0,0.0,2018-03-27 15:00:00,6.0,0.0,1.4308318e-07,0.0,0.0
274.61084,1.0,1.0,0.0,0.0,2018-03-27 16:00:00,1.0,0.0,0.0,0.0,0.0
274.74707,1.0,1.0,0.0,0.0,2018-03-27 17:00:00,0.0,0.0,0.0,0.0,0.0
275.1665,0.87590337,0.87590337,0.0,0.016602635,2018-03-27 18:00:00,0.0,0.0,0.0,0.0,0.0
276.23462,0.2055313,0.20076418,0.0,0.011655062,2018-03-27 19:00:00,0.0,0.0,0.0,0.0,0.0
277.90942,0.017737843,0.017206121,0.0,0.00053172023,2018-03-27 20:00:00,0.0,0.0,0.0,0.0,0.0
279.45703,0.010919947,0.00774185,0.0,0.0031780982,2018-03-27 21:00:00,0.0,0.0,0.0,0.0,0.0
279.96484,0.0073382594,0.0057492107,0.0,0.0015890491,2018-03-27 22:00:00,0.0,0.0,0.0,0.0,0.0
280.28638,0.0,0.0,0.0,0.0,2018-03-27 23:00:00,0.0,0.0,0.0,0.0,0.0
280.11426,0.0,0.0,0.0,0.0,2018-03-28 00:00:00,0.0,0.0,0.0,0.0,0.0
279.2583,0.0,0.0,0.0,0.0,2018-03-28 01:00:00,0.0,0.0,0.0,0.0,0.0
278.35425,0.0,0.0,0.0,0.0,2018-03-28 02:00:00,0.0,0.0,0.0,0.0,0.0
276.5564,0.0,0.0,0.0,0.0,2018-03-28 03:00:00,0.0,0.0,0.0,0.0,0.0
275.6128,0.0,0.0,0.0,0.0,2018-03-28 04:00:00,0.0,0.0,0.0,0.0,0.0
274.583,0.0,0.0,0.0,0.0,2018-03-28 05:00:00,0.0,0.0,0.0,0.0,0.0
274.55713,0.011408862,0.0,0.0,0.011408862,2018-03-28 06:00:00,0.0,0.0,0.0,0.0,0.0
273.87256,0.0100932345,0.0,0.0,0.0100932345,2018-03-28 07:00:00,0.0,0.0,0.0,0.0,0.0
273.40894,0.0,0.0,0.0,0.0,2018-03-28 08:00:00,0.0,0.0,0.0,0.0,0.0
272.6936,0.0,0.0,0.0,0.0,2018-03-28 09:00:00,0.0,0.0,0.0,0.0,0.0
272.09863,0.0,0.0,0.0,0.0,2018-03-28 10:00:00,0.0,0.0,0.0,0.0,0.0
272.10132,0.0016249504,0.0,0.0016249504,0.0,2018-03-28 11:00:00,0.0,0.0,0.0,0.0,0.0
272.14038,0.0082530975,0.0,0.0082530975,0.0,2018-03-28 12:00:00,0.0,0.0,0.0,0.0,0.0
273.21484,0.0076495744,0.0026463778,0.005003199,0.0,2018-03-28 13:00:00,0.0,0.0,0.0,0.0,0.0
275.57202,0.010356981,0.0,0.010356981,0.0,2018-03-28 14:00:00,0.0,0.0,0.0,0.0,0.0
278.90186,0.0271019,0.0,0.0271019,0.0,2018-03-28 15:00:00,0.0,0.0,0.0,0.0,0.0
280.69458,0.2965908,0.0,0.29334092,0.0032499009,2018-03-28 16:00:00,0.0,0.0,0.0,0.0,0.0
281.79297,0.57242244,0.0,0.57242244,0.009766806,2018-03-28 17:00:00,0.0,0.0,0.0,0.0,0.0
282.80127,0.72044295,0.0,0.70504534,0.33744282,2018-03-28 18:00:00,0.0,0.0,0.0,0.0,0.0
282.95923,0.949261,0.0,0.9376564,0.87737316,2018-03-28 19:00:00,1.0,6.6398534e-06,0.0,2.3841849e-06,4.3511627e-06
282.62476,0.9872876,0.10469103,0.9856985,0.8742696,2018-03-28 20:00:00,1.0,2.5292931e-05,0.0,1.0478777e-07,2.5178844e-05
281.9978,0.9989426,0.70288724,0.98312795,0.89448255,2018-03-28 21:00:00,0.0,3.3666394e-05,0.0,0.0,3.3456832e-05
281.49365,0.99946827,0.5904146,0.99946827,0.88661647,2018-03-28 22:00:00,0.0,1.40782195e-05,0.0,0.0,1.40782195e-05
280.85767,0.9966217,0.66174376,0.9800116,0.9251191,2018-03-28 23:00:00,0.0,1.10473375e-05,0.0,0.0,1.10473375e-05
280.35107,1.0,0.54604155,0.97985905,0.9540786,2018-03-29 00:00:00,0.0,3.8384132e-06,0.0,0.0,3.8384132e-06
279.69678,0.9973536,0.53030574,0.90426815,0.94833183,2018-03-29 01:00:00,0.0,6.6847014e-07,0.0,0.0,6.6847014e-07
278.35693,0.9802309,0.56936,0.6957329,0.93450975,2018-03-29 02:00:00,0.0,0.0,0.0,0.0,0.0
276.12988,0.9955251,0.5257039,0.24309993,0.9750005,2018-03-29 03:00:00,0.0,0.0,0.0,0.0,0.0
275.18164,0.9946291,0.26435757,0.030406129,0.9896056,2018-03-29 04:00:00,0.0,0.0,0.0,0.0,0.0
273.30444,0.672036,0.09668195,0.019549865,0.65173715,2018-03-29 05:00:00,0.0,0.0,0.0,0.0,0.0
272.57544,0.11983818,0.105004966,0.0,0.01695393,2018-03-29 06:00:00,0.0,0.0,0.0,0.0,0.0
272.2163,0.24302596,0.14903331,0.0,0.0979355,2018-03-29 07:00:00,0.0,0.0,0.0,0.0,0.0
271.72974,0.3027258,0.26339257,0.0,0.049383815,2018-03-29 08:00:00,0.0,0.0,0.0,0.0,0.0
271.0791,0.29408115,0.21043044,0.0,0.09920192,2018-03-29 09:00:00,5.0,0.0,0.0,0.0,0.0
268.83545,0.306498,0.095498204,0.00053172023,0.24566954,2018-03-29 10:00:00,0.0,0.0,1.1936965e-08,0.0,0.0
268.69604,0.13854074,0.10834879,0.0,0.033376142,2018-03-29 11:00:00,0.0,0.0,1.1936965e-08,0.0,0.0
268.21143,0.11557174,0.073301196,0.0,0.042796135,2018-03-29 12:00:00,0.0,0.0,0.0,0.0,0.0
268.63965,0.03790799,0.03790799,0.0,0.0,2018-03-29 13:00:00,0.0,0.0,0.0,0.0,0.0
269.45605,0.02357202,0.02357202,0.0,0.0,2018-03-29 14:00:00,0.0,0.0,0.0,0.0,0.0
271.4475,0.013193667,0.013193667,0.0,0.0,2018-03-29 15:00:00,0.0,0.0,0.0,0.0,0.0
272.25024,0.0068900436,0.0010573287,0.005832717,0.0,2018-03-29 16:00:00,0.0,0.0,0.0,0.0,0.0
273.2964,0.0,0.0,0.0,0.0,2018-03-29 17:00:00,0.0,0.0,0.0,0.0,0.0
274.24243,0.0,0.0,0.0,0.0,2018-03-29 18:00:00,0.0,0.0,0.0,0.0,0.0
274.9143,0.0,0.0,0.0,0.0,2018-03-29 19:00:00,0.0,0.0,0.0,0.0,0.0
275.49683,0.0,0.0,0.0,0.0,2018-03-29 20:00:00,0.0,0.0,0.0,0.0,0.0
276.8606,0.26413542,0.0,0.069595754,0.25674957,2018-03-29 21:00:00,0.0,0.0,0.0,0.0,0.0
276.24048,0.0021207693,0.0,0.0,0.0021207693,2018-03-29 22:00:00,0.0,0.0,0.0,0.0,0.0
276.15063,0.0,0.0,0.0,0.0,2018-03-29 23:00:00,0.0,0.0,0.0,0.0,0.0
275.55762,0.15846807,0.0,0.0,0.15846807,2018-03-30 00:00:00,0.0,0.0,0.0,0.0,0.0
275.26147,0.10612947,0.0,0.002103883,0.10612947,2018-03-30 01:00:00,0.0,0.0,0.0,0.0,0.0
274.51587,0.36387295,0.0,0.23436028,0.30281532,2018-03-30 02:00:00,0.0,0.0,0.0,0.0,0.0
272.50146,0.024230551,0.0,0.018931683,0.005298864,2018-03-30 03:00:00,0.0,0.0,0.0,0.0,0.0
272.12354,0.07869333,0.0,0.002103883,0.076589406,2018-03-30 04:00:00,0.0,0.0,0.0,0.0,0.0
270.98657,0.2992484,0.0,0.038348313,0.2942589,2018-03-30 05:00:00,0.0,0.0,0.0,0.0,0.0
270.9856,0.4217732,0.0,0.07674831,0.4077829,2018-03-30 06:00:00,0.0,0.0,0.0,0.0,0.0
271.4812,0.15771794,0.0,0.01505813,0.15666062,2018-03-30 07:00:00,0.0,0.0,0.0,0.0,0.0
270.57812,0.0,0.0,0.0,0.0,2018-03-30 08:00:00,0.0,0.0,0.0,0.0,0.0
269.42944,0.0,0.0,0.0,0.0,2018-03-30 09:00:00,0.0,0.0,0.0,0.0,0.0
268.43896,0.015615076,0.0,0.015615076,0.0,2018-03-30 10:00:00,0.0,0.0,0.0,0.0,0.0
269.29492,0.31293982,0.0,0.31293982,0.0,2018-03-30 11:00:00,0.0,0.0,0.0,0.0,0.0
269.1565,0.4632017,0.016394954,0.45330656,0.0,2018-03-30 12:00:00,0.0,0.0,0.0,0.0,0.0
269.38794,0.26146114,0.079523265,0.20739853,0.0,2018-03-30 13:00:00,0.0,0.0,0.0,0.0,0.0
271.61035,0.33867794,0.24766141,0.23078442,0.0,2018-03-30 14:00:00,0.0,0.0,0.0,0.0,0.0
274.64258,0.6252745,0.45631975,0.58720106,0.0,2018-03-30 15:00:00,6.0,0.0,0.0,0.0,0.0
275.8501,0.99525803,0.9229892,0.99525803,0.0,2018-03-30 16:00:00,6.0,4.9606642e-06,5.0559993e-06,0.0,4.9606642e-06
276.18408,1.0,0.9911471,1.0,0.0,2018-03-30 17:00:00,6.0,3.0226627e-05,2.9076502e-05,0.0,3.0226627e-05
276.76855,0.98158294,0.96292317,0.79134786,0.0,2018-03-30 18:00:00,7.0,7.8615645e-05,1.7758473e-05,5.0813615e-05,2.7744987e-05
275.9995,0.75800633,0.65661836,0.35305125,0.10798222,2018-03-30 19:00:00,1.0,0.00025153905,0.00015415941,0.00017588784,7.55081e-05
276.77246,0.9672365,0.5971074,0.4993087,0.9162235,2018-03-30 20:00:00,1.0,0.00019130134,1.348713e-05,0.00016273471,2.8566617e-05
276.99487,1.0,0.68769747,0.5511961,1.0,2018-03-30 21:00:00,0.0,5.486807e-05,2.477106e-07,4.647857e-05,8.236962e-06
275.7058,1.0,0.44150734,0.6452369,1.0,2018-03-30 22:00:00,0.0,1.14079796e-07,0.0,0.0,1.14079796e-07
275.2102,0.99446505,0.5877353,0.84651595,0.9614582,2018-03-30 23:00:00,0.0,0.0,0.0,0.0,0.0
274.50024,1.0,0.0033782488,0.94369054,0.98458827,2018-03-31 00:00:00,0.0,0.0,0.0,0.0,0.0
273.97583,1.0,0.0,1.0,0.9849336,2018-03-31 01:00:00,5.0,0.0,3.3407698e-08,0.0,0.0
273.7898,1.0,0.0,1.0,0.9800109,2018-03-31 02:00:00,5.0,2.499557e-06,2.4305e-06,0.0,2.2899821e-06
273.13647,1.0,0.0,1.0,0.990789,2018-03-31 03:00:00,5.0,3.0544543e-05,3.0544543e-05,0.0,3.0544543e-05
272.9724,1.0,0.0,0.9849035,1.0,2018-03-31 04:00:00,5.0,9.791512e-05,9.816067e-05,0.0,9.791512e-05
272.8894,1.0,0.0,0.9828043,1.0,2018-03-31 05:00:00,5.0,0.00027215923,0.00022928223,0.00013125276,0.000141088
272.94727,1.0,0.37304705,0.96759933,1.0,2018-03-31 06:00:00,5.0,0.0009406975,0.0009006411,0.0006466224,0.0002941608
272.7649,1.0,0.55012107,0.95729905,1.0,2018-03-31 07:00:00,5.0,0.00052353623,0.000503683,0.00020032101,0.00032304344
272.6504,1.0,0.52515256,0.9865809,1.0,2018-03-31 08:00:00,5.0,0.000799095,0.0007256968,0.00062491954,0.00017435696
272.90015,0.99946827,0.65843636,0.9947011,0.8485508,2018-03-31 09:00:00,5.0,0.0011237897,0.0007271399,0.0006995129,0.00042381836
272.43335,0.98316735,0.80459636,0.95335364,0.2547955,2018-03-31 10:00:00,5.0,0.0012958266,0.0007822425,0.00034542917,0.00095098815
271.94946,0.97888374,0.97305316,0.7495168,0.012155447,2018-03-31 11:00:00,5.0,0.0011641327,0.00089565176,2.9337549e-05,0.0011346233
270.4934,0.98514545,0.98514545,0.31311995,0.0,2018-03-31 12:00:00,5.0,0.0004525464,0.00043548667,0.0,0.0004525464
269.1648,0.80974436,0.7637994,0.48431045,0.0,2018-03-31 13:00:00,5.0,7.0358976e-05,7.028744e-05,0.0,7.0358976e-05
269.25122,0.8365032,0.61058915,0.7516369,0.0,2018-03-31 14:00:00,5.0,2.3268876e-05,2.3327753e-05,0.0,2.3497036e-05
268.52002,0.8139706,0.7918265,0.32354468,0.0,2018-03-31 15:00:00,5.0,1.8881197e-05,1.910032e-05,0.0,1.9090774e-05
268.37036,0.7819846,0.7819846,0.0,0.0,2018-03-31 16:00:00,5.0,4.1761623e-06,4.276465e-06,0.0,4.1761623e-06
268.57983,0.9620441,0.9620441,0.01803701,0.0,2018-03-31 17:00:00,5.0,0.0,2.3873934e-08,0.0,0.0
269.00464,0.9624926,0.9624926,0.0067320913,0.0,2018-03-31 18:00:00,5.0,0.0,0.0,0.0,0.0
269.06738,0.92020476,0.9032763,0.18075436,0.0,2018-03-31 19:00:00,5.0,9.549569e-08,1.5742336e-07,0.0,9.549569e-08
269.0149,0.9807783,0.9784073,0.04876049,0.0,2018-03-31 20:00:00,5.0,9.549569e-08,1.7168333e-07,0.0,9.549569e-08
269.1494,0.9747455,0.9747455,0.0,0.0,2018-03-31 21:00:00,0.0,0.0,0.0,0.0,0.0
268.66113,0.0021207693,0.0021207693,0.0,0.0,2018-03-31 22:00:00,0.0,0.0,0.0,0.0,0.0
268.02393,0.0050234497,0.0050234497,0.0,0.0,2018-03-31 23:00:00,0.0,0.0,0.0,0.0,0.0
267.25757,0.0,0.0,0.0,0.0,2018-04-01 00:00:00,0.0,0.0,0.0,0.0,0.0
265.96436,0.0,0.0,0.0,0.0,2018-04-01 01:00:00,0.0,0.0,0.0,0.0,0.0
265.22363,0.0,0.0,0.0,0.0,2018-04-01 02:00:00,0.0,0.0,0.0,0.0,0.0
263.92407,0.0,0.0,0.0,0.0,2018-04-01 03:00:00,0.0,0.0,0.0,0.0,0.0
262.9751,0.002103883,0.002103883,0.0,0.0,2018-04-01 04:00:00,0.0,0.0,0.0,0.0,0.0
262.23413,0.050040025,0.050040025,0.0,0.0,2018-04-01 05:00:00,0.0,0.0,0.0,0.0,0.0
262.04907,0.010831039,0.010831039,0.0,0.0,2018-04-01 06:00:00,0.0,0.0,0.0,0.0,0.0
261.69556,0.039365407,0.039365407,0.0,0.0,2018-04-01 07:00:00,0.0,0.0,4.5344667e-08,0.0,0.0
261.3164,0.033376142,0.033376142,0.0,0.0,2018-04-01 08:00:00,0.0,0.0,1.2161246e-07,0.0,9.549569e-08
260.5808,0.04976458,0.044499487,0.0,0.008443192,2018-04-01 09:00:00,0.0,0.0,1.1936965e-08,0.0,0.0
260.6902,0.007385861,0.00053172023,0.0,0.006854143,2018-04-01 10:00:00,0.0,0.0,0.0,0.0,0.0
260.61035,0.0,0.0,0.0,0.0,2018-04-01 11:00:00,0.0,0.0,0.0,0.0,0.0
260.46997,0.0,0.0,0.0,0.0,2018-04-01 12:00:00,0.0,0.0,0.0,0.0,0.0
261.1797,0.0,0.0,0.0,0.0,2018-04-01 13:00:00,0.0,0.0,0.0,0.0,0.0
262.76685,0.0,0.0,0.0,0.0,2018-04-01 14:00:00,0.0,0.0,0.0,0.0,0.0
265.60107,0.0,0.0,0.0,0.0,2018-04-01 15:00:00,0.0,0.0,0.0,0.0,0.0
267.06958,0.0,0.0,0.0,0.0,2018-04-01 16:00:00,0.0,0.0,0.0,0.0,0.0
268.4048,0.0010573287,0.0010573287,0.0,0.0,2018-04-01 17:00:00,0.0,0.0,0.0,0.0,0.0
269.35913,0.03284442,0.0,0.0,0.03284442,2018-04-01 18:00:00,0.0,0.0,0.0,0.0,0.0
270.16626,0.0,0.0,0.0,0.0,2018-04-01 19:00:00,0.0,0.0,0.0,0.0,0.0
270.79907,0.0,0.0,0.0,0.0,2018-04-01 20:00:00,0.0,0.0,0.0,0.0,0.0
271.76074,0.0,0.0,0.0,0.0,2018-04-01 21:00:00,0.0,0.0,0.0,0.0,0.0
271.635,0.020210877,0.020210877,0.0,0.0,2018-04-01 22:00:00,0.0,0.0,0.0,0.0,0.0
271.64868,0.3279816,0.3279816,0.0,0.0,2018-04-01 23:00:00,0.0,0.0,0.0,0.0,0.0
271.188,0.0,0.0,0.0,0.0,2018-04-02 00:00:00,0.0,0.0,0.0,0.0,0.0
269.83423,0.0,0.0,0.0,0.0,2018-04-02 01:00:00,0.0,0.0,0.0,0.0,0.0
268.96973,0.0,0.0,0.0,0.0,2018-04-02 02:00:00,0.0,0.0,0.0,0.0,0.0
269.10938,0.0,0.0,0.0,0.0,2018-04-02 03:00:00,0.0,0.0,0.0,0.0,0.0
268.73438,0.022390105,0.0,0.0,0.022390105,2018-04-02 04:00:00,0.0,0.0,0.0,0.0,0.0
267.52075,0.124331355,0.0,0.0,0.124331355,2018-04-02 05:00:00,0.0,0.0,0.0,0.0,0.0
266.60547,0.1686377,0.0,0.05349635,0.16527653,2018-04-02 06:00:00,0.0,0.0,0.0,0.0,0.0
265.70044,0.0,0.0,0.0,0.0,2018-04-02 07:00:00,0.0,0.0,0.0,0.0,0.0
265.96313,0.0,0.0,0.0,0.0,2018-04-02 08:00:00,0.0,0.0,0.0,0.0,0.0
266.58765,0.19681382,0.0,0.01024574,0.19470996,2018-04-02 09:00:00,0.0,0.0,0.0,0.0,0.0
265.64404,0.57132435,0.005832717,0.44616425,0.52270246,2018-04-02 10:00:00,0.0,0.0,0.0,0.0,0.0
266.24658,0.23374861,0.0100932345,0.13418972,0.13445795,2018-04-02 11:00:00,0.0,0.0,0.0,0.0,0.0
266.32397,0.79447496,0.0,0.4313112,0.63487566,2018-04-02 12:00:00,0.0,0.0,0.0,0.0,0.0
268.28687,1.0,0.0,0.9928895,0.9162372,2018-04-02 13:00:00,5.0,0.0,3.3407698e-08,0.0,0.0
269.70093,1.0,0.0,0.97951514,0.9949968,2018-04-02 14:00:00,5.0,2.6726156e-07,2.2896614e-07,0.0,0.0
272.1797,1.0,0.0,0.9747373,0.98999023,2018-04-02 15:00:00,5.0,2.9763942e-06,2.8857048e-06,0.0,2.9763942e-06
272.92993,1.0,0.0068433695,1.0,1.0,2018-04-02 16:00:00,5.0,2.9228118e-05,2.9621151e-05,0.0,2.9704956e-05
273.7766,1.0,0.08539873,1.0,0.99946827,2018-04-02 17:00:00,5.0,0.00014605721,0.00014599528,0.0,0.00014605721
272.31958,1.0,0.6091231,1.0,0.9739495,2018-04-02 18:00:00,5.0,0.00038707466,0.00038693636,0.0,0.00038707466
272.07178,1.0,0.35246456,1.0,0.94301635,2018-04-02 19:00:00,5.0,0.000888431,0.0008885262,1.5387704e-05,0.0008734248
272.094,0.9978961,0.27161294,0.9828681,0.7269733,2018-04-02 20:00:00,5.0,0.0007502439,0.0007501773,3.405496e-05,0.00071608415
272.15942,0.9912679,0.3312167,0.97384995,0.66763216,2018-04-02 21:00:00,5.0,0.00042508403,0.00042512943,8.35358e-06,0.0004169976
271.91333,0.99946827,0.9259043,0.99946827,0.92290753,2018-04-02 22:00:00,5.0,0.0002627396,0.00026274682,0.0,0.00026264414
271.9209,0.99946827,0.8834797,0.9968219,0.9135556,2018-04-02 23:00:00,5.0,0.00018078406,0.00018061222,0.0,0.0001805168
271.85645,0.990789,0.7439098,0.9750044,0.8409408,2018-04-03 00:00:00,5.0,0.00014864693,0.00014860423,0.0,0.00014853284
271.78833,0.997629,0.86262923,0.9918798,0.9039919,2018-04-03 01:00:00,5.0,0.00019631976,0.00019628395,0.0,0.00019631976
271.54077,1.0,0.9029542,0.9947349,0.90835404,2018-04-03 02:00:00,5.0,0.00022050824,0.00022035347,1.432436e-07,0.00022020318
271.29736,0.997629,0.85911465,0.96385384,0.97473794,2018-04-03 03:00:00,5.0,0.00011376914,0.00011399771,0.0,0.00011388323
271.47144,0.99627113,0.08061689,0.8734889,0.9618009,2018-04-03 04:00:00,5.0,5.0043513e-05,4.9941038e-05,0.0,4.9929426e-05
271.30566,0.75954276,0.27088177,0.16210055,0.65908754,2018-04-03 05:00:00,5.0,2.1438405e-05,2.190379e-05,0.0,2.180117e-05
271.36475,1.0,0.87094384,0.6194494,1.0,2018-04-03 06:00:00,5.0,1.8769686e-05,1.8510036e-05,0.0,1.8483843e-05
271.2085,1.0,0.948118,0.97256976,0.9181693,2018-04-03 07:00:00,5.0,5.4932443e-06,5.402715e-06,0.0,5.5887404e-06
271.03223,1.0,0.97816414,1.0,1.0,2018-04-03 08:00:00,5.0,1.5512618e-05,1.5569894e-05,0.0,1.5512618e-05
270.55762,1.0,0.059791233,1.0,1.0,2018-04-03 09:00:00,5.0,0.000103619284,0.00010358308,0.0,0.000103619284
270.44043,1.0,0.060523417,1.0,1.0,2018-04-03 10:00:00,5.0,0.00030532456,0.00030513853,0.0,0.00030532456
270.49316,1.0,0.022736114,0.998375,1.0,2018-04-03 11:00:00,5.0,0.00055342773,0.0005535041,0.0,0.00055342773
270.4265,1.0,0.05492543,0.995108,1.0,2018-04-03 12:00:00,5.0,0.0007255967,0.00072573754,0.0,0.0007255967
270.417,1.0,0.21502364,0.9192267,1.0,2018-04-03 13:00:00,5.0,0.0006978016,0.00069774897,0.0,0.0006978016
270.73633,1.0,0.7544588,1.0,1.0,2018-04-03 14:00:00,5.0,0.00061140256,0.0006114668,0.0,0.00061140256
271.1018,1.0,0.8787808,1.0,1.0,2018-04-03 15:00:00,5.0,0.00072323764,0.00072338106,0.0,0.00072339084
271.12988,1.0,0.99089694,1.0,1.0,2018-04-03 16:00:00,5.0,0.000787708,0.0007876463,0.0,0.00078768935
271.2832,1.0,1.0,1.0,0.986593,2018-04-03 17:00:00,5.0,0.0007571352,0.0007566798,0.0,0.0007566584
271.50635,1.0,1.0,1.0,1.0,2018-04-03 18:00:00,5.0,0.0007314591,0.0007315257,0.0,0.0007315732
271.75684,1.0,0.9940507,1.0,0.6878667,2018-04-03 19:00:00,5.0,0.0008730849,0.0008731801,2.9952953e-06,0.0008700702
271.82324,1.0,0.9973177,1.0,0.00608078,2018-04-03 20:00:00,5.0,0.0008905439,0.0008905269,7.4474025e-07,0.00088962726
271.71875,1.0,0.99174684,1.0,0.0,2018-04-03 21:00:00,5.0,0.00078373426,0.0007839224,8.392737e-07,0.0007828183
270.77148,1.0,0.9888442,1.0,0.0,2018-04-03 22:00:00,5.0,0.0006344889,0.00063432683,1.24254e-05,0.00062200637
270.50952,1.0,0.9844858,1.0,0.0067320913,2018-04-03 23:00:00,5.0,0.0007000752,0.00069710216,9.068288e-05,0.00060965936
270.2766,1.0,0.9925423,1.0,0.0,2018-04-04 00:00:00,5.0,0.00084945513,0.0008345875,0.00018593801,0.00066371704
269.86133,1.0,0.99627113,1.0,0.023956567,2018-04-04 01:00:00,5.0,0.0007221019,0.00071857055,3.983217e-05,0.00068240333
269.4143,1.0,0.9518366,1.0,0.2130906,2018-04-04 02:00:00,5.0,0.0007337462,0.00072220014,0.00010345457,0.0006301673
267.80786,1.0,0.91174126,1.0,0.58180153,2018-04-04 03:00:00,5.0,0.00049379445,0.0004939635,1.5359356e-06,0.0004923062
267.08716,1.0,0.7023968,1.0,0.95933783,2018-04-04 04:00:00,5.0,0.0002451886,0.00024540536,0.0,0.00024530268
266.33862,1.0,0.6966956,1.0,0.9978792,2018-04-04 05:00:00,5.0,8.534928e-05,8.558297e-05,0.0,8.534928e-05
266.07056,0.99736434,0.7072517,0.9949934,0.78586763,2018-04-04 06:00:00,5.0,2.4415465e-05,2.4465451e-05,0.0,2.4415465e-05
265.41357,0.9464739,0.8531296,0.9014185,0.0,2018-04-04 07:00:00,5.0,3.6812577e-05,3.6898622e-05,0.0,3.669849e-05
264.61548,0.26896948,0.2445268,0.0,0.02442557,2018-04-04 08:00:00,5.0,7.2089415e-06,7.433422e-06,0.0,7.3044375e-06
262.79346,0.1172598,0.02088872,0.0,0.09874207,2018-04-04 09:00:00,0.0,0.0,1.7168333e-07,0.0,0.0
260.8103,0.049920723,0.0026463778,0.0,0.047274347,2018-04-04 10:00:00,0.0,0.0,1.1936965e-08,0.0,0.0
260.57007,0.0,0.0,0.0,0.0,2018-04-04 11:00:00,0.0,0.0,0.0,0.0,0.0
260.1245,0.0,0.0,0.0,0.0,2018-04-04 12:00:00,0.0,0.0,0.0,0.0,0.0
260.41187,0.0,0.0,0.0,0.0,2018-04-04 13:00:00,0.0,0.0,0.0,0.0,0.0
262.23804,0.0,0.0,0.0,0.0,2018-04-04 14:00:00,0.0,0.0,0.0,0.0,0.0
265.94897,0.0,0.0,0.0,0.0,2018-04-04 15:00:00,0.0,0.0,0.0,0.0,0.0
267.4121,0.0,0.0,0.0,0.0,2018-04-04 16:00:00,0.0,0.0,0.0,0.0,0.0
269.00317,0.0,0.0,0.0,0.0,2018-04-04 17:00:00,0.0,0.0,0.0,0.0,0.0
269.60815,0.23591137,0.23591137,0.0,0.0,2018-04-04 18:00:00,0.0,0.0,0.0,0.0,0.0
270.40845,0.5388295,0.5388295,0.0,0.0,2018-04-04 19:00:00,5.0,0.0,0.0,0.0,0.0
270.81958,0.88381547,0.88381547,0.04507412,0.0,2018-04-04 20:00:00,5.0,0.0,1.4789077e-07,0.0,2.6726156e-07
270.8933,0.8370872,0.8370872,0.15231389,0.0,2018-04-04 21:00:00,5.0,1.258104e-06,1.2344717e-06,0.0,1.258104e-06
270.3418,0.8779258,0.71150535,0.25694966,0.0,2018-04-04 22:00:00,5.0,2.2489457e-06,2.1370279e-06,0.0,2.2489457e-06
270.06177,0.6147507,0.17508274,0.45987147,0.0,2018-04-04 23:00:00,0.0,6.0950106e-07,6.669442e-07,0.0,6.0950106e-07
269.40088,0.53579783,0.0,0.53579783,0.0,2018-04-05 00:00:00,0.0,0.0,0.0,0.0,0.0
268.84302,0.4023676,0.0,0.4023676,0.0,2018-04-05 01:00:00,5.0,6.300189e-07,5.679297e-07,0.0,6.300189e-07
268.17407,0.072858095,0.0,0.072858095,0.0,2018-04-05 02:00:00,5.0,1.5843343e-06,1.7180455e-06,0.0,1.5843343e-06
266.89307,0.014212348,0.0,0.0015890491,0.012623299,2018-04-05 03:00:00,0.0,7.4474025e-07,8.137973e-07,0.0,7.4474025e-07
264.60986,0.039918393,0.0,0.0,0.039918393,2018-04-05 04:00:00,0.0,9.549569e-08,7.16218e-08,0.0,9.549569e-08
262.51172,0.0,0.0,0.0,0.0,2018-04-05 05:00:00,0.0,0.0,0.0,0.0,0.0
264.33203,0.0,0.0,0.0,0.0,2018-04-05 06:00:00,0.0,0.0,0.0,0.0,0.0
263.78052,0.0,0.0,0.0,0.0,2018-04-05 07:00:00,0.0,0.0,0.0,0.0,0.0
262.84668,0.0,0.0,0.0,0.0,2018-04-05 08:00:00,0.0,0.0,0.0,0.0,0.0
260.0791,0.0,0.0,0.0,0.0,2018-04-05 09:00:00,0.0,0.0,0.0,0.0,0.0
260.4314,0.25763184,0.0067320913,0.0,0.25425357,2018-04-05 10:00:00,0.0,0.0,0.0,0.0,0.0
260.21704,0.0023709626,0.0,0.0,0.0023709626,2018-04-05 11:00:00,0.0,0.0,0.0,0.0,0.0
260.29565,0.0033782488,0.0,0.0,0.0033782488,2018-04-05 12:00:00,0.0,0.0,0.0,0.0,0.0
260.57275,0.0067320913,0.0,0.0033782488,0.0067320913,2018-04-05 13:00:00,0.0,0.0,0.0,0.0,0.0
262.70386,0.19152075,0.0,0.13332945,0.15476239,2018-04-05 14:00:00,0.0,0.0,0.0,0.0,0.0
267.6941,0.21974921,0.0,0.2130171,0.06250268,2018-04-05 15:00:00,0.0,0.0,0.0,0.0,0.0
270.6194,0.1398449,0.0,0.1398449,0.0,2018-04-05 16:00:00,0.0,0.0,0.0,0.0,0.0
272.34473,0.13468283,0.0,0.12294024,0.08139217,2018-04-05 17:00:00,0.0,0.0,0.0,0.0,0.0
273.47388,0.16722769,0.0,0.16386658,0.053392373,2018-04-05 18:00:00,0.0,0.0,0.0,0.0,0.0
274.2705,0.28976136,0.0,0.28976136,0.0067320913,2018-04-05 19:00:00,0.0,0.0,0.0,0.0,0.0
275.2754,0.40881485,0.0010573287,0.40775752,0.0,2018-04-05 20:00:00,0.0,0.0,0.0,0.0,0.0
276.02783,0.6507116,0.024520218,0.6414696,0.0,2018-04-05 21:00:00,0.0,0.0,0.0,0.0,0.0
275.9048,0.79720646,0.26453102,0.7791129,0.0,2018-04-05 22:00:00,6.0,0.0,3.3407698e-08,0.0,0.0
275.53564,0.9909913,0.7078214,0.9904657,0.0,2018-04-05 23:00:00,6.0,2.6996495e-05,1.6198392e-05,1.0173549e-05,1.6861086e-05
274.6101,0.95759195,0.7908515,0.95759195,0.0,2018-04-06 00:00:00,6.0,0.00013267105,0.000121532954,9.848275e-06,0.00012293686
274.2627,0.92840296,0.9089755,0.84861976,0.0,2018-04-06 01:00:00,5.0,0.00011822408,0.00011659552,6.5892054e-06,0.000111748945
274.06787,0.6753646,0.6703687,0.22010326,0.0,2018-04-06 02:00:00,5.0,3.386369e-05,3.376587e-05,0.0,3.386369e-05
272.86182,0.48098493,0.48098493,0.01736435,0.0,2018-04-06 03:00:00,5.0,1.1744003e-05,1.19159295e-05,0.0,1.19157685e-05
272.14795,0.71387804,0.71387804,0.0033782488,0.0,2018-04-06 04:00:00,5.0,1.0026362e-05,1.0257812e-05,0.0,1.0293624e-05
270.80347,0.8749135,0.8743818,0.0,0.025549889,2018-04-06 05:00:00,5.0,9.645662e-06,9.902908e-06,0.0,1.00270045e-05
270.85913,0.46178424,0.4493916,0.008432418,0.012392428,2018-04-06 06:00:00,5.0,4.3466353e-06,4.446697e-06,0.0,4.3466353e-06
269.1643,0.13170427,0.11222315,0.02002015,0.0015890491,2018-04-06 07:00:00,5.0,8.011341e-07,1.1371303e-06,0.0,1.182475e-06
268.37866,0.07216573,0.06343645,0.0087354,0.005006563,2018-04-06 08:00:00,5.0,9.549569e-08,2.717449e-07,0.0,9.549569e-08
266.73804,0.2998489,0.28926593,0.01336024,0.009489745,2018-04-06 09:00:00,5.0,3.813414e-07,5.4805685e-07,0.0,5.9091695e-07
265.1399,0.85953146,0.8589997,0.0067320913,0.010021467,2018-04-06 10:00:00,5.0,2.591827e-06,2.465892e-06,0.0,2.3822513e-06
265.1206,0.7947022,0.7920666,0.007900696,0.004767146,2018-04-06 11:00:00,0.0,2.8199865e-06,3.1019108e-06,0.0,3.0686642e-06
264.31396,0.62484014,0.6232511,0.0037098185,0.0015890491,2018-04-06 12:00:00,5.0,1.372825e-06,1.0817712e-06,0.0,1.0100675e-06
263.469,0.9799967,0.9799967,0.0,0.0,2018-04-06 13:00:00,5.0,6.101426e-07,1.1775082e-06,0.0,1.3542412e-06
264.05322,0.8738322,0.8738322,0.0,0.0,2018-04-06 14:00:00,5.0,5.07215e-06,4.774047e-06,0.0,4.976654e-06
265.09204,0.7131053,0.7131053,0.0033782488,0.0,2018-04-06 15:00:00,5.0,1.2472084e-05,1.271747e-05,0.0,1.2891235e-05
265.36328,0.26453727,0.26453727,0.0,0.0,2018-04-06 16:00:00,5.0,2.3277826e-06,2.1678743e-06,0.0,2.3277826e-06
265.75244,0.25291812,0.25291812,0.0,0.0,2018-04-06 17:00:00,0.0,0.0,2.3873934e-08,0.0,0.0
265.9978,0.18067622,0.18067622,0.0,0.0,2018-04-06 18:00:00,0.0,0.0,0.0,0.0,0.0
266.114,0.23540092,0.23540092,0.0,0.0,2018-04-06 19:00:00,0.0,0.0,0.0,0.0,0.0
266.55762,0.24487245,0.24487245,0.0,0.0,2018-04-06 20:00:00,0.0,0.0,0.0,0.0,0.0
266.89062,0.13219315,0.13219315,0.0,0.0,2018-04-06 21:00:00,0.0,0.0,0.0,0.0,0.0
266.5974,0.0,0.0,0.0,0.0,2018-04-06 22:00:00,0.0,0.0,0.0,0.0,0.0
266.16504,0.0,0.0,0.0,0.0,2018-04-06 23:00:00,0.0,0.0,0.0,0.0,0.0
265.5022,0.0067320913,0.0067320913,0.0,0.0,2018-04-07 00:00:00,0.0,0.0,0.0,0.0,0.0
264.60352,0.0,0.0,0.0,0.0,2018-04-07 01:00:00,0.0,0.0,0.0,0.0,0.0
264.11426,0.0,0.0,0.0,0.0,2018-04-07 02:00:00,0.0,0.0,0.0,0.0,0.0
263.21045,0.0,0.0,0.0,0.0,2018-04-07 03:00:00,0.0,0.0,0.0,0.0,0.0
262.74536,0.0,0.0,0.0,0.0,2018-04-07 04:00:00,0.0,0.0,0.0,0.0,0.0
261.92407,0.0,0.0,0.0,0.0,2018-04-07 05:00:00,0.0,0.0,0.0,0.0,0.0
261.24634,0.0,0.0,0.0,0.0,2018-04-07 06:00:00,0.0,0.0,0.0,0.0,0.0
260.86426,0.0,0.0,0.0,0.0,2018-04-07 07:00:00,0.0,0.0,0.0,0.0,0.0
260.33594,0.0,0.0,0.0,0.0,2018-04-07 08:00:00,0.0,0.0,0.0,0.0,0.0
259.53394,0.0,0.0,0.0,0.0,2018-04-07 09:00:00,0.0,0.0,0.0,0.0,0.0
260.5083,0.0,0.0,0.0,0.0,2018-04-07 10:00:00,0.0,0.0,0.0,0.0,0.0
260.47754,0.0,0.0,0.0,0.0,2018-04-07 11:00:00,0.0,0.0,0.0,0.0,0.0
260.37134,0.0,0.0,0.0,0.0,2018-04-07 12:00:00,0.0,0.0,0.0,0.0,0.0
261.3855,0.0,0.0,0.0,0.0,2018-04-07 13:00:00,0.0,0.0,0.0,0.0,0.0
263.2456,0.0,0.0,0.0,0.0,2018-04-07 14:00:00,0.0,0.0,0.0,0.0,0.0
266.35864,0.0,0.0,0.0,0.0,2018-04-07 15:00:00,0.0,0.0,0.0,0.0,0.0
267.53223,0.05179968,0.05179968,0.0,0.0,2018-04-07 16:00:00,5.0,0.0,0.0,0.0,0.0
268.66553,0.02042301,0.02042301,0.0,0.0,2018-04-07 17:00:00,0.0,0.0,0.0,0.0,0.0
269.67456,0.012015924,0.012015924,0.0,0.0,2018-04-07 18:00:00,0.0,0.0,0.0,0.0,0.0
270.1194,0.0044355765,0.0044355765,0.0,0.0,2018-04-07 19:00:00,0.0,0.0,0.0,0.0,0.0
270.78125,0.033227585,0.033227585,0.0,0.0,2018-04-07 20:00:00,0.0,0.0,0.0,0.0,0.0
271.2063,0.07545066,0.07545066,0.0,0.0,2018-04-07 21:00:00,0.0,0.0,0.0,0.0,0.0
271.78296,0.0,0.0,0.0,0.0,2018-04-07 22:00:00,0.0,0.0,0.0,0.0,0.0
271.63892,0.0,0.0,0.0,0.0,2018-04-07 23:00:00,0.0,0.0,0.0,0.0,0.0
271.26147,0.0,0.0,0.0,0.0,2018-04-08 00:00:00,0.0,0.0,0.0,0.0,0.0
270.35718,0.0,0.0,0.0,0.0,2018-04-08 01:00:00,0.0,0.0,0.0,0.0,0.0
269.76514,0.0,0.0,0.0,0.0,2018-04-08 02:00:00,0.0,0.0,0.0,0.0,0.0
268.2085,0.0,0.0,0.0,0.0,2018-04-08 03:00:00,0.0,0.0,0.0,0.0,0.0
265.88184,0.0,0.0,0.0,0.0,2018-04-08 04:00:00,0.0,0.0,0.0,0.0,0.0
265.15576,0.0,0.0,0.0,0.0,2018-04-08 05:00:00,0.0,0.0,0.0,0.0,0.0
265.95435,0.03391021,0.0,0.0,0.03391021,2018-04-08 06:00:00,0.0,0.0,0.0,0.0,0.0
264.9602,0.32689893,0.0,0.0,0.32689893,2018-04-08 07:00:00,0.0,0.0,0.0,0.0,0.0
264.55493,0.007900696,0.0,0.0,0.007900696,2018-04-08 08:00:00,0.0,0.0,0.0,0.0,0.0
263.4065,0.020962872,0.0,0.0,0.020962872,2018-04-08 09:00:00,0.0,0.0,0.0,0.0,0.0
263.30762,0.002103883,0.0,0.0,0.002103883,2018-04-08 10:00:00,0.0,0.0,0.0,0.0,0.0
262.23657,0.28877133,0.0,0.002103883,0.28877133,2018-04-08 11:00:00,0.0,0.0,0.0,0.0,0.0
260.18872,0.92668307,0.0,0.25005782,0.9221616,2018-04-08 12:00:00,0.0,0.0,0.0,0.0,0.0
263.1526,0.98316735,0.0,0.86611396,0.976428,2018-04-08 13:00:00,0.0,0.0,0.0,0.0,0.0
267.4309,0.9815783,0.0,0.96474564,0.976611,2018-04-08 14:00:00,5.0,0.0,3.3407698e-08,0.0,0.0
270.36694,1.0,0.0,0.9989426,1.0,2018-04-08 15:00:00,5.0,7.2551467e-07,9.067329e-07,0.0,7.2551467e-07
271.6079,1.0,0.0,1.0,1.0,2018-04-08 16:00:00,5.0,7.748634e-06,7.469678e-06,0.0,7.653138e-06
272.3047,1.0,0.08697516,1.0,1.0,2018-04-08 17:00:00,5.0,2.9559495e-05,2.9509509e-05,0.0,2.9559495e-05
272.46094,1.0,0.09220338,1.0,1.0,2018-04-08 18:00:00,5.0,5.687961e-05,5.6753197e-05,0.0,5.687961e-05
272.7954,1.0,0.11943525,1.0,1.0,2018-04-08 19:00:00,6.0,0.00011223322,0.00011229506,0.0,0.00011223322
272.7798,1.0,0.5906363,1.0,1.0,2018-04-08 20:00:00,6.0,0.00017116497,0.00017120517,0.0,0.00017116497
272.2964,1.0,0.9792321,1.0,1.0,2018-04-08 21:00:00,6.0,0.00025866902,0.00025876448,0.0,0.00025866902
271.5918,1.0,0.443753,1.0,0.9351606,2018-04-08 22:00:00,5.0,0.00034569693,0.00034553465,0.0,0.00034560147
271.65283,0.99736434,0.5986439,0.99736434,0.89027864,2018-04-08 23:00:00,5.0,0.00034131948,0.00034128362,0.0,0.00034131948
271.58496,1.0,0.7305625,1.0,0.8074078,2018-04-09 00:00:00,5.0,0.00032303482,0.00032308022,1.1459488e-06,0.00032188883
271.26,1.0,0.1257574,1.0,0.6357781,2018-04-09 01:00:00,5.0,0.00032120617,0.0003210632,2.6261323e-06,0.0003186278
271.2578,1.0,0.07320911,1.0,0.6935107,2018-04-09 02:00:00,5.0,0.0002743313,0.00027456228,3.8198294e-07,0.00027406332
270.87354,1.0,0.23648769,1.0,0.840108,2018-04-09 03:00:00,5.0,0.00019606858,0.00019614484,2.864872e-07,0.0001957821
270.55054,1.0,0.5205675,1.0,0.90793425,2018-04-09 04:00:00,5.0,0.00014237504,0.00014235613,0.0,0.00014237504
270.04956,1.0,0.46347237,1.0,0.89804786,2018-04-09 05:00:00,5.0,0.00010569507,0.00010570252,0.0,0.00010569507
269.51538,1.0,0.21171528,1.0,0.94455194,2018-04-09 06:00:00,5.0,6.763906e-05,6.7636574e-05,0.0,6.763906e-05
268.49292,1.0,0.12723756,1.0,0.9978792,2018-04-09 07:00:00,5.0,2.1592889e-05,2.1688233e-05,0.0,2.1592889e-05
267.3833,1.0,0.17839766,1.0,0.9989426,2018-04-09 08:00:00,5.0,1.3278387e-05,1.3321005e-05,0.0,1.3278387e-05
266.84058,0.9920547,0.20368415,0.9314359,0.98675585,2018-04-09 09:00:00,5.0,1.6212434e-05,1.5945334e-05,0.0,1.6212434e-05
266.09448,0.99841094,0.19145572,0.9437286,0.9952328,2018-04-09 10:00:00,5.0,5.7406205e-06,5.4975562e-06,0.0,5.6265408e-06
266.11768,1.0,0.12289345,0.890797,1.0,2018-04-09 11:00:00,5.0,1.9099144e-07,7.3929004e-07,0.0,5.7233285e-07
266.34375,0.987647,0.046238873,0.797579,0.98527604,2018-04-09 12:00:00,5.0,7.2551467e-07,7.7758546e-07,0.0,9.350902e-07
267.26782,0.92100275,0.01801126,0.8416689,0.74177694,2018-04-09 13:00:00,5.0,1.1260809e-06,1.3737917e-06,0.0,1.5074229e-06
269.35938,0.90947866,0.0,0.90098125,0.14498127,2018-04-09 14:00:00,5.0,7.6332435e-07,7.918443e-07,0.0,7.6332435e-07
272.4475,0.86989367,0.0,0.84488434,0.37758493,2018-04-09 15:00:00,5.0,9.549569e-08,6.2007814e-08,0.0,9.549569e-08
273.45703,0.82111835,0.46317285,0.6085066,0.09835321,2018-04-09 16:00:00,0.0,0.0,0.0,0.0,0.0
274.27124,0.84802884,0.7898131,0.31914192,0.0010573287,2018-04-09 17:00:00,0.0,1.9099144e-07,9.549569e-08,0.0,1.9099144e-07
275.00952,0.9899067,0.9899067,0.8491662,0.0,2018-04-09 18:00:00,6.0,9.549569e-08,2.0525255e-07,0.0,9.549569e-08
275.261,1.0,0.98780036,1.0,0.0,2018-04-09 19:00:00,6.0,1.4460239e-05,1.4560464e-05,0.0,1.47275005e-05
275.63892,0.995108,0.94048697,0.99348307,0.0,2018-04-09 20:00:00,6.0,2.1060332e-05,2.1136759e-05,0.0,2.1269909e-05
275.77905,0.9685086,0.58871764,0.96219695,0.0,2018-04-09 21:00:00,6.0,3.2200653e-05,3.199796e-05,0.0,3.1723815e-05
275.31787,0.9254698,0.9254698,0.3316939,0.0,2018-04-09 22:00:00,6.0,4.590726e-05,3.4040146e-05,1.175951e-05,3.399457e-05
275.23242,0.9558416,0.9558416,0.0,0.0,2018-04-09 23:00:00,7.0,1.1352472e-05,8.4888625e-06,3.0735082e-06,8.50809e-06
274.89062,0.8850077,0.8850077,0.0,0.0,2018-04-10 00:00:00,6.0,2.2117783e-06,1.5018122e-06,8.767626e-07,1.7163566e-06
274.2151,0.9130116,0.9130116,0.0,0.0,2018-04-10 01:00:00,5.0,5.9091695e-07,4.385417e-07,0.0,5.9091695e-07
273.615,0.943785,0.943785,0.0,0.0,2018-04-10 02:00:00,0.0,0.0,5.239389e-08,0.0,0.0
272.531,0.7544543,0.7544543,0.0,0.0,2018-04-10 03:00:00,0.0,0.0,0.0,0.0,0.0
272.3523,0.46313965,0.46313965,0.005370889,0.0,2018-04-10 04:00:00,0.0,0.0,0.0,0.0,0.0
271.05786,0.19146478,0.19146478,0.0048919544,0.00053172023,2018-04-10 05:00:00,0.0,0.0,0.0,0.0,0.0
269.67236,0.21849966,0.21639574,0.009478044,0.0,2018-04-10 06:00:00,5.0,0.0,0.0,0.0,0.0
268.6172,0.3900268,0.38555926,0.032359485,0.0,2018-04-10 07:00:00,5.0,3.813414e-07,3.4817543e-07,0.0,3.813414e-07
268.31934,0.5101909,0.50781995,0.1813612,0.0,2018-04-10 08:00:00,5.0,3.7781792e-06,3.9832703e-06,1.0690455e-06,2.7091328e-06
267.84082,0.5830936,0.5388793,0.34025496,0.0032499009,2018-04-10 09:00:00,5.0,1.7744911e-05,1.7792496e-05,7.2621833e-06,1.0396855e-05
270.11646,0.8332039,0.7070593,0.44431978,0.44561845,2018-04-10 10:00:00,5.0,2.8921742e-05,2.9303235e-05,1.2279549e-05,1.7166778e-05
270.39844,0.88334984,0.44102705,0.31564695,0.76750344,2018-04-10 11:00:00,5.0,3.2149255e-05,3.2201977e-05,1.4109912e-05,1.8058898e-05
270.41602,0.948562,0.5037154,0.24543607,0.9044068,2018-04-10 12:00:00,5.0,1.6070771e-05,1.587496e-05,4.869291e-06,1.1210772e-05
271.1272,0.9829962,0.6104693,0.16320074,0.95736194,2018-04-10 13:00:00,5.0,5.623324e-06,5.632857e-06,0.0,5.623324e-06
271.85107,0.90979177,0.5304423,0.40873563,0.79079986,2018-04-10 14:00:00,5.0,1.658671e-06,1.3868448e-06,0.0,1.658671e-06
273.1023,0.96724355,0.7014842,0.8779114,0.6292574,2018-04-10 15:00:00,5.0,2.2815959e-07,2.7158455e-07,0.0,3.813414e-07
273.6599,0.980297,0.910953,0.8786983,0.60696954,2018-04-10 16:00:00,6.0,0.0,9.533534e-08,0.0,0.0
274.22314,1.0,1.0,0.93742985,0.1306786,2018-04-10 17:00:00,6.0,1.7163566e-06,1.8688124e-06,0.0,1.7163566e-06
274.39136,0.98831743,0.98085976,0.9216734,0.051507644,2018-04-10 18:00:00,6.0,7.361482e-06,7.2630182e-06,0.0,7.1128043e-06
274.76733,0.9253262,0.9109542,0.7867943,0.009103052,2018-04-10 19:00:00,1.0,1.4871636e-05,1.5002783e-05,0.0,1.4871636e-05
275.91187,0.8937799,0.8642345,0.54656935,0.0,2018-04-10 20:00:00,0.0,1.6009844e-06,1.3866029e-06,0.0,1.6009844e-06
276.5703,0.8455327,0.81226546,0.35413045,0.0,2018-04-10 21:00:00,0.0,0.0,0.0,0.0,0.0
276.99707,0.41591954,0.39190584,0.11151934,0.0,2018-04-10 22:00:00,0.0,0.0,0.0,0.0,0.0
277.04688,0.18014556,0.17802477,0.008677114,0.0,2018-04-10 23:00:00,0.0,0.0,0.0,0.0,0.0
277.22485,0.091706395,0.091706395,0.00053172023,0.0,2018-04-11 00:00:00,0.0,0.0,0.0,0.0,0.0
276.38208,0.0100932345,0.0100932345,0.0,0.0,2018-04-11 01:00:00,0.0,0.0,0.0,0.0,0.0
275.88232,0.0,0.0,0.0,0.0,2018-04-11 02:00:00,0.0,0.0,0.0,0.0,0.0
274.61304,0.0,0.0,0.0,0.0,2018-04-11 03:00:00,0.0,0.0,0.0,0.0,0.0
274.67627,0.057569485,0.0,0.0,0.057569485,2018-04-11 04:00:00,0.0,0.0,0.0,0.0,0.0
273.5349,0.73933417,0.0,0.0,0.73933417,2018-04-11 05:00:00,0.0,0.0,0.0,0.0,0.0
272.63525,0.9317028,0.0,0.0,0.9317028,2018-04-11 06:00:00,0.0,0.0,0.0,0.0,0.0
272.21143,0.8800026,0.0,0.0,0.8800026,2018-04-11 07:00:00,0.0,0.0,0.0,0.0,0.0
272.00195,0.01024574,0.0,0.0016249504,0.008620787,2018-04-11 08:00:00,0.0,0.0,0.0,0.0,0.0
271.95264,0.13189298,0.0,0.030880153,0.10775226,2018-04-11 09:00:00,0.0,0.0,0.0,0.0,0.0
271.57837,0.1287542,0.0,0.011520103,0.11723411,2018-04-11 10:00:00,0.0,0.0,0.0,0.0,0.0
271.9109,0.9825204,0.0,0.26201636,0.9825204,2018-04-11 11:00:00,0.0,0.0,0.0,0.0,0.0
271.76294,0.4843114,0.0,0.4649999,0.04023335,2018-04-11 12:00:00,0.0,0.0,0.0,0.0,0.0
272.73267,0.98762196,0.0,0.34849644,0.98762196,2018-04-11 13:00:00,0.0,0.0,0.0,0.0,0.0
274.2981,0.99946827,0.0,0.27926785,0.99946827,2018-04-11 14:00:00,0.0,0.0,0.0,0.0,0.0
276.573,0.96223456,0.0,0.0023709626,0.96223456,2018-04-11 15:00:00,0.0,0.0,0.0,0.0,0.0
277.62793,0.8690156,0.0,0.021244396,0.8690156,2018-04-11 16:00:00,0.0,0.0,0.0,0.0,0.0
278.45923,0.9465227,0.0,0.65997803,0.8785689,2018-04-11 17:00:00,0.0,0.0,0.0,0.0,0.0
279.062,1.0,0.0,0.8879107,1.0,2018-04-11 18:00:00,0.0,0.0,0.0,0.0,0.0
279.47656,1.0,0.0,0.13295782,1.0,2018-04-11 19:00:00,0.0,0.0,0.0,0.0,0.0
280.1145,1.0,0.0,0.13074213,1.0,2018-04-11 20:00:00,0.0,0.0,0.0,0.0,0.0
280.76465,1.0,0.0,0.52307594,1.0,2018-04-11 21:00:00,0.0,0.0,0.0,0.0,0.0
280.75195,1.0,0.0,0.99164295,0.9949968,2018-04-11 22:00:00,0.0,0.0,0.0,0.0,0.0
280.61035,1.0,0.0,0.9989426,1.0,2018-04-11 23:00:00,0.0,0.0,0.0,0.0,0.0
280.29834,1.0,0.0,0.997629,1.0,2018-04-12 00:00:00,0.0,3.813414e-07,0.0,0.0,1.14079796e-07
280.12744,1.0,0.0,1.0,1.0,2018-04-12 01:00:00,0.0,0.0,0.0,0.0,0.0
279.75537,1.0,0.0,1.0,1.0,2018-04-12 02:00:00,0.0,2.1746833e-05,0.0,1.9951956e-05,2.0240032e-06
278.73242,1.0,0.055735543,1.0,0.9418345,2018-04-12 03:00:00,1.0,0.00012691694,0.0,0.00010097859,2.5995381e-05
278.50317,0.957838,0.03363236,0.7679599,0.872466,2018-04-12 04:00:00,1.0,0.00036672945,0.0,0.00017887767,0.00018769005
277.26782,0.78737515,0.22075665,0.7716348,0.13311517,2018-04-12 05:00:00,1.0,0.00046594185,0.0,3.62773e-05,0.00042975042
276.59302,0.7014137,0.116874635,0.6953078,0.0,2018-04-12 06:00:00,1.0,0.00014982911,0.0,9.3380254e-07,0.00014895234
275.9121,0.57851326,0.12899119,0.5632555,0.016316231,2018-04-12 07:00:00,0.0,0.0,0.0,0.0,0.0
275.57666,0.17258137,0.09639299,0.09608507,0.023003377,2018-04-12 08:00:00,0.0,0.0,0.0,0.0,0.0
274.8916,0.0441599,0.03841069,0.0,0.0057492107,2018-04-12 09:00:00,0.0,0.0,0.0,0.0,0.0
273.7146,0.023072831,0.023072831,0.0,0.0,2018-04-12 10:00:00,0.0,0.0,0.0,0.0,0.0
273.61035,0.08322382,0.006280929,0.0,0.07696003,2018-04-12 11:00:00,8.0,0.0,0.0,0.0,0.0
273.54614,0.009530831,0.009530831,0.0,0.0,2018-04-12 12:00:00,0.0,0.0,0.0,0.0,0.0
274.58813,0.08468372,0.03811471,0.0016249504,0.05308594,2018-04-12 13:00:00,1.0,0.0,0.0,0.0,0.0
275.95264,0.66977733,0.15787745,0.058337223,0.57464314,2018-04-12 14:00:00,1.0,0.0,0.0,0.0,0.0
278.66943,0.062391486,0.034038752,0.01173529,0.023349535,2018-04-12 15:00:00,1.0,0.0,0.0,0.0,0.0
278.88965,0.50189674,0.21533424,0.32746422,0.23390007,2018-04-12 16:00:00,0.0,0.0,0.0,0.0,0.0
279.5818,1.0,0.47676212,0.9446101,1.0,2018-04-12 17:00:00,0.0,0.0,0.0,0.0,0.0
279.9275,1.0,0.35872465,1.0,1.0,2018-04-12 18:00:00,0.0,0.0,0.0,0.0,0.0
279.9082,1.0,0.013033811,0.9952497,1.0,2018-04-12 19:00:00,0.0,0.0,0.0,0.0,0.0
280.19263,0.9952605,0.0,0.8557235,0.9931566,2018-04-12 20:00:00,0.0,0.0,0.0,0.0,0.0
280.6538,0.9949934,0.0,0.46361017,0.98999023,2018-04-12 21:00:00,0.0,0.0,0.0,0.0,0.0
280.8452,0.98554313,0.0,0.20709121,0.98554313,2018-04-12 22:00:00,0.0,0.0,0.0,0.0,0.0
280.7119,0.9905219,0.0,0.16981673,0.9905219,2018-04-12 23:00:00,0.0,0.0,0.0,0.0,0.0
280.31616,0.9794826,0.0,0.13706744,0.9794826,2018-04-13 00:00:00,0.0,0.0,0.0,0.0,0.0
279.61353,1.0,0.019326892,0.067255676,1.0,2018-04-13 01:00:00,0.0,0.0,0.0,0.0,0.0
279.2483,1.0,0.0039600097,0.18227237,1.0,2018-04-13 02:00:00,0.0,0.0,0.0,0.0,0.0
278.31543,1.0,0.0,0.53228945,1.0,2018-04-13 03:00:00,0.0,0.0,0.0,0.0,0.0
277.85376,1.0,0.0,0.48892838,1.0,2018-04-13 04:00:00,0.0,0.0,0.0,0.0,0.0
277.0547,0.99946827,0.0,0.554825,0.99946827,2018-04-13 05:00:00,0.0,0.0,0.0,0.0,0.0
276.65234,1.0,0.0,0.30065113,1.0,2018-04-13 06:00:00,0.0,0.0,0.0,0.0,0.0
276.39478,0.9916152,0.0,0.24226701,0.9916152,2018-04-13 07:00:00,0.0,0.0,0.0,0.0,0.0
276.29883,0.9949968,0.0,0.20930308,0.9949968,2018-04-13 08:00:00,0.0,0.0,0.0,0.0,0.0
275.73535,1.0,0.0,0.26985925,1.0,2018-04-13 09:00:00,0.0,0.0,0.0,0.0,0.0
275.86694,0.99337184,0.08135861,0.18541181,0.99337184,2018-04-13 10:00:00,0.0,0.0,0.0,0.0,0.0
276.11816,1.0,0.084040284,0.6951179,1.0,2018-04-13 11:00:00,0.0,0.0,0.0,0.0,0.0
276.10083,1.0,0.0032499009,0.92636776,1.0,2018-04-13 12:00:00,0.0,2.3873927e-06,0.0,7.1621804e-07,1.7189232e-06
276.25684,0.9978961,0.0,0.6555174,0.9978961,2018-04-13 13:00:00,0.0,6.207223e-06,0.0,0.0,6.207223e-06
276.60693,1.0,0.00053172023,0.58465934,0.99946827,2018-04-13 14:00:00,0.0,2.3720102e-05,0.0,1.5804544e-05,8.021e-06
277.18652,0.99286187,0.01000702,0.88128316,0.986798,2018-04-13 15:00:00,1.0,0.00031856424,0.0,0.00029684557,2.1833257e-05
277.3098,0.98916894,0.0,0.6213456,0.9567836,2018-04-13 16:00:00,1.0,0.0003312442,0.0,0.00026133843,7.0106646e-05
277.06152,0.95893073,0.0,0.4913506,0.9204971,2018-04-13 17:00:00,1.0,0.0006982477,0.0,0.0005423543,0.00015573089
277.3164,1.0,0.0015890491,0.79815334,0.9742943,2018-04-13 18:00:00,1.0,0.0007773461,0.0,0.0006641366,0.000112894355
277.11548,0.91194636,0.02184007,0.55579454,0.83295727,2018-04-13 19:00:00,1.0,0.00037803757,0.0,0.00037661544,1.717649e-06
277.1985,0.88676226,0.0,0.72540706,0.61326575,2018-04-13 20:00:00,1.0,0.00089565595,0.0,0.00089222123,3.5301437e-06
277.1084,0.9861194,0.0,0.9040064,0.79158825,2018-04-13 21:00:00,1.0,0.00085358904,0.0,0.0008064115,4.7138965e-05
275.3789,1.0,0.0411379,0.988393,0.92663634,2018-04-13 22:00:00,1.0,0.00070923613,0.0,0.0004674981,0.00024164248
274.90674,0.998375,0.16718274,0.95296717,0.9831261,2018-04-13 23:00:00,7.0,0.0012414488,0.0005594762,0.0009357657,0.0003058738
274.46167,1.0,0.2203666,0.9850148,0.98627204,2018-04-14 00:00:00,7.0,0.0007759896,0.0002925219,0.0006046442,0.00017132684
274.32275,1.0,0.23459661,0.945385,1.0,2018-04-14 01:00:00,6.0,0.0010965106,0.0006971299,0.00088260253,0.00021447988
274.17114,1.0,0.09828287,0.9052705,1.0,2018-04-14 02:00:00,6.0,0.0016257288,0.0013855381,0.001369793,0.0002556122
273.6997,1.0,0.043967765,0.87275463,1.0,2018-04-14 03:00:00,6.0,0.0014634258,0.0013212059,0.0011560514,0.0003078035
273.23486,0.9785506,0.015347995,0.8051279,0.8345482,2018-04-14 04:00:00,6.0,0.0012522102,0.0011862323,0.0007669837,0.0004852265
272.6997,0.9905219,0.004235424,0.859567,0.94952804,2018-04-14 05:00:00,5.0,0.0015364976,0.00152088,0.0008328082,0.0007029744
272.1941,1.0,0.0031780982,0.8857587,0.99221057,2018-04-14 06:00:00,5.0,0.0015516847,0.0015506579,0.00075932033,0.00079272664
272.06323,0.99337184,0.036657955,0.8864551,0.9385114,2018-04-14 07:00:00,5.0,0.0006217996,0.0006220597,0.0005281442,9.392279e-05
271.88037,1.0,0.08963531,0.91123116,0.98999023,2018-04-14 08:00:00,5.0,0.0007185531,0.00071812654,0.00056407275,0.00015422347
271.5852,1.0,0.3760838,0.9308433,0.99600405,2018-04-14 09:00:00,5.0,0.0011042836,0.0011043786,0.000858102,0.00024641072
271.5735,1.0,0.3834306,0.57875377,0.998375,2018-04-14 10:00:00,5.0,0.0009399615,0.0009395941,0.00066619436,0.00027315645
271.51562,1.0,0.5844954,0.758053,1.0,2018-04-14 11:00:00,5.0,0.00053676986,0.0005370085,0.0003053518,0.00023147557
271.37573,0.9955251,0.619731,0.85661525,0.96753496,2018-04-14 12:00:00,5.0,0.00042815716,0.00042834808,0.00025317864,0.00017486463
271.20166,0.96350026,0.48032993,0.8897868,0.73784465,2018-04-14 13:00:00,5.0,0.00074177724,0.00074147456,0.00052872906,0.00021268548
270.8452,0.9934043,0.66310966,0.9400911,0.9403369,2018-04-14 14:00:00,5.0,0.0011026165,0.0011025828,0.00080923527,0.00029346626
270.3296,0.9838904,0.59957856,0.9432575,0.77534,2018-04-14 15:00:00,5.0,0.0012158458,0.0012155573,0.00089625805,0.0003193207
270.094,0.98384285,0.49195504,0.94924176,0.87808675,2018-04-14 16:00:00,5.0,0.0012884142,0.0012887092,0.0009543032,0.00033443468
269.98926,0.997629,0.36021084,0.97335166,0.9367971,2018-04-14 17:00:00,5.0,0.0011946061,0.0011942408,0.0008580766,0.0003365099
269.57886,0.956488,0.25249994,0.8521403,0.8618769,2018-04-14 18:00:00,5.0,0.0006857845,0.00068588695,0.0004452453,0.00024052986
270.0459,0.99675006,0.52281904,0.9353009,0.9249409,2018-04-14 19:00:00,5.0,0.0002733476,0.00027326914,0.0,0.0002733476
270.20044,1.0,0.57267684,0.97248346,1.0,2018-04-14 20:00:00,5.0,0.0003238034,0.00032369862,1.4164864e-05,0.00030963845
270.08228,1.0,0.46805966,1.0,1.0,2018-04-14 21:00:00,5.0,0.0010990284,0.0010989548,3.800838e-05,0.0010610968
268.96997,0.99550825,0.8754484,0.99261165,0.8975874,2018-04-14 22:00:00,5.0,0.0025694214,0.0025691018,0.0,0.0025691541
268.93433,0.9523696,0.34358257,0.89179224,0.73724264,2018-04-14 23:00:00,5.0,0.0025916658,0.0025916945,0.0,0.0025916658
268.80933,0.9811747,0.7098872,0.9685498,0.25915962,2018-04-15 00:00:00,5.0,0.001319692,0.0013197493,0.0,0.0013198638
268.781,0.995108,0.98113346,0.995108,0.36676288,2018-04-15 01:00:00,5.0,0.0006240315,0.00062390254,0.0,0.00062376424
268.68848,0.9949968,0.94670075,0.98314923,0.52910316,2018-04-15 02:00:00,5.0,0.00057212566,0.0005723138,4.222733e-05,0.00052989833
268.2339,1.0,0.99675006,1.0,0.5033686,2018-04-15 03:00:00,5.0,0.0005916199,0.00059179636,0.0,0.0005916199
267.865,1.0,1.0,1.0,0.17793572,2018-04-15 04:00:00,5.0,0.0006013026,0.00060129096,0.0,0.0006013026
267.56543,1.0,1.0,0.98940843,0.07907307,2018-04-15 05:00:00,5.0,0.00050111837,0.0005012399,0.0,0.00050111837
267.7915,1.0,1.0,0.9791751,0.0,2018-04-15 06:00:00,5.0,0.00034037093,0.00034023984,0.0,0.00034037093
267.8567,1.0,1.0,0.96179664,0.0,2018-04-15 07:00:00,5.0,0.00026647258,0.00026635546,0.0,0.00026647258
267.68164,1.0,1.0,0.9821121,0.0,2018-04-15 08:00:00,5.0,0.00019963273,0.000199516,0.0,0.00019963273
267.56323,1.0,1.0,0.9823207,0.0,2018-04-15 09:00:00,5.0,0.00020799856,0.00020785083,0.0,0.00020799856
268.27783,0.99946827,0.9342299,0.9829769,0.3911842,2018-04-15 10:00:00,5.0,0.0002806224,0.0002804699,0.0,0.0002806224
268.33228,0.9665449,0.27039397,0.94178563,0.63106614,2018-04-15 11:00:00,5.0,0.0003660717,0.00036637695,0.0,0.0003660717
268.4922,0.998375,0.94928765,0.97482747,0.315884,2018-04-15 12:00:00,5.0,0.0003491633,0.00034919195,0.0,0.0003491633
268.61035,0.99289286,0.989643,0.989643,0.04397629,2018-04-15 13:00:00,5.0,0.000336122,0.00033588847,0.0,0.000336122
268.82715,1.0,0.99675006,1.0,0.0,2018-04-15 14:00:00,5.0,0.00037921802,0.00037931348,2.2717231e-06,0.00037707994
269.4651,1.0,0.98999023,1.0,0.024469934,2018-04-15 15:00:00,5.0,0.0003626945,0.00036321906,2.864872e-07,0.00036250358
269.82788,1.0,1.0,0.99736434,0.018366806,2018-04-15 16:00:00,5.0,0.0002660607,0.00026579387,0.0,0.0002660607
270.47388,0.9978961,0.9672783,0.95490474,0.7622896,2018-04-15 17:00:00,5.0,0.00016055178,0.00016040853,0.0,0.00016055178
270.8728,1.0,0.9747534,0.9957922,0.8028024,2018-04-15 18:00:00,5.0,0.000116102165,0.00011619751,0.0,0.000116102165
270.87842,1.0,0.99368834,1.0,0.6508144,2018-04-15 19:00:00,5.0,0.00028166687,0.0002816096,0.0,0.00028166687
270.87476,1.0,0.96519035,1.0,0.6998122,2018-04-15 20:00:00,5.0,0.00054153823,0.0005414861,9.800417e-06,0.0005317575
270.79443,1.0,1.0,1.0,0.8544185,2018-04-15 21:00:00,5.0,0.00080975215,0.0008101072,4.9983748e-05,0.0007602067
269.86182,1.0,0.99420315,1.0,0.826287,2018-04-15 22:00:00,5.0,0.00083157164,0.0008316643,3.75745e-05,0.0007937867
269.70605,1.0,0.9978792,1.0,0.9730114,2018-04-15 23:00:00,5.0,0.0006655478,0.00066580577,4.047503e-05,0.00062538777
269.6228,1.0,0.98378646,1.0,0.9870313,2018-04-16 00:00:00,5.0,0.0005534594,0.0005523043,6.57677e-05,0.00048761512
269.55762,1.0,0.997629,1.0,0.3276279,2018-04-16 01:00:00,5.0,0.00046943314,0.00046288013,7.779215e-05,0.00039187027
269.3977,1.0,1.0,1.0,0.28238177,2018-04-16 02:00:00,5.0,0.00028107734,0.00027710432,3.2754077e-05,0.00024813274
269.14062,1.0,1.0,0.995108,0.22752005,2018-04-16 03:00:00,5.0,0.000200126,0.00019998067,3.7204933e-07,0.00019964916
268.93115,1.0,1.0,0.47303677,0.089268684,2018-04-16 04:00:00,5.0,0.00025230856,0.00025226572,1.0478777e-07,0.0002522131
268.67944,0.9949934,0.99336845,0.31484878,0.2744665,2018-04-16 05:00:00,5.0,0.0003593776,0.00035911566,0.0,0.00035899645
268.70288,1.0,0.9978961,0.7233596,0.6211425,2018-04-16 06:00:00,5.0,0.00036807545,0.00036797277,0.0,0.00036807545
268.5786,1.0,1.0,0.86259985,0.7418447,2018-04-16 07:00:00,5.0,3.6082565e-05,3.6044337e-05,0.0,3.6082565e-05
268.42358,0.9787559,0.71098113,0.9219878,0.03616086,2018-04-16 08:00:00,5.0,2.0251435e-05,2.0268024e-05,0.0,2.0251435e-05
268.3877,0.92418873,0.6326202,0.81835407,0.0,2018-04-16 09:00:00,5.0,2.141211e-05,2.143599e-05,0.0,2.141211e-05
268.6521,0.9555499,0.7872287,0.7787146,0.0,2018-04-16 10:00:00,5.0,3.7178455e-05,3.7161473e-05,0.0,3.7292528e-05
268.51758,0.66468257,0.3964225,0.6306151,0.04238904,2018-04-16 11:00:00,5.0,4.3697743e-05,4.3590233e-05,0.0,4.3697743e-05
268.51807,0.3714928,0.0010573287,0.3091309,0.10360634,2018-04-16 12:00:00,5.0,2.9724019e-05,2.9898118e-05,0.0,2.9724019e-05
268.68457,0.23066944,0.0,0.23066944,0.0,2018-04-16 13:00:00,5.0,8.427944e-06,8.106207e-06,0.0,8.427944e-06
269.53223,0.64994806,0.64994806,0.0,0.0,2018-04-16 14:00:00,5.0,1.9073486e-06,1.5284113e-06,0.0,1.9073486e-06
271.10742,0.6283639,0.6283639,0.0,0.0,2018-04-16 15:00:00,5.0,3.8198294e-07,7.9392674e-07,0.0,9.536743e-07
271.50195,0.8189949,0.8189949,0.0,0.0,2018-04-16 16:00:00,5.0,0.0,0.0,0.0,0.0
272.10815,1.0,1.0,0.0,0.0,2018-04-16 17:00:00,5.0,0.0,0.0,0.0,0.0
272.09033,1.0,1.0,0.0,0.0063116476,2018-04-16 18:00:00,5.0,5.9091695e-07,5.696078e-07,0.0,5.9091695e-07
272.55542,1.0,1.0,0.0,0.0,2018-04-16 19:00:00,5.0,1.067754e-06,1.2845403e-06,0.0,1.2773289e-06
273.01147,1.0,1.0,0.0067320913,0.0,2018-04-16 20:00:00,5.0,1.1818338e-06,1.1079692e-06,0.0,1.1818338e-06
273.6892,1.0,1.0,0.024012662,0.0,2018-04-16 21:00:00,6.0,1.4099933e-06,1.4747275e-06,0.0,1.4099933e-06
273.9834,1.0,1.0,0.0100932345,0.0,2018-04-16 22:00:00,6.0,1.4869047e-06,1.3535155e-06,0.0,1.4869047e-06
274.3318,0.99525803,0.99525803,0.0033782488,0.0,2018-04-16 23:00:00,6.0,7.8190845e-07,5.7209e-07,0.0,4.0056705e-07
274.63208,0.93613225,0.93613225,0.0067320913,0.0,2018-04-17 00:00:00,6.0,9.549569e-08,1.4788958e-07,0.0,1.9099144e-07
274.47998,0.9639877,0.9639877,0.0,0.0,2018-04-17 01:00:00,6.0,0.0,2.6196943e-08,0.0,0.0
274.41943,0.9142253,0.9142253,0.0,0.0,2018-04-17 02:00:00,5.0,0.0,1.42599745e-08,0.0,0.0
273.91895,0.8299495,0.8299495,0.0,0.0,2018-04-17 03:00:00,0.0,0.0,0.0,0.0,0.0
273.99512,0.4143259,0.4143259,0.0,0.0,2018-04-17 04:00:00,0.0,0.0,0.0,0.0,0.0
273.33154,0.020287633,0.020287633,0.0,0.0,2018-04-17 05:00:00,0.0,0.0,0.0,0.0,0.0
272.739,0.0,0.0,0.0,0.0,2018-04-17 06:00:00,0.0,0.0,0.0,0.0,0.0
271.57495,0.0,0.0,0.0,0.0,2018-04-17 07:00:00,0.0,0.0,0.0,0.0,0.0
271.01782,0.0,0.0,0.0,0.0,2018-04-17 08:00:00,0.0,0.0,0.0,0.0,0.0
269.58984,0.0,0.0,0.0,0.0,2018-04-17 09:00:00,0.0,0.0,0.0,0.0,0.0
269.2395,0.0,0.0,0.0,0.0,2018-04-17 10:00:00,0.0,0.0,0.0,0.0,0.0
268.92993,0.0,0.0,0.0,0.0,2018-04-17 11:00:00,0.0,0.0,0.0,0.0,0.0
268.55054,0.0,0.0,0.0,0.0,2018-04-17 12:00:00,0.0,0.0,0.0,0.0,0.0
269.38867,0.0,0.0,0.0,0.0,2018-04-17 13:00:00,0.0,0.0,0.0,0.0,0.0
271.0747,0.0,0.0,0.0,0.0,2018-04-17 14:00:00,0.0,0.0,0.0,0.0,0.0
274.07568,0.0,0.0,0.0,0.0,2018-04-17 15:00:00,0.0,0.0,0.0,0.0,0.0
274.9248,0.0,0.0,0.0,0.0,2018-04-17 16:00:00,0.0,0.0,0.0,0.0,0.0
275.84375,0.0015890491,0.0015890491,0.0,0.0,2018-04-17 17:00:00,0.0,0.0,0.0,0.0,0.0
276.33105,0.037541497,0.037541497,0.0,0.0,2018-04-17 18:00:00,0.0,0.0,0.0,0.0,0.0
277.16162,0.0,0.0,0.0,0.0,2018-04-17 19:00:00,0.0,0.0,0.0,0.0,0.0
277.77222,0.0,0.0,0.0,0.0,2018-04-17 20:00:00,0.0,0.0,0.0,0.0,0.0
278.47388,0.0,0.0,0.0,0.0,2018-04-17 21:00:00,0.0,0.0,0.0,0.0,0.0
278.51538,0.0,0.0,0.0,0.0,2018-04-17 22:00:00,0.0,0.0,0.0,0.0,0.0
278.35254,0.00053172023,0.0,0.00053172023,0.0,2018-04-17 23:00:00,0.0,0.0,0.0,0.0,0.0
278.11792,0.0,0.0,0.0,0.0,2018-04-18 00:00:00,0.0,0.0,0.0,0.0,0.0
277.11304,0.024640754,0.0,0.0016249504,0.024640754,2018-04-18 01:00:00,0.0,0.0,0.0,0.0,0.0
276.43457,0.35293788,0.01483316,0.33567864,0.16148281,2018-04-18 02:00:00,0.0,0.0,0.0,0.0,0.0
275.45068,0.83484334,0.009008683,0.7311646,0.6934947,2018-04-18 03:00:00,8.0,0.0,0.0,0.0,0.0
275.0044,0.8220776,0.0,0.42702103,0.7748227,2018-04-18 04:00:00,0.0,6.1828923e-06,0.0,6.239932e-06,0.0
274.43774,0.54244614,0.0,0.13191617,0.5305962,2018-04-18 05:00:00,8.0,3.705219e-05,0.0,3.7490565e-05,0.0
273.75537,0.66153085,0.0,0.051980253,0.65580606,2018-04-18 06:00:00,0.0,1.8708306e-06,0.0,1.8708306e-06,0.0
273.00122,0.8509328,0.0,0.043346576,0.84666127,2018-04-18 07:00:00,0.0,0.0,0.0,0.0,0.0
272.17505,0.8389344,0.0,0.15809172,0.8167275,2018-04-18 08:00:00,0.0,0.0,0.0,0.0,0.0
270.85767,0.7859877,0.0,0.08868092,0.7859877,2018-04-18 09:00:00,0.0,0.0,0.0,0.0,0.0
272.0,0.89501137,0.14724433,0.011408862,0.886647,2018-04-18 10:00:00,0.0,0.0,0.0,0.0,0.0
271.94385,1.0,0.38571006,0.27293497,1.0,2018-04-18 11:00:00,0.0,0.0,0.0,0.0,0.0
271.96216,1.0,0.57059747,0.13329613,1.0,2018-04-18 12:00:00,0.0,0.0,0.0,0.0,0.0
272.2273,1.0,0.8588673,0.45269746,0.9989426,2018-04-18 13:00:00,5.0,8.767626e-07,8.674706e-07,0.0,8.767626e-07
272.7832,1.0,0.96385926,0.84273064,0.9899067,2018-04-18 14:00:00,5.0,9.496999e-06,9.275647e-06,0.0,9.382919e-06
273.6294,1.0,0.9407282,0.85906994,1.0,2018-04-18 15:00:00,5.0,1.7130893e-05,1.694959e-05,0.0,1.7130893e-05
274.28345,1.0,0.9518379,0.9343777,1.0,2018-04-18 16:00:00,6.0,1.7209095e-05,1.7033017e-05,0.0,1.7209095e-05
274.7412,1.0,0.9970973,0.98128825,1.0,2018-04-18 17:00:00,6.0,1.3221352e-05,1.3294974e-05,0.0,1.3221352e-05
275.08594,0.99946827,0.9656999,0.9828521,0.99946827,2018-04-18 18:00:00,6.0,2.1939646e-05,2.2092514e-05,0.0,2.1939646e-05
275.12378,1.0,0.98050016,0.95439947,0.997629,2018-04-18 19:00:00,6.0,0.00018763806,0.00015186505,4.1091596e-05,0.00014686082
275.34473,1.0,0.95101136,0.95900005,0.997629,2018-04-18 20:00:00,6.0,0.00022489844,0.00016404399,6.155913e-05,0.00016339634
275.92163,1.0,0.97887456,0.940343,0.99946827,2018-04-18 21:00:00,7.0,0.00025869184,0.00014963408,0.00010033045,0.00015808502
276.40405,1.0,0.90426785,0.7376855,1.0,2018-04-18 22:00:00,1.0,0.0001435516,9.66512e-05,1.6740465e-05,0.00012696367
276.78955,1.0,0.7298346,0.45936948,0.99675006,2018-04-18 23:00:00,0.0,6.935223e-05,3.0884912e-05,1.8931489e-05,5.043004e-05
276.9956,0.995161,0.058358386,0.17720765,0.99410367,2018-04-19 00:00:00,0.0,1.2718876e-05,1.0767144e-05,0.0,1.2718876e-05
276.68994,0.98156357,0.014818616,0.027467448,0.9810319,2018-04-19 01:00:00,0.0,2.4828887e-06,2.1009055e-06,0.0,2.4828887e-06
275.79248,0.99625427,0.0050234497,0.00053172023,0.9957286,2018-04-19 02:00:00,0.0,2.864872e-07,2.7455025e-07,0.0,2.864872e-07
274.9397,0.9946293,0.0015890491,0.0,0.9946293,2018-04-19 03:00:00,0.0,0.0,0.0,0.0,0.0
274.2561,0.97313666,0.0,0.0,0.97313666,2018-04-19 04:00:00,0.0,0.0,0.0,0.0,0.0
273.06323,0.2839504,0.0,0.0,0.2839504,2018-04-19 05:00:00,0.0,0.0,0.0,0.0,0.0
271.3672,0.7717908,0.0,0.0,0.7717908,2018-04-19 06:00:00,0.0,0.0,0.0,0.0,0.0
269.1411,0.9625442,0.0,0.0,0.9625442,2018-04-19 07:00:00,0.0,0.0,0.0,0.0,0.0
268.1682,0.986448,0.0,0.0,0.986448,2018-04-19 08:00:00,0.0,0.0,0.0,0.0,0.0
267.09058,0.96337306,0.0,0.0,0.96337306,2018-04-19 09:00:00,0.0,0.0,0.0,0.0,0.0
267.8601,0.9551013,0.0,0.0,0.9551013,2018-04-19 10:00:00,0.0,0.0,0.0,0.0,0.0
268.13184,0.9369403,0.0,0.0,0.9369403,2018-04-19 11:00:00,0.0,0.0,0.0,0.0,0.0
268.65088,0.9449203,0.0,0.0,0.9449203,2018-04-19 12:00:00,0.0,0.0,0.0,0.0,0.0
270.1128,0.8946929,0.0,0.0,0.8946929,2018-04-19 13:00:00,0.0,0.0,0.0,0.0,0.0
273.10864,0.95594215,0.0,0.0,0.95594215,2018-04-19 14:00:00,0.0,0.0,0.0,0.0,0.0
277.97778,0.9233968,0.0,0.0,0.9233968,2018-04-19 15:00:00,0.0,0.0,0.0,0.0,0.0
279.09473,0.78317636,0.0,0.0,0.78317636,2018-04-19 16:00:00,0.0,0.0,0.0,0.0,0.0
279.93433,0.5260744,0.0,0.0,0.5260744,2018-04-19 17:00:00,0.0,0.0,0.0,0.0,0.0
280.78882,0.12971908,0.0,0.0,0.12971908,2018-04-19 18:00:00,0.0,0.0,0.0,0.0,0.0
281.26562,0.103411615,0.0,0.007107079,0.10003334,2018-04-19 19:00:00,0.0,0.0,0.0,0.0,0.0
281.48706,0.0,0.0,0.0,0.0,2018-04-19 20:00:00,0.0,0.0,0.0,0.0,0.0
281.458,0.0,0.0,0.0,0.0,2018-04-19 21:00:00,0.0,0.0,0.0,0.0,0.0
281.88525,0.0,0.0,0.0,0.0,2018-04-19 22:00:00,0.0,0.0,0.0,0.0,0.0
281.88452,0.0,0.0,0.0,0.0,2018-04-19 23:00:00,0.0,0.0,0.0,0.0,0.0
280.5437,0.0,0.0,0.0,0.0,2018-04-20 00:00:00,0.0,0.0,0.0,0.0,0.0
279.83716,0.0,0.0,0.0,0.0,2018-04-20 01:00:00,0.0,0.0,0.0,0.0,0.0
277.16797,0.0,0.0,0.0,0.0,2018-04-20 02:00:00,0.0,0.0,0.0,0.0,0.0
273.68408,0.04948402,0.0,0.0,0.04948402,2018-04-20 03:00:00,0.0,0.0,0.0,0.0,0.0
270.7644,0.0,0.0,0.0,0.0,2018-04-20 04:00:00,0.0,0.0,0.0,0.0,0.0
270.86743,0.0,0.0,0.0,0.0,2018-04-20 05:00:00,0.0,0.0,0.0,0.0,0.0
269.61743,0.0,0.0,0.0,0.0,2018-04-20 06:00:00,0.0,0.0,0.0,0.0,0.0
268.3589,0.0,0.0,0.0,0.0,2018-04-20 07:00:00,0.0,0.0,0.0,0.0,0.0
267.99,0.22357607,0.0,0.0,0.22357607,2018-04-20 08:00:00,0.0,0.0,0.0,0.0,0.0
270.20996,0.94916433,0.0,0.0,0.94916433,2018-04-20 09:00:00,0.0,0.0,0.0,0.0,0.0
270.04956,0.99946827,0.0,0.0,0.99946827,2018-04-20 10:00:00,0.0,0.0,0.0,0.0,0.0
269.6682,0.7043686,0.0,0.0,0.7043686,2018-04-20 11:00:00,0.0,0.0,0.0,0.0,0.0
269.41406,0.72409576,0.0,0.0,0.72409576,2018-04-20 12:00:00,0.0,0.0,0.0,0.0,0.0
269.9392,0.97275305,0.0,0.0,0.97275305,2018-04-20 13:00:00,0.0,0.0,0.0,0.0,0.0
273.0349,1.0,0.0,0.005003199,1.0,2018-04-20 14:00:00,0.0,0.0,0.0,0.0,0.0
277.67944,1.0,0.0,0.051062673,1.0,2018-04-20 15:00:00,0.0,0.0,0.0,0.0,0.0
279.28833,0.9747534,0.0,0.06160833,0.9747534,2018-04-20 16:00:00,0.0,0.0,0.0,0.0,0.0
280.65308,0.34677428,0.0,0.04040465,0.32320225,2018-04-20 17:00:00,0.0,0.0,0.0,0.0,0.0
281.33472,0.9943791,0.0,0.026821923,0.9943791,2018-04-20 18:00:00,0.0,0.0,0.0,0.0,0.0
280.45386,0.97395784,0.0,0.0,0.97395784,2018-04-20 19:00:00,0.0,0.0,0.0,0.0,0.0
280.958,0.5283551,0.0,0.0,0.5283551,2018-04-20 20:00:00,0.0,0.0,0.0,0.0,0.0
281.29028,0.73574746,0.0,0.0,0.73574746,2018-04-20 21:00:00,0.0,0.0,0.0,0.0,0.0
282.3401,1.0,0.0,0.0,1.0,2018-04-20 22:00:00,0.0,0.0,0.0,0.0,0.0
282.0459,1.0,0.0,0.0,1.0,2018-04-20 23:00:00,0.0,0.0,0.0,0.0,0.0
281.44995,1.0,0.0,0.0016249504,1.0,2018-04-21 00:00:00,0.0,0.0,0.0,0.0,0.0
280.4414,1.0,0.0,0.018934947,1.0,2018-04-21 01:00:00,0.0,0.0,0.0,0.0,0.0
278.9624,1.0,0.0,0.12610608,1.0,2018-04-21 02:00:00,0.0,0.0,0.0,0.0,0.0
278.01245,1.0,0.0,0.12695473,1.0,2018-04-21 03:00:00,0.0,0.0,0.0,0.0,0.0
277.30664,1.0,0.0,0.0,1.0,2018-04-21 04:00:00,0.0,0.0,0.0,0.0,0.0
276.17773,0.9966217,0.0,0.0,0.9966217,2018-04-21 05:00:00,0.0,0.0,0.0,0.0,0.0
275.49585,1.0,0.0,0.1513449,1.0,2018-04-21 06:00:00,0.0,0.0,0.0,0.0,0.0
275.87598,1.0,0.0,0.87129956,1.0,2018-04-21 07:00:00,0.0,0.0,0.0,0.0,0.0
274.87085,1.0,0.0,0.96636105,1.0,2018-04-21 08:00:00,0.0,0.0,0.0,0.0,0.0
274.0359,1.0,0.0,0.98534787,0.9978961,2018-04-21 09:00:00,0.0,0.0,0.0,0.0,0.0
273.96924,1.0,0.0,0.9825184,0.9932679,2018-04-21 10:00:00,0.0,0.0,0.0,0.0,0.0
274.0298,1.0,0.0,0.687543,0.997629,2018-04-21 11:00:00,0.0,0.0,0.0,0.0,0.0
273.65234,1.0,0.0,0.5024578,1.0,2018-04-21 12:00:00,0.0,0.0,0.0,0.0,0.0
275.38672,1.0,0.0,0.0,1.0,2018-04-21 13:00:00,0.0,0.0,0.0,0.0,0.0
277.56274,1.0,0.0,0.01714513,1.0,2018-04-21 14:00:00,0.0,0.0,0.0,0.0,0.0
281.5349,1.0,0.0,0.034511603,1.0,2018-04-21 15:00:00,0.0,0.0,0.0,0.0,0.0
282.82422,0.84414357,0.0,0.0,0.84414357,2018-04-21 16:00:00,0.0,0.0,0.0,0.0,0.0
283.3064,0.34525925,0.0,0.0,0.34525925,2018-04-21 17:00:00,0.0,0.0,0.0,0.0,0.0
283.71704,0.18421131,0.0,0.0,0.18421131,2018-04-21 18:00:00,0.0,0.0,0.0,0.0,0.0
284.40625,0.4651897,0.0,0.0,0.4651897,2018-04-21 19:00:00,0.0,0.0,0.0,0.0,0.0
284.92554,0.4540497,0.0,0.0,0.4540497,2018-04-21 20:00:00,0.0,0.0,0.0,0.0,0.0
286.05078,0.28912097,0.0,0.0026463778,0.28700018,2018-04-21 21:00:00,0.0,0.0,0.0,0.0,0.0
286.85962,0.084613025,0.0,0.0,0.084613025,2018-04-21 22:00:00,0.0,0.0,0.0,0.0,0.0
286.80762,0.086594224,0.0,0.0,0.086594224,2018-04-21 23:00:00,0.0,0.0,0.0,0.0,0.0
286.3308,0.15737128,0.0,0.0,0.15737128,2018-04-22 00:00:00,0.0,0.0,0.0,0.0,0.0
286.81445,0.033876527,0.0,0.0,0.033876527,2018-04-22 01:00:00,0.0,0.0,0.0,0.0,0.0
285.02856,0.009008683,0.0,0.0,0.009008683,2018-04-22 02:00:00,0.0,0.0,0.0,0.0,0.0
280.5608,0.0026463778,0.0,0.0,0.0026463778,2018-04-22 03:00:00,0.0,0.0,0.0,0.0,0.0
280.40942,0.00053172023,0.0,0.00053172023,0.00053172023,2018-04-22 04:00:00,0.0,0.0,0.0,0.0,0.0
279.083,0.0031780982,0.0,0.0031780982,0.0,2018-04-22 05:00:00,0.0,0.0,0.0,0.0,0.0
279.2661,0.0026463778,0.0,0.0026463778,0.0,2018-04-22 06:00:00,0.0,0.0,0.0,0.0,0.0
277.5642,0.0,0.0,0.0,0.0,2018-04-22 07:00:00,0.0,0.0,0.0,0.0,0.0
275.18042,0.0,0.0,0.0,0.0,2018-04-22 08:00:00,0.0,0.0,0.0,0.0,0.0
274.48877,0.0,0.0,0.0,0.0,2018-04-22 09:00:00,0.0,0.0,0.0,0.0,0.0
273.43433,0.0015890491,0.0,0.0015890491,0.0,2018-04-22 10:00:00,0.0,0.0,0.0,0.0,0.0
273.32324,0.046919614,0.0,0.0036929322,0.04322668,2018-04-22 11:00:00,0.0,0.0,0.0,0.0,0.0
273.6714,0.10209465,0.0,0.016831063,0.08526355,2018-04-22 12:00:00,0.0,0.0,0.0,0.0,0.0
276.31934,0.08853054,0.0,0.0,0.08853054,2018-04-22 13:00:00,0.0,0.0,0.0,0.0,0.0
279.67163,0.110238016,0.0,0.0,0.110238016,2018-04-22 14:00:00,0.0,0.0,0.0,0.0,0.0
284.77124,0.0010573287,0.0,0.0010573287,0.0,2018-04-22 15:00:00,0.0,0.0,0.0,0.0,0.0
286.65674,0.0,0.0,0.0,0.0,2018-04-22 16:00:00,0.0,0.0,0.0,0.0,0.0
287.77368,0.01803701,0.0,0.0033782488,0.01465876,2018-04-22 17:00:00,0.0,0.0,0.0,0.0,0.0
288.5598,0.067026556,0.0,0.0,0.067026556,2018-04-22 18:00:00,0.0,0.0,0.0,0.0,0.0
288.94897,0.06374216,0.0,0.0,0.06374216,2018-04-22 19:00:00,0.0,0.0,0.0,0.0,0.0
289.469,0.029317524,0.0,0.0,0.029317524,2018-04-22 20:00:00,0.0,0.0,0.0,0.0,0.0
289.54102,0.019550718,0.0,0.0,0.019550718,2018-04-22 21:00:00,0.0,0.0,0.0,0.0,0.0
289.96094,0.0,0.0,0.0,0.0,2018-04-22 22:00:00,0.0,0.0,0.0,0.0,0.0
289.7693,0.0,0.0,0.0,0.0,2018-04-22 23:00:00,0.0,0.0,0.0,0.0,0.0
289.15698,0.0,0.0,0.0,0.0,2018-04-23 00:00:00,0.0,0.0,0.0,0.0,0.0
287.39038,0.0,0.0,0.0,0.0,2018-04-23 01:00:00,0.0,0.0,0.0,0.0,0.0
284.74683,0.0,0.0,0.0,0.0,2018-04-23 02:00:00,0.0,0.0,0.0,0.0,0.0
282.43945,0.0,0.0,0.0,0.0,2018-04-23 03:00:00,0.0,0.0,0.0,0.0,0.0
281.61646,0.0,0.0,0.0,0.0,2018-04-23 04:00:00,0.0,0.0,0.0,0.0,0.0
280.37598,0.0057992525,0.0,0.0,0.0057992525,2018-04-23 05:00:00,0.0,0.0,0.0,0.0,0.0
279.60522,0.12156737,0.0,0.0,0.12156737,2018-04-23 06:00:00,0.0,0.0,0.0,0.0,0.0
279.07422,0.27122915,0.0,0.0,0.27122915,2018-04-23 07:00:00,0.0,0.0,0.0,0.0,0.0
277.77856,0.40459752,0.0,0.0010573287,0.4040658,2018-04-23 08:00:00,0.0,0.0,0.0,0.0,0.0
276.2251,0.46178943,0.0,0.0010573287,0.4612577,2018-04-23 09:00:00,0.0,0.0,0.0,0.0,0.0
276.23218,0.55064344,0.0,0.03423762,0.5441437,2018-04-23 10:00:00,0.0,0.0,0.0,0.0,0.0
276.10767,0.51366943,0.0,0.071590245,0.46496862,2018-04-23 11:00:00,0.0,0.0,0.0,0.0,0.0
276.21558,0.39582485,0.0,0.0,0.39582485,2018-04-23 12:00:00,0.0,0.0,0.0,0.0,0.0
278.78198,0.384714,0.0,0.0,0.384714,2018-04-23 13:00:00,0.0,0.0,0.0,0.0,0.0
281.65332,0.22679198,0.0,0.0016249504,0.22514987,2018-04-23 14:00:00,0.0,0.0,0.0,0.0,0.0
286.94165,0.040870596,0.0,0.040870596,0.0,2018-04-23 15:00:00,0.0,0.0,0.0,0.0,0.0
288.87158,0.033812933,0.0,0.033812933,0.0,2018-04-23 16:00:00,0.0,0.0,0.0,0.0,0.0
290.84937,0.004474845,0.0,0.004474845,0.0,2018-04-23 17:00:00,0.0,0.0,0.0,0.0,0.0
291.51,0.0016249504,0.0,0.0016249504,0.0,2018-04-23 18:00:00,0.0,0.0,0.0,0.0,0.0
292.09644,0.0,0.0,0.0,0.0,2018-04-23 19:00:00,0.0,0.0,0.0,0.0,0.0
292.49707,0.0,0.0,0.0,0.0,2018-04-23 20:00:00,0.0,0.0,0.0,0.0,0.0
293.30762,0.00737416,0.0,0.00737416,0.0,2018-04-23 21:00:00,0.0,0.0,0.0,0.0,0.0
293.292,0.0,0.0,0.0,0.0,2018-04-23 22:00:00,0.0,0.0,0.0,0.0,0.0
293.0713,0.0078530945,0.0,0.0078530945,0.0,2018-04-23 23:00:00,0.0,0.0,0.0,0.0,0.0
292.75806,0.0,0.0,0.0,0.0,2018-04-24 00:00:00,0.0,0.0,0.0,0.0,0.0
293.0381,0.0,0.0,0.0,0.0,2018-04-24 01:00:00,0.0,0.0,0.0,0.0,0.0
291.3772,0.0,0.0,0.0,0.0,2018-04-24 02:00:00,0.0,0.0,0.0,0.0,0.0
288.8147,0.0,0.0,0.0,0.0,2018-04-24 03:00:00,0.0,0.0,0.0,0.0,0.0
287.01147,0.053419672,0.0,0.0,0.053419672,2018-04-24 04:00:00,0.0,0.0,0.0,0.0,0.0
285.5713,0.051481586,0.0,0.0016249504,0.049856637,2018-04-24 05:00:00,0.0,0.0,0.0,0.0,0.0
283.48315,0.42392468,0.0,0.0,0.42392468,2018-04-24 06:00:00,0.0,0.0,0.0,0.0,0.0
282.5161,0.7010576,0.0,0.0,0.7010576,2018-04-24 07:00:00,0.0,0.0,0.0,0.0,0.0
281.62256,0.5865489,0.0,0.00998199,0.584924,2018-04-24 08:00:00,0.0,0.0,0.0,0.0,0.0
280.4402,0.15373427,0.0,0.028386693,0.12534028,2018-04-24 09:00:00,0.0,0.0,0.0,0.0,0.0
278.1853,0.044962876,0.0,0.044962876,0.0,2018-04-24 10:00:00,0.0,0.0,0.0,0.0,0.0
277.94995,0.057273712,0.0,0.057273712,0.0,2018-04-24 11:00:00,0.0,0.0,0.0,0.0,0.0
278.4641,0.088142574,0.0,0.088142574,0.0,2018-04-24 12:00:00,0.0,0.0,0.0,0.0,0.0
280.85376,0.10160589,0.0,0.09785998,0.009099722,2018-04-24 13:00:00,0.0,0.0,0.0,0.0,0.0
283.02002,0.6887335,0.0,0.22656208,0.63672537,2018-04-24 14:00:00,0.0,0.0,0.0,0.0,0.0
286.54932,0.99657166,0.0,0.58588815,0.9840069,2018-04-24 15:00:00,0.0,0.0,0.0,0.0,0.0
287.44067,0.97917604,0.0,0.8077686,0.95976204,2018-04-24 16:00:00,0.0,0.0,0.0,0.0,0.0
288.7173,0.9624286,0.008620787,0.9120129,0.896422,2018-04-24 17:00:00,0.0,0.0,0.0,0.0,0.0
289.41528,0.88321036,0.023676872,0.86622053,0.32146394,2018-04-24 18:00:00,0.0,0.0,0.0,0.0,0.0
289.8728,0.8272648,0.0026463778,0.7809962,0.23788393,2018-04-24 19:00:00,0.0,0.0,0.0,0.0,0.0
290.16064,0.95997113,0.005534917,0.9594394,0.6558198,2018-04-24 20:00:00,0.0,0.0,0.0,0.0,0.0
289.13013,1.0,0.025601711,0.995108,0.99841094,2018-04-24 21:00:00,1.0,1.6035692e-06,0.0,0.0,1.6035692e-06
285.71143,0.98847985,0.0,0.88011616,0.96302646,2018-04-24 22:00:00,0.0,1.6136866e-05,0.0,0.0,1.6136866e-05
285.5144,0.07185042,0.0,0.03401393,0.04154636,2018-04-24 23:00:00,0.0,3.889033e-06,0.0,0.0,3.889033e-06
285.67896,0.36740708,0.0015890491,0.0021207693,0.36740708,2018-04-25 00:00:00,0.0,0.0,0.0,0.0,0.0
284.77124,0.38914394,0.0,0.0,0.38914394,2018-04-25 01:00:00,0.0,0.0,0.0,0.0,0.0
283.10278,0.020579223,0.0,0.0,0.020579223,2018-04-25 02:00:00,0.0,0.0,0.0,0.0,0.0
281.05835,0.0021207693,0.0,0.0,0.0021207693,2018-04-25 03:00:00,0.0,0.0,0.0,0.0,0.0
280.8584,0.0,0.0,0.0,0.0,2018-04-25 04:00:00,0.0,0.0,0.0,0.0,0.0
279.58057,0.0,0.0,0.0,0.0,2018-04-25 05:00:00,0.0,0.0,0.0,0.0,0.0
279.11182,0.0,0.0,0.0,0.0,2018-04-25 06:00:00,0.0,0.0,0.0,0.0,0.0
278.03052,0.0,0.0,0.0,0.0,2018-04-25 07:00:00,0.0,0.0,0.0,0.0,0.0
277.20923,0.0,0.0,0.0,0.0,2018-04-25 08:00:00,0.0,0.0,0.0,0.0,0.0
275.3994,0.0,0.0,0.0,0.0,2018-04-25 09:00:00,0.0,0.0,0.0,0.0,0.0
274.18945,0.0,0.0,0.0,0.0,2018-04-25 10:00:00,0.0,0.0,0.0,0.0,0.0
273.88745,0.0,0.0,0.0,0.0,2018-04-25 11:00:00,0.0,0.0,0.0,0.0,0.0
274.0476,0.0,0.0,0.0,0.0,2018-04-25 12:00:00,0.0,0.0,0.0,0.0,0.0
275.64062,0.0,0.0,0.0,0.0,2018-04-25 13:00:00,0.0,0.0,0.0,0.0,0.0
277.52637,0.48107105,0.0,0.0,0.48107105,2018-04-25 14:00:00,0.0,0.0,0.0,0.0,0.0
280.9165,0.0,0.0,0.0,0.0,2018-04-25 15:00:00,0.0,0.0,0.0,0.0,0.0
281.83398,0.0,0.0,0.0,0.0,2018-04-25 16:00:00,0.0,0.0,0.0,0.0,0.0
283.49634,0.0,0.0,0.0,0.0,2018-04-25 17:00:00,0.0,0.0,0.0,0.0,0.0
284.76855,0.0,0.0,0.0,0.0,2018-04-25 18:00:00,0.0,0.0,0.0,0.0,0.0
285.73315,0.0,0.0,0.0,0.0,2018-04-25 19:00:00,0.0,0.0,0.0,0.0,0.0
286.47876,0.0,0.0,0.0,0.0,2018-04-25 20:00:00,0.0,0.0,0.0,0.0,0.0
287.64136,0.0,0.0,0.0,0.0,2018-04-25 21:00:00,0.0,0.0,0.0,0.0,0.0
287.88452,0.0066281483,0.0,0.0,0.0066281483,2018-04-25 22:00:00,0.0,0.0,0.0,0.0,0.0
287.90454,0.0,0.0,0.0,0.0,2018-04-25 23:00:00,0.0,0.0,0.0,0.0,0.0
287.45435,0.5690643,0.0,0.0,0.5690643,2018-04-26 00:00:00,0.0,0.0,0.0,0.0,0.0
285.14746,0.85136807,0.0,0.0,0.85136807,2018-04-26 01:00:00,0.0,0.0,0.0,0.0,0.0
283.65918,1.0,0.0,0.0,1.0,2018-04-26 02:00:00,0.0,0.0,0.0,0.0,0.0
282.34375,1.0,0.0,0.0,1.0,2018-04-26 03:00:00,0.0,0.0,0.0,0.0,0.0
281.67603,1.0,0.0,0.0,1.0,2018-04-26 04:00:00,0.0,0.0,0.0,0.0,0.0
280.60205,1.0,0.0,0.0,1.0,2018-04-26 05:00:00,0.0,0.0,0.0,0.0,0.0
280.74756,1.0,0.0,0.0,1.0,2018-04-26 06:00:00,0.0,0.0,0.0,0.0,0.0
280.58545,1.0,0.0,0.0,1.0,2018-04-26 07:00:00,0.0,0.0,0.0,0.0,0.0
280.2085,1.0,0.0,0.0,1.0,2018-04-26 08:00:00,0.0,0.0,0.0,0.0,0.0
279.1443,1.0,0.0,0.0,1.0,2018-04-26 09:00:00,0.0,0.0,0.0,0.0,0.0
278.354,1.0,0.0,0.0,1.0,2018-04-26 10:00:00,0.0,0.0,0.0,0.0,0.0
278.25415,1.0,0.0,0.0,1.0,2018-04-26 11:00:00,0.0,0.0,0.0,0.0,0.0
278.3872,1.0,0.0,0.0,1.0,2018-04-26 12:00:00,0.0,0.0,0.0,0.0,0.0
279.95825,0.9913792,0.0,0.044625603,0.9913792,2018-04-26 13:00:00,0.0,0.0,0.0,0.0,0.0
283.10327,0.9637462,0.0,0.30374366,0.96212125,2018-04-26 14:00:00,0.0,0.0,0.0,0.0,0.0
286.2644,0.9700982,0.0,0.28208238,0.9695726,2018-04-26 15:00:00,0.0,0.0,0.0,0.0,0.0
287.31592,0.79402083,0.0,0.263869,0.72446626,2018-04-26 16:00:00,1.0,0.0,0.0,0.0,0.0
288.01343,0.57359093,0.0,0.42022192,0.34659064,2018-04-26 17:00:00,0.0,9.8085e-05,0.0,9.8085e-05,0.0
288.95947,0.2676875,0.0016249504,0.25827312,0.031058803,2018-04-26 18:00:00,0.0,7.275147e-05,0.0,7.275147e-05,0.0
289.75635,0.47441608,0.4115891,0.24829155,0.0,2018-04-26 19:00:00,0.0,0.0,0.0,0.0,0.0
290.57397,0.4700644,0.23611397,0.38460374,0.0,2018-04-26 20:00:00,0.0,0.0,0.0,0.0,0.0
290.49048,0.32296222,0.28947538,0.07194644,0.0,2018-04-26 21:00:00,0.0,0.0,0.0,0.0,0.0
289.76074,0.013844978,0.013844978,0.004741922,0.0,2018-04-26 22:00:00,0.0,1.9099144e-07,0.0,9.549569e-08,0.0
289.22705,0.0,0.0,0.0,0.0,2018-04-26 23:00:00,0.0,0.0,0.0,0.0,0.0
288.5337,0.0,0.0,0.0,0.0,2018-04-27 00:00:00,0.0,0.0,0.0,0.0,0.0
287.1455,0.0033782488,0.0,0.0033782488,0.0,2018-04-27 01:00:00,0.0,0.0,0.0,0.0,0.0
285.73535,0.0,0.0,0.0,0.0,2018-04-27 02:00:00,0.0,0.0,0.0,0.0,0.0
282.87305,0.0,0.0,0.0,0.0,2018-04-27 03:00:00,0.0,0.0,0.0,0.0,0.0
281.23877,0.0,0.0,0.0,0.0,2018-04-27 04:00:00,0.0,0.0,0.0,0.0,0.0
278.93994,0.0,0.0,0.0,0.0,2018-04-27 05:00:00,0.0,0.0,0.0,0.0,0.0
278.20776,0.0,0.0,0.0,0.0,2018-04-27 06:00:00,0.0,0.0,0.0,0.0,0.0
277.3601,0.0032499009,0.0,0.0032499009,0.0,2018-04-27 07:00:00,0.0,0.0,0.0,0.0,0.0
277.44287,0.35293275,0.0,0.35293275,0.0,2018-04-27 08:00:00,0.0,0.0,0.0,0.0,0.0
277.3794,0.80194026,0.0,0.80194026,0.028306644,2018-04-27 09:00:00,0.0,0.0,0.0,0.0,0.0
277.06006,0.5107327,0.0,0.50735444,0.0033782488,2018-04-27 10:00:00,0.0,0.000274115,0.0,0.00027429638,0.0
277.41357,0.41689485,0.0,0.41689485,0.0,2018-04-27 11:00:00,1.0,0.00021750908,0.0,0.0002174998,0.0
277.52026,0.06656569,0.0,0.06656569,0.0,2018-04-27 12:00:00,0.0,0.00027520861,0.0,0.0002753227,0.0
279.1089,0.0033782488,0.0,0.0033782488,0.0,2018-04-27 13:00:00,0.0,0.0,0.0,0.0,0.0
281.42993,0.0033782488,0.0,0.0033782488,0.0,2018-04-27 14:00:00,0.0,0.0,0.0,0.0,0.0
285.23047,0.0,0.0,0.0,0.0,2018-04-27 15:00:00,0.0,0.0,0.0,0.0,0.0
286.72314,0.0,0.0,0.0,0.0,2018-04-27 16:00:00,0.0,0.0,0.0,0.0,0.0
288.2705,0.10028696,0.0033782488,0.10028696,0.0,2018-04-27 17:00:00,0.0,0.0,0.0,0.0,0.0
288.61206,0.4775589,0.006280929,0.4775589,0.0,2018-04-27 18:00:00,0.0,3.9724124e-05,0.0,3.9885956e-05,0.0
288.72852,0.34957898,0.020828541,0.34957898,0.0,2018-04-27 19:00:00,0.0,1.3964131e-05,0.0,1.3753909e-05,0.0
288.39307,0.42260915,0.0,0.42260915,0.0,2018-04-27 20:00:00,1.0,9.555327e-06,0.0,9.259868e-06,0.0
288.28223,0.3475309,0.026925862,0.3475309,0.0,2018-04-27 21:00:00,0.0,0.0001025676,0.0,0.000102090766,0.0
285.74414,0.5595266,0.0016249504,0.5595266,0.0,2018-04-27 22:00:00,1.0,5.2015734e-05,0.0,4.2423533e-05,9.725819e-06
285.24756,0.4372629,0.046296712,0.43063474,0.0,2018-04-27 23:00:00,1.0,1.5344762e-05,0.0,4.3332248e-06,1.0954499e-05
284.28296,0.35129333,0.14586258,0.31850976,0.0,2018-04-28 00:00:00,0.0,1.5279311e-06,0.0,1.6615622e-06,0.0
282.93945,0.3626395,0.1857599,0.27473265,0.0,2018-04-28 01:00:00,0.0,0.0,0.0,0.0,0.0
281.87036,0.30512,0.23024434,0.19503891,0.0,2018-04-28 02:00:00,0.0,0.0,0.0,0.0,0.0
279.68945,0.12290549,0.119727135,0.05824991,0.0,2018-04-28 03:00:00,0.0,0.0,0.0,0.0,0.0
278.6621,0.029655378,0.026388373,0.005370889,0.0,2018-04-28 04:00:00,0.0,0.0,0.0,0.0,0.0
277.09717,0.0048030466,0.0048030466,0.0,0.0,2018-04-28 05:00:00,0.0,0.0,0.0,0.0,0.0
276.59106,0.031111334,0.018647134,0.021530457,0.0,2018-04-28 06:00:00,0.0,0.0,0.0,0.0,0.0
275.90796,0.0093308985,0.0069599375,0.006099794,0.0,2018-04-28 07:00:00,0.0,0.0,0.0,0.0,0.0
275.0686,0.0,0.0,0.0,0.0,2018-04-28 08:00:00,0.0,0.0,0.0,0.0,0.0
273.0735,0.0,0.0,0.0,0.0,2018-04-28 09:00:00,0.0,0.0,0.0,0.0,0.0
273.32397,0.0,0.0,0.0,0.0,2018-04-28 10:00:00,0.0,0.0,0.0,0.0,0.0
273.36572,0.0032499009,0.0032499009,0.0,0.0,2018-04-28 11:00:00,0.0,0.0,0.0,0.0,0.0
274.11328,0.0,0.0,0.0,0.0,2018-04-28 12:00:00,0.0,0.0,0.0,0.0,0.0
275.85132,0.0,0.0,0.0,0.0,2018-04-28 13:00:00,0.0,0.0,0.0,0.0,0.0
277.85327,0.0,0.0,0.0,0.0,2018-04-28 14:00:00,0.0,0.0,0.0,0.0,0.0
281.41748,0.52192545,0.52192545,0.0,0.0,2018-04-28 15:00:00,0.0,0.0,0.0,0.0,0.0
282.5525,0.75214255,0.75214255,0.0,0.0,2018-04-28 16:00:00,0.0,0.0,0.0,0.0,0.0
284.0835,0.8839514,0.8839514,0.05972976,0.0,2018-04-28 17:00:00,0.0,0.0,0.0,0.0,0.0
284.66797,0.77455777,0.44353628,0.77455777,0.0,2018-04-28 18:00:00,0.0,0.0,0.0,0.0,0.0
284.94165,0.6513881,0.027772926,0.64800984,0.0,2018-04-28 19:00:00,0.0,0.0,0.0,0.0,0.0
285.89014,0.22203273,0.012712393,0.22203273,0.0,2018-04-28 20:00:00,0.0,0.0,0.0,0.0,0.0
286.70288,0.009534292,0.0,0.009534292,0.0,2018-04-28 21:00:00,0.0,0.0,0.0,0.0,0.0
286.71606,0.0,0.0,0.0,0.0,2018-04-28 22:00:00,0.0,0.0,0.0,0.0,0.0
286.62476,0.0,0.0,0.0,0.0,2018-04-28 23:00:00,0.0,0.0,0.0,0.0,0.0
286.47583,0.0,0.0,0.0,0.0,2018-04-29 00:00:00,0.0,0.0,0.0,0.0,0.0
284.84277,0.0,0.0,0.0,0.0,2018-04-29 01:00:00,0.0,0.0,0.0,0.0,0.0
283.2622,0.0,0.0,0.0,0.0,2018-04-29 02:00:00,0.0,0.0,0.0,0.0,0.0
281.91016,0.0,0.0,0.0,0.0,2018-04-29 03:00:00,0.0,0.0,0.0,0.0,0.0
280.61768,0.0,0.0,0.0,0.0,2018-04-29 04:00:00,0.0,0.0,0.0,0.0,0.0
279.0813,0.0,0.0,0.0,0.0,2018-04-29 05:00:00,0.0,0.0,0.0,0.0,0.0
278.6975,0.0,0.0,0.0,0.0,2018-04-29 06:00:00,0.0,0.0,0.0,0.0,0.0
278.13843,0.0,0.0,0.0,0.0,2018-04-29 07:00:00,0.0,0.0,0.0,0.0,0.0
277.5569,0.0,0.0,0.0,0.0,2018-04-29 08:00:00,0.0,0.0,0.0,0.0,0.0
276.46558,0.0,0.0,0.0,0.0,2018-04-29 09:00:00,0.0,0.0,0.0,0.0,0.0
276.1455,0.0,0.0,0.0,0.0,2018-04-29 10:00:00,0.0,0.0,0.0,0.0,0.0
276.15234,0.0,0.0,0.0,0.0,2018-04-29 11:00:00,0.0,0.0,0.0,0.0,0.0
276.62915,0.0,0.0,0.0,0.0,2018-04-29 12:00:00,0.0,0.0,0.0,0.0,0.0
279.09253,0.0,0.0,0.0,0.0,2018-04-29 13:00:00,0.0,0.0,0.0,0.0,0.0
281.86035,0.0,0.0,0.0,0.0,2018-04-29 14:00:00,0.0,0.0,0.0,0.0,0.0
286.2373,0.0,0.0,0.0,0.0,2018-04-29 15:00:00,0.0,0.0,0.0,0.0,0.0
288.10474,0.0,0.0,0.0,0.0,2018-04-29 16:00:00,0.0,0.0,0.0,0.0,0.0
289.6643,0.0,0.0,0.0,0.0,2018-04-29 17:00:00,0.0,0.0,0.0,0.0,0.0
290.24048,0.0,0.0,0.0,0.0,2018-04-29 18:00:00,0.0,0.0,0.0,0.0,0.0
290.89624,0.0,0.0,0.0,0.0,2018-04-29 19:00:00,0.0,0.0,0.0,0.0,0.0
291.9646,0.0,0.0,0.0,0.0,2018-04-29 20:00:00,0.0,0.0,0.0,0.0,0.0
292.57666,0.0,0.0,0.0,0.0,2018-04-29 21:00:00,0.0,0.0,0.0,0.0,0.0
292.97827,0.0,0.0,0.0,0.0,2018-04-29 22:00:00,0.0,0.0,0.0,0.0,0.0
292.49072,0.0,0.0,0.0,0.0,2018-04-29 23:00:00,0.0,0.0,0.0,0.0,0.0
291.88574,0.0,0.0,0.0,0.0,2018-04-30 00:00:00,0.0,0.0,0.0,0.0,0.0
290.7019,0.0,0.0,0.0,0.0,2018-04-30 01:00:00,0.0,0.0,0.0,0.0,0.0
289.5542,0.0,0.0,0.0,0.0,2018-04-30 02:00:00,0.0,0.0,0.0,0.0,0.0
287.7876,0.0,0.0,0.0,0.0,2018-04-30 03:00:00,0.0,0.0,0.0,0.0,0.0
287.35962,0.07612467,0.0,0.07612467,0.0,2018-04-30 04:00:00,1.0,1.8708306e-06,0.0,1.8708306e-06,0.0
286.08838,0.23899418,0.0,0.23899418,0.0,2018-04-30 05:00:00,1.0,1.802441e-05,0.0,1.797665e-05,0.0
286.0725,0.11946291,0.0,0.11946291,0.0,2018-04-30 06:00:00,0.0,9.89237e-05,0.0,9.89237e-05,0.0
285.6714,0.08905101,0.0,0.08905101,0.0,2018-04-30 07:00:00,1.0,0.00028898544,0.0,0.00028898544,0.0
285.20435,0.20032597,0.0,0.041536216,0.16843182,2018-04-30 08:00:00,0.0,0.00016349369,0.0,0.00016363662,0.0
284.1211,0.676685,0.0,0.012005735,0.6670429,2018-04-30 09:00:00,0.0,1.9099144e-07,0.0,1.432436e-07,0.0
285.26904,0.95585924,0.0,0.44732583,0.93911344,2018-04-30 10:00:00,0.0,2.1773027e-05,0.0,2.1830056e-05,0.0
285.3098,0.9712789,0.0,0.19618672,0.96465075,2018-04-30 11:00:00,0.0,0.0,0.0,0.0,0.0
285.6582,0.9942508,0.0,0.6423397,0.98941183,2018-04-30 12:00:00,0.0,0.0,0.0,0.0,0.0
286.22192,1.0,0.0,0.8960647,0.98999023,2018-04-30 13:00:00,0.0,0.0,0.0,0.0,0.0
286.87012,0.9942508,0.0,0.6568028,0.99089694,2018-04-30 14:00:00,0.0,0.0,0.0,0.0,0.0
289.14355,0.9949934,0.0,0.5623537,0.9949934,2018-04-30 15:00:00,0.0,0.0,0.0,0.0,0.0
290.87915,0.9968219,0.0,0.33198476,0.9952328,2018-04-30 16:00:00,0.0,0.0,0.0,0.0,0.0
293.36914,0.9592103,0.0,0.002103883,0.9592103,2018-04-30 17:00:00,0.0,0.0,0.0,0.0,0.0
294.9099,0.7931747,0.0,0.03487141,0.78445,2018-04-30 18:00:00,0.0,0.0,0.0,0.0,0.0
296.042,0.44746828,0.0,0.014456838,0.43462908,2018-04-30 19:00:00,0.0,4.4209795e-05,0.0,4.4323868e-05,0.0
298.4751,0.46183342,0.0,0.00053172023,0.46183342,2018-04-30 20:00:00,0.0,0.0,0.0,0.0,0.0
300.062,0.076857984,0.004207764,0.00053172023,0.07211852,2018-04-30 21:00:00,0.0,6.6847014e-07,0.0,6.207223e-07,0.0
300.63647,0.45962554,0.0,0.021563955,0.45427173,2018-04-30 22:00:00,0.0,0.0,0.0,0.0,0.0
300.7744,0.60120064,0.0,0.06585151,0.5693666,2018-04-30 23:00:00,0.0,0.0,0.0,0.0,0.0
300.1819,0.58487785,0.0,0.10631758,0.56345266,2018-05-01 00:00:00,0.0,0.0,0.0,0.0,0.0
299.2439,0.46663833,0.0,0.31070656,0.41179943,2018-05-01 01:00:00,0.0,0.0,0.0,0.0,0.0
297.4441,0.028386693,0.0,0.028386693,0.0,2018-05-01 02:00:00,0.0,0.0,0.0,0.0,0.0
295.82324,0.9011377,0.0,0.053642157,0.89951277,2018-05-01 03:00:00,0.0,0.0,0.0,0.0,0.0
295.28027,1.0,0.0,0.16646618,1.0,2018-05-01 04:00:00,0.0,0.0,0.0,0.0,0.0
293.69897,1.0,0.0016249504,0.16876584,1.0,2018-05-01 05:00:00,0.0,0.0,0.0,0.0,0.0
293.4619,1.0,0.0037288337,0.1996857,1.0,2018-05-01 06:00:00,0.0,0.0,0.0,0.0,0.0
292.45508,1.0,0.015814707,0.2544858,1.0,2018-05-01 07:00:00,0.0,0.0,0.0,0.0,0.0
292.73096,0.92520094,0.0,0.14001352,0.91216713,2018-05-01 08:00:00,0.0,0.0,0.0,0.0,0.0
291.9336,0.9497002,0.0,0.053163722,0.94807523,2018-05-01 09:00:00,0.0,0.0,0.0,0.0,0.0
290.36255,1.0,0.015248939,0.62475276,1.0,2018-05-01 10:00:00,0.0,0.0,0.0,0.0,0.0
290.2693,1.0,0.04372977,0.9308733,1.0,2018-05-01 11:00:00,0.0,0.0,0.0,0.0,0.0
290.34277,1.0,0.17396557,0.5120984,1.0,2018-05-01 12:00:00,0.0,0.0,0.0,0.0,0.0
289.63794,0.99627113,0.033985067,0.024759654,0.99627113,2018-05-01 13:00:00,0.0,0.0,0.0,0.0,0.0
290.1399,0.9230246,0.038698275,0.0068626925,0.9230246,2018-05-01 14:00:00,0.0,0.0,0.0,0.0,0.0
291.17212,0.99371904,0.011102993,0.0,0.99371904,2018-05-01 15:00:00,1.0,2.3938162e-05,0.0,0.0,2.4129156e-05
290.6704,0.9333683,0.025548961,0.0,0.9333683,2018-05-01 16:00:00,1.0,5.7272146e-06,0.0,0.0,5.7272146e-06
290.99707,0.7127484,0.12786835,0.00053172023,0.6959351,2018-05-01 17:00:00,1.0,2.6726157e-06,0.0,0.0,2.6726157e-06
291.45825,0.30219722,0.08993393,0.0016249504,0.23996776,2018-05-01 18:00:00,0.0,5.3452317e-07,0.0,0.0,5.3452317e-07
291.19458,0.58073705,0.020354562,0.0,0.569082,2018-05-01 19:00:00,0.0,3.050713e-07,0.0,0.0,3.050713e-07
292.1421,0.9370856,0.027431559,0.004767146,0.93602216,2018-05-01 20:00:00,0.0,0.0,0.0,0.0,0.0
293.10547,0.90518636,0.013716839,0.054832395,0.8970186,2018-05-01 21:00:00,0.0,0.0,0.0,0.0,0.0
293.03564,0.93929684,0.0,0.29237682,0.9105854,2018-05-01 22:00:00,0.0,0.0,0.0,0.0,0.0
292.8999,0.9123791,0.030183502,0.5177233,0.83476675,2018-05-01 23:00:00,0.0,6.6847014e-07,0.0,6.207223e-07,0.0
292.3789,0.9909002,0.31637865,0.67694145,0.97990847,2018-05-02 00:00:00,0.0,8.881104e-06,0.0,8.833355e-06,0.0
292.10132,0.92529005,0.45988923,0.64443356,0.8370984,2018-05-02 01:00:00,0.0,6.3466214e-05,0.0,6.338033e-05,0.0
290.74146,0.998375,0.69816047,0.72504365,0.9850148,2018-05-02 02:00:00,1.0,0.00025554304,0.0,0.00025529508,9.549569e-08
288.91846,0.99164295,0.6083992,0.3332618,0.988393,2018-05-02 03:00:00,0.0,0.00066174497,0.0,0.0006469332,1.4897335e-05
288.489,1.0,0.54509264,0.4286906,1.0,2018-05-02 04:00:00,0.0,0.000806944,0.0,0.00080064265,6.1488954e-06
286.50488,1.0,0.9968219,0.31581008,1.0,2018-05-02 05:00:00,0.0,0.0005928718,0.0,0.0005652851,2.7243776e-05
285.3667,1.0,1.0,0.45642173,0.9944678,2018-05-02 06:00:00,0.0,0.00032315287,0.0,0.00025943038,6.372234e-05
284.50977,1.0,1.0,0.5170144,0.7388114,2018-05-02 07:00:00,1.0,0.00069546746,0.0,0.0006186657,7.669692e-05
283.78906,1.0,1.0,0.2660507,0.27619565,2018-05-02 08:00:00,0.0,4.717984e-05,0.0,2.3249624e-05,2.4101333e-05
282.92822,0.9946291,0.9925423,0.146842,0.13344836,2018-05-02 09:00:00,0.0,1.9099144e-07,0.0,0.0,1.9099144e-07
282.26074,0.7777621,0.73284507,0.08272827,0.1399352,2018-05-02 10:00:00,1.0,0.0,0.0,0.0,0.0
282.21387,0.4770652,0.39852703,0.0,0.104115605,2018-05-02 11:00:00,0.0,5.3452317e-07,0.0,0.0,8.017848e-07
281.93896,0.3588239,0.29864663,0.0067320913,0.08951354,2018-05-02 12:00:00,0.0,1.2190021e-06,0.0,0.0,1.3721838e-06
282.60547,0.85024583,0.40271294,0.0,0.7759388,2018-05-02 13:00:00,1.0,0.0,0.0,0.0,0.0
283.51685,0.863256,0.2461605,0.032705702,0.8151851,2018-05-02 14:00:00,0.0,0.0,0.0,0.0,0.0
285.53906,0.9603639,0.013063066,0.22423899,0.95035756,2018-05-02 15:00:00,0.0,0.0,0.0,0.0,0.0
286.93896,0.9842654,0.0029026829,0.2848236,0.9842654,2018-05-02 16:00:00,0.0,0.0,0.0,0.0,0.0
287.9939,1.0,0.0010573287,0.15841621,1.0,2018-05-02 17:00:00,0.0,0.0,0.0,0.0,0.0
288.9319,0.97796047,0.21689206,0.25966996,0.9713289,2018-05-02 18:00:00,0.0,0.0,0.0,0.0,0.0
289.34595,1.0,0.0,0.6687441,1.0,2018-05-02 19:00:00,0.0,0.0,0.0,0.0,0.0
290.15796,1.0,0.0,0.38681054,1.0,2018-05-02 20:00:00,0.0,0.0,0.0,0.0,0.0
290.896,1.0,0.0,0.21258014,1.0,2018-05-02 21:00:00,0.0,0.0,0.0,0.0,0.0
291.6692,0.047608446,0.0,0.023685839,0.02393971,2018-05-02 22:00:00,0.0,0.0,0.0,0.0,0.0
291.50244,0.61726433,0.0,0.5285891,0.57005006,2018-05-02 23:00:00,0.0,0.0,0.0,0.0,0.0
290.93774,0.60472184,0.0,0.13748032,0.5042777,2018-05-03 00:00:00,0.0,0.0,0.0,0.0,0.0
290.09106,1.0,0.0,0.3208332,1.0,2018-05-03 01:00:00,0.0,0.0,0.0,0.0,0.0
289.68335,1.0,0.0,0.9584153,1.0,2018-05-03 02:00:00,0.0,0.0,0.0,0.0,0.0
285.98145,1.0,0.0,0.0010573287,1.0,2018-05-03 03:00:00,0.0,0.0,0.0,0.0,0.0
283.54346,1.0,0.0,0.01998568,1.0,2018-05-03 04:00:00,1.0,0.0,0.0,0.0,0.0
283.4375,0.7992263,0.0,0.6065062,0.3808366,2018-05-03 05:00:00,0.0,1.8708306e-06,0.0,2.0044617e-06,0.0
282.6577,0.9021296,0.0,0.8789287,0.12723297,2018-05-03 06:00:00,0.0,0.0,0.0,0.0,0.0
282.96313,0.89678305,0.0,0.8240318,0.42134392,2018-05-03 07:00:00,0.0,0.0,0.0,0.0,0.0
283.42578,0.6484924,0.0,0.6202539,0.0613816,2018-05-03 08:00:00,0.0,0.0,0.0,0.0,0.0
282.30176,0.3534876,0.0,0.12861443,0.27639163,2018-05-03 09:00:00,0.0,0.0,0.0,0.0,0.0
283.27466,0.76864094,0.0,0.07445681,0.7636548,2018-05-03 10:00:00,0.0,0.0,0.0,0.0,0.0
283.0078,0.75741386,0.0,0.030088928,0.7506745,2018-05-03 11:00:00,0.0,0.0,0.0,0.0,0.0
283.625,0.62674844,0.0,0.09365994,0.58970106,2018-05-03 12:00:00,0.0,0.0,0.0,0.0,0.0
284.68896,0.52851695,0.0,0.1778,0.4371062,2018-05-03 13:00:00,0.0,0.0,0.0,0.0,0.0
287.06836,0.43007773,0.0,0.326064,0.21535486,2018-05-03 14:00:00,0.0,0.0,0.0,9.549569e-08,0.0
290.9912,0.18579584,0.0,0.15878683,0.031004913,2018-05-03 15:00:00,0.0,3.743432e-05,0.0,3.7482067e-05,0.0
292.15503,0.027198303,0.0,0.009310428,0.017887872,2018-05-03 16:00:00,0.0,7.0666836e-05,0.0,7.061909e-05,0.0
293.62695,0.008966576,0.0,0.0021207693,0.0073775277,2018-05-03 17:00:00,0.0,0.0,0.0,0.0,0.0
294.06152,0.112184346,0.0,0.031115834,0.090549946,2018-05-03 18:00:00,0.0,0.0,0.0,0.0,0.0
294.69507,0.39523822,0.0,0.3080486,0.1512655,2018-05-03 19:00:00,0.0,0.0,0.0,0.0,0.0
294.79028,0.68345106,0.0,0.53137565,0.33496046,2018-05-03 20:00:00,0.0,2.6464288e-05,0.0,2.6559777e-05,0.0
294.70728,0.86473024,0.0,0.7278058,0.6364835,2018-05-03 21:00:00,0.0,0.0,0.0,0.0,0.0
295.30396,0.9932679,0.0,0.9640873,0.9794385,2018-05-03 22:00:00,0.0,0.0,0.0,0.0,0.0
294.80933,1.0,0.0,0.05477784,1.0,2018-05-03 23:00:00,0.0,0.0,0.0,0.0,0.0
293.87378,1.0,0.0,0.31825876,1.0,2018-05-04 00:00:00,0.0,0.0,0.0,0.0,0.0
293.81396,1.0,0.0,0.8682245,1.0,2018-05-04 01:00:00,0.0,0.0,0.0,0.0,0.0
292.28223,1.0,0.0,0.9966217,1.0,2018-05-04 02:00:00,0.0,3.906623e-05,0.0,3.3527467e-05,5.4432567e-06
289.9646,1.0,0.0,1.0,1.0,2018-05-04 03:00:00,0.0,7.5283286e-05,0.0,3.6562662e-05,3.8777653e-05
289.2202,1.0,0.0031780982,0.9820913,1.0,2018-05-04 04:00:00,0.0,9.214993e-05,0.0,0.0,9.2054426e-05
288.09888,1.0,0.0,0.87560254,1.0,2018-05-04 05:00:00,0.0,0.00013510554,0.0,0.0,0.00013510554
287.19507,1.0,0.0,0.6426522,1.0,2018-05-04 06:00:00,0.0,7.926772e-05,0.0,0.0,7.936322e-05
286.781,1.0,0.0,0.26499397,1.0,2018-05-04 07:00:00,0.0,0.0,0.0,0.0,0.0
286.28833,1.0,0.0,0.0917663,1.0,2018-05-04 08:00:00,0.0,0.0,0.0,0.0,0.0
285.12354,0.9902332,0.0,0.009809613,0.9902332,2018-05-04 09:00:00,0.0,0.0,0.0,0.0,0.0
284.72485,0.6930532,0.0,0.050476257,0.6627778,2018-05-04 10:00:00,0.0,0.0,0.0,0.0,0.0
284.32642,0.32365364,0.0,0.17098528,0.1526745,2018-05-04 11:00:00,0.0,0.0,0.0,0.0,0.0
284.42554,0.036292877,0.0,0.034172107,0.0026463778,2018-05-04 12:00:00,0.0,0.0,0.0,0.0,0.0
286.5918,0.026088186,0.0,0.026088186,0.0,2018-05-04 13:00:00,0.0,0.0,0.0,0.0,0.0
289.0359,0.0016249504,0.0,0.0016249504,0.0,2018-05-04 14:00:00,0.0,0.0,0.0,0.0,0.0
292.9978,0.0,0.0,0.0,0.0,2018-05-04 15:00:00,0.0,0.0,0.0,0.0,0.0
294.65674,0.0,0.0,0.0,0.0,2018-05-04 16:00:00,0.0,0.0,0.0,0.0,0.0
295.89746,0.0,0.0,0.0,0.0,2018-05-04 17:00:00,0.0,0.0,0.0,0.0,0.0
296.3662,0.0,0.0,0.0,0.0,2018-05-04 18:00:00,0.0,0.0,0.0,0.0,0.0
296.84204,0.0,0.0,0.0,0.0,2018-05-04 19:00:00,0.0,0.0,0.0,0.0,0.0
297.11597,0.0,0.0,0.0,0.0,2018-05-04 20:00:00,0.0,0.0,0.0,0.0,0.0
297.58252,0.0,0.0,0.0,0.0,2018-05-04 21:00:00,0.0,0.0,0.0,0.0,0.0
297.49805,0.0,0.0,0.0,0.0,2018-05-04 22:00:00,0.0,0.0,0.0,0.0,0.0
297.30347,0.0,0.0,0.0,0.0,2018-05-04 23:00:00,0.0,0.0,0.0,0.0,0.0
296.84326,0.109518886,0.0,0.109518886,0.0,2018-05-05 00:00:00,0.0,0.0,0.0,0.0,0.0
295.34448,0.15833038,0.0,0.15833038,0.0,2018-05-05 01:00:00,0.0,0.0,0.0,0.0,0.0
293.031,0.08788943,0.0,0.08788943,0.0,2018-05-05 02:00:00,0.0,0.0,0.0,0.0,0.0
291.0686,0.12788886,0.0,0.12788886,0.0,2018-05-05 03:00:00,0.0,0.0,0.0,0.0,0.0
290.71045,0.054082885,0.0,0.054082885,0.0,2018-05-05 04:00:00,0.0,0.0,0.0,0.0,0.0
289.70557,0.0050234497,0.0,0.0050234497,0.0,2018-05-05 05:00:00,0.0,0.0,0.0,0.0,0.0
289.2246,0.00053172023,0.0,0.00053172023,0.0,2018-05-05 06:00:00,0.0,0.0,0.0,0.0,0.0
289.44458,0.0,0.0,0.0,0.0,2018-05-05 07:00:00,0.0,0.0,0.0,0.0,0.0
288.71997,0.0,0.0,0.0,0.0,2018-05-05 08:00:00,0.0,0.0,0.0,0.0,0.0
287.62183,0.11271757,0.0,0.0,0.11271757,2018-05-05 09:00:00,0.0,0.0,0.0,0.0,0.0
284.92114,0.23994225,0.0,0.007457666,0.23248458,2018-05-05 10:00:00,0.0,0.0,0.0,0.0,0.0
284.92456,0.12335241,0.0,0.06934601,0.05400644,2018-05-05 11:00:00,0.0,0.0,0.0,0.0,0.0
285.4961,0.19591463,0.0,0.19591463,0.0,2018-05-05 12:00:00,0.0,0.0,0.0,0.0,0.0
287.69385,0.2682987,0.0,0.25026166,0.027907759,2018-05-05 13:00:00,0.0,0.0,0.0,0.0,0.0
289.5642,0.5463003,0.0,0.53967947,0.06679869,2018-05-05 14:00:00,0.0,0.0,0.0,0.0,0.0
293.66675,0.67945343,0.0,0.6699754,0.1351316,2018-05-05 15:00:00,0.0,0.0,0.0,0.0,0.0
295.24,0.7856072,0.0,0.77404237,0.45292145,2018-05-05 16:00:00,1.0,0.00021213095,0.0,0.00021237865,0.0
296.01514,0.7599952,0.0,0.7014755,0.4981022,2018-05-05 17:00:00,0.0,0.00030613435,0.0,0.0003059914,0.0
297.23022,0.6810699,0.0,0.6656359,0.28793424,2018-05-05 18:00:00,0.0,2.0362437e-05,0.0,2.0410182e-05,0.0
298.28198,0.54753685,0.0,0.53142285,0.16688353,2018-05-05 19:00:00,0.0,7.639659e-07,0.0,7.639659e-07,0.0
298.72778,0.43938905,0.0,0.41183448,0.07703316,2018-05-05 20:00:00,1.0,2.6726156e-07,0.0,2.6726156e-07,0.0
298.86426,0.61986166,0.0,0.45349425,0.43975145,2018-05-05 21:00:00,0.0,2.6726156e-07,0.0,4.0089236e-07,0.0
298.07617,0.7139778,0.0,0.32081723,0.63830656,2018-05-05 22:00:00,1.0,5.3452317e-07,0.0,4.0089236e-07,0.0
297.12598,0.85332876,0.0,0.3422613,0.8024337,2018-05-05 23:00:00,1.0,0.00040742056,0.0,0.00040738215,0.0
292.74414,0.9472324,0.0,0.39128268,0.9136784,2018-05-06 00:00:00,0.0,0.0008881197,0.0,0.0008881197,0.0
291.98755,0.8660972,0.0,0.16664273,0.8476396,2018-05-06 01:00:00,0.0,0.0004415561,0.0,0.0004417468,0.0
291.115,0.7618379,0.0,0.19929022,0.7078602,2018-05-06 02:00:00,0.0,0.0,0.0,0.0,0.0
289.2937,0.41748846,0.0,0.024717946,0.40095782,2018-05-06 03:00:00,1.0,3.0797542e-05,0.0,3.0416195e-05,0.0
288.74146,0.2543965,0.0,0.004307229,0.2543965,2018-05-06 04:00:00,0.0,4.9317183e-05,0.0,4.9317183e-05,0.0
288.1665,0.34893447,0.0,0.0,0.34893447,2018-05-06 05:00:00,0.0,5.2214737e-06,0.0,5.0878425e-06,0.0
287.97217,0.3536591,0.0,0.0,0.3536591,2018-05-06 06:00:00,0.0,0.0,0.0,0.0,0.0
287.23828,0.07678455,0.0,0.0,0.07678455,2018-05-06 07:00:00,0.0,0.0,0.0,0.0,0.0
286.1599,0.042026766,0.0,0.0,0.042026766,2018-05-06 08:00:00,0.0,0.0,0.0,0.0,0.0
284.781,0.30824167,0.0,0.0,0.30824167,2018-05-06 09:00:00,0.0,0.0,0.0,0.0,0.0
284.3833,0.13171256,0.0,0.13171256,0.0,2018-05-06 10:00:00,0.0,0.0,0.0,0.0,0.0
284.30737,0.0,0.0,0.0,0.0,2018-05-06 11:00:00,0.0,0.0,0.0,0.0,0.0
284.3767,0.0,0.0,0.0,0.0,2018-05-06 12:00:00,0.0,0.0,0.0,0.0,0.0
285.323,0.012623299,0.0,0.0,0.012623299,2018-05-06 13:00:00,0.0,0.0,0.0,0.0,0.0
287.17725,0.2223025,0.0,0.0,0.2223025,2018-05-06 14:00:00,0.0,0.0,0.0,0.0,0.0
290.9143,0.16113323,0.0,0.0,0.16113323,2018-05-06 15:00:00,0.0,0.0,0.0,0.0,0.0
292.40234,0.027965397,0.0,0.0,0.027965397,2018-05-06 16:00:00,0.0,0.0,0.0,0.0,0.0
293.84644,0.0,0.0,0.0,0.0,2018-05-06 17:00:00,0.0,0.0,0.0,0.0,0.0
294.8015,0.0,0.0,0.0,0.0,2018-05-06 18:00:00,0.0,0.0,0.0,0.0,0.0
295.3872,0.0,0.0,0.0,0.0,2018-05-06 19:00:00,0.0,0.0,0.0,0.0,0.0
295.90723,0.08666605,0.0,0.0,0.08666605,2018-05-06 20:00:00,0.0,0.0,0.0,0.0,0.0
296.53052,0.44194418,0.0,0.0,0.44194418,2018-05-06 21:00:00,0.0,0.0,0.0,0.0,0.0
296.30444,0.91491216,0.0,0.49210966,0.760881,2018-05-06 22:00:00,0.0,0.0,0.0,0.0,0.0
296.15332,0.9860854,0.0,0.5230917,0.9671397,2018-05-06 23:00:00,0.0,0.0,0.0,0.0,0.0
296.0874,0.9320378,0.0,0.31243777,0.9013138,2018-05-07 00:00:00,0.0,0.0,0.0,0.0,0.0
296.44946,0.47326583,0.0,0.09493625,0.43317783,2018-05-07 01:00:00,0.0,0.0,0.0,0.0,0.0
291.8169,0.6283798,0.0,0.0,0.6283798,2018-05-07 02:00:00,0.0,0.0,0.0,0.0,0.0
289.78662,0.6506688,0.0,0.0,0.6506688,2018-05-07 03:00:00,0.0,0.0,0.0,0.0,0.0
289.8037,0.6634637,0.0,0.0,0.6634637,2018-05-07 04:00:00,0.0,0.0,0.0,0.0,0.0
288.80054,0.7335387,0.0,0.0067320913,0.7335387,2018-05-07 05:00:00,0.0,0.0,0.0,0.0,0.0
288.42847,0.6700317,0.0,0.031556547,0.6676608,2018-05-07 06:00:00,0.0,0.0,0.0,0.0,0.0
287.8015,0.76326454,0.0,0.13634187,0.73280454,2018-05-07 07:00:00,0.0,0.0,0.0,0.0,0.0
287.77783,0.5952652,0.0,0.25462776,0.45001888,2018-05-07 08:00:00,0.0,0.0,0.0,0.0,0.0
286.47095,0.45334476,0.0,0.30874234,0.22492051,2018-05-07 09:00:00,0.0,0.0,0.0,0.0,0.0
286.3181,0.29407394,0.0,0.19167042,0.12161422,2018-05-07 10:00:00,0.0,0.0,0.0,0.0,0.0
286.33496,0.12549144,0.0,0.110764265,0.016831063,2018-05-07 11:00:00,0.0,0.0,0.0,0.0,0.0
286.63745,0.0067320913,0.0,0.0067320913,0.0,2018-05-07 12:00:00,0.0,0.0,0.0,0.0,0.0
288.45435,0.004741922,0.0,0.004741922,0.0,2018-05-07 13:00:00,0.0,0.0,0.0,0.0,0.0
290.96362,0.0,0.0,0.0,0.0,2018-05-07 14:00:00,0.0,0.0,0.0,0.0,0.0
295.35498,0.0,0.0,0.0,0.0,2018-05-07 15:00:00,0.0,0.0,0.0,0.0,0.0
297.6538,0.0,0.0,0.0,0.0,2018-05-07 16:00:00,0.0,0.0,0.0,0.0,0.0
299.542,0.0,0.0,0.0,0.0,2018-05-07 17:00:00,0.0,0.0,0.0,0.0,0.0
300.58252,0.008415531,0.0,0.008415531,0.0,2018-05-07 18:00:00,0.0,0.0,0.0,0.0,0.0
301.0901,0.24395198,0.0,0.24395198,0.0,2018-05-07 19:00:00,0.0,0.0,0.0,0.0,0.0
301.7827,0.2700771,0.0,0.24896842,0.03968353,2018-05-07 20:00:00,0.0,0.0,0.0,0.0,0.0
301.77637,0.38453448,0.0,0.3556412,0.0597362,2018-05-07 21:00:00,0.0,0.0,0.0,0.0,0.0
301.74194,0.49014503,0.0,0.49014503,0.0,2018-05-07 22:00:00,0.0,0.0,0.0,0.0,0.0
301.5818,0.17078525,0.0,0.17078525,0.0,2018-05-07 23:00:00,0.0,0.0,0.0,0.0,0.0
301.14087,0.0037098185,0.0,0.0037098185,0.0,2018-05-08 00:00:00,0.0,0.0,0.0,0.0,0.0
298.8899,0.0032499009,0.0,0.0,0.0032499009,2018-05-08 01:00:00,0.0,0.0,0.0,0.0,0.0
296.8235,0.05891931,0.0,0.00998199,0.048930015,2018-05-08 02:00:00,0.0,0.0,0.0,0.0,0.0
294.8286,0.42937464,0.0,0.04007092,0.40753877,2018-05-08 03:00:00,0.0,0.0,0.0,0.0,0.0
294.25244,0.5998327,0.0,0.020029653,0.5949407,2018-05-08 04:00:00,0.0,0.0,0.0,0.0,0.0
293.11694,0.9158389,0.0,0.019460037,0.9158389,2018-05-08 05:00:00,0.0,0.0,0.0,0.0,0.0
292.2942,0.6640013,0.0,0.2276113,0.56899244,2018-05-08 06:00:00,0.0,0.0,0.0,0.0,0.0
292.22998,0.98652846,0.0,0.22875816,0.98652846,2018-05-08 07:00:00,0.0,9.799468e-06,0.0,9.69468e-06,0.0
292.0791,1.0,0.0,0.14914691,1.0,2018-05-08 08:00:00,0.0,0.0,0.0,0.0,0.0
290.82593,1.0,0.0,0.2879941,1.0,2018-05-08 09:00:00,0.0,0.0,0.0,0.0,0.0
290.8567,1.0,0.0,0.7211309,1.0,2018-05-08 10:00:00,0.0,0.0,0.0,0.0,0.0
290.92822,1.0,0.0,0.7363675,1.0,2018-05-08 11:00:00,0.0,0.0,0.0,0.0,0.0
290.23657,1.0,0.0,0.17164302,1.0,2018-05-08 12:00:00,0.0,0.0,0.0,0.0,0.0
291.81885,1.0,0.0,0.87761855,1.0,2018-05-08 13:00:00,0.0,0.0,0.0,0.0,0.0
293.1018,1.0,0.0,0.40389627,0.9966217,2018-05-08 14:00:00,0.0,0.0,0.0,0.0,0.0
293.14795,1.0,0.0,0.38021278,1.0,2018-05-08 15:00:00,0.0,5.7193974e-05,0.0,5.7193974e-05,0.0
293.10522,1.0,0.0,0.5124281,1.0,2018-05-08 16:00:00,0.0,2.2425404e-05,0.0,2.21011e-05,2.6726156e-07
292.74756,1.0,0.0,0.6814225,1.0,2018-05-08 17:00:00,1.0,3.39158e-05,0.0,1.2754388e-05,2.1113665e-05
291.75366,1.0,0.0,0.9904909,1.0,2018-05-08 18:00:00,1.0,0.000568253,0.0,0.00036543608,0.00020281684
291.79883,0.99946827,0.0037288337,0.9390532,0.99946827,2018-05-08 19:00:00,1.0,0.0011522463,0.0,0.00082816463,0.00032447255
292.34644,1.0,0.0063116476,0.9465405,1.0,2018-05-08 20:00:00,0.0,0.00052532554,0.0,0.00043074042,9.415594e-05
292.96484,0.998375,0.1320219,0.94619536,0.9567943,2018-05-08 21:00:00,0.0,0.0002514748,0.0,0.00023947527,1.2018312e-05
291.16553,1.0,0.021835826,0.7450271,1.0,2018-05-08 22:00:00,0.0,0.000212993,0.0,0.00021193424,1.1831162e-06
290.95874,1.0,0.016832627,0.57308763,1.0,2018-05-08 23:00:00,0.0,5.9529455e-05,0.0,5.777272e-05,1.432436e-06
290.58447,1.0,0.011474017,0.57484084,1.0,2018-05-09 00:00:00,0.0,9.066963e-06,0.0,0.0,9.066963e-06
290.18335,1.0,0.07446772,0.49905795,1.0,2018-05-09 01:00:00,1.0,0.00014423941,0.0,0.00010668271,3.74612e-05
289.94043,1.0,0.18631947,0.8457319,1.0,2018-05-09 02:00:00,1.0,0.0003450259,0.0,0.00020146524,0.00014350361
289.5652,0.9978961,0.015096433,0.72929543,0.9978961,2018-05-09 03:00:00,1.0,0.0003575033,0.0,0.00010696989,0.000250438
289.33057,0.9391568,0.053438462,0.44035423,0.92258227,2018-05-09 04:00:00,1.0,0.0004778111,0.0,0.00019043594,0.00028764247
288.82642,0.86206347,0.022138495,0.38643932,0.7690479,2018-05-09 05:00:00,1.0,0.00081290957,0.0,0.00040399935,0.0004087959
288.01123,0.9048398,0.10019779,0.40830356,0.8370807,2018-05-09 06:00:00,1.0,0.0011553613,0.0,0.0006551901,0.00050021894
287.66235,0.94605666,0.16935682,0.31244516,0.8752431,2018-05-09 07:00:00,1.0,0.00017710995,0.0,0.00017625146,5.7233285e-07
287.48535,0.95741624,0.23516738,0.38974047,0.92837024,2018-05-09 08:00:00,1.0,0.00039160345,0.0,0.00037666946,1.5229374e-05
287.0359,0.9826471,0.4382853,0.4165274,0.9730124,2018-05-09 09:00:00,1.0,0.00049229874,0.0,0.0004595553,3.2924843e-05
285.81274,1.0,0.8244271,0.3654939,0.9818511,2018-05-09 10:00:00,1.0,6.518104e-05,0.0,2.8981767e-06,6.222582e-05
285.8994,0.96336466,0.6323648,0.4240752,0.8901329,2018-05-09 11:00:00,1.0,2.48102e-05,0.0,0.0,2.48102e-05
285.844,0.8467244,0.3635937,0.4880439,0.6153202,2018-05-09 12:00:00,1.0,2.9399307e-05,0.0,1.3897602e-05,1.5501704e-05
286.01123,0.7654912,0.25523126,0.5454933,0.44577658,2018-05-09 13:00:00,1.0,3.1035626e-05,0.0,1.7104729e-05,1.3663624e-05
286.37354,0.6601732,0.17724633,0.524974,0.21531439,2018-05-09 14:00:00,1.0,1.4230146e-05,0.0,0.0,1.4230146e-05
287.69458,0.88907605,0.2920673,0.883344,0.1680944,2018-05-09 15:00:00,1.0,3.0057548e-05,0.0,1.5233911e-05,1.4556385e-05
287.82666,0.9970973,0.62925607,0.961947,0.27300626,2018-05-09 16:00:00,1.0,0.0004515187,0.0,0.000426759,2.4721201e-05
289.1338,0.9894588,0.8819781,0.8728301,0.87213415,2018-05-09 17:00:00,1.0,0.00030046003,0.0,0.00023202831,6.856535e-05
290.13135,1.0,1.0,0.9957922,0.92990094,2018-05-09 18:00:00,1.0,0.00018278293,0.0,8.194511e-05,0.00010079006
290.54956,0.99946827,0.9931458,0.98362017,0.9429726,2018-05-09 19:00:00,1.0,0.0007525126,0.0,0.00011911355,0.00063363765
290.25342,1.0,1.0,0.8103106,0.8126353,2018-05-09 20:00:00,1.0,0.0011311753,0.0,0.00054540555,0.00058576046
289.5664,0.9939192,0.982328,0.46473616,0.620456,2018-05-09 21:00:00,1.0,0.00039065187,0.0,0.00015473066,0.00023563507
289.0161,0.89278066,0.72496223,0.24597955,0.6101323,2018-05-09 22:00:00,1.0,0.00024848524,0.0,0.00011258098,0.0001358088
289.21118,0.7546583,0.373752,0.22595078,0.5304249,2018-05-09 23:00:00,1.0,0.0003675071,0.0,0.00031109434,5.627895e-05
289.4995,0.70888025,0.2664231,0.00970922,0.6045117,2018-05-10 00:00:00,0.0,8.981024e-06,0.0,4.5283214e-06,4.881791e-06
289.27832,0.7592233,0.10438824,0.0,0.74234396,2018-05-10 01:00:00,0.0,6.0950106e-07,0.0,0.0,4.954212e-07
288.25342,0.85842097,0.030304112,0.0,0.85842097,2018-05-10 02:00:00,0.0,0.0,0.0,0.0,0.0
286.14014,0.96661973,0.04723844,0.005832717,0.9603081,2018-05-10 03:00:00,0.0,0.0,0.0,0.0,0.0
286.38647,0.5574455,0.09384686,0.045204,0.49891955,2018-05-10 04:00:00,0.0,0.0,0.0,0.0,0.0
286.1006,0.120238066,0.120238066,0.03852892,0.0,2018-05-10 05:00:00,0.0,0.0,0.0,0.0,0.0
284.39404,0.12138575,0.11190772,0.021196231,0.0,2018-05-10 06:00:00,0.0,0.0,0.0,0.0,0.0
284.5713,0.06217613,0.060072247,0.009472862,0.0,2018-05-10 07:00:00,0.0,0.0,0.0,0.0,0.0
283.82324,0.2243051,0.21957046,0.056640588,0.0,2018-05-10 08:00:00,0.0,0.0,0.0,0.0,0.0
282.99268,0.55160606,0.55160606,0.11271709,0.0,2018-05-10 09:00:00,0.0,0.0,0.0,0.0,0.0
280.92236,0.33846462,0.33272636,0.0067320913,0.009103052,2018-05-10 10:00:00,0.0,0.0,0.0,0.0,0.0
280.69897,0.57374716,0.038784184,0.0,0.5524132,2018-05-10 11:00:00,0.0,0.0,0.0,0.0,0.0
280.46997,0.565154,0.015965749,0.0,0.55416167,2018-05-10 12:00:00,0.0,0.0,0.0,0.0,0.0
280.7317,0.026760578,0.0,0.0,0.026760578,2018-05-10 13:00:00,0.0,0.0,0.0,0.0,0.0
281.8015,0.19714278,0.0,0.0,0.19714278,2018-05-10 14:00:00,0.0,0.0,0.0,0.0,0.0
284.07178,0.606829,0.0,0.0,0.606829,2018-05-10 15:00:00,0.0,0.0,0.0,0.0,0.0
285.01465,0.9533627,0.0,0.0,0.9533627,2018-05-10 16:00:00,0.0,0.0,0.0,0.0,0.0
285.96997,0.98493695,0.0,0.0,0.98493695,2018-05-10 17:00:00,0.0,0.0,0.0,0.0,0.0
286.79834,0.9918322,0.0,0.0,0.9918322,2018-05-10 18:00:00,0.0,0.0,0.0,0.0,0.0
287.3772,0.9941755,0.0,0.29447365,0.9941755,2018-05-10 19:00:00,0.0,0.0,0.0,0.0,0.0
287.77563,0.9499038,0.0,0.40155643,0.9493782,2018-05-10 20:00:00,0.0,5.879755e-06,0.0,5.879755e-06,0.0
287.75684,1.0,0.0,0.46186626,1.0,2018-05-10 21:00:00,0.0,6.1470164e-06,0.0,6.1470164e-06,0.0
287.521,0.98578244,0.0,0.6148969,0.98578244,2018-05-10 22:00:00,0.0,2.4828887e-06,0.0,2.5306363e-06,0.0
287.08325,1.0,0.0,0.8455389,1.0,2018-05-10 23:00:00,0.0,1.1363993e-05,0.0,1.1316245e-05,0.0
286.87378,0.99946827,0.0,0.9608366,0.9626884,2018-05-11 00:00:00,0.0,0.0,0.0,0.0,0.0
286.3567,1.0,0.0,0.95726734,0.9932679,2018-05-11 01:00:00,0.0,0.0,0.0,0.0,0.0
285.4851,0.97298,0.0,0.13326412,0.97298,2018-05-11 02:00:00,0.0,0.0,0.0,0.0,0.0
284.2085,0.9669406,0.0,0.7016914,0.964305,2018-05-11 03:00:00,0.0,0.0,0.0,0.0,0.0
283.81445,1.0,0.0,0.83867073,1.0,2018-05-11 04:00:00,0.0,0.0,0.0,0.0,0.0
283.41846,1.0,0.0,0.09870416,1.0,2018-05-11 05:00:00,0.0,5.389197e-05,0.0,5.3844225e-05,0.0
282.7317,1.0,0.0,0.28660548,1.0,2018-05-11 06:00:00,0.0,0.00032221386,0.0,0.00032221386,0.0
282.74,1.0,0.0,0.33982038,1.0,2018-05-11 07:00:00,0.0,1.9099143e-06,0.0,1.9099143e-06,0.0
282.31836,1.0,0.0,0.10117173,1.0,2018-05-11 08:00:00,0.0,8.259402e-05,0.0,8.253698e-05,0.0
281.2815,1.0,0.0,0.43746722,1.0,2018-05-11 09:00:00,0.0,6.148762e-05,0.0,5.446837e-05,7.353172e-06
280.77222,1.0,0.0,0.6313618,1.0,2018-05-11 10:00:00,0.0,4.1788677e-05,0.0,1.6807244e-05,2.4981433e-05
280.74878,1.0,0.00053172023,0.90368205,1.0,2018-05-11 11:00:00,0.0,9.629948e-05,0.0,0.0,9.6585325e-05
280.70557,1.0,0.009233657,0.7832375,1.0,2018-05-11 12:00:00,0.0,0.00028768415,0.0,8.3749765e-05,0.00020393448
280.57544,1.0,0.042147662,0.60000265,1.0,2018-05-11 13:00:00,0.0,0.00030012568,0.0,4.0203697e-05,0.00026028464
280.92358,1.0,0.012153011,0.08610219,1.0,2018-05-11 14:00:00,0.0,0.00019417662,0.0,0.0,0.00019444388
281.53247,0.9978961,0.12789023,0.17927563,0.9978961,2018-05-11 15:00:00,0.0,0.00012411101,0.0,0.0,0.00012411101
281.7378,1.0,0.060137827,0.22742158,1.0,2018-05-11 16:00:00,0.0,7.197552e-05,0.0,0.0,7.197552e-05
281.93677,0.998375,0.12712443,0.3221339,0.99336845,2018-05-11 17:00:00,0.0,2.7838585e-05,0.0,0.0,2.7838585e-05
282.48828,1.0,0.17005819,0.38190967,0.9928895,2018-05-11 18:00:00,0.0,4.9657783e-06,0.0,0.0,5.175354e-06
283.10083,0.9666365,0.09484923,0.44990665,0.90390694,2018-05-11 19:00:00,0.0,0.0,0.0,0.0,9.549569e-08
283.74072,0.910906,0.16186005,0.7109359,0.6077791,2018-05-11 20:00:00,0.0,0.0,0.0,0.0,0.0
284.36963,0.89927226,0.09716213,0.66334397,0.46204627,2018-05-11 21:00:00,0.0,0.0,0.0,0.0,0.0
284.1626,1.0,0.91142845,0.99206334,0.40516192,2018-05-11 22:00:00,0.0,0.0,0.0,0.0,0.0
284.51245,0.9750255,0.9114694,0.92343444,0.600023,2018-05-11 23:00:00,0.0,0.0,0.0,0.0,0.0
284.4026,0.8969119,0.48686463,0.78317964,0.47269362,2018-05-12 00:00:00,0.0,0.0,0.0,0.0,0.0
284.17456,0.85040087,0.29838604,0.5426664,0.6578491,2018-05-12 01:00:00,0.0,0.0,0.0,0.0,0.0
284.0503,0.9434494,0.04736006,0.7950596,0.68736976,2018-05-12 02:00:00,0.0,0.0,0.0,0.0,0.0
283.74927,0.9441389,0.050246935,0.3133481,0.92331034,2018-05-12 03:00:00,0.0,0.0,0.0,0.0,0.0
283.7234,0.9356096,0.40425372,0.007388301,0.9025671,2018-05-12 04:00:00,0.0,0.0,0.0,0.0,0.0
283.15967,0.9882647,0.68887305,0.03290474,0.9675968,2018-05-12 05:00:00,0.0,0.0,0.0,0.0,0.0
282.58472,0.9679374,0.65406144,0.025812104,0.95878434,2018-05-12 06:00:00,0.0,0.0,0.0,0.0,0.0
281.7141,0.9746981,0.31990808,0.0010573287,0.92517394,2018-05-12 07:00:00,0.0,0.0,0.0,0.0,0.0
281.16968,0.9427494,0.054203432,0.0176199,0.9411603,2018-05-12 08:00:00,0.0,0.0,0.0,0.0,0.0
280.35767,0.9570791,0.004767146,0.12126738,0.9560218,2018-05-12 09:00:00,0.0,0.0,0.0,0.0,0.0
280.71338,0.978272,0.0,0.44487262,0.9724222,2018-05-12 10:00:00,0.0,0.0,0.0,0.0,0.0
280.74463,0.86126405,0.0,0.0,0.86126405,2018-05-12 11:00:00,0.0,0.0,0.0,0.0,0.0
281.0044,0.21718436,0.00053172023,0.13200796,0.11447936,2018-05-12 12:00:00,0.0,0.0,0.0,0.0,0.0
281.44067,1.0,0.0,0.2577753,1.0,2018-05-12 13:00:00,0.0,0.0,0.0,0.0,0.0
282.83594,1.0,0.0,0.22353011,1.0,2018-05-12 14:00:00,0.0,0.0,0.0,0.0,0.0
286.26636,1.0,0.0,0.03446543,1.0,2018-05-12 15:00:00,0.0,0.0,0.0,0.0,0.0
287.00806,1.0,0.0,0.067840576,1.0,2018-05-12 16:00:00,0.0,0.0,0.0,0.0,0.0
288.32275,1.0,0.0,0.41975462,1.0,2018-05-12 17:00:00,0.0,0.0,0.0,0.0,0.0
288.28564,1.0,0.0,0.8078223,1.0,2018-05-12 18:00:00,0.0,0.0,0.0,0.0,0.0
288.99487,1.0,0.0,1.0,0.9978961,2018-05-12 19:00:00,0.0,0.000264558,0.0,0.0002593724,5.0612734e-06
289.23755,1.0,0.0,0.979173,0.976318,2018-05-12 20:00:00,0.0,7.647222e-05,0.0,6.2645195e-05,1.3464267e-05
289.21265,0.9920993,0.0015890491,0.84541816,0.9714693,2018-05-12 21:00:00,0.0,0.00023332462,0.0,0.00019737426,3.6226906e-05
287.59277,0.98730457,0.0,0.9441261,0.9328577,2018-05-12 22:00:00,0.0,0.00014613081,0.0,0.00010217771,4.3953085e-05
286.99585,0.98762685,0.0,0.97497565,0.8432512,2018-05-12 23:00:00,0.0,1.9457993e-06,0.0,0.0,1.9457993e-06
286.6648,0.8812731,0.0,0.63571453,0.6774014,2018-05-13 00:00:00,0.0,0.0,0.0,0.0,0.0
286.3435,0.72696495,0.0021207693,0.50626975,0.58940476,2018-05-13 01:00:00,0.0,0.0,0.0,0.0,0.0
286.23438,0.6271657,0.00053172023,0.5812729,0.30386817,2018-05-13 02:00:00,0.0,0.0,0.0,0.0,0.0
284.85767,0.44725436,0.002103883,0.44725436,0.0,2018-05-13 03:00:00,0.0,0.0,0.0,0.0,0.0
284.67407,0.2758876,0.0,0.2758876,0.0,2018-05-13 04:00:00,0.0,0.0,0.0,0.0,0.0
284.27563,0.08307743,0.0,0.078202605,0.0065169036,2018-05-13 05:00:00,0.0,0.0,0.0,0.0,0.0
282.9309,0.15099543,0.0,0.005003199,0.15099543,2018-05-13 06:00:00,0.0,0.0,0.0,0.0,0.0
282.64648,0.30584943,0.0,0.0044917315,0.30294675,2018-05-13 07:00:00,0.0,0.0,0.0,0.0,0.0
282.6892,0.5600963,0.0,0.052623395,0.5445483,2018-05-13 08:00:00,0.0,0.0,0.0,0.0,0.0
281.56885,0.12353128,0.0071273334,0.07754564,0.04652839,2018-05-13 09:00:00,0.0,0.0,0.0,0.0,0.0
279.5464,0.17417055,0.0,0.16545415,0.010820266,2018-05-13 10:00:00,0.0,0.0,0.0,0.0,0.0
279.5974,0.2817523,0.0,0.232835,0.06341356,2018-05-13 11:00:00,0.0,0.0,0.0,0.0,0.0
280.94824,0.4065746,0.0015890491,0.0,0.4065746,2018-05-13 12:00:00,0.0,0.0,0.0,0.0,0.0
282.66113,0.8705216,0.0015890491,0.0,0.8705216,2018-05-13 13:00:00,0.0,0.0,0.0,0.0,0.0
284.28564,0.9508621,0.0015890491,0.0,0.95033044,2018-05-13 14:00:00,0.0,0.0,0.0,0.0,0.0
287.4563,0.84131444,0.0066124983,0.0,0.84131444,2018-05-13 15:00:00,0.0,0.0,0.0,0.0,0.0
288.51636,1.0,0.010597732,0.0,1.0,2018-05-13 16:00:00,0.0,0.0,0.0,0.0,0.0
289.9297,1.0,0.013716839,0.0496586,1.0,2018-05-13 17:00:00,0.0,0.0,0.0,0.0,0.0
290.59668,0.99627113,0.016602635,0.41911894,0.99627113,2018-05-13 18:00:00,1.0,0.00017282947,0.0,0.00017288652,0.0
290.90234,0.78383726,0.0039600097,0.5457454,0.7663698,2018-05-13 19:00:00,0.0,0.0,0.0,0.0,0.0
291.82812,0.0693596,0.03069843,0.027281541,0.031698015,2018-05-13 20:00:00,0.0,0.0,0.0,0.0,0.0
293.0,0.12711662,0.06897026,0.013731286,0.068434656,2018-05-13 21:00:00,0.0,0.0,0.0,0.0,0.0
293.9419,0.1356079,0.025956504,0.06595552,0.10468596,2018-05-13 22:00:00,0.0,0.0,0.0,0.0,0.0
294.1538,0.11564982,0.0026463778,0.09717661,0.06851667,2018-05-13 23:00:00,0.0,0.0,0.0,0.0,0.0
294.08423,0.09482068,0.0,0.092449725,0.017122652,2018-05-14 00:00:00,0.0,0.0,0.0,0.0,0.0
293.3794,0.2765997,0.0,0.22915214,0.2225737,2018-05-14 01:00:00,0.0,0.0,0.0,0.0,0.0
291.84937,0.37993664,0.0,0.3492685,0.2400561,2018-05-14 02:00:00,0.0,0.0,0.0,0.0,0.0
289.70752,0.34053117,0.0,0.34053117,0.08455467,2018-05-14 03:00:00,0.0,1.661625e-05,0.0,1.661625e-05,0.0
288.83594,0.15775096,0.0,0.15775096,0.005006563,2018-05-14 04:00:00,0.0,0.0,0.0,0.0,0.0
288.46265,0.05403728,0.0,0.05403728,0.0,2018-05-14 05:00:00,0.0,0.0,0.0,0.0,0.0
287.281,0.015297551,0.0,0.015297551,0.0,2018-05-14 06:00:00,0.0,0.0,0.0,0.0,0.0
286.93262,0.041875087,0.0015890491,0.041875087,0.0,2018-05-14 07:00:00,0.0,0.0,0.0,0.0,0.0
286.60083,0.05362699,0.009773713,0.048077714,0.0,2018-05-14 08:00:00,0.0,0.0,0.0,0.0,0.0
286.57422,0.27595317,0.052789852,0.24457026,0.03908874,2018-05-14 09:00:00,0.0,1.9099144e-07,0.0,1.432436e-07,0.0
285.7317,0.13546306,0.030575566,0.07407409,0.06323141,2018-05-14 10:00:00,0.0,3.8198294e-07,0.0,3.3423504e-07,0.0
285.38843,0.25497788,0.0,0.030198045,0.24332893,2018-05-14 11:00:00,0.0,0.0,0.0,0.0,0.0
286.79175,0.85400707,0.0031780982,0.046452843,0.846632,2018-05-14 12:00:00,0.0,0.0,0.0,0.0,0.0
287.95825,0.99164295,0.0,0.26018184,0.99001795,2018-05-14 13:00:00,0.0,4.5825306e-07,0.0,1.432436e-07,2.6726156e-07
288.92822,1.0,0.0,0.24297386,1.0,2018-05-14 14:00:00,0.0,0.0,0.0,0.0,0.0
292.26074,1.0,0.0,0.23575997,1.0,2018-05-14 15:00:00,0.0,0.0,0.0,9.549569e-08,0.0
294.0774,0.9966217,0.0,0.35382646,0.9966217,2018-05-14 16:00:00,0.0,5.7297444e-07,0.0,5.7297444e-07,0.0
295.40845,0.8714184,0.0,0.6244229,0.7793705,2018-05-14 17:00:00,1.0,0.0,0.0,4.7747868e-08,0.0
295.9004,0.961283,0.005370669,0.66531074,0.92040527,2018-05-14 18:00:00,0.0,2.519434e-06,0.0,2.7101041e-06,0.0
295.62427,0.99420315,0.026131433,0.920959,0.9627099,2018-05-14 19:00:00,1.0,4.841754e-05,0.0,4.828391e-05,1.14079796e-07
295.50854,0.99243104,0.049238972,0.90631527,0.965045,2018-05-14 20:00:00,1.0,9.256722e-05,0.0,9.1394366e-05,9.158646e-07
295.0,1.0,0.0074853264,0.9130294,0.99627113,2018-05-14 21:00:00,1.0,0.00028085476,0.0,0.00027921237,1.5087062e-06
292.97583,0.99525803,0.13098568,0.94701767,0.9833922,2018-05-14 22:00:00,1.0,0.0010091846,0.0,0.0009959352,1.3363693e-05
291.84448,0.9970973,0.08870983,0.87844205,0.9894646,2018-05-14 23:00:00,1.0,0.0007531189,0.0,0.0006108391,0.00014239391
291.0459,1.0,0.0,1.0,0.9768066,2018-05-15 00:00:00,1.0,0.001297029,0.0,0.0010209812,0.00027638115
290.79614,0.98841226,0.01998901,0.9815737,0.84790534,2018-05-15 01:00:00,1.0,0.000803008,0.0,0.00055540004,0.0002478175
290.24072,1.0,0.0,1.0,0.946386,2018-05-15 02:00:00,1.0,0.000791359,0.0,0.00068594306,0.00010539705
289.5105,0.78947234,0.0,0.6409208,0.7030733,2018-05-15 03:00:00,1.0,0.00084090675,0.0,0.0007761703,6.4831926e-05
289.2798,0.771764,0.0,0.3341217,0.695889,2018-05-15 04:00:00,1.0,0.00059295027,0.0,0.0005387261,5.4310032e-05
288.77075,0.9264305,0.0,0.35669774,0.9069034,2018-05-15 05:00:00,1.0,0.0003855247,0.0,0.000370407,1.4993406e-05
288.49292,0.90851194,0.0,0.31829673,0.9053339,2018-05-15 06:00:00,1.0,0.00036450708,0.0,0.0003638207,6.864127e-07
288.01343,0.7938005,0.01336024,0.3100385,0.77001965,2018-05-15 07:00:00,0.0,1.1038337e-05,0.0,1.0942841e-05,0.0
287.4126,0.2829926,0.023934882,0.17893505,0.14939594,2018-05-15 08:00:00,0.0,0.0,0.0,0.0,0.0
286.48047,0.24100244,0.037008584,0.2313677,0.0033782488,2018-05-15 09:00:00,0.0,6.365498e-06,0.0,6.251418e-06,0.0
285.3313,0.10769701,0.0,0.10769701,0.0,2018-05-15 10:00:00,0.0,6.44756e-06,0.0,6.037055e-06,0.0
284.98755,0.0067320913,0.0,0.0067320913,0.0,2018-05-15 11:00:00,0.0,1.1247894e-06,0.0,1.0107096e-06,0.0
284.96313,0.0,0.0,0.0,0.0,2018-05-15 12:00:00,0.0,0.0,0.0,0.0,0.0
286.12402,0.0,0.0,0.0,0.0,2018-05-15 13:00:00,0.0,0.0,0.0,0.0,0.0
288.27222,0.0,0.0,0.0,0.0,2018-05-15 14:00:00,0.0,0.0,0.0,0.0,0.0
291.34155,0.0,0.0,0.0,0.0,2018-05-15 15:00:00,0.0,0.0,0.0,0.0,0.0
292.36353,0.0,0.0,0.0,0.0,2018-05-15 16:00:00,0.0,0.0,0.0,0.0,0.0
293.82764,0.0,0.0,0.0,0.0,2018-05-15 17:00:00,0.0,0.0,0.0,0.0,0.0
294.75806,0.0,0.0,0.0,0.0,2018-05-15 18:00:00,0.0,0.0,0.0,0.0,0.0
295.5293,0.0,0.0,0.0,0.0,2018-05-15 19:00:00,0.0,0.0,0.0,0.0,0.0
296.32397,0.0,0.0,0.0,0.0,2018-05-15 20:00:00,0.0,0.0,0.0,0.0,0.0
297.2456,0.0,0.0,0.0,0.0,2018-05-15 21:00:00,0.0,0.0,0.0,0.0,0.0
297.3291,0.0,0.0,0.0,0.0,2018-05-15 22:00:00,0.0,0.0,0.0,0.0,0.0
297.35352,0.0,0.0,0.0,0.0,2018-05-15 23:00:00,0.0,0.0,0.0,0.0,0.0
296.93652,0.0,0.0,0.0,0.0,2018-05-16 00:00:00,0.0,0.0,0.0,0.0,0.0
296.3147,0.0,0.0,0.0,0.0,2018-05-16 01:00:00,0.0,0.0,0.0,0.0,0.0
293.33325,0.0,0.0,0.0,0.0,2018-05-16 02:00:00,0.0,0.0,0.0,0.0,0.0
290.3794,0.0,0.0,0.0,0.0,2018-05-16 03:00:00,0.0,0.0,0.0,0.0,0.0
289.38574,0.0,0.0,0.0,0.0,2018-05-16 04:00:00,0.0,0.0,0.0,0.0,0.0
288.2058,0.0,0.0,0.0,0.0,2018-05-16 05:00:00,0.0,0.0,0.0,0.0,0.0
287.45483,0.0,0.0,0.0,0.0,2018-05-16 06:00:00,0.0,0.0,0.0,0.0,0.0
287.73047,0.0,0.0,0.0,0.0,2018-05-16 07:00:00,0.0,0.0,0.0,0.0,0.0
287.52905,0.0,0.0,0.0,0.0,2018-05-16 08:00:00,0.0,0.0,0.0,0.0,0.0
286.22803,0.0,0.0,0.0,0.0,2018-05-16 09:00:00,0.0,0.0,0.0,0.0,0.0
286.4182,0.0,0.0,0.0,0.0,2018-05-16 10:00:00,0.0,0.0,0.0,0.0,0.0
286.32007,0.0,0.0,0.0,0.0,2018-05-16 11:00:00,0.0,0.0,0.0,0.0,0.0
286.90894,0.0,0.0,0.0,0.0,2018-05-16 12:00:00,0.0,0.0,0.0,0.0,0.0
289.13135,0.0,0.0,0.0,0.0,2018-05-16 13:00:00,0.0,0.0,0.0,0.0,0.0
292.6411,0.0,0.0,0.0,0.0,2018-05-16 14:00:00,0.0,0.0,0.0,0.0,0.0
296.94043,0.0,0.0,0.0,0.0,2018-05-16 15:00:00,0.0,0.0,0.0,0.0,0.0
298.90283,0.0,0.0,0.0,0.0,2018-05-16 16:00:00,0.0,0.0,0.0,0.0,0.0
300.24585,0.0,0.0,0.0,0.0,2018-05-16 17:00:00,0.0,0.0,0.0,0.0,0.0
301.11963,0.002103883,0.0,0.002103883,0.0,2018-05-16 18:00:00,0.0,0.0,0.0,0.0,0.0
301.9607,0.010688771,0.0032499009,0.0074217655,0.0016249504,2018-05-16 19:00:00,0.0,0.0,0.0,0.0,0.0
302.1338,0.05160719,0.0016249504,0.05160719,0.0,2018-05-16 20:00:00,0.0,0.0,0.0,0.0,0.0
302.56274,0.0859226,0.0,0.0859226,0.0,2018-05-16 21:00:00,0.0,0.0,0.0,0.0,0.0
302.41797,0.23713744,0.0010573287,0.23713744,0.0,2018-05-16 22:00:00,0.0,0.0,0.0,0.0,0.0
302.1748,0.17495382,0.0,0.17495382,0.0,2018-05-16 23:00:00,0.0,0.0,0.0,0.0,0.0
301.4895,0.093242824,0.0,0.09161788,0.0016249504,2018-05-17 00:00:00,0.0,0.0,0.0,0.0,0.0
300.19214,0.09767759,0.0,0.094299376,0.0033782488,2018-05-17 01:00:00,0.0,0.0,0.0,0.0,0.0
297.02246,0.11014789,0.0,0.11014789,0.0,2018-05-17 02:00:00,0.0,0.0,0.0,0.0,0.0
295.67358,0.16175944,0.0,0.16175944,0.0,2018-05-17 03:00:00,0.0,0.0,0.0,0.0,0.0
295.0244,0.24402398,0.0,0.24402398,0.0,2018-05-17 04:00:00,0.0,0.0,0.0,0.0,0.0
294.2505,0.23263192,0.0,0.23263192,0.0,2018-05-17 05:00:00,0.0,0.0,0.0,0.0,0.0
293.5022,0.17572004,0.0,0.17572004,0.0,2018-05-17 06:00:00,0.0,0.0,0.0,0.0,0.0
292.61987,0.1326266,0.0,0.1326266,0.0,2018-05-17 07:00:00,0.0,0.0,0.0,0.0,0.0
291.34937,0.14688563,0.0,0.14688563,0.0,2018-05-17 08:00:00,0.0,0.0,0.0,0.0,0.0
290.00586,0.17109394,0.0,0.17109394,0.0,2018-05-17 09:00:00,0.0,0.0,0.0,0.0,0.0
287.9956,0.26928717,0.0,0.26928717,0.0,2018-05-17 10:00:00,0.0,0.0,0.0,0.0,0.0
288.15576,0.23000258,0.0,0.23000258,0.0,2018-05-17 11:00:00,0.0,0.0,0.0,0.0,0.0
288.38892,0.18886238,0.0,0.18886238,0.0,2018-05-17 12:00:00,0.0,0.0,0.0,0.0,0.0
289.02686,0.24001342,0.0,0.24001342,0.0,2018-05-17 13:00:00,0.0,0.0,0.0,0.0,0.0
290.729,0.23330432,0.0,0.23330432,0.0,2018-05-17 14:00:00,0.0,0.0,0.0,0.0,0.0
294.40796,0.24232328,0.0,0.24232328,0.0,2018-05-17 15:00:00,0.0,0.0,0.0,0.0,0.0
296.16064,0.15451586,0.0,0.15451586,0.0,2018-05-17 16:00:00,0.0,0.0,0.0,0.0,0.0
297.7307,0.09684777,0.0,0.09684777,0.0,2018-05-17 17:00:00,0.0,0.0,0.0,0.0,0.0
299.3994,0.019844614,0.0,0.009973861,0.009895153,2018-05-17 18:00:00,0.0,0.0,0.0,0.0,0.0
300.70483,0.12925911,0.0053347684,0.11700922,0.01173529,2018-05-17 19:00:00,1.0,5.9322447e-06,0.0,6.1136234e-06,0.0
301.21655,0.27193224,0.0029026829,0.2695613,0.0,2018-05-17 20:00:00,0.0,6.545795e-05,0.0,6.564862e-05,0.0
301.90112,0.38699925,0.02473851,0.38699925,0.0,2018-05-17 21:00:00,0.0,3.536597e-05,0.0,3.5289384e-05,0.0
301.26685,0.49385822,0.0,0.49385822,0.0,2018-05-17 22:00:00,0.0,1.0957725e-05,0.0,1.0824094e-05,0.0
301.13428,0.47523636,0.0,0.47523636,0.0,2018-05-17 23:00:00,0.0,2.4854671e-05,0.0,2.4835113e-05,0.0
300.48462,0.3531621,0.0,0.3531621,0.0,2018-05-18 00:00:00,0.0,0.0,0.0,0.0,0.0
299.18018,0.053076405,0.0,0.053076405,0.0,2018-05-18 01:00:00,0.0,0.0,0.0,0.0,0.0
297.81787,0.02662053,0.0,0.02662053,0.0,2018-05-18 02:00:00,0.0,0.0,0.0,0.0,0.0
295.49268,0.019159496,0.0,0.019159496,0.0,2018-05-18 03:00:00,0.0,0.0,0.0,0.0,0.0
294.47095,0.0,0.0,0.0,0.0,2018-05-18 04:00:00,0.0,0.0,0.0,0.0,0.0
293.20117,0.015710767,0.0,0.0033782488,0.01234962,2018-05-18 05:00:00,0.0,0.0,0.0,0.0,0.0
291.25757,0.13888353,0.0,0.00970922,0.13447237,2018-05-18 06:00:00,0.0,0.0,0.0,0.0,0.0
290.7881,0.036826193,0.0,0.0033782488,0.03346505,2018-05-18 07:00:00,0.0,0.0,0.0,0.0,0.0
289.83423,0.0037098185,0.0,0.0,0.0037098185,2018-05-18 08:00:00,0.0,0.0,0.0,0.0,0.0
287.7832,0.0032499009,0.0,0.0,0.0032499009,2018-05-18 09:00:00,0.0,0.0,0.0,0.0,0.0
286.4275,0.7553446,0.0,0.0,0.7553446,2018-05-18 10:00:00,0.0,0.0,0.0,0.0,0.0
286.0691,0.21034408,0.0,0.0,0.21034408,2018-05-18 11:00:00,0.0,0.0,0.0,0.0,0.0
286.2649,0.0,0.0,0.0,0.0,2018-05-18 12:00:00,0.0,0.0,0.0,0.0,0.0
287.62988,0.043924976,0.0,0.0,0.043924976,2018-05-18 13:00:00,0.0,0.0,0.0,0.0,0.0
288.98706,0.6609989,0.0,0.0,0.6609989,2018-05-18 14:00:00,0.0,0.0,0.0,0.0,0.0
293.09204,0.7692891,0.0,0.0,0.7692891,2018-05-18 15:00:00,0.0,0.0,0.0,0.0,0.0
294.9104,0.85575694,0.0,0.0,0.85575694,2018-05-18 16:00:00,0.0,0.0,0.0,0.0,0.0
296.54663,0.9322835,0.0,0.0,0.9322835,2018-05-18 17:00:00,0.0,0.0,0.0,0.0,0.0
297.9973,0.66275537,0.0,0.0,0.66275537,2018-05-18 18:00:00,0.0,0.0,0.0,0.0,0.0
298.98804,0.5543179,0.0,0.011061911,0.5516654,2018-05-18 19:00:00,0.0,0.0,0.0,0.0,0.0
299.61963,0.0905233,0.016966738,0.08389181,0.0,2018-05-18 20:00:00,0.0,0.0,0.0,0.0,0.0
300.68774,0.16656554,0.061858512,0.15627456,0.0,2018-05-18 21:00:00,0.0,0.0,0.0,0.0,0.0
300.3816,0.2222032,0.0,0.2222032,0.0,2018-05-18 22:00:00,1.0,2.6726156e-07,0.0,1.3363075e-07,0.0
300.26343,0.18429577,0.00053172023,0.18376404,0.00053172023,2018-05-18 23:00:00,0.0,1.2672754e-05,0.0,1.2625005e-05,0.0
299.6057,0.2225619,0.0,0.21133077,0.019552264,2018-05-19 00:00:00,0.0,4.8035963e-06,0.0,3.9454226e-06,8.966298e-07
298.28857,0.27734447,0.00053172023,0.27734447,0.0,2018-05-19 01:00:00,0.0,9.3237235e-05,0.0,9.3380164e-05,0.0
297.18994,0.33772564,0.0,0.33772564,0.0,2018-05-19 02:00:00,0.0,8.011024e-05,0.0,7.9270656e-05,7.8255e-07
294.948,0.16073388,0.0,0.07401472,0.089622974,2018-05-19 03:00:00,1.0,7.4213225e-05,0.0,7.304869e-05,1.3741083e-06
294.46875,0.28125465,0.03328906,0.047036353,0.23122144,2018-05-19 04:00:00,0.0,9.536442e-05,0.0,9.5039795e-05,1.9099144e-07
293.5625,0.2970808,0.008852858,0.25790375,0.04421439,2018-05-19 05:00:00,1.0,1.8076826e-05,0.0,1.7752202e-05,1.9099144e-07
292.53833,0.62339604,0.053120896,0.433603,0.35527253,2018-05-19 06:00:00,1.0,3.1937947e-05,0.0,3.199499e-05,0.0
291.97583,0.9453097,0.18784678,0.3015365,0.9213642,2018-05-19 07:00:00,1.0,0.000100490346,0.0,0.000100623976,0.0
291.3794,1.0,0.21152937,0.09435421,1.0,2018-05-19 08:00:00,1.0,0.00011693267,0.0,0.00011533839,1.6035692e-06
289.50928,0.998375,0.27009374,0.12939608,0.998375,2018-05-19 09:00:00,1.0,8.017848e-07,0.0,0.0,8.017848e-07
288.5537,0.9858903,0.57964337,0.116065025,0.9404067,2018-05-19 10:00:00,0.0,0.0,0.0,0.0,0.0
288.44556,0.997629,0.95887583,0.12869442,0.9381139,2018-05-19 11:00:00,0.0,0.0,0.0,0.0,0.0
288.42285,0.99629015,0.99629015,0.12696004,0.20629042,2018-05-19 12:00:00,1.0,0.0,0.0,0.0,0.0
287.93896,1.0,1.0,0.062355265,0.049501233,2018-05-19 13:00:00,1.0,0.0,0.0,0.0,0.0
287.97046,1.0,1.0,0.0,0.0,2018-05-19 14:00:00,0.0,0.0,0.0,0.0,0.0
288.80566,1.0,1.0,0.0,0.0,2018-05-19 15:00:00,0.0,0.0,0.0,0.0,0.0
289.15723,1.0,1.0,0.0,0.005298864,2018-05-19 16:00:00,0.0,7.626828e-07,0.0,0.0,7.626828e-07
289.4292,1.0,1.0,0.0,0.024267603,2018-05-19 17:00:00,1.0,7.2551467e-07,0.0,4.963881e-07,1.14079796e-07
289.187,1.0,1.0,0.0,0.032261852,2018-05-19 18:00:00,0.0,1.0113599e-06,0.0,9.0657255e-07,0.0
288.69824,1.0,1.0,0.01266427,0.24470246,2018-05-19 19:00:00,0.0,9.942461e-06,0.0,1.8137865e-07,9.8469645e-06
288.16187,1.0,1.0,0.018346336,0.59094983,2018-05-19 20:00:00,0.0,5.1138095e-06,0.0,2.6726156e-07,4.846547e-06
287.6753,1.0,1.0,0.10373008,0.9882647,2018-05-19 21:00:00,0.0,5.7297444e-07,0.0,0.0,5.7297444e-07
286.76953,1.0,1.0,0.58364105,1.0,2018-05-19 22:00:00,0.0,9.549569e-08,0.0,0.0,9.549569e-08
286.5608,1.0,0.99675006,0.6856932,0.9755361,2018-05-19 23:00:00,0.0,1.9099144e-07,0.0,0.0,1.9099144e-07
286.09985,1.0,0.9755744,0.96476907,0.96900743,2018-05-20 00:00:00,0.0,1.7189232e-06,0.0,0.0,1.7189232e-06
285.7705,0.998375,0.92071635,0.92540306,0.97985905,2018-05-20 01:00:00,0.0,1.9099144e-07,0.0,0.0,9.549569e-08
285.37207,0.998375,0.85944194,0.8363244,0.99036855,2018-05-20 02:00:00,0.0,0.0,0.0,0.0,0.0
284.22266,0.98176485,0.78167284,0.7083402,0.9722868,2018-05-20 03:00:00,0.0,0.0,0.0,0.0,0.0
283.9331,1.0,0.6255823,0.54234445,0.9966217,2018-05-20 04:00:00,0.0,0.0,0.0,0.0,0.0
283.49707,1.0,0.44553715,0.35575557,1.0,2018-05-20 05:00:00,0.0,0.0,0.0,0.0,0.0
283.07178,1.0,0.09741384,0.13109857,1.0,2018-05-20 06:00:00,0.0,0.0,0.0,0.0,0.0
282.66333,0.99001795,0.07006633,0.052264385,0.99001795,2018-05-20 07:00:00,0.0,0.0,0.0,0.0,0.0
282.08398,0.97873175,0.04206564,0.029258776,0.97873175,2018-05-20 08:00:00,0.0,0.0,0.0,0.0,0.0
280.90527,0.9859968,0.045144495,0.013483532,0.9859968,2018-05-20 09:00:00,0.0,0.0,0.0,0.0,0.0
280.48486,0.96946007,0.0,0.017479539,0.96946007,2018-05-20 10:00:00,0.0,0.0,0.0,0.0,0.0
280.5088,0.96342003,0.007088065,0.014301442,0.9628883,2018-05-20 11:00:00,0.0,0.0,0.0,0.0,0.0
280.54077,0.9753721,0.0021207693,0.0010573287,0.9753721,2018-05-20 12:00:00,0.0,0.0,0.0,0.0,0.0
281.2837,0.8902108,0.0,0.013182677,0.8902108,2018-05-20 13:00:00,0.0,0.0,0.0,0.0,0.0
282.93115,0.82894486,0.0010573287,0.035437614,0.8231395,2018-05-20 14:00:00,0.0,0.0,0.0,0.0,0.0
286.22412,0.20480335,0.0037098185,0.0,0.20109963,2018-05-20 15:00:00,0.0,0.0,0.0,0.0,0.0
287.96704,0.4032079,0.005298864,0.21336216,0.23908252,2018-05-20 16:00:00,0.0,0.0,0.0,0.0,0.0
289.48828,0.13217735,0.0068879165,0.12528944,0.0010573287,2018-05-20 17:00:00,0.0,0.0,0.0,0.0,0.0
290.7832,0.013494305,0.0063561946,0.0021207693,0.0055490583,2018-05-20 18:00:00,0.0,0.0,0.0,0.0,0.0
291.92334,0.0261707,0.0,0.009008683,0.018225458,2018-05-20 19:00:00,0.0,0.0,0.0,0.0,0.0
292.8982,0.038221423,0.00053172023,0.00053172023,0.0376897,2018-05-20 20:00:00,0.0,0.0,0.0,0.0,0.0
293.95508,0.12666535,0.0015890491,0.0,0.12507021,2018-05-20 21:00:00,0.0,0.0,0.0,0.0,0.0
294.36157,0.36856508,0.004767146,0.017718956,0.35879135,2018-05-20 22:00:00,0.0,0.0,0.0,0.0,0.0
294.36572,0.5817297,0.017479539,0.093373775,0.5497982,2018-05-20 23:00:00,0.0,0.0,0.0,0.0,0.0
294.0791,0.6407326,0.046166666,0.14186835,0.5903916,2018-05-21 00:00:00,0.0,0.0,0.0,0.0,0.0
292.70288,0.79400826,0.0037098185,0.13607478,0.75734335,2018-05-21 01:00:00,0.0,0.0,0.0,0.0,0.0
290.83887,0.91903555,0.09667474,0.22211176,0.88080955,2018-05-21 02:00:00,0.0,0.0,0.0,0.0,0.0
288.41626,0.920727,0.19128907,0.26350057,0.89645094,2018-05-21 03:00:00,0.0,0.0,0.0,0.0,0.0
287.44507,0.96818215,0.29846,0.36456233,0.95657754,2018-05-21 04:00:00,0.0,0.0,0.0,0.0,0.0
286.7307,0.9815424,0.4352618,0.45267493,0.9662697,2018-05-21 05:00:00,0.0,0.0,0.0,0.0,0.0
286.313,1.0,0.67482823,0.75078887,0.997629,2018-05-21 06:00:00,0.0,0.0,0.0,0.0,0.0
285.7307,0.99946827,0.6736094,0.775028,0.99629015,2018-05-21 07:00:00,0.0,0.0,0.0,0.0,0.0
286.03857,1.0,0.7886332,0.87818736,0.9886793,2018-05-21 08:00:00,0.0,1.9099144e-07,0.0,1.432436e-07,0.0
285.85278,1.0,0.9745691,0.91525805,0.99001795,2018-05-21 09:00:00,0.0,1.2013237e-05,0.0,7.1144323e-06,4.9465525e-06
287.66333,0.9978961,0.39413702,0.94775033,0.9875391,2018-05-21 10:00:00,0.0,1.0082832e-05,0.0,8.879839e-07,9.1471e-06
287.87427,1.0,0.26126605,0.77310133,0.998375,2018-05-21 11:00:00,0.0,7.332049e-06,0.0,0.0,7.332049e-06
287.69775,0.9978961,0.4527014,0.61153775,0.9978961,2018-05-21 12:00:00,0.0,5.5560813e-06,0.0,0.0,5.5560813e-06
287.917,0.998375,0.74510646,0.6445784,0.989114,2018-05-21 13:00:00,0.0,4.0095556e-06,0.0,0.0,4.0095556e-06
288.54346,0.9690611,0.764608,0.53371805,0.9357287,2018-05-21 14:00:00,1.0,1.7525163e-05,0.0,1.6436577e-05,9.549567e-07
289.33496,0.9615928,0.79072374,0.3455004,0.8033773,2018-05-21 15:00:00,1.0,0.00025589322,0.0,0.00024856208,7.6358465e-06
288.7234,0.976428,0.81817776,0.25779152,0.7358778,2018-05-21 16:00:00,1.0,0.0004672939,0.0,0.0004530321,1.4175667e-05
288.59277,0.976428,0.89562595,0.39358842,0.6967859,2018-05-21 17:00:00,1.0,0.00032086996,0.0,0.0002802126,4.0600236e-05
288.7815,0.9629565,0.8888866,0.5088193,0.45812166,2018-05-21 18:00:00,1.0,0.00060887146,0.0,0.0005773094,3.1609612e-05
289.44556,0.9339025,0.8732943,0.5540384,0.050497886,2018-05-21 19:00:00,0.0,0.0,0.0,0.0,0.0
290.18066,0.9978792,0.99576455,0.5552654,0.0033782488,2018-05-21 20:00:00,0.0,0.0,0.0,0.0,0.0
290.4214,0.9827584,0.8847482,0.76615405,0.2363053,2018-05-21 21:00:00,0.0,0.00020264086,0.0,0.00020250723,0.0
292.136,0.75283647,0.4632206,0.7162719,0.00894969,2018-05-21 22:00:00,0.0,7.854897e-05,0.0,7.846276e-05,9.549569e-08
291.7356,0.25658667,0.024899177,0.23414159,0.031090397,2018-05-21 23:00:00,0.0,5.7297444e-07,0.0,1.3363075e-07,5.7297444e-07
290.95947,0.4058835,0.08903223,0.2624116,0.16803455,2018-05-22 00:00:00,0.0,3.8198294e-07,0.0,0.0,4.774787e-07
290.10474,0.39369857,0.1518535,0.18433625,0.16152745,2018-05-22 01:00:00,0.0,1.9099144e-07,0.0,0.0,1.9099144e-07
289.38257,0.2983654,0.2513818,0.065722585,0.04057373,2018-05-22 02:00:00,0.0,9.549569e-08,0.0,0.0,9.549569e-08
288.5459,0.1861453,0.15807563,0.104453266,0.0,2018-05-22 03:00:00,1.0,0.0,0.0,0.0,0.0
288.37573,0.09948516,0.06281412,0.040399823,0.0,2018-05-22 04:00:00,1.0,0.0,0.0,0.0,0.0
287.20166,0.0888505,0.08441496,0.0073382594,0.0,2018-05-22 05:00:00,1.0,0.0,0.0,0.0,0.0
287.45776,0.25826192,0.25614727,0.016211908,0.0,2018-05-22 06:00:00,1.0,0.0,0.0,0.0,0.0
287.9807,0.48704863,0.4843663,0.08733481,0.0,2018-05-22 07:00:00,0.0,8.9598825e-07,0.0,0.0,8.9598825e-07
287.53394,0.53432864,0.5083905,0.16624236,0.0,2018-05-22 08:00:00,0.0,3.813414e-07,0.0,0.0,3.813414e-07
286.9983,0.33922303,0.3277185,0.08922577,0.0,2018-05-22 09:00:00,0.0,4.0056705e-07,0.0,0.0,6.101426e-07
286.27002,0.35906607,0.35906607,0.0,0.0,2018-05-22 10:00:00,0.0,9.549569e-08,0.0,0.0,9.549569e-08
286.03662,0.5605135,0.5605135,0.0,0.0,2018-05-22 11:00:00,0.0,0.0,0.0,0.0,0.0
286.7893,0.74032027,0.74032027,0.0,0.0,2018-05-22 12:00:00,0.0,0.0,0.0,0.0,0.0
287.97095,0.44869697,0.44869697,0.0,0.0,2018-05-22 13:00:00,0.0,0.0,0.0,0.0,0.0
289.2378,0.5851242,0.5851242,0.0,0.0,2018-05-22 14:00:00,0.0,0.0,0.0,0.0,0.0
291.55298,0.9381143,0.9381143,0.0,0.0,2018-05-22 15:00:00,0.0,0.0,0.0,0.0,0.0
292.5205,1.0,1.0,0.0,0.0,2018-05-22 16:00:00,1.0,2.385801e-05,0.0,2.3667351e-05,0.0
293.635,1.0,1.0,0.0,0.0,2018-05-22 17:00:00,0.0,7.4226555e-05,0.0,7.403588e-05,0.0
294.1057,1.0,1.0,0.0,0.0,2018-05-22 18:00:00,0.0,4.0570303e-05,0.0,4.0703933e-05,0.0
294.812,1.0,1.0,0.0,0.0,2018-05-22 19:00:00,1.0,1.056732e-05,0.0,1.019527e-05,0.0
295.3767,1.0,1.0,0.0,0.0,2018-05-22 20:00:00,1.0,2.4445544e-05,0.0,2.4101682e-05,0.0
296.2495,1.0,1.0,0.0,0.0,2018-05-22 21:00:00,1.0,8.658688e-06,0.0,8.80161e-06,0.0
296.26196,0.9841817,0.9841817,0.004207764,0.0,2018-05-22 22:00:00,0.0,1.1852412e-05,0.0,1.1728073e-05,0.0
296.47266,0.83387226,0.83387226,0.0048919544,0.0,2018-05-22 23:00:00,1.0,5.6855188e-06,0.0,5.4182574e-06,0.0
296.46826,0.5629502,0.5629502,0.0,0.0,2018-05-23 00:00:00,0.0,2.6726156e-07,0.0,1.3363075e-07,0.0
296.03345,0.37780082,0.37128395,0.0010573287,0.009766806,2018-05-23 01:00:00,0.0,0.0,0.0,0.0,0.0
294.41138,0.63432187,0.049934417,0.0,0.6135841,2018-05-23 02:00:00,0.0,0.0,0.0,0.0,0.0
292.25806,0.9495606,0.023717847,0.0,0.9495606,2018-05-23 03:00:00,0.0,0.0,0.0,0.0,0.0
291.61548,0.9786397,0.010009766,0.01273131,0.9786397,2018-05-23 04:00:00,0.0,0.0,0.0,0.0,0.0
290.73926,0.95540786,0.057162058,0.0,0.95435053,2018-05-23 05:00:00,0.0,0.0,0.0,0.0,0.0
290.1123,0.97048014,0.14906025,0.072270274,0.9659525,2018-05-23 06:00:00,0.0,0.0,0.0,4.7747868e-08,0.0
290.11255,0.8760632,0.25045943,0.21510303,0.80199486,2018-05-23 07:00:00,0.0,0.0,0.0,0.0,0.0
289.94482,0.6468562,0.21511376,0.29092467,0.46894515,2018-05-23 08:00:00,0.0,1.9099144e-07,0.0,3.3391427e-07,0.0
290.08276,0.90874994,0.21107388,0.31008226,0.8836379,2018-05-23 09:00:00,0.0,6.8725305e-05,0.0,6.896372e-05,0.0
289.89526,1.0,0.22457421,0.27747923,1.0,2018-05-23 10:00:00,1.0,0.00019678104,0.0,0.00019591293,5.3452317e-07
289.76123,0.9949968,0.0339991,0.29751176,0.9949968,2018-05-23 11:00:00,1.0,0.00062753796,0.0,0.000625591,1.6990653e-06
289.9419,0.9949968,0.018057749,0.29822487,0.99001795,2018-05-23 12:00:00,1.0,0.0002443469,0.0,0.00023867085,5.7239613e-06
290.52393,0.99368834,0.0,0.059396572,0.99368834,2018-05-23 13:00:00,1.0,2.6499227e-05,0.0,2.5621179e-05,8.7804574e-07
291.9026,0.97945297,0.0,0.071802735,0.9773491,2018-05-23 14:00:00,1.0,0.00010602923,0.0,0.00010602923,0.0
294.57202,0.9920465,0.0,0.29594213,0.9915209,2018-05-23 15:00:00,1.0,0.00043990137,0.0,0.00043981522,9.549569e-08
294.9712,0.9831526,0.117129326,0.50625896,0.9721066,2018-05-23 16:00:00,0.0,0.00044470816,0.0,0.00044391584,6.4924456e-07
296.07202,0.99155676,0.8199246,0.5575681,0.9507353,2018-05-23 17:00:00,0.0,1.9099144e-07,0.0,0.0,1.9099144e-07
296.7981,1.0,1.0,0.77905023,0.5508762,2018-05-23 18:00:00,0.0,0.0,0.0,0.0,0.0
298.261,0.9902824,0.5468216,0.987594,0.046526175,2018-05-23 19:00:00,1.0,6.8313646e-05,0.0,6.610826e-05,2.1194992e-06
298.90112,0.98527277,0.77532184,0.94649565,0.030672323,2018-05-23 20:00:00,0.0,4.25529e-05,0.0,4.0394938e-05,2.15795e-06
299.7246,0.9661624,0.6808502,0.758365,0.50999725,2018-05-23 21:00:00,0.0,5.7297444e-07,0.0,5.2522654e-07,0.0
299.97144,0.8023285,0.073094726,0.42339557,0.60799456,2018-05-23 22:00:00,0.0,0.0,0.0,0.0,0.0
300.2932,0.78290874,0.027983192,0.31808245,0.67994124,2018-05-23 23:00:00,0.0,0.0,0.0,0.0,0.0
300.31885,0.7093479,0.025017291,0.4732411,0.4904861,2018-05-24 00:00:00,0.0,0.0,0.0,0.0,0.0
299.7317,0.89659846,0.044743996,0.4548496,0.8191085,2018-05-24 01:00:00,0.0,0.0,0.0,0.0,0.0
298.50073,0.9394554,0.0454831,0.17961323,0.9153531,2018-05-24 02:00:00,0.0,0.0,0.0,0.0,0.0
296.58862,0.99550825,0.054465383,0.1589607,0.99550825,2018-05-24 03:00:00,1.0,4.259008e-05,0.0,4.262822e-05,9.549569e-08
296.14966,0.9912477,0.02172795,0.056299474,0.9912477,2018-05-24 04:00:00,0.0,5.704118e-05,0.0,5.6984136e-05,0.0
294.97632,0.9764793,0.0,0.10721439,0.97147274,2018-05-24 05:00:00,0.0,6.0231803e-05,0.0,6.017476e-05,0.0
294.58154,0.9623317,0.0,0.11079502,0.94086504,2018-05-24 06:00:00,1.0,1.0957725e-05,0.0,9.220525e-06,1.8708306e-06
294.46338,0.95852506,0.0,0.110892,0.9574616,2018-05-24 07:00:00,0.0,0.0,0.0,0.0,0.0
294.01514,0.88472575,0.0,0.069892704,0.8825691,2018-05-24 08:00:00,0.0,0.0,0.0,0.0,0.0
293.75586,0.8427326,0.0,0.20228118,0.808082,2018-05-24 09:00:00,0.0,0.0,0.0,0.0,0.0
293.78345,0.9754555,0.0016249504,0.42243958,0.95709485,2018-05-24 10:00:00,0.0,0.0,0.0,0.0,0.0
293.7583,0.886216,0.0066281483,0.20970261,0.86276,2018-05-24 11:00:00,0.0,0.0,0.0,0.0,0.0
294.27783,0.7991758,0.039959677,0.14579493,0.7295109,2018-05-24 12:00:00,0.0,0.0,0.0,0.0,0.0
295.4192,0.8115787,0.0016249504,0.05047155,0.79857177,2018-05-24 13:00:00,0.0,0.0,0.0,0.0,0.0
296.89453,0.8905988,0.0,0.022734966,0.8871705,2018-05-24 14:00:00,0.0,0.0,0.0,0.0,0.0
300.2019,0.91004103,0.0,0.040008545,0.91004103,2018-05-24 15:00:00,0.0,0.0,0.0,0.0,0.0
301.80615,0.8832824,0.0,0.0,0.8832824,2018-05-24 16:00:00,0.0,0.0,0.0,0.0,0.0
303.4048,0.90015334,0.0026356035,0.00956155,0.89751774,2018-05-24 17:00:00,0.0,0.0,0.0,0.0,0.0
303.8208,0.96045345,0.11304182,0.0380071,0.96045345,2018-05-24 18:00:00,1.0,1.465123e-05,0.0,1.4737114e-05,0.0
304.3921,0.95785534,0.15990794,0.060232103,0.9487023,2018-05-24 19:00:00,1.0,1.159664e-05,0.0,1.1567798e-05,0.0
304.6848,0.9780849,0.17301583,0.047322396,0.9770276,2018-05-24 20:00:00,1.0,4.627742e-05,0.0,4.641105e-05,0.0
304.83496,0.95318216,0.17512584,0.048031617,0.9389424,2018-05-24 21:00:00,1.0,1.0491077e-05,0.0,1.0414486e-05,0.0
304.26855,0.8327617,0.018931683,0.37476432,0.7723181,2018-05-24 22:00:00,0.0,0.00033206563,0.0,0.0003322563,0.0
303.97388,0.9101929,0.0,0.16518402,0.89176995,2018-05-24 23:00:00,0.0,0.00014672661,0.0,0.00014672661,0.0
303.1543,0.9931373,0.014189757,0.12061596,0.98475856,2018-05-25 00:00:00,1.0,0.0006332332,0.0,0.0006332332,0.0
297.47705,0.9874686,0.005949285,0.46356058,0.96968657,2018-05-25 01:00:00,1.0,0.003985692,0.0,0.0039461926,3.9555845e-05
295.813,1.0,0.022204172,0.6283697,1.0,2018-05-25 02:00:00,1.0,0.00052171806,0.0,0.00032236497,0.00019932417
294.67603,1.0,0.0,0.43643957,1.0,2018-05-25 03:00:00,0.0,4.178204e-05,0.0,0.0,4.178204e-05
293.89258,0.9734856,0.0,0.07930589,0.9734856,2018-05-25 04:00:00,0.0,0.0,0.0,0.0,0.0
293.54053,0.95682544,0.014723916,0.14733785,0.95344716,2018-05-25 05:00:00,0.0,0.0,0.0,0.0,0.0
293.35767,0.96143043,0.034038752,0.0874573,0.96143043,2018-05-25 06:00:00,0.0,0.0,0.0,0.0,0.0
293.65796,0.94276583,0.0,0.034521446,0.94066197,2018-05-25 07:00:00,0.0,6.879179e-05,0.0,6.879179e-05,0.0
293.94238,0.90345746,0.0,0.025271107,0.8989826,2018-05-25 08:00:00,0.0,0.0,0.0,0.0,0.0
294.19385,0.79080474,0.0048919544,0.08139324,0.7749024,2018-05-25 09:00:00,0.0,0.0,0.0,0.0,0.0
292.97974,0.8173251,0.02323829,0.12410468,0.7854737,2018-05-25 10:00:00,0.0,0.0,0.0,0.0,0.0
292.97485,1.0,0.06364292,0.115810215,1.0,2018-05-25 11:00:00,0.0,0.0,0.0,0.0,0.0
293.03638,1.0,0.0023709626,0.17631441,1.0,2018-05-25 12:00:00,0.0,0.0008198237,0.0,0.00081995735,0.0
293.65186,0.9989426,0.0,0.04105266,0.9989426,2018-05-25 13:00:00,1.0,0.002060028,0.0,0.002055874,4.230631e-06
294.5923,1.0,0.0,0.02494279,1.0,2018-05-25 14:00:00,1.0,0.0029465384,0.0,0.002926581,1.9671337e-05
297.02466,1.0,0.1519587,0.11953449,1.0,2018-05-25 15:00:00,1.0,0.0029323238,0.0,0.0028080284,0.00012443845
297.73877,0.9323336,0.0,0.012130227,0.9323336,2018-05-25 16:00:00,0.0,0.0018671497,0.0,0.0018431733,2.4424415e-05
299.74878,0.380117,0.0,0.0063309744,0.380117,2018-05-25 17:00:00,0.0,0.00010388013,0.0,0.00010289665,9.3573175e-07
301.48853,0.072938144,0.0016249504,0.0056208633,0.06894225,2018-05-25 18:00:00,1.0,1.8753082e-05,0.0,1.8466599e-05,3.8198294e-07
302.92554,0.29102284,0.050716076,0.038557213,0.23856574,2018-05-25 19:00:00,0.0,0.000113083996,0.0,0.00011297922,0.0
304.20264,0.302837,0.021286912,0.023464143,0.26643324,2018-05-25 20:00:00,0.0,4.0748273e-05,0.0,4.0671686e-05,0.0
304.28418,0.39859778,0.013471484,0.15143895,0.27716035,2018-05-25 21:00:00,0.0,6.101426e-07,0.0,5.053548e-07,0.0
303.3501,0.30362475,0.0,0.21314043,0.10369116,2018-05-25 22:00:00,0.0,3.4679479e-06,0.0,3.6493266e-06,0.0
301.26245,0.19892532,0.0,0.116147876,0.093245625,2018-05-25 23:00:00,0.0,2.9951741e-05,0.0,3.0037627e-05,0.0
300.9646,0.23740196,0.0,0.12692642,0.11970359,2018-05-26 00:00:00,0.0,0.000783778,0.0,0.00078358734,0.0
299.69214,0.2199707,0.0,0.09819782,0.15941513,2018-05-26 01:00:00,0.0,0.0,0.0,0.0,0.0
298.26,0.059479,0.0,0.014420934,0.045047067,2018-05-26 02:00:00,0.0,0.0,0.0,0.0,0.0
296.29785,0.03298062,0.0,0.007638801,0.025341816,2018-05-26 03:00:00,0.0,0.0,0.0,0.0,0.0
295.51514,0.02548803,0.0,0.02336726,0.0021207693,2018-05-26 04:00:00,0.0,0.0,0.0,0.0,0.0
294.28345,0.010009766,0.0,0.010009766,0.0,2018-05-26 05:00:00,0.0,0.0,0.0,0.0,0.0
294.11768,0.0029026829,0.0,0.0029026829,0.0,2018-05-26 06:00:00,0.0,0.0,0.0,0.0,0.0
294.14258,0.0,0.0,0.0,0.0,2018-05-26 07:00:00,0.0,0.0,0.0,0.0,0.0
293.62207,0.0,0.0,0.0,0.0,2018-05-26 08:00:00,0.0,0.0,0.0,0.0,0.0
292.69775,0.007638801,0.0,0.007638801,0.0,2018-05-26 09:00:00,0.0,0.0,0.0,0.0,0.0
291.79346,0.011474017,0.0,0.011474017,0.0,2018-05-26 10:00:00,0.0,0.0,0.0,0.0,0.0
292.03613,0.0033782488,0.0,0.0033782488,0.0,2018-05-26 11:00:00,0.0,0.0,0.0,0.0,0.0
292.5752,0.0,0.0,0.0,0.0,2018-05-26 12:00:00,0.0,0.0,0.0,0.0,0.0
293.9646,0.0,0.0,0.0,0.0,2018-05-26 13:00:00,0.0,0.0,0.0,0.0,0.0
295.77515,0.0,0.0,0.0,0.0,2018-05-26 14:00:00,0.0,0.0,0.0,0.0,0.0
300.60376,0.0,0.0,0.0,0.0,2018-05-26 15:00:00,0.0,0.0,0.0,0.0,0.0
302.2517,0.0,0.0,0.0,0.0,2018-05-26 16:00:00,0.0,0.0,0.0,0.0,0.0
304.0791,0.0016249504,0.0,0.0016249504,0.0,2018-05-26 17:00:00,0.0,0.0,0.0,0.0,0.0
305.46997,0.40020227,0.0,0.39197356,0.0082530975,2018-05-26 18:00:00,0.0,0.0,0.0,0.0,0.0
306.08276,0.1788804,0.0,0.11862993,0.060250495,2018-05-26 19:00:00,0.0,0.0,0.0,0.0,0.0
306.83936,0.15394104,0.0,0.12619948,0.037726857,2018-05-26 20:00:00,0.0,0.0,0.0,0.0,0.0
307.11377,0.08797711,0.0,0.06535816,0.022594519,2018-05-26 21:00:00,0.0,0.0,0.0,0.0,0.0
306.6609,0.13014174,0.0,0.11396772,0.01781607,2018-05-26 22:00:00,0.0,0.0,0.0,0.0,0.0
306.4944,0.07551885,0.0,0.07075167,0.005298864,2018-05-26 23:00:00,0.0,0.0,0.0,0.0,0.0
305.69165,0.016772885,0.0,0.016772885,0.0,2018-05-27 00:00:00,0.0,0.0,0.0,0.0,0.0
304.70996,0.017889958,0.0,0.017889958,0.0,2018-05-27 01:00:00,0.0,0.0,0.0,0.0,0.0
300.73926,0.0,0.0,0.0,0.0,2018-05-27 02:00:00,0.0,0.0,0.0,0.0,0.0
298.38623,0.0,0.0,0.0,0.0,2018-05-27 03:00:00,0.0,0.0,0.0,0.0,0.0
297.53052,0.0,0.0,0.0,0.0,2018-05-27 04:00:00,0.0,0.0,0.0,0.0,0.0
296.31494,0.0,0.0,0.0,0.0,2018-05-27 05:00:00,0.0,0.0,0.0,0.0,0.0
294.72827,0.0,0.0,0.0,0.0,2018-05-27 06:00:00,0.0,0.0,0.0,0.0,0.0
294.17114,0.0,0.0,0.0,0.0,2018-05-27 07:00:00,0.0,0.0,0.0,0.0,0.0
293.31152,0.042836405,0.0,0.0,0.042836405,2018-05-27 08:00:00,0.0,0.0,0.0,0.0,0.0
292.30054,0.2710412,0.0,0.0,0.2710412,2018-05-27 09:00:00,0.0,0.0,0.0,0.0,0.0
293.0354,0.02294682,0.0,0.0,0.02294682,2018-05-27 10:00:00,0.0,0.0,0.0,0.0,0.0
292.87842,0.026601512,0.0,0.0,0.026601512,2018-05-27 11:00:00,0.0,0.0,0.0,0.0,0.0
292.7588,0.30814433,0.0,0.0,0.30814433,2018-05-27 12:00:00,0.0,0.0,0.0,0.0,0.0
295.052,0.8351745,0.0,0.0,0.8351745,2018-05-27 13:00:00,0.0,0.0,0.0,0.0,0.0
298.02734,0.9666866,0.0,0.0,0.9666866,2018-05-27 14:00:00,0.0,0.0,0.0,0.0,0.0
301.83203,0.99159825,0.0,0.0,0.99159825,2018-05-27 15:00:00,0.0,0.0,0.0,0.0,0.0
303.84863,0.99946827,0.0,0.0,0.99946827,2018-05-27 16:00:00,0.0,0.0,0.0,0.0,0.0
304.80078,1.0,0.0,0.0,1.0,2018-05-27 17:00:00,0.0,0.0,0.0,0.0,0.0
305.09814,1.0,0.0,0.0,1.0,2018-05-27 18:00:00,0.0,0.0,0.0,0.0,0.0
305.39404,1.0,0.0,0.0,1.0,2018-05-27 19:00:00,0.0,0.0,0.0,0.0,0.0
306.00146,1.0,0.0,0.0,1.0,2018-05-27 20:00:00,0.0,0.0,0.0,0.0,0.0
306.38916,0.995108,0.0,0.0,0.995108,2018-05-27 21:00:00,0.0,0.0,0.0,0.0,0.0
305.11792,0.9043378,0.0,0.0,0.9043378,2018-05-27 22:00:00,0.0,0.0,0.0,0.0,0.0
305.0381,0.5188127,0.0,0.0,0.5188127,2018-05-27 23:00:00,0.0,0.0,0.0,0.0,0.0
304.69702,0.6802677,0.0,0.0,0.6802677,2018-05-28 00:00:00,0.0,0.0,0.0,0.0,0.0
303.95898,0.95315653,0.0,0.014985189,0.9497783,2018-05-28 01:00:00,0.0,0.0,0.0,0.0,0.0
302.53345,0.97855836,0.0,0.22890943,0.9769163,2018-05-28 02:00:00,0.0,0.0,0.0,0.0,0.0
300.60864,0.9537962,0.0,0.100459516,0.948047,2018-05-28 03:00:00,0.0,0.0,0.0,0.0,0.0
300.47583,0.532311,0.0,0.0100932345,0.532311,2018-05-28 04:00:00,0.0,0.0,0.0,0.0,0.0
300.37207,0.8397813,0.0,0.10911584,0.8239388,2018-05-28 05:00:00,0.0,0.0,0.0,0.0,0.0
300.0066,0.88301986,0.0,0.18561625,0.8630413,2018-05-28 06:00:00,0.0,0.0,0.0,0.0,0.0
300.37695,0.9203789,0.0,0.12860149,0.9086607,2018-05-28 07:00:00,0.0,0.0,0.0,0.0,0.0
299.07788,0.8991938,0.0,0.09914333,0.88910055,2018-05-28 08:00:00,0.0,4.9542123e-06,0.0,5.0878425e-06,0.0
297.37744,0.94845504,0.0033782488,0.0,0.94509387,2018-05-28 09:00:00,0.0,0.0,0.0,0.0,0.0
296.4673,0.9949968,0.0,0.09603846,0.9949968,2018-05-28 10:00:00,0.0,0.0,0.0,0.0,0.0
296.59375,0.99675006,0.0,0.2689697,0.99675006,2018-05-28 11:00:00,0.0,0.0,0.0,0.0,0.0
296.63892,0.9840409,0.0,0.20639181,0.97495496,2018-05-28 12:00:00,0.0,0.0,0.0,0.0,0.0
298.12354,0.90581197,0.0,0.10156345,0.8998152,2018-05-28 13:00:00,0.0,0.0,0.0,0.0,0.0
299.4773,0.78774524,0.0,0.025023352,0.7787787,2018-05-28 14:00:00,0.0,0.0,0.0,0.0,0.0
302.8728,0.8445789,0.0,0.02627331,0.84115064,2018-05-28 15:00:00,0.0,0.0,0.0,0.0,0.0
303.75415,0.91903293,0.0,0.0057992525,0.9185012,2018-05-28 16:00:00,0.0,0.0,0.0,0.0,0.0
304.97632,0.94341755,0.0,0.0,0.94341755,2018-05-28 17:00:00,0.0,0.0,0.0,0.0,0.0
306.04248,0.8462497,0.0,0.0,0.8462497,2018-05-28 18:00:00,0.0,0.0,0.0,0.0,0.0
307.30518,0.837574,0.0,0.0,0.837574,2018-05-28 19:00:00,1.0,0.0,0.0,0.0,0.0
308.27588,0.71478385,0.0,0.035067722,0.70978063,2018-05-28 20:00:00,0.0,1.2959155e-05,0.0,1.3226418e-05,0.0
309.10107,0.6709913,0.0,0.011606943,0.6709913,2018-05-28 21:00:00,0.0,0.0,0.0,0.0,0.0
306.62744,0.84089273,0.0,0.21334642,0.80927646,2018-05-28 22:00:00,0.0,0.0001199041,0.0,0.00011965638,0.0
305.53076,0.59101874,0.0,0.1393047,0.54441255,2018-05-28 23:00:00,0.0,0.0,0.0,0.0,0.0
303.52173,0.5077777,0.0,0.11705041,0.49404395,2018-05-29 00:00:00,0.0,0.0,0.0,0.0,0.0
301.74927,0.15322953,0.0,0.05094751,0.11020714,2018-05-29 01:00:00,0.0,0.0,0.0,0.0,0.0
300.0686,0.28968996,0.0,0.1599499,0.196406,2018-05-29 02:00:00,0.0,0.0,0.0,0.0,0.0
299.44116,0.47101283,0.0,0.26663905,0.33440512,2018-05-29 03:00:00,0.0,0.0,0.0,0.0,0.0
297.76685,0.61557645,0.0,0.36326027,0.4711117,2018-05-29 04:00:00,0.0,0.0,0.0,0.0,0.0
297.01978,0.59340745,0.0,0.16885471,0.5349356,2018-05-29 05:00:00,0.0,0.0,0.0,0.0,0.0
296.55518,0.7842191,0.0,0.03707573,0.7842191,2018-05-29 06:00:00,0.0,0.0,0.0,0.0,0.0
296.8423,0.9072885,0.0,0.016040195,0.9072885,2018-05-29 07:00:00,0.0,0.0,0.0,0.0,0.0
296.6975,0.9798331,0.0,0.0033782488,0.9798331,2018-05-29 08:00:00,0.0,0.0,0.0,0.0,0.0
296.60303,0.7087402,0.0,0.0057492107,0.7087402,2018-05-29 09:00:00,0.0,0.0,0.0,0.0,0.0
295.06274,0.15047866,0.019717492,0.035187908,0.10230535,2018-05-29 10:00:00,0.0,0.0,0.0,0.0,0.0
295.17188,0.76371396,0.0034282913,0.016498897,0.76371396,2018-05-29 11:00:00,0.0,0.0,0.0,0.0,0.0
295.66406,0.74411213,0.005053241,0.0,0.7406777,2018-05-29 12:00:00,0.0,0.0,0.0,0.0,0.0
296.84912,0.6819848,0.011408862,0.019661963,0.6738429,2018-05-29 13:00:00,0.0,0.0,0.0,0.0,0.0
298.33496,0.56281906,0.01234962,0.034217354,0.5392206,2018-05-29 14:00:00,0.0,0.0,0.0,0.0,0.0
302.19067,0.22904629,0.0,0.12283927,0.12495607,2018-05-29 15:00:00,0.0,0.0,0.0,0.0,0.0
303.49634,0.08132398,0.0,0.062845945,0.01847805,2018-05-29 16:00:00,0.0,0.0,0.0,0.0,0.0
305.19824,0.34630924,0.007457666,0.32373464,0.023047429,2018-05-29 17:00:00,0.0,0.0,0.0,0.0,0.0
306.36377,0.54714626,0.037456445,0.3265906,0.34908003,2018-05-29 18:00:00,1.0,2.7872564e-05,0.0,2.8110982e-05,0.0
306.04736,0.42258424,0.07388675,0.16648167,0.3098359,2018-05-29 19:00:00,1.0,0.0008874289,0.0,0.0008874289,0.0
304.97705,0.40994072,0.08772963,0.111090004,0.31145513,2018-05-29 20:00:00,0.0,0.00020953309,0.0,0.00020953309,0.0
303.42114,0.66011673,0.15915191,0.10999912,0.6275327,2018-05-29 21:00:00,1.0,1.7423707e-05,0.0,1.743299e-05,0.0
301.41284,0.86211556,0.0032499009,0.33913577,0.81387496,2018-05-29 22:00:00,1.0,7.368601e-05,0.0,7.352419e-05,0.0
297.42822,0.97310877,0.0,0.6522165,0.9631042,2018-05-29 23:00:00,0.0,0.0017932607,0.0,0.0017817263,1.17446625e-05
296.22046,0.9386331,0.004207764,0.3540367,0.9253762,2018-05-30 00:00:00,0.0,1.4862635e-06,0.0,0.0,1.4862635e-06
296.1953,0.9852375,0.022541147,0.3463897,0.9847058,2018-05-30 01:00:00,0.0,0.0,0.0,0.0,0.0
295.49976,1.0,0.28683972,0.52460045,0.98509765,2018-05-30 02:00:00,0.0,0.0,0.0,0.0,0.0
295.438,1.0,0.56808376,0.27071851,0.99089694,2018-05-30 03:00:00,0.0,0.0,0.0,0.0,0.0
294.97583,1.0,0.4092577,0.5282628,1.0,2018-05-30 04:00:00,0.0,0.0,0.0,0.0,0.0
294.55835,0.9966217,0.052231632,0.11506146,0.9966217,2018-05-30 05:00:00,0.0,0.0,0.0,0.0,0.0
294.67847,0.99946827,0.03052713,0.085665464,0.99946827,2018-05-30 06:00:00,0.0,0.0,0.0,0.0,0.0
294.72412,1.0,0.0016249504,0.6097917,1.0,2018-05-30 07:00:00,0.0,1.14079796e-07,0.0,0.0,1.14079796e-07
294.44238,1.0,0.0,0.9481261,1.0,2018-05-30 08:00:00,0.0,0.0,0.0,0.0,0.0
294.417,0.9910503,0.020828541,0.61344635,0.9889464,2018-05-30 09:00:00,0.0,0.0,0.0,0.0,0.0
292.4026,0.9906323,0.0,0.022163719,0.99010664,2018-05-30 10:00:00,0.0,0.0,0.0,0.0,0.0
292.39624,0.91225123,0.0026463778,0.040793788,0.91172564,2018-05-30 11:00:00,0.0,1.2004175e-06,0.0,1.2388737e-06,0.0
292.63672,0.687449,0.013649691,0.14264995,0.63607204,2018-05-30 12:00:00,1.0,0.0018359295,0.0,0.0018059446,3.0156749e-05
292.9646,0.7174153,0.010519415,0.53450465,0.3770017,2018-05-30 13:00:00,1.0,0.0043384507,0.0,0.0042196065,0.00011869028
293.54395,0.9668541,0.26315266,0.83790296,0.6363877,2018-05-30 14:00:00,1.0,0.0008899397,0.0,0.00063531427,0.00025514932
294.33618,1.0,0.36003304,0.9533172,0.8520236,2018-05-30 15:00:00,1.0,0.0006351315,0.0,0.00043931836,0.00019551683
294.63403,0.9899067,0.12901342,0.83041036,0.9495639,2018-05-30 16:00:00,1.0,0.0010113593,0.0,0.00083391136,0.00017709544
295.02734,0.998375,0.4151789,0.9918581,0.92563426,2018-05-30 17:00:00,1.0,0.00056477357,0.0,0.00028991885,0.0002751695
295.11743,1.0,0.5884774,0.976428,0.9461323,2018-05-30 18:00:00,1.0,0.000405001,0.0,0.00020263455,0.00020261414
295.6067,1.0,0.44083923,1.0,0.933056,2018-05-30 19:00:00,1.0,0.0013055624,0.0,0.00061067496,0.0006944302
295.9961,1.0,0.59206,1.0,0.55882233,2018-05-30 20:00:00,1.0,0.001490376,0.0,0.0005482065,0.00094190193
296.1184,0.9989426,0.15836573,0.9989426,0.15546447,2018-05-30 21:00:00,1.0,0.0018873969,0.0,0.00032447907,0.0015632804
295.19653,0.97399956,0.21325773,0.91968876,0.4487843,2018-05-30 22:00:00,1.0,0.0023882065,0.0,0.00090663345,0.0014814681
295.18677,0.98467964,0.15076077,0.9759163,0.5159573,2018-05-30 23:00:00,1.0,0.0012641456,0.0,0.00031350646,0.0009505623
295.49683,0.9054387,0.025760915,0.88189566,0.17276454,2018-05-31 00:00:00,1.0,0.00050306064,0.0,0.0001556324,0.00034734234
295.44482,0.6740604,0.05010178,0.6149331,0.1315152,2018-05-31 01:00:00,1.0,3.481857e-05,0.0,1.0478777e-07,3.481857e-05
294.64404,0.1839388,0.079867065,0.0,0.12543195,2018-05-31 02:00:00,1.0,3.583962e-06,0.0,0.0,3.583962e-06
293.36914,0.25576007,0.2239744,0.0010573287,0.04245753,2018-05-31 03:00:00,1.0,3.432714e-06,0.0,0.0,3.432714e-06
293.09863,0.50137794,0.49264592,0.017089073,0.008357041,2018-05-31 04:00:00,1.0,3.1096997e-06,0.0,0.0,3.1096997e-06
292.23218,0.62365633,0.61503553,0.056851294,0.0,2018-05-31 05:00:00,1.0,1.4175017e-05,0.0,1.272528e-05,1.4497364e-06
292.30322,0.66731936,0.66731936,0.039351184,0.0,2018-05-31 06:00:00,1.0,2.7456417e-06,0.0,2.6978933e-06,0.0
292.09766,0.6771911,0.67556614,0.0065922476,0.0,2018-05-31 07:00:00,0.0,0.0,0.0,0.0,0.0
292.41577,0.61619157,0.61619157,0.010513712,0.0,2018-05-31 08:00:00,1.0,4.0056705e-07,0.0,0.0,3.050713e-07
292.11743,0.6273297,0.62495875,0.00894969,0.0,2018-05-31 09:00:00,1.0,6.678286e-07,0.0,0.0,5.7233285e-07
291.66992,0.96389186,0.96389186,0.0016249504,0.0,2018-05-31 10:00:00,1.0,3.627573e-07,0.0,0.0,3.627573e-07
292.06543,1.0,1.0,0.07257384,0.0,2018-05-31 11:00:00,1.0,9.549569e-08,0.0,0.0,9.549569e-08
292.10278,0.96681947,0.9651945,0.10978943,0.0,2018-05-31 12:00:00,1.0,9.549569e-08,0.0,0.0,2.0957555e-07
292.32935,0.8273453,0.8182456,0.105023205,0.0,2018-05-31 13:00:00,1.0,0.0,0.0,0.0,0.0
293.46948,0.52953774,0.5245345,0.030724317,0.0,2018-05-31 14:00:00,1.0,0.0,0.0,0.0,0.0
297.3191,0.3941868,0.372599,0.07940817,0.0,2018-05-31 15:00:00,1.0,1.2627227e-05,0.0,1.27320145e-05,0.0
298.75098,0.24244672,0.12655789,0.14435959,0.0,2018-05-31 16:00:00,1.0,2.2695269e-05,0.0,2.1637126e-05,6.0950106e-07
299.60547,0.39928555,0.11998057,0.36071938,0.0,2018-05-31 17:00:00,1.0,2.7060494e-05,0.0,1.827073e-05,8.770852e-06
300.21436,0.48101938,0.22128606,0.41277885,0.0,2018-05-31 18:00:00,1.0,4.1511346e-05,0.0,4.0042374e-05,1.5644673e-06
300.39697,0.40404367,0.09369409,0.37669647,0.0,2018-05-31 19:00:00,1.0,0.00013418823,0.0,0.00013288943,1.3939843e-06
300.86768,0.38583052,0.1299401,0.3791523,0.0,2018-05-31 20:00:00,0.0,5.210667e-05,0.0,4.9780487e-05,2.3072644e-06
301.87646,0.39585084,0.05703339,0.39585084,0.0,2018-05-31 21:00:00,0.0,1.0136e-05,0.0,1.00501165e-05,0.0
301.7827,0.47059578,0.004235424,0.47059578,0.0,2018-05-31 22:00:00,0.0,1.8144183e-06,0.0,1.8144183e-06,0.0
301.74414,0.40582508,0.012873102,0.40476167,0.0,2018-05-31 23:00:00,0.0,9.549569e-08,0.0,4.7747868e-08,0.0
301.7793,0.078884184,0.0,0.078884184,0.0,2018-06-01 00:00:00,0.0,0.0,0.0,0.0,0.0
300.61792,0.01111988,0.0,0.01111988,0.0,2018-06-01 01:00:00,0.0,0.0,0.0,0.0,0.0
298.90625,0.0,0.0,0.0,0.0,2018-06-01 02:00:00,0.0,0.0,0.0,0.0,0.0
296.59692,0.0032499009,0.0,0.0032499009,0.0,2018-06-01 03:00:00,0.0,0.0,0.0,0.0,0.0
295.2168,0.0033782488,0.0033782488,0.0033782488,0.0,2018-06-01 04:00:00,0.0,0.0,0.0,0.0,0.0
294.18823,0.021724582,0.021724582,0.0,0.0,2018-06-01 05:00:00,0.0,0.0,0.0,0.0,0.0
292.98462,0.024206791,0.024206791,0.0,0.0,2018-06-01 06:00:00,0.0,0.0,0.0,0.0,0.0
293.3208,0.017356154,0.017356154,0.0,0.0,2018-06-01 07:00:00,1.0,0.0,0.0,0.0,1.14079796e-07
293.13403,0.03681619,0.029820353,0.0,0.006995838,2018-06-01 08:00:00,1.0,2.2815959e-07,0.0,0.0,3.813414e-07
292.07715,0.075377345,0.06581581,0.0,0.00956155,2018-06-01 09:00:00,0.0,0.0,0.0,0.0,0.0
291.49658,0.40606958,0.40606958,0.0,0.0,2018-06-01 10:00:00,0.0,0.0,0.0,0.0,0.0
291.47388,0.641434,0.641434,0.0,0.0,2018-06-01 11:00:00,0.0,0.0,0.0,0.0,0.0
291.5984,0.9097128,0.9097128,0.0,0.0,2018-06-01 12:00:00,1.0,0.0,0.0,0.0,0.0
291.30078,0.93975943,0.93975943,0.0,0.0,2018-06-01 13:00:00,0.0,1.3721838e-06,0.0,0.0,1.3721838e-06
291.58765,0.9111928,0.9111928,0.0,0.0,2018-06-01 14:00:00,0.0,2.2815959e-07,0.0,0.0,2.2815959e-07
293.78003,0.6819291,0.6819291,0.0,0.0,2018-06-01 15:00:00,0.0,1.9099144e-07,0.0,9.549569e-08,0.0
294.70386,0.78120434,0.78120434,0.0,0.0,2018-06-01 16:00:00,0.0,1.9099144e-07,0.0,9.549569e-08,0.0
296.01685,0.7360956,0.7360956,0.0,0.0,2018-06-01 17:00:00,0.0,2.2720305e-06,0.0,2.4534093e-06,0.0
296.94385,0.83841205,0.83841205,0.0,0.0,2018-06-01 18:00:00,0.0,8.552957e-06,0.0,8.419326e-06,0.0
297.729,0.86954695,0.86954695,0.0,0.002103883,2018-06-01 19:00:00,0.0,3.7749442e-06,0.0,3.9367715e-06,0.0
298.24048,0.7515707,0.72984767,0.0,0.035299808,2018-06-01 20:00:00,0.0,1.2202845e-06,0.0,1.2677119e-06,0.0
298.49414,0.74262494,0.74262494,0.0,0.02357202,2018-06-01 21:00:00,0.0,6.0950106e-07,0.0,0.0,6.0950106e-07
297.7876,0.17313153,0.17313153,0.0,0.0,2018-06-01 22:00:00,0.0,0.0,0.0,0.0,0.0
297.5315,0.068182826,0.047144044,0.0,0.02103883,2018-06-01 23:00:00,0.0,0.0,0.0,0.0,0.0
297.15527,0.053660948,0.053660948,0.0,0.0,2018-06-02 00:00:00,0.0,0.0,0.0,0.0,0.0
296.66797,0.06756371,0.060177855,0.0,0.007385861,2018-06-02 01:00:00,0.0,0.0,0.0,0.0,0.0
295.6587,0.27231824,0.023460776,0.0,0.25547826,2018-06-02 02:00:00,0.0,0.0,0.0,0.0,0.0
293.6941,0.79585004,0.0067320913,0.0,0.79585004,2018-06-02 03:00:00,0.0,0.0,0.0,0.0,0.0
293.21777,0.9949934,0.0,0.0,0.9949934,2018-06-02 04:00:00,0.0,0.0,0.0,0.0,0.0
292.406,1.0,0.04520163,0.0,1.0,2018-06-02 05:00:00,0.0,0.0,0.0,0.0,0.0
291.3794,1.0,0.14198512,0.002103883,1.0,2018-06-02 06:00:00,0.0,0.0,0.0,0.0,0.0
291.6311,1.0,0.058230083,0.010835916,1.0,2018-06-02 07:00:00,0.0,0.0,0.0,0.0,0.0
291.8098,1.0,0.03673087,0.0,1.0,2018-06-02 08:00:00,0.0,0.0,0.0,0.0,0.0
291.58984,1.0,0.039861433,0.0,1.0,2018-06-02 09:00:00,0.0,0.0,0.0,0.0,0.0
289.45923,1.0,0.7414588,0.13583803,1.0,2018-06-02 10:00:00,1.0,0.0,0.0,0.0,0.0
289.052,1.0,1.0,0.47546,1.0,2018-06-02 11:00:00,0.0,8.5946164e-07,0.0,8.5946164e-07,0.0
288.7163,1.0,1.0,0.713258,1.0,2018-06-02 12:00:00,0.0,0.000101552374,0.0,0.00010142804,2.6726156e-07
288.76196,1.0,0.9949765,0.8049537,1.0,2018-06-02 13:00:00,1.0,0.00026801368,0.0,0.00026571355,2.233588e-06
288.73608,1.0,0.5137143,0.91724473,1.0,2018-06-02 14:00:00,1.0,0.00072411355,0.0,0.00069492706,2.8862938e-05
288.97534,1.0,0.09913629,0.91135097,1.0,2018-06-02 15:00:00,1.0,0.0014492052,0.0,0.0013136612,0.0001355347
288.59473,1.0,1.0,0.92081326,0.9064248,2018-06-02 16:00:00,1.0,0.0012827956,0.0,0.0009123031,0.0003707884
288.78052,0.997629,0.9857815,0.8884328,0.84432364,2018-06-02 17:00:00,1.0,0.00051625865,0.0,2.541946e-05,0.0004908012
289.38623,1.0,1.0,0.89903957,0.39944547,2018-06-02 18:00:00,1.0,0.00095286174,0.0,0.0004772409,0.00047563924
289.6853,1.0,0.9825204,0.9125401,0.18014795,2018-06-02 19:00:00,1.0,0.002107835,0.0,0.0014130538,0.00069515314
290.1184,0.91887224,0.89665073,0.3987298,0.22146428,2018-06-02 20:00:00,1.0,0.00091132685,0.0,0.00062515493,0.00028602872
291.04712,0.41974425,0.33887398,0.2022115,0.02694026,2018-06-02 21:00:00,1.0,0.00014943013,0.0,9.688757e-05,5.272393e-05
292.7068,0.45140243,0.19660962,0.4068975,0.013471484,2018-06-02 22:00:00,1.0,0.00017230566,0.0,0.00013422643,3.8069935e-05
293.4248,0.42903447,0.21863747,0.3688177,0.026554532,2018-06-02 23:00:00,1.0,5.5034878e-05,0.0,5.175534e-05,3.222488e-06
293.1548,0.38321042,0.13791943,0.29838789,0.12803489,2018-06-03 00:00:00,0.0,4.339298e-05,0.0,4.187788e-05,1.3721838e-06
292.76685,0.48164153,0.13713104,0.46417415,0.04179256,2018-06-03 01:00:00,0.0,3.315734e-05,0.0,3.315734e-05,0.0
291.97095,0.5775615,0.069676936,0.5484043,0.18274212,2018-06-03 02:00:00,0.0,1.4106345e-06,0.0,1.4583829e-06,0.0
290.52197,0.5627527,0.06308609,0.53540224,0.05259708,2018-06-03 03:00:00,0.0,4.954212e-07,0.0,4.954212e-07,0.0
289.97876,0.46001446,0.09539932,0.41228038,0.054170717,2018-06-03 04:00:00,0.0,0.0,0.0,0.0,0.0
289.3943,0.24163175,0.04017254,0.18439966,0.06085239,2018-06-03 05:00:00,0.0,0.0,0.0,0.0,0.0
288.35815,0.24547064,0.021567252,0.23636025,0.0,2018-06-03 06:00:00,0.0,0.0,0.0,0.0,0.0
287.427,0.23441815,0.0067320913,0.23441815,0.0,2018-06-03 07:00:00,0.0,0.0,0.0,0.0,0.0
287.33643,0.5792748,0.37129444,0.5549182,0.0,2018-06-03 08:00:00,0.0,0.0,0.0,0.0,0.0
286.94214,0.7079935,0.5919219,0.6536168,0.0,2018-06-03 09:00:00,0.0,0.0,0.0,0.0,0.0
287.51465,0.66532177,0.5013303,0.61893,0.0,2018-06-03 10:00:00,0.0,0.0,0.0,0.0,0.0
287.77466,0.57800055,0.4235332,0.38707644,0.0,2018-06-03 11:00:00,0.0,0.0,0.0,0.0,0.0
287.7788,0.9444231,0.92989427,0.3246525,0.0,2018-06-03 12:00:00,0.0,0.0,0.0,0.0,0.0
287.89453,1.0,1.0,0.44451576,0.0,2018-06-03 13:00:00,0.0,0.0,0.0,0.0,0.0
288.05566,1.0,1.0,0.605608,0.0,2018-06-03 14:00:00,0.0,0.0,0.0,0.0,0.0
288.71753,1.0,1.0,0.3778144,0.0,2018-06-03 15:00:00,1.0,1.4510288e-06,0.0,1.6513122e-06,0.0
288.83643,1.0,1.0,0.045435105,0.0,2018-06-03 16:00:00,0.0,6.218099e-06,0.0,6.055625e-06,0.0
289.61743,1.0,1.0,0.0039959103,0.0,2018-06-03 17:00:00,0.0,2.7648757e-06,0.0,2.7844271e-06,0.0
289.96777,1.0,1.0,0.0016249504,0.0,2018-06-03 18:00:00,0.0,0.0,0.0,0.0,0.0
291.41455,0.88155454,0.88155454,0.0,0.0,2018-06-03 19:00:00,0.0,0.0,0.0,0.0,0.0
292.4983,0.54590434,0.54590434,0.0,0.0,2018-06-03 20:00:00,0.0,0.0,0.0,0.0,0.0
293.9375,0.3004707,0.3004707,0.0,0.0,2018-06-03 21:00:00,0.0,0.0,0.0,0.0,0.0
294.10815,0.054950085,0.054950085,0.0,0.0,2018-06-03 22:00:00,0.0,0.0,0.0,0.0,0.0
294.2234,0.047183808,0.032348648,0.038819466,0.0,2018-06-03 23:00:00,0.0,0.0,0.0,0.0,0.0
294.12793,0.13914424,0.026155815,0.13914424,0.0,2018-06-04 00:00:00,0.0,0.0,0.0,0.0,0.0
293.60376,0.021888305,0.0021207693,0.021356583,0.0,2018-06-04 01:00:00,0.0,0.0,0.0,0.0,0.0
292.1958,0.0,0.0,0.0,0.0,2018-06-04 02:00:00,0.0,0.0,0.0,0.0,0.0
288.78003,0.0,0.0,0.0,0.0,2018-06-04 03:00:00,0.0,0.0,0.0,0.0,0.0
288.22046,0.0,0.0,0.0,0.0,2018-06-04 04:00:00,0.0,0.0,0.0,0.0,0.0
287.2107,0.0,0.0,0.0,0.0,2018-06-04 05:00:00,0.0,0.0,0.0,0.0,0.0
286.63184,0.0,0.0,0.0,0.0,2018-06-04 06:00:00,0.0,0.0,0.0,0.0,0.0
286.3208,0.0,0.0,0.0,0.0,2018-06-04 07:00:00,0.0,0.0,0.0,0.0,0.0
285.98853,0.0,0.0,0.0,0.0,2018-06-04 08:00:00,0.0,0.0,0.0,0.0,0.0
284.89868,0.0,0.0,0.0,0.0,2018-06-04 09:00:00,0.0,0.0,0.0,0.0,0.0
285.2141,0.0,0.0,0.0,0.0,2018-06-04 10:00:00,0.0,0.0,0.0,0.0,0.0
285.46094,0.0,0.0,0.0,0.0,2018-06-04 11:00:00,0.0,0.0,0.0,0.0,0.0
286.64233,0.0,0.0,0.0,0.0,2018-06-04 12:00:00,0.0,0.0,0.0,0.0,0.0
288.7395,0.11270982,0.0,0.11270982,0.0,2018-06-04 13:00:00,0.0,0.0,0.0,0.0,0.0
291.62744,0.3977123,0.0,0.3977123,0.0,2018-06-04 14:00:00,0.0,0.0,0.0,0.0,0.0
296.0569,0.45376158,0.0,0.45376158,0.0,2018-06-04 15:00:00,0.0,0.0,0.0,0.0,0.0
297.4126,0.32476217,0.0,0.32476217,0.0,2018-06-04 16:00:00,0.0,0.0,0.0,0.0,0.0
298.99048,0.23909438,0.0,0.23909438,0.0,2018-06-04 17:00:00,1.0,1.0690455e-06,0.0,1.2026767e-06,0.0
299.44458,0.16163355,0.0,0.16163355,0.0,2018-06-04 18:00:00,0.0,3.1659147e-05,0.0,3.1849806e-05,0.0
300.3545,0.21093768,0.0,0.21093768,0.0,2018-06-04 19:00:00,1.0,9.536743e-07,0.0,9.4438224e-07,0.0
301.36572,0.18569529,0.0,0.18569529,0.0,2018-06-04 20:00:00,1.0,6.960282e-06,0.0,6.988479e-06,0.0
302.16357,0.16388375,0.0,0.16388375,0.0,2018-06-04 21:00:00,1.0,3.4903996e-06,0.0,3.5192425e-06,0.0
302.63965,0.579422,0.0,0.5699611,0.063163936,2018-06-04 22:00:00,1.0,4.99654e-06,0.0,5.05358e-06,0.0
302.49902,0.36845148,0.0,0.35524458,0.062234584,2018-06-04 23:00:00,1.0,1.01250935e-05,0.0,1.0077346e-05,0.0
302.32983,0.2855147,0.0,0.2855147,0.013033811,2018-06-05 00:00:00,0.0,6.730189e-06,0.0,6.7779365e-06,0.0
301.3877,0.27545333,0.0,0.27545333,0.0,2018-06-05 01:00:00,1.0,6.329622e-06,0.0,6.081911e-06,0.0
298.49927,0.16353053,0.0,0.12835157,0.03519607,2018-06-05 02:00:00,1.0,0.00038382038,0.0,0.0003839063,0.0
295.32666,0.10728526,0.0,0.041910987,0.067762375,2018-06-05 03:00:00,1.0,0.0016939822,0.0,0.0016942823,0.0
294.43994,0.2974574,0.0,0.00053172023,0.2969318,2018-06-05 04:00:00,1.0,0.0010162964,0.0,0.001012217,3.7550772e-06
293.3872,0.79860854,0.0,0.00053172023,0.79860854,2018-06-05 05:00:00,0.0,0.00014563574,0.0,0.00014073505,4.251772e-06
293.16187,0.91316,0.0,0.011598814,0.9097989,2018-06-05 06:00:00,0.0,0.000100537625,0.0,9.997458e-05,1.9099144e-07
292.27905,0.8052673,0.0,0.010009766,0.79862475,2018-06-05 07:00:00,0.0,6.6847014e-07,0.0,7.639659e-07,0.0
291.63208,0.5121875,0.0,0.00053172023,0.5121875,2018-06-05 08:00:00,0.0,0.0,0.0,0.0,0.0
289.354,0.23331362,0.0,0.007905882,0.22542483,2018-06-05 09:00:00,0.0,0.0,0.0,0.0,0.0
288.9485,0.8402478,0.0,0.30639893,0.79519844,2018-06-05 10:00:00,0.0,0.0,0.0,0.0,0.0
288.66772,0.7175283,0.004750259,0.14229685,0.68891,2018-06-05 11:00:00,0.0,0.0,0.0,0.0,0.0
288.8606,0.26322335,0.0,0.17665356,0.103111506,2018-06-05 12:00:00,0.0,0.0,0.0,0.0,0.0
289.33936,0.1959005,0.0,0.10226244,0.10452062,2018-06-05 13:00:00,0.0,0.0,0.0,0.0,0.0
290.77173,0.4016536,0.0,0.110372245,0.3150593,2018-06-05 14:00:00,0.0,0.0,0.0,0.0,0.0
293.44702,0.51329863,0.0,0.087962925,0.4622689,2018-06-05 15:00:00,0.0,0.0,0.0,0.0,0.0
294.70337,0.068353295,0.0,0.0528723,0.019735485,2018-06-05 16:00:00,0.0,0.0,0.0,0.0,0.0
295.96948,0.15460712,0.0,0.00053172023,0.15460712,2018-06-05 17:00:00,0.0,0.0,0.0,0.0,0.0
296.7068,0.18165416,0.0,0.0,0.18165416,2018-06-05 18:00:00,0.0,0.0,0.0,0.0,0.0
297.41162,0.24034077,0.0,0.0021207693,0.23875171,2018-06-05 19:00:00,0.0,1.8722902e-05,0.0,1.8779945e-05,0.0
298.3203,0.4369508,0.0,0.0010573287,0.43589348,2018-06-05 20:00:00,0.0,0.0,0.0,0.0,0.0
299.25952,0.41721833,0.0,0.0,0.41721833,2018-06-05 21:00:00,0.0,0.0,0.0,0.0,0.0
299.06494,0.29472494,0.0,0.09394473,0.2400834,2018-06-05 22:00:00,0.0,0.0,0.0,0.0,0.0
298.93213,0.1541571,0.0,0.06424278,0.098261535,2018-06-05 23:00:00,0.0,0.0,0.0,0.0,0.0
298.479,0.0067320913,0.0,0.0067320913,0.0,2018-06-06 00:00:00,0.0,0.0,0.0,0.0,0.0
297.74585,0.0066281483,0.0,0.0066281483,0.0,2018-06-06 01:00:00,0.0,0.0,0.0,0.0,0.0
296.5271,0.13889122,0.0,0.021084987,0.11944097,2018-06-06 02:00:00,0.0,0.0,0.0,0.0,0.0
294.4016,0.5154194,0.0,0.03219281,0.5004342,2018-06-06 03:00:00,0.0,0.0,0.0,0.0,0.0
293.76733,0.922601,0.0,0.05420619,0.9102374,2018-06-06 04:00:00,0.0,0.0,0.0,0.0,0.0
292.83276,1.0,0.0,0.24047083,1.0,2018-06-06 05:00:00,0.0,0.0,0.0,0.0,0.0
292.32812,1.0,0.0,0.33945644,1.0,2018-06-06 06:00:00,0.0,0.0,0.0,0.0,0.0
292.30762,1.0,0.0,0.04667801,1.0,2018-06-06 07:00:00,0.0,0.0,0.0,0.0,0.0
292.29175,1.0,0.0,0.0067320913,1.0,2018-06-06 08:00:00,0.0,0.0,0.0,0.0,0.0
291.4734,1.0,0.0,0.08535087,1.0,2018-06-06 09:00:00,0.0,0.0,0.0,0.0,0.0
290.16626,1.0,0.0,0.1405412,1.0,2018-06-06 10:00:00,0.0,0.0,0.0,0.0,0.0
290.21753,1.0,0.027215984,0.5194287,1.0,2018-06-06 11:00:00,0.0,0.00012008453,0.0,0.0001199227,0.0
290.00366,1.0,0.017659962,0.9417319,1.0,2018-06-06 12:00:00,1.0,0.00071685365,0.0,0.0007099442,6.756517e-06
289.06934,1.0,0.012623299,0.8963946,1.0,2018-06-06 13:00:00,1.0,0.0025415923,0.0,0.0019877318,0.00055409875
289.354,1.0,0.5408781,0.6940105,1.0,2018-06-06 14:00:00,1.0,0.0024491185,0.0,0.0010394298,0.0014098317
291.49976,0.998375,0.3613817,0.0,0.998375,2018-06-06 15:00:00,1.0,0.0025440801,0.0,0.0017486403,0.00079532573
293.3999,0.99946827,0.75383264,0.0,0.99683875,2018-06-06 16:00:00,1.0,0.0006739374,0.0,0.0005237516,0.00015032869
295.58276,0.922591,0.6273021,0.0,0.8255257,2018-06-06 17:00:00,1.0,4.9323862e-05,0.0,4.6215457e-05,2.841146e-06
297.46216,0.68720615,0.33880115,0.0,0.47073603,2018-06-06 18:00:00,0.0,8.303672e-05,0.0,8.309375e-05,0.0
297.6228,0.92967224,0.45256442,0.0,0.8511813,2018-06-06 19:00:00,1.0,0.0,0.0,0.0,0.0
298.4673,0.7559164,0.12120801,0.0,0.7451452,2018-06-06 20:00:00,0.0,2.6726156e-07,0.0,0.0,2.6726156e-07
299.39136,0.5889407,0.0644331,0.0048919544,0.55425876,2018-06-06 21:00:00,0.0,0.0,0.0,0.0,0.0
299.55762,0.112431765,0.0,0.0,0.112431765,2018-06-06 22:00:00,0.0,0.0,0.0,0.0,0.0
299.64453,0.11449164,0.0,0.0,0.11449164,2018-06-06 23:00:00,0.0,0.0,0.0,0.0,0.0
299.31714,0.040668834,0.0,0.0,0.040668834,2018-06-07 00:00:00,0.0,0.0,0.0,0.0,0.0
298.34644,0.649248,0.0,0.0,0.649248,2018-06-07 01:00:00,0.0,0.0,0.0,0.0,0.0
296.68408,0.9816332,0.0,0.0,0.9816332,2018-06-07 02:00:00,0.0,0.0,0.0,0.0,0.0
294.06274,1.0,0.0,0.0,1.0,2018-06-07 03:00:00,0.0,0.0,0.0,0.0,0.0
293.48218,1.0,0.0,0.0,1.0,2018-06-07 04:00:00,0.0,0.0,0.0,0.0,0.0
291.88477,0.9949968,0.0,0.0,0.9949968,2018-06-07 05:00:00,0.0,0.0,0.0,0.0,0.0
291.3247,0.9551425,0.0021207693,0.0,0.9551425,2018-06-07 06:00:00,0.0,0.0,0.0,0.0,0.0
290.33643,0.59326124,0.0,0.0,0.59326124,2018-06-07 07:00:00,0.0,0.0,0.0,0.0,0.0
290.16626,0.109936,0.0,0.0,0.109936,2018-06-07 08:00:00,0.0,0.0,0.0,0.0,0.0
288.90063,0.0,0.0,0.0,0.0,2018-06-07 09:00:00,0.0,0.0,0.0,0.0,0.0
287.6355,0.385489,0.0,0.0,0.385489,2018-06-07 10:00:00,0.0,0.0,0.0,0.0,0.0
287.5686,0.8870645,0.0,0.0,0.8870645,2018-06-07 11:00:00,0.0,0.0,0.0,0.0,0.0
288.10596,0.9905219,0.0,0.0,0.9905219,2018-06-07 12:00:00,0.0,0.0,0.0,0.0,0.0
289.24512,0.96333134,0.0,0.0,0.96333134,2018-06-07 13:00:00,0.0,0.0,0.0,0.0,0.0
290.47095,0.79594463,0.0,0.0,0.79594463,2018-06-07 14:00:00,0.0,0.0,0.0,0.0,0.0
293.40698,0.95077467,0.0,0.0,0.95077467,2018-06-07 15:00:00,0.0,0.0,0.0,0.0,0.0
294.86572,0.98927194,0.0,0.008947253,0.98927194,2018-06-07 16:00:00,0.0,0.0,0.0,0.0,0.0
295.9319,1.0,0.0,0.0016249504,1.0,2018-06-07 17:00:00,0.0,0.0,0.0,0.0,0.0
296.6692,0.9563666,0.0,0.0,0.9563666,2018-06-07 18:00:00,0.0,0.0,0.0,0.0,0.0
297.1765,0.99576455,0.0,0.0,0.99576455,2018-06-07 19:00:00,0.0,0.0,0.0,0.0,0.0
297.87476,0.99946827,0.0,0.0,0.99946827,2018-06-07 20:00:00,0.0,0.0,0.0,0.0,0.0
298.08594,1.0,0.0,0.04798778,1.0,2018-06-07 21:00:00,0.0,0.0,0.0,0.0,0.0
297.3794,0.997629,0.0,0.50189734,0.9970973,2018-06-07 22:00:00,0.0,0.0,0.0,0.0,0.0
297.19434,1.0,0.0,0.84679204,0.9989426,2018-06-07 23:00:00,0.0,0.0,0.0,0.0,0.0
296.89307,0.9989426,0.0,0.9545372,0.99841094,2018-06-08 00:00:00,0.0,0.0,0.0,0.0,0.0
296.33276,0.99946827,0.0,0.91843,0.99946827,2018-06-08 01:00:00,0.0,0.0,0.0,0.0,0.0
295.6714,0.99946827,0.0,0.7290442,0.99946827,2018-06-08 02:00:00,0.0,0.0,0.0,0.0,0.0
294.5498,1.0,0.0,0.7435538,1.0,2018-06-08 03:00:00,0.0,0.0,0.0,0.0,0.0
294.05273,1.0,0.0057968125,0.8389802,1.0,2018-06-08 04:00:00,0.0,0.0,0.0,0.0,0.0
293.5398,0.99371904,0.024255577,0.97523993,0.99371904,2018-06-08 05:00:00,0.0,0.0002191545,0.0,0.0002191545,0.0
292.6836,1.0,0.069158435,0.9090574,1.0,2018-06-08 06:00:00,0.0,0.00040764152,0.0,0.00040325895,4.5254856e-06
292.27612,1.0,0.03632728,0.815318,1.0,2018-06-08 07:00:00,1.0,9.605354e-06,0.0,5.920736e-06,3.5891217e-06
291.86523,1.0,0.01004079,0.5981347,1.0,2018-06-08 08:00:00,1.0,0.00020723762,0.0,0.00018465184,2.285304e-05
291.3103,1.0,0.002103883,0.8758731,0.9989426,2018-06-08 09:00:00,0.0,0.00021562938,0.0,0.00019846293,1.706164e-05
291.37476,1.0,0.0048919544,0.92344844,1.0,2018-06-08 10:00:00,0.0,1.61778e-05,0.0,0.0,1.6445061e-05
291.49146,1.0,0.0,0.8753,0.9864872,2018-06-08 11:00:00,1.0,7.194454e-05,0.0,1.3711254e-05,5.814708e-05
291.47925,0.995108,0.004207764,0.92253906,0.9018938,2018-06-08 12:00:00,1.0,9.1127076e-05,0.0,6.8756926e-06,8.4251384e-05
291.4077,1.0,0.02368521,0.9521814,0.8103882,2018-06-08 13:00:00,1.0,0.00033245888,0.0,0.0001539628,0.00017875385
291.46582,0.99675006,0.20169204,0.98371625,0.9301793,2018-06-08 14:00:00,1.0,0.0010129726,0.0,0.0005007682,0.0005118805
292.46533,1.0,0.26135337,1.0,0.8861209,2018-06-08 15:00:00,1.0,0.0019840328,0.0,0.0008161906,0.0011682711
291.93018,0.9947349,0.35169894,0.9768404,0.551107,2018-06-08 16:00:00,1.0,0.0017071392,0.0,0.00081208744,0.00089501333
292.41064,0.9694327,0.27373368,0.9055833,0.60490495,2018-06-08 17:00:00,1.0,0.001040709,0.0,0.00077395816,0.00026653125
292.562,0.9569669,0.6257397,0.9176604,0.36576253,2018-06-08 18:00:00,1.0,0.00042359182,0.0,0.00032390398,9.988791e-05
293.18066,0.904088,0.6717925,0.85077363,0.28366703,2018-06-08 19:00:00,0.0,7.8255e-07,0.0,6.8705424e-07,0.0
293.31763,0.7445004,0.33665186,0.5884574,0.34213173,2018-06-08 20:00:00,0.0,1.3157805e-06,0.0,0.0,1.3157805e-06
293.97144,0.6570681,0.12403661,0.36888582,0.43162048,2018-06-08 21:00:00,0.0,0.0,0.0,0.0,0.0
294.77368,0.7749063,0.1332475,0.543791,0.45946056,2018-06-08 22:00:00,0.0,0.0,0.0,0.0,0.0
294.91064,0.5652941,0.12963259,0.10050839,0.40457302,2018-06-08 23:00:00,0.0,0.0,0.0,0.0,0.0
294.73706,0.698605,0.47971296,0.104923844,0.39682567,2018-06-09 00:00:00,0.0,0.0,0.0,0.0,0.0
294.16064,0.8120077,0.6278482,0.005003199,0.54519504,2018-06-09 01:00:00,0.0,0.0,0.0,0.0,0.0
293.65186,0.7013251,0.06602532,0.0,0.66404206,2018-06-09 02:00:00,0.0,0.0,0.0,0.0,0.0
292.56006,0.37876427,0.01791627,0.0016249504,0.36422962,2018-06-09 03:00:00,0.0,0.0,0.0,0.0,0.0
292.15723,0.26321697,0.007905882,0.005534917,0.25480986,2018-06-09 04:00:00,0.0,0.0,0.0,0.0,0.0
291.4961,0.692012,0.03729183,0.050613422,0.6751183,2018-06-09 05:00:00,0.0,0.0,0.0,0.0,0.0
291.58716,0.9891773,0.07972467,0.10750586,0.9891773,2018-06-09 06:00:00,0.0,0.0,0.0,0.0,0.0
291.14355,1.0,0.064943135,0.0789991,1.0,2018-06-09 07:00:00,0.0,0.0,0.0,0.0,0.0
290.72168,1.0,0.13804984,0.0601093,1.0,2018-06-09 08:00:00,0.0,0.0,0.0,0.0,0.0
290.82178,0.946784,0.18161762,0.049987793,0.94015586,2018-06-09 09:00:00,1.0,6.6847014e-07,0.0,6.6847014e-07,0.0
290.49585,0.9575798,0.22374094,0.30613124,0.9475715,2018-06-09 10:00:00,1.0,0.00047257356,0.0,0.0004724688,0.0
290.64966,1.0,0.24706614,0.11919159,1.0,2018-06-09 11:00:00,1.0,0.0019165887,0.0,0.0019162167,0.0
290.66333,1.0,0.24792188,0.04221943,1.0,2018-06-09 12:00:00,0.0,0.0013460666,0.0,0.0013460189,0.0
291.3313,0.997629,0.30620748,0.102980256,0.9955251,2018-06-09 13:00:00,1.0,0.00041601667,0.0,0.00041619805,0.0
292.20605,1.0,0.97226197,0.17100674,1.0,2018-06-09 14:00:00,1.0,0.0010910723,0.0,0.0010895643,1.6035692e-06
293.57178,0.997629,0.8606436,0.6446379,0.87082326,2018-06-09 15:00:00,1.0,0.00010196815,0.0,0.0001018249,1.9099144e-07
294.4851,1.0,0.90381205,0.8821215,0.988084,2018-06-09 16:00:00,1.0,0.0,0.0,0.0,0.0
295.36548,1.0,0.98652846,0.88678306,0.97471684,2018-06-09 17:00:00,0.0,0.0,0.0,4.7747868e-08,0.0
295.75928,0.99946827,0.9816667,0.81125504,0.99050504,2018-06-09 18:00:00,1.0,5.5720893e-06,0.0,3.3481138e-06,2.138092e-06
295.68555,1.0,0.8801514,0.8791323,0.99371904,2018-06-09 19:00:00,1.0,0.0005166093,0.0,0.0002923815,0.0002244949
296.27344,0.9968219,0.5080255,0.92958033,0.9917984,2018-06-09 20:00:00,1.0,0.000981933,0.0,0.00022169448,0.00076052477
296.6272,0.98711264,0.24431783,0.9225984,0.9773727,2018-06-09 21:00:00,1.0,0.0015592617,0.0,0.0004899844,0.00106881
294.8086,1.0,0.110006034,0.9711683,0.9968219,2018-06-09 22:00:00,1.0,0.0024289384,0.0,0.0012532156,0.0011757128
294.8767,0.99736434,0.37321812,0.9121281,0.99022627,2018-06-09 23:00:00,1.0,0.0009682758,0.0,0.0002472503,0.000721178
295.03296,0.91358054,0.26910913,0.4864453,0.8122068,2018-06-10 00:00:00,1.0,0.0004586836,0.0,0.0,0.00045889313
295.11157,0.64999163,0.21677858,0.045031205,0.5401977,2018-06-10 01:00:00,1.0,0.00010571809,0.0,0.0,0.000105508516
294.3396,0.41638768,0.20749748,0.008727156,0.25392503,2018-06-10 02:00:00,0.0,1.3587316e-05,0.0,0.0,1.3415551e-05
293.82666,0.64367175,0.22208369,0.43894422,0.236512,2018-06-10 03:00:00,1.0,1.718281e-06,0.0,0.0,1.718281e-06
293.58008,0.5644711,0.09647876,0.38365495,0.21148801,2018-06-10 04:00:00,1.0,2.9776684e-06,0.0,0.0,2.9776684e-06
293.26562,0.6328944,0.053166132,0.056535125,0.59002393,2018-06-10 05:00:00,1.0,7.639659e-07,0.0,0.0,1.1453067e-06
292.54028,0.71853864,0.024056934,0.14532322,0.66583866,2018-06-10 06:00:00,0.0,7.639659e-07,0.0,0.0,8.5946164e-07
292.24072,0.8211105,0.05476374,0.06819826,0.8130934,2018-06-10 07:00:00,1.0,2.960368e-06,0.0,2.769376e-06,1.9099144e-07
291.69604,0.8397177,0.04368246,0.068261564,0.8259451,2018-06-10 08:00:00,1.0,9.549569e-08,0.0,0.0,9.549569e-08
290.96606,0.8582271,0.006556347,0.041910242,0.851616,2018-06-10 09:00:00,0.0,0.0,0.0,0.0,0.0
290.6687,0.91904986,0.008958027,0.044754777,0.91689926,2018-06-10 10:00:00,1.0,0.0,0.0,0.0,0.0
290.5144,0.8464326,0.0049672946,0.0,0.8464326,2018-06-10 11:00:00,0.0,0.0,0.0,0.0,0.0
290.75244,0.5414013,0.027803857,0.005298864,0.5256105,2018-06-10 12:00:00,1.0,0.0,0.0,0.0,9.549569e-08
291.40527,0.5890026,0.2583959,0.0031780982,0.4515,2018-06-10 13:00:00,0.0,9.549569e-08,0.0,0.0,9.549569e-08
292.26587,1.0,1.0,0.0010573287,0.33156383,2018-06-10 14:00:00,0.0,0.0,0.0,0.0,0.0
293.75684,1.0,1.0,0.0,0.17645437,2018-06-10 15:00:00,0.0,0.0,0.0,1.3363075e-07,0.0
294.34106,1.0,1.0,0.0,0.0023709626,2018-06-10 16:00:00,0.0,1.4099933e-06,0.0,1.2770088e-06,0.0
294.8723,0.8975249,0.8975249,0.0,0.0,2018-06-10 17:00:00,0.0,2.6879643e-06,0.0,2.9356752e-06,0.0
295.24683,0.67082435,0.66873753,0.0,0.0042246506,2018-06-10 18:00:00,0.0,2.1739588e-06,0.0,1.7830052e-06,0.0
295.26514,0.7836583,0.7836583,0.0,0.0016249504,2018-06-10 19:00:00,1.0,1.106856e-06,0.0,1.1638958e-06,0.0
296.4812,0.99525803,0.99525803,0.0,0.0,2018-06-10 20:00:00,0.0,2.5181416e-06,0.0,2.3845105e-06,0.0
296.88892,0.993112,0.993112,0.0,0.0,2018-06-10 21:00:00,0.0,1.2395194e-06,0.0,1.2683622e-06,0.0
297.22168,0.89288634,0.89288634,0.0,0.0,2018-06-10 22:00:00,0.0,0.0,0.0,0.0,0.0
297.4182,0.7446054,0.7446054,0.0,0.0,2018-06-10 23:00:00,0.0,0.0,0.0,0.0,0.0
296.98413,0.5839714,0.5839714,0.0,0.0,2018-06-11 00:00:00,0.0,0.0,0.0,0.0,0.0
296.5122,0.36173975,0.28669333,0.0,0.09989101,2018-06-11 01:00:00,0.0,0.0,0.0,0.0,0.0
295.66943,0.925271,0.27778763,0.0,0.8923315,2018-06-11 02:00:00,0.0,0.0,0.0,0.0,0.0
294.66577,0.94830734,0.6037457,0.0,0.8328749,2018-06-11 03:00:00,0.0,0.0,0.0,0.0,0.0
294.1731,0.8302067,0.6121446,0.0,0.5257032,2018-06-11 04:00:00,0.0,0.0,0.0,0.0,0.0
293.40918,0.36974198,0.019460037,0.0,0.35366017,2018-06-11 05:00:00,0.0,0.0,0.0,0.0,0.0
292.11426,0.3771336,0.0,0.0,0.3771336,2018-06-11 06:00:00,1.0,5.3452317e-07,0.0,0.0,2.6726156e-07
291.396,0.24268562,0.01801351,0.0,0.22629702,2018-06-11 07:00:00,1.0,0.0,0.0,0.0,0.0
290.7456,0.15918827,0.14727479,0.0,0.011913497,2018-06-11 08:00:00,1.0,0.0,0.0,0.0,0.0
290.47974,0.1514262,0.119811356,0.0,0.03399308,2018-06-11 09:00:00,1.0,0.0,0.0,0.0,0.0
290.46606,0.9683796,0.731289,0.0,0.8845258,2018-06-11 10:00:00,1.0,0.0,0.0,0.0,0.0
290.60522,0.9966217,0.6399651,0.0,0.98652846,2018-06-11 11:00:00,0.0,0.0,0.0,0.0,0.0
291.01343,1.0,0.56964535,0.0,1.0,2018-06-11 12:00:00,1.0,0.0,0.0,0.0,0.0
291.31934,1.0,0.8826274,0.0,1.0,2018-06-11 13:00:00,0.0,7.0499675e-07,0.0,0.0,7.0499675e-07
291.91943,1.0,1.0,0.007457666,1.0,2018-06-11 14:00:00,0.0,0.0,0.0,0.0,0.0
293.28223,1.0,0.9973536,0.13485503,1.0,2018-06-11 15:00:00,0.0,2.8062466e-05,0.0,2.8062466e-05,0.0
293.864,1.0,0.99348307,0.42681092,0.99736434,2018-06-11 16:00:00,0.0,0.0,0.0,0.0,0.0
295.19434,1.0,0.7671055,0.20905799,0.9812548,2018-06-11 17:00:00,0.0,0.0,0.0,0.0,0.0
295.9756,1.0,0.89864695,0.12954628,1.0,2018-06-11 18:00:00,0.0,0.0,0.0,0.0,0.0
296.3767,1.0,0.83813673,0.2927848,1.0,2018-06-11 19:00:00,0.0,0.0,0.0,0.0,0.0
296.71216,1.0,0.23279774,0.17119288,1.0,2018-06-11 20:00:00,0.0,0.0,0.0,0.0,0.0
297.36035,1.0,0.7051973,0.19705904,1.0,2018-06-11 21:00:00,1.0,0.00021968903,0.0,0.00021968903,0.0
295.22632,1.0,0.19901943,0.96969587,1.0,2018-06-11 22:00:00,1.0,0.00077844854,0.0,0.0007776469,8.017848e-07
294.3484,1.0,0.0,0.88471246,1.0,2018-06-11 23:00:00,1.0,0.00017569364,0.0,0.00014645065,2.907122e-05
294.083,1.0,0.0,0.8415909,1.0,2018-06-12 00:00:00,0.0,4.565838e-05,0.0,0.0,4.565838e-05
294.44434,1.0,0.0,0.1285842,1.0,2018-06-12 01:00:00,0.0,0.0,0.0,0.0,0.0
294.41748,1.0,0.0,0.03314585,1.0,2018-06-12 02:00:00,0.0,0.0,0.0,0.0,0.0
293.77075,0.98811215,0.0,0.005832717,0.98811215,2018-06-12 03:00:00,0.0,6.6815395e-05,0.0,6.6681765e-05,0.0
293.3667,0.91418046,0.007989384,0.020520732,0.90880954,2018-06-12 04:00:00,1.0,3.9378865e-05,0.0,3.9245235e-05,0.0
293.02026,0.98696613,0.2123074,0.06131709,0.9820913,2018-06-12 05:00:00,1.0,0.0005332881,0.0,0.00053307787,2.6726156e-07
292.88477,0.8984001,0.45052516,0.029798847,0.7675434,2018-06-12 06:00:00,1.0,0.0008446276,0.0,0.00084036123,3.8371572e-06
292.79175,0.6555769,0.57802606,0.073972106,0.13533759,2018-06-12 07:00:00,1.0,9.875775e-06,0.0,8.940359e-06,8.017848e-07
292.68213,0.41380024,0.33098555,0.16258323,0.0,2018-06-12 08:00:00,1.0,1.6372112e-05,0.0,1.175951e-05,4.6126142e-06
292.6223,0.405994,0.2673577,0.25303358,0.007402748,2018-06-12 09:00:00,1.0,0.00015822274,0.0,0.00015488487,3.2808239e-06
292.37305,0.80706984,0.0,0.68509245,0.4082055,2018-06-12 10:00:00,1.0,4.0050463e-06,0.0,0.0,4.0050463e-06
292.26587,0.47444963,0.010491136,0.26823252,0.2505908,2018-06-12 11:00:00,1.0,8.516421e-06,0.0,7.16218e-06,1.3542412e-06
292.6902,0.38716805,0.11870396,0.2978413,0.042614017,2018-06-12 12:00:00,1.0,3.263002e-05,0.0,2.6451991e-05,6.3686966e-06
293.22925,0.345501,0.19900322,0.22515357,0.0,2018-06-12 13:00:00,1.0,2.4574387e-05,0.0,1.3494988e-05,1.1136444e-05
293.8977,0.532188,0.4657116,0.2767136,0.0,2018-06-12 14:00:00,1.0,7.952924e-05,0.0,7.109935e-05,8.2203205e-06
295.188,0.813513,0.7801742,0.3012396,0.0,2018-06-12 15:00:00,1.0,1.2424735e-05,0.0,7.788075e-06,4.8273314e-06
296.13916,0.95621705,0.94612384,0.26442903,0.0,2018-06-12 16:00:00,0.0,0.0001416978,0.0,0.00014078066,1.5465157e-06
296.94482,0.9629565,0.95621705,0.35614127,0.0,2018-06-12 17:00:00,0.0,0.00013124796,0.0,0.00013110472,1.9099144e-07
297.15283,1.0,1.0,0.13550675,0.0,2018-06-12 18:00:00,1.0,8.686648e-05,0.0,7.9395366e-05,7.5569824e-06
297.6521,0.98187613,0.98187613,0.020210877,0.0,2018-06-12 19:00:00,1.0,5.0680843e-05,0.0,4.048561e-05,1.0328868e-05
298.07104,0.8872663,0.8872663,0.0100932345,0.0,2018-06-12 20:00:00,1.0,0.00012840884,0.0,9.925396e-05,2.9422124e-05
299.53857,0.73729104,0.73404115,0.11691779,0.0,2018-06-12 21:00:00,1.0,0.000121970574,0.0,9.846871e-05,2.3454108e-05
298.62012,0.547882,0.17074919,0.5253383,0.0067320913,2018-06-12 22:00:00,1.0,9.186921e-05,0.0,7.894619e-05,1.2493931e-05
298.0183,0.6151109,0.21508777,0.52028906,0.10420841,2018-06-12 23:00:00,1.0,9.305981e-06,0.0,7.5428425e-06,1.3721838e-06
297.78296,0.5640244,0.2786293,0.35647374,0.14001,2018-06-13 00:00:00,1.0,2.8027527e-05,0.0,2.6674257e-05,1.4862635e-06
297.23022,0.5918519,0.372801,0.35244387,0.0,2018-06-13 01:00:00,0.0,4.393293e-05,0.0,4.132028e-05,2.3264902e-06
296.27295,0.25124592,0.12308979,0.21368259,0.0,2018-06-13 02:00:00,0.0,1.2017008e-06,0.0,6.5789044e-07,4.9606274e-07
294.20288,0.20298028,0.07953417,0.19129074,0.0,2018-06-13 03:00:00,0.0,0.0,0.0,0.0,0.0
293.15698,0.10188663,0.050619673,0.094056726,0.0,2018-06-13 04:00:00,0.0,0.0,0.0,0.0,0.0
292.30908,0.026695248,0.009973861,0.026695248,0.0,2018-06-13 05:00:00,0.0,0.0,0.0,0.0,0.0
291.14062,0.007638801,0.003909968,0.007638801,0.0,2018-06-13 06:00:00,0.0,0.0,0.0,0.0,0.0
290.33765,0.0033782488,0.0,0.0033782488,0.0,2018-06-13 07:00:00,0.0,0.0,0.0,0.0,0.0
289.55322,0.0,0.0,0.0,0.0,2018-06-13 08:00:00,0.0,0.0,0.0,0.0,0.0
288.26343,0.0,0.0,0.0,0.0,2018-06-13 09:00:00,0.0,0.0,0.0,0.0,0.0
287.677,0.0,0.0,0.0,0.0,2018-06-13 10:00:00,0.0,0.0,0.0,0.0,0.0
287.66162,0.0,0.0,0.0,0.0,2018-06-13 11:00:00,0.0,0.0,0.0,0.0,0.0
288.57227,0.0,0.0,0.0,0.0,2018-06-13 12:00:00,0.0,0.0,0.0,0.0,0.0
290.29297,0.0,0.0,0.0,0.0,2018-06-13 13:00:00,0.0,0.0,0.0,0.0,0.0
292.37402,0.0,0.0,0.0,0.0,2018-06-13 14:00:00,0.0,0.0,0.0,0.0,0.0
296.2837,0.0,0.0,0.0,0.0,2018-06-13 15:00:00,0.0,0.0,0.0,0.0,0.0
297.15112,0.0,0.0,0.0,0.0,2018-06-13 16:00:00,0.0,0.0,0.0,0.0,0.0
298.094,0.0,0.0,0.0,0.0,2018-06-13 17:00:00,0.0,0.0,0.0,0.0,0.0
298.50757,0.08181369,0.0,0.0,0.08181369,2018-06-13 18:00:00,0.0,0.0,0.0,0.0,0.0
299.02905,0.2215969,0.0,0.0,0.2215969,2018-06-13 19:00:00,0.0,0.0,0.0,0.0,0.0
299.1023,0.077322066,0.0,0.0,0.077322066,2018-06-13 20:00:00,0.0,0.0,0.0,0.0,0.0
299.38232,0.016993824,0.0,0.0,0.016993824,2018-06-13 21:00:00,0.0,0.0,0.0,0.0,0.0
298.74023,0.0,0.0,0.0,0.0,2018-06-13 22:00:00,0.0,0.0,0.0,0.0,0.0
298.53198,0.027019944,0.0,0.0,0.027019944,2018-06-13 23:00:00,0.0,0.0,0.0,0.0,0.0
297.80493,0.29054838,0.0,0.07959914,0.2706622,2018-06-14 00:00:00,0.0,0.0,0.0,0.0,0.0
296.67432,0.59687173,0.0,0.0,0.59687173,2018-06-14 01:00:00,0.0,0.0,0.0,0.0,0.0
295.12207,0.5545195,0.0,0.014515329,0.5524156,2018-06-14 02:00:00,0.0,0.0,0.0,0.0,0.0
293.05347,0.16427243,0.0,0.018235091,0.14603007,2018-06-14 03:00:00,0.0,0.0,0.0,0.0,0.0
292.34717,0.012186784,0.0,0.0,0.012186784,2018-06-14 04:00:00,0.0,0.0,0.0,0.0,0.0
291.58374,0.006364435,0.0,0.006364435,0.0,2018-06-14 05:00:00,0.0,8.586678e-05,0.0,8.581903e-05,0.0
290.865,0.11363506,0.0,0.11363506,0.0,2018-06-14 06:00:00,0.0,1.0414119e-05,0.0,1.0709578e-05,0.0
290.41455,0.37753177,0.0,0.37753177,0.0,2018-06-14 07:00:00,0.0,0.0,0.0,0.0,0.0
290.7539,0.813467,0.0,0.813467,0.0,2018-06-14 08:00:00,0.0,0.0,0.0,0.0,0.0
290.6394,0.49668652,0.0,0.49668652,0.0033782488,2018-06-14 09:00:00,0.0,0.00013064769,0.0,0.00013032339,0.0
290.6455,0.37775868,0.0,0.37670135,0.007789418,2018-06-14 10:00:00,0.0,0.0,0.0,0.0,0.0
290.44385,0.10797179,0.0,0.059539754,0.0531821,2018-06-14 11:00:00,0.0,0.0,0.0,0.0,0.0
291.00317,0.326905,0.0,0.27952045,0.07058287,2018-06-14 12:00:00,0.0,0.0,0.0,0.0,0.0
292.31396,0.8509211,0.0,0.83458793,0.22386128,2018-06-14 13:00:00,0.0,0.0,0.0,0.0,0.0
293.511,0.93851864,0.0,0.34955013,0.8840175,2018-06-14 14:00:00,0.0,0.0,0.0,0.0,0.0
295.95728,1.0,0.0,0.12725562,1.0,2018-06-14 15:00:00,0.0,0.0,0.0,0.0,0.0
296.719,0.9495308,0.0,0.07718408,0.94788873,2018-06-14 16:00:00,0.0,0.0,0.0,0.0,0.0
297.59277,0.87820554,0.0,0.027213141,0.87820554,2018-06-14 17:00:00,0.0,1.9099144e-07,0.0,9.549569e-08,0.0
298.0891,0.5180881,0.014774166,0.0029026829,0.5180881,2018-06-14 18:00:00,0.0,0.0,0.0,0.0,0.0
298.36108,0.4152363,0.043363538,0.00053172023,0.39500976,2018-06-14 19:00:00,0.0,0.0,0.0,0.0,0.0
298.7627,0.33576268,0.08659279,0.0050234497,0.27872074,2018-06-14 20:00:00,0.0,0.0,0.0,0.0,0.0
299.05664,0.23939377,0.16706592,0.0029026829,0.100756764,2018-06-14 21:00:00,0.0,0.0,0.0,0.0,0.0
299.43628,0.64432085,0.43547976,0.20388699,0.28334165,2018-06-14 22:00:00,0.0,0.0,0.0,0.0,0.0
298.75635,0.48051548,0.12827027,0.088192225,0.3885858,2018-06-14 23:00:00,0.0,0.0,0.0,0.0,0.0
297.6455,0.5350618,0.026459206,0.09904516,0.50161284,2018-06-15 00:00:00,0.0,0.0,0.0,0.0,0.0
297.2129,0.60682625,0.00053172023,0.24589658,0.5879976,2018-06-15 01:00:00,0.0,0.0,0.0,0.0,0.0
296.61694,0.39991003,0.009472862,0.10980719,0.36732513,2018-06-15 02:00:00,0.0,0.0,0.0,0.0,0.0
294.96313,0.12477505,0.06096716,0.0015890491,0.06590074,2018-06-15 03:00:00,0.0,0.0,0.0,0.0,0.0
294.38696,0.3674171,0.21583486,0.053034753,0.16955286,2018-06-15 04:00:00,0.0,0.0,0.0,0.0,0.0
293.37866,0.62680084,0.3143372,0.14762384,0.41523927,2018-06-15 05:00:00,0.0,0.0,0.0,0.0,0.0
292.82178,0.70445323,0.51593715,0.14419097,0.3425737,2018-06-15 06:00:00,0.0,0.0,0.0,0.0,0.0
292.43408,0.46874177,0.2441454,0.31782484,0.10095447,2018-06-15 07:00:00,0.0,0.0007742059,0.0,0.00077233673,1.9457993e-06
292.30347,0.18061185,0.074870765,0.008927308,0.103809595,2018-06-15 08:00:00,1.0,2.9167088e-05,0.0,0.0,2.9167088e-05
293.08203,0.41238636,0.30821007,0.0,0.14799452,2018-06-15 09:00:00,1.0,3.779326e-05,0.0,0.0,3.779326e-05
293.46655,0.92591876,0.019242998,0.07971281,0.92591876,2018-06-15 10:00:00,1.0,4.25695e-06,0.0,0.0,4.25695e-06
293.4131,0.8893753,0.03790466,0.010276843,0.8835773,2018-06-15 11:00:00,1.0,0.0,0.0,0.0,0.0
293.81055,0.96652657,0.029887497,0.021371424,0.96599483,2018-06-15 12:00:00,1.0,0.0,0.0,0.0,0.0
294.60938,0.99841094,0.029931594,0.033178166,0.99841094,2018-06-15 13:00:00,0.0,0.0,0.0,0.0,0.0
295.46167,0.9952497,0.027567934,0.013206877,0.9952497,2018-06-15 14:00:00,0.0,0.0,0.0,0.0,0.0
298.82422,0.99683875,0.0,0.004474845,0.99683875,2018-06-15 15:00:00,0.0,0.0,0.0,0.0,0.0
301.1577,0.9764793,0.03538261,0.019571315,0.9759476,2018-06-15 16:00:00,0.0,0.0,0.0,0.0,0.0
303.25317,0.9884817,0.25380725,0.026269943,0.9750879,2018-06-15 17:00:00,0.0,0.0,0.0,0.0,0.0
304.4121,0.9829769,0.009634774,0.0,0.9829769,2018-06-15 18:00:00,0.0,0.0,0.0,0.0,0.0
305.21338,0.9873128,0.16898042,0.008620787,0.9873128,2018-06-15 19:00:00,0.0,0.0,0.0,0.0,0.0
304.44824,0.99841094,0.19815308,0.14305031,0.99550825,2018-06-15 20:00:00,0.0,0.0,0.0,0.0,0.0
304.69165,0.9831974,0.37053472,0.022203296,0.98155534,2018-06-15 21:00:00,1.0,0.0,0.0,0.0,0.0
304.44556,0.9928401,0.007107079,0.72502893,0.9786216,2018-06-15 22:00:00,0.0,1.7535249e-06,0.0,1.887156e-06,0.0
304.21094,0.9589021,0.010009766,0.7094264,0.89205766,2018-06-15 23:00:00,1.0,5.2214737e-06,0.0,5.0878425e-06,0.0
303.5149,0.84490985,0.017736949,0.28677046,0.7969322,2018-06-16 00:00:00,1.0,0.000110793495,0.0,0.000105106024,5.3061294e-06
301.78613,1.0,0.42412996,0.28862816,1.0,2018-06-16 01:00:00,0.0,1.0996754e-05,0.0,7.5919106e-06,3.357094e-06
300.56885,1.0,0.7927279,0.5216962,1.0,2018-06-16 02:00:00,0.0,4.726052e-06,0.0,0.0,4.4587905e-06
297.8208,1.0,0.17125636,0.39449722,1.0,2018-06-16 03:00:00,1.0,0.0032926928,0.0,0.0032843344,8.157465e-06
296.9641,1.0,0.031677343,0.13003433,1.0,2018-06-16 04:00:00,1.0,0.00397199,0.0,0.003952332,1.9534287e-05
296.49072,1.0,0.0021566707,0.14371449,1.0,2018-06-16 05:00:00,0.0,0.0019217411,0.0,0.0019200132,1.5465157e-06
296.6665,1.0,0.022132691,0.047465853,1.0,2018-06-16 06:00:00,0.0,0.00023491951,0.0,0.00023487177,0.0
297.5437,0.989643,0.0057492107,0.027876008,0.989643,2018-06-16 07:00:00,1.0,2.1380925e-05,0.0,2.1247295e-05,0.0
298.19995,0.9510534,0.012831885,0.024293527,0.9489495,2018-06-16 08:00:00,0.0,2.7795191e-05,0.0,2.7795191e-05,0.0
297.2859,0.42047876,0.0,0.03191027,0.4135,2018-06-16 09:00:00,1.0,0.0,0.0,0.0,0.0
297.82593,0.9586637,0.0,0.3652587,0.9459324,2018-06-16 10:00:00,0.0,0.0,0.0,0.0,0.0
297.9651,0.98478025,0.0,0.4257096,0.9771442,2018-06-16 11:00:00,0.0,0.0,0.0,0.0,0.0
298.10083,0.997629,0.008620787,0.5289639,0.997629,2018-06-16 12:00:00,0.0,0.0,0.0,0.0,0.0
298.10645,1.0,0.013471484,0.7485575,1.0,2018-06-16 13:00:00,0.0,0.0,0.0,0.0,0.0
297.49756,1.0,0.0,0.97224677,1.0,2018-06-16 14:00:00,0.0,0.0,0.0,0.0,0.0
297.35083,1.0,0.005006563,0.7455337,1.0,2018-06-16 15:00:00,0.0,1.6616148e-05,0.0,1.6635706e-05,0.0
297.52197,1.0,0.011281386,0.28373992,1.0,2018-06-16 16:00:00,0.0,0.0,0.0,0.0,0.0
299.07202,1.0,0.018931683,0.41899347,1.0,2018-06-16 17:00:00,0.0,0.0,0.0,0.0,0.0
299.81885,1.0,0.005003199,0.43159902,1.0,2018-06-16 18:00:00,0.0,0.0,0.0,0.0,0.0
300.1731,1.0,0.0,0.0,1.0,2018-06-16 19:00:00,0.0,3.3160177e-05,0.0,2.2583597e-05,1.0442947e-05
301.55298,1.0,0.0,0.004207764,1.0,2018-06-16 20:00:00,0.0,2.7795191e-05,0.0,2.7928836e-05,0.0
302.72412,0.9917264,0.005003199,0.078743815,0.9917264,2018-06-16 21:00:00,0.0,0.00045683584,0.0,0.0004572079,0.0
302.82007,0.97616196,0.16655743,0.263099,0.9586912,2018-06-16 22:00:00,1.0,0.00024543074,0.0,0.00024524005,0.0
302.7566,1.0,0.1285147,0.14086765,1.0,2018-06-16 23:00:00,1.0,1.0983923e-05,0.0,7.760459e-06,3.2039125e-06
303.23022,1.0,0.20417571,0.18161947,1.0,2018-06-17 00:00:00,1.0,1.5396625e-05,0.0,2.6726157e-06,1.2724015e-05
303.20898,1.0,0.29321742,0.5224174,1.0,2018-06-17 01:00:00,1.0,2.1581305e-05,0.0,0.0,2.1467218e-05
302.7671,1.0,0.022911862,0.83893013,1.0,2018-06-17 02:00:00,0.0,7.3954425e-06,0.0,0.0,7.2813627e-06
302.0027,1.0,0.0,0.868208,1.0,2018-06-17 03:00:00,0.0,1.6035692e-06,0.0,1.7371995e-06,0.0
301.36597,1.0,0.0,0.022778407,1.0,2018-06-17 04:00:00,0.0,9.475199e-06,0.0,9.341567e-06,0.0
300.54102,1.0,0.018191684,0.2662806,1.0,2018-06-17 05:00:00,0.0,0.0,0.0,0.0,0.0
300.22388,1.0,0.026383627,0.39215696,1.0,2018-06-17 06:00:00,0.0,0.0,0.0,0.0,0.0
300.07886,1.0,0.0,0.5599822,1.0,2018-06-17 07:00:00,1.0,0.0021315909,0.0,0.0020508682,8.0922575e-05
300.11865,1.0,0.0,0.4064104,1.0,2018-06-17 08:00:00,0.0,0.0005050765,0.0,0.00049211085,1.2737448e-05
299.6455,0.99337184,0.0,0.11748618,0.99337184,2018-06-17 09:00:00,0.0,0.0,0.0,0.0,0.0
298.16357,0.998375,0.0,0.31489038,0.998375,2018-06-17 10:00:00,0.0,0.0,0.0,0.0,0.0
297.83496,0.99393606,0.0,0.41523457,0.98866487,2018-06-17 11:00:00,0.0,0.0,0.0,0.0,0.0
297.91724,0.9939192,0.013844978,0.5884729,0.98360085,2018-06-17 12:00:00,0.0,0.0,0.0,0.0,0.0
298.6311,0.8999005,0.006366875,0.27567667,0.88565195,2018-06-17 13:00:00,1.0,1.9770901e-05,0.0,1.9904532e-05,0.0
299.9502,0.7551409,0.01879184,0.37788004,0.6668568,2018-06-17 14:00:00,0.0,0.00015498152,0.0,0.00015500972,0.0
302.1145,0.98176485,0.04262089,0.14554936,0.9750255,2018-06-17 15:00:00,1.0,3.2206983e-05,0.0,3.21977e-05,0.0
302.3689,0.9912646,0.1104058,0.0016249504,0.98863506,2018-06-17 16:00:00,0.0,6.0655593e-06,0.0,6.399152e-06,0.0
303.43628,0.89749897,0.4673863,0.019880515,0.82622856,2018-06-17 17:00:00,0.0,3.4703335e-05,0.0,3.461745e-05,0.0
303.88623,0.94004315,0.3384214,0.010009766,0.89595586,2018-06-17 18:00:00,0.0,1.2398994e-05,0.0,1.2398994e-05,0.0
304.42334,0.8687121,0.48891944,0.061298788,0.7057244,2018-06-17 19:00:00,1.0,5.2429532e-05,0.0,5.2429532e-05,0.0
304.4275,0.49339765,0.25314575,0.08530027,0.3003403,2018-06-17 20:00:00,1.0,0.00010349092,0.0,9.564942e-05,7.8126595e-06
304.7854,0.8302355,0.20912117,0.16399252,0.7832326,2018-06-17 21:00:00,1.0,0.00037503033,0.0,0.00037345546,1.6035692e-06
302.65674,0.8809814,0.086049795,0.5241882,0.7894999,2018-06-17 22:00:00,1.0,0.0012266794,0.0,0.0011910421,3.569483e-05
300.9026,0.9690828,0.23458207,0.35255086,0.94101673,2018-06-17 23:00:00,1.0,0.0040217154,0.0,0.0038483704,0.00017357715
300.0166,0.8876285,0.19633138,0.21771586,0.8472682,2018-06-18 00:00:00,1.0,0.0030042166,0.0,0.0028574187,0.0001469503
299.1704,0.95325476,0.6249964,0.32676113,0.888657,2018-06-18 01:00:00,1.0,0.0014612935,0.0,0.0013358232,0.00012543167
298.64917,0.96285033,0.59471375,0.36072004,0.9101463,2018-06-18 02:00:00,1.0,0.00036191312,0.0,0.00031405757,4.790339e-05
296.9414,1.0,0.9622789,0.6490036,0.9304138,2018-06-18 03:00:00,1.0,9.219226e-05,0.0,7.7640114e-05,1.46857865e-05
296.43457,1.0,1.0,0.7596324,0.9832786,2018-06-18 04:00:00,1.0,0.00015786347,0.0,9.376138e-05,6.428345e-05
295.95264,1.0,1.0,0.5564821,1.0,2018-06-18 05:00:00,1.0,0.000750887,0.0,0.00050690817,0.00024424586
295.0166,1.0,1.0,0.54095256,1.0,2018-06-18 06:00:00,1.0,0.0014250053,0.0,0.0009892427,0.00043578097
294.8269,1.0,0.9920547,0.41056126,1.0,2018-06-18 07:00:00,1.0,0.0022715821,0.0,0.0018802104,0.00039119995
294.9248,1.0,0.98410946,0.51475763,1.0,2018-06-18 08:00:00,1.0,0.00030764146,0.0,6.6191045e-05,0.00024164113
294.45215,1.0,0.9883449,0.694518,1.0,2018-06-18 09:00:00,1.0,0.00034329668,0.0,5.452124e-05,0.0002889661
293.52344,0.99675006,0.9748803,0.76190645,0.9902332,2018-06-18 10:00:00,1.0,0.00024844264,0.0,3.6660058e-06,0.00024477672
293.29126,1.0,0.95365274,0.6779088,0.9741755,2018-06-18 11:00:00,1.0,0.00010075756,0.0,3.806573e-05,6.260593e-05
292.98828,1.0,0.83711153,0.8138616,0.935967,2018-06-18 12:00:00,1.0,0.00034212018,0.0,0.00029492727,4.707872e-05
292.86768,1.0,0.81441706,0.98089546,0.52740735,2018-06-18 13:00:00,1.0,0.0002816054,0.0,0.0001651254,0.000116394236
293.167,0.91543037,0.5064711,0.791931,0.45692492,2018-06-18 14:00:00,1.0,7.8883226e-05,0.0,1.9265735e-06,7.680348e-05
293.8191,0.83761257,0.30548996,0.7388898,0.22919899,2018-06-18 15:00:00,1.0,1.9245883e-05,0.0,1.4590241e-06,1.7834609e-05
294.99927,0.77258956,0.3972491,0.64401066,0.10034263,2018-06-18 16:00:00,0.0,1.7332772e-05,0.0,3.813716e-06,1.3595647e-05
296.08765,0.7877803,0.5495052,0.5554156,0.075099826,2018-06-18 17:00:00,0.0,9.595694e-06,0.0,6.454914e-06,2.9789517e-06
296.60254,0.53800434,0.36905426,0.28914225,0.1862545,2018-06-18 18:00:00,0.0,5.5310356e-06,0.0,4.6238265e-06,8.5946164e-07
297.5791,0.71978116,0.39135194,0.655149,0.1431244,2018-06-18 19:00:00,1.0,0.00014086255,0.0,0.00014096734,0.0
298.08325,0.88523585,0.40755957,0.79999834,0.3691457,2018-06-18 20:00:00,1.0,0.000361328,0.0,0.00036137574,0.0
298.64307,0.9114559,0.1995455,0.8723616,0.2537508,2018-06-18 21:00:00,1.0,4.1569438e-05,0.0,4.0273837e-05,1.2190021e-06
297.13086,0.9231765,0.09699702,0.8039011,0.71164566,2018-06-18 22:00:00,0.0,5.222764e-05,0.0,5.1922892e-05,0.0
296.9795,0.43210137,0.029479817,0.3697979,0.076066315,2018-06-18 23:00:00,0.0,0.0,0.0,0.0,0.0
297.22095,0.51765573,0.1361413,0.23416418,0.34874946,2018-06-19 00:00:00,0.0,0.0,0.0,0.0,0.0
297.13623,0.70007074,0.27173877,0.43593377,0.48163468,2018-06-19 01:00:00,0.0,5.0612734e-06,0.0,5.013526e-06,0.0
296.6162,0.8663464,0.18645042,0.4601115,0.7422922,2018-06-19 02:00:00,0.0,3.6569167e-05,0.0,3.6702797e-05,0.0
295.18066,0.9949968,0.26156217,0.71085644,0.9949968,2018-06-19 03:00:00,0.0,3.1418094e-05,0.0,3.1418094e-05,0.0
294.83765,1.0,0.44327855,0.8058213,1.0,2018-06-19 04:00:00,0.0,0.00033748266,0.0,0.0003376163,0.0
294.1643,1.0,0.4059177,0.7310395,1.0,2018-06-19 05:00:00,1.0,0.00018461522,0.0,0.00017824653,6.635949e-06
293.51392,1.0,0.27833766,0.97807324,1.0,2018-06-19 06:00:00,1.0,0.00029346603,0.0,0.00029006973,3.1289164e-06
293.06787,1.0,0.5166579,0.9556499,0.99675006,2018-06-19 07:00:00,1.0,0.00018570689,0.0,9.7676646e-05,8.8030225e-05
292.57153,1.0,0.67001355,0.9480717,0.95582694,2018-06-19 08:00:00,1.0,0.00028757285,0.0,0.00026000966,2.7773203e-05
292.30225,1.0,1.0,0.9947011,0.9483486,2018-06-19 09:00:00,1.0,0.00018066463,0.0,0.00016992295,1.1237109e-05
291.48975,1.0,1.0,0.9698062,0.9912679,2018-06-19 10:00:00,1.0,0.00020586106,0.0,0.0001503729,5.5602883e-05
291.44678,1.0,1.0,0.98359466,0.96265364,2018-06-19 11:00:00,1.0,0.0005288045,0.0,0.00033268426,0.00019633035
290.87402,1.0,1.0,0.9968219,0.97240806,2018-06-19 12:00:00,1.0,0.0010308798,0.0,0.0006453488,0.00038513076
290.37476,1.0,0.9663347,0.9941755,0.991148,2018-06-19 13:00:00,1.0,0.0010521694,0.0,0.0005387906,0.0005138845
290.68433,1.0,0.67001355,0.99208236,0.97947985,2018-06-19 14:00:00,1.0,0.0006569836,0.0,0.00036470918,0.0002927035
290.89844,1.0,0.6706737,0.9575275,0.9757538,2018-06-19 15:00:00,1.0,0.00043050293,0.0,0.00029124902,0.0001394346
290.91113,1.0,0.5629806,0.84121865,0.99337184,2018-06-19 16:00:00,1.0,0.00011185664,0.0,6.3719475e-05,4.8413713e-05
291.28516,0.9966217,0.55283576,0.7455545,0.99214685,2018-06-19 17:00:00,0.0,1.40077145e-05,0.0,2.0054104e-06,1.2383645e-05
291.5747,1.0,0.7421368,0.6895228,1.0,2018-06-19 18:00:00,0.0,3.8198294e-07,0.0,0.0,3.8198294e-07
292.02075,1.0,0.7091199,0.62519115,1.0,2018-06-19 19:00:00,0.0,2.864872e-05,0.0,2.850547e-05,9.549569e-08
292.83643,1.0,0.9657905,0.9216328,1.0,2018-06-19 20:00:00,1.0,0.000107125365,0.0,9.6209405e-05,1.0915956e-05
293.51465,1.0,0.39099902,0.79695207,1.0,2018-06-19 21:00:00,1.0,0.00025021238,0.0,0.00023438172,1.5391386e-05
292.85425,1.0,1.0,0.9799967,1.0,2018-06-19 22:00:00,1.0,0.00052965013,0.0,0.00052135997,8.3760315e-06
292.91724,1.0,0.8720539,1.0,1.0,2018-06-19 23:00:00,1.0,0.0006589256,0.0,0.0006559794,3.032138e-06
293.0027,1.0,1.0,0.9952605,0.95690805,2018-06-20 00:00:00,1.0,0.00027569407,0.0,0.00027470174,5.7233285e-07
292.8213,1.0,1.0,0.9829018,0.990789,2018-06-20 01:00:00,1.0,0.0003576656,0.0,0.00033832504,1.941713e-05
292.40308,1.0,1.0,0.9810396,0.978915,2018-06-20 02:00:00,1.0,0.00035596523,0.0,0.00029570633,6.044969e-05
291.76392,1.0,1.0,0.95968324,1.0,2018-06-20 03:00:00,1.0,0.00045024906,0.0,0.0004453119,5.1567695e-06
291.4851,1.0,0.988393,0.98280203,1.0,2018-06-20 04:00:00,1.0,0.00036237575,0.0,0.00034876773,1.3464899e-05
291.02197,1.0,0.9259301,1.0,0.99001795,2018-06-20 05:00:00,1.0,0.00047258358,0.0,0.00046639866,6.2802847e-06
291.16846,1.0,0.76603055,1.0,0.9910895,2018-06-20 06:00:00,1.0,0.00051885657,0.0,0.00042451103,9.461271e-05
291.31885,1.0,0.9932679,0.9978961,0.9942007,2018-06-20 07:00:00,1.0,0.0006582979,0.0,0.0005742591,8.387702e-05
291.02295,1.0,1.0,0.997629,1.0,2018-06-20 08:00:00,1.0,3.5210265e-05,0.0,2.4828887e-06,3.320421e-05
290.3767,1.0,1.0,0.9875907,1.0,2018-06-20 09:00:00,1.0,9.235968e-05,0.0,9.062346e-05,2.1560163e-06
291.5786,0.92343444,0.56023717,0.68611693,0.85226554,2018-06-20 10:00:00,1.0,6.101426e-07,0.0,0.0,4.0056705e-07
291.5376,0.9534414,0.21879673,0.23918658,0.9432029,2018-06-20 11:00:00,1.0,0.0,0.0,0.0,9.549569e-08
291.7229,0.9825316,0.29723328,0.088742375,0.96567285,2018-06-20 12:00:00,1.0,1.0645524e-05,0.0,1.0454853e-05,0.0
292.24243,0.98189783,0.31846815,0.44124466,0.9675968,2018-06-20 13:00:00,0.0,0.0,0.0,0.0,4.7683716e-07
293.41187,1.0,0.3044384,0.27014846,1.0,2018-06-20 14:00:00,1.0,3.3955457e-06,0.0,0.0,2.8046288e-06
295.2478,0.998375,0.26702017,0.122900784,0.998375,2018-06-20 15:00:00,1.0,2.8815402e-06,0.0,2.291265e-07,2.6142789e-06
295.95435,0.9755895,0.24817097,0.0,0.9667035,2018-06-20 16:00:00,1.0,1.1645416e-06,0.0,1.1645416e-06,0.0
296.59253,0.85941315,0.10822791,0.00053172023,0.8414823,2018-06-20 17:00:00,0.0,3.205837e-06,0.0,2.9001203e-06,0.0
297.34375,0.99289286,0.26999438,0.0021207693,0.98893285,2018-06-20 18:00:00,0.0,2.2579334e-05,0.0,2.265528e-05,0.0
297.7544,1.0,0.3956234,0.17713964,0.998375,2018-06-20 19:00:00,0.0,2.4828887e-06,0.0,2.5783847e-06,0.0
298.1123,1.0,0.7078839,0.46558005,1.0,2018-06-20 20:00:00,1.0,1.3369399e-06,0.0,1.3369399e-06,0.0
298.5056,1.0,0.6655898,0.63405025,1.0,2018-06-20 21:00:00,0.0,1.2984883e-06,0.0,1.2984883e-06,0.0
298.12622,1.0,0.8108604,0.58443546,1.0,2018-06-20 22:00:00,0.0,0.0,0.0,0.0,0.0
298.02148,1.0,0.3282916,0.3742724,1.0,2018-06-20 23:00:00,0.0,0.0,0.0,0.0,0.0
297.80542,1.0,0.049110208,0.2803898,1.0,2018-06-21 00:00:00,0.0,0.0,0.0,0.0,0.0
297.12524,1.0,0.049266633,0.23906273,1.0,2018-06-21 01:00:00,0.0,3.8198294e-07,0.0,3.8198294e-07,0.0
296.5078,1.0,0.037084766,0.4723488,1.0,2018-06-21 02:00:00,0.0,1.8144186e-05,0.0,1.6950493e-05,1.3369399e-06
295.19458,1.0,0.04598949,0.5142402,1.0,2018-06-21 03:00:00,0.0,4.4496584e-05,0.0,3.980768e-05,4.7747862e-06
294.9275,1.0,0.028130248,0.17691123,1.0,2018-06-21 04:00:00,0.0,9.801607e-05,0.0,8.449443e-05,1.3750754e-05
294.1482,1.0,0.011408862,0.38225394,1.0,2018-06-21 05:00:00,0.0,0.00013791156,0.0,0.00010015481,3.7365142e-05
293.43823,1.0,0.089033365,0.66742116,1.0,2018-06-21 06:00:00,0.0,0.0001890244,0.0,0.000110174864,7.858228e-05
292.99512,1.0,0.10025388,0.8657776,1.0,2018-06-21 07:00:00,0.0,0.00010175929,0.0,7.6499025e-05,2.5527523e-05
292.989,1.0,0.10208011,1.0,1.0,2018-06-21 08:00:00,1.0,8.371023e-05,0.0,6.168848e-05,2.2355656e-05
292.18066,1.0,0.0978567,0.9970973,1.0,2018-06-21 09:00:00,1.0,4.5019042e-05,0.0,2.4996625e-05,2.0070162e-05
291.76758,1.0,0.1627245,1.0,1.0,2018-06-21 10:00:00,0.0,1.820059e-05,0.0,3.1500946e-07,1.793333e-05
291.68726,0.9966217,0.021922573,0.93761575,0.9966217,2018-06-21 11:00:00,0.0,1.5852289e-05,0.0,0.0,1.5947779e-05
291.91064,0.997629,0.012136124,0.8923608,0.997629,2018-06-21 12:00:00,1.0,1.0695522e-05,0.0,0.0,1.0695522e-05
292.2727,0.9978961,0.0037098185,0.5986363,0.9978961,2018-06-21 13:00:00,0.0,5.729744e-06,0.0,0.0,5.82524e-06
292.76514,0.988393,0.107446015,0.20187324,0.9829109,2018-06-21 14:00:00,0.0,2.6738799e-06,0.0,0.0,2.6738799e-06
294.17578,0.9732722,0.051919434,0.3817407,0.96991104,2018-06-21 15:00:00,0.0,1.2414439e-06,0.0,0.0,1.2414439e-06
294.89746,0.93819714,0.0058496,0.5281965,0.92746913,2018-06-21 16:00:00,0.0,3.2468552e-06,0.0,0.0,3.2468552e-06
295.5786,0.9348433,0.0021566707,0.7262534,0.9264619,2018-06-21 17:00:00,0.0,6.016231e-06,0.0,0.0,6.016231e-06
296.354,0.9849035,0.008217197,0.85687804,0.9815424,2018-06-21 18:00:00,0.0,6.3982143e-06,0.0,0.0,6.3982143e-06
296.99683,0.98652846,0.01441757,0.88386333,0.98316735,2018-06-21 19:00:00,0.0,6.6847014e-07,0.0,0.0,6.6847014e-07
297.479,0.9966217,0.004741922,0.947819,0.9932679,2018-06-21 20:00:00,0.0,1.5279311e-06,0.0,0.0,1.6234271e-06
298.35547,1.0,0.03807322,0.99946827,0.92950636,2018-06-21 21:00:00,0.0,1.8144183e-06,0.0,0.0,1.8144183e-06
297.31177,0.95440716,0.0,0.29014796,0.94746435,2018-06-21 22:00:00,0.0,2.1964015e-06,0.0,0.0,2.1964015e-06
297.08936,0.949764,0.016498897,0.29406863,0.9334434,2018-06-21 23:00:00,0.0,9.549569e-08,0.0,0.0,9.549569e-08
296.92188,0.908495,0.038544178,0.3215807,0.8896611,2018-06-22 00:00:00,0.0,0.0,0.0,0.0,0.0
296.2141,0.963949,0.06428057,0.26075947,0.95734525,2018-06-22 01:00:00,0.0,0.0,0.0,0.0,0.0
295.15234,0.9591864,0.06638694,0.13389093,0.937573,2018-06-22 02:00:00,0.0,0.0,0.0,0.0,0.0
293.22095,0.9442506,0.056082793,0.10551649,0.9405218,2018-06-22 03:00:00,0.0,0.0,0.0,0.0,0.0
293.01685,0.880178,0.077717185,0.041402314,0.8730709,2018-06-22 04:00:00,0.0,0.0,0.0,0.0,0.0
292.45654,0.98859113,0.01003224,0.04530954,0.98859113,2018-06-22 05:00:00,0.0,0.0,0.0,0.0,0.0
291.56836,0.97570074,0.0058244728,0.019463405,0.97570074,2018-06-22 06:00:00,0.0,0.0,0.0,0.0,0.0
291.19092,1.0,0.0026463778,0.024463858,1.0,2018-06-22 07:00:00,0.0,0.0,0.0,0.0,0.0
290.77466,1.0,0.0,0.0,1.0,2018-06-22 08:00:00,0.0,0.0,0.0,0.0,0.0
290.23145,0.98253256,0.0,0.01998901,0.98253256,2018-06-22 09:00:00,0.0,0.0,0.0,0.0,0.0
289.948,0.97744584,0.22988111,0.0,0.9750749,2018-06-22 10:00:00,0.0,0.0,0.0,0.0,0.0
290.01538,0.98522997,0.23699403,0.0,0.98522997,2018-06-22 11:00:00,0.0,0.0,0.0,0.0,0.0
290.43506,0.96176916,0.022107147,0.0,0.96176916,2018-06-22 12:00:00,0.0,0.0,0.0,0.0,0.0
291.3291,0.947823,0.004767146,0.0,0.947823,2018-06-22 13:00:00,0.0,0.0,0.0,0.0,0.0
292.6277,0.9076889,0.005298864,0.0,0.9076889,2018-06-22 14:00:00,0.0,0.0,0.0,0.0,0.0
296.29248,0.94908935,0.0026356035,0.0,0.94908935,2018-06-22 15:00:00,0.0,0.0,0.0,0.0,0.0
297.33862,0.995161,0.015137695,0.107113004,0.995161,2018-06-22 16:00:00,1.0,2.0761741e-05,0.0,2.0704698e-05,0.0
297.86646,0.8818624,0.033184636,0.0422145,0.8786125,2018-06-22 17:00:00,1.0,3.721143e-05,0.0,3.6963713e-05,1.14079796e-07
298.4807,0.85251844,0.15444094,0.012828555,0.8258126,2018-06-22 18:00:00,1.0,6.717415e-06,0.0,6.717415e-06,0.0
299.1577,0.7247523,0.16407204,0.0,0.6583399,2018-06-22 19:00:00,0.0,0.0,0.0,0.0,0.0
299.55005,0.75735635,0.18966448,0.028848521,0.69539124,2018-06-22 20:00:00,0.0,0.0,0.0,0.0,0.0
300.0105,0.81844085,0.14304894,0.13013607,0.7474202,2018-06-22 21:00:00,0.0,0.0,0.0,0.0,0.0
299.98022,0.9664178,0.13206661,0.026067626,0.96316785,2018-06-22 22:00:00,0.0,0.0,0.0,0.0,0.0
299.8728,0.88953793,0.18740368,0.0033782488,0.8840558,2018-06-22 23:00:00,0.0,0.0,0.0,0.0,0.0
299.4922,0.8581944,0.1471703,0.0,0.8514623,2018-06-23 00:00:00,0.0,0.0,0.0,0.0,0.0
298.4021,0.6344951,0.06288862,0.0,0.62450576,2018-06-23 01:00:00,0.0,0.0,0.0,0.0,0.0
296.69458,0.34311742,0.021175668,0.0,0.3382426,2018-06-23 02:00:00,0.0,0.0,0.0,0.0,0.0
294.5547,0.43534678,0.0032499009,0.0,0.43534678,2018-06-23 03:00:00,0.0,0.0,0.0,0.0,0.0
293.27783,0.43572772,0.026067626,0.0,0.42431885,2018-06-23 04:00:00,0.0,0.0,0.0,0.0,0.0
292.68433,0.14493251,0.025383435,0.0,0.12539887,2018-06-23 05:00:00,0.0,0.0,0.0,0.0,0.0
292.2544,0.77320635,0.0,0.0,0.77320635,2018-06-23 06:00:00,0.0,0.0,0.0,0.0,0.0
291.96338,0.8751773,0.0,0.0,0.8751773,2018-06-23 07:00:00,0.0,0.0,0.0,0.0,0.0
291.4231,0.93987656,0.0,0.0,0.93987656,2018-06-23 08:00:00,0.0,0.0,0.0,0.0,0.0
290.49927,0.91468704,0.0,0.0,0.91468704,2018-06-23 09:00:00,0.0,0.0,0.0,0.0,0.0
289.48706,0.7559596,0.04588678,0.0,0.7525813,2018-06-23 10:00:00,0.0,0.0,0.0,0.0,0.0
289.6328,0.7425749,0.012623299,0.0,0.7404539,2018-06-23 11:00:00,0.0,0.0,0.0,0.0,0.0
291.2002,0.9025001,0.07109892,0.0,0.8992502,2018-06-23 12:00:00,0.0,0.0,0.0,0.0,0.0
292.4978,0.95490474,0.03941447,0.0,0.95490474,2018-06-23 13:00:00,0.0,0.0,0.0,0.0,0.0
294.3789,0.8890868,0.05861806,0.0,0.8890868,2018-06-23 14:00:00,1.0,0.0,0.0,0.0,0.0
297.78906,0.93811035,0.09638935,0.33721268,0.8689546,2018-06-23 15:00:00,1.0,1.0534056e-05,0.0,1.0601354e-05,0.0
298.6184,0.9543936,0.17676455,0.38464624,0.93993676,2018-06-23 16:00:00,0.0,9.158646e-07,0.0,7.056429e-07,0.0
299.41138,0.9755726,0.102758884,0.19113427,0.97394764,2018-06-23 17:00:00,0.0,0.0,0.0,0.0,0.0
299.7207,0.9652117,0.14550251,0.25971556,0.95672625,2018-06-23 18:00:00,1.0,3.627573e-07,0.0,9.549569e-08,0.0
300.1123,0.9651092,0.019802459,0.093512416,0.9634843,2018-06-23 19:00:00,0.0,1.774673e-05,0.0,1.774673e-05,0.0
300.48315,0.9701592,0.0015890491,0.09937298,0.95889825,2018-06-23 20:00:00,0.0,7.8190845e-07,0.0,8.389483e-07,0.0
300.78638,0.9837398,0.0086017735,0.04172086,0.9837398,2018-06-23 21:00:00,0.0,4.774787e-07,0.0,5.2522654e-07,0.0
299.6919,0.99050504,0.012116086,0.2607448,0.9899733,2018-06-23 22:00:00,0.0,5.7297444e-07,0.0,6.207223e-07,0.0
299.3557,0.9763656,0.019917209,0.28145963,0.9624703,2018-06-23 23:00:00,0.0,1.9099144e-07,0.0,2.3873935e-07,0.0
298.9192,0.97790706,0.011755541,0.17042619,0.9773753,2018-06-24 00:00:00,0.0,0.0,0.0,0.0,0.0
298.21924,0.9966217,0.026266359,0.11233723,0.9899067,2018-06-24 01:00:00,0.0,0.0,0.0,0.0,0.0
297.24756,0.9412069,0.028720204,0.08161503,0.9412069,2018-06-24 02:00:00,0.0,0.0,0.0,0.0,0.0
295.271,0.97000116,0.013471484,0.068305075,0.96372026,2018-06-24 03:00:00,0.0,0.0,0.0,0.0,0.0
294.86646,0.9688875,0.026674777,0.10453206,0.96173036,2018-06-24 04:00:00,0.0,0.0,0.0,0.0,0.0
294.20728,0.4149503,0.024103742,0.09187502,0.3521362,2018-06-24 05:00:00,0.0,0.0,0.0,0.0,0.0
293.8484,0.08179355,0.0100932345,0.061130226,0.0173034,2018-06-24 06:00:00,0.0,0.0,0.0,0.0,0.0
293.33423,0.14281511,0.024095546,0.11299473,0.029042058,2018-06-24 07:00:00,0.0,5.0311237e-06,0.0,4.5924216e-06,1.9099144e-07
292.95605,0.15928346,0.023260847,0.050293125,0.1001004,2018-06-24 08:00:00,0.0,0.0,0.0,0.0,0.0
292.08838,0.27017736,0.0033782488,0.051039174,0.23360324,2018-06-24 09:00:00,0.0,0.0,0.0,0.0,0.0
291.36255,0.20725214,0.0033782488,0.10305095,0.11255211,2018-06-24 10:00:00,0.0,0.0,0.0,0.0,0.0
291.6748,0.07185316,0.033665255,0.052549016,0.010057587,2018-06-24 11:00:00,0.0,0.0,0.0,0.0,0.0
292.4922,0.09501606,0.040200245,0.030304112,0.034622043,2018-06-24 12:00:00,0.0,0.0,0.0,0.0,0.0
293.51147,0.46252376,0.041658405,0.24064654,0.28421122,2018-06-24 13:00:00,0.0,0.0,0.0,0.0,0.0
294.9297,0.54562277,0.10622728,0.30755442,0.34421527,2018-06-24 14:00:00,0.0,0.0,0.0,0.0,0.0
297.1853,0.7422889,0.23972023,0.3769437,0.5101226,2018-06-24 15:00:00,1.0,7.5928674e-06,0.0,7.1160302e-06,0.0
298.0454,0.7260557,0.2674669,0.44146913,0.36800665,2018-06-24 16:00:00,1.0,1.0375036e-05,0.0,1.0517959e-05,0.0
298.74512,0.5840765,0.1419732,0.30224115,0.4040215,2018-06-24 17:00:00,1.0,1.8640247e-05,0.0,1.8735736e-05,0.0
298.85693,0.5891731,0.11930597,0.16869748,0.47820914,2018-06-24 18:00:00,1.0,2.0031672e-05,0.0,1.9793253e-05,0.0
299.0525,0.88393414,0.11403978,0.59851843,0.7108803,2018-06-24 19:00:00,1.0,2.7429036e-05,0.0,2.7371992e-05,0.0
299.7422,0.97108275,0.15324467,0.5698323,0.89962643,2018-06-24 20:00:00,0.0,2.1374417e-06,0.0,2.0989855e-06,0.0
300.00513,0.9602468,0.13841641,0.31174672,0.92468333,2018-06-24 21:00:00,0.0,1.3350154e-06,0.0,1.3350154e-06,0.0
300.0205,0.93931735,0.18132728,0.47024542,0.9280564,2018-06-24 22:00:00,1.0,8.569012e-06,0.0,8.616759e-06,0.0
299.70435,0.98049325,0.33752215,0.7078265,0.9465486,2018-06-24 23:00:00,1.0,2.3925124e-05,0.0,2.3982167e-05,0.0
299.2666,0.9852677,0.25216144,0.4607547,0.96058685,2018-06-25 00:00:00,0.0,1.7801853e-05,0.0,1.8069113e-05,0.0
298.91675,0.97838324,0.033594687,0.33050472,0.97338283,2018-06-25 01:00:00,0.0,5.7168945e-06,0.0,5.7739344e-06,0.0
297.56494,1.0,0.01173529,0.16325414,1.0,2018-06-25 02:00:00,0.0,0.0,0.0,0.0,0.0
296.1975,1.0,0.016832627,0.10327852,1.0,2018-06-25 03:00:00,1.0,9.354156e-06,0.0,9.487786e-06,0.0
295.62134,1.0,0.011682536,0.100500345,1.0,2018-06-25 04:00:00,1.0,7.3269166e-06,0.0,7.1362456e-06,2.6726156e-07
295.05542,1.0,0.06753832,0.024613887,1.0,2018-06-25 05:00:00,0.0,1.2626594e-05,0.0,1.2626594e-05,0.0
294.3833,1.0,0.041466095,0.022359975,1.0,2018-06-25 06:00:00,0.0,0.0,0.0,0.0,0.0
294.45142,0.99946827,0.04664482,0.034737337,0.99946827,2018-06-25 07:00:00,0.0,1.015594e-05,0.0,1.0423201e-05,0.0
293.79443,0.8026012,0.032666914,0.16659474,0.7725787,2018-06-25 08:00:00,0.0,0.0,0.0,0.0,0.0
292.9419,0.30613917,0.06469756,0.18932128,0.12839556,2018-06-25 09:00:00,0.0,2.2815959e-07,0.0,4.954212e-07,0.0
292.35596,0.60818034,0.037145093,0.42842448,0.29739928,2018-06-25 10:00:00,0.0,0.0,0.0,0.0,0.0
292.43628,0.99371904,0.012199592,0.74652785,0.98877615,2018-06-25 11:00:00,0.0,0.0,0.0,0.0,0.0
293.13794,0.98663634,0.0,0.10120875,0.9850114,2018-06-25 12:00:00,0.0,0.0,0.0,0.0,0.0
293.77124,0.9942508,0.040700793,0.48361725,0.9863476,2018-06-25 13:00:00,0.0,0.0,0.0,0.0,0.0
294.59277,0.9932679,0.032011583,0.92428803,0.9125493,2018-06-25 14:00:00,0.0,0.0,0.0,0.0,0.0
296.3208,0.9360234,0.0016249504,0.194157,0.9242881,2018-06-25 15:00:00,0.0,0.0,0.0,0.0,0.0
297.06396,0.99371904,0.00998199,0.032403205,0.99371904,2018-06-25 16:00:00,0.0,0.0,0.0,0.0,0.0
298.22412,1.0,0.0054821298,0.0032499009,1.0,2018-06-25 17:00:00,0.0,0.0,0.0,0.0,0.0
298.83838,0.9844547,0.03315999,0.0,0.98392904,2018-06-25 18:00:00,0.0,0.0,0.0,0.0,0.0
299.60522,1.0,0.041086964,0.0,1.0,2018-06-25 19:00:00,0.0,2.4526249e-05,0.0,2.4554436e-05,0.0
300.03687,0.9978433,0.103114486,0.0,0.9978433,2018-06-25 20:00:00,0.0,0.0,0.0,0.0,0.0
300.32397,0.9886372,0.07630807,0.0,0.9886372,2018-06-25 21:00:00,0.0,0.0,0.0,0.0,0.0
299.46997,0.93459606,0.17665875,0.24869508,0.9197023,2018-06-25 22:00:00,1.0,0.0,0.0,0.0,0.0
299.28687,0.9503235,0.22275466,0.30765253,0.93478155,2018-06-25 23:00:00,0.0,3.627573e-07,0.0,2.291265e-07,0.0
298.9265,0.967913,0.15310997,0.29370207,0.9513137,2018-06-26 00:00:00,0.0,4.9606274e-07,0.0,4.0056705e-07,0.0
298.20996,0.94776,0.11368251,0.3455149,0.89410543,2018-06-26 01:00:00,0.0,6.0950106e-07,0.0,6.8609194e-07,0.0
297.60327,0.9354063,0.058992088,0.47626626,0.91457134,2018-06-26 02:00:00,0.0,0.0,0.0,0.0,0.0
296.4131,0.70495576,0.033908747,0.033062264,0.66285694,2018-06-26 03:00:00,0.0,0.0,0.0,0.0,0.0
296.1294,0.6987483,0.063832164,0.17492634,0.61542416,2018-06-26 04:00:00,0.0,0.0,0.0,0.0,0.0
295.78857,0.85124886,0.036915593,0.66994554,0.5726443,2018-06-26 05:00:00,0.0,9.549567e-07,0.0,1.9099144e-07,7.639659e-07
294.76904,0.995108,0.12799132,0.9609944,0.86828893,2018-06-26 06:00:00,0.0,0.00024376616,0.0,0.00022550466,1.8385195e-05
293.56055,0.998375,0.50039303,0.9254627,0.98254323,2018-06-26 07:00:00,1.0,0.0009422144,0.0,0.00082446565,0.00011779649
292.82007,1.0,0.9360233,0.82112795,1.0,2018-06-26 08:00:00,1.0,0.0011565294,0.0,0.00080902735,0.00034748227
291.4641,1.0,1.0,0.63892335,1.0,2018-06-26 09:00:00,1.0,0.00057605305,0.0,0.00043866457,0.00013725484
291.3584,0.9989426,0.28551698,0.6388827,0.98624724,2018-06-26 10:00:00,1.0,7.012457e-05,0.0,2.4022607e-05,4.6101966e-05
291.39722,0.9801475,0.48590028,0.7006416,0.9374512,2018-06-26 11:00:00,1.0,6.662434e-05,0.0,4.5324385e-05,2.1299958e-05
291.45557,0.9212506,0.74203163,0.6101673,0.6349939,2018-06-26 12:00:00,1.0,2.9202332e-05,0.0,1.3281844e-05,1.605411e-05
291.29175,0.9111616,0.88628125,0.2737323,0.16491252,2018-06-26 13:00:00,1.0,3.8127628e-06,0.0,0.0,3.8127628e-06
291.9607,1.0,1.0,0.29403877,0.12109429,2018-06-26 14:00:00,1.0,1.7134138e-05,0.0,1.4062271e-05,2.7475753e-06
293.08716,1.0,1.0,0.33374143,0.19135064,2018-06-26 15:00:00,1.0,0.000117545744,0.0,0.0001038037,1.39045105e-05
293.3579,1.0,1.0,0.68927306,0.36989462,2018-06-26 16:00:00,1.0,4.6628644e-05,0.0,3.0011477e-05,1.672194e-05
293.72485,1.0,1.0,0.7494727,0.40368217,2018-06-26 17:00:00,1.0,4.662879e-05,0.0,3.832321e-05,8.038311e-06
293.76807,1.0,1.0,0.8108408,0.6307097,2018-06-26 18:00:00,1.0,0.00021411157,0.0,0.00015283992,6.1538914e-05
293.85547,0.9810396,0.8489865,0.74190146,0.7265081,2018-06-26 19:00:00,1.0,0.00059939455,0.0,0.00046199164,0.00013740285
294.85083,1.0,0.9824845,0.6618551,0.6416287,2018-06-26 20:00:00,1.0,0.00017872924,0.0,9.381097e-05,8.4689134e-05
294.95947,0.9435832,0.9095624,0.48540956,0.15241504,2018-06-26 21:00:00,1.0,0.00013432787,0.0,0.000118871045,1.5456812e-05
295.34863,0.9617039,0.9466206,0.19132298,0.03754917,2018-06-26 22:00:00,1.0,5.6557677e-05,0.0,4.5018125e-05,1.1597227e-05
295.4873,0.981457,0.9788106,0.1843512,0.08514154,2018-06-26 23:00:00,1.0,0.0003339618,0.0,0.0001945806,0.00013936272
294.92896,0.90963095,0.8898803,0.33506984,0.0,2018-06-27 00:00:00,1.0,0.0008961274,0.0,0.0006346116,0.0002615156
294.80786,0.8891932,0.8609812,0.23691982,0.0,2018-06-27 01:00:00,1.0,0.00028187595,0.0,0.00016396052,0.00011812578
294.66895,0.8616937,0.86063635,0.026746474,0.0,2018-06-27 02:00:00,1.0,5.1929994e-05,0.0,4.0738058e-05,1.1201224e-05
293.74194,0.8142684,0.81374276,0.011051133,0.0,2018-06-27 03:00:00,1.0,0.00019152749,0.0,0.00015557474,3.630588e-05
293.60205,0.8772859,0.8772859,0.016337994,0.0,2018-06-27 04:00:00,1.0,8.3405335e-05,0.0,5.4999575e-05,2.8377559e-05
293.2915,0.82587826,0.82587826,0.0,0.0,2018-06-27 05:00:00,0.0,1.0200062e-05,0.0,2.1540918e-06,8.4273115e-06
293.3191,0.5747737,0.5747737,0.0,0.0,2018-06-27 06:00:00,1.0,4.7683716e-07,0.0,2.9545845e-07,0.0
293.10107,0.47639626,0.47639626,0.0,0.0,2018-06-27 07:00:00,0.0,0.0,0.0,0.0,0.0
292.96533,0.3816769,0.3816769,0.0,0.0,2018-06-27 08:00:00,1.0,0.0,0.0,0.0,0.0
292.97192,0.25147128,0.25147128,0.0,0.0,2018-06-27 09:00:00,0.0,0.0,0.0,0.0,0.0
292.2766,0.624497,0.61002636,0.0,0.014453504,2018-06-27 10:00:00,1.0,1.9099144e-07,0.0,0.0,1.9099144e-07
292.40308,0.73652565,0.73652565,0.0,0.0,2018-06-27 11:00:00,1.0,5.3452317e-07,0.0,9.0657255e-07,0.0
292.44824,0.72223306,0.72223306,0.0,0.0,2018-06-27 12:00:00,1.0,5.3452317e-07,0.0,4.7747868e-08,5.3452317e-07
292.63623,0.85877407,0.54431754,0.0,0.7088443,2018-06-27 13:00:00,1.0,5.4692864e-05,0.0,5.2536518e-05,2.423929e-06
293.44067,1.0,0.995108,0.0,1.0,2018-06-27 14:00:00,1.0,0.000110280394,0.0,8.161078e-05,2.9003204e-05
295.43018,1.0,0.67779934,0.0,0.99627113,2018-06-27 15:00:00,1.0,6.269524e-05,0.0,5.313258e-05,9.877672e-06
295.97314,0.9932679,0.8492413,0.0,0.9903652,2018-06-27 16:00:00,1.0,6.988124e-05,0.0,6.9033325e-05,1.2004175e-06
296.89673,1.0,0.991298,0.005003199,0.8199441,2018-06-27 17:00:00,1.0,6.2443185e-05,0.0,6.205191e-05,5.3452317e-07
297.29834,1.0,0.9973536,0.0067320913,0.4098124,2018-06-27 18:00:00,1.0,2.9660048e-05,0.0,2.9574163e-05,0.0
297.93677,1.0,1.0,0.0,0.14147758,2018-06-27 19:00:00,0.0,7.876789e-06,0.0,7.933829e-06,0.0
298.6643,1.0,1.0,0.0,0.11961478,2018-06-27 20:00:00,0.0,5.1855795e-06,0.0,5.137831e-06,0.0
299.28394,1.0,1.0,0.0,0.0058962777,2018-06-27 21:00:00,0.0,9.549569e-08,0.0,9.549569e-08,0.0
299.60522,0.80463237,0.764701,0.0,0.0756793,2018-06-27 22:00:00,0.0,0.0,0.0,0.0,0.0
299.57227,0.32133418,0.30439848,0.0,0.028941449,2018-06-27 23:00:00,0.0,0.0,0.0,0.0,0.0
299.7173,0.099615395,0.06530577,0.0,0.038202457,2018-06-28 00:00:00,0.0,0.0,0.0,0.0,0.0
299.29883,0.12789953,0.0037098185,0.0,0.124189675,2018-06-28 01:00:00,0.0,0.0,0.0,0.0,0.0
297.32642,0.3616283,0.0073382594,0.019460037,0.36003923,2018-06-28 02:00:00,0.0,0.0,0.0,0.0,0.0
295.69214,0.14344352,0.0010573287,0.041027326,0.1110723,2018-06-28 03:00:00,0.0,0.0,0.0,0.0,0.0
295.31152,0.10901111,0.0,0.09163785,0.017356154,2018-06-28 04:00:00,0.0,0.0,0.0,0.0,0.0
294.3838,0.09551853,0.0,0.09551853,0.0,2018-06-28 05:00:00,0.0,0.0,0.0,0.0,0.0
294.0735,0.12253511,0.0,0.12253511,0.0,2018-06-28 06:00:00,0.0,0.0,0.0,0.0,0.0
293.84473,0.018458761,0.0,0.018458761,0.0,2018-06-28 07:00:00,0.0,0.0,0.0,0.0,0.0
293.45776,0.016866345,0.0,0.016866345,0.0,2018-06-28 08:00:00,0.0,0.0,0.0,0.0,0.0
292.0432,0.025443792,0.0,0.025443792,0.0,2018-06-28 09:00:00,0.0,0.0,0.0,0.0,0.0
292.01465,0.017350968,0.0,0.017350968,0.0,2018-06-28 10:00:00,0.0,0.0,0.0,0.0,0.0
292.16284,0.014368147,0.0,0.014368147,0.0,2018-06-28 11:00:00,0.0,0.0,0.0,0.0,0.0
292.88623,0.008384813,0.0,0.008384813,0.0,2018-06-28 12:00:00,0.0,0.0,0.0,0.0,0.0
294.3711,0.00053172023,0.0,0.00053172023,0.0,2018-06-28 13:00:00,0.0,0.0,0.0,0.0,0.0
296.4077,0.0,0.0,0.0,0.0,2018-06-28 14:00:00,0.0,0.0,0.0,0.0,0.0
299.43457,0.10551977,0.0,0.0,0.10551977,2018-06-28 15:00:00,0.0,0.0,0.0,0.0,0.0
300.5266,0.25177938,0.0026463778,0.0,0.25019032,2018-06-28 16:00:00,0.0,0.0,0.0,0.0,0.0
301.09155,0.8586332,0.0074916556,0.015616629,0.8586332,2018-06-28 17:00:00,0.0,0.0,0.0,0.0,0.0
301.4619,0.9566051,0.09761065,0.15064704,0.9482407,2018-06-28 18:00:00,0.0,0.0,0.0,0.0,0.0
301.54395,0.9823182,0.05671885,0.23356915,0.9707607,2018-06-28 19:00:00,1.0,3.3241333e-05,0.0,2.0049847e-05,1.3268085e-05
301.9807,0.9924724,0.0,0.112149954,0.9924724,2018-06-28 20:00:00,0.0,2.3630255e-06,0.0,2.2293952e-06,0.0
301.9568,0.96199954,0.0,0.018457577,0.96199954,2018-06-28 21:00:00,0.0,0.0,0.0,0.0,0.0
301.9431,0.88414574,0.0,0.121579885,0.88414574,2018-06-28 22:00:00,0.0,0.0,0.0,0.0,0.0
302.18384,0.7698074,0.0032499009,0.15533543,0.75207627,2018-06-28 23:00:00,0.0,0.0,0.0,0.0,0.0
301.9939,0.3792777,0.0,0.019121189,0.3733983,2018-06-29 00:00:00,0.0,0.0,0.0,0.0,0.0
301.5542,0.73025876,0.0,0.062129796,0.7245267,2018-06-29 01:00:00,0.0,0.0,0.0,0.0,0.0
300.60278,0.22635603,0.0,0.0,0.22635603,2018-06-29 02:00:00,0.0,0.0,0.0,0.0,0.0
298.8125,0.00053172023,0.0,0.0,0.00053172023,2018-06-29 03:00:00,0.0,0.0,0.0,0.0,0.0
298.07153,0.0015890491,0.0,0.0,0.0015890491,2018-06-29 04:00:00,0.0,0.0,0.0,0.0,0.0
297.21436,0.0,0.0,0.0,0.0,2018-06-29 05:00:00,0.0,0.0,0.0,0.0,0.0
296.04834,0.0,0.0,0.0,0.0,2018-06-29 06:00:00,0.0,0.0,0.0,0.0,0.0
295.96582,0.18782955,0.0,0.0037288337,0.18782955,2018-06-29 07:00:00,0.0,0.0,0.0,0.0,0.0
296.3662,0.43461764,0.0,0.087753475,0.3862689,2018-06-29 08:00:00,0.0,6.616073e-06,0.0,6.5112845e-06,0.0
296.64282,0.773991,0.0,0.008357041,0.773991,2018-06-29 09:00:00,0.0,0.0,0.0,0.0,0.0
296.19116,0.76380974,0.0,0.018439438,0.76063144,2018-06-29 10:00:00,0.0,0.0,0.0,0.0,0.0
296.35156,0.79056615,0.0,0.0010573287,0.7900344,2018-06-29 11:00:00,0.0,0.0,0.0,0.0,0.0
296.85132,0.85484165,0.0,0.005281981,0.85484165,2018-06-29 12:00:00,0.0,0.0,0.0,0.0,0.0
298.0298,0.48235756,0.0,0.0037288337,0.48235756,2018-06-29 13:00:00,0.0,0.0,0.0,0.0,0.0
299.84448,0.7214325,0.0,0.002103883,0.71931154,2018-06-29 14:00:00,0.0,0.0,0.0,0.0,0.0
303.1831,0.8630735,0.0,0.0,0.8630735,2018-06-29 15:00:00,0.0,0.0,0.0,0.0,0.0
304.52417,0.81136763,0.0,0.0,0.81136763,2018-06-29 16:00:00,0.0,0.0,0.0,0.0,0.0
305.78247,0.55016774,0.0,0.0,0.55016774,2018-06-29 17:00:00,0.0,0.0,0.0,0.0,0.0
306.52222,0.062308516,0.0,0.0,0.062308516,2018-06-29 18:00:00,0.0,0.0,0.0,0.0,0.0
307.31567,0.019877147,0.0,0.0,0.019877147,2018-06-29 19:00:00,0.0,0.0,0.0,0.0,0.0
307.8103,0.0016249504,0.0,0.0,0.0016249504,2018-06-29 20:00:00,0.0,0.0,0.0,0.0,0.0
308.17944,0.009478044,0.009478044,0.0,0.0,2018-06-29 21:00:00,0.0,0.0,0.0,0.0,0.0
308.1228,0.0,0.0,0.0,0.0,2018-06-29 22:00:00,0.0,0.0,0.0,0.0,0.0
307.29297,0.0,0.0,0.0,0.0,2018-06-29 23:00:00,0.0,0.0,0.0,0.0,0.0
306.2981,0.012160324,0.010535371,0.0,0.0016249504,2018-06-30 00:00:00,0.0,0.0,0.0,0.0,0.0
305.41016,0.18080908,0.028938081,0.019192956,0.16134906,2018-06-30 01:00:00,0.0,0.0,0.0,0.0,0.0
304.7837,0.10094291,0.0016249504,0.0032499009,0.09931797,2018-06-30 02:00:00,0.0,0.0,0.0,0.0,0.0
303.40332,0.07857108,0.0,0.0,0.07857108,2018-06-30 03:00:00,0.0,0.0,0.0,0.0,0.0
303.32593,0.30926752,0.0,0.074132085,0.26016688,2018-06-30 04:00:00,0.0,0.0,0.0,0.0,0.0
302.8728,0.1298263,0.0,0.10095334,0.03536543,2018-06-30 05:00:00,0.0,0.0,0.0,0.0,0.0
302.28247,0.7803776,0.0,0.21812838,0.7165221,2018-06-30 06:00:00,0.0,0.0,0.0,0.0,0.0
301.81104,0.9724544,0.024751998,0.23892206,0.9671808,2018-06-30 07:00:00,0.0,0.0004431603,0.0,0.00044209138,1.0690455e-06
301.42578,0.9862241,0.11676693,0.29448467,0.97938687,2018-06-30 08:00:00,0.0,0.000114373775,0.0,0.000114373775,0.0
301.02588,0.8679043,0.14240015,0.08879137,0.8406488,2018-06-30 09:00:00,0.0,0.0,0.0,0.0,0.0
300.0183,0.58445925,0.012144674,0.011102993,0.5794419,2018-06-30 10:00:00,0.0,0.0,0.0,0.0,0.0
299.88086,0.0835824,0.0,0.0,0.0835824,2018-06-30 11:00:00,0.0,0.0,0.0,0.0,0.0
299.7915,0.9595631,0.0,0.0,0.9595631,2018-06-30 12:00:00,1.0,0.0,0.0,0.0,0.0
299.86743,1.0,0.0,0.0,1.0,2018-06-30 13:00:00,1.0,0.0,0.0,0.0,0.0
299.86792,1.0,0.010057367,0.0010573287,1.0,2018-06-30 14:00:00,0.0,0.0,0.0,0.0,0.0
301.5542,0.9610539,0.020869803,0.0010573287,0.9610539,2018-06-30 15:00:00,0.0,0.0,0.0,1.3363075e-07,0.0
302.0586,0.93666005,0.013623986,0.0,0.93666005,2018-06-30 16:00:00,1.0,2.0983398e-06,0.0,1.6692502e-06,0.0
302.5149,0.9540548,0.010803379,0.0,0.9540548,2018-06-30 17:00:00,0.0,2.5521033e-05,0.0,2.526307e-05,5.3452317e-07
303.27808,0.5151457,0.13448435,0.03874368,0.4066394,2018-06-30 18:00:00,1.0,3.573834e-05,0.0,3.5260862e-05,4.774787e-07
303.3313,0.4653362,0.12603015,0.060209107,0.3611669,2018-06-30 19:00:00,0.0,6.2366653e-06,0.0,6.2366653e-06,0.0
303.35938,0.7981951,0.010290984,0.11594653,0.78576434,2018-06-30 20:00:00,0.0,2.6738799e-06,0.0,2.6738799e-06,0.0
302.20068,0.9547089,0.010597732,0.09898168,0.95200336,2018-06-30 21:00:00,0.0,5.7297444e-07,0.0,1.9099144e-07,4.774787e-07
302.49658,1.0,0.07380259,0.17552072,1.0,2018-06-30 22:00:00,0.0,6.8347117e-06,0.0,7.0160904e-06,0.0
301.56226,0.96173525,0.025566787,0.11707401,0.9584682,2018-06-30 23:00:00,0.0,6.3073734e-05,0.0,6.2940104e-05,0.0
300.34937,0.99675006,0.00053172023,0.22680038,0.99675006,2018-07-01 00:00:00,0.0,0.0,0.0,0.0,0.0
299.66357,1.0,0.0,0.34556538,1.0,2018-07-01 01:00:00,0.0,3.8198294e-07,0.0,0.0,4.774787e-07
298.80957,0.99627113,0.0,0.45776576,0.99627113,2018-07-01 02:00:00,0.0,8.021641e-06,0.0,1.3363075e-07,8.021641e-06
297.14355,0.8566315,0.0,0.053360097,0.8566315,2018-07-01 03:00:00,1.0,5.37468e-05,0.0,2.5406363e-05,2.795909e-05
296.77588,0.96046084,0.0,0.047493514,0.96046084,2018-07-01 04:00:00,1.0,0.00066242786,0.0,0.00060324953,5.876817e-05
296.0027,0.99300414,0.0,0.319619,0.99300414,2018-07-01 05:00:00,0.0,0.00033415924,0.0,0.00029906188,3.509737e-05
295.10742,0.98811215,0.0,0.29013145,0.9864872,2018-07-01 06:00:00,0.0,4.191511e-07,0.0,0.0,4.0056705e-07
294.78516,1.0,0.0,0.18077427,1.0,2018-07-01 07:00:00,1.0,2.6136277e-06,0.0,0.0,2.6136277e-06
294.64404,1.0,0.0,0.1444732,1.0,2018-07-01 08:00:00,1.0,4.6333967e-05,0.0,0.0,4.6238478e-05
294.26978,1.0,0.0,0.16236538,1.0,2018-07-01 09:00:00,1.0,3.2723707e-05,0.0,0.0,3.2723707e-05
294.4402,1.0,0.004235424,0.83128554,1.0,2018-07-01 10:00:00,1.0,3.449396e-05,0.0,9.354155e-07,3.369218e-05
294.29297,1.0,0.014276218,0.97412187,1.0,2018-07-01 11:00:00,1.0,0.00029566162,0.0,4.944339e-06,0.00029058382
294.42847,1.0,0.23503119,0.82693464,0.98253256,2018-07-01 12:00:00,1.0,0.0006444887,0.0,0.0,0.00064437464
294.39062,1.0,0.3244741,1.0,0.44770443,2018-07-01 13:00:00,1.0,0.00040679355,0.0,1.2026767e-06,0.00040574302
294.64868,0.99209684,0.30438858,0.98655856,0.02895559,2018-07-01 14:00:00,1.0,0.00023885223,0.0,7.959368e-05,0.0001592015
295.07617,1.0,0.9360233,1.0,0.19138968,2018-07-01 15:00:00,1.0,0.0005063501,0.0,0.00022556259,0.00028120726
294.68994,1.0,1.0,0.9968219,0.41373515,2018-07-01 16:00:00,1.0,0.0017380137,0.0,0.0013672437,0.00037107477
293.48877,0.98868173,0.81346625,0.9422349,0.1477952,2018-07-01 17:00:00,1.0,0.004410725,0.0,0.0014245347,0.0029857147
291.95532,0.61479324,0.53793633,0.43039924,0.019988392,2018-07-01 18:00:00,1.0,0.011464637,0.0,0.0014721036,0.00999254
292.3274,0.78531337,0.78531337,0.41269433,0.0,2018-07-01 19:00:00,1.0,0.00011759547,0.0,0.0,0.00011742371
292.63013,0.41840106,0.36973435,0.2671808,0.0,2018-07-01 20:00:00,1.0,2.0357824e-05,0.0,0.0,2.0834661e-05
293.53442,0.13824022,0.13249099,0.06179586,0.0,2018-07-01 21:00:00,0.0,1.9849103e-06,0.0,2.6726156e-07,2.09899e-06
294.4126,0.98683417,0.98683417,0.0057492107,0.0,2018-07-01 22:00:00,0.0,1.2004175e-06,0.0,1.0385902e-06,0.0
295.23413,0.67489505,0.67489505,0.0,0.0,2018-07-01 23:00:00,0.0,0.0,0.0,0.0,0.0
295.38965,0.24202448,0.24202448,0.0,0.0,2018-07-02 00:00:00,0.0,0.0,0.0,0.0,0.0
295.21704,0.0,0.0,0.0,0.0,2018-07-02 01:00:00,0.0,0.0,0.0,0.0,0.0
293.67358,0.0,0.0,0.0,0.0,2018-07-02 02:00:00,0.0,0.0,0.0,0.0,0.0
292.47095,0.0,0.0,0.0,0.0,2018-07-02 03:00:00,0.0,0.0,0.0,0.0,0.0
292.22925,0.004207764,0.0,0.004207764,0.0,2018-07-02 04:00:00,0.0,0.0,0.0,0.0,0.0
291.5913,0.006116681,0.0010573287,0.006116681,0.0,2018-07-02 05:00:00,0.0,0.0,0.0,0.0,0.0
291.54468,0.11180711,0.0,0.11180711,0.0,2018-07-02 06:00:00,0.0,0.0,0.0,0.0,0.0
291.76685,0.0067320913,0.0,0.0067320913,0.0,2018-07-02 07:00:00,0.0,0.0,0.0,0.0,0.0
291.60718,0.0,0.0,0.0,0.0,2018-07-02 08:00:00,0.0,0.0,0.0,0.0,0.0
291.19678,0.0,0.0,0.0,0.0,2018-07-02 09:00:00,0.0,0.0,0.0,0.0,0.0
291.97705,0.5002259,0.0,0.5002259,0.0,2018-07-02 10:00:00,0.0,0.0,0.0,0.0,0.0
292.063,0.64541674,0.0,0.64541674,0.0,2018-07-02 11:00:00,0.0,0.0,0.0,0.0,0.0
292.73828,0.20889324,0.0,0.20889324,0.0,2018-07-02 12:00:00,0.0,0.0,0.0,0.0,0.0
293.9651,0.012352955,0.0,0.012352955,0.0,2018-07-02 13:00:00,0.0,0.0,0.0,0.0,0.0
295.6006,0.055324104,0.0,0.0,0.055324104,2018-07-02 14:00:00,0.0,0.0,0.0,0.0,0.0
298.6001,0.15136969,0.0,0.012085874,0.1392594,2018-07-02 15:00:00,0.0,0.0,0.0,0.0,0.0
299.6919,0.2457326,0.0,0.04589884,0.22667617,2018-07-02 16:00:00,0.0,0.0,0.0,0.0,0.0
300.8921,0.065683246,0.0,0.051757723,0.01681481,2018-07-02 17:00:00,0.0,0.0,0.0,0.0,0.0
301.67114,0.09361398,0.0,0.09361398,0.0,2018-07-02 18:00:00,0.0,0.0,0.0,0.0,0.0
302.5393,0.26445204,0.018970229,0.2370457,0.020543642,2018-07-02 19:00:00,0.0,0.0,0.0,0.0,0.0
303.0515,0.23419338,0.10376328,0.1958704,0.031740777,2018-07-02 20:00:00,1.0,5.3452317e-07,0.0,8.017848e-07,0.0
303.063,0.25057077,0.055528518,0.23950642,0.015541937,2018-07-02 21:00:00,0.0,7.539681e-06,0.0,6.757132e-06,8.7804574e-07
302.4712,0.24449128,0.07661712,0.2142911,0.011606943,2018-07-02 22:00:00,0.0,1.0839118e-05,0.0,1.0457777e-05,6.0950106e-07
302.5874,0.08393383,0.0,0.08393383,0.0,2018-07-02 23:00:00,0.0,0.0,0.0,0.0,0.0
302.11572,0.0954448,0.0,0.08383781,0.011606943,2018-07-03 00:00:00,0.0,0.0,0.0,0.0,0.0
301.3269,0.31533945,0.0,0.019092347,0.30024302,2018-07-03 01:00:00,0.0,0.0,0.0,0.0,0.0
300.4524,0.6601336,0.0,0.014189757,0.6530265,2018-07-03 02:00:00,0.0,0.0,0.0,0.0,0.0
298.58716,1.0,0.0,0.03764238,1.0,2018-07-03 03:00:00,0.0,0.0,0.0,0.0,0.0
298.1057,1.0,0.0,0.118659556,1.0,2018-07-03 04:00:00,0.0,0.0,0.0,0.0,0.0
297.16675,1.0,0.0,0.102701366,1.0,2018-07-03 05:00:00,0.0,0.0,0.0,0.0,0.0
296.5376,1.0,0.0,0.011738658,1.0,2018-07-03 06:00:00,0.0,0.0,0.0,0.0,0.0
296.20166,0.98999023,0.0,0.008384813,0.98999023,2018-07-03 07:00:00,0.0,0.0,0.0,0.0,0.0
295.7024,1.0,0.0,0.015781246,1.0,2018-07-03 08:00:00,0.0,0.0,0.0,0.0,0.0
294.78955,0.86339325,0.0,0.0037288337,0.86339325,2018-07-03 09:00:00,0.0,0.0,0.0,0.0,0.0
294.3506,0.93992996,0.0,0.120721996,0.9284099,2018-07-03 10:00:00,0.0,0.0,0.0,0.0,0.0
294.3059,0.8620402,0.0,0.2523752,0.83840495,2018-07-03 11:00:00,1.0,1.8441046e-05,0.0,1.8441046e-05,0.0
294.25464,0.9968219,0.03191027,0.7530912,0.9917984,2018-07-03 12:00:00,1.0,9.242758e-05,0.0,9.242758e-05,0.0
294.05444,1.0,0.07002705,0.8200025,1.0,2018-07-03 13:00:00,0.0,5.601447e-05,0.0,5.61481e-05,0.0
294.08423,1.0,0.0,0.1086632,1.0,2018-07-03 14:00:00,1.0,2.519434e-06,0.0,2.576474e-06,0.0
295.6018,1.0,0.0,0.16086608,1.0,2018-07-03 15:00:00,0.0,3.2071384e-06,0.0,3.2071384e-06,0.0
296.03564,0.991523,0.0,0.012085874,0.991523,2018-07-03 16:00:00,0.0,0.0,0.0,0.0,0.0
296.91553,0.92146873,0.0,0.0100932345,0.92146873,2018-07-03 17:00:00,0.0,0.0,0.0,0.0,0.0
297.63843,0.63443965,0.0026463778,0.011314847,0.62628627,2018-07-03 18:00:00,0.0,0.0,0.0,0.0,0.0
298.76562,0.27609587,0.013137512,0.059501737,0.23094726,2018-07-03 19:00:00,0.0,0.000142995,0.0,0.000142995,0.0
299.33984,0.4099657,0.02289652,0.0067320913,0.39716238,2018-07-03 20:00:00,0.0,2.138092e-06,0.0,2.2717231e-06,0.0
301.67212,0.25832647,0.06367922,0.0,0.20037937,2018-07-03 21:00:00,0.0,9.184843e-06,0.0,9.375514e-06,0.0
302.36523,0.25223935,0.0048919544,0.014109619,0.2389797,2018-07-03 22:00:00,0.0,0.0,0.0,0.0,0.0
302.36865,0.45142913,0.035955604,0.1388148,0.38572752,2018-07-03 23:00:00,0.0,0.0,0.0,0.0,0.0
302.29248,0.42751837,0.0747512,0.14826065,0.28054446,2018-07-04 00:00:00,0.0,0.0,0.0,0.0,0.0
301.43872,0.5541193,0.03969684,0.0,0.54490834,2018-07-04 01:00:00,0.0,0.0,0.0,0.0,0.0
300.52393,1.0,0.061637316,0.0,1.0,2018-07-04 02:00:00,0.0,0.0,0.0,0.0,0.0
298.62427,1.0,0.08410543,0.008620787,1.0,2018-07-04 03:00:00,0.0,0.0,0.0,0.0,0.0
297.94043,1.0,0.119546056,0.39702994,1.0,2018-07-04 04:00:00,0.0,0.0,0.0,0.0,0.0
296.98877,1.0,0.0063561946,0.115231335,1.0,2018-07-04 05:00:00,0.0,0.0,0.0,0.0,0.0
296.89062,1.0,0.00053172023,0.0,1.0,2018-07-04 06:00:00,0.0,0.0,0.0,0.0,0.0
297.05322,0.870803,0.0,0.0,0.870803,2018-07-04 07:00:00,0.0,0.0,0.0,0.0,0.0
296.96582,0.90991205,0.008835975,0.0032499009,0.90991205,2018-07-04 08:00:00,1.0,0.0,0.0,0.0,0.0
296.63818,0.8342094,0.014932439,0.0065169036,0.8300016,2018-07-04 09:00:00,0.0,0.0,0.0,0.0,0.0
296.85352,0.058199987,0.026094884,0.0,0.0321051,2018-07-04 10:00:00,0.0,0.0,0.0,0.0,0.0
296.83325,0.0015890491,0.0015890491,0.0,0.0,2018-07-04 11:00:00,0.0,0.0,0.0,0.0,0.0
297.4475,0.026188798,0.0,0.0,0.026188798,2018-07-04 12:00:00,0.0,0.0,0.0,0.0,0.0
298.35132,0.0015890491,0.0,0.0,0.0015890491,2018-07-04 13:00:00,0.0,0.0,0.0,0.0,0.0
299.08472,0.04149441,0.0,0.03990536,0.0015890491,2018-07-04 14:00:00,0.0,0.0,0.0,0.0,0.0
299.1289,0.22135401,0.013393819,0.216344,0.012411755,2018-07-04 15:00:00,1.0,1.3741083e-06,0.0,1.488188e-06,0.0
300.13916,0.23095876,0.19634974,0.033717863,0.021913525,2018-07-04 16:00:00,0.0,3.6033118e-05,0.0,3.572837e-05,0.0
301.15723,0.08594859,0.0100932345,0.045836385,0.031076323,2018-07-04 17:00:00,0.0,4.8507296e-05,0.0,4.8650225e-05,0.0
301.01172,0.19948512,0.008637674,0.029266905,0.16579908,2018-07-04 18:00:00,1.0,7.4141455e-05,0.0,7.397962e-05,0.0
301.42114,0.65305513,0.12792134,0.030626595,0.6015525,2018-07-04 19:00:00,1.0,1.1224986e-05,0.0,1.1587744e-05,0.0
301.9392,0.7163408,0.2764747,0.024488285,0.61846864,2018-07-04 20:00:00,1.0,0.0001923646,0.0,0.00019272736,0.0
302.22485,0.73432535,0.28036356,0.13971865,0.64920527,2018-07-04 21:00:00,1.0,0.0005873346,0.0,0.000582753,4.5434463e-06
299.33594,0.8750058,0.118017554,0.03697366,0.8509284,2018-07-04 22:00:00,1.0,0.000721341,0.0,0.00068064174,4.0508734e-05
299.83618,0.6597297,0.05881657,0.0,0.6396892,2018-07-04 23:00:00,0.0,1.5914411e-05,0.0,0.0,1.5914411e-05
299.30225,0.43629992,0.22571975,0.0,0.2621243,2018-07-05 00:00:00,1.0,9.549569e-08,0.0,0.0,9.549569e-08
298.77393,0.36966324,0.23947066,0.0,0.16586661,2018-07-05 01:00:00,1.0,1.1818338e-06,0.0,0.0,1.1818338e-06
297.88477,0.62015265,0.027236272,0.0,0.6058764,2018-07-05 02:00:00,1.0,4.7683716e-07,0.0,0.0,9.549569e-08
296.88794,0.9607282,0.017195698,0.0,0.95966476,2018-07-05 03:00:00,0.0,3.8198294e-07,0.0,1.9099144e-07,9.549569e-08
296.5547,1.0,0.0060638934,0.019718602,1.0,2018-07-05 04:00:00,1.0,0.00017966045,0.0,0.00017460017,5.1650704e-06
296.09668,1.0,0.0,0.13484806,1.0,2018-07-05 05:00:00,1.0,0.0018568803,0.0,0.0018287143,2.8108901e-05
295.16406,1.0,0.0,0.44791508,1.0,2018-07-05 06:00:00,1.0,0.0037492537,0.0,0.0037282926,2.1256434e-05
295.28027,1.0,0.0016249504,0.36750162,1.0,2018-07-05 07:00:00,1.0,8.51391e-06,0.0,0.0,8.51391e-06
295.07886,1.0,0.005003199,0.16012979,1.0,2018-07-05 08:00:00,1.0,2.3688117e-05,0.0,0.0,2.3688117e-05
294.63965,1.0,0.011314847,0.0743078,1.0,2018-07-05 09:00:00,1.0,1.907222e-05,0.0,1.7371995e-06,1.7468657e-05
295.80225,1.0,0.3877411,0.43248582,1.0,2018-07-05 10:00:00,1.0,7.578169e-06,0.0,6.318136e-06,1.0498115e-06
295.80933,1.0,0.8010505,0.4830234,0.9949934,2018-07-05 11:00:00,0.0,6.7154633e-06,0.0,5.713716e-06,1.1831262e-06
295.84082,0.9323991,0.8488068,0.46032208,0.21105301,2018-07-05 12:00:00,0.0,4.9460446e-05,0.0,4.595818e-05,3.5500198e-06
295.56958,0.83912885,0.6419748,0.36280185,0.38852334,2018-07-05 13:00:00,0.0,8.848359e-06,0.0,8.714729e-06,0.0
295.77393,0.7896975,0.15635204,0.2077347,0.7159322,2018-07-05 14:00:00,0.0,0.0,0.0,0.0,0.0
297.15454,0.371881,0.0137445,0.03294472,0.3563153,2018-07-05 15:00:00,0.0,0.0,0.0,0.0,0.0
298.27686,0.02926965,0.0,0.0,0.02926965,2018-07-05 16:00:00,0.0,0.0,0.0,0.0,0.0
299.67065,0.031204928,0.0,0.0,0.031204928,2018-07-05 17:00:00,0.0,0.0,0.0,0.0,0.0
300.03687,0.18295813,0.0,0.0,0.18295813,2018-07-05 18:00:00,0.0,0.0,0.0,0.0,0.0
300.19604,0.13167048,0.0100932345,0.0,0.12493843,2018-07-05 19:00:00,0.0,0.0,0.0,0.0,0.0
300.37598,0.023400724,0.019192956,0.0,0.004207764,2018-07-05 20:00:00,0.0,0.0,0.0,0.0,0.0
300.719,0.016283713,0.016283713,0.0,0.0,2018-07-05 21:00:00,0.0,0.0,0.0,0.0,0.0
300.43335,0.0021207693,0.0,0.0,0.0021207693,2018-07-05 22:00:00,0.0,0.0,0.0,0.0,0.0
300.22388,0.00053172023,0.0,0.0,0.00053172023,2018-07-05 23:00:00,0.0,0.0,0.0,0.0,0.0
299.70508,0.0,0.0,0.0,0.0,2018-07-06 00:00:00,0.0,0.0,0.0,0.0,0.0
298.75146,0.00053172023,0.0,0.0,0.00053172023,2018-07-06 01:00:00,0.0,0.0,0.0,0.0,0.0
297.04907,0.00053172023,0.0,0.0,0.00053172023,2018-07-06 02:00:00,0.0,0.0,0.0,0.0,0.0
294.2063,0.0,0.0,0.0,0.0,2018-07-06 03:00:00,0.0,0.0,0.0,0.0,0.0
293.23364,0.0,0.0,0.0,0.0,2018-07-06 04:00:00,0.0,0.0,0.0,0.0,0.0
292.0952,0.0,0.0,0.0,0.0,2018-07-06 05:00:00,0.0,0.0,0.0,0.0,0.0
291.2002,0.0,0.0,0.0,0.0,2018-07-06 06:00:00,0.0,0.0,0.0,0.0,0.0
291.00073,0.0,0.0,0.0,0.0,2018-07-06 07:00:00,0.0,0.0,0.0,0.0,0.0
290.89917,0.0,0.0,0.0,0.0,2018-07-06 08:00:00,0.0,0.0,0.0,0.0,0.0
290.15234,0.0,0.0,0.0,0.0,2018-07-06 09:00:00,0.0,0.0,0.0,0.0,0.0
290.11768,0.0,0.0,0.0,0.0,2018-07-06 10:00:00,0.0,0.0,0.0,0.0,0.0
290.19165,0.0,0.0,0.0,0.0,2018-07-06 11:00:00,0.0,0.0,0.0,0.0,0.0
291.05884,0.0,0.0,0.0,0.0,2018-07-06 12:00:00,0.0,0.0,0.0,0.0,0.0
292.50854,0.0,0.0,0.0,0.0,2018-07-06 13:00:00,0.0,0.0,0.0,0.0,0.0
294.23535,0.019140206,0.0,0.019140206,0.0,2018-07-06 14:00:00,0.0,0.0,0.0,0.0,0.0
296.98242,0.0,0.0,0.0,0.0,2018-07-06 15:00:00,0.0,0.0,0.0,0.0,0.0
297.6079,0.025838833,0.0,0.025838833,0.0,2018-07-06 16:00:00,0.0,0.0,0.0,0.0,0.0
298.36743,0.03497424,0.0,0.03497424,0.0,2018-07-06 17:00:00,0.0,0.0,0.0,0.0,0.0
298.82935,0.052773803,0.010519415,0.04273332,0.0016249504,2018-07-06 18:00:00,0.0,0.0,0.0,0.0,0.0
299.2932,0.044794053,0.0,0.031760238,0.018765919,2018-07-06 19:00:00,0.0,0.0,0.0,0.0,0.0
299.5913,0.5919361,0.002103883,0.06635857,0.57333356,2018-07-06 20:00:00,0.0,0.0,0.0,0.0,0.0
300.33203,0.8673451,0.047076683,0.0,0.86097825,2018-07-06 21:00:00,0.0,0.0,0.0,0.0,0.0
300.3296,0.5169062,0.00956155,0.06644106,0.48964947,2018-07-06 22:00:00,0.0,0.0,0.0,0.0,0.0
299.8186,0.9585919,0.045272987,0.15124923,0.9431136,2018-07-06 23:00:00,0.0,0.0,0.0,0.0,0.0
299.58838,0.97146213,0.0,0.15222275,0.9690912,2018-07-07 00:00:00,0.0,0.0,0.0,0.0,0.0
298.65332,0.9515868,0.0,0.08771402,0.9515868,2018-07-07 01:00:00,0.0,0.0,0.0,0.0,0.0
297.64746,0.36916554,0.0,0.05845793,0.33470964,2018-07-07 02:00:00,0.0,0.0,0.0,0.0,0.0
295.55518,0.058940228,0.0,0.058940228,0.0,2018-07-07 03:00:00,0.0,0.0,0.0,0.0,0.0
294.82422,0.015013587,0.0,0.015013587,0.0,2018-07-07 04:00:00,0.0,0.0,0.0,0.0,0.0
293.55542,0.010535371,0.0,0.010535371,0.0,2018-07-07 05:00:00,0.0,0.0,0.0,0.0,0.0
293.2268,0.012264267,0.0,0.012264267,0.0,2018-07-07 06:00:00,0.0,0.0,0.0,0.0,0.0
293.3672,0.0,0.0,0.0,0.0,2018-07-07 07:00:00,0.0,0.0,0.0,0.0,0.0
292.8506,0.006099794,0.0,0.006099794,0.0,2018-07-07 08:00:00,0.0,0.0,0.0,0.0,0.0
291.60083,0.0032499009,0.0,0.0032499009,0.0,2018-07-07 09:00:00,0.0,0.0,0.0,0.0,0.0
292.14307,0.006099794,0.0,0.006099794,0.0,2018-07-07 10:00:00,0.0,0.0,0.0,0.0,0.0
292.01147,0.0,0.0,0.0,0.0,2018-07-07 11:00:00,0.0,0.0,0.0,0.0,0.0
292.30957,0.0,0.0,0.0,0.0,2018-07-07 12:00:00,0.0,0.0,0.0,0.0,0.0
293.39673,0.0,0.0,0.0,0.0,2018-07-07 13:00:00,0.0,0.0,0.0,0.0,0.0
294.77197,0.0,0.0,0.0,0.0,2018-07-07 14:00:00,0.0,0.0,0.0,0.0,0.0
297.6145,0.0,0.0,0.0,0.0,2018-07-07 15:00:00,0.0,0.0,0.0,0.0,0.0
298.55396,0.0,0.0,0.0,0.0,2018-07-07 16:00:00,0.0,0.0,0.0,0.0,0.0
299.69995,0.0,0.0,0.0,0.0,2018-07-07 17:00:00,0.0,0.0,0.0,0.0,0.0
300.38525,0.0,0.0,0.0,0.0,2018-07-07 18:00:00,0.0,0.0,0.0,0.0,0.0
300.9807,0.0067320913,0.0067320913,0.0,0.0,2018-07-07 19:00:00,0.0,0.0,0.0,0.0,0.0
301.38892,0.0,0.0,0.0,0.0,2018-07-07 20:00:00,0.0,0.0,0.0,0.0,0.0
301.90918,0.0,0.0,0.0,0.0,2018-07-07 21:00:00,0.0,0.0,0.0,0.0,0.0
301.50146,0.0,0.0,0.0,0.0,2018-07-07 22:00:00,0.0,0.0,0.0,0.0,0.0
301.2849,0.008620787,0.008620787,0.0,0.0,2018-07-07 23:00:00,0.0,0.0,0.0,0.0,0.0
300.71045,0.017831754,0.017831754,0.0,0.0,2018-07-08 00:00:00,0.0,0.0,0.0,0.0,0.0
300.11792,0.024546742,0.024546742,0.0,0.0,2018-07-08 01:00:00,0.0,0.0,0.0,0.0,0.0
299.0354,0.0033782488,0.0033782488,0.0,0.0,2018-07-08 02:00:00,0.0,0.0,0.0,0.0,0.0
296.94604,0.0,0.0,0.0,0.0,2018-07-08 03:00:00,0.0,0.0,0.0,0.0,0.0
296.40063,0.0,0.0,0.0,0.0,2018-07-08 04:00:00,0.0,0.0,0.0,0.0,0.0
295.7273,0.0,0.0,0.0,0.0,2018-07-08 05:00:00,0.0,0.0,0.0,0.0,0.0
294.85156,0.0,0.0,0.0,0.0,2018-07-08 06:00:00,0.0,0.0,0.0,0.0,0.0
294.83276,0.0,0.0,0.0,0.0,2018-07-08 07:00:00,0.0,0.0,0.0,0.0,0.0
294.6936,0.0,0.0,0.0,0.0,2018-07-08 08:00:00,0.0,0.0,0.0,0.0,0.0
294.21143,0.0,0.0,0.0,0.0,2018-07-08 09:00:00,0.0,0.0,0.0,0.0,0.0
293.55908,0.0,0.0,0.0,0.0,2018-07-08 10:00:00,0.0,0.0,0.0,0.0,0.0
293.60742,0.0,0.0,0.0,0.0,2018-07-08 11:00:00,0.0,0.0,0.0,0.0,0.0
294.03345,0.009766806,0.0,0.0,0.009766806,2018-07-08 12:00:00,0.0,0.0,0.0,0.0,0.0
295.05078,0.48958153,0.0,0.0,0.48958153,2018-07-08 13:00:00,0.0,0.0,0.0,0.0,0.0
296.56055,0.48634428,0.0,0.0,0.48634428,2018-07-08 14:00:00,0.0,0.0,0.0,0.0,0.0
299.91968,0.38840616,0.0,0.0,0.38840616,2018-07-08 15:00:00,0.0,0.0,0.0,0.0,0.0
301.07642,0.30492574,0.0,0.0,0.30492574,2018-07-08 16:00:00,0.0,0.0,0.0,0.0,0.0
302.2566,0.14910018,0.0,0.0,0.14910018,2018-07-08 17:00:00,0.0,0.0,0.0,0.0,0.0
303.20117,0.0381535,0.0,0.0,0.0381535,2018-07-08 18:00:00,0.0,0.0,0.0,0.0,0.0
303.80078,0.0,0.0,0.0,0.0,2018-07-08 19:00:00,0.0,0.0,0.0,0.0,0.0
304.30737,0.0,0.0,0.0,0.0,2018-07-08 20:00:00,0.0,0.0,0.0,0.0,0.0
304.63867,0.0,0.0,0.0,0.0,2018-07-08 21:00:00,0.0,0.0,0.0,0.0,0.0
304.41357,0.0,0.0,0.0,0.0,2018-07-08 22:00:00,0.0,0.0,0.0,0.0,0.0
303.75464,0.0,0.0,0.0,0.0,2018-07-08 23:00:00,0.0,0.0,0.0,0.0,0.0
303.32397,0.0016249504,0.0,0.0016249504,0.0,2018-07-09 00:00:00,0.0,0.0,0.0,0.0,0.0
302.05396,0.022838287,0.0,0.022838287,0.0033782488,2018-07-09 01:00:00,0.0,0.0,0.0,0.0,0.0
301.01123,0.056031913,0.0,0.047667567,0.015096433,2018-07-09 02:00:00,0.0,0.0,0.0,0.0,0.0
298.98633,0.050355338,0.0,0.009103052,0.04461712,2018-07-09 03:00:00,0.0,0.0,0.0,0.0,0.0
298.3899,0.09283948,0.0,0.0,0.09283948,2018-07-09 04:00:00,0.0,0.0,0.0,0.0,0.0
297.3828,0.93998927,0.0,0.0,0.93998927,2018-07-09 05:00:00,0.0,0.0,0.0,0.0,0.0
296.52026,0.7359342,0.0,0.0,0.7359342,2018-07-09 06:00:00,0.0,0.0,0.0,0.0,0.0
296.20142,0.7418469,0.0,0.0032499009,0.7418469,2018-07-09 07:00:00,0.0,0.0,0.0,0.0,0.0
295.73193,0.9852258,0.0,0.02523093,0.9852258,2018-07-09 08:00:00,0.0,0.0,0.0,0.0,0.0
295.15332,0.97316575,0.0,0.07843667,0.97316575,2018-07-09 09:00:00,0.0,0.0,0.0,0.0,0.0
295.37915,0.8569014,0.0,0.14168388,0.82644963,2018-07-09 10:00:00,0.0,0.0,0.0,0.0,0.0
295.39917,0.52130425,0.0,0.19823045,0.39321792,2018-07-09 11:00:00,1.0,0.0,0.0,0.0,0.0
295.7959,0.26662904,0.0,0.259897,0.010624956,2018-07-09 12:00:00,1.0,6.1412095e-05,0.0,6.1144834e-05,3.813414e-07
296.54932,0.08211291,0.0,0.08211291,0.0,2018-07-09 13:00:00,1.0,0.00010060238,0.0,0.000100221034,0.0
297.25464,0.18433058,0.17878151,0.0050234497,0.00053172023,2018-07-09 14:00:00,1.0,0.00021006505,0.0,0.00020815898,1.5817586e-06
299.7622,0.7806579,0.7806579,0.0,0.0,2018-07-09 15:00:00,1.0,0.00012564716,0.0,0.00010665829,1.8988852e-05
300.35693,0.96397746,0.96397746,0.0,0.0,2018-07-09 16:00:00,1.0,1.1917109e-05,0.0,1.1917109e-05,0.0
301.78564,0.9788106,0.9788106,0.0,0.0,2018-07-09 17:00:00,1.0,2.0158564e-05,0.0,2.0368141e-05,0.0
302.71802,0.727787,0.727787,0.0,0.0,2018-07-09 18:00:00,0.0,4.2467844e-05,0.0,4.2601474e-05,0.0
303.21045,0.3429376,0.3429376,0.0,0.0,2018-07-09 19:00:00,0.0,6.655816e-06,0.0,6.5510285e-06,0.0
303.85645,0.318994,0.318994,0.0,0.0,2018-07-09 20:00:00,0.0,9.549569e-08,0.0,9.549569e-08,0.0
304.48462,0.17372173,0.17372173,0.0,0.0,2018-07-09 21:00:00,0.0,0.0,0.0,0.0,0.0
304.4004,0.039381903,0.036132,0.0,0.0032499009,2018-07-09 22:00:00,0.0,0.0,0.0,0.0,0.0
303.95508,0.0074196346,0.0074196346,0.0,0.0,2018-07-09 23:00:00,0.0,0.0,0.0,0.0,0.0
303.6101,0.0031780982,0.0031780982,0.0,0.0,2018-07-10 00:00:00,0.0,0.0,0.0,0.0,0.0
302.43506,0.00053172023,0.00053172023,0.0,0.0,2018-07-10 01:00:00,0.0,0.0,0.0,0.0,0.0
300.2168,0.0010573287,0.0010573287,0.0010573287,0.0,2018-07-10 02:00:00,0.0,0.0,0.0,0.0,0.0
297.18872,0.0,0.0,0.0,0.0,2018-07-10 03:00:00,0.0,0.0,0.0,0.0,0.0
296.4287,0.0,0.0,0.0,0.0,2018-07-10 04:00:00,0.0,0.0,0.0,0.0,0.0
295.1355,0.0,0.0,0.0,0.0,2018-07-10 05:00:00,0.0,0.0,0.0,0.0,0.0
293.80103,0.022563942,0.0,0.0,0.022563942,2018-07-10 06:00:00,0.0,0.0,0.0,0.0,0.0
293.7295,0.0,0.0,0.0,0.0,2018-07-10 07:00:00,0.0,0.0,0.0,0.0,0.0
293.5564,0.0,0.0,0.0,0.0,2018-07-10 08:00:00,0.0,0.0,0.0,0.0,0.0
292.604,0.011606943,0.0,0.0,0.011606943,2018-07-10 09:00:00,0.0,0.0,0.0,0.0,0.0
292.3794,0.26105177,0.0,0.007107079,0.25394464,2018-07-10 10:00:00,0.0,0.0,0.0,0.0,0.0
292.21655,0.95208484,0.0,0.0,0.95208484,2018-07-10 11:00:00,0.0,0.0,0.0,0.0,0.0
293.2351,0.89852333,0.0,0.0,0.89852333,2018-07-10 12:00:00,0.0,0.0,0.0,0.0,0.0
294.4231,0.94263226,0.0,0.0525301,0.93842447,2018-07-10 13:00:00,0.0,0.0,0.0,0.0,0.0
295.23364,1.0,0.0,0.28853285,1.0,2018-07-10 14:00:00,0.0,0.0,0.0,0.0,0.0
297.15503,1.0,0.0,0.520024,1.0,2018-07-10 15:00:00,0.0,0.0,0.0,0.0,0.0
297.84082,1.0,0.0,0.5175552,1.0,2018-07-10 16:00:00,0.0,0.0,0.0,0.0,0.0
298.73535,1.0,0.0,0.95392513,1.0,2018-07-10 17:00:00,0.0,0.0,0.0,0.0,0.0
300.01465,0.9716678,0.0,0.45285147,0.96036476,2018-07-10 18:00:00,0.0,0.0,0.0,0.0,0.0
300.85498,0.78885955,0.0,0.5806911,0.5916482,2018-07-10 19:00:00,0.0,0.0,0.0,0.0,0.0
301.55957,0.24990565,0.0,0.20549089,0.060274154,2018-07-10 20:00:00,0.0,0.0,0.0,0.0,0.0
301.94702,0.123824835,0.0,0.0105663985,0.11325234,2018-07-10 21:00:00,0.0,0.0,0.0,0.0,0.0
301.62158,0.034795843,0.0,0.030304112,0.0044917315,2018-07-10 22:00:00,0.0,0.0,0.0,0.0,0.0
301.60425,0.016832627,0.0,0.016832627,0.0,2018-07-10 23:00:00,0.0,0.0,0.0,0.0,0.0
301.03638,0.0100932345,0.0,0.0100932345,0.0,2018-07-11 00:00:00,0.0,0.0,0.0,0.0,0.0
300.39478,0.0067320913,0.0,0.0067320913,0.0,2018-07-11 01:00:00,0.0,0.0,0.0,0.0,0.0
298.95898,0.02657045,0.0016249504,0.02657045,0.0,2018-07-11 02:00:00,0.0,0.0,0.0,0.0,0.0
296.25928,0.015365988,0.007991824,0.00737416,0.0,2018-07-11 03:00:00,0.0,0.0,0.0,0.0,0.0
295.7334,0.010460924,0.010460924,0.0,0.0,2018-07-11 04:00:00,0.0,0.0,0.0,0.0,0.0
295.323,0.01659093,0.01659093,0.0,0.0,2018-07-11 05:00:00,0.0,0.0,0.0,0.0,0.0
294.85522,0.012144364,0.010057587,0.010057587,0.0,2018-07-11 06:00:00,0.0,0.0,0.0,0.0,0.0
294.1355,0.041712977,0.014985189,0.005003199,0.026727784,2018-07-11 07:00:00,0.0,0.0,0.0,0.0,0.0
293.71216,0.053899225,0.0,0.0,0.053899225,2018-07-11 08:00:00,0.0,0.0,0.0,0.0,0.0
293.1482,0.33378845,0.014723916,0.011474017,0.3207066,2018-07-11 09:00:00,0.0,0.0,0.0,0.0,0.0
293.40845,0.79246974,0.0082530975,0.0033782488,0.79246974,2018-07-11 10:00:00,0.0,0.0,0.0,0.0,0.0
293.42822,0.013145056,0.0082530975,0.0,0.0048919544,2018-07-11 11:00:00,0.0,0.0,0.0,0.0,0.0
293.8335,0.023088261,0.01983836,0.0,0.0032499009,2018-07-11 12:00:00,0.0,0.0,0.0,0.0,0.0
294.9641,0.25405115,0.03527239,0.030269187,0.20387644,2018-07-11 13:00:00,0.0,0.0,0.0,0.0,0.0
296.68726,0.492971,0.030800909,0.013145056,0.4665289,2018-07-11 14:00:00,0.0,0.0,0.0,0.0,0.0
299.72974,0.7439898,0.029818028,0.13705832,0.68950963,2018-07-11 15:00:00,0.0,0.0,0.0,0.0,0.0
300.7566,0.91247505,0.012531344,0.18870217,0.88783,2018-07-11 16:00:00,0.0,0.0,0.0,0.0,0.0
302.2461,0.7922171,0.0,0.3038208,0.7507985,2018-07-11 17:00:00,0.0,0.0,0.0,0.0,0.0
303.42065,0.5381782,0.0,0.15361041,0.52316463,2018-07-11 18:00:00,0.0,0.0,0.0,0.0,0.0
303.9978,0.67624533,0.05012465,0.2593189,0.59326565,2018-07-11 19:00:00,0.0,3.5373087e-05,0.0,3.3580785e-05,1.9259232e-06
304.78906,0.7012235,0.08438122,0.34455198,0.6118471,2018-07-11 20:00:00,1.0,1.2971968e-06,0.0,0.0,1.2971968e-06
305.34375,0.74202174,0.08447826,0.41691417,0.61487305,2018-07-11 21:00:00,1.0,5.0331408e-05,0.0,5.0197777e-05,0.0
304.11914,0.7311304,0.03614614,0.09938902,0.72113776,2018-07-11 22:00:00,1.0,3.985573e-05,0.0,3.985573e-05,0.0
303.4629,0.93860865,0.05655606,0.063143134,0.92686605,2018-07-11 23:00:00,1.0,0.0022485491,0.0,0.0022462395,2.4053543e-06
301.6057,0.9675766,0.030366465,0.3476901,0.93422,2018-07-12 00:00:00,1.0,0.0028779309,0.0,0.002864025,1.437298e-05
301.53198,0.95579183,0.09126949,0.15259027,0.9394924,2018-07-12 01:00:00,1.0,5.8361165e-06,0.0,0.0,5.9316117e-06
300.89966,0.8464769,0.024463236,0.11240071,0.83122796,2018-07-12 02:00:00,0.0,0.0,0.0,0.0,0.0
299.79736,0.73258233,0.005003199,0.049816668,0.7231214,2018-07-12 03:00:00,0.0,0.0,0.0,0.0,0.0
299.62793,0.9796875,0.0057992525,0.056883913,0.97415537,2018-07-12 04:00:00,0.0,0.0,0.0,0.0,0.0
298.6101,1.0,0.006280929,0.016741857,1.0,2018-07-12 05:00:00,0.0,0.0,0.0,0.0,0.0
298.18262,1.0,0.0,0.02683482,1.0,2018-07-12 06:00:00,0.0,0.0,0.0,0.0,0.0
297.7705,1.0,0.0,0.06447238,1.0,2018-07-12 07:00:00,0.0,0.0,0.0,0.0,0.0
297.63428,1.0,0.0,0.009478044,1.0,2018-07-12 08:00:00,0.0,0.0,0.0,0.0,0.0
297.323,0.99209684,0.0,0.07131237,0.99209684,2018-07-12 09:00:00,0.0,0.0,0.0,0.0,0.0
297.86328,1.0,0.0,0.0335771,1.0,2018-07-12 10:00:00,1.0,0.0,0.0,0.0,0.0
297.83862,0.99946827,0.0073775277,0.25485903,0.99946827,2018-07-12 11:00:00,0.0,2.6726156e-07,0.0,2.6726156e-07,0.0
298.02222,1.0,0.04000913,0.34798235,0.9978433,2018-07-12 12:00:00,0.0,0.0,0.0,0.0,0.0
297.87695,1.0,0.090518355,0.5498678,1.0,2018-07-12 13:00:00,0.0,2.4053543e-06,0.0,2.2717231e-06,0.0
298.70044,0.9866318,0.022309933,0.21742284,0.9861001,2018-07-12 14:00:00,0.0,0.0,0.0,0.0,0.0
300.62622,0.9870397,0.069429696,0.19010186,0.98442733,2018-07-12 15:00:00,0.0,0.0,0.0,0.0,0.0
301.87524,0.9957394,0.4426927,0.28581613,0.97457886,2018-07-12 16:00:00,0.0,0.0,0.0,0.0,0.0
302.84546,0.9599725,0.66723454,0.21183914,0.87846774,2018-07-12 17:00:00,0.0,0.0,0.0,0.0,0.0
303.8579,0.9644581,0.733803,0.19663888,0.8335616,2018-07-12 18:00:00,0.0,0.0,0.0,0.0,0.0
304.60547,0.9226107,0.63902885,0.081394434,0.7791444,2018-07-12 19:00:00,1.0,6.912318e-05,0.0,6.9018395e-05,0.0
305.34937,0.8740652,0.5776896,0.012639254,0.7128749,2018-07-12 20:00:00,0.0,3.491692e-06,0.0,3.3103133e-06,0.0
305.93823,0.88410664,0.40810317,0.091472685,0.75049466,2018-07-12 21:00:00,1.0,7.89408e-06,0.0,8.075459e-06,0.0
304.80615,0.6445821,0.037608914,0.07531005,0.617413,2018-07-12 22:00:00,1.0,0.00076333457,0.0,0.0007553471,8.2069055e-06
299.3108,0.97682196,0.41384935,0.48648983,0.9376707,2018-07-12 23:00:00,1.0,0.004918836,0.0,0.0047089905,0.00020996125
298.17944,1.0,0.73892784,0.48772585,0.998375,2018-07-13 00:00:00,1.0,0.004930258,0.0,0.004589364,0.00034105638
297.41333,0.9196057,0.4474448,0.31916094,0.8265689,2018-07-13 01:00:00,1.0,0.0017999527,0.0,0.001788408,1.1868998e-05
296.91406,0.7022896,0.14295197,0.342906,0.55821544,2018-07-13 02:00:00,0.0,9.549569e-08,0.0,0.0,9.549569e-08
295.83838,0.9501689,0.053497143,0.30518723,0.93835914,2018-07-13 03:00:00,0.0,0.0,0.0,0.0,0.0
296.0581,1.0,0.0,0.17868692,1.0,2018-07-13 04:00:00,1.0,5.5758428e-05,0.0,5.5605895e-05,3.627573e-07
295.22778,1.0,0.0021207693,0.17896366,1.0,2018-07-13 05:00:00,1.0,0.0012518009,0.0,0.0012511048,6.101426e-07
295.3418,1.0,0.0068879165,0.12716192,1.0,2018-07-13 06:00:00,1.0,0.0025489954,0.0,0.0025463998,2.6341368e-06
295.4109,1.0,0.0044917315,0.1798265,1.0,2018-07-13 07:00:00,1.0,0.00017553457,0.0,2.642251e-05,0.0001490643
295.11108,1.0,0.0031780982,0.0833683,1.0,2018-07-13 08:00:00,1.0,6.1458195e-05,0.0,0.0,6.1458195e-05
294.8037,1.0,0.06717169,0.36570364,1.0,2018-07-13 09:00:00,1.0,3.4743998e-06,0.0,0.0,3.4743998e-06
295.2688,0.997629,0.1801765,0.8213562,0.997629,2018-07-13 10:00:00,1.0,2.9532079e-05,0.0,1.8307415e-05,1.1358292e-05
295.31152,0.99946827,0.05607671,0.88302636,0.9989426,2018-07-13 11:00:00,1.0,0.00018864944,0.0,6.0227074e-05,0.00012838423
295.08472,1.0,0.014240008,0.65990305,1.0,2018-07-13 12:00:00,1.0,0.0009007158,0.0,0.0007067786,0.00019371763
295.21265,1.0,0.018066298,0.28160703,1.0,2018-07-13 13:00:00,1.0,0.00014461855,0.0,7.3057745e-05,7.132237e-05
295.4265,0.97374934,0.13020188,0.4956656,0.9682843,2018-07-13 14:00:00,1.0,0.000113155445,0.0,5.3073163e-05,6.011111e-05
296.30566,0.9942508,0.081614435,0.80557054,0.98897713,2018-07-13 15:00:00,1.0,0.00022716724,0.0,1.6863894e-05,0.00021011267
296.47827,1.0,0.13623714,0.9989426,0.99051857,2018-07-13 16:00:00,1.0,0.00043183286,0.0,1.6571634e-05,0.00041509955
297.25464,1.0,0.16191995,0.9946291,1.0,2018-07-13 17:00:00,1.0,0.00046051736,0.0,4.7747868e-08,0.00046051736
297.9502,1.0,0.1725809,0.8620813,1.0,2018-07-13 18:00:00,1.0,0.0003316172,0.0,7.1621804e-07,0.00033085328
297.95898,1.0,0.0890947,0.6568608,1.0,2018-07-13 19:00:00,0.0,0.0010129046,0.0,0.00018591648,0.00082685426
298.30225,1.0,0.024810083,0.5692622,1.0,2018-07-13 20:00:00,0.0,0.00024924823,0.0,5.2727395e-05,0.00019676863
298.22974,0.995108,0.004207764,0.44645727,0.995108,2018-07-13 21:00:00,0.0,4.012615e-05,0.0,0.0,4.012615e-05
298.88257,0.9317434,0.005813699,0.12248707,0.9317434,2018-07-13 22:00:00,0.0,5.82524e-06,0.0,0.0,5.82524e-06
299.2019,0.91723466,0.0,0.05297645,0.9156456,2018-07-13 23:00:00,0.0,9.549569e-08,0.0,0.0,9.549569e-08
299.36353,0.96834034,0.0016249504,0.034173705,0.96834034,2018-07-14 00:00:00,0.0,0.0,0.0,0.0,0.0
299.1892,0.91676325,0.0066281483,0.004307229,0.91349626,2018-07-14 01:00:00,0.0,0.0,0.0,0.0,0.0
297.4729,0.68427026,0.005003199,0.0033782488,0.67928416,2018-07-14 02:00:00,0.0,0.0,0.0,0.0,0.0
295.5984,0.24756414,0.022309933,0.00998199,0.23100346,2018-07-14 03:00:00,0.0,0.0,0.0,0.0,0.0
295.2434,0.046913624,0.0033782488,0.0,0.043559782,2018-07-14 04:00:00,0.0,0.0,0.0,0.0,0.0
294.9209,0.025067896,0.015809018,0.0142199695,0.0092588775,2018-07-14 05:00:00,0.0,0.0,0.0,0.0,0.0
294.4944,0.0031780982,0.0010573287,0.0,0.0021207693,2018-07-14 06:00:00,0.0,0.0,0.0,0.0,0.0
294.7024,0.009753458,0.009753458,0.0,0.0,2018-07-14 07:00:00,0.0,0.0,0.0,0.0,0.0
294.4497,0.18267703,0.18267703,0.0,0.0,2018-07-14 08:00:00,0.0,0.0,0.0,0.0,0.0
294.0796,0.43258983,0.43258983,0.0,0.0,2018-07-14 09:00:00,0.0,0.0,0.0,0.0,0.0
293.6521,0.90294766,0.90294766,0.0,0.0,2018-07-14 10:00:00,1.0,1.9099144e-07,0.0,0.0,1.9099144e-07
293.58325,1.0,1.0,0.0,0.0,2018-07-14 11:00:00,0.0,7.0563834e-07,0.0,0.0,7.0563834e-07
293.74707,1.0,1.0,0.0,0.0,2018-07-14 12:00:00,1.0,1.4112766e-06,0.0,0.0,1.4112766e-06
294.19897,0.958538,0.958538,0.0,0.0,2018-07-14 13:00:00,1.0,9.728992e-07,0.0,0.0,9.728992e-07
295.386,0.84964085,0.84964085,0.0,0.0,2018-07-14 14:00:00,1.0,2.6726156e-07,0.0,0.0,2.6726156e-07
298.66602,0.05648759,0.05648759,0.0,0.0,2018-07-14 15:00:00,0.0,3.050713e-07,0.0,0.0,3.627573e-07
300.24487,0.2232002,0.21635437,0.10053915,0.0,2018-07-14 16:00:00,1.0,1.527299e-06,0.0,9.354155e-07,8.3959446e-07
301.53735,0.25569248,0.21194237,0.191006,0.0,2018-07-14 17:00:00,0.0,5.3452317e-07,0.0,5.3452317e-07,0.0
302.4651,0.19355637,0.18591177,0.13631982,0.0,2018-07-14 18:00:00,0.0,0.0,0.0,0.0,0.0
303.01562,0.29273605,0.25093108,0.12071425,0.0,2018-07-14 19:00:00,0.0,0.0,0.0,0.0,0.0
303.22998,0.2022233,0.16273272,0.0713436,0.0,2018-07-14 20:00:00,0.0,0.0,0.0,0.0,0.0
303.6477,0.25360632,0.11911464,0.20165437,0.0,2018-07-14 21:00:00,0.0,0.0,0.0,0.0,0.0
303.03198,0.07238674,0.058489114,0.051536694,0.0,2018-07-14 22:00:00,0.0,0.0,0.0,0.0,0.0
303.13916,0.0073382594,0.0023709626,0.0073382594,0.0,2018-07-14 23:00:00,0.0,0.0,0.0,0.0,0.0
302.917,0.00053172023,0.0,0.00053172023,0.0,2018-07-15 00:00:00,0.0,0.0,0.0,0.0,0.0
301.7229,0.0,0.0,0.0,0.0,2018-07-15 01:00:00,0.0,0.0,0.0,0.0,0.0
299.7688,0.0,0.0,0.0,0.0,2018-07-15 02:00:00,0.0,0.0,0.0,0.0,0.0
297.73267,0.0,0.0,0.0,0.0,2018-07-15 03:00:00,0.0,0.0,0.0,0.0,0.0
297.3755,0.0,0.0,0.0,0.0,2018-07-15 04:00:00,0.0,0.0,0.0,0.0,0.0
296.9497,0.0,0.0,0.0,0.0,2018-07-15 05:00:00,0.0,0.0,0.0,0.0,0.0
296.68677,0.03953911,0.0,0.0,0.03953911,2018-07-15 06:00:00,0.0,0.0,0.0,0.0,0.0
296.20337,0.36342633,0.0,0.0,0.36342633,2018-07-15 07:00:00,0.0,0.0,0.0,0.0,0.0
295.78345,0.79661465,0.0015890491,0.0,0.79502565,2018-07-15 08:00:00,0.0,0.0,0.0,0.0,0.0
294.88843,0.93818915,0.0,0.0,0.93818915,2018-07-15 09:00:00,0.0,0.0,0.0,0.0,0.0
294.85962,0.9028851,0.043625433,0.0021207693,0.9028851,2018-07-15 10:00:00,0.0,0.0,0.0,0.0,0.0
294.79102,0.010852803,0.0026356035,0.00053172023,0.008217197,2018-07-15 11:00:00,0.0,0.0,0.0,0.0,0.0
295.3313,0.0037288337,0.0037288337,0.0,0.0,2018-07-15 12:00:00,0.0,0.0,0.0,0.0,0.0
296.62305,0.15733224,0.039948184,0.0,0.13463295,2018-07-15 13:00:00,0.0,0.0,0.0,0.0,0.0
298.28735,0.5307649,0.11775035,0.0037288337,0.4901467,2018-07-15 14:00:00,0.0,3.6422707e-06,0.0,3.6422707e-06,0.0
301.06592,0.9272377,0.036854222,0.42711467,0.8349597,2018-07-15 15:00:00,1.0,3.6395213e-05,0.0,2.87796e-05,7.329437e-06
301.44946,0.9978792,0.08525586,0.41006237,0.99629015,2018-07-15 16:00:00,1.0,3.9736507e-05,0.0,3.3494653e-05,6.241852e-06
301.78345,1.0,0.18732345,0.30656147,1.0,2018-07-15 17:00:00,0.0,6.285719e-05,0.0,5.2755815e-05,9.958451e-06
302.3418,1.0,0.12731147,0.35706663,1.0,2018-07-15 18:00:00,0.0,2.9995179e-05,0.0,2.6476264e-05,3.5096164e-06
303.1499,0.9989426,0.09208363,0.18842119,0.9978792,2018-07-15 19:00:00,0.0,3.8198294e-07,0.0,4.774787e-07,0.0
303.88257,0.9968219,0.09683633,0.20020151,0.9968219,2018-07-15 20:00:00,0.0,8.011341e-07,0.0,7.0563834e-07,0.0
304.0703,0.9966217,0.032195866,0.27438772,0.9966217,2018-07-15 21:00:00,0.0,2.1169144e-06,0.0,2.012127e-06,0.0
302.9004,0.77909964,0.057903636,0.14554465,0.7236157,2018-07-15 22:00:00,0.0,3.050713e-07,0.0,2.0028352e-07,0.0
302.55493,0.66545224,0.06370658,0.14214331,0.6325303,2018-07-15 23:00:00,0.0,0.0,0.0,0.0,0.0
301.58398,0.99289286,0.07383925,0.15130877,0.9879141,2018-07-16 00:00:00,0.0,3.7997466e-05,0.0,3.7749764e-05,0.0
300.3811,0.9989426,0.055814564,0.026345566,0.9989426,2018-07-16 01:00:00,0.0,0.0,0.0,0.0,0.0
299.14038,0.9784469,0.013063066,0.00053172023,0.9784469,2018-07-16 02:00:00,0.0,0.0,0.0,0.0,0.0
296.69678,0.9218906,0.0,0.05573367,0.9218906,2018-07-16 03:00:00,0.0,0.0,0.0,0.0,0.0
295.98364,0.84363455,0.0,0.5692439,0.74206805,2018-07-16 04:00:00,0.0,0.0,0.0,0.0,0.0
294.885,0.7850896,0.0,0.77161086,0.1639008,2018-07-16 05:00:00,0.0,0.0,0.0,0.0,0.0
294.03345,0.37768108,0.0,0.35780388,0.031782404,2018-07-16 06:00:00,0.0,0.0,0.0,0.0,0.0
293.2483,0.1550101,0.0,0.107887566,0.050549608,2018-07-16 07:00:00,0.0,0.0,0.0,0.0,0.0
292.30176,0.026999291,0.0,0.026999291,0.0,2018-07-16 08:00:00,0.0,0.0,0.0,0.0,0.0
290.9502,0.0015890491,0.0,0.0015890491,0.0,2018-07-16 09:00:00,0.0,0.0,0.0,0.0,0.0
290.06348,0.0010573287,0.0,0.0010573287,0.0,2018-07-16 10:00:00,0.0,0.0,0.0,0.0,0.0
290.06836,0.0,0.0,0.0,0.0,2018-07-16 11:00:00,0.0,0.0,0.0,0.0,0.0
291.1233,0.0032499009,0.0,0.0032499009,0.0,2018-07-16 12:00:00,0.0,0.0,0.0,0.0,0.0
292.88086,0.032235842,0.0,0.032235842,0.0,2018-07-16 13:00:00,0.0,0.0,0.0,0.0,0.0
294.77808,0.044016376,0.0,0.044016376,0.0,2018-07-16 14:00:00,0.0,0.0,0.0,0.0,0.0
298.18457,0.012160324,0.0,0.012160324,0.0,2018-07-16 15:00:00,0.0,0.0,0.0,0.0,0.0
299.656,0.01107046,0.0,0.01107046,0.0,2018-07-16 16:00:00,0.0,0.0,0.0,0.0,0.0
300.48193,0.011474017,0.0,0.011474017,0.0,2018-07-16 17:00:00,0.0,0.0,0.0,0.0,0.0
301.29663,0.0,0.0,0.0,0.0,2018-07-16 18:00:00,0.0,0.0,0.0,0.0,0.0
301.813,0.1793015,0.0,0.1750766,0.004207764,2018-07-16 19:00:00,0.0,0.0,0.0,0.0,0.0
302.1106,0.29191512,0.0,0.25218296,0.044207,2018-07-16 20:00:00,0.0,0.0,0.0,0.0,0.0
302.46338,0.27833372,0.0,0.27833372,0.0,2018-07-16 21:00:00,0.0,0.0,0.0,0.0,0.0
302.0415,0.27728963,0.0,0.27728963,0.0,2018-07-16 22:00:00,0.0,0.0,0.0,0.0,0.0
301.77124,0.3051681,0.0,0.3051681,0.0,2018-07-16 23:00:00,0.0,0.0,0.0,0.0,0.0
301.13574,0.05574937,0.0,0.05574937,0.0,2018-07-17 00:00:00,0.0,0.0,0.0,0.0,0.0
300.1255,0.017306734,0.0,0.017306734,0.0,2018-07-17 01:00:00,0.0,0.0,0.0,0.0,0.0
298.615,0.0,0.0,0.0,0.0,2018-07-17 02:00:00,0.0,0.0,0.0,0.0,0.0
295.94385,0.0,0.0,0.0,0.0,2018-07-17 03:00:00,0.0,0.0,0.0,0.0,0.0
295.3086,0.023256019,0.0,0.023256019,0.0,2018-07-17 04:00:00,0.0,0.0,0.0,0.0,0.0
293.95215,0.22419125,0.023256019,0.22365952,0.0,2018-07-17 05:00:00,0.0,0.0,0.0,0.0,0.0
293.07935,0.3462693,0.06966728,0.34389836,0.0,2018-07-17 06:00:00,0.0,0.0,0.0,0.0,0.0
292.7827,0.6522232,0.054715574,0.3618325,0.45913982,2018-07-17 07:00:00,0.0,0.0,0.0,0.0,0.0
291.8291,0.69026315,0.12366974,0.36040837,0.5266666,2018-07-17 08:00:00,0.0,0.0,0.0,0.0,0.0
290.49976,0.40198177,0.06684172,0.29410148,0.1471659,2018-07-17 09:00:00,0.0,0.0,0.0,0.0,0.0
290.67505,0.31240952,0.14679796,0.29548943,0.004767146,2018-07-17 10:00:00,0.0,0.0,0.0,4.7747868e-08,0.0
290.43604,0.1839928,0.09499627,0.17398918,0.0,2018-07-17 11:00:00,0.0,0.0,0.0,0.0,0.0
290.7954,0.09167981,0.059153374,0.08063716,0.00053172023,2018-07-17 12:00:00,0.0,0.0,0.0,0.0,0.0
292.03516,0.030744791,0.022627056,0.030744791,0.0,2018-07-17 13:00:00,0.0,0.0,0.0,0.0,0.0
293.57568,0.005006563,0.0023709626,0.005006563,0.0,2018-07-17 14:00:00,0.0,0.0,0.0,0.0,0.0
296.26318,0.0,0.0,0.0,0.0,2018-07-17 15:00:00,0.0,0.0,0.0,0.0,0.0
296.7776,0.0072638094,0.0067320913,0.00053172023,0.0,2018-07-17 16:00:00,0.0,0.0,0.0,0.0,0.0
297.76123,0.031732854,0.031732854,0.0,0.0,2018-07-17 17:00:00,0.0,0.0,0.0,0.0,0.0
298.50903,0.1150077,0.1150077,0.0,0.0,2018-07-17 18:00:00,0.0,0.0,0.0,0.0,0.0
298.8684,0.070001364,0.070001364,0.0,0.0,2018-07-17 19:00:00,0.0,0.0,0.0,0.0,0.0
299.55176,0.112882316,0.112882316,0.0,0.0,2018-07-17 20:00:00,0.0,0.0,0.0,0.0,0.0
299.56543,0.17117262,0.17117262,0.0067320913,0.0,2018-07-17 21:00:00,0.0,0.0,0.0,0.0,0.0
299.32715,0.0,0.0,0.0,0.0,2018-07-17 22:00:00,0.0,0.0,0.0,0.0,0.0
299.34692,0.0,0.0,0.0,0.0,2018-07-17 23:00:00,0.0,0.0,0.0,0.0,0.0
298.8059,0.016557388,0.014932439,0.008141857,0.0,2018-07-18 00:00:00,0.0,0.0,0.0,0.0,0.0
297.885,0.005370889,0.005370889,0.0,0.0,2018-07-18 01:00:00,0.0,0.0,0.0,0.0,0.0
295.63306,0.0,0.0,0.0,0.0,2018-07-18 02:00:00,0.0,0.0,0.0,0.0,0.0
293.78198,0.0,0.0,0.0,0.0,2018-07-18 03:00:00,0.0,0.0,0.0,0.0,0.0
292.91772,0.007900696,0.0,0.0,0.007900696,2018-07-18 04:00:00,0.0,0.0,0.0,0.0,0.0
291.85083,0.02153049,0.0,0.0,0.02153049,2018-07-18 05:00:00,0.0,0.0,0.0,0.0,0.0
291.40796,0.0,0.0,0.0,0.0,2018-07-18 06:00:00,0.0,0.0,0.0,0.0,0.0
291.1648,0.0,0.0,0.0,0.0,2018-07-18 07:00:00,0.0,0.0,0.0,0.0,0.0
290.4851,0.0,0.0,0.0,0.0,2018-07-18 08:00:00,0.0,0.0,0.0,0.0,0.0
289.2439,0.05693617,0.0016249504,0.002103883,0.055294115,2018-07-18 09:00:00,0.0,0.0,0.0,0.0,0.0
289.67358,0.10101575,0.016404886,0.007900696,0.087744236,2018-07-18 10:00:00,0.0,0.0,0.0,0.0,0.0
289.70972,0.09720367,0.08138758,0.060160168,0.0,2018-07-18 11:00:00,0.0,0.0,0.0,0.0,0.0
290.5437,0.19923961,0.06935668,0.063120484,0.12839353,2018-07-18 12:00:00,0.0,0.0,0.0,0.0,0.0
292.08423,0.8439363,0.07681459,0.05183308,0.8360834,2018-07-18 13:00:00,0.0,0.0,0.0,0.0,0.0
294.15503,1.0,0.076978624,0.02629733,1.0,2018-07-18 14:00:00,0.0,0.0,0.0,0.0,0.0
297.54492,1.0,0.06252992,0.027984101,1.0,2018-07-18 15:00:00,0.0,0.0,0.0,0.0,0.0
298.55273,1.0,0.13506395,0.049331546,1.0,2018-07-18 16:00:00,0.0,0.0,0.0,0.0,0.0
299.24097,1.0,0.010691207,0.024972923,1.0,2018-07-18 17:00:00,0.0,0.0,0.0,0.0,0.0
299.76172,1.0,0.022421174,0.007936597,1.0,2018-07-18 18:00:00,0.0,0.0,0.0,0.0,0.0
300.13525,1.0,0.024974484,0.019345462,1.0,2018-07-18 19:00:00,0.0,0.0,0.0,0.0,0.0
300.4663,0.99946827,0.081471324,0.107786894,0.9916152,2018-07-18 20:00:00,0.0,0.0,0.0,0.0,0.0
300.5083,0.99946827,0.028567918,0.02218632,0.99946827,2018-07-18 21:00:00,0.0,0.0,0.0,0.0,0.0
299.74097,1.0,0.0100932345,0.004207764,1.0,2018-07-18 22:00:00,0.0,0.0,0.0,0.0,0.0
299.40918,1.0,0.0,0.00053172023,1.0,2018-07-18 23:00:00,0.0,0.0,0.0,0.0,0.0
298.81763,1.0,0.0,0.004260551,1.0,2018-07-19 00:00:00,0.0,0.0,0.0,0.0,0.0
298.36426,0.99736434,0.0,0.008468319,0.99736434,2018-07-19 01:00:00,0.0,0.0,0.0,0.0,0.0
297.3772,0.95942575,0.0026356035,0.0097927265,0.95942575,2018-07-19 02:00:00,0.0,0.0,0.0,0.0,0.0
295.67065,0.8920488,0.0,0.0074853264,0.8893494,2018-07-19 03:00:00,0.0,0.0,0.0,0.0,0.0
294.69238,0.45408046,0.0065956153,0.017727416,0.44135958,2018-07-19 04:00:00,0.0,0.0,0.0,0.0,0.0
294.1599,0.37557024,0.0137886405,0.019694582,0.34975147,2018-07-19 05:00:00,0.0,0.0,0.0,0.0,0.0
293.2068,0.6678314,0.0,0.0,0.6678314,2018-07-19 06:00:00,0.0,0.0,0.0,0.0,0.0
293.21362,0.9006394,0.062874794,0.0057968125,0.89448684,2018-07-19 07:00:00,0.0,0.0,0.0,0.0,0.0
293.24756,0.9875358,0.08845729,0.033068914,0.9841575,2018-07-19 08:00:00,0.0,0.0,0.0,0.0,0.0
292.55884,0.98652846,0.03003468,0.06826687,0.98652846,2018-07-19 09:00:00,0.0,0.0,0.0,0.0,0.0
293.13184,1.0,0.012113646,0.29754698,1.0,2018-07-19 10:00:00,0.0,0.0,0.0,0.0,0.0
293.06665,0.9894646,0.0037288337,0.22334445,0.986829,2018-07-19 11:00:00,0.0,0.0,0.0,0.0,0.0
293.5569,0.99319345,0.002103883,0.235322,0.99029076,2018-07-19 12:00:00,0.0,0.0,0.0,0.0,0.0
294.39746,1.0,0.057603937,0.34744018,1.0,2018-07-19 13:00:00,1.0,0.000120938654,0.0,0.00010375833,1.7275815e-05
294.86768,1.0,0.09916258,0.76168686,1.0,2018-07-19 14:00:00,1.0,0.0004940473,0.0,0.00028245873,0.00021110247
294.93457,1.0,0.37554884,0.93938446,1.0,2018-07-19 15:00:00,1.0,0.0011988,0.0,0.00067038974,0.00052862056
294.0957,1.0,0.6468611,1.0,1.0,2018-07-19 16:00:00,1.0,0.0021918286,0.0,0.0011566763,0.0010348661
293.7976,1.0,0.7642943,0.97977376,1.0,2018-07-19 17:00:00,1.0,0.002612541,0.0,0.0015256687,0.0010867768
293.83594,1.0,1.0,0.9542279,0.9876051,2018-07-19 18:00:00,1.0,0.0031270233,0.0,0.0021280083,0.0009991289
293.88184,1.0,0.99258035,0.878682,0.9703664,2018-07-19 19:00:00,1.0,0.0020611756,0.0,0.0012240389,0.0008368881
293.94067,1.0,0.99841094,0.8922175,0.976428,2018-07-19 20:00:00,1.0,0.002282413,0.0,0.001358154,0.0009240492
293.83838,1.0,1.0,0.60295296,0.99221057,2018-07-19 21:00:00,1.0,0.0024062004,0.0,0.001640342,0.00076635485
293.37695,1.0,0.83164924,0.7483661,0.99946827,2018-07-19 22:00:00,1.0,0.0017421383,0.0,0.001291618,0.0004511876
292.1985,1.0,1.0,0.85693574,0.48276365,2018-07-19 23:00:00,1.0,0.0011841385,0.0,0.00066906656,0.0005150435
292.25244,0.98970896,0.9442929,0.7499471,0.5259034,2018-07-20 00:00:00,1.0,0.0013654178,0.0,0.0011490523,0.00021631783
292.27612,1.0,0.98968375,0.81639147,0.4233529,2018-07-20 01:00:00,1.0,0.00018690315,0.0,0.00012577268,6.1330444e-05
292.12915,1.0,1.0,0.7638242,0.40378046,2018-07-20 02:00:00,1.0,2.8472306e-05,0.0,0.0,2.8472306e-05
291.83472,1.0,1.0,0.6451542,0.32238996,2018-07-20 03:00:00,1.0,0.00010667535,0.0,0.0,0.00010650359
291.63184,1.0,1.0,0.5915224,0.091983855,2018-07-20 04:00:00,1.0,4.5430395e-05,0.0,0.0,4.5430395e-05
291.52808,0.9899067,0.89562595,0.6672393,0.018257644,2018-07-20 05:00:00,1.0,1.2424058e-05,0.0,1.9099143e-06,1.0514143e-05
291.7688,1.0,1.0,0.61284727,0.0,2018-07-20 06:00:00,0.0,4.8869506e-06,0.0,0.0,5.154213e-06
291.91895,1.0,1.0,0.39048314,0.002103883,2018-07-20 07:00:00,1.0,6.731707e-05,0.0,5.1222276e-05,1.561828e-05
291.95068,1.0,1.0,0.35505146,0.014744066,2018-07-20 08:00:00,1.0,0.00012802402,0.0,0.00010231449,2.5289744e-05
291.85986,1.0,1.0,0.42578888,0.014003202,2018-07-20 09:00:00,1.0,0.0003142443,0.0,0.00028816704,2.641129e-05
291.46118,1.0,1.0,0.6776318,0.6722451,2018-07-20 10:00:00,1.0,0.00044520362,0.0,0.000417897,2.739251e-05
291.57397,1.0,1.0,0.6339208,0.91963565,2018-07-20 11:00:00,1.0,0.00037488993,0.0,0.00033493945,4.0064508e-05
291.69897,1.0,0.99675006,0.9105032,1.0,2018-07-20 12:00:00,1.0,0.00028646179,0.0,0.00022576081,6.0433915e-05
291.85742,1.0,0.84473646,0.91417724,1.0,2018-07-20 13:00:00,1.0,0.00025714957,0.0,0.00014489815,0.000112156034
292.4392,1.0,0.9766504,0.8644214,1.0,2018-07-20 14:00:00,1.0,0.00034775469,0.0,0.00012810252,0.0002193849
293.7788,1.0,0.55557,0.8378307,1.0,2018-07-20 15:00:00,1.0,0.00036197482,0.0,7.50622e-05,0.0002865973
294.68945,1.0,0.22205216,0.9159782,1.0,2018-07-20 16:00:00,1.0,0.00029934337,0.0,4.784057e-05,0.00025112135
295.44043,1.0,0.0765509,0.855199,1.0,2018-07-20 17:00:00,1.0,0.0001828783,0.0,1.2839387e-05,0.00017078302
296.11133,1.0,0.20349002,0.53738743,1.0,2018-07-20 18:00:00,1.0,0.00020004292,0.0,0.00013944035,6.0239792e-05
297.99292,1.0,0.23336214,0.6188216,1.0,2018-07-20 19:00:00,1.0,9.246421e-05,0.0,6.456238e-05,2.814953e-05
297.57568,0.9978961,0.1827783,0.6980283,0.9978961,2018-07-20 20:00:00,1.0,8.211839e-05,0.0,4.3075182e-05,3.8823695e-05
298.08008,0.99262583,0.22485071,0.56722385,0.9863693,2018-07-20 21:00:00,0.0,4.8565606e-05,0.0,3.5181874e-05,1.3460332e-05
298.96362,0.6617706,0.25317377,0.51065767,0.20029682,2018-07-20 22:00:00,0.0,4.7683716e-07,0.0,3.0475053e-07,9.549569e-08
297.7744,0.79791933,0.017287716,0.66136557,0.4255063,2018-07-20 23:00:00,1.0,1.7867424e-05,0.0,1.7790822e-05,0.0
295.8213,0.9032647,0.08518523,0.8716944,0.36534327,2018-07-21 00:00:00,1.0,0.0002940134,0.0,0.0002448382,4.8650123e-05
294.3955,0.811326,0.022544477,0.7545421,0.40187472,2018-07-21 01:00:00,1.0,0.00027504168,0.0,5.0846662e-05,0.00022424292
293.71484,0.63236237,0.00053172023,0.36530465,0.5977161,2018-07-21 02:00:00,1.0,1.658556e-05,0.0,8.017848e-07,1.5516518e-05
292.45093,0.5901913,0.0057492107,0.10437399,0.58783376,2018-07-21 03:00:00,1.0,0.0,0.0,0.0,0.0
292.06836,0.6462493,0.0,0.05658567,0.6399684,2018-07-21 04:00:00,1.0,0.0,0.0,0.0,2.6726156e-07
291.72998,0.73005,0.03210266,0.038189214,0.72257525,2018-07-21 05:00:00,1.0,2.6726156e-07,0.0,0.0,2.6726156e-07
291.94702,0.481355,0.0060138516,0.0,0.47587287,2018-07-21 06:00:00,1.0,0.0,0.0,0.0,0.0
292.06592,0.14837241,0.0029026829,0.0,0.14548314,2018-07-21 07:00:00,1.0,2.0957555e-07,0.0,0.0,2.0957555e-07
291.55273,0.043406703,0.0309254,0.01821341,0.0,2018-07-21 08:00:00,0.0,0.0,0.0,0.0,0.0
291.1765,0.019020543,0.019020543,0.0,0.0,2018-07-21 09:00:00,0.0,0.0,0.0,0.0,0.0
290.48364,0.054367125,0.047627732,0.0100932345,0.0,2018-07-21 10:00:00,1.0,0.0,0.0,0.0,0.0
290.39917,0.072840035,0.072840035,0.0,0.0,2018-07-21 11:00:00,1.0,0.0,0.0,0.0,0.0
290.6372,0.105360806,0.105360806,0.006280929,0.0,2018-07-21 12:00:00,0.0,0.0,0.0,0.0,0.0
291.6123,0.24763614,0.21252781,0.11269784,0.0,2018-07-21 13:00:00,1.0,0.0,0.0,0.0,0.0
292.88867,0.18931353,0.18246424,0.061835546,0.0,2018-07-21 14:00:00,0.0,0.0,0.0,0.0,0.0
295.92554,0.17128438,0.16473883,0.05832199,0.0,2018-07-21 15:00:00,0.0,0.0,0.0,0.0,0.0
297.1443,0.12792623,0.10929233,0.087527156,0.0,2018-07-21 16:00:00,0.0,0.0,0.0,0.0,0.0
298.28198,0.3272295,0.289622,0.20268863,0.0,2018-07-21 17:00:00,0.0,1.2847e-05,0.0,1.0388479e-05,2.2489457e-06
298.906,0.3826443,0.31595308,0.24858677,0.0,2018-07-21 18:00:00,0.0,4.0614314e-06,0.0,3.98484e-06,0.0
299.44116,0.62999105,0.61126304,0.2703088,0.0,2018-07-21 19:00:00,1.0,0.0,0.0,0.0,0.0
299.57422,0.86869156,0.8376892,0.45229536,0.0,2018-07-21 20:00:00,0.0,1.1224986e-05,0.0,1.1091356e-05,0.0
299.73853,0.99841094,0.99841094,0.524429,0.0,2018-07-21 21:00:00,0.0,1.015594e-05,0.0,9.8886785e-06,0.0
299.90308,0.28332627,0.11978108,0.26544118,0.0,2018-07-21 22:00:00,1.0,1.9663266e-06,0.0,1.9185782e-06,0.0
299.7456,0.25178242,0.07022995,0.24967855,0.0,2018-07-21 23:00:00,0.0,1.6035692e-06,0.0,1.6035692e-06,0.0
299.17603,0.1749903,0.024680894,0.1749903,0.0,2018-07-22 00:00:00,0.0,0.0,0.0,0.0,0.0
298.48145,0.13731617,0.041589398,0.12298602,0.0,2018-07-22 01:00:00,0.0,0.0,0.0,0.0,0.0
297.33032,0.055008233,0.03664479,0.03809303,0.0,2018-07-22 02:00:00,0.0,0.0,0.0,0.0,0.0
295.11865,0.0465673,0.028547391,0.030715536,0.0,2018-07-22 03:00:00,0.0,0.0,0.0,0.0,0.0
294.71802,0.034888294,0.010536302,0.026455875,0.0,2018-07-22 04:00:00,0.0,0.0,0.0,0.0,0.0
293.91333,0.011581928,0.004207764,0.009478044,0.0,2018-07-22 05:00:00,0.0,0.0,0.0,0.0,0.0
292.8169,0.014369998,0.0,0.014369998,0.0,2018-07-22 06:00:00,0.0,0.0,0.0,0.0,0.0
292.10986,0.03414565,0.0,0.0,0.03414565,2018-07-22 07:00:00,0.0,0.0,0.0,0.0,0.0
291.614,0.05863632,0.0,0.005003199,0.05363312,2018-07-22 08:00:00,0.0,0.0,0.0,0.0,0.0
290.72217,0.020437226,0.0,0.0,0.020437226,2018-07-22 09:00:00,0.0,0.0,0.0,0.0,0.0
290.64746,0.0,0.0,0.0,0.0,2018-07-22 10:00:00,0.0,0.0,0.0,0.0,0.0
290.45166,0.0033782488,0.0033782488,0.0,0.0,2018-07-22 11:00:00,0.0,0.0,0.0,0.0,0.0
290.63574,0.02357202,0.02357202,0.0,0.0,2018-07-22 12:00:00,0.0,0.0,0.0,0.0,0.0
291.0752,0.44593555,0.44593555,0.0,0.0,2018-07-22 13:00:00,0.0,0.0,0.0,0.0,0.0
291.87817,0.058866523,0.058866523,0.0,0.0,2018-07-22 14:00:00,0.0,0.0,0.0,0.0,0.0
294.75684,0.0660696,0.0660696,0.0,0.0,2018-07-22 15:00:00,0.0,0.0,0.0,0.0,0.0
295.667,0.4969014,0.4969014,0.0,0.0,2018-07-22 16:00:00,0.0,0.0,0.0,0.0,0.0
297.0498,0.5125933,0.5125933,0.0,0.0,2018-07-22 17:00:00,0.0,0.0,0.0,0.0,0.0
298.26294,0.4761141,0.4761141,0.0,0.0,2018-07-22 18:00:00,0.0,0.0,0.0,4.7747868e-08,0.0
299.2124,0.3972903,0.3972903,0.0,0.0,2018-07-22 19:00:00,0.0,0.0,0.0,0.0,0.0
299.54712,0.5807093,0.57124835,0.08628285,0.0,2018-07-22 20:00:00,0.0,0.0,0.0,0.0,0.0
300.24927,0.67192,0.13211668,0.6396012,0.0,2018-07-22 21:00:00,0.0,0.0,0.0,0.0,0.0
300.5835,0.4660387,0.41893095,0.34135348,0.0,2018-07-22 22:00:00,0.0,0.0,0.0,0.0,0.0
300.406,0.336878,0.3345204,0.13232213,0.0,2018-07-22 23:00:00,0.0,0.0,0.0,0.0,0.0
299.70703,0.38865227,0.16751671,0.0,0.25316948,2018-07-23 00:00:00,0.0,0.0,0.0,0.0,0.0
298.7473,0.08171815,0.0,0.0,0.08171815,2018-07-23 01:00:00,0.0,0.0,0.0,0.0,0.0
297.36523,0.005832717,0.0,0.0,0.005832717,2018-07-23 02:00:00,0.0,0.0,0.0,0.0,0.0
295.21216,0.0,0.0,0.0,0.0,2018-07-23 03:00:00,0.0,0.0,0.0,0.0,0.0
294.77222,0.0032499009,0.0,0.0,0.0032499009,2018-07-23 04:00:00,0.0,0.0,0.0,0.0,0.0
293.60498,0.01998901,0.0,0.0,0.01998901,2018-07-23 05:00:00,0.0,0.0,0.0,0.0,0.0
292.17822,0.17658961,0.0,0.0,0.17658961,2018-07-23 06:00:00,0.0,0.0,0.0,0.0,0.0
291.24,0.0,0.0,0.0,0.0,2018-07-23 07:00:00,0.0,0.0,0.0,0.0,0.0
290.44653,0.004207764,0.0,0.004207764,0.0,2018-07-23 08:00:00,0.0,0.0,0.0,0.0,0.0
289.96533,0.029764269,0.0,0.029764269,0.0,2018-07-23 09:00:00,0.0,0.0,0.0,0.0,0.0
289.6089,0.047485672,0.0,0.045860723,0.0016249504,2018-07-23 10:00:00,0.0,0.0,0.0,0.0,0.0
289.78833,0.13567293,0.020828541,0.12155938,0.0,2018-07-23 11:00:00,0.0,0.0,0.0,0.0,0.0
290.6145,0.10804504,0.0,0.10804504,0.0,2018-07-23 12:00:00,0.0,0.0,0.0,0.0,0.0
291.76587,0.22992778,0.0,0.22992778,0.0,2018-07-23 13:00:00,0.0,0.0,0.0,0.0,0.0
293.34424,0.36648232,0.019081715,0.35038674,0.014453504,2018-07-23 14:00:00,0.0,0.0,0.0,0.0,0.0
296.8413,0.43889374,0.043492198,0.42968273,0.0,2018-07-23 15:00:00,0.0,0.0,0.0,0.0,0.0
298.23193,0.40294355,0.073587954,0.38549513,0.0,2018-07-23 16:00:00,0.0,0.0,0.0,0.0,0.0
299.4131,0.47862953,0.3129539,0.35557997,0.0,2018-07-23 17:00:00,0.0,0.0,0.0,0.0,0.0
300.28345,0.76285374,0.73271024,0.21800858,0.0,2018-07-23 18:00:00,1.0,1.5137764e-05,0.0,9.372089e-06,6.1470164e-06
300.70215,0.6807345,0.638079,0.2797355,0.0,2018-07-23 19:00:00,1.0,7.216062e-05,0.0,5.3986834e-05,1.8173785e-05
300.4375,0.4406067,0.34129447,0.32961744,0.0,2018-07-23 20:00:00,1.0,5.548827e-05,0.0,4.267895e-05,1.265679e-05
301.02075,0.38166934,0.24091798,0.2822932,0.0,2018-07-23 21:00:00,1.0,5.481686e-05,0.0,4.9385417e-05,5.173466e-06
300.32373,0.5000203,0.04965471,0.47843593,0.0,2018-07-23 22:00:00,1.0,0.0001311906,0.0,0.00013013084,1.0690455e-06
300.3501,0.29940718,0.13190669,0.23078114,0.0,2018-07-23 23:00:00,1.0,0.00017049104,0.0,0.0001385052,3.192878e-05
299.9436,0.3267389,0.10994655,0.31078744,0.0,2018-07-24 00:00:00,0.0,3.8753773e-05,0.0,2.6934154e-05,1.1858065e-05
299.6294,0.23170942,0.096030354,0.22169966,0.0,2018-07-24 01:00:00,0.0,1.5465157e-06,0.0,1.2891924e-06,9.549569e-08
297.8235,0.053817403,0.04437548,0.047505755,0.0,2018-07-24 02:00:00,0.0,0.0,0.0,0.0,0.0
294.9602,0.044656698,0.044656698,0.0,0.0,2018-07-24 03:00:00,0.0,0.0,0.0,0.0,0.0
294.74536,0.016424209,0.016424209,0.0,0.0,2018-07-24 04:00:00,0.0,0.0,0.0,0.0,0.0
293.85547,0.012531344,0.012531344,0.0,0.0,2018-07-24 05:00:00,0.0,0.0,0.0,0.0,0.0
293.39648,0.01879517,0.01879517,0.0,0.0,2018-07-24 06:00:00,0.0,0.0,0.0,0.0,0.0
293.1748,0.0,0.0,0.0,0.0,2018-07-24 07:00:00,0.0,0.0,0.0,0.0,0.0
292.59985,0.035720218,0.035720218,0.0,0.0,2018-07-24 08:00:00,0.0,0.0,0.0,0.0,0.0
291.281,0.06079632,0.06079632,0.0,0.0,2018-07-24 09:00:00,0.0,0.0,0.0,0.0,0.0
290.7168,0.052422393,0.052422393,0.0,0.0,2018-07-24 10:00:00,0.0,0.0,0.0,0.0,0.0
290.8025,0.0010573287,0.0010573287,0.0,0.0,2018-07-24 11:00:00,0.0,0.0,0.0,0.0,0.0
290.97705,0.0,0.0,0.0,0.0,2018-07-24 12:00:00,0.0,0.0,0.0,0.0,0.0
292.56982,0.0,0.0,0.0,0.0,2018-07-24 13:00:00,0.0,0.0,0.0,0.0,0.0
294.45288,0.0,0.0,0.0,0.0,2018-07-24 14:00:00,0.0,0.0,0.0,0.0,0.0
297.85425,0.0,0.0,0.0,0.0,2018-07-24 15:00:00,0.0,0.0,0.0,0.0,0.0
298.81274,0.03666731,0.03666731,0.0,0.0,2018-07-24 16:00:00,0.0,0.0,0.0,0.0,0.0
299.76538,0.008701935,0.008701935,0.0,0.0,2018-07-24 17:00:00,0.0,0.0,0.0,0.0,0.0
300.47974,0.010541178,0.010541178,0.0,0.0,2018-07-24 18:00:00,0.0,0.0,0.0,0.0,0.0
300.86353,0.0015890491,0.0015890491,0.0,0.0,2018-07-24 19:00:00,0.0,0.0,0.0,0.0,0.0
301.40674,0.0,0.0,0.0,0.0,2018-07-24 20:00:00,1.0,0.0,0.0,0.0,0.0
301.72607,0.17480057,0.0,0.17480057,0.0,2018-07-24 21:00:00,0.0,1.2343324e-05,0.0,1.2143361e-05,0.0
301.40576,0.27498698,0.0,0.27498698,0.0,2018-07-24 22:00:00,0.0,4.5825306e-07,0.0,4.1050515e-07,0.0
301.38623,0.050826974,0.017470762,0.04635943,0.0,2018-07-24 23:00:00,0.0,0.0,0.0,0.0,0.0
300.71484,0.033891607,0.023798373,0.02357202,0.0,2018-07-25 00:00:00,0.0,0.0,0.0,0.0,0.0
299.61816,0.0057492107,0.0,0.0057492107,0.0,2018-07-25 01:00:00,0.0,0.0,0.0,0.0,0.0
298.0354,0.0,0.0,0.0,0.0,2018-07-25 02:00:00,0.0,0.0,0.0,0.0,0.0
295.99,0.0,0.0,0.0,0.0,2018-07-25 03:00:00,0.0,0.0,0.0,0.0,0.0
294.91943,0.0,0.0,0.0,0.0,2018-07-25 04:00:00,0.0,0.0,0.0,0.0,0.0
294.08716,0.0,0.0,0.0,0.0,2018-07-25 05:00:00,0.0,0.0,0.0,0.0,0.0
293.56055,0.0,0.0,0.0,0.0,2018-07-25 06:00:00,0.0,0.0,0.0,0.0,0.0
293.18018,0.017002858,0.0,0.0,0.017002858,2018-07-25 07:00:00,0.0,0.0,0.0,0.0,0.0
292.56323,0.018235091,0.0,0.01336024,0.0048919544,2018-07-25 08:00:00,0.0,0.0,0.0,0.0,0.0
291.7312,0.23066586,0.0,0.03282758,0.20158422,2018-07-25 09:00:00,0.0,0.0,0.0,0.0,0.0
291.18555,1.0,0.0016249504,0.07131088,1.0,2018-07-25 10:00:00,0.0,1.1831262e-06,0.0,1.2401661e-06,0.0
291.15112,1.0,0.0,0.07966137,1.0,2018-07-25 11:00:00,0.0,0.0,0.0,0.0,0.0
291.9619,0.99946827,0.0,0.19411272,0.99946827,2018-07-25 12:00:00,0.0,0.0,0.0,0.0,0.0
292.8557,0.861138,0.0,0.3485744,0.772248,2018-07-25 13:00:00,0.0,0.0,0.0,0.0,0.0
294.3601,0.9674731,0.0,0.41212928,0.9608667,2018-07-25 14:00:00,0.0,0.0,0.0,0.0,0.0
296.42114,0.85049814,0.0,0.79990005,0.5196315,2018-07-25 15:00:00,1.0,2.6726156e-07,0.0,0.0,2.6726156e-07
297.05347,0.8126116,0.0,0.7405643,0.42473269,2018-07-25 16:00:00,1.0,1.8160878e-05,0.0,0.0,1.8160878e-05
298.01416,0.6936661,0.0048919544,0.5511673,0.5276698,2018-07-25 17:00:00,1.0,7.705032e-06,0.0,0.0,7.590952e-06
299.20898,0.6493739,0.20422083,0.3994509,0.30485654,2018-07-25 18:00:00,1.0,0.00013734905,0.0,0.00012675514,1.0603196e-05
298.97656,0.39937735,0.07324201,0.29459584,0.14098787,2018-07-25 19:00:00,1.0,0.003769469,0.0,0.003693372,7.636419e-05
298.5725,0.6539467,0.17235708,0.57102156,0.10192156,2018-07-25 20:00:00,1.0,0.00042576483,0.0,0.0002577128,0.00016818549
297.03662,0.6165887,0.16001737,0.3482461,0.31186634,2018-07-25 21:00:00,1.0,0.0026589113,0.0,0.0026091372,5.006029e-05
297.21094,0.8343946,0.044346664,0.37124193,0.74396414,2018-07-25 22:00:00,1.0,0.0005458323,0.0,0.00053164386,1.3864786e-05
296.95117,0.57166827,0.26934546,0.4256494,0.22322237,2018-07-25 23:00:00,1.0,1.9051658e-05,0.0,1.6111473e-05,2.8642398e-06
296.781,0.37085372,0.1830653,0.1613186,0.15590191,2018-07-26 00:00:00,1.0,0.0003498909,0.0,0.0003467796,3.3019842e-06
296.28296,0.13176376,0.10045493,0.10125512,0.0,2018-07-26 01:00:00,0.0,1.9961095e-05,0.0,7.486802e-06,1.2340666e-05
295.33032,0.09456128,0.029256098,0.07830107,0.0,2018-07-26 02:00:00,0.0,2.3290659e-06,0.0,0.0,2.3290659e-06
292.86768,0.074775696,0.011606943,0.074775696,0.0,2018-07-26 03:00:00,0.0,1.3369399e-06,0.0,1.3369399e-06,0.0
292.4397,0.0023709626,0.0,0.0023709626,0.0,2018-07-26 04:00:00,0.0,0.0,0.0,0.0,0.0
290.97974,0.0,0.0,0.0,0.0,2018-07-26 05:00:00,0.0,0.0,0.0,0.0,0.0
290.61548,0.0066281483,0.0066281483,0.0,0.0,2018-07-26 06:00:00,0.0,0.0,0.0,0.0,0.0
290.58423,0.024730314,0.024730314,0.005003199,0.0,2018-07-26 07:00:00,0.0,0.0,0.0,0.0,0.0
290.13257,0.025085729,0.018346336,0.0100932345,0.0,2018-07-26 08:00:00,0.0,0.0,0.0,0.0,0.0
289.18872,0.05165618,0.044924088,0.018457577,0.0,2018-07-26 09:00:00,1.0,0.0,0.0,0.0,0.0
288.9099,0.040873926,0.030891933,0.037512783,0.0,2018-07-26 10:00:00,1.0,6.4860296e-07,0.0,0.0,6.4860296e-07
288.80835,0.020103,0.009634774,0.016741857,0.0,2018-07-26 11:00:00,1.0,5.3452317e-07,0.0,0.0,2.6726156e-07
289.0371,0.01709488,0.00998199,0.0071128868,0.0,2018-07-26 12:00:00,1.0,4.9542123e-06,0.0,5.0308026e-06,0.0
289.47485,0.32101738,0.31364322,0.014106251,0.0,2018-07-26 13:00:00,1.0,3.3359232e-05,0.0,3.3263743e-05,4.7683716e-07
290.12646,0.94060826,0.94060826,0.015007779,0.0,2018-07-26 14:00:00,1.0,6.470244e-05,0.0,5.4228673e-05,1.0416731e-05
291.52002,1.0,1.0,0.020103,0.0,2018-07-26 15:00:00,1.0,0.00012202002,0.0,0.00010398681,1.8128703e-05
291.84595,1.0,1.0,0.0,0.0,2018-07-26 16:00:00,1.0,0.000121594625,0.0,0.000101474,2.014947e-05
292.42188,0.9978961,0.9978961,0.09816474,0.0,2018-07-26 17:00:00,1.0,0.00016361654,0.0,0.00014608288,1.7790968e-05
292.97217,0.9850642,0.9850642,0.6114205,0.0,2018-07-26 18:00:00,1.0,0.00015877433,0.0,0.00014892164,9.977035e-06
293.0901,0.69265854,0.5843457,0.6172893,0.0,2018-07-26 19:00:00,1.0,0.00015865326,0.0,0.00014608953,1.2716912e-05
293.5547,0.61038697,0.41712844,0.53482795,0.0,2018-07-26 20:00:00,1.0,0.00019649904,0.0,0.00019617473,2.6726156e-07
293.42944,0.8277619,0.4083342,0.79246837,0.0,2018-07-26 21:00:00,1.0,0.0002181516,0.0,0.00021692937,1.0504527e-06
293.14648,0.9578437,0.9185841,0.67670435,0.0,2018-07-26 22:00:00,0.0,0.0002488431,0.0,0.0002488431,0.0
293.3943,0.976428,0.9663347,0.4498812,0.0,2018-07-26 23:00:00,1.0,0.00015624835,0.0,0.00015620061,0.0
293.1145,0.818421,0.7800138,0.38535637,0.0,2018-07-27 00:00:00,0.0,2.3802262e-05,0.0,2.3992936e-05,0.0
292.5952,0.7356242,0.6800109,0.29505938,0.0,2018-07-27 01:00:00,0.0,0.0,0.0,0.0,0.0
291.71484,0.6017048,0.5514948,0.29458857,0.0,2018-07-27 02:00:00,0.0,0.0,0.0,0.0,0.0
290.812,0.41624004,0.34982014,0.24156177,0.0,2018-07-27 03:00:00,0.0,0.0,0.0,0.0,0.0
290.44507,0.4181177,0.3245188,0.30647647,0.0,2018-07-27 04:00:00,0.0,0.0,0.0,0.0,0.0
289.9004,0.41280812,0.29568362,0.34797305,0.0,2018-07-27 05:00:00,0.0,0.0,0.0,0.0,0.0
289.0298,0.39639562,0.2851711,0.32853913,0.0,2018-07-27 06:00:00,0.0,0.0,0.0,0.0,0.0
288.1482,0.3291161,0.19638139,0.3175605,0.0,2018-07-27 07:00:00,0.0,0.0,0.0,0.0,0.0
287.8479,0.23562032,0.17369485,0.21781778,0.0,2018-07-27 08:00:00,0.0,0.0,0.0,0.0,0.0
287.05664,0.10523832,0.061076287,0.09258944,0.0,2018-07-27 09:00:00,0.0,0.0,0.0,0.0,0.0
286.96655,0.034476887,0.03285194,0.013685811,0.0,2018-07-27 10:00:00,0.0,0.0,0.0,0.0,0.0
286.78003,0.005003199,0.0,0.005003199,0.0,2018-07-27 11:00:00,0.0,0.0,0.0,0.0,0.0
287.17212,0.015873197,0.0037288337,0.012144364,0.0,2018-07-27 12:00:00,0.0,0.0,0.0,0.0,0.0
288.49512,0.014248248,0.0,0.014248248,0.0,2018-07-27 13:00:00,0.0,0.0,0.0,0.0,0.0
290.39624,0.0057968125,0.00053172023,0.0052650943,0.0,2018-07-27 14:00:00,0.0,0.0,0.0,0.0,0.0
294.3806,0.00053172023,0.0,0.00053172023,0.0,2018-07-27 15:00:00,0.0,0.0,0.0,0.0,0.0
295.62646,0.15630502,0.15630502,0.0,0.0,2018-07-27 16:00:00,0.0,1.9099144e-07,0.0,2.3873935e-07,0.0
296.62842,0.76143885,0.3276266,0.76143885,0.0,2018-07-27 17:00:00,0.0,0.0,0.0,0.0,0.0
297.37964,0.93601316,0.007368978,0.93601316,0.0,2018-07-27 18:00:00,0.0,0.0,0.0,0.0,0.0
297.73218,0.9643676,0.010597732,0.9643676,0.0,2018-07-27 19:00:00,0.0,0.0,0.0,0.0,0.0
298.3706,1.0,0.0029026829,1.0,0.0,2018-07-27 20:00:00,0.0,0.0,0.0,0.0,0.0
298.36792,0.97873175,0.0,0.97873175,0.0,2018-07-27 21:00:00,0.0,0.0,0.0,0.0,0.0
297.86694,0.751015,0.0,0.751015,0.0,2018-07-27 22:00:00,0.0,0.0,0.0,0.0,0.0
297.72827,0.7283536,0.013727929,0.7233504,0.0,2018-07-27 23:00:00,0.0,0.0,0.0,0.0,0.0
297.0608,0.39931303,0.036792297,0.3976881,0.0,2018-07-28 00:00:00,0.0,0.0,0.0,0.0,0.0
295.83032,0.3175255,0.012110904,0.31542164,0.0,2018-07-28 01:00:00,0.0,0.0,0.0,0.0,0.0
294.29907,0.21778929,0.052051954,0.20514667,0.0,2018-07-28 02:00:00,0.0,0.0,0.0,0.0,0.0
292.09595,0.117904246,0.05499307,0.111308634,0.0,2018-07-28 03:00:00,0.0,0.0,0.0,0.0,0.0
290.84302,0.09808731,0.059240103,0.08806586,0.0,2018-07-28 04:00:00,0.0,0.0,0.0,0.0,0.0
289.24536,0.10854089,0.085761726,0.07819259,0.0,2018-07-28 05:00:00,0.0,0.0,0.0,0.0,0.0
289.0144,0.09725016,0.07787269,0.066073,0.0,2018-07-28 06:00:00,0.0,0.0,0.0,0.0,0.0
288.66748,0.1353113,0.10916489,0.10002023,0.0,2018-07-28 07:00:00,0.0,0.0,0.0,0.0,0.0
288.5913,0.027068742,0.01273375,0.018330906,0.0,2018-07-28 08:00:00,0.0,0.0,0.0,0.0,0.0
287.69556,0.022677403,0.008888762,0.0137886405,0.0,2018-07-28 09:00:00,0.0,0.0,0.0,0.0,0.0
287.78052,0.00053172023,0.0,0.00053172023,0.0,2018-07-28 10:00:00,0.0,0.0,0.0,0.0,0.0
287.43628,0.00053172023,0.0,0.00053172023,0.0,2018-07-28 11:00:00,0.0,0.0,0.0,0.0,0.0
287.427,0.034105934,0.034105934,0.0067320913,0.0,2018-07-28 12:00:00,0.0,0.0,0.0,0.0,0.0
289.08887,0.12749743,0.11013788,0.10905278,0.00053172023,2018-07-28 13:00:00,0.0,0.0,0.0,0.0,0.0
291.85352,0.15145302,0.12388092,0.13720477,0.0,2018-07-28 14:00:00,0.0,0.0,0.0,0.0,0.0
295.8811,0.11913335,0.038230784,0.11413014,0.0,2018-07-28 15:00:00,0.0,0.0,0.0,0.0,0.0
296.82788,0.19445509,0.09920353,0.18761659,0.0,2018-07-28 16:00:00,1.0,2.0804064e-06,0.0,2.071114e-06,0.0
298.0293,0.20516515,0.090559006,0.1945206,0.0,2018-07-28 17:00:00,0.0,1.03385455e-05,0.0,1.00908355e-05,0.0
298.58496,0.34041268,0.06553769,0.33012438,0.0,2018-07-28 18:00:00,0.0,2.1842832e-05,0.0,2.1842832e-05,0.0
299.07642,0.36078447,0.0683822,0.34104913,0.0,2018-07-28 19:00:00,0.0,1.7165454e-05,0.0,1.7117709e-05,0.0
298.7827,0.34102076,0.1274808,0.29846674,0.0,2018-07-28 20:00:00,1.0,2.0498788e-05,0.0,2.0498788e-05,0.0
298.70557,0.4060101,0.19059467,0.29052728,0.0016249504,2018-07-28 21:00:00,0.0,7.2454495e-06,0.0,7.0547794e-06,0.0
298.59546,0.5051043,0.0033782488,0.5051043,0.0033782488,2018-07-28 22:00:00,1.0,4.595313e-06,0.0,4.728944e-06,0.0
297.85156,0.3810941,0.002103883,0.37609088,0.00998199,2018-07-28 23:00:00,1.0,3.5852545e-06,0.0,3.7188847e-06,0.0
296.82983,0.36810124,0.012623299,0.32228112,0.05917057,2018-07-29 00:00:00,1.0,0.0003064596,0.0,0.00030634506,0.0
295.70337,0.40644956,0.08248061,0.3335411,0.10611433,2018-07-29 01:00:00,0.0,2.0123203e-05,0.0,2.019979e-05,0.0
294.47534,0.2351479,0.025559869,0.23141903,0.0,2018-07-29 02:00:00,0.0,0.0,0.0,0.0,0.0
292.08887,0.36966985,0.056142725,0.36514223,0.0,2018-07-29 03:00:00,0.0,0.0,0.0,0.0,0.0
291.50366,0.26425338,0.062023398,0.26209676,0.0,2018-07-29 04:00:00,0.0,0.0,0.0,0.0,0.0
290.64136,0.21700823,0.0,0.21700823,0.0,2018-07-29 05:00:00,0.0,0.0,0.0,0.0,0.0
291.14844,0.1374442,0.0,0.1374442,0.0,2018-07-29 06:00:00,0.0,0.0,0.0,0.0,0.0
290.95044,0.18811041,0.0,0.18811041,0.0,2018-07-29 07:00:00,0.0,0.0,0.0,0.0,0.0
289.9021,0.07736522,0.0,0.07736522,0.0,2018-07-29 08:00:00,0.0,0.0,0.0,0.0,0.0
289.31177,0.098469496,0.0,0.098469496,0.0,2018-07-29 09:00:00,0.0,0.0,0.0,0.0,0.0
288.45776,0.06788409,0.0,0.06788409,0.0,2018-07-29 10:00:00,0.0,0.0,0.0,0.0,0.0
288.52148,0.042869214,0.0,0.042869214,0.0,2018-07-29 11:00:00,0.0,0.0,0.0,0.0,0.0
288.62305,0.014108725,0.0,0.014108725,0.0,2018-07-29 12:00:00,0.0,0.0,0.0,0.0,0.0
290.40747,0.02624739,0.0,0.02624739,0.0,2018-07-29 13:00:00,0.0,0.0,0.0,0.0,0.0
292.4629,0.004474845,0.0,0.004474845,0.0,2018-07-29 14:00:00,0.0,0.0,0.0,0.0,0.0
296.55444,0.006631516,0.0,0.006631516,0.0,2018-07-29 15:00:00,0.0,0.0,0.0,0.0,0.0
297.82495,0.0056208633,0.0,0.0,0.0056208633,2018-07-29 16:00:00,1.0,2.0398307e-05,0.0,2.0207633e-05,0.0
299.22925,0.14135826,0.08475858,0.10031527,0.02253756,2018-07-29 17:00:00,1.0,2.3404093e-05,0.0,2.3451852e-05,0.0
299.7605,0.20939904,0.074662864,0.13406765,0.063295245,2018-07-29 18:00:00,1.0,7.444213e-06,0.0,6.929241e-06,0.0
299.542,0.2152965,0.120239496,0.12674838,0.056789894,2018-07-29 19:00:00,1.0,7.1339637e-06,0.0,7.1910035e-06,0.0
300.03198,0.44779682,0.056684718,0.3541984,0.14597034,2018-07-29 20:00:00,1.0,1.0890984e-05,0.0,1.1015323e-05,0.0
298.8706,0.5382228,0.12645763,0.37172592,0.22106755,2018-07-29 21:00:00,1.0,1.3232832e-05,0.0,1.2803097e-05,2.6726156e-07
298.55542,0.4270463,0.019469105,0.25753272,0.25547385,2018-07-29 22:00:00,0.0,8.847095e-06,0.0,8.618935e-06,0.0
298.95337,0.56552434,0.0,0.16888171,0.47274178,2018-07-29 23:00:00,1.0,9.317478e-05,0.0,9.3384995e-05,0.0
298.06128,0.7111168,0.0,0.37941778,0.6065204,2018-07-30 00:00:00,0.0,0.00034156023,0.0,0.00034125475,5.3452317e-07
296.53662,0.49513882,0.0,0.22535223,0.38328683,2018-07-30 01:00:00,0.0,0.000121837526,0.0,0.00012173274,0.0
295.15405,0.29450554,0.0,0.030366465,0.27369034,2018-07-30 02:00:00,0.0,0.0,0.0,0.0,0.0
293.23267,0.3280149,0.0,0.026731148,0.31303245,2018-07-30 03:00:00,0.0,0.0,0.0,0.0,0.0
292.93335,0.3786794,0.0,0.07610762,0.32927513,2018-07-30 04:00:00,0.0,0.0,0.0,0.0,0.0
292.55396,0.34430712,0.0,0.067584634,0.29863614,2018-07-30 05:00:00,0.0,0.0,0.0,0.0,0.0
291.17432,0.49027634,0.0,0.00053172023,0.49027634,2018-07-30 06:00:00,0.0,0.0,0.0,0.0,0.0
289.96094,0.67978734,0.0,0.008673575,0.67978734,2018-07-30 07:00:00,0.0,0.0,0.0,0.0,0.0
289.74878,0.65847975,0.0,0.045031827,0.6375301,2018-07-30 08:00:00,0.0,0.0,0.0,0.0,0.0
289.0647,0.5881259,0.0,0.00053172023,0.5881259,2018-07-30 09:00:00,0.0,0.0,0.0,0.0,0.0
289.7876,0.23567533,0.0,0.00053172023,0.2351436,2018-07-30 10:00:00,0.0,0.0,0.0,0.0,0.0
289.4546,0.01877588,0.015873197,0.0029026829,0.0,2018-07-30 11:00:00,0.0,0.0,0.0,0.0,0.0
289.64062,0.002103883,0.002103883,0.0,0.0,2018-07-30 12:00:00,0.0,0.0,0.0,0.0,0.0
291.21777,0.00053172023,0.0,0.00053172023,0.0,2018-07-30 13:00:00,0.0,0.0,0.0,0.0,0.0
293.635,0.0,0.0,0.0,0.0,2018-07-30 14:00:00,0.0,0.0,0.0,0.0,0.0
297.74316,0.0,0.0,0.0,0.0,2018-07-30 15:00:00,1.0,3.0516981e-05,0.0,3.0192678e-05,0.0
298.69165,0.079401255,0.0,0.0,0.079401255,2018-07-30 16:00:00,1.0,9.89783e-05,0.0,9.876872e-05,0.0
299.9939,0.20764464,0.070474744,0.03210266,0.13264614,2018-07-30 17:00:00,1.0,5.105103e-05,0.0,5.118466e-05,0.0
300.17432,0.31272846,0.19962817,0.010009766,0.14741647,2018-07-30 18:00:00,1.0,2.8590992e-05,0.0,2.8552866e-05,0.0
300.98682,0.39579976,0.20655954,0.029273238,0.19704044,2018-07-30 19:00:00,1.0,2.8687165e-05,0.0,2.8925584e-05,0.0
301.0398,0.457735,0.29291457,0.14289331,0.176085,2018-07-30 20:00:00,1.0,1.5623504e-05,0.0,1.5194418e-05,0.0
301.23633,0.3667128,0.18799525,0.14546388,0.12174165,2018-07-30 21:00:00,1.0,3.075412e-05,0.0,3.0944793e-05,0.0
301.1836,0.7832514,0.026136044,0.17888033,0.74304783,2018-07-30 22:00:00,1.0,1.0551979e-05,0.0,1.0656768e-05,0.0
300.39722,0.9062775,0.022810549,0.36937338,0.83310115,2018-07-30 23:00:00,0.0,0.00045279344,0.0,0.0004526598,2.6726156e-07
299.81348,0.7789081,0.02172302,0.3007354,0.75088906,2018-07-31 00:00:00,0.0,0.00019147138,0.0,0.0001911852,0.0
298.8501,0.51340663,0.0,0.24152482,0.34979934,2018-07-31 01:00:00,0.0,2.2309941e-06,0.0,2.288034e-06,0.0
297.59033,0.1367169,0.0,0.12879688,0.007920023,2018-07-31 02:00:00,0.0,0.0,0.0,0.0,0.0
294.11157,0.0896014,0.0,0.07825309,0.011880033,2018-07-31 03:00:00,0.0,9.549569e-08,0.0,1.432436e-07,0.0
293.35767,0.054955088,0.0,0.05336604,0.0015890491,2018-07-31 04:00:00,0.0,0.0,0.0,0.0,0.0
292.53638,0.062980294,0.0,0.062980294,0.0,2018-07-31 05:00:00,0.0,0.0,0.0,0.0,0.0
291.13306,0.0723505,0.0,0.0723505,0.0,2018-07-31 06:00:00,0.0,0.0,0.0,0.0,0.0
291.1372,0.08857131,0.0,0.08857131,0.0,2018-07-31 07:00:00,0.0,0.0,0.0,0.0,0.0
290.8086,0.07843733,0.0,0.07843733,0.0,2018-07-31 08:00:00,0.0,0.0,0.0,0.0,0.0
290.02173,0.052882347,0.0,0.052882347,0.0,2018-07-31 09:00:00,0.0,0.0,0.0,0.0,0.0
289.79102,0.008170214,0.0,0.008170214,0.0,2018-07-31 10:00:00,0.0,0.0,0.0,0.0,0.0
289.6206,0.0,0.0,0.0,0.0,2018-07-31 11:00:00,0.0,0.0,0.0,0.0,0.0
290.37744,0.0,0.0,0.0,0.0,2018-07-31 12:00:00,0.0,0.0,0.0,0.0,0.0
292.0835,0.011408862,0.0,0.0,0.011408862,2018-07-31 13:00:00,0.0,0.0,0.0,0.0,0.0
294.7937,0.06936115,0.0,0.0,0.06936115,2018-07-31 14:00:00,0.0,0.0,0.0,0.0,0.0
299.03296,0.1584763,0.0,0.0,0.1584763,2018-07-31 15:00:00,0.0,0.0,0.0,0.0,0.0
300.1975,0.4558593,0.10621768,0.16986668,0.3173005,2018-07-31 16:00:00,1.0,2.2815959e-07,0.0,2.477106e-07,0.0
301.0786,0.34474868,0.0060638934,0.270357,0.11189598,2018-07-31 17:00:00,1.0,1.05096515e-05,0.0,1.0461904e-05,0.0
301.35376,0.3892417,0.0,0.3844998,0.004741922,2018-07-31 18:00:00,0.0,1.1272967e-05,0.0,1.1272967e-05,0.0
301.4458,0.38791043,0.0065169036,0.38464344,0.0,2018-07-31 19:00:00,0.0,3.3186252e-06,0.0,3.184994e-06,0.0
301.90698,0.28557825,0.0037288337,0.28557825,0.0,2018-07-31 20:00:00,0.0,0.0,0.0,0.0,0.0
301.8789,0.33789325,0.0,0.33789325,0.0,2018-07-31 21:00:00,0.0,0.0,0.0,0.0,0.0
302.1416,0.34450704,0.0,0.34450704,0.0,2018-07-31 22:00:00,0.0,0.0,0.0,0.0,0.0
301.78687,0.43173236,0.00053172023,0.43173236,0.0,2018-07-31 23:00:00,0.0,0.0,0.0,0.0,0.0
301.187,0.3829831,0.0,0.3829831,0.0,2018-08-01 00:00:00,0.0,0.0,0.0,0.0,0.0
300.1057,0.16720474,0.0,0.16720474,0.0,2018-08-01 01:00:00,0.0,0.0,0.0,0.0,0.0
298.46973,0.16889489,0.00053172023,0.16889489,0.0,2018-08-01 02:00:00,0.0,0.0,0.0,0.0,0.0
296.76123,0.18646169,0.0,0.17658365,0.013623986,2018-08-01 03:00:00,0.0,0.0,0.0,0.0,0.0
295.82617,0.31408876,0.0,0.20947629,0.116962075,2018-08-01 04:00:00,0.0,0.0,0.0,0.0,0.0
294.39868,0.4374752,0.0,0.1450519,0.34754372,2018-08-01 05:00:00,0.0,0.0,0.0,0.0,0.0
293.9878,0.6859723,0.0,0.106877744,0.6643427,2018-08-01 06:00:00,0.0,0.0,0.0,0.0,0.0
293.96777,0.79300433,0.0,0.11699742,0.776191,2018-08-01 07:00:00,0.0,0.0,0.0,0.0,0.0
293.81006,0.63063234,0.0,0.26894486,0.55622536,2018-08-01 08:00:00,0.0,0.0,0.0,0.0,0.0
292.9668,0.59257483,0.0,0.3111409,0.47959882,2018-08-01 09:00:00,0.0,2.138092e-06,0.0,2.2717231e-06,0.0
292.41357,0.7723851,0.0,0.5782822,0.63143045,2018-08-01 10:00:00,0.0,3.195276e-05,0.0,3.185727e-05,0.0
292.30542,0.95812637,0.0,0.8184672,0.9009874,2018-08-01 11:00:00,1.0,2.4219291e-05,0.0,2.4600624e-05,0.0
292.25024,0.97045875,0.0,0.8548106,0.84193003,2018-08-01 12:00:00,1.0,0.0003726238,0.0,0.0003725472,0.0
292.2461,0.89720553,0.0,0.5441051,0.8361449,2018-08-01 13:00:00,1.0,0.00084422785,0.0,0.00082523096,1.8920327e-05
292.91455,0.83553046,0.0,0.23935336,0.7899256,2018-08-01 14:00:00,1.0,0.00076769665,0.0,0.00062540756,0.00014242304
294.22437,0.810689,0.0,0.028179381,0.8043604,2018-08-01 15:00:00,1.0,0.00038474845,0.0,0.00018722295,0.00019794483
294.75977,0.5980385,0.07605624,0.0642491,0.50938886,2018-08-01 16:00:00,1.0,7.903938e-05,0.0,1.3989091e-05,6.5012486e-05
295.45532,0.5711345,0.48372716,0.019143846,0.10423744,2018-08-01 17:00:00,0.0,6.1987594e-05,0.0,5.8048885e-05,3.3955457e-06
295.77612,0.85089993,0.83228844,0.042060725,0.2659219,2018-08-01 18:00:00,1.0,9.5810916e-05,0.0,7.6512544e-05,1.9174026e-05
296.2068,0.9696585,0.9174898,0.33906704,0.367014,2018-08-01 19:00:00,1.0,0.0005156782,0.0,0.00046591065,4.9662733e-05
295.313,0.9362872,0.916532,0.5102958,0.011905257,2018-08-01 20:00:00,1.0,0.00032778108,0.0,0.0003028405,2.4797555e-05
294.8164,0.9315787,0.84360075,0.3614471,0.2930572,2018-08-01 21:00:00,1.0,0.00096036587,0.0,0.00093488814,2.5592322e-05
293.9485,0.93875337,0.9187577,0.37311846,0.0015890491,2018-08-01 22:00:00,1.0,0.00021561264,0.0,0.00017046538,4.490884e-05
293.59253,0.9117698,0.9117698,0.19102496,0.0,2018-08-01 23:00:00,1.0,0.00013116999,0.0,0.000116398296,1.4533274e-05
292.87378,0.9515431,0.95101136,0.103509784,0.0,2018-08-02 00:00:00,1.0,5.699054e-05,0.0,4.0971572e-05,1.6143298e-05
291.73315,0.99576455,0.99576455,0.07735491,0.0,2018-08-02 01:00:00,0.0,1.9356186e-05,0.0,9.467571e-06,9.659822e-06
290.72046,0.983784,0.983784,0.05007794,0.0,2018-08-02 02:00:00,0.0,4.774787e-07,0.0,3.3423504e-07,1.9099144e-07
289.3872,1.0,1.0,0.0881176,0.0,2018-08-02 03:00:00,0.0,4.0056705e-07,0.0,0.0,4.0056705e-07
288.5962,0.998375,0.998375,0.028676808,0.0,2018-08-02 04:00:00,0.0,0.0,0.0,0.0,0.0
287.9226,0.998375,0.998375,0.0321051,0.0,2018-08-02 05:00:00,0.0,0.0,0.0,0.0,0.0
287.74707,0.99409735,0.99409735,0.0,0.0,2018-08-02 06:00:00,0.0,2.0957555e-07,0.0,2.9545845e-07,0.0
287.62158,0.9952138,0.9952138,0.0,0.0,2018-08-02 07:00:00,0.0,0.0,0.0,0.0,0.0
287.13354,0.995108,0.995108,0.0,0.0,2018-08-02 08:00:00,0.0,0.0,0.0,0.0,0.0
286.92188,0.998375,0.998375,0.0,0.0,2018-08-02 09:00:00,1.0,6.0950106e-07,0.0,0.0,6.0950106e-07
286.01392,0.8549094,0.8549094,0.0,0.0,2018-08-02 10:00:00,1.0,6.678286e-07,0.0,0.0,1.0491694e-06
286.0183,0.79328734,0.79328734,0.0,0.0,2018-08-02 11:00:00,1.0,8.017848e-07,0.0,0.0,8.017848e-07
286.15234,0.7781165,0.7781165,0.0,0.0,2018-08-02 12:00:00,1.0,2.5963363e-06,0.0,0.0,2.5963363e-06
286.58667,0.87294596,0.87294596,0.0,0.0,2018-08-02 13:00:00,0.0,4.369096e-06,0.0,0.0,4.369096e-06
287.4983,0.81419873,0.81419873,0.0,0.0,2018-08-02 14:00:00,0.0,5.3452317e-07,0.0,0.0,5.3452317e-07
289.59766,0.6560381,0.6560381,0.0,0.0,2018-08-02 15:00:00,0.0,1.9099144e-07,0.0,0.0,1.9099144e-07
290.5127,0.7980885,0.7980885,0.0,0.0,2018-08-02 16:00:00,0.0,0.0,0.0,0.0,0.0
291.05762,0.8832746,0.8832746,0.0,0.018498838,2018-08-02 17:00:00,0.0,0.0,0.0,0.0,0.0
291.6897,0.8138537,0.77010816,0.0,0.08906877,2018-08-02 18:00:00,0.0,0.0,0.0,0.0,0.0
292.6819,0.54177165,0.5001444,0.0,0.10386807,2018-08-02 19:00:00,0.0,0.0,0.0,0.0,0.0
293.3369,0.37347293,0.31171966,0.0,0.09016365,2018-08-02 20:00:00,0.0,0.0,0.0,0.0,0.0
294.78906,0.1507374,0.027444758,0.0,0.124881685,2018-08-02 21:00:00,0.0,0.0,0.0,0.0,0.0
294.45923,0.049021795,0.00053172023,0.0,0.048490077,2018-08-02 22:00:00,0.0,0.0,0.0,0.0,0.0
294.4768,0.0,0.0,0.0,0.0,2018-08-02 23:00:00,0.0,0.0,0.0,0.0,0.0
294.13452,0.108392715,0.002103883,0.0,0.10628885,2018-08-03 00:00:00,0.0,0.0,0.0,0.0,0.0
292.75732,0.13244879,0.0,0.0,0.13244879,2018-08-03 01:00:00,0.0,0.0,0.0,0.0,0.0
291.35205,0.13671798,0.0,0.0,0.13671798,2018-08-03 02:00:00,0.0,0.0,0.0,0.0,0.0
289.9873,0.24404591,0.0,0.06121271,0.20927846,2018-08-03 03:00:00,0.0,0.0,0.0,0.0,0.0
289.44067,0.27731287,0.0,0.19966078,0.12719399,2018-08-03 04:00:00,0.0,0.0,0.0,0.0,0.0
288.61743,0.23508525,0.0,0.19756866,0.09838033,2018-08-03 05:00:00,0.0,0.0,0.0,0.0,0.0
288.24512,0.04986204,0.0,0.04378126,0.020607192,2018-08-03 06:00:00,0.0,0.0,0.0,0.0,0.0
288.01245,0.0034282913,0.0,0.0034282913,0.0,2018-08-03 07:00:00,0.0,0.0,0.0,0.0,0.0
287.8977,0.044544436,0.0,0.018775493,0.027400002,2018-08-03 08:00:00,0.0,0.0,0.0,0.0,0.0
287.5005,0.1395824,0.022354204,0.00053172023,0.120425284,2018-08-03 09:00:00,0.0,7.750586e-06,0.0,7.750586e-06,0.0
288.99268,0.94804204,0.05572078,0.22386253,0.94804204,2018-08-03 10:00:00,0.0,4.61327e-05,0.0,4.6151603e-05,0.0
289.1714,0.62419397,0.0719679,0.16864556,0.5510957,2018-08-03 11:00:00,1.0,0.00019744084,0.0,0.0001972883,0.0
289.17163,0.85885066,0.063976645,0.117633164,0.82739717,2018-08-03 12:00:00,0.0,8.098026e-05,0.0,8.111389e-05,0.0
289.8396,1.0,0.0016249504,0.020817906,1.0,2018-08-03 13:00:00,0.0,0.0,0.0,0.0,0.0
291.63403,1.0,0.006280929,0.09200311,1.0,2018-08-03 14:00:00,0.0,8.231656e-05,0.0,8.218293e-05,0.0
293.67822,0.98165363,0.0,0.13044971,0.98165363,2018-08-03 15:00:00,0.0,3.527853e-05,0.0,3.527853e-05,0.0
295.5227,0.7668573,0.0,0.008548766,0.7668573,2018-08-03 16:00:00,0.0,0.0,0.0,0.0,0.0
296.50024,0.86577594,0.0,0.0,0.86577594,2018-08-03 17:00:00,0.0,0.0,0.0,0.0,0.0
297.7461,0.9952605,0.0,0.004207764,0.9952605,2018-08-03 18:00:00,0.0,0.0,0.0,0.0,0.0
299.4275,0.98468554,0.0,0.0,0.98468554,2018-08-03 19:00:00,0.0,0.0,0.0,0.0,0.0
300.1731,0.97233623,0.0,0.005006563,0.97233623,2018-08-03 20:00:00,0.0,0.0,0.0,0.0,0.0
300.92554,0.98663634,0.0,0.0,0.98663634,2018-08-03 21:00:00,0.0,0.0,0.0,0.0,0.0
300.38428,0.99946827,0.07953656,0.00053172023,0.99946827,2018-08-03 22:00:00,0.0,0.0,0.0,0.0,0.0
300.03296,1.0,0.26055163,0.22336668,1.0,2018-08-03 23:00:00,0.0,0.0,0.0,0.0,0.0
299.59644,1.0,0.31739068,0.21483052,1.0,2018-08-04 00:00:00,0.0,0.0,0.0,0.0,0.0
298.80835,1.0,0.13002676,0.019305177,1.0,2018-08-04 01:00:00,0.0,0.0,0.0,0.0,0.0
297.20044,0.97369605,0.030938882,0.03622801,0.97369605,2018-08-04 02:00:00,0.0,0.0,0.0,0.0,0.0
295.64673,0.9220808,0.0,0.1883542,0.9178374,2018-08-04 03:00:00,0.0,0.0,0.0,0.0,0.0
295.4292,0.98927194,0.0016249504,0.5831514,0.98927194,2018-08-04 04:00:00,1.0,1.8708306e-06,0.0,0.0,1.8708306e-06
295.4944,1.0,0.0,0.38741285,1.0,2018-08-04 05:00:00,1.0,2.5657107e-05,0.0,0.0,2.5657107e-05
295.81665,1.0,0.0032499009,0.31672478,1.0,2018-08-04 06:00:00,0.0,1.5768426e-05,0.0,0.0,1.5768426e-05
295.91577,0.9966217,0.0,0.16672158,0.9966217,2018-08-04 07:00:00,0.0,1.9099144e-07,0.0,2.3873935e-07,0.0
295.89746,1.0,0.0,0.40760875,1.0,2018-08-04 08:00:00,0.0,0.0,0.0,0.0,0.0
295.7068,1.0,0.0,0.49914312,1.0,2018-08-04 09:00:00,0.0,0.0,0.0,0.0,0.0
296.15845,1.0,0.0,0.33368397,1.0,2018-08-04 10:00:00,0.0,0.0,0.0,0.0,0.0
296.19067,1.0,0.0,0.651707,1.0,2018-08-04 11:00:00,0.0,8.017848e-07,0.0,8.017848e-07,0.0
296.00635,1.0,0.0,0.9907972,1.0,2018-08-04 12:00:00,1.0,5.5304088e-05,0.0,3.8026614e-05,1.7371989e-05
295.4746,1.0,0.0,0.99364376,1.0,2018-08-04 13:00:00,1.0,0.0002917773,0.0,6.8064273e-06,0.0002844371
295.02222,1.0,0.030277561,0.969891,1.0,2018-08-04 14:00:00,1.0,0.00076533714,0.0,1.4157939e-05,0.000751036
294.3772,1.0,0.09352678,0.99286187,1.0,2018-08-04 15:00:00,1.0,0.0014323601,0.0,3.8178492e-05,0.0013940574
294.1936,1.0,0.024580285,0.9970973,0.99736434,2018-08-04 16:00:00,1.0,0.0019262002,0.0,0.00015144714,0.0017747243
294.4392,1.0,0.002103883,1.0,0.965044,2018-08-04 17:00:00,1.0,0.001874557,0.0,7.7863006e-05,0.0017969613
294.38965,0.9966217,0.2395336,0.9966217,0.6541387,2018-08-04 18:00:00,1.0,0.0021695895,0.0,0.00012454389,0.002045313
294.48364,0.99675006,0.7563095,0.99348307,0.59580004,2018-08-04 19:00:00,1.0,0.0016291961,0.0,0.0006247889,0.0010041208
294.8667,0.98887664,0.9809314,0.8734247,0.44636303,2018-08-04 20:00:00,1.0,0.0011987325,0.0,0.00046976446,0.00072876783
295.25464,0.9775318,0.8395034,0.5684079,0.78522104,2018-08-04 21:00:00,1.0,0.00019906304,0.0,2.5028537e-05,0.00017408225
296.89355,0.87866676,0.8089651,0.18082678,0.5003143,2018-08-04 22:00:00,1.0,4.717789e-05,0.0,1.15433995e-05,3.574857e-05
297.8379,0.79116243,0.70294154,0.056466218,0.20973676,2018-08-04 23:00:00,0.0,8.98106e-06,0.0,1.0305812e-06,8.007519e-06
298.0984,0.8606844,0.84301245,0.023898982,0.039778262,2018-08-05 00:00:00,0.0,1.4862635e-06,0.0,0.0,1.4862635e-06
297.95728,0.82676136,0.8251364,0.01682536,0.0,2018-08-05 01:00:00,0.0,0.0,0.0,0.0,0.0
297.35156,0.3792624,0.3792624,0.008999109,0.0,2018-08-05 02:00:00,0.0,0.0,0.0,0.0,0.0
296.72998,0.32184643,0.30039984,0.014456838,0.016977832,2018-08-05 03:00:00,1.0,0.0,0.0,0.0,0.0
296.4817,0.27158827,0.23682988,0.022838287,0.044636447,2018-08-05 04:00:00,0.0,1.14079796e-07,0.0,0.0,1.14079796e-07
296.28784,0.18226814,0.16427511,0.05109196,0.0037288337,2018-08-05 05:00:00,1.0,2.0207863e-06,0.0,1.944196e-06,0.0
296.85962,0.07376349,0.05972711,0.016560722,0.013769314,2018-08-05 06:00:00,1.0,0.00019766984,0.0,0.00019704943,5.3452317e-07
295.8628,0.13336313,0.043770805,0.027633827,0.07770717,2018-08-05 07:00:00,0.0,0.0,0.0,0.0,0.0
294.7024,0.21901244,0.0029026829,0.014746506,0.2134803,2018-08-05 08:00:00,0.0,1.0791018e-05,0.0,1.0838766e-05,0.0
293.6245,0.12373465,0.0,0.038278237,0.09232026,2018-08-05 09:00:00,0.0,6.016231e-06,0.0,6.016231e-06,0.0
294.1963,0.7460653,0.0,0.32817703,0.7075521,2018-08-05 10:00:00,0.0,9.172666e-06,0.0,9.124918e-06,0.0
294.13745,0.15486133,0.0015890491,0.055194948,0.12692374,2018-08-05 11:00:00,1.0,2.5077417e-05,0.0,2.4963345e-05,0.0
294.1809,0.18887836,0.00053172023,0.063696265,0.13625497,2018-08-05 12:00:00,1.0,0.0,0.0,0.0,0.0
294.83838,0.12990683,0.012005735,0.014264207,0.11206108,2018-08-05 13:00:00,1.0,0.0,0.0,0.0,0.0
296.12134,0.052753996,0.01449389,0.01967189,0.018591907,2018-08-05 14:00:00,1.0,6.4860296e-07,0.0,0.0,6.4860296e-07
299.10864,0.015946422,0.0,0.007568907,0.008384813,2018-08-05 15:00:00,1.0,8.9598825e-07,0.0,0.0,8.9598825e-07
300.385,0.91303396,0.0,0.0,0.91303396,2018-08-05 16:00:00,0.0,0.0,0.0,0.0,0.0
301.18896,0.15404236,0.0,0.0,0.15404236,2018-08-05 17:00:00,0.0,8.047271e-06,0.0,8.123862e-06,0.0
301.3379,0.8096649,0.0015890491,0.014456838,0.8041361,2018-08-05 18:00:00,1.0,0.00016314944,0.0,0.00016324461,0.0
301.7505,0.9899067,0.0031780982,0.16833013,0.98652846,2018-08-05 19:00:00,0.0,8.4721265e-05,0.0,8.444472e-05,0.0
301.55347,1.0,0.027169976,0.10797882,1.0,2018-08-05 20:00:00,0.0,0.000118428885,0.0,0.000118562515,0.0
301.15112,1.0,0.022638869,0.11562312,1.0,2018-08-05 21:00:00,0.0,1.0690455e-06,0.0,1.0690455e-06,0.0
300.45093,1.0,0.0057492107,0.039188474,1.0,2018-08-05 22:00:00,0.0,0.0,0.0,0.0,0.0
300.26,1.0,0.01568178,0.04166595,1.0,2018-08-05 23:00:00,0.0,0.0,0.0,0.0,0.0
299.58716,1.0,0.0,0.05056338,1.0,2018-08-06 00:00:00,0.0,0.0,0.0,0.0,0.0
298.96387,1.0,0.0,0.03814329,1.0,2018-08-06 01:00:00,0.0,0.0,0.0,0.0,0.0
298.24927,0.9686433,0.0,0.022719413,0.9686433,2018-08-06 02:00:00,0.0,0.0,0.0,0.0,0.0
296.54346,0.80696166,0.0,0.009506632,0.80696166,2018-08-06 03:00:00,0.0,0.0,0.0,0.0,0.0
296.16284,0.9580452,0.0,0.13103813,0.9559242,2018-08-06 04:00:00,1.0,2.6726156e-07,0.0,1.3363075e-07,0.0
294.91187,0.41629153,0.0021207693,0.22077346,0.308923,2018-08-06 05:00:00,1.0,0.001767538,0.0,0.0017674044,0.0
293.52222,0.44878554,0.012712393,0.1118508,0.38641852,2018-08-06 06:00:00,1.0,0.0016468053,0.0,0.0016452793,1.678547e-06
293.2998,0.4451542,0.004767146,0.15310389,0.38009018,2018-08-06 07:00:00,0.0,1.2414439e-06,0.0,1.1936963e-06,0.0
292.22632,0.7728528,0.055327903,0.09617734,0.7585431,2018-08-06 08:00:00,0.0,0.0,0.0,0.0,0.0
292.34424,0.70557326,0.33026254,0.05067192,0.5096869,2018-08-06 09:00:00,0.0,0.0,0.0,0.0,0.0
292.30957,0.9966217,0.9489082,0.014791053,0.9234633,2018-08-06 10:00:00,0.0,2.864872e-07,0.0,0.0,2.864872e-07
291.989,0.98618823,0.951029,0.0031780982,0.6714225,2018-08-06 11:00:00,0.0,9.549569e-08,0.0,0.0,9.549569e-08
292.65454,0.9004856,0.7272698,0.00053172023,0.54701114,2018-08-06 12:00:00,1.0,0.0,0.0,0.0,0.0
293.11792,0.8050259,0.5190129,0.0227765,0.57369924,2018-08-06 13:00:00,1.0,9.549569e-08,0.0,0.0,9.549569e-08
293.96143,0.8570957,0.38654178,0.24598646,0.7507113,2018-08-06 14:00:00,1.0,1.4497364e-06,0.0,1.3161061e-06,0.0
296.31055,0.89983326,0.15010685,0.76374066,0.79612756,2018-08-06 15:00:00,1.0,4.4756045e-05,0.0,4.190464e-05,2.5745258e-06
297.0835,0.968589,0.0,0.9358119,0.8028126,2018-08-06 16:00:00,0.0,1.0721785e-05,0.0,1.033083e-05,2.0957555e-07
297.73584,0.9512874,0.0,0.9454955,0.49466556,2018-08-06 17:00:00,1.0,4.661498e-05,0.0,4.6318557e-05,1.9099144e-07
298.7627,0.842193,0.0,0.842193,0.08430648,2018-08-06 18:00:00,1.0,1.2768276e-05,0.0,1.2663489e-05,0.0
299.34766,0.2367518,0.04544181,0.1980592,0.005003199,2018-08-06 19:00:00,1.0,1.3620003e-05,0.0,1.2818218e-05,8.017848e-07
299.67212,0.118879616,0.09358442,0.016933583,0.012113646,2018-08-06 20:00:00,0.0,5.722046e-06,0.0,5.7024945e-06,2.6726156e-07
299.96558,0.15645784,0.11795819,0.05207058,0.04315287,2018-08-06 21:00:00,1.0,8.743362e-06,0.0,8.743362e-06,0.0
300.4204,0.27930462,0.120498836,0.21873528,0.027326573,2018-08-06 22:00:00,0.0,5.518645e-05,0.0,5.5129407e-05,0.0
300.1245,0.4621116,0.089585125,0.2751603,0.25062478,2018-08-06 23:00:00,1.0,0.0004325763,0.0,0.00043240422,0.0
298.65186,0.49305624,0.18900383,0.31037003,0.20931238,2018-08-07 00:00:00,0.0,0.00018542756,0.0,0.00018369198,1.7926268e-06
298.156,0.31053352,0.1537686,0.11016983,0.13196862,2018-08-07 01:00:00,0.0,2.6726156e-07,0.0,0.0,0.0
296.29883,0.48373342,0.021578062,0.03612982,0.45051724,2018-08-07 02:00:00,0.0,0.0,0.0,0.0,0.0
293.9165,0.5859691,0.01998901,0.02792592,0.56831366,2018-08-07 03:00:00,0.0,0.0,0.0,0.0,0.0
293.27466,0.41607535,0.0,0.0068626925,0.41554362,2018-08-07 04:00:00,0.0,0.0,0.0,0.0,0.0
292.76147,0.47584367,0.0067320913,0.017618049,0.46375054,2018-08-07 05:00:00,0.0,0.0,0.0,0.0,0.0
292.50073,0.6168034,0.0033782488,0.0033782488,0.6134423,2018-08-07 06:00:00,0.0,0.0,0.0,0.0,0.0
292.59082,0.7183746,0.0033782488,0.010009766,0.7183746,2018-08-07 07:00:00,0.0,0.0,0.0,0.0,0.0
293.2964,0.9287382,0.0100932345,0.010460924,0.9287382,2018-08-07 08:00:00,0.0,0.0,0.0,0.0,0.0
292.08447,0.9578375,0.00998199,0.018524759,0.9578375,2018-08-07 09:00:00,0.0,0.0,0.0,0.0,0.0
291.47876,0.9968219,0.19417179,0.13931954,0.9920357,2018-08-07 10:00:00,0.0,0.0,0.0,0.0,0.0
291.05225,0.6363894,0.3496641,0.0,0.5208084,2018-08-07 11:00:00,0.0,0.0,0.0,0.0,0.0
291.5105,0.8860621,0.32203966,0.5864786,0.5322478,2018-08-07 12:00:00,1.0,0.0,0.0,0.0,0.0
292.3943,0.95065594,0.12795806,0.76222533,0.74567646,2018-08-07 13:00:00,1.0,1.2101749e-05,0.0,0.0,1.2101749e-05
293.2019,0.92635095,0.0,0.61870456,0.8753795,2018-08-07 14:00:00,1.0,4.014485e-05,0.0,0.0,4.014485e-05
294.74878,0.9177207,0.0,0.52420133,0.8863162,2018-08-07 15:00:00,1.0,1.6250939e-05,0.0,0.0,1.65182e-05
295.2981,0.93317676,0.07191408,0.79842365,0.7952049,2018-08-07 16:00:00,0.0,9.549567e-07,0.0,1.0027052e-06,0.0
296.6665,0.8914168,0.10325116,0.7160636,0.70467836,2018-08-07 17:00:00,1.0,3.689702e-05,0.0,3.696335e-05,0.0
297.49854,0.8213552,0.1308372,0.63122475,0.5960331,2018-08-07 18:00:00,1.0,8.896079e-05,0.0,8.906558e-05,0.0
298.26904,0.79811543,0.14657903,0.5871871,0.5293495,2018-08-07 19:00:00,1.0,0.00028921245,0.0,0.00025840616,3.0434298e-05
297.96484,0.73540014,0.100908935,0.5376177,0.55787617,2018-08-07 20:00:00,1.0,0.0017561913,0.0,0.0017200438,3.6090307e-05
298.2627,0.7179392,0.0,0.3864209,0.586107,2018-08-07 21:00:00,1.0,0.00023608143,0.0,7.109216e-05,0.0001646938
296.76367,0.97489274,0.015842445,0.051479783,0.97489274,2018-08-07 22:00:00,1.0,0.00026863976,0.0,2.1666507e-05,0.00024682074
297.16455,0.98490596,0.0067320913,0.06722093,0.9838425,2018-08-07 23:00:00,0.0,0.00010702132,0.0,0.0,0.00010702132
297.0918,0.9923111,0.18464947,0.13178074,0.98888284,2018-08-08 00:00:00,0.0,1.7802464e-05,0.0,6.8609194e-07,1.7307044e-05
296.89258,0.96395963,0.16826397,0.18947887,0.95171064,2018-08-08 01:00:00,0.0,1.14079796e-07,0.0,5.703991e-08,0.0
295.32324,0.74624795,0.15929091,0.28364658,0.60842437,2018-08-08 02:00:00,0.0,0.0,0.0,0.0,0.0
293.20898,0.41091043,0.11431974,0.28994268,0.14561993,2018-08-08 03:00:00,0.0,0.0,0.0,0.0,0.0
292.59155,0.22826433,0.08549154,0.15385842,0.037332036,2018-08-08 04:00:00,0.0,0.0,0.0,0.0,0.0
291.96265,0.16999084,0.09150553,0.1505341,0.0,2018-08-08 05:00:00,0.0,0.0,0.0,0.0,0.0
291.51,0.12003952,0.079182446,0.10342938,0.0,2018-08-08 06:00:00,0.0,0.0,0.0,0.0,0.0
291.51147,0.06838232,0.015781246,0.06838232,0.0,2018-08-08 07:00:00,0.0,0.0,0.0,0.0,0.0
291.46094,0.032868136,0.0,0.032868136,0.0,2018-08-08 08:00:00,0.0,0.0,0.0,0.0,0.0
291.20093,0.081846595,0.0,0.081846595,0.0,2018-08-08 09:00:00,0.0,0.0,0.0,0.0,0.0
290.47192,0.06397414,0.0,0.06397414,0.0,2018-08-08 10:00:00,0.0,0.0,0.0,0.0,0.0
290.37598,0.028941449,0.0,0.028941449,0.0,2018-08-08 11:00:00,0.0,0.0,0.0,0.0,0.0
290.70923,0.01998901,0.0,0.01998901,0.0,2018-08-08 12:00:00,0.0,0.0,0.0,0.0,0.0
291.63354,0.024302572,0.0,0.022660516,0.0016249504,2018-08-08 13:00:00,0.0,0.0,0.0,0.0,0.0
293.77563,0.3705715,0.0,0.0,0.3705715,2018-08-08 14:00:00,0.0,1.6035692e-06,0.0,1.7371995e-06,0.0
297.68872,0.31902075,0.0,0.0010573287,0.31848902,2018-08-08 15:00:00,0.0,3.2417038e-06,0.0,3.2324124e-06,0.0
299.19385,0.20233828,0.0,0.009233657,0.19600123,2018-08-08 16:00:00,0.0,0.0,0.0,0.0,0.0
301.00122,0.04412497,0.0,0.0,0.04412497,2018-08-08 17:00:00,0.0,0.0,0.0,0.0,0.0
302.38574,0.0,0.0,0.0,0.0,2018-08-08 18:00:00,0.0,0.0,0.0,0.0,0.0
303.34888,0.0,0.0,0.0,0.0,2018-08-08 19:00:00,0.0,2.7456417e-06,0.0,2.8504292e-06,0.0
303.9641,0.01173529,0.0,0.01173529,0.0,2018-08-08 20:00:00,1.0,3.9788967e-05,0.0,3.9741222e-05,0.0
304.48633,0.033855088,0.0,0.0,0.033855088,2018-08-08 21:00:00,1.0,5.2525123e-05,0.0,5.261101e-05,0.0
304.12598,0.66557145,0.05490154,0.11593109,0.6375506,2018-08-08 22:00:00,1.0,2.8947936e-05,0.0,2.9243398e-05,0.0
304.0703,0.7088174,0.0,0.065571666,0.7059209,2018-08-08 23:00:00,1.0,1.28553775e-05,0.0,1.3036756e-05,0.0
303.5354,0.6570687,0.0067320913,0.014873948,0.65044063,2018-08-09 00:00:00,0.0,2.8227762e-05,0.0,2.7951217e-05,0.0
302.58203,0.34667045,0.0,0.0185811,0.34166723,2018-08-09 01:00:00,0.0,0.0,0.0,0.0,0.0
301.0681,0.3784424,0.0,0.005003199,0.3784424,2018-08-09 02:00:00,0.0,0.0,0.0,0.0,0.0
299.1494,0.4237001,0.0,0.023934882,0.4054973,2018-08-09 03:00:00,0.0,0.0,0.0,0.0,0.0
298.4253,0.1085152,0.0,0.014234416,0.09428078,2018-08-09 04:00:00,0.0,0.0,0.0,0.0,0.0
297.37524,0.13264203,0.0,0.010847926,0.121794105,2018-08-09 05:00:00,0.0,0.0,0.0,0.0,0.0
296.66284,0.3617081,0.0,0.016502436,0.3540883,2018-08-09 06:00:00,0.0,0.0,0.0,0.0,0.0
296.11328,0.4930082,0.0,0.015734568,0.49247646,2018-08-09 07:00:00,0.0,0.0,0.0,0.0,0.0
294.94873,0.22731555,0.0,0.021196231,0.20947438,2018-08-09 08:00:00,0.0,0.0,0.0,0.0,0.0
293.33887,0.0149885565,0.0,0.0149885565,0.0,2018-08-09 09:00:00,0.0,0.0,0.0,0.0,0.0
293.40796,0.46203405,0.44531268,0.019092347,0.0,2018-08-09 10:00:00,0.0,0.0,0.0,0.0,0.0
293.53223,0.45793027,0.44794828,0.014723916,0.0,2018-08-09 11:00:00,0.0,0.0,0.0,0.0,0.0
293.2063,0.80843234,0.8068074,0.017467394,0.0,2018-08-09 12:00:00,0.0,0.0,0.0,0.0,0.0
294.63452,0.48347044,0.48347044,0.0,0.0,2018-08-09 13:00:00,0.0,0.0,0.0,0.0,0.0
296.63647,0.033220317,0.026488226,0.0067320913,0.0,2018-08-09 14:00:00,0.0,0.0,0.0,0.0,0.0
300.3457,0.0,0.0,0.0,0.0,2018-08-09 15:00:00,0.0,0.0,0.0,0.0,0.0
301.52148,0.032790218,0.0,0.032790218,0.0,2018-08-09 16:00:00,0.0,0.0,0.0,0.0,0.0
302.65186,0.21162808,0.027384266,0.21162808,0.0,2018-08-09 17:00:00,1.0,4.004405e-06,0.0,3.870774e-06,0.0
302.7334,0.29967475,0.012085874,0.29967475,0.0,2018-08-09 18:00:00,1.0,1.0978753e-05,0.0,1.0883258e-05,0.0
302.81592,0.4578448,0.0048919544,0.4578448,0.0,2018-08-09 19:00:00,0.0,0.0,0.0,0.0,0.0
303.47656,0.50240123,0.0,0.50240123,0.0,2018-08-09 20:00:00,0.0,0.0,0.0,0.0,0.0
303.47803,0.51916355,0.0,0.51916355,0.0,2018-08-09 21:00:00,0.0,0.0,0.0,0.0,0.0
303.08032,0.27472925,0.0,0.27472925,0.0,2018-08-09 22:00:00,0.0,0.0,0.0,0.0,0.0
302.63647,0.22491121,0.00737416,0.22491121,0.0,2018-08-09 23:00:00,0.0,0.0,0.0,0.0,0.0
301.95093,0.09708971,0.013063066,0.09708971,0.0,2018-08-10 00:00:00,0.0,0.0,0.0,0.0,0.0
300.6289,0.10684925,0.016614657,0.10394657,0.0,2018-08-10 01:00:00,0.0,0.0,0.0,0.0,0.0
298.6006,0.055814564,0.0037098185,0.055288956,0.0,2018-08-10 02:00:00,0.0,0.0,0.0,0.0,0.0
296.33228,0.045115158,0.011474017,0.039390355,0.0,2018-08-10 03:00:00,0.0,0.0,0.0,0.0,0.0
295.6958,0.05812818,0.029205747,0.052386273,0.0,2018-08-10 04:00:00,0.0,0.0,0.0,0.0,0.0
294.69897,0.0680204,0.04443912,0.032233227,0.0,2018-08-10 05:00:00,0.0,0.0,0.0,0.0,0.0
293.76245,0.08852184,0.051356513,0.043440167,0.0,2018-08-10 06:00:00,0.0,0.0,0.0,0.0,0.0
293.80005,0.026959583,0.009103052,0.017849226,0.0,2018-08-10 07:00:00,0.0,0.0,0.0,0.0,0.0
293.1477,0.042530123,0.026570488,0.015965749,0.0,2018-08-10 08:00:00,0.0,0.0,0.0,0.0,0.0
292.0337,0.00053172023,0.0,0.00053172023,0.0,2018-08-10 09:00:00,0.0,0.0,0.0,0.0,0.0
291.67065,0.00053172023,0.0,0.00053172023,0.0,2018-08-10 10:00:00,0.0,0.0,0.0,0.0,0.0
291.55347,0.0,0.0,0.0,0.0,2018-08-10 11:00:00,0.0,0.0,0.0,0.0,0.0
291.88135,0.0,0.0,0.0,0.0,2018-08-10 12:00:00,0.0,0.0,0.0,0.0,0.0
293.25366,0.0,0.0,0.0,0.0,2018-08-10 13:00:00,0.0,0.0,0.0,0.0,0.0
294.90625,0.0063309744,0.0063309744,0.0,0.0,2018-08-10 14:00:00,0.0,0.0,0.0,0.0,0.0
299.02148,0.0,0.0,0.0,0.0,2018-08-10 15:00:00,0.0,0.0,0.0,0.0,0.0
300.80762,0.0,0.0,0.0,0.0,2018-08-10 16:00:00,0.0,0.0,0.0,0.0,0.0
302.09375,0.08051902,0.031932686,0.07610786,0.0,2018-08-10 17:00:00,0.0,0.0,0.0,0.0,0.0
302.51758,0.04555611,0.019537851,0.041827276,0.0,2018-08-10 18:00:00,0.0,0.0,0.0,0.0,0.0
303.2329,0.0706138,0.06717938,0.0151669495,0.0,2018-08-10 19:00:00,0.0,0.0,0.0,0.0,0.0
303.7954,0.103289425,0.009008683,0.0,0.09428078,2018-08-10 20:00:00,0.0,0.0,0.0,0.0,0.0
303.94165,0.1253326,0.010822706,0.0,0.11795157,2018-08-10 21:00:00,0.0,0.0,0.0,0.0,0.0
303.4016,0.0,0.0,0.0,0.0,2018-08-10 22:00:00,0.0,0.0,0.0,0.0,0.0
302.96753,0.0,0.0,0.0,0.0,2018-08-10 23:00:00,0.0,0.0,0.0,0.0,0.0
302.05078,0.0,0.0,0.0,0.0,2018-08-11 00:00:00,0.0,0.0,0.0,0.0,0.0
300.91577,0.024463236,0.0,0.024463236,0.0,2018-08-11 01:00:00,0.0,0.0,0.0,0.0,0.0
300.0625,0.00053172023,0.0,0.00053172023,0.0,2018-08-11 02:00:00,0.0,0.0,0.0,0.0,0.0
297.8728,0.0,0.0,0.0,0.0,2018-08-11 03:00:00,0.0,0.0,0.0,0.0,0.0
296.66406,0.0,0.0,0.0,0.0,2018-08-11 04:00:00,0.0,0.0,0.0,0.0,0.0
296.14722,0.0,0.0,0.0,0.0,2018-08-11 05:00:00,0.0,0.0,0.0,0.0,0.0
294.55957,0.0,0.0,0.0,0.0,2018-08-11 06:00:00,0.0,0.0,0.0,0.0,0.0
293.85938,0.0,0.0,0.0,0.0,2018-08-11 07:00:00,0.0,0.0,0.0,0.0,0.0
293.60425,0.0,0.0,0.0,0.0,2018-08-11 08:00:00,0.0,0.0,0.0,0.0,0.0
292.6499,0.0,0.0,0.0,0.0,2018-08-11 09:00:00,0.0,0.0,0.0,0.0,0.0
292.1394,0.014985189,0.014985189,0.0,0.0,2018-08-11 10:00:00,0.0,0.0,0.0,0.0,0.0
292.18213,0.0500279,0.0500279,0.0,0.0,2018-08-11 11:00:00,0.0,0.0,0.0,0.0,0.0
292.25464,0.052026343,0.052026343,0.0,0.0,2018-08-11 12:00:00,0.0,0.0,0.0,0.0,0.0
293.45923,0.14276236,0.14276236,0.0,0.0,2018-08-11 13:00:00,0.0,0.0,0.0,0.0,0.0
295.45776,0.12714577,0.12714577,0.0,0.0,2018-08-11 14:00:00,0.0,0.0,0.0,0.0,0.0
298.94897,0.08357644,0.08357644,0.0,0.0,2018-08-11 15:00:00,0.0,0.0,0.0,0.0,0.0
300.63232,0.012085874,0.012085874,0.0,0.0,2018-08-11 16:00:00,0.0,0.0,0.0,0.0,0.0
302.0913,0.0,0.0,0.0,0.0,2018-08-11 17:00:00,0.0,0.0,0.0,0.0,0.0
302.91626,0.0,0.0,0.0,0.0,2018-08-11 18:00:00,0.0,0.0,0.0,0.0,0.0
303.63086,0.15621972,0.15621972,0.0,0.0,2018-08-11 19:00:00,0.0,0.0,0.0,0.0,0.0
304.12476,0.47792506,0.3047086,0.3596158,0.0,2018-08-11 20:00:00,0.0,0.0,0.0,0.0,0.0
304.53882,0.5580747,0.092154205,0.55469644,0.0,2018-08-11 21:00:00,0.0,0.0,0.0,0.0,0.0
303.37036,0.11189771,0.037041944,0.11189771,0.0,2018-08-11 22:00:00,0.0,0.0,0.0,0.0,0.0
302.9619,0.007789418,0.0,0.007789418,0.0,2018-08-11 23:00:00,0.0,0.0,0.0,0.0,0.0
302.50708,0.0,0.0,0.0,0.0,2018-08-12 00:00:00,0.0,0.0,0.0,0.0,0.0
300.83813,0.0034282913,0.0,0.0034282913,0.0,2018-08-12 01:00:00,0.0,0.0,0.0,0.0,0.0
299.71753,0.0,0.0,0.0,0.0,2018-08-12 02:00:00,0.0,0.0,0.0,0.0,0.0
297.50415,0.0,0.0,0.0,0.0,2018-08-12 03:00:00,0.0,0.0,0.0,0.0,0.0
296.7588,0.0,0.0,0.0,0.0,2018-08-12 04:00:00,0.0,0.0,0.0,0.0,0.0
295.76196,0.0,0.0,0.0,0.0,2018-08-12 05:00:00,0.0,0.0,0.0,0.0,0.0
294.66724,0.0,0.0,0.0,0.0,2018-08-12 06:00:00,0.0,0.0,0.0,0.0,0.0
294.50854,0.0,0.0,0.0,0.0,2018-08-12 07:00:00,0.0,0.0,0.0,0.0,0.0
294.04443,0.0,0.0,0.0,0.0,2018-08-12 08:00:00,0.0,0.0,0.0,0.0,0.0
293.68433,0.0,0.0,0.0,0.0,2018-08-12 09:00:00,0.0,0.0,0.0,0.0,0.0
292.38086,0.0,0.0,0.0,0.0,2018-08-12 10:00:00,0.0,0.0,0.0,0.0,0.0
292.6067,0.0,0.0,0.0,0.0,2018-08-12 11:00:00,0.0,0.0,0.0,0.0,0.0
292.9275,0.0,0.0,0.0,0.0,2018-08-12 12:00:00,0.0,0.0,0.0,0.0,0.0
293.91064,0.0,0.0,0.0,0.0,2018-08-12 13:00:00,0.0,0.0,0.0,0.0,0.0
295.55078,0.0,0.0,0.0,0.0,2018-08-12 14:00:00,0.0,0.0,0.0,0.0,0.0
299.8579,0.0,0.0,0.0,0.0,2018-08-12 15:00:00,0.0,0.0,0.0,0.0,0.0
301.1289,0.017467432,0.017467432,0.0,0.0,2018-08-12 16:00:00,0.0,0.0,0.0,0.0,0.0
302.29395,0.0087354,0.0087354,0.0,0.0,2018-08-12 17:00:00,0.0,0.0,0.0,0.0,0.0
302.84326,0.0,0.0,0.0,0.0,2018-08-12 18:00:00,0.0,0.0,0.0,0.0,0.0
303.53296,0.00053172023,0.00053172023,0.0,0.0,2018-08-12 19:00:00,0.0,0.0,0.0,0.0,0.0
304.1626,0.0,0.0,0.0,0.0,2018-08-12 20:00:00,0.0,0.0,0.0,0.0,0.0
304.12988,0.0,0.0,0.0,0.0,2018-08-12 21:00:00,0.0,0.0,0.0,0.0,0.0
303.677,0.0068879165,0.0068879165,0.0,0.0,2018-08-12 22:00:00,0.0,0.0,0.0,0.0,0.0
303.28247,0.0031780982,0.0031780982,0.0,0.0,2018-08-12 23:00:00,0.0,0.0,0.0,0.0,0.0
302.5127,0.0,0.0,0.0,0.0,2018-08-13 00:00:00,0.0,0.0,0.0,0.0,0.0
301.2434,0.002103883,0.002103883,0.0,0.0,2018-08-13 01:00:00,0.0,0.0,0.0,0.0,0.0
299.7317,0.0,0.0,0.0,0.0,2018-08-13 02:00:00,0.0,0.0,0.0,0.0,0.0
297.86963,0.0,0.0,0.0,0.0,2018-08-13 03:00:00,0.0,0.0,0.0,0.0,0.0
297.1753,0.0,0.0,0.0,0.0,2018-08-13 04:00:00,0.0,0.0,0.0,0.0,0.0
296.3894,0.0,0.0,0.0,0.0,2018-08-13 05:00:00,0.0,0.0,0.0,0.0,0.0
296.11475,0.0,0.0,0.0,0.0,2018-08-13 06:00:00,0.0,0.0,0.0,0.0,0.0
296.27222,0.0,0.0,0.0,0.0,2018-08-13 07:00:00,0.0,0.0,0.0,0.0,0.0
295.83667,0.0,0.0,0.0,0.0,2018-08-13 08:00:00,0.0,0.0,0.0,0.0,0.0
294.98413,0.0,0.0,0.0,0.0,2018-08-13 09:00:00,0.0,0.0,0.0,0.0,0.0
293.98438,0.026038766,0.026038766,0.0,0.0,2018-08-13 10:00:00,0.0,0.0,0.0,0.0,0.0
293.74097,0.0033782488,0.0033782488,0.0,0.0,2018-08-13 11:00:00,0.0,0.0,0.0,0.0,0.0
293.7876,0.0,0.0,0.0,0.0,2018-08-13 12:00:00,0.0,0.0,0.0,0.0,0.0
294.99316,0.0,0.0,0.0,0.0,2018-08-13 13:00:00,0.0,0.0,0.0,0.0,0.0
296.7578,0.0033782488,0.0033782488,0.0,0.0,2018-08-13 14:00:00,0.0,0.0,0.0,0.0,0.0
300.7937,0.0,0.0,0.0,0.0,2018-08-13 15:00:00,0.0,0.0,0.0,0.0,0.0
302.13647,0.0,0.0,0.0,0.0,2018-08-13 16:00:00,0.0,0.0,0.0,0.0,0.0
303.82227,0.0,0.0,0.0,0.0,2018-08-13 17:00:00,0.0,0.0,0.0,0.0,0.0
304.63428,0.12473941,0.12473941,0.0,0.0,2018-08-13 18:00:00,0.0,0.0,0.0,0.0,0.0
305.20264,0.17468691,0.17468691,0.0,0.0,2018-08-13 19:00:00,0.0,0.0,0.0,0.0,0.0
305.4209,0.13471425,0.1255306,0.04047521,0.0,2018-08-13 20:00:00,0.0,0.0,0.0,0.0,0.0
305.66626,0.15404278,0.11401063,0.11431712,0.0,2018-08-13 21:00:00,0.0,0.0,0.0,0.0,0.0
304.9026,0.12793672,0.06897974,0.10304117,0.0,2018-08-13 22:00:00,0.0,0.0,0.0,0.0,0.0
304.55615,0.11408782,0.053432792,0.11408782,0.0,2018-08-13 23:00:00,0.0,0.0,0.0,0.0,0.0
303.7412,0.06913316,0.02254111,0.059123415,0.0,2018-08-14 00:00:00,0.0,0.0,0.0,0.0,0.0
302.48853,0.08436823,0.010009766,0.08436823,0.0,2018-08-14 01:00:00,0.0,0.0,0.0,0.0,0.0
301.04956,0.10760641,0.027605262,0.10497081,0.003161212,2018-08-14 02:00:00,0.0,0.0,0.0,0.0,0.0
298.56348,0.17497873,0.019460037,0.06711215,0.102137804,2018-08-14 03:00:00,0.0,0.0,0.0,0.0,0.0
298.13232,0.12584406,0.015734568,0.10033554,0.025491398,2018-08-14 04:00:00,0.0,0.0,0.0,0.0,0.0
297.35278,0.40221727,0.010009766,0.120762885,0.30540788,2018-08-14 05:00:00,0.0,0.0,0.0,0.0,0.0
296.56494,0.86966956,0.015010219,0.07046932,0.8601387,2018-08-14 06:00:00,0.0,0.0,0.0,0.0,0.0
296.67603,0.9894863,0.01998901,0.07584584,0.986108,2018-08-14 07:00:00,0.0,0.0,0.0,0.0,0.0
296.24414,0.96126914,0.0,0.021613963,0.96126914,2018-08-14 08:00:00,0.0,0.0,0.0,0.0,0.0
295.42236,0.9966217,0.0,0.12817222,0.9966217,2018-08-14 09:00:00,0.0,0.0,0.0,0.0,0.0
294.5874,0.98919415,0.03293851,0.19401497,0.9813582,2018-08-14 10:00:00,0.0,0.0,0.0,0.0,0.0
294.46558,0.9657416,0.008701935,0.25605983,0.9443383,2018-08-14 11:00:00,0.0,0.0,0.0,0.0,0.0
294.77197,0.9498789,0.03839624,0.25508606,0.9346293,2018-08-14 12:00:00,0.0,0.0,0.0,0.0,0.0
295.7932,0.9894646,0.046974875,0.2364918,0.982312,2018-08-14 13:00:00,1.0,8.578569e-06,0.0,8.6356085e-06,0.0
297.25464,0.9768964,0.03787909,0.32515782,0.9699006,2018-08-14 14:00:00,1.0,7.921974e-05,0.0,7.921974e-05,0.0
299.68677,0.97652113,0.08513093,0.4427253,0.9572242,2018-08-14 15:00:00,1.0,5.4728458e-05,0.0,5.4347125e-05,0.0
300.63916,0.975282,0.2012335,0.5436065,0.93499225,2018-08-14 16:00:00,0.0,1.5575337e-05,0.0,1.5575337e-05,0.0
301.96875,0.96205723,0.077971876,0.59549576,0.8758427,2018-08-14 17:00:00,0.0,2.7339265e-05,0.0,2.7329981e-05,0.0
302.38135,0.822579,0.043476425,0.41574562,0.680995,2018-08-14 18:00:00,1.0,4.653899e-05,0.0,4.640536e-05,0.0
302.95508,0.5360354,0.03432533,0.34508938,0.25681728,2018-08-14 19:00:00,0.0,2.1539629e-05,0.0,2.183509e-05,0.0
303.75635,0.4960631,0.025194135,0.2134111,0.3324114,2018-08-14 20:00:00,0.0,4.8805077e-06,0.0,4.8712163e-06,0.0
303.50635,0.69809115,0.052126907,0.19530201,0.6107164,2018-08-14 21:00:00,1.0,3.8724378e-05,0.0,3.8915052e-05,0.0
301.6328,0.94289654,0.042424023,0.481242,0.92585236,2018-08-14 22:00:00,0.0,9.061623e-05,0.0,8.990962e-05,6.300189e-07
300.03857,0.9904719,0.05225628,0.50543123,0.96918464,2018-08-14 23:00:00,0.0,0.0011214234,0.0,0.0011215094,0.0
299.86206,0.98957586,0.018631142,0.3382823,0.9837705,2018-08-15 00:00:00,0.0,7.84975e-05,0.0,7.850678e-05,0.0
299.06543,0.97343284,0.0033782488,0.14325172,0.96012205,2018-08-15 01:00:00,1.0,0.0,0.0,0.0,0.0
298.38794,0.9407626,0.00998199,0.15734333,0.9291413,2018-08-15 02:00:00,0.0,0.0,0.0,0.0,0.0
296.41357,0.9016958,0.030011643,0.10488087,0.8901928,2018-08-15 03:00:00,0.0,0.0,0.0,0.0,0.0
295.9375,0.7940023,0.007457666,0.12476808,0.74470085,2018-08-15 04:00:00,0.0,1.14079796e-07,0.0,0.0,1.14079796e-07
294.6355,0.71245766,0.055576306,0.03344277,0.67607427,2018-08-15 05:00:00,0.0,0.0,0.0,0.0,0.0
294.48462,0.54935604,0.13498008,0.034974203,0.46072996,2018-08-15 06:00:00,0.0,0.0,0.0,0.0,0.0
294.4165,0.2955485,0.12313104,0.01604252,0.18919247,2018-08-15 07:00:00,1.0,0.0,0.0,0.0,0.0
294.09473,0.20447582,0.09928435,0.010009766,0.12130034,2018-08-15 08:00:00,1.0,0.0,0.0,0.0,0.0
293.76807,0.15892184,0.11221802,0.01000702,0.05214446,2018-08-15 09:00:00,0.0,0.0,0.0,0.0,0.0
292.75708,0.23865294,0.0,0.1332711,0.14213526,2018-08-15 10:00:00,0.0,0.0,0.0,0.0,0.0
292.62427,0.097483575,0.0032139996,0.08899593,0.026574075,2018-08-15 11:00:00,0.0,0.0,0.0,0.0,0.0
292.8103,0.1623745,0.11983138,0.08747196,0.025933534,2018-08-15 12:00:00,0.0,0.0,0.0,0.0,0.0
293.26123,0.26155663,0.154796,0.14788312,0.07620436,2018-08-15 13:00:00,0.0,0.0,0.0,0.0,0.0
294.77075,0.14308763,0.025931284,0.02369883,0.09663558,2018-08-15 14:00:00,0.0,0.0,0.0,0.0,0.0
297.54492,0.2538826,0.029666323,0.009294778,0.22343433,2018-08-15 15:00:00,0.0,0.0,0.0,0.0,0.0
299.30786,0.15892208,0.004235424,0.02712712,0.1341598,2018-08-15 16:00:00,0.0,1.2414439e-06,0.0,1.2891924e-06,0.0
300.56372,0.1260693,0.01396703,0.008451741,0.105772495,2018-08-15 17:00:00,0.0,6.2962845e-06,0.0,6.372229e-06,0.0
301.70386,0.116955936,0.036826413,0.016073659,0.075601876,2018-08-15 18:00:00,0.0,1.8044128e-05,0.0,1.7862752e-05,0.0
302.05713,0.1118117,0.047604445,0.021872912,0.05049115,2018-08-15 19:00:00,0.0,1.3555236e-06,0.0,1.1552402e-06,0.0
302.11353,0.25320482,0.16757542,0.007388301,0.09195304,2018-08-15 20:00:00,0.0,1.2414439e-06,0.0,1.2414439e-06,0.0
302.16382,0.1301682,0.016312964,0.017006189,0.099212706,2018-08-15 21:00:00,0.0,1.1459488e-06,0.0,1.0982003e-06,0.0
301.61914,0.29632145,0.12625962,0.07429588,0.15936124,2018-08-15 22:00:00,0.0,9.735413e-07,0.0,1.0690364e-06,0.0
301.708,0.3430289,0.06525546,0.08871716,0.28043294,2018-08-15 23:00:00,0.0,1.5659272e-05,0.0,1.2035595e-05,3.528191e-06
301.07764,0.4248559,0.00053172023,0.075081944,0.38265973,2018-08-16 00:00:00,0.0,2.4637891e-05,0.0,2.3444198e-05,1.1459488e-06
300.14893,0.59997463,0.0,0.06521934,0.5875871,2018-08-16 01:00:00,0.0,0.0,0.0,0.0,0.0
298.55737,0.64979804,0.015025608,0.08181381,0.6158178,2018-08-16 02:00:00,0.0,0.0,0.0,0.0,0.0
296.6577,0.5430942,0.027918424,0.08621812,0.49080354,2018-08-16 03:00:00,0.0,0.0,0.0,0.0,0.0
296.66846,0.4390344,0.026858658,0.12754452,0.36508083,2018-08-16 04:00:00,0.0,0.0,0.0,0.0,0.0
296.04712,0.46072018,0.0,0.12496668,0.38806647,2018-08-16 05:00:00,0.0,0.0,0.0,0.0,0.0
294.96875,0.25605595,0.0026356035,0.13739711,0.15497291,2018-08-16 06:00:00,0.0,0.0,0.0,0.0,0.0
294.6692,0.3412516,0.0010573287,0.11904287,0.2776606,2018-08-16 07:00:00,0.0,9.549569e-08,0.0,0.0,0.0
294.58398,0.36695623,0.013221018,0.15517259,0.26850122,2018-08-16 08:00:00,0.0,0.0,0.0,0.0,0.0
293.77222,0.39911455,0.035200622,0.12154347,0.32649595,2018-08-16 09:00:00,0.0,0.0,0.0,0.0,0.0
292.67212,0.30456465,0.0677675,0.15100902,0.16618651,2018-08-16 10:00:00,0.0,0.0,0.0,0.0,0.0
292.73438,0.20738691,0.057727065,0.16570342,0.008357041,2018-08-16 11:00:00,0.0,0.0,0.0,0.0,0.0
292.82324,0.22787976,0.06724721,0.13981462,0.062249586,2018-08-16 12:00:00,0.0,0.0,0.0,0.0,0.0
294.16235,0.40624577,0.07353449,0.16093975,0.2920441,2018-08-16 13:00:00,0.0,0.0,0.0,0.0,0.0
296.02637,0.57587934,0.031190041,0.07351911,0.5430716,2018-08-16 14:00:00,0.0,8.50122e-05,0.0,8.496446e-05,0.0
298.7544,0.71481115,0.046463408,0.115652144,0.6787446,2018-08-16 15:00:00,0.0,0.00053305295,0.0,0.0005311526,2.043229e-06
299.57715,0.7932778,0.07285404,0.063529134,0.7683929,2018-08-16 16:00:00,0.0,0.00048718508,0.0,0.00048125768,6.2040244e-06
300.53198,0.88436383,0.08121067,0.11783856,0.85143596,2018-08-16 17:00:00,0.0,8.6971966e-05,0.0,8.189403e-05,5.345204e-06
301.30493,0.88943976,0.071550906,0.100651324,0.85200113,2018-08-16 18:00:00,0.0,7.404614e-05,0.0,7.239387e-05,1.5279311e-06
301.5349,0.90493894,0.10139865,0.16807574,0.88204366,2018-08-16 19:00:00,0.0,0.00027938606,0.0,0.00027852668,8.5946164e-07
300.6538,0.90374136,0.20604879,0.29615074,0.81013584,2018-08-16 20:00:00,1.0,0.00018608698,0.0,0.00018533262,5.7297444e-07
300.6797,0.8739413,0.2762866,0.20669198,0.7926162,2018-08-16 21:00:00,1.0,0.00012303781,0.0,0.00012244658,7.8190845e-07
300.0498,0.77932966,0.2316845,0.2594121,0.6675683,2018-08-16 22:00:00,1.0,0.00016962839,0.0,0.00016970497,0.0
299.5105,0.7409473,0.19488883,0.11196935,0.67481965,2018-08-16 23:00:00,0.0,0.0012460824,0.0,0.0012460346,0.0
298.70288,0.9081382,0.11532259,0.03522058,0.8952319,2018-08-17 00:00:00,0.0,0.00035566418,0.0,0.00035580713,2.0957555e-07
298.06323,0.8908993,0.09351277,0.07670158,0.8793447,2018-08-17 01:00:00,0.0,2.9694129e-05,0.0,2.9083982e-05,4.0056705e-07
296.98877,0.8785222,0.107370615,0.08953464,0.85459715,2018-08-17 02:00:00,0.0,0.0,0.0,0.0,0.0
295.39648,0.8439532,0.109083,0.0645836,0.82239443,2018-08-17 03:00:00,0.0,0.0,0.0,0.0,0.0
294.94043,0.8973783,0.047708746,0.0168866,0.8931429,2018-08-17 04:00:00,0.0,0.0,0.0,0.0,0.0
294.84448,0.8883122,0.007568907,0.017328177,0.8883122,2018-08-17 05:00:00,0.0,0.0,0.0,0.0,0.0
294.2832,0.6556601,0.0060138516,0.053180106,0.6366172,2018-08-17 06:00:00,0.0,0.0,0.0,0.0,0.0
293.39648,0.3449837,0.014301002,0.018391833,0.32878733,2018-08-17 07:00:00,0.0,0.0,0.0,0.0,0.0
292.79004,0.084971845,0.0,0.0,0.084971845,2018-08-17 08:00:00,0.0,0.0,0.0,0.0,0.0
292.19775,0.010847926,0.0,0.00053172023,0.010316208,2018-08-17 09:00:00,0.0,0.0,0.0,0.0,0.0
292.22827,0.007903136,0.007903136,0.0,0.0,2018-08-17 10:00:00,0.0,0.0,0.0,0.0,0.0
292.05566,0.0034282913,0.0034282913,0.0,0.0,2018-08-17 11:00:00,0.0,0.0,0.0,0.0,0.0
291.9502,0.00053172023,0.00053172023,0.0,0.0,2018-08-17 12:00:00,0.0,0.0,0.0,0.0,0.0
292.57422,0.0,0.0,0.0,0.0,2018-08-17 13:00:00,0.0,0.0,0.0,0.0,0.0
294.08618,0.0,0.0,0.0,0.0,2018-08-17 14:00:00,0.0,0.0,0.0,0.0,0.0
297.67236,0.0,0.0,0.0,0.0,2018-08-17 15:00:00,0.0,0.0,0.0,0.0,0.0
299.00806,0.0,0.0,0.0,0.0,2018-08-17 16:00:00,0.0,0.0,0.0,0.0,0.0
300.41528,0.013471484,0.0,0.013471484,0.0,2018-08-17 17:00:00,0.0,0.0,0.0,0.0,0.0
301.19678,0.076168954,0.005003199,0.076168954,0.0,2018-08-17 18:00:00,0.0,0.0,0.0,0.0,0.0
301.4336,0.106072605,0.015096433,0.10271144,0.0,2018-08-17 19:00:00,0.0,0.0,0.0,0.0,0.0
301.9253,0.18682104,0.0,0.18682104,0.0,2018-08-17 20:00:00,0.0,0.0,0.0,0.0,0.0
301.6443,0.18143988,0.0,0.18143988,0.0,2018-08-17 21:00:00,0.0,0.0,0.0,0.0,0.0
301.26,0.028192103,0.0,0.028192103,0.0,2018-08-17 22:00:00,0.0,0.0,0.0,0.0,0.0
301.15552,0.012213111,0.0,0.012213111,0.0,2018-08-17 23:00:00,0.0,0.0,0.0,0.0,0.0
300.38477,0.019638427,0.0,0.019638427,0.0,2018-08-18 00:00:00,0.0,0.0,0.0,0.0,0.0
299.229,0.0,0.0,0.0,0.0,2018-08-18 01:00:00,0.0,0.0,0.0,0.0,0.0
297.3108,0.0,0.0,0.0,0.0,2018-08-18 02:00:00,0.0,0.0,0.0,0.0,0.0
295.29907,0.0,0.0,0.0,0.0,2018-08-18 03:00:00,0.0,0.0,0.0,0.0,0.0
295.45898,0.0,0.0,0.0,0.0,2018-08-18 04:00:00,0.0,0.0,0.0,0.0,0.0
294.8235,0.0,0.0,0.0,0.0,2018-08-18 05:00:00,0.0,0.0,0.0,0.0,0.0
293.7588,0.0,0.0,0.0,0.0,2018-08-18 06:00:00,0.0,0.0,0.0,0.0,0.0
293.68164,0.0,0.0,0.0,0.0,2018-08-18 07:00:00,0.0,0.0,0.0,0.0,0.0
293.4358,0.0,0.0,0.0,0.0,2018-08-18 08:00:00,0.0,0.0,0.0,0.0,0.0
292.36328,0.0,0.0,0.0,0.0,2018-08-18 09:00:00,0.0,0.0,0.0,0.0,0.0
291.20117,0.0,0.0,0.0,0.0,2018-08-18 10:00:00,0.0,0.0,0.0,0.0,0.0
291.09644,0.0,0.0,0.0,0.0,2018-08-18 11:00:00,0.0,0.0,0.0,0.0,0.0
291.15186,0.0033782488,0.0033782488,0.0,0.0,2018-08-18 12:00:00,0.0,0.0,0.0,0.0,0.0
291.7544,0.0,0.0,0.0,0.0,2018-08-18 13:00:00,0.0,0.0,0.0,0.0,0.0
292.636,0.0,0.0,0.0,0.0,2018-08-18 14:00:00,0.0,0.0,0.0,0.0,0.0
295.74146,0.0,0.0,0.0,0.0,2018-08-18 15:00:00,0.0,0.0,0.0,0.0,0.0
297.3169,0.0,0.0,0.0,0.0,2018-08-18 16:00:00,0.0,0.0,0.0,0.0,0.0
298.98828,0.061507896,0.061507896,0.0,0.0,2018-08-18 17:00:00,0.0,0.0,0.0,0.0,0.0
299.8672,0.20957607,0.20957607,0.0,0.0,2018-08-18 18:00:00,0.0,0.0,0.0,0.0,0.0
300.50464,0.20624846,0.20624846,0.0,0.0,2018-08-18 19:00:00,0.0,0.0,0.0,0.0,0.0
301.12622,0.2572114,0.2572114,0.0,0.0,2018-08-18 20:00:00,0.0,0.0,0.0,0.0,0.0
301.51978,0.277466,0.277466,0.0,0.0,2018-08-18 21:00:00,0.0,0.0,0.0,0.0,0.0
301.03857,0.24352056,0.0057992525,0.0,0.24008614,2018-08-18 22:00:00,0.0,0.0,0.0,0.0,0.0
300.78418,0.0039959103,0.0039959103,0.0,0.0,2018-08-18 23:00:00,0.0,0.0,0.0,0.0,0.0
300.01465,0.0033782488,0.0033782488,0.0,0.0,2018-08-19 00:00:00,0.0,0.0,0.0,0.0,0.0
298.63867,0.0,0.0,0.0,0.0,2018-08-19 01:00:00,0.0,0.0,0.0,0.0,0.0
297.64795,0.025306895,0.0,0.0,0.025306895,2018-08-19 02:00:00,0.0,0.0,0.0,0.0,0.0
295.20947,0.036098573,0.0,0.0,0.036098573,2018-08-19 03:00:00,0.0,0.0,0.0,0.0,0.0
294.69995,0.0033782488,0.0033782488,0.0,0.0,2018-08-19 04:00:00,0.0,0.0,0.0,0.0,0.0
293.8933,0.016832627,0.016832627,0.0,0.0,2018-08-19 05:00:00,0.0,0.0,0.0,0.0,0.0
293.09424,0.08183199,0.0100932345,0.0,0.07173872,2018-08-19 06:00:00,0.0,0.0,0.0,0.0,0.0
293.1211,0.5203316,0.0,0.0,0.5203316,2018-08-19 07:00:00,0.0,0.0,0.0,0.0,0.0
292.792,0.75872356,0.008468319,0.0,0.7540012,2018-08-19 08:00:00,0.0,0.0,0.0,0.0,0.0
292.29272,0.54429954,0.08374691,0.0,0.4870814,2018-08-19 09:00:00,0.0,0.0,0.0,0.0,0.0
291.53516,0.70245785,0.0015890491,0.0,0.7019262,2018-08-19 10:00:00,0.0,0.0,0.0,0.0,0.0
291.59204,0.87657565,0.0,0.0,0.87657565,2018-08-19 11:00:00,0.0,0.0,0.0,0.0,0.0
291.59766,0.84182274,0.0,0.0,0.84182274,2018-08-19 12:00:00,0.0,0.0,0.0,0.0,0.0
292.22876,0.51259106,0.0,0.0,0.51259106,2018-08-19 13:00:00,0.0,0.0,0.0,0.0,0.0
293.8999,1.0,0.0,0.0,1.0,2018-08-19 14:00:00,0.0,0.0,0.0,0.0,0.0
297.41626,1.0,0.0,0.0,1.0,2018-08-19 15:00:00,0.0,0.0,0.0,0.0,0.0
299.0293,1.0,0.05695859,0.0,1.0,2018-08-19 16:00:00,1.0,2.8828326e-06,0.0,2.9305802e-06,0.0
300.39258,1.0,0.20267934,0.09342605,1.0,2018-08-19 17:00:00,1.0,1.2384332e-05,0.0,1.1993378e-05,1.9099144e-07
300.82104,1.0,0.17517704,0.10673916,1.0,2018-08-19 18:00:00,0.0,6.300189e-07,0.0,6.7776676e-07,0.0
301.72607,1.0,0.24769342,0.05827818,1.0,2018-08-19 19:00:00,0.0,0.0,0.0,0.0,0.0
301.9431,1.0,0.21691936,0.1447267,1.0,2018-08-19 20:00:00,1.0,2.5008494e-06,0.0,2.5963454e-06,0.0
302.11548,1.0,0.08689892,0.30350584,1.0,2018-08-19 21:00:00,1.0,1.4144857e-05,0.0,1.4258937e-05,0.0
301.26245,1.0,0.059334647,0.37392372,1.0,2018-08-19 22:00:00,1.0,7.5101634e-06,0.0,7.6056594e-06,0.0
300.9265,1.0,0.05474327,0.35424095,1.0,2018-08-19 23:00:00,0.0,1.5458827e-06,0.0,1.6984186e-06,0.0
300.1643,1.0,0.11095601,0.28348672,1.0,2018-08-20 00:00:00,0.0,1.9099144e-07,0.0,1.0478777e-07,0.0
299.57373,1.0,0.09742385,0.18366033,1.0,2018-08-20 01:00:00,0.0,0.0,0.0,0.0,0.0
298.95508,1.0,0.03963022,0.08981657,1.0,2018-08-20 02:00:00,1.0,2.8705253e-05,0.0,2.8581562e-05,0.0
297.53857,1.0,0.009530831,0.08701539,1.0,2018-08-20 03:00:00,0.0,4.478327e-05,0.0,4.458234e-05,0.0
296.948,1.0,0.04258291,0.10118568,1.0,2018-08-20 04:00:00,1.0,2.1380925e-05,0.0,2.1113665e-05,0.0
296.37866,1.0,0.042342108,0.12366712,1.0,2018-08-20 05:00:00,0.0,6.9488005e-06,0.0,7.216063e-06,0.0
295.4048,1.0,0.092411876,0.17544955,1.0,2018-08-20 06:00:00,0.0,0.0,0.0,0.0,0.0
295.58936,1.0,0.034208983,0.47865838,1.0,2018-08-20 07:00:00,1.0,8.897268e-05,0.0,8.530762e-05,3.741662e-06
295.75952,1.0,0.05002644,0.8332782,1.0,2018-08-20 08:00:00,1.0,0.00014457639,0.0,0.00013797144,6.795619e-06
295.13208,1.0,0.031042587,0.9649946,1.0,2018-08-20 09:00:00,1.0,7.310386e-05,0.0,6.277015e-05,1.0410297e-05
293.9414,1.0,0.016635168,0.98011947,1.0,2018-08-20 10:00:00,1.0,5.3328768e-05,0.0,1.391217e-05,3.9416598e-05
293.95752,1.0,0.08897394,0.9881067,1.0,2018-08-20 11:00:00,1.0,0.000100224235,0.0,3.757843e-05,6.291305e-05
293.95483,1.0,0.048044827,0.9493774,1.0,2018-08-20 12:00:00,1.0,0.00018469327,0.0,1.7759623e-05,0.00016693365
293.8335,1.0,0.010157049,0.97605926,0.98889697,2018-08-20 13:00:00,1.0,0.00028671324,0.0,1.5386962e-05,0.00027132616
294.05396,1.0,0.020520732,0.9678388,1.0,2018-08-20 14:00:00,1.0,0.00020558998,0.0,0.0,0.00020570407
294.85815,1.0,0.008070052,0.61189616,1.0,2018-08-20 15:00:00,1.0,0.00015982879,0.0,0.0,0.00015982879
295.3755,1.0,0.12538493,0.37802923,0.9968219,2018-08-20 16:00:00,1.0,0.0001060168,0.0,0.0,0.0001060168
296.79688,0.9512564,0.085264266,0.14778084,0.92255586,2018-08-20 17:00:00,0.0,1.7515456e-05,0.0,0.0,1.7515456e-05
297.81128,0.90389836,0.17022091,0.26337618,0.86059487,2018-08-20 18:00:00,1.0,2.4926907e-05,0.0,2.498395e-05,0.0
298.59912,0.9942508,0.23969334,0.44189864,0.9871681,2018-08-20 19:00:00,1.0,2.4419962e-05,0.0,2.0067193e-05,4.5434463e-06
298.19067,1.0,0.18452817,0.6380319,1.0,2018-08-20 20:00:00,1.0,0.0005027533,0.0,0.00043751742,6.4988155e-05
297.92627,0.9966217,0.2621014,0.73344123,0.9966217,2018-08-20 21:00:00,1.0,0.0020545875,0.0,0.0017182606,0.00033638394
296.57983,1.0,0.10007596,0.47837245,0.998375,2018-08-20 22:00:00,1.0,0.0009570662,0.0,0.0005689999,0.000387799
296.47412,1.0,0.052754216,0.14683902,1.0,2018-08-20 23:00:00,1.0,0.00018099441,0.0,0.0,0.00018099441
295.44165,1.0,0.07013559,0.1643163,1.0,2018-08-21 00:00:00,1.0,6.089972e-06,0.0,0.0,6.089972e-06
294.80005,0.998375,0.055381555,0.18688679,0.998375,2018-08-21 01:00:00,0.0,0.0,0.0,0.0,0.0
293.72876,0.9657221,0.01474914,0.09464389,0.9571013,2018-08-21 02:00:00,1.0,0.0,0.0,0.0,0.0
292.43896,0.6862758,0.01998901,0.051482562,0.6619793,2018-08-21 03:00:00,0.0,8.017848e-07,0.0,6.68154e-07,0.0
292.312,0.33891898,0.00053172023,0.023238327,0.31566352,2018-08-21 04:00:00,0.0,9.549569e-08,0.0,0.0,9.549569e-08
291.80786,0.13403451,0.0643518,0.07966852,0.023752768,2018-08-21 05:00:00,0.0,0.0,0.0,0.0,0.0
291.03857,0.24558115,0.20545304,0.057469655,0.0,2018-08-21 06:00:00,1.0,0.0,0.0,0.0,0.0
290.55518,0.20620507,0.20620507,0.0016249504,0.0,2018-08-21 07:00:00,0.0,8.767626e-07,0.0,0.0,8.767626e-07
290.2793,0.3621565,0.36162484,0.0057992525,0.0,2018-08-21 08:00:00,0.0,0.0,0.0,0.0,0.0
290.13477,0.597485,0.597485,0.006366875,0.0,2018-08-21 09:00:00,1.0,0.0,0.0,0.0,0.0
290.3318,0.8678704,0.83679444,0.14662904,0.0,2018-08-21 10:00:00,1.0,4.7683716e-07,0.0,2.9545845e-07,0.0
290.2727,0.91385895,0.8591308,0.25939816,0.034209482,2018-08-21 11:00:00,1.0,1.2587452e-06,0.0,9.914838e-07,2.6726156e-07
290.33887,0.92883265,0.9004385,0.24792796,0.0,2018-08-21 12:00:00,1.0,2.9174162e-06,0.0,2.3069488e-06,7.440987e-07
290.4673,0.98652846,0.9568689,0.38359123,0.69558305,2018-08-21 13:00:00,1.0,7.462545e-05,0.0,6.21434e-05,1.2549032e-05
290.66968,0.988393,0.8003354,0.702742,0.82902014,2018-08-21 14:00:00,1.0,0.00010687958,0.0,9.273918e-05,1.464608e-05
291.55566,0.9863476,0.39774525,0.8449822,0.95300484,2018-08-21 15:00:00,1.0,4.60788e-05,0.0,4.2111904e-05,4.500459e-06
292.12622,1.0,0.1836555,1.0,0.86846405,2018-08-21 16:00:00,0.0,1.9457993e-06,0.0,1.4875468e-06,1.9099144e-07
293.0276,0.9116719,0.108002365,0.8660389,0.4284014,2018-08-21 17:00:00,0.0,2.864872e-07,0.0,2.864872e-07,0.0
293.25317,0.91621757,0.0829466,0.90785325,0.18365723,2018-08-21 18:00:00,1.0,6.7323825e-05,0.0,6.714245e-05,0.0
293.53442,0.93976974,0.0015890491,0.93687433,0.033948075,2018-08-21 19:00:00,1.0,1.6234271e-06,0.0,1.2414439e-06,4.774787e-07
293.95508,0.6324374,0.019143537,0.6324374,0.0,2018-08-21 20:00:00,1.0,8.39401e-06,0.0,8.155592e-06,0.0
295.3518,0.37620527,0.05417056,0.3706841,0.0,2018-08-21 21:00:00,1.0,2.2300519e-05,0.0,2.2300519e-05,0.0
295.104,0.42049623,0.07222819,0.42049623,0.0,2018-08-21 22:00:00,1.0,5.0118062e-05,0.0,5.006102e-05,0.0
295.06885,0.38274628,0.037357923,0.38274628,0.0,2018-08-21 23:00:00,1.0,9.8886785e-06,0.0,9.8886785e-06,0.0
294.5608,0.26503044,0.017681722,0.26503044,0.0,2018-08-22 00:00:00,0.0,4.276185e-06,0.0,4.1425546e-06,0.0
293.38232,0.17681307,0.023938213,0.17008096,0.0,2018-08-22 01:00:00,0.0,0.0,0.0,0.0,0.0
291.62695,0.024410482,0.009939872,0.024410482,0.0,2018-08-22 02:00:00,0.0,0.0,0.0,0.0,0.0
289.07812,0.007457666,0.0,0.007457666,0.0,2018-08-22 03:00:00,0.0,0.0,0.0,0.0,0.0
288.70654,0.008384813,0.00053172023,0.008384813,0.0,2018-08-22 04:00:00,0.0,0.0,0.0,0.0,0.0
287.96655,0.0016249504,0.0,0.0016249504,0.0,2018-08-22 05:00:00,0.0,0.0,0.0,0.0,0.0
288.16284,0.02549468,0.0,0.02549468,0.0,2018-08-22 06:00:00,0.0,0.0,0.0,0.0,0.0
288.47046,0.009366799,0.0,0.00774185,0.0016249504,2018-08-22 07:00:00,0.0,0.0,0.0,0.0,0.0
288.0266,0.059966277,0.0,0.009478044,0.050512638,2018-08-22 08:00:00,0.0,0.0,0.0,0.0,0.0
286.92432,0.011548463,0.0,0.0033782488,0.008170214,2018-08-22 09:00:00,0.0,0.0,0.0,0.0,0.0
285.031,0.0,0.0,0.0,0.0,2018-08-22 10:00:00,0.0,0.0,0.0,0.0,0.0
285.0813,0.0,0.0,0.0,0.0,2018-08-22 11:00:00,0.0,0.0,0.0,0.0,0.0
285.34375,0.010009766,0.0,0.010009766,0.0,2018-08-22 12:00:00,0.0,0.0,0.0,0.0,0.0
287.05298,0.0,0.0,0.0,0.0,2018-08-22 13:00:00,0.0,0.0,0.0,0.0,0.0
290.04346,0.0,0.0,0.0,0.0,2018-08-22 14:00:00,0.0,0.0,0.0,0.0,0.0
294.8501,0.0,0.0,0.0,0.0,2018-08-22 15:00:00,0.0,0.0,0.0,0.0,0.0
296.98804,0.0,0.0,0.0,0.0,2018-08-22 16:00:00,0.0,0.0,0.0,0.0,0.0
298.56787,0.0,0.0,0.0,0.0,2018-08-22 17:00:00,0.0,0.0,0.0,0.0,0.0
299.2473,0.09003562,0.0021207693,0.087914884,0.0,2018-08-22 18:00:00,0.0,0.0,0.0,0.0,0.0
299.60522,0.51251453,0.0,0.51251453,0.0,2018-08-22 19:00:00,0.0,0.0,0.0,0.0,0.0
300.4126,0.5430029,0.0,0.5430029,0.0,2018-08-22 20:00:00,0.0,0.0,0.0,0.0,0.0
300.33765,0.61885285,0.0,0.61885285,0.0,2018-08-22 21:00:00,0.0,0.0,0.0,0.0,0.0
299.85645,0.0,0.0,0.0,0.0,2018-08-22 22:00:00,0.0,0.0,0.0,0.0,0.0
299.34937,0.002103883,0.0,0.002103883,0.0,2018-08-22 23:00:00,0.0,0.0,0.0,0.0,0.0
298.68604,0.0,0.0,0.0,0.0,2018-08-23 00:00:00,0.0,0.0,0.0,0.0,0.0
296.71826,0.0,0.0,0.0,0.0,2018-08-23 01:00:00,0.0,0.0,0.0,0.0,0.0
294.96533,0.0,0.0,0.0,0.0,2018-08-23 02:00:00,0.0,0.0,0.0,0.0,0.0
292.5896,0.0,0.0,0.0,0.0,2018-08-23 03:00:00,0.0,0.0,0.0,0.0,0.0
291.6975,0.0,0.0,0.0,0.0,2018-08-23 04:00:00,0.0,0.0,0.0,0.0,0.0
290.5647,0.0,0.0,0.0,0.0,2018-08-23 05:00:00,0.0,0.0,0.0,0.0,0.0
290.4558,0.0,0.0,0.0,0.0,2018-08-23 06:00:00,0.0,0.0,0.0,0.0,0.0
290.3357,0.0,0.0,0.0,0.0,2018-08-23 07:00:00,0.0,0.0,0.0,0.0,0.0
289.8308,0.0,0.0,0.0,0.0,2018-08-23 08:00:00,0.0,0.0,0.0,0.0,0.0
288.77563,0.0,0.0,0.0,0.0,2018-08-23 09:00:00,0.0,0.0,0.0,0.0,0.0
287.2898,0.0,0.0,0.0,0.0,2018-08-23 10:00:00,0.0,0.0,0.0,0.0,0.0
287.15088,0.0,0.0,0.0,0.0,2018-08-23 11:00:00,0.0,0.0,0.0,0.0,0.0
287.27026,0.0,0.0,0.0,0.0,2018-08-23 12:00:00,0.0,0.0,0.0,0.0,0.0
288.8623,0.0,0.0,0.0,0.0,2018-08-23 13:00:00,0.0,0.0,0.0,0.0,0.0
291.16943,0.0010573287,0.0,0.0,0.0010573287,2018-08-23 14:00:00,0.0,0.0,0.0,0.0,0.0
295.50098,0.0,0.0,0.0,0.0,2018-08-23 15:00:00,0.0,0.0,0.0,0.0,0.0
297.10376,0.010536302,0.008415531,0.010536302,0.0,2018-08-23 16:00:00,0.0,0.0,0.0,0.0,0.0
298.09375,0.14740145,0.060287036,0.09995276,0.0,2018-08-23 17:00:00,0.0,0.0,0.0,0.0,0.0
298.80615,0.9330613,0.87860423,0.50494134,0.0,2018-08-23 18:00:00,0.0,0.0,0.0,0.0,0.0
299.06592,0.8938232,0.81665725,0.56982064,0.075203836,2018-08-23 19:00:00,0.0,0.0,0.0,0.0,0.0
299.4983,0.95548356,0.7904705,0.78385544,0.53103566,2018-08-23 20:00:00,0.0,0.0,0.0,0.0,0.0
299.1714,0.97742814,0.5586163,0.6578971,0.9184686,2018-08-23 21:00:00,0.0,0.0,0.0,0.0,0.0
297.60376,0.9560342,0.4547559,0.51283985,0.8919257,2018-08-23 22:00:00,0.0,0.0,0.0,0.0,0.0
297.26416,0.874466,0.61691177,0.4778126,0.62704027,2018-08-23 23:00:00,1.0,0.0,0.0,1.3363075e-07,0.0
296.8899,0.72326976,0.51382565,0.43606734,0.14007306,2018-08-24 00:00:00,0.0,3.627573e-07,0.0,3.1500946e-07,0.0
296.48438,0.7284066,0.44526976,0.3947842,0.40099788,2018-08-24 01:00:00,0.0,3.8606973e-05,0.0,3.868356e-05,0.0
295.89062,0.91120446,0.64876765,0.27296525,0.7756749,2018-08-24 02:00:00,1.0,9.652747e-06,0.0,8.994853e-06,6.4860296e-07
295.16187,0.9731624,0.6603095,0.31223583,0.9514234,2018-08-24 03:00:00,1.0,2.4350054e-05,0.0,2.2605818e-05,1.6394451e-06
295.0891,0.92651474,0.29019797,0.4596535,0.86535937,2018-08-24 04:00:00,0.0,0.00020135324,0.0,0.00020129619,0.0
294.7351,0.52080494,0.10732579,0.34139186,0.3402478,2018-08-24 05:00:00,0.0,3.6716898e-05,0.0,3.6631012e-05,0.0
294.2268,0.401774,0.31363386,0.22786486,0.0,2018-08-24 06:00:00,1.0,0.00029132934,0.0,0.00028797355,3.0314868e-06
293.4734,0.55359447,0.5335642,0.2686299,0.0010573287,2018-08-24 07:00:00,1.0,0.0037881236,0.0,0.003490773,0.00029777014
293.31567,0.8961289,0.857729,0.794918,0.0,2018-08-24 08:00:00,1.0,0.0059710965,0.0,0.0054033846,0.0005678851
292.53076,0.98347604,0.8755317,0.94085217,0.0,2018-08-24 09:00:00,1.0,0.003891779,0.0,0.0036808176,0.00021048462
292.04932,1.0,1.0,0.7213899,0.10628176,2018-08-24 10:00:00,1.0,0.0025540548,0.0,0.0025222907,3.1801974e-05
291.96753,1.0,1.0,0.34727317,0.0,2018-08-24 11:00:00,1.0,0.0023233357,0.0,0.0021694307,0.00015366658
291.94775,1.0,1.0,0.5250857,0.3297062,2018-08-24 12:00:00,1.0,0.00027820212,0.0,0.00021557254,6.282046e-05
291.9956,1.0,1.0,0.6155414,0.67520624,2018-08-24 13:00:00,1.0,1.0683952e-06,0.0,0.0,1.0683952e-06
292.12207,1.0,1.0,0.5270984,0.52760404,2018-08-24 14:00:00,1.0,0.00010962653,0.0,0.00010484342,4.3915206e-06
292.51245,1.0,1.0,0.4925288,0.43491107,2018-08-24 15:00:00,1.0,0.00013617435,0.0,0.00013484735,1.8701803e-06
292.7295,1.0,1.0,0.36322594,0.5376381,2018-08-24 16:00:00,1.0,1.7163566e-06,0.0,8.674706e-07,5.3452317e-07
293.10474,1.0,1.0,0.27789623,0.56672525,2018-08-24 17:00:00,1.0,9.536743e-07,0.0,5.0503405e-07,2.6726156e-07
293.60303,1.0,1.0,0.111046076,0.5929086,2018-08-24 18:00:00,1.0,2.6983602e-05,0.0,1.1141944e-05,1.5936836e-05
293.7002,1.0,1.0,0.094693065,0.4476928,2018-08-24 19:00:00,1.0,0.0012131997,0.0,0.0009974239,0.00021588049
293.61475,0.98102045,0.96301997,0.23328769,0.64113057,2018-08-24 20:00:00,1.0,0.0021302197,0.0,0.0020003335,0.00012994318
292.85474,0.94522005,0.8143937,0.13081175,0.7763888,2018-08-24 21:00:00,1.0,0.0023111913,0.0,0.0021295387,0.00018170969
292.42334,0.98970145,0.925439,0.24362957,0.9066095,2018-08-24 22:00:00,1.0,0.002060808,0.0,0.0018651632,0.00019609327
292.25,0.9777552,0.747447,0.20130473,0.89728445,2018-08-24 23:00:00,1.0,0.0013657454,0.0,0.0012982525,6.725457e-05
292.3396,0.87667763,0.5746103,0.2222417,0.7503829,2018-08-25 00:00:00,1.0,0.0003745174,0.0,0.00023664277,0.00013765527
292.25684,0.6449413,0.60010886,0.07791233,0.07397294,2018-08-25 01:00:00,1.0,0.00014609161,0.0,7.5050657e-06,0.00013881536
291.90674,0.7476115,0.7442504,0.050352596,0.0,2018-08-25 02:00:00,1.0,4.97359e-05,0.0,1.6589956e-06,4.811505e-05
291.67188,0.9966217,0.9966217,0.0063561946,0.0,2018-08-25 03:00:00,1.0,1.8199236e-05,0.0,4.97988e-06,1.3372544e-05
291.95605,1.0,1.0,0.00998199,0.0,2018-08-25 04:00:00,1.0,9.169597e-05,0.0,2.3827073e-05,6.799259e-05
291.95337,0.98079795,0.98079795,0.0,0.0,2018-08-25 05:00:00,1.0,2.1324304e-05,0.0,9.09514e-06,1.2077281e-05
292.19214,0.95819443,0.95819443,0.0,0.0,2018-08-25 06:00:00,1.0,1.1074972e-06,0.0,4.297308e-07,8.972805e-07
292.0564,0.8012179,0.8012179,0.0,0.0,2018-08-25 07:00:00,1.0,2.6726156e-07,0.0,0.0,2.6726156e-07
292.02588,0.752597,0.752597,0.0,0.0,2018-08-25 08:00:00,1.0,0.0,0.0,0.0,0.0
291.92822,0.73459285,0.73459285,0.0,0.0,2018-08-25 09:00:00,1.0,0.0,0.0,0.0,0.0
291.65063,0.9756462,0.9756462,0.0,0.0,2018-08-25 10:00:00,1.0,0.0,0.0,0.0,0.0
291.65112,0.99001795,0.99001795,0.0,0.0,2018-08-25 11:00:00,1.0,0.0,0.0,0.0,3.813414e-07
291.61353,0.99348307,0.99348307,0.0,0.0,2018-08-25 12:00:00,1.0,3.071249e-06,0.0,5.0503405e-07,2.7475935e-06
291.58643,0.7789162,0.7789162,0.0,0.0,2018-08-25 13:00:00,1.0,5.0533912e-05,0.0,3.1142496e-05,1.9420258e-05
291.9436,0.9957922,0.9957922,0.0,0.0,2018-08-25 14:00:00,1.0,5.939181e-05,0.0,3.1047937e-05,2.8106413e-05
293.73096,1.0,1.0,0.0,0.0,2018-08-25 15:00:00,1.0,3.6588302e-05,0.0,2.384989e-05,1.23951995e-05
294.35693,0.99675006,0.99675006,0.0,0.0,2018-08-25 16:00:00,1.0,2.3932938e-05,0.0,2.2377775e-05,1.3542412e-06
295.09937,0.970356,0.970356,0.0,0.0,2018-08-25 17:00:00,1.0,2.1750617e-05,0.0,1.9501997e-05,2.3822513e-06
295.78516,0.74534535,0.74534535,0.0,0.0,2018-08-25 18:00:00,0.0,3.6064139e-06,0.0,3.5205303e-06,0.0
296.34717,0.059200175,0.059200175,0.0,0.0,2018-08-25 19:00:00,0.0,0.0,0.0,0.0,0.0
297.1753,0.0,0.0,0.0,0.0,2018-08-25 20:00:00,0.0,0.0,0.0,0.0,0.0
297.99683,0.0,0.0,0.0,0.0,2018-08-25 21:00:00,0.0,0.0,0.0,0.0,0.0
298.3672,0.0,0.0,0.0,0.0,2018-08-25 22:00:00,0.0,0.0,0.0,0.0,0.0
298.33276,0.0,0.0,0.0,0.0,2018-08-25 23:00:00,0.0,0.0,0.0,0.0,0.0
297.73193,0.0,0.0,0.0,0.0,2018-08-26 00:00:00,0.0,0.0,0.0,0.0,0.0
296.07568,0.07997388,0.0,0.0,0.07997388,2018-08-26 01:00:00,0.0,0.0,0.0,0.0,0.0
295.0515,0.24883288,0.0,0.0,0.24883288,2018-08-26 02:00:00,0.0,0.0,0.0,0.0,0.0
293.11646,0.0,0.0,0.0,0.0,2018-08-26 03:00:00,0.0,0.0,0.0,0.0,0.0
292.7124,0.0,0.0,0.0,0.0,2018-08-26 04:00:00,0.0,0.0,0.0,0.0,0.0
292.07593,0.30371618,0.0,0.0,0.30371618,2018-08-26 05:00:00,0.0,0.0,0.0,0.0,0.0
292.03052,0.9494197,0.0,0.0,0.9494197,2018-08-26 06:00:00,0.0,0.0,0.0,0.0,0.0
292.30664,0.94243586,0.0,0.016104378,0.94137853,2018-08-26 07:00:00,0.0,0.0,0.0,0.0,0.0
292.25854,0.9973536,0.014453504,0.20753062,0.9947011,2018-08-26 08:00:00,1.0,7.37642e-05,0.0,7.37642e-05,0.0
292.43604,0.98729837,0.0,0.17052323,0.9867727,2018-08-26 09:00:00,1.0,0.00084563973,0.0,0.0008446565,9.158646e-07
292.43018,0.97427946,0.41515738,0.08553761,0.94723827,2018-08-26 10:00:00,0.0,8.767626e-07,0.0,0.0,8.767626e-07
292.4453,0.98506755,0.7303671,0.22250092,0.94468164,2018-08-26 11:00:00,0.0,0.0,0.0,0.0,0.0
292.40112,0.8891424,0.5281123,0.26691502,0.80909705,2018-08-26 12:00:00,1.0,1.4034654e-05,0.0,0.0,1.4034654e-05
292.78052,0.41265672,0.055779856,0.21647352,0.29616576,2018-08-26 13:00:00,1.0,3.2948534e-05,0.0,0.0,3.3215794e-05
293.95557,0.6463321,0.0,0.16473061,0.5722347,2018-08-26 14:00:00,0.0,6.4860296e-07,0.0,0.0,8.5817857e-07
296.4419,0.8936109,0.00053172023,0.5192852,0.7969394,2018-08-26 15:00:00,0.0,0.0,0.0,0.0,0.0
297.396,0.94319826,0.040190224,0.64431345,0.88747483,2018-08-26 16:00:00,0.0,1.9099144e-07,0.0,0.0,9.549569e-08
298.34595,0.94505566,0.5450816,0.27923852,0.8893222,2018-08-26 17:00:00,0.0,0.0,0.0,0.0,0.0
299.42676,0.99348307,0.98387694,0.44088244,0.7418811,2018-08-26 18:00:00,0.0,0.0,0.0,0.0,0.0
299.63403,0.9932679,0.72474355,0.6889415,0.9565508,2018-08-26 19:00:00,1.0,0.0037286135,0.0,0.0035542299,0.0001744602
298.8684,1.0,0.0,0.96813095,0.998375,2018-08-26 20:00:00,1.0,0.00084537314,0.0,0.00080896355,3.62383e-05
299.22705,0.8567649,0.15563536,0.67867535,0.79418546,2018-08-26 21:00:00,1.0,1.2591351e-05,0.0,9.04649e-06,3.5448602e-06
300.35205,0.26231205,0.2167499,0.0026463778,0.05316207,2018-08-26 22:00:00,1.0,0.00013783656,0.0,9.7437805e-05,4.0656058e-05
300.37256,0.016224276,0.014109619,0.0,0.0021207693,2018-08-26 23:00:00,1.0,2.4560315e-05,0.0,3.6791325e-06,2.10148e-05
300.03027,0.01788513,0.0168278,0.0,0.0010573287,2018-08-27 00:00:00,0.0,1.7349412e-06,0.0,9.549569e-08,1.6394451e-06
299.00513,0.049754728,0.007107079,0.020428803,0.023790784,2018-08-27 01:00:00,0.0,0.0,0.0,0.0,0.0
298.54102,0.18468398,0.0,0.06934464,0.1367091,2018-08-27 02:00:00,0.0,2.864872e-07,0.0,0.0,2.864872e-07
297.79126,0.52795285,0.029772427,0.3735782,0.21183336,2018-08-27 03:00:00,0.0,0.0,0.0,0.0,0.0
297.72266,0.3882916,0.036337294,0.31089455,0.07935327,2018-08-27 04:00:00,0.0,0.0,0.0,0.0,0.0
297.34302,0.38099515,0.14472878,0.08783251,0.25103933,2018-08-27 05:00:00,1.0,0.0005213637,0.0,0.0005154647,5.7175366e-06
296.1228,0.980338,0.76162314,0.2685066,0.9153626,2018-08-27 06:00:00,1.0,0.0020127315,0.0,0.0018593611,0.00015322749
296.19702,0.9769257,0.45604515,0.33656663,0.9446989,2018-08-27 07:00:00,1.0,0.00046239863,0.0,0.00042340532,3.9374776e-05
296.4839,0.9757914,0.83337,0.10289478,0.8061973,2018-08-27 08:00:00,1.0,0.00023291986,0.0,0.00013774536,9.498383e-05
296.3474,0.75064677,0.5674401,0.16132998,0.3200057,2018-08-27 09:00:00,1.0,0.0010630533,0.0,0.0006741383,0.00038902904
296.4275,0.27539384,0.22238368,0.14948982,0.049574576,2018-08-27 10:00:00,1.0,0.00050662225,0.0,0.0004783785,2.818658e-05
296.61328,0.31076574,0.2944492,0.19912839,0.010491136,2018-08-27 11:00:00,1.0,0.00029627956,0.0,0.00022012233,7.588997e-05
296.70898,0.741438,0.69324774,0.47557122,0.0,2018-08-27 12:00:00,1.0,0.00027032848,0.0,0.00011377265,0.00015666071
297.1101,0.684578,0.684578,0.0537035,0.0,2018-08-27 13:00:00,1.0,3.03438e-05,0.0,0.0,3.0553376e-05
297.97388,0.13027048,0.13027048,0.0010573287,0.0,2018-08-27 14:00:00,1.0,1.1913194e-05,0.0,9.549569e-08,1.1608122e-05
299.22656,0.2280792,0.2280792,0.0,0.0,2018-08-27 15:00:00,0.0,1.1446655e-06,0.0,0.0,6.101426e-07
300.59692,0.578155,0.57653,0.0016249504,0.0032499009,2018-08-27 16:00:00,1.0,0.0,0.0,0.0,0.0
301.23242,1.0,1.0,0.0,0.119936585,2018-08-27 17:00:00,1.0,2.8417971e-06,0.0,2.55563e-06,0.0
301.22168,0.9978961,0.9978961,0.0,0.46869665,2018-08-27 18:00:00,0.0,3.331511e-05,0.0,3.3067394e-05,3.813414e-07
301.07715,0.9753762,0.9711408,0.13249487,0.10136968,2018-08-27 19:00:00,1.0,4.2448737e-05,0.0,7.283292e-06,3.5127e-05
301.06665,0.79799694,0.7244975,0.123220444,0.21231401,2018-08-27 20:00:00,1.0,7.562799e-05,0.0,7.49403e-05,9.549567e-07
301.32495,0.88385236,0.3264622,0.5675403,0.745531,2018-08-27 21:00:00,1.0,0.00014612384,0.0,0.00013239935,1.391549e-05
299.52612,1.0,0.09916729,0.18023884,0.998375,2018-08-27 22:00:00,1.0,0.00025361055,0.0,8.167916e-05,0.00017251307
298.08154,0.98652846,0.06571323,0.056656223,0.98652846,2018-08-27 23:00:00,1.0,0.0018339274,0.0,0.0017182431,0.000115798306
295.1433,0.9117078,0.46127337,0.25468093,0.7499769,2018-08-28 00:00:00,1.0,0.010764919,0.0,0.009785045,0.0009799153
293.92725,0.6446339,0.4218588,0.039808393,0.3193686,2018-08-28 01:00:00,1.0,0.007864937,0.0,0.005891267,0.0019734777
293.1443,0.32424396,0.25644386,0.12881136,0.009678118,2018-08-28 02:00:00,1.0,0.0011679078,0.0,0.0009715934,0.00019662952
292.4441,0.18900353,0.06806797,0.13836426,0.012352955,2018-08-28 03:00:00,0.0,1.086979e-06,0.0,0.0,1.086979e-06
292.27344,0.084814906,0.002103883,0.061983943,0.022838287,2018-08-28 04:00:00,0.0,0.0,0.0,0.0,0.0
292.3064,0.026565611,0.005003199,0.010009766,0.013202004,2018-08-28 05:00:00,0.0,0.0,0.0,0.0,0.0
292.4729,0.30077577,0.03052713,0.01609889,0.27920568,2018-08-28 06:00:00,1.0,0.0,0.0,0.0,0.0
292.6543,0.16923136,0.052288998,0.009378467,0.13131326,2018-08-28 07:00:00,0.0,4.946679e-05,0.0,4.9514536e-05,0.0
292.59814,0.18787223,0.12926412,0.009478044,0.060736164,2018-08-28 08:00:00,1.0,1.2108733e-05,0.0,1.1841472e-05,3.627573e-07
291.65332,0.18122846,0.13401014,0.00998199,0.03881196,2018-08-28 09:00:00,1.0,0.0,0.0,0.0,9.549569e-08
290.31177,1.0,1.0,0.6677979,0.303118,2018-08-28 10:00:00,1.0,2.6726156e-07,0.0,1.3363075e-07,0.0
290.30957,1.0,0.9902332,0.5496315,0.883828,2018-08-28 11:00:00,1.0,9.549569e-08,0.0,0.0,0.0
290.18604,1.0,0.94213915,0.8545634,1.0,2018-08-28 12:00:00,1.0,2.8898052e-05,0.0,2.7886694e-05,7.440987e-07
290.37036,1.0,0.45644593,0.22408783,1.0,2018-08-28 13:00:00,0.0,6.795619e-06,0.0,6.414278e-06,3.813414e-07
290.8994,1.0,1.0,0.9194163,1.0,2018-08-28 14:00:00,1.0,1.0181432e-05,0.0,1.0229181e-05,0.0
291.38623,1.0,1.0,0.6450268,0.9656108,2018-08-28 15:00:00,1.0,2.4218723e-05,0.0,2.3875516e-05,0.0
291.65747,1.0,1.0,0.5454039,0.901333,2018-08-28 16:00:00,0.0,0.00017950867,0.0,0.00017947119,0.0
292.21924,1.0,1.0,0.83590615,0.9815831,2018-08-28 17:00:00,1.0,5.1914438e-05,0.0,5.1971467e-05,0.0
292.42358,1.0,0.99675006,0.9645007,0.9873607,2018-08-28 18:00:00,1.0,0.00016992378,0.0,0.00017002856,0.0
292.917,1.0,1.0,0.723367,0.98626137,2018-08-28 19:00:00,1.0,0.00030141696,0.0,0.00012983328,0.00017146961
292.68457,1.0,0.9978792,0.4738316,0.971688,2018-08-28 20:00:00,0.0,0.00013434225,0.0,5.9543818e-05,7.464588e-05
292.52246,1.0,1.0,0.3104853,0.998375,2018-08-28 21:00:00,0.0,2.0544292e-05,0.0,1.23672635e-05,8.129288e-06
290.74414,1.0,1.0,0.3531456,1.0,2018-08-28 22:00:00,0.0,1.12684975e-05,0.0,1.3363075e-07,1.12684975e-05
291.00244,1.0,1.0,0.31170464,0.83818865,2018-08-28 23:00:00,0.0,2.2918975e-06,0.0,0.0,2.2918975e-06
290.93262,1.0,1.0,0.4762627,0.5089172,2018-08-29 00:00:00,0.0,0.0,0.0,0.0,0.0
290.7058,0.99946827,0.99841094,0.6020391,0.18907559,2018-08-29 01:00:00,1.0,5.3452317e-07,0.0,6.300189e-07,0.0
290.375,0.94425637,0.9248182,0.07292092,0.462489,2018-08-29 02:00:00,1.0,1.9073486e-06,0.0,1.3061726e-06,0.0
289.0193,1.0,0.7127518,0.173603,0.98675096,2018-08-29 03:00:00,0.0,7.626828e-07,0.0,9.72258e-07,0.0
288.57227,0.8499732,0.64139414,0.1620478,0.5182494,2018-08-29 04:00:00,0.0,0.0,0.0,0.0,0.0
287.9104,0.6993478,0.61348295,0.18609214,0.1758954,2018-08-29 05:00:00,0.0,0.0,0.0,0.0,0.0
287.45728,0.78558105,0.69633734,0.4065206,0.1941784,2018-08-29 06:00:00,0.0,0.0,0.0,0.0,0.0
287.1831,0.647274,0.3836329,0.57884353,0.0,2018-08-29 07:00:00,1.0,0.0,0.0,0.0,0.0
286.68945,0.5771044,0.14903224,0.5268377,0.0,2018-08-29 08:00:00,0.0,2.6726156e-07,0.0,0.0,2.6726156e-07
285.5315,0.45317578,0.18614215,0.4268617,0.0,2018-08-29 09:00:00,0.0,0.0,0.0,0.0,0.0
284.96753,0.2564388,0.21902174,0.12599391,0.0,2018-08-29 10:00:00,0.0,0.0,0.0,0.0,0.0
285.06714,0.08836579,0.08836579,0.0,0.0,2018-08-29 11:00:00,0.0,0.0,0.0,0.0,0.0
285.12598,0.2589864,0.2589864,0.0,0.0,2018-08-29 12:00:00,0.0,0.0,0.0,0.0,0.0
285.9773,0.23775256,0.23775256,0.0,0.0,2018-08-29 13:00:00,0.0,0.0,0.0,0.0,0.0
287.11572,0.20867819,0.20867819,0.0,0.0,2018-08-29 14:00:00,0.0,0.0,0.0,0.0,0.0
289.2251,0.5287626,0.5287626,0.0,0.0,2018-08-29 15:00:00,0.0,3.5282e-06,0.0,3.5282e-06,0.0
290.7439,0.9678804,0.9678804,0.0,0.0,2018-08-29 16:00:00,1.0,1.3527064e-05,0.0,1.3126172e-05,2.6726156e-07
291.72095,0.9474029,0.9474029,0.0,0.0,2018-08-29 17:00:00,0.0,9.994987e-06,0.0,9.947239e-06,0.0
292.2212,0.9952605,0.9952605,0.0,0.0,2018-08-29 18:00:00,1.0,2.269464e-06,0.0,2.1358328e-06,0.0
292.7378,0.9932679,0.9932679,0.0,0.0,2018-08-29 19:00:00,0.0,0.0,0.0,0.0,0.0
293.62744,0.99629015,0.99629015,0.0,0.0,2018-08-29 20:00:00,0.0,0.0,0.0,0.0,0.0
293.81006,0.95133215,0.9479612,0.0,0.16550463,2018-08-29 21:00:00,0.0,0.0,0.0,0.0,0.0
293.8037,0.5582075,0.3342474,0.026178867,0.41577208,2018-08-29 22:00:00,0.0,0.0,0.0,0.0,0.0
293.69336,0.53007364,0.3389752,0.034483157,0.35027474,2018-08-29 23:00:00,0.0,0.0,0.0,0.0,0.0
293.39697,0.040241152,0.01231616,0.034441896,0.0,2018-08-30 00:00:00,0.0,0.0,0.0,0.0,0.0
292.33276,0.007638801,0.00053172023,0.007107079,0.0,2018-08-30 01:00:00,0.0,0.0,0.0,0.0,0.0
291.05347,0.0,0.0,0.0,0.0,2018-08-30 02:00:00,0.0,0.0,0.0,0.0,0.0
288.60352,0.0037288337,0.0,0.0037288337,0.0,2018-08-30 03:00:00,0.0,0.0,0.0,0.0,0.0
287.91992,0.0037288337,0.0,0.0037288337,0.0,2018-08-30 04:00:00,0.0,0.0,0.0,0.0,0.0
286.97998,0.0016249504,0.0,0.0016249504,0.0,2018-08-30 05:00:00,0.0,0.0,0.0,0.0,0.0
286.61963,0.0,0.0,0.0,0.0,2018-08-30 06:00:00,0.0,0.0,0.0,0.0,0.0
286.26294,0.0032499009,0.0032499009,0.0,0.0,2018-08-30 07:00:00,0.0,0.0,0.0,0.0,0.0
286.03735,0.006060526,0.005003199,0.0010573287,0.0,2018-08-30 08:00:00,0.0,0.0,0.0,0.0,0.0
285.50024,0.03217906,0.0,0.03217906,0.0,2018-08-30 09:00:00,0.0,0.0,0.0,0.0,0.0
285.23438,0.082867384,0.0,0.082867384,0.0,2018-08-30 10:00:00,0.0,0.0,0.0,0.0,0.0
285.2622,0.1287964,0.0,0.1287964,0.0,2018-08-30 11:00:00,0.0,0.0,0.0,0.0,0.0
285.29175,0.18111926,0.0,0.18111926,0.0,2018-08-30 12:00:00,0.0,0.0,0.0,0.0,0.0
286.43457,0.13887793,0.0,0.13887793,0.0,2018-08-30 13:00:00,0.0,0.0,0.0,0.0,0.0
288.45996,0.04733475,0.0,0.04733475,0.0,2018-08-30 14:00:00,0.0,0.0,0.0,0.0,0.0
292.34863,0.046726223,0.0,0.046726223,0.0,2018-08-30 15:00:00,0.0,0.0,0.0,0.0,0.0
293.9607,0.024201963,0.0,0.024201963,0.0,2018-08-30 16:00:00,0.0,0.0,0.0,0.0,0.0
295.10278,0.11190009,0.11190009,0.00737416,0.0,2018-08-30 17:00:00,0.0,0.0,0.0,0.0,0.0
295.59326,0.100707114,0.100707114,0.0,0.0,2018-08-30 18:00:00,0.0,0.0,0.0,0.0,0.0
296.3147,0.0,0.0,0.0,0.0,2018-08-30 19:00:00,0.0,0.0,0.0,0.0,0.0
296.7671,0.011051133,0.011051133,0.0,0.0,2018-08-30 20:00:00,0.0,0.0,0.0,0.0,0.0
297.56836,0.03356358,0.03356358,0.0,0.0,2018-08-30 21:00:00,0.0,0.0,0.0,0.0,0.0
296.92114,0.13591367,0.012214005,0.031556547,0.095485985,2018-08-30 22:00:00,0.0,0.0,0.0,0.0,0.0
296.60034,0.44715095,0.3113643,0.01103932,0.18227798,2018-08-30 23:00:00,0.0,0.0,0.0,0.0,0.0
296.0652,0.627635,0.46202207,0.02698423,0.3370511,2018-08-31 00:00:00,0.0,0.0,0.0,0.0,0.0
295.44287,0.6987919,0.6264225,0.17352998,0.15865308,2018-08-31 01:00:00,0.0,0.0,0.0,0.0,0.0
295.35742,0.9966217,0.99164295,0.89829963,0.5277034,2018-08-31 02:00:00,0.0,4.1435032e-06,0.0,0.0,4.1435032e-06
294.6162,1.0,1.0,0.6404453,0.038864885,2018-08-31 03:00:00,1.0,1.6030477e-05,0.0,0.0,1.6393242e-05
294.30225,0.99235535,0.99182975,0.14813733,0.09773898,2018-08-31 04:00:00,1.0,0.00023587748,0.0,5.9465703e-05,0.00017627815
293.9026,1.0,1.0,0.005003199,0.0037098185,2018-08-31 05:00:00,1.0,0.00012503617,0.0,0.0,0.00012503617
293.5542,1.0,1.0,0.09100288,0.0,2018-08-31 06:00:00,1.0,0.000119151315,0.0,4.896932e-05,7.0363356e-05
293.88354,0.99576455,0.99576455,0.32291806,0.09035468,2018-08-31 07:00:00,1.0,9.5559735e-05,0.0,1.7256443e-06,9.3500494e-05
293.89526,0.9626977,0.9534367,0.32873386,0.19571716,2018-08-31 08:00:00,1.0,1.9655403e-05,0.0,1.1815127e-06,1.8664548e-05
294.3169,0.57238346,0.4689662,0.1806987,0.20287114,2018-08-31 09:00:00,1.0,5.1713636e-05,0.0,1.1635748e-06,5.032093e-05
294.08252,0.42824262,0.032407995,0.10529703,0.3674819,2018-08-31 10:00:00,1.0,0.0013328278,0.0,0.0010910365,0.00024152426
293.82715,0.86776143,0.19710386,0.18005234,0.8089584,2018-08-31 11:00:00,1.0,0.005598735,0.0,0.0047477596,0.0008508705
293.45532,0.7320532,0.08215773,0.10290599,0.7054788,2018-08-31 12:00:00,1.0,0.0061514266,0.0,0.0054253787,0.00072586467
293.47656,0.1347537,0.080239475,0.025476951,0.04141189,2018-08-31 13:00:00,1.0,0.0092978515,0.0,0.008494567,0.00080342754
293.6953,0.4915347,0.39598137,0.0029026829,0.11552197,2018-08-31 14:00:00,1.0,0.0074027665,0.0,0.006685853,0.0007162518
295.03174,0.8708478,0.7199156,0.0,0.35146636,2018-08-31 15:00:00,1.0,0.0045591146,0.0,0.0043565705,0.00020204783
295.05884,0.9634484,0.4334287,0.0,0.8346944,2018-08-31 16:00:00,1.0,0.00063114474,0.0,0.000545237,8.5907785e-05
295.83252,1.0,1.0,0.014902309,0.9246933,2018-08-31 17:00:00,0.0,1.3189939e-05,0.0,2.0054104e-06,1.1184528e-05
298.30835,0.9897259,0.97709054,0.017206121,0.5202179,2018-08-31 18:00:00,0.0,8.588201e-07,0.0,0.0,8.588201e-07
299.51904,0.9978792,0.9878445,0.12426686,0.8698677,2018-08-31 19:00:00,0.0,2.6726156e-07,0.0,0.0,2.6726156e-07
300.57568,1.0,1.0,0.65023583,0.98999023,2018-08-31 20:00:00,0.0,0.0,0.0,0.0,0.0
301.11426,1.0,0.995108,0.46508282,1.0,2018-08-31 21:00:00,0.0,8.742693e-06,0.0,8.71385e-06,0.0
300.56445,0.98626137,0.9075016,0.06322086,0.94343406,2018-08-31 22:00:00,0.0,3.8371572e-06,0.0,8.017848e-07,3.035373e-06
299.54395,0.92842317,0.76028836,0.15784079,0.7202827,2018-08-31 23:00:00,1.0,2.6726156e-07,0.0,0.0,2.6726156e-07
298.9431,0.8283511,0.34599847,0.19998401,0.6827722,2018-09-01 00:00:00,0.0,5.3452317e-07,0.0,0.0,5.3452317e-07
298.33423,0.8839923,0.10509235,0.49549568,0.78221184,2018-09-01 01:00:00,1.0,0.0,0.0,0.0,0.0
297.79004,0.7799661,0.1466794,0.07936013,0.7356338,2018-09-01 02:00:00,1.0,5.551581e-06,0.0,2.0044617e-06,3.4134882e-06
296.79785,0.98550606,0.39780957,0.18495595,0.9601173,2018-09-01 03:00:00,1.0,7.9123536e-05,0.0,3.7492006e-05,4.1393112e-05
296.90405,0.99841094,0.9793362,0.38604665,0.99258035,2018-09-01 04:00:00,1.0,0.00013697328,0.0,2.1049505e-05,0.0001159808
296.77686,1.0,0.6631498,0.13806367,1.0,2018-09-01 05:00:00,1.0,0.00015348176,0.0,6.2571926e-05,9.106235e-05
296.21753,0.90810204,0.13275212,0.0,0.9032101,2018-09-01 06:00:00,1.0,2.8889117e-05,0.0,2.172697e-05,7.0378082e-06
295.7229,0.8851543,0.3428371,0.0,0.8248565,2018-09-01 07:00:00,1.0,3.3065153e-05,0.0,1.4598601e-05,1.8466555e-05
295.48462,0.99675006,0.82695264,0.05304241,0.959347,2018-09-01 08:00:00,1.0,0.00028651068,0.0,8.597465e-05,0.00020074566
294.8545,0.9717205,0.8371025,0.0010573287,0.8435471,2018-09-01 09:00:00,1.0,0.00024821004,0.0,1.8708306e-06,0.00024607196
294.64062,0.9880009,0.53198844,0.17290425,0.9764434,2018-09-01 10:00:00,1.0,2.704961e-05,0.0,2.6726156e-07,2.6782349e-05
294.3401,0.915756,0.5356367,0.1858778,0.8800617,2018-09-01 11:00:00,1.0,0.00013908719,0.0,0.0,0.00013908719
294.26343,0.9831261,0.78036845,0.37726623,0.9609826,2018-09-01 12:00:00,1.0,9.422231e-05,0.0,5.9091695e-07,9.4012736e-05
294.7329,0.9716488,0.39330268,0.11021173,0.95971626,2018-09-01 13:00:00,1.0,1.6773833e-05,0.0,1.33802405e-05,3.393603e-06
295.34302,0.8758737,0.3444214,0.037869874,0.76979965,2018-09-01 14:00:00,1.0,7.0366514e-05,0.0,6.905137e-05,1.258104e-06
296.96338,0.75166917,0.50087047,0.0193916,0.48939908,2018-09-01 15:00:00,0.0,1.697248e-05,0.0,1.6762904e-05,0.0
297.88403,0.58368427,0.17689103,0.0026356035,0.521234,2018-09-01 16:00:00,0.0,1.4806264e-05,0.0,1.4233931e-05,0.0
299.2224,0.78159755,0.05039922,0.00894969,0.7792266,2018-09-01 17:00:00,0.0,5.8585492e-06,0.0,5.4583033e-06,4.7683716e-07
300.0232,0.6927783,0.00608078,0.0,0.6927783,2018-09-01 18:00:00,0.0,1.4510197e-06,0.0,1.4510197e-06,0.0
300.7185,0.5984248,0.030724183,0.025119688,0.58650136,2018-09-01 19:00:00,0.0,0.0,0.0,0.0,0.0
301.34302,0.4762832,0.057062417,0.15810627,0.35227907,2018-09-01 20:00:00,0.0,3.2071384e-06,0.0,3.0735082e-06,0.0
302.05908,0.29539645,0.021658622,0.17633343,0.14302301,2018-09-01 21:00:00,0.0,1.4862635e-06,0.0,1.5628539e-06,0.0
301.9756,0.6592176,0.0102240555,0.0558396,0.6247585,2018-09-01 22:00:00,0.0,6.101426e-07,0.0,6.960255e-07,0.0
301.83813,0.711142,0.0,0.0,0.711142,2018-09-01 23:00:00,0.0,0.0,0.0,0.0,0.0
300.8921,0.68945956,0.0,0.0,0.68945956,2018-09-02 00:00:00,0.0,0.0,0.0,0.0,0.0
299.1416,0.9772934,0.0015890491,0.0,0.9772934,2018-09-02 01:00:00,0.0,0.0,0.0,0.0,0.0
298.72534,0.9590412,0.004235424,0.0,0.9590412,2018-09-02 02:00:00,0.0,0.0,0.0,0.0,0.0
295.542,0.9558693,0.0021207693,0.0,0.9558693,2018-09-02 03:00:00,0.0,0.0,0.0,0.0,0.0
295.24,1.0,0.020278681,0.0,1.0,2018-09-02 04:00:00,0.0,0.0,0.0,0.0,0.0
294.8142,0.9966217,0.071843505,0.0,0.9966217,2018-09-02 05:00:00,0.0,0.0,0.0,0.0,0.0
294.39697,1.0,0.10495293,0.0,1.0,2018-09-02 06:00:00,0.0,0.0,0.0,0.0,0.0
294.4734,0.9949968,0.02630004,0.0,0.9949968,2018-09-02 07:00:00,0.0,0.0,0.0,0.0,0.0
294.00635,0.7422948,0.0,0.0,0.7422948,2018-09-02 08:00:00,0.0,0.0,0.0,0.0,0.0
293.70898,0.23566538,0.0021207693,0.0,0.23513365,2018-09-02 09:00:00,0.0,0.0,0.0,0.0,0.0
294.55005,0.9736999,0.0,0.033295915,0.9736999,2018-09-02 10:00:00,1.0,0.0,0.0,0.0,0.0
294.4502,1.0,0.032002084,0.04620852,1.0,2018-09-02 11:00:00,1.0,3.627573e-07,0.0,0.0,3.627573e-07
294.5818,0.9989426,0.1162135,0.24006248,0.9989426,2018-09-02 12:00:00,1.0,2.6726156e-07,0.0,0.0,2.6726156e-07
294.71045,1.0,0.2185449,0.34718245,1.0,2018-09-02 13:00:00,1.0,0.00015413367,0.0,0.0001524442,1.8708306e-06
294.40015,0.9848524,0.48608583,0.41401923,0.9486895,2018-09-02 14:00:00,1.0,0.00522393,0.0,0.004915729,0.000307668
294.27466,0.9763288,0.4638272,0.53491485,0.9412659,2018-09-02 15:00:00,1.0,0.0011063926,0.0,0.0008237972,0.0002827486
294.61914,0.9697927,0.6168066,0.30487174,0.928078,2018-09-02 16:00:00,1.0,0.0001764848,0.0,8.506076e-05,9.125193e-05
295.72046,0.9952605,0.5759518,0.045309503,0.9649645,2018-09-02 17:00:00,1.0,0.00018732388,0.0,9.3223585e-05,9.3957366e-05
296.33838,0.958126,0.6834399,0.04186282,0.9031682,2018-09-02 18:00:00,1.0,0.00031316793,0.0,0.00014256999,0.00017027375
296.70654,0.9534387,0.9436481,0.03615703,0.32949668,2018-09-02 19:00:00,1.0,8.741631e-05,0.0,5.8697304e-05,2.8891081e-05
297.896,0.9345033,0.8855956,0.0409655,0.44877994,2018-09-02 20:00:00,1.0,0.00014276638,0.0,4.0003724e-05,0.00010312539
298.9773,0.9768519,0.6586589,0.40395242,0.8754691,2018-09-02 21:00:00,1.0,0.00019573861,0.0,0.00015865974,3.6649784e-05
298.74634,0.8315981,0.2024864,0.15033168,0.78258836,2018-09-02 22:00:00,1.0,0.0007698061,0.0,0.0007101174,5.930729e-05
298.09326,0.9559513,0.12799019,0.018918693,0.9445607,2018-09-02 23:00:00,0.0,0.00035146275,0.0,0.00028911373,6.2320134e-05
297.8274,0.95376694,0.084395766,0.011348315,0.94591385,2018-09-03 00:00:00,0.0,9.914838e-07,0.0,0.0,9.914838e-07
296.16187,0.995108,0.06685543,0.0026463778,0.995108,2018-09-03 01:00:00,0.0,0.0,0.0,0.0,0.0
294.91284,0.94879204,0.056605555,0.0057968125,0.9466882,2018-09-03 02:00:00,0.0,0.0,0.0,0.0,0.0
293.34644,0.95440567,0.0026356035,0.00053172023,0.95440567,2018-09-03 03:00:00,0.0,0.0,0.0,0.0,0.0
292.9358,0.95917594,0.0026356035,0.0,0.95917594,2018-09-03 04:00:00,0.0,0.0,0.0,0.0,0.0
292.68604,0.99675006,0.0052650943,0.0,0.99675006,2018-09-03 05:00:00,0.0,0.0,0.0,0.0,0.0
292.3252,0.7935953,0.008476965,0.0,0.7935953,2018-09-03 06:00:00,0.0,0.0,0.0,0.0,0.0
291.88208,0.95698845,0.07800794,0.0,0.95698845,2018-09-03 07:00:00,0.0,0.0,0.0,0.0,0.0
291.7483,0.90213525,0.23563874,0.0,0.87428015,2018-09-03 08:00:00,0.0,0.0,0.0,0.0,0.0
291.30518,0.8966361,0.47802377,0.005003199,0.8116949,2018-09-03 09:00:00,0.0,0.0,0.0,0.0,0.0
291.6277,0.92977494,0.80161625,0.12291914,0.7052602,2018-09-03 10:00:00,1.0,1.3363078e-06,0.0,8.495326e-07,5.3452317e-07
291.75,0.98338985,0.79802173,0.25085592,0.8850048,2018-09-03 11:00:00,1.0,1.7273254e-05,0.0,1.7148923e-05,9.549569e-08
291.55664,0.92920357,0.65387756,0.41750944,0.7588532,2018-09-03 12:00:00,1.0,1.5039665e-05,0.0,1.3149943e-05,1.7560915e-06
291.7998,0.9850114,0.5808051,0.41074538,0.9417597,2018-09-03 13:00:00,0.0,8.9624855e-06,0.0,6.375757e-06,2.5578847e-06
292.86255,0.9966217,0.43310237,0.41125602,0.99337184,2018-09-03 14:00:00,0.0,2.2755426e-05,0.0,2.2698063e-05,1.9099144e-07
294.6355,1.0,0.52636695,0.6475514,0.99289286,2018-09-03 15:00:00,0.0,4.9049922e-05,0.0,4.9049922e-05,0.0
295.27197,0.9942508,0.43178678,0.616709,0.9905219,2018-09-03 16:00:00,0.0,1.2414439e-06,0.0,1.2891924e-06,0.0
296.4685,0.9955251,0.5491507,0.46964586,0.99342126,2018-09-03 17:00:00,0.0,5.3477606e-06,0.0,3.867577e-06,1.5279311e-06
297.35107,0.99946827,0.51718605,0.37805134,0.9989426,2018-09-03 18:00:00,0.0,3.642551e-05,0.0,1.74975e-05,1.8927996e-05
297.52002,1.0,0.5191758,0.25921726,0.99289286,2018-09-03 19:00:00,1.0,0.00019677397,0.0,0.00015522739,4.1384745e-05
298.0056,1.0,0.19177508,0.2544366,0.98999023,2018-09-03 20:00:00,1.0,0.0012573025,0.0,0.00107621,0.00018137826
298.0039,0.98663974,0.10993737,0.16714478,0.98663974,2018-09-03 21:00:00,1.0,0.0008158947,0.0,0.00045078644,0.0003648221
295.7976,1.0,0.30357552,0.7328352,0.99289286,2018-09-03 22:00:00,1.0,0.0017859051,0.0,0.001059331,0.00072653545
295.2024,0.998375,0.23047644,0.69927233,0.998375,2018-09-03 23:00:00,1.0,0.0009528834,0.0,0.0003143698,0.0006385613
295.1333,0.9899067,0.41354156,0.29609406,0.98780286,2018-09-04 00:00:00,1.0,0.00037843897,0.0,0.00012055348,0.00025750417
294.88428,0.998375,0.90491474,0.0606133,0.9647275,2018-09-04 01:00:00,1.0,6.369539e-05,0.0,6.4937103e-06,5.7201687e-05
294.53516,0.99675006,0.9083063,0.25750524,0.9649946,2018-09-04 02:00:00,1.0,4.1562853e-06,0.0,0.0,4.1562853e-06
294.30347,1.0,0.9630398,0.33664244,1.0,2018-09-04 03:00:00,0.0,9.728992e-07,0.0,0.0,9.728992e-07
294.31592,1.0,0.84041417,0.22044837,1.0,2018-09-04 04:00:00,1.0,5.1464684e-07,0.0,1.0478777e-07,3.050713e-07
294.0669,1.0,0.8065053,0.018416848,1.0,2018-09-04 05:00:00,0.0,0.0,0.0,0.0,0.0
294.02417,1.0,0.594298,0.027412593,1.0,2018-09-04 06:00:00,0.0,0.0,0.0,4.7747868e-08,0.0
293.89966,1.0,0.33757806,0.0067320913,1.0,2018-09-04 07:00:00,1.0,3.5653593e-06,0.0,2.8981767e-06,6.101426e-07
294.01074,0.9966217,0.2526731,0.15795374,0.9899067,2018-09-04 08:00:00,1.0,6.101426e-07,0.0,0.0,6.101426e-07
294.11377,1.0,0.08613396,0.9397449,1.0,2018-09-04 09:00:00,1.0,4.2319143e-06,0.0,0.0,4.2319143e-06
294.3955,1.0,1.0,0.84963584,0.98946124,2018-09-04 10:00:00,1.0,7.0141774e-05,0.0,3.7133956e-05,3.3017102e-05
294.33667,1.0,1.0,0.52665484,0.9750345,2018-09-04 11:00:00,1.0,0.00014639982,0.0,1.6912585e-05,0.00012949652
294.32324,1.0,1.0,0.9432319,1.0,2018-09-04 12:00:00,1.0,0.00021832337,0.0,0.0,0.00021832337
294.48096,1.0,1.0,0.91137123,0.9942508,2018-09-04 13:00:00,1.0,0.00020316911,0.0,0.0,0.0002030736
294.87915,1.0,1.0,0.7328853,0.98463917,2018-09-04 14:00:00,1.0,0.00062015676,0.0,0.0,0.0006200613
295.49512,1.0,1.0,0.7204978,0.998375,2018-09-04 15:00:00,1.0,0.0017075131,0.0,0.0,0.0017075131
295.68164,1.0,0.94628614,0.9334757,1.0,2018-09-04 16:00:00,1.0,0.0017607999,0.0,1.0690455e-06,0.0017598264
296.21802,1.0,0.63886696,0.99675006,1.0,2018-09-04 17:00:00,1.0,0.0008478991,0.0,2.7674514e-06,0.0008452458
296.48438,1.0,0.16741514,0.996786,1.0,2018-09-04 18:00:00,1.0,0.0006415143,0.0,2.8168637e-05,0.0006135842
296.67847,1.0,0.11224663,0.99258035,1.0,2018-09-04 19:00:00,1.0,0.0013227912,0.0,0.00029536965,0.0010274404
296.64795,1.0,0.0710507,0.993112,1.0,2018-09-04 20:00:00,1.0,0.0011830451,0.0,0.00019330638,0.0009899582
296.75073,1.0,0.020064697,0.9907972,1.0,2018-09-04 21:00:00,1.0,0.0012050525,0.0,0.00011260017,0.001092185
295.94775,1.0,0.013655908,1.0,1.0,2018-09-04 22:00:00,1.0,0.001431002,0.0,0.00022616195,0.0012047449
295.48706,1.0,0.0016249504,1.0,1.0,2018-09-04 23:00:00,1.0,0.0022053623,0.0,0.00012733846,0.0020779667
295.073,1.0,0.03175332,0.998375,1.0,2018-09-05 00:00:00,1.0,0.0037590829,0.0,0.00019482772,0.003564341
294.9375,1.0,0.05929054,1.0,1.0,2018-09-05 01:00:00,1.0,0.005254723,0.0,0.0005720849,0.004682705
294.7522,1.0,0.064823925,1.0,1.0,2018-09-05 02:00:00,1.0,0.007084258,0.0,0.00048773224,0.0065963157
294.26636,1.0,0.05297645,0.9918798,1.0,2018-09-05 03:00:00,1.0,0.008367978,0.0,0.0005393815,0.007829081
293.99194,1.0,0.051387403,0.98799515,1.0,2018-09-05 04:00:00,1.0,0.009864803,0.0,0.00021016599,0.009654969
293.44458,0.9949968,0.00998199,0.8493583,0.98554313,2018-09-05 05:00:00,1.0,0.011022415,0.0,0.00020232493,0.01081986
293.4685,1.0,0.0033782488,0.8682634,1.0,2018-09-05 06:00:00,1.0,0.0084284805,0.0,0.00034992257,0.008078411
293.75903,1.0,0.029977683,0.7563568,1.0,2018-09-05 07:00:00,1.0,0.0005182044,0.0,0.00027898257,0.00023928923
293.49756,1.0,0.21961117,0.5457095,1.0,2018-09-05 08:00:00,1.0,0.00051822816,0.0,0.00011709699,0.00040114042
292.92407,1.0,0.7803955,0.47866362,1.0,2018-09-05 09:00:00,1.0,0.000269874,0.0,0.000102222664,0.00016751791
291.80493,1.0,0.016866345,0.7151799,1.0,2018-09-05 10:00:00,1.0,4.803727e-05,0.0,3.320859e-05,1.5010047e-05
292.09253,1.0,0.031083006,0.9040947,1.0,2018-09-05 11:00:00,1.0,1.7375069e-06,0.0,9.549569e-08,1.432436e-06
291.97168,0.9839215,0.10091013,0.26152056,0.9822795,2018-09-05 12:00:00,1.0,4.9606274e-07,0.0,1.0478777e-07,1.9099144e-07
291.28613,0.99946827,0.10838169,0.40475708,0.99946827,2018-09-05 13:00:00,1.0,1.3933432e-06,0.0,4.867707e-07,8.017848e-07
291.00024,1.0,0.22001106,0.8763685,1.0,2018-09-05 14:00:00,1.0,6.575715e-06,0.0,3.3423504e-07,6.1937317e-06
291.2173,0.9978961,0.07617819,0.80679595,0.9955251,2018-09-05 15:00:00,0.0,3.2788903e-06,0.0,0.0,4.004405e-06
291.73145,0.9905219,0.010516357,0.71697325,0.97843266,2018-09-05 16:00:00,0.0,9.92125e-07,0.0,0.0,1.0107096e-06
292.4646,0.99214685,0.00053172023,0.44603908,0.99214685,2018-09-05 17:00:00,0.0,9.549569e-08,0.0,0.0,9.549569e-08
293.18555,0.9947263,0.0021207693,0.028750997,0.9947263,2018-09-05 18:00:00,0.0,0.0,0.0,0.0,0.0
294.01758,0.9776934,0.00053172023,0.0,0.9776934,2018-09-05 19:00:00,0.0,0.0,0.0,0.0,0.0
294.41553,0.9757592,0.0,0.0,0.9757592,2018-09-05 20:00:00,0.0,0.0,0.0,0.0,0.0
294.8994,0.96924233,0.0,0.0,0.96924233,2018-09-05 21:00:00,0.0,0.0,0.0,0.0,0.0
294.437,0.9835432,0.0,0.0,0.9835432,2018-09-05 22:00:00,0.0,0.0,0.0,0.0,0.0
294.24902,0.8243391,0.0,0.0,0.8243391,2018-09-05 23:00:00,0.0,0.0,0.0,0.0,0.0
293.34985,0.1428805,0.0,0.0,0.1428805,2018-09-06 00:00:00,0.0,0.0,0.0,0.0,0.0
291.61597,0.0,0.0,0.0,0.0,2018-09-06 01:00:00,0.0,0.0,0.0,0.0,0.0
290.47437,0.0,0.0,0.0,0.0,2018-09-06 02:00:00,0.0,0.0,0.0,0.0,0.0
288.31055,0.0,0.0,0.0,0.0,2018-09-06 03:00:00,0.0,0.0,0.0,0.0,0.0
287.87573,0.0,0.0,0.0,0.0,2018-09-06 04:00:00,0.0,0.0,0.0,0.0,0.0
286.95093,0.0,0.0,0.0,0.0,2018-09-06 05:00:00,0.0,0.0,0.0,0.0,0.0
286.72192,0.0016249504,0.0,0.0,0.0016249504,2018-09-06 06:00:00,0.0,0.0,0.0,0.0,0.0
286.57715,0.03939901,0.0,0.0,0.03939901,2018-09-06 07:00:00,0.0,0.0,0.0,0.0,0.0
285.85913,0.14257836,0.0,0.0,0.14257836,2018-09-06 08:00:00,0.0,0.0,0.0,0.0,0.0
285.0752,0.1506545,0.0,0.0,0.1506545,2018-09-06 09:00:00,0.0,0.0,0.0,0.0,0.0
283.66064,0.3110178,0.0,0.0,0.3110178,2018-09-06 10:00:00,0.0,0.0,0.0,0.0,0.0
283.48755,0.21440792,0.0,0.0,0.21440792,2018-09-06 11:00:00,0.0,0.0,0.0,0.0,0.0
283.6538,0.0,0.0,0.0,0.0,2018-09-06 12:00:00,0.0,0.0,0.0,0.0,0.0
284.77612,0.0,0.0,0.0,0.0,2018-09-06 13:00:00,0.0,0.0,0.0,0.0,0.0
286.80957,0.10070652,0.0,0.0,0.10070652,2018-09-06 14:00:00,0.0,0.0,0.0,0.0,0.0
290.72607,0.3163116,0.0,0.0,0.3163116,2018-09-06 15:00:00,0.0,0.0,0.0,0.0,0.0
292.05396,0.53459054,0.0,0.0,0.53459054,2018-09-06 16:00:00,0.0,0.0,0.0,0.0,0.0
293.0752,0.5249995,0.0,0.0,0.5249995,2018-09-06 17:00:00,0.0,0.0,0.0,0.0,0.0
293.81128,0.41756642,0.0,0.0,0.41756642,2018-09-06 18:00:00,0.0,0.0,0.0,0.0,0.0
294.60278,0.15835667,0.0,0.0,0.15835667,2018-09-06 19:00:00,0.0,0.0,0.0,0.0,0.0
295.32227,0.03352529,0.0,0.0,0.03352529,2018-09-06 20:00:00,0.0,0.0,0.0,0.0,0.0
295.87085,0.37153733,0.0,0.0,0.37153733,2018-09-06 21:00:00,0.0,0.0,0.0,0.0,0.0
295.16455,0.9458432,0.0,0.0,0.9458432,2018-09-06 22:00:00,0.0,0.0,0.0,0.0,0.0
294.9004,0.9533028,0.0,0.0,0.9533028,2018-09-06 23:00:00,0.0,0.0,0.0,0.0,0.0
294.0293,0.9279704,0.0,0.0,0.9279704,2018-09-07 00:00:00,0.0,0.0,0.0,0.0,0.0
291.8545,0.92125607,0.0,0.0,0.92125607,2018-09-07 01:00:00,0.0,0.0,0.0,0.0,0.0
290.44238,0.47829133,0.0,0.0,0.47829133,2018-09-07 02:00:00,0.0,0.0,0.0,0.0,0.0
288.02466,0.5763694,0.0,0.0,0.5763694,2018-09-07 03:00:00,0.0,0.0,0.0,0.0,0.0
287.82104,0.97267175,0.0,0.0,0.97267175,2018-09-07 04:00:00,0.0,0.0,0.0,0.0,0.0
287.00977,0.9789259,0.0,0.0,0.9789259,2018-09-07 05:00:00,0.0,0.0,0.0,0.0,0.0
286.83203,0.97445494,0.0,0.0,0.97445494,2018-09-07 06:00:00,0.0,0.0,0.0,0.0,0.0
286.90747,0.9620622,0.0,0.0,0.9620622,2018-09-07 07:00:00,0.0,0.0,0.0,0.0,0.0
287.03516,0.97426176,0.0,0.0032499009,0.97426176,2018-09-07 08:00:00,0.0,0.0,0.0,0.0,0.0
286.66772,0.9800109,0.0,0.0,0.9800109,2018-09-07 09:00:00,0.0,0.0,0.0,0.0,0.0
285.2859,0.9949968,0.0,0.0,0.9949968,2018-09-07 10:00:00,0.0,0.0,0.0,0.0,0.0
285.0835,1.0,0.0,0.0,1.0,2018-09-07 11:00:00,0.0,0.0,0.0,0.0,0.0
285.0996,0.9605231,0.0,0.0,0.9605231,2018-09-07 12:00:00,0.0,0.0,0.0,0.0,0.0
286.0542,0.9560794,0.0,0.0,0.9560794,2018-09-07 13:00:00,0.0,0.0,0.0,0.0,0.0
287.92432,0.83338755,0.0,0.0,0.83338755,2018-09-07 14:00:00,0.0,0.0,0.0,0.0,0.0
291.82715,0.7724126,0.0,0.005003199,0.76740944,2018-09-07 15:00:00,0.0,0.0,0.0,0.0,0.0
293.5774,0.8015838,0.0,0.004741922,0.8015838,2018-09-07 16:00:00,0.0,0.0,0.0,0.0,0.0
294.94727,0.75804836,0.0,0.0,0.75804836,2018-09-07 17:00:00,0.0,0.0,0.0,0.0,0.0
295.625,0.38230574,0.0,0.0,0.38230574,2018-09-07 18:00:00,0.0,0.0,0.0,0.0,0.0
296.10278,0.26675957,0.0,0.0033782488,0.26338136,2018-09-07 19:00:00,0.0,0.0,0.0,0.0,0.0
296.52563,0.45050323,0.0,0.005003199,0.45050323,2018-09-07 20:00:00,0.0,0.0,0.0,0.0,0.0
296.75928,0.5542137,0.0,0.0,0.5542137,2018-09-07 21:00:00,0.0,0.0,0.0,0.0,0.0
296.28955,0.017851971,0.0,0.015731204,0.0021207693,2018-09-07 22:00:00,0.0,0.0,0.0,0.0,0.0
295.99463,0.026216317,0.0,0.024627268,0.0015890491,2018-09-07 23:00:00,0.0,0.0,0.0,0.0,0.0
295.14136,0.048334792,0.0,0.041446872,0.0068879165,2018-09-08 00:00:00,0.0,0.0,0.0,0.0,0.0
293.51196,0.044159096,0.0,0.040974885,0.0031780982,2018-09-08 01:00:00,0.0,0.0,0.0,0.0,0.0
292.1162,0.025209248,0.0,0.025209248,0.0,2018-09-08 02:00:00,0.0,0.0,0.0,0.0,0.0
289.99585,0.010724671,0.0,0.010724671,0.0,2018-09-08 03:00:00,0.0,0.0,0.0,0.0,0.0
289.69995,0.0,0.0,0.0,0.0,2018-09-08 04:00:00,0.0,0.0,0.0,0.0,0.0
288.6482,0.027206495,0.0,0.025085729,0.0021207693,2018-09-08 05:00:00,0.0,0.0,0.0,0.0,0.0
288.26807,0.022838067,0.0,0.020717297,0.0021207693,2018-09-08 06:00:00,0.0,0.0,0.0,0.0,0.0
287.9673,0.03787352,0.0,0.03681619,0.0010573287,2018-09-08 07:00:00,0.0,0.0,0.0,0.0,0.0
287.3518,0.010477811,0.0,0.008357041,0.0021207693,2018-09-08 08:00:00,0.0,0.0,0.0,0.0,0.0
286.67627,0.01643502,0.0,0.0032499009,0.013185117,2018-09-08 09:00:00,0.0,0.0,0.0,0.0,0.0
285.635,0.0015890491,0.0,0.0,0.0015890491,2018-09-08 10:00:00,0.0,0.0,0.0,0.0,0.0
286.44727,0.00053172023,0.0,0.0,0.00053172023,2018-09-08 11:00:00,0.0,0.0,0.0,0.0,0.0
286.4292,0.00053172023,0.0,0.0,0.00053172023,2018-09-08 12:00:00,0.0,0.0,0.0,0.0,0.0
287.68164,0.0067320913,0.0,0.0067320913,0.0,2018-09-08 13:00:00,0.0,0.0,0.0,0.0,0.0
288.54785,0.0,0.0,0.0,0.0,2018-09-08 14:00:00,0.0,0.0,0.0,0.0,0.0
291.64795,0.0,0.0,0.0,0.0,2018-09-08 15:00:00,0.0,0.0,0.0,0.0,0.0
293.0188,0.0,0.0,0.0,0.0,2018-09-08 16:00:00,0.0,0.0,0.0,0.0,0.0
294.23804,0.0,0.0,0.0,0.0,2018-09-08 17:00:00,0.0,0.0,0.0,0.0,0.0
294.89795,0.0,0.0,0.0,0.0,2018-09-08 18:00:00,0.0,0.0,0.0,0.0,0.0
295.385,0.0,0.0,0.0,0.0,2018-09-08 19:00:00,0.0,0.0,0.0,0.0,0.0
295.71948,0.0,0.0,0.0,0.0,2018-09-08 20:00:00,0.0,0.0,0.0,0.0,0.0
296.10352,0.0,0.0,0.0,0.0,2018-09-08 21:00:00,0.0,0.0,0.0,0.0,0.0
295.1753,0.0,0.0,0.0,0.0,2018-09-08 22:00:00,0.0,0.0,0.0,0.0,0.0
294.5852,0.0,0.0,0.0,0.0,2018-09-08 23:00:00,0.0,0.0,0.0,0.0,0.0
293.35205,0.0,0.0,0.0,0.0,2018-09-09 00:00:00,0.0,0.0,0.0,0.0,0.0
291.72485,0.0,0.0,0.0,0.0,2018-09-09 01:00:00,0.0,0.0,0.0,0.0,0.0
290.7771,0.0,0.0,0.0,0.0,2018-09-09 02:00:00,0.0,0.0,0.0,0.0,0.0
288.99023,0.0,0.0,0.0,0.0,2018-09-09 03:00:00,0.0,0.0,0.0,0.0,0.0
288.4646,0.0,0.0,0.0,0.0,2018-09-09 04:00:00,0.0,0.0,0.0,0.0,0.0
288.06274,0.0,0.0,0.0,0.0,2018-09-09 05:00:00,0.0,0.0,0.0,0.0,0.0
287.84033,0.0,0.0,0.0,0.0,2018-09-09 06:00:00,0.0,0.0,0.0,0.0,0.0
287.552,0.0,0.0,0.0,0.0,2018-09-09 07:00:00,0.0,0.0,0.0,0.0,0.0
287.10303,0.0,0.0,0.0,0.0,2018-09-09 08:00:00,0.0,0.0,0.0,0.0,0.0
286.5559,0.0,0.0,0.0,0.0,2018-09-09 09:00:00,0.0,0.0,0.0,0.0,0.0
285.07178,0.0,0.0,0.0,0.0,2018-09-09 10:00:00,0.0,0.0,0.0,0.0,0.0
284.875,0.0032499009,0.0,0.0,0.0032499009,2018-09-09 11:00:00,0.0,0.0,0.0,0.0,0.0
284.5725,0.12635303,0.0,0.0,0.12635303,2018-09-09 12:00:00,0.0,0.0,0.0,0.0,0.0
285.4463,0.41775662,0.0,0.0,0.41775662,2018-09-09 13:00:00,0.0,0.0,0.0,0.0,0.0
286.90405,0.71494937,0.0,0.0,0.71494937,2018-09-09 14:00:00,0.0,0.0,0.0,0.0,0.0
290.3672,0.80916375,0.0537602,0.0,0.8042889,2018-09-09 15:00:00,0.0,0.0,0.0,0.0,0.0
291.9441,0.8981231,0.23364168,0.0,0.88661027,2018-09-09 16:00:00,0.0,0.0,0.0,0.0,0.0
293.4392,0.95833004,0.52514964,0.0,0.9222484,2018-09-09 17:00:00,0.0,0.0,0.0,0.0,0.0
294.2019,0.92168045,0.51160544,0.0,0.8825899,2018-09-09 18:00:00,0.0,0.0,0.0,0.0,0.0
294.49194,0.8928821,0.25395566,0.0,0.8572502,2018-09-09 19:00:00,0.0,0.0,0.0,0.0,0.0
294.98975,0.9831553,0.2518034,0.0,0.9765658,2018-09-09 20:00:00,0.0,0.0,0.0,0.0,0.0
295.26733,0.99116397,0.1691395,0.0,0.98780286,2018-09-09 21:00:00,0.0,0.0,0.0,0.0,0.0
294.56226,0.9884012,0.0037098185,0.0,0.98786944,2018-09-09 22:00:00,0.0,0.0,0.0,0.0,0.0
294.17334,0.9764852,0.008415531,0.0,0.9743813,2018-09-09 23:00:00,0.0,0.0,0.0,0.0,0.0
293.16675,0.9557047,0.0,0.0,0.9557047,2018-09-10 00:00:00,0.0,0.0,0.0,0.0,0.0
291.7417,0.96261746,0.0,0.0,0.96261746,2018-09-10 01:00:00,0.0,0.0,0.0,0.0,0.0
290.8308,0.9283906,0.0,0.0,0.9283906,2018-09-10 02:00:00,0.0,0.0,0.0,0.0,0.0
288.8025,0.43716282,0.0,0.0,0.43716282,2018-09-10 03:00:00,0.0,0.0,0.0,0.0,0.0
287.98193,0.03094472,0.0,0.0,0.03094472,2018-09-10 04:00:00,0.0,0.0,0.0,0.0,0.0
287.59155,0.0,0.0,0.0,0.0,2018-09-10 05:00:00,0.0,0.0,0.0,0.0,0.0
287.11548,0.0,0.0,0.0,0.0,2018-09-10 06:00:00,0.0,0.0,0.0,0.0,0.0
286.9182,0.0,0.0,0.0,0.0,2018-09-10 07:00:00,0.0,0.0,0.0,0.0,0.0
286.5454,0.0,0.0,0.0,0.0,2018-09-10 08:00:00,0.0,0.0,0.0,0.0,0.0
285.896,0.15199995,0.0,0.0,0.15199995,2018-09-10 09:00:00,0.0,0.0,0.0,0.0,0.0
284.76196,0.41262555,0.0,0.0,0.41262555,2018-09-10 10:00:00,0.0,0.0,0.0,0.0,0.0
284.56396,0.027518421,0.0,0.0,0.027518421,2018-09-10 11:00:00,0.0,0.0,0.0,0.0,0.0
284.4392,0.30465806,0.0,0.0,0.30465806,2018-09-10 12:00:00,0.0,0.0,0.0,0.0,0.0
285.45923,0.06864309,0.0,0.0,0.06864309,2018-09-10 13:00:00,0.0,0.0,0.0,0.0,0.0
287.25757,0.0032499009,0.0,0.0032499009,0.0,2018-09-10 14:00:00,0.0,0.0,0.0,0.0,0.0
291.9214,0.00998199,0.0016249504,0.00998199,0.0,2018-09-10 15:00:00,0.0,0.0,0.0,0.0,0.0
293.698,0.014985189,0.005003199,0.00998199,0.0,2018-09-10 16:00:00,0.0,0.0,0.0,0.0,0.0
295.27295,0.005003199,0.0,0.005003199,0.0,2018-09-10 17:00:00,0.0,0.0,0.0,0.0,0.0
296.3977,0.0016249504,0.0016249504,0.0,0.0,2018-09-10 18:00:00,0.0,0.0,0.0,0.0,0.0
297.47852,0.0021566707,0.0021566707,0.0,0.0,2018-09-10 19:00:00,0.0,0.0,0.0,0.0,0.0
297.9746,0.11339283,0.11339283,0.0048919544,0.0,2018-09-10 20:00:00,1.0,0.0,0.0,0.0,0.0
298.68213,0.48699182,0.48699182,0.0082530975,0.0,2018-09-10 21:00:00,0.0,0.0,0.0,0.0,0.0
298.38867,0.32083338,0.30089778,0.051967785,0.018661272,2018-09-10 22:00:00,0.0,0.0,0.0,0.0,0.0
298.1765,0.49411696,0.38167763,0.11803758,0.17108941,2018-09-10 23:00:00,0.0,0.0,0.0,0.0,0.0
297.25366,0.46295762,0.32405102,0.22969556,0.20830798,2018-09-11 00:00:00,0.0,0.0,0.0,0.0,0.0
295.9441,0.6859436,0.34425688,0.2495879,0.5069386,2018-09-11 01:00:00,0.0,0.0,0.0,0.0,0.0
294.75513,0.5474192,0.37894142,0.26552504,0.26409167,2018-09-11 02:00:00,0.0,0.0,0.0,0.0,0.0
293.1416,0.27404356,0.16595,0.053154185,0.1189903,2018-09-11 03:00:00,0.0,0.0,0.0,0.0,0.0
292.59863,0.19461375,0.15783262,0.03530585,0.030666973,2018-09-11 04:00:00,0.0,0.0,0.0,0.0,0.0
291.98926,0.20788693,0.19730246,0.03257211,0.010574639,2018-09-11 05:00:00,0.0,0.0,0.0,0.0,0.0
291.7478,0.22430295,0.221932,0.02905513,0.0023709626,2018-09-11 06:00:00,0.0,0.0,0.0,0.0,0.0
291.625,0.21644658,0.20986784,0.0102240555,0.0065787286,2018-09-11 07:00:00,0.0,0.0,0.0,0.0,0.0
291.47778,0.19918162,0.19709486,0.007107079,0.0,2018-09-11 08:00:00,0.0,0.0,0.0,0.0,0.0
290.8872,0.083249986,0.083249986,0.0,0.0,2018-09-11 09:00:00,0.0,0.0,0.0,0.0,0.0
289.63745,0.050549686,0.04790331,0.0026463778,0.0,2018-09-11 10:00:00,0.0,0.0,0.0,0.0,0.0
289.5161,0.059256338,0.05660996,0.007388301,0.0,2018-09-11 11:00:00,0.0,0.0,0.0,0.0,0.0
289.31958,0.034523938,0.023460776,0.01107046,0.0,2018-09-11 12:00:00,0.0,0.0,0.0,0.0,0.0
290.2544,0.007638801,0.007107079,0.00053172023,0.0,2018-09-11 13:00:00,0.0,0.0,0.0,0.0,0.0
292.25732,0.0,0.0,0.0,0.0,2018-09-11 14:00:00,0.0,0.0,0.0,0.0,0.0
296.10742,0.0,0.0,0.0,0.0,2018-09-11 15:00:00,0.0,0.0,0.0,0.0,0.0
297.31543,0.0,0.0,0.0,0.0,2018-09-11 16:00:00,0.0,0.0,0.0,0.0,0.0
298.86963,0.0,0.0,0.0,0.0,2018-09-11 17:00:00,0.0,0.0,0.0,0.0,0.0
299.7849,0.0015890491,0.0015890491,0.0,0.0,2018-09-11 18:00:00,0.0,0.0,0.0,0.0,0.0
300.40894,0.0044917315,0.0044917315,0.0,0.0,2018-09-11 19:00:00,0.0,0.0,0.0,0.0,0.0
300.68848,0.018069632,0.018069632,0.0,0.0,2018-09-11 20:00:00,0.0,0.0,0.0,0.0,0.0
301.12427,0.2932555,0.015965749,0.0,0.27728975,2018-09-11 21:00:00,0.0,0.0,0.0,0.0,0.0
300.29443,0.7091684,0.037871197,0.0,0.6970382,2018-09-11 22:00:00,0.0,0.0,0.0,0.0,0.0
299.7937,0.9123749,0.0,0.0,0.9123749,2018-09-11 23:00:00,0.0,0.0,0.0,0.0,0.0
298.93384,0.9244924,0.028409727,0.0,0.9244924,2018-09-12 00:00:00,0.0,0.0,0.0,0.0,0.0
298.1089,0.89877975,0.0,0.0,0.89877975,2018-09-12 01:00:00,0.0,0.0,0.0,0.0,0.0
297.13428,0.433371,0.0,0.0,0.433371,2018-09-12 02:00:00,0.0,0.0,0.0,0.0,0.0
295.9126,0.093467355,0.0,0.0,0.093467355,2018-09-12 03:00:00,0.0,0.0,0.0,0.0,0.0
295.52954,0.0010573287,0.0,0.0,0.0010573287,2018-09-12 04:00:00,0.0,0.0,0.0,0.0,0.0
294.77612,0.0,0.0,0.0,0.0,2018-09-12 05:00:00,0.0,0.0,0.0,0.0,0.0
294.6748,0.0,0.0,0.0,0.0,2018-09-12 06:00:00,0.0,0.0,0.0,0.0,0.0
294.70435,0.0,0.0,0.0,0.0,2018-09-12 07:00:00,0.0,0.0,0.0,0.0,0.0
294.39575,0.0065169036,0.0,0.0032499009,0.0032499009,2018-09-12 08:00:00,0.0,0.0,0.0,0.0,0.0
294.0354,0.16667289,0.0065169036,0.0032499009,0.1617809,2018-09-12 09:00:00,0.0,0.0,0.0,0.0,0.0
292.25122,0.6882899,0.44769305,0.008384813,0.30413413,2018-09-12 10:00:00,0.0,0.0,0.0,0.0,0.0
292.2959,0.37817335,0.34235424,0.004474845,0.045658734,2018-09-12 11:00:00,0.0,0.0,0.0,0.0,0.0
291.99414,0.18753123,0.15748131,0.010618877,0.023142714,2018-09-12 12:00:00,0.0,0.0,0.0,0.0,0.0
292.52832,0.4726408,0.06759423,0.12122768,0.41799557,2018-09-12 13:00:00,0.0,0.0,0.0,0.0,0.0
293.68945,0.5471698,0.022092272,0.23812109,0.43700266,2018-09-12 14:00:00,0.0,0.0,0.0,0.0,0.0
296.2036,0.509203,0.005003199,0.23193467,0.40716708,2018-09-12 15:00:00,0.0,0.0,0.0,0.0,0.0
297.54272,0.30725318,0.0,0.017671987,0.30330044,2018-09-12 16:00:00,0.0,0.0,0.0,0.0,0.0
299.37378,0.48780006,0.0,0.014000803,0.48726833,2018-09-12 17:00:00,0.0,0.0,0.0,0.0,0.0
300.34985,0.7422292,0.0,0.0,0.7422292,2018-09-12 18:00:00,0.0,0.0,0.0,0.0,0.0
300.93408,0.76882267,0.0,0.0,0.76882267,2018-09-12 19:00:00,0.0,0.0,0.0,0.0,0.0
301.60547,0.65310687,0.05473246,0.0,0.623844,2018-09-12 20:00:00,0.0,0.0,0.0,0.0,0.0
301.80713,0.25166345,0.006280929,0.0,0.2511317,2018-09-12 21:00:00,0.0,0.0,0.0,0.0,0.0
300.91162,0.019326892,0.012995917,0.0,0.0063309744,2018-09-12 22:00:00,0.0,0.0,0.0,0.0,0.0
300.48975,0.033962157,0.033962157,0.0,0.0,2018-09-12 23:00:00,0.0,0.0,0.0,0.0,0.0
299.50537,0.020476494,0.020476494,0.0,0.0,2018-09-13 00:00:00,0.0,0.0,0.0,0.0,0.0
297.53516,0.0,0.0,0.0,0.0,2018-09-13 01:00:00,0.0,0.0,0.0,0.0,0.0
296.55542,0.0,0.0,0.0,0.0,2018-09-13 02:00:00,0.0,0.0,0.0,0.0,0.0
294.47778,0.0,0.0,0.0,0.0,2018-09-13 03:00:00,0.0,0.0,0.0,0.0,0.0
293.97534,0.0,0.0,0.0,0.0,2018-09-13 04:00:00,0.0,0.0,0.0,0.0,0.0
293.36694,0.0,0.0,0.0,0.0,2018-09-13 05:00:00,0.0,0.0,0.0,0.0,0.0
292.70435,0.0,0.0,0.0,0.0,2018-09-13 06:00:00,0.0,0.0,0.0,0.0,0.0
292.85083,0.0,0.0,0.0,0.0,2018-09-13 07:00:00,0.0,0.0,0.0,0.0,0.0
291.98364,0.0,0.0,0.0,0.0,2018-09-13 08:00:00,0.0,0.0,0.0,0.0,0.0
291.5647,0.0,0.0,0.0,0.0,2018-09-13 09:00:00,0.0,0.0,0.0,0.0,0.0
290.5359,0.0,0.0,0.0,0.0,2018-09-13 10:00:00,0.0,0.0,0.0,0.0,0.0
290.42798,0.0,0.0,0.0,0.0,2018-09-13 11:00:00,0.0,0.0,0.0,0.0,0.0
290.32788,0.00956155,0.00956155,0.0,0.0,2018-09-13 12:00:00,0.0,0.0,0.0,0.0,0.0
291.1194,0.07488805,0.07488805,0.0,0.0,2018-09-13 13:00:00,0.0,0.0,0.0,0.0,0.0
292.83643,0.28353107,0.28353107,0.0,0.0,2018-09-13 14:00:00,0.0,0.0,0.0,0.0,0.0
296.2068,0.4811268,0.4811268,0.0,0.0,2018-09-13 15:00:00,0.0,0.0,0.0,0.0,0.0
297.36572,0.797442,0.797442,0.0,0.0,2018-09-13 16:00:00,0.0,0.0,0.0,0.0,0.0
299.35645,0.79497564,0.79497564,0.0,0.0,2018-09-13 17:00:00,0.0,5.3452313e-06,0.0,5.2116e-06,0.0
299.93506,0.94605917,0.94605917,0.0,0.0,2018-09-13 18:00:00,1.0,3.3474003e-05,0.0,3.3474003e-05,0.0
300.16187,0.86319023,0.86319023,0.0,0.0,2018-09-13 19:00:00,0.0,1.9823265e-06,0.0,2.0589168e-06,0.0
300.30005,0.90609366,0.90609366,0.0,0.0,2018-09-13 20:00:00,0.0,0.0,0.0,0.0,0.0
301.01904,0.7791529,0.7791529,0.0,0.0,2018-09-13 21:00:00,0.0,1.9099144e-07,0.0,1.0478777e-07,0.0
300.87988,0.7798077,0.7798077,0.0,0.0,2018-09-13 22:00:00,0.0,7.626828e-07,0.0,7.431318e-07,0.0
300.4358,0.57265586,0.57265586,0.0,0.0,2018-09-13 23:00:00,0.0,0.0,0.0,0.0,0.0
299.56177,0.3720321,0.3720321,0.0016249504,0.0,2018-09-14 00:00:00,0.0,0.0,0.0,0.0,0.0
298.49805,0.34061337,0.32951033,0.047224365,0.0,2018-09-14 01:00:00,0.0,0.0,0.0,0.0,0.0
297.72632,0.2922263,0.2922263,0.009478044,0.0,2018-09-14 02:00:00,0.0,0.0,0.0,0.0,0.0
296.3059,0.23825681,0.23825681,0.010009766,0.0,2018-09-14 03:00:00,1.0,7.440987e-07,0.0,0.0,7.440987e-07
296.07056,0.29110014,0.29110014,0.013259664,0.0,2018-09-14 04:00:00,1.0,4.3088257e-06,0.0,0.0,4.3088257e-06
295.89746,0.29191667,0.29191667,0.014456838,0.0,2018-09-14 05:00:00,1.0,5.5329874e-06,0.0,0.0,5.5329874e-06
295.32397,0.40150052,0.39987558,0.026570488,0.0,2018-09-14 06:00:00,1.0,1.0874985e-05,0.0,0.0,1.0398147e-05
295.18335,0.49036527,0.4882614,0.04602778,0.0,2018-09-14 07:00:00,1.0,9.998231e-06,0.0,0.0,9.730969e-06
294.88916,0.65025693,0.65025693,0.037912823,0.0,2018-09-14 08:00:00,1.0,9.806588e-06,0.0,0.0,9.9020845e-06
294.39233,0.77935714,0.77251136,0.09330827,0.0,2018-09-14 09:00:00,1.0,3.211989e-05,0.0,1.7262946e-06,3.0327254e-05
293.86353,0.67410195,0.67410195,0.2679543,0.0,2018-09-14 10:00:00,1.0,3.1946824e-05,0.0,1.0203939e-05,2.2010136e-05
293.8694,0.7627498,0.7410517,0.37705004,0.0,2018-09-14 11:00:00,1.0,3.8814833e-05,0.0,1.4571423e-05,2.4224515e-05
293.92017,0.9359088,0.9277459,0.37800467,0.0,2018-09-14 12:00:00,1.0,3.2694807e-05,0.0,1.4388761e-05,1.814356e-05
294.3413,0.8762406,0.87118125,0.34588832,0.0,2018-09-14 13:00:00,1.0,3.6487676e-05,0.0,2.2972483e-05,1.3658436e-05
295.1621,0.91313505,0.89959645,0.39116645,0.0,2018-09-14 14:00:00,1.0,5.2136733e-05,0.0,3.2900192e-05,1.8778592e-05
297.37842,0.97468334,0.97468334,0.35600662,0.0,2018-09-14 15:00:00,1.0,2.0133448e-05,0.0,3.1539057e-06,1.6932769e-05
298.41504,0.96771246,0.96294534,0.2949468,0.0,2018-09-14 16:00:00,1.0,1.0645505e-05,0.0,4.024263e-06,6.5257454e-06
299.96582,0.77932245,0.7340418,0.3078373,0.0,2018-09-14 17:00:00,1.0,3.6734316e-05,0.0,3.5264384e-05,9.165061e-07
300.48975,0.54974097,0.4015627,0.3924858,0.0,2018-09-14 18:00:00,1.0,3.7882884e-05,0.0,3.836902e-05,0.0
301.04077,0.5214349,0.3990124,0.37715918,0.0,2018-09-14 19:00:00,1.0,0.00027530873,0.0,0.00024717324,2.8030161e-05
302.2417,0.7739737,0.61785614,0.46039158,0.0,2018-09-14 20:00:00,1.0,9.8848745e-05,0.0,9.7990574e-05,7.0499675e-07
302.96484,0.6839637,0.5683746,0.40239537,0.0032499009,2018-09-14 21:00:00,1.0,0.00015398304,0.0,0.0001421961,1.2349655e-05
302.28076,0.51917547,0.09959942,0.40012056,0.19130838,2018-09-14 22:00:00,1.0,0.00014095436,0.0,0.00013954405,1.3721838e-06
302.219,0.4910859,0.07354885,0.39525503,0.16184723,2018-09-14 23:00:00,1.0,2.9131508e-05,0.0,2.7928836e-05,1.3363078e-06
301.24756,0.31800413,0.112674,0.26171982,0.03530731,2018-09-15 00:00:00,1.0,1.4256361e-05,0.0,1.4199321e-05,0.0
299.84644,0.19329786,0.07086331,0.14485687,0.042900253,2018-09-15 01:00:00,1.0,0.00013461195,0.0,0.00012688899,7.512748e-06
298.91895,0.39474225,0.052611694,0.15930462,0.31856132,2018-09-15 02:00:00,1.0,1.5830505e-05,0.0,1.4552852e-05,1.1440234e-06
297.71484,0.57012755,0.029180687,0.1355201,0.51030964,2018-09-15 03:00:00,0.0,0.0,0.0,0.0,0.0
297.18457,0.5621378,0.0037288337,0.08375126,0.52823055,2018-09-15 04:00:00,0.0,0.0,0.0,0.0,0.0
296.87012,0.113814175,0.008514993,0.03856678,0.09081912,2018-09-15 05:00:00,1.0,2.6726156e-07,0.0,0.0,2.6726156e-07
296.688,0.07097572,0.006364435,0.06570822,0.025059216,2018-09-15 06:00:00,1.0,3.813414e-07,0.0,0.0,3.813414e-07
296.52808,0.029567666,0.004260551,0.025313225,0.0,2018-09-15 07:00:00,0.0,0.0,0.0,0.0,0.0
296.01978,0.07133585,0.034206543,0.0565659,0.014770005,2018-09-15 08:00:00,0.0,0.0,0.0,0.0,0.0
295.03467,0.06102302,0.02768419,0.033944648,0.023349535,2018-09-15 09:00:00,0.0,0.0,0.0,0.0,0.0
295.04492,0.06282264,0.05170258,0.041466095,0.0,2018-09-15 10:00:00,0.0,0.0,0.0,0.0,0.0
294.99023,0.036729977,0.033351727,0.01609889,0.0,2018-09-15 11:00:00,0.0,0.0,0.0,0.0,0.0
294.86597,0.021616708,0.021616708,0.00737416,0.0,2018-09-15 12:00:00,0.0,0.0,0.0,0.0,0.0
295.49683,0.024974484,0.019988392,0.016610142,0.0,2018-09-15 13:00:00,0.0,0.0,0.0,0.0,0.0
297.0376,0.00894969,0.00894969,0.0,0.0,2018-09-15 14:00:00,0.0,0.0,0.0,0.0,0.0
300.16064,0.018931683,0.018931683,0.0,0.0,2018-09-15 15:00:00,1.0,0.0,0.0,0.0,0.0
301.73438,0.0,0.0,0.0,0.0,2018-09-15 16:00:00,0.0,0.0,0.0,0.0,0.0
303.35986,0.0,0.0,0.0,0.0,2018-09-15 17:00:00,0.0,0.0,0.0,0.0,0.0
304.4248,0.20017791,0.19006753,0.108613074,0.0,2018-09-15 18:00:00,0.0,0.0,0.0,0.0,0.0
305.50708,0.24621445,0.24621445,0.025085729,0.0,2018-09-15 19:00:00,0.0,3.813414e-07,0.0,0.0,3.813414e-07
305.62866,0.3545376,0.34802067,0.056434095,0.0,2018-09-15 20:00:00,0.0,0.0,0.0,0.0,0.0
305.83203,0.3158419,0.31421697,0.037785813,0.0,2018-09-15 21:00:00,0.0,0.0,0.0,0.0,0.0
305.30273,0.13340622,0.13340622,0.0,0.0,2018-09-15 22:00:00,0.0,0.0,0.0,0.0,0.0
304.87354,0.09235388,0.09235388,0.0,0.0,2018-09-15 23:00:00,0.0,0.0,0.0,0.0,0.0
303.0664,0.04908745,0.04908745,0.0,0.0,2018-09-16 00:00:00,0.0,0.0,0.0,0.0,0.0
301.1692,0.109630644,0.109630644,0.0,0.0,2018-09-16 01:00:00,0.0,0.0,0.0,0.0,0.0
300.083,0.076484084,0.076484084,0.0,0.0,2018-09-16 02:00:00,0.0,0.0,0.0,0.0,0.0
298.3755,0.101407945,0.101407945,0.0,0.0,2018-09-16 03:00:00,0.0,0.0,0.0,0.0,0.0
297.7505,0.109306335,0.109306335,0.0,0.0,2018-09-16 04:00:00,0.0,0.0,0.0,0.0,0.0
297.54224,0.060907565,0.060907565,0.0,0.0,2018-09-16 05:00:00,0.0,0.0,0.0,0.0,0.0
297.44238,0.08521801,0.08521801,0.0,0.0,2018-09-16 06:00:00,0.0,0.0,0.0,0.0,0.0
297.20972,0.08737469,0.08364582,0.0037288337,0.0,2018-09-16 07:00:00,0.0,0.0,0.0,0.0,0.0
296.87964,0.06386024,0.049670532,0.014189757,0.0,2018-09-16 08:00:00,0.0,0.0,0.0,0.0,0.0
296.1902,0.08744055,0.08744055,0.0,0.0,2018-09-16 09:00:00,0.0,0.0,0.0,0.0,0.0
295.11304,0.17374748,0.17374748,0.003909968,0.0,2018-09-16 10:00:00,0.0,0.0,0.0,0.0,0.0
295.06665,0.18082207,0.17691821,0.051532567,0.0,2018-09-16 11:00:00,0.0,0.0,0.0,0.0,0.0
294.6958,0.22671962,0.19701701,0.16389322,0.0,2018-09-16 12:00:00,0.0,0.0,0.0,0.0,0.0
295.135,0.3175084,0.11099261,0.309519,0.0,2018-09-16 13:00:00,0.0,0.0,0.0,0.0,0.0
296.24536,0.4582761,0.079377174,0.4545473,0.0,2018-09-16 14:00:00,0.0,0.0,0.0,0.0,0.0
299.70776,0.46236104,0.031521242,0.45237446,0.0,2018-09-16 15:00:00,0.0,0.0,0.0,0.0,0.0
301.18042,0.41438758,0.013538446,0.41438758,0.0,2018-09-16 16:00:00,0.0,0.0,0.0,0.0,0.0
302.67627,0.40150458,0.06497651,0.39334017,0.0,2018-09-16 17:00:00,1.0,5.3452317e-07,0.0,5.3452317e-07,0.0
303.3694,0.34335172,0.036443435,0.34282,0.0,2018-09-16 18:00:00,0.0,1.6000267e-05,0.0,1.5828176e-05,0.0
303.75586,0.32738036,0.009099722,0.32738036,0.0,2018-09-16 19:00:00,0.0,4.2691623e-05,0.0,4.2500964e-05,0.0
304.03857,0.20290434,0.087727904,0.19743931,0.0,2018-09-16 20:00:00,0.0,2.1739588e-06,0.0,2.04962e-06,0.0
304.20752,0.22785926,0.04765037,0.22785926,0.0,2018-09-16 21:00:00,0.0,2.2815959e-07,0.0,4.954212e-07,0.0
303.41138,0.24101323,0.042233296,0.23765206,0.0,2018-09-16 22:00:00,0.0,2.0957555e-07,0.0,1.5253562e-07,0.0
302.7339,0.21564549,0.05622834,0.19771957,0.0,2018-09-16 23:00:00,0.0,0.0,0.0,0.0,0.0
301.59277,0.09140247,0.033824854,0.08929855,0.0,2018-09-17 00:00:00,0.0,0.0,0.0,0.0,0.0
300.34253,0.12169284,0.03730093,0.12169284,0.0,2018-09-17 01:00:00,0.0,0.0,0.0,0.0,0.0
299.36768,0.14669728,0.026731148,0.14669728,0.0,2018-09-17 02:00:00,0.0,0.0,0.0,0.0,0.0
297.80664,0.113770366,0.0067320913,0.113770366,0.0,2018-09-17 03:00:00,0.0,0.0,0.0,0.0,0.0
297.6023,0.019967686,0.0,0.019967686,0.0,2018-09-17 04:00:00,0.0,0.0,0.0,0.0,0.0
297.10205,0.011474017,0.0,0.011474017,0.0,2018-09-17 05:00:00,0.0,0.0,0.0,0.0,0.0
296.82886,0.008141857,0.0,0.008141857,0.0,2018-09-17 06:00:00,0.0,0.0,0.0,0.0,0.0
296.77026,0.089183986,0.0048919544,0.089183986,0.0,2018-09-17 07:00:00,0.0,0.0,0.0,0.0,0.0
296.19727,0.216515,0.02796625,0.216515,0.0,2018-09-17 08:00:00,1.0,1.3363078e-06,0.0,1.2026767e-06,0.0
295.65918,0.33220738,0.09169245,0.31825447,0.0,2018-09-17 09:00:00,1.0,0.0002905866,0.0,0.00029052957,0.0
293.88403,0.6168109,0.013229568,0.57599014,0.113428354,2018-09-17 10:00:00,1.0,0.0007175165,0.0,0.00071741175,0.0
293.96436,0.38369167,0.06348765,0.26812214,0.18561327,2018-09-17 11:00:00,0.0,0.0,0.0,0.0,0.0
293.70996,0.61509866,0.020210877,0.18344444,0.54620504,2018-09-17 12:00:00,1.0,0.0,0.0,0.0,0.0
294.12476,0.45816964,0.0,0.08104783,0.39923853,2018-09-17 13:00:00,0.0,0.0,0.0,0.0,0.0
294.76343,0.11550993,0.035005342,0.079616785,0.016683083,2018-09-17 14:00:00,0.0,2.864872e-07,0.0,3.3423504e-07,0.0
296.35962,0.23736548,0.05838018,0.13791376,0.10819638,2018-09-17 15:00:00,0.0,0.0,0.0,0.0,0.0
297.7173,0.65086514,0.02948815,0.09845561,0.599599,2018-09-17 16:00:00,0.0,0.0,0.0,0.0,0.0
298.25928,1.0,0.019753072,0.26352364,1.0,2018-09-17 17:00:00,0.0,0.0,0.0,0.0,0.0
297.92334,1.0,0.02344358,0.2178986,1.0,2018-09-17 18:00:00,1.0,2.939877e-06,0.0,2.806246e-06,0.0
296.7202,0.9978792,0.0010573287,0.19637907,0.9978792,2018-09-17 19:00:00,1.0,0.0029864612,0.0,0.0029789552,7.4012432e-06
295.31128,1.0,0.015572965,0.74583155,1.0,2018-09-17 20:00:00,1.0,0.001554549,0.0,0.0014878258,6.641775e-05
292.64233,1.0,0.0026463778,0.9939861,0.9978433,2018-09-17 21:00:00,1.0,0.00083024474,0.0,0.00017160061,0.00065838615
290.00635,1.0,0.0,0.889804,1.0,2018-09-17 22:00:00,1.0,0.0012677044,0.0,0.00027580373,0.000991767
289.2964,0.716896,0.0,0.51492053,0.57751703,2018-09-17 23:00:00,1.0,0.0011071309,0.0,0.00032880297,0.00077835587
289.75098,0.24266511,0.0,0.15700746,0.16191143,2018-09-18 00:00:00,1.0,0.00015694265,0.0,3.4449535e-05,0.00012276038
289.40186,0.13704127,0.0,0.12650013,0.02214092,2018-09-18 01:00:00,0.0,3.5924357e-05,0.0,3.313701e-05,2.7873366e-06
288.9231,0.06975627,0.0052650943,0.060066614,0.0044355765,2018-09-18 02:00:00,0.0,4.7938855e-05,0.0,4.7413632e-05,4.774787e-07
288.39624,0.04416951,0.0,0.04416951,0.0,2018-09-18 03:00:00,0.0,0.0,0.0,0.0,0.0
288.5039,0.01821141,0.0,0.01821141,0.0,2018-09-18 04:00:00,0.0,1.6883423e-05,0.0,1.7074082e-05,0.0
288.75977,0.008184664,0.004474845,0.0037098185,0.0,2018-09-18 05:00:00,0.0,1.6791882e-06,0.0,1.6314407e-06,0.0
288.90405,0.08670616,0.0,0.048014697,0.038698796,2018-09-18 06:00:00,0.0,6.952089e-05,0.0,6.952089e-05,0.0
289.20532,0.7328372,0.005006563,0.22241855,0.67047554,2018-09-18 07:00:00,1.0,0.00044163852,0.0,0.00044163852,0.0
289.01074,1.0,0.0016249504,0.27682346,1.0,2018-09-18 08:00:00,1.0,0.0024405145,0.0,0.0024406002,0.0
289.24683,1.0,0.025119688,0.25836802,1.0,2018-09-18 09:00:00,1.0,0.003975261,0.0,0.0039691515,6.2425115e-06
288.6548,0.99675006,0.08284271,0.29017633,0.995108,2018-09-18 10:00:00,1.0,0.0029198017,0.0,0.0028945366,2.5122383e-05
288.78442,0.998375,0.004207764,0.089738786,0.998375,2018-09-18 11:00:00,1.0,0.0032510825,0.0,0.0031755453,7.540357e-05
288.77148,1.0,0.119980216,0.06553829,1.0,2018-09-18 12:00:00,1.0,0.003089805,0.0,0.0030152884,7.461199e-05
288.67188,0.998375,0.45824122,0.24624425,0.998375,2018-09-18 13:00:00,0.0,0.0001545254,0.0,0.00012762549,2.7004688e-05
288.92212,1.0,0.72076774,0.5264058,0.99683875,2018-09-18 14:00:00,0.0,3.418747e-05,0.0,3.3853226e-05,1.9099144e-07
289.37524,1.0,0.17846745,0.6374438,0.99946827,2018-09-18 15:00:00,0.0,0.0,0.0,0.0,0.0
290.12842,0.96259964,0.25133967,0.06338525,0.9609747,2018-09-18 16:00:00,0.0,0.0,0.0,0.0,0.0
290.77368,0.9920941,0.37009412,0.0,0.98874027,2018-09-18 17:00:00,0.0,0.0,0.0,0.0,0.0
291.11548,1.0,0.5787925,0.0,0.99675006,2018-09-18 18:00:00,0.0,9.549569e-08,0.0,1.3363075e-07,9.549569e-08
291.66943,0.9949968,0.43140346,0.038238358,0.99337184,2018-09-18 19:00:00,0.0,7.626828e-07,0.0,6.8609194e-07,0.0
292.15552,0.998375,0.4796825,0.086685896,0.9902332,2018-09-18 20:00:00,0.0,1.9849103e-06,0.0,2.09899e-06,0.0
292.03125,0.9709109,0.70021665,0.14309478,0.7292299,2018-09-18 21:00:00,1.0,1.9431885e-05,0.0,1.9431885e-05,0.0
291.51514,0.96159834,0.93843853,0.42762148,0.14983928,2018-09-18 22:00:00,0.0,5.3452317e-07,0.0,5.3452317e-07,0.0
291.22803,0.9731537,0.97078276,0.004741922,0.014723916,2018-09-18 23:00:00,0.0,0.0,0.0,0.0,0.0
291.11035,0.98017466,0.9685196,0.0016249504,0.38340384,2018-09-19 00:00:00,0.0,0.0,0.0,0.0,0.0
290.97705,1.0,1.0,0.0,0.5441727,2018-09-19 01:00:00,0.0,0.0,0.0,0.0,0.0
290.76147,0.9989426,0.99841094,0.036323294,0.5484443,2018-09-19 02:00:00,0.0,0.0,0.0,0.0,0.0
290.49854,0.94469196,0.9235163,0.3633402,0.005370889,2018-09-19 03:00:00,0.0,0.0,0.0,0.0,0.0
290.32812,0.67436516,0.50052947,0.28426522,0.06578803,2018-09-19 04:00:00,0.0,0.0,0.0,0.0,0.0
290.23657,0.7415051,0.6171527,0.27978915,0.26712453,2018-09-19 05:00:00,1.0,4.9247883e-06,0.0,0.0,4.9247883e-06
289.88257,0.8009121,0.739914,0.3346433,0.27830708,2018-09-19 06:00:00,1.0,2.6911977e-05,0.0,0.0,2.6911977e-05
290.07788,0.7686127,0.68019605,0.408558,0.21634477,2018-09-19 07:00:00,1.0,2.3838002e-05,0.0,4.0089236e-07,2.29984e-05
289.75708,1.0,1.0,0.64713526,0.23362064,2018-09-19 08:00:00,1.0,2.2815959e-07,0.0,0.0,4.7683716e-07
290.18945,1.0,0.9271227,0.9414614,0.42285663,2018-09-19 09:00:00,1.0,9.72258e-07,0.0,0.0,9.536743e-07
289.1997,0.9072155,0.899054,0.60833824,0.040641703,2018-09-19 10:00:00,1.0,4.1409367e-06,0.0,0.0,4.1409367e-06
289.2434,0.97601634,0.8658168,0.5949035,0.5784109,2018-09-19 11:00:00,1.0,4.1966796e-06,0.0,4.7747868e-08,4.215264e-06
289.2036,0.9918798,0.9040972,0.6399942,0.7305996,2018-09-19 12:00:00,1.0,4.480592e-06,0.0,5.630408e-07,3.8127628e-06
289.41064,0.9665779,0.8753476,0.44230133,0.76831144,2018-09-19 13:00:00,1.0,3.5685944e-06,0.0,0.0,3.5685944e-06
289.44702,1.0,1.0,0.98316735,0.7668608,2018-09-19 14:00:00,1.0,4.6818503e-05,0.0,0.0,4.670443e-05
289.5244,1.0,1.0,1.0,0.64716905,2018-09-19 15:00:00,1.0,3.6458718e-05,0.0,0.0,3.6458718e-05
289.75342,1.0,1.0,0.9978961,0.9478647,2018-09-19 16:00:00,1.0,2.0155465e-05,0.0,1.3363075e-07,2.0155465e-05
290.63086,1.0,0.9611616,0.9838616,0.96589047,2018-09-19 17:00:00,1.0,0.00027676718,0.0,7.666496e-05,0.00020015943
290.55933,0.9932679,0.9595953,0.93628097,0.88281775,2018-09-19 18:00:00,1.0,0.0016693131,0.0,0.0011583979,0.0005108104
290.33008,1.0,1.0,0.65061265,0.7410907,2018-09-19 19:00:00,1.0,0.00015899773,0.0,0.00010094611,5.7994577e-05
290.96265,0.99841094,0.991523,0.4955057,0.7051151,2018-09-19 20:00:00,1.0,4.821297e-05,0.0,1.6567516e-05,3.140702e-05
291.06738,1.0,1.0,0.3214907,0.7809086,2018-09-19 21:00:00,1.0,0.00013496117,0.0,6.11848e-06,0.00012911925
290.84277,1.0,0.9949934,0.3515305,0.9415598,2018-09-19 22:00:00,1.0,4.8740592e-05,0.0,1.3126423e-05,3.5528283e-05
290.49463,1.0,0.9952328,0.56372875,0.96011895,2018-09-19 23:00:00,1.0,0.0001234907,0.0,1.1260092e-05,0.000112621565
290.05396,1.0,1.0,0.90202147,0.99167883,2018-09-20 00:00:00,1.0,0.00022138553,0.0,1.5310594e-05,0.00020613197
289.76904,1.0,0.9947011,0.8553191,1.0,2018-09-20 01:00:00,1.0,9.242163e-05,0.0,4.867707e-07,9.203964e-05
289.1765,1.0,0.963785,0.8206233,1.0,2018-09-20 02:00:00,1.0,6.8508045e-05,0.0,2.3873935e-07,6.831705e-05
288.86914,1.0,0.866979,0.49692178,1.0,2018-09-20 03:00:00,1.0,8.544617e-06,0.0,0.0,8.544617e-06
288.68848,1.0,0.8379556,0.55778635,1.0,2018-09-20 04:00:00,1.0,7.707598e-06,0.0,0.0,7.6121023e-06
288.82837,1.0,0.5653825,0.6922614,1.0,2018-09-20 05:00:00,1.0,4.1095176e-05,0.0,0.0,4.0999672e-05
288.6797,1.0,0.61853933,0.7713086,1.0,2018-09-20 06:00:00,1.0,0.00010184894,0.0,0.0,0.00010184894
288.98828,1.0,0.8381106,0.89337105,1.0,2018-09-20 07:00:00,1.0,0.0009891689,0.0,0.0,0.0009891689
288.9995,1.0,0.9650348,0.9768729,1.0,2018-09-20 08:00:00,1.0,0.0009055915,0.0,0.0,0.0009055915
288.90723,1.0,0.8856892,0.9797551,1.0,2018-09-20 09:00:00,1.0,0.0007485051,0.0,0.0,0.0007485051
289.06616,1.0,1.0,0.98711616,1.0,2018-09-20 10:00:00,1.0,0.0011831231,0.0,3.7052334e-05,0.0011460707
289.09863,1.0,1.0,1.0,1.0,2018-09-20 11:00:00,1.0,0.0012013251,0.0,0.0,0.0012013251
289.2234,1.0,0.9968219,0.9989426,1.0,2018-09-20 12:00:00,1.0,0.0010738473,0.0,1.19847155e-05,0.0010618148
289.21875,1.0,0.96662384,0.94184864,1.0,2018-09-20 13:00:00,1.0,0.0012515092,0.0,6.3120106e-06,0.0012453976
289.3662,1.0,0.9539114,0.68267715,1.0,2018-09-20 14:00:00,1.0,0.0014344184,0.0,1.0299391e-06,0.001434094
289.7583,1.0,0.68365943,0.9644501,0.9973536,2018-09-20 15:00:00,1.0,0.0013316609,0.0,2.0880852e-06,0.0013290101
289.83105,1.0,0.79372597,0.99946827,0.99338746,2018-09-20 16:00:00,1.0,0.0009926443,0.0,6.68154e-07,0.0009922052
289.9314,1.0,1.0,1.0,0.94373477,2018-09-20 17:00:00,1.0,0.001151542,0.0,0.00034256582,0.00080903317
289.73438,1.0,0.9966217,0.9907972,0.9438149,2018-09-20 18:00:00,1.0,0.0015384872,0.0,0.0008614524,0.0006771963
290.07593,1.0,1.0,0.97434264,0.81153524,2018-09-20 19:00:00,1.0,0.0013721238,0.0,0.00047223782,0.00089982897
290.04883,1.0,1.0,0.8648826,0.41021287,2018-09-20 20:00:00,1.0,0.0019429324,0.0,0.0017055145,0.00023759001
290.15747,1.0,1.0,0.5894357,0.25180942,2018-09-20 21:00:00,1.0,0.002401399,0.0,0.0021993069,0.00020153871
290.6255,0.9949765,0.9688734,0.62024903,0.886837,2018-09-20 22:00:00,1.0,0.004081007,0.0,0.0038984446,0.00018266938
290.82104,1.0,1.0,0.8203114,0.9831526,2018-09-20 23:00:00,1.0,0.0051773526,0.0,0.0051459447,3.1796226e-05
291.5371,1.0,0.9526026,0.7499066,0.99089694,2018-09-21 00:00:00,1.0,0.00400798,0.0,0.0038545493,0.00015345127
292.25537,1.0,0.9812983,0.7973561,0.9605136,2018-09-21 01:00:00,1.0,0.0031194193,0.0,0.0029565573,0.00016313842
292.93433,0.9957922,0.588957,0.21322596,0.97766834,2018-09-21 02:00:00,1.0,0.0005321689,0.0,0.00047748466,5.4770106e-05
293.07886,0.9949968,0.32203448,0.43449593,0.9949968,2018-09-21 03:00:00,1.0,2.4061635e-05,0.0,7.957828e-06,1.605606e-05
292.01245,1.0,0.5932298,0.80168873,1.0,2018-09-21 04:00:00,1.0,1.2219539e-05,0.0,1.8871515e-06,1.0523057e-05
290.9265,1.0,0.9978792,0.79428566,1.0,2018-09-21 05:00:00,0.0,4.2159054e-06,0.0,3.6144083e-06,3.8198294e-07
290.46802,1.0,0.99235535,0.5456871,1.0,2018-09-21 06:00:00,1.0,5.183655e-06,0.0,5.346128e-06,0.0
290.1797,1.0,0.9978792,0.5710699,0.9775366,2018-09-21 07:00:00,1.0,2.0635998e-05,0.0,1.167735e-05,8.815738e-06
289.93848,1.0,1.0,0.67820233,0.14790118,2018-09-21 08:00:00,1.0,3.6576603e-05,0.0,1.13789865e-05,2.4587149e-05
288.60083,1.0,1.0,0.101576865,0.11788368,2018-09-21 09:00:00,1.0,3.7787977e-05,0.0,5.7768084e-06,3.1724994e-05
286.21167,0.9932679,0.9932679,0.01940158,0.026488226,2018-09-21 10:00:00,1.0,3.182047e-05,0.0,7.3445062e-06,2.4609588e-05
286.27344,1.0,1.0,0.2192877,0.0,2018-09-21 11:00:00,1.0,7.973563e-05,0.0,1.3262661e-05,6.6368186e-05
285.90698,1.0,1.0,0.37602794,0.0,2018-09-21 12:00:00,1.0,0.00012431834,0.0,1.1093466e-05,0.00011337806
284.8042,1.0,1.0,0.44511604,0.0,2018-09-21 13:00:00,0.0,3.111217e-05,0.0,1.8967639e-06,2.9320188e-05
284.60864,1.0,1.0,0.26696432,0.0,2018-09-21 14:00:00,0.0,4.191511e-07,0.0,2.0028352e-07,1.9099144e-07
284.48706,1.0,1.0,0.22260553,0.0,2018-09-21 15:00:00,0.0,9.536743e-07,0.0,8.3959446e-07,0.0
284.38013,0.99946827,0.99946827,0.100960374,0.0,2018-09-21 16:00:00,0.0,0.0,0.0,0.0,0.0
284.5735,1.0,1.0,0.44642502,0.0,2018-09-21 17:00:00,0.0,0.0,0.0,0.0,0.0
284.81055,1.0,1.0,0.76223934,0.0,2018-09-21 18:00:00,0.0,2.2815959e-07,0.0,4.3838128e-07,0.0
285.20996,0.9459267,0.9459267,0.0,0.0,2018-09-21 19:00:00,1.0,1.6035692e-06,0.0,1.7371995e-06,0.0
286.2124,0.933912,0.933912,0.005003199,0.0,2018-09-21 20:00:00,0.0,8.017848e-07,0.0,8.017848e-07,0.0
287.4016,0.8676307,0.8676307,0.031421408,0.0,2018-09-21 21:00:00,0.0,0.0,0.0,0.0,0.0
287.05225,0.544729,0.544729,0.0016249504,0.0,2018-09-21 22:00:00,0.0,0.0,0.0,0.0,0.0
286.87036,0.00053172023,0.00053172023,0.0,0.0,2018-09-21 23:00:00,0.0,0.0,0.0,0.0,0.0
286.01074,0.0,0.0,0.0,0.0,2018-09-22 00:00:00,0.0,0.0,0.0,0.0,0.0
283.8706,0.0,0.0,0.0,0.0,2018-09-22 01:00:00,0.0,0.0,0.0,0.0,0.0
283.37378,0.0,0.0,0.0,0.0,2018-09-22 02:00:00,0.0,0.0,0.0,0.0,0.0
282.7246,0.0,0.0,0.0,0.0,2018-09-22 03:00:00,0.0,0.0,0.0,0.0,0.0
281.79126,0.0,0.0,0.0,0.0,2018-09-22 04:00:00,0.0,0.0,0.0,0.0,0.0
280.8838,0.0,0.0,0.0,0.0,2018-09-22 05:00:00,0.0,0.0,0.0,0.0,0.0
279.9546,0.0,0.0,0.0,0.0,2018-09-22 06:00:00,0.0,0.0,0.0,0.0,0.0
280.11646,0.0,0.0,0.0,0.0,2018-09-22 07:00:00,0.0,0.0,0.0,0.0,0.0
280.24,0.0,0.0,0.0,0.0,2018-09-22 08:00:00,0.0,0.0,0.0,0.0,0.0
279.7522,0.0,0.0,0.0,0.0,2018-09-22 09:00:00,0.0,0.0,0.0,0.0,0.0
279.62476,0.0,0.0,0.0,0.0,2018-09-22 10:00:00,0.0,0.0,0.0,0.0,0.0
279.6272,0.0,0.0,0.0,0.0,2018-09-22 11:00:00,0.0,0.0,0.0,0.0,0.0
279.50098,0.0,0.0,0.0,0.0,2018-09-22 12:00:00,0.0,0.0,0.0,0.0,0.0
280.26953,0.0,0.0,0.0,0.0,2018-09-22 13:00:00,0.0,0.0,0.0,0.0,0.0
282.12207,0.0,0.0,0.0,0.0,2018-09-22 14:00:00,0.0,0.0,0.0,0.0,0.0
285.8401,0.0,0.0,0.0,0.0,2018-09-22 15:00:00,0.0,0.0,0.0,0.0,0.0
287.2505,0.0,0.0,0.0,0.0,2018-09-22 16:00:00,0.0,0.0,0.0,0.0,0.0
288.58496,0.0,0.0,0.0,0.0,2018-09-22 17:00:00,0.0,0.0,0.0,0.0,0.0
289.51074,0.0,0.0,0.0,0.0,2018-09-22 18:00:00,0.0,0.0,0.0,0.0,0.0
290.1377,0.0,0.0,0.0,0.0,2018-09-22 19:00:00,0.0,0.0,0.0,0.0,0.0
290.9519,0.0,0.0,0.0,0.0,2018-09-22 20:00:00,0.0,0.0,0.0,0.0,0.0
291.77734,0.0,0.0,0.0,0.0,2018-09-22 21:00:00,0.0,0.0,0.0,0.0,0.0
291.55664,0.008141857,0.0,0.0,0.008141857,2018-09-22 22:00:00,0.0,0.0,0.0,0.0,0.0
291.27783,0.5128401,0.0,0.0,0.5128401,2018-09-22 23:00:00,0.0,0.0,0.0,0.0,0.0
290.28247,0.61165637,0.0,0.0,0.61165637,2018-09-23 00:00:00,0.0,0.0,0.0,0.0,0.0
289.23022,0.13780493,0.0,0.0,0.13780493,2018-09-23 01:00:00,0.0,0.0,0.0,0.0,0.0
288.30957,0.0,0.0,0.0,0.0,2018-09-23 02:00:00,0.0,0.0,0.0,0.0,0.0
287.00806,0.0,0.0,0.0,0.0,2018-09-23 03:00:00,0.0,0.0,0.0,0.0,0.0
286.34717,0.0,0.0,0.0,0.0,2018-09-23 04:00:00,0.0,0.0,0.0,0.0,0.0
285.87476,0.24984801,0.0,0.0,0.24984801,2018-09-23 05:00:00,0.0,0.0,0.0,0.0,0.0
285.60156,0.25111473,0.0,0.0,0.25111473,2018-09-23 06:00:00,0.0,0.0,0.0,0.0,0.0
285.64722,0.49870276,0.0,0.0,0.49870276,2018-09-23 07:00:00,0.0,0.0,0.0,0.0,0.0
284.92676,0.30153215,0.0,0.0,0.30153215,2018-09-23 08:00:00,0.0,0.0,0.0,0.0,0.0
283.58887,0.04753562,0.0,0.0,0.04753562,2018-09-23 09:00:00,0.0,0.0,0.0,0.0,0.0
283.28955,0.014826953,0.0,0.0,0.014826953,2018-09-23 10:00:00,0.0,0.0,0.0,0.0,0.0
283.28027,0.07036352,0.0,0.0,0.07036352,2018-09-23 11:00:00,0.0,0.0,0.0,0.0,0.0
283.3557,0.0,0.0,0.0,0.0,2018-09-23 12:00:00,0.0,0.0,0.0,0.0,0.0
283.969,0.0,0.0,0.0,0.0,2018-09-23 13:00:00,0.0,0.0,0.0,0.0,0.0
285.70215,0.0,0.0,0.0,0.0,2018-09-23 14:00:00,0.0,0.0,0.0,0.0,0.0
289.60742,0.021286912,0.0,0.0,0.021286912,2018-09-23 15:00:00,0.0,0.0,0.0,0.0,0.0
291.26562,0.21602696,0.0,0.0,0.21602696,2018-09-23 16:00:00,0.0,0.0,0.0,0.0,0.0
293.31616,0.05170227,0.0,0.0,0.05170227,2018-09-23 17:00:00,0.0,0.0,0.0,0.0,0.0
294.32812,0.36021262,0.0,0.0,0.36021262,2018-09-23 18:00:00,0.0,0.0,0.0,0.0,0.0
295.25732,0.3177359,0.016610142,0.0,0.30610454,2018-09-23 19:00:00,0.0,0.0,0.0,0.0,0.0
296.07544,0.01592639,0.0016249504,0.0,0.014301442,2018-09-23 20:00:00,0.0,0.0,0.0,0.0,0.0
296.54028,0.0072629154,0.0072629154,0.0,0.0,2018-09-23 21:00:00,0.0,0.0,0.0,0.0,0.0
295.9834,0.0,0.0,0.0,0.0,2018-09-23 22:00:00,0.0,0.0,0.0,0.0,0.0
295.2517,0.0033782488,0.0033782488,0.0,0.0,2018-09-23 23:00:00,0.0,0.0,0.0,0.0,0.0
294.01367,0.0016249504,0.0,0.0016249504,0.0,2018-09-24 00:00:00,0.0,0.0,0.0,0.0,0.0
293.0586,0.05922523,0.0,0.047722228,0.016394954,2018-09-24 01:00:00,0.0,0.0,0.0,0.0,0.0
292.17798,0.66736656,0.0,0.2995909,0.56152654,2018-09-24 02:00:00,0.0,0.0,0.0,0.0,0.0
290.68555,0.92379194,0.0,0.33530343,0.87366664,2018-09-24 03:00:00,0.0,0.0,0.0,0.0,0.0
290.23853,0.9386323,0.0,0.38587433,0.90590256,2018-09-24 04:00:00,0.0,0.0,0.0,0.0,0.0
289.29614,0.8000709,0.0,0.017872762,0.7995453,2018-09-24 05:00:00,0.0,0.0,0.0,0.0,0.0
288.92407,0.93074054,0.0,0.06530428,0.92626566,2018-09-24 06:00:00,0.0,0.0,0.0,0.0,0.0
288.49316,0.9218524,0.0,0.1538623,0.91411054,2018-09-24 07:00:00,0.0,0.0,0.0,0.0,0.0
287.93945,0.9760062,0.0,0.21421003,0.9760062,2018-09-24 08:00:00,0.0,0.0,0.0,0.0,0.0
287.29004,0.9944509,0.0,0.008141857,0.9944509,2018-09-24 09:00:00,0.0,0.0,0.0,0.0,0.0
287.10352,0.9928895,0.0,0.0,0.9928895,2018-09-24 10:00:00,0.0,0.0,0.0,0.0,0.0
287.0642,1.0,0.0,0.0,1.0,2018-09-24 11:00:00,0.0,0.0,0.0,0.0,0.0
287.06104,0.98999023,0.0,0.0,0.98999023,2018-09-24 12:00:00,0.0,0.0,0.0,0.0,0.0
286.99976,0.95163715,0.0,0.0,0.95163715,2018-09-24 13:00:00,0.0,0.0,0.0,0.0,0.0
288.24854,0.96193403,0.0,0.0,0.96193403,2018-09-24 14:00:00,0.0,0.0,0.0,0.0,0.0
290.9397,0.99946827,0.0,0.0,0.99946827,2018-09-24 15:00:00,0.0,0.0,0.0,0.0,0.0
292.97583,0.99289286,0.0,0.0,0.99289286,2018-09-24 16:00:00,0.0,0.0,0.0,0.0,0.0
294.58887,0.9738078,0.0,0.0,0.9738078,2018-09-24 17:00:00,0.0,0.0,0.0,0.0,0.0
295.6411,0.96054846,0.5260941,0.0,0.9460663,2018-09-24 18:00:00,1.0,3.627573e-07,0.0,1.8137865e-07,0.0
296.30835,1.0,0.9872876,0.0,0.95106953,2018-09-24 19:00:00,1.0,4.9123337e-05,0.0,4.719579e-05,2.213712e-06
296.6433,0.98419243,0.93247056,0.32941216,0.80843997,2018-09-24 20:00:00,1.0,7.594178e-06,0.0,1.1260854e-06,6.5251315e-06
296.56665,0.9824032,0.9292811,0.5305333,0.7706298,2018-09-24 21:00:00,1.0,4.9049113e-06,0.0,4.2566344e-06,6.101426e-07
295.9082,0.9807666,0.58272105,0.5649269,0.89800566,2018-09-24 22:00:00,1.0,1.7714236e-05,0.0,7.1394716e-06,1.0765441e-05
295.52637,0.98475856,0.4764176,0.78713447,0.97475904,2018-09-24 23:00:00,1.0,9.391966e-05,0.0,6.9621645e-05,2.4545734e-05
294.30396,0.99657166,0.25751686,0.6940367,0.9782374,2018-09-25 00:00:00,1.0,0.00012313623,0.0,5.9382844e-05,6.379085e-05
292.6172,0.98810095,0.60450125,0.8371571,0.93840015,2018-09-25 01:00:00,1.0,0.0003257976,0.0,0.00020697677,0.00011841081
291.79443,0.93403494,0.33520526,0.5601141,0.862579,2018-09-25 02:00:00,1.0,0.00079521444,0.0,0.000602043,0.00019318057
289.59277,0.99550825,0.8426607,0.8683622,0.96818095,2018-09-25 03:00:00,1.0,0.0010290323,0.0,0.00078756385,0.00024123007
289.01367,0.9949467,0.94116837,0.74534506,0.86023664,2018-09-25 04:00:00,1.0,0.0006819861,0.0,0.0004965933,0.00018541158
288.385,0.8757462,0.8676043,0.3279574,0.02311356,2018-09-25 05:00:00,1.0,0.00011255617,0.0,8.4581174e-05,2.814611e-05
287.56934,0.8219609,0.78661954,0.2633505,0.1177178,2018-09-25 06:00:00,1.0,1.4841571e-05,0.0,2.4037363e-06,1.2857311e-05
286.95483,0.9557133,0.9499885,0.196226,0.07956809,2018-09-25 07:00:00,1.0,6.369356e-06,0.0,2.4492292e-06,3.2808148e-06
286.5232,1.0,1.0,0.11331302,0.027692575,2018-09-25 08:00:00,1.0,3.3545102e-06,0.0,2.4803137e-07,3.2212047e-06
285.49243,1.0,1.0,0.03457791,0.0,2018-09-25 09:00:00,1.0,2.213712e-06,0.0,0.0,2.213712e-06
284.48608,0.9739971,0.96536237,0.012903895,0.08593947,2018-09-25 10:00:00,1.0,1.1632492e-06,0.0,0.0,1.0491694e-06
284.40918,1.0,1.0,0.29722226,0.16396159,2018-09-25 11:00:00,1.0,2.079114e-06,0.0,0.0,1.8695382e-06
284.33423,1.0,1.0,0.29053682,0.0,2018-09-25 12:00:00,1.0,7.055769e-06,0.0,0.0,7.055769e-06
284.25537,1.0,1.0,0.12708116,0.02561723,2018-09-25 13:00:00,0.0,3.757652e-06,0.0,0.0,3.757652e-06
284.42188,1.0,1.0,0.8369709,0.3452462,2018-09-25 14:00:00,0.0,1.6009844e-06,0.0,0.0,1.5824007e-06
284.39062,1.0,1.0,0.9383663,0.7989176,2018-09-25 15:00:00,1.0,7.279459e-05,0.0,0.0,7.279459e-05
283.89453,0.997629,0.88997793,0.89780086,0.9852842,2018-09-25 16:00:00,1.0,0.0005987643,0.0,4.0495734e-06,0.0005948008
283.6289,1.0,0.95226336,0.9966217,0.9617664,2018-09-25 17:00:00,1.0,0.0010943692,0.0,0.0,0.0010942551
283.9319,1.0,0.8973256,1.0,0.6003835,2018-09-25 18:00:00,1.0,0.0004429284,0.0,0.0,0.00044254703
284.37183,0.99174684,0.93349373,0.97202826,0.017813325,2018-09-25 19:00:00,1.0,0.00040716073,0.0,2.5670655e-05,0.0003813852
284.70898,0.970356,0.912422,0.85654426,0.0,2018-09-25 20:00:00,1.0,0.00023462209,0.0,4.157635e-05,0.00019307456
284.94727,0.9683973,0.8487585,0.9344778,0.0,2018-09-25 21:00:00,1.0,9.680225e-05,0.0,1.2040062e-05,8.452377e-05
284.989,0.6008115,0.37531078,0.48612988,0.0,2018-09-25 22:00:00,1.0,3.9240942e-05,0.0,4.0089236e-07,3.8706406e-05
285.04102,0.58428234,0.5712925,0.034105897,0.0,2018-09-25 23:00:00,0.0,4.4985345e-06,0.0,4.0089236e-07,3.964011e-06
284.635,0.9168439,0.9168439,0.0,0.0,2018-09-26 00:00:00,0.0,0.0,0.0,0.0,0.0
284.24634,0.56284124,0.56284124,0.0,0.0,2018-09-26 01:00:00,0.0,0.0,0.0,0.0,0.0
283.417,0.48208517,0.48208517,0.02854798,0.0,2018-09-26 02:00:00,0.0,0.0,0.0,0.0,0.0
282.46826,0.46181518,0.46181518,0.017723843,0.0,2018-09-26 03:00:00,0.0,0.0,0.0,0.0,0.0
282.29492,0.22443974,0.22443974,0.0,0.0,2018-09-26 04:00:00,0.0,0.0,0.0,0.0,0.0
282.2527,0.19032633,0.1844936,0.022983648,0.0,2018-09-26 05:00:00,0.0,0.0,0.0,0.0,0.0
282.3745,0.32169694,0.31320298,0.16396856,0.0,2018-09-26 06:00:00,0.0,0.0,0.0,0.0,0.0
282.76025,0.6399403,0.60760134,0.48284984,0.0,2018-09-26 07:00:00,0.0,0.0,0.0,0.0,0.0
282.49365,0.56597173,0.535561,0.49616712,0.0,2018-09-26 08:00:00,0.0,0.0,0.0,0.0,0.0
282.115,0.5575211,0.31281704,0.5312478,0.0,2018-09-26 09:00:00,0.0,9.549569e-08,0.0,4.7747868e-08,0.0
280.4353,0.2488563,0.06928331,0.24226063,0.0,2018-09-26 10:00:00,0.0,1.9099144e-07,0.0,2.3873935e-07,0.0
280.26147,0.042476173,0.0116129555,0.03641228,0.0,2018-09-26 11:00:00,0.0,0.0,0.0,0.0,0.0
280.30664,0.004235424,0.0015890491,0.004235424,0.0,2018-09-26 12:00:00,0.0,0.0,0.0,0.0,0.0
280.4834,0.020870697,0.0082530975,0.019245744,0.0,2018-09-26 13:00:00,0.0,0.0,0.0,0.0,0.0
281.67505,0.4486102,0.4486102,0.011206936,0.0,2018-09-26 14:00:00,0.0,0.0,0.0,0.0,0.0
284.437,0.6990345,0.6990345,0.0067320913,0.0,2018-09-26 15:00:00,1.0,6.18778e-05,0.0,6.158202e-05,3.050713e-07
285.73828,0.3081805,0.22573549,0.2651769,0.0,2018-09-26 16:00:00,1.0,7.907963e-05,0.0,7.749724e-05,1.3151393e-06
286.99316,0.3548727,0.3304938,0.1406725,0.0,2018-09-26 17:00:00,1.0,3.33785e-06,0.0,3.1564714e-06,0.0
287.6294,0.54725295,0.5438918,0.050480068,0.0,2018-09-26 18:00:00,0.0,0.0,0.0,0.0,0.0
288.27905,0.67140895,0.4887061,0.55214113,0.0,2018-09-26 19:00:00,0.0,1.9099144e-07,0.0,1.5253562e-07,0.0
288.9646,0.5589069,0.46231914,0.46019536,0.0,2018-09-26 20:00:00,0.0,0.0,0.0,0.0,0.0
289.23364,0.33734637,0.14223498,0.25521642,0.0,2018-09-26 21:00:00,0.0,0.0,0.0,0.0,0.0
288.37842,0.004207764,0.004207764,0.0,0.0,2018-09-26 22:00:00,0.0,0.0,0.0,0.0,0.0
288.17432,0.0,0.0,0.0,0.0,2018-09-26 23:00:00,0.0,0.0,0.0,0.0,0.0
286.6941,0.0,0.0,0.0,0.0,2018-09-27 00:00:00,0.0,0.0,0.0,0.0,0.0
285.07153,0.034988906,0.0,0.0,0.034988906,2018-09-27 01:00:00,0.0,0.0,0.0,0.0,0.0
285.09766,0.22318143,0.0,0.0,0.22318143,2018-09-27 02:00:00,0.0,0.0,0.0,0.0,0.0
284.43164,0.89193153,0.0,0.023421198,0.89193153,2018-09-27 03:00:00,0.0,0.0,0.0,0.0,0.0
284.62988,0.96869093,0.0,0.10972607,0.96869093,2018-09-27 04:00:00,0.0,0.0,0.0,0.0,0.0
285.03955,0.9842654,0.0,0.3274452,0.97763723,2018-09-27 05:00:00,0.0,0.0,0.0,0.0,0.0
285.75098,0.9949968,0.0,0.43780643,0.99001795,2018-09-27 06:00:00,0.0,0.0,0.0,0.0,0.0
286.05664,0.9699653,0.0,0.61089474,0.92694867,2018-09-27 07:00:00,0.0,0.0,0.0,0.0,0.0
285.92383,0.98707336,0.0,0.87038976,0.96126616,2018-09-27 08:00:00,0.0,1.0690464e-05,0.0,1.0824094e-05,0.0
286.03223,1.0,0.0,0.8765226,0.99946827,2018-09-27 09:00:00,0.0,3.2071384e-06,0.0,3.3885171e-06,0.0
285.7942,0.99627113,0.0,0.9686204,0.98509824,2018-09-27 10:00:00,0.0,1.3811608e-05,0.0,1.4125972e-05,0.0
285.91846,0.9955251,0.0,0.9728659,0.9420403,2018-09-27 11:00:00,0.0,7.639659e-07,0.0,8.5946164e-07,0.0
285.85986,0.95388234,0.0,0.07815319,0.9512299,2018-09-27 12:00:00,0.0,0.0,0.0,0.0,0.0
285.8025,0.96398735,0.0,0.08052635,0.9623624,2018-09-27 13:00:00,0.0,0.0,0.0,0.0,0.0
286.32202,0.95152587,0.0,0.43901575,0.92479414,2018-09-27 14:00:00,0.0,0.0,0.0,0.0,0.0
287.7505,1.0,0.0,0.95980555,1.0,2018-09-27 15:00:00,0.0,0.0,0.0,0.0,0.0
288.1477,1.0,0.0,0.9283175,1.0,2018-09-27 16:00:00,0.0,0.0,0.0,0.0,0.0
288.41382,1.0,0.0,0.995108,1.0,2018-09-27 17:00:00,0.0,6.6847014e-07,0.0,0.0,6.6847014e-07
288.83936,1.0,0.0,0.99001795,1.0,2018-09-27 18:00:00,0.0,6.6847014e-07,0.0,0.0,6.6847014e-07
288.8584,1.0,0.0066281483,0.98216486,1.0,2018-09-27 19:00:00,1.0,4.4872722e-05,0.0,0.0,4.4719534e-05
289.0271,0.99657166,0.051842645,0.97571063,0.9931373,2018-09-27 20:00:00,1.0,5.4470947e-05,0.0,3.7572085e-05,1.7032813e-05
288.55127,0.99627113,0.12413865,0.82806885,0.9875391,2018-09-27 21:00:00,1.0,6.6364926e-05,0.0,6.1035127e-05,4.976663e-06
286.91992,0.9810066,0.017167818,0.96226704,0.72049487,2018-09-27 22:00:00,1.0,0.00011877333,0.0,9.793673e-05,2.0836582e-05
286.6372,0.98765516,0.0848701,0.7366559,0.96973294,2018-09-27 23:00:00,1.0,1.1822839e-05,0.0,6.2190657e-06,5.7374036e-06
286.28613,0.95859283,0.2517681,0.7072277,0.9243933,2018-09-28 00:00:00,0.0,5.345836e-06,0.0,4.839835e-06,2.864872e-07
285.7849,1.0,0.17951196,0.56781906,1.0,2018-09-28 01:00:00,0.0,0.0,0.0,0.0,0.0
284.83887,1.0,0.0,0.3358897,1.0,2018-09-28 02:00:00,0.0,0.0,0.0,0.0,0.0
283.63354,0.99174684,0.0023709626,0.27866942,0.99174684,2018-09-28 03:00:00,0.0,0.0,0.0,0.0,0.0
283.3142,0.9966217,0.0,0.46523857,0.9966217,2018-09-28 04:00:00,0.0,0.0,0.0,0.0,0.0
283.03418,0.98847985,0.039805725,0.7306413,0.98302215,2018-09-28 05:00:00,0.0,0.0,0.0,0.0,0.0
282.37085,0.9508491,0.0847736,0.74493897,0.94874525,2018-09-28 06:00:00,0.0,0.0,0.0,0.0,0.0
282.03638,0.99174684,0.008701935,0.99174684,0.9351688,2018-09-28 07:00:00,0.0,0.0,0.0,0.0,0.0
281.85767,0.93156224,0.032109924,0.9255716,0.43111992,2018-09-28 08:00:00,0.0,0.0,0.0,0.0,0.0
280.9702,0.26514614,0.020037036,0.1876576,0.09020913,2018-09-28 09:00:00,0.0,0.0,0.0,0.0,0.0
279.46313,0.21609896,0.023688022,0.0,0.19690263,2018-09-28 10:00:00,0.0,0.0,0.0,0.0,0.0
279.271,0.17549264,0.012267008,0.0,0.16377443,2018-09-28 11:00:00,0.0,0.0,0.0,0.0,0.0
279.0652,0.33880925,0.0,0.0,0.33880925,2018-09-28 12:00:00,1.0,0.0,0.0,0.0,0.0
279.29517,0.4199502,0.012995917,0.0,0.4074787,2018-09-28 13:00:00,1.0,0.0,0.0,0.0,0.0
280.15186,0.2268365,0.009634774,0.0,0.2201215,2018-09-28 14:00:00,0.0,0.0,0.0,0.0,0.0
282.15527,0.08111739,0.0010573287,0.0,0.08111739,2018-09-28 15:00:00,0.0,0.0,0.0,0.0,0.0
283.2063,0.27597344,0.24446785,0.0,0.033626337,2018-09-28 16:00:00,0.0,2.6726156e-07,0.0,2.6726156e-07,0.0
284.02124,0.88595635,0.2729712,0.88595635,0.015364882,2018-09-28 17:00:00,1.0,5.3452317e-07,0.0,6.68154e-07,0.0
284.63257,0.6830689,0.17191023,0.6764407,0.0,2018-09-28 18:00:00,1.0,3.188332e-05,0.0,3.187402e-05,0.0
284.4995,0.6105294,0.22794688,0.5893261,0.0,2018-09-28 19:00:00,0.0,4.273582e-06,0.0,4.407213e-06,0.0
284.98975,0.60888284,0.1025362,0.60888284,0.0,2018-09-28 20:00:00,0.0,0.0,0.0,0.0,0.0
285.33496,0.69302994,0.13795334,0.68978006,0.0,2018-09-28 21:00:00,0.0,0.0,0.0,0.0,0.0
283.68262,0.3539461,0.19700074,0.3318019,0.0,2018-09-28 22:00:00,0.0,0.0,0.0,0.0,0.0
283.24,0.3387097,0.2180196,0.31314504,0.0,2018-09-28 23:00:00,0.0,0.0,0.0,0.0,0.0
282.21655,0.48641783,0.25535995,0.47731483,0.0,2018-09-29 00:00:00,0.0,0.0,0.0,0.0,0.0
281.1045,0.0033782488,0.0,0.0033782488,0.0,2018-09-29 01:00:00,0.0,0.0,0.0,0.0,0.0
280.364,0.0,0.0,0.0,0.0,2018-09-29 02:00:00,0.0,0.0,0.0,0.0,0.0
278.3291,0.0,0.0,0.0,0.0,2018-09-29 03:00:00,0.0,0.0,0.0,0.0,0.0
277.7556,0.0,0.0,0.0,0.0,2018-09-29 04:00:00,0.0,0.0,0.0,0.0,0.0
277.1919,0.4469651,0.0,0.0,0.4469651,2018-09-29 05:00:00,0.0,0.0,0.0,0.0,0.0
276.48853,0.27391344,0.0,0.0,0.27391344,2018-09-29 06:00:00,0.0,0.0,0.0,0.0,0.0
276.15674,0.02198971,0.0,0.0,0.02198971,2018-09-29 07:00:00,0.0,0.0,0.0,0.0,0.0
276.0647,0.2878601,0.0,0.004474845,0.2878601,2018-09-29 08:00:00,0.0,0.0,0.0,0.0,0.0
275.5315,0.1174435,0.0,0.07247037,0.074945986,2018-09-29 09:00:00,0.0,0.0,0.0,0.0,0.0
275.45117,0.3929891,0.0,0.38299644,0.018366806,2018-09-29 10:00:00,0.0,0.0,0.0,0.0,0.0
275.0791,0.6587534,0.0,0.6455763,0.3545344,2018-09-29 11:00:00,0.0,0.0,0.0,0.0,0.0
275.0686,0.98438,0.0,0.98275506,0.362818,2018-09-29 12:00:00,0.0,0.0,0.0,0.0,0.0
275.97192,0.992347,0.0,0.9633485,0.8356282,2018-09-29 13:00:00,0.0,0.0,0.0,0.0,0.0
276.34302,0.9944678,0.0,0.9614672,0.9773009,2018-09-29 14:00:00,0.0,3.110983e-06,0.0,3.110983e-06,0.0
277.8933,0.9989426,0.0,0.99155676,0.9855012,2018-09-29 15:00:00,0.0,3.202611e-06,0.0,3.3362421e-06,0.0
278.62524,1.0,0.0,0.98946124,0.98092914,2018-09-29 16:00:00,1.0,5.8342002e-06,0.0,0.0,5.8342002e-06
278.88257,0.9944678,0.0,0.96418667,0.90778226,2018-09-29 17:00:00,1.0,2.7300164e-05,0.0,0.0,2.7300164e-05
279.59058,0.97179544,0.0,0.9673035,0.28453213,2018-09-29 18:00:00,1.0,2.6612455e-05,0.0,0.0,2.6612455e-05
279.8164,0.9761236,0.0,0.9761236,0.0,2018-09-29 19:00:00,1.0,2.5485075e-05,0.0,6.101426e-07,2.5237692e-05
280.09326,0.9523479,0.0,0.9523479,0.0,2018-09-29 20:00:00,1.0,2.9966337e-05,0.0,2.3447647e-05,6.5186796e-06
280.21167,0.95132995,0.0037288337,0.95132995,0.0,2018-09-29 21:00:00,1.0,2.0412917e-05,0.0,1.6904582e-05,3.5653775e-06
280.83276,0.98652846,0.026136044,0.98652846,0.018759523,2018-09-29 22:00:00,0.0,9.536743e-07,0.0,0.0,9.72258e-07
280.66528,1.0,0.020821273,0.9905219,0.2996099,2018-09-29 23:00:00,0.0,0.0,0.0,0.0,0.0
280.54346,0.9905219,0.021692082,0.9871681,0.6902316,2018-09-30 00:00:00,1.0,0.0,0.0,0.0,0.0
280.48315,0.99315417,0.07556474,0.97310394,0.79017246,2018-09-30 01:00:00,0.0,2.516208e-06,0.0,0.0,2.516208e-06
280.3855,1.0,0.0922125,1.0,0.8429813,2018-09-30 02:00:00,1.0,9.908417e-07,0.0,0.0,9.908417e-07
280.2849,0.9955251,0.21898103,0.9905219,0.6677684,2018-09-30 03:00:00,1.0,1.2600376e-06,0.0,0.0,1.2600376e-06
280.31323,0.9832786,0.32439435,0.97991747,0.31652915,2018-09-30 04:00:00,1.0,5.4977536e-06,0.0,0.0,5.4977536e-06
280.14453,1.0,0.6820425,0.988393,0.90420437,2018-09-30 05:00:00,0.0,1.6035692e-06,0.0,0.0,1.6035692e-06
279.9077,1.0,0.8399402,0.9800116,0.91639453,2018-09-30 06:00:00,1.0,2.6726156e-07,0.0,0.0,2.6726156e-07
280.23364,0.9966217,0.8504436,0.98448306,0.52703446,2018-09-30 07:00:00,0.0,3.627573e-07,0.0,0.0,3.627573e-07
280.07056,1.0,0.976428,1.0,0.818278,2018-09-30 08:00:00,0.0,0.0,0.0,0.0,0.0
280.20605,1.0,1.0,1.0,0.97663,2018-09-30 09:00:00,0.0,4.5825306e-07,0.0,0.0,4.5825306e-07
280.41553,1.0,0.99289286,0.9670904,0.980498,2018-09-30 10:00:00,0.0,1.432436e-06,0.0,0.0,1.432436e-06
280.45825,1.0,1.0,0.68787724,0.96262705,2018-09-30 11:00:00,0.0,0.0,0.0,0.0,0.0
280.4673,1.0,1.0,0.9223241,0.9256569,2018-09-30 12:00:00,0.0,9.549569e-08,0.0,0.0,9.549569e-08
280.4812,0.99289286,0.7791556,0.9671212,0.9905219,2018-09-30 13:00:00,0.0,3.8198294e-07,0.0,0.0,3.8198294e-07
280.88477,1.0,0.16202879,0.95558447,0.9989426,2018-09-30 14:00:00,0.0,9.549569e-08,0.0,0.0,9.549569e-08
282.08423,0.9966217,0.2898001,0.9506376,0.9855824,2018-09-30 15:00:00,1.0,0.000103848724,0.0,9.9554934e-05,4.483818e-06
282.58032,0.99946827,0.7378255,0.9865164,0.9947011,2018-09-30 16:00:00,1.0,0.0001498623,0.0,0.000109342975,4.0500425e-05
282.9087,1.0,0.9730741,0.9168678,0.9947011,2018-09-30 17:00:00,0.0,9.525144e-05,0.0,0.0,9.534694e-05
283.5608,1.0,0.96213007,0.74455357,0.983603,2018-09-30 18:00:00,0.0,6.900684e-05,0.0,0.0,6.900684e-05
283.73975,0.99627113,0.47640365,0.5856653,0.9848894,2018-09-30 19:00:00,1.0,3.0190873e-05,0.0,1.6971098e-05,1.308614e-05
284.0017,0.9836776,0.2266751,0.31591374,0.9551746,2018-09-30 20:00:00,0.0,0.000155574,0.0,0.00014401968,1.1554322e-05
284.1775,0.99629015,0.08120167,0.07849705,0.993112,2018-09-30 21:00:00,0.0,0.0,0.0,0.0,0.0
283.83594,0.9678796,0.0068879165,0.08800423,0.96236175,2018-09-30 22:00:00,0.0,0.0,0.0,0.0,0.0
283.38354,0.7026254,0.0,0.14010435,0.692144,2018-09-30 23:00:00,0.0,5.8342002e-06,0.0,5.8342002e-06,0.0
282.4895,0.5663258,0.0,0.23841041,0.49643862,2018-10-01 00:00:00,0.0,0.00015322109,0.0,0.00015320153,0.0
281.90137,0.5507548,0.0,0.08161479,0.5077675,2018-10-01 01:00:00,0.0,0.00038511818,0.0,0.0003851659,0.0
281.4104,0.6239329,0.0,0.16909522,0.5345212,2018-10-01 02:00:00,0.0,1.1554985e-05,0.0,1.1507236e-05,0.0
280.92432,0.43694592,0.0,0.32922858,0.169406,2018-10-01 03:00:00,0.0,0.0,0.0,0.0,0.0
280.4607,0.7846367,0.0,0.3419065,0.6400909,2018-10-01 04:00:00,0.0,0.0,0.0,0.0,0.0
280.29248,0.84782046,0.0,0.13536519,0.8178036,2018-10-01 05:00:00,0.0,0.0,0.0,0.0,0.0
279.86035,0.86654603,0.0,0.14354026,0.85572946,2018-10-01 06:00:00,0.0,0.0,0.0,0.0,0.0
279.61084,0.9551673,0.0,0.089298904,0.9417536,2018-10-01 07:00:00,0.0,0.0,0.0,0.0,0.0
279.63257,0.9250462,0.00053172023,0.08608401,0.92056054,2018-10-01 08:00:00,0.0,0.0,0.0,0.0,0.0
278.97168,0.97361875,0.013244111,0.062702596,0.9636693,2018-10-01 09:00:00,0.0,0.0,0.0,0.0,0.0
280.0713,0.9266431,0.033019982,0.09855455,0.91868955,2018-10-01 10:00:00,1.0,0.0,0.0,0.0,0.0
280.1714,0.9915292,0.18593669,0.7831979,0.9670808,2018-10-01 11:00:00,0.0,0.00021896612,0.0,0.00021890907,0.0
280.47412,0.96568763,0.44211805,0.5101698,0.8295383,2018-10-01 12:00:00,0.0,0.00010138686,0.0,0.00010132982,0.0
280.46045,0.9813972,0.77054733,0.41108865,0.925302,2018-10-01 13:00:00,0.0,9.549569e-08,0.0,0.0,9.549569e-08
281.24512,1.0,0.9650191,0.7861422,0.96060205,2018-10-01 14:00:00,0.0,4.774787e-07,0.0,0.0,5.7297444e-07
281.6328,1.0,1.0,0.9788243,0.9949968,2018-10-01 15:00:00,1.0,5.899604e-06,0.0,0.0,5.899604e-06
281.72852,1.0,1.0,0.92472047,0.9881534,2018-10-01 16:00:00,1.0,0.0001220674,0.0,5.0183444e-05,7.197945e-05
281.7744,1.0,1.0,0.8543902,0.97947925,2018-10-01 17:00:00,1.0,0.0004495564,0.0,0.00028582057,0.0001639263
281.96753,1.0,1.0,1.0,0.996307,2018-10-01 18:00:00,1.0,0.0003464187,0.0,5.0278497e-05,0.00029618805
282.31348,1.0,1.0,0.8626103,0.60148424,2018-10-01 19:00:00,1.0,0.0006784261,0.0,0.0001789598,0.0004991803
282.32495,1.0,1.0,0.6365812,0.057035886,2018-10-01 20:00:00,1.0,0.00017797273,0.0,0.0,0.00017770547
282.50635,1.0,1.0,0.65151215,0.0,2018-10-01 21:00:00,1.0,1.5763857e-05,0.0,0.0,1.587793e-05
282.39868,1.0,1.0,0.8814638,0.0,2018-10-01 22:00:00,1.0,1.4572321e-05,0.0,0.0,1.4572321e-05
282.1936,1.0,1.0,0.5866771,0.0,2018-10-01 23:00:00,1.0,2.364951e-06,0.0,0.0,2.0021935e-06
282.17285,1.0,1.0,0.33252293,0.0,2018-10-02 00:00:00,0.0,1.2209357e-06,0.0,0.0,1.2209357e-06
282.19702,1.0,1.0,0.042973064,0.0,2018-10-02 01:00:00,0.0,3.813414e-07,0.0,0.0,1.14079796e-07
282.3064,1.0,1.0,0.0,0.0,2018-10-02 02:00:00,1.0,0.0,0.0,0.0,0.0
282.43213,1.0,1.0,0.0,0.0,2018-10-02 03:00:00,1.0,0.0,0.0,0.0,0.0
282.39526,0.996307,0.996307,0.0,0.0,2018-10-02 04:00:00,1.0,9.908417e-07,0.0,0.0,8.767626e-07
282.14014,0.99287266,0.9918153,0.0,0.04257797,2018-10-02 05:00:00,1.0,9.908417e-07,0.0,0.0,8.767626e-07
281.8921,0.9944509,0.99338746,0.0,0.41203964,2018-10-02 06:00:00,1.0,1.2786213e-06,0.0,0.0,1.2786213e-06
281.68115,1.0,0.9875882,0.0,0.57250696,2018-10-02 07:00:00,1.0,7.6332435e-07,0.0,0.0,7.6332435e-07
281.79565,0.9966217,0.978418,0.0,0.8778949,2018-10-02 08:00:00,1.0,6.2989056e-06,0.0,0.0,6.0316443e-06
281.1455,1.0,0.9899592,0.0,0.9665572,2018-10-02 09:00:00,1.0,2.8821914e-06,0.0,0.0,2.6149291e-06
281.71558,0.9966217,0.9932679,0.0,0.8924763,2018-10-02 10:00:00,1.0,2.250229e-06,0.0,0.0,2.250229e-06
281.8933,1.0,0.9853119,0.0,0.5223353,2018-10-02 11:00:00,1.0,2.8802478e-06,0.0,0.0,3.1475101e-06
281.74976,0.93271106,0.9218752,0.0,0.17046857,2018-10-02 12:00:00,1.0,1.983618e-06,0.0,0.0,1.983618e-06
281.79248,0.95108944,0.89319056,0.0,0.38285226,2018-10-02 13:00:00,1.0,1.0863378e-06,0.0,0.0,1.0863378e-06
282.30566,0.83400875,0.83400875,0.0,0.0057492107,2018-10-02 14:00:00,1.0,2.6495136e-06,0.0,0.0,2.535433e-06
282.9458,0.9663347,0.9663347,0.0,0.0,2018-10-02 15:00:00,1.0,1.7541661e-06,0.0,0.0,2.135508e-06
283.31055,1.0,1.0,0.0,0.0,2018-10-02 16:00:00,1.0,6.118754e-06,0.0,0.0,5.8514925e-06
283.7151,1.0,1.0,0.0,0.149926,2018-10-02 17:00:00,0.0,8.3959446e-07,0.0,0.0,8.3959446e-07
284.22632,1.0,1.0,0.0,0.76474446,2018-10-02 18:00:00,0.0,1.4862635e-06,0.0,0.0,1.4862635e-06
284.5205,1.0,1.0,0.0,0.6910515,2018-10-02 19:00:00,0.0,0.0,0.0,0.0,0.0
284.81274,1.0,1.0,0.0,0.36384237,2018-10-02 20:00:00,0.0,9.549569e-08,0.0,0.0,9.549569e-08
285.24756,1.0,1.0,0.050358225,0.8868286,2018-10-02 21:00:00,0.0,0.0,0.0,0.0,0.0
284.89697,1.0,1.0,0.037011504,0.9906323,2018-10-02 22:00:00,0.0,0.0,0.0,0.0,0.0
284.9143,1.0,1.0,0.021825816,0.9756867,2018-10-02 23:00:00,0.0,0.0,0.0,0.0,0.0
284.67212,1.0,0.9947263,0.10859865,0.98927194,2018-10-03 00:00:00,1.0,8.3959446e-07,0.0,0.0,8.3959446e-07
284.75244,1.0,0.993112,0.1584565,0.7985707,2018-10-03 01:00:00,1.0,0.0024439476,0.0,0.002437916,5.6118424e-06
284.64282,1.0,1.0,0.85344124,0.99629015,2018-10-03 02:00:00,1.0,0.0020056984,0.0,0.0018943953,0.0001111411
284.9016,1.0,1.0,0.5482464,1.0,2018-10-03 03:00:00,1.0,0.00012151865,0.0,0.0,0.00012151865
284.8811,1.0,1.0,0.18806559,1.0,2018-10-03 04:00:00,1.0,0.000102658625,0.0,0.0,0.0001028682
285.06494,1.0,1.0,0.058230165,0.9978961,2018-10-03 05:00:00,1.0,0.0002449914,0.0,0.0,0.00024489593
285.31177,1.0,1.0,0.0654338,0.84239894,2018-10-03 06:00:00,1.0,0.0004065493,0.0,0.0,0.00040628202
285.6411,1.0,1.0,0.096198976,0.63163066,2018-10-03 07:00:00,1.0,0.00027156575,0.0,0.0,0.00027156575
286.0691,0.99629015,0.9952328,0.1365478,0.12891096,2018-10-03 08:00:00,1.0,0.00016357067,0.0,1.432436e-07,0.00016337968
287.16406,0.9875799,0.98333836,0.055039603,0.30326265,2018-10-03 09:00:00,1.0,7.8635625e-05,0.0,0.0,7.8635625e-05
287.22388,0.9522743,0.94594336,0.0472205,0.30208802,2018-10-03 10:00:00,1.0,8.124288e-05,0.0,0.0,8.124288e-05
287.28198,0.9340633,0.89139956,0.06795555,0.27942777,2018-10-03 11:00:00,1.0,0.0013795199,0.0,0.0013550948,2.4367982e-05
287.58862,0.81938934,0.769076,0.23063844,0.11688936,2018-10-03 12:00:00,1.0,0.0026115759,0.0,0.0025617913,5.007998e-05
288.3274,0.6938087,0.52934325,0.33542955,0.11290926,2018-10-03 13:00:00,1.0,0.0014852954,0.0,0.0014437288,4.172833e-05
290.4414,0.5061902,0.39786375,0.2248227,0.0,2018-10-03 14:00:00,1.0,0.00025067874,0.0,0.00023174642,1.8932435e-05
293.0681,0.32524192,0.25219274,0.12602222,0.0,2018-10-03 15:00:00,1.0,3.5747304e-05,0.0,2.852171e-05,7.0160168e-06
293.88818,0.43210334,0.2811296,0.1995545,0.0,2018-10-03 16:00:00,1.0,0.00100207,0.0,0.0009795062,2.220177e-05
294.08472,1.0,1.0,0.3161674,0.24146777,2018-10-03 17:00:00,1.0,0.0035194685,0.0,0.0034942364,2.490764e-05
294.33984,0.98370636,0.9752908,0.44180924,0.5317439,2018-10-03 18:00:00,1.0,0.0043566227,0.0,0.004338257,1.8328734e-05
294.74023,1.0,1.0,0.35918278,0.4700657,2018-10-03 19:00:00,1.0,0.0005525956,0.0,0.00054366165,8.352343e-06
295.21484,1.0,1.0,0.40874618,0.0082530975,2018-10-03 20:00:00,1.0,0.0010625438,0.0,0.0009775683,8.5033214e-05
297.2163,0.7345569,0.7084159,0.41145253,0.0,2018-10-03 21:00:00,1.0,4.8052854e-05,0.0,2.1709595e-05,2.678165e-05
296.63354,0.95901847,0.71079826,0.3581779,0.8425025,2018-10-03 22:00:00,1.0,0.00062400894,0.0,0.000492512,0.00013130641
295.0144,0.89269793,0.84456223,0.5282219,0.0,2018-10-03 23:00:00,0.0,0.00021834525,0.0,9.709355e-05,0.000121337565
292.9524,0.99627113,0.99627113,0.16947132,0.0,2018-10-04 00:00:00,0.0,1.868757e-05,0.0,5.901142e-06,1.2432973e-05
290.1499,0.985126,0.985126,0.0,0.0,2018-10-04 01:00:00,0.0,1.9099144e-07,0.0,0.0,2.0957555e-07
286.594,0.97816414,0.974803,0.063810825,0.0,2018-10-04 02:00:00,0.0,0.0,0.0,0.0,0.0
282.3755,0.90615857,0.90615857,0.0,0.0,2018-10-04 03:00:00,0.0,0.0,0.0,0.0,0.0
279.62744,0.83790207,0.83790207,0.0,0.0,2018-10-04 04:00:00,0.0,0.0,0.0,0.0,0.0
278.4956,0.8511042,0.8511042,0.0,0.0,2018-10-04 05:00:00,0.0,0.0,0.0,0.0,0.0
277.9751,0.8933737,0.8933737,0.0,0.0,2018-10-04 06:00:00,0.0,0.0,0.0,0.0,0.0
277.68604,0.69786096,0.69786096,0.0,0.0,2018-10-04 07:00:00,0.0,0.0,0.0,0.0,0.0
277.6167,0.5197289,0.5197289,0.0,0.0,2018-10-04 08:00:00,0.0,0.0,0.0,0.0,0.0
276.49023,0.25292856,0.25292856,0.0,0.0,2018-10-04 09:00:00,0.0,0.0,0.0,0.0,0.0
275.5547,0.090287805,0.090287805,0.0,0.0,2018-10-04 10:00:00,0.0,0.0,0.0,0.0,0.0
275.44775,0.013344593,0.013344593,0.0,0.0,2018-10-04 11:00:00,0.0,0.0,0.0,0.0,0.0
275.6692,0.0,0.0,0.0,0.0,2018-10-04 12:00:00,0.0,0.0,0.0,0.0,0.0
275.07788,0.0,0.0,0.0,0.0,2018-10-04 13:00:00,0.0,0.0,0.0,0.0,0.0
276.3811,0.010822706,0.010822706,0.0,0.0,2018-10-04 14:00:00,0.0,0.0,0.0,0.0,0.0
278.85205,0.030505095,0.018839661,0.0,0.011682536,2018-10-04 15:00:00,0.0,0.0,0.0,0.0,0.0
279.9734,0.7252472,0.013368163,0.0,0.7174112,2018-10-04 16:00:00,0.0,0.0,0.0,0.0,0.0
280.8457,0.09736788,0.0,0.0,0.09736788,2018-10-04 17:00:00,0.0,0.0,0.0,0.0,0.0
281.17676,0.3366747,0.0,0.0,0.3366747,2018-10-04 18:00:00,0.0,0.0,0.0,0.0,0.0
281.79175,0.998375,0.0,0.0026356035,0.998375,2018-10-04 19:00:00,0.0,0.0,0.0,0.0,0.0
281.78467,1.0,0.0,0.105024755,1.0,2018-10-04 20:00:00,0.0,0.0,0.0,0.0,0.0
281.96777,1.0,0.0,0.4063809,1.0,2018-10-04 21:00:00,0.0,0.0,0.0,0.0,0.0
281.4431,1.0,0.0,0.41340488,1.0,2018-10-04 22:00:00,0.0,0.0,0.0,0.0,0.0
281.06958,1.0,0.0,0.4145205,0.99289286,2018-10-04 23:00:00,0.0,0.00019029701,0.0,0.00014299573,4.7129186e-05
280.7434,1.0,0.0,0.99841094,1.0,2018-10-05 00:00:00,0.0,2.6285576e-05,0.0,0.0,2.6285576e-05
280.46704,1.0,0.0,0.98336357,0.9949934,2018-10-05 01:00:00,1.0,3.996343e-05,0.0,3.7875667e-05,2.135499e-06
279.7832,1.0,0.0,0.9655706,0.9694764,2018-10-05 02:00:00,1.0,0.00069106277,0.0,0.0006909291,0.0
279.46777,1.0,0.0,1.0,0.9041215,2018-10-05 03:00:00,1.0,0.0005530601,0.0,0.0005443501,8.6241225e-06
279.38672,1.0,0.0,1.0,0.93365955,2018-10-05 04:00:00,1.0,0.0005545721,0.0,0.0004953868,5.927148e-05
279.1023,1.0,0.0,1.0,0.7893191,2018-10-05 05:00:00,1.0,0.00048613036,0.0,0.00039032917,9.5638694e-05
279.40234,1.0,0.0,1.0,0.3134215,2018-10-05 06:00:00,1.0,0.00034577376,0.0,0.0002674139,7.8312034e-05
279.729,1.0,0.0,1.0,0.08105165,2018-10-05 07:00:00,1.0,0.00012475775,0.0,6.5458706e-05,5.9327867e-05
279.8723,1.0,0.0,1.0,0.24314922,2018-10-05 08:00:00,1.0,0.00051450403,0.0,0.00039468263,0.00011950631
279.8806,1.0,0.28680074,1.0,0.19719356,2018-10-05 09:00:00,1.0,0.0004994937,0.0,0.00026916713,0.00023026882
279.27563,0.99525803,0.8996209,0.9668211,0.13206083,2018-10-05 10:00:00,1.0,0.00033468404,0.0,1.7108454e-05,0.00031747995
279.5791,1.0,1.0,0.99001795,0.087647915,2018-10-05 11:00:00,1.0,0.0003795307,0.0,1.6583499e-06,0.00037806318
279.73584,1.0,1.0,0.9966217,0.0,2018-10-05 12:00:00,1.0,0.00012824318,0.0,0.0,0.00012824318
279.91602,1.0,1.0,1.0,0.0,2018-10-05 13:00:00,1.0,7.000008e-06,0.0,0.0,7.000008e-06
280.02954,1.0,1.0,0.9736346,0.0,2018-10-05 14:00:00,1.0,1.2972059e-06,0.0,0.0,1.4112857e-06
280.61792,1.0,1.0,0.612413,0.0,2018-10-05 15:00:00,1.0,1.7163566e-06,0.0,0.0,1.7163566e-06
280.7173,1.0,1.0,0.27431065,0.029659621,2018-10-05 16:00:00,1.0,1.1446655e-06,0.0,0.0,1.1446655e-06
281.32007,1.0,1.0,0.04401741,0.18785065,2018-10-05 17:00:00,1.0,1.4696134e-06,0.0,0.0,1.5836931e-06
281.91113,1.0,1.0,0.01609889,0.09658092,2018-10-05 18:00:00,0.0,1.6208605e-06,0.0,0.0,1.6208605e-06
282.58496,1.0,1.0,0.02698423,0.008732032,2018-10-05 19:00:00,1.0,0.0,0.0,0.0,0.0
282.81763,1.0,1.0,0.031602636,0.036209818,2018-10-05 20:00:00,1.0,0.0,0.0,0.0,0.0
283.5298,1.0,1.0,0.023645204,0.0015890491,2018-10-05 21:00:00,1.0,1.0690455e-06,0.0,0.0,1.0690455e-06
282.93774,1.0,1.0,0.004235424,0.013424534,2018-10-05 22:00:00,1.0,3.5852545e-06,0.0,0.0,3.5852545e-06
283.04492,1.0,1.0,0.007388301,0.0,2018-10-05 23:00:00,1.0,1.5974001e-05,0.0,6.8609194e-07,1.5364509e-05
282.63403,1.0,1.0,0.00053172023,0.0,2018-10-06 00:00:00,1.0,3.51457e-05,0.0,1.2113223e-06,3.4020268e-05
282.79175,1.0,1.0,0.024305,0.0,2018-10-06 01:00:00,1.0,4.610057e-05,0.0,2.450197e-06,4.3774708e-05
282.69287,1.0,1.0,0.21971953,0.0,2018-10-06 02:00:00,1.0,5.2050076e-05,0.0,1.0478777e-07,5.1954572e-05
282.49023,1.0,1.0,0.79159784,0.0,2018-10-06 03:00:00,1.0,7.628093e-06,0.0,1.9067068e-07,7.4185173e-06
282.5564,1.0,1.0,0.96196127,0.0,2018-10-06 04:00:00,1.0,1.2325977e-05,0.0,3.269599e-06,8.684329e-06
282.60327,1.0,1.0,0.55592537,0.0,2018-10-06 05:00:00,1.0,2.2255568e-05,0.0,1.1567807e-05,1.0182092e-05
282.6245,0.9957922,0.9957922,0.0026822793,0.0,2018-10-06 06:00:00,1.0,9.192569e-06,0.0,7.35252e-06,2.135508e-06
282.5708,1.0,1.0,0.03755192,0.0,2018-10-06 07:00:00,1.0,8.588201e-07,0.0,5.703991e-08,8.588201e-07
281.95142,1.0,1.0,0.01856688,0.011123341,2018-10-06 08:00:00,1.0,1.7945513e-06,0.0,1.3363075e-07,1.6413696e-06
281.22437,0.99946827,0.99946827,0.023169857,0.05818109,2018-10-06 09:00:00,0.0,1.9836089e-06,0.0,0.0,1.9836089e-06
280.3181,0.97429013,0.9684574,0.18352753,0.2710083,2018-10-06 10:00:00,0.0,1.14079796e-07,0.0,0.0,1.14079796e-07
280.23218,1.0,1.0,0.039159138,0.036033027,2018-10-06 11:00:00,0.0,2.864872e-07,0.0,0.0,2.864872e-07
279.99072,0.98879635,0.98879635,0.012968697,0.0058244728,2018-10-06 12:00:00,0.0,0.0,0.0,0.0,0.0
279.6089,0.9571727,0.9537383,0.00053172023,0.045473848,2018-10-06 13:00:00,0.0,0.0,0.0,0.0,0.0
279.61792,1.0,1.0,0.0,0.8107963,2018-10-06 14:00:00,0.0,0.0,0.0,0.0,0.0
279.5205,1.0,1.0,0.0,0.82967275,2018-10-06 15:00:00,0.0,0.0,0.0,0.0,0.0
279.4773,1.0,1.0,0.0,0.51667976,2018-10-06 16:00:00,0.0,0.0,0.0,0.0,0.0
279.75928,1.0,1.0,0.0,0.059274442,2018-10-06 17:00:00,0.0,0.0,0.0,0.0,0.0
280.2124,1.0,1.0,0.0,0.049640574,2018-10-06 18:00:00,0.0,0.0,0.0,0.0,0.0
280.40186,1.0,1.0,0.0,0.11499417,2018-10-06 19:00:00,0.0,0.0,0.0,0.0,0.0
280.60474,1.0,1.0,0.0,0.21024436,2018-10-06 20:00:00,0.0,0.0,0.0,0.0,0.0
280.96533,1.0,1.0,0.0,0.14312786,2018-10-06 21:00:00,0.0,0.0,0.0,0.0,0.0
280.8938,1.0,1.0,0.0,0.030274194,2018-10-06 22:00:00,0.0,0.0,0.0,0.0,0.0
280.84033,0.9989426,0.9989426,0.0,0.011281386,2018-10-06 23:00:00,0.0,0.0,0.0,0.0,0.0
280.73267,1.0,1.0,0.0,0.0010573287,2018-10-07 00:00:00,0.0,0.0,0.0,0.0,0.0
280.73535,0.98005795,0.98005795,0.0,0.0,2018-10-07 01:00:00,0.0,0.0,0.0,0.0,0.0
280.63403,0.934214,0.934214,0.0010573287,0.0,2018-10-07 02:00:00,0.0,0.0,0.0,0.0,0.0
280.58765,0.9289377,0.9289377,0.00053172023,0.0,2018-10-07 03:00:00,0.0,0.0,0.0,0.0,0.0
280.52832,0.8216617,0.8120269,0.00053172023,0.05551795,2018-10-07 04:00:00,0.0,0.0,0.0,0.0,0.0
280.37427,0.7798095,0.75175333,0.0010573287,0.13696223,2018-10-07 05:00:00,0.0,0.0,0.0,0.0,0.0
280.14868,0.8597555,0.82626396,0.0010573287,0.12163079,2018-10-07 06:00:00,0.0,0.0,0.0,0.0,0.0
280.427,0.79722106,0.71706253,0.004235424,0.2656966,2018-10-07 07:00:00,0.0,3.855742e-06,0.0,0.0,3.855742e-06
279.72217,0.7742872,0.64538103,0.02375763,0.28255826,2018-10-07 08:00:00,0.0,0.0,0.0,0.0,0.0
279.3225,0.72664315,0.4931578,0.05776274,0.42296565,2018-10-07 09:00:00,0.0,0.0,0.0,0.0,0.0
279.65454,0.58540237,0.4601112,0.062479634,0.17978513,2018-10-07 10:00:00,1.0,6.4860296e-07,0.0,0.0,6.4860296e-07
279.63623,0.61148065,0.42864478,0.09249759,0.2645678,2018-10-07 11:00:00,1.0,1.1831262e-06,0.0,0.0,1.1831262e-06
279.76538,0.7947206,0.50731355,0.2615931,0.52287686,2018-10-07 12:00:00,1.0,2.6726156e-07,0.0,0.0,2.6726156e-07
279.9331,0.85962766,0.3749187,0.4711393,0.59254634,2018-10-07 13:00:00,1.0,0.0,0.0,0.0,0.0
280.53882,1.0,0.33183008,0.6499535,0.9882647,2018-10-07 14:00:00,1.0,0.0,0.0,0.0,0.0
281.58618,0.99262244,0.5639292,0.2724908,0.99209684,2018-10-07 15:00:00,0.0,0.0,0.0,0.0,0.0
282.12744,1.0,0.9899067,0.4388367,1.0,2018-10-07 16:00:00,0.0,0.0,0.0,0.0,0.0
283.2268,1.0,1.0,0.22313416,1.0,2018-10-07 17:00:00,0.0,0.0,0.0,0.0,0.0
283.41724,1.0,1.0,0.16904217,1.0,2018-10-07 18:00:00,0.0,1.9099144e-07,0.0,0.0,1.9099144e-07
283.2854,1.0,1.0,0.26572484,1.0,2018-10-07 19:00:00,1.0,1.7535249e-06,0.0,0.0,1.4676789e-06
283.06885,1.0,1.0,0.6223231,1.0,2018-10-07 20:00:00,1.0,3.8198294e-07,0.0,0.0,5.915585e-07
282.76172,1.0,1.0,0.8526207,1.0,2018-10-07 21:00:00,0.0,1.1459488e-06,0.0,0.0,1.1459488e-06
282.79224,1.0,1.0,0.96133757,1.0,2018-10-07 22:00:00,0.0,1.3555236e-06,0.0,0.0,1.4510197e-06
282.64478,1.0,0.9970973,0.8494273,1.0,2018-10-07 23:00:00,0.0,2.0543652e-05,0.0,0.0,2.0543652e-05
282.45654,1.0,1.0,0.96085256,1.0,2018-10-08 00:00:00,0.0,2.917675e-05,0.0,0.0,2.890949e-05
282.30322,1.0,0.9966217,0.7785723,1.0,2018-10-08 01:00:00,1.0,7.5967164e-06,0.0,0.0,7.5967164e-06
282.1621,1.0,1.0,0.7227899,1.0,2018-10-08 02:00:00,1.0,9.5673866e-05,0.0,0.0,9.5673866e-05
281.9004,1.0,1.0,0.9820913,1.0,2018-10-08 03:00:00,1.0,0.00015232191,0.0,0.0,0.00015232191
281.71753,1.0,1.0,1.0,1.0,2018-10-08 04:00:00,1.0,9.112983e-05,0.0,0.0,9.112983e-05
281.4651,1.0,1.0,1.0,1.0,2018-10-08 05:00:00,1.0,8.697086e-05,0.0,0.0,8.697086e-05
281.27368,1.0,1.0,1.0,1.0,2018-10-08 06:00:00,1.0,6.258764e-05,0.0,0.0,6.258764e-05
281.46875,1.0,1.0,1.0,1.0,2018-10-08 07:00:00,1.0,0.0002206763,0.0,0.0,0.0002206763
281.3606,1.0,1.0,0.99841094,1.0,2018-10-08 08:00:00,1.0,9.870983e-05,0.0,0.0,9.844257e-05
281.26685,1.0,1.0,0.96224916,0.9949968,2018-10-08 09:00:00,1.0,9.729686e-06,0.0,0.0,1.0206523e-05
281.37402,1.0,1.0,0.99841094,1.0,2018-10-08 10:00:00,1.0,5.0941773e-05,0.0,0.0,5.08277e-05
281.3501,1.0,1.0,0.99946827,1.0,2018-10-08 11:00:00,1.0,5.724239e-05,0.0,0.0,5.724239e-05
281.31763,1.0,1.0,1.0,1.0,2018-10-08 12:00:00,1.0,0.00040351832,0.0,3.203799e-05,0.00037165196
281.31665,1.0,1.0,1.0,0.9949934,2018-10-08 13:00:00,1.0,0.00084510166,0.0,0.00019393822,0.0006509726
281.62427,1.0,1.0,1.0,0.9908225,2018-10-08 14:00:00,1.0,0.0007215149,0.0,0.0,0.0007215149
282.57422,1.0,1.0,1.0,1.0,2018-10-08 15:00:00,1.0,0.0005331598,0.0,0.0,0.0005331782
282.80518,1.0,1.0,1.0,1.0,2018-10-08 16:00:00,1.0,0.0004651216,0.0,0.0,0.0004651216
283.51733,1.0,1.0,1.0,1.0,2018-10-08 17:00:00,1.0,0.0004959018,0.0,0.0,0.0004959018
283.84863,1.0,1.0,0.9968219,0.96721846,2018-10-08 18:00:00,1.0,0.00034216186,0.0,0.0,0.00034216186
284.30005,1.0,1.0,0.9894336,0.99841094,2018-10-08 19:00:00,1.0,0.0005100693,0.0,1.7569502e-05,0.00049238536
284.6411,1.0,1.0,0.9941755,0.98102975,2018-10-08 20:00:00,1.0,0.00035063107,0.0,0.0,0.00035089836
284.79883,1.0,1.0,0.9607043,0.7416426,2018-10-08 21:00:00,1.0,6.023892e-05,0.0,0.0,6.023892e-05
284.03418,1.0,1.0,0.890713,0.9280617,2018-10-08 22:00:00,1.0,2.0066931e-05,0.0,0.0,2.016242e-05
283.71753,1.0,1.0,0.50046206,0.7041261,2018-10-08 23:00:00,1.0,0.00019831194,0.0,0.0,0.0001979492
283.5393,1.0,1.0,0.97156304,0.9899067,2018-10-09 00:00:00,1.0,0.00033575343,0.0,8.6921296e-05,0.0002488799
283.38013,1.0,1.0,1.0,1.0,2018-10-09 01:00:00,1.0,0.0006140007,0.0,3.5978534e-05,0.00057812687
283.2544,1.0,1.0,1.0,1.0,2018-10-09 02:00:00,1.0,0.000720517,0.0,0.0,0.000720517
283.18042,1.0,1.0,1.0,1.0,2018-10-09 03:00:00,1.0,0.0006017147,0.0,0.0,0.0006017147
283.20312,1.0,1.0,0.9989426,1.0,2018-10-09 04:00:00,1.0,0.00057920674,0.0,0.0,0.00057920674
283.22827,1.0,1.0,0.9954723,0.99675006,2018-10-09 05:00:00,1.0,0.00048531778,0.0,0.0,0.00048531778
283.05444,1.0,1.0,0.98702914,1.0,2018-10-09 06:00:00,1.0,0.00039574876,0.0,5.2192656e-05,0.00034350832
282.90503,1.0,1.0,0.97231483,1.0,2018-10-09 07:00:00,1.0,0.0009480475,0.0,1.3273908e-05,0.0009347736
282.2871,1.0,1.0,0.89749956,1.0,2018-10-09 08:00:00,1.0,0.00013057743,0.0,0.0,0.0001307492
281.97485,1.0,1.0,0.8494072,1.0,2018-10-09 09:00:00,1.0,6.2564315e-05,0.0,0.0,6.254572e-05
281.83423,1.0,1.0,0.96230817,1.0,2018-10-09 10:00:00,1.0,3.4714234e-05,0.0,0.0,3.4504657e-05
281.8672,1.0,1.0,0.9902332,1.0,2018-10-09 11:00:00,1.0,1.7850616e-05,0.0,0.0,1.7755112e-05
281.69385,1.0,1.0,0.9918581,1.0,2018-10-09 12:00:00,1.0,3.6858735e-05,0.0,0.0,3.6858735e-05
281.6245,1.0,1.0,1.0,1.0,2018-10-09 13:00:00,1.0,0.00013827253,0.0,0.0,0.00013827253
281.61694,1.0,1.0,1.0,1.0,2018-10-09 14:00:00,1.0,0.00030155573,0.0,0.0,0.00030155573
281.71045,1.0,1.0,1.0,1.0,2018-10-09 15:00:00,1.0,0.00051389285,0.0,0.0,0.0005138742
281.95557,1.0,1.0,1.0,0.98916405,2018-10-09 16:00:00,1.0,0.0006175265,0.0,0.0,0.0006172592
282.16577,1.0,1.0,1.0,1.0,2018-10-09 17:00:00,1.0,0.0007189831,0.0,0.0,0.0007189831
282.1206,1.0,1.0,1.0,1.0,2018-10-09 18:00:00,1.0,0.0009343999,0.0,0.0,0.000934514
282.15405,1.0,1.0,1.0,1.0,2018-10-09 19:00:00,1.0,0.00046728435,0.0,0.0,0.00046745618
281.8999,1.0,1.0,1.0,1.0,2018-10-09 20:00:00,1.0,0.00083865784,0.0,0.0,0.00083865784
281.70288,1.0,1.0,1.0,0.998375,2018-10-09 21:00:00,1.0,0.0014922668,0.0,0.0,0.0014922668
281.38623,1.0,1.0,1.0,1.0,2018-10-09 22:00:00,1.0,0.0015747852,0.0,8.546868e-06,0.001566286
281.0171,1.0,1.0,1.0,1.0,2018-10-09 23:00:00,1.0,0.0015437945,0.0,2.6261318e-05,0.0015176288
280.7849,1.0,1.0,1.0,1.0,2018-10-10 00:00:00,1.0,0.0020576485,0.0,6.6841516e-05,0.001990807
280.47656,1.0,0.9966217,0.9966217,0.97704464,2018-10-10 01:00:00,1.0,0.004149299,0.0,0.0010136655,0.0031358919
280.25488,1.0,1.0,1.0,1.0,2018-10-10 02:00:00,1.0,0.0059345365,0.0,0.0010687248,0.0048658587
279.7854,1.0,1.0,0.9773727,0.98871857,2018-10-10 03:00:00,1.0,0.0064937547,0.0,0.00052548153,0.0059680827
279.27295,1.0,1.0,0.928086,0.98972833,2018-10-10 04:00:00,1.0,0.0041874982,0.0,0.00085172616,0.0033358692
278.8921,1.0,1.0,0.94139546,0.9842654,2018-10-10 05:00:00,1.0,0.0019939344,0.0,0.00038822857,0.0016057626
279.04956,1.0,1.0,0.66308933,1.0,2018-10-10 06:00:00,1.0,0.0026971276,0.0,0.0014356121,0.0012612769
279.25684,1.0,1.0,0.95742875,1.0,2018-10-10 07:00:00,1.0,0.0020900753,0.0,0.0012759145,0.0008138651
279.3789,1.0,1.0,0.9925423,1.0,2018-10-10 08:00:00,1.0,0.0012416192,0.0,0.00041403365,0.00082737603
280.1255,1.0,1.0,0.80676633,1.0,2018-10-10 09:00:00,1.0,0.00036673527,0.0,0.0,0.00036673527
279.36304,1.0,1.0,0.89272773,1.0,2018-10-10 10:00:00,1.0,0.00028068223,0.0,0.0,0.00028094952
279.5354,1.0,1.0,0.790184,0.9683762,2018-10-10 11:00:00,1.0,0.0003245871,0.0,4.2342188e-05,0.00028234045
279.66162,1.0,1.0,0.35780627,0.86411196,2018-10-10 12:00:00,1.0,0.00028507877,0.0,3.3405056e-05,0.0002518259
279.86157,1.0,1.0,0.036103368,0.80162644,2018-10-10 13:00:00,1.0,0.00018185384,0.0,0.0,0.00018185384
280.26343,1.0,1.0,0.0,0.59431386,2018-10-10 14:00:00,1.0,0.0001953925,0.0,0.0,0.0001953925
280.81396,1.0,1.0,0.008701935,0.1631428,2018-10-10 15:00:00,1.0,0.00033481792,0.0,0.0,0.00033481792
281.75415,1.0,1.0,0.018723402,0.0057492107,2018-10-10 16:00:00,1.0,0.00035664975,0.0,0.0,0.00035664975
282.62524,1.0,1.0,0.28032237,0.0,2018-10-10 17:00:00,1.0,0.00021035458,0.0,0.0,0.00021035458
283.2339,1.0,1.0,0.8774715,0.0,2018-10-10 18:00:00,1.0,0.00011400011,0.0,1.1247894e-06,0.00011298939
283.84253,1.0,1.0,0.61996716,0.0,2018-10-10 19:00:00,1.0,5.672408e-05,0.0,0.0,5.634273e-05
283.59937,1.0,1.0,0.409077,0.0,2018-10-10 20:00:00,1.0,0.00030483655,0.0,0.0001369741,0.00016786257
282.88354,1.0,1.0,0.39311922,0.0,2018-10-10 21:00:00,1.0,0.00021141292,0.0,7.06594e-05,0.00014102078
281.79175,1.0,1.0,0.6367427,0.0,2018-10-10 22:00:00,1.0,0.000105444895,0.0,8.767626e-07,0.00010456814
281.18066,1.0,1.0,0.7529262,0.0,2018-10-10 23:00:00,1.0,7.5868054e-05,0.0,4.2425027e-06,7.138746e-05
280.9026,1.0,1.0,0.8310792,0.026806463,2018-10-11 00:00:00,1.0,2.4776295e-05,0.0,3.8900043e-06,2.1172455e-05
280.1023,1.0,1.0,0.972906,0.04138655,2018-10-11 01:00:00,1.0,3.161814e-05,0.0,3.2430148e-07,3.144637e-05
279.55273,1.0,1.0,0.996307,0.05299005,2018-10-11 02:00:00,1.0,6.462941e-05,0.0,0.0,6.462941e-05
278.1416,1.0,1.0,0.97391003,0.006099794,2018-10-11 03:00:00,1.0,0.00013834453,0.0,0.0,0.00013834453
277.57764,1.0,1.0,0.9743499,0.0,2018-10-11 04:00:00,1.0,0.00019871586,0.0,0.0,0.00019871586
276.19385,1.0,1.0,0.61296225,0.0,2018-10-11 05:00:00,1.0,0.0002541847,0.0,0.0,0.0002541847
275.83057,0.9978961,0.9978961,0.64414847,0.0,2018-10-11 06:00:00,1.0,0.000211163,0.0,0.0,0.000211163
275.98682,1.0,1.0,0.6299248,0.0,2018-10-11 07:00:00,1.0,4.3696506e-05,0.0,0.0,4.3696506e-05
275.8684,0.95890003,0.9455398,0.45316434,0.0,2018-10-11 08:00:00,1.0,3.4259763e-05,0.0,0.0,3.446934e-05
275.59644,0.8958698,0.8842384,0.29848427,0.0,2018-10-11 09:00:00,1.0,2.709507e-05,0.0,8.017848e-07,2.6293288e-05
274.89648,0.8009136,0.8009136,0.017467394,0.0,2018-10-11 10:00:00,1.0,5.0450428e-05,0.0,2.8985727e-05,2.1169239e-05
274.8484,0.8857001,0.8857001,0.0,0.0,2018-10-11 11:00:00,1.0,1.922471e-05,0.0,6.4469095e-06,1.2777806e-05
274.9121,0.9454225,0.9454225,0.0,0.0,2018-10-11 12:00:00,1.0,1.0657023e-05,0.0,3.163198e-06,7.684495e-06
274.9895,0.95924664,0.95924664,0.0,0.0,2018-10-11 13:00:00,6.0,4.233848e-06,3.436898e-07,9.354155e-07,3.6807405e-06
275.12744,1.0,1.0,0.0,0.0,2018-10-11 14:00:00,6.0,1.9829677e-06,6.515687e-07,0.0,2.2316453e-06
275.437,1.0,1.0,0.0,0.0,2018-10-11 15:00:00,6.0,0.0,8.347854e-08,0.0,0.0
275.54102,1.0,1.0,0.0,0.0,2018-10-11 16:00:00,0.0,0.0,0.0,0.0,0.0
275.85083,1.0,1.0,0.0,0.0,2018-10-11 17:00:00,0.0,1.7945604e-06,5.3452317e-07,0.0,1.7945604e-06
276.27295,1.0,1.0,0.0,0.0,2018-10-11 18:00:00,0.0,0.0,0.0,0.0,0.0
276.34644,1.0,1.0,0.0,0.0,2018-10-11 19:00:00,0.0,0.0,0.0,0.0,0.0
276.19897,1.0,1.0,0.0,0.0,2018-10-11 20:00:00,0.0,3.0507126e-06,1.144017e-07,0.0,3.0507126e-06
275.98486,1.0,1.0,0.0,0.0,2018-10-11 21:00:00,0.0,0.0,0.0,0.0,0.0
275.60425,1.0,1.0,0.0,0.0,2018-10-11 22:00:00,0.0,0.0,0.0,0.0,0.0
275.20874,1.0,1.0,0.0,0.0,2018-10-11 23:00:00,6.0,0.0,0.0,0.0,0.0
275.05322,0.99629015,0.99629015,0.0,0.0,2018-10-12 00:00:00,6.0,0.0,0.0,0.0,0.0
274.8933,0.99629015,0.99629015,0.0,0.0,2018-10-12 01:00:00,6.0,0.0,1.42599745e-08,0.0,0.0
274.66357,0.98088455,0.98088455,0.0,0.0,2018-10-12 02:00:00,6.0,0.0,0.0,0.0,0.0
274.052,0.9428361,0.9428361,0.0,0.0,2018-10-12 03:00:00,6.0,0.0,0.0,0.0,0.0
273.81348,0.98701227,0.98701227,0.0,0.0,2018-10-12 04:00:00,6.0,0.0,0.0,0.0,0.0
273.6631,0.9645324,0.9645324,0.0,0.0,2018-10-12 05:00:00,6.0,0.0,0.0,0.0,0.0
273.6753,0.988309,0.988309,0.0,0.0,2018-10-12 06:00:00,6.0,0.0,0.0,0.0,0.0
273.67163,0.9735286,0.9735286,0.0,0.0,2018-10-12 07:00:00,6.0,2.6726156e-07,2.5284004e-07,0.0,2.6726156e-07
273.31055,0.94940954,0.9127982,0.29310137,0.0,2018-10-12 08:00:00,6.0,0.0,1.3363075e-07,0.0,0.0
273.2744,0.9318838,0.8666463,0.16624093,0.0,2018-10-12 09:00:00,6.0,0.0,0.0,0.0,0.0
272.50464,1.0,0.77939475,0.8760232,0.903248,2018-10-12 10:00:00,5.0,0.0,0.0,0.0,0.0
272.47437,0.98659784,0.56327975,0.9668891,0.43195295,2018-10-12 11:00:00,0.0,0.0,0.0,0.0,0.0
272.46558,0.99604,0.35272616,0.980049,0.40995318,2018-10-12 12:00:00,0.0,0.0,0.0,0.0,0.0
272.61694,0.99841094,0.2402978,0.9968219,0.46213263,2018-10-12 13:00:00,0.0,0.0,0.0,0.0,0.0
272.82104,0.99946827,0.6258122,0.99946827,0.92264146,2018-10-12 14:00:00,0.0,0.0,0.0,0.0,0.0
274.0979,1.0,0.38995016,1.0,0.9842016,2018-10-12 15:00:00,6.0,0.0,0.0,0.0,0.0
274.417,0.99946827,0.007905882,0.99946827,0.9714331,2018-10-12 16:00:00,0.0,1.7104729e-05,1.3014581e-05,1.7104729e-05,0.0
275.20483,0.99946827,0.033665255,0.99946827,0.95720625,2018-10-12 17:00:00,6.0,0.0,2.3873934e-08,0.0,0.0
276.09204,1.0,0.09133083,1.0,0.8891719,2018-10-12 18:00:00,0.0,0.0,2.3873934e-08,0.0,0.0
277.5127,1.0,0.62801296,1.0,0.8833437,2018-10-12 19:00:00,1.0,2.6816982e-05,1.1238499e-05,0.0,2.6816982e-05
279.0022,1.0,0.82947946,0.99675006,0.4004795,2018-10-12 20:00:00,1.0,8.008811e-06,0.0,0.0,8.008811e-06
279.80127,0.99946827,0.99946827,0.37040144,0.0,2018-10-12 21:00:00,1.0,2.6726156e-07,0.0,0.0,2.6726156e-07
279.12695,0.95284575,0.95284575,0.0,0.0,2018-10-12 22:00:00,0.0,1.2972059e-06,0.0,0.0,1.0299436e-06
278.95142,0.42021078,0.42021078,0.0,0.0,2018-10-12 23:00:00,0.0,0.0,0.0,0.0,1.14079796e-07
277.313,0.0071740113,0.0071740113,0.0,0.0,2018-10-13 00:00:00,0.0,0.0,0.0,0.0,0.0
276.5083,0.0,0.0,0.0,0.0,2018-10-13 01:00:00,0.0,0.0,0.0,0.0,0.0
275.96558,0.0,0.0,0.0,0.0,2018-10-13 02:00:00,0.0,0.0,0.0,0.0,0.0
274.92383,0.0016249504,0.0,0.0,0.0016249504,2018-10-13 03:00:00,0.0,0.0,0.0,0.0,0.0
274.82422,0.16318625,0.0,0.02161334,0.16156131,2018-10-13 04:00:00,0.0,0.0,0.0,0.0,0.0
274.42163,0.7763804,0.0,0.13393587,0.7747555,2018-10-13 05:00:00,0.0,0.0,0.0,0.0,0.0
274.40503,0.01336024,0.0,0.0066281483,0.0067320913,2018-10-13 06:00:00,0.0,0.0,0.0,0.0,0.0
274.58057,0.0067320913,0.0,0.0067320913,0.0,2018-10-13 07:00:00,0.0,0.0,0.0,0.0,0.0
274.4192,0.0,0.0,0.0,0.0,2018-10-13 08:00:00,0.0,0.0,0.0,0.0,0.0
274.06348,0.007989384,0.0,0.007989384,0.0,2018-10-13 09:00:00,0.0,0.0,0.0,0.0,0.0
274.22754,0.029092088,0.029092088,0.0,0.0,2018-10-13 10:00:00,1.0,2.6726156e-07,0.0,0.0,3.627573e-07
274.22632,0.44452363,0.43789548,0.022660516,0.0,2018-10-13 11:00:00,1.0,3.813414e-07,0.0,0.0,1.14079796e-07
274.58252,0.8970331,0.8722811,0.17538184,0.0135127455,2018-10-13 12:00:00,0.0,9.549569e-08,0.0,0.0,1.9099144e-07
275.40332,0.7456247,0.5046122,0.43793786,0.24791723,2018-10-13 13:00:00,1.0,3.627573e-07,0.0,0.0,3.627573e-07
276.39648,0.35498148,0.29108363,0.17059016,0.0016249504,2018-10-13 14:00:00,1.0,8.3959446e-07,0.0,0.0,8.3959446e-07
280.40576,0.09838265,0.051996246,0.051882565,0.009766806,2018-10-13 15:00:00,1.0,1.9099144e-07,0.0,0.0,1.9099144e-07
282.2339,0.15136254,0.0016249504,0.10428852,0.053694908,2018-10-13 16:00:00,0.0,0.0,0.0,0.0,0.0
284.0547,0.45667785,0.40212595,0.111043334,0.008141857,2018-10-13 17:00:00,0.0,0.0,0.0,0.0,0.0
284.99414,0.9282944,0.9282944,0.022359353,0.0,2018-10-13 18:00:00,0.0,0.0,0.0,0.0,0.0
285.20093,1.0,1.0,0.2060082,0.0,2018-10-13 19:00:00,0.0,0.0,0.0,0.0,0.0
285.29614,1.0,1.0,0.24927914,0.0,2018-10-13 20:00:00,0.0,0.0,0.0,0.0,0.0
285.688,0.9477189,0.9477189,0.08354217,0.0,2018-10-13 21:00:00,0.0,0.0,0.0,0.0,0.0
284.63818,0.96587455,0.96587455,0.037484054,0.0,2018-10-13 22:00:00,0.0,0.0,0.0,0.0,0.0
284.1006,0.6564227,0.6445349,0.0106167495,0.013033811,2018-10-13 23:00:00,0.0,0.0,0.0,0.0,0.0
282.70947,0.50618035,0.4603312,0.10896349,0.0,2018-10-14 00:00:00,0.0,0.0,0.0,0.0,0.0
281.70044,0.22381657,0.22381657,0.0,0.0,2018-10-14 01:00:00,1.0,0.0,0.0,0.0,0.0
280.8777,0.6286962,0.37265503,0.39737236,0.0,2018-10-14 02:00:00,0.0,0.0,0.0,0.0,0.0
279.66333,0.91996056,0.5228611,0.8742103,0.0,2018-10-14 03:00:00,0.0,0.0,0.0,0.0,0.0
279.4912,0.94711304,0.8048084,0.5077905,0.0,2018-10-14 04:00:00,0.0,1.9099144e-07,0.0,0.0,1.9099144e-07
279.00513,0.96792996,0.65321255,0.93668973,0.364846,2018-10-14 05:00:00,1.0,5.650266e-06,0.0,0.0,5.650266e-06
278.93433,0.9907832,0.47610635,0.94453835,0.9262487,2018-10-14 06:00:00,1.0,2.1413493e-05,0.0,9.549569e-08,2.1318003e-05
278.44995,0.9813067,0.13435525,0.9702051,0.8734074,2018-10-14 07:00:00,1.0,4.9759066e-05,0.0,0.0,4.9759066e-05
278.05493,0.98183596,0.02586985,0.9654679,0.469563,2018-10-14 08:00:00,1.0,8.9678666e-05,0.0,0.0,8.9678666e-05
276.84546,0.9905219,0.052689657,0.95046484,0.91954863,2018-10-14 09:00:00,1.0,4.3597218e-05,0.0,1.5753631e-06,4.2107727e-05
276.2412,0.8259249,0.22536087,0.6553057,0.7104581,2018-10-14 10:00:00,6.0,4.9532115e-05,3.674846e-06,9.012164e-06,4.0482468e-05
275.94238,0.8898345,0.12989497,0.6959751,0.6238689,2018-10-14 11:00:00,6.0,0.00010016022,4.230824e-05,0.0,0.00010016022
275.69922,1.0,0.2018202,1.0,0.8610164,2018-10-14 12:00:00,6.0,0.00016382238,0.00012731402,0.0,0.00016382238
275.38184,1.0,0.05475795,1.0,1.0,2018-10-14 13:00:00,6.0,0.00020131878,0.00019241912,0.0,0.00020131878
274.89966,1.0,0.0,1.0,1.0,2018-10-14 14:00:00,6.0,0.00020024972,0.00019898408,0.0,0.00020024972
274.1577,1.0,0.04159049,1.0,0.9852092,2018-10-14 15:00:00,6.0,0.00020811887,0.00020807337,0.0,0.00020811887
273.94263,1.0,0.83040243,1.0,0.71728617,2018-10-14 16:00:00,6.0,0.0002624679,0.00026224926,0.0,0.0002627743
274.29688,1.0,0.9825204,1.0,0.80692065,2018-10-14 17:00:00,6.0,0.00024444424,0.00024410087,0.0,0.00024444424
274.47852,1.0,0.9780287,0.9925423,0.6107059,2018-10-14 18:00:00,6.0,0.00015382664,0.00015383866,0.0,0.00015382664
275.08813,1.0,1.0,0.78027654,0.7462283,2018-10-14 19:00:00,6.0,0.0002199038,0.00021925537,0.0,0.0002199038
275.51367,1.0,0.9920547,0.62380034,0.70107996,2018-10-14 20:00:00,6.0,9.2044196e-05,8.484478e-05,0.0,9.1776936e-05
275.95996,1.0,1.0,0.4526657,0.3439104,2018-10-14 21:00:00,0.0,3.0402138e-05,1.7411658e-05,3.0507126e-06,2.744692e-05
275.7527,0.98316735,0.9714045,0.52129996,0.6083875,2018-10-14 22:00:00,0.0,8.278602e-06,3.9213974e-06,0.0,8.278602e-06
275.7527,0.97745305,0.95021343,0.27732366,0.31197912,2018-10-14 23:00:00,0.0,8.011341e-07,1.432436e-07,0.0,8.966298e-07
275.70288,0.97515506,0.96879673,0.34162086,0.057010103,2018-10-15 00:00:00,0.0,0.0,6.6815346e-08,0.0,0.0
275.47095,0.9942007,0.9752151,0.75380903,0.49480712,2018-10-15 01:00:00,0.0,2.6726156e-07,1.4556775e-07,0.0,2.6726156e-07
275.2827,0.93499774,0.80490977,0.71645623,0.62797475,2018-10-15 02:00:00,0.0,0.0,0.0,0.0,0.0
275.11328,0.537215,0.5123724,0.11789483,0.00053172023,2018-10-15 03:00:00,0.0,0.0,0.0,0.0,0.0
275.05518,0.14198244,0.14198244,0.0,0.0,2018-10-15 04:00:00,0.0,0.0,0.0,0.0,0.0
274.8606,0.07824087,0.052816104,0.0063561946,0.027545553,2018-10-15 05:00:00,0.0,0.0,0.0,0.0,0.0
274.48267,0.019775238,0.0049672946,0.0,0.015865266,2018-10-15 06:00:00,0.0,0.0,0.0,0.0,0.0
274.3213,0.15803283,0.15803283,0.0,0.0,2018-10-15 07:00:00,5.0,0.0,0.0,0.0,0.0
274.1162,0.79094565,0.79094565,0.0,0.0,2018-10-15 08:00:00,6.0,0.0,0.0,0.0,0.0
273.87134,0.8979826,0.8979826,0.0,0.0,2018-10-15 09:00:00,6.0,0.0,0.0,0.0,0.0
273.31543,0.84579414,0.84579414,0.008357041,0.0,2018-10-15 10:00:00,6.0,0.0,0.0,0.0,0.0
273.2146,0.54386294,0.54386294,0.0,0.0,2018-10-15 11:00:00,5.0,0.0,0.0,0.0,0.0
273.021,0.20922297,0.20922297,0.0,0.0,2018-10-15 12:00:00,5.0,0.0,0.0,0.0,0.0
272.51782,0.074365854,0.074365854,0.0,0.0,2018-10-15 13:00:00,5.0,0.0,3.8133912e-08,0.0,0.0
273.45093,0.35161328,0.35161328,0.0,0.0,2018-10-15 14:00:00,5.0,1.7535249e-06,1.9062218e-06,0.0,2.0207863e-06
274.9038,0.8218223,0.8218223,0.0,0.0,2018-10-15 15:00:00,6.0,2.1726764e-06,2.1160404e-06,0.0,2.230362e-06
275.3877,0.8065013,0.8065013,0.0,0.0,2018-10-15 16:00:00,6.0,0.0,1.4772922e-07,0.0,1.14079796e-07
276.43457,0.73560965,0.73560965,0.0,0.0,2018-10-15 17:00:00,6.0,0.0,0.0,0.0,0.0
277.208,0.68949646,0.68949646,0.0,0.0,2018-10-15 18:00:00,0.0,0.0,0.0,0.0,0.0
278.2622,0.7262369,0.7262369,0.0,0.0,2018-10-15 19:00:00,0.0,0.0,0.0,0.0,0.0
279.1289,0.8858839,0.8858839,0.0,0.0,2018-10-15 20:00:00,0.0,0.0,0.0,0.0,0.0
279.58716,0.82349193,0.82349193,0.0,0.0,2018-10-15 21:00:00,0.0,0.0,0.0,0.0,0.0
279.37036,0.048550047,0.048550047,0.0,0.0,2018-10-15 22:00:00,0.0,0.0,0.0,0.0,0.0
278.94824,0.0010573287,0.0010573287,0.0,0.0,2018-10-15 23:00:00,0.0,0.0,0.0,0.0,0.0
277.82275,0.0,0.0,0.0,0.0,2018-10-16 00:00:00,0.0,0.0,0.0,0.0,0.0
277.30127,0.0,0.0,0.0,0.0,2018-10-16 01:00:00,0.0,0.0,0.0,0.0,0.0
277.4016,0.016610142,0.0,0.016610142,0.0,2018-10-16 02:00:00,0.0,0.0,0.0,0.0,0.0
277.33813,0.1847291,0.0,0.1847291,0.0,2018-10-16 03:00:00,0.0,0.0,0.0,0.0,0.0
277.3391,0.7957875,0.0,0.7957875,0.0,2018-10-16 04:00:00,0.0,0.0,0.0,0.0,0.0
277.2793,0.9676867,0.0,0.9676867,0.0,2018-10-16 05:00:00,0.0,0.0,0.0,0.0,0.0
277.88306,0.7126613,0.0,0.7126613,0.0,2018-10-16 06:00:00,0.0,0.0,0.0,0.0,0.0
277.76855,0.24279606,0.0,0.24279606,0.0,2018-10-16 07:00:00,0.0,0.0,0.0,0.0,0.0
277.6355,0.12585527,0.0,0.12585527,0.0037288337,2018-10-16 08:00:00,0.0,0.0,0.0,0.0,0.0
277.6045,0.2623108,0.0,0.2523288,0.061090786,2018-10-16 09:00:00,0.0,0.0,0.0,0.0,0.0
277.8789,0.39576906,0.0,0.39576906,0.046420354,2018-10-16 10:00:00,0.0,0.0,0.0,0.0,0.0
277.70068,0.61064786,0.0,0.5506686,0.30829263,2018-10-16 11:00:00,0.0,0.0,0.0,0.0,0.0
277.41602,0.80445474,0.0,0.5049319,0.75177985,2018-10-16 12:00:00,0.0,0.0,0.0,0.0,0.0
277.53955,0.6615749,0.0,0.4545774,0.63707364,2018-10-16 13:00:00,0.0,0.0,0.0,0.0,0.0
278.86963,0.12815613,0.0,0.113906324,0.083934665,2018-10-16 14:00:00,0.0,0.0,0.0,0.0,0.0
282.14453,0.00053172023,0.0,0.00053172023,0.0,2018-10-16 15:00:00,0.0,0.0,0.0,0.0,0.0
283.40112,0.0032499009,0.0032499009,0.0,0.0,2018-10-16 16:00:00,0.0,0.0,0.0,0.0,0.0
284.7744,0.005003199,0.005003199,0.0,0.0,2018-10-16 17:00:00,0.0,0.0,0.0,0.0,0.0
285.39648,0.27824754,0.27824754,0.0,0.0,2018-10-16 18:00:00,0.0,0.0,0.0,0.0,0.0
285.62036,0.39556408,0.39556408,0.0,0.0,2018-10-16 19:00:00,0.0,0.0,0.0,0.0,0.0
285.7207,0.33791083,0.33791083,0.005003199,0.0,2018-10-16 20:00:00,0.0,0.0,0.0,0.0,0.0
285.313,0.39178348,0.3775708,0.1630987,0.0,2018-10-16 21:00:00,0.0,0.0,0.0,0.0,0.0
284.01953,0.413934,0.30055612,0.3886745,0.0,2018-10-16 22:00:00,0.0,0.0,0.0,0.0,0.0
283.22437,0.28099483,0.15472949,0.26585716,0.0,2018-10-16 23:00:00,0.0,0.0,0.0,0.0,0.0
282.12207,0.4097941,0.40637314,0.057717364,0.0,2018-10-17 00:00:00,0.0,0.0,0.0,0.0,0.0
280.78687,0.653129,0.653129,0.0,0.0,2018-10-17 01:00:00,0.0,0.0,0.0,0.0,0.0
279.95288,0.8456729,0.8456729,0.0,0.0,2018-10-17 02:00:00,0.0,0.0,0.0,0.0,0.0
278.21484,0.62354076,0.62143683,0.0,0.004207764,2018-10-17 03:00:00,0.0,0.0,0.0,0.0,0.0
277.59473,0.59982294,0.59982294,0.0,0.0,2018-10-17 04:00:00,0.0,0.0,0.0,0.0,0.0
276.9397,0.71089953,0.71089953,0.010009766,0.0,2018-10-17 05:00:00,0.0,0.0,0.0,0.0,0.0
276.89502,0.8695085,0.8695085,0.012113646,0.0,2018-10-17 06:00:00,0.0,0.0,0.0,0.0,0.0
276.6482,0.9443378,0.9443378,0.026842393,0.0,2018-10-17 07:00:00,0.0,0.0,0.0,0.0,0.0
276.59863,0.92416596,0.92416596,0.032826085,0.0,2018-10-17 08:00:00,0.0,0.0,0.0,0.0,0.0
276.3706,0.8966499,0.8966499,0.009103052,0.0,2018-10-17 09:00:00,0.0,0.0,0.0,0.0,0.0
275.3584,0.8899906,0.8899906,0.0,0.0,2018-10-17 10:00:00,0.0,0.0,0.0,0.0,0.0
275.3435,0.5551654,0.5551654,0.0,0.0,2018-10-17 11:00:00,0.0,0.0,0.0,0.0,0.0
275.07202,0.0282445,0.0282445,0.0,0.0,2018-10-17 12:00:00,0.0,0.0,0.0,0.0,0.0
274.761,0.0,0.0,0.0,0.0,2018-10-17 13:00:00,0.0,0.0,0.0,0.0,0.0
275.91064,0.0,0.0,0.0,0.0,2018-10-17 14:00:00,0.0,0.0,0.0,0.0,0.0
278.74268,0.0,0.0,0.0,0.0,2018-10-17 15:00:00,0.0,0.0,0.0,0.0,0.0
279.7356,0.0,0.0,0.0,0.0,2018-10-17 16:00:00,0.0,0.0,0.0,0.0,0.0
280.84277,0.07836431,0.07836431,0.0,0.0,2018-10-17 17:00:00,0.0,0.0,0.0,0.0,0.0
281.4458,0.1515305,0.1515305,0.0,0.0,2018-10-17 18:00:00,0.0,0.0,0.0,0.0,0.0
281.82715,0.13700658,0.13700658,0.0,0.0,2018-10-17 19:00:00,0.0,0.0,0.0,0.0,0.0
282.20166,0.056386877,0.056386877,0.0,0.0,2018-10-17 20:00:00,0.0,0.0,0.0,0.0,0.0
282.55835,0.0071128868,0.0071128868,0.0,0.0,2018-10-17 21:00:00,0.0,0.0,0.0,0.0,0.0
281.4348,0.0,0.0,0.0,0.0,2018-10-17 22:00:00,0.0,0.0,0.0,0.0,0.0
280.70825,0.0,0.0,0.0,0.0,2018-10-17 23:00:00,0.0,0.0,0.0,0.0,0.0
278.4961,0.0,0.0,0.0,0.0,2018-10-18 00:00:00,0.0,0.0,0.0,0.0,0.0
277.2881,0.0,0.0,0.0,0.0,2018-10-18 01:00:00,0.0,0.0,0.0,0.0,0.0
277.1128,0.0,0.0,0.0,0.0,2018-10-18 02:00:00,0.0,0.0,0.0,0.0,0.0
275.3899,0.0,0.0,0.0,0.0,2018-10-18 03:00:00,0.0,0.0,0.0,0.0,0.0
274.6753,0.0,0.0,0.0,0.0,2018-10-18 04:00:00,0.0,0.0,0.0,0.0,0.0
274.2605,0.0,0.0,0.0,0.0,2018-10-18 05:00:00,0.0,0.0,0.0,0.0,0.0
273.58545,0.0,0.0,0.0,0.0,2018-10-18 06:00:00,0.0,0.0,0.0,0.0,0.0
273.6289,0.0,0.0,0.0,0.0,2018-10-18 07:00:00,0.0,0.0,0.0,0.0,0.0
273.97754,0.0,0.0,0.0,0.0,2018-10-18 08:00:00,0.0,0.0,0.0,0.0,0.0
274.12012,0.0,0.0,0.0,0.0,2018-10-18 09:00:00,0.0,0.0,0.0,0.0,0.0
273.8689,0.0,0.0,0.0,0.0,2018-10-18 10:00:00,0.0,0.0,0.0,0.0,0.0
273.8413,0.0,0.0,0.0,0.0,2018-10-18 11:00:00,0.0,0.0,0.0,0.0,0.0
273.82104,0.0,0.0,0.0,0.0,2018-10-18 12:00:00,0.0,0.0,0.0,0.0,0.0
274.29956,0.0,0.0,0.0,0.0,2018-10-18 13:00:00,0.0,0.0,0.0,0.0,0.0
276.8308,0.0,0.0,0.0,0.0,2018-10-18 14:00:00,0.0,0.0,0.0,0.0,0.0
281.38745,0.0,0.0,0.0,0.0,2018-10-18 15:00:00,0.0,0.0,0.0,0.0,0.0
285.28052,0.0,0.0,0.0,0.0,2018-10-18 16:00:00,0.0,0.0,0.0,0.0,0.0
287.53516,0.0,0.0,0.0,0.0,2018-10-18 17:00:00,0.0,0.0,0.0,0.0,0.0
289.4292,0.0,0.0,0.0,0.0,2018-10-18 18:00:00,0.0,0.0,0.0,0.0,0.0
290.91284,0.0,0.0,0.0,0.0,2018-10-18 19:00:00,0.0,0.0,0.0,0.0,0.0
292.62476,0.0,0.0,0.0,0.0,2018-10-18 20:00:00,0.0,0.0,0.0,0.0,0.0
293.98682,0.0,0.0,0.0,0.0,2018-10-18 21:00:00,0.0,0.0,0.0,0.0,0.0
293.27295,0.0,0.0,0.0,0.0,2018-10-18 22:00:00,0.0,0.0,0.0,0.0,0.0
292.5962,0.0,0.0,0.0,0.0,2018-10-18 23:00:00,0.0,0.0,0.0,0.0,0.0
290.6433,0.0,0.0,0.0,0.0,2018-10-19 00:00:00,0.0,0.0,0.0,0.0,0.0
290.03442,0.024304688,0.0,0.024304688,0.0,2018-10-19 01:00:00,0.0,0.0,0.0,0.0,0.0
289.53687,0.2609493,0.0,0.23353505,0.050876845,2018-10-19 02:00:00,0.0,0.0,0.0,0.0,0.0
288.91943,0.40968812,0.0,0.40968812,0.0067320913,2018-10-19 03:00:00,0.0,0.0,0.0,0.0,0.0
288.76953,0.17012382,0.0,0.07269287,0.10747731,2018-10-19 04:00:00,0.0,0.0,0.0,0.0,0.0
288.24316,0.11167276,0.0,0.10297811,0.01343656,2018-10-19 05:00:00,0.0,0.0,0.0,0.0,0.0
288.01465,0.09448123,0.0,0.09448123,0.0,2018-10-19 06:00:00,0.0,0.00029612565,0.0,0.000295992,0.0
287.55347,0.12581086,0.0,0.12581086,0.0,2018-10-19 07:00:00,0.0,0.0,0.0,0.0,0.0
287.2295,0.40880984,0.0,0.39514112,0.10701901,2018-10-19 08:00:00,0.0,0.0,0.0,0.0,0.0
286.3252,0.6243847,0.0,0.40056592,0.56032026,2018-10-19 09:00:00,1.0,0.0001544422,0.0,0.00015358273,9.165061e-07
284.90894,0.8795407,0.0,0.8138199,0.53372395,2018-10-19 10:00:00,1.0,0.0005976402,0.0,0.00055004377,4.722418e-05
284.62354,0.78469473,0.0,0.66797924,0.76350915,2018-10-19 11:00:00,1.0,0.00061976956,0.0,0.00056559127,5.4016476e-05
284.65308,0.41633058,0.0,0.17912388,0.39974207,2018-10-19 12:00:00,0.0,5.6010205e-05,0.0,4.1324733e-05,1.4542228e-05
284.4419,0.022138495,0.0,0.017646763,0.009759266,2018-10-19 13:00:00,0.0,1.1831162e-06,0.0,0.0,1.1831162e-06
284.81226,0.0010573287,0.0010573287,0.0,0.0,2018-10-19 14:00:00,0.0,0.0,0.0,0.0,0.0
286.46924,0.0037098185,0.0037098185,0.0,0.0,2018-10-19 15:00:00,0.0,0.0,0.0,0.0,0.0
287.1731,0.1394285,0.035939552,0.0,0.10348892,2018-10-19 16:00:00,0.0,0.0,0.0,0.0,0.0
289.20337,0.5214115,0.49534386,0.0032499009,0.02780382,2018-10-19 17:00:00,0.0,0.0,0.0,0.0,0.0
289.68677,0.5988146,0.093045056,0.54456806,0.22969306,2018-10-19 18:00:00,0.0,0.0,0.0,0.0,0.0
289.72974,0.103506565,0.009509072,0.0939914,0.0,2018-10-19 19:00:00,0.0,0.0,0.0,0.0,0.0
290.00098,0.0,0.0,0.0,0.0,2018-10-19 20:00:00,0.0,0.0,0.0,0.0,0.0
290.10205,0.0,0.0,0.0,0.0,2018-10-19 21:00:00,0.0,0.0,0.0,0.0,0.0
288.63818,0.2442323,0.046329506,0.2405222,0.008357041,2018-10-19 22:00:00,0.0,0.0,0.0,0.0,0.0
287.57642,0.023938213,0.0,0.023938213,0.0,2018-10-19 23:00:00,0.0,0.0,0.0,0.0,0.0
286.59668,0.027780283,0.0,0.027780283,0.0,2018-10-20 00:00:00,0.0,0.0,0.0,0.0,0.0
285.76807,0.049674034,0.0016249504,0.049674034,0.0,2018-10-20 01:00:00,0.0,0.0,0.0,0.0,0.0
285.0735,0.005902607,0.0,0.005902607,0.0,2018-10-20 02:00:00,0.0,0.0,0.0,0.0,0.0
283.46558,0.034473624,0.009634774,0.028209798,0.0,2018-10-20 03:00:00,0.0,0.0,0.0,0.0,0.0
283.01807,0.049837172,0.0,0.049837172,0.0,2018-10-20 04:00:00,0.0,0.0,0.0,0.0,0.0
281.48413,0.014688015,0.0,0.014688015,0.0,2018-10-20 05:00:00,0.0,0.0,0.0,0.0,0.0
281.47632,0.05839224,0.008835975,0.05839224,0.0,2018-10-20 06:00:00,0.0,0.0,0.0,0.0,0.0
281.67578,0.151717,0.098683834,0.11315644,0.0,2018-10-20 07:00:00,0.0,0.0,0.0,1.5253562e-07,0.0
281.34937,0.22189307,0.18468785,0.16774839,0.0,2018-10-20 08:00:00,1.0,4.230631e-06,0.0,4.478342e-06,0.0
279.70312,0.20972872,0.08623648,0.19010466,0.0,2018-10-20 09:00:00,0.0,3.817705e-05,0.0,3.7986378e-05,0.0
276.96948,0.10767263,0.10767263,0.010624956,0.0,2018-10-20 10:00:00,0.0,2.4197463e-05,0.0,2.432181e-05,0.0
276.43164,0.53620255,0.53620255,0.0,0.0,2018-10-20 11:00:00,0.0,0.0,0.0,0.0,0.0
275.74854,0.7980667,0.7980667,0.0281954,0.0,2018-10-20 12:00:00,6.0,1.5253654e-06,4.4367232e-07,0.0,1.258104e-06
275.1006,0.77310544,0.74617225,0.2680617,0.0,2018-10-20 13:00:00,6.0,1.3384741e-05,1.3341397e-05,0.0,1.3384741e-05
275.0083,0.5791742,0.4561869,0.269809,0.0,2018-10-20 14:00:00,6.0,1.682002e-05,1.6607388e-05,0.0,1.6666832e-05
275.5691,0.52873415,0.40122062,0.42267495,0.0,2018-10-20 15:00:00,6.0,1.8758103e-05,9.459744e-06,9.623225e-06,9.440596e-06
275.7107,0.6918527,0.6664978,0.49797493,0.0,2018-10-20 16:00:00,6.0,8.77406e-06,8.681129e-06,0.0,8.564484e-06
276.47998,0.8430381,0.7790687,0.3613456,0.0,2018-10-20 17:00:00,6.0,4.9984646e-06,4.981802e-06,0.0,4.9984646e-06
277.03687,0.5183386,0.5183386,0.00053172023,0.0,2018-10-20 18:00:00,0.0,4.0056705e-07,4.983869e-07,0.0,4.0056705e-07
277.979,0.007945243,0.0026463778,0.0068879165,0.0,2018-10-20 19:00:00,0.0,0.0,0.0,0.0,0.0
278.563,0.0,0.0,0.0,0.0,2018-10-20 20:00:00,0.0,0.0,0.0,0.0,0.0
278.46753,0.0,0.0,0.0,0.0,2018-10-20 21:00:00,0.0,0.0,0.0,0.0,0.0
277.69067,0.0,0.0,0.0,0.0,2018-10-20 22:00:00,0.0,0.0,0.0,0.0,0.0
276.87476,0.0,0.0,0.0,0.0,2018-10-20 23:00:00,0.0,0.0,0.0,0.0,0.0
275.69434,0.0,0.0,0.0,0.0,2018-10-21 00:00:00,0.0,0.0,0.0,0.0,0.0
274.5227,0.0,0.0,0.0,0.0,2018-10-21 01:00:00,0.0,0.0,0.0,0.0,0.0
273.81567,0.0,0.0,0.0,0.0,2018-10-21 02:00:00,0.0,0.0,0.0,0.0,0.0
273.43115,0.0,0.0,0.0,0.0,2018-10-21 03:00:00,0.0,0.0,0.0,0.0,0.0
272.74683,0.0,0.0,0.0,0.0,2018-10-21 04:00:00,0.0,0.0,0.0,0.0,0.0
271.55542,0.0,0.0,0.0,0.0,2018-10-21 05:00:00,0.0,0.0,0.0,0.0,0.0
271.53784,0.1512388,0.0,0.0,0.1512388,2018-10-21 06:00:00,0.0,0.0,0.0,0.0,0.0
271.22217,0.0,0.0,0.0,0.0,2018-10-21 07:00:00,0.0,0.0,0.0,0.0,0.0
271.3474,0.0,0.0,0.0,0.0,2018-10-21 08:00:00,0.0,0.0,0.0,0.0,0.0
270.9536,0.0,0.0,0.0,0.0,2018-10-21 09:00:00,0.0,0.0,0.0,0.0,0.0
270.57935,0.0,0.0,0.0,0.0,2018-10-21 10:00:00,0.0,0.0,0.0,0.0,0.0
270.53564,0.0,0.0,0.0,0.0,2018-10-21 11:00:00,0.0,0.0,0.0,0.0,0.0
270.6079,0.0,0.0,0.0,0.0,2018-10-21 12:00:00,0.0,0.0,0.0,0.0,0.0
270.91162,0.0,0.0,0.0,0.0,2018-10-21 13:00:00,0.0,0.0,0.0,0.0,0.0
272.80054,0.0,0.0,0.0,0.0,2018-10-21 14:00:00,0.0,0.0,0.0,0.0,0.0
277.43652,0.0,0.0,0.0,0.0,2018-10-21 15:00:00,0.0,0.0,0.0,0.0,0.0
279.59912,0.0,0.0,0.0,0.0,2018-10-21 16:00:00,0.0,0.0,0.0,0.0,0.0
282.12476,0.0,0.0,0.0,0.0,2018-10-21 17:00:00,0.0,0.0,0.0,0.0,0.0
283.5454,0.0,0.0,0.0,0.0,2018-10-21 18:00:00,0.0,0.0,0.0,0.0,0.0
284.53223,0.0,0.0,0.0,0.0,2018-10-21 19:00:00,0.0,0.0,0.0,0.0,0.0
285.60205,0.0,0.0,0.0,0.0,2018-10-21 20:00:00,0.0,0.0,0.0,0.0,0.0
286.92383,0.0,0.0,0.0,0.0,2018-10-21 21:00:00,0.0,0.0,0.0,0.0,0.0
285.9441,0.0,0.0,0.0,0.0,2018-10-21 22:00:00,0.0,0.0,0.0,0.0,0.0
284.64673,0.0,0.0,0.0,0.0,2018-10-21 23:00:00,0.0,0.0,0.0,0.0,0.0
283.32983,0.036577508,0.0,0.0,0.036577508,2018-10-22 00:00:00,0.0,0.0,0.0,0.0,0.0
281.10303,0.10841972,0.0,0.0,0.10841972,2018-10-22 01:00:00,0.0,0.0,0.0,0.0,0.0
278.65942,0.13326722,0.0,0.0,0.13326722,2018-10-22 02:00:00,0.0,0.0,0.0,0.0,0.0
276.65332,0.23340774,0.0,0.0,0.23340774,2018-10-22 03:00:00,0.0,0.0,0.0,0.0,0.0
276.65283,0.2364105,0.0,0.0,0.2364105,2018-10-22 04:00:00,0.0,0.0,0.0,0.0,0.0
274.91577,0.041578267,0.0,0.0,0.041578267,2018-10-22 05:00:00,0.0,0.0,0.0,0.0,0.0
274.1775,0.056819458,0.0,0.0,0.056819458,2018-10-22 06:00:00,0.0,0.0,0.0,0.0,0.0
274.09204,0.0060638934,0.0,0.0,0.0060638934,2018-10-22 07:00:00,0.0,0.0,0.0,0.0,0.0
274.08154,0.010535371,0.0,0.0,0.010535371,2018-10-22 08:00:00,0.0,0.0,0.0,0.0,0.0
273.22607,0.00053172023,0.0,0.0,0.00053172023,2018-10-22 09:00:00,0.0,0.0,0.0,0.0,0.0
273.4204,0.0,0.0,0.0,0.0,2018-10-22 10:00:00,0.0,0.0,0.0,0.0,0.0
273.27222,0.0,0.0,0.0,0.0,2018-10-22 11:00:00,0.0,0.0,0.0,0.0,0.0
273.57275,0.0,0.0,0.0,0.0,2018-10-22 12:00:00,0.0,0.0,0.0,0.0,0.0
273.75488,0.0,0.0,0.0,0.0,2018-10-22 13:00:00,0.0,0.0,0.0,0.0,0.0
276.2776,0.0,0.0,0.0,0.0,2018-10-22 14:00:00,0.0,0.0,0.0,0.0,0.0
280.53247,0.0,0.0,0.0,0.0,2018-10-22 15:00:00,0.0,0.0,0.0,0.0,0.0
284.44702,0.0,0.0,0.0,0.0,2018-10-22 16:00:00,0.0,0.0,0.0,0.0,0.0
287.0691,0.0,0.0,0.0,0.0,2018-10-22 17:00:00,0.0,0.0,0.0,0.0,0.0
288.2932,0.0,0.0,0.0,0.0,2018-10-22 18:00:00,0.0,0.0,0.0,0.0,0.0
288.63647,0.0,0.0,0.0,0.0,2018-10-22 19:00:00,0.0,0.0,0.0,0.0,0.0
288.70703,0.0033782488,0.0033782488,0.0,0.0,2018-10-22 20:00:00,0.0,0.0,0.0,0.0,0.0
288.46777,0.0033782488,0.0033782488,0.0,0.0,2018-10-22 21:00:00,0.0,0.0,0.0,0.0,0.0
286.42334,0.04940244,0.04940244,0.0067320913,0.0,2018-10-22 22:00:00,0.0,0.0,0.0,0.0,0.0
285.2495,0.024783622,0.024783622,0.0,0.0,2018-10-22 23:00:00,0.0,0.0,0.0,0.0,0.0
283.73828,0.03399615,0.03399615,0.014106251,0.0,2018-10-23 00:00:00,0.0,0.0,0.0,0.0,0.0
282.9297,0.06409049,0.06409049,0.0,0.0,2018-10-23 01:00:00,0.0,0.0,0.0,0.0,0.0
281.79688,0.0039600097,0.0039600097,0.0,0.0,2018-10-23 02:00:00,0.0,0.0,0.0,0.0,0.0
279.80957,0.0,0.0,0.0,0.0,2018-10-23 03:00:00,0.0,0.0,0.0,0.0,0.0
278.69238,0.0,0.0,0.0,0.0,2018-10-23 04:00:00,0.0,0.0,0.0,0.0,0.0
277.23486,0.0,0.0,0.0,0.0,2018-10-23 05:00:00,0.0,0.0,0.0,0.0,0.0
276.87183,0.0,0.0,0.0,0.0,2018-10-23 06:00:00,0.0,0.0,0.0,0.0,0.0
276.4651,0.0,0.0,0.0,0.0,2018-10-23 07:00:00,0.0,0.0,0.0,0.0,0.0
275.88135,0.0,0.0,0.0,0.0,2018-10-23 08:00:00,0.0,0.0,0.0,0.0,0.0
274.7307,0.0,0.0,0.0,0.0,2018-10-23 09:00:00,0.0,0.0,0.0,0.0,0.0
273.48022,0.0,0.0,0.0,0.0,2018-10-23 10:00:00,0.0,0.0,0.0,0.0,0.0
273.4048,0.005003199,0.005003199,0.0,0.0,2018-10-23 11:00:00,1.0,0.0,0.0,0.0,0.0
272.94238,0.00998199,0.00998199,0.0,0.0,2018-10-23 12:00:00,0.0,0.0,0.0,0.0,0.0
272.40674,0.052872967,0.052872967,0.0,0.0,2018-10-23 13:00:00,0.0,0.0,0.0,0.0,0.0
274.52246,0.05769419,0.05769419,0.0,0.0,2018-10-23 14:00:00,0.0,0.0,0.0,0.0,0.0
277.56006,0.11122447,0.11122447,0.0,0.0,2018-10-23 15:00:00,0.0,0.0,0.0,0.0,0.0
279.35278,0.12517554,0.12517554,0.0,0.0,2018-10-23 16:00:00,0.0,0.0,0.0,0.0,0.0
280.01294,0.7016751,0.7016751,0.0,0.0,2018-10-23 17:00:00,0.0,0.0,0.0,0.0,0.0
280.52832,0.9479177,0.9479177,0.0,0.0,2018-10-23 18:00:00,0.0,0.0,0.0,0.0,0.0
280.98926,1.0,1.0,0.0,0.0,2018-10-23 19:00:00,0.0,0.0,0.0,0.0,0.0
281.59155,1.0,1.0,0.0,0.0,2018-10-23 20:00:00,0.0,0.0,0.0,0.0,0.0
281.91895,1.0,1.0,0.0,0.0,2018-10-23 21:00:00,0.0,0.0,0.0,0.0,0.0
281.1062,0.5915551,0.5915551,0.0,0.0,2018-10-23 22:00:00,0.0,0.0,0.0,0.0,0.0
280.08105,0.42124575,0.42124575,0.0,0.0,2018-10-23 23:00:00,0.0,0.0,0.0,0.0,0.0
278.79956,0.45165265,0.45165265,0.0,0.0,2018-10-24 00:00:00,0.0,0.0,0.0,0.0,0.0
277.7334,0.41317815,0.41317815,0.0,0.0,2018-10-24 01:00:00,0.0,0.0,0.0,0.0,0.0
276.6543,0.3290426,0.3290426,0.0,0.0,2018-10-24 02:00:00,0.0,0.0,0.0,0.0,0.0
275.4602,0.33115906,0.33115906,0.0,0.0,2018-10-24 03:00:00,0.0,0.0,0.0,0.0,0.0
274.989,0.36378843,0.36378843,0.0,0.0,2018-10-24 04:00:00,0.0,0.0,0.0,0.0,0.0
272.99023,0.3867874,0.3867874,0.0,0.0,2018-10-24 05:00:00,0.0,0.0,0.0,0.0,0.0
272.83203,0.25020927,0.25020927,0.0,0.0,2018-10-24 06:00:00,0.0,0.0,0.0,0.0,0.0
272.9668,0.21042526,0.21042526,0.0,0.0,2018-10-24 07:00:00,0.0,0.0,0.0,0.0,0.0
273.19482,0.14673537,0.14673537,0.0,0.0,2018-10-24 08:00:00,0.0,0.0,0.0,0.0,0.0
271.81055,0.14738119,0.14738119,0.0,0.0,2018-10-24 09:00:00,0.0,0.0,0.0,0.0,0.0
271.19067,0.12720484,0.12720484,0.0,0.0,2018-10-24 10:00:00,0.0,0.0,0.0,0.0,0.0
271.4878,0.21787626,0.052687928,0.0,0.1735658,2018-10-24 11:00:00,0.0,0.0,0.0,0.0,0.0
271.60205,0.52873224,0.046409436,0.0,0.49805462,2018-10-24 12:00:00,0.0,0.0,0.0,0.0,0.0
271.6936,0.35478598,0.0,0.0,0.35478598,2018-10-24 13:00:00,0.0,0.0,0.0,0.0,0.0
273.48975,0.9057288,0.006280929,0.0,0.9057288,2018-10-24 14:00:00,0.0,0.0,0.0,0.0,0.0
277.677,0.94088954,0.011474017,0.0052650943,0.93416727,2018-10-24 15:00:00,0.0,0.0,0.0,0.0,0.0
280.04907,0.9628941,0.0,0.036681473,0.9628941,2018-10-24 16:00:00,0.0,0.0,0.0,0.0,0.0
282.0774,0.9061436,0.0,0.0,0.9061436,2018-10-24 17:00:00,0.0,0.0,0.0,0.0,0.0
283.04297,0.9966217,0.0,0.0,0.9966217,2018-10-24 18:00:00,0.0,0.0,0.0,0.0,0.0
283.66284,1.0,0.0,0.0,1.0,2018-10-24 19:00:00,0.0,0.0,0.0,0.0,0.0
284.16406,0.9805399,0.0,0.0,0.9805399,2018-10-24 20:00:00,0.0,0.0,0.0,0.0,0.0
284.76147,0.9957922,0.0,0.0,0.9957922,2018-10-24 21:00:00,0.0,0.0,0.0,0.0,0.0
283.7229,0.9837898,0.0,0.0,0.9837898,2018-10-24 22:00:00,0.0,0.0,0.0,0.0,0.0
282.7771,0.9875391,0.0,0.0,0.9875391,2018-10-24 23:00:00,0.0,0.0,0.0,0.0,0.0
281.70776,0.94873536,0.0,0.021386359,0.94873536,2018-10-25 00:00:00,0.0,0.0,0.0,0.0,0.0
280.9209,0.8491843,0.0,0.045529764,0.8459173,2018-10-25 01:00:00,0.0,0.0,0.0,0.0,0.0
280.70703,0.7413001,0.0,0.14152831,0.7363213,2018-10-25 02:00:00,0.0,0.0,0.0,0.0,0.0
280.1499,0.974803,0.0,0.44250053,0.9698071,2018-10-25 03:00:00,0.0,0.0,0.0,0.0,0.0
280.3684,1.0,0.0,0.66840273,1.0,2018-10-25 04:00:00,0.0,0.0,0.0,0.0,0.0
280.22803,1.0,0.0,0.6712909,1.0,2018-10-25 05:00:00,0.0,0.0,0.0,0.0,0.0
280.36475,1.0,0.0,0.8733087,1.0,2018-10-25 06:00:00,0.0,0.0,0.0,0.0,0.0
280.67773,1.0,0.0,0.88586354,1.0,2018-10-25 07:00:00,0.0,0.0,0.0,0.0,0.0
280.27295,1.0,0.0,0.97956276,1.0,2018-10-25 08:00:00,0.0,0.0,0.0,0.0,0.0
279.91284,0.99525803,0.0,0.9607341,0.97866863,2018-10-25 09:00:00,0.0,0.0,0.0,0.0,0.0
279.5708,0.9949968,0.0,0.5710107,0.9905219,2018-10-25 10:00:00,0.0,0.0,0.0,0.0,0.0
279.31787,1.0,0.008620787,0.68363035,1.0,2018-10-25 11:00:00,0.0,0.0,0.0,0.0,0.0
279.5398,1.0,0.0048919544,0.84169793,1.0,2018-10-25 12:00:00,0.0,0.0,0.0,0.0,0.0
279.4663,1.0,0.0048919544,0.93672407,1.0,2018-10-25 13:00:00,0.0,0.0,0.0,0.0,0.0
279.95532,1.0,0.0016249504,0.9264751,1.0,2018-10-25 14:00:00,0.0,0.0,0.0,0.0,0.0
281.4297,1.0,0.0,0.992347,1.0,2018-10-25 15:00:00,0.0,0.0,0.0,0.0,0.0
281.93335,1.0,0.0,1.0,1.0,2018-10-25 16:00:00,0.0,0.0,0.0,0.0,0.0
282.67896,1.0,0.014189757,1.0,1.0,2018-10-25 17:00:00,0.0,0.0,0.0,0.0,0.0
283.5017,1.0,0.00998199,0.99736434,1.0,2018-10-25 18:00:00,0.0,0.0,0.0,0.0,0.0
284.1289,1.0,0.0032499009,0.99604,0.9966217,2018-10-25 19:00:00,1.0,2.6726156e-07,0.0,0.0,2.6726156e-07
284.50708,1.0,0.0135127455,0.9915123,0.99946827,2018-10-25 20:00:00,1.0,1.3363078e-06,0.0,0.0,1.3363078e-06
284.79077,0.99946827,0.0,0.98970896,0.99946827,2018-10-25 21:00:00,1.0,4.5434463e-06,0.0,0.0,4.5434463e-06
283.92358,1.0,0.0016249504,0.9845659,1.0,2018-10-25 22:00:00,1.0,8.285109e-06,0.0,0.0,8.285109e-06
283.48608,1.0,0.0,0.9521018,1.0,2018-10-25 23:00:00,1.0,3.4743998e-06,0.0,0.0,3.4743998e-06
283.15308,1.0,0.0,0.9689228,1.0,2018-10-26 00:00:00,1.0,4.5434463e-06,0.0,0.0,4.5434463e-06
282.78955,1.0,0.0,0.9942007,1.0,2018-10-26 01:00:00,1.0,1.1224986e-05,0.0,0.0,1.1224986e-05
282.61133,1.0,0.0,0.993669,1.0,2018-10-26 02:00:00,1.0,3.007034e-05,0.0,0.0,3.007034e-05
282.0149,1.0,0.0,0.99946827,1.0,2018-10-26 03:00:00,1.0,0.00010353151,0.0,0.0,0.000103627
281.64404,1.0,0.0,1.0,1.0,2018-10-26 04:00:00,1.0,0.00012920072,0.0,0.0,0.00012920072
281.03394,1.0,0.0,0.99569273,1.0,2018-10-26 05:00:00,1.0,0.00012465159,0.0,0.0,0.00012465159
280.83154,0.99289286,0.0,0.9880009,0.95770437,2018-10-26 06:00:00,1.0,0.00012777795,0.0,0.0,0.00012777795
280.698,0.998375,0.0,0.98765033,0.70510226,2018-10-26 07:00:00,1.0,2.4148263e-05,0.0,0.0,2.4148263e-05
280.46484,0.9714402,0.0016249504,0.95807993,0.51519406,2018-10-26 08:00:00,1.0,9.094508e-06,0.0,0.0,9.094508e-06
280.0879,0.972742,0.0065169036,0.9651804,0.33805156,2018-10-26 09:00:00,1.0,1.2582305e-05,0.0,0.0,1.2105468e-05
280.0808,0.9468055,0.009414371,0.94100624,0.2692085,2018-10-26 10:00:00,1.0,1.2066998e-05,0.0,0.0,1.2162494e-05
280.0442,0.8358991,0.028476864,0.8319391,0.042462975,2018-10-26 11:00:00,1.0,1.3914087e-06,0.0,0.0,1.3914087e-06
279.78052,0.7899616,0.09828806,0.7878408,0.02108676,2018-10-26 12:00:00,1.0,1.3363078e-06,0.0,0.0,1.3363078e-06
279.63745,0.8805352,0.05515985,0.8670443,0.16599727,2018-10-26 13:00:00,1.0,7.483324e-06,0.0,0.0,7.216063e-06
280.0354,0.9339072,0.0016249504,0.9301974,0.5823574,2018-10-26 14:00:00,1.0,2.049125e-05,0.0,0.0,2.049125e-05
281.29248,0.983826,0.018661272,0.98329425,0.33520985,2018-10-26 15:00:00,1.0,4.4183194e-05,0.0,0.0,4.4183194e-05
281.41675,0.98715454,0.050610535,0.98715454,0.0037288337,2018-10-26 16:00:00,1.0,6.303564e-05,0.0,0.0,6.303564e-05
281.71802,0.9565111,0.10054827,0.9527823,0.0,2018-10-26 17:00:00,1.0,8.775879e-05,0.0,0.0,8.785428e-05
282.34912,0.84742016,0.26552886,0.8457952,0.0,2018-10-26 18:00:00,1.0,0.00011151293,0.0,0.0,0.000111627
282.41235,0.91086924,0.3817683,0.89882016,0.05198464,2018-10-26 19:00:00,1.0,0.00045702443,0.0,0.00041764416,3.924675e-05
282.47876,0.9718677,0.72309333,0.9225579,0.35226148,2018-10-26 20:00:00,1.0,0.00010250593,0.0,6.722899e-05,3.5276928e-05
282.19287,0.9873881,0.8917177,0.93566024,0.7762869,2018-10-26 21:00:00,1.0,6.891682e-05,0.0,0.0,6.891682e-05
281.27905,1.0,1.0,1.0,0.9344807,2018-10-26 22:00:00,1.0,0.00025871838,0.0,0.00014993467,0.00010851727
281.20386,1.0,1.0,0.9978961,0.975269,2018-10-26 23:00:00,1.0,0.0004353323,0.0,0.00029107113,0.00014419435
280.99048,1.0,1.0,0.9721017,0.9538269,2018-10-27 00:00:00,1.0,0.00039233128,0.0,0.00013725935,0.00025554863
280.74463,1.0,1.0,0.92592984,0.94011366,2018-10-27 01:00:00,1.0,0.0009850382,0.0,0.00080492,0.0001801752
280.48608,1.0,1.0,0.9320577,0.8686982,2018-10-27 02:00:00,1.0,0.00060312776,0.0,0.0003237871,0.0002793884
280.27612,1.0,1.0,0.97364134,0.8034129,2018-10-27 03:00:00,1.0,0.0008329537,0.0,0.00028104335,0.0005518338
280.4016,1.0,1.0,0.9446716,0.53971225,2018-10-27 04:00:00,1.0,0.0008438737,0.0,0.00017214047,0.00067159045
280.29175,1.0,1.0,0.9684242,0.3116606,2018-10-27 05:00:00,1.0,0.0005829807,0.0,5.4080723e-05,0.000529072
280.114,1.0,1.0,0.97247493,0.15056098,2018-10-27 06:00:00,1.0,0.00029222853,0.0,0.0,0.00029222853
280.06665,1.0,1.0,0.84174937,0.1241194,2018-10-27 07:00:00,1.0,6.710048e-05,0.0,0.0,6.698641e-05
280.12915,1.0,1.0,0.66783756,0.105315566,2018-10-27 08:00:00,1.0,3.289907e-05,0.0,0.0,3.289907e-05
279.93213,1.0,1.0,0.4002999,0.04830296,2018-10-27 09:00:00,1.0,5.4900183e-06,0.0,0.0,5.9668555e-06
280.02246,1.0,1.0,0.17317855,0.040164344,2018-10-27 10:00:00,1.0,1.658671e-06,0.0,0.0,1.658671e-06
280.09253,0.9915844,0.9915844,0.0,0.0,2018-10-27 11:00:00,1.0,3.813414e-07,0.0,0.0,2.0957555e-07
279.9143,0.99946827,0.99946827,0.0,0.0,2018-10-27 12:00:00,1.0,0.0,0.0,0.0,0.0
279.86694,0.9764376,0.9764376,0.0,0.0,2018-10-27 13:00:00,1.0,1.1446655e-06,0.0,0.0,7.8190845e-07
280.41846,0.9942007,0.9942007,0.0,0.0,2018-10-27 14:00:00,0.0,4.0056705e-07,0.0,0.0,6.101426e-07
281.54248,0.99364376,0.99364376,0.0,0.0,2018-10-27 15:00:00,1.0,2.6726156e-07,0.0,0.0,2.6726156e-07
282.0879,0.97838485,0.97838485,0.0,0.0,2018-10-27 16:00:00,1.0,0.0,0.0,0.0,0.0
283.1975,1.0,1.0,0.0,0.0,2018-10-27 17:00:00,0.0,0.0,0.0,0.0,0.0
283.7666,0.99368834,0.99368834,0.0,0.0,2018-10-27 18:00:00,0.0,0.0,0.0,0.0,0.0
284.11475,0.9873767,0.9873767,0.0,0.0,2018-10-27 19:00:00,0.0,0.0,0.0,0.0,0.0
284.4082,1.0,0.99368834,0.0,0.8173157,2018-10-27 20:00:00,0.0,0.0,0.0,0.0,0.0
284.91895,1.0,0.98948056,0.08865386,0.94612384,2018-10-27 21:00:00,0.0,0.0,0.0,0.0,0.0
283.96143,0.96992826,0.8336175,0.4880702,0.8482106,2018-10-27 22:00:00,0.0,0.0,0.0,0.0,0.0
283.54663,0.8615913,0.466583,0.6657615,0.6438418,2018-10-27 23:00:00,0.0,0.0,0.0,0.0,0.0
283.1919,0.8138808,0.16292036,0.5510778,0.7121949,2018-10-28 00:00:00,1.0,8.552371e-06,0.0,8.285109e-06,0.0
282.50952,0.96318376,0.029622272,0.94145674,0.68912876,2018-10-28 01:00:00,1.0,0.0003660128,0.0,0.00032499735,4.0881976e-05
281.84375,0.9530815,0.30437893,0.87889355,0.59347975,2018-10-28 02:00:00,1.0,0.0010623944,0.0,0.0007303087,0.00033205678
281.61426,0.9359322,0.69950324,0.85348195,0.14297473,2018-10-28 03:00:00,1.0,0.0013849065,0.0,0.0007245962,0.00066031935
281.7898,0.87325525,0.28094602,0.77644,0.46548617,2018-10-28 04:00:00,1.0,0.001543411,0.0,0.00096013374,0.00058317184
281.7146,0.9910334,0.97839075,0.7381454,0.44624513,2018-10-28 05:00:00,1.0,0.0012431787,0.0,0.00071253395,0.00053064455
282.5725,0.98527277,0.9831689,0.5525726,0.08703494,2018-10-28 06:00:00,1.0,0.00081286347,0.0,0.00051618787,0.00029676128
281.87744,1.0,1.0,0.48521638,0.034775626,2018-10-28 07:00:00,1.0,5.1205963e-05,0.0,2.3057277e-05,2.7700691e-05
280.99146,1.0,1.0,0.84417254,0.03699125,2018-10-28 08:00:00,1.0,9.20005e-05,0.0,1.2292603e-06,9.091417e-05
279.81958,1.0,1.0,0.9046186,0.15491444,2018-10-28 09:00:00,1.0,0.00020632111,0.0,2.4274952e-05,0.00018226566
280.41333,0.99683875,0.9920993,0.7440101,0.30671483,2018-10-28 10:00:00,1.0,0.00047086691,0.0,0.00017094253,0.0003002393
280.40308,0.9966217,0.98316735,0.86741894,0.0,2018-10-28 11:00:00,1.0,0.00031889067,0.0,0.00012441819,0.00019452034
280.29858,0.9989426,0.99657166,0.8634453,0.00998199,2018-10-28 12:00:00,1.0,0.00023918388,0.0,6.3922475e-05,0.00017536618
280.11963,0.99451786,0.9939861,0.6806207,0.25083435,2018-10-28 13:00:00,1.0,0.000118159835,0.0,9.254728e-07,0.00011747278
280.31592,1.0,1.0,0.18338794,0.16499966,2018-10-28 14:00:00,1.0,4.3732958e-05,0.0,2.3835346e-06,4.0758518e-05
281.36768,0.975027,0.975027,0.015842445,0.0,2018-10-28 15:00:00,0.0,8.884263e-06,0.0,5.614027e-06,3.3365677e-06
281.90186,0.8064989,0.8064989,0.015366878,0.0,2018-10-28 16:00:00,0.0,1.3363078e-06,0.0,0.0,1.3363078e-06
282.8142,0.72428703,0.72428703,0.0,0.0,2018-10-28 17:00:00,0.0,0.0,0.0,0.0,0.0
283.78516,0.48857898,0.48857898,0.0,0.0,2018-10-28 18:00:00,0.0,1.14079796e-07,0.0,1.9067068e-07,0.0
284.84302,0.6176285,0.6176285,0.0,0.0,2018-10-28 19:00:00,0.0,3.813414e-07,0.0,4.3838128e-07,0.0
285.04956,0.92167586,0.92167586,0.06455964,0.0,2018-10-28 20:00:00,0.0,0.0,0.0,0.0,0.0
285.15845,0.9628656,0.9628656,0.108284056,0.0,2018-10-28 21:00:00,0.0,0.0,0.0,0.0,0.0
283.7041,0.6576209,0.6570892,0.23651057,0.0,2018-10-28 22:00:00,0.0,0.0,0.0,0.0,0.0
283.16187,0.46241516,0.46241516,0.08985478,0.0,2018-10-28 23:00:00,0.0,0.0,0.0,0.0,0.0
282.4126,0.44720715,0.44720715,0.0,0.0,2018-10-29 00:00:00,0.0,0.0,0.0,0.0,0.0
281.91235,0.6817916,0.6817916,0.0,0.0,2018-10-29 01:00:00,0.0,0.0,0.0,0.0,0.0
281.69556,0.79925126,0.79925126,0.0,0.0,2018-10-29 02:00:00,0.0,0.0,0.0,0.0,0.0
280.92627,0.76026493,0.76026493,0.0,0.0,2018-10-29 03:00:00,0.0,0.0,0.0,0.0,0.0
280.84375,0.74231344,0.74231344,0.0,0.0,2018-10-29 04:00:00,0.0,0.0,0.0,0.0,0.0
280.45337,0.57065195,0.57065195,0.0,0.0,2018-10-29 05:00:00,0.0,0.0,0.0,0.0,0.0
280.23413,0.4069792,0.4069792,0.0,0.0,2018-10-29 06:00:00,0.0,0.0,0.0,0.0,0.0
279.66113,0.56868607,0.56415844,0.0,0.0097927265,2018-10-29 07:00:00,0.0,0.0,0.0,0.0,0.0
279.34473,0.74547845,0.6307176,0.005832717,0.3124752,2018-10-29 08:00:00,0.0,0.0,0.0,0.0,0.0
277.17017,0.9432547,0.45616668,0.012647808,0.8832958,2018-10-29 09:00:00,0.0,0.0,0.0,0.0,0.0
277.05933,0.5364983,0.14115763,0.0,0.47598225,2018-10-29 10:00:00,1.0,0.0,0.0,0.0,0.0
276.30786,0.6014723,0.11376774,0.0,0.55362296,2018-10-29 11:00:00,1.0,0.0,0.0,0.0,0.0
276.18872,0.39764178,0.039215513,0.0,0.37077647,2018-10-29 12:00:00,1.0,2.6726156e-07,0.0,0.0,0.0
276.531,0.5664184,0.038773376,0.0016249504,0.53674805,2018-10-29 13:00:00,0.0,0.0,0.0,0.0,0.0
277.59766,0.85022485,0.033572096,0.004307229,0.84449273,2018-10-29 14:00:00,0.0,0.0,0.0,0.0,0.0
279.97705,0.96127903,0.059357747,0.0,0.95790076,2018-10-29 15:00:00,0.0,0.0,0.0,0.0,0.0
280.45386,0.9393069,0.18870199,0.04517564,0.93246835,2018-10-29 16:00:00,0.0,0.0,0.0,0.0,0.0
281.38306,0.9872687,0.6962291,0.4081533,0.9722609,2018-10-29 17:00:00,0.0,0.0,0.0,0.0,0.0
281.52588,0.84051865,0.5544758,0.52093506,0.5923233,2018-10-29 18:00:00,0.0,8.365288e-05,0.0,8.365288e-05,0.0
281.5752,0.95742875,0.2813503,0.7886648,0.87932456,2018-10-29 19:00:00,0.0,0.0,0.0,0.0,0.0
282.05322,0.9527156,0.0,0.79059494,0.8751834,2018-10-29 20:00:00,0.0,0.00011741422,0.0,0.00011728059,0.0
282.15234,0.99076873,0.0,0.9804333,0.7934845,2018-10-29 21:00:00,0.0,4.0696556e-05,0.0,4.0648796e-05,0.0
281.71313,0.4986695,0.0,0.48740518,0.07890135,2018-10-29 22:00:00,0.0,4.207046e-05,0.0,4.2136788e-05,0.0
281.28394,0.32180244,0.0,0.24083948,0.24274725,2018-10-29 23:00:00,0.0,7.5312864e-06,0.0,7.3787505e-06,0.0
280.72876,0.11699486,0.0,0.10525954,0.037678275,2018-10-30 00:00:00,0.0,0.0,0.0,0.0,0.0
280.37817,0.22997653,0.0,0.22997653,0.0,2018-10-30 01:00:00,0.0,0.0,0.0,0.0,0.0
280.2251,0.20061195,0.0,0.18661338,0.01398148,2018-10-30 02:00:00,0.0,0.0,0.0,0.0,0.0
279.68994,0.31825286,0.0,0.30818683,0.015364882,2018-10-30 03:00:00,0.0,0.0,0.0,0.0,0.0
279.68726,0.25037426,0.0,0.20587122,0.04687395,2018-10-30 04:00:00,0.0,0.0,0.0,0.0,0.0
279.43945,0.28343356,0.0,0.09041321,0.19573307,2018-10-30 05:00:00,0.0,0.0,0.0,0.0,0.0
279.76367,0.5572821,0.0,0.34216386,0.4818951,2018-10-30 06:00:00,0.0,0.0,0.0,0.0,0.0
280.46655,0.9839146,0.0122609325,0.91725564,0.97037596,2018-10-30 07:00:00,0.0,0.0,0.0,0.0,0.0
280.1765,0.9800109,0.19738704,0.9508383,0.96927565,2018-10-30 08:00:00,0.0,0.0,0.0,0.0,0.0
280.1997,0.98972833,0.09439707,0.9531927,0.9864784,2018-10-30 09:00:00,0.0,0.0,0.0,0.0,0.0
280.55005,0.9955251,0.03059024,0.8174483,0.9955251,2018-10-30 10:00:00,0.0,0.0,0.0,0.0,0.0
280.61377,0.9687235,0.0,0.5903013,0.95389163,2018-10-30 11:00:00,0.0,0.0,0.0,0.0,0.0
280.43652,0.997629,0.0,0.9723541,0.97443193,2018-10-30 12:00:00,1.0,0.0,0.0,0.0,0.0
280.15723,1.0,0.020210877,1.0,0.98999023,2018-10-30 13:00:00,1.0,1.1062127e-05,0.0,0.0,1.0948047e-05
280.43604,1.0,0.02323829,0.5229767,1.0,2018-10-30 14:00:00,1.0,0.0005066481,0.0,0.00048153894,2.4975598e-05
281.30103,0.99736434,0.11402547,0.19863659,0.98999023,2018-10-30 15:00:00,0.0,1.5288198e-05,0.0,0.0,1.5765036e-05
282.1692,0.99627113,0.07947731,0.25278234,0.99284285,2018-10-30 16:00:00,0.0,2.89754e-06,0.0,0.0,2.89754e-06
283.16162,1.0,0.0,0.8017514,1.0,2018-10-30 17:00:00,0.0,0.0,0.0,0.0,0.0
283.8474,0.9805366,0.0,0.8282077,0.9805366,2018-10-30 18:00:00,0.0,0.0,0.0,0.0,0.0
284.37915,0.9989426,0.0,0.47516042,0.9989426,2018-10-30 19:00:00,0.0,0.0,0.0,0.0,0.0
284.7771,0.9882613,0.019081715,0.14840066,0.9882613,2018-10-30 20:00:00,0.0,0.0,0.0,0.0,0.0
285.07935,0.98999023,0.0,0.034906197,0.98999023,2018-10-30 21:00:00,0.0,0.0,0.0,0.0,0.0
283.3496,0.95616204,0.0,0.0,0.95616204,2018-10-30 22:00:00,0.0,0.0,0.0,0.0,0.0
282.15698,0.7773261,0.0,0.0010573287,0.7773261,2018-10-30 23:00:00,0.0,0.0,0.0,0.0,0.0
281.05054,0.9350857,0.0,0.27961427,0.9256077,2018-10-31 00:00:00,0.0,0.0,0.0,0.0,0.0
280.23584,0.9928871,0.0,0.2602747,0.9928871,2018-10-31 01:00:00,0.0,0.0,0.0,0.0,0.0
279.95874,0.72233194,0.0,0.08752078,0.719961,2018-10-31 02:00:00,0.0,0.0,0.0,0.0,0.0
278.73608,0.5249561,0.0,0.0,0.5249561,2018-10-31 03:00:00,0.0,0.0,0.0,0.0,0.0
277.92578,0.11517978,0.0,0.0,0.11517978,2018-10-31 04:00:00,0.0,0.0,0.0,0.0,0.0
276.69043,0.028492253,0.0,0.0,0.028492253,2018-10-31 05:00:00,0.0,0.0,0.0,0.0,0.0
276.49048,0.0037098185,0.0,0.0,0.0037098185,2018-10-31 06:00:00,0.0,0.0,0.0,0.0,0.0
276.47534,0.0,0.0,0.0,0.0,2018-10-31 07:00:00,0.0,0.0,0.0,0.0,0.0
276.74023,0.0,0.0,0.0,0.0,2018-10-31 08:00:00,0.0,0.0,0.0,0.0,0.0
276.75244,0.28301424,0.0,0.0,0.28301424,2018-10-31 09:00:00,0.0,0.0,0.0,0.0,0.0
275.6328,0.012155447,0.0,0.012155447,0.0,2018-10-31 10:00:00,0.0,0.0,0.0,0.0,0.0
275.58252,0.0,0.0,0.0,0.0,2018-10-31 11:00:00,0.0,0.0,0.0,0.0,0.0
275.54834,0.45928848,0.0,0.0,0.45928848,2018-10-31 12:00:00,0.0,0.0,0.0,0.0,0.0
275.55884,0.00053172023,0.0,0.0,0.00053172023,2018-10-31 13:00:00,0.0,0.0,0.0,0.0,0.0
276.43726,0.05191912,0.0,0.0,0.05191912,2018-10-31 14:00:00,0.0,0.0,0.0,0.0,0.0
279.87817,0.3594498,0.0,0.0,0.3594498,2018-10-31 15:00:00,0.0,0.0,0.0,0.0,0.0
281.09863,0.17793858,0.0,0.0,0.17793858,2018-10-31 16:00:00,0.0,0.0,0.0,0.0,0.0
282.27002,0.15608472,0.0,0.0,0.15608472,2018-10-31 17:00:00,0.0,0.0,0.0,0.0,0.0
283.24194,0.2838335,0.0,0.0,0.2838335,2018-10-31 18:00:00,0.0,0.0,0.0,0.0,0.0
283.81372,0.17379063,0.009478044,0.0,0.16433704,2018-10-31 19:00:00,0.0,0.0,0.0,0.0,0.0
284.34985,0.039346345,0.0250809,0.0,0.014259331,2018-10-31 20:00:00,0.0,0.0,0.0,0.0,0.0
285.01733,0.505573,0.49157214,0.0031780982,0.025598124,2018-10-31 21:00:00,0.0,0.0,0.0,0.0,0.0
283.4287,0.27724004,0.27671444,0.0026822793,0.0,2018-10-31 22:00:00,0.0,0.0,0.0,0.0,0.0
281.9402,0.33808416,0.33755857,0.0010573287,0.0,2018-10-31 23:00:00,0.0,0.0,0.0,0.0,0.0
280.9944,0.09133285,0.076979935,0.021348733,0.0,2018-11-01 00:00:00,0.0,0.0,0.0,0.0,0.0
280.18555,0.07211888,0.04368751,0.06310809,0.0,2018-11-01 01:00:00,0.0,0.0,0.0,0.0,0.0
280.12085,0.03156854,0.0021566707,0.029447768,0.0015890491,2018-11-01 02:00:00,0.0,0.0,0.0,0.0,0.0
277.92993,0.1478082,0.024777025,0.087090015,0.06988096,2018-11-01 03:00:00,0.0,1.051985e-05,0.0,1.0367315e-05,0.0
277.40234,0.19942164,0.01336024,0.19942164,0.0,2018-11-01 04:00:00,0.0,1.3187316e-05,0.0,1.2996645e-05,0.0
275.5381,0.0065169036,0.0065169036,0.0065169036,0.0,2018-11-01 05:00:00,0.0,1.8255596e-05,0.0,1.8064937e-05,0.0
275.53687,0.04167419,0.04167419,0.0,0.0,2018-11-01 06:00:00,0.0,0.0,0.0,0.0,0.0
275.37598,0.16572344,0.16572344,0.017467394,0.0,2018-11-01 07:00:00,0.0,0.0,0.0,0.0,0.0
274.3789,0.335002,0.335002,0.01173529,0.0,2018-11-01 08:00:00,0.0,0.0,0.0,0.0,0.0
274.10913,0.18219411,0.18219411,0.0,0.0,2018-11-01 09:00:00,0.0,0.0,0.0,0.0,0.0
273.3462,0.12589997,0.12589997,0.0,0.0,2018-11-01 10:00:00,0.0,0.0,0.0,0.0,0.0
273.22412,0.075771034,0.075771034,0.0,0.0,2018-11-01 11:00:00,0.0,0.0,0.0,0.0,0.0
273.42456,0.053675096,0.053675096,0.0,0.0,2018-11-01 12:00:00,0.0,0.0,0.0,0.0,0.0
273.1682,0.07533091,0.07533091,0.0,0.0,2018-11-01 13:00:00,0.0,0.0,0.0,0.0,0.0
274.2356,0.12457776,0.12457776,0.0,0.0,2018-11-01 14:00:00,0.0,0.0,0.0,0.0,0.0
277.35693,0.07684612,0.07684612,0.0,0.0,2018-11-01 15:00:00,0.0,0.0,0.0,0.0,0.0
279.17188,0.1571759,0.1571759,0.0,0.0,2018-11-01 16:00:00,0.0,0.0,0.0,0.0,0.0
280.63794,0.15313089,0.15313089,0.0,0.0,2018-11-01 17:00:00,0.0,0.0,0.0,0.0,0.0
281.47144,0.101593435,0.101593435,0.0,0.0,2018-11-01 18:00:00,0.0,0.0,0.0,0.0,0.0
281.98267,0.36833167,0.2071675,0.0,0.22787571,2018-11-01 19:00:00,0.0,0.0,0.0,0.0,0.0
282.6172,0.72795314,0.6206004,0.0,0.4892009,2018-11-01 20:00:00,0.0,0.0,0.0,0.0,0.0
283.16455,0.74027276,0.50555426,0.08175361,0.6503702,2018-11-01 21:00:00,0.0,0.0,0.0,0.0,0.0
281.64795,0.7193488,0.0100932345,0.5858664,0.46558607,2018-11-01 22:00:00,0.0,0.0,0.0,0.0,0.0
280.18262,0.9879053,0.0,0.9638092,0.8496475,2018-11-01 23:00:00,0.0,0.0,0.0,0.0,0.0
279.64844,0.9970973,0.0,0.98403424,0.9867704,2018-11-02 00:00:00,0.0,0.0,0.0,0.0,0.0
279.37183,1.0,0.0,0.9942007,0.99946827,2018-11-02 01:00:00,0.0,0.0,0.0,0.0,0.0
278.93872,1.0,0.0,1.0,1.0,2018-11-02 02:00:00,0.0,0.0,0.0,0.0,0.0
278.2671,1.0,0.0,0.9925423,1.0,2018-11-02 03:00:00,0.0,0.0,0.0,0.0,0.0
278.01465,0.99627113,0.01692028,0.98999023,0.99206334,2018-11-02 04:00:00,0.0,0.0,0.0,0.0,0.0
277.09033,0.97917867,0.02939561,0.91121435,0.96459687,2018-11-02 05:00:00,0.0,0.0,0.0,0.0,0.0
276.69702,0.9621792,0.038230784,0.82284516,0.93055546,2018-11-02 06:00:00,0.0,0.0,0.0,0.0,0.0
276.38867,0.97616816,0.04280624,0.8798366,0.96244293,2018-11-02 07:00:00,0.0,0.0,0.0,0.0,0.0
276.1399,0.9738078,0.023074295,0.760015,0.94649744,2018-11-02 08:00:00,0.0,0.0,0.0,0.0,0.0
275.0459,0.90512437,0.0,0.37846082,0.89975345,2018-11-02 09:00:00,0.0,0.0,0.0,0.0,0.0
274.34888,0.8532178,0.0,0.31962872,0.79992765,2018-11-02 10:00:00,0.0,0.0,0.0,0.0,0.0
274.07983,0.8798325,0.0,0.54471064,0.75542355,2018-11-02 11:00:00,0.0,0.0,0.0,0.0,0.0
273.71997,0.83541006,0.0,0.44214237,0.6931807,2018-11-02 12:00:00,0.0,0.0,0.0,0.0,0.0
273.22974,0.6364165,0.0,0.037432324,0.63010484,2018-11-02 13:00:00,0.0,0.0,0.0,0.0,0.0
274.13574,0.2707727,0.0,0.015508477,0.26260245,2018-11-02 14:00:00,0.0,0.0,0.0,0.0,0.0
276.65503,0.049981985,0.0,0.023681324,0.035564415,2018-11-02 15:00:00,0.0,0.0,0.0,0.0,0.0
278.03247,0.16350126,0.0,0.12239981,0.056150913,2018-11-02 16:00:00,0.0,8.017847e-06,0.0,8.151478e-06,0.0
279.23608,0.2163598,0.002103883,0.17974645,0.08370912,2018-11-02 17:00:00,0.0,1.984778e-05,0.0,1.9904823e-05,0.0
280.10156,0.36393464,0.055648763,0.32415974,0.18483365,2018-11-02 18:00:00,0.0,0.0,0.0,0.0,0.0
280.40186,0.7177807,0.19337666,0.649274,0.35331511,2018-11-02 19:00:00,0.0,0.0,0.0,0.0,0.0
280.62866,0.69126356,0.10802126,0.68553877,0.15952605,2018-11-02 20:00:00,0.0,0.0,0.0,0.0,0.0
280.7754,0.72117424,0.029685073,0.71879715,0.01447637,2018-11-02 21:00:00,0.0,0.0,0.0,0.0,0.0
279.6294,0.92487067,0.044741157,0.92487067,0.015842445,2018-11-02 22:00:00,0.0,0.0,0.0,0.0,0.0
279.42676,0.6034876,0.016589437,0.6034876,0.0,2018-11-02 23:00:00,0.0,0.0,0.0,0.0,0.0
279.06128,0.62490755,0.09078485,0.62490755,0.0,2018-11-03 00:00:00,0.0,0.0,0.0,0.0,0.0
277.8186,0.50915515,0.0,0.50915515,0.0,2018-11-03 01:00:00,0.0,0.0,0.0,0.0,0.0
277.09888,0.3929668,0.004767146,0.3929668,0.0,2018-11-03 02:00:00,0.0,0.0,0.0,0.0,0.0
275.8606,0.387402,0.0057992525,0.387402,0.0,2018-11-03 03:00:00,0.0,0.0,0.0,0.0,0.0
275.77832,0.4273212,0.03990307,0.41994703,0.0,2018-11-03 04:00:00,0.0,0.0,0.0,0.0,0.0
275.24048,0.4413368,0.009745125,0.4413368,0.0,2018-11-03 05:00:00,1.0,3.813414e-07,0.0,1.9067068e-07,0.0
274.9856,0.5770965,0.028467033,0.5765648,0.0,2018-11-03 06:00:00,0.0,0.0,0.0,1.3363075e-07,0.0
275.3933,0.3638602,0.045329448,0.3414353,0.0,2018-11-03 07:00:00,6.0,3.628143e-05,0.0,3.6500947e-05,0.0
275.22754,0.5465509,0.15984476,0.45690233,0.06349999,2018-11-03 08:00:00,1.0,3.741662e-06,2.0044615e-07,3.741662e-06,2.6726156e-07
275.20117,0.6842642,0.27577192,0.5670009,0.3369186,2018-11-03 09:00:00,5.0,7.830764e-05,4.0089236e-07,7.737223e-05,8.017848e-07
274.5266,0.9778151,0.45133483,0.71915245,0.833289,2018-11-03 10:00:00,5.0,1.3363078e-06,6.0133857e-07,0.0,1.3363078e-06
274.5298,0.89893854,0.5310775,0.6353347,0.7453591,2018-11-03 11:00:00,6.0,2.6726156e-07,2.0044615e-07,0.0,2.6726156e-07
274.73975,1.0,0.6715658,0.579434,1.0,2018-11-03 12:00:00,0.0,0.0,0.0,0.0,0.0
274.69922,1.0,0.5685852,0.8218702,1.0,2018-11-03 13:00:00,6.0,0.0,1.42599745e-08,0.0,0.0
275.489,1.0,0.6354375,0.92133874,1.0,2018-11-03 14:00:00,1.0,0.0,1.42599745e-08,0.0,0.0
277.292,1.0,0.5928575,0.9513293,1.0,2018-11-03 15:00:00,1.0,2.4604466e-05,0.0,2.253335e-05,2.0618218e-06
278.19702,1.0,0.48502016,0.99841094,1.0,2018-11-03 16:00:00,1.0,0.0003358398,0.0,0.0003158059,2.0167558e-05
279.12134,1.0,0.34705162,1.0,1.0,2018-11-03 17:00:00,1.0,0.0001948523,0.0,0.00016086218,3.3865785e-05
279.70093,1.0,0.27583104,1.0,1.0,2018-11-03 18:00:00,1.0,0.0002505812,0.0,0.00019624023,5.4284e-05
280.25195,1.0,0.042373877,1.0,0.9957922,2018-11-03 19:00:00,1.0,0.00012662302,0.0,9.375514e-05,3.2391035e-05
280.61328,1.0,0.13421106,1.0,0.99946827,2018-11-03 20:00:00,1.0,9.199673e-06,0.0,0.0,8.722835e-06
280.5249,1.0,0.3277549,0.99336845,1.0,2018-11-03 21:00:00,1.0,1.7293074e-05,0.0,2.7786728e-06,1.4085323e-05
279.9624,1.0,0.5001687,1.0,1.0,2018-11-03 22:00:00,1.0,6.259652e-05,0.0,1.401517e-05,4.8543225e-05
279.48096,1.0,0.46500754,0.9800109,0.9949968,2018-11-03 23:00:00,1.0,9.284618e-05,0.0,3.2946027e-06,8.933207e-05
278.85083,1.0,0.33711326,1.0,1.0,2018-11-04 00:00:00,1.0,0.00013919937,0.0,0.0,0.00013919937
278.6294,1.0,0.35523194,1.0,1.0,2018-11-04 01:00:00,1.0,0.00018422786,0.0,0.0,0.00018422786
278.34717,1.0,0.53145003,1.0,0.99214685,2018-11-04 02:00:00,1.0,0.00022256265,0.0,0.0,0.00022262035
277.80957,1.0,0.5854031,1.0,0.69379044,2018-11-04 03:00:00,1.0,0.0002640481,0.0,0.0,0.0002640481
277.4275,1.0,0.78157663,1.0,0.61895967,2018-11-04 04:00:00,1.0,0.00028014067,0.0,0.0,0.00028002658
276.73486,1.0,1.0,1.0,0.9005499,2018-11-04 05:00:00,1.0,0.00026809028,0.0,0.0,0.00026835734
276.47705,1.0,0.9794156,1.0,0.66400975,2018-11-04 06:00:00,1.0,0.00023896656,0.0,0.0,0.0002393479
276.31934,1.0,1.0,1.0,0.73186487,2018-11-04 07:00:00,1.0,0.00034866552,0.0,0.0,0.00034866552
275.77222,1.0,0.9427627,0.9978961,0.49383014,2018-11-04 08:00:00,1.0,0.000272586,0.0,0.0,0.000272586
275.135,1.0,0.92092687,1.0,0.7315629,2018-11-04 09:00:00,1.0,0.00026229303,3.3423504e-07,0.0,0.00026229303
275.5686,1.0,1.0,0.9910895,0.6167814,2018-11-04 10:00:00,1.0,0.00044128462,1.652076e-05,0.0,0.00044128462
275.2788,1.0,1.0,0.99683875,0.53777295,2018-11-04 11:00:00,1.0,0.00063997624,0.000115166345,0.0,0.00063997624
275.37402,0.998375,0.9949968,0.9833648,0.6999681,2018-11-04 12:00:00,7.0,0.0006997653,0.00029662834,0.0,0.0006997653
275.39966,1.0,1.0,0.98999023,0.9913792,2018-11-04 13:00:00,7.0,0.00064111315,0.0002873314,0.0,0.00064111315
275.42578,1.0,1.0,0.99675006,0.99675006,2018-11-04 14:00:00,7.0,0.00052465894,0.00015661643,0.0,0.00052460143
275.41284,1.0,1.0,0.9968219,1.0,2018-11-04 15:00:00,1.0,0.00046692067,3.4102544e-05,0.0,0.00046692067
275.3772,1.0,1.0,0.82502055,0.99627113,2018-11-04 16:00:00,1.0,0.0005448705,3.3640186e-05,0.0,0.0005448705
275.5442,1.0,1.0,0.9860254,0.998375,2018-11-04 17:00:00,1.0,0.0007637169,7.222289e-05,0.0,0.0007639264
275.14258,1.0,1.0,0.9946291,0.998375,2018-11-04 18:00:00,1.0,0.0009652348,0.00012644746,0.0,0.0009651773
275.19873,1.0,1.0,1.0,0.99675006,2018-11-04 19:00:00,1.0,0.0006793963,9.914811e-07,0.0,0.0006793963
275.2998,1.0,1.0,0.9989426,0.9978961,2018-11-04 20:00:00,1.0,0.00062276516,0.0,0.0,0.00062276516
275.62964,1.0,1.0,0.95005274,1.0,2018-11-04 21:00:00,1.0,0.0003728338,0.0,0.0,0.0003728338
275.58813,1.0,1.0,0.96867645,0.71240044,2018-11-04 22:00:00,1.0,0.00013333703,0.0,0.0,0.00013333703
275.70508,1.0,1.0,0.92314035,0.0,2018-11-04 23:00:00,1.0,5.002819e-05,0.0,0.0,5.0123694e-05
275.74707,1.0,1.0,0.8538629,0.0,2018-11-05 00:00:00,1.0,2.8635171e-05,0.0,0.0,2.8635171e-05
275.7688,1.0,1.0,0.0,0.0,2018-11-05 01:00:00,1.0,4.786314e-06,0.0,0.0,4.786314e-06
275.7058,1.0,1.0,0.002103883,0.0,2018-11-05 02:00:00,1.0,8.5817857e-07,0.0,0.0,8.5817857e-07
275.66333,0.9957922,0.9957922,0.14319229,0.0,2018-11-05 03:00:00,1.0,2.6726156e-07,0.0,0.0,2.6726156e-07
275.78662,0.99368834,0.99368834,0.040161457,0.0,2018-11-05 04:00:00,1.0,2.6726156e-07,0.0,0.0,2.6726156e-07
275.7854,0.99368834,0.99368834,0.0,0.0,2018-11-05 05:00:00,1.0,4.7683716e-07,0.0,0.0,4.7683716e-07
275.75073,1.0,1.0,0.0023709626,0.0,2018-11-05 06:00:00,1.0,4.7683716e-07,0.0,0.0,4.7683716e-07
275.81128,0.9928895,0.9928895,0.0033782488,0.0,2018-11-05 07:00:00,1.0,1.372825e-06,0.0,5.9091695e-07,1.4305115e-06
276.19214,0.99235535,0.99235535,0.0,0.0,2018-11-05 08:00:00,1.0,2.5174904e-06,0.0,4.7747868e-08,2.0592379e-06
276.1587,0.9832556,0.9832556,0.0,0.0,2018-11-05 09:00:00,1.0,2.3079156e-06,0.0,0.0,2.3079156e-06
276.74927,0.98783964,0.96939397,0.027567934,0.24924785,2018-11-05 10:00:00,1.0,2.575177e-06,0.0,4.7747868e-08,2.575177e-06
276.74805,0.9949968,0.96577746,0.0643841,0.93274903,2018-11-05 11:00:00,1.0,5.6297667e-06,0.0,9.165061e-07,4.7132608e-06
276.81274,0.9978961,0.96578175,0.0635317,0.9655911,2018-11-05 12:00:00,1.0,1.2247159e-05,0.0,1.3164308e-06,1.1197989e-05
276.9297,0.9841853,0.8747653,0.025085729,0.9537286,2018-11-05 13:00:00,1.0,1.2472084e-05,0.0,2.7078313e-06,9.668756e-06
276.4077,1.0,0.7102235,0.06955004,0.998375,2018-11-05 14:00:00,1.0,8.180567e-06,0.0,8.674706e-07,7.226893e-06
277.37915,1.0,0.3822019,0.5053019,1.0,2018-11-05 15:00:00,1.0,2.516208e-06,0.0,1.9067068e-07,2.7071992e-06
278.01123,1.0,0.45934433,0.9186225,1.0,2018-11-05 16:00:00,1.0,1.3350154e-06,0.0,0.0,1.3350154e-06
279.1587,1.0,0.7085056,0.9521661,1.0,2018-11-05 17:00:00,1.0,9.945045e-06,0.0,0.0,9.945045e-06
279.48804,1.0,0.88520056,0.99164295,0.9966217,2018-11-05 18:00:00,1.0,7.488413e-05,0.0,0.0,7.4502794e-05
279.3457,1.0,0.9894588,1.0,1.0,2018-11-05 19:00:00,1.0,0.000154471,0.0,0.0,0.000154471
279.29883,1.0,1.0,1.0,0.9989426,2018-11-05 20:00:00,1.0,0.00030143932,0.0,0.0,0.0003017066
279.23633,1.0,0.9918153,1.0,1.0,2018-11-05 21:00:00,1.0,0.00039648102,0.0,0.0,0.00039611827
279.33838,1.0,1.0,1.0,1.0,2018-11-05 22:00:00,1.0,0.00031267246,0.0,0.0,0.00031276792
279.39673,1.0,1.0,1.0,1.0,2018-11-05 23:00:00,1.0,0.00027513364,0.0,0.0,0.0002746568
279.65356,1.0,1.0,1.0,1.0,2018-11-06 00:00:00,1.0,0.0004262547,0.0,4.3838128e-07,0.00042587332
279.85498,1.0,1.0,1.0,1.0,2018-11-06 01:00:00,1.0,0.000709296,0.0,2.4886522e-06,0.00070645404
279.8296,1.0,1.0,1.0,1.0,2018-11-06 02:00:00,1.0,0.0008110441,0.0,2.7379756e-06,0.0008083349
279.56323,1.0,1.0,1.0,0.99946827,2018-11-06 03:00:00,1.0,0.0006496054,0.0,2.6437729e-06,0.00064681866
279.5708,1.0,1.0,1.0,0.997629,2018-11-06 04:00:00,1.0,0.00048645516,0.0,1.7371995e-06,0.00048458437
279.27222,1.0,1.0,1.0,1.0,2018-11-06 05:00:00,1.0,0.00042355433,0.0,1.1257607e-06,0.00042261928
278.81494,1.0,1.0,1.0,0.9970973,2018-11-06 06:00:00,1.0,0.0003905953,0.0,9.549569e-08,0.0003904812
278.69653,1.0,1.0,1.0,0.9970973,2018-11-06 07:00:00,1.0,0.0006246406,0.0,1.2789424e-06,0.0006234383
278.54858,1.0,1.0,1.0,0.99841094,2018-11-06 08:00:00,1.0,0.0005749534,0.0,1.1071761e-06,0.0005741324
278.3186,1.0,1.0,1.0,0.9970973,2018-11-06 09:00:00,1.0,0.0005272806,0.0,7.348021e-07,0.0005264981
278.38574,1.0,1.0,1.0,0.986155,2018-11-06 10:00:00,1.0,0.0005259237,0.0,1.1741549e-06,0.00052430085
278.4402,1.0,1.0,1.0,1.0,2018-11-06 11:00:00,1.0,0.00064012874,0.0,2.9494895e-06,0.0006370933
278.5559,1.0,1.0,1.0,1.0,2018-11-06 12:00:00,1.0,0.0007787645,0.0,2.1759024e-06,0.0007767603
278.76904,1.0,1.0,1.0,1.0,2018-11-06 13:00:00,1.0,0.0007960375,0.0,4.5046654e-06,0.0007917236
278.26758,1.0,1.0,1.0,0.9978961,2018-11-06 14:00:00,1.0,0.0007976396,0.0,6.736632e-06,0.0007905401
277.1006,1.0,0.9925423,1.0,0.97698236,2018-11-06 15:00:00,1.0,0.0007063085,0.0,8.228301e-06,0.0006983194
276.00854,1.0,0.9815737,0.99047434,0.8742133,2018-11-06 16:00:00,1.0,0.000556787,1.4933241e-05,3.3352799e-06,0.00055349036
275.54346,1.0,1.0,0.6499111,0.6010862,2018-11-06 17:00:00,7.0,0.00045899116,4.5106062e-05,1.3363075e-07,0.00045897253
275.36304,1.0,1.0,0.31527472,0.25776935,2018-11-06 18:00:00,7.0,0.00034278235,5.5759912e-05,2.1444748e-06,0.0003405905
274.92603,1.0,1.0,0.3851176,0.013471484,2018-11-06 19:00:00,7.0,5.5168115e-05,7.6837705e-07,0.0,5.5282188e-05
274.72363,1.0,1.0,0.49766964,0.0,2018-11-06 20:00:00,6.0,3.2558135e-05,7.2368557e-06,0.0,3.2558135e-05
274.54785,1.0,1.0,0.4401443,0.002103883,2018-11-06 21:00:00,6.0,1.5745842e-05,1.3206326e-05,0.0,1.5459984e-05
274.1089,0.96423364,0.94630444,0.35457695,0.002103883,2018-11-06 22:00:00,6.0,6.900663e-06,6.843541e-06,0.0,6.996158e-06
273.8462,0.9287152,0.91588336,0.1404472,0.06091598,2018-11-06 23:00:00,6.0,3.0308547e-06,3.1930867e-06,0.0,3.20262e-06
273.81738,0.9654727,0.9654727,0.29515862,0.0,2018-11-07 00:00:00,6.0,1.944516e-06,1.9588579e-06,0.0,2.1162823e-06
273.51245,0.9875581,0.9830305,0.46676135,0.0,2018-11-07 01:00:00,6.0,2.4790397e-06,2.5384024e-06,0.0,2.3835437e-06
273.39355,0.97580045,0.97580045,0.6502318,0.0,2018-11-07 02:00:00,6.0,3.432714e-06,3.117946e-06,0.0,3.337218e-06
272.9934,0.98138654,0.9576693,0.87102425,0.0,2018-11-07 03:00:00,6.0,2.8981904e-06,3.1943755e-06,0.0,3.2609478e-06
272.83032,0.9582302,0.8315938,0.9464171,0.0,2018-11-07 04:00:00,6.0,6.4462774e-06,6.7631263e-06,0.0,6.8276186e-06
272.35156,0.9645877,0.8012817,0.9400045,0.0,2018-11-07 05:00:00,5.0,1.7757717e-05,1.7843602e-05,0.0,1.7853206e-05
271.8506,0.97969913,0.9538508,0.91907024,0.0,2018-11-07 06:00:00,5.0,3.6034602e-05,3.593453e-05,0.0,3.6034602e-05
271.9358,0.993112,0.9859908,0.9452461,0.0,2018-11-07 07:00:00,5.0,2.2542736e-05,2.2826338e-05,0.0,2.2542736e-05
272.41748,0.99736434,0.99683875,0.95403415,0.0016249504,2018-11-07 08:00:00,5.0,4.05068e-05,4.094126e-05,0.0,4.0659987e-05
273.0625,0.998375,0.9962183,0.9660129,0.11809993,2018-11-07 09:00:00,5.0,6.317702e-05,6.2797844e-05,0.0,6.270019e-05
272.6438,0.99371904,0.9578375,0.9460209,0.57729024,2018-11-07 10:00:00,6.0,6.264249e-05,6.282875e-05,0.0,6.264249e-05
272.79834,0.98919415,0.96103734,0.88538086,0.9381954,2018-11-07 11:00:00,5.0,4.4216285e-05,4.4390297e-05,0.0,4.4216285e-05
272.5244,1.0,0.997629,0.68769634,0.9566125,2018-11-07 12:00:00,5.0,9.131657e-06,9.100653e-06,0.0,9.131657e-06
272.30103,1.0,0.9636736,0.19989377,0.94578946,2018-11-07 13:00:00,5.0,2.0778216e-06,2.2591203e-06,0.0,2.0778216e-06
272.11768,1.0,1.0,0.41226745,0.80757165,2018-11-07 14:00:00,5.0,1.7541661e-06,1.687351e-06,0.0,1.7541661e-06
271.96265,1.0,1.0,0.26315433,0.6411558,2018-11-07 15:00:00,5.0,1.372825e-06,1.3250774e-06,0.0,1.372825e-06
272.01196,1.0,1.0,0.0,0.3980555,2018-11-07 16:00:00,5.0,4.191511e-07,7.126096e-07,0.0,4.191511e-07
272.27686,1.0,1.0,0.016498897,0.17501616,2018-11-07 17:00:00,5.0,0.0,1.3346926e-07,0.0,1.14079796e-07
272.5398,1.0,1.0,0.036551587,0.10908568,2018-11-07 18:00:00,6.0,0.0,7.386461e-08,0.0,0.0
272.49585,1.0,1.0,0.01821341,0.064127624,2018-11-07 19:00:00,5.0,0.0,0.0,0.0,0.0
272.56787,0.9431951,0.9431951,0.0,0.0,2018-11-07 20:00:00,5.0,0.0,0.0,0.0,0.0
272.28613,0.9510513,0.9510513,0.0,0.0,2018-11-07 21:00:00,5.0,0.0,0.0,0.0,0.0
271.65186,1.0,1.0,0.0,0.0,2018-11-07 22:00:00,5.0,0.0,0.0,0.0,0.0
271.5044,0.9862089,0.9862089,0.0,0.0,2018-11-07 23:00:00,5.0,0.0,0.0,0.0,0.0
271.32544,1.0,1.0,0.0,0.0,2018-11-08 00:00:00,5.0,9.549569e-08,2.3128797e-07,0.0,9.549569e-08
271.16724,0.997629,0.997629,0.0,0.0,2018-11-08 01:00:00,5.0,3.050713e-07,3.957606e-07,0.0,3.050713e-07
270.97046,0.9939192,0.9939192,0.0,0.0,2018-11-08 02:00:00,5.0,2.0957555e-07,1.812171e-07,0.0,2.0957555e-07
270.37256,0.9908008,0.9908008,0.0,0.0,2018-11-08 03:00:00,5.0,1.14079796e-07,1.5734315e-07,0.0,1.14079796e-07
270.19873,0.9928871,0.9928871,0.0,0.0,2018-11-08 04:00:00,5.0,0.0,5.9604645e-08,0.0,0.0
270.10034,1.0,1.0,0.0,0.0,2018-11-08 05:00:00,5.0,0.0,1.1936965e-08,0.0,0.0
269.80884,0.99946827,0.99946827,0.0,0.0,2018-11-08 06:00:00,5.0,0.0,1.1936965e-08,0.0,0.0
269.9121,0.996307,0.996307,0.0,0.0,2018-11-08 07:00:00,5.0,0.0,5.007088e-08,0.0,0.0
270.00415,0.994718,0.994718,0.0,0.0,2018-11-08 08:00:00,5.0,0.0,0.0,0.0,0.0
270.33496,0.9989426,0.9989426,0.0,0.0,2018-11-08 09:00:00,5.0,0.0,0.0,0.0,0.0
268.21606,0.9970973,0.9970973,0.0032499009,0.0,2018-11-08 10:00:00,5.0,0.0,0.0,0.0,0.0
268.19458,0.997629,0.997629,0.21516335,0.004207764,2018-11-08 11:00:00,5.0,0.0,0.0,0.0,0.0
268.28613,0.99348307,0.975248,0.3355016,0.11434227,2018-11-08 12:00:00,0.0,0.0,0.0,0.0,0.0
268.02588,0.98914135,0.9842494,0.24738008,0.1789462,2018-11-08 13:00:00,0.0,0.0,0.0,0.0,0.0
268.24243,0.995108,0.9902332,0.30072528,0.24857605,2018-11-08 14:00:00,5.0,0.0,0.0,0.0,0.0
269.06323,1.0,1.0,0.1318714,0.4977677,2018-11-08 15:00:00,5.0,0.0,0.0,0.0,0.0
268.99072,1.0,1.0,0.7988687,0.6583306,2018-11-08 16:00:00,5.0,0.0,0.0,0.0,0.0
269.35498,1.0,1.0,0.98048115,0.7528774,2018-11-08 17:00:00,5.0,0.0,3.3407698e-08,0.0,0.0
269.70068,1.0,0.99946827,0.97630113,0.72041935,2018-11-08 18:00:00,5.0,1.2972059e-06,8.4440313e-07,0.0,1.2972059e-06
269.86792,1.0,0.99946827,0.99446505,0.8839143,2018-11-08 19:00:00,5.0,5.098121e-05,5.111468e-05,0.0,5.1152965e-05
269.8069,1.0,0.99841094,0.95017344,0.9182374,2018-11-08 20:00:00,5.0,5.6643592e-05,5.6419274e-05,0.0,5.6166755e-05
269.70142,1.0,0.99946827,0.9195945,0.9806731,2018-11-08 21:00:00,5.0,2.3917455e-05,2.3759145e-05,0.0,2.3668777e-05
269.365,1.0,0.8643569,0.997629,0.9649805,2018-11-08 22:00:00,5.0,1.1370387e-05,1.1887601e-05,0.0,1.1370387e-05
269.26685,1.0,0.87681496,1.0,0.95006615,2018-11-08 23:00:00,5.0,3.1245654e-05,3.1033283e-05,0.0,3.0978394e-05
269.11572,1.0,0.9499952,0.99946827,0.9796755,2018-11-09 00:00:00,5.0,5.9491227e-05,5.9450846e-05,0.0,5.9586717e-05
268.91138,1.0,0.9374681,1.0,1.0,2018-11-09 01:00:00,5.0,0.000104358856,0.000104556806,0.0,0.000104358856
268.8523,1.0,0.91780615,1.0,0.98970145,2018-11-09 02:00:00,5.0,0.00019093556,0.00019084023,0.0,0.00019093556
268.33105,0.9924724,0.95403254,0.9683428,0.69530904,2018-11-09 03:00:00,5.0,0.00025684084,0.0002569193,0.0,0.00025684084
268.18774,0.9905219,0.9254039,0.987272,0.07255137,2018-11-09 04:00:00,5.0,0.00026205555,0.0002621892,4.7747868e-08,0.00026205555
267.89648,0.93122494,0.62075704,0.9178306,0.035697594,2018-11-09 05:00:00,5.0,0.00018182842,0.00018170898,0.0,0.00018182842
267.7141,0.9410297,0.17256576,0.8541275,0.68412995,2018-11-09 06:00:00,5.0,7.395954e-05,7.3723524e-05,0.0,7.395954e-05
267.50024,0.677246,0.068285406,0.60297674,0.47981805,2018-11-09 07:00:00,5.0,2.3589906e-05,2.359935e-05,0.0,2.3589906e-05
267.91187,0.5836105,0.09378815,0.5682265,0.06319201,2018-11-09 08:00:00,5.0,2.1233383e-05,2.1619766e-05,8.167152e-06,1.3161732e-05
268.13647,0.6601017,0.1266014,0.65271586,0.0,2018-11-09 09:00:00,5.0,3.9847975e-05,3.958303e-05,1.3982751e-05,2.5597954e-05
265.85132,0.4998048,0.26854974,0.46762407,0.0,2018-11-09 10:00:00,5.0,3.943077e-05,3.9230174e-05,1.5463593e-05,2.3747663e-05
265.667,0.5896894,0.5282286,0.42628026,0.0,2018-11-09 11:00:00,5.0,5.453202e-05,5.071498e-05,3.424559e-05,2.0334177e-05
265.74048,0.73466843,0.73092246,0.5151687,0.0,2018-11-09 12:00:00,5.0,6.0454593e-05,5.7927333e-05,3.1414616e-05,2.8667913e-05
265.7683,0.78734297,0.7732415,0.59421015,0.0,2018-11-09 13:00:00,5.0,7.5638265e-05,7.454102e-05,1.491945e-05,6.0489692e-05
265.53882,0.74375576,0.71953666,0.57836676,0.0,2018-11-09 14:00:00,5.0,0.00012883641,0.0001258202,3.2375712e-05,9.6585034e-05
265.85498,0.84772784,0.7905999,0.7149048,0.0,2018-11-09 15:00:00,5.0,8.261448e-05,8.2214e-05,1.3610385e-05,6.828885e-05
266.36353,0.7004716,0.5402793,0.6822931,0.0,2018-11-09 16:00:00,5.0,4.452144e-05,4.4568777e-05,2.1843836e-05,2.2886845e-05
266.71777,0.7916557,0.7616969,0.6191577,0.0,2018-11-09 17:00:00,5.0,3.5729463e-05,3.577482e-05,2.1668835e-05,1.419426e-05
266.90796,0.9932679,0.98338985,0.9932679,0.0,2018-11-09 18:00:00,5.0,5.0337767e-05,5.0354516e-05,2.6302005e-05,2.3806628e-05
267.0564,0.94134545,0.6657597,0.93809557,0.0,2018-11-09 19:00:00,5.0,5.016275e-05,5.0019094e-05,0.0,5.016275e-05
267.45044,0.9946291,0.8820286,0.99300414,0.0,2018-11-09 20:00:00,5.0,5.4776014e-05,5.4762e-05,5.24425e-06,4.9760885e-05
267.8357,0.9630087,0.4724084,0.96032035,0.0,2018-11-09 21:00:00,5.0,8.8100365e-05,8.779032e-05,3.8153303e-05,4.9813432e-05
267.4873,0.9151136,0.8721855,0.8581866,0.0,2018-11-09 22:00:00,5.0,0.00013556442,0.00013534026,7.160545e-05,6.354877e-05
267.07324,0.63167167,0.565337,0.4821368,0.0,2018-11-09 23:00:00,5.0,5.2258416e-05,5.2129515e-05,9.923151e-06,4.2325657e-05
266.57935,0.45783186,0.4562428,0.02066375,0.0,2018-11-10 00:00:00,0.0,7.972898e-06,7.934765e-06,0.0,7.972898e-06
266.3501,0.0015890491,0.0015890491,0.0,0.0,2018-11-10 01:00:00,0.0,9.549569e-08,1.335494e-07,0.0,9.549569e-08
265.6687,0.0,0.0,0.0,0.0,2018-11-10 02:00:00,0.0,0.0,0.0,0.0,0.0
264.71094,0.0,0.0,0.0,0.0,2018-11-10 03:00:00,0.0,0.0,0.0,0.0,0.0
264.43896,0.0,0.0,0.0,0.0,2018-11-10 04:00:00,0.0,0.0,0.0,0.0,0.0
264.0786,0.0,0.0,0.0,0.0,2018-11-10 05:00:00,0.0,0.0,0.0,0.0,0.0
263.37793,0.0,0.0,0.0,0.0,2018-11-10 06:00:00,0.0,0.0,0.0,0.0,0.0
262.99707,0.021567252,0.021567252,0.0,0.0,2018-11-10 07:00:00,0.0,0.0,0.0,0.0,0.0
263.0559,0.0100932345,0.0100932345,0.0,0.0,2018-11-10 08:00:00,0.0,0.0,1.42599745e-08,0.0,0.0
262.33057,0.01483516,0.01483516,0.0,0.0,2018-11-10 09:00:00,0.0,0.0,1.42599745e-08,0.0,0.0
260.8391,0.12962753,0.12962753,0.0,0.0,2018-11-10 10:00:00,0.0,0.0,0.0,0.0,0.0
260.7517,0.13337743,0.13337743,0.0,0.0,2018-11-10 11:00:00,0.0,0.0,0.0,0.0,0.0
260.6538,0.25857145,0.25857145,0.0,0.0,2018-11-10 12:00:00,0.0,0.0,0.0,0.0,0.0
260.45435,0.31907058,0.30532664,0.03061089,0.02025032,2018-11-10 13:00:00,0.0,0.0,0.0,0.0,0.0
261.1692,0.84115076,0.7853379,0.09741944,0.35730916,2018-11-10 14:00:00,5.0,0.0,0.0,0.0,0.0
263.47656,0.91663015,0.81819004,0.22601163,0.64492685,2018-11-10 15:00:00,5.0,0.0,0.0,0.0,0.0
264.5796,0.9970973,0.6418908,0.9660019,0.99604,2018-11-10 16:00:00,0.0,0.0,0.0,0.0,0.0
265.18604,1.0,0.4251715,1.0,0.9905219,2018-11-10 17:00:00,5.0,0.0,0.0,0.0,0.0
265.7151,1.0,0.32235962,0.99946827,0.998375,2018-11-10 18:00:00,5.0,5.3452317e-07,7.156601e-07,0.0,9.158646e-07
265.85327,1.0,0.0,0.99946827,0.98999023,2018-11-10 19:00:00,5.0,2.606331e-05,2.621369e-05,0.0,2.6330585e-05
266.42114,0.9966217,0.0,0.98663634,0.9805366,2018-11-10 20:00:00,5.0,9.15343e-05,9.149856e-05,0.0,9.15343e-05
266.80127,1.0,0.024939459,0.98999023,0.99336845,2018-11-10 21:00:00,5.0,0.00015495621,0.00015470346,0.0,0.00015495621
266.34473,0.99946827,0.014155708,0.99946827,0.79708743,2018-11-10 22:00:00,5.0,0.00020545928,0.00020546424,0.0,0.00020544068
266.42163,0.98999023,0.0021566707,0.98999023,0.08785504,2018-11-10 23:00:00,5.0,0.00022457304,0.0002249237,0.0,0.00022504988
266.4253,0.9885823,0.006631516,0.9885823,0.027173962,2018-11-11 00:00:00,5.0,0.00021848053,0.00021844488,0.0,0.00021848053
266.60596,0.98022527,0.02715747,0.98022527,0.01295181,2018-11-11 01:00:00,5.0,0.00020719218,0.00020691779,0.0,0.00020692492
266.77612,0.9279524,0.25501007,0.9279524,0.0010573287,2018-11-11 02:00:00,5.0,0.00018675922,0.0001866304,0.0,0.00018658745
267.09204,0.9236132,0.7710008,0.90934896,0.0,2018-11-11 03:00:00,5.0,0.00011624175,0.00011607022,0.0,0.0001158604
267.34888,0.8890835,0.82695425,0.87665,0.0,2018-11-11 04:00:00,5.0,6.057108e-05,6.081414e-05,2.6726156e-07,6.0417893e-05
267.40112,0.8978731,0.8461009,0.8726224,0.0,2018-11-11 05:00:00,5.0,4.1156658e-05,4.1376174e-05,2.3662524e-06,3.9057675e-05
267.68408,0.9670902,0.7801106,0.94709504,0.0,2018-11-11 06:00:00,5.0,3.1276388e-05,3.1271746e-05,3.6810661e-06,2.746169e-05
267.9182,0.9548429,0.72391415,0.949847,0.0,2018-11-11 07:00:00,5.0,1.5790734e-05,1.5729049e-05,0.0,1.5676647e-05
268.41797,0.90675354,0.7401117,0.89959365,0.0,2018-11-11 08:00:00,5.0,1.0392988e-05,1.0369114e-05,0.0,1.0392988e-05
268.63647,0.8711698,0.64720786,0.8574876,0.0,2018-11-11 09:00:00,5.0,4.3863884e-06,4.281277e-06,0.0,4.3863884e-06
269.33374,0.98179173,0.96327037,0.9114695,0.0,2018-11-11 10:00:00,5.0,7.000026e-06,6.866637e-06,0.0,6.8282598e-06
269.4319,0.97859764,0.97859764,0.7802465,0.0,2018-11-11 11:00:00,5.0,1.485758e-05,1.4738533e-05,0.0,1.4648004e-05
269.57056,0.9788755,0.9755217,0.3136478,0.0,2018-11-11 12:00:00,5.0,2.263693e-05,2.2846667e-05,0.0,2.263693e-05
269.8496,0.984093,0.984093,0.06651145,0.0,2018-11-11 13:00:00,5.0,2.1853717e-05,2.1717846e-05,0.0,2.1853717e-05
270.18506,0.9768112,0.9768112,0.0,0.0,2018-11-11 14:00:00,5.0,1.6512364e-05,1.6543941e-05,0.0,1.6512364e-05
271.15625,0.84118366,0.84118366,0.0067320913,0.0,2018-11-11 15:00:00,5.0,1.0905701e-05,1.103212e-05,0.0,1.0905701e-05
271.22607,0.9939002,0.9939002,0.0023709626,0.0,2018-11-11 16:00:00,5.0,1.4224344e-05,1.41126675e-05,0.0,1.4110265e-05
271.05078,0.98700494,0.98700494,0.0023709626,0.0,2018-11-11 17:00:00,5.0,1.5692014e-05,1.5930258e-05,0.0,1.5692014e-05
270.71753,0.9966217,0.9966217,0.01483516,0.0,2018-11-11 18:00:00,5.0,9.323299e-06,9.258969e-06,0.0,9.323299e-06
270.6853,1.0,1.0,0.0100932345,0.0,2018-11-11 19:00:00,5.0,5.261859e-06,5.3356416e-06,0.0,5.4714337e-06
270.635,1.0,1.0,0.0100932345,0.0,2018-11-11 20:00:00,5.0,5.5291202e-06,5.4168786e-06,0.0,5.738696e-06
270.3423,0.9882647,0.9882647,0.0067320913,0.0,2018-11-11 21:00:00,5.0,5.3009608e-06,5.1719753e-06,0.0,5.3009608e-06
269.70386,0.9966217,0.9966217,0.0,0.0,2018-11-11 22:00:00,5.0,4.138352e-06,4.1191242e-06,0.0,4.138352e-06
269.29858,0.9970973,0.9970973,0.0,0.0,2018-11-11 23:00:00,5.0,5.206106e-06,5.1396137e-06,0.0,5.206106e-06
269.115,0.9863693,0.9863693,0.0,0.0,2018-11-12 00:00:00,5.0,2.5174904e-06,2.5604322e-06,0.0,2.5174904e-06
269.10864,0.9657406,0.9657406,0.0,0.0,2018-11-12 01:00:00,5.0,1.6215026e-06,1.3640165e-06,0.0,1.6215026e-06
268.896,0.9706636,0.9706636,0.0,0.0,2018-11-12 02:00:00,5.0,1.5074229e-06,1.7028997e-06,0.0,1.5074229e-06
268.31787,0.983687,0.983687,0.0,0.0,2018-11-12 03:00:00,5.0,1.6791882e-06,1.7601024e-06,0.0,1.6791882e-06
268.30005,0.9763355,0.9763355,0.0,0.0,2018-11-12 04:00:00,5.0,1.5836931e-06,1.5907417e-06,0.0,1.5836931e-06
267.96704,0.9905271,0.9905271,0.0,0.0,2018-11-12 05:00:00,5.0,1.2209357e-06,1.1398597e-06,0.0,1.2209357e-06
267.8606,0.9839011,0.9839011,0.0,0.0,2018-11-12 06:00:00,5.0,8.5817857e-07,6.747186e-07,0.0,8.5817857e-07
267.93262,1.0,1.0,0.0,0.0,2018-11-12 07:00:00,5.0,4.7683716e-07,5.3179576e-07,0.0,4.7683716e-07
267.8794,0.99073625,0.99073625,0.0,0.0,2018-11-12 08:00:00,0.0,4.5825306e-07,3.9135745e-07,0.0,4.5825306e-07
267.7063,0.89754087,0.89754087,0.0,0.0,2018-11-12 09:00:00,5.0,3.627573e-07,3.7701727e-07,0.0,3.627573e-07
266.72974,0.90093064,0.90093064,0.0,0.0,2018-11-12 10:00:00,5.0,0.0,2.3873934e-08,0.0,0.0
266.6289,0.87335604,0.87335604,0.0,0.0,2018-11-12 11:00:00,5.0,0.0,5.9604645e-08,0.0,0.0
266.58984,0.73596334,0.73596334,0.0,0.0,2018-11-12 12:00:00,5.0,0.0,2.1943237e-07,0.0,0.0
266.29785,0.50272554,0.50272554,0.0,0.0,2018-11-12 13:00:00,5.0,2.6726156e-07,1.8370167e-07,0.0,0.0
265.9265,0.43632513,0.43632513,0.0,0.0,2018-11-12 14:00:00,5.0,0.0,5.9604645e-08,0.0,0.0
266.1079,0.9432071,0.9432071,0.0,0.00053172023,2018-11-12 15:00:00,5.0,0.0,2.3136931e-07,0.0,0.0
266.02588,0.8660588,0.8660588,0.0,0.0,2018-11-12 16:00:00,5.0,7.626828e-07,1.1178254e-06,0.0,1.1818338e-06
266.1477,0.97654784,0.97654784,0.0,0.0,2018-11-12 17:00:00,5.0,1.658671e-06,1.5586093e-06,0.0,1.5631749e-06
266.1626,1.0,1.0,0.0,0.0,2018-11-12 18:00:00,5.0,2.0957555e-07,2.7887546e-07,0.0,2.0957555e-07
266.29126,1.0,1.0,0.0,0.0,2018-11-12 19:00:00,5.0,6.678286e-07,7.6292224e-07,0.0,6.678286e-07
266.25024,1.0,1.0,0.0,0.0,2018-11-12 20:00:00,5.0,9.549569e-08,2.4082175e-07,0.0,9.549569e-08
266.10962,1.0,1.0,0.0,0.0,2018-11-12 21:00:00,5.0,0.0,7.154159e-08,0.0,0.0
265.3391,1.0,1.0,0.0,0.0,2018-11-12 22:00:00,0.0,0.0,1.1936965e-08,0.0,0.0
265.1245,0.997629,0.997629,0.0,0.0,2018-11-12 23:00:00,5.0,0.0,1.1936965e-08,0.0,0.0
264.95972,1.0,1.0,0.0,0.0,2018-11-13 00:00:00,5.0,0.0,1.0967551e-07,0.0,0.0
264.92505,1.0,1.0,0.0,0.0,2018-11-13 01:00:00,5.0,9.549569e-08,3.4577107e-07,0.0,4.7683716e-07
265.0161,0.989993,0.989993,0.0,0.0,2018-11-13 02:00:00,5.0,5.7233285e-07,5.627189e-07,0.0,5.7233285e-07
263.95166,1.0,1.0,0.0,0.0,2018-11-13 03:00:00,5.0,6.864127e-07,7.343221e-07,0.0,6.864127e-07
263.7605,0.998375,0.998375,0.0,0.0,2018-11-13 04:00:00,5.0,9.549569e-08,3.551433e-07,0.0,2.0957555e-07
263.41553,0.69777495,0.69777495,0.0,0.0,2018-11-13 05:00:00,0.0,0.0,4.7667676e-08,0.0,0.0
262.73584,0.27683645,0.27683645,0.0,0.0,2018-11-13 06:00:00,0.0,0.0,0.0,0.0,0.0
262.14233,0.062288254,0.062288254,0.0,0.0,2018-11-13 07:00:00,0.0,0.0,1.1936965e-08,0.0,0.0
262.04956,0.0015890491,0.0015890491,0.0,0.0,2018-11-13 08:00:00,0.0,0.0,0.0,0.0,0.0
261.02173,0.0,0.0,0.0,0.0,2018-11-13 09:00:00,0.0,0.0,0.0,0.0,0.0
259.61523,0.063976645,0.063976645,0.0,0.0,2018-11-13 10:00:00,0.0,0.0,0.0,0.0,0.0
259.4922,0.049916778,0.049916778,0.0,0.0,2018-11-13 11:00:00,0.0,0.0,0.0,0.0,0.0
259.31177,0.15671462,0.15671462,0.0,0.0,2018-11-13 12:00:00,0.0,0.0,0.0,0.0,0.0
259.18823,0.29355484,0.29355484,0.0,0.0,2018-11-13 13:00:00,0.0,0.0,0.0,0.0,0.0
259.74902,0.35589147,0.35589147,0.0,0.0,2018-11-13 14:00:00,0.0,0.0,0.0,0.0,0.0
262.0359,0.61195475,0.61195475,0.0,0.0,2018-11-13 15:00:00,0.0,0.0,0.0,0.0,0.0
262.9563,0.5574328,0.5574328,0.0,0.0,2018-11-13 16:00:00,0.0,0.0,0.0,0.0,0.0
264.23804,0.13991135,0.13991135,0.0,0.0,2018-11-13 17:00:00,0.0,0.0,0.0,0.0,0.0
265.05933,0.13256145,0.13256145,0.0,0.0,2018-11-13 18:00:00,5.0,0.0,0.0,0.0,0.0
265.5381,0.0031780982,0.0031780982,0.0,0.0,2018-11-13 19:00:00,0.0,0.0,0.0,0.0,0.0
266.19385,0.0,0.0,0.0,0.0,2018-11-13 20:00:00,0.0,0.0,0.0,0.0,0.0
266.9231,0.0,0.0,0.0,0.0,2018-11-13 21:00:00,0.0,0.0,0.0,0.0,0.0
266.5315,0.0,0.0,0.0,0.0,2018-11-13 22:00:00,0.0,0.0,0.0,0.0,0.0
266.16064,0.0,0.0,0.0,0.0,2018-11-13 23:00:00,0.0,0.0,0.0,0.0,0.0
265.6067,0.0,0.0,0.0,0.0,2018-11-14 00:00:00,0.0,0.0,0.0,0.0,0.0
264.99,0.0,0.0,0.0,0.0,2018-11-14 01:00:00,0.0,0.0,0.0,0.0,0.0
264.62207,0.0,0.0,0.0,0.0,2018-11-14 02:00:00,0.0,0.0,0.0,0.0,0.0
264.38428,0.0,0.0,0.0,0.0,2018-11-14 03:00:00,0.0,0.0,0.0,0.0,0.0
263.99683,0.0,0.0,0.0,0.0,2018-11-14 04:00:00,0.0,0.0,0.0,0.0,0.0
263.9712,0.0,0.0,0.0,0.0,2018-11-14 05:00:00,0.0,0.0,0.0,0.0,0.0
263.87305,0.0,0.0,0.0,0.0,2018-11-14 06:00:00,0.0,0.0,0.0,0.0,0.0
264.2317,0.0,0.0,0.0,0.0,2018-11-14 07:00:00,0.0,0.0,0.0,0.0,0.0
265.01343,0.022666529,0.013964593,0.022666529,0.0,2018-11-14 08:00:00,0.0,0.0,0.0,0.0,0.0
265.00806,0.0042246506,0.0042246506,0.0021207693,0.0,2018-11-14 09:00:00,0.0,0.0,0.0,0.0,0.0
264.24707,0.023941513,0.023941513,0.0,0.0,2018-11-14 10:00:00,0.0,0.0,0.0,0.0,0.0
264.04834,0.009939872,0.009939872,0.0,0.0,2018-11-14 11:00:00,0.0,0.0,0.0,0.0,0.0
264.04932,0.007107079,0.0,0.007107079,0.0,2018-11-14 12:00:00,0.0,0.0,0.0,0.0,0.0
264.26392,0.009478044,0.0016249504,0.009478044,0.0,2018-11-14 13:00:00,0.0,0.0,0.0,0.0,0.0
265.03198,0.0066281483,0.0016249504,0.005003199,0.0,2018-11-14 14:00:00,0.0,0.0,0.0,0.0,0.0
268.24634,0.0033782488,0.0033782488,0.0033782488,0.0,2018-11-14 15:00:00,0.0,0.0,0.0,0.0,0.0
270.98975,0.0057492107,0.0023709626,0.0057492107,0.0,2018-11-14 16:00:00,0.0,0.0,0.0,0.0,0.0
273.0232,0.0033782488,0.0,0.0033782488,0.0,2018-11-14 17:00:00,0.0,0.0,0.0,0.0,0.0
274.9624,0.0,0.0,0.0,0.0,2018-11-14 18:00:00,0.0,0.0,0.0,0.0,0.0
276.28223,0.0,0.0,0.0,0.0,2018-11-14 19:00:00,0.0,0.0,0.0,0.0,0.0
277.42627,0.0,0.0,0.0,0.0,2018-11-14 20:00:00,0.0,0.0,0.0,0.0,0.0
278.1062,0.0,0.0,0.0,0.0,2018-11-14 21:00:00,0.0,0.0,0.0,0.0,0.0
277.54272,0.0,0.0,0.0,0.0,2018-11-14 22:00:00,0.0,0.0,0.0,0.0,0.0
276.7954,0.1621697,0.0,0.0,0.1621697,2018-11-14 23:00:00,0.0,0.0,0.0,0.0,0.0
276.15332,0.08376002,0.0,0.0,0.08376002,2018-11-15 00:00:00,0.0,0.0,0.0,0.0,0.0
275.8589,0.09285647,0.0,0.0,0.09285647,2018-11-15 01:00:00,0.0,0.0,0.0,0.0,0.0
275.2998,0.03852684,0.0,0.0,0.03852684,2018-11-15 02:00:00,0.0,0.0,0.0,0.0,0.0
274.45825,0.124714315,0.0,0.0,0.124714315,2018-11-15 03:00:00,0.0,0.0,0.0,0.0,0.0
274.18408,0.028202392,0.0,0.0,0.028202392,2018-11-15 04:00:00,0.0,0.0,0.0,0.0,0.0
273.80566,0.0,0.0,0.0,0.0,2018-11-15 05:00:00,0.0,0.0,0.0,0.0,0.0
273.1836,0.0,0.0,0.0,0.0,2018-11-15 06:00:00,0.0,0.0,0.0,0.0,0.0
273.2163,0.0,0.0,0.0,0.0,2018-11-15 07:00:00,0.0,0.0,0.0,0.0,0.0
272.84497,0.0,0.0,0.0,0.0,2018-11-15 08:00:00,0.0,0.0,0.0,0.0,0.0
272.02075,0.0,0.0,0.0,0.0,2018-11-15 09:00:00,0.0,0.0,0.0,0.0,0.0
271.47217,0.067652225,0.0,0.0,0.067652225,2018-11-15 10:00:00,0.0,0.0,0.0,0.0,0.0
271.42676,0.0648303,0.0,0.0,0.0648303,2018-11-15 11:00:00,0.0,0.0,0.0,0.0,0.0
271.38452,0.039421562,0.0,0.0,0.039421562,2018-11-15 12:00:00,0.0,0.0,0.0,0.0,0.0
271.12988,0.0,0.0,0.0,0.0,2018-11-15 13:00:00,0.0,0.0,0.0,0.0,0.0
271.53516,0.0,0.0,0.0,0.0,2018-11-15 14:00:00,0.0,0.0,0.0,0.0,0.0
273.6985,0.15568352,0.0,0.15568352,0.0,2018-11-15 15:00:00,0.0,0.0,0.0,0.0,0.0
274.854,0.65465033,0.0,0.65465033,0.0,2018-11-15 16:00:00,0.0,0.0,0.0,0.0,0.0
275.88013,0.6367398,0.0,0.6367398,0.0,2018-11-15 17:00:00,0.0,0.0,0.0,0.0,0.0
276.61475,0.074328065,0.0,0.074328065,0.0,2018-11-15 18:00:00,0.0,0.0,0.0,0.0,0.0
277.36963,0.03019287,0.0,0.03019287,0.0,2018-11-15 19:00:00,0.0,0.0,0.0,0.0,0.0
278.29102,0.0033782488,0.0,0.0033782488,0.0,2018-11-15 20:00:00,0.0,0.0,0.0,0.0,0.0
279.09863,0.0,0.0,0.0,0.0,2018-11-15 21:00:00,0.0,0.0,0.0,0.0,0.0
278.23706,0.052607007,0.016557388,0.04677429,0.0,2018-11-15 22:00:00,0.0,0.0,0.0,0.0,0.0
276.80737,0.5799548,0.40668738,0.5621163,0.0,2018-11-15 23:00:00,0.0,0.0,0.0,0.0,0.0
276.5708,0.96388453,0.92605686,0.9526248,0.0,2018-11-16 00:00:00,1.0,1.2443988e-05,0.0,0.0,1.271125e-05
277.5,0.9564209,0.8335816,0.9519461,0.06919032,2018-11-16 01:00:00,1.0,0.0001758032,0.0,0.0,0.00017542185
277.48315,0.9909867,0.743095,0.988084,0.6299547,2018-11-16 02:00:00,1.0,0.00034295232,0.0,0.0,0.00034295232
276.2373,0.9989426,0.9609777,0.9881426,0.5629991,2018-11-16 03:00:00,1.0,0.0004578065,0.0,0.0,0.0004578065
275.71655,1.0,0.9730741,0.7065347,0.58243525,2018-11-16 04:00:00,1.0,0.00028739776,0.0,0.0,0.00028692093
275.45508,1.0,1.0,0.19145149,0.9226861,2018-11-16 05:00:00,1.0,6.990395e-05,0.0,0.0,6.9522604e-05
275.1233,1.0,1.0,0.636163,0.99736434,2018-11-16 06:00:00,7.0,1.4458268e-05,0.0,0.0,1.4458268e-05
274.54297,1.0,1.0,0.22735286,0.8032349,2018-11-16 07:00:00,6.0,1.0895503e-05,3.3407696e-06,0.0,1.0895503e-05
273.781,0.98269325,0.98269325,0.0,0.0,2018-11-16 08:00:00,5.0,1.5017186e-05,1.0942618e-05,4.7747868e-08,1.5398517e-05
272.70752,1.0,1.0,0.0,0.0,2018-11-16 09:00:00,5.0,6.2764357e-06,6.269225e-06,0.0,6.3719317e-06
271.77856,0.998375,0.998375,0.0,0.0,2018-11-16 10:00:00,5.0,6.753924e-06,6.6204557e-06,0.0,6.5443483e-06
271.5791,0.9957922,0.9957922,0.0,0.0,2018-11-16 11:00:00,5.0,1.2706713e-05,1.2692292e-05,0.0,1.2706713e-05
271.39502,0.9978961,0.98506755,0.0,0.5746586,2018-11-16 12:00:00,5.0,8.5856345e-06,8.713973e-06,0.0,8.413869e-06
271.2356,0.9895088,0.9895088,0.0,0.009483848,2018-11-16 13:00:00,5.0,5.1131856e-06,5.177677e-06,0.0,5.2086816e-06
271.2068,0.997629,0.997629,0.0,0.0,2018-11-16 14:00:00,5.0,2.289331e-06,2.1677188e-06,0.0,2.289331e-06
271.22827,1.0,1.0,0.02211643,0.0,2018-11-16 15:00:00,5.0,0.0,1.3122644e-07,0.0,9.549569e-08
271.29883,1.0,0.98652846,0.19659638,0.8954184,2018-11-16 16:00:00,5.0,0.0,0.0,0.0,0.0
271.50635,1.0,0.988393,0.9949968,1.0,2018-11-16 17:00:00,5.0,0.0,0.0,0.0,0.0
272.0171,1.0,0.59047073,0.020132028,1.0,2018-11-16 18:00:00,0.0,0.0,0.0,0.0,0.0
272.5652,1.0,0.14669007,0.8669927,1.0,2018-11-16 19:00:00,0.0,0.0,0.0,0.0,0.0
272.75293,1.0,0.0,0.97169334,1.0,2018-11-16 20:00:00,6.0,0.0,2.8152152e-07,0.0,0.0
272.9336,1.0,0.0,1.0,0.98261523,2018-11-16 21:00:00,6.0,4.999115e-06,4.693721e-06,0.0,4.6363575e-06
272.4131,1.0,0.0,1.0,0.9944678,2018-11-16 22:00:00,5.0,1.6334277e-05,1.6429622e-05,0.0,1.6334277e-05
272.30273,1.0,0.002103883,1.0,0.9955251,2018-11-16 23:00:00,5.0,5.2093295e-05,5.206029e-05,0.0,5.2074713e-05
272.0437,1.0,0.1346603,1.0,1.0,2018-11-17 00:00:00,5.0,0.00011696118,0.00011684197,0.0,0.00011696118
271.81787,1.0,0.29446697,1.0,0.9491887,2018-11-17 01:00:00,5.0,0.00016057001,0.00016043174,0.0,0.00016057001
271.6167,0.99001795,0.4229579,0.9845359,0.7855979,2018-11-17 02:00:00,5.0,0.00022560063,0.0002255721,0.0,0.00022560063
270.9724,0.9678072,0.43620872,0.96445334,0.43256986,2018-11-17 03:00:00,5.0,0.0002746943,0.00027461792,0.0,0.0002746943
270.86523,0.997629,0.5371873,0.9842688,0.48350865,2018-11-17 04:00:00,5.0,0.00025093555,0.0002509642,0.0,0.00025093555
270.42432,0.98663974,0.12023729,0.98663974,0.2622171,2018-11-17 05:00:00,5.0,0.00019007733,0.0001899437,0.0,0.00019007733
269.7129,0.9949968,0.024567608,0.9949968,0.19048738,2018-11-17 06:00:00,5.0,0.00011647964,0.0001164319,0.0,0.00011647964
269.88013,0.97838664,0.015865266,0.9767617,0.27765173,2018-11-17 07:00:00,5.0,3.7941878e-05,3.794652e-05,0.0,3.7941878e-05
269.51636,0.8096864,0.0021207693,0.8080615,0.14444542,2018-11-17 08:00:00,5.0,1.773973e-05,1.7830418e-05,0.0,1.773973e-05
268.5669,0.095163345,0.0031780982,0.095163345,0.0,2018-11-17 09:00:00,5.0,2.8046197e-06,2.8331397e-06,0.0,2.8046197e-06
267.35962,0.025545023,0.022124033,0.0068626925,0.0,2018-11-17 10:00:00,0.0,1.9099144e-07,1.432436e-07,0.0,9.549569e-08
267.3767,0.0067320913,0.0067320913,0.0,0.0,2018-11-17 11:00:00,0.0,0.0,0.0,0.0,0.0
267.31177,0.02357202,0.02357202,0.0,0.0,2018-11-17 12:00:00,0.0,0.0,0.0,0.0,0.0
267.3501,0.0100932345,0.0100932345,0.0,0.0,2018-11-17 13:00:00,0.0,0.0,0.0,0.0,0.0
267.27515,0.007920023,0.007920023,0.0,0.0,2018-11-17 14:00:00,0.0,0.0,0.0,0.0,0.0
267.50244,0.14535809,0.14535809,0.0,0.0,2018-11-17 15:00:00,5.0,0.0,0.0,0.0,0.0
267.99902,0.33874148,0.33874148,0.0,0.0,2018-11-17 16:00:00,5.0,2.6726156e-07,1.6215074e-07,0.0,2.6726156e-07
268.52832,0.39597905,0.39597905,0.0,0.0,2018-11-17 17:00:00,5.0,0.0,6.6815346e-08,0.0,0.0
268.6775,0.5007852,0.5007852,0.0,0.0,2018-11-17 18:00:00,5.0,0.0,0.0,0.0,0.0
269.0752,0.39476526,0.37145513,0.0,0.023310125,2018-11-17 19:00:00,5.0,0.0,0.0,0.0,0.0
269.22217,0.40961486,0.27925253,0.0,0.18984777,2018-11-17 20:00:00,5.0,0.0,0.0,0.0,0.0
269.41724,0.40073115,0.30487674,0.0,0.16110021,2018-11-17 21:00:00,5.0,0.0,0.0,0.0,0.0
268.4331,0.21186948,0.1584925,0.0,0.055480868,2018-11-17 22:00:00,0.0,0.0,0.0,0.0,0.0
267.56836,0.013775833,0.0,0.0,0.013775833,2018-11-17 23:00:00,0.0,0.0,0.0,0.0,0.0
266.65747,0.0015890491,0.0,0.0,0.0015890491,2018-11-18 00:00:00,0.0,0.0,0.0,0.0,0.0
265.82715,0.00053172023,0.0,0.0,0.00053172023,2018-11-18 01:00:00,0.0,0.0,0.0,0.0,0.0
265.0774,0.0,0.0,0.0,0.0,2018-11-18 02:00:00,0.0,0.0,0.0,0.0,0.0
263.68945,0.0,0.0,0.0,0.0,2018-11-18 03:00:00,0.0,0.0,0.0,0.0,0.0
263.6931,0.0,0.0,0.0,0.0,2018-11-18 04:00:00,0.0,0.0,0.0,0.0,0.0
262.9602,0.0,0.0,0.0,0.0,2018-11-18 05:00:00,0.0,0.0,0.0,0.0,0.0
261.50513,0.0,0.0,0.0,0.0,2018-11-18 06:00:00,0.0,0.0,0.0,0.0,0.0
261.3662,0.0,0.0,0.0,0.0,2018-11-18 07:00:00,0.0,0.0,0.0,0.0,0.0
261.1609,0.0,0.0,0.0,0.0,2018-11-18 08:00:00,0.0,0.0,0.0,0.0,0.0
260.56934,0.0,0.0,0.0,0.0,2018-11-18 09:00:00,0.0,0.0,0.0,0.0,0.0
259.00586,0.0,0.0,0.0,0.0,2018-11-18 10:00:00,0.0,0.0,0.0,0.0,0.0
258.8921,0.0,0.0,0.0,0.0,2018-11-18 11:00:00,0.0,0.0,0.0,0.0,0.0
258.9253,0.0,0.0,0.0,0.0,2018-11-18 12:00:00,0.0,0.0,0.0,0.0,0.0
258.96704,0.0,0.0,0.0,0.0,2018-11-18 13:00:00,0.0,0.0,0.0,0.0,0.0
259.49463,0.53158957,0.0,0.0033782488,0.53158957,2018-11-18 14:00:00,0.0,0.0,0.0,0.0,0.0
262.90942,0.109408915,0.0,0.0,0.109408915,2018-11-18 15:00:00,0.0,0.0,0.0,0.0,0.0
264.75757,0.31201357,0.0,0.00998199,0.31201357,2018-11-18 16:00:00,0.0,0.0,0.0,0.0,0.0
266.51538,0.42863542,0.0,0.10585415,0.412018,2018-11-18 17:00:00,0.0,0.0,0.0,0.0,0.0
268.20923,0.7983505,0.0,0.6887925,0.65563476,2018-11-18 18:00:00,0.0,0.0,0.0,0.0,0.0
269.02124,0.9920547,0.0,0.9825204,0.9807003,2018-11-18 19:00:00,0.0,0.0,0.0,0.0,0.0
269.5664,1.0,0.0,1.0,0.9947011,2018-11-18 20:00:00,0.0,0.0,0.0,0.0,0.0
270.06982,1.0,0.0,1.0,0.9949968,2018-11-18 21:00:00,0.0,0.0,0.0,0.0,0.0
269.3313,1.0,0.0,0.9989426,0.9715902,2018-11-18 22:00:00,0.0,0.0,0.0,0.0,0.0
268.95874,0.99946827,0.0,0.9968219,0.9828773,2018-11-18 23:00:00,0.0,0.0,0.0,0.0,0.0
268.73804,1.0,0.0,1.0,0.99627113,2018-11-19 00:00:00,5.0,0.0,0.0,0.0,0.0
268.7168,1.0,0.0,1.0,0.998375,2018-11-19 01:00:00,5.0,3.813414e-07,2.5748608e-07,0.0,3.813414e-07
268.7168,1.0,0.0,0.9970973,0.98893285,2018-11-19 02:00:00,5.0,2.8225713e-06,3.113384e-06,0.0,3.032147e-06
269.2312,1.0,0.0033782488,0.99657166,0.9799832,2018-11-19 03:00:00,5.0,1.4856948e-05,1.5033197e-05,0.0,1.4856948e-05
269.31982,1.0,0.046388377,0.99604,0.9452709,2018-11-19 04:00:00,5.0,3.579675e-05,3.5629797e-05,0.0,3.579675e-05
269.3877,1.0,0.026309177,0.9957394,0.9490702,2018-11-19 05:00:00,5.0,3.7606005e-05,3.741053e-05,0.0,3.7606005e-05
269.6145,1.0,0.0,0.98531526,0.9074102,2018-11-19 06:00:00,5.0,2.5627378e-05,2.559887e-05,0.0,2.5627378e-05
269.85205,0.9906895,0.018346336,0.9644162,0.70751506,2018-11-19 07:00:00,5.0,8.819427e-05,8.828961e-05,0.0,8.819427e-05
269.88257,0.95913184,0.09747541,0.94727933,0.15397066,2018-11-19 08:00:00,5.0,7.337771e-05,7.3689676e-05,0.0,7.370136e-05
269.72192,0.9166095,0.16323227,0.90713143,0.008476965,2018-11-19 09:00:00,5.0,6.386082e-05,6.380843e-05,0.0,6.386082e-05
268.9585,0.97074515,0.104452014,0.97074515,0.0,2018-11-19 10:00:00,5.0,5.4379838e-05,5.4522927e-05,0.0,5.4475342e-05
269.00195,0.9618199,0.04336146,0.9618199,0.0,2018-11-19 11:00:00,5.0,6.406527e-05,6.424666e-05,0.0,6.416078e-05
268.89087,0.81416386,0.09668869,0.8026438,0.0,2018-11-19 12:00:00,5.0,5.2205884e-05,5.2518808e-05,0.0,5.235907e-05
268.48486,0.42684305,0.17272335,0.35084808,0.0,2018-11-19 13:00:00,5.0,2.250103e-05,2.263466e-05,0.0,2.2291453e-05
268.1582,0.6604071,0.626616,0.08905947,0.0,2018-11-19 14:00:00,5.0,7.3999327e-06,7.3211004e-06,0.0,7.3999327e-06
268.73315,0.9793362,0.9782789,0.007138107,0.0,2018-11-19 15:00:00,5.0,4.996531e-06,4.9252294e-06,0.0,4.710685e-06
269.2168,1.0,1.0,0.0,0.0,2018-11-19 16:00:00,5.0,3.967237e-06,4.3775817e-06,0.0,3.967237e-06
269.25513,1.0,1.0,0.0,0.0,2018-11-19 17:00:00,5.0,5.7989664e-06,5.4942157e-06,0.0,5.7989664e-06
269.48706,1.0,1.0,0.0,0.0,2018-11-19 18:00:00,5.0,4.9971813e-06,5.0780955e-06,0.0,5.111261e-06
269.76172,1.0,1.0,0.0,0.07130414,2018-11-19 19:00:00,5.0,4.1953963e-06,4.147326e-06,0.0,4.309477e-06
269.73145,0.997629,0.997629,0.0,0.25165403,2018-11-19 20:00:00,5.0,4.1377107e-06,3.942071e-06,0.0,3.8704493e-06
269.62744,0.99337184,0.9717585,0.0,0.6689435,2018-11-19 21:00:00,5.0,4.09925e-06,4.0946043e-06,0.0,4.09925e-06
268.70654,0.93734384,0.89841926,0.0037288337,0.28060853,2018-11-19 22:00:00,5.0,4.099892e-06,3.980683e-06,0.0,4.099892e-06
268.3452,0.8022434,0.79596245,0.0010573287,0.022572137,2018-11-19 23:00:00,5.0,2.8232034e-06,2.6801208e-06,0.0,2.8232034e-06
268.06055,0.67092913,0.67092913,0.0,0.0,2018-11-20 00:00:00,5.0,1.0683952e-06,9.2531246e-07,0.0,1.0683952e-06
267.57422,0.85482365,0.85482365,0.0,0.0,2018-11-20 01:00:00,5.0,5.7233285e-07,5.0551745e-07,0.0,5.7233285e-07
266.81055,0.85087246,0.85087246,0.0,0.0,2018-11-20 02:00:00,5.0,4.7683716e-07,4.577696e-07,0.0,4.7683716e-07
265.63452,0.85040253,0.85040253,0.0,0.0,2018-11-20 03:00:00,5.0,4.7683716e-07,3.8150176e-07,0.0,4.7683716e-07
265.38232,0.766972,0.766972,0.0,0.0,2018-11-20 04:00:00,5.0,3.627573e-07,2.3841858e-07,0.0,3.627573e-07
264.9048,0.5748019,0.5748019,0.0,0.0,2018-11-20 05:00:00,5.0,9.549569e-08,2.6229247e-07,0.0,9.549569e-08
263.37793,0.33267802,0.33267802,0.0,0.0,2018-11-20 06:00:00,5.0,9.549569e-08,2.6229247e-07,0.0,9.549569e-08
262.58545,0.16697782,0.16697782,0.0,0.0,2018-11-20 07:00:00,5.0,9.549569e-08,1.0014173e-07,0.0,0.0
262.08374,0.08320236,0.08320236,0.0,0.0,2018-11-20 08:00:00,0.0,0.0,2.3873934e-08,0.0,0.0
262.18237,0.06610268,0.06610268,0.0,0.0,2018-11-20 09:00:00,0.0,0.0,2.3873934e-08,0.0,0.0
263.04614,0.026877984,0.026877984,0.0,0.0,2018-11-20 10:00:00,0.0,0.0,2.3873934e-08,0.0,0.0
263.1228,0.036350846,0.036350846,0.0,0.0,2018-11-20 11:00:00,0.0,0.0,0.0,0.0,0.0
263.3501,0.010805819,0.010805819,0.0,0.0,2018-11-20 12:00:00,0.0,0.0,0.0,0.0,0.0
263.16406,0.0029026829,0.0029026829,0.0,0.0,2018-11-20 13:00:00,0.0,0.0,0.0,0.0,0.0
262.93506,0.28179932,0.00053172023,0.13316524,0.19377124,2018-11-20 14:00:00,0.0,0.0,0.0,0.0,0.0
264.18652,0.34063286,0.006995838,0.23935133,0.16346484,2018-11-20 15:00:00,0.0,0.0,0.0,0.0,0.0
265.24048,0.7665568,0.07579535,0.74808484,0.10663372,2018-11-20 16:00:00,5.0,2.6726156e-07,1.6215074e-07,0.0,2.6726156e-07
266.26343,0.8766453,0.04662939,0.86611724,0.0124641955,2018-11-20 17:00:00,5.0,1.1785057e-05,1.1994795e-05,1.2116434e-06,1.0849966e-05
267.32764,0.9528491,0.27903676,0.9528491,0.0,2018-11-20 18:00:00,5.0,3.9447958e-05,3.9352613e-05,2.0887219e-06,3.7597652e-05
268.2085,0.9884012,0.3516274,0.9884012,0.0,2018-11-20 19:00:00,5.0,4.8275848e-05,4.8070753e-05,0.0,4.8275848e-05
269.1328,0.9653989,0.54364926,0.93234885,0.0,2018-11-20 20:00:00,5.0,5.4033735e-05,5.4071716e-05,0.0,5.4033735e-05
270.82007,0.91613895,0.5821226,0.8894283,0.0,2018-11-20 21:00:00,5.0,2.1181375e-05,2.114773e-05,0.0,2.1181375e-05
271.3401,0.7684998,0.5365845,0.60958755,0.0,2018-11-20 22:00:00,5.0,4.3274094e-06,4.346477e-06,0.0,4.3274094e-06
271.94946,0.82340163,0.8162574,0.22266746,0.0,2018-11-20 23:00:00,5.0,5.9091695e-07,8.054616e-07,0.0,8.004925e-07
271.917,0.89667135,0.8674573,0.24103612,0.0,2018-11-21 00:00:00,5.0,0.0,2.4306456e-07,0.0,1.14079796e-07
271.92725,0.9741023,0.9735706,0.2275331,0.0,2018-11-21 01:00:00,5.0,0.0,1.5493998e-07,0.0,1.14079796e-07
272.47632,1.0,1.0,0.31678057,0.0,2018-11-21 02:00:00,5.0,3.813414e-07,5.218599e-07,0.0,3.813414e-07
272.51367,1.0,1.0,0.6179607,0.0,2018-11-21 03:00:00,5.0,2.0957555e-07,3.193324e-07,0.0,2.0957555e-07
272.4983,0.9894863,0.9894863,0.5881136,0.0,2018-11-21 04:00:00,5.0,0.0,8.347854e-08,0.0,0.0
272.1438,0.9630683,0.9585934,0.42067146,0.0,2018-11-21 05:00:00,5.0,0.0,8.347854e-08,0.0,0.0
271.6692,0.8333486,0.8333486,0.00053172023,0.0,2018-11-21 06:00:00,5.0,0.0,2.3873934e-08,0.0,0.0
271.66406,0.8925218,0.8925218,0.0,0.0,2018-11-21 07:00:00,5.0,1.7169987e-06,1.8454193e-06,0.0,1.7355824e-06
270.6765,0.96570605,0.96570605,0.0,0.0,2018-11-21 08:00:00,5.0,6.678286e-07,7.893609e-07,0.0,8.774042e-07
269.7859,0.9855737,0.9855737,0.046121296,0.0,2018-11-21 09:00:00,5.0,6.678286e-07,5.319561e-07,0.0,6.678286e-07
269.33984,0.94803584,0.8808203,0.4708808,0.0,2018-11-21 10:00:00,5.0,9.927762e-07,1.0569447e-06,1.3363075e-07,7.2551467e-07
269.12012,0.96223664,0.7988126,0.9338453,0.0,2018-11-21 11:00:00,5.0,1.4119269e-06,1.4548687e-06,0.0,1.4119269e-06
268.9441,0.9870101,0.6830487,0.97793776,0.0,2018-11-21 12:00:00,5.0,5.5950586e-05,5.6036544e-05,5.2156087e-05,3.928135e-06
268.64526,0.97511625,0.35534644,0.972434,0.0,2018-11-21 13:00:00,5.0,8.294006e-06,8.360821e-06,5.703991e-08,8.294006e-06
268.48975,0.9417914,0.15523481,0.938357,0.0,2018-11-21 14:00:00,5.0,4.8427073e-06,4.9597556e-06,5.703991e-08,4.7286276e-06
268.5808,0.9946291,0.039073102,0.9946291,0.0,2018-11-21 15:00:00,5.0,1.4676789e-06,1.6110043e-06,0.0,1.4676789e-06
268.6062,0.8871962,0.017659962,0.8871962,0.0,2018-11-21 16:00:00,0.0,1.14079796e-07,1.8345992e-07,0.0,1.14079796e-07
268.9358,0.4571908,0.007936597,0.45556587,0.011682536,2018-11-21 17:00:00,0.0,0.0,0.0,0.0,0.0
269.2517,0.4800704,0.037709523,0.43649864,0.07508868,2018-11-21 18:00:00,0.0,0.0,0.0,0.0,0.0
269.4204,0.4731543,0.10807693,0.4006685,0.09564358,2018-11-21 19:00:00,5.0,1.5651085e-06,1.7702014e-06,1.2215814e-06,6.678286e-07
269.90576,0.6057106,0.29299647,0.4035815,0.2827962,2018-11-21 20:00:00,0.0,4.0056705e-07,5.6992855e-07,3.050713e-07,9.549569e-08
270.29785,0.3360235,0.24943316,0.25463408,0.04868035,2018-11-21 21:00:00,0.0,0.0,3.5810903e-08,0.0,0.0
269.761,0.2547983,0.2295329,0.16624278,0.0,2018-11-21 22:00:00,0.0,0.0,0.0,0.0,0.0
269.5481,0.22057837,0.12895411,0.10336381,0.059363935,2018-11-21 23:00:00,5.0,0.0,0.0,0.0,0.0
269.36963,0.3193454,0.21794999,0.20386112,0.021598212,2018-11-22 00:00:00,5.0,0.0,0.0,0.0,0.0
269.21094,0.1956796,0.15457451,0.11343759,0.0,2018-11-22 01:00:00,5.0,0.0,0.0,0.0,0.0
269.06714,0.25664395,0.25328285,0.0124641955,0.0,2018-11-22 02:00:00,5.0,0.0,0.0,0.0,0.0
269.3911,0.5145345,0.5145345,0.0,0.0,2018-11-22 03:00:00,5.0,0.0,0.0,0.0,0.0
269.37427,0.7272216,0.7272216,0.0,0.0,2018-11-22 04:00:00,5.0,0.0,0.0,0.0,0.0
269.57764,0.8904493,0.8904493,0.0,0.0,2018-11-22 05:00:00,5.0,0.0,0.0,0.0,0.0
269.37622,0.85150844,0.85150844,0.0,0.0,2018-11-22 06:00:00,5.0,0.0,0.0,0.0,0.0
269.4165,0.76496947,0.76496947,0.0,0.0,2018-11-22 07:00:00,5.0,0.0,2.76714e-07,0.0,0.0
269.80835,0.60604274,0.60604274,0.0,0.0,2018-11-22 08:00:00,5.0,0.0,9.06893e-08,0.0,0.0
269.82642,0.43509185,0.43509185,0.0,0.0,2018-11-22 09:00:00,5.0,0.0,6.6815346e-08,0.0,0.0
270.46338,0.31846857,0.31846857,0.0,0.0,2018-11-22 10:00:00,5.0,0.0,6.6815346e-08,0.0,0.0
270.3418,0.3941391,0.3941391,0.0,0.0,2018-11-22 11:00:00,5.0,0.0,1.1920929e-07,0.0,0.0
270.31128,0.63359016,0.63359016,0.0,0.0,2018-11-22 12:00:00,5.0,0.0,1.1920929e-07,0.0,0.0
270.43433,0.68707347,0.68707347,0.0,0.0,2018-11-22 13:00:00,5.0,0.0,1.4308318e-07,0.0,0.0
270.41724,0.740773,0.740773,0.0,0.0,2018-11-22 14:00:00,5.0,0.0,2.6229247e-07,0.0,9.549569e-08
271.1765,0.86333674,0.86333674,0.0,0.0,2018-11-22 15:00:00,5.0,0.0,1.9075088e-07,0.0,0.0
271.84302,0.8417782,0.8417782,0.0,0.0,2018-11-22 16:00:00,5.0,0.0,0.0,0.0,0.0
272.71216,0.8035522,0.8035522,0.0,0.0,2018-11-22 17:00:00,6.0,0.0,0.0,0.0,0.0
273.2478,0.65745705,0.65745705,0.0,0.0,2018-11-22 18:00:00,6.0,0.0,0.0,0.0,0.0
273.8103,0.4080252,0.4080252,0.0,0.0,2018-11-22 19:00:00,0.0,0.0,0.0,0.0,0.0
274.6836,0.037083272,0.037083272,0.0,0.0,2018-11-22 20:00:00,0.0,0.0,0.0,0.0,0.0
275.6228,0.0,0.0,0.0,0.0,2018-11-22 21:00:00,0.0,0.0,0.0,0.0,0.0
274.63623,0.0,0.0,0.0,0.0,2018-11-22 22:00:00,0.0,0.0,0.0,0.0,0.0
273.92822,0.0,0.0,0.0,0.0,2018-11-22 23:00:00,0.0,0.0,0.0,0.0,0.0
274.1482,0.0,0.0,0.0,0.0,2018-11-23 00:00:00,0.0,0.0,0.0,0.0,0.0
274.14526,0.0,0.0,0.0,0.0,2018-11-23 01:00:00,0.0,0.0,0.0,0.0,0.0
274.06958,0.04474769,0.0033782488,0.0,0.04138655,2018-11-23 02:00:00,0.0,0.0,0.0,0.0,0.0
274.30078,0.31666,0.00737416,0.0,0.31428903,2018-11-23 03:00:00,0.0,0.0,0.0,0.0,0.0
274.64868,0.6376875,0.032455955,0.0,0.6196811,2018-11-23 04:00:00,0.0,0.0,0.0,0.0,0.0
275.08887,0.85304284,0.061928198,0.0,0.8433221,2018-11-23 05:00:00,0.0,0.0,0.0,0.0,0.0
275.29907,0.932467,0.0887419,0.0,0.932467,2018-11-23 06:00:00,0.0,0.0,0.0,0.0,0.0
275.64502,0.95080245,0.053411953,0.0,0.95080245,2018-11-23 07:00:00,1.0,0.0,0.0,0.0,0.0
275.89624,1.0,0.062548816,0.0,1.0,2018-11-23 08:00:00,1.0,0.0,0.0,0.0,0.0
276.20898,1.0,0.008357041,0.0,1.0,2018-11-23 09:00:00,1.0,0.0,0.0,0.0,0.0
276.88428,1.0,0.016832627,0.0,1.0,2018-11-23 10:00:00,0.0,0.0,0.0,0.0,0.0
276.84375,1.0,0.0,0.0,1.0,2018-11-23 11:00:00,0.0,0.0,0.0,0.0,0.0
276.95337,1.0,0.0,0.0,1.0,2018-11-23 12:00:00,0.0,0.0,0.0,0.0,0.0
276.9568,1.0,0.0,0.0,1.0,2018-11-23 13:00:00,0.0,0.0,0.0,0.0,0.0
277.062,0.99946827,0.08505577,0.0,0.99946827,2018-11-23 14:00:00,0.0,0.0,0.0,0.0,0.0
278.5608,1.0,0.18837875,0.0,1.0,2018-11-23 15:00:00,0.0,0.0,0.0,0.0,0.0
279.32617,1.0,0.23265654,0.04525006,1.0,2018-11-23 16:00:00,0.0,0.0,0.0,0.0,0.0
280.2683,1.0,0.12538075,0.7194946,1.0,2018-11-23 17:00:00,0.0,0.0,0.0,0.0,0.0
280.7207,1.0,0.109564245,0.97105855,1.0,2018-11-23 18:00:00,1.0,2.4816145e-06,0.0,0.0,2.4816145e-06
280.19678,1.0,0.2116071,0.9644663,1.0,2018-11-23 19:00:00,1.0,3.8279075e-05,0.0,5.204517e-06,3.31223e-05
279.9756,0.998375,0.4621824,0.989643,0.918567,2018-11-23 20:00:00,1.0,0.00019258172,0.0,0.00012389243,6.837427e-05
279.57812,1.0,1.0,0.9918581,0.44123942,2018-11-23 21:00:00,1.0,0.00057096756,0.0,0.00043386547,0.00013734058
278.53662,1.0,1.0,1.0,0.9630677,2018-11-23 22:00:00,1.0,0.00081287464,0.0,0.00056683156,0.0002458715
278.0857,1.0,1.0,0.99946827,0.95261663,2018-11-23 23:00:00,1.0,0.0008423282,0.0,0.0003671085,0.00047500082
277.6189,1.0,1.0,0.99736434,0.93576,2018-11-24 00:00:00,1.0,0.0010347285,0.0,0.00026552007,0.00077004754
277.5786,1.0,1.0,1.0,0.92420065,2018-11-24 01:00:00,1.0,0.0010160452,0.0,0.00017629712,0.00084012956
277.38354,1.0,1.0,0.90104055,0.9141087,2018-11-24 02:00:00,1.0,0.0006651939,0.0,0.0001588422,0.0005069622
277.1687,1.0,1.0,0.6766608,0.72333425,2018-11-24 03:00:00,1.0,0.0005754789,0.0,0.00020939654,0.00036608218
277.1765,1.0,1.0,0.8549308,0.73120445,2018-11-24 04:00:00,1.0,0.0008194626,0.0,0.00016491518,0.00065407064
277.32544,1.0,1.0,0.94896567,0.8521282,2018-11-24 05:00:00,1.0,0.0011976412,0.0,0.00013433056,0.0010632058
277.0044,1.0,1.0,0.94029963,0.92151356,2018-11-24 06:00:00,1.0,0.0012261658,0.0,6.8005465e-05,0.001157836
277.10767,1.0,1.0,0.9564257,0.8244823,2018-11-24 07:00:00,1.0,0.0007970196,0.0,9.9345285e-05,0.00069768354
277.15796,1.0,1.0,0.91809744,0.8832692,2018-11-24 08:00:00,1.0,0.0005373666,0.0,9.6424614e-05,0.00044123735
276.8252,1.0,1.0,0.9579417,0.70122445,2018-11-24 09:00:00,1.0,0.0002993839,0.0,2.6945025e-05,0.00027243886
276.16382,1.0,1.0,0.6154984,0.37252772,2018-11-24 10:00:00,1.0,0.00012683314,0.0,0.0,0.00012683314
276.12817,1.0,1.0,0.48259866,0.21383089,2018-11-24 11:00:00,1.0,4.77156e-05,0.0,0.0,4.77156e-05
276.1306,1.0,1.0,0.3216293,0.36941755,2018-11-24 12:00:00,1.0,2.5436399e-05,0.0,0.0,2.5436399e-05
275.98218,1.0,1.0,0.16942698,0.47205067,2018-11-24 13:00:00,1.0,1.9795145e-05,0.0,0.0,1.9966916e-05
275.99097,1.0,1.0,0.34625268,0.25446028,2018-11-24 14:00:00,1.0,1.6759135e-05,0.0,0.0,1.6873208e-05
275.5752,0.998375,0.998375,0.4615143,0.089930415,2018-11-24 15:00:00,1.0,1.8777326e-05,0.0,0.0,1.8795909e-05
275.5127,1.0,1.0,0.3880729,0.02357202,2018-11-24 16:00:00,1.0,2.7070026e-05,0.0,0.0,2.7432776e-05
275.344,1.0,1.0,0.14018339,0.0,2018-11-24 17:00:00,1.0,2.3029119e-05,0.0,0.0,2.287593e-05
275.27197,1.0,1.0,0.46269333,0.0,2018-11-24 18:00:00,1.0,2.8159615e-05,0.0,0.0,2.8159615e-05
275.29297,1.0,1.0,0.0,0.0,2018-11-24 19:00:00,1.0,1.1513268e-05,0.0,0.0,1.1513268e-05
275.12573,1.0,1.0,0.0,0.0,2018-11-24 20:00:00,1.0,6.864127e-07,0.0,0.0,8.9598825e-07
275.21094,1.0,1.0,0.0,0.0,2018-11-24 21:00:00,1.0,4.7683716e-07,0.0,0.0,4.7683716e-07
274.448,0.98999023,0.98999023,0.0,0.0,2018-11-24 22:00:00,6.0,1.106856e-06,3.3407698e-08,0.0,1.106856e-06
274.25952,0.9798609,0.9798609,0.0,0.0,2018-11-24 23:00:00,6.0,4.809407e-06,1.7367965e-06,0.0,5.190748e-06
273.84448,0.96356094,0.96356094,0.0,0.0,2018-11-25 00:00:00,6.0,4.3876717e-06,3.2379594e-06,0.0,4.1018257e-06
273.31445,0.989114,0.989114,0.0,0.0,2018-11-25 01:00:00,5.0,3.4352797e-06,3.4208606e-06,0.0,3.51155e-06
272.83936,0.9815424,0.9815424,0.0,0.0,2018-11-25 02:00:00,5.0,3.052014e-06,3.1501559e-06,0.0,2.9379344e-06
272.05054,0.99200815,0.99200815,0.0,0.20179296,2018-11-25 03:00:00,5.0,4.191511e-07,5.5326535e-07,0.0,6.678286e-07
271.98535,1.0,0.9910503,0.0,0.59824544,2018-11-25 04:00:00,5.0,3.050713e-07,4.624145e-07,0.0,5.1464684e-07
271.83594,1.0,0.99841094,0.0015890491,0.7634455,2018-11-25 05:00:00,5.0,0.0,3.8133912e-08,0.0,0.0
271.4558,1.0,0.997629,0.019040927,0.6656872,2018-11-25 06:00:00,5.0,9.549569e-08,2.1935102e-07,0.0,9.549569e-08
271.48804,1.0,0.9947349,0.0,0.2765441,2018-11-25 07:00:00,5.0,9.549569e-08,1.4308318e-07,0.0,0.0
271.2439,1.0,1.0,0.0,0.63396394,2018-11-25 08:00:00,5.0,0.0,9.533534e-08,0.0,0.0
270.92456,1.0,1.0,0.0,1.0,2018-11-25 09:00:00,5.0,0.0,1.4772922e-07,0.0,0.0
269.81396,1.0,0.9289497,0.0,1.0,2018-11-25 10:00:00,5.0,0.0,2.4306456e-07,0.0,0.0
269.7439,1.0,0.5086098,0.0,0.9949968,2018-11-25 11:00:00,5.0,3.813414e-07,2.7158455e-07,0.0,1.14079796e-07
269.6167,1.0,0.17956936,0.0,1.0,2018-11-25 12:00:00,0.0,0.0,2.8519953e-08,0.0,0.0
269.3357,1.0,0.07998532,0.0,1.0,2018-11-25 13:00:00,0.0,0.0,0.0,0.0,0.0
268.94604,1.0,0.045661293,0.0,1.0,2018-11-25 14:00:00,0.0,0.0,0.0,0.0,0.0
269.05078,1.0,0.133654,0.0,1.0,2018-11-25 15:00:00,0.0,0.0,0.0,0.0,0.0
269.38306,1.0,0.32435566,0.0,1.0,2018-11-25 16:00:00,0.0,0.0,0.0,0.0,0.0
269.9956,1.0,0.43018,0.0,1.0,2018-11-25 17:00:00,0.0,0.0,0.0,0.0,0.0
270.37012,1.0,0.5091057,0.0,1.0,2018-11-25 18:00:00,0.0,0.0,0.0,0.0,0.0
270.42773,1.0,0.1976127,0.0,1.0,2018-11-25 19:00:00,0.0,0.0,0.0,0.0,0.0
270.2749,1.0,0.19363445,0.0,1.0,2018-11-25 20:00:00,0.0,0.0,0.0,0.0,0.0
270.0205,1.0,0.0058244728,0.0,1.0,2018-11-25 21:00:00,0.0,0.0,0.0,0.0,0.0
268.92017,1.0,0.0,0.0,1.0,2018-11-25 22:00:00,0.0,0.0,0.0,0.0,0.0
268.49487,1.0,0.0037098185,0.0,1.0,2018-11-25 23:00:00,0.0,0.0,0.0,0.0,0.0
267.84277,1.0,0.035794303,0.0,1.0,2018-11-26 00:00:00,0.0,0.0,0.0,0.0,0.0
267.5901,0.9759151,0.061433207,0.0,0.9759151,2018-11-26 01:00:00,0.0,0.0,0.0,0.0,0.0
267.29175,0.9912679,0.13126189,0.0,0.9912679,2018-11-26 02:00:00,0.0,0.0,0.0,0.0,0.0
266.32153,0.98889697,0.15559071,0.0,0.98554313,2018-11-26 03:00:00,0.0,0.0,0.0,0.0,0.0
266.01758,0.97108155,0.14467335,0.0,0.96609545,2018-11-26 04:00:00,0.0,0.0,0.0,0.0,0.0
265.96533,0.9412319,0.09673554,0.0,0.93787074,2018-11-26 05:00:00,0.0,0.0,0.0,0.0,0.0
265.61914,0.71975434,0.055921286,0.0,0.70017725,2018-11-26 06:00:00,5.0,0.0,0.0,0.0,0.0
265.34277,0.9891607,0.091431975,0.0,0.9891607,2018-11-26 07:00:00,5.0,0.0,0.0,0.0,0.0
264.92236,0.97694737,0.10378492,0.0,0.9658688,2018-11-26 08:00:00,5.0,0.0,0.0,0.0,0.0
264.6753,0.9830115,0.050099034,0.0,0.9830115,2018-11-26 09:00:00,5.0,0.0,0.0,0.0,0.0
263.77466,0.84732527,0.32063437,0.034574233,0.8102621,2018-11-26 10:00:00,5.0,0.0,0.0,0.0,0.0
263.72754,0.7717754,0.17927247,0.15053755,0.7282141,2018-11-26 11:00:00,5.0,0.0,2.3841858e-07,0.0,3.813414e-07
263.64917,0.87042546,0.22320288,0.4472422,0.83104324,2018-11-26 12:00:00,5.0,2.6726156e-07,3.7204933e-07,0.0,2.6726156e-07
263.6162,0.9244324,0.26694697,0.71921235,0.8606942,2018-11-26 13:00:00,5.0,0.0,2.3369233e-07,0.0,3.813414e-07
263.62354,0.9372142,0.43621308,0.7681372,0.9154348,2018-11-26 14:00:00,5.0,9.549569e-08,3.1468636e-07,0.0,4.7683716e-07
264.79736,0.97448957,0.69777,0.12964952,0.85779977,2018-11-26 15:00:00,5.0,1.9829677e-06,2.059398e-06,0.0,1.5638161e-06
265.13086,1.0,0.998375,0.258699,0.7276791,2018-11-26 16:00:00,5.0,1.9099144e-07,5.3403744e-07,0.0,4.191511e-07
265.677,0.9137921,0.9037516,0.16191244,0.44991088,2018-11-26 17:00:00,5.0,0.0,2.8519953e-08,0.0,0.0
266.375,0.5004144,0.5004144,0.019068588,0.104475796,2018-11-26 18:00:00,5.0,0.0,0.0,0.0,0.0
266.96484,0.1193791,0.1193791,0.0,0.0,2018-11-26 19:00:00,0.0,0.0,0.0,0.0,0.0
267.24023,0.21434021,0.21434021,0.0,0.0,2018-11-26 20:00:00,0.0,0.0,0.0,0.0,0.0
267.50317,0.22917509,0.22917509,0.0,0.0,2018-11-26 21:00:00,0.0,0.0,0.0,0.0,0.0
266.86768,0.10005343,0.10005343,0.0,0.0,2018-11-26 22:00:00,0.0,0.0,0.0,0.0,0.0
266.39307,0.1856708,0.1856708,0.0,0.0,2018-11-26 23:00:00,0.0,0.0,0.0,0.0,0.0
266.05176,0.37351084,0.37351084,0.0,0.0,2018-11-27 00:00:00,0.0,0.0,0.0,0.0,0.0
265.3418,0.055769537,0.055769537,0.0,0.0,2018-11-27 01:00:00,0.0,0.0,0.0,0.0,0.0
265.09082,0.26952332,0.26952332,0.0,0.0,2018-11-27 02:00:00,0.0,0.0,0.0,0.0,0.0
264.1875,0.5846367,0.5846367,0.0,0.0,2018-11-27 03:00:00,0.0,0.0,0.0,0.0,0.0
264.04492,0.82172257,0.82172257,0.0,0.0,2018-11-27 04:00:00,0.0,0.0,0.0,0.0,0.0
263.81592,0.87242126,0.87242126,0.0,0.0,2018-11-27 05:00:00,0.0,0.0,1.42599745e-08,0.0,0.0
263.08813,0.9484465,0.9484465,0.0,0.0,2018-11-27 06:00:00,0.0,0.0,1.42599745e-08,0.0,0.0
262.64624,0.9739443,0.9739443,0.0,0.0,2018-11-27 07:00:00,5.0,0.0,5.9604645e-08,0.0,0.0
262.74048,0.99525803,0.99525803,0.0,0.0,2018-11-27 08:00:00,5.0,0.0,5.9604645e-08,0.0,0.0
262.25098,0.9833111,0.9833111,0.0,0.0,2018-11-27 09:00:00,5.0,0.0,9.773851e-08,0.0,0.0
262.31836,0.9246225,0.9246225,0.0100932345,0.0,2018-11-27 10:00:00,5.0,0.0,1.1199853e-07,0.0,0.0
262.6018,0.9802324,0.9802324,0.18855524,0.0,2018-11-27 11:00:00,5.0,7.626828e-07,8.411121e-07,0.0,9.72258e-07
262.5957,0.99675006,0.995108,0.5393924,0.0,2018-11-27 12:00:00,5.0,2.9353587e-06,3.0903793e-06,0.0,3.0308547e-06
262.6521,0.9045726,0.87839377,0.5361645,0.0,2018-11-27 13:00:00,5.0,3.889033e-06,3.6648744e-06,0.0,3.793537e-06
263.0586,0.7402784,0.69031227,0.17065823,0.0,2018-11-27 14:00:00,5.0,2.7071992e-06,2.1685146e-06,0.0,2.230362e-06
264.66772,0.7661088,0.7661088,0.0,0.0,2018-11-27 15:00:00,5.0,7.626828e-07,6.719121e-07,0.0,7.626828e-07
265.33154,0.73394233,0.73394233,0.008141857,0.0,2018-11-27 16:00:00,5.0,7.626828e-07,4.1242606e-07,0.0,7.626828e-07
266.20264,0.5534714,0.5534714,0.020338975,0.0,2018-11-27 17:00:00,5.0,1.2972059e-06,1.2228566e-06,0.0,1.2395194e-06
266.77856,0.5699846,0.5683596,0.11130893,0.0,2018-11-27 18:00:00,5.0,1.4490952e-06,1.2557794e-06,0.0,1.4490952e-06
267.4275,0.44401836,0.44401836,0.031713877,0.0,2018-11-27 19:00:00,5.0,3.813414e-07,3.9079384e-07,0.0,3.813414e-07
268.177,0.039171275,0.039171275,0.0,0.0,2018-11-27 20:00:00,5.0,1.14079796e-07,2.1919061e-07,0.0,1.14079796e-07
268.65894,0.0501871,0.044087306,0.0250809,0.0,2018-11-27 21:00:00,0.0,0.0,2.8519953e-08,0.0,0.0
268.7002,0.34740603,0.29214174,0.33223176,0.0,2018-11-27 22:00:00,5.0,1.14079796e-07,1.09595305e-07,0.0,1.14079796e-07
268.2749,0.3125307,0.20334727,0.28548956,0.0,2018-11-27 23:00:00,5.0,3.813414e-07,4.1691055e-07,0.0,3.813414e-07
267.91553,0.29755622,0.13658881,0.25495428,0.0,2018-11-28 00:00:00,5.0,3.813414e-07,5.431691e-07,0.0,5.9091695e-07
267.34668,0.23416656,0.12529606,0.22080904,0.0,2018-11-28 01:00:00,0.0,0.0,2.8519953e-08,0.0,0.0
266.97412,0.071587324,0.040946867,0.05250315,0.0,2018-11-28 02:00:00,0.0,0.0,0.0,0.0,0.0
266.24487,0.1181249,0.0,0.002103883,0.1181249,2018-11-28 03:00:00,0.0,0.0,0.0,0.0,0.0
266.30396,0.3857265,0.0,0.09752184,0.37193787,2018-11-28 04:00:00,0.0,0.0,0.0,0.0,0.0
266.21118,0.002103883,0.0,0.0,0.002103883,2018-11-28 05:00:00,0.0,0.0,0.0,0.0,0.0
265.37354,0.0063116476,0.0,0.0,0.0063116476,2018-11-28 06:00:00,0.0,0.0,0.0,0.0,0.0
264.6079,0.10350555,0.0,0.0,0.10350555,2018-11-28 07:00:00,0.0,0.0,0.0,0.0,0.0
264.031,0.67951274,0.0,0.0,0.67951274,2018-11-28 08:00:00,0.0,0.0,0.0,0.0,0.0
264.02954,0.96220946,0.0,0.0,0.96220946,2018-11-28 09:00:00,0.0,0.0,0.0,0.0,0.0
263.0774,0.72146434,0.0,0.0,0.72146434,2018-11-28 10:00:00,0.0,0.0,0.0,0.0,0.0
263.09155,0.80684847,0.0,0.0,0.80684847,2018-11-28 11:00:00,0.0,0.0,0.0,0.0,0.0
263.18677,0.9978433,0.0,0.0,0.9978433,2018-11-28 12:00:00,0.0,0.0,0.0,0.0,0.0
263.6704,0.99683875,0.0,0.053550087,0.99683875,2018-11-28 13:00:00,0.0,0.0,0.0,0.0,0.0
264.00073,1.0,0.0,0.42618352,1.0,2018-11-28 14:00:00,0.0,0.0,0.0,0.0,0.0
266.77734,0.997629,0.0,0.7357603,0.9970973,2018-11-28 15:00:00,0.0,0.0,0.0,0.0,0.0
267.864,1.0,0.0,0.9797891,1.0,2018-11-28 16:00:00,5.0,0.0,0.0,0.0,0.0
268.94995,1.0,0.0,1.0,1.0,2018-11-28 17:00:00,5.0,3.4737495e-06,3.4282448e-06,0.0,3.4737495e-06
269.6831,1.0,0.014212348,1.0,1.0,2018-11-28 18:00:00,5.0,4.4039625e-05,4.4058528e-05,0.0,4.4039625e-05
269.91943,1.0,0.25172955,1.0,0.99841094,2018-11-28 19:00:00,5.0,0.00016269722,0.0001626828,0.0,0.00016269722
269.97607,1.0,0.74360573,1.0,0.99841094,2018-11-28 20:00:00,5.0,0.00023410226,0.0002342641,0.0,0.00023410226
270.08154,1.0,0.8471825,0.998375,0.99095327,2018-11-28 21:00:00,5.0,0.00022973756,0.00022981159,0.0,0.00022973756
269.95337,0.9949968,0.88782173,0.98343927,0.9828581,2018-11-28 22:00:00,5.0,0.00020700567,0.00020686755,0.0,0.00020700567
269.9458,0.9966217,0.8788406,0.98663634,0.98227614,2018-11-28 23:00:00,5.0,0.00015747163,0.000157877,0.0,0.00015773889
269.9353,1.0,0.925802,0.99368834,0.9899067,2018-11-29 00:00:00,5.0,0.00010933675,0.00010877667,0.0,0.00010874582
269.9707,1.0,0.16425586,0.98160815,0.9944678,2018-11-29 01:00:00,5.0,7.5500546e-05,7.564113e-05,0.0,7.56723e-05
270.0393,1.0,0.43108392,0.98498976,1.0,2018-11-29 02:00:00,5.0,8.526351e-05,8.5420776e-05,0.0,8.526351e-05
269.97754,0.9920941,0.9124496,0.9775152,0.96590805,2018-11-29 03:00:00,5.0,0.00013632225,0.00013647464,0.0,0.00013632225
269.99683,1.0,0.8463318,1.0,0.9805366,2018-11-29 04:00:00,5.0,0.00017292012,0.00017279627,0.0,0.00017292012
270.03198,1.0,0.8168029,1.0,0.9541744,2018-11-29 05:00:00,5.0,0.00014768686,0.00014759152,0.0,0.00014768686
270.021,0.99371904,0.013977904,0.9916152,0.98663634,2018-11-29 06:00:00,5.0,0.00013269924,0.00013244656,0.0,0.00013231789
270.12354,1.0,0.25383735,0.9894646,0.9978961,2018-11-29 07:00:00,5.0,7.611525e-05,7.6349024e-05,0.0,7.611525e-05
270.19336,0.99736434,0.42687994,0.9872073,0.9476379,2018-11-29 08:00:00,5.0,0.00014795607,0.00014790369,0.0,0.00014795607
270.10034,0.9518816,0.60605574,0.92531353,0.622629,2018-11-29 09:00:00,5.0,0.00015412207,0.00015425074,0.0,0.00015412207
269.38135,0.7940117,0.6731638,0.73844963,0.167211,2018-11-29 10:00:00,5.0,7.28867e-05,7.2734314e-05,0.0,7.28867e-05
269.3479,0.67552745,0.57527995,0.5523897,0.042367194,2018-11-29 11:00:00,5.0,1.2276601e-05,1.2424331e-05,0.0,1.2276601e-05
269.33325,0.4795648,0.4240219,0.25202566,0.10665542,2018-11-29 12:00:00,5.0,8.767626e-07,1.17735e-06,0.0,1.3535991e-06
269.2417,0.30639553,0.23834735,0.091288805,0.08222604,2018-11-29 13:00:00,5.0,2.6726156e-07,5.197786e-07,0.0,2.6726156e-07
269.23315,0.44515938,0.18208063,0.100379944,0.2961496,2018-11-29 14:00:00,5.0,0.0,2.3841858e-07,0.0,0.0
270.02637,0.5224171,0.18641078,0.022520639,0.420978,2018-11-29 15:00:00,0.0,3.813414e-07,2.7158455e-07,0.0,3.813414e-07
270.14624,0.35935014,0.3155843,0.035813734,0.06735492,2018-11-29 16:00:00,0.0,0.0,1.2385527e-07,0.0,0.0
270.7505,0.54741627,0.5424097,0.09636885,0.0,2018-11-29 17:00:00,0.0,0.0,0.0,0.0,0.0
270.99902,0.71992964,0.6726248,0.1734029,0.039732337,2018-11-29 18:00:00,0.0,0.0,0.0,0.0,0.0
271.52197,0.9237609,0.5585261,0.26110554,0.7080557,2018-11-29 19:00:00,5.0,0.0,0.0,0.0,0.0
271.83423,0.9437566,0.37596625,0.22381663,0.90899086,2018-11-29 20:00:00,5.0,0.0,0.0,0.0,0.0
272.35205,0.94362825,0.29953867,0.09409845,0.91713274,2018-11-29 21:00:00,5.0,0.0,0.0,0.0,0.0
272.01685,0.9949968,0.8393146,0.06871587,0.7990076,2018-11-29 22:00:00,5.0,0.0,0.0,0.0,0.0
272.64258,0.99446505,0.9087195,0.0057492107,0.95268124,2018-11-29 23:00:00,5.0,0.0,0.0,0.0,0.0
272.62476,0.998375,0.9367206,0.0,0.9308341,2018-11-30 00:00:00,5.0,2.6726156e-07,3.625969e-07,0.0,2.6726156e-07
272.45728,0.9902332,0.9467093,0.0,0.85468173,2018-11-30 01:00:00,5.0,1.4503876e-06,1.4120915e-06,0.0,1.4503876e-06
272.12695,0.99675006,0.9671154,0.0,0.70882714,2018-11-30 02:00:00,5.0,6.4860296e-07,6.3161673e-07,0.0,7.626828e-07
272.23608,0.9727764,0.9351632,0.0,0.48786527,2018-11-30 03:00:00,5.0,6.4860296e-07,6.388275e-07,0.0,6.4860296e-07
271.95044,0.8879246,0.8580089,0.0,0.1703918,2018-11-30 04:00:00,5.0,3.813414e-07,2.358538e-07,0.0,1.14079796e-07
272.1023,0.85482603,0.85482603,0.0,0.004767146,2018-11-30 05:00:00,5.0,9.549569e-08,5.007088e-08,0.0,9.549569e-08
272.08008,0.7810141,0.7810141,0.0,0.0,2018-11-30 06:00:00,5.0,0.0,0.0,0.0,0.0
272.04492,0.686296,0.686296,0.0,0.0,2018-11-30 07:00:00,5.0,6.715454e-06,6.1260544e-06,0.0,7.0013e-06
271.73242,0.57143927,0.57143927,0.0,0.0,2018-11-30 08:00:00,5.0,1.9099144e-07,3.0523393e-07,0.0,6.678286e-07
270.9121,0.4315942,0.4315942,0.0,0.0,2018-11-30 09:00:00,5.0,4.7683716e-07,3.7204933e-07,0.0,4.7683716e-07
271.83618,0.50085276,0.50085276,0.0,0.0,2018-11-30 10:00:00,5.0,0.0,2.1454463e-07,0.0,4.7683716e-07
271.74146,0.61207205,0.61207205,0.0,0.0,2018-11-30 11:00:00,5.0,1.9099144e-07,3.1468636e-07,0.0,3.050713e-07
271.77344,0.7574022,0.7574022,0.0,0.0,2018-11-30 12:00:00,5.0,6.678286e-07,4.1482815e-07,0.0,6.678286e-07
271.7959,0.73710084,0.73710084,0.0,0.0,2018-11-30 13:00:00,8.0,1.9099144e-07,2.1454463e-07,0.0,4.7683716e-07
271.82568,0.6903499,0.6903499,0.0,0.0,2018-11-30 14:00:00,8.0,0.0,2.5284004e-07,0.0,2.6726156e-07
270.78345,0.63710946,0.63710946,0.0,0.0,2018-11-30 15:00:00,5.0,0.0,1.1920929e-07,0.0,0.0
271.42114,0.7241715,0.692802,0.0,0.054008372,2018-11-30 16:00:00,8.0,0.0,6.6815346e-08,0.0,2.6726156e-07
271.69824,0.83334064,0.8243633,0.0,0.041598216,2018-11-30 17:00:00,5.0,0.0,0.0,0.0,0.0
271.74365,0.6217785,0.57934684,0.0,0.06958163,2018-11-30 18:00:00,6.0,0.0,0.0,0.0,0.0
271.83984,0.61203,0.53304434,0.0,0.11548364,2018-11-30 19:00:00,6.0,0.0,0.0,0.0,0.0
271.8318,0.46950102,0.3570019,0.0058244728,0.14879358,2018-11-30 20:00:00,6.0,0.0,0.0,0.0,0.0
271.94824,0.20187026,0.01490172,0.0,0.18988836,2018-11-30 21:00:00,0.0,0.0,0.0,0.0,0.0
272.2268,0.5444469,0.269458,0.0,0.29661453,2018-11-30 22:00:00,5.0,0.0,0.0,0.0,0.0
272.28247,0.6238956,0.13889182,0.0,0.56894344,2018-11-30 23:00:00,5.0,0.0,0.0,0.0,0.0
272.08496,0.86048263,0.043449167,0.0,0.8571288,2018-12-01 00:00:00,5.0,0.0,3.3407698e-08,0.0,0.0
272.0,1.0,0.01173529,0.0,1.0,2018-12-01 01:00:00,8.0,0.0,3.3407698e-08,0.0,0.0
271.73267,1.0,0.0,0.0,1.0,2018-12-01 02:00:00,0.0,0.0,0.0,0.0,0.0
271.3672,1.0,0.0,0.0,1.0,2018-12-01 03:00:00,0.0,0.0,0.0,0.0,0.0
271.26807,1.0,0.0,0.0,1.0,2018-12-01 04:00:00,0.0,0.0,0.0,0.0,0.0
270.83276,0.72758436,0.0,0.0,0.72758436,2018-12-01 05:00:00,0.0,0.0,0.0,0.0,0.0
270.3208,0.5005563,0.0,0.0,0.5005563,2018-12-01 06:00:00,0.0,0.0,0.0,0.0,0.0
270.4077,1.0,0.0,0.0,1.0,2018-12-01 07:00:00,5.0,0.0,0.0,0.0,0.0
270.5056,0.98165363,0.0,0.0063285343,0.98165363,2018-12-01 08:00:00,0.0,0.0,0.0,0.0,0.0
270.8938,1.0,0.0037098185,0.02666621,1.0,2018-12-01 09:00:00,0.0,0.0,0.0,0.0,0.0
270.51343,1.0,0.10666597,0.12500787,1.0,2018-12-01 10:00:00,0.0,0.0,0.0,0.0,0.0
270.67798,1.0,0.23594832,0.3030644,1.0,2018-12-01 11:00:00,0.0,0.0,0.0,0.0,0.0
270.72095,1.0,0.41847628,0.3403163,1.0,2018-12-01 12:00:00,0.0,0.0,2.3873934e-08,0.0,0.0
270.87817,1.0,0.4193681,0.49611515,1.0,2018-12-01 13:00:00,5.0,1.9099144e-07,1.1936964e-07,0.0,9.549569e-08
270.9641,1.0,0.27867758,0.04397629,1.0,2018-12-01 14:00:00,5.0,0.0,1.6695714e-07,0.0,4.7683716e-07
271.635,1.0,0.12544203,0.09953022,1.0,2018-12-01 15:00:00,8.0,9.549569e-08,1.4076016e-07,0.0,9.549569e-08
271.80054,1.0,0.08869678,0.14785099,1.0,2018-12-01 16:00:00,8.0,1.2202845e-06,9.06893e-08,0.0,1.3920508e-06
272.573,1.0,0.18017584,0.3535002,1.0,2018-12-01 17:00:00,3.0,6.678286e-07,2.3873934e-08,0.0,6.678286e-07
272.79956,1.0,0.25954074,0.8419284,1.0,2018-12-01 18:00:00,6.0,1.5279311e-06,1.2175706e-06,0.0,1.5279311e-06
273.3164,1.0,0.3630966,1.0,1.0,2018-12-01 19:00:00,6.0,1.564974e-05,1.5601676e-05,0.0,1.5763828e-05
273.48462,1.0,0.24751097,1.0,1.0,2018-12-01 20:00:00,6.0,0.000115474075,0.0001155356,0.0,0.00011539717
273.56958,1.0,0.110170245,1.0,1.0,2018-12-01 21:00:00,6.0,0.0004730185,0.0004730185,0.0,0.0004730185
273.61475,0.9989426,0.11018407,0.90136254,0.99629015,2018-12-01 22:00:00,6.0,0.00096455147,0.00096411305,0.0,0.0009641701
273.74683,0.99342126,0.25542516,0.9626958,0.8887512,2018-12-01 23:00:00,6.0,0.0010870551,0.0010866977,0.0,0.0010870551
273.96265,0.9932679,0.44303787,0.96024555,0.5048416,2018-12-02 00:00:00,5.0,0.00073255505,0.0007321071,0.0,0.0007321737
273.77466,0.9889606,0.6309489,0.97290474,0.29268897,2018-12-02 01:00:00,5.0,0.00039271894,0.000392898,0.0,0.00039298623
273.6792,0.9949968,0.9285245,0.9855824,0.35535365,2018-12-02 02:00:00,5.0,0.00020469536,0.0002045538,0.0,0.00020465626
273.53662,1.0,0.91518134,0.9942508,0.6675582,2018-12-02 03:00:00,5.0,0.00013325049,0.00013318183,0.0,0.00013330817
273.5066,1.0,0.88520366,0.97264636,0.8662564,2018-12-02 04:00:00,5.0,0.00012462314,0.00012447998,0.0,0.00012462314
273.38013,1.0,0.88477063,0.99164295,0.9832319,2018-12-02 05:00:00,5.0,9.0776026e-05,9.07044e-05,0.0,9.0776026e-05
272.89404,1.0,0.9524917,0.99446505,1.0,2018-12-02 06:00:00,5.0,5.6722507e-05,5.6569654e-05,0.0,5.6722507e-05
273.0786,1.0,0.89964956,0.99629015,0.9644954,2018-12-02 07:00:00,5.0,0.0002155204,0.00021507672,2.6547816e-05,0.000188954
273.0901,1.0,0.9823735,0.9949968,0.8891724,2018-12-02 08:00:00,5.0,0.00020755581,0.00020751054,4.488299e-06,0.00020306751
272.9109,0.998375,0.99337184,0.97707236,0.8213421,2018-12-02 09:00:00,5.0,0.00013818042,0.00013828537,0.0,0.00013818042
273.02075,1.0,0.98326087,0.9844858,0.80036914,2018-12-02 10:00:00,5.0,8.290181e-05,8.2980245e-05,0.0,8.290181e-05
273.10327,1.0,0.99235535,1.0,0.86353034,2018-12-02 11:00:00,5.0,9.420549e-05,9.413627e-05,0.0,9.420549e-05
273.13257,1.0,0.97788745,0.9878863,0.8883415,2018-12-02 12:00:00,5.0,0.00014749261,0.0001473258,0.0,0.00014749261
273.04785,1.0,0.9870903,0.977901,0.9005473,2018-12-02 13:00:00,5.0,0.00017053199,0.00017029131,0.0,0.00017053199
272.75684,1.0,0.989993,0.98194724,0.8716867,2018-12-02 14:00:00,5.0,0.00015506295,0.00015496016,0.0,0.00015506295
272.67383,1.0,0.9870936,0.9567415,0.79005283,2018-12-02 15:00:00,5.0,0.00010911099,0.00010937793,0.0,0.00010911099
272.73486,0.97949857,0.9356306,0.7246719,0.420336,2018-12-02 16:00:00,5.0,6.294882e-05,6.297999e-05,0.0,6.3139814e-05
272.98853,0.93844104,0.92043114,0.090280116,0.19796264,2018-12-02 17:00:00,5.0,3.2045442e-05,3.2326803e-05,0.0,3.2045442e-05
273.04736,0.9816835,0.97395873,0.023284905,0.13926947,2018-12-02 18:00:00,5.0,2.3077853e-05,2.3049332e-05,0.0,2.3077853e-05
273.125,0.9781656,0.9781656,0.0058244728,0.04447484,2018-12-02 19:00:00,5.0,1.3655219e-05,1.3340693e-05,0.0,1.3273878e-05
273.115,0.99348307,0.99348307,0.0037098185,0.0,2018-12-02 20:00:00,5.0,1.3501396e-05,1.3604345e-05,0.0,1.3750073e-05
272.89282,0.94902056,0.94902056,0.0015890491,0.015363548,2018-12-02 21:00:00,5.0,1.0299425e-05,1.0442429e-05,0.0,1.0776263e-05
272.26514,0.97484833,0.97484833,0.004235424,0.014721479,2018-12-02 22:00:00,5.0,6.2194003e-06,6.061816e-06,0.0,6.2194003e-06
272.04102,0.99550825,0.9949765,0.0063561946,0.008384813,2018-12-02 23:00:00,5.0,8.239536e-06,7.896008e-06,0.0,8.239536e-06
271.9204,1.0,1.0,0.011905257,0.0,2018-12-03 00:00:00,5.0,1.07172755e-05,1.0827032e-05,0.0,1.07172755e-05
271.8274,0.997629,0.997629,0.08310366,0.0,2018-12-03 01:00:00,5.0,7.056401e-06,6.8465024e-06,0.0,6.960906e-06
271.5681,0.9830501,0.98067915,0.1132347,0.0,2018-12-03 02:00:00,5.0,2.9379253e-06,3.023324e-06,0.0,2.956509e-06
271.2578,1.0,1.0,0.17744672,0.0,2018-12-03 03:00:00,5.0,1.3548824e-06,1.2497712e-06,0.0,1.3548824e-06
270.99023,0.98522824,0.98522824,0.14597303,0.0,2018-12-03 04:00:00,5.0,9.543155e-07,9.0416364e-07,0.0,9.543155e-07
270.9165,0.9947011,0.9941755,0.06753677,0.0,2018-12-03 05:00:00,5.0,9.543155e-07,9.161006e-07,0.0,9.543155e-07
270.3733,0.99946827,0.9989426,0.028413191,0.0,2018-12-03 06:00:00,5.0,5.915585e-07,7.4666e-07,0.0,5.915585e-07
269.92212,0.998375,0.998375,0.02770919,0.0,2018-12-03 07:00:00,5.0,3.2045455e-06,3.1805093e-06,0.0,3.2045455e-06
269.77466,1.0,1.0,0.0015890491,0.0,2018-12-03 08:00:00,5.0,1.7362236e-06,2.0555563e-06,0.0,1.7362236e-06
269.15063,0.9978961,0.9978961,0.014723916,0.0,2018-12-03 09:00:00,5.0,1.4497364e-06,1.1827979e-06,0.0,1.0683952e-06
269.74097,0.99675006,0.99675006,0.0023709626,0.0,2018-12-03 10:00:00,5.0,1.3542412e-06,1.1494722e-06,0.0,9.728992e-07
269.67358,0.9815424,0.9815424,0.01000702,0.0,2018-12-03 11:00:00,5.0,1.698414e-06,1.7839739e-06,0.0,1.698414e-06
269.6543,0.97983074,0.97983074,0.0,0.0,2018-12-03 12:00:00,5.0,1.98426e-06,1.8892479e-06,0.0,1.8701803e-06
269.49585,0.99393946,0.99393946,0.004474845,0.0,2018-12-03 13:00:00,5.0,1.3741173e-06,1.3217232e-06,0.0,1.3741173e-06
269.4978,0.9903652,0.9903652,0.0,0.0,2018-12-03 14:00:00,5.0,1.8509545e-06,1.4503048e-06,0.0,1.3741173e-06
269.66333,0.9649269,0.9649269,0.0,0.0,2018-12-03 15:00:00,5.0,1.106856e-06,9.56642e-07,0.0,1.106856e-06
269.93604,0.82524866,0.82524866,0.0,0.0,2018-12-03 16:00:00,5.0,7.2551467e-07,7.0388353e-07,0.0,7.2551467e-07
270.08398,0.81605446,0.81605446,0.0,0.0,2018-12-03 17:00:00,5.0,2.6726156e-07,3.1260623e-07,0.0,2.6726156e-07
270.39502,0.8627712,0.8627712,0.0,0.0,2018-12-03 18:00:00,5.0,5.3452317e-07,4.5096323e-07,0.0,2.6726156e-07
270.51807,0.98014337,0.98014337,0.0,0.0,2018-12-03 19:00:00,5.0,6.2950203e-06,6.1946357e-06,0.0,5.932263e-06
270.47656,0.9883449,0.9883449,0.0,0.0,2018-12-03 20:00:00,5.0,1.5266487e-06,1.37395e-06,0.0,1.2593864e-06
270.4436,0.98534787,0.98534787,0.0,0.0,2018-12-03 21:00:00,5.0,1.9099144e-07,3.1020073e-07,0.0,1.9099144e-07
270.0913,0.9794515,0.9794515,0.0,0.0,2018-12-03 22:00:00,5.0,4.727335e-06,4.6270325e-06,0.0,4.727335e-06
269.78662,0.98999023,0.98999023,0.0,0.0,2018-12-03 23:00:00,5.0,2.4982655e-06,2.3478897e-06,0.0,2.2310032e-06
269.7085,0.9780602,0.9780602,0.0,0.0,2018-12-04 00:00:00,5.0,9.536743e-07,1.0490894e-06,0.0,1.0491694e-06
269.5808,0.97889245,0.97889245,0.0,0.0,2018-12-04 01:00:00,5.0,9.536743e-07,9.2523453e-07,0.0,8.3959446e-07
269.32617,0.9847529,0.9847529,0.0,0.0,2018-12-04 02:00:00,5.0,1.3164308e-06,1.1040484e-06,0.0,1.3164308e-06
268.95166,0.9621734,0.9621734,0.0,0.0,2018-12-04 03:00:00,5.0,1.5260066e-06,1.1803158e-06,0.0,1.1446655e-06
268.87524,0.9957286,0.9957286,0.0,0.0,2018-12-04 04:00:00,5.0,1.6215026e-06,1.6907225e-06,0.0,1.5260066e-06
268.8828,0.97895056,0.97895056,0.0,0.0,2018-12-04 05:00:00,5.0,3.2615899e-06,3.192613e-06,0.0,3.1475101e-06
268.17896,0.9843849,0.9843849,0.0,0.0,2018-12-04 06:00:00,5.0,3.948002e-06,3.8478593e-06,0.0,3.7762366e-06
268.04175,0.97729135,0.97729135,0.0,0.0,2018-12-04 07:00:00,5.0,6.3905154e-06,6.244989e-06,0.0,6.3905154e-06
268.10815,0.9680036,0.9680036,0.0,0.0,2018-12-04 08:00:00,5.0,8.431821e-06,8.229053e-06,0.0,8.222245e-06
267.8694,0.98038083,0.98038083,0.0,0.0,2018-12-04 09:00:00,5.0,7.1730747e-06,7.0271035e-06,0.0,7.019893e-06
267.12402,0.938329,0.9220453,0.0,0.15963852,2018-12-04 10:00:00,5.0,6.753924e-06,6.922721e-06,0.0,6.9820835e-06
267.11182,0.9366446,0.8777255,0.0,0.43564266,2018-12-04 11:00:00,5.0,5.4945276e-06,5.403758e-06,0.0,5.3990316e-06
267.29175,0.88643026,0.83242136,0.0,0.32920986,2018-12-04 12:00:00,5.0,7.532606e-06,7.23242e-06,0.0,7.151265e-06
267.13428,0.874053,0.84420824,0.0,0.17209274,2018-12-04 13:00:00,5.0,4.2722995e-06,4.429885e-06,0.0,4.539561e-06
267.42285,0.85236394,0.81410015,0.0,0.27255565,2018-12-04 14:00:00,5.0,5.150354e-06,5.50774e-06,0.0,5.150354e-06
267.57202,0.8906322,0.7376972,0.0,0.6808759,2018-12-04 15:00:00,5.0,7.0577025e-06,7.5772386e-06,0.0,7.2486946e-06
267.79492,0.955772,0.7510221,0.0,0.7987069,2018-12-04 16:00:00,5.0,9.59442e-06,9.470241e-06,0.0,9.59442e-06
267.9209,0.98655856,0.9255254,0.0,0.89046824,2018-12-04 17:00:00,5.0,3.3065808e-05,3.2937387e-05,0.0,3.285623e-05
267.95435,0.9970973,0.97314435,0.0,0.90029955,2018-12-04 18:00:00,5.0,2.6950904e-05,2.7005779e-05,0.0,2.6950904e-05
267.76782,1.0,0.9989426,0.0,0.8619184,2018-12-04 19:00:00,5.0,2.2549793e-05,2.222549e-05,0.0,2.2340217e-05
267.76392,1.0,0.9902407,0.0,0.84012043,2018-12-04 20:00:00,5.0,1.1829942e-05,1.1875287e-05,0.0,1.1829942e-05
267.82275,0.9989426,0.9949765,0.0,0.7887331,2018-12-04 21:00:00,5.0,1.0036673e-05,1.0086744e-05,0.0,1.0036673e-05
267.54614,0.99657166,0.9826034,0.0,0.7495996,2018-12-04 22:00:00,5.0,1.2649019e-05,1.240347e-05,0.0,1.2649019e-05
267.49805,1.0,1.0,0.0,0.8292521,2018-12-04 23:00:00,5.0,9.918084e-06,9.9707995e-06,0.0,9.8995e-06
267.40503,0.99336845,0.9395603,0.0,0.8163425,2018-12-05 00:00:00,5.0,6.7128876e-06,6.2886866e-06,0.0,6.3315465e-06
267.3562,1.0,0.9349681,0.0,0.91961557,2018-12-05 01:00:00,5.0,4.7683707e-06,4.5533434e-06,0.0,4.8824513e-06
267.23657,0.9901713,0.94883245,0.0,0.8824786,2018-12-05 02:00:00,5.0,4.806181e-06,5.0777653e-06,0.0,5.187522e-06
267.27612,1.0,0.9473994,0.0,0.8775699,2018-12-05 03:00:00,5.0,3.6993251e-06,3.8329554e-06,0.0,3.9665865e-06
267.52173,1.0,0.99029076,0.0,0.80835307,2018-12-05 04:00:00,5.0,4.0428567e-06,3.8521857e-06,0.0,3.7755945e-06
267.4275,0.99675006,0.9913792,0.0032499009,0.5088139,2018-12-05 05:00:00,5.0,4.424839e-06,4.5153683e-06,0.0,4.424839e-06
267.0979,0.9912679,0.9810222,0.010835916,0.28897315,2018-12-05 06:00:00,5.0,3.8903163e-06,4.10999e-06,0.0,3.8903163e-06
267.2307,0.8646078,0.838659,0.039050676,0.06114455,2018-12-05 07:00:00,5.0,1.372825e-06,1.72821e-06,0.0,1.7355824e-06
266.98267,0.6991889,0.69335616,0.03424248,0.0,2018-12-05 08:00:00,5.0,1.5445912e-06,1.43956e-06,0.0,1.5445912e-06
266.77246,0.40665424,0.40665424,0.008357041,0.0,2018-12-05 09:00:00,5.0,4.191511e-07,8.794866e-07,0.0,1.067754e-06
268.61865,0.87367,0.87204504,0.020970412,0.0,2018-12-05 10:00:00,5.0,1.4881971e-06,1.5478026e-06,0.0,1.6599633e-06
268.85718,0.9949934,0.9949934,0.06603038,0.0,2018-12-05 11:00:00,5.0,1.7185375e-05,1.7111757e-05,1.2026767e-06,1.6002246e-05
268.85962,0.98963964,0.98963964,0.0124641955,0.0,2018-12-05 12:00:00,5.0,3.422711e-05,3.408194e-05,7.159594e-06,2.713481e-05
269.0022,0.9121792,0.9121792,0.0057492107,0.0,2018-12-05 13:00:00,5.0,2.67945e-05,2.6894471e-05,6.512595e-06,2.0405263e-05
269.2766,0.7881486,0.7389215,0.18916917,0.0,2018-12-05 14:00:00,5.0,1.5674057e-05,1.5666927e-05,1.9099144e-07,1.5483063e-05
269.698,0.74199235,0.5101513,0.314772,0.36012375,2018-12-05 15:00:00,5.0,4.36522e-06,4.596589e-06,0.0,4.36522e-06
269.98804,0.67610544,0.39379674,0.12522739,0.51259625,2018-12-05 16:00:00,5.0,1.2004175e-06,1.0530102e-06,0.0,1.2004175e-06
270.5205,0.5213701,0.48689467,0.0,0.047649737,2018-12-05 17:00:00,5.0,1.0863378e-06,1.0626254e-06,0.0,1.0863378e-06
270.61914,0.90959495,0.86299175,0.28495687,0.20002717,2018-12-05 18:00:00,5.0,3.4891073e-06,3.5916537e-06,0.0,3.4891073e-06
270.81665,1.0,0.9726495,0.984817,0.0427288,2018-12-05 19:00:00,5.0,4.0056884e-06,3.9623446e-06,0.0,4.0056884e-06
271.15918,0.996307,0.8938571,0.97873324,0.24789649,2018-12-05 20:00:00,5.0,4.6539077e-05,4.6386296e-05,0.0,4.6539077e-05
271.32397,0.99130046,0.69956344,0.9844547,0.0037098185,2018-12-05 21:00:00,5.0,7.5797885e-05,7.570951e-05,0.0,7.5797885e-05
270.24194,0.97336173,0.80326784,0.94473284,0.0010573287,2018-12-05 22:00:00,5.0,5.8629143e-05,5.862402e-05,0.0,5.874323e-05
270.1709,0.980401,0.9243534,0.84446824,0.0,2018-12-05 23:00:00,5.0,3.944157e-05,3.944141e-05,0.0,3.955564e-05
269.84082,0.9153539,0.8941108,0.4072367,0.0,2018-12-06 00:00:00,5.0,3.6503625e-05,3.6644386e-05,0.0,3.6503625e-05
269.98242,0.8091995,0.8062969,0.06986934,0.0,2018-12-06 01:00:00,5.0,2.2351698e-05,2.2354012e-05,0.0,2.2351698e-05
269.44434,0.95910084,0.95910084,0.00053172023,0.0,2018-12-06 02:00:00,5.0,9.878964e-06,1.0274403e-05,0.0,1.0260305e-05
268.8401,0.9920547,0.9920547,0.0,0.0,2018-12-06 03:00:00,5.0,4.882442e-06,4.6201494e-06,0.0,4.882442e-06
268.2893,0.9849702,0.9849702,0.0,0.0,2018-12-06 04:00:00,5.0,1.3734661e-06,1.4447678e-06,0.0,1.6593121e-06
267.67236,0.4653918,0.4653918,0.0,0.0,2018-12-06 05:00:00,5.0,9.549569e-08,2.0509106e-07,0.0,9.549569e-08
266.75635,0.3018707,0.3018707,0.0,0.0,2018-12-06 06:00:00,5.0,0.0,1.1936965e-08,0.0,0.0
266.3181,0.45880646,0.45880646,0.0,0.0,2018-12-06 07:00:00,5.0,3.813414e-07,2.4306456e-07,0.0,1.14079796e-07
266.05737,0.79921126,0.79921126,0.0,0.0,2018-12-06 08:00:00,5.0,2.2815959e-07,1.9771988e-07,0.0,3.813414e-07
264.6648,0.81867224,0.81867224,0.0,0.0,2018-12-06 09:00:00,5.0,1.14079796e-07,2.4306456e-07,0.0,1.14079796e-07
264.63843,0.9453078,0.94320387,0.046894602,0.0,2018-12-06 10:00:00,5.0,1.14079796e-07,3.4312615e-07,0.0,1.14079796e-07
264.91016,0.94142306,0.8265863,0.5805991,0.0,2018-12-06 11:00:00,5.0,1.067754e-06,7.554709e-07,0.0,1.067754e-06
265.11646,0.8230697,0.79015326,0.21018696,0.0,2018-12-06 12:00:00,5.0,1.5631749e-06,1.6468948e-06,0.0,1.658671e-06
265.27417,0.97603405,0.97603405,0.0,0.0,2018-12-06 13:00:00,5.0,3.0891824e-06,2.7434098e-06,0.0,2.8219201e-06
265.4414,0.99258035,0.99258035,0.0,0.0,2018-12-06 14:00:00,5.0,3.508333e-06,3.3656534e-06,0.0,3.2987573e-06
265.76,0.994415,0.994415,0.0,0.0,2018-12-06 15:00:00,5.0,3.2801736e-06,3.1558347e-06,0.0,3.0129122e-06
265.677,0.9779344,0.9779344,0.0,0.0,2018-12-06 16:00:00,5.0,3.508333e-06,3.3319238e-06,0.0,3.508333e-06
265.6792,0.98683417,0.98683417,0.0,0.0,2018-12-06 17:00:00,5.0,5.341346e-06,5.507819e-06,0.0,5.341346e-06
265.50342,0.96168196,0.96168196,0.0,0.0,2018-12-06 18:00:00,5.0,2.5174904e-06,2.3649554e-06,0.0,2.3079156e-06
265.58423,0.9575543,0.9575543,0.0,0.0,2018-12-06 19:00:00,5.0,4.1768035e-06,4.276945e-06,0.0,4.2722995e-06
265.7107,0.91829824,0.91829824,0.0,0.0,2018-12-06 20:00:00,5.0,3.7377758e-06,3.6759293e-06,0.0,3.5282e-06
265.72925,0.965397,0.965397,0.0,0.0,2018-12-06 21:00:00,5.0,3.0135534e-06,2.8893755e-06,0.0,3.0135534e-06
264.62427,0.92640764,0.92640764,0.0,0.0,2018-12-06 22:00:00,5.0,1.678538e-06,1.785811e-06,0.0,1.8503033e-06
264.36108,0.7760448,0.7760448,0.0,0.0,2018-12-06 23:00:00,5.0,1.6778959e-06,1.7378225e-06,0.0,1.6593121e-06
262.82715,0.5941299,0.5941299,0.0,0.0,2018-12-07 00:00:00,5.0,9.914838e-07,1.0012591e-06,0.0,8.774042e-07
261.6194,0.4017567,0.4017567,0.0,0.0,2018-12-07 01:00:00,0.0,2.0957555e-07,1.7640957e-07,0.0,9.549569e-08
260.64087,0.094323695,0.094323695,0.0,0.0,2018-12-07 02:00:00,0.0,0.0,1.1936965e-08,0.0,0.0
258.58203,0.023195826,0.023195826,0.0,0.0,2018-12-07 03:00:00,0.0,0.0,0.0,0.0,0.0
257.8557,0.0029026829,0.0029026829,0.0,0.0,2018-12-07 04:00:00,0.0,0.0,0.0,0.0,0.0
257.323,0.019988392,0.0,0.0,0.019988392,2018-12-07 05:00:00,0.0,0.0,0.0,0.0,0.0
256.51807,0.24573761,0.0,0.026265707,0.24573761,2018-12-07 06:00:00,0.0,0.0,0.0,0.0,0.0
256.2981,0.7045244,0.0,0.5508007,0.6589696,2018-12-07 07:00:00,0.0,0.0,0.0,0.0,0.0
254.60493,0.9109282,0.004207764,0.8898757,0.82655793,2018-12-07 08:00:00,0.0,0.0,0.0,0.0,0.0
253.58266,0.9393551,0.010535371,0.93773013,0.47353274,2018-12-07 09:00:00,0.0,0.0,0.0,0.0,0.0
258.7832,0.30142868,0.071997166,0.25633037,0.0010573287,2018-12-07 10:00:00,5.0,0.0,0.0,0.0,0.0
258.54883,0.43995076,0.38212824,0.016768094,0.13383919,2018-12-07 11:00:00,5.0,0.0,9.533534e-08,0.0,0.0
258.77954,0.7289273,0.69946086,0.105668485,0.14012015,2018-12-07 12:00:00,5.0,1.7740431e-06,1.6833537e-06,0.0,1.7740431e-06
259.6836,0.80274725,0.7823912,0.35451335,0.06550264,2018-12-07 13:00:00,5.0,7.1326895e-06,7.080296e-06,0.0,7.1326895e-06
260.65942,0.9117556,0.8620487,0.39056098,0.023349535,2018-12-07 14:00:00,5.0,1.0278266e-05,1.0225872e-05,0.0,1.0278266e-05
262.1306,0.73141414,0.66417533,0.2910781,0.0,2018-12-07 15:00:00,5.0,8.960542e-06,9.022711e-06,0.0,9.323299e-06
263.16016,0.7129682,0.6535527,0.28022373,0.0,2018-12-07 16:00:00,5.0,5.718178e-06,5.770572e-06,0.0,5.718178e-06
264.333,0.43383908,0.42404974,0.029366449,0.0,2018-12-07 17:00:00,5.0,1.4099933e-06,1.6820613e-06,0.0,1.8868304e-06
265.27734,0.11951941,0.11951941,0.0,0.0,2018-12-07 18:00:00,0.0,0.0,2.0012311e-07,0.0,2.0957555e-07
266.04468,0.0023709626,0.0023709626,0.0,0.0,2018-12-07 19:00:00,0.0,0.0,7.626778e-08,0.0,0.0
266.52417,0.0,0.0,0.0,0.0,2018-12-07 20:00:00,0.0,0.0,0.0,0.0,0.0
267.10522,0.0010573287,0.0010573287,0.0,0.0,2018-12-07 21:00:00,0.0,0.0,0.0,0.0,0.0
265.74072,0.01173529,0.01173529,0.0,0.0,2018-12-07 22:00:00,0.0,0.0,0.0,0.0,0.0
265.3379,0.02323829,0.02323829,0.0,0.0,2018-12-07 23:00:00,0.0,0.0,0.0,0.0,0.0
264.5337,0.07704443,0.07704443,0.0,0.0,2018-12-08 00:00:00,0.0,0.0,0.0,0.0,0.0
263.7046,0.09541035,0.09541035,0.0,0.0,2018-12-08 01:00:00,0.0,0.0,0.0,0.0,0.0
263.08765,0.016078457,0.016078457,0.0,0.0,2018-12-08 02:00:00,0.0,0.0,0.0,0.0,0.0
261.38403,0.0,0.0,0.0,0.0,2018-12-08 03:00:00,0.0,0.0,0.0,0.0,0.0
260.06226,0.0,0.0,0.0,0.0,2018-12-08 04:00:00,0.0,0.0,1.1936965e-08,0.0,0.0
259.51685,0.04026631,0.04026631,0.0,0.0,2018-12-08 05:00:00,0.0,0.0,2.6196943e-08,0.0,0.0
258.4536,0.28258318,0.28258318,0.0,0.0,2018-12-08 06:00:00,0.0,0.0,2.6196943e-08,0.0,0.0
256.04785,0.808813,0.808813,0.0,0.0,2018-12-08 07:00:00,5.0,0.0,4.5344667e-08,0.0,0.0
255.61424,0.75224036,0.75224036,0.0,0.0,2018-12-08 08:00:00,5.0,0.0,2.1454463e-07,0.0,0.0
255.35641,0.9047664,0.9047664,0.0,0.0,2018-12-08 09:00:00,5.0,1.9099144e-07,4.052955e-07,0.0,4.7683716e-07
258.30127,0.6511613,0.6511613,0.0,0.0,2018-12-08 10:00:00,5.0,7.626828e-07,5.4829854e-07,0.0,7.626828e-07
258.5498,0.7233708,0.7233708,0.0,0.0,2018-12-08 11:00:00,5.0,1.7548082e-06,1.9688696e-06,0.0,1.7548082e-06
258.55054,0.8293771,0.8293771,0.0,0.0,2018-12-08 12:00:00,5.0,1.1818338e-06,1.2633936e-06,0.0,1.2395194e-06
259.2129,0.8052243,0.8052243,0.0,0.0,2018-12-08 13:00:00,5.0,1.7163566e-06,1.6641234e-06,0.0,1.6022768e-06
260.28198,0.9476614,0.9476614,0.0,0.0,2018-12-08 14:00:00,5.0,2.4418714e-06,2.379379e-06,0.0,2.079114e-06
261.59326,0.93595546,0.93595546,0.0,0.0,2018-12-08 15:00:00,5.0,2.861023e-06,2.9086095e-06,0.0,2.861023e-06
262.87622,0.98887664,0.98887664,0.0,0.0,2018-12-08 16:00:00,5.0,4.999115e-06,4.4886283e-06,0.0,4.999115e-06
265.45215,1.0,1.0,0.0,0.0,2018-12-08 17:00:00,5.0,4.0454406e-06,4.0597024e-06,0.0,4.0454406e-06
266.6338,1.0,1.0,0.0,0.0,2018-12-08 18:00:00,5.0,9.536743e-07,1.2065138e-06,0.0,9.536743e-07
267.20605,1.0,1.0,0.0,0.007457666,2018-12-08 19:00:00,5.0,1.0491694e-06,8.34465e-07,0.0,9.536743e-07
267.8545,1.0,1.0,0.0,0.0016249504,2018-12-08 20:00:00,5.0,5.7233285e-07,5.914004e-07,0.0,5.7233285e-07
268.65747,1.0,1.0,0.0,0.0,2018-12-08 21:00:00,5.0,1.0491694e-06,7.8687754e-07,0.0,1.0491694e-06
269.02563,1.0,0.9957922,0.0,0.65494186,2018-12-08 22:00:00,5.0,2.2124195e-06,2.4030905e-06,0.0,2.2124195e-06
269.3208,1.0,0.9462771,0.0,0.99627113,2018-12-08 23:00:00,5.0,6.369356e-06,6.3791313e-06,0.0,6.369356e-06
269.3811,0.9878863,0.805672,0.0,0.9564796,2018-12-09 00:00:00,5.0,5.3201866e-06,5.3772264e-06,0.0,5.3201866e-06
269.33716,0.99371904,0.70500255,0.0,0.9591987,2018-12-09 01:00:00,5.0,2.6123453e-06,2.5118798e-06,0.0,2.6123453e-06
268.73047,0.96789396,0.38499314,0.0,0.94447386,2018-12-09 02:00:00,5.0,1.6022768e-06,1.6976119e-06,0.0,1.6022768e-06
267.4441,0.95209074,0.16853112,0.0,0.93583053,2018-12-09 03:00:00,5.0,2.0957555e-07,2.669385e-07,0.0,2.0957555e-07
266.98877,0.9500481,0.03245321,0.0,0.9500481,2018-12-09 04:00:00,5.0,0.0,1.1920929e-07,0.0,0.0
266.42163,0.9565909,0.029998776,0.0,0.9565909,2018-12-09 05:00:00,0.0,0.0,5.239389e-08,0.0,0.0
265.41846,0.8985596,0.0,0.0,0.8985596,2018-12-09 06:00:00,0.0,0.0,0.0,0.0,0.0
264.98975,0.5158558,0.0,0.0,0.5158558,2018-12-09 07:00:00,0.0,0.0,0.0,0.0,0.0
264.38647,0.16514415,0.0,0.0,0.16514415,2018-12-09 08:00:00,0.0,0.0,0.0,0.0,0.0
262.3391,0.0,0.0,0.0,0.0,2018-12-09 09:00:00,0.0,0.0,0.0,0.0,0.0
262.9729,0.0,0.0,0.0,0.0,2018-12-09 10:00:00,0.0,0.0,0.0,0.0,0.0
263.12573,0.0,0.0,0.0,0.0,2018-12-09 11:00:00,0.0,0.0,0.0,0.0,0.0
263.20996,0.0,0.0,0.0,0.0,2018-12-09 12:00:00,0.0,0.0,0.0,0.0,0.0
262.33716,0.0,0.0,0.0,0.0,2018-12-09 13:00:00,0.0,0.0,0.0,0.0,0.0
262.0901,0.00053172023,0.0,0.0,0.00053172023,2018-12-09 14:00:00,0.0,0.0,0.0,0.0,0.0
262.57666,0.0,0.0,0.0,0.0,2018-12-09 15:00:00,0.0,0.0,0.0,0.0,0.0
266.23022,0.00053172023,0.0,0.0,0.00053172023,2018-12-09 16:00:00,0.0,0.0,0.0,0.0,0.0
267.9038,0.0,0.0,0.0,0.0,2018-12-09 17:00:00,0.0,0.0,0.0,0.0,0.0
268.7483,0.0,0.0,0.0,0.0,2018-12-09 18:00:00,0.0,0.0,0.0,0.0,0.0
269.2229,0.0,0.0,0.0,0.0,2018-12-09 19:00:00,0.0,0.0,0.0,0.0,0.0
269.67358,0.0,0.0,0.0,0.0,2018-12-09 20:00:00,0.0,0.0,0.0,0.0,0.0
269.86523,0.0,0.0,0.0,0.0,2018-12-09 21:00:00,0.0,0.0,0.0,0.0,0.0
267.96118,0.004474845,0.004474845,0.0,0.0,2018-12-09 22:00:00,0.0,0.0,0.0,0.0,0.0
267.11597,0.0037288337,0.0037288337,0.0,0.0,2018-12-09 23:00:00,0.0,0.0,0.0,0.0,0.0
266.80762,0.036821928,0.036821928,0.0,0.0,2018-12-10 00:00:00,0.0,0.0,0.0,0.0,0.0
265.80542,0.009046715,0.009046715,0.0,0.0,2018-12-10 01:00:00,0.0,0.0,0.0,0.0,0.0
264.34595,0.004207764,0.004207764,0.0,0.0,2018-12-10 02:00:00,0.0,0.0,0.0,0.0,0.0
262.9817,0.004741922,0.004741922,0.0,0.0,2018-12-10 03:00:00,0.0,0.0,0.0,0.0,0.0
262.14648,0.0010573287,0.0010573287,0.0,0.0,2018-12-10 04:00:00,0.0,0.0,0.0,0.0,0.0
261.58008,0.0010573287,0.0010573287,0.0,0.0,2018-12-10 05:00:00,0.0,0.0,0.0,0.0,0.0
260.43286,0.004235424,0.004235424,0.0,0.0,2018-12-10 06:00:00,0.0,0.0,0.0,0.0,0.0
260.80566,0.0068879165,0.0068879165,0.0,0.0,2018-12-10 07:00:00,0.0,0.0,1.1936965e-08,0.0,0.0
260.72095,0.021083377,0.021083377,0.0,0.0,2018-12-10 08:00:00,0.0,0.0,2.6196943e-08,0.0,0.0
259.6577,0.13043642,0.13043642,0.0,0.0,2018-12-10 09:00:00,0.0,0.0,5.9604645e-08,0.0,0.0
262.11865,0.98948056,0.98948056,0.0,0.0,2018-12-10 10:00:00,5.0,0.0,8.580156e-08,0.0,0.0
262.74146,1.0,1.0,0.0,0.00998199,2018-12-10 11:00:00,5.0,9.549569e-08,1.5502019e-07,0.0,9.549569e-08
263.46362,1.0,1.0,0.0,0.02824149,2018-12-10 12:00:00,5.0,0.0,2.9553865e-07,0.0,2.0957555e-07
264.26367,1.0,1.0,0.0,0.2621923,2018-12-10 13:00:00,5.0,1.9099144e-07,3.3864052e-07,0.0,1.9099144e-07
264.9231,0.9862307,0.96526027,0.0,0.6093808,2018-12-10 14:00:00,5.0,2.864872e-07,5.3916574e-07,0.0,3.8198294e-07
266.5957,1.0,1.0,0.0,0.9485748,2018-12-10 15:00:00,5.0,6.678286e-07,5.8435e-07,0.0,5.7233285e-07
267.09937,1.0,1.0,0.0,0.9556414,2018-12-10 16:00:00,5.0,5.537488e-07,5.7721945e-07,0.0,5.537488e-07
267.9048,0.99348307,0.9788243,0.0,0.6885416,2018-12-10 17:00:00,5.0,6.864127e-07,6.0309566e-07,0.0,6.864127e-07
268.3506,0.7177446,0.6467855,0.0,0.32667983,2018-12-10 18:00:00,0.0,9.549569e-08,1.4308318e-07,0.0,9.549569e-08
268.6145,0.24016917,0.23779815,0.0,0.0029026829,2018-12-10 19:00:00,5.0,5.7233285e-07,4.9606507e-07,0.0,5.7233285e-07
269.20166,0.11361909,0.11361909,0.0,0.0,2018-12-10 20:00:00,0.0,0.0,1.6695714e-07,0.0,0.0
269.45142,0.077016175,0.077016175,0.0,0.0,2018-12-10 21:00:00,0.0,0.0,0.0,0.0,0.0
267.98096,0.10932362,0.10932362,0.0,0.0,2018-12-10 22:00:00,5.0,0.0,0.0,0.0,0.0
266.91284,0.09547788,0.08179724,0.0,0.014212348,2018-12-10 23:00:00,0.0,0.0,0.0,0.0,0.0
266.20386,0.018612124,0.018612124,0.0,0.0,2018-12-11 00:00:00,5.0,0.0,0.0,0.0,0.0
265.95093,0.0026356035,0.00053172023,0.0,0.002103883,2018-12-11 01:00:00,5.0,0.0,2.3873934e-08,0.0,0.0
265.47144,0.0,0.0,0.0,0.0,2018-12-11 02:00:00,0.0,0.0,0.0,0.0,0.0
264.3938,0.0,0.0,0.0,0.0,2018-12-11 03:00:00,0.0,0.0,0.0,0.0,0.0
264.37183,0.0,0.0,0.0,0.0,2018-12-11 04:00:00,0.0,0.0,0.0,0.0,0.0
264.06665,0.0,0.0,0.0,0.0,2018-12-11 05:00:00,0.0,0.0,0.0,0.0,0.0
263.09766,0.0,0.0,0.0,0.0,2018-12-11 06:00:00,0.0,0.0,0.0,0.0,0.0
261.7085,0.002103883,0.0,0.0,0.002103883,2018-12-11 07:00:00,0.0,0.0,0.0,0.0,0.0
261.17017,0.00053172023,0.0,0.0,0.00053172023,2018-12-11 08:00:00,0.0,0.0,0.0,0.0,0.0
260.52734,0.016739111,0.0,0.0,0.016739111,2018-12-11 09:00:00,0.0,0.0,0.0,0.0,0.0
260.44653,0.2176612,0.16626668,0.0,0.06442827,2018-12-11 10:00:00,0.0,0.0,0.0,0.0,0.0
260.08813,0.42055255,0.21176136,0.019015614,0.25176835,2018-12-11 11:00:00,5.0,0.0,0.0,0.0,0.0
259.6582,0.6740372,0.2898236,0.0,0.54107356,2018-12-11 12:00:00,5.0,0.0,0.0,0.0,0.0
259.23047,0.9936714,0.53860474,0.004207764,0.9854506,2018-12-11 13:00:00,5.0,0.0,9.533534e-08,0.0,0.0
258.61108,0.9815074,0.86513734,0.11076689,0.9044373,2018-12-11 14:00:00,5.0,0.0,1.4772922e-07,0.0,0.0
259.79248,0.993112,0.9470235,0.06220942,0.92129254,2018-12-11 15:00:00,5.0,0.0,2.4306456e-07,0.0,3.813414e-07
263.2444,0.9973536,0.9470235,0.0033782488,0.95006496,2018-12-11 16:00:00,5.0,0.0,2.1454463e-07,0.0,3.813414e-07
265.42676,0.98919415,0.54884106,0.0,0.97745883,2018-12-11 17:00:00,5.0,0.0,9.533534e-08,0.0,0.0
267.34058,0.9915685,0.034424666,0.23115414,0.9894646,2018-12-11 18:00:00,0.0,0.0,0.0,0.0,0.0
268.26978,0.98999023,0.0,0.77477336,0.98999023,2018-12-11 19:00:00,0.0,0.0,0.0,0.0,0.0
269.1355,1.0,0.0,0.9249753,1.0,2018-12-11 20:00:00,0.0,0.0,0.0,0.0,0.0
269.8828,1.0,0.0,0.9473597,1.0,2018-12-11 21:00:00,0.0,0.0,0.0,0.0,0.0
269.42798,1.0,0.0,0.9750044,0.998375,2018-12-11 22:00:00,0.0,0.0,0.0,0.0,0.0
269.36475,1.0,0.0,0.998375,0.9942508,2018-12-11 23:00:00,0.0,0.0,0.0,0.0,0.0
269.17944,1.0,0.0,0.97484034,0.99946827,2018-12-12 00:00:00,0.0,0.0,0.0,0.0,0.0
268.99146,1.0,0.0,0.9878363,1.0,2018-12-12 01:00:00,0.0,0.0,0.0,0.0,0.0
268.82837,1.0,0.0,0.9490963,1.0,2018-12-12 02:00:00,0.0,0.0,0.0,0.0,0.0
268.62085,0.99683875,0.0,0.9332787,0.9947349,2018-12-12 03:00:00,0.0,0.00012754183,0.00011751958,0.00012749409,0.0
268.41675,0.926751,0.06001625,0.6669694,0.88489753,2018-12-12 04:00:00,0.0,0.0,0.0,0.0,0.0
268.51782,0.9700271,0.11910725,0.602051,0.9515606,2018-12-12 05:00:00,5.0,3.3380653e-05,3.2005744e-05,3.3457254e-05,0.0
268.50195,1.0,0.16303384,0.92560947,1.0,2018-12-12 06:00:00,5.0,0.00011797616,0.000117140255,0.00011821458,0.0
268.69482,0.99627113,0.37723047,0.97663516,0.99310994,2018-12-12 07:00:00,5.0,0.0,0.0,0.0,0.0
268.9519,0.9896755,0.71433836,0.95366806,0.8946098,2018-12-12 08:00:00,5.0,2.6726156e-07,1.932354e-07,0.0,2.6726156e-07
269.41626,0.9957922,0.9389487,0.93950933,0.5208553,2018-12-12 09:00:00,5.0,1.4881971e-06,1.7456832e-06,0.0,1.8695382e-06
269.36865,0.996786,0.996786,0.23180622,0.16430867,2018-12-12 10:00:00,5.0,5.837417e-06,5.753939e-06,0.0,5.837417e-06
269.55713,1.0,1.0,0.20385927,0.05538984,2018-12-12 11:00:00,5.0,1.6003527e-05,1.6134349e-05,0.0,1.602211e-05
269.71948,1.0,1.0,0.27291662,0.018457577,2018-12-12 12:00:00,5.0,3.5985126e-05,3.604233e-05,0.0,3.6194702e-05
269.60132,1.0,1.0,0.27090186,0.0033782488,2018-12-12 13:00:00,5.0,4.581854e-05,4.58376e-05,0.0,4.581854e-05
269.74878,0.98009443,0.9777235,0.28774565,0.0,2018-12-12 14:00:00,5.0,3.1499992e-05,3.1495016e-05,0.0,3.132822e-05
270.16504,0.81026614,0.81026614,0.02053092,0.0,2018-12-12 15:00:00,5.0,1.2777797e-05,1.2801671e-05,0.0,1.2777797e-05
270.1975,0.7908189,0.7908189,0.023932442,0.0,2018-12-12 16:00:00,5.0,2.4226365e-06,2.7227416e-06,0.0,2.5367162e-06
270.49976,0.79938024,0.79938024,0.04513594,0.0,2018-12-12 17:00:00,5.0,9.549569e-08,2.9081247e-07,0.0,2.0957555e-07
270.81543,0.7589107,0.7589107,0.012197118,0.0,2018-12-12 18:00:00,5.0,0.0,0.0,0.0,0.0
270.95508,1.0,1.0,0.0,0.0,2018-12-12 19:00:00,5.0,0.0,1.6695714e-07,0.0,9.549569e-08
271.20142,0.9909002,0.9909002,0.0,0.0,2018-12-12 20:00:00,5.0,0.0,4.7747868e-08,0.0,0.0
271.5266,0.9435201,0.9435201,0.0,0.0,2018-12-12 21:00:00,5.0,0.0,0.0,0.0,0.0
271.29858,1.0,1.0,0.0,0.30876422,2018-12-12 22:00:00,5.0,0.0,0.0,0.0,0.0
271.0244,0.9978433,0.9411474,0.0,0.8454714,2018-12-12 23:00:00,5.0,0.0,1.1920929e-07,0.0,0.0
271.08765,0.9957394,0.91308844,0.0,0.94131,2018-12-13 00:00:00,5.0,9.549569e-08,1.6695714e-07,0.0,9.549569e-08
271.02954,0.9957394,0.8978909,0.0,0.9705329,2018-12-13 01:00:00,5.0,3.050713e-07,4.62576e-07,0.0,3.050713e-07
270.88428,0.9957922,0.89093363,0.0,0.9762821,2018-12-13 02:00:00,5.0,3.050713e-07,5.196159e-07,0.0,4.191511e-07
270.43042,0.94086295,0.8821102,0.025359903,0.65204847,2018-12-13 03:00:00,5.0,5.9091695e-07,6.386648e-07,0.0,6.864127e-07
269.9214,0.95720935,0.90304387,0.11384177,0.4405666,2018-12-13 04:00:00,5.0,0.0,2.6229247e-07,0.0,9.549569e-08
269.70972,0.9576166,0.85881805,0.10418081,0.577923,2018-12-13 05:00:00,5.0,3.627573e-07,2.0989859e-07,0.0,3.627573e-07
268.67285,0.88236874,0.84170187,0.0,0.363975,2018-12-13 06:00:00,5.0,2.0957555e-07,3.8150176e-07,0.0,2.0957555e-07
268.45264,0.92857957,0.89725363,0.0,0.5400133,2018-12-13 07:00:00,5.0,9.536743e-07,8.17882e-07,0.0,8.3959446e-07
268.29834,0.97947925,0.9014106,0.0,0.6350756,2018-12-13 08:00:00,5.0,9.536743e-07,9.251543e-07,0.0,9.536743e-07
267.34985,0.8917774,0.86456275,0.0016249504,0.1991722,2018-12-13 09:00:00,5.0,9.536743e-07,1.0491694e-06,0.0,1.0491694e-06
268.52246,0.94887584,0.9454414,0.0,0.010858607,2018-12-13 10:00:00,5.0,1.2209357e-06,1.1110178e-06,0.0,1.2209357e-06
268.38647,0.92828584,0.9277541,0.043499246,0.0063309744,2018-12-13 11:00:00,5.0,1.4881971e-06,1.4740172e-06,0.0,1.4881971e-06
268.27026,0.8927946,0.86824673,0.3751793,0.016394548,2018-12-13 12:00:00,5.0,1.2209357e-06,1.2017072e-06,0.0,1.2209357e-06
268.18335,0.96995836,0.813909,0.6293736,0.58928466,2018-12-13 13:00:00,5.0,1.7740431e-06,1.7431994e-06,0.0,1.6599633e-06
268.2561,0.9454731,0.81945217,0.33444065,0.49916297,2018-12-13 14:00:00,5.0,1.7535249e-06,1.9919435e-06,0.0,2.230362e-06
268.72363,0.9443795,0.784921,0.1334433,0.68086296,2018-12-13 15:00:00,5.0,7.626828e-07,5.052769e-07,0.0,3.813414e-07
269.20972,0.8815813,0.85152525,0.41879243,0.2479409,2018-12-13 16:00:00,5.0,7.626828e-07,6.8865666e-07,0.0,7.626828e-07
270.08984,0.9905161,0.9063385,0.838402,0.56893814,2018-12-13 17:00:00,5.0,3.813414e-07,4.052153e-07,0.0,3.813414e-07
270.62598,1.0,0.8406647,0.8936637,0.98264384,2018-12-13 18:00:00,5.0,2.6726156e-07,6.6815346e-08,0.0,0.0
270.89014,0.99675006,0.83159095,0.19507498,0.9740264,2018-12-13 19:00:00,5.0,1.944516e-06,1.9688741e-06,0.0,2.1931937e-06
271.30103,0.9629628,0.73975617,0.3196867,0.8763832,2018-12-13 20:00:00,5.0,0.0,1.4772922e-07,0.0,0.0
271.60376,0.97266513,0.73089904,0.83815354,0.8527018,2018-12-13 21:00:00,5.0,1.372825e-06,1.5828864e-06,0.0,1.372825e-06
271.6211,0.9314426,0.7982322,0.76804686,0.30095094,2018-12-13 22:00:00,5.0,5.7207444e-06,5.916221e-06,0.0,5.7207444e-06
271.2981,0.6533952,0.35863215,0.0,0.4703219,2018-12-13 23:00:00,0.0,2.2124104e-06,2.4557976e-06,0.0,2.2124104e-06
270.2942,0.54117876,0.06524336,0.0,0.5300806,2018-12-14 00:00:00,0.0,0.0,7.16218e-08,0.0,0.0
268.7412,0.06416196,0.015840046,0.0,0.048854847,2018-12-14 01:00:00,0.0,0.0,0.0,0.0,0.0
267.4607,0.00053172023,0.00053172023,0.0,0.0,2018-12-14 02:00:00,0.0,0.0,0.0,0.0,0.0
265.55054,0.0,0.0,0.0,0.0,2018-12-14 03:00:00,0.0,0.0,0.0,0.0,0.0
264.25708,0.04976831,0.04976831,0.0,0.0,2018-12-14 04:00:00,0.0,0.0,0.0,0.0,0.0
263.28418,0.18485475,0.18485475,0.0,0.0,2018-12-14 05:00:00,0.0,0.0,0.0,0.0,0.0
262.08374,0.7363195,0.7363195,0.0,0.0,2018-12-14 06:00:00,0.0,0.0,0.0,0.0,0.0
262.47534,0.6594878,0.6594878,0.0,0.0,2018-12-14 07:00:00,0.0,0.0,2.3873934e-08,0.0,0.0
265.4973,0.6392909,0.6392909,0.0,0.0,2018-12-14 08:00:00,5.0,0.0,2.3873934e-08,0.0,0.0
266.0962,0.4533065,0.4533065,0.0,0.0,2018-12-14 09:00:00,5.0,0.0,2.3873934e-08,0.0,0.0
267.7129,0.5389706,0.5389706,0.0,0.0,2018-12-14 10:00:00,5.0,0.0,0.0,0.0,0.0
268.3479,0.5951012,0.5951012,0.0,0.0,2018-12-14 11:00:00,5.0,0.0,2.3873934e-08,0.0,0.0
268.46973,0.5247508,0.5247508,0.0,0.0,2018-12-14 12:00:00,5.0,0.0,5.239389e-08,0.0,0.0
268.3601,0.5509742,0.5509742,0.0,0.0,2018-12-14 13:00:00,5.0,0.0,7.626778e-08,0.0,0.0
268.20776,0.5627146,0.5627146,0.0,0.0,2018-12-14 14:00:00,5.0,0.0,5.239389e-08,0.0,0.0
269.2417,0.6040346,0.6040346,0.0,0.0,2018-12-14 15:00:00,5.0,0.0,5.239389e-08,0.0,0.0
270.59155,0.04578459,0.04578459,0.0,0.0,2018-12-14 16:00:00,0.0,7.626828e-07,4.1963682e-07,0.0,3.813414e-07
272.51147,0.0015890491,0.0015890491,0.0,0.0,2018-12-14 17:00:00,0.0,0.0,0.0,0.0,0.0
273.84033,0.0034282913,0.0034282913,0.0,0.0,2018-12-14 18:00:00,0.0,0.0,0.0,0.0,0.0
274.81348,0.0034282913,0.0034282913,0.0,0.0,2018-12-14 19:00:00,0.0,0.0,0.0,0.0,0.0
275.68213,0.0015890491,0.0015890491,0.0,0.0,2018-12-14 20:00:00,0.0,0.0,0.0,0.0,0.0
276.26978,0.005273644,0.005273644,0.0,0.0,2018-12-14 21:00:00,0.0,0.0,0.0,0.0,0.0
274.4817,0.42356253,0.01000702,0.0,0.41855597,2018-12-14 22:00:00,0.0,0.0,0.0,0.0,0.0
273.65625,0.74506664,0.00053172023,0.0,0.74454105,2018-12-14 23:00:00,0.0,0.0,0.0,0.0,0.0
272.29565,0.7199866,0.0010573287,0.0,0.71892315,2018-12-15 00:00:00,0.0,0.0,0.0,0.0,0.0
271.2063,0.87998265,0.008966576,0.0,0.8733931,2018-12-15 01:00:00,0.0,0.0,0.0,0.0,0.0
270.1411,0.687398,0.0,0.0,0.687398,2018-12-15 02:00:00,0.0,0.0,0.0,0.0,0.0
268.52368,0.06575972,0.0,0.0,0.06575972,2018-12-15 03:00:00,0.0,0.0,0.0,0.0,0.0
267.51978,0.012909703,0.0,0.0,0.012909703,2018-12-15 04:00:00,0.0,0.0,0.0,0.0,0.0
267.52734,0.0029026829,0.0,0.0,0.0029026829,2018-12-15 05:00:00,0.0,0.0,0.0,0.0,0.0
266.19482,0.0,0.0,0.0,0.0,2018-12-15 06:00:00,0.0,0.0,0.0,0.0,0.0
265.5476,0.0,0.0,0.0,0.0,2018-12-15 07:00:00,0.0,0.0,0.0,0.0,0.0
265.14502,0.0,0.0,0.0,0.0,2018-12-15 08:00:00,0.0,0.0,0.0,0.0,0.0
263.8694,0.0,0.0,0.0,0.0,2018-12-15 09:00:00,0.0,0.0,0.0,0.0,0.0
263.67285,0.0,0.0,0.0,0.0,2018-12-15 10:00:00,0.0,0.0,0.0,0.0,0.0
264.05493,0.0,0.0,0.0,0.0,2018-12-15 11:00:00,0.0,0.0,0.0,0.0,0.0
264.72485,0.0,0.0,0.0,0.0,2018-12-15 12:00:00,0.0,0.0,0.0,0.0,0.0
265.02124,0.0,0.0,0.0,0.0,2018-12-15 13:00:00,0.0,0.0,0.0,0.0,0.0
265.0515,0.0,0.0,0.0,0.0,2018-12-15 14:00:00,0.0,0.0,0.0,0.0,0.0
267.93066,0.02955908,0.02955908,0.0,0.0,2018-12-15 15:00:00,0.0,0.0,0.0,0.0,0.0
271.09253,0.0,0.0,0.0,0.0,2018-12-15 16:00:00,0.0,0.0,0.0,0.0,0.0
273.97485,0.0,0.0,0.0,0.0,2018-12-15 17:00:00,0.0,0.0,0.0,0.0,0.0
275.85498,0.0,0.0,0.0,0.0,2018-12-15 18:00:00,0.0,0.0,0.0,0.0,0.0
277.5547,0.0,0.0,0.0,0.0,2018-12-15 19:00:00,0.0,0.0,0.0,0.0,0.0
278.02466,0.0,0.0,0.0,0.0,2018-12-15 20:00:00,0.0,0.0,0.0,0.0,0.0
278.48267,0.0,0.0,0.0,0.0,2018-12-15 21:00:00,0.0,0.0,0.0,0.0,0.0
276.90527,0.0,0.0,0.0,0.0,2018-12-15 22:00:00,0.0,0.0,0.0,0.0,0.0
275.6167,0.0,0.0,0.0,0.0,2018-12-15 23:00:00,0.0,0.0,0.0,0.0,0.0
275.36426,0.018661272,0.0,0.0,0.018661272,2018-12-16 00:00:00,0.0,0.0,0.0,0.0,0.0
274.9392,0.18459493,0.0,0.0,0.18459493,2018-12-16 01:00:00,0.0,0.0,0.0,0.0,0.0
274.89404,0.6892632,0.0,0.0,0.6892632,2018-12-16 02:00:00,0.0,0.0,0.0,0.0,0.0
274.79346,0.9189141,0.0,0.229824,0.90771043,2018-12-16 03:00:00,0.0,0.0,0.0,0.0,0.0
275.22632,0.8688926,0.0,0.62915397,0.83700705,2018-12-16 04:00:00,0.0,0.0,0.0,0.0,0.0
275.23828,0.14222705,0.0,0.02323075,0.1417014,2018-12-16 05:00:00,0.0,0.0,0.0,0.0,0.0
273.8723,0.00737416,0.0,0.0,0.00737416,2018-12-16 06:00:00,0.0,0.0,0.0,0.0,0.0
273.19287,0.0135127455,0.0,0.0,0.0135127455,2018-12-16 07:00:00,0.0,0.0,0.0,0.0,0.0
272.7505,0.551298,0.0,0.0,0.551298,2018-12-16 08:00:00,0.0,0.0,0.0,0.0,0.0
271.88086,0.8053112,0.0,0.0,0.8053112,2018-12-16 09:00:00,0.0,0.0,0.0,0.0,0.0
272.0276,0.9623624,0.0,0.0,0.9623624,2018-12-16 10:00:00,0.0,0.0,0.0,0.0,0.0
272.2434,0.96643364,0.0,0.0,0.96643364,2018-12-16 11:00:00,0.0,0.0,0.0,0.0,0.0
272.41333,0.98326087,0.0,0.0,0.98326087,2018-12-16 12:00:00,0.0,0.0,0.0,0.0,0.0
272.64844,0.9711472,0.0,0.0,0.9711472,2018-12-16 13:00:00,0.0,0.0,0.0,0.0,0.0
272.323,0.9707506,0.0,0.0,0.9707506,2018-12-16 14:00:00,0.0,0.0,0.0,0.0,0.0
274.13428,0.87009245,0.0,0.0,0.87009245,2018-12-16 15:00:00,0.0,0.0,0.0,0.0,0.0
275.3938,0.03225982,0.0,0.0,0.03225982,2018-12-16 16:00:00,0.0,0.0,0.0,0.0,0.0
276.97974,0.0,0.0,0.0,0.0,2018-12-16 17:00:00,0.0,0.0,0.0,0.0,0.0
278.34668,0.0,0.0,0.0,0.0,2018-12-16 18:00:00,0.0,0.0,0.0,0.0,0.0
279.02612,0.0,0.0,0.0,0.0,2018-12-16 19:00:00,0.0,0.0,0.0,0.0,0.0
279.31567,0.0,0.0,0.0,0.0,2018-12-16 20:00:00,0.0,0.0,0.0,0.0,0.0
279.3606,0.008141857,0.0,0.0,0.008141857,2018-12-16 21:00:00,0.0,0.0,0.0,0.0,0.0
277.77148,0.0,0.0,0.0,0.0,2018-12-16 22:00:00,0.0,0.0,0.0,0.0,0.0
276.13525,0.058389217,0.0,0.0,0.058389217,2018-12-16 23:00:00,0.0,0.0,0.0,0.0,0.0
275.42188,0.0,0.0,0.0,0.0,2018-12-17 00:00:00,0.0,0.0,0.0,0.0,0.0
274.6477,0.5270036,0.0,0.0,0.5270036,2018-12-17 01:00:00,0.0,0.0,0.0,0.0,0.0
274.1067,0.7427528,0.0,0.0,0.7427528,2018-12-17 02:00:00,0.0,0.0,0.0,0.0,0.0
272.48755,0.79291105,0.0,0.016078457,0.79291105,2018-12-17 03:00:00,0.0,0.0,0.0,0.0,0.0
272.11523,0.95829844,0.0,0.03460433,0.95829844,2018-12-17 04:00:00,0.0,0.0,0.0,0.0,0.0
271.64478,0.97242737,0.0,0.19991803,0.96821964,2018-12-17 05:00:00,0.0,0.0,0.0,0.0,0.0
270.79614,0.5057366,0.0,0.11170006,0.44848162,2018-12-17 06:00:00,0.0,0.0,0.0,0.0,0.0
270.05835,0.11320871,0.0,0.11320871,0.0,2018-12-17 07:00:00,0.0,0.0,0.0,0.0,0.0
269.0747,0.0032499009,0.0,0.0,0.0032499009,2018-12-17 08:00:00,0.0,0.0,0.0,0.0,0.0
268.11572,0.48646903,0.0,0.0,0.48646903,2018-12-17 09:00:00,0.0,0.0,0.0,0.0,0.0
267.27295,0.94040596,0.0,0.0,0.94040596,2018-12-17 10:00:00,0.0,0.0,0.0,0.0,0.0
267.02075,0.6506268,0.0,0.0,0.6506268,2018-12-17 11:00:00,0.0,0.0,0.0,0.0,0.0
266.31274,0.29447025,0.0,0.0,0.29447025,2018-12-17 12:00:00,0.0,0.0,0.0,0.0,0.0
266.4226,0.15043503,0.0,0.0,0.15043503,2018-12-17 13:00:00,0.0,0.0,0.0,0.0,0.0
267.56616,0.01004079,0.0,0.0,0.01004079,2018-12-17 14:00:00,0.0,0.0,0.0,0.0,0.0
269.583,0.0,0.0,0.0,0.0,2018-12-17 15:00:00,0.0,0.0,0.0,0.0,0.0
270.28125,0.0,0.0,0.0,0.0,2018-12-17 16:00:00,0.0,0.0,0.0,0.0,0.0
271.80542,0.0,0.0,0.0,0.0,2018-12-17 17:00:00,0.0,0.0,0.0,0.0,0.0
272.49487,0.0,0.0,0.0,0.0,2018-12-17 18:00:00,0.0,0.0,0.0,0.0,0.0
273.05005,0.0,0.0,0.0,0.0,2018-12-17 19:00:00,0.0,0.0,0.0,0.0,0.0
273.86987,0.0,0.0,0.0,0.0,2018-12-17 20:00:00,0.0,0.0,0.0,0.0,0.0
274.32886,0.0,0.0,0.0,0.0,2018-12-17 21:00:00,0.0,0.0,0.0,0.0,0.0
272.41797,0.0,0.0,0.0,0.0,2018-12-17 22:00:00,0.0,0.0,0.0,0.0,0.0
271.3662,0.0,0.0,0.0,0.0,2018-12-17 23:00:00,0.0,0.0,0.0,0.0,0.0
270.82324,0.0,0.0,0.0,0.0,2018-12-18 00:00:00,0.0,0.0,0.0,0.0,0.0
270.46606,0.0,0.0,0.0,0.0,2018-12-18 01:00:00,0.0,0.0,0.0,0.0,0.0
270.2068,0.0,0.0,0.0,0.0,2018-12-18 02:00:00,0.0,0.0,0.0,0.0,0.0
269.72607,0.0,0.0,0.0,0.0,2018-12-18 03:00:00,0.0,0.0,0.0,0.0,0.0
269.792,0.0,0.0,0.0,0.0,2018-12-18 04:00:00,0.0,0.0,0.0,0.0,0.0
269.5879,0.029454365,0.0,0.0,0.029454365,2018-12-18 05:00:00,0.0,0.0,0.0,0.0,0.0
269.39795,0.5155735,0.0,0.0,0.5155735,2018-12-18 06:00:00,0.0,0.0,0.0,0.0,0.0
269.82764,0.94104314,0.0,0.0,0.94104314,2018-12-18 07:00:00,0.0,0.0,0.0,0.0,0.0
270.1338,0.97000116,0.0,0.0,0.97000116,2018-12-18 08:00:00,0.0,0.0,0.0,0.0,0.0
270.59692,0.9767583,0.0,0.0,0.9767583,2018-12-18 09:00:00,0.0,0.0,0.0,0.0,0.0
271.36084,0.94229555,0.0,0.0,0.94229555,2018-12-18 10:00:00,0.0,0.0,0.0,0.0,0.0
271.46167,0.9297332,0.0,0.0,0.9297332,2018-12-18 11:00:00,0.0,0.0,0.0,0.0,0.0
271.39917,0.7094905,0.0,0.0,0.7094905,2018-12-18 12:00:00,0.0,0.0,0.0,0.0,0.0
271.63354,0.86178213,0.0,0.0,0.86178213,2018-12-18 13:00:00,0.0,0.0,0.0,0.0,0.0
271.8938,0.9055119,0.0,0.0,0.9055119,2018-12-18 14:00:00,0.0,0.0,0.0,0.0,0.0
273.97437,0.942195,0.0,0.0,0.942195,2018-12-18 15:00:00,0.0,0.0,0.0,0.0,0.0
275.40283,0.97568053,0.0,0.0,0.97568053,2018-12-18 16:00:00,0.0,0.0,0.0,0.0,0.0
276.41382,0.8473422,0.0,0.0,0.8473422,2018-12-18 17:00:00,0.0,0.0,0.0,0.0,0.0
277.08398,0.6271288,0.0,0.0,0.6271288,2018-12-18 18:00:00,0.0,0.0,0.0,0.0,0.0
277.5891,0.5594003,0.0,0.0,0.5594003,2018-12-18 19:00:00,0.0,0.0,0.0,0.0,0.0
277.72314,0.8466086,0.0,0.0,0.8466086,2018-12-18 20:00:00,0.0,0.0,0.0,0.0,0.0
277.8562,0.9776375,0.0,0.0,0.9776375,2018-12-18 21:00:00,0.0,0.0,0.0,0.0,0.0
276.8313,0.9605231,0.0,0.0,0.9605231,2018-12-18 22:00:00,0.0,0.0,0.0,0.0,0.0
276.198,0.98999023,0.0,0.0,0.98999023,2018-12-18 23:00:00,0.0,0.0,0.0,0.0,0.0
275.8977,0.98551536,0.0,0.016283713,0.98551536,2018-12-19 00:00:00,0.0,0.0,0.0,0.0,0.0
275.67847,0.9729011,0.0,0.057447776,0.9729011,2018-12-19 01:00:00,0.0,0.0,0.0,0.0,0.0
275.4392,0.9816826,0.0,0.26118535,0.98005766,2018-12-19 02:00:00,0.0,0.0,0.0,0.0,0.0
275.06104,0.9821615,0.0,0.60521674,0.9821615,2018-12-19 03:00:00,0.0,0.0,0.0,0.0,0.0
274.80054,0.99604,0.0,0.91236305,0.99204403,2018-12-19 04:00:00,0.0,0.0,0.0,0.0,0.0
274.59497,0.98498976,0.0,0.8548074,0.9817399,2018-12-19 05:00:00,0.0,0.0,0.0,0.0,0.0
274.26807,0.97000116,0.0,0.45949978,0.9646303,2018-12-19 06:00:00,0.0,0.0,0.0,0.0,0.0
274.10254,0.9881534,0.0,0.70288485,0.9752209,2018-12-19 07:00:00,0.0,0.0,0.0,0.0,0.0
273.7234,0.9608875,0.0,0.8701017,0.93468094,2018-12-19 08:00:00,0.0,0.0,0.0,0.0,0.0
273.62207,0.96289074,0.0,0.8890544,0.8743682,2018-12-19 09:00:00,0.0,0.0,0.0,0.0,0.0
274.15015,0.9298314,0.0,0.9054034,0.647352,2018-12-19 10:00:00,0.0,0.0,0.0,0.0,0.0
274.2998,0.9603414,0.0,0.9381957,0.7248335,2018-12-19 11:00:00,0.0,0.0,0.0,0.0,0.0
274.51,0.9389945,0.0,0.918975,0.8189836,2018-12-19 12:00:00,0.0,0.0,0.0,0.0,0.0
274.43164,0.9830115,0.0,0.956555,0.9124542,2018-12-19 13:00:00,0.0,0.0,0.0,0.0,0.0
275.1565,0.97125846,0.0,0.9639014,0.9284735,2018-12-19 14:00:00,0.0,0.0,0.0,0.0,0.0
276.11572,0.96016425,0.04849226,0.9517794,0.76538306,2018-12-19 15:00:00,0.0,0.0,0.0,0.0,0.0
276.90625,0.96255916,0.10749608,0.95591664,0.16247052,2018-12-19 16:00:00,0.0,0.0,0.0,0.0,0.0
277.708,0.9592922,0.25294656,0.94912446,0.0,2018-12-19 17:00:00,1.0,0.0,0.0,0.0,0.0
277.87646,0.95361686,0.79284346,0.8461882,0.0015890491,2018-12-19 18:00:00,0.0,0.0,0.0,0.0,0.0
277.261,0.9957922,0.9957922,0.43254566,0.0039600097,2018-12-19 19:00:00,1.0,0.0,0.0,0.0,0.0
277.1858,0.98473865,0.98473865,0.12663805,0.014790475,2018-12-19 20:00:00,1.0,1.9099144e-07,0.0,0.0,9.549569e-08
276.8916,0.9978792,0.9973536,0.092612505,0.06488305,2018-12-19 21:00:00,1.0,1.7548082e-06,0.0,0.0,1.2965547e-06
276.12134,0.99736434,0.99736434,0.06938177,0.38544673,2018-12-19 22:00:00,1.0,3.6416386e-06,0.0,0.0,3.2602975e-06
275.8689,0.99153167,0.98522,0.01194058,0.5255824,2018-12-19 23:00:00,1.0,2.555942e-06,0.0,0.0,3.051363e-06
275.26904,0.986593,0.91590905,0.0016249504,0.85594815,2018-12-20 00:00:00,1.0,4.615831e-06,0.0,0.0,4.3485697e-06
274.82373,0.9717928,0.7678691,0.060875773,0.9063306,2018-12-20 01:00:00,1.0,1.9073486e-06,0.0,0.0,2.079114e-06
274.6233,0.87020797,0.48212075,0.42022008,0.6917578,2018-12-20 02:00:00,1.0,5.3452317e-07,0.0,0.0,5.3452317e-07
274.1543,0.9230366,0.33052087,0.10769659,0.8521838,2018-12-20 03:00:00,1.0,1.2972059e-06,0.0,0.0,9.158646e-07
274.0603,0.96854025,0.12479979,0.24500525,0.9447084,2018-12-20 04:00:00,1.0,3.1263507e-06,0.0,0.0,2.7635933e-06
273.99854,0.9726693,0.07683241,0.37589854,0.9658628,2018-12-20 05:00:00,1.0,2.4982655e-06,0.0,0.0,2.3264993e-06
273.813,0.9803054,0.057632364,0.2453115,0.97692716,2018-12-20 06:00:00,1.0,6.826317e-06,0.0,0.0,6.826317e-06
273.85645,0.99604,0.16955638,0.039693784,0.98893285,2018-12-20 07:00:00,8.0,3.813414e-07,0.0,0.0,3.813414e-07
274.1494,0.9387919,0.6348506,0.111364126,0.87891036,2018-12-20 08:00:00,1.0,8.767626e-07,0.0,0.0,8.767626e-07
274.50415,1.0,0.8888866,0.45574945,0.98156625,2018-12-20 09:00:00,1.0,1.258104e-06,0.0,0.0,1.258104e-06
274.56396,0.9966217,0.9620513,0.87117845,0.97593695,2018-12-20 10:00:00,1.0,4.2769316e-05,6.640922e-06,0.0,4.267381e-05
274.7107,1.0,1.0,0.9084891,0.97562295,2018-12-20 11:00:00,7.0,0.00022083655,7.085316e-05,0.0,0.00022083655
274.7666,1.0,1.0,0.97030175,0.9800109,2018-12-20 12:00:00,7.0,0.00030420022,0.00013288378,0.0,0.00030446728
274.87036,1.0,1.0,0.9614105,0.9402333,2018-12-20 13:00:00,7.0,0.0003248516,0.00015279643,0.0,0.00032460294
274.8462,1.0,1.0,0.9873881,0.9256917,2018-12-20 14:00:00,6.0,0.00033832458,0.00020177629,0.0,0.00033832458
274.5459,1.0,1.0,1.0,0.967605,2018-12-20 15:00:00,6.0,0.00035855547,0.00025784434,0.0,0.00035796454
274.30298,1.0,1.0,0.9802234,0.9589257,2018-12-20 16:00:00,6.0,0.0003273622,0.00025793212,0.0,0.0003274763
274.5022,1.0,1.0,0.933863,0.9431025,2018-12-20 17:00:00,6.0,0.00018960655,0.00013743037,1.5253562e-07,0.00018951105
274.39233,0.99946827,0.99946827,0.6953563,0.9179095,2018-12-20 18:00:00,6.0,7.690137e-05,5.4470875e-05,1.9099144e-07,7.653861e-05
274.0891,1.0,1.0,0.45575452,0.8872876,2018-12-20 19:00:00,6.0,2.3627072e-05,2.3677305e-05,0.0,2.3627072e-05
273.92114,1.0,1.0,0.2691605,0.7468378,2018-12-20 20:00:00,6.0,9.727056e-06,9.67242e-06,0.0,9.727056e-06
273.66968,0.9966217,0.9966217,0.20171869,0.16498953,2018-12-20 21:00:00,6.0,1.0876211e-06,1.1806333e-06,0.0,1.0876211e-06
272.8579,0.99451786,0.99451786,0.0033782488,0.0,2018-12-20 22:00:00,5.0,4.0056705e-07,5.149699e-07,0.0,4.0056705e-07
272.54785,1.0,1.0,0.0,0.0,2018-12-20 23:00:00,5.0,1.0491694e-06,9.060868e-07,0.0,1.0491694e-06
272.54956,1.0,1.0,0.0,0.0,2018-12-21 00:00:00,5.0,2.0028438e-06,1.9693553e-06,0.0,2.0028438e-06
272.23267,0.99675006,0.99675006,0.0,0.0,2018-12-21 01:00:00,5.0,4.5972465e-06,4.5730494e-06,0.0,4.7113263e-06
271.7964,0.99627113,0.99627113,0.0,0.0,2018-12-21 02:00:00,5.0,3.96787e-06,3.953771e-06,0.0,3.96787e-06
270.78662,1.0,1.0,0.0,0.0,2018-12-21 03:00:00,5.0,2.250229e-06,2.0690923e-06,0.0,2.250229e-06
270.79517,0.9899067,0.9899067,0.0,0.0,2018-12-21 04:00:00,5.0,1.7548082e-06,1.8452556e-06,0.0,1.7548082e-06
270.59155,0.9750074,0.9750074,0.0,0.0,2018-12-21 05:00:00,5.0,1.4875468e-06,1.5473124e-06,0.0,1.4875468e-06
270.29102,0.9899067,0.9899067,0.0,0.0,2018-12-21 06:00:00,5.0,1.3920508e-06,1.5542009e-06,0.0,1.3920508e-06
270.1687,1.0,1.0,0.0,0.0,2018-12-21 07:00:00,5.0,4.0056705e-07,6.079009e-07,0.0,4.0056705e-07
270.25757,0.9970973,0.9970973,0.0,0.0,2018-12-21 08:00:00,5.0,1.6400863e-06,1.2393557e-06,0.0,1.2587452e-06
269.71997,1.0,1.0,0.0,0.0,2018-12-21 09:00:00,5.0,9.549569e-08,2.1462483e-07,0.0,9.549569e-08
269.23047,0.99525803,0.99525803,0.0,0.0,2018-12-21 10:00:00,5.0,0.0,5.7281632e-08,0.0,0.0
269.34473,1.0,1.0,0.0,0.0,2018-12-21 11:00:00,5.0,0.0,5.7281632e-08,0.0,0.0
269.28857,1.0,1.0,0.0,0.0,2018-12-21 12:00:00,5.0,0.0,0.0,0.0,0.0
269.17432,0.9875391,0.9875391,0.0,0.0,2018-12-21 13:00:00,5.0,0.0,3.3407698e-08,0.0,0.0
268.7754,0.9661548,0.9661548,0.0,0.0,2018-12-21 14:00:00,5.0,0.0,0.0,0.0,0.0
268.44067,0.9237007,0.9237007,0.0,0.0,2018-12-21 15:00:00,5.0,0.0,0.0,0.0,0.0
268.42383,0.790374,0.790374,0.0,0.0,2018-12-21 16:00:00,0.0,0.0,0.0,0.0,0.0
268.64795,0.20770478,0.20770478,0.0,0.0,2018-12-21 17:00:00,0.0,0.0,0.0,0.0,0.0
268.72583,0.0,0.0,0.0,0.0,2018-12-21 18:00:00,0.0,0.0,0.0,0.0,0.0
268.9536,0.013206877,0.0057492107,0.0,0.007457666,2018-12-21 19:00:00,0.0,0.0,0.0,0.0,0.0
268.95874,0.47047067,0.023687128,0.035160173,0.44840848,2018-12-21 20:00:00,0.0,0.0,0.0,0.0,0.0
269.13745,0.9057244,0.00737416,0.5561778,0.89143366,2018-12-21 21:00:00,0.0,0.0,0.0,0.0,0.0
268.51562,1.0,0.0,0.5828127,0.99604,2018-12-21 22:00:00,0.0,0.0,0.0,0.0,0.0
268.48535,1.0,0.0,0.27350557,0.9966217,2018-12-21 23:00:00,0.0,0.0,0.0,0.0,0.0
268.1892,0.6300845,0.0,0.5128253,0.3383636,2018-12-22 00:00:00,0.0,0.0,0.0,0.0,0.0
268.52417,0.98136884,0.0,0.94153416,0.95542586,2018-12-22 01:00:00,0.0,0.0,0.0,0.0,0.0
268.33252,1.0,0.0,1.0,0.98999023,2018-12-22 02:00:00,0.0,0.0,0.0,0.0,0.0
268.78564,1.0,0.0,1.0,0.9867931,2018-12-22 03:00:00,0.0,0.0,0.0,0.0,0.0
268.98804,1.0,0.0,1.0,0.98173654,2018-12-22 04:00:00,5.0,0.0,0.0,0.0,0.0
269.13257,1.0,0.0,1.0,0.9805333,2018-12-22 05:00:00,5.0,0.0,8.107537e-08,0.0,0.0
269.0127,0.96250904,0.0,0.96250904,0.5377262,2018-12-22 06:00:00,5.0,9.72258e-07,1.1273596e-06,0.0,9.72258e-07
269.24316,0.9316991,0.0,0.9316991,0.06735492,2018-12-22 07:00:00,5.0,2.2489457e-06,2.0033967e-06,0.0,1.9816844e-06
269.61108,0.4437598,0.0,0.4437598,0.0,2018-12-22 08:00:00,0.0,9.908417e-07,9.0039487e-07,0.0,8.767626e-07
268.78247,0.23452425,0.0,0.23452425,0.0,2018-12-22 09:00:00,0.0,0.0,1.42599745e-08,0.0,0.0
268.08936,0.27698678,0.002103883,0.2748829,0.0,2018-12-22 10:00:00,0.0,0.0,0.0,0.0,0.0
268.19263,0.6902365,0.008468319,0.6897048,0.0,2018-12-22 11:00:00,5.0,0.0,3.3407698e-08,0.0,0.0
268.6006,0.90988487,0.113321185,0.9088214,0.0,2018-12-22 12:00:00,5.0,1.8317287e-06,2.0397074e-06,0.0,1.8317287e-06
268.89355,0.98527604,0.46546674,0.98527604,0.0,2018-12-22 13:00:00,5.0,1.4956311e-05,1.523038e-05,0.0,1.52235725e-05
268.96973,0.9904384,0.9431733,0.9700205,0.12388307,2018-12-22 14:00:00,5.0,2.8185925e-05,2.8079288e-05,0.0,2.8185925e-05
269.29907,0.9372044,0.9182755,0.7854294,0.085528314,2018-12-22 15:00:00,5.0,2.0364227e-05,2.0330175e-05,0.0,2.0364227e-05
269.69263,0.89832366,0.8556862,0.47715604,0.21886313,2018-12-22 16:00:00,5.0,9.608494e-06,9.551374e-06,0.0,9.608494e-06
270.07764,0.9393453,0.8224093,0.16535586,0.62195134,2018-12-22 17:00:00,5.0,4.2896e-06,4.442217e-06,0.0,4.2896e-06
270.2229,0.98122716,0.95750815,0.10092175,0.71116126,2018-12-22 18:00:00,5.0,7.2089597e-06,7.1521617e-06,0.0,7.09488e-06
270.4392,0.9885124,0.96620524,0.3617357,0.6192593,2018-12-22 19:00:00,5.0,1.0892286e-05,1.0987539e-05,0.0,1.0892286e-05
270.89966,0.9966217,0.96689004,0.75606877,0.5642163,2018-12-22 20:00:00,5.0,1.6670718e-05,1.673025e-05,0.0,1.7052065e-05
271.13574,0.97404987,0.96161073,0.26586783,0.4712702,2018-12-22 21:00:00,5.0,8.885564e-06,8.950218e-06,0.0,8.943251e-06
271.21655,0.96149784,0.9591342,0.10318768,0.029001191,2018-12-22 22:00:00,5.0,2.8026952e-06,2.9647645e-06,0.0,3.01227e-06
271.5547,0.9630313,0.96140635,0.10647303,0.010066014,2018-12-22 23:00:00,5.0,3.4891073e-06,3.4509721e-06,0.0,3.5846033e-06
271.71704,0.6646946,0.6518322,0.11164749,0.0031780982,2018-12-23 00:00:00,5.0,1.9823265e-06,2.0874368e-06,0.0,1.9823265e-06
271.67505,0.48766732,0.48766732,0.013471484,0.0,2018-12-23 01:00:00,5.0,5.9091695e-07,6.051769e-07,0.0,5.9091695e-07
271.46118,0.1735645,0.15089923,0.059792798,0.0,2018-12-23 02:00:00,0.0,0.0,8.812458e-08,0.0,0.0
271.36792,0.4855857,0.22703815,0.45955873,0.0,2018-12-23 03:00:00,5.0,0.0,0.0,0.0,0.0
271.42407,0.99841094,0.9931373,0.96345085,0.0,2018-12-23 04:00:00,5.0,3.396838e-06,3.3895467e-06,2.0028352e-07,3.205846e-06
272.12134,0.97713095,0.95261985,0.93204063,0.0,2018-12-23 05:00:00,5.0,3.8630926e-05,3.837826e-05,0.0,3.8630926e-05
272.39258,0.7947556,0.69656545,0.735133,0.0,2018-12-23 06:00:00,5.0,8.4670566e-05,8.465606e-05,0.0,8.488014e-05
272.35303,0.3293903,0.23106015,0.2942978,0.0,2018-12-23 07:00:00,5.0,5.3456853e-05,5.3197204e-05,0.0,5.3342766e-05
271.9917,0.098153114,0.049596082,0.09134656,0.0,2018-12-23 08:00:00,5.0,1.09043995e-05,1.0856651e-05,0.0,1.09043995e-05
271.23022,0.0037288337,0.0037288337,0.0,0.0,2018-12-23 09:00:00,5.0,1.372825e-06,1.4678371e-06,0.0,1.1055636e-06
270.43164,0.015147623,0.015147623,0.0,0.0,2018-12-23 10:00:00,5.0,0.0,1.8602464e-07,0.0,0.0
270.2754,0.38669914,0.38669914,0.0033782488,0.0,2018-12-23 11:00:00,5.0,1.4696134e-06,1.6602835e-06,0.0,1.8509545e-06
270.4038,0.8568962,0.8563645,0.06409019,0.0,2018-12-23 12:00:00,5.0,7.0974465e-06,7.1496797e-06,4.579323e-07,6.734689e-06
270.5564,0.9602676,0.9602676,0.06844568,0.0,2018-12-23 13:00:00,5.0,8.06712e-06,7.833348e-06,6.957047e-07,6.9993657e-06
270.2356,0.81599593,0.8143538,0.06123731,0.0,2018-12-23 14:00:00,5.0,1.2640009e-05,1.2482665e-05,1.4292236e-06,1.109606e-05
269.67896,0.88443714,0.88443714,0.057926174,0.0,2018-12-23 15:00:00,5.0,2.2994529e-05,2.2727749e-05,4.954212e-07,2.2422842e-05
269.29004,0.922866,0.922866,0.0,0.0,2018-12-23 16:00:00,5.0,2.3644388e-05,2.3448913e-05,0.0,2.3644388e-05
269.2329,0.90512836,0.90512836,0.0,0.0,2018-12-23 17:00:00,5.0,5.9104523e-06,5.696391e-06,0.0,5.682293e-06
269.13525,0.82538056,0.82538056,0.0,0.0,2018-12-23 18:00:00,5.0,2.1733176e-06,2.4117362e-06,0.0,2.3828934e-06
269.1062,0.67941344,0.6619988,0.099232554,0.0,2018-12-23 19:00:00,5.0,0.0,2.8519953e-08,0.0,0.0
269.12012,0.7619861,0.74542534,0.25786132,0.0,2018-12-23 20:00:00,5.0,0.0,2.86006e-07,0.0,3.813414e-07
268.97485,0.7636993,0.7537173,0.24075556,0.0,2018-12-23 21:00:00,5.0,2.1162823e-06,1.9781655e-06,0.0,2.2117783e-06
268.05176,0.75299925,0.7513572,0.06533885,0.0,2018-12-23 22:00:00,5.0,2.8796067e-06,3.1012005e-06,0.0,2.8796067e-06
268.04956,0.69456273,0.69456273,0.04117047,0.0,2018-12-23 23:00:00,5.0,2.1169235e-06,2.0666112e-06,0.0,2.0214284e-06
267.80762,0.76492745,0.7599209,0.05298354,0.0,2018-12-24 00:00:00,5.0,1.658671e-06,1.4132029e-06,0.0,1.658671e-06
267.7378,0.65425915,0.65425915,0.0044917315,0.0,2018-12-24 01:00:00,5.0,9.908417e-07,1.1150196e-06,0.0,1.0863378e-06
267.33618,0.53441024,0.53441024,0.0,0.0,2018-12-24 02:00:00,5.0,6.0950106e-07,6.2656744e-07,0.0,4.954212e-07
266.93286,0.4559468,0.4559468,0.0,0.0,2018-12-24 03:00:00,5.0,3.813414e-07,3.2157521e-07,0.0,3.813414e-07
266.6438,0.02846947,0.02846947,0.0,0.0,2018-12-24 04:00:00,0.0,0.0,6.192761e-08,0.0,0.0
266.20093,0.0,0.0,0.0,0.0,2018-12-24 05:00:00,0.0,0.0,0.0,0.0,0.0
265.12427,0.0,0.0,0.0,0.0,2018-12-24 06:00:00,0.0,0.0,0.0,0.0,0.0
264.34497,0.10000968,0.0,0.0,0.10000968,2018-12-24 07:00:00,0.0,0.0,0.0,0.0,0.0
264.25342,0.75715065,0.0,0.0,0.75715065,2018-12-24 08:00:00,0.0,0.0,0.0,0.0,0.0
263.6394,0.733484,0.0,0.02441629,0.7292763,2018-12-24 09:00:00,0.0,0.0,0.0,0.0,0.0
262.99927,0.5633182,0.0,0.47206914,0.34993243,2018-12-24 10:00:00,0.0,0.0,0.0,0.0,0.0
262.8186,0.54604214,0.0,0.5259596,0.08222979,2018-12-24 11:00:00,0.0,0.0,0.0,0.0,0.0
262.97437,0.8973754,0.0,0.8973754,0.0,2018-12-24 12:00:00,0.0,0.0,0.0,0.0,0.0
263.46948,0.9374735,0.0,0.9374735,0.0,2018-12-24 13:00:00,0.0,0.0,0.0,0.0,0.0
263.58984,0.85464996,0.0,0.85464996,0.0,2018-12-24 14:00:00,0.0,0.0,0.0,0.0,0.0
265.05322,0.810108,0.0,0.810108,0.0,2018-12-24 15:00:00,0.0,0.0,0.0,0.0,0.0
265.87378,0.833309,0.0,0.833309,0.0,2018-12-24 16:00:00,0.0,0.0,0.0,0.0,0.0
266.66797,0.7104014,0.0,0.7104014,0.0,2018-12-24 17:00:00,0.0,0.0,0.0,0.0,0.0
267.3921,0.78282386,0.0,0.78282386,0.0,2018-12-24 18:00:00,0.0,0.0,0.0,0.0,0.0
268.09302,0.75419813,0.0,0.75419813,0.0,2018-12-24 19:00:00,0.0,0.0,0.0,0.0,0.0
268.65625,0.17644197,0.0,0.17644197,0.0,2018-12-24 20:00:00,0.0,0.0,0.0,0.0,0.0
269.5598,0.0048919544,0.0,0.0048919544,0.0,2018-12-24 21:00:00,0.0,0.0,0.0,0.0,0.0
268.58496,0.12541717,0.0,0.12541717,0.0,2018-12-24 22:00:00,0.0,0.0,0.0,0.0,0.0
267.50928,0.0021207693,0.0,0.0021207693,0.0,2018-12-24 23:00:00,0.0,0.0,0.0,0.0,0.0
267.3379,0.016129907,0.0,0.016129907,0.0,2018-12-25 00:00:00,0.0,0.0,0.0,0.0,0.0
267.44336,0.15395504,0.0,0.15395504,0.0,2018-12-25 01:00:00,0.0,0.0,0.0,0.0,0.0
267.17334,0.25302064,0.0,0.25302064,0.0,2018-12-25 02:00:00,0.0,0.0,0.0,0.0,0.0
266.63306,0.10214496,0.0,0.10214496,0.0,2018-12-25 03:00:00,0.0,0.0,0.0,0.0,0.0
266.8203,0.042638034,0.0,0.042638034,0.0,2018-12-25 04:00:00,0.0,0.0,0.0,0.0,0.0
266.76782,0.19132698,0.0,0.19132698,0.0,2018-12-25 05:00:00,0.0,0.0,0.0,0.0,0.0
265.72266,0.24789762,0.0,0.24789762,0.0,2018-12-25 06:00:00,0.0,0.0,0.0,0.0,0.0
265.83813,0.004260551,0.00053172023,0.0037288337,0.0,2018-12-25 07:00:00,0.0,0.0,0.0,0.0,0.0
265.70752,0.0096591,0.004767146,0.0032499009,0.0016249504,2018-12-25 08:00:00,0.0,0.0,0.0,0.0,0.0
265.51733,0.04166138,0.016909383,0.025283717,0.0,2018-12-25 09:00:00,0.0,0.0,0.0,0.0,0.0
266.6892,0.16506058,0.07962799,0.09517473,0.0,2018-12-25 10:00:00,0.0,0.0,1.1936965e-08,0.0,0.0
266.7837,0.19501263,0.1451577,0.06534344,0.0,2018-12-25 11:00:00,0.0,0.0,3.5810903e-08,0.0,0.0
267.1394,0.3222661,0.23645604,0.12278271,0.0,2018-12-25 12:00:00,5.0,9.549569e-08,7.394476e-08,0.0,9.549569e-08
267.6233,0.4750269,0.44030732,0.1374197,0.0,2018-12-25 13:00:00,5.0,9.549569e-08,1.1928944e-07,0.0,9.549569e-08
267.7937,0.48342478,0.45429194,0.04131275,0.0642342,2018-12-25 14:00:00,5.0,9.549569e-08,1.6936036e-07,0.0,9.549569e-08
268.61743,0.6075045,0.5937299,0.031191777,0.0032499009,2018-12-25 15:00:00,5.0,9.549569e-08,2.2423876e-07,0.0,3.3391427e-07
269.09473,0.8308682,0.7759487,0.21089894,0.0,2018-12-25 16:00:00,5.0,3.627573e-07,3.3383412e-07,0.0,3.3391427e-07
269.74536,0.90313196,0.87468505,0.18712997,0.0,2018-12-25 17:00:00,5.0,4.7683716e-07,4.7683716e-07,0.0,4.7683716e-07
270.02002,0.915598,0.915598,0.01173529,0.0,2018-12-25 18:00:00,5.0,4.7683716e-07,4.529632e-07,0.0,4.7683716e-07
270.47778,0.9193527,0.9193527,0.0,0.0,2018-12-25 19:00:00,5.0,1.6977729e-06,1.5475589e-06,0.0,1.6977729e-06
270.55884,0.9074991,0.9009265,0.019736186,0.0,2018-12-25 20:00:00,5.0,1.5445912e-06,1.4970847e-06,0.0,1.5445912e-06
270.89502,0.9218927,0.9218927,0.010519415,0.0,2018-12-25 21:00:00,5.0,9.536743e-07,8.6066194e-07,0.0,9.536743e-07
270.63306,0.952552,0.95148855,0.009534292,0.0,2018-12-25 22:00:00,5.0,4.7683716e-07,5.9853096e-07,0.0,4.7683716e-07
270.74243,0.9505744,0.9505744,0.00998199,0.0,2018-12-25 23:00:00,5.0,1.7554585e-06,1.6053264e-06,0.0,1.7554585e-06
270.86987,0.9463509,0.9463509,0.0067320913,0.0,2018-12-26 00:00:00,5.0,1.2587452e-06,1.0773665e-06,0.0,1.2587452e-06
271.13794,0.8995135,0.8995135,0.0,0.0,2018-12-26 01:00:00,5.0,0.0,1.7160318e-07,0.0,0.0
271.03442,0.86380047,0.86380047,0.0,0.0,2018-12-26 02:00:00,5.0,0.0,1.1936965e-08,0.0,0.0
271.03735,0.8724011,0.8724011,0.0,0.0,2018-12-26 03:00:00,5.0,0.0,4.7667676e-08,0.0,0.0
270.92578,0.825823,0.825823,0.0,0.0,2018-12-26 04:00:00,5.0,9.549569e-08,1.02626245e-07,0.0,9.549569e-08
270.78223,0.8221888,0.74438477,0.0,0.23791754,2018-12-26 05:00:00,5.0,3.627573e-07,2.8873114e-07,0.0,3.627573e-07
270.365,0.83545804,0.70673424,0.0,0.36302477,2018-12-26 06:00:00,5.0,0.0,0.0,0.0,0.0
269.94287,0.58312935,0.5658844,0.0,0.028970398,2018-12-26 07:00:00,5.0,0.0,1.8354012e-07,0.0,0.0
269.37134,0.47261983,0.47261983,0.0,0.0,2018-12-26 08:00:00,5.0,0.0,9.773851e-08,0.0,0.0
268.70703,0.33754706,0.33754706,0.0036929322,0.0,2018-12-26 09:00:00,5.0,0.0,3.8133912e-08,0.0,0.0
268.37866,0.5152589,0.35316694,0.32941955,0.012712393,2018-12-26 10:00:00,5.0,0.0,1.1936965e-08,0.0,0.0
268.21216,0.364349,0.36272407,0.0016249504,0.0,2018-12-26 11:00:00,5.0,0.0,0.0,0.0,0.0
268.17944,0.8317605,0.3308187,0.1119647,0.81476015,2018-12-26 12:00:00,5.0,0.0,2.3873934e-08,0.0,0.0
267.99854,0.9932679,0.46194267,0.33615947,0.9800116,2018-12-26 13:00:00,5.0,0.0,2.3873934e-08,0.0,0.0
268.50952,0.9966217,0.60595685,0.06384003,0.9966217,2018-12-26 14:00:00,5.0,0.0,3.8133912e-08,0.0,0.0
269.48535,0.97953266,0.4558038,0.021055717,0.94824654,2018-12-26 15:00:00,5.0,0.0,1.1936965e-08,0.0,0.0
270.48584,1.0,0.4827845,0.823581,0.99001795,2018-12-26 16:00:00,5.0,0.0,4.5344667e-08,0.0,0.0
271.47925,1.0,0.32971215,1.0,0.5185376,2018-12-26 17:00:00,5.0,5.537488e-07,6.633441e-07,0.0,5.537488e-07
272.0835,1.0,0.33262604,1.0,0.9816332,2018-12-26 18:00:00,5.0,3.7403606e-06,3.7976424e-06,0.0,3.7403606e-06
272.4878,1.0,0.5258572,1.0,0.99604,2018-12-26 19:00:00,5.0,6.8418565e-05,6.8337584e-05,0.0,6.8418565e-05
273.02832,1.0,0.5056683,1.0,0.84936726,2018-12-26 20:00:00,5.0,0.00010587722,0.000106206484,0.0,0.00010614448
273.2749,1.0,0.3541528,1.0,0.7254108,2018-12-26 21:00:00,5.0,8.3954204e-05,8.398993e-05,0.0,8.3954204e-05
272.9651,1.0,0.010290984,0.9899677,1.0,2018-12-26 22:00:00,5.0,4.0895233e-05,4.083819e-05,0.0,4.0895233e-05
272.74316,1.0,0.04810887,0.94649374,1.0,2018-12-26 23:00:00,5.0,7.4012432e-06,7.282034e-06,0.0,7.4012432e-06
272.8213,1.0,0.16370648,0.8526535,1.0,2018-12-27 00:00:00,5.0,5.4573684e-06,5.4429465e-06,0.0,5.4573684e-06
273.08057,1.0,0.07302177,0.8009408,1.0,2018-12-27 01:00:00,5.0,2.4218141e-05,2.4149005e-05,0.0,2.4218141e-05
273.27148,1.0,0.025643867,0.9898396,1.0,2018-12-27 02:00:00,5.0,0.00022893869,0.00022901496,0.0,0.00022893869
273.43994,1.0,0.02354334,1.0,1.0,2018-12-27 03:00:00,5.0,0.00095544895,0.00095547293,0.0,0.00095543964
273.42627,1.0,0.7793314,1.0,1.0,2018-12-27 04:00:00,5.0,0.0018273038,0.0018274325,0.0,0.0018273038
273.72632,1.0,1.0,1.0,1.0,2018-12-27 05:00:00,5.0,0.0020665645,0.0020658963,0.0,0.0020665645
273.6809,1.0,1.0,1.0,1.0,2018-12-27 06:00:00,6.0,0.0020530005,0.0020424435,1.7284721e-05,0.0020357156
273.85815,1.0,1.0,1.0,1.0,2018-12-27 07:00:00,6.0,0.0014237908,0.0012197124,0.0,0.0014237908
274.1543,1.0,1.0,1.0,1.0,2018-12-27 08:00:00,7.0,0.0014253713,0.0006009864,0.0,0.0014253713
274.75708,1.0,1.0,1.0,1.0,2018-12-27 09:00:00,7.0,0.0013278774,0.00032467442,9.549569e-08,0.0013277819
275.08398,1.0,1.0,1.0,1.0,2018-12-27 10:00:00,7.0,0.001651003,0.00030279811,0.0,0.001651003
275.16724,1.0,1.0,1.0,1.0,2018-12-27 11:00:00,7.0,0.0017900479,0.0002922963,0.0,0.0017900479
275.2473,1.0,1.0,1.0,1.0,2018-12-27 12:00:00,1.0,0.001216634,3.6070982e-05,0.0,0.001216634
275.31958,1.0,1.0,1.0,1.0,2018-12-27 13:00:00,1.0,0.0011870188,0.0,0.0,0.0011868093
275.3286,1.0,1.0,1.0,1.0,2018-12-27 14:00:00,1.0,0.0013099883,0.0,3.676586e-06,0.001306378
275.54688,1.0,1.0,1.0,1.0,2018-12-27 15:00:00,1.0,0.0013739916,0.0,4.8877104e-05,0.0013250182
275.71167,1.0,1.0,1.0,1.0,2018-12-27 16:00:00,1.0,0.0010136415,0.0,0.0,0.0010136415
275.5691,1.0,1.0,1.0,1.0,2018-12-27 17:00:00,1.0,0.0006653562,0.0,0.0,0.0006653748
275.43628,1.0,1.0,1.0,1.0,2018-12-27 18:00:00,1.0,0.00050829607,0.0,0.0,0.00050829607
275.44385,1.0,1.0,1.0,0.8563004,2018-12-27 19:00:00,1.0,0.0014283233,0.0,0.0,0.0014284949
275.3977,1.0,1.0,0.9989426,0.55200857,2018-12-27 20:00:00,1.0,0.001772189,0.0,0.0,0.001771922
275.4038,1.0,1.0,0.99841094,0.4676637,2018-12-27 21:00:00,1.0,0.0019313067,0.0,5.7639045e-05,0.0018735058
274.81787,1.0,1.0,0.9945763,0.8094676,2018-12-27 22:00:00,1.0,0.0016359938,0.0,0.0001570754,0.001478909
274.71533,1.0,1.0,0.99164295,0.57689947,2018-12-27 23:00:00,1.0,0.001000002,0.0,0.00022730885,0.00077279797
274.76147,1.0,1.0,1.0,0.8980223,2018-12-28 00:00:00,1.0,0.0014768785,0.0,0.00029514986,0.0011821005
274.59277,1.0,1.0,0.99604,0.9978433,2018-12-28 01:00:00,1.0,0.0016952658,0.0,0.00037020096,0.0013251218
274.33472,1.0,1.0,0.97826606,0.99258035,2018-12-28 02:00:00,1.0,0.0011239003,0.0,0.00019708002,0.00092692603
273.7185,1.0,1.0,0.973354,0.9899592,2018-12-28 03:00:00,6.0,0.0010107378,9.554601e-05,0.00018075903,0.0008303798
273.4253,1.0,1.0,0.8984355,0.9883449,2018-12-28 04:00:00,6.0,0.00066137104,0.00024341924,8.992312e-05,0.0005715336
273.4817,1.0,1.0,0.86519545,0.99258035,2018-12-28 05:00:00,6.0,0.0004887781,0.00041318056,0.0,0.0004887781
273.13184,1.0,1.0,0.9694154,0.929057,2018-12-28 06:00:00,6.0,0.00032052165,0.00028743967,0.0,0.00032052165
273.7378,1.0,1.0,0.99946827,0.9478752,2018-12-28 07:00:00,5.0,0.00028373697,0.00028230622,0.0,0.00028358377
273.05005,1.0,1.0,0.9978961,0.91813445,2018-12-28 08:00:00,5.0,0.00025345408,0.00025310577,0.0,0.00025297725
271.44727,0.99946827,0.99736434,0.9970973,0.604949,2018-12-28 09:00:00,5.0,0.00021045431,0.00021042099,0.0,0.00021035882
269.71313,1.0,0.97752875,0.98522997,0.82263887,2018-12-28 10:00:00,5.0,0.00014286136,0.00014286584,0.0,0.00014280368
269.5083,0.99946827,0.9727733,0.9236398,0.9093179,2018-12-28 11:00:00,5.0,7.923182e-05,7.9312726e-05,0.0,7.944139e-05
269.12402,1.0,1.0,0.732511,0.95874345,2018-12-28 12:00:00,5.0,5.680193e-05,5.6720703e-05,0.0,5.680193e-05
268.64795,1.0,0.9916152,0.8156431,0.9687151,2018-12-28 13:00:00,5.0,6.0350663e-05,6.0255334e-05,0.0,6.0350663e-05
268.04688,1.0,1.0,0.9590164,0.9850399,2018-12-28 14:00:00,5.0,5.737813e-05,5.7564146e-05,0.0,5.737813e-05
266.84106,0.9966217,0.87543327,0.93160504,0.6574822,2018-12-28 15:00:00,5.0,3.300303e-05,3.326565e-05,0.0,3.300303e-05
266.312,0.98700404,0.9622011,0.3484459,0.38688755,2018-12-28 16:00:00,5.0,1.8621009e-05,1.8735416e-05,0.0,1.8621009e-05
266.0171,1.0,0.9949467,0.2174471,0.44487363,2018-12-28 17:00:00,5.0,1.3201466e-05,1.3221177e-05,0.0,1.3201466e-05
265.84863,1.0,0.99525803,0.13624346,0.36443084,2018-12-28 18:00:00,5.0,4.1210515e-06,4.2281617e-06,0.0,4.3306263e-06
265.5869,0.9952328,0.9868758,0.08723295,0.5631879,2018-12-28 19:00:00,5.0,3.357085e-06,3.4074792e-06,0.0,3.357085e-06
265.40137,1.0,0.9868732,0.23025966,0.91520935,2018-12-28 20:00:00,5.0,1.1632492e-06,1.0632684e-06,0.0,1.1632492e-06
265.2024,0.99393946,0.90314215,0.3608402,0.9439314,2018-12-28 21:00:00,5.0,9.549569e-08,4.030527e-07,0.0,9.549569e-08
264.35742,0.99946827,0.9618341,0.31833053,0.9595762,2018-12-28 22:00:00,5.0,4.5825306e-07,4.222806e-07,0.0,4.5825306e-07
264.08862,1.0,0.92612475,0.21562976,0.9802309,2018-12-28 23:00:00,5.0,1.2401615e-06,1.0924323e-06,0.0,1.2401615e-06
263.87695,0.99001795,0.8937627,0.09900969,0.9600192,2018-12-29 00:00:00,5.0,1.2978471e-06,1.3596937e-06,0.0,1.2978471e-06
263.2124,0.985126,0.64676785,0.031255372,0.9597588,2018-12-29 01:00:00,5.0,3.627573e-07,4.6754508e-07,0.0,3.627573e-07
262.6267,0.9172521,0.2982865,0.012186784,0.9129745,2018-12-29 02:00:00,5.0,9.549569e-08,1.1456325e-07,0.0,9.549569e-08
261.42065,0.6666612,0.16470003,0.0,0.6164826,2018-12-29 03:00:00,5.0,0.0,9.06893e-08,0.0,0.0
261.0857,0.3943575,0.08319199,0.0,0.3536188,2018-12-29 04:00:00,5.0,0.0,2.3873934e-08,0.0,0.0
260.45972,0.19765848,0.07031971,0.0,0.14604855,2018-12-29 05:00:00,0.0,0.0,0.0,0.0,0.0
258.55664,0.024795633,0.013165794,0.0,0.012155447,2018-12-29 06:00:00,0.0,0.0,0.0,0.0,0.0
256.89355,0.013731286,0.012136124,0.0,0.0015890491,2018-12-29 07:00:00,0.0,0.0,0.0,0.0,0.0
255.49365,0.010021467,0.010021467,0.0,0.0,2018-12-29 08:00:00,0.0,0.0,0.0,0.0,0.0
256.1355,0.0052650943,0.0052650943,0.0,0.0,2018-12-29 09:00:00,0.0,0.0,0.0,0.0,0.0
260.88965,0.0026356035,0.0026356035,0.0,0.0,2018-12-29 10:00:00,0.0,0.0,0.0,0.0,0.0
260.69507,0.0,0.0,0.0,0.0,2018-12-29 11:00:00,0.0,0.0,0.0,0.0,0.0
260.49463,0.0,0.0,0.0,0.0,2018-12-29 12:00:00,0.0,0.0,0.0,0.0,0.0
260.24487,0.0057968125,0.0057968125,0.0,0.0,2018-12-29 13:00:00,0.0,0.0,0.0,0.0,0.0
260.2434,0.13896435,0.026312478,0.0,0.11476189,2018-12-29 14:00:00,5.0,0.0,0.0,0.0,0.0
258.41968,0.4001013,0.03740205,0.0,0.380323,2018-12-29 15:00:00,5.0,0.0,0.0,0.0,0.0
260.1145,0.44368356,0.18156022,0.0,0.28022063,2018-12-29 16:00:00,5.0,0.0,0.0,0.0,0.0
260.91992,0.46411973,0.4405477,0.0,0.025675904,2018-12-29 17:00:00,5.0,0.0,0.0,0.0,0.0
261.40845,0.63969934,0.63969934,0.0,0.002103883,2018-12-29 18:00:00,5.0,0.0,0.0,0.0,0.0
261.58228,0.81968135,0.81968135,0.0,0.0,2018-12-29 19:00:00,5.0,0.0,0.0,0.0,0.0
262.04956,0.76553833,0.76553833,0.0,0.0,2018-12-29 20:00:00,5.0,0.0,0.0,0.0,0.0
262.8003,0.15274906,0.15274906,0.0,0.0,2018-12-29 21:00:00,0.0,0.0,0.0,0.0,0.0
262.27832,0.3012342,0.24616516,0.0,0.05504462,2018-12-29 22:00:00,0.0,0.0,0.0,0.0,0.0
261.62158,0.2908749,0.0,0.008141857,0.2908749,2018-12-29 23:00:00,0.0,0.0,0.0,0.0,0.0
261.94507,0.351184,0.004741922,0.1298384,0.3445559,2018-12-30 00:00:00,0.0,0.0,0.0,0.0,0.0
262.13452,0.58537835,0.0,0.5239982,0.41395885,2018-12-30 01:00:00,0.0,0.0,0.0,0.0,0.0
262.50317,0.87575763,0.0,0.87575763,0.007388301,2018-12-30 02:00:00,0.0,0.0,0.0,0.0,0.0
263.53076,0.7606274,0.0,0.7606274,0.0,2018-12-30 03:00:00,0.0,0.0,0.0,0.0,0.0
263.6079,0.50712806,0.0,0.50712806,0.0,2018-12-30 04:00:00,0.0,0.0,0.0,0.0,0.0
263.8252,0.20231962,0.0,0.20231962,0.0,2018-12-30 05:00:00,0.0,0.0,0.0,0.0,0.0
263.96143,0.19292068,0.0,0.12975109,0.08897358,2018-12-30 06:00:00,5.0,0.0,0.0,0.0,0.0
263.93823,0.5624737,0.0,0.43210423,0.4646387,2018-12-30 07:00:00,5.0,0.0,0.0,0.0,0.0
264.26025,0.7898485,0.0048919544,0.7560324,0.20191532,2018-12-30 08:00:00,5.0,0.0,0.0,0.0,0.0
264.87134,0.5051933,0.027463783,0.46147364,0.13152498,2018-12-30 09:00:00,5.0,0.0,0.0,0.0,0.0
265.69092,0.54950297,0.029567666,0.46014434,0.37195438,2018-12-30 10:00:00,5.0,0.0,0.0,0.0,0.0
266.11182,0.4947517,0.069309115,0.46817905,0.02403216,2018-12-30 11:00:00,5.0,0.0,0.0,0.0,0.0
266.32446,0.776496,0.05792439,0.71487296,0.40098417,2018-12-30 12:00:00,5.0,0.0,4.7667676e-08,0.0,0.0
266.73853,0.84525466,0.0836069,0.5620398,0.702959,2018-12-30 13:00:00,5.0,2.173968e-06,2.1287042e-06,0.0,2.173968e-06
266.95312,0.7108997,0.055650186,0.67848116,0.11177254,2018-12-30 14:00:00,5.0,4.4235567e-06,4.528828e-06,0.0,4.309477e-06
268.02026,0.84717387,0.126162,0.82166535,0.0065922476,2018-12-30 15:00:00,5.0,4.191511e-07,8.818096e-07,0.0,8.9598825e-07
269.20996,0.9397783,0.13688374,0.9392466,0.0033782488,2018-12-30 16:00:00,5.0,0.0,0.0,0.0,0.0
269.99878,0.9681726,0.20684457,0.9681726,0.0,2018-12-30 17:00:00,5.0,0.0,0.0,0.0,0.0
270.64648,0.90967184,0.45475966,0.9025819,0.05286782,2018-12-30 18:00:00,5.0,0.0,0.0,0.0,0.0
271.0559,0.78088564,0.05422604,0.6678591,0.29369098,2018-12-30 19:00:00,5.0,0.0,0.0,0.0,0.0
271.58716,0.9081969,0.046558607,0.49608743,0.8529047,2018-12-30 20:00:00,0.0,0.0,0.0,0.0,0.0
272.70972,0.87259066,0.007388301,0.25990856,0.8403837,2018-12-30 21:00:00,0.0,0.0,0.0,0.0,0.0
272.20093,0.84619063,0.0,0.09609902,0.84619063,2018-12-30 22:00:00,0.0,0.0,0.0,0.0,0.0
271.7693,0.8556619,0.0,0.26734632,0.84120506,2018-12-30 23:00:00,0.0,0.0,0.0,0.0,0.0
271.3186,0.97735244,0.0,0.881733,0.8655594,2018-12-31 00:00:00,0.0,0.0,0.0,0.0,0.0
271.3811,0.9872938,0.0,0.9825543,0.73667204,2018-12-31 01:00:00,0.0,0.0,0.0,0.0,0.0
271.56348,0.97037375,0.0,0.953067,0.71332246,2018-12-31 02:00:00,0.0,0.0,0.0,0.0,0.0
271.97534,0.96357936,0.0,0.95620185,0.6043059,2018-12-31 03:00:00,8.0,3.813414e-07,0.0,3.2430148e-07,0.0
272.07422,0.9657109,0.0,0.95681757,0.88860345,2018-12-31 04:00:00,5.0,1.1831262e-06,5.4878313e-07,5.915631e-07,5.3452317e-07
272.31006,0.95993644,0.0,0.93701977,0.90540206,2018-12-31 05:00:00,5.0,8.413254e-06,8.454033e-06,0.0,8.50875e-06
272.44238,0.930813,0.0,0.91085637,0.83530706,2018-12-31 06:00:00,5.0,1.9970146e-05,1.9946761e-05,0.0,1.9970146e-05
272.48584,0.7275404,0.0,0.68534935,0.55746263,2018-12-31 07:00:00,5.0,1.9458084e-06,1.8121782e-06,0.0,1.9458084e-06
272.41675,0.74167526,0.0,0.6865659,0.4531781,2018-12-31 08:00:00,5.0,3.7384361e-06,3.7099162e-06,0.0,3.7384361e-06
271.82153,0.6413838,0.0,0.6275449,0.15313637,2018-12-31 09:00:00,5.0,1.4503876e-06,1.5457226e-06,0.0,1.4503876e-06
270.46582,0.3569808,0.0,0.34361327,0.058219176,2018-12-31 10:00:00,5.0,5.3452317e-07,8.971201e-07,0.0,8.017848e-07
270.19214,0.44599485,0.0,0.44599485,0.0,2018-12-31 11:00:00,5.0,5.3452317e-07,2.6726156e-07,0.0,2.6726156e-07
269.27563,0.8325141,0.03453591,0.8250945,0.0074196346,2018-12-31 12:00:00,5.0,2.6726156e-07,2.6726156e-07,0.0,2.6726156e-07
269.34668,0.7367609,0.044892896,0.41550153,0.35207695,2018-12-31 13:00:00,5.0,2.6726156e-07,2.9578155e-07,0.0,2.6726156e-07
269.52832,0.96395034,0.1448384,0.119250536,0.9459304,2018-12-31 14:00:00,5.0,5.3452317e-07,4.294123e-07,0.0,5.3452317e-07
269.24097,0.86333656,0.22160721,0.1559729,0.7521697,2018-12-31 15:00:00,5.0,5.3452317e-07,1.049495e-06,0.0,1.2972059e-06
269.83887,1.0,0.5612741,0.70025367,1.0,2018-12-31 16:00:00,5.0,2.9007751e-06,2.9433932e-06,0.0,2.9007751e-06
270.22656,1.0,0.7618909,0.22425151,1.0,2018-12-31 17:00:00,5.0,5.495187e-06,5.6382705e-06,0.0,5.495187e-06
270.47095,1.0,0.89823437,0.40573555,1.0,2018-12-31 18:00:00,5.0,8.815114e-06,8.567243e-06,0.0,8.815114e-06
270.59375,1.0,0.9862746,0.82000476,1.0,2018-12-31 19:00:00,5.0,4.7922265e-05,4.7726455e-05,0.0,4.7922265e-05
270.47363,1.0,0.99525803,0.9799493,1.0,2018-12-31 20:00:00,5.0,0.00016403853,0.00016415278,0.0,0.00016403853
269.59082,1.0,1.0,0.980551,1.0,2018-12-31 21:00:00,5.0,0.00026928098,0.00026923814,0.0,0.00026928098
268.19287,1.0,0.9626529,0.9978961,0.998375,2018-12-31 22:00:00,5.0,0.00024486613,0.0002447327,0.0,0.0002446943
267.6963,1.0,0.85407937,0.968042,0.9747072,2018-12-31 23:00:00,5.0,0.00019301775,0.00019286787,0.0,0.00019280818
